llama-perplexity --version
version: 10016 (5eec79824)
built with GNU 13.4.0 for Linux x86_64
------------------------------
llama-perplexity --kl-divergence-base /tmp/logits.dat --ctx-size 2048 -f sample-data/wiki.test.raw -hf prism-ml/Ternary-Bonsai-27B-gguf:Q2_g64 -fa on -ngl 99 -ctk f16 -ctv f16
0.01.091.948 W common_fit_params: failed to fit params to free device memory: n_gpu_layers already set by user to 99, abort
0.03.311.882 I 
0.03.311.959 I system_info: n_threads = 16 (n_threads_batch = 16) / 32 | CUDA : ARCHS = 500,610,700,750,800,860,890,900 | USE_GRAPHS = 1 | FA_ALL_QUANTS = 1 | CPU : SSE3 = 1 | SSSE3 = 1 | AVX = 1 | AVX2 = 1 | F16C = 1 | FMA = 1 | BMI2 = 1 | LLAMAFILE = 1 | OPENMP = 1 | REPACK = 1 | 
0.03.312.027 I perplexity: saving all logits to /tmp/logits.dat
0.03.312.028 I perplexity: tokenizing the input ..
0.03.878.035 I perplexity: tokenization took 565.997 ms
0.03.878.223 I perplexity: calculating perplexity over 145 chunks, n_ctx=2048, batch_size=2048, n_seq=1
0.06.863.467 I perplexity: 2.51 seconds per pass - ETA 6.07 minutes
[1]9.9534,[2]10.8267,[3]10.8672,[4]11.2419,[5]11.4884,[6]9.8837,[7]9.0826,[8]8.8768,[9]9.4378,[10]9.4872,[11]9.6122,[12]9.9439,[13]9.9430,[14]9.9369,[15]9.8901,[16]10.1492,[17]10.2206,[18]10.2951,[19]10.3120,[20]10.0625,[21]10.0656,[22]10.1180,[23]10.1195,[24]10.1902,[25]10.2305,[26]10.1870,[27]10.4924,[28]10.5444,[29]10.4847,[30]10.4051,[31]10.2681,[32]10.1177,[33]10.0856,[34]10.0149,[35]10.0114,[36]10.0065,[37]9.8359,[38]9.7362,[39]9.6017,[40]9.4319,[41]9.3475,[42]9.4105,[43]9.6151,[44]9.7689,[45]9.8206,[46]9.8980,[47]9.9338,[48]9.9314,[49]9.9768,[50]9.9159,[51]9.9408,[52]9.8478,[53]9.8650,[54]9.8217,[55]9.7335,[56]9.7131,[57]9.6016,[58]9.5549,[59]9.5193,[60]9.4660,[61]9.5247,[62]9.5439,[63]9.5759,[64]9.6560,[65]9.5912,[66]9.6155,[67]9.6152,[68]9.5932,[69]9.5688,[70]9.5544,[71]9.5463,[72]9.6513,[73]9.7031,[74]9.7542,[75]9.7232,[76]9.7463,[77]9.7442,[78]9.7142,[79]9.7704,[80]9.7835,[81]9.8193,[82]9.7418,[83]9.7165,[84]9.6928,[85]9.6579,[86]9.6753,[87]9.6331,[88]9.6205,[89]9.6301,[90]9.6481,[91]9.7242,[92]9.8047,[93]9.8510,[94]9.8829,[95]9.9256,[96]9.9931,[97]10.0635,[98]10.0544,[99]10.0672,[100]10.0931,[101]10.0620,[102]10.0703,[103]10.0741,[104]10.0987,[105]10.0964,[106]10.0940,[107]10.1153,[108]10.1155,[109]10.1534,[110]10.1908,[111]10.1691,[112]10.1741,[113]10.1416,[114]10.1811,[115]10.2061,[116]10.2054,[117]10.2308,[118]10.2162,[119]10.1849,[120]10.2052,[121]10.1994,[122]10.1799,[123]10.1587,[124]10.1786,[125]10.2088,[126]10.1857,[127]10.1922,[128]10.1641,[129]10.1486,[130]10.1470,[131]10.1511,[132]10.1456,[133]10.1692,[134]10.1893,[135]10.1699,[136]10.1317,[137]10.0754,[138]10.1023,[139]10.1218,[140]10.1878,[141]10.1842,[142]10.1831,[143]10.1810,[144]10.2077,[145]10.1990,
5.47.681.116 I Final estimate: PPL = 10.1990 +/- 0.07649

------------------------------
llama-perplexity --kl-divergence-base /tmp/logits.dat --ctx-size 2048 -f sample-data/wiki.test.raw -hf prism-ml/Ternary-Bonsai-27B-gguf:Q2_g64 -fa on -ngl 99 -ctk f16 -ctv q8_0 --kl-divergence
0.01.039.859 W common_fit_params: failed to fit params to free device memory: n_gpu_layers already set by user to 99, abort
0.03.688.376 I 
0.03.688.445 I system_info: n_threads = 16 (n_threads_batch = 16) / 32 | CUDA : ARCHS = 500,610,700,750,800,860,890,900 | USE_GRAPHS = 1 | FA_ALL_QUANTS = 1 | CPU : SSE3 = 1 | SSSE3 = 1 | AVX = 1 | AVX2 = 1 | F16C = 1 | FMA = 1 | BMI2 = 1 | LLAMAFILE = 1 | OPENMP = 1 | REPACK = 1 | 
0.03.922.807 I kl_divergence: computing over 145 chunks, n_ctx=2048, batch_size=2048, n_seq=1
0.06.480.735 I kl_divergence: 2.56 seconds per pass - ETA 6.17 minutes

chunk             PPL               ln(PPL(Q)/PPL(base))          KL Divergence              Δp RMS            Same top p
   1       9.9372 ±    0.9193      -0.00094 ±    0.00103       0.00032 ±    0.00007     0.411 ±  0.027 %    99.218 ±  0.276 %
   2      10.8199 ±    0.6936      -0.00027 ±    0.00063       0.00026 ±    0.00004     0.380 ±  0.017 %    99.120 ±  0.206 %
   3      10.8653 ±    0.5630       0.00005 ±    0.00048       0.00024 ±    0.00002     0.371 ±  0.014 %    99.120 ±  0.169 %
   4      11.2382 ±    0.5190      -0.00016 ±    0.00040       0.00023 ±    0.00002     0.377 ±  0.013 %    99.145 ±  0.144 %
   5      11.4892 ±    0.4818       0.00044 ±    0.00043       0.00024 ±    0.00001     0.389 ±  0.012 %    99.101 ±  0.132 %
   6       9.8886 ±    0.3677       0.00081 ±    0.00039       0.00026 ±    0.00001     0.436 ±  0.020 %    99.137 ±  0.118 %
   7       9.0896 ±    0.3092       0.00124 ±    0.00043       0.00028 ±    0.00001     0.463 ±  0.018 %    99.064 ±  0.114 %
   8       8.8838 ±    0.2794       0.00123 ±    0.00039       0.00027 ±    0.00001     0.456 ±  0.016 %    99.120 ±  0.103 %
   9       9.4450 ±    0.2823       0.00116 ±    0.00036       0.00028 ±    0.00001     0.452 ±  0.015 %    99.120 ±  0.097 %
  10       9.4936 ±    0.2704       0.00146 ±    0.00046       0.00027 ±    0.00001     0.447 ±  0.014 %    99.130 ±  0.092 %
  11       9.6193 ±    0.2613       0.00146 ±    0.00043       0.00027 ±    0.00001     0.437 ±  0.013 %    99.120 ±  0.088 %
  12       9.9513 ±    0.2603       0.00166 ±    0.00048       0.00026 ±    0.00001     0.429 ±  0.012 %    99.161 ±  0.082 %
  13       9.9510 ±    0.2496       0.00166 ±    0.00044       0.00026 ±    0.00001     0.425 ±  0.011 %    99.188 ±  0.078 %
  14       9.9439 ±    0.2394       0.00150 ±    0.00042       0.00025 ±    0.00001     0.424 ±  0.011 %    99.190 ±  0.075 %
  15       9.8965 ±    0.2295       0.00138 ±    0.00039       0.00025 ±    0.00001     0.420 ±  0.010 %    99.198 ±  0.072 %
  16      10.1559 ±    0.2287       0.00136 ±    0.00037       0.00025 ±    0.00001     0.417 ±  0.010 %    99.187 ±  0.070 %
  17      10.2272 ±    0.2235       0.00130 ±    0.00035       0.00025 ±    0.00001     0.414 ±  0.009 %    99.206 ±  0.067 %
  18      10.3008 ±    0.2185       0.00122 ±    0.00034       0.00025 ±    0.00001     0.411 ±  0.009 %    99.196 ±  0.066 %
  19      10.3162 ±    0.2150       0.00153 ±    0.00041       0.00027 ±    0.00001     0.415 ±  0.009 %    99.187 ±  0.064 %
  20      10.0662 ±    0.2036       0.00143 ±    0.00039       0.00027 ±    0.00001     0.414 ±  0.008 %    99.198 ±  0.062 %
  21      10.0692 ±    0.1984       0.00138 ±    0.00038       0.00027 ±    0.00001     0.412 ±  0.008 %    99.195 ±  0.061 %
  22      10.1223 ±    0.1954       0.00143 ±    0.00036       0.00027 ±    0.00001     0.412 ±  0.008 %    99.218 ±  0.059 %
  23      10.1234 ±    0.1906       0.00135 ±    0.00035       0.00027 ±    0.00001     0.409 ±  0.008 %    99.214 ±  0.058 %
  24      10.1931 ±    0.1882       0.00124 ±    0.00034       0.00027 ±    0.00001     0.411 ±  0.007 %    99.238 ±  0.055 %
  25      10.2333 ±    0.1852       0.00118 ±    0.00033       0.00027 ±    0.00001     0.408 ±  0.007 %    99.257 ±  0.054 %
  26      10.1900 ±    0.1806       0.00118 ±    0.00032       0.00026 ±    0.00001     0.406 ±  0.007 %    99.259 ±  0.053 %
  27      10.4954 ±    0.1840       0.00116 ±    0.00031       0.00027 ±    0.00001     0.404 ±  0.007 %    99.258 ±  0.052 %
  28      10.5472 ±    0.1816       0.00111 ±    0.00030       0.00027 ±    0.00001     0.402 ±  0.007 %    99.267 ±  0.050 %
  29      10.4874 ±    0.1771       0.00108 ±    0.00029       0.00026 ±    0.00001     0.400 ±  0.006 %    99.275 ±  0.049 %
  30      10.4082 ±    0.1724       0.00112 ±    0.00028       0.00026 ±    0.00001     0.398 ±  0.006 %    99.277 ±  0.048 %
  31      10.2714 ±    0.1671       0.00112 ±    0.00027       0.00026 ±    0.00001     0.397 ±  0.006 %    99.275 ±  0.048 %
  32      10.1210 ±    0.1617       0.00115 ±    0.00027       0.00026 ±    0.00001     0.398 ±  0.006 %    99.276 ±  0.047 %
  33      10.0889 ±    0.1589       0.00114 ±    0.00027       0.00026 ±    0.00001     0.400 ±  0.006 %    99.265 ±  0.046 %
  34      10.0182 ±    0.1550       0.00113 ±    0.00026       0.00026 ±    0.00001     0.398 ±  0.006 %    99.267 ±  0.046 %
  35      10.0144 ±    0.1528       0.00108 ±    0.00025       0.00026 ±    0.00001     0.398 ±  0.006 %    99.265 ±  0.045 %
  36      10.0095 ±    0.1506       0.00104 ±    0.00025       0.00026 ±    0.00001     0.399 ±  0.006 %    99.264 ±  0.045 %
  37       9.8384 ±    0.1454       0.00099 ±    0.00024       0.00026 ±    0.00001     0.400 ±  0.006 %    99.268 ±  0.044 %
  38       9.7387 ±    0.1417       0.00096 ±    0.00023       0.00026 ±    0.00001     0.404 ±  0.006 %    99.277 ±  0.043 %
  39       9.6038 ±    0.1373       0.00091 ±    0.00023       0.00026 ±    0.00001     0.404 ±  0.006 %    99.281 ±  0.042 %
  40       9.4341 ±    0.1327       0.00091 ±    0.00022       0.00026 ±    0.00001     0.404 ±  0.006 %    99.284 ±  0.042 %
  41       9.3496 ±    0.1295       0.00089 ±    0.00022       0.00026 ±    0.00001     0.406 ±  0.006 %    99.266 ±  0.042 %
  42       9.4123 ±    0.1291       0.00089 ±    0.00022       0.00026 ±    0.00001     0.405 ±  0.005 %    99.258 ±  0.041 %
  43       9.6169 ±    0.1312       0.00094 ±    0.00022       0.00026 ±    0.00001     0.406 ±  0.006 %    99.250 ±  0.041 %
  44       9.7707 ±    0.1322       0.00098 ±    0.00023       0.00026 ±    0.00001     0.404 ±  0.005 %    99.254 ±  0.041 %
  45       9.8228 ±    0.1315       0.00100 ±    0.00023       0.00026 ±    0.00001     0.404 ±  0.005 %    99.255 ±  0.040 %
  46       9.9002 ±    0.1312       0.00101 ±    0.00022       0.00026 ±    0.00001     0.404 ±  0.005 %    99.258 ±  0.040 %
  47       9.9359 ±    0.1303       0.00098 ±    0.00022       0.00026 ±    0.00001     0.403 ±  0.005 %    99.266 ±  0.039 %
  48       9.9335 ±    0.1287       0.00096 ±    0.00022       0.00026 ±    0.00001     0.402 ±  0.005 %    99.251 ±  0.039 %
  49       9.9785 ±    0.1280       0.00091 ±    0.00021       0.00026 ±    0.00001     0.401 ±  0.005 %    99.248 ±  0.039 %
  50       9.9177 ±    0.1258       0.00090 ±    0.00021       0.00026 ±    0.00001     0.401 ±  0.005 %    99.247 ±  0.038 %
  51       9.9427 ±    0.1249       0.00092 ±    0.00021       0.00026 ±    0.00001     0.399 ±  0.005 %    99.245 ±  0.038 %
  52       9.8496 ±    0.1224       0.00090 ±    0.00020       0.00026 ±    0.00001     0.398 ±  0.005 %    99.250 ±  0.037 %
  53       9.8672 ±    0.1217       0.00093 ±    0.00020       0.00026 ±    0.00001     0.400 ±  0.005 %    99.247 ±  0.037 %
  54       9.8238 ±    0.1199       0.00090 ±    0.00020       0.00026 ±    0.00001     0.401 ±  0.005 %    99.249 ±  0.037 %
  55       9.7354 ±    0.1175       0.00087 ±    0.00019       0.00026 ±    0.00001     0.401 ±  0.005 %    99.254 ±  0.036 %
  56       9.7154 ±    0.1162       0.00096 ±    0.00020       0.00026 ±    0.00001     0.400 ±  0.005 %    99.255 ±  0.036 %
  57       9.6038 ±    0.1136       0.00095 ±    0.00019       0.00026 ±    0.00001     0.400 ±  0.005 %    99.261 ±  0.035 %
  58       9.5574 ±    0.1119       0.00096 ±    0.00019       0.00026 ±    0.00001     0.400 ±  0.005 %    99.262 ±  0.035 %
  59       9.5217 ±    0.1104       0.00094 ±    0.00019       0.00025 ±    0.00001     0.399 ±  0.005 %    99.266 ±  0.035 %
  60       9.4682 ±    0.1088       0.00091 ±    0.00018       0.00025 ±    0.00001     0.398 ±  0.005 %    99.270 ±  0.034 %
  61       9.5270 ±    0.1088       0.00090 ±    0.00018       0.00026 ±    0.00001     0.399 ±  0.005 %    99.263 ±  0.034 %
  62       9.5460 ±    0.1081       0.00088 ±    0.00018       0.00026 ±    0.00001     0.400 ±  0.005 %    99.268 ±  0.034 %
  63       9.5779 ±    0.1075       0.00086 ±    0.00018       0.00026 ±    0.00001     0.399 ±  0.005 %    99.269 ±  0.034 %
  64       9.6585 ±    0.1079       0.00089 ±    0.00018       0.00026 ±    0.00001     0.399 ±  0.005 %    99.268 ±  0.033 %
  65       9.5938 ±    0.1062       0.00090 ±    0.00017       0.00026 ±    0.00001     0.399 ±  0.005 %    99.268 ±  0.033 %
  66       9.6180 ±    0.1057       0.00088 ±    0.00017       0.00026 ±    0.00001     0.399 ±  0.005 %    99.262 ±  0.033 %
  67       9.6175 ±    0.1048       0.00085 ±    0.00017       0.00026 ±    0.00001     0.408 ±  0.009 %    99.262 ±  0.033 %
  68       9.5954 ±    0.1038       0.00083 ±    0.00017       0.00026 ±    0.00001     0.408 ±  0.009 %    99.257 ±  0.033 %
  69       9.5711 ±    0.1027       0.00083 ±    0.00017       0.00026 ±    0.00001     0.407 ±  0.009 %    99.258 ±  0.032 %
  70       9.5567 ±    0.1018       0.00085 ±    0.00016       0.00026 ±    0.00001     0.407 ±  0.009 %    99.263 ±  0.032 %
  71       9.5484 ±    0.1009       0.00082 ±    0.00016       0.00026 ±    0.00001     0.409 ±  0.009 %    99.259 ±  0.032 %
  72       9.6529 ±    0.1017       0.00077 ±    0.00016       0.00027 ±    0.00001     0.412 ±  0.009 %    99.257 ±  0.032 %
  73       9.7046 ±    0.1017       0.00075 ±    0.00016       0.00027 ±    0.00001     0.412 ±  0.008 %    99.257 ±  0.031 %
  74       9.7556 ±    0.1016       0.00073 ±    0.00016       0.00027 ±    0.00001     0.412 ±  0.008 %    99.258 ±  0.031 %
  75       9.7249 ±    0.1005       0.00075 ±    0.00016       0.00027 ±    0.00001     0.411 ±  0.008 %    99.253 ±  0.031 %
  76       9.7479 ±    0.1001       0.00074 ±    0.00015       0.00027 ±    0.00001     0.411 ±  0.008 %    99.245 ±  0.031 %
  77       9.7455 ±    0.0994       0.00069 ±    0.00015       0.00027 ±    0.00001     0.411 ±  0.008 %    99.245 ±  0.031 %
  78       9.7155 ±    0.0983       0.00069 ±    0.00015       0.00027 ±    0.00001     0.413 ±  0.008 %    99.246 ±  0.031 %
  79       9.7717 ±    0.0984       0.00068 ±    0.00015       0.00027 ±    0.00001     0.413 ±  0.008 %    99.240 ±  0.031 %
  80       9.7849 ±    0.0979       0.00068 ±    0.00015       0.00027 ±    0.00001     0.412 ±  0.008 %    99.244 ±  0.030 %
  81       9.8206 ±    0.0977       0.00066 ±    0.00015       0.00027 ±    0.00001     0.412 ±  0.008 %    99.241 ±  0.030 %
  82       9.7429 ±    0.0962       0.00065 ±    0.00015       0.00027 ±    0.00001     0.411 ±  0.008 %    99.243 ±  0.030 %
  83       9.7176 ±    0.0953       0.00064 ±    0.00014       0.00027 ±    0.00001     0.410 ±  0.008 %    99.246 ±  0.030 %
  84       9.6943 ±    0.0945       0.00067 ±    0.00014       0.00027 ±    0.00001     0.412 ±  0.008 %    99.241 ±  0.030 %
  85       9.6592 ±    0.0936       0.00066 ±    0.00014       0.00027 ±    0.00001     0.412 ±  0.008 %    99.242 ±  0.029 %
  86       9.6766 ±    0.0932       0.00065 ±    0.00014       0.00027 ±    0.00001     0.411 ±  0.007 %    99.240 ±  0.029 %
  87       9.6343 ±    0.0921       0.00064 ±    0.00014       0.00027 ±    0.00001     0.412 ±  0.007 %    99.243 ±  0.029 %
  88       9.6219 ±    0.0914       0.00065 ±    0.00014       0.00027 ±    0.00001     0.413 ±  0.007 %    99.245 ±  0.029 %
  89       9.6316 ±    0.0910       0.00067 ±    0.00014       0.00027 ±    0.00001     0.413 ±  0.007 %    99.248 ±  0.029 %
  90       9.6497 ±    0.0906       0.00068 ±    0.00014       0.00027 ±    0.00001     0.413 ±  0.007 %    99.247 ±  0.028 %
  91       9.7259 ±    0.0910       0.00069 ±    0.00014       0.00027 ±    0.00001     0.413 ±  0.007 %    99.243 ±  0.028 %
  92       9.8063 ±    0.0914       0.00066 ±    0.00014       0.00027 ±    0.00001     0.414 ±  0.007 %    99.247 ±  0.028 %
  93       9.8528 ±    0.0914       0.00068 ±    0.00013       0.00027 ±    0.00001     0.413 ±  0.007 %    99.244 ±  0.028 %
  94       9.8847 ±    0.0912       0.00067 ±    0.00013       0.00027 ±    0.00001     0.413 ±  0.007 %    99.245 ±  0.028 %
  95       9.9272 ±    0.0912       0.00066 ±    0.00013       0.00027 ±    0.00001     0.414 ±  0.007 %    99.248 ±  0.028 %
  96       9.9949 ±    0.0915       0.00068 ±    0.00013       0.00027 ±    0.00001     0.413 ±  0.007 %    99.246 ±  0.028 %
  97      10.0655 ±    0.0918       0.00068 ±    0.00013       0.00027 ±    0.00001     0.412 ±  0.007 %    99.242 ±  0.028 %
  98      10.0562 ±    0.0912       0.00069 ±    0.00013       0.00027 ±    0.00001     0.412 ±  0.007 %    99.244 ±  0.027 %
  99      10.0689 ±    0.0908       0.00067 ±    0.00013       0.00027 ±    0.00001     0.412 ±  0.007 %    99.239 ±  0.027 %
 100      10.0951 ±    0.0907       0.00069 ±    0.00013       0.00027 ±    0.00001     0.412 ±  0.007 %    99.239 ±  0.027 %
 101      10.0639 ±    0.0899       0.00068 ±    0.00013       0.00027 ±    0.00001     0.412 ±  0.007 %    99.243 ±  0.027 %
 102      10.0724 ±    0.0895       0.00069 ±    0.00013       0.00027 ±    0.00001     0.412 ±  0.007 %    99.244 ±  0.027 %
 103      10.0761 ±    0.0890       0.00068 ±    0.00013       0.00027 ±    0.00001     0.412 ±  0.007 %    99.244 ±  0.027 %
 104      10.1007 ±    0.0888       0.00068 ±    0.00012       0.00027 ±    0.00000     0.411 ±  0.007 %    99.240 ±  0.027 %
 105      10.0983 ±    0.0883       0.00066 ±    0.00012       0.00027 ±    0.00000     0.412 ±  0.007 %    99.243 ±  0.026 %
 106      10.0959 ±    0.0878       0.00068 ±    0.00013       0.00027 ±    0.00000     0.412 ±  0.007 %    99.243 ±  0.026 %
 107      10.1171 ±    0.0876       0.00066 ±    0.00012       0.00027 ±    0.00000     0.412 ±  0.007 %    99.244 ±  0.026 %
 108      10.1174 ±    0.0872       0.00066 ±    0.00012       0.00027 ±    0.00000     0.412 ±  0.007 %    99.243 ±  0.026 %
 109      10.1555 ±    0.0872       0.00068 ±    0.00012       0.00027 ±    0.00000     0.411 ±  0.006 %    99.240 ±  0.026 %
 110      10.1928 ±    0.0873       0.00067 ±    0.00012       0.00027 ±    0.00000     0.411 ±  0.006 %    99.240 ±  0.026 %
 111      10.1710 ±    0.0867       0.00066 ±    0.00012       0.00027 ±    0.00000     0.412 ±  0.006 %    99.242 ±  0.026 %
 112      10.1760 ±    0.0863       0.00065 ±    0.00012       0.00027 ±    0.00000     0.413 ±  0.006 %    99.243 ±  0.026 %
 113      10.1435 ±    0.0857       0.00065 ±    0.00012       0.00027 ±    0.00000     0.413 ±  0.006 %    99.245 ±  0.025 %
 114      10.1830 ±    0.0857       0.00064 ±    0.00012       0.00027 ±    0.00000     0.412 ±  0.006 %    99.243 ±  0.025 %
 115      10.2080 ±    0.0856       0.00064 ±    0.00012       0.00027 ±    0.00000     0.412 ±  0.006 %    99.244 ±  0.025 %
 116      10.2073 ±    0.0852       0.00064 ±    0.00012       0.00027 ±    0.00000     0.411 ±  0.006 %    99.246 ±  0.025 %
 117      10.2326 ±    0.0851       0.00064 ±    0.00012       0.00027 ±    0.00000     0.411 ±  0.006 %    99.244 ±  0.025 %
 118      10.2182 ±    0.0846       0.00064 ±    0.00012       0.00027 ±    0.00000     0.412 ±  0.006 %    99.245 ±  0.025 %
 119      10.1868 ±    0.0840       0.00068 ±    0.00012       0.00027 ±    0.00000     0.412 ±  0.006 %    99.248 ±  0.025 %
 120      10.2071 ±    0.0839       0.00077 ±    0.00014       0.00027 ±    0.00000     0.412 ±  0.006 %    99.247 ±  0.025 %
 121      10.2014 ±    0.0835       0.00078 ±    0.00014       0.00027 ±    0.00000     0.412 ±  0.006 %    99.248 ±  0.025 %
 122      10.1819 ±    0.0830       0.00078 ±    0.00014       0.00027 ±    0.00000     0.411 ±  0.006 %    99.250 ±  0.024 %
 123      10.1607 ±    0.0825       0.00078 ±    0.00014       0.00027 ±    0.00000     0.411 ±  0.006 %    99.248 ±  0.024 %
 124      10.1806 ±    0.0824       0.00078 ±    0.00014       0.00027 ±    0.00000     0.411 ±  0.006 %    99.250 ±  0.024 %
 125      10.2108 ±    0.0824       0.00077 ±    0.00013       0.00027 ±    0.00000     0.411 ±  0.006 %    99.247 ±  0.024 %
 126      10.1876 ±    0.0818       0.00077 ±    0.00013       0.00027 ±    0.00000     0.411 ±  0.006 %    99.247 ±  0.024 %
 127      10.1941 ±    0.0816       0.00076 ±    0.00013       0.00027 ±    0.00000     0.410 ±  0.006 %    99.250 ±  0.024 %
 128      10.1660 ±    0.0810       0.00075 ±    0.00013       0.00027 ±    0.00000     0.410 ±  0.006 %    99.247 ±  0.024 %
 129      10.1505 ±    0.0805       0.00075 ±    0.00013       0.00027 ±    0.00000     0.410 ±  0.006 %    99.247 ±  0.024 %
 130      10.1489 ±    0.0802       0.00075 ±    0.00013       0.00027 ±    0.00000     0.410 ±  0.006 %    99.251 ±  0.024 %
 131      10.1530 ±    0.0800       0.00074 ±    0.00013       0.00027 ±    0.00000     0.410 ±  0.006 %    99.253 ±  0.024 %
 132      10.1474 ±    0.0796       0.00074 ±    0.00013       0.00027 ±    0.00000     0.410 ±  0.006 %    99.256 ±  0.023 %
 133      10.1710 ±    0.0795       0.00074 ±    0.00013       0.00027 ±    0.00000     0.410 ±  0.005 %    99.258 ±  0.023 %
 134      10.1911 ±    0.0794       0.00074 ±    0.00013       0.00027 ±    0.00000     0.410 ±  0.005 %    99.260 ±  0.023 %
 135      10.1716 ±    0.0789       0.00073 ±    0.00013       0.00027 ±    0.00000     0.410 ±  0.005 %    99.261 ±  0.023 %
 136      10.1334 ±    0.0783       0.00072 ±    0.00013       0.00027 ±    0.00000     0.410 ±  0.005 %    99.260 ±  0.023 %
 137      10.0771 ±    0.0775       0.00071 ±    0.00013       0.00027 ±    0.00000     0.413 ±  0.006 %    99.261 ±  0.023 %
 138      10.1039 ±    0.0775       0.00070 ±    0.00013       0.00027 ±    0.00000     0.413 ±  0.006 %    99.261 ±  0.023 %
 139      10.1234 ±    0.0774       0.00070 ±    0.00012       0.00027 ±    0.00000     0.413 ±  0.006 %    99.262 ±  0.023 %
 140      10.1892 ±    0.0778       0.00069 ±    0.00012       0.00027 ±    0.00000     0.414 ±  0.006 %    99.257 ±  0.023 %
 141      10.1857 ±    0.0774       0.00070 ±    0.00012       0.00027 ±    0.00000     0.414 ±  0.006 %    99.257 ±  0.023 %
 142      10.1846 ±    0.0771       0.00069 ±    0.00012       0.00027 ±    0.00000     0.413 ±  0.006 %    99.261 ±  0.022 %
 143      10.1825 ±    0.0768       0.00069 ±    0.00012       0.00027 ±    0.00000     0.413 ±  0.006 %    99.261 ±  0.022 %
 144      10.2092 ±    0.0768       0.00068 ±    0.00012       0.00027 ±    0.00000     0.413 ±  0.006 %    99.257 ±  0.022 %
 145      10.2005 ±    0.0765       0.00068 ±    0.00012       0.00027 ±    0.00000     0.413 ±  0.006 %    99.258 ±  0.022 %

====== Perplexity statistics ======
Mean PPL(Q)                   :  10.200494 ±   0.076509
Mean PPL(base)                :  10.193553 ±   0.076375
Cor(ln(PPL(Q)), ln(PPL(base))):  99.99%
Mean ln(PPL(Q)/PPL(base))     :   0.000681 ±   0.000121
Mean PPL(Q)/PPL(base)         :   1.000681 ±   0.000121
Mean PPL(Q)-PPL(base)         :   0.006941 ±   0.001235

====== KL divergence statistics ======
Mean    KLD:   0.000274 ±   0.000004
Maximum KLD:   0.244532
99.9%   KLD:   0.009656
99.0%   KLD:   0.001948
95.0%   KLD:   0.000794
90.0%   KLD:   0.000535
Median  KLD:   0.000136
10.0%   KLD:   0.000003
 5.0%   KLD:  -0.000003
 1.0%   KLD:  -0.000030
 0.1%   KLD:  -0.000110
Minimum KLD:  -0.000390

====== Token probability statistics ======
Mean    Δp:  0.000 ± 0.001 %
Maximum Δp: 21.228%
99.9%   Δp:  2.580%
99.0%   Δp:  1.208%
95.0%   Δp:  0.581%
90.0%   Δp:  0.341%
75.0%   Δp:  0.072%
Median  Δp:  0.000%
25.0%   Δp: -0.072%
10.0%   Δp: -0.340%
 5.0%   Δp: -0.573%
 1.0%   Δp: -1.211%
 0.1%   Δp: -2.652%
Minimum Δp: -15.369%
RMS Δp    :  0.413 ± 0.006 %
Same top p: 99.258 ± 0.022 %

------------------------------
llama-perplexity --kl-divergence-base /tmp/logits.dat --ctx-size 2048 -f sample-data/wiki.test.raw -hf prism-ml/Ternary-Bonsai-27B-gguf:Q2_g64 -fa on -ngl 99 -ctk f16 -ctv q5_1 --kl-divergence
0.01.009.922 W common_fit_params: failed to fit params to free device memory: n_gpu_layers already set by user to 99, abort
0.03.269.362 I 
0.03.269.436 I system_info: n_threads = 16 (n_threads_batch = 16) / 32 | CUDA : ARCHS = 500,610,700,750,800,860,890,900 | USE_GRAPHS = 1 | FA_ALL_QUANTS = 1 | CPU : SSE3 = 1 | SSSE3 = 1 | AVX = 1 | AVX2 = 1 | F16C = 1 | FMA = 1 | BMI2 = 1 | LLAMAFILE = 1 | OPENMP = 1 | REPACK = 1 | 
0.03.518.900 I kl_divergence: computing over 145 chunks, n_ctx=2048, batch_size=2048, n_seq=1
0.06.108.677 I kl_divergence: 2.59 seconds per pass - ETA 6.25 minutes

chunk             PPL               ln(PPL(Q)/PPL(base))          KL Divergence              Δp RMS            Same top p
   1       9.9596 ±    0.9226       0.00132 ±    0.00131       0.00052 ±    0.00013     0.515 ±  0.038 %    99.316 ±  0.258 %
   2      10.8338 ±    0.6951       0.00101 ±    0.00082       0.00044 ±    0.00006     0.489 ±  0.023 %    99.169 ±  0.201 %
   3      10.8707 ±    0.5634       0.00055 ±    0.00062       0.00040 ±    0.00004     0.477 ±  0.019 %    99.185 ±  0.162 %
   4      11.2442 ±    0.5194       0.00038 ±    0.00052       0.00042 ±    0.00004     0.496 ±  0.019 %    99.120 ±  0.146 %
   5      11.4931 ±    0.4819       0.00079 ±    0.00051       0.00043 ±    0.00003     0.515 ±  0.018 %    99.003 ±  0.139 %
   6       9.8958 ±    0.3680       0.00154 ±    0.00046       0.00044 ±    0.00002     0.542 ±  0.018 %    98.990 ±  0.128 %
   7       9.0977 ±    0.3095       0.00214 ±    0.00049       0.00050 ±    0.00003     0.582 ±  0.019 %    98.939 ±  0.121 %
   8       8.8909 ±    0.2797       0.00203 ±    0.00044       0.00048 ±    0.00002     0.574 ±  0.017 %    98.986 ±  0.111 %
   9       9.4536 ±    0.2826       0.00206 ±    0.00041       0.00049 ±    0.00002     0.571 ±  0.017 %    98.946 ±  0.106 %
  10       9.5018 ±    0.2707       0.00232 ±    0.00050       0.00047 ±    0.00002     0.564 ±  0.016 %    98.915 ±  0.102 %
  11       9.6263 ±    0.2616       0.00219 ±    0.00046       0.00047 ±    0.00002     0.563 ±  0.016 %    98.907 ±  0.098 %
  12       9.9590 ±    0.2606       0.00244 ±    0.00051       0.00046 ±    0.00002     0.554 ±  0.015 %    98.941 ±  0.092 %
  13       9.9567 ±    0.2498       0.00223 ±    0.00047       0.00045 ±    0.00002     0.552 ±  0.014 %    98.902 ±  0.090 %
  14       9.9502 ±    0.2396       0.00213 ±    0.00045       0.00045 ±    0.00001     0.549 ±  0.013 %    98.876 ±  0.088 %
  15       9.9011 ±    0.2297       0.00185 ±    0.00042       0.00045 ±    0.00001     0.543 ±  0.013 %    98.892 ±  0.084 %
  16      10.1610 ±    0.2288       0.00185 ±    0.00040       0.00045 ±    0.00001     0.540 ±  0.012 %    98.864 ±  0.083 %
  17      10.2330 ±    0.2236       0.00186 ±    0.00038       0.00044 ±    0.00001     0.538 ±  0.012 %    98.867 ±  0.080 %
  18      10.3064 ±    0.2186       0.00176 ±    0.00037       0.00044 ±    0.00001     0.537 ±  0.011 %    98.881 ±  0.078 %
  19      10.3251 ±    0.2153       0.00239 ±    0.00044       0.00047 ±    0.00001     0.543 ±  0.011 %    98.889 ±  0.075 %
  20      10.0735 ±    0.2038       0.00216 ±    0.00042       0.00048 ±    0.00002     0.548 ±  0.011 %    98.900 ±  0.073 %
  21      10.0765 ±    0.1986       0.00210 ±    0.00041       0.00048 ±    0.00002     0.544 ±  0.010 %    98.901 ±  0.071 %
  22      10.1288 ±    0.1955       0.00208 ±    0.00039       0.00048 ±    0.00001     0.543 ±  0.010 %    98.907 ±  0.069 %
  23      10.1301 ±    0.1907       0.00201 ±    0.00038       0.00047 ±    0.00001     0.539 ±  0.010 %    98.942 ±  0.067 %
  24      10.2007 ±    0.1884       0.00198 ±    0.00037       0.00047 ±    0.00001     0.543 ±  0.009 %    98.965 ±  0.065 %
  25      10.2403 ±    0.1854       0.00187 ±    0.00036       0.00047 ±    0.00001     0.539 ±  0.009 %    98.976 ±  0.063 %
  26      10.1961 ±    0.1807       0.00177 ±    0.00034       0.00047 ±    0.00001     0.538 ±  0.009 %    98.985 ±  0.061 %
  27      10.5033 ±    0.1842       0.00192 ±    0.00034       0.00048 ±    0.00001     0.538 ±  0.009 %    98.990 ±  0.060 %
  28      10.5554 ±    0.1818       0.00189 ±    0.00032       0.00047 ±    0.00001     0.536 ±  0.008 %    99.005 ±  0.059 %
  29      10.4955 ±    0.1773       0.00185 ±    0.00032       0.00047 ±    0.00001     0.534 ±  0.008 %    99.002 ±  0.058 %
  30      10.4159 ±    0.1725       0.00186 ±    0.00031       0.00046 ±    0.00001     0.532 ±  0.008 %    99.013 ±  0.056 %
  31      10.2792 ±    0.1672       0.00188 ±    0.00030       0.00046 ±    0.00001     0.531 ±  0.008 %    99.013 ±  0.056 %
  32      10.1285 ±    0.1619       0.00189 ±    0.00030       0.00046 ±    0.00001     0.534 ±  0.008 %    99.016 ±  0.055 %
  33      10.0951 ±    0.1590       0.00176 ±    0.00029       0.00047 ±    0.00001     0.548 ±  0.014 %    99.011 ±  0.054 %
  34      10.0239 ±    0.1551       0.00169 ±    0.00028       0.00047 ±    0.00001     0.546 ±  0.013 %    99.005 ±  0.053 %
  35      10.0195 ±    0.1529       0.00158 ±    0.00028       0.00046 ±    0.00001     0.544 ±  0.013 %    98.995 ±  0.053 %
  36      10.0148 ±    0.1507       0.00157 ±    0.00027       0.00047 ±    0.00001     0.543 ±  0.013 %    98.990 ±  0.052 %
  37       9.8440 ±    0.1455       0.00155 ±    0.00026       0.00047 ±    0.00001     0.544 ±  0.012 %    99.001 ±  0.051 %
  38       9.7440 ±    0.1418       0.00150 ±    0.00026       0.00046 ±    0.00001     0.545 ±  0.012 %    99.020 ±  0.050 %
  39       9.6090 ±    0.1374       0.00145 ±    0.00025       0.00046 ±    0.00001     0.545 ±  0.012 %    99.035 ±  0.049 %
  40       9.4390 ±    0.1328       0.00142 ±    0.00025       0.00046 ±    0.00001     0.546 ±  0.011 %    99.044 ±  0.048 %
  41       9.3540 ±    0.1296       0.00135 ±    0.00024       0.00046 ±    0.00001     0.546 ±  0.011 %    99.044 ±  0.048 %
  42       9.4169 ±    0.1292       0.00137 ±    0.00024       0.00046 ±    0.00001     0.544 ±  0.011 %    99.048 ±  0.047 %
  43       9.6219 ±    0.1313       0.00145 ±    0.00025       0.00046 ±    0.00001     0.543 ±  0.011 %    99.047 ±  0.046 %
  44       9.7755 ±    0.1323       0.00146 ±    0.00025       0.00046 ±    0.00001     0.540 ±  0.011 %    99.040 ±  0.046 %
  45       9.8276 ±    0.1316       0.00149 ±    0.00025       0.00046 ±    0.00001     0.541 ±  0.010 %    99.040 ±  0.045 %
  46       9.9050 ±    0.1313       0.00150 ±    0.00025       0.00046 ±    0.00001     0.540 ±  0.010 %    99.044 ±  0.045 %
  47       9.9412 ±    0.1304       0.00151 ±    0.00024       0.00046 ±    0.00001     0.539 ±  0.010 %    99.050 ±  0.044 %
  48       9.9389 ±    0.1288       0.00151 ±    0.00024       0.00046 ±    0.00001     0.540 ±  0.010 %    99.043 ±  0.044 %
  49       9.9842 ±    0.1281       0.00148 ±    0.00023       0.00046 ±    0.00001     0.539 ±  0.010 %    99.040 ±  0.044 %
  50       9.9235 ±    0.1259       0.00149 ±    0.00023       0.00046 ±    0.00001     0.539 ±  0.009 %    99.036 ±  0.043 %
  51       9.9484 ±    0.1250       0.00149 ±    0.00023       0.00046 ±    0.00001     0.538 ±  0.010 %    99.042 ±  0.043 %
  52       9.8549 ±    0.1225       0.00143 ±    0.00022       0.00046 ±    0.00001     0.538 ±  0.009 %    99.045 ±  0.042 %
  53       9.8740 ±    0.1218       0.00161 ±    0.00022       0.00048 ±    0.00001     0.542 ±  0.009 %    99.034 ±  0.042 %
  54       9.8306 ±    0.1200       0.00159 ±    0.00022       0.00048 ±    0.00001     0.541 ±  0.009 %    99.039 ±  0.042 %
  55       9.7420 ±    0.1176       0.00155 ±    0.00021       0.00047 ±    0.00001     0.540 ±  0.009 %    99.047 ±  0.041 %
  56       9.7219 ±    0.1163       0.00163 ±    0.00022       0.00047 ±    0.00001     0.540 ±  0.009 %    99.045 ±  0.041 %
  57       9.6103 ±    0.1137       0.00163 ±    0.00021       0.00047 ±    0.00001     0.540 ±  0.009 %    99.048 ±  0.040 %
  58       9.5639 ±    0.1120       0.00164 ±    0.00021       0.00047 ±    0.00001     0.539 ±  0.009 %    99.043 ±  0.040 %
  59       9.5284 ±    0.1105       0.00164 ±    0.00021       0.00047 ±    0.00001     0.538 ±  0.008 %    99.047 ±  0.040 %
  60       9.4744 ±    0.1089       0.00157 ±    0.00020       0.00046 ±    0.00001     0.537 ±  0.008 %    99.057 ±  0.039 %
  61       9.5335 ±    0.1089       0.00159 ±    0.00020       0.00046 ±    0.00001     0.537 ±  0.008 %    99.050 ±  0.039 %
  62       9.5525 ±    0.1082       0.00156 ±    0.00020       0.00046 ±    0.00001     0.536 ±  0.008 %    99.056 ±  0.038 %
  63       9.5843 ±    0.1076       0.00153 ±    0.00020       0.00046 ±    0.00001     0.535 ±  0.008 %    99.050 ±  0.038 %
  64       9.6643 ±    0.1079       0.00149 ±    0.00019       0.00046 ±    0.00001     0.534 ±  0.008 %    99.044 ±  0.038 %
  65       9.5994 ±    0.1062       0.00148 ±    0.00019       0.00046 ±    0.00001     0.535 ±  0.008 %    99.042 ±  0.038 %
  66       9.6238 ±    0.1058       0.00149 ±    0.00019       0.00046 ±    0.00001     0.534 ±  0.008 %    99.034 ±  0.038 %
  67       9.6230 ±    0.1049       0.00142 ±    0.00019       0.00047 ±    0.00001     0.544 ±  0.013 %    99.027 ±  0.037 %
  68       9.6015 ±    0.1039       0.00146 ±    0.00019       0.00047 ±    0.00001     0.546 ±  0.012 %    99.020 ±  0.037 %
  69       9.5773 ±    0.1028       0.00148 ±    0.00018       0.00047 ±    0.00001     0.545 ±  0.012 %    99.018 ±  0.037 %
  70       9.5628 ±    0.1019       0.00149 ±    0.00018       0.00047 ±    0.00001     0.544 ±  0.012 %    99.017 ±  0.037 %
  71       9.5548 ±    0.1010       0.00148 ±    0.00018       0.00047 ±    0.00001     0.546 ±  0.012 %    99.007 ±  0.037 %
  72       9.6594 ±    0.1018       0.00144 ±    0.00018       0.00048 ±    0.00001     0.552 ±  0.012 %    98.995 ±  0.037 %
  73       9.7108 ±    0.1018       0.00138 ±    0.00018       0.00048 ±    0.00001     0.552 ±  0.012 %    99.005 ±  0.036 %
  74       9.7617 ±    0.1017       0.00136 ±    0.00018       0.00048 ±    0.00001     0.552 ±  0.012 %    98.996 ±  0.036 %
  75       9.7312 ±    0.1006       0.00140 ±    0.00018       0.00048 ±    0.00001     0.551 ±  0.012 %    98.991 ±  0.036 %
  76       9.7540 ±    0.1002       0.00136 ±    0.00017       0.00048 ±    0.00001     0.550 ±  0.011 %    98.983 ±  0.036 %
  77       9.7514 ±    0.0995       0.00130 ±    0.00017       0.00048 ±    0.00001     0.553 ±  0.011 %    98.978 ±  0.036 %
  78       9.7211 ±    0.0984       0.00127 ±    0.00017       0.00049 ±    0.00001     0.555 ±  0.011 %    98.979 ±  0.036 %
  79       9.7773 ±    0.0985       0.00126 ±    0.00017       0.00049 ±    0.00001     0.554 ±  0.011 %    98.973 ±  0.035 %
  80       9.7902 ±    0.0980       0.00123 ±    0.00017       0.00049 ±    0.00001     0.557 ±  0.011 %    98.969 ±  0.035 %
  81       9.8260 ±    0.0978       0.00121 ±    0.00017       0.00049 ±    0.00001     0.555 ±  0.011 %    98.971 ±  0.035 %
  82       9.7482 ±    0.0963       0.00120 ±    0.00016       0.00048 ±    0.00001     0.554 ±  0.011 %    98.972 ±  0.035 %
  83       9.7229 ±    0.0954       0.00119 ±    0.00016       0.00048 ±    0.00001     0.553 ±  0.011 %    98.972 ±  0.035 %
  84       9.6990 ±    0.0946       0.00115 ±    0.00016       0.00048 ±    0.00001     0.553 ±  0.011 %    98.967 ±  0.034 %
  85       9.6639 ±    0.0936       0.00115 ±    0.00016       0.00048 ±    0.00001     0.553 ±  0.011 %    98.970 ±  0.034 %
  86       9.6814 ±    0.0932       0.00114 ±    0.00016       0.00048 ±    0.00001     0.552 ±  0.011 %    98.974 ±  0.034 %
  87       9.6393 ±    0.0922       0.00115 ±    0.00016       0.00048 ±    0.00001     0.552 ±  0.010 %    98.972 ±  0.034 %
  88       9.6268 ±    0.0915       0.00116 ±    0.00016       0.00048 ±    0.00001     0.552 ±  0.010 %    98.970 ±  0.034 %
  89       9.6366 ±    0.0911       0.00119 ±    0.00016       0.00048 ±    0.00001     0.553 ±  0.010 %    98.975 ±  0.033 %
  90       9.6548 ±    0.0907       0.00120 ±    0.00016       0.00048 ±    0.00001     0.552 ±  0.010 %    98.976 ±  0.033 %
  91       9.7307 ±    0.0911       0.00118 ±    0.00015       0.00048 ±    0.00001     0.551 ±  0.010 %    98.976 ±  0.033 %
  92       9.8113 ±    0.0915       0.00117 ±    0.00015       0.00048 ±    0.00001     0.551 ±  0.010 %    98.981 ±  0.033 %
  93       9.8577 ±    0.0915       0.00118 ±    0.00015       0.00048 ±    0.00001     0.550 ±  0.010 %    98.974 ±  0.033 %
  94       9.8895 ±    0.0913       0.00116 ±    0.00015       0.00048 ±    0.00001     0.548 ±  0.010 %    98.973 ±  0.033 %
  95       9.9318 ±    0.0912       0.00112 ±    0.00015       0.00048 ±    0.00001     0.550 ±  0.010 %    98.974 ±  0.032 %
  96       9.9993 ±    0.0915       0.00112 ±    0.00015       0.00048 ±    0.00001     0.549 ±  0.010 %    98.971 ±  0.032 %
  97      10.0700 ±    0.0919       0.00113 ±    0.00015       0.00048 ±    0.00001     0.548 ±  0.010 %    98.972 ±  0.032 %
  98      10.0606 ±    0.0913       0.00113 ±    0.00015       0.00048 ±    0.00001     0.548 ±  0.010 %    98.972 ±  0.032 %
  99      10.0731 ±    0.0909       0.00109 ±    0.00015       0.00048 ±    0.00001     0.547 ±  0.009 %    98.967 ±  0.032 %
 100      10.0992 ±    0.0907       0.00109 ±    0.00015       0.00048 ±    0.00001     0.547 ±  0.009 %    98.970 ±  0.032 %
 101      10.0681 ±    0.0899       0.00110 ±    0.00015       0.00048 ±    0.00001     0.547 ±  0.009 %    98.974 ±  0.031 %
 102      10.0763 ±    0.0895       0.00108 ±    0.00014       0.00048 ±    0.00001     0.546 ±  0.009 %    98.975 ±  0.031 %
 103      10.0800 ±    0.0891       0.00106 ±    0.00014       0.00048 ±    0.00001     0.546 ±  0.009 %    98.972 ±  0.031 %
 104      10.1044 ±    0.0888       0.00105 ±    0.00014       0.00048 ±    0.00001     0.545 ±  0.009 %    98.973 ±  0.031 %
 105      10.1020 ±    0.0883       0.00103 ±    0.00014       0.00048 ±    0.00001     0.545 ±  0.009 %    98.976 ±  0.031 %
 106      10.0995 ±    0.0879       0.00103 ±    0.00014       0.00047 ±    0.00001     0.545 ±  0.009 %    98.975 ±  0.031 %
 107      10.1206 ±    0.0877       0.00102 ±    0.00014       0.00047 ±    0.00001     0.545 ±  0.009 %    98.976 ±  0.030 %
 108      10.1206 ±    0.0873       0.00098 ±    0.00014       0.00048 ±    0.00001     0.547 ±  0.009 %    98.971 ±  0.030 %
 109      10.1591 ±    0.0873       0.00104 ±    0.00014       0.00048 ±    0.00001     0.546 ±  0.009 %    98.969 ±  0.030 %
 110      10.1964 ±    0.0874       0.00102 ±    0.00014       0.00048 ±    0.00001     0.547 ±  0.009 %    98.972 ±  0.030 %
 111      10.1745 ±    0.0867       0.00100 ±    0.00014       0.00048 ±    0.00001     0.548 ±  0.009 %    98.971 ±  0.030 %
 112      10.1795 ±    0.0864       0.00100 ±    0.00014       0.00048 ±    0.00001     0.548 ±  0.009 %    98.969 ±  0.030 %
 113      10.1471 ±    0.0857       0.00101 ±    0.00014       0.00048 ±    0.00001     0.548 ±  0.009 %    98.971 ±  0.030 %
 114      10.1867 ±    0.0858       0.00100 ±    0.00014       0.00048 ±    0.00001     0.547 ±  0.009 %    98.975 ±  0.029 %
 115      10.2117 ±    0.0857       0.00100 ±    0.00013       0.00048 ±    0.00001     0.547 ±  0.009 %    98.973 ±  0.029 %
 116      10.2110 ±    0.0853       0.00100 ±    0.00013       0.00048 ±    0.00001     0.547 ±  0.009 %    98.973 ±  0.029 %
 117      10.2364 ±    0.0851       0.00101 ±    0.00013       0.00048 ±    0.00001     0.546 ±  0.009 %    98.972 ±  0.029 %
 118      10.2220 ±    0.0847       0.00102 ±    0.00013       0.00048 ±    0.00001     0.547 ±  0.008 %    98.975 ±  0.029 %
 119      10.1907 ±    0.0840       0.00107 ±    0.00014       0.00048 ±    0.00001     0.547 ±  0.008 %    98.979 ±  0.029 %
 120      10.2113 ±    0.0839       0.00118 ±    0.00015       0.00048 ±    0.00001     0.547 ±  0.008 %    98.983 ±  0.029 %
 121      10.2055 ±    0.0836       0.00119 ±    0.00015       0.00048 ±    0.00001     0.547 ±  0.008 %    98.985 ±  0.028 %
 122      10.1860 ±    0.0830       0.00119 ±    0.00015       0.00048 ±    0.00001     0.546 ±  0.008 %    98.987 ±  0.028 %
 123      10.1647 ±    0.0825       0.00117 ±    0.00015       0.00048 ±    0.00001     0.548 ±  0.008 %    98.980 ±  0.028 %
 124      10.1846 ±    0.0824       0.00117 ±    0.00015       0.00048 ±    0.00001     0.548 ±  0.008 %    98.981 ±  0.028 %
 125      10.2149 ±    0.0824       0.00117 ±    0.00015       0.00048 ±    0.00001     0.547 ±  0.008 %    98.976 ±  0.028 %
 126      10.1916 ±    0.0819       0.00116 ±    0.00015       0.00047 ±    0.00001     0.547 ±  0.008 %    98.976 ±  0.028 %
 127      10.1982 ±    0.0816       0.00116 ±    0.00015       0.00047 ±    0.00001     0.546 ±  0.008 %    98.979 ±  0.028 %
 128      10.1703 ±    0.0810       0.00117 ±    0.00015       0.00047 ±    0.00001     0.546 ±  0.008 %    98.975 ±  0.028 %
 129      10.1548 ±    0.0805       0.00117 ±    0.00015       0.00047 ±    0.00001     0.546 ±  0.008 %    98.974 ±  0.028 %
 130      10.1532 ±    0.0802       0.00117 ±    0.00014       0.00047 ±    0.00001     0.546 ±  0.008 %    98.979 ±  0.028 %
 131      10.1570 ±    0.0800       0.00114 ±    0.00014       0.00047 ±    0.00001     0.546 ±  0.008 %    98.978 ±  0.027 %
 132      10.1513 ±    0.0796       0.00112 ±    0.00014       0.00047 ±    0.00001     0.545 ±  0.008 %    98.980 ±  0.027 %
 133      10.1746 ±    0.0796       0.00110 ±    0.00014       0.00047 ±    0.00001     0.546 ±  0.008 %    98.983 ±  0.027 %
 134      10.1948 ±    0.0795       0.00111 ±    0.00014       0.00047 ±    0.00001     0.545 ±  0.008 %    98.986 ±  0.027 %
 135      10.1753 ±    0.0790       0.00109 ±    0.00014       0.00047 ±    0.00001     0.545 ±  0.008 %    98.984 ±  0.027 %
 136      10.1372 ±    0.0783       0.00110 ±    0.00014       0.00047 ±    0.00001     0.545 ±  0.008 %    98.982 ±  0.027 %
 137      10.0810 ±    0.0775       0.00110 ±    0.00014       0.00048 ±    0.00001     0.555 ±  0.010 %    98.985 ±  0.027 %
 138      10.1079 ±    0.0776       0.00109 ±    0.00014       0.00048 ±    0.00001     0.557 ±  0.010 %    98.983 ±  0.027 %
 139      10.1275 ±    0.0774       0.00110 ±    0.00014       0.00048 ±    0.00001     0.557 ±  0.010 %    98.984 ±  0.027 %
 140      10.1949 ±    0.0778       0.00124 ±    0.00014       0.00049 ±    0.00001     0.559 ±  0.010 %    98.979 ±  0.027 %
 141      10.1914 ±    0.0775       0.00125 ±    0.00014       0.00049 ±    0.00001     0.558 ±  0.010 %    98.981 ±  0.026 %
 142      10.1903 ±    0.0772       0.00125 ±    0.00014       0.00048 ±    0.00001     0.558 ±  0.010 %    98.985 ±  0.026 %
 143      10.1883 ±    0.0769       0.00125 ±    0.00014       0.00048 ±    0.00001     0.557 ±  0.009 %    98.987 ±  0.026 %
 144      10.2150 ±    0.0769       0.00125 ±    0.00013       0.00048 ±    0.00001     0.557 ±  0.009 %    98.982 ±  0.026 %
 145      10.2064 ±    0.0766       0.00125 ±    0.00013       0.00049 ±    0.00001     0.558 ±  0.009 %    98.984 ±  0.026 %

====== Perplexity statistics ======
Mean PPL(Q)                   :  10.206351 ±   0.076568
Mean PPL(base)                :  10.193553 ±   0.076375
Cor(ln(PPL(Q)), ln(PPL(base))):  99.98%
Mean ln(PPL(Q)/PPL(base))     :   0.001255 ±   0.000134
Mean PPL(Q)/PPL(base)         :   1.001256 ±   0.000134
Mean PPL(Q)-PPL(base)         :   0.012798 ±   0.001380

====== KL divergence statistics ======
Mean    KLD:   0.000488 ±   0.000008
Maximum KLD:   0.486631
99.9%   KLD:   0.016447
99.0%   KLD:   0.003223
95.0%   KLD:   0.001363
90.0%   KLD:   0.000939
Median  KLD:   0.000257
10.0%   KLD:   0.000010
 5.0%   KLD:  -0.000000
 1.0%   KLD:  -0.000028
 0.1%   KLD:  -0.000106
Minimum KLD:  -0.000458

====== Token probability statistics ======
Mean    Δp: -0.004 ± 0.001 %
Maximum Δp: 27.457%
99.9%   Δp:  3.295%
99.0%   Δp:  1.590%
95.0%   Δp:  0.786%
90.0%   Δp:  0.462%
75.0%   Δp:  0.094%
Median  Δp: -0.000%
25.0%   Δp: -0.103%
10.0%   Δp: -0.467%
 5.0%   Δp: -0.789%
 1.0%   Δp: -1.632%
 0.1%   Δp: -3.537%
Minimum Δp: -30.066%
RMS Δp    :  0.558 ± 0.009 %
Same top p: 98.984 ± 0.026 %

------------------------------
llama-perplexity --kl-divergence-base /tmp/logits.dat --ctx-size 2048 -f sample-data/wiki.test.raw -hf prism-ml/Ternary-Bonsai-27B-gguf:Q2_g64 -fa on -ngl 99 -ctk f16 -ctv q5_0 --kl-divergence
0.01.025.003 W common_fit_params: failed to fit params to free device memory: n_gpu_layers already set by user to 99, abort
0.03.267.876 I 
0.03.267.954 I system_info: n_threads = 16 (n_threads_batch = 16) / 32 | CUDA : ARCHS = 500,610,700,750,800,860,890,900 | USE_GRAPHS = 1 | FA_ALL_QUANTS = 1 | CPU : SSE3 = 1 | SSSE3 = 1 | AVX = 1 | AVX2 = 1 | F16C = 1 | FMA = 1 | BMI2 = 1 | LLAMAFILE = 1 | OPENMP = 1 | REPACK = 1 | 
0.03.513.987 I kl_divergence: computing over 145 chunks, n_ctx=2048, batch_size=2048, n_seq=1
0.06.082.941 I kl_divergence: 2.57 seconds per pass - ETA 6.20 minutes

chunk             PPL               ln(PPL(Q)/PPL(base))          KL Divergence              Δp RMS            Same top p
   1       9.9567 ±    0.9214       0.00103 ±    0.00137       0.00057 ±    0.00007     0.610 ±  0.067 %    99.316 ±  0.258 %
   2      10.8355 ±    0.6946       0.00116 ±    0.00084       0.00049 ±    0.00003     0.571 ±  0.039 %    99.169 ±  0.201 %
   3      10.8745 ±    0.5633       0.00090 ±    0.00064       0.00045 ±    0.00002     0.533 ±  0.029 %    99.022 ±  0.178 %
   4      11.2457 ±    0.5194       0.00051 ±    0.00055       0.00047 ±    0.00002     0.557 ±  0.025 %    98.998 ±  0.156 %
   5      11.4937 ±    0.4820       0.00084 ±    0.00056       0.00048 ±    0.00002     0.580 ±  0.024 %    98.964 ±  0.142 %
   6       9.8883 ±    0.3677       0.00078 ±    0.00050       0.00049 ±    0.00002     0.617 ±  0.027 %    98.990 ±  0.128 %
   7       9.0866 ±    0.3090       0.00091 ±    0.00052       0.00056 ±    0.00003     0.649 ±  0.027 %    98.967 ±  0.120 %
   8       8.8816 ±    0.2793       0.00099 ±    0.00047       0.00054 ±    0.00002     0.642 ±  0.024 %    98.998 ±  0.110 %
   9       9.4419 ±    0.2822       0.00083 ±    0.00044       0.00055 ±    0.00002     0.639 ±  0.024 %    98.990 ±  0.104 %
  10       9.4914 ±    0.2703       0.00122 ±    0.00053       0.00054 ±    0.00002     0.628 ±  0.022 %    98.944 ±  0.101 %
  11       9.6172 ±    0.2612       0.00123 ±    0.00049       0.00053 ±    0.00002     0.620 ±  0.020 %    98.934 ±  0.097 %
  12       9.9482 ±    0.2602       0.00136 ±    0.00053       0.00052 ±    0.00002     0.609 ±  0.019 %    98.941 ±  0.092 %
  13       9.9482 ±    0.2495       0.00138 ±    0.00049       0.00051 ±    0.00001     0.603 ±  0.018 %    98.917 ±  0.090 %
  14       9.9416 ±    0.2394       0.00126 ±    0.00046       0.00050 ±    0.00001     0.598 ±  0.017 %    98.869 ±  0.088 %
  15       9.8954 ±    0.2295       0.00127 ±    0.00044       0.00050 ±    0.00001     0.591 ±  0.016 %    98.879 ±  0.085 %
  16      10.1541 ±    0.2286       0.00117 ±    0.00042       0.00050 ±    0.00001     0.589 ±  0.015 %    98.845 ±  0.084 %
  17      10.2250 ±    0.2234       0.00108 ±    0.00040       0.00049 ±    0.00001     0.582 ±  0.014 %    98.873 ±  0.080 %
  18      10.2991 ±    0.2184       0.00105 ±    0.00038       0.00049 ±    0.00001     0.578 ±  0.014 %    98.865 ±  0.078 %
  19      10.3172 ±    0.2150       0.00163 ±    0.00045       0.00054 ±    0.00002     0.587 ±  0.013 %    98.873 ±  0.076 %
  20      10.0673 ±    0.2037       0.00155 ±    0.00043       0.00055 ±    0.00002     0.589 ±  0.013 %    98.881 ±  0.074 %
  21      10.0719 ±    0.1984       0.00164 ±    0.00041       0.00055 ±    0.00002     0.586 ±  0.012 %    98.869 ±  0.072 %
  22      10.1232 ±    0.1954       0.00152 ±    0.00040       0.00054 ±    0.00002     0.586 ±  0.012 %    98.894 ±  0.070 %
  23      10.1243 ±    0.1906       0.00143 ±    0.00039       0.00054 ±    0.00002     0.582 ±  0.012 %    98.912 ±  0.068 %
  24      10.1926 ±    0.1881       0.00118 ±    0.00037       0.00054 ±    0.00002     0.586 ±  0.012 %    98.933 ±  0.066 %
  25      10.2324 ±    0.1852       0.00110 ±    0.00036       0.00054 ±    0.00002     0.582 ±  0.012 %    98.940 ±  0.064 %
  26      10.1885 ±    0.1805       0.00102 ±    0.00035       0.00053 ±    0.00002     0.582 ±  0.012 %    98.940 ±  0.063 %
  27      10.4946 ±    0.1840       0.00109 ±    0.00034       0.00054 ±    0.00002     0.580 ±  0.011 %    98.936 ±  0.062 %
  28      10.5470 ±    0.1816       0.00109 ±    0.00033       0.00054 ±    0.00002     0.578 ±  0.011 %    98.963 ±  0.060 %
  29      10.4867 ±    0.1770       0.00100 ±    0.00032       0.00054 ±    0.00001     0.575 ±  0.011 %    98.979 ±  0.058 %
  30      10.4075 ±    0.1723       0.00105 ±    0.00032       0.00053 ±    0.00001     0.572 ±  0.010 %    98.990 ±  0.057 %
  31      10.2702 ±    0.1670       0.00100 ±    0.00031       0.00053 ±    0.00001     0.571 ±  0.010 %    98.991 ±  0.056 %
  32      10.1195 ±    0.1617       0.00101 ±    0.00031       0.00053 ±    0.00001     0.574 ±  0.010 %    98.980 ±  0.056 %
  33      10.0867 ±    0.1588       0.00092 ±    0.00030       0.00053 ±    0.00001     0.578 ±  0.010 %    98.963 ±  0.055 %
  34      10.0161 ±    0.1550       0.00091 ±    0.00029       0.00052 ±    0.00001     0.576 ±  0.010 %    98.968 ±  0.054 %
  35      10.0125 ±    0.1527       0.00089 ±    0.00028       0.00052 ±    0.00001     0.575 ±  0.009 %    98.961 ±  0.054 %
  36      10.0081 ±    0.1505       0.00091 ±    0.00028       0.00053 ±    0.00001     0.577 ±  0.009 %    98.949 ±  0.053 %
  37       9.8372 ±    0.1454       0.00086 ±    0.00027       0.00053 ±    0.00001     0.580 ±  0.010 %    98.951 ±  0.052 %
  38       9.7376 ±    0.1416       0.00085 ±    0.00027       0.00052 ±    0.00001     0.582 ±  0.010 %    98.966 ±  0.051 %
  39       9.6031 ±    0.1373       0.00084 ±    0.00026       0.00052 ±    0.00001     0.584 ±  0.009 %    98.982 ±  0.050 %
  40       9.4335 ±    0.1327       0.00084 ±    0.00026       0.00052 ±    0.00001     0.583 ±  0.009 %    98.986 ±  0.050 %
  41       9.3491 ±    0.1295       0.00083 ±    0.00025       0.00052 ±    0.00001     0.584 ±  0.009 %    98.982 ±  0.049 %
  42       9.4123 ±    0.1291       0.00088 ±    0.00025       0.00052 ±    0.00001     0.582 ±  0.009 %    98.985 ±  0.048 %
  43       9.6175 ±    0.1312       0.00100 ±    0.00025       0.00052 ±    0.00001     0.581 ±  0.009 %    98.970 ±  0.048 %
  44       9.7715 ±    0.1322       0.00105 ±    0.00026       0.00052 ±    0.00001     0.579 ±  0.009 %    98.969 ±  0.048 %
  45       9.8234 ±    0.1315       0.00107 ±    0.00025       0.00052 ±    0.00001     0.578 ±  0.008 %    98.977 ±  0.047 %
  46       9.9008 ±    0.1312       0.00107 ±    0.00025       0.00052 ±    0.00001     0.577 ±  0.008 %    98.974 ±  0.046 %
  47       9.9367 ±    0.1303       0.00106 ±    0.00025       0.00052 ±    0.00001     0.575 ±  0.008 %    98.979 ±  0.046 %
  48       9.9343 ±    0.1287       0.00105 ±    0.00024       0.00052 ±    0.00001     0.575 ±  0.008 %    98.982 ±  0.045 %
  49       9.9790 ±    0.1280       0.00096 ±    0.00024       0.00052 ±    0.00001     0.574 ±  0.008 %    98.983 ±  0.045 %
  50       9.9181 ±    0.1258       0.00094 ±    0.00024       0.00052 ±    0.00001     0.574 ±  0.008 %    98.987 ±  0.044 %
  51       9.9428 ±    0.1249       0.00093 ±    0.00023       0.00052 ±    0.00001     0.573 ±  0.008 %    98.986 ±  0.044 %
  52       9.8499 ±    0.1224       0.00093 ±    0.00023       0.00052 ±    0.00001     0.574 ±  0.008 %    98.991 ±  0.043 %
  53       9.8646 ±    0.1216       0.00066 ±    0.00023       0.00053 ±    0.00001     0.579 ±  0.008 %    98.980 ±  0.043 %
  54       9.8216 ±    0.1199       0.00068 ±    0.00022       0.00053 ±    0.00001     0.578 ±  0.007 %    98.984 ±  0.043 %
  55       9.7335 ±    0.1174       0.00067 ±    0.00022       0.00053 ±    0.00001     0.577 ±  0.007 %    98.992 ±  0.042 %
  56       9.7135 ±    0.1161       0.00077 ±    0.00022       0.00053 ±    0.00001     0.576 ±  0.007 %    99.002 ±  0.042 %
  57       9.6018 ±    0.1135       0.00074 ±    0.00022       0.00053 ±    0.00001     0.575 ±  0.007 %    99.007 ±  0.041 %
  58       9.5553 ±    0.1118       0.00074 ±    0.00022       0.00052 ±    0.00001     0.574 ±  0.007 %    99.006 ±  0.041 %
  59       9.5195 ±    0.1103       0.00071 ±    0.00021       0.00052 ±    0.00001     0.573 ±  0.007 %    99.016 ±  0.040 %
  60       9.4661 ±    0.1087       0.00069 ±    0.00021       0.00052 ±    0.00001     0.572 ±  0.007 %    99.013 ±  0.040 %
  61       9.5248 ±    0.1087       0.00068 ±    0.00021       0.00052 ±    0.00001     0.572 ±  0.007 %    99.008 ±  0.040 %
  62       9.5439 ±    0.1080       0.00066 ±    0.00021       0.00052 ±    0.00001     0.571 ±  0.007 %    99.013 ±  0.039 %
  63       9.5759 ±    0.1075       0.00065 ±    0.00020       0.00052 ±    0.00001     0.569 ±  0.007 %    99.013 ±  0.039 %
  64       9.6559 ±    0.1078       0.00063 ±    0.00020       0.00052 ±    0.00001     0.568 ±  0.007 %    99.015 ±  0.039 %
  65       9.5912 ±    0.1061       0.00062 ±    0.00020       0.00051 ±    0.00001     0.568 ±  0.006 %    99.013 ±  0.038 %
  66       9.6154 ±    0.1056       0.00061 ±    0.00020       0.00051 ±    0.00001     0.568 ±  0.006 %    99.015 ±  0.038 %
  67       9.6149 ±    0.1048       0.00058 ±    0.00019       0.00051 ±    0.00001     0.568 ±  0.006 %    99.012 ±  0.038 %
  68       9.5929 ±    0.1037       0.00057 ±    0.00019       0.00051 ±    0.00001     0.569 ±  0.006 %    99.011 ±  0.038 %
  69       9.5687 ±    0.1026       0.00059 ±    0.00019       0.00051 ±    0.00001     0.568 ±  0.006 %    99.004 ±  0.037 %
  70       9.5547 ±    0.1017       0.00064 ±    0.00019       0.00051 ±    0.00001     0.569 ±  0.006 %    99.007 ±  0.037 %
  71       9.5469 ±    0.1009       0.00066 ±    0.00019       0.00053 ±    0.00001     0.574 ±  0.007 %    99.005 ±  0.037 %
  72       9.6515 ±    0.1017       0.00062 ±    0.00019       0.00054 ±    0.00001     0.581 ±  0.007 %    98.998 ±  0.037 %
  73       9.7035 ±    0.1017       0.00063 ±    0.00018       0.00054 ±    0.00001     0.580 ±  0.007 %    99.001 ±  0.036 %
  74       9.7547 ±    0.1016       0.00064 ±    0.00018       0.00054 ±    0.00001     0.580 ±  0.007 %    98.996 ±  0.036 %
  75       9.7237 ±    0.1005       0.00062 ±    0.00018       0.00054 ±    0.00001     0.579 ±  0.007 %    98.996 ±  0.036 %
  76       9.7468 ±    0.1001       0.00062 ±    0.00018       0.00054 ±    0.00001     0.579 ±  0.007 %    98.990 ±  0.036 %
  77       9.7460 ±    0.0994       0.00075 ±    0.00018       0.00054 ±    0.00001     0.582 ±  0.007 %    98.987 ±  0.036 %
  78       9.7161 ±    0.0983       0.00075 ±    0.00018       0.00054 ±    0.00001     0.581 ±  0.007 %    98.989 ±  0.035 %
  79       9.7722 ±    0.0984       0.00074 ±    0.00017       0.00054 ±    0.00001     0.581 ±  0.006 %    98.977 ±  0.035 %
  80       9.7853 ±    0.0979       0.00073 ±    0.00017       0.00054 ±    0.00001     0.581 ±  0.006 %    98.976 ±  0.035 %
  81       9.8217 ±    0.0977       0.00077 ±    0.00017       0.00054 ±    0.00001     0.580 ±  0.006 %    98.965 ±  0.035 %
  82       9.7440 ±    0.0962       0.00076 ±    0.00017       0.00053 ±    0.00001     0.578 ±  0.006 %    98.971 ±  0.035 %
  83       9.7186 ±    0.0953       0.00074 ±    0.00017       0.00053 ±    0.00001     0.577 ±  0.006 %    98.966 ±  0.035 %
  84       9.6949 ±    0.0945       0.00073 ±    0.00017       0.00054 ±    0.00001     0.578 ±  0.006 %    98.960 ±  0.035 %
  85       9.6599 ±    0.0936       0.00073 ±    0.00017       0.00054 ±    0.00001     0.577 ±  0.006 %    98.962 ±  0.034 %
  86       9.6774 ±    0.0932       0.00073 ±    0.00017       0.00054 ±    0.00001     0.577 ±  0.006 %    98.961 ±  0.034 %
  87       9.6355 ±    0.0921       0.00076 ±    0.00016       0.00054 ±    0.00001     0.578 ±  0.006 %    98.957 ±  0.034 %
  88       9.6231 ±    0.0914       0.00077 ±    0.00016       0.00054 ±    0.00001     0.580 ±  0.006 %    98.960 ±  0.034 %
  89       9.6327 ±    0.0910       0.00078 ±    0.00016       0.00053 ±    0.00001     0.579 ±  0.006 %    98.961 ±  0.034 %
  90       9.6506 ±    0.0906       0.00077 ±    0.00016       0.00053 ±    0.00001     0.578 ±  0.006 %    98.959 ±  0.033 %
  91       9.7269 ±    0.0910       0.00079 ±    0.00016       0.00053 ±    0.00001     0.577 ±  0.006 %    98.955 ±  0.033 %
  92       9.8075 ±    0.0914       0.00078 ±    0.00016       0.00054 ±    0.00001     0.576 ±  0.006 %    98.961 ±  0.033 %
  93       9.8540 ±    0.0914       0.00080 ±    0.00016       0.00053 ±    0.00001     0.575 ±  0.006 %    98.962 ±  0.033 %
  94       9.8859 ±    0.0912       0.00079 ±    0.00016       0.00053 ±    0.00001     0.574 ±  0.006 %    98.958 ±  0.033 %
  95       9.9286 ±    0.0912       0.00080 ±    0.00016       0.00053 ±    0.00001     0.574 ±  0.006 %    98.959 ±  0.033 %
  96       9.9960 ±    0.0915       0.00079 ±    0.00015       0.00053 ±    0.00001     0.573 ±  0.006 %    98.958 ±  0.032 %
  97      10.0666 ±    0.0918       0.00080 ±    0.00015       0.00053 ±    0.00001     0.573 ±  0.006 %    98.955 ±  0.032 %
  98      10.0572 ±    0.0912       0.00078 ±    0.00015       0.00053 ±    0.00001     0.573 ±  0.006 %    98.956 ±  0.032 %
  99      10.0702 ±    0.0908       0.00079 ±    0.00015       0.00053 ±    0.00001     0.572 ±  0.006 %    98.947 ±  0.032 %
 100      10.0963 ±    0.0907       0.00081 ±    0.00015       0.00053 ±    0.00001     0.572 ±  0.006 %    98.948 ±  0.032 %
 101      10.0652 ±    0.0899       0.00080 ±    0.00015       0.00053 ±    0.00001     0.573 ±  0.006 %    98.952 ±  0.032 %
 102      10.0733 ±    0.0895       0.00078 ±    0.00015       0.00053 ±    0.00001     0.573 ±  0.006 %    98.953 ±  0.032 %
 103      10.0771 ±    0.0890       0.00077 ±    0.00015       0.00053 ±    0.00001     0.572 ±  0.006 %    98.953 ±  0.031 %
 104      10.1016 ±    0.0888       0.00076 ±    0.00015       0.00053 ±    0.00001     0.571 ±  0.006 %    98.954 ±  0.031 %
 105      10.0992 ±    0.0883       0.00075 ±    0.00015       0.00053 ±    0.00001     0.571 ±  0.006 %    98.957 ±  0.031 %
 106      10.0968 ±    0.0878       0.00077 ±    0.00015       0.00053 ±    0.00001     0.571 ±  0.006 %    98.955 ±  0.031 %
 107      10.1180 ±    0.0876       0.00075 ±    0.00015       0.00053 ±    0.00001     0.571 ±  0.006 %    98.959 ±  0.031 %
 108      10.1181 ±    0.0872       0.00073 ±    0.00015       0.00053 ±    0.00001     0.574 ±  0.006 %    98.957 ±  0.031 %
 109      10.1562 ±    0.0872       0.00076 ±    0.00015       0.00053 ±    0.00001     0.573 ±  0.006 %    98.953 ±  0.030 %
 110      10.1936 ±    0.0873       0.00074 ±    0.00014       0.00053 ±    0.00001     0.573 ±  0.006 %    98.952 ±  0.030 %
 111      10.1717 ±    0.0867       0.00073 ±    0.00014       0.00053 ±    0.00001     0.574 ±  0.006 %    98.955 ±  0.030 %
 112      10.1768 ±    0.0863       0.00073 ±    0.00014       0.00053 ±    0.00001     0.575 ±  0.006 %    98.957 ±  0.030 %
 113      10.1444 ±    0.0857       0.00074 ±    0.00014       0.00053 ±    0.00001     0.575 ±  0.006 %    98.955 ±  0.030 %
 114      10.1840 ±    0.0858       0.00074 ±    0.00014       0.00053 ±    0.00001     0.574 ±  0.006 %    98.958 ±  0.030 %
 115      10.2091 ±    0.0856       0.00075 ±    0.00014       0.00053 ±    0.00001     0.574 ±  0.006 %    98.960 ±  0.030 %
 116      10.2084 ±    0.0852       0.00075 ±    0.00014       0.00053 ±    0.00001     0.573 ±  0.006 %    98.962 ±  0.029 %
 117      10.2340 ±    0.0851       0.00077 ±    0.00014       0.00053 ±    0.00001     0.574 ±  0.006 %    98.962 ±  0.029 %
 118      10.2193 ±    0.0846       0.00076 ±    0.00014       0.00053 ±    0.00001     0.576 ±  0.006 %    98.964 ±  0.029 %
 119      10.1881 ±    0.0840       0.00081 ±    0.00015       0.00053 ±    0.00001     0.576 ±  0.006 %    98.967 ±  0.029 %
 120      10.2086 ±    0.0839       0.00091 ±    0.00016       0.00053 ±    0.00001     0.577 ±  0.006 %    98.965 ±  0.029 %
 121      10.2028 ±    0.0835       0.00093 ±    0.00016       0.00053 ±    0.00001     0.576 ±  0.006 %    98.965 ±  0.029 %
 122      10.1835 ±    0.0830       0.00094 ±    0.00016       0.00053 ±    0.00001     0.576 ±  0.006 %    98.964 ±  0.029 %
 123      10.1623 ±    0.0825       0.00094 ±    0.00016       0.00053 ±    0.00001     0.576 ±  0.006 %    98.960 ±  0.029 %
 124      10.1823 ±    0.0824       0.00094 ±    0.00015       0.00053 ±    0.00001     0.576 ±  0.006 %    98.961 ±  0.028 %
 125      10.2125 ±    0.0824       0.00094 ±    0.00015       0.00053 ±    0.00001     0.576 ±  0.006 %    98.958 ±  0.028 %
 126      10.1895 ±    0.0818       0.00096 ±    0.00015       0.00053 ±    0.00001     0.576 ±  0.006 %    98.958 ±  0.028 %
 127      10.1960 ±    0.0816       0.00095 ±    0.00015       0.00053 ±    0.00001     0.575 ±  0.006 %    98.956 ±  0.028 %
 128      10.1680 ±    0.0810       0.00095 ±    0.00015       0.00053 ±    0.00001     0.575 ±  0.006 %    98.951 ±  0.028 %
 129      10.1525 ±    0.0805       0.00094 ±    0.00015       0.00053 ±    0.00001     0.574 ±  0.006 %    98.948 ±  0.028 %
 130      10.1507 ±    0.0802       0.00092 ±    0.00015       0.00053 ±    0.00001     0.574 ±  0.006 %    98.948 ±  0.028 %
 131      10.1547 ±    0.0800       0.00091 ±    0.00015       0.00053 ±    0.00001     0.575 ±  0.006 %    98.952 ±  0.028 %
 132      10.1492 ±    0.0796       0.00091 ±    0.00015       0.00053 ±    0.00001     0.574 ±  0.005 %    98.954 ±  0.028 %
 133      10.1727 ±    0.0796       0.00091 ±    0.00015       0.00053 ±    0.00001     0.574 ±  0.005 %    98.953 ±  0.028 %
 134      10.1927 ±    0.0794       0.00090 ±    0.00015       0.00053 ±    0.00001     0.574 ±  0.005 %    98.958 ±  0.027 %
 135      10.1733 ±    0.0789       0.00090 ±    0.00015       0.00053 ±    0.00001     0.575 ±  0.005 %    98.959 ±  0.027 %
 136      10.1351 ±    0.0783       0.00089 ±    0.00014       0.00053 ±    0.00001     0.575 ±  0.005 %    98.957 ±  0.027 %
 137      10.0790 ±    0.0775       0.00090 ±    0.00014       0.00053 ±    0.00001     0.576 ±  0.005 %    98.956 ±  0.027 %
 138      10.1061 ±    0.0775       0.00091 ±    0.00014       0.00053 ±    0.00001     0.576 ±  0.005 %    98.955 ±  0.027 %
 139      10.1256 ±    0.0774       0.00092 ±    0.00014       0.00053 ±    0.00001     0.576 ±  0.005 %    98.951 ±  0.027 %
 140      10.1917 ±    0.0778       0.00093 ±    0.00014       0.00053 ±    0.00001     0.576 ±  0.005 %    98.946 ±  0.027 %
 141      10.1882 ±    0.0775       0.00094 ±    0.00014       0.00053 ±    0.00001     0.576 ±  0.005 %    98.949 ±  0.027 %
 142      10.1870 ±    0.0771       0.00093 ±    0.00014       0.00053 ±    0.00001     0.575 ±  0.005 %    98.952 ±  0.027 %
 143      10.1849 ±    0.0768       0.00092 ±    0.00014       0.00053 ±    0.00001     0.575 ±  0.005 %    98.953 ±  0.027 %
 144      10.2114 ±    0.0768       0.00090 ±    0.00014       0.00053 ±    0.00001     0.576 ±  0.005 %    98.951 ±  0.027 %
 145      10.2027 ±    0.0765       0.00089 ±    0.00014       0.00054 ±    0.00001     0.576 ±  0.005 %    98.951 ±  0.026 %

====== Perplexity statistics ======
Mean PPL(Q)                   :  10.202671 ±   0.076523
Mean PPL(base)                :  10.193553 ±   0.076375
Cor(ln(PPL(Q)), ln(PPL(base))):  99.98%
Mean ln(PPL(Q)/PPL(base))     :   0.000894 ±   0.000138
Mean PPL(Q)/PPL(base)         :   1.000894 ±   0.000138
Mean PPL(Q)-PPL(base)         :   0.009118 ±   0.001412

====== KL divergence statistics ======
Mean    KLD:   0.000537 ±   0.000009
Maximum KLD:   0.933810
99.9%   KLD:   0.017312
99.0%   KLD:   0.003482
95.0%   KLD:   0.001518
90.0%   KLD:   0.001043
Median  KLD:   0.000290
10.0%   KLD:   0.000012
 5.0%   KLD:   0.000000
 1.0%   KLD:  -0.000027
 0.1%   KLD:  -0.000109
Minimum KLD:  -0.000409

====== Token probability statistics ======
Mean    Δp: -0.004 ± 0.001 %
Maximum Δp: 15.824%
99.9%   Δp:  3.542%
99.0%   Δp:  1.700%
95.0%   Δp:  0.827%
90.0%   Δp:  0.483%
75.0%   Δp:  0.099%
Median  Δp: -0.000%
25.0%   Δp: -0.110%
10.0%   Δp: -0.495%
 5.0%   Δp: -0.841%
 1.0%   Δp: -1.714%
 0.1%   Δp: -3.588%
Minimum Δp: -16.100%
RMS Δp    :  0.576 ± 0.005 %
Same top p: 98.951 ± 0.026 %

------------------------------
llama-perplexity --kl-divergence-base /tmp/logits.dat --ctx-size 2048 -f sample-data/wiki.test.raw -hf prism-ml/Ternary-Bonsai-27B-gguf:Q2_g64 -fa on -ngl 99 -ctk f16 -ctv q4_1 --kl-divergence
0.01.010.477 W common_fit_params: failed to fit params to free device memory: n_gpu_layers already set by user to 99, abort
0.03.268.157 I 
0.03.268.241 I system_info: n_threads = 16 (n_threads_batch = 16) / 32 | CUDA : ARCHS = 500,610,700,750,800,860,890,900 | USE_GRAPHS = 1 | FA_ALL_QUANTS = 1 | CPU : SSE3 = 1 | SSSE3 = 1 | AVX = 1 | AVX2 = 1 | F16C = 1 | FMA = 1 | BMI2 = 1 | LLAMAFILE = 1 | OPENMP = 1 | REPACK = 1 | 
0.03.501.290 I kl_divergence: computing over 145 chunks, n_ctx=2048, batch_size=2048, n_seq=1
0.06.059.302 I kl_divergence: 2.56 seconds per pass - ETA 6.17 minutes

chunk             PPL               ln(PPL(Q)/PPL(base))          KL Divergence              Δp RMS            Same top p
   1       9.9539 ±    0.9210       0.00074 ±    0.00183       0.00104 ±    0.00006     0.864 ±  0.070 %    98.631 ±  0.363 %
   2      10.8386 ±    0.6948       0.00145 ±    0.00115       0.00094 ±    0.00005     0.781 ±  0.041 %    98.534 ±  0.266 %
   3      10.8667 ±    0.5628       0.00018 ±    0.00088       0.00087 ±    0.00003     0.736 ±  0.031 %    98.534 ±  0.217 %
   4      11.2386 ±    0.5188      -0.00012 ±    0.00077       0.00092 ±    0.00003     0.777 ±  0.026 %    98.485 ±  0.191 %
   5      11.4919 ±    0.4817       0.00068 ±    0.00073       0.00094 ±    0.00002     0.783 ±  0.023 %    98.397 ±  0.176 %
   6       9.8868 ±    0.3674       0.00063 ±    0.00066       0.00096 ±    0.00003     0.821 ±  0.022 %    98.387 ±  0.161 %
   7       9.0827 ±    0.3086       0.00049 ±    0.00065       0.00111 ±    0.00004     0.931 ±  0.040 %    98.408 ±  0.148 %
   8       8.8757 ±    0.2789       0.00032 ±    0.00061       0.00110 ±    0.00003     0.919 ±  0.036 %    98.448 ±  0.137 %
   9       9.4413 ±    0.2820       0.00076 ±    0.00057       0.00112 ±    0.00003     0.916 ±  0.034 %    98.414 ±  0.130 %
  10       9.4938 ±    0.2703       0.00148 ±    0.00062       0.00110 ±    0.00003     0.897 ±  0.032 %    98.456 ±  0.122 %
  11       9.6218 ±    0.2613       0.00172 ±    0.00058       0.00108 ±    0.00003     0.886 ±  0.029 %    98.480 ±  0.115 %
  12       9.9537 ±    0.2603       0.00190 ±    0.00061       0.00107 ±    0.00002     0.870 ±  0.027 %    98.501 ±  0.110 %
  13       9.9546 ±    0.2496       0.00202 ±    0.00058       0.00106 ±    0.00002     0.865 ±  0.026 %    98.466 ±  0.107 %
  14       9.9493 ±    0.2395       0.00204 ±    0.00055       0.00106 ±    0.00002     0.856 ±  0.024 %    98.436 ±  0.104 %
  15       9.9003 ±    0.2296       0.00177 ±    0.00052       0.00105 ±    0.00002     0.849 ±  0.023 %    98.429 ±  0.100 %
  16      10.1591 ±    0.2287       0.00167 ±    0.00050       0.00105 ±    0.00002     0.843 ±  0.022 %    98.387 ±  0.098 %
  17      10.2302 ±    0.2235       0.00159 ±    0.00048       0.00104 ±    0.00002     0.836 ±  0.021 %    98.384 ±  0.096 %
  18      10.3039 ±    0.2185       0.00151 ±    0.00046       0.00103 ±    0.00002     0.833 ±  0.020 %    98.393 ±  0.093 %
  19      10.3127 ±    0.2148       0.00119 ±    0.00052       0.00110 ±    0.00002     0.854 ±  0.019 %    98.369 ±  0.091 %
  20      10.0644 ±    0.2035       0.00126 ±    0.00050       0.00110 ±    0.00002     0.856 ±  0.019 %    98.372 ±  0.088 %
  21      10.0683 ±    0.1983       0.00128 ±    0.00048       0.00109 ±    0.00002     0.850 ±  0.018 %    98.408 ±  0.085 %
  22      10.1217 ±    0.1953       0.00137 ±    0.00047       0.00109 ±    0.00002     0.851 ±  0.017 %    98.427 ±  0.083 %
  23      10.1243 ±    0.1905       0.00143 ±    0.00045       0.00107 ±    0.00002     0.843 ±  0.017 %    98.432 ±  0.081 %
  24      10.1966 ±    0.1882       0.00157 ±    0.00044       0.00109 ±    0.00002     0.855 ±  0.017 %    98.448 ±  0.079 %
  25      10.2370 ±    0.1853       0.00154 ±    0.00043       0.00108 ±    0.00002     0.849 ±  0.017 %    98.463 ±  0.077 %
  26      10.1937 ±    0.1806       0.00153 ±    0.00041       0.00107 ±    0.00002     0.847 ±  0.016 %    98.481 ±  0.075 %
  27      10.5019 ±    0.1841       0.00178 ±    0.00041       0.00108 ±    0.00002     0.843 ±  0.016 %    98.476 ±  0.074 %
  28      10.5547 ±    0.1818       0.00182 ±    0.00039       0.00107 ±    0.00002     0.840 ±  0.015 %    98.478 ±  0.072 %
  29      10.4950 ±    0.1772       0.00180 ±    0.00038       0.00106 ±    0.00002     0.835 ±  0.015 %    98.487 ±  0.071 %
  30      10.4158 ±    0.1725       0.00185 ±    0.00038       0.00106 ±    0.00002     0.832 ±  0.014 %    98.495 ±  0.070 %
  31      10.2794 ±    0.1672       0.00189 ±    0.00037       0.00105 ±    0.00002     0.830 ±  0.014 %    98.512 ±  0.068 %
  32      10.1283 ±    0.1618       0.00187 ±    0.00036       0.00105 ±    0.00002     0.830 ±  0.014 %    98.503 ±  0.067 %
  33      10.0950 ±    0.1590       0.00175 ±    0.00036       0.00106 ±    0.00002     0.845 ±  0.020 %    98.504 ±  0.066 %
  34      10.0246 ±    0.1551       0.00176 ±    0.00035       0.00105 ±    0.00002     0.841 ±  0.019 %    98.519 ±  0.065 %
  35      10.0209 ±    0.1529       0.00172 ±    0.00034       0.00105 ±    0.00002     0.839 ±  0.019 %    98.511 ±  0.064 %
  36      10.0162 ±    0.1507       0.00172 ±    0.00034       0.00105 ±    0.00002     0.839 ±  0.019 %    98.520 ±  0.063 %
  37       9.8454 ±    0.1455       0.00169 ±    0.00033       0.00105 ±    0.00002     0.842 ±  0.018 %    98.518 ±  0.062 %
  38       9.7458 ±    0.1418       0.00169 ±    0.00032       0.00105 ±    0.00002     0.842 ±  0.018 %    98.539 ±  0.061 %
  39       9.6113 ±    0.1374       0.00169 ±    0.00032       0.00104 ±    0.00002     0.842 ±  0.017 %    98.556 ±  0.060 %
  40       9.4410 ±    0.1328       0.00164 ±    0.00031       0.00104 ±    0.00002     0.842 ±  0.017 %    98.570 ±  0.059 %
  41       9.3561 ±    0.1296       0.00158 ±    0.00031       0.00103 ±    0.00002     0.843 ±  0.017 %    98.569 ±  0.058 %
  42       9.4191 ±    0.1292       0.00161 ±    0.00031       0.00103 ±    0.00002     0.841 ±  0.016 %    98.555 ±  0.058 %
  43       9.6232 ±    0.1313       0.00158 ±    0.00031       0.00104 ±    0.00002     0.839 ±  0.016 %    98.554 ±  0.057 %
  44       9.7773 ±    0.1323       0.00164 ±    0.00031       0.00104 ±    0.00002     0.835 ±  0.016 %    98.571 ±  0.056 %
  45       9.8289 ±    0.1316       0.00162 ±    0.00031       0.00104 ±    0.00002     0.834 ±  0.015 %    98.571 ±  0.055 %
  46       9.9065 ±    0.1313       0.00164 ±    0.00030       0.00104 ±    0.00002     0.832 ±  0.015 %    98.568 ±  0.055 %
  47       9.9417 ±    0.1304       0.00156 ±    0.00030       0.00104 ±    0.00001     0.831 ±  0.015 %    98.561 ±  0.054 %
  48       9.9398 ±    0.1288       0.00160 ±    0.00029       0.00104 ±    0.00001     0.830 ±  0.014 %    98.550 ±  0.054 %
  49       9.9843 ±    0.1281       0.00149 ±    0.00029       0.00104 ±    0.00001     0.830 ±  0.014 %    98.546 ±  0.053 %
  50       9.9233 ±    0.1259       0.00147 ±    0.00029       0.00104 ±    0.00001     0.829 ±  0.014 %    98.540 ±  0.053 %
  51       9.9481 ±    0.1250       0.00146 ±    0.00028       0.00104 ±    0.00001     0.827 ±  0.014 %    98.530 ±  0.053 %
  52       9.8546 ±    0.1224       0.00140 ±    0.00028       0.00103 ±    0.00001     0.827 ±  0.014 %    98.536 ±  0.052 %
  53       9.8830 ±    0.1219       0.00253 ±    0.00029       0.00115 ±    0.00003     0.879 ±  0.015 %    98.491 ±  0.052 %
  54       9.8402 ±    0.1202       0.00257 ±    0.00029       0.00115 ±    0.00003     0.878 ±  0.014 %    98.492 ±  0.052 %
  55       9.7516 ±    0.1177       0.00254 ±    0.00028       0.00114 ±    0.00003     0.874 ±  0.014 %    98.505 ±  0.051 %
  56       9.7311 ±    0.1164       0.00258 ±    0.00028       0.00114 ±    0.00003     0.873 ±  0.014 %    98.506 ±  0.051 %
  57       9.6190 ±    0.1138       0.00253 ±    0.00028       0.00114 ±    0.00003     0.873 ±  0.014 %    98.505 ±  0.050 %
  58       9.5720 ±    0.1121       0.00249 ±    0.00028       0.00113 ±    0.00003     0.871 ±  0.014 %    98.503 ±  0.050 %
  59       9.5360 ±    0.1106       0.00244 ±    0.00027       0.00113 ±    0.00003     0.870 ±  0.013 %    98.507 ±  0.049 %
  60       9.4823 ±    0.1090       0.00240 ±    0.00027       0.00112 ±    0.00003     0.868 ±  0.013 %    98.517 ±  0.049 %
  61       9.5417 ±    0.1090       0.00245 ±    0.00027       0.00112 ±    0.00002     0.867 ±  0.013 %    98.503 ±  0.049 %
  62       9.5608 ±    0.1083       0.00243 ±    0.00026       0.00112 ±    0.00002     0.864 ±  0.013 %    98.499 ±  0.048 %
  63       9.5924 ±    0.1077       0.00237 ±    0.00026       0.00111 ±    0.00002     0.863 ±  0.013 %    98.496 ±  0.048 %
  64       9.6725 ±    0.1080       0.00234 ±    0.00026       0.00111 ±    0.00002     0.861 ±  0.013 %    98.499 ±  0.048 %
  65       9.6072 ±    0.1063       0.00229 ±    0.00026       0.00111 ±    0.00002     0.863 ±  0.013 %    98.499 ±  0.047 %
  66       9.6314 ±    0.1058       0.00227 ±    0.00025       0.00111 ±    0.00002     0.861 ±  0.013 %    98.491 ±  0.047 %
  67       9.6309 ±    0.1050       0.00224 ±    0.00025       0.00111 ±    0.00002     0.862 ±  0.012 %    98.490 ±  0.047 %
  68       9.6089 ±    0.1040       0.00224 ±    0.00025       0.00111 ±    0.00002     0.862 ±  0.012 %    98.486 ±  0.046 %
  69       9.5845 ±    0.1028       0.00223 ±    0.00025       0.00111 ±    0.00002     0.861 ±  0.012 %    98.488 ±  0.046 %
  70       9.5701 ±    0.1019       0.00225 ±    0.00024       0.00111 ±    0.00002     0.862 ±  0.012 %    98.483 ±  0.046 %
  71       9.5622 ±    0.1011       0.00226 ±    0.00024       0.00112 ±    0.00002     0.866 ±  0.012 %    98.470 ±  0.046 %
  72       9.6671 ±    0.1019       0.00224 ±    0.00024       0.00115 ±    0.00002     0.874 ±  0.012 %    98.448 ±  0.046 %
  73       9.7189 ±    0.1019       0.00221 ±    0.00024       0.00116 ±    0.00002     0.874 ±  0.012 %    98.455 ±  0.045 %
  74       9.7698 ±    0.1018       0.00219 ±    0.00024       0.00116 ±    0.00002     0.873 ±  0.012 %    98.454 ±  0.045 %
  75       9.7387 ±    0.1007       0.00217 ±    0.00024       0.00116 ±    0.00002     0.871 ±  0.012 %    98.454 ±  0.045 %
  76       9.7613 ±    0.1003       0.00211 ±    0.00023       0.00116 ±    0.00002     0.870 ±  0.012 %    98.446 ±  0.044 %
  77       9.7590 ±    0.0995       0.00208 ±    0.00023       0.00116 ±    0.00002     0.871 ±  0.011 %    98.442 ±  0.044 %
  78       9.7287 ±    0.0984       0.00204 ±    0.00023       0.00116 ±    0.00002     0.871 ±  0.011 %    98.452 ±  0.044 %
  79       9.7846 ±    0.0986       0.00200 ±    0.00023       0.00116 ±    0.00002     0.870 ±  0.011 %    98.448 ±  0.043 %
  80       9.7975 ±    0.0981       0.00197 ±    0.00023       0.00116 ±    0.00002     0.868 ±  0.011 %    98.449 ±  0.043 %
  81       9.8330 ±    0.0978       0.00193 ±    0.00022       0.00116 ±    0.00002     0.867 ±  0.011 %    98.442 ±  0.043 %
  82       9.7550 ±    0.0963       0.00189 ±    0.00022       0.00115 ±    0.00002     0.864 ±  0.011 %    98.449 ±  0.043 %
  83       9.7294 ±    0.0954       0.00186 ±    0.00022       0.00115 ±    0.00002     0.863 ±  0.011 %    98.448 ±  0.042 %
  84       9.7061 ±    0.0946       0.00189 ±    0.00022       0.00115 ±    0.00002     0.863 ±  0.011 %    98.438 ±  0.042 %
  85       9.6713 ±    0.0937       0.00191 ±    0.00022       0.00115 ±    0.00002     0.862 ±  0.011 %    98.442 ±  0.042 %
  86       9.6887 ±    0.0933       0.00190 ±    0.00022       0.00115 ±    0.00002     0.861 ±  0.010 %    98.434 ±  0.042 %
  87       9.6464 ±    0.0922       0.00188 ±    0.00021       0.00115 ±    0.00002     0.861 ±  0.010 %    98.437 ±  0.042 %
  88       9.6340 ±    0.0916       0.00190 ±    0.00021       0.00115 ±    0.00002     0.860 ±  0.010 %    98.438 ±  0.041 %
  89       9.6437 ±    0.0911       0.00193 ±    0.00021       0.00114 ±    0.00002     0.860 ±  0.010 %    98.438 ±  0.041 %
  90       9.6612 ±    0.0908       0.00187 ±    0.00021       0.00114 ±    0.00002     0.859 ±  0.010 %    98.435 ±  0.041 %
  91       9.7375 ±    0.0911       0.00188 ±    0.00021       0.00114 ±    0.00002     0.857 ±  0.010 %    98.425 ±  0.041 %
  92       9.8182 ±    0.0916       0.00188 ±    0.00021       0.00114 ±    0.00002     0.856 ±  0.010 %    98.433 ±  0.040 %
  93       9.8646 ±    0.0916       0.00187 ±    0.00021       0.00114 ±    0.00002     0.855 ±  0.010 %    98.423 ±  0.040 %
  94       9.8964 ±    0.0913       0.00185 ±    0.00020       0.00114 ±    0.00002     0.853 ±  0.010 %    98.420 ±  0.040 %
  95       9.9387 ±    0.0913       0.00181 ±    0.00020       0.00114 ±    0.00002     0.853 ±  0.010 %    98.417 ±  0.040 %
  96      10.0061 ±    0.0916       0.00180 ±    0.00020       0.00114 ±    0.00002     0.852 ±  0.010 %    98.415 ±  0.040 %
  97      10.0766 ±    0.0919       0.00179 ±    0.00020       0.00114 ±    0.00002     0.850 ±  0.010 %    98.413 ±  0.040 %
  98      10.0673 ±    0.0913       0.00179 ±    0.00020       0.00114 ±    0.00002     0.849 ±  0.009 %    98.416 ±  0.039 %
  99      10.0802 ±    0.0909       0.00179 ±    0.00020       0.00114 ±    0.00002     0.849 ±  0.009 %    98.413 ±  0.039 %
 100      10.1063 ±    0.0908       0.00180 ±    0.00020       0.00114 ±    0.00002     0.850 ±  0.009 %    98.415 ±  0.039 %
 101      10.0749 ±    0.0900       0.00177 ±    0.00020       0.00113 ±    0.00002     0.850 ±  0.009 %    98.421 ±  0.039 %
 102      10.0833 ±    0.0896       0.00178 ±    0.00019       0.00113 ±    0.00002     0.849 ±  0.009 %    98.424 ±  0.039 %
 103      10.0871 ±    0.0891       0.00177 ±    0.00019       0.00113 ±    0.00002     0.848 ±  0.009 %    98.422 ±  0.038 %
 104      10.1114 ±    0.0889       0.00174 ±    0.00019       0.00113 ±    0.00002     0.846 ±  0.009 %    98.424 ±  0.038 %
 105      10.1091 ±    0.0884       0.00173 ±    0.00019       0.00113 ±    0.00002     0.847 ±  0.009 %    98.427 ±  0.038 %
 106      10.1069 ±    0.0879       0.00176 ±    0.00019       0.00112 ±    0.00002     0.847 ±  0.009 %    98.427 ±  0.038 %
 107      10.1279 ±    0.0878       0.00174 ±    0.00019       0.00112 ±    0.00002     0.847 ±  0.009 %    98.432 ±  0.038 %
 108      10.1282 ±    0.0874       0.00173 ±    0.00019       0.00112 ±    0.00002     0.848 ±  0.009 %    98.431 ±  0.037 %
 109      10.1662 ±    0.0874       0.00175 ±    0.00019       0.00112 ±    0.00002     0.847 ±  0.009 %    98.430 ±  0.037 %
 110      10.2036 ±    0.0874       0.00173 ±    0.00019       0.00113 ±    0.00002     0.847 ±  0.009 %    98.430 ±  0.037 %
 111      10.1816 ±    0.0868       0.00170 ±    0.00019       0.00113 ±    0.00002     0.849 ±  0.009 %    98.430 ±  0.037 %
 112      10.1866 ±    0.0864       0.00169 ±    0.00019       0.00113 ±    0.00002     0.849 ±  0.009 %    98.429 ±  0.037 %
 113      10.1540 ±    0.0858       0.00169 ±    0.00018       0.00113 ±    0.00002     0.849 ±  0.009 %    98.433 ±  0.037 %
 114      10.1936 ±    0.0859       0.00169 ±    0.00018       0.00112 ±    0.00002     0.848 ±  0.009 %    98.434 ±  0.036 %
 115      10.2190 ±    0.0858       0.00172 ±    0.00018       0.00112 ±    0.00002     0.848 ±  0.009 %    98.434 ±  0.036 %
 116      10.2182 ±    0.0853       0.00171 ±    0.00018       0.00112 ±    0.00002     0.847 ±  0.009 %    98.438 ±  0.036 %
 117      10.2434 ±    0.0852       0.00169 ±    0.00018       0.00112 ±    0.00002     0.847 ±  0.009 %    98.442 ±  0.036 %
 118      10.2289 ±    0.0847       0.00169 ±    0.00018       0.00112 ±    0.00002     0.847 ±  0.009 %    98.446 ±  0.036 %
 119      10.1976 ±    0.0841       0.00174 ±    0.00019       0.00113 ±    0.00002     0.847 ±  0.008 %    98.448 ±  0.035 %
 120      10.2183 ±    0.0840       0.00186 ±    0.00019       0.00113 ±    0.00002     0.847 ±  0.008 %    98.448 ±  0.035 %
 121      10.2124 ±    0.0836       0.00186 ±    0.00019       0.00113 ±    0.00002     0.846 ±  0.008 %    98.444 ±  0.035 %
 122      10.1931 ±    0.0831       0.00188 ±    0.00019       0.00112 ±    0.00002     0.845 ±  0.008 %    98.446 ±  0.035 %
 123      10.1716 ±    0.0826       0.00186 ±    0.00019       0.00112 ±    0.00002     0.845 ±  0.008 %    98.446 ±  0.035 %
 124      10.1917 ±    0.0825       0.00186 ±    0.00019       0.00112 ±    0.00002     0.845 ±  0.008 %    98.446 ±  0.035 %
 125      10.2221 ±    0.0825       0.00188 ±    0.00019       0.00112 ±    0.00002     0.845 ±  0.008 %    98.439 ±  0.035 %
 126      10.1988 ±    0.0819       0.00187 ±    0.00019       0.00112 ±    0.00002     0.845 ±  0.008 %    98.438 ±  0.035 %
 127      10.2053 ±    0.0817       0.00186 ±    0.00019       0.00112 ±    0.00002     0.844 ±  0.008 %    98.441 ±  0.034 %
 128      10.1771 ±    0.0811       0.00185 ±    0.00019       0.00112 ±    0.00002     0.844 ±  0.008 %    98.441 ±  0.034 %
 129      10.1615 ±    0.0806       0.00183 ±    0.00018       0.00112 ±    0.00001     0.843 ±  0.008 %    98.440 ±  0.034 %
 130      10.1600 ±    0.0803       0.00184 ±    0.00018       0.00112 ±    0.00001     0.843 ±  0.008 %    98.442 ±  0.034 %
 131      10.1639 ±    0.0801       0.00182 ±    0.00018       0.00112 ±    0.00001     0.843 ±  0.008 %    98.441 ±  0.034 %
 132      10.1584 ±    0.0797       0.00182 ±    0.00018       0.00112 ±    0.00001     0.842 ±  0.008 %    98.448 ±  0.034 %
 133      10.1822 ±    0.0796       0.00185 ±    0.00018       0.00112 ±    0.00001     0.841 ±  0.008 %    98.451 ±  0.033 %
 134      10.2026 ±    0.0795       0.00187 ±    0.00018       0.00112 ±    0.00001     0.841 ±  0.008 %    98.449 ±  0.033 %
 135      10.1830 ±    0.0790       0.00185 ±    0.00018       0.00112 ±    0.00001     0.842 ±  0.008 %    98.446 ±  0.033 %
 136      10.1446 ±    0.0784       0.00183 ±    0.00018       0.00112 ±    0.00001     0.842 ±  0.008 %    98.449 ±  0.033 %
 137      10.0885 ±    0.0776       0.00184 ±    0.00018       0.00113 ±    0.00002     0.848 ±  0.009 %    98.450 ±  0.033 %
 138      10.1152 ±    0.0776       0.00182 ±    0.00018       0.00113 ±    0.00002     0.848 ±  0.009 %    98.447 ±  0.033 %
 139      10.1347 ±    0.0775       0.00182 ±    0.00018       0.00113 ±    0.00001     0.848 ±  0.009 %    98.442 ±  0.033 %
 140      10.2018 ±    0.0779       0.00192 ±    0.00018       0.00113 ±    0.00001     0.848 ±  0.009 %    98.438 ±  0.033 %
 141      10.1983 ±    0.0776       0.00193 ±    0.00018       0.00113 ±    0.00001     0.848 ±  0.008 %    98.437 ±  0.033 %
 142      10.1971 ±    0.0772       0.00192 ±    0.00017       0.00113 ±    0.00001     0.847 ±  0.008 %    98.439 ±  0.033 %
 143      10.1951 ±    0.0769       0.00192 ±    0.00017       0.00113 ±    0.00001     0.847 ±  0.008 %    98.441 ±  0.032 %
 144      10.2219 ±    0.0769       0.00193 ±    0.00017       0.00113 ±    0.00001     0.847 ±  0.008 %    98.438 ±  0.032 %
 145      10.2132 ±    0.0766       0.00193 ±    0.00017       0.00113 ±    0.00001     0.848 ±  0.008 %    98.443 ±  0.032 %

====== Perplexity statistics ======
Mean PPL(Q)                   :  10.213209 ±   0.076624
Mean PPL(base)                :  10.193553 ±   0.076375
Cor(ln(PPL(Q)), ln(PPL(base))):  99.97%
Mean ln(PPL(Q)/PPL(base))     :   0.001926 ±   0.000172
Mean PPL(Q)/PPL(base)         :   1.001928 ±   0.000172
Mean PPL(Q)-PPL(base)         :   0.019656 ±   0.001767

====== KL divergence statistics ======
Mean    KLD:   0.001130 ±   0.000014
Maximum KLD:   1.249709
99.9%   KLD:   0.034755
99.0%   KLD:   0.007629
95.0%   KLD:   0.003240
90.0%   KLD:   0.002243
Median  KLD:   0.000628
10.0%   KLD:   0.000035
 5.0%   KLD:   0.000008
 1.0%   KLD:  -0.000018
 0.1%   KLD:  -0.000101
Minimum KLD:  -0.000412

====== Token probability statistics ======
Mean    Δp: -0.019 ± 0.002 %
Maximum Δp: 29.071%
99.9%   Δp:  4.885%
99.0%   Δp:  2.418%
95.0%   Δp:  1.182%
90.0%   Δp:  0.688%
75.0%   Δp:  0.141%
Median  Δp: -0.000%
25.0%   Δp: -0.166%
10.0%   Δp: -0.743%
 5.0%   Δp: -1.253%
 1.0%   Δp: -2.593%
 0.1%   Δp: -5.654%
Minimum Δp: -29.725%
RMS Δp    :  0.848 ± 0.008 %
Same top p: 98.443 ± 0.032 %

------------------------------
llama-perplexity --kl-divergence-base /tmp/logits.dat --ctx-size 2048 -f sample-data/wiki.test.raw -hf prism-ml/Ternary-Bonsai-27B-gguf:Q2_g64 -fa on -ngl 99 -ctk f16 -ctv q4_0 --kl-divergence
0.01.045.216 W common_fit_params: failed to fit params to free device memory: n_gpu_layers already set by user to 99, abort
0.03.300.051 I 
0.03.300.134 I system_info: n_threads = 16 (n_threads_batch = 16) / 32 | CUDA : ARCHS = 500,610,700,750,800,860,890,900 | USE_GRAPHS = 1 | FA_ALL_QUANTS = 1 | CPU : SSE3 = 1 | SSSE3 = 1 | AVX = 1 | AVX2 = 1 | F16C = 1 | FMA = 1 | BMI2 = 1 | LLAMAFILE = 1 | OPENMP = 1 | REPACK = 1 | 
0.03.547.406 I kl_divergence: computing over 145 chunks, n_ctx=2048, batch_size=2048, n_seq=1
0.06.124.767 I kl_divergence: 2.58 seconds per pass - ETA 6.22 minutes

chunk             PPL               ln(PPL(Q)/PPL(base))          KL Divergence              Δp RMS            Same top p
   1       9.9321 ±    0.9184      -0.00145 ±    0.00190       0.00114 ±    0.00006     0.927 ±  0.055 %    98.045 ±  0.433 %
   2      10.8170 ±    0.6930      -0.00054 ±    0.00121       0.00103 ±    0.00004     0.842 ±  0.037 %    98.338 ±  0.283 %
   3      10.8625 ±    0.5625      -0.00021 ±    0.00093       0.00098 ±    0.00003     0.802 ±  0.029 %    98.306 ±  0.233 %
   4      11.2435 ±    0.5191       0.00031 ±    0.00083       0.00106 ±    0.00003     0.834 ±  0.024 %    98.167 ±  0.210 %
   5      11.4890 ±    0.4815       0.00042 ±    0.00078       0.00110 ±    0.00003     0.858 ±  0.023 %    98.084 ±  0.192 %
   6       9.8924 ±    0.3677       0.00119 ±    0.00069       0.00112 ±    0.00003     0.880 ±  0.022 %    98.224 ±  0.169 %
   7       9.0970 ±    0.3093       0.00206 ±    0.00071       0.00128 ±    0.00004     0.986 ±  0.032 %    98.254 ±  0.155 %
   8       8.8905 ±    0.2796       0.00199 ±    0.00066       0.00126 ±    0.00004     0.969 ±  0.029 %    98.314 ±  0.142 %
   9       9.4562 ±    0.2826       0.00235 ±    0.00063       0.00128 ±    0.00003     0.963 ±  0.027 %    98.273 ±  0.136 %
  10       9.5040 ±    0.2707       0.00256 ±    0.00067       0.00127 ±    0.00003     0.951 ±  0.025 %    98.221 ±  0.131 %
  11       9.6274 ±    0.2615       0.00230 ±    0.00063       0.00125 ±    0.00003     0.941 ±  0.023 %    98.223 ±  0.125 %
  12       9.9564 ±    0.2605       0.00218 ±    0.00065       0.00124 ±    0.00003     0.927 ±  0.022 %    98.208 ±  0.120 %
  13       9.9585 ±    0.2498       0.00241 ±    0.00062       0.00122 ±    0.00003     0.925 ±  0.021 %    98.143 ±  0.117 %
  14       9.9522 ±    0.2397       0.00233 ±    0.00059       0.00121 ±    0.00002     0.916 ±  0.020 %    98.143 ±  0.113 %
  15       9.9038 ±    0.2297       0.00212 ±    0.00056       0.00120 ±    0.00002     0.905 ±  0.019 %    98.136 ±  0.109 %
  16      10.1657 ±    0.2289       0.00232 ±    0.00053       0.00120 ±    0.00002     0.900 ±  0.018 %    98.112 ±  0.106 %
  17      10.2361 ±    0.2237       0.00217 ±    0.00051       0.00119 ±    0.00002     0.895 ±  0.017 %    98.131 ±  0.103 %
  18      10.3102 ±    0.2187       0.00213 ±    0.00049       0.00118 ±    0.00002     0.889 ±  0.016 %    98.164 ±  0.099 %
  19      10.3381 ±    0.2156       0.00365 ±    0.00056       0.00130 ±    0.00003     0.929 ±  0.017 %    98.132 ±  0.097 %
  20      10.0857 ±    0.2042       0.00338 ±    0.00054       0.00132 ±    0.00003     0.934 ±  0.017 %    98.123 ±  0.095 %
  21      10.0895 ±    0.1989       0.00339 ±    0.00052       0.00130 ±    0.00003     0.928 ±  0.016 %    98.157 ±  0.092 %
  22      10.1425 ±    0.1959       0.00343 ±    0.00050       0.00130 ±    0.00003     0.925 ±  0.016 %    98.200 ±  0.089 %
  23      10.1427 ±    0.1910       0.00326 ±    0.00049       0.00129 ±    0.00003     0.920 ±  0.015 %    98.223 ±  0.086 %
  24      10.2133 ±    0.1887       0.00321 ±    0.00048       0.00130 ±    0.00003     0.932 ±  0.018 %    98.224 ±  0.084 %
  25      10.2530 ±    0.1857       0.00311 ±    0.00046       0.00129 ±    0.00003     0.925 ±  0.017 %    98.268 ±  0.082 %
  26      10.2087 ±    0.1810       0.00300 ±    0.00045       0.00128 ±    0.00002     0.921 ±  0.017 %    98.289 ±  0.080 %
  27      10.5165 ±    0.1845       0.00318 ±    0.00044       0.00129 ±    0.00002     0.916 ±  0.017 %    98.262 ±  0.079 %
  28      10.5676 ±    0.1821       0.00305 ±    0.00043       0.00128 ±    0.00002     0.912 ±  0.016 %    98.268 ±  0.077 %
  29      10.5069 ±    0.1775       0.00293 ±    0.00041       0.00127 ±    0.00002     0.906 ±  0.016 %    98.294 ±  0.075 %
  30      10.4284 ±    0.1728       0.00306 ±    0.00041       0.00126 ±    0.00002     0.902 ±  0.015 %    98.302 ±  0.074 %
  31      10.2904 ±    0.1674       0.00296 ±    0.00040       0.00125 ±    0.00002     0.901 ±  0.015 %    98.313 ±  0.072 %
  32      10.1388 ±    0.1621       0.00290 ±    0.00039       0.00125 ±    0.00002     0.902 ±  0.015 %    98.317 ±  0.071 %
  33      10.1057 ±    0.1592       0.00281 ±    0.00039       0.00126 ±    0.00002     0.903 ±  0.014 %    98.306 ±  0.070 %
  34      10.0341 ±    0.1553       0.00270 ±    0.00038       0.00124 ±    0.00002     0.898 ±  0.014 %    98.295 ±  0.069 %
  35      10.0299 ±    0.1531       0.00262 ±    0.00037       0.00124 ±    0.00002     0.896 ±  0.013 %    98.291 ±  0.069 %
  36      10.0243 ±    0.1509       0.00253 ±    0.00036       0.00123 ±    0.00002     0.895 ±  0.013 %    98.276 ±  0.068 %
  37       9.8533 ±    0.1457       0.00250 ±    0.00035       0.00123 ±    0.00002     0.893 ±  0.013 %    98.288 ±  0.067 %
  38       9.7528 ±    0.1419       0.00241 ±    0.00035       0.00123 ±    0.00002     0.894 ±  0.013 %    98.307 ±  0.065 %
  39       9.6176 ±    0.1376       0.00235 ±    0.00034       0.00122 ±    0.00002     0.895 ±  0.013 %    98.316 ±  0.064 %
  40       9.4470 ±    0.1329       0.00227 ±    0.00033       0.00121 ±    0.00002     0.895 ±  0.012 %    98.321 ±  0.064 %
  41       9.3622 ±    0.1298       0.00223 ±    0.00033       0.00121 ±    0.00002     0.896 ±  0.012 %    98.314 ±  0.063 %
  42       9.4250 ±    0.1293       0.00223 ±    0.00033       0.00121 ±    0.00002     0.894 ±  0.012 %    98.308 ±  0.062 %
  43       9.6295 ±    0.1314       0.00224 ±    0.00033       0.00121 ±    0.00002     0.893 ±  0.012 %    98.309 ±  0.061 %
  44       9.7846 ±    0.1324       0.00239 ±    0.00033       0.00122 ±    0.00002     0.890 ±  0.011 %    98.307 ±  0.061 %
  45       9.8362 ±    0.1317       0.00237 ±    0.00033       0.00122 ±    0.00002     0.889 ±  0.011 %    98.316 ±  0.060 %
  46       9.9127 ±    0.1314       0.00228 ±    0.00032       0.00122 ±    0.00002     0.887 ±  0.011 %    98.328 ±  0.059 %
  47       9.9483 ±    0.1305       0.00222 ±    0.00032       0.00122 ±    0.00002     0.884 ±  0.011 %    98.326 ±  0.059 %
  48       9.9455 ±    0.1289       0.00217 ±    0.00031       0.00122 ±    0.00002     0.883 ±  0.011 %    98.310 ±  0.058 %
  49       9.9913 ±    0.1282       0.00219 ±    0.00031       0.00122 ±    0.00001     0.882 ±  0.011 %    98.316 ±  0.057 %
  50       9.9299 ±    0.1260       0.00213 ±    0.00030       0.00122 ±    0.00002     0.883 ±  0.010 %    98.326 ±  0.057 %
  51       9.9547 ±    0.1251       0.00213 ±    0.00030       0.00122 ±    0.00001     0.885 ±  0.011 %    98.329 ±  0.056 %
  52       9.8615 ±    0.1226       0.00210 ±    0.00030       0.00121 ±    0.00001     0.884 ±  0.011 %    98.327 ±  0.056 %
  53       9.8810 ±    0.1218       0.00232 ±    0.00030       0.00125 ±    0.00002     0.894 ±  0.011 %    98.299 ±  0.056 %
  54       9.8381 ±    0.1201       0.00236 ±    0.00029       0.00124 ±    0.00002     0.892 ±  0.011 %    98.304 ±  0.055 %
  55       9.7491 ±    0.1177       0.00228 ±    0.00029       0.00124 ±    0.00002     0.890 ±  0.011 %    98.320 ±  0.054 %
  56       9.7283 ±    0.1164       0.00229 ±    0.00029       0.00124 ±    0.00002     0.890 ±  0.011 %    98.324 ±  0.054 %
  57       9.6163 ±    0.1137       0.00225 ±    0.00029       0.00123 ±    0.00002     0.891 ±  0.011 %    98.337 ±  0.053 %
  58       9.5692 ±    0.1120       0.00220 ±    0.00028       0.00123 ±    0.00002     0.890 ±  0.011 %    98.333 ±  0.053 %
  59       9.5334 ±    0.1106       0.00217 ±    0.00028       0.00122 ±    0.00002     0.889 ±  0.011 %    98.343 ±  0.052 %
  60       9.4795 ±    0.1089       0.00210 ±    0.00027       0.00122 ±    0.00002     0.887 ±  0.010 %    98.345 ±  0.051 %
  61       9.5383 ±    0.1089       0.00210 ±    0.00027       0.00123 ±    0.00002     0.887 ±  0.010 %    98.345 ±  0.051 %
  62       9.5572 ±    0.1082       0.00205 ±    0.00027       0.00122 ±    0.00002     0.886 ±  0.010 %    98.348 ±  0.051 %
  63       9.5889 ±    0.1077       0.00201 ±    0.00027       0.00122 ±    0.00002     0.883 ±  0.010 %    98.348 ±  0.050 %
  64       9.6700 ±    0.1080       0.00208 ±    0.00026       0.00122 ±    0.00002     0.883 ±  0.010 %    98.343 ±  0.050 %
  65       9.6043 ±    0.1063       0.00200 ±    0.00026       0.00122 ±    0.00002     0.883 ±  0.010 %    98.346 ±  0.049 %
  66       9.6287 ±    0.1058       0.00199 ±    0.00026       0.00122 ±    0.00002     0.882 ±  0.010 %    98.344 ±  0.049 %
  67       9.6287 ±    0.1050       0.00201 ±    0.00026       0.00122 ±    0.00002     0.884 ±  0.010 %    98.346 ±  0.049 %
  68       9.6075 ±    0.1039       0.00208 ±    0.00025       0.00123 ±    0.00002     0.886 ±  0.009 %    98.341 ±  0.048 %
  69       9.5829 ±    0.1028       0.00207 ±    0.00025       0.00122 ±    0.00001     0.887 ±  0.009 %    98.341 ±  0.048 %
  70       9.5683 ±    0.1019       0.00206 ±    0.00025       0.00123 ±    0.00002     0.890 ±  0.010 %    98.351 ±  0.048 %
  71       9.5602 ±    0.1011       0.00205 ±    0.00025       0.00124 ±    0.00002     0.891 ±  0.009 %    98.359 ±  0.047 %
  72       9.6645 ±    0.1019       0.00197 ±    0.00025       0.00128 ±    0.00002     0.903 ±  0.010 %    98.337 ±  0.047 %
  73       9.7163 ±    0.1018       0.00195 ±    0.00025       0.00129 ±    0.00002     0.905 ±  0.010 %    98.336 ±  0.047 %
  74       9.7672 ±    0.1017       0.00192 ±    0.00024       0.00130 ±    0.00002     0.904 ±  0.010 %    98.328 ±  0.047 %
  75       9.7365 ±    0.1007       0.00194 ±    0.00024       0.00129 ±    0.00002     0.903 ±  0.009 %    98.326 ±  0.046 %
  76       9.7599 ±    0.1003       0.00197 ±    0.00024       0.00129 ±    0.00002     0.902 ±  0.009 %    98.329 ±  0.046 %
  77       9.7602 ±    0.0996       0.00220 ±    0.00024       0.00130 ±    0.00002     0.905 ±  0.009 %    98.326 ±  0.046 %
  78       9.7298 ±    0.0985       0.00216 ±    0.00024       0.00130 ±    0.00002     0.904 ±  0.009 %    98.331 ±  0.045 %
  79       9.7859 ±    0.0986       0.00213 ±    0.00024       0.00130 ±    0.00002     0.905 ±  0.009 %    98.330 ±  0.045 %
  80       9.7990 ±    0.0981       0.00212 ±    0.00023       0.00130 ±    0.00002     0.904 ±  0.009 %    98.321 ±  0.045 %
  81       9.8350 ±    0.0979       0.00213 ±    0.00023       0.00130 ±    0.00002     0.902 ±  0.009 %    98.318 ±  0.045 %
  82       9.7570 ±    0.0964       0.00209 ±    0.00023       0.00129 ±    0.00002     0.901 ±  0.009 %    98.324 ±  0.044 %
  83       9.7319 ±    0.0955       0.00211 ±    0.00023       0.00129 ±    0.00002     0.899 ±  0.009 %    98.330 ±  0.044 %
  84       9.7084 ±    0.0947       0.00212 ±    0.00023       0.00129 ±    0.00002     0.898 ±  0.009 %    98.327 ±  0.044 %
  85       9.6731 ±    0.0937       0.00209 ±    0.00023       0.00129 ±    0.00002     0.898 ±  0.009 %    98.331 ±  0.043 %
  86       9.6905 ±    0.0933       0.00209 ±    0.00022       0.00129 ±    0.00002     0.898 ±  0.009 %    98.326 ±  0.043 %
  87       9.6483 ±    0.0923       0.00208 ±    0.00022       0.00129 ±    0.00002     0.899 ±  0.009 %    98.328 ±  0.043 %
  88       9.6355 ±    0.0916       0.00206 ±    0.00022       0.00129 ±    0.00002     0.901 ±  0.009 %    98.336 ±  0.043 %
  89       9.6451 ±    0.0912       0.00208 ±    0.00022       0.00128 ±    0.00002     0.900 ±  0.009 %    98.333 ±  0.042 %
  90       9.6629 ±    0.0908       0.00204 ±    0.00022       0.00128 ±    0.00002     0.899 ±  0.009 %    98.335 ±  0.042 %
  91       9.7388 ±    0.0911       0.00202 ±    0.00022       0.00128 ±    0.00002     0.898 ±  0.009 %    98.322 ±  0.042 %
  92       9.8187 ±    0.0916       0.00193 ±    0.00022       0.00129 ±    0.00002     0.898 ±  0.009 %    98.325 ±  0.042 %
  93       9.8649 ±    0.0916       0.00191 ±    0.00021       0.00129 ±    0.00002     0.896 ±  0.009 %    98.321 ±  0.042 %
  94       9.8967 ±    0.0913       0.00189 ±    0.00021       0.00129 ±    0.00002     0.896 ±  0.009 %    98.325 ±  0.041 %
  95       9.9392 ±    0.0913       0.00187 ±    0.00021       0.00128 ±    0.00002     0.896 ±  0.009 %    98.321 ±  0.041 %
  96      10.0076 ±    0.0916       0.00195 ±    0.00021       0.00129 ±    0.00002     0.895 ±  0.008 %    98.317 ±  0.041 %
  97      10.0780 ±    0.0919       0.00193 ±    0.00021       0.00129 ±    0.00002     0.894 ±  0.008 %    98.322 ±  0.041 %
  98      10.0686 ±    0.0913       0.00192 ±    0.00021       0.00128 ±    0.00002     0.894 ±  0.008 %    98.327 ±  0.041 %
  99      10.0816 ±    0.0910       0.00193 ±    0.00021       0.00128 ±    0.00001     0.893 ±  0.008 %    98.321 ±  0.040 %
 100      10.1081 ±    0.0908       0.00198 ±    0.00021       0.00129 ±    0.00001     0.894 ±  0.008 %    98.318 ±  0.040 %
 101      10.0769 ±    0.0900       0.00196 ±    0.00020       0.00128 ±    0.00001     0.894 ±  0.008 %    98.323 ±  0.040 %
 102      10.0851 ±    0.0896       0.00196 ±    0.00020       0.00128 ±    0.00001     0.893 ±  0.008 %    98.325 ±  0.040 %
 103      10.0891 ±    0.0892       0.00197 ±    0.00020       0.00128 ±    0.00001     0.892 ±  0.008 %    98.324 ±  0.040 %
 104      10.1134 ±    0.0889       0.00194 ±    0.00020       0.00128 ±    0.00001     0.891 ±  0.008 %    98.325 ±  0.039 %
 105      10.1112 ±    0.0884       0.00194 ±    0.00020       0.00127 ±    0.00001     0.891 ±  0.008 %    98.330 ±  0.039 %
 106      10.1087 ±    0.0879       0.00194 ±    0.00020       0.00127 ±    0.00001     0.891 ±  0.008 %    98.324 ±  0.039 %
 107      10.1300 ±    0.0878       0.00194 ±    0.00020       0.00127 ±    0.00001     0.891 ±  0.008 %    98.326 ±  0.039 %
 108      10.1302 ±    0.0874       0.00193 ±    0.00020       0.00127 ±    0.00001     0.891 ±  0.008 %    98.318 ±  0.039 %
 109      10.1690 ±    0.0874       0.00202 ±    0.00020       0.00127 ±    0.00001     0.890 ±  0.008 %    98.312 ±  0.039 %
 110      10.2067 ±    0.0875       0.00203 ±    0.00020       0.00128 ±    0.00001     0.890 ±  0.008 %    98.313 ±  0.038 %
 111      10.1846 ±    0.0868       0.00199 ±    0.00019       0.00128 ±    0.00001     0.890 ±  0.008 %    98.314 ±  0.038 %
 112      10.1894 ±    0.0865       0.00196 ±    0.00019       0.00128 ±    0.00001     0.890 ±  0.008 %    98.316 ±  0.038 %
 113      10.1564 ±    0.0858       0.00192 ±    0.00019       0.00128 ±    0.00001     0.891 ±  0.008 %    98.314 ±  0.038 %
 114      10.1960 ±    0.0859       0.00192 ±    0.00019       0.00128 ±    0.00001     0.890 ±  0.007 %    98.314 ±  0.038 %
 115      10.2210 ±    0.0858       0.00191 ±    0.00019       0.00128 ±    0.00001     0.890 ±  0.007 %    98.310 ±  0.038 %
 116      10.2201 ±    0.0853       0.00189 ±    0.00019       0.00128 ±    0.00001     0.889 ±  0.007 %    98.312 ±  0.037 %
 117      10.2459 ±    0.0852       0.00194 ±    0.00019       0.00128 ±    0.00001     0.889 ±  0.007 %    98.308 ±  0.037 %
 118      10.2315 ±    0.0847       0.00195 ±    0.00019       0.00128 ±    0.00001     0.890 ±  0.007 %    98.311 ±  0.037 %
 119      10.2003 ±    0.0841       0.00200 ±    0.00019       0.00128 ±    0.00001     0.890 ±  0.007 %    98.315 ±  0.037 %
 120      10.2208 ±    0.0840       0.00211 ±    0.00020       0.00128 ±    0.00001     0.890 ±  0.007 %    98.311 ±  0.037 %
 121      10.2147 ±    0.0837       0.00209 ±    0.00020       0.00128 ±    0.00001     0.889 ±  0.007 %    98.315 ±  0.037 %
 122      10.1950 ±    0.0831       0.00207 ±    0.00020       0.00128 ±    0.00001     0.888 ±  0.007 %    98.314 ±  0.036 %
 123      10.1738 ±    0.0826       0.00207 ±    0.00020       0.00128 ±    0.00001     0.890 ±  0.007 %    98.315 ±  0.036 %
 124      10.1938 ±    0.0825       0.00207 ±    0.00020       0.00128 ±    0.00001     0.891 ±  0.007 %    98.319 ±  0.036 %
 125      10.2237 ±    0.0825       0.00203 ±    0.00020       0.00128 ±    0.00001     0.890 ±  0.007 %    98.306 ±  0.036 %
 126      10.2001 ±    0.0819       0.00200 ±    0.00020       0.00128 ±    0.00001     0.889 ±  0.007 %    98.306 ±  0.036 %
 127      10.2067 ±    0.0817       0.00199 ±    0.00019       0.00128 ±    0.00001     0.889 ±  0.007 %    98.306 ±  0.036 %
 128      10.1785 ±    0.0811       0.00198 ±    0.00019       0.00128 ±    0.00001     0.889 ±  0.007 %    98.305 ±  0.036 %
 129      10.1629 ±    0.0806       0.00197 ±    0.00019       0.00127 ±    0.00001     0.888 ±  0.007 %    98.305 ±  0.036 %
 130      10.1614 ±    0.0803       0.00198 ±    0.00019       0.00128 ±    0.00001     0.888 ±  0.007 %    98.310 ±  0.035 %
 131      10.1656 ±    0.0801       0.00198 ±    0.00019       0.00128 ±    0.00001     0.888 ±  0.007 %    98.314 ±  0.035 %
 132      10.1599 ±    0.0797       0.00197 ±    0.00019       0.00127 ±    0.00001     0.887 ±  0.007 %    98.315 ±  0.035 %
 133      10.1831 ±    0.0796       0.00193 ±    0.00019       0.00127 ±    0.00001     0.887 ±  0.007 %    98.310 ±  0.035 %
 134      10.2030 ±    0.0795       0.00191 ±    0.00019       0.00127 ±    0.00001     0.887 ±  0.007 %    98.316 ±  0.035 %
 135      10.1836 ±    0.0790       0.00191 ±    0.00019       0.00127 ±    0.00001     0.886 ±  0.007 %    98.316 ±  0.035 %
 136      10.1453 ±    0.0784       0.00190 ±    0.00019       0.00127 ±    0.00001     0.886 ±  0.007 %    98.319 ±  0.034 %
 137      10.0892 ±    0.0776       0.00192 ±    0.00019       0.00129 ±    0.00001     0.898 ±  0.013 %    98.320 ±  0.034 %
 138      10.1162 ±    0.0776       0.00191 ±    0.00018       0.00129 ±    0.00001     0.898 ±  0.013 %    98.316 ±  0.034 %
 139      10.1358 ±    0.0775       0.00193 ±    0.00018       0.00129 ±    0.00001     0.898 ±  0.013 %    98.315 ±  0.034 %
 140      10.2033 ±    0.0779       0.00207 ±    0.00018       0.00130 ±    0.00001     0.900 ±  0.013 %    98.307 ±  0.034 %
 141      10.1997 ±    0.0776       0.00207 ±    0.00018       0.00130 ±    0.00001     0.899 ±  0.013 %    98.312 ±  0.034 %
 142      10.1986 ±    0.0772       0.00206 ±    0.00018       0.00129 ±    0.00001     0.898 ±  0.013 %    98.318 ±  0.034 %
 143      10.1966 ±    0.0769       0.00206 ±    0.00018       0.00129 ±    0.00001     0.898 ±  0.013 %    98.320 ±  0.034 %
 144      10.2237 ±    0.0769       0.00210 ±    0.00018       0.00129 ±    0.00001     0.898 ±  0.012 %    98.313 ±  0.034 %
 145      10.2149 ±    0.0766       0.00209 ±    0.00018       0.00130 ±    0.00001     0.898 ±  0.012 %    98.311 ±  0.033 %

====== Perplexity statistics ======
Mean PPL(Q)                   :  10.214912 ±   0.076635
Mean PPL(base)                :  10.193553 ±   0.076375
Cor(ln(PPL(Q)), ln(PPL(base))):  99.97%
Mean ln(PPL(Q)/PPL(base))     :   0.002093 ±   0.000179
Mean PPL(Q)/PPL(base)         :   1.002095 ±   0.000180
Mean PPL(Q)-PPL(base)         :   0.021359 ±   0.001844

====== KL divergence statistics ======
Mean    KLD:   0.001297 ±   0.000014
Maximum KLD:   0.794455
99.9%   KLD:   0.037521
99.0%   KLD:   0.008368
95.0%   KLD:   0.003762
90.0%   KLD:   0.002614
Median  KLD:   0.000741
10.0%   KLD:   0.000041
 5.0%   KLD:   0.000010
 1.0%   KLD:  -0.000016
 0.1%   KLD:  -0.000098
Minimum KLD:  -0.000456

====== Token probability statistics ======
Mean    Δp: -0.024 ± 0.002 %
Maximum Δp: 17.910%
99.9%   Δp:  5.024%
99.0%   Δp:  2.604%
95.0%   Δp:  1.258%
90.0%   Δp:  0.734%
75.0%   Δp:  0.151%
Median  Δp: -0.000%
25.0%   Δp: -0.181%
10.0%   Δp: -0.806%
 5.0%   Δp: -1.353%
 1.0%   Δp: -2.798%
 0.1%   Δp: -5.713%
Minimum Δp: -53.108%
RMS Δp    :  0.898 ± 0.012 %
Same top p: 98.311 ± 0.033 %

------------------------------
llama-perplexity --kl-divergence-base /tmp/logits.dat --ctx-size 2048 -f sample-data/wiki.test.raw -hf prism-ml/Ternary-Bonsai-27B-gguf:Q2_g64 -fa on -ngl 99 -ctk f16 -ctv iq4_nl --kl-divergence
0.01.019.697 W common_fit_params: failed to fit params to free device memory: n_gpu_layers already set by user to 99, abort
0.03.245.671 I 
0.03.245.747 I system_info: n_threads = 16 (n_threads_batch = 16) / 32 | CUDA : ARCHS = 500,610,700,750,800,860,890,900 | USE_GRAPHS = 1 | FA_ALL_QUANTS = 1 | CPU : SSE3 = 1 | SSSE3 = 1 | AVX = 1 | AVX2 = 1 | F16C = 1 | FMA = 1 | BMI2 = 1 | LLAMAFILE = 1 | OPENMP = 1 | REPACK = 1 | 
0.03.482.654 I kl_divergence: computing over 145 chunks, n_ctx=2048, batch_size=2048, n_seq=1
0.22.489.708 I kl_divergence: 19.01 seconds per pass - ETA 45.93 minutes
--- ABORTED (ETA 45.93m > 4.0x baseline 6.07m) ---
llama-perplexity --kl-divergence-base /tmp/logits.dat --ctx-size 2048 -f sample-data/wiki.test.raw -hf prism-ml/Ternary-Bonsai-27B-gguf:Q2_g64 -fa on -ngl 99 -ctk q8_0 -ctv q8_0 --kl-divergence
0.01.030.883 W common_fit_params: failed to fit params to free device memory: n_gpu_layers already set by user to 99, abort
0.03.321.162 I 
0.03.321.248 I system_info: n_threads = 16 (n_threads_batch = 16) / 32 | CUDA : ARCHS = 500,610,700,750,800,860,890,900 | USE_GRAPHS = 1 | FA_ALL_QUANTS = 1 | CPU : SSE3 = 1 | SSSE3 = 1 | AVX = 1 | AVX2 = 1 | F16C = 1 | FMA = 1 | BMI2 = 1 | LLAMAFILE = 1 | OPENMP = 1 | REPACK = 1 | 
0.03.547.015 I kl_divergence: computing over 145 chunks, n_ctx=2048, batch_size=2048, n_seq=1
0.06.109.080 I kl_divergence: 2.56 seconds per pass - ETA 6.18 minutes

chunk             PPL               ln(PPL(Q)/PPL(base))          KL Divergence              Δp RMS            Same top p
   1       9.9437 ±    0.9202      -0.00028 ±    0.00103       0.00026 ±    0.00003     0.368 ±  0.022 %    99.413 ±  0.239 %
   2      10.8260 ±    0.6940       0.00029 ±    0.00064       0.00023 ±    0.00001     0.370 ±  0.014 %    99.120 ±  0.206 %
   3      10.8668 ±    0.5630       0.00019 ±    0.00048       0.00022 ±    0.00001     0.360 ±  0.011 %    99.088 ±  0.172 %
   4      11.2429 ±    0.5192       0.00026 ±    0.00040       0.00023 ±    0.00001     0.371 ±  0.012 %    99.047 ±  0.152 %
   5      11.4935 ±    0.4819       0.00082 ±    0.00042       0.00024 ±    0.00001     0.402 ±  0.020 %    98.964 ±  0.142 %
   6       9.8885 ±    0.3676       0.00080 ±    0.00037       0.00025 ±    0.00001     0.419 ±  0.017 %    98.941 ±  0.131 %
   7       9.0846 ±    0.3089       0.00070 ±    0.00041       0.00029 ±    0.00001     0.472 ±  0.020 %    98.981 ±  0.119 %
   8       8.8782 ±    0.2792       0.00060 ±    0.00038       0.00029 ±    0.00001     0.466 ±  0.018 %    99.071 ±  0.106 %
   9       9.4395 ±    0.2820       0.00058 ±    0.00035       0.00029 ±    0.00001     0.459 ±  0.017 %    99.033 ±  0.102 %
  10       9.4894 ±    0.2702       0.00102 ±    0.00046       0.00029 ±    0.00001     0.456 ±  0.015 %    99.042 ±  0.096 %
  11       9.6148 ±    0.2611       0.00098 ±    0.00042       0.00028 ±    0.00001     0.449 ±  0.014 %    99.067 ±  0.091 %
  12       9.9468 ±    0.2602       0.00121 ±    0.00047       0.00028 ±    0.00001     0.441 ±  0.013 %    99.128 ±  0.084 %
  13       9.9455 ±    0.2494       0.00111 ±    0.00044       0.00027 ±    0.00001     0.436 ±  0.013 %    99.150 ±  0.080 %
  14       9.9392 ±    0.2393       0.00102 ±    0.00041       0.00027 ±    0.00001     0.432 ±  0.012 %    99.148 ±  0.077 %
  15       9.8916 ±    0.2294       0.00088 ±    0.00039       0.00026 ±    0.00001     0.429 ±  0.011 %    99.120 ±  0.075 %
  16      10.1500 ±    0.2285       0.00077 ±    0.00037       0.00026 ±    0.00001     0.428 ±  0.011 %    99.096 ±  0.074 %
  17      10.2212 ±    0.2233       0.00071 ±    0.00035       0.00026 ±    0.00001     0.424 ±  0.010 %    99.114 ±  0.071 %
  18      10.2954 ±    0.2183       0.00069 ±    0.00034       0.00026 ±    0.00001     0.421 ±  0.010 %    99.115 ±  0.069 %
  19      10.3120 ±    0.2149       0.00112 ±    0.00041       0.00028 ±    0.00001     0.422 ±  0.009 %    99.125 ±  0.067 %
  20      10.0629 ±    0.2036       0.00111 ±    0.00039       0.00029 ±    0.00001     0.426 ±  0.009 %    99.140 ±  0.065 %
  21      10.0665 ±    0.1983       0.00110 ±    0.00038       0.00028 ±    0.00001     0.422 ±  0.009 %    99.144 ±  0.063 %
  22      10.1186 ±    0.1953       0.00107 ±    0.00036       0.00028 ±    0.00001     0.423 ±  0.009 %    99.142 ±  0.061 %
  23      10.1198 ±    0.1905       0.00099 ±    0.00035       0.00028 ±    0.00001     0.420 ±  0.008 %    99.146 ±  0.060 %
  24      10.1899 ±    0.1881       0.00092 ±    0.00034       0.00028 ±    0.00001     0.421 ±  0.008 %    99.161 ±  0.058 %
  25      10.2301 ±    0.1852       0.00088 ±    0.00033       0.00028 ±    0.00001     0.417 ±  0.008 %    99.179 ±  0.056 %
  26      10.1870 ±    0.1805       0.00088 ±    0.00031       0.00028 ±    0.00001     0.419 ±  0.008 %    99.195 ±  0.055 %
  27      10.4924 ±    0.1839       0.00087 ±    0.00031       0.00028 ±    0.00001     0.416 ±  0.007 %    99.196 ±  0.054 %
  28      10.5446 ±    0.1816       0.00086 ±    0.00030       0.00028 ±    0.00001     0.414 ±  0.007 %    99.211 ±  0.052 %
  29      10.4845 ±    0.1770       0.00080 ±    0.00029       0.00028 ±    0.00001     0.413 ±  0.007 %    99.218 ±  0.051 %
  30      10.4052 ±    0.1723       0.00083 ±    0.00028       0.00027 ±    0.00001     0.410 ±  0.007 %    99.228 ±  0.050 %
  31      10.2683 ±    0.1670       0.00081 ±    0.00027       0.00027 ±    0.00001     0.409 ±  0.007 %    99.227 ±  0.049 %
  32      10.1174 ±    0.1617       0.00080 ±    0.00027       0.00027 ±    0.00001     0.410 ±  0.007 %    99.224 ±  0.048 %
  33      10.0848 ±    0.1588       0.00074 ±    0.00027       0.00028 ±    0.00001     0.438 ±  0.028 %    99.215 ±  0.048 %
  34      10.0144 ±    0.1549       0.00074 ±    0.00026       0.00028 ±    0.00001     0.436 ±  0.027 %    99.224 ±  0.047 %
  35      10.0110 ±    0.1527       0.00073 ±    0.00025       0.00028 ±    0.00001     0.434 ±  0.026 %    99.218 ±  0.047 %
  36      10.0063 ±    0.1505       0.00073 ±    0.00025       0.00028 ±    0.00001     0.434 ±  0.026 %    99.213 ±  0.046 %
  37       9.8357 ±    0.1454       0.00070 ±    0.00024       0.00028 ±    0.00001     0.436 ±  0.025 %    99.197 ±  0.046 %
  38       9.7363 ±    0.1416       0.00072 ±    0.00023       0.00028 ±    0.00001     0.437 ±  0.024 %    99.215 ±  0.045 %
  39       9.6018 ±    0.1373       0.00070 ±    0.00023       0.00027 ±    0.00001     0.436 ±  0.024 %    99.226 ±  0.044 %
  40       9.4324 ±    0.1327       0.00072 ±    0.00022       0.00027 ±    0.00001     0.437 ±  0.023 %    99.228 ±  0.043 %
  41       9.3478 ±    0.1295       0.00069 ±    0.00022       0.00027 ±    0.00001     0.437 ±  0.022 %    99.223 ±  0.043 %
  42       9.4108 ±    0.1291       0.00072 ±    0.00022       0.00027 ±    0.00001     0.435 ±  0.022 %    99.220 ±  0.042 %
  43       9.6152 ±    0.1311       0.00076 ±    0.00022       0.00028 ±    0.00001     0.436 ±  0.021 %    99.213 ±  0.042 %
  44       9.7693 ±    0.1322       0.00083 ±    0.00023       0.00028 ±    0.00001     0.434 ±  0.021 %    99.211 ±  0.042 %
  45       9.8212 ±    0.1315       0.00084 ±    0.00023       0.00028 ±    0.00001     0.433 ±  0.021 %    99.209 ±  0.041 %
  46       9.8991 ±    0.1312       0.00090 ±    0.00022       0.00028 ±    0.00001     0.433 ±  0.020 %    99.207 ±  0.041 %
  47       9.9351 ±    0.1303       0.00090 ±    0.00022       0.00028 ±    0.00001     0.431 ±  0.020 %    99.216 ±  0.040 %
  48       9.9325 ±    0.1287       0.00087 ±    0.00022       0.00028 ±    0.00001     0.431 ±  0.020 %    99.206 ±  0.040 %
  49       9.9775 ±    0.1280       0.00081 ±    0.00021       0.00028 ±    0.00001     0.431 ±  0.019 %    99.198 ±  0.040 %
  50       9.9164 ±    0.1258       0.00078 ±    0.00021       0.00028 ±    0.00001     0.430 ±  0.019 %    99.208 ±  0.039 %
  51       9.9414 ±    0.1249       0.00078 ±    0.00021       0.00028 ±    0.00001     0.428 ±  0.019 %    99.206 ±  0.039 %
  52       9.8482 ±    0.1224       0.00076 ±    0.00020       0.00028 ±    0.00001     0.428 ±  0.018 %    99.212 ±  0.038 %
  53       9.8661 ±    0.1216       0.00081 ±    0.00020       0.00029 ±    0.00001     0.430 ±  0.018 %    99.211 ±  0.038 %
  54       9.8227 ±    0.1199       0.00079 ±    0.00020       0.00028 ±    0.00001     0.429 ±  0.018 %    99.214 ±  0.038 %
  55       9.7342 ±    0.1174       0.00075 ±    0.00019       0.00028 ±    0.00001     0.429 ±  0.017 %    99.222 ±  0.037 %
  56       9.7141 ±    0.1162       0.00083 ±    0.00020       0.00028 ±    0.00001     0.428 ±  0.017 %    99.228 ±  0.037 %
  57       9.6022 ±    0.1135       0.00078 ±    0.00019       0.00028 ±    0.00001     0.428 ±  0.017 %    99.235 ±  0.036 %
  58       9.5557 ±    0.1118       0.00078 ±    0.00019       0.00028 ±    0.00001     0.427 ±  0.016 %    99.233 ±  0.036 %
  59       9.5201 ±    0.1104       0.00077 ±    0.00019       0.00028 ±    0.00001     0.426 ±  0.016 %    99.235 ±  0.035 %
  60       9.4667 ±    0.1087       0.00075 ±    0.00019       0.00028 ±    0.00001     0.425 ±  0.016 %    99.239 ±  0.035 %
  61       9.5259 ±    0.1087       0.00079 ±    0.00018       0.00028 ±    0.00001     0.425 ±  0.016 %    99.231 ±  0.035 %
  62       9.5451 ±    0.1080       0.00078 ±    0.00018       0.00028 ±    0.00001     0.425 ±  0.015 %    99.232 ±  0.035 %
  63       9.5770 ±    0.1075       0.00076 ±    0.00018       0.00028 ±    0.00001     0.424 ±  0.015 %    99.232 ±  0.034 %
  64       9.6574 ±    0.1078       0.00078 ±    0.00018       0.00028 ±    0.00001     0.423 ±  0.015 %    99.227 ±  0.034 %
  65       9.5928 ±    0.1061       0.00079 ±    0.00017       0.00028 ±    0.00001     0.425 ±  0.015 %    99.232 ±  0.034 %
  66       9.6170 ±    0.1057       0.00077 ±    0.00017       0.00028 ±    0.00001     0.425 ±  0.015 %    99.222 ±  0.034 %
  67       9.6164 ±    0.1048       0.00074 ±    0.00017       0.00028 ±    0.00001     0.425 ±  0.015 %    99.221 ±  0.034 %
  68       9.5944 ±    0.1038       0.00072 ±    0.00017       0.00028 ±    0.00001     0.425 ±  0.014 %    99.222 ±  0.033 %
  69       9.5701 ±    0.1026       0.00073 ±    0.00017       0.00027 ±    0.00001     0.424 ±  0.014 %    99.221 ±  0.033 %
  70       9.5557 ±    0.1018       0.00075 ±    0.00017       0.00028 ±    0.00001     0.424 ±  0.014 %    99.222 ±  0.033 %
  71       9.5476 ±    0.1009       0.00074 ±    0.00016       0.00028 ±    0.00001     0.426 ±  0.014 %    99.218 ±  0.033 %
  72       9.6527 ±    0.1017       0.00074 ±    0.00016       0.00028 ±    0.00001     0.428 ±  0.013 %    99.217 ±  0.032 %
  73       9.7046 ±    0.1017       0.00074 ±    0.00016       0.00028 ±    0.00001     0.428 ±  0.013 %    99.217 ±  0.032 %
  74       9.7554 ±    0.1016       0.00071 ±    0.00016       0.00029 ±    0.00001     0.428 ±  0.013 %    99.207 ±  0.032 %
  75       9.7245 ±    0.1005       0.00071 ±    0.00016       0.00028 ±    0.00001     0.427 ±  0.013 %    99.204 ±  0.032 %
  76       9.7476 ±    0.1001       0.00070 ±    0.00016       0.00028 ±    0.00001     0.426 ±  0.013 %    99.195 ±  0.032 %
  77       9.7454 ±    0.0994       0.00069 ±    0.00015       0.00029 ±    0.00001     0.428 ±  0.013 %    99.193 ±  0.032 %
  78       9.7155 ±    0.0983       0.00069 ±    0.00015       0.00029 ±    0.00001     0.429 ±  0.012 %    99.199 ±  0.032 %
  79       9.7715 ±    0.0984       0.00066 ±    0.00015       0.00029 ±    0.00001     0.429 ±  0.012 %    99.198 ±  0.031 %
  80       9.7846 ±    0.0979       0.00066 ±    0.00015       0.00029 ±    0.00001     0.429 ±  0.012 %    99.201 ±  0.031 %
  81       9.8204 ±    0.0977       0.00064 ±    0.00015       0.00029 ±    0.00001     0.428 ±  0.012 %    99.199 ±  0.031 %
  82       9.7428 ±    0.0962       0.00063 ±    0.00015       0.00029 ±    0.00001     0.426 ±  0.012 %    99.199 ±  0.031 %
  83       9.7175 ±    0.0953       0.00063 ±    0.00015       0.00029 ±    0.00001     0.427 ±  0.012 %    99.200 ±  0.031 %
  84       9.6941 ±    0.0945       0.00065 ±    0.00014       0.00029 ±    0.00001     0.427 ±  0.012 %    99.196 ±  0.030 %
  85       9.6590 ±    0.0936       0.00064 ±    0.00014       0.00029 ±    0.00001     0.427 ±  0.012 %    99.197 ±  0.030 %
  86       9.6765 ±    0.0932       0.00064 ±    0.00014       0.00029 ±    0.00001     0.427 ±  0.011 %    99.198 ±  0.030 %
  87       9.6344 ±    0.0921       0.00065 ±    0.00014       0.00029 ±    0.00001     0.427 ±  0.011 %    99.199 ±  0.030 %
  88       9.6222 ±    0.0914       0.00067 ±    0.00014       0.00029 ±    0.00001     0.428 ±  0.011 %    99.205 ±  0.030 %
  89       9.6319 ±    0.0910       0.00070 ±    0.00014       0.00029 ±    0.00001     0.428 ±  0.011 %    99.206 ±  0.029 %
  90       9.6500 ±    0.0906       0.00070 ±    0.00014       0.00029 ±    0.00001     0.427 ±  0.011 %    99.204 ±  0.029 %
  91       9.7261 ±    0.0910       0.00071 ±    0.00014       0.00029 ±    0.00001     0.427 ±  0.011 %    99.202 ±  0.029 %
  92       9.8064 ±    0.0914       0.00067 ±    0.00014       0.00029 ±    0.00001     0.427 ±  0.011 %    99.209 ±  0.029 %
  93       9.8527 ±    0.0914       0.00067 ±    0.00014       0.00029 ±    0.00001     0.426 ±  0.011 %    99.210 ±  0.029 %
  94       9.8846 ±    0.0912       0.00067 ±    0.00013       0.00029 ±    0.00001     0.425 ±  0.011 %    99.207 ±  0.029 %
  95       9.9270 ±    0.0912       0.00064 ±    0.00013       0.00029 ±    0.00001     0.425 ±  0.011 %    99.202 ±  0.029 %
  96       9.9944 ±    0.0914       0.00063 ±    0.00013       0.00029 ±    0.00001     0.425 ±  0.010 %    99.195 ±  0.029 %
  97      10.0647 ±    0.0918       0.00061 ±    0.00013       0.00029 ±    0.00001     0.424 ±  0.010 %    99.192 ±  0.028 %
  98      10.0555 ±    0.0912       0.00061 ±    0.00013       0.00029 ±    0.00001     0.424 ±  0.010 %    99.193 ±  0.028 %
  99      10.0683 ±    0.0908       0.00061 ±    0.00013       0.00029 ±    0.00001     0.423 ±  0.010 %    99.188 ±  0.028 %
 100      10.0945 ±    0.0907       0.00063 ±    0.00013       0.00029 ±    0.00001     0.423 ±  0.010 %    99.189 ±  0.028 %
 101      10.0634 ±    0.0899       0.00063 ±    0.00013       0.00029 ±    0.00001     0.423 ±  0.010 %    99.189 ±  0.028 %
 102      10.0717 ±    0.0895       0.00063 ±    0.00013       0.00029 ±    0.00001     0.423 ±  0.010 %    99.190 ±  0.028 %
 103      10.0756 ±    0.0890       0.00063 ±    0.00013       0.00029 ±    0.00001     0.422 ±  0.010 %    99.192 ±  0.028 %
 104      10.1001 ±    0.0888       0.00062 ±    0.00013       0.00029 ±    0.00001     0.422 ±  0.010 %    99.191 ±  0.027 %
 105      10.0978 ±    0.0883       0.00061 ±    0.00012       0.00029 ±    0.00001     0.422 ±  0.010 %    99.192 ±  0.027 %
 106      10.0956 ±    0.0878       0.00064 ±    0.00013       0.00029 ±    0.00001     0.421 ±  0.010 %    99.190 ±  0.027 %
 107      10.1167 ±    0.0876       0.00062 ±    0.00013       0.00028 ±    0.00001     0.422 ±  0.009 %    99.190 ±  0.027 %
 108      10.1167 ±    0.0872       0.00060 ±    0.00012       0.00028 ±    0.00001     0.421 ±  0.009 %    99.184 ±  0.027 %
 109      10.1547 ±    0.0872       0.00061 ±    0.00012       0.00028 ±    0.00001     0.421 ±  0.009 %    99.183 ±  0.027 %
 110      10.1923 ±    0.0873       0.00061 ±    0.00012       0.00029 ±    0.00001     0.421 ±  0.009 %    99.183 ±  0.027 %
 111      10.1704 ±    0.0867       0.00060 ±    0.00012       0.00029 ±    0.00001     0.421 ±  0.009 %    99.185 ±  0.027 %
 112      10.1755 ±    0.0863       0.00060 ±    0.00012       0.00028 ±    0.00001     0.421 ±  0.009 %    99.186 ±  0.027 %
 113      10.1430 ±    0.0857       0.00060 ±    0.00012       0.00028 ±    0.00001     0.421 ±  0.009 %    99.185 ±  0.026 %
 114      10.1825 ±    0.0857       0.00060 ±    0.00012       0.00028 ±    0.00001     0.420 ±  0.009 %    99.189 ±  0.026 %
 115      10.2078 ±    0.0856       0.00062 ±    0.00012       0.00028 ±    0.00001     0.420 ±  0.009 %    99.188 ±  0.026 %
 116      10.2070 ±    0.0852       0.00061 ±    0.00012       0.00028 ±    0.00001     0.420 ±  0.009 %    99.188 ±  0.026 %
 117      10.2324 ±    0.0851       0.00061 ±    0.00012       0.00028 ±    0.00001     0.420 ±  0.009 %    99.187 ±  0.026 %
 118      10.2179 ±    0.0846       0.00062 ±    0.00012       0.00028 ±    0.00001     0.420 ±  0.009 %    99.190 ±  0.026 %
 119      10.1865 ±    0.0840       0.00065 ±    0.00013       0.00028 ±    0.00001     0.420 ±  0.009 %    99.193 ±  0.026 %
 120      10.2069 ±    0.0839       0.00075 ±    0.00014       0.00028 ±    0.00001     0.420 ±  0.009 %    99.191 ±  0.026 %
 121      10.2012 ±    0.0835       0.00076 ±    0.00014       0.00028 ±    0.00001     0.420 ±  0.008 %    99.193 ±  0.025 %
 122      10.1817 ±    0.0830       0.00077 ±    0.00014       0.00028 ±    0.00001     0.419 ±  0.008 %    99.195 ±  0.025 %
 123      10.1606 ±    0.0825       0.00077 ±    0.00014       0.00028 ±    0.00001     0.419 ±  0.008 %    99.194 ±  0.025 %
 124      10.1806 ±    0.0824       0.00078 ±    0.00014       0.00028 ±    0.00001     0.419 ±  0.008 %    99.195 ±  0.025 %
 125      10.2109 ±    0.0823       0.00077 ±    0.00014       0.00028 ±    0.00001     0.419 ±  0.008 %    99.198 ±  0.025 %
 126      10.1876 ±    0.0818       0.00077 ±    0.00013       0.00028 ±    0.00001     0.418 ±  0.008 %    99.200 ±  0.025 %
 127      10.1941 ±    0.0815       0.00076 ±    0.00013       0.00028 ±    0.00001     0.418 ±  0.008 %    99.201 ±  0.025 %
 128      10.1661 ±    0.0810       0.00076 ±    0.00013       0.00028 ±    0.00001     0.417 ±  0.008 %    99.197 ±  0.025 %
 129      10.1506 ±    0.0805       0.00076 ±    0.00013       0.00028 ±    0.00001     0.417 ±  0.008 %    99.198 ±  0.025 %
 130      10.1491 ±    0.0802       0.00077 ±    0.00013       0.00028 ±    0.00001     0.418 ±  0.008 %    99.202 ±  0.024 %
 131      10.1530 ±    0.0800       0.00075 ±    0.00013       0.00028 ±    0.00001     0.418 ±  0.008 %    99.206 ±  0.024 %
 132      10.1476 ±    0.0796       0.00075 ±    0.00013       0.00028 ±    0.00001     0.417 ±  0.008 %    99.208 ±  0.024 %
 133      10.1710 ±    0.0795       0.00075 ±    0.00013       0.00028 ±    0.00001     0.418 ±  0.008 %    99.206 ±  0.024 %
 134      10.1911 ±    0.0794       0.00074 ±    0.00013       0.00028 ±    0.00001     0.418 ±  0.008 %    99.208 ±  0.024 %
 135      10.1718 ±    0.0789       0.00074 ±    0.00013       0.00028 ±    0.00001     0.418 ±  0.008 %    99.209 ±  0.024 %
 136      10.1335 ±    0.0783       0.00072 ±    0.00013       0.00028 ±    0.00001     0.417 ±  0.008 %    99.209 ±  0.024 %
 137      10.0772 ±    0.0775       0.00072 ±    0.00013       0.00028 ±    0.00001     0.419 ±  0.008 %    99.207 ±  0.024 %
 138      10.1043 ±    0.0775       0.00073 ±    0.00013       0.00028 ±    0.00001     0.420 ±  0.008 %    99.207 ±  0.024 %
 139      10.1238 ±    0.0774       0.00074 ±    0.00012       0.00028 ±    0.00001     0.420 ±  0.008 %    99.207 ±  0.024 %
 140      10.1894 ±    0.0778       0.00071 ±    0.00012       0.00028 ±    0.00001     0.421 ±  0.007 %    99.204 ±  0.023 %
 141      10.1860 ±    0.0774       0.00072 ±    0.00012       0.00028 ±    0.00001     0.421 ±  0.007 %    99.208 ±  0.023 %
 142      10.1848 ±    0.0771       0.00071 ±    0.00012       0.00028 ±    0.00001     0.420 ±  0.007 %    99.211 ±  0.023 %
 143      10.1828 ±    0.0768       0.00071 ±    0.00012       0.00028 ±    0.00001     0.420 ±  0.007 %    99.210 ±  0.023 %
 144      10.2095 ±    0.0768       0.00071 ±    0.00012       0.00028 ±    0.00001     0.420 ±  0.007 %    99.206 ±  0.023 %
 145      10.2009 ±    0.0765       0.00072 ±    0.00012       0.00028 ±    0.00001     0.421 ±  0.007 %    99.202 ±  0.023 %

====== Perplexity statistics ======
Mean PPL(Q)                   :  10.200916 ±   0.076509
Mean PPL(base)                :  10.193553 ±   0.076375
Cor(ln(PPL(Q)), ln(PPL(base))):  99.99%
Mean ln(PPL(Q)/PPL(base))     :   0.000722 ±   0.000121
Mean PPL(Q)/PPL(base)         :   1.000722 ±   0.000121
Mean PPL(Q)-PPL(base)         :   0.007363 ±   0.001241

====== KL divergence statistics ======
Mean    KLD:   0.000284 ±   0.000005
Maximum KLD:   0.340685
99.9%   KLD:   0.010654
99.0%   KLD:   0.001977
95.0%   KLD:   0.000808
90.0%   KLD:   0.000544
Median  KLD:   0.000138
10.0%   KLD:   0.000003
 5.0%   KLD:  -0.000003
 1.0%   KLD:  -0.000031
 0.1%   KLD:  -0.000111
Minimum KLD:  -0.000385

====== Token probability statistics ======
Mean    Δp: -0.001 ± 0.001 %
Maximum Δp: 28.192%
99.9%   Δp:  2.600%
99.0%   Δp:  1.215%
95.0%   Δp:  0.587%
90.0%   Δp:  0.346%
75.0%   Δp:  0.072%
Median  Δp:  0.000%
25.0%   Δp: -0.073%
10.0%   Δp: -0.348%
 5.0%   Δp: -0.595%
 1.0%   Δp: -1.241%
 0.1%   Δp: -2.732%
Minimum Δp: -11.075%
RMS Δp    :  0.421 ± 0.007 %
Same top p: 99.202 ± 0.023 %

------------------------------
llama-perplexity --kl-divergence-base /tmp/logits.dat --ctx-size 2048 -f sample-data/wiki.test.raw -hf prism-ml/Ternary-Bonsai-27B-gguf:Q2_g64 -fa on -ngl 99 -ctk q8_0 -ctv q5_1 --kl-divergence
0.01.030.382 W common_fit_params: failed to fit params to free device memory: n_gpu_layers already set by user to 99, abort
0.03.276.379 I 
0.03.276.460 I system_info: n_threads = 16 (n_threads_batch = 16) / 32 | CUDA : ARCHS = 500,610,700,750,800,860,890,900 | USE_GRAPHS = 1 | FA_ALL_QUANTS = 1 | CPU : SSE3 = 1 | SSSE3 = 1 | AVX = 1 | AVX2 = 1 | F16C = 1 | FMA = 1 | BMI2 = 1 | LLAMAFILE = 1 | OPENMP = 1 | REPACK = 1 | 
0.03.502.933 I kl_divergence: computing over 145 chunks, n_ctx=2048, batch_size=2048, n_seq=1
0.06.083.015 I kl_divergence: 2.58 seconds per pass - ETA 6.23 minutes

chunk             PPL               ln(PPL(Q)/PPL(base))          KL Divergence              Δp RMS            Same top p
   1       9.9385 ±    0.9201      -0.00080 ±    0.00128       0.00044 ±    0.00006     0.493 ±  0.022 %    98.827 ±  0.337 %
   2      10.8200 ±    0.6939      -0.00027 ±    0.00077       0.00040 ±    0.00003     0.518 ±  0.021 %    98.778 ±  0.243 %
   3      10.8624 ±    0.5628      -0.00021 ±    0.00059       0.00038 ±    0.00002     0.498 ±  0.018 %    98.860 ±  0.192 %
   4      11.2374 ±    0.5190      -0.00023 ±    0.00051       0.00042 ±    0.00003     0.522 ±  0.024 %    98.974 ±  0.158 %
   5      11.4873 ±    0.4817       0.00028 ±    0.00050       0.00042 ±    0.00003     0.525 ±  0.021 %    98.847 ±  0.149 %
   6       9.8887 ±    0.3677       0.00082 ±    0.00046       0.00044 ±    0.00002     0.561 ±  0.022 %    98.876 ±  0.135 %
   7       9.0897 ±    0.3092       0.00126 ±    0.00050       0.00051 ±    0.00003     0.603 ±  0.021 %    98.785 ±  0.129 %
   8       8.8823 ±    0.2794       0.00106 ±    0.00045       0.00051 ±    0.00003     0.604 ±  0.020 %    98.766 ±  0.122 %
   9       9.4448 ±    0.2823       0.00114 ±    0.00042       0.00051 ±    0.00002     0.596 ±  0.018 %    98.773 ±  0.115 %
  10       9.4954 ±    0.2705       0.00165 ±    0.00051       0.00050 ±    0.00002     0.594 ±  0.017 %    98.807 ±  0.107 %
  11       9.6194 ±    0.2613       0.00146 ±    0.00047       0.00049 ±    0.00002     0.588 ±  0.016 %    98.783 ±  0.103 %
  12       9.9518 ±    0.2604       0.00172 ±    0.00051       0.00049 ±    0.00002     0.577 ±  0.015 %    98.803 ±  0.098 %
  13       9.9506 ±    0.2496       0.00161 ±    0.00048       0.00048 ±    0.00002     0.576 ±  0.014 %    98.774 ±  0.095 %
  14       9.9457 ±    0.2395       0.00168 ±    0.00045       0.00047 ±    0.00002     0.570 ±  0.013 %    98.757 ±  0.093 %
  15       9.8975 ±    0.2296       0.00148 ±    0.00043       0.00047 ±    0.00002     0.564 ±  0.013 %    98.762 ±  0.089 %
  16      10.1561 ±    0.2287       0.00137 ±    0.00040       0.00046 ±    0.00001     0.559 ±  0.012 %    98.760 ±  0.087 %
  17      10.2285 ±    0.2235       0.00143 ±    0.00038       0.00046 ±    0.00001     0.556 ±  0.011 %    98.781 ±  0.083 %
  18      10.3029 ±    0.2186       0.00141 ±    0.00037       0.00046 ±    0.00001     0.553 ±  0.011 %    98.800 ±  0.080 %
  19      10.3225 ±    0.2152       0.00214 ±    0.00044       0.00049 ±    0.00001     0.561 ±  0.011 %    98.806 ±  0.078 %
  20      10.0720 ±    0.2038       0.00202 ±    0.00042       0.00050 ±    0.00002     0.565 ±  0.010 %    98.827 ±  0.075 %
  21      10.0746 ±    0.1986       0.00191 ±    0.00041       0.00049 ±    0.00001     0.562 ±  0.010 %    98.841 ±  0.073 %
  22      10.1283 ±    0.1955       0.00203 ±    0.00039       0.00049 ±    0.00001     0.562 ±  0.010 %    98.876 ±  0.070 %
  23      10.1296 ±    0.1907       0.00196 ±    0.00038       0.00048 ±    0.00001     0.558 ±  0.010 %    98.895 ±  0.068 %
  24      10.1997 ±    0.1883       0.00188 ±    0.00037       0.00049 ±    0.00001     0.558 ±  0.009 %    98.933 ±  0.066 %
  25      10.2395 ±    0.1854       0.00180 ±    0.00035       0.00048 ±    0.00001     0.555 ±  0.009 %    98.940 ±  0.064 %
  26      10.1965 ±    0.1808       0.00181 ±    0.00034       0.00048 ±    0.00001     0.553 ±  0.009 %    98.936 ±  0.063 %
  27      10.5030 ±    0.1842       0.00189 ±    0.00033       0.00049 ±    0.00001     0.551 ±  0.009 %    98.928 ±  0.062 %
  28      10.5552 ±    0.1818       0.00187 ±    0.00032       0.00049 ±    0.00001     0.549 ±  0.009 %    98.946 ±  0.060 %
  29      10.4950 ±    0.1773       0.00180 ±    0.00032       0.00049 ±    0.00001     0.547 ±  0.008 %    98.965 ±  0.059 %
  30      10.4159 ±    0.1725       0.00185 ±    0.00031       0.00048 ±    0.00001     0.544 ±  0.008 %    98.987 ±  0.057 %
  31      10.2792 ±    0.1672       0.00187 ±    0.00030       0.00048 ±    0.00001     0.542 ±  0.008 %    98.978 ±  0.056 %
  32      10.1288 ±    0.1619       0.00192 ±    0.00030       0.00048 ±    0.00001     0.546 ±  0.008 %    98.977 ±  0.056 %
  33      10.0952 ±    0.1590       0.00177 ±    0.00029       0.00048 ±    0.00001     0.549 ±  0.008 %    98.948 ±  0.056 %
  34      10.0239 ±    0.1552       0.00169 ±    0.00028       0.00048 ±    0.00001     0.546 ±  0.008 %    98.951 ±  0.055 %
  35      10.0203 ±    0.1529       0.00166 ±    0.00028       0.00047 ±    0.00001     0.543 ±  0.008 %    98.939 ±  0.054 %
  36      10.0158 ±    0.1507       0.00168 ±    0.00027       0.00047 ±    0.00001     0.544 ±  0.007 %    98.930 ±  0.054 %
  37       9.8448 ±    0.1456       0.00163 ±    0.00027       0.00047 ±    0.00001     0.544 ±  0.007 %    98.946 ±  0.052 %
  38       9.7446 ±    0.1418       0.00157 ±    0.00026       0.00047 ±    0.00001     0.549 ±  0.008 %    98.958 ±  0.051 %
  39       9.6101 ±    0.1375       0.00156 ±    0.00025       0.00047 ±    0.00001     0.549 ±  0.007 %    98.972 ±  0.050 %
  40       9.4401 ±    0.1328       0.00154 ±    0.00025       0.00047 ±    0.00001     0.549 ±  0.007 %    98.981 ±  0.050 %
  41       9.3553 ±    0.1297       0.00149 ±    0.00024       0.00047 ±    0.00001     0.550 ±  0.007 %    98.977 ±  0.049 %
  42       9.4181 ±    0.1292       0.00149 ±    0.00024       0.00047 ±    0.00001     0.549 ±  0.007 %    98.974 ±  0.049 %
  43       9.6229 ±    0.1313       0.00156 ±    0.00025       0.00047 ±    0.00001     0.547 ±  0.007 %    98.968 ±  0.048 %
  44       9.7765 ±    0.1323       0.00157 ±    0.00025       0.00047 ±    0.00001     0.546 ±  0.007 %    98.962 ±  0.048 %
  45       9.8287 ±    0.1316       0.00160 ±    0.00025       0.00047 ±    0.00001     0.545 ±  0.007 %    98.968 ±  0.047 %
  46       9.9064 ±    0.1314       0.00164 ±    0.00025       0.00047 ±    0.00001     0.544 ±  0.006 %    98.976 ±  0.046 %
  47       9.9428 ±    0.1305       0.00167 ±    0.00024       0.00046 ±    0.00001     0.542 ±  0.006 %    98.977 ±  0.046 %
  48       9.9404 ±    0.1289       0.00166 ±    0.00024       0.00046 ±    0.00001     0.542 ±  0.006 %    98.970 ±  0.046 %
  49       9.9859 ±    0.1282       0.00165 ±    0.00023       0.00046 ±    0.00001     0.542 ±  0.006 %    98.977 ±  0.045 %
  50       9.9251 ±    0.1260       0.00164 ±    0.00023       0.00046 ±    0.00001     0.542 ±  0.006 %    98.978 ±  0.044 %
  51       9.9500 ±    0.1250       0.00165 ±    0.00023       0.00046 ±    0.00001     0.544 ±  0.007 %    98.976 ±  0.044 %
  52       9.8563 ±    0.1225       0.00158 ±    0.00022       0.00046 ±    0.00001     0.543 ±  0.007 %    98.972 ±  0.044 %
  53       9.8759 ±    0.1218       0.00180 ±    0.00022       0.00048 ±    0.00001     0.548 ±  0.007 %    98.963 ±  0.043 %
  54       9.8322 ±    0.1201       0.00176 ±    0.00022       0.00048 ±    0.00001     0.548 ±  0.006 %    98.965 ±  0.043 %
  55       9.7436 ±    0.1176       0.00171 ±    0.00022       0.00048 ±    0.00001     0.547 ±  0.006 %    98.976 ±  0.042 %
  56       9.7239 ±    0.1163       0.00183 ±    0.00022       0.00048 ±    0.00001     0.547 ±  0.006 %    98.975 ±  0.042 %
  57       9.6124 ±    0.1137       0.00184 ±    0.00022       0.00047 ±    0.00001     0.546 ±  0.006 %    98.978 ±  0.042 %
  58       9.5658 ±    0.1120       0.00184 ±    0.00021       0.00047 ±    0.00001     0.546 ±  0.006 %    98.974 ±  0.041 %
  59       9.5301 ±    0.1105       0.00182 ±    0.00021       0.00047 ±    0.00001     0.545 ±  0.006 %    98.979 ±  0.041 %
  60       9.4763 ±    0.1089       0.00177 ±    0.00021       0.00047 ±    0.00001     0.544 ±  0.006 %    98.987 ±  0.040 %
  61       9.5352 ±    0.1089       0.00177 ±    0.00020       0.00047 ±    0.00001     0.545 ±  0.006 %    98.987 ±  0.040 %
  62       9.5542 ±    0.1082       0.00174 ±    0.00020       0.00047 ±    0.00001     0.545 ±  0.006 %    98.989 ±  0.040 %
  63       9.5861 ±    0.1076       0.00171 ±    0.00020       0.00047 ±    0.00001     0.544 ±  0.006 %    98.991 ±  0.039 %
  64       9.6665 ±    0.1080       0.00172 ±    0.00020       0.00047 ±    0.00001     0.543 ±  0.006 %    98.992 ±  0.039 %
  65       9.6017 ±    0.1063       0.00172 ±    0.00019       0.00047 ±    0.00001     0.543 ±  0.006 %    98.991 ±  0.039 %
  66       9.6261 ±    0.1058       0.00172 ±    0.00019       0.00047 ±    0.00001     0.543 ±  0.006 %    98.984 ±  0.039 %
  67       9.6251 ±    0.1050       0.00164 ±    0.00019       0.00047 ±    0.00001     0.555 ±  0.012 %    98.979 ±  0.038 %
  68       9.6036 ±    0.1039       0.00168 ±    0.00019       0.00047 ±    0.00001     0.556 ±  0.012 %    98.978 ±  0.038 %
  69       9.5791 ±    0.1028       0.00167 ±    0.00019       0.00047 ±    0.00001     0.556 ±  0.012 %    98.976 ±  0.038 %
  70       9.5646 ±    0.1019       0.00168 ±    0.00019       0.00047 ±    0.00001     0.556 ±  0.012 %    98.972 ±  0.038 %
  71       9.5563 ±    0.1011       0.00165 ±    0.00018       0.00048 ±    0.00001     0.557 ±  0.012 %    98.970 ±  0.037 %
  72       9.6610 ±    0.1018       0.00160 ±    0.00018       0.00049 ±    0.00001     0.563 ±  0.011 %    98.960 ±  0.037 %
  73       9.7125 ±    0.1018       0.00156 ±    0.00018       0.00049 ±    0.00001     0.563 ±  0.011 %    98.962 ±  0.037 %
  74       9.7633 ±    0.1017       0.00152 ±    0.00018       0.00050 ±    0.00001     0.563 ±  0.011 %    98.958 ±  0.037 %
  75       9.7324 ±    0.1006       0.00152 ±    0.00018       0.00050 ±    0.00001     0.562 ±  0.011 %    98.960 ±  0.037 %
  76       9.7553 ±    0.1002       0.00150 ±    0.00018       0.00050 ±    0.00001     0.561 ±  0.011 %    98.949 ±  0.037 %
  77       9.7534 ±    0.0995       0.00150 ±    0.00017       0.00050 ±    0.00001     0.562 ±  0.011 %    98.950 ±  0.036 %
  78       9.7232 ±    0.0984       0.00148 ±    0.00017       0.00050 ±    0.00001     0.563 ±  0.011 %    98.951 ±  0.036 %
  79       9.7792 ±    0.0985       0.00145 ±    0.00017       0.00050 ±    0.00001     0.563 ±  0.010 %    98.952 ±  0.036 %
  80       9.7919 ±    0.0980       0.00141 ±    0.00017       0.00050 ±    0.00001     0.563 ±  0.010 %    98.953 ±  0.036 %
  81       9.8276 ±    0.0978       0.00138 ±    0.00017       0.00050 ±    0.00001     0.561 ±  0.010 %    98.946 ±  0.035 %
  82       9.7498 ±    0.0963       0.00136 ±    0.00017       0.00050 ±    0.00001     0.560 ±  0.010 %    98.951 ±  0.035 %
  83       9.7246 ±    0.0954       0.00136 ±    0.00016       0.00049 ±    0.00001     0.559 ±  0.010 %    98.953 ±  0.035 %
  84       9.7008 ±    0.0946       0.00134 ±    0.00016       0.00049 ±    0.00001     0.559 ±  0.010 %    98.946 ±  0.035 %
  85       9.6657 ±    0.0936       0.00133 ±    0.00016       0.00049 ±    0.00001     0.558 ±  0.010 %    98.947 ±  0.035 %
  86       9.6833 ±    0.0933       0.00134 ±    0.00016       0.00049 ±    0.00001     0.558 ±  0.010 %    98.941 ±  0.035 %
  87       9.6413 ±    0.0922       0.00136 ±    0.00016       0.00049 ±    0.00001     0.558 ±  0.010 %    98.942 ±  0.034 %
  88       9.6288 ±    0.0915       0.00136 ±    0.00016       0.00049 ±    0.00001     0.558 ±  0.010 %    98.944 ±  0.034 %
  89       9.6384 ±    0.0911       0.00138 ±    0.00016       0.00049 ±    0.00001     0.557 ±  0.009 %    98.943 ±  0.034 %
  90       9.6564 ±    0.0907       0.00137 ±    0.00016       0.00049 ±    0.00001     0.557 ±  0.009 %    98.944 ±  0.034 %
  91       9.7324 ±    0.0911       0.00135 ±    0.00016       0.00049 ±    0.00001     0.556 ±  0.009 %    98.941 ±  0.034 %
  92       9.8128 ±    0.0915       0.00133 ±    0.00016       0.00049 ±    0.00001     0.556 ±  0.009 %    98.947 ±  0.033 %
  93       9.8593 ±    0.0915       0.00134 ±    0.00015       0.00049 ±    0.00001     0.555 ±  0.009 %    98.945 ±  0.033 %
  94       9.8910 ±    0.0913       0.00131 ±    0.00015       0.00049 ±    0.00001     0.555 ±  0.009 %    98.949 ±  0.033 %
  95       9.9335 ±    0.0913       0.00129 ±    0.00015       0.00049 ±    0.00001     0.554 ±  0.009 %    98.947 ±  0.033 %
  96      10.0010 ±    0.0915       0.00129 ±    0.00015       0.00049 ±    0.00001     0.553 ±  0.009 %    98.944 ±  0.033 %
  97      10.0715 ±    0.0919       0.00128 ±    0.00015       0.00049 ±    0.00001     0.552 ±  0.009 %    98.943 ±  0.032 %
  98      10.0623 ±    0.0913       0.00129 ±    0.00015       0.00049 ±    0.00001     0.552 ±  0.009 %    98.940 ±  0.032 %
  99      10.0748 ±    0.0909       0.00125 ±    0.00015       0.00049 ±    0.00001     0.553 ±  0.009 %    98.938 ±  0.032 %
 100      10.1007 ±    0.0907       0.00124 ±    0.00015       0.00049 ±    0.00001     0.553 ±  0.009 %    98.940 ±  0.032 %
 101      10.0695 ±    0.0899       0.00123 ±    0.00015       0.00049 ±    0.00001     0.553 ±  0.009 %    98.945 ±  0.032 %
 102      10.0778 ±    0.0896       0.00123 ±    0.00015       0.00049 ±    0.00001     0.552 ±  0.008 %    98.947 ±  0.032 %
 103      10.0815 ±    0.0891       0.00121 ±    0.00014       0.00049 ±    0.00001     0.552 ±  0.008 %    98.947 ±  0.031 %
 104      10.1060 ±    0.0889       0.00120 ±    0.00014       0.00049 ±    0.00001     0.551 ±  0.008 %    98.947 ±  0.031 %
 105      10.1036 ±    0.0883       0.00119 ±    0.00014       0.00049 ±    0.00001     0.551 ±  0.008 %    98.955 ±  0.031 %
 106      10.1013 ±    0.0879       0.00121 ±    0.00014       0.00049 ±    0.00001     0.551 ±  0.008 %    98.951 ±  0.031 %
 107      10.1225 ±    0.0877       0.00120 ±    0.00014       0.00049 ±    0.00001     0.551 ±  0.008 %    98.953 ±  0.031 %
 108      10.1226 ±    0.0873       0.00118 ±    0.00014       0.00049 ±    0.00001     0.552 ±  0.008 %    98.945 ±  0.031 %
 109      10.1609 ±    0.0873       0.00122 ±    0.00014       0.00049 ±    0.00001     0.551 ±  0.008 %    98.946 ±  0.031 %
 110      10.1983 ±    0.0874       0.00121 ±    0.00014       0.00049 ±    0.00001     0.551 ±  0.008 %    98.947 ±  0.030 %
 111      10.1764 ±    0.0867       0.00120 ±    0.00014       0.00049 ±    0.00001     0.553 ±  0.008 %    98.948 ±  0.030 %
 112      10.1816 ±    0.0864       0.00120 ±    0.00014       0.00049 ±    0.00001     0.554 ±  0.008 %    98.948 ±  0.030 %
 113      10.1491 ±    0.0858       0.00120 ±    0.00014       0.00049 ±    0.00001     0.553 ±  0.008 %    98.951 ±  0.030 %
 114      10.1886 ±    0.0858       0.00120 ±    0.00014       0.00049 ±    0.00001     0.553 ±  0.008 %    98.956 ±  0.030 %
 115      10.2137 ±    0.0857       0.00120 ±    0.00014       0.00049 ±    0.00001     0.553 ±  0.008 %    98.956 ±  0.030 %
 116      10.2130 ±    0.0853       0.00119 ±    0.00013       0.00049 ±    0.00001     0.552 ±  0.008 %    98.959 ±  0.029 %
 117      10.2384 ±    0.0852       0.00120 ±    0.00013       0.00049 ±    0.00001     0.552 ±  0.008 %    98.956 ±  0.029 %
 118      10.2240 ±    0.0847       0.00121 ±    0.00013       0.00049 ±    0.00001     0.554 ±  0.008 %    98.961 ±  0.029 %
 119      10.1926 ±    0.0841       0.00126 ±    0.00014       0.00049 ±    0.00001     0.555 ±  0.008 %    98.962 ±  0.029 %
 120      10.2131 ±    0.0840       0.00135 ±    0.00015       0.00049 ±    0.00001     0.554 ±  0.008 %    98.960 ±  0.029 %
 121      10.2073 ±    0.0836       0.00136 ±    0.00015       0.00049 ±    0.00001     0.554 ±  0.008 %    98.959 ±  0.029 %
 122      10.1877 ±    0.0831       0.00136 ±    0.00015       0.00049 ±    0.00001     0.553 ±  0.007 %    98.959 ±  0.029 %
 123      10.1665 ±    0.0825       0.00135 ±    0.00015       0.00049 ±    0.00001     0.555 ±  0.008 %    98.951 ±  0.029 %
 124      10.1864 ±    0.0825       0.00135 ±    0.00015       0.00049 ±    0.00001     0.555 ±  0.008 %    98.953 ±  0.029 %
 125      10.2168 ±    0.0824       0.00135 ±    0.00015       0.00049 ±    0.00001     0.554 ±  0.008 %    98.955 ±  0.028 %
 126      10.1935 ±    0.0819       0.00135 ±    0.00015       0.00049 ±    0.00001     0.555 ±  0.007 %    98.955 ±  0.028 %
 127      10.2001 ±    0.0816       0.00135 ±    0.00015       0.00048 ±    0.00001     0.554 ±  0.007 %    98.958 ±  0.028 %
 128      10.1721 ±    0.0810       0.00135 ±    0.00015       0.00048 ±    0.00001     0.553 ±  0.007 %    98.958 ±  0.028 %
 129      10.1565 ±    0.0805       0.00134 ±    0.00015       0.00048 ±    0.00001     0.553 ±  0.007 %    98.954 ±  0.028 %
 130      10.1550 ±    0.0803       0.00135 ±    0.00015       0.00048 ±    0.00001     0.553 ±  0.007 %    98.959 ±  0.028 %
 131      10.1590 ±    0.0800       0.00133 ±    0.00014       0.00048 ±    0.00001     0.553 ±  0.007 %    98.961 ±  0.028 %
 132      10.1533 ±    0.0796       0.00131 ±    0.00014       0.00048 ±    0.00001     0.552 ±  0.007 %    98.964 ±  0.028 %
 133      10.1768 ±    0.0796       0.00131 ±    0.00014       0.00048 ±    0.00001     0.552 ±  0.007 %    98.967 ±  0.027 %
 134      10.1970 ±    0.0795       0.00132 ±    0.00014       0.00048 ±    0.00001     0.552 ±  0.007 %    98.967 ±  0.027 %
 135      10.1775 ±    0.0790       0.00131 ±    0.00014       0.00048 ±    0.00001     0.552 ±  0.007 %    98.967 ±  0.027 %
 136      10.1394 ±    0.0783       0.00131 ±    0.00014       0.00048 ±    0.00001     0.552 ±  0.007 %    98.965 ±  0.027 %
 137      10.0830 ±    0.0776       0.00130 ±    0.00014       0.00049 ±    0.00001     0.553 ±  0.007 %    98.965 ±  0.027 %
 138      10.1098 ±    0.0776       0.00128 ±    0.00014       0.00049 ±    0.00001     0.555 ±  0.007 %    98.960 ±  0.027 %
 139      10.1293 ±    0.0775       0.00128 ±    0.00014       0.00049 ±    0.00001     0.555 ±  0.007 %    98.962 ±  0.027 %
 140      10.1964 ±    0.0778       0.00140 ±    0.00014       0.00049 ±    0.00001     0.557 ±  0.007 %    98.957 ±  0.027 %
 141      10.1930 ±    0.0775       0.00140 ±    0.00014       0.00049 ±    0.00001     0.557 ±  0.007 %    98.959 ±  0.027 %
 142      10.1918 ±    0.0772       0.00139 ±    0.00014       0.00049 ±    0.00001     0.556 ±  0.007 %    98.963 ±  0.027 %
 143      10.1898 ±    0.0769       0.00140 ±    0.00014       0.00049 ±    0.00001     0.556 ±  0.007 %    98.966 ±  0.026 %
 144      10.2165 ±    0.0769       0.00139 ±    0.00014       0.00049 ±    0.00001     0.556 ±  0.007 %    98.962 ±  0.026 %
 145      10.2078 ±    0.0766       0.00140 ±    0.00013       0.00049 ±    0.00001     0.556 ±  0.007 %    98.962 ±  0.026 %

====== Perplexity statistics ======
Mean PPL(Q)                   :  10.207837 ±   0.076588
Mean PPL(base)                :  10.193553 ±   0.076375
Cor(ln(PPL(Q)), ln(PPL(base))):  99.98%
Mean ln(PPL(Q)/PPL(base))     :   0.001400 ±   0.000135
Mean PPL(Q)/PPL(base)         :   1.001401 ±   0.000135
Mean PPL(Q)-PPL(base)         :   0.014284 ±   0.001388

====== KL divergence statistics ======
Mean    KLD:   0.000492 ±   0.000009
Maximum KLD:   0.646572
99.9%   KLD:   0.015912
99.0%   KLD:   0.003299
95.0%   KLD:   0.001396
90.0%   KLD:   0.000960
Median  KLD:   0.000261
10.0%   KLD:   0.000010
 5.0%   KLD:  -0.000000
 1.0%   KLD:  -0.000026
 0.1%   KLD:  -0.000114
Minimum KLD:  -0.000422

====== Token probability statistics ======
Mean    Δp: -0.004 ± 0.001 %
Maximum Δp: 28.766%
99.9%   Δp:  3.368%
99.0%   Δp:  1.604%
95.0%   Δp:  0.789%
90.0%   Δp:  0.463%
75.0%   Δp:  0.096%
Median  Δp: -0.000%
25.0%   Δp: -0.103%
10.0%   Δp: -0.469%
 5.0%   Δp: -0.798%
 1.0%   Δp: -1.675%
 0.1%   Δp: -3.561%
Minimum Δp: -16.566%
RMS Δp    :  0.556 ± 0.007 %
Same top p: 98.962 ± 0.026 %

------------------------------
llama-perplexity --kl-divergence-base /tmp/logits.dat --ctx-size 2048 -f sample-data/wiki.test.raw -hf prism-ml/Ternary-Bonsai-27B-gguf:Q2_g64 -fa on -ngl 99 -ctk q8_0 -ctv q5_0 --kl-divergence
0.01.057.721 W common_fit_params: failed to fit params to free device memory: n_gpu_layers already set by user to 99, abort
0.03.277.203 I 
0.03.277.283 I system_info: n_threads = 16 (n_threads_batch = 16) / 32 | CUDA : ARCHS = 500,610,700,750,800,860,890,900 | USE_GRAPHS = 1 | FA_ALL_QUANTS = 1 | CPU : SSE3 = 1 | SSSE3 = 1 | AVX = 1 | AVX2 = 1 | F16C = 1 | FMA = 1 | BMI2 = 1 | LLAMAFILE = 1 | OPENMP = 1 | REPACK = 1 | 
0.03.496.759 I kl_divergence: computing over 145 chunks, n_ctx=2048, batch_size=2048, n_seq=1
0.06.052.206 I kl_divergence: 2.56 seconds per pass - ETA 6.17 minutes

chunk             PPL               ln(PPL(Q)/PPL(base))          KL Divergence              Δp RMS            Same top p
   1       9.9624 ±    0.9221       0.00160 ±    0.00124       0.00050 ±    0.00004     0.607 ±  0.039 %    98.631 ±  0.363 %
   2      10.8356 ±    0.6950       0.00118 ±    0.00080       0.00044 ±    0.00002     0.558 ±  0.023 %    98.729 ±  0.248 %
   3      10.8739 ±    0.5636       0.00085 ±    0.00061       0.00042 ±    0.00001     0.532 ±  0.020 %    98.794 ±  0.197 %
   4      11.2392 ±    0.5191      -0.00007 ±    0.00053       0.00045 ±    0.00002     0.546 ±  0.017 %    98.803 ±  0.170 %
   5      11.4880 ±    0.4817       0.00034 ±    0.00054       0.00047 ±    0.00002     0.566 ±  0.022 %    98.866 ±  0.148 %
   6       9.8839 ±    0.3675       0.00034 ±    0.00049       0.00049 ±    0.00002     0.604 ±  0.022 %    98.876 ±  0.135 %
   7       9.0836 ±    0.3089       0.00059 ±    0.00051       0.00055 ±    0.00002     0.644 ±  0.022 %    98.869 ±  0.125 %
   8       8.8766 ±    0.2791       0.00042 ±    0.00047       0.00055 ±    0.00002     0.647 ±  0.020 %    98.900 ±  0.115 %
   9       9.4364 ±    0.2819       0.00025 ±    0.00044       0.00056 ±    0.00002     0.646 ±  0.022 %    98.881 ±  0.110 %
  10       9.4888 ±    0.2702       0.00095 ±    0.00052       0.00055 ±    0.00002     0.636 ±  0.020 %    98.866 ±  0.105 %
  11       9.6161 ±    0.2612       0.00112 ±    0.00048       0.00053 ±    0.00002     0.624 ±  0.018 %    98.863 ±  0.100 %
  12       9.9472 ±    0.2602       0.00125 ±    0.00053       0.00053 ±    0.00001     0.614 ±  0.017 %    98.876 ±  0.095 %
  13       9.9469 ±    0.2495       0.00124 ±    0.00049       0.00052 ±    0.00001     0.611 ±  0.016 %    98.865 ±  0.092 %
  14       9.9393 ±    0.2393       0.00103 ±    0.00046       0.00051 ±    0.00001     0.604 ±  0.015 %    98.834 ±  0.090 %
  15       9.8923 ±    0.2294       0.00096 ±    0.00044       0.00051 ±    0.00001     0.598 ±  0.015 %    98.827 ±  0.087 %
  16      10.1526 ±    0.2286       0.00103 ±    0.00042       0.00051 ±    0.00001     0.596 ±  0.014 %    98.790 ±  0.085 %
  17      10.2241 ±    0.2234       0.00100 ±    0.00040       0.00051 ±    0.00001     0.588 ±  0.013 %    98.798 ±  0.083 %
  18      10.2978 ±    0.2184       0.00092 ±    0.00038       0.00050 ±    0.00001     0.584 ±  0.013 %    98.789 ±  0.081 %
  19      10.3169 ±    0.2150       0.00160 ±    0.00045       0.00054 ±    0.00001     0.593 ±  0.012 %    98.791 ±  0.078 %
  20      10.0670 ±    0.2037       0.00152 ±    0.00043       0.00055 ±    0.00001     0.592 ±  0.012 %    98.798 ±  0.076 %
  21      10.0700 ±    0.1984       0.00145 ±    0.00041       0.00054 ±    0.00001     0.589 ±  0.011 %    98.794 ±  0.074 %
  22      10.1212 ±    0.1953       0.00133 ±    0.00040       0.00054 ±    0.00001     0.588 ±  0.011 %    98.814 ±  0.072 %
  23      10.1222 ±    0.1905       0.00123 ±    0.00038       0.00053 ±    0.00001     0.584 ±  0.011 %    98.827 ±  0.070 %
  24      10.1912 ±    0.1881       0.00105 ±    0.00037       0.00054 ±    0.00001     0.595 ±  0.013 %    98.868 ±  0.068 %
  25      10.2313 ±    0.1852       0.00098 ±    0.00036       0.00054 ±    0.00001     0.591 ±  0.013 %    98.890 ±  0.066 %
  26      10.1875 ±    0.1805       0.00093 ±    0.00035       0.00053 ±    0.00001     0.591 ±  0.012 %    98.891 ±  0.064 %
  27      10.4933 ±    0.1840       0.00097 ±    0.00034       0.00054 ±    0.00001     0.590 ±  0.012 %    98.885 ±  0.063 %
  28      10.5452 ±    0.1816       0.00093 ±    0.00033       0.00054 ±    0.00001     0.589 ±  0.012 %    98.907 ±  0.061 %
  29      10.4855 ±    0.1771       0.00090 ±    0.00032       0.00053 ±    0.00001     0.587 ±  0.011 %    98.925 ±  0.060 %
  30      10.4063 ±    0.1723       0.00093 ±    0.00031       0.00053 ±    0.00001     0.584 ±  0.011 %    98.941 ±  0.058 %
  31      10.2697 ±    0.1670       0.00095 ±    0.00030       0.00052 ±    0.00001     0.581 ±  0.011 %    98.937 ±  0.058 %
  32      10.1190 ±    0.1617       0.00095 ±    0.00030       0.00052 ±    0.00001     0.583 ±  0.011 %    98.922 ±  0.057 %
  33      10.0858 ±    0.1589       0.00084 ±    0.00030       0.00054 ±    0.00001     0.605 ±  0.022 %    98.931 ±  0.056 %
  34      10.0153 ±    0.1550       0.00083 ±    0.00029       0.00053 ±    0.00001     0.602 ±  0.021 %    98.933 ±  0.055 %
  35      10.0118 ±    0.1527       0.00082 ±    0.00028       0.00053 ±    0.00001     0.598 ±  0.021 %    98.928 ±  0.054 %
  36      10.0076 ±    0.1506       0.00086 ±    0.00028       0.00053 ±    0.00001     0.597 ±  0.020 %    98.933 ±  0.054 %
  37       9.8370 ±    0.1454       0.00084 ±    0.00027       0.00053 ±    0.00001     0.599 ±  0.020 %    98.949 ±  0.052 %
  38       9.7376 ±    0.1417       0.00085 ±    0.00026       0.00053 ±    0.00001     0.604 ±  0.020 %    98.966 ±  0.051 %
  39       9.6028 ±    0.1373       0.00081 ±    0.00026       0.00053 ±    0.00001     0.605 ±  0.019 %    98.980 ±  0.050 %
  40       9.4337 ±    0.1327       0.00086 ±    0.00025       0.00052 ±    0.00001     0.605 ±  0.019 %    98.981 ±  0.050 %
  41       9.3491 ±    0.1296       0.00083 ±    0.00025       0.00052 ±    0.00001     0.604 ±  0.018 %    98.958 ±  0.050 %
  42       9.4119 ±    0.1291       0.00084 ±    0.00025       0.00052 ±    0.00001     0.603 ±  0.018 %    98.953 ±  0.049 %
  43       9.6167 ±    0.1312       0.00091 ±    0.00025       0.00052 ±    0.00001     0.602 ±  0.017 %    98.947 ±  0.049 %
  44       9.7708 ±    0.1322       0.00099 ±    0.00026       0.00053 ±    0.00001     0.600 ±  0.017 %    98.945 ±  0.048 %
  45       9.8232 ±    0.1315       0.00104 ±    0.00025       0.00053 ±    0.00001     0.598 ±  0.017 %    98.949 ±  0.048 %
  46       9.9005 ±    0.1313       0.00104 ±    0.00025       0.00053 ±    0.00001     0.597 ±  0.016 %    98.950 ±  0.047 %
  47       9.9368 ±    0.1303       0.00107 ±    0.00025       0.00053 ±    0.00001     0.595 ±  0.016 %    98.952 ±  0.046 %
  48       9.9344 ±    0.1288       0.00106 ±    0.00024       0.00053 ±    0.00001     0.594 ±  0.016 %    98.943 ±  0.046 %
  49       9.9793 ±    0.1281       0.00099 ±    0.00024       0.00053 ±    0.00001     0.592 ±  0.016 %    98.941 ±  0.046 %
  50       9.9189 ±    0.1259       0.00103 ±    0.00024       0.00052 ±    0.00001     0.591 ±  0.015 %    98.946 ±  0.045 %
  51       9.9434 ±    0.1249       0.00099 ±    0.00023       0.00052 ±    0.00001     0.590 ±  0.015 %    98.944 ±  0.045 %
  52       9.8502 ±    0.1224       0.00096 ±    0.00023       0.00052 ±    0.00001     0.591 ±  0.015 %    98.953 ±  0.044 %
  53       9.8648 ±    0.1216       0.00068 ±    0.00023       0.00053 ±    0.00001     0.596 ±  0.015 %    98.941 ±  0.044 %
  54       9.8212 ±    0.1199       0.00064 ±    0.00022       0.00053 ±    0.00001     0.596 ±  0.014 %    98.945 ±  0.043 %
  55       9.7330 ±    0.1174       0.00063 ±    0.00022       0.00053 ±    0.00001     0.595 ±  0.014 %    98.953 ±  0.043 %
  56       9.7132 ±    0.1162       0.00074 ±    0.00022       0.00053 ±    0.00001     0.594 ±  0.014 %    98.960 ±  0.042 %
  57       9.6016 ±    0.1135       0.00072 ±    0.00022       0.00053 ±    0.00001     0.593 ±  0.014 %    98.968 ±  0.042 %
  58       9.5549 ±    0.1118       0.00070 ±    0.00022       0.00052 ±    0.00001     0.592 ±  0.013 %    98.965 ±  0.042 %
  59       9.5191 ±    0.1104       0.00066 ±    0.00021       0.00052 ±    0.00001     0.591 ±  0.013 %    98.973 ±  0.041 %
  60       9.4656 ±    0.1087       0.00064 ±    0.00021       0.00052 ±    0.00001     0.591 ±  0.013 %    98.977 ±  0.041 %
  61       9.5244 ±    0.1087       0.00064 ±    0.00021       0.00052 ±    0.00001     0.591 ±  0.013 %    98.978 ±  0.040 %
  62       9.5437 ±    0.1080       0.00064 ±    0.00021       0.00052 ±    0.00001     0.590 ±  0.013 %    98.985 ±  0.040 %
  63       9.5758 ±    0.1075       0.00064 ±    0.00020       0.00052 ±    0.00001     0.589 ±  0.013 %    98.990 ±  0.039 %
  64       9.6557 ±    0.1078       0.00060 ±    0.00020       0.00052 ±    0.00001     0.587 ±  0.012 %    98.992 ±  0.039 %
  65       9.5914 ±    0.1061       0.00064 ±    0.00020       0.00052 ±    0.00001     0.587 ±  0.012 %    98.992 ±  0.039 %
  66       9.6157 ±    0.1056       0.00064 ±    0.00020       0.00052 ±    0.00001     0.586 ±  0.012 %    98.988 ±  0.039 %
  67       9.6151 ±    0.1048       0.00060 ±    0.00019       0.00052 ±    0.00001     0.590 ±  0.012 %    98.985 ±  0.038 %
  68       9.5931 ±    0.1037       0.00059 ±    0.00019       0.00052 ±    0.00001     0.590 ±  0.012 %    98.981 ±  0.038 %
  69       9.5689 ±    0.1026       0.00060 ±    0.00019       0.00052 ±    0.00001     0.589 ±  0.012 %    98.980 ±  0.038 %
  70       9.5546 ±    0.1017       0.00063 ±    0.00019       0.00052 ±    0.00001     0.589 ±  0.012 %    98.981 ±  0.038 %
  71       9.5466 ±    0.1009       0.00063 ±    0.00019       0.00054 ±    0.00001     0.594 ±  0.012 %    98.978 ±  0.037 %
  72       9.6510 ±    0.1017       0.00057 ±    0.00019       0.00055 ±    0.00001     0.603 ±  0.012 %    98.970 ±  0.037 %
  73       9.7028 ±    0.1017       0.00055 ±    0.00019       0.00055 ±    0.00001     0.602 ±  0.012 %    98.966 ±  0.037 %
  74       9.7537 ±    0.1016       0.00053 ±    0.00018       0.00055 ±    0.00001     0.601 ±  0.012 %    98.954 ±  0.037 %
  75       9.7227 ±    0.1005       0.00052 ±    0.00018       0.00055 ±    0.00001     0.600 ±  0.012 %    98.949 ±  0.037 %
  76       9.7455 ±    0.1001       0.00049 ±    0.00018       0.00055 ±    0.00001     0.599 ±  0.012 %    98.941 ±  0.037 %
  77       9.7447 ±    0.0994       0.00061 ±    0.00018       0.00055 ±    0.00001     0.602 ±  0.012 %    98.941 ±  0.036 %
  78       9.7148 ±    0.0983       0.00062 ±    0.00018       0.00056 ±    0.00001     0.603 ±  0.011 %    98.949 ±  0.036 %
  79       9.7711 ±    0.0984       0.00062 ±    0.00018       0.00056 ±    0.00001     0.602 ±  0.011 %    98.938 ±  0.036 %
  80       9.7840 ±    0.0979       0.00060 ±    0.00017       0.00056 ±    0.00001     0.601 ±  0.011 %    98.937 ±  0.036 %
  81       9.8203 ±    0.0977       0.00063 ±    0.00017       0.00056 ±    0.00001     0.599 ±  0.011 %    98.930 ±  0.036 %
  82       9.7428 ±    0.0962       0.00063 ±    0.00017       0.00055 ±    0.00001     0.598 ±  0.011 %    98.937 ±  0.035 %
  83       9.7174 ±    0.0953       0.00062 ±    0.00017       0.00055 ±    0.00001     0.597 ±  0.011 %    98.935 ±  0.035 %
  84       9.6937 ±    0.0945       0.00061 ±    0.00017       0.00055 ±    0.00001     0.598 ±  0.011 %    98.928 ±  0.035 %
  85       9.6587 ±    0.0936       0.00061 ±    0.00017       0.00055 ±    0.00001     0.598 ±  0.011 %    98.933 ±  0.035 %
  86       9.6763 ±    0.0932       0.00062 ±    0.00017       0.00055 ±    0.00001     0.597 ±  0.010 %    98.934 ±  0.035 %
  87       9.6343 ±    0.0921       0.00063 ±    0.00016       0.00055 ±    0.00001     0.597 ±  0.010 %    98.936 ±  0.034 %
  88       9.6220 ±    0.0914       0.00065 ±    0.00016       0.00055 ±    0.00001     0.597 ±  0.010 %    98.940 ±  0.034 %
  89       9.6317 ±    0.0910       0.00069 ±    0.00016       0.00055 ±    0.00001     0.596 ±  0.010 %    98.946 ±  0.034 %
  90       9.6498 ±    0.0906       0.00069 ±    0.00016       0.00055 ±    0.00001     0.595 ±  0.010 %    98.945 ±  0.034 %
  91       9.7263 ±    0.0910       0.00072 ±    0.00016       0.00055 ±    0.00001     0.594 ±  0.010 %    98.945 ±  0.033 %
  92       9.8066 ±    0.0914       0.00069 ±    0.00016       0.00055 ±    0.00001     0.593 ±  0.010 %    98.950 ±  0.033 %
  93       9.8530 ±    0.0914       0.00070 ±    0.00016       0.00055 ±    0.00001     0.593 ±  0.010 %    98.946 ±  0.033 %
  94       9.8849 ±    0.0912       0.00069 ±    0.00016       0.00055 ±    0.00001     0.592 ±  0.010 %    98.943 ±  0.033 %
  95       9.9275 ±    0.0912       0.00069 ±    0.00016       0.00055 ±    0.00001     0.592 ±  0.010 %    98.940 ±  0.033 %
  96       9.9951 ±    0.0915       0.00070 ±    0.00016       0.00055 ±    0.00001     0.591 ±  0.010 %    98.941 ±  0.033 %
  97      10.0654 ±    0.0918       0.00068 ±    0.00015       0.00055 ±    0.00001     0.590 ±  0.010 %    98.937 ±  0.033 %
  98      10.0560 ±    0.0912       0.00066 ±    0.00015       0.00055 ±    0.00001     0.590 ±  0.009 %    98.938 ±  0.032 %
  99      10.0688 ±    0.0908       0.00066 ±    0.00015       0.00055 ±    0.00001     0.590 ±  0.009 %    98.932 ±  0.032 %
 100      10.0950 ±    0.0907       0.00068 ±    0.00015       0.00055 ±    0.00001     0.590 ±  0.009 %    98.934 ±  0.032 %
 101      10.0638 ±    0.0899       0.00067 ±    0.00015       0.00055 ±    0.00001     0.590 ±  0.009 %    98.937 ±  0.032 %
 102      10.0722 ±    0.0895       0.00067 ±    0.00015       0.00055 ±    0.00001     0.589 ±  0.009 %    98.937 ±  0.032 %
 103      10.0761 ±    0.0890       0.00067 ±    0.00015       0.00054 ±    0.00001     0.588 ±  0.009 %    98.934 ±  0.032 %
 104      10.1007 ±    0.0888       0.00067 ±    0.00015       0.00054 ±    0.00001     0.588 ±  0.009 %    98.928 ±  0.032 %
 105      10.0982 ±    0.0883       0.00065 ±    0.00015       0.00054 ±    0.00001     0.588 ±  0.009 %    98.933 ±  0.031 %
 106      10.0958 ±    0.0878       0.00067 ±    0.00015       0.00054 ±    0.00001     0.588 ±  0.009 %    98.932 ±  0.031 %
 107      10.1169 ±    0.0876       0.00064 ±    0.00015       0.00054 ±    0.00001     0.587 ±  0.009 %    98.933 ±  0.031 %
 108      10.1169 ±    0.0872       0.00061 ±    0.00015       0.00055 ±    0.00001     0.590 ±  0.009 %    98.927 ±  0.031 %
 109      10.1549 ±    0.0872       0.00063 ±    0.00015       0.00054 ±    0.00001     0.589 ±  0.009 %    98.923 ±  0.031 %
 110      10.1927 ±    0.0873       0.00065 ±    0.00014       0.00055 ±    0.00001     0.589 ±  0.009 %    98.924 ±  0.031 %
 111      10.1709 ±    0.0867       0.00065 ±    0.00014       0.00055 ±    0.00001     0.589 ±  0.009 %    98.925 ±  0.031 %
 112      10.1759 ±    0.0863       0.00064 ±    0.00014       0.00055 ±    0.00001     0.590 ±  0.009 %    98.925 ±  0.030 %
 113      10.1434 ±    0.0857       0.00065 ±    0.00014       0.00055 ±    0.00001     0.590 ±  0.009 %    98.926 ±  0.030 %
 114      10.1829 ±    0.0857       0.00064 ±    0.00014       0.00055 ±    0.00001     0.589 ±  0.009 %    98.930 ±  0.030 %
 115      10.2079 ±    0.0856       0.00063 ±    0.00014       0.00055 ±    0.00001     0.589 ±  0.009 %    98.935 ±  0.030 %
 116      10.2072 ±    0.0852       0.00063 ±    0.00014       0.00055 ±    0.00001     0.589 ±  0.008 %    98.936 ±  0.030 %
 117      10.2329 ±    0.0851       0.00066 ±    0.00014       0.00055 ±    0.00001     0.588 ±  0.008 %    98.936 ±  0.030 %
 118      10.2184 ±    0.0846       0.00066 ±    0.00014       0.00055 ±    0.00001     0.590 ±  0.008 %    98.936 ±  0.030 %
 119      10.1871 ±    0.0840       0.00072 ±    0.00015       0.00055 ±    0.00001     0.591 ±  0.008 %    98.940 ±  0.029 %
 120      10.2075 ±    0.0839       0.00081 ±    0.00016       0.00055 ±    0.00001     0.591 ±  0.008 %    98.937 ±  0.029 %
 121      10.2018 ±    0.0835       0.00083 ±    0.00016       0.00055 ±    0.00001     0.590 ±  0.008 %    98.936 ±  0.029 %
 122      10.1824 ±    0.0830       0.00084 ±    0.00016       0.00055 ±    0.00001     0.589 ±  0.008 %    98.934 ±  0.029 %
 123      10.1613 ±    0.0825       0.00084 ±    0.00016       0.00055 ±    0.00001     0.591 ±  0.008 %    98.932 ±  0.029 %
 124      10.1813 ±    0.0824       0.00085 ±    0.00015       0.00055 ±    0.00001     0.591 ±  0.008 %    98.931 ±  0.029 %
 125      10.2115 ±    0.0824       0.00084 ±    0.00015       0.00055 ±    0.00001     0.590 ±  0.008 %    98.925 ±  0.029 %
 126      10.1884 ±    0.0818       0.00084 ±    0.00015       0.00055 ±    0.00001     0.590 ±  0.008 %    98.926 ±  0.029 %
 127      10.1950 ±    0.0816       0.00085 ±    0.00015       0.00055 ±    0.00001     0.589 ±  0.008 %    98.926 ±  0.029 %
 128      10.1672 ±    0.0810       0.00087 ±    0.00015       0.00055 ±    0.00001     0.589 ±  0.008 %    98.924 ±  0.029 %
 129      10.1517 ±    0.0805       0.00087 ±    0.00015       0.00054 ±    0.00001     0.589 ±  0.008 %    98.925 ±  0.028 %
 130      10.1499 ±    0.0802       0.00084 ±    0.00015       0.00054 ±    0.00001     0.589 ±  0.008 %    98.925 ±  0.028 %
 131      10.1538 ±    0.0800       0.00082 ±    0.00015       0.00054 ±    0.00001     0.589 ±  0.008 %    98.926 ±  0.028 %
 132      10.1482 ±    0.0796       0.00082 ±    0.00015       0.00054 ±    0.00001     0.588 ±  0.008 %    98.928 ±  0.028 %
 133      10.1718 ±    0.0795       0.00082 ±    0.00015       0.00055 ±    0.00001     0.589 ±  0.008 %    98.931 ±  0.028 %
 134      10.1918 ±    0.0794       0.00081 ±    0.00015       0.00054 ±    0.00001     0.588 ±  0.008 %    98.933 ±  0.028 %
 135      10.1724 ±    0.0789       0.00080 ±    0.00015       0.00054 ±    0.00001     0.589 ±  0.008 %    98.933 ±  0.028 %
 136      10.1343 ±    0.0783       0.00081 ±    0.00014       0.00054 ±    0.00001     0.588 ±  0.007 %    98.930 ±  0.028 %
 137      10.0782 ±    0.0775       0.00082 ±    0.00014       0.00054 ±    0.00001     0.590 ±  0.008 %    98.929 ±  0.027 %
 138      10.1053 ±    0.0775       0.00083 ±    0.00014       0.00055 ±    0.00001     0.591 ±  0.008 %    98.925 ±  0.027 %
 139      10.1248 ±    0.0774       0.00083 ±    0.00014       0.00054 ±    0.00001     0.590 ±  0.007 %    98.921 ±  0.027 %
 140      10.1908 ±    0.0778       0.00084 ±    0.00014       0.00055 ±    0.00001     0.591 ±  0.007 %    98.916 ±  0.027 %
 141      10.1873 ±    0.0775       0.00085 ±    0.00014       0.00054 ±    0.00001     0.590 ±  0.007 %    98.918 ±  0.027 %
 142      10.1861 ±    0.0771       0.00084 ±    0.00014       0.00054 ±    0.00001     0.589 ±  0.007 %    98.923 ±  0.027 %
 143      10.1840 ±    0.0768       0.00083 ±    0.00014       0.00054 ±    0.00001     0.588 ±  0.007 %    98.924 ±  0.027 %
 144      10.2107 ±    0.0768       0.00082 ±    0.00014       0.00054 ±    0.00001     0.589 ±  0.007 %    98.921 ±  0.027 %
 145      10.2020 ±    0.0765       0.00083 ±    0.00014       0.00054 ±    0.00001     0.589 ±  0.007 %    98.923 ±  0.027 %

====== Perplexity statistics ======
Mean PPL(Q)                   :  10.201993 ±   0.076520
Mean PPL(base)                :  10.193553 ±   0.076375
Cor(ln(PPL(Q)), ln(PPL(base))):  99.98%
Mean ln(PPL(Q)/PPL(base))     :   0.000828 ±   0.000138
Mean PPL(Q)/PPL(base)         :   1.000828 ±   0.000139
Mean PPL(Q)-PPL(base)         :   0.008440 ±   0.001417

====== KL divergence statistics ======
Mean    KLD:   0.000544 ±   0.000007
Maximum KLD:   0.381360
99.9%   KLD:   0.019658
99.0%   KLD:   0.003571
95.0%   KLD:   0.001550
90.0%   KLD:   0.001055
Median  KLD:   0.000294
10.0%   KLD:   0.000012
 5.0%   KLD:   0.000000
 1.0%   KLD:  -0.000028
 0.1%   KLD:  -0.000115
Minimum KLD:  -0.000412

====== Token probability statistics ======
Mean    Δp: -0.002 ± 0.002 %
Maximum Δp: 28.081%
99.9%   Δp:  3.693%
99.0%   Δp:  1.720%
95.0%   Δp:  0.835%
90.0%   Δp:  0.489%
75.0%   Δp:  0.101%
Median  Δp: -0.000%
25.0%   Δp: -0.108%
10.0%   Δp: -0.496%
 5.0%   Δp: -0.839%
 1.0%   Δp: -1.709%
 0.1%   Δp: -3.727%
Minimum Δp: -19.140%
RMS Δp    :  0.589 ± 0.007 %
Same top p: 98.923 ± 0.027 %

------------------------------
llama-perplexity --kl-divergence-base /tmp/logits.dat --ctx-size 2048 -f sample-data/wiki.test.raw -hf prism-ml/Ternary-Bonsai-27B-gguf:Q2_g64 -fa on -ngl 99 -ctk q8_0 -ctv q4_1 --kl-divergence
0.01.034.620 W common_fit_params: failed to fit params to free device memory: n_gpu_layers already set by user to 99, abort
0.03.217.944 I 
0.03.218.029 I system_info: n_threads = 16 (n_threads_batch = 16) / 32 | CUDA : ARCHS = 500,610,700,750,800,860,890,900 | USE_GRAPHS = 1 | FA_ALL_QUANTS = 1 | CPU : SSE3 = 1 | SSSE3 = 1 | AVX = 1 | AVX2 = 1 | F16C = 1 | FMA = 1 | BMI2 = 1 | LLAMAFILE = 1 | OPENMP = 1 | REPACK = 1 | 
0.03.436.378 I kl_divergence: computing over 145 chunks, n_ctx=2048, batch_size=2048, n_seq=1
0.05.979.351 I kl_divergence: 2.54 seconds per pass - ETA 6.13 minutes

chunk             PPL               ln(PPL(Q)/PPL(base))          KL Divergence              Δp RMS            Same top p
   1       9.9489 ±    0.9197       0.00025 ±    0.00194       0.00104 ±    0.00008     0.779 ±  0.055 %    98.631 ±  0.363 %
   2      10.8313 ±    0.6940       0.00078 ±    0.00119       0.00093 ±    0.00005     0.745 ±  0.033 %    98.534 ±  0.266 %
   3      10.8652 ±    0.5626       0.00005 ±    0.00090       0.00087 ±    0.00003     0.709 ±  0.025 %    98.697 ±  0.205 %
   4      11.2363 ±    0.5187      -0.00033 ±    0.00078       0.00092 ±    0.00003     0.762 ±  0.026 %    98.460 ±  0.192 %
   5      11.4872 ±    0.4814       0.00027 ±    0.00074       0.00095 ±    0.00003     0.782 ±  0.024 %    98.495 ±  0.170 %
   6       9.8805 ±    0.3672      -0.00001 ±    0.00067       0.00097 ±    0.00003     0.845 ±  0.028 %    98.469 ±  0.157 %
   7       9.0717 ±    0.3082      -0.00072 ±    0.00069       0.00110 ±    0.00004     0.910 ±  0.031 %    98.478 ±  0.145 %
   8       8.8649 ±    0.2785      -0.00090 ±    0.00064       0.00110 ±    0.00004     0.909 ±  0.028 %    98.485 ±  0.135 %
   9       9.4305 ±    0.2816      -0.00038 ±    0.00060       0.00112 ±    0.00003     0.897 ±  0.025 %    98.414 ±  0.130 %
  10       9.4834 ±    0.2699       0.00039 ±    0.00065       0.00110 ±    0.00003     0.883 ±  0.023 %    98.426 ±  0.123 %
  11       9.6105 ±    0.2609       0.00054 ±    0.00060       0.00108 ±    0.00003     0.873 ±  0.022 %    98.472 ±  0.116 %
  12       9.9435 ±    0.2600       0.00088 ±    0.00063       0.00107 ±    0.00003     0.857 ±  0.020 %    98.501 ±  0.110 %
  13       9.9464 ±    0.2494       0.00120 ±    0.00059       0.00106 ±    0.00002     0.854 ±  0.019 %    98.496 ±  0.106 %
  14       9.9417 ±    0.2393       0.00127 ±    0.00056       0.00105 ±    0.00002     0.844 ±  0.018 %    98.499 ±  0.102 %
  15       9.8942 ±    0.2294       0.00115 ±    0.00054       0.00105 ±    0.00002     0.840 ±  0.017 %    98.508 ±  0.098 %
  16      10.1539 ±    0.2286       0.00115 ±    0.00051       0.00105 ±    0.00002     0.836 ±  0.017 %    98.485 ±  0.095 %
  17      10.2251 ±    0.2234       0.00109 ±    0.00049       0.00104 ±    0.00002     0.830 ±  0.016 %    98.505 ±  0.092 %
  18      10.2980 ±    0.2184       0.00094 ±    0.00047       0.00104 ±    0.00002     0.826 ±  0.015 %    98.501 ±  0.090 %
  19      10.3060 ±    0.2147       0.00054 ±    0.00052       0.00111 ±    0.00003     0.846 ±  0.015 %    98.472 ±  0.088 %
  20      10.0581 ±    0.2034       0.00063 ±    0.00050       0.00111 ±    0.00003     0.847 ±  0.015 %    98.460 ±  0.086 %
  21      10.0615 ±    0.1982       0.00060 ±    0.00048       0.00110 ±    0.00002     0.842 ±  0.014 %    98.483 ±  0.083 %
  22      10.1134 ±    0.1951       0.00055 ±    0.00047       0.00110 ±    0.00002     0.841 ±  0.014 %    98.507 ±  0.081 %
  23      10.1164 ±    0.1904       0.00066 ±    0.00045       0.00109 ±    0.00002     0.835 ±  0.013 %    98.504 ±  0.079 %
  24      10.1855 ±    0.1879       0.00049 ±    0.00044       0.00110 ±    0.00002     0.847 ±  0.016 %    98.526 ±  0.077 %
  25      10.2261 ±    0.1850       0.00048 ±    0.00043       0.00109 ±    0.00002     0.842 ±  0.016 %    98.530 ±  0.075 %
  26      10.1837 ±    0.1804       0.00055 ±    0.00042       0.00108 ±    0.00002     0.839 ±  0.015 %    98.560 ±  0.073 %
  27      10.4930 ±    0.1839       0.00093 ±    0.00041       0.00110 ±    0.00002     0.835 ±  0.015 %    98.552 ±  0.072 %
  28      10.5459 ±    0.1816       0.00099 ±    0.00040       0.00109 ±    0.00002     0.832 ±  0.014 %    98.551 ±  0.071 %
  29      10.4867 ±    0.1770       0.00101 ±    0.00039       0.00108 ±    0.00002     0.826 ±  0.014 %    98.557 ±  0.069 %
  30      10.4075 ±    0.1723       0.00105 ±    0.00038       0.00107 ±    0.00002     0.823 ±  0.014 %    98.563 ±  0.068 %
  31      10.2721 ±    0.1670       0.00119 ±    0.00037       0.00107 ±    0.00002     0.820 ±  0.013 %    98.575 ±  0.067 %
  32      10.1218 ±    0.1617       0.00123 ±    0.00037       0.00106 ±    0.00002     0.821 ±  0.013 %    98.561 ±  0.066 %
  33      10.0891 ±    0.1589       0.00117 ±    0.00036       0.00107 ±    0.00002     0.823 ±  0.013 %    98.540 ±  0.065 %
  34      10.0194 ±    0.1550       0.00124 ±    0.00035       0.00106 ±    0.00002     0.819 ±  0.012 %    98.542 ±  0.064 %
  35      10.0155 ±    0.1528       0.00118 ±    0.00035       0.00106 ±    0.00002     0.816 ±  0.012 %    98.523 ±  0.064 %
  36      10.0101 ±    0.1506       0.00111 ±    0.00034       0.00106 ±    0.00002     0.815 ±  0.012 %    98.531 ±  0.063 %
  37       9.8395 ±    0.1454       0.00110 ±    0.00033       0.00106 ±    0.00002     0.815 ±  0.012 %    98.528 ±  0.062 %
  38       9.7404 ±    0.1417       0.00114 ±    0.00033       0.00105 ±    0.00002     0.817 ±  0.011 %    98.547 ±  0.061 %
  39       9.6057 ±    0.1374       0.00111 ±    0.00032       0.00105 ±    0.00002     0.820 ±  0.011 %    98.576 ±  0.059 %
  40       9.4361 ±    0.1327       0.00111 ±    0.00031       0.00104 ±    0.00002     0.819 ±  0.011 %    98.595 ±  0.058 %
  41       9.3515 ±    0.1296       0.00109 ±    0.00031       0.00104 ±    0.00002     0.820 ±  0.011 %    98.593 ±  0.058 %
  42       9.4146 ±    0.1291       0.00113 ±    0.00031       0.00104 ±    0.00002     0.818 ±  0.011 %    98.580 ±  0.057 %
  43       9.6198 ±    0.1312       0.00123 ±    0.00031       0.00104 ±    0.00002     0.816 ±  0.010 %    98.566 ±  0.057 %
  44       9.7732 ±    0.1322       0.00123 ±    0.00031       0.00104 ±    0.00001     0.813 ±  0.010 %    98.556 ±  0.056 %
  45       9.8254 ±    0.1315       0.00127 ±    0.00031       0.00104 ±    0.00001     0.812 ±  0.010 %    98.551 ±  0.056 %
  46       9.9031 ±    0.1313       0.00130 ±    0.00030       0.00105 ±    0.00001     0.810 ±  0.010 %    98.544 ±  0.055 %
  47       9.9391 ±    0.1304       0.00131 ±    0.00030       0.00104 ±    0.00001     0.808 ±  0.010 %    98.546 ±  0.055 %
  48       9.9371 ±    0.1288       0.00133 ±    0.00030       0.00105 ±    0.00001     0.809 ±  0.010 %    98.530 ±  0.054 %
  49       9.9813 ±    0.1281       0.00119 ±    0.00029       0.00105 ±    0.00001     0.807 ±  0.009 %    98.536 ±  0.054 %
  50       9.9205 ±    0.1259       0.00119 ±    0.00029       0.00104 ±    0.00001     0.807 ±  0.009 %    98.530 ±  0.053 %
  51       9.9454 ±    0.1249       0.00119 ±    0.00028       0.00104 ±    0.00001     0.807 ±  0.009 %    98.524 ±  0.053 %
  52       9.8520 ±    0.1224       0.00114 ±    0.00028       0.00104 ±    0.00001     0.807 ±  0.009 %    98.521 ±  0.052 %
  53       9.8791 ±    0.1218       0.00213 ±    0.00029       0.00111 ±    0.00002     0.839 ±  0.010 %    98.477 ±  0.053 %
  54       9.8364 ±    0.1201       0.00218 ±    0.00028       0.00111 ±    0.00002     0.839 ±  0.010 %    98.483 ±  0.052 %
  55       9.7475 ±    0.1176       0.00212 ±    0.00028       0.00110 ±    0.00002     0.836 ±  0.010 %    98.491 ±  0.051 %
  56       9.7278 ±    0.1164       0.00224 ±    0.00028       0.00111 ±    0.00002     0.836 ±  0.009 %    98.490 ±  0.051 %
  57       9.6157 ±    0.1137       0.00218 ±    0.00028       0.00110 ±    0.00002     0.836 ±  0.009 %    98.484 ±  0.051 %
  58       9.5687 ±    0.1120       0.00214 ±    0.00027       0.00110 ±    0.00002     0.835 ±  0.009 %    98.483 ±  0.050 %
  59       9.5327 ±    0.1106       0.00210 ±    0.00027       0.00109 ±    0.00002     0.833 ±  0.009 %    98.489 ±  0.050 %
  60       9.4791 ±    0.1089       0.00206 ±    0.00027       0.00109 ±    0.00001     0.832 ±  0.009 %    98.498 ±  0.049 %
  61       9.5387 ±    0.1089       0.00213 ±    0.00026       0.00109 ±    0.00001     0.831 ±  0.009 %    98.494 ±  0.049 %
  62       9.5578 ±    0.1082       0.00212 ±    0.00026       0.00109 ±    0.00001     0.829 ±  0.009 %    98.485 ±  0.049 %
  63       9.5899 ±    0.1077       0.00211 ±    0.00026       0.00108 ±    0.00001     0.827 ±  0.009 %    98.487 ±  0.048 %
  64       9.6704 ±    0.1080       0.00212 ±    0.00026       0.00108 ±    0.00001     0.826 ±  0.009 %    98.497 ±  0.048 %
  65       9.6050 ±    0.1063       0.00207 ±    0.00025       0.00108 ±    0.00001     0.828 ±  0.009 %    98.496 ±  0.047 %
  66       9.6294 ±    0.1058       0.00206 ±    0.00025       0.00108 ±    0.00001     0.828 ±  0.009 %    98.492 ±  0.047 %
  67       9.6288 ±    0.1050       0.00203 ±    0.00025       0.00108 ±    0.00001     0.832 ±  0.009 %    98.487 ±  0.047 %
  68       9.6068 ±    0.1039       0.00202 ±    0.00025       0.00108 ±    0.00001     0.832 ±  0.009 %    98.478 ±  0.046 %
  69       9.5824 ±    0.1028       0.00201 ±    0.00024       0.00108 ±    0.00001     0.831 ±  0.009 %    98.481 ±  0.046 %
  70       9.5679 ±    0.1019       0.00202 ±    0.00024       0.00108 ±    0.00001     0.833 ±  0.009 %    98.478 ±  0.046 %
  71       9.5597 ±    0.1011       0.00200 ±    0.00024       0.00109 ±    0.00001     0.836 ±  0.009 %    98.475 ±  0.045 %
  72       9.6648 ±    0.1019       0.00200 ±    0.00024       0.00113 ±    0.00001     0.848 ±  0.009 %    98.450 ±  0.046 %
  73       9.7164 ±    0.1018       0.00196 ±    0.00024       0.00113 ±    0.00001     0.848 ±  0.009 %    98.449 ±  0.045 %
  74       9.7673 ±    0.1018       0.00193 ±    0.00024       0.00113 ±    0.00001     0.847 ±  0.009 %    98.444 ±  0.045 %
  75       9.7364 ±    0.1007       0.00193 ±    0.00023       0.00113 ±    0.00001     0.847 ±  0.009 %    98.444 ±  0.045 %
  76       9.7589 ±    0.1002       0.00186 ±    0.00023       0.00113 ±    0.00001     0.849 ±  0.010 %    98.436 ±  0.044 %
  77       9.7567 ±    0.0995       0.00184 ±    0.00023       0.00113 ±    0.00001     0.850 ±  0.009 %    98.439 ±  0.044 %
  78       9.7268 ±    0.0984       0.00185 ±    0.00023       0.00113 ±    0.00001     0.850 ±  0.009 %    98.447 ±  0.044 %
  79       9.7827 ±    0.0985       0.00180 ±    0.00023       0.00114 ±    0.00001     0.850 ±  0.009 %    98.442 ±  0.044 %
  80       9.7956 ±    0.0981       0.00178 ±    0.00022       0.00113 ±    0.00001     0.850 ±  0.009 %    98.438 ±  0.043 %
  81       9.8312 ±    0.0978       0.00175 ±    0.00022       0.00113 ±    0.00001     0.848 ±  0.009 %    98.435 ±  0.043 %
  82       9.7533 ±    0.0963       0.00171 ±    0.00022       0.00113 ±    0.00001     0.846 ±  0.009 %    98.441 ±  0.043 %
  83       9.7278 ±    0.0954       0.00168 ±    0.00022       0.00112 ±    0.00001     0.845 ±  0.009 %    98.448 ±  0.042 %
  84       9.7043 ±    0.0946       0.00170 ±    0.00022       0.00113 ±    0.00001     0.845 ±  0.009 %    98.442 ±  0.042 %
  85       9.6694 ±    0.0937       0.00171 ±    0.00021       0.00112 ±    0.00001     0.845 ±  0.009 %    98.446 ±  0.042 %
  86       9.6869 ±    0.0933       0.00171 ±    0.00021       0.00112 ±    0.00001     0.843 ±  0.009 %    98.438 ±  0.042 %
  87       9.6446 ±    0.0922       0.00170 ±    0.00021       0.00112 ±    0.00001     0.843 ±  0.009 %    98.448 ±  0.041 %
  88       9.6323 ±    0.0916       0.00172 ±    0.00021       0.00112 ±    0.00001     0.844 ±  0.009 %    98.455 ±  0.041 %
  89       9.6421 ±    0.0911       0.00176 ±    0.00021       0.00112 ±    0.00001     0.843 ±  0.008 %    98.461 ±  0.041 %
  90       9.6598 ±    0.0908       0.00172 ±    0.00021       0.00112 ±    0.00001     0.842 ±  0.008 %    98.461 ±  0.041 %
  91       9.7357 ±    0.0911       0.00169 ±    0.00021       0.00112 ±    0.00001     0.840 ±  0.008 %    98.451 ±  0.040 %
  92       9.8163 ±    0.0915       0.00168 ±    0.00021       0.00112 ±    0.00001     0.840 ±  0.008 %    98.455 ±  0.040 %
  93       9.8626 ±    0.0915       0.00168 ±    0.00020       0.00111 ±    0.00001     0.839 ±  0.008 %    98.446 ±  0.040 %
  94       9.8945 ±    0.0913       0.00166 ±    0.00020       0.00111 ±    0.00001     0.838 ±  0.008 %    98.441 ±  0.040 %
  95       9.9370 ±    0.0913       0.00164 ±    0.00020       0.00111 ±    0.00001     0.839 ±  0.008 %    98.439 ±  0.040 %
  96      10.0043 ±    0.0916       0.00162 ±    0.00020       0.00111 ±    0.00001     0.837 ±  0.008 %    98.440 ±  0.040 %
  97      10.0748 ±    0.0919       0.00161 ±    0.00020       0.00111 ±    0.00001     0.836 ±  0.008 %    98.440 ±  0.039 %
  98      10.0654 ±    0.0913       0.00160 ±    0.00020       0.00111 ±    0.00001     0.835 ±  0.008 %    98.443 ±  0.039 %
  99      10.0782 ±    0.0909       0.00159 ±    0.00020       0.00111 ±    0.00001     0.835 ±  0.008 %    98.438 ±  0.039 %
 100      10.1045 ±    0.0908       0.00162 ±    0.00020       0.00112 ±    0.00001     0.836 ±  0.008 %    98.437 ±  0.039 %
 101      10.0732 ±    0.0900       0.00160 ±    0.00019       0.00111 ±    0.00001     0.835 ±  0.008 %    98.441 ±  0.039 %
 102      10.0817 ±    0.0896       0.00162 ±    0.00019       0.00111 ±    0.00001     0.835 ±  0.008 %    98.447 ±  0.038 %
 103      10.0854 ±    0.0891       0.00159 ±    0.00019       0.00111 ±    0.00001     0.833 ±  0.008 %    98.449 ±  0.038 %
 104      10.1099 ±    0.0889       0.00159 ±    0.00019       0.00111 ±    0.00001     0.832 ±  0.008 %    98.449 ±  0.038 %
 105      10.1076 ±    0.0884       0.00158 ±    0.00019       0.00111 ±    0.00001     0.832 ±  0.008 %    98.452 ±  0.038 %
 106      10.1055 ±    0.0879       0.00162 ±    0.00019       0.00110 ±    0.00001     0.832 ±  0.008 %    98.453 ±  0.037 %
 107      10.1267 ±    0.0877       0.00162 ±    0.00019       0.00110 ±    0.00001     0.832 ±  0.008 %    98.460 ±  0.037 %
 108      10.1269 ±    0.0873       0.00161 ±    0.00019       0.00110 ±    0.00001     0.833 ±  0.008 %    98.464 ±  0.037 %
 109      10.1649 ±    0.0873       0.00162 ±    0.00019       0.00110 ±    0.00001     0.832 ±  0.008 %    98.461 ±  0.037 %
 110      10.2025 ±    0.0874       0.00162 ±    0.00019       0.00111 ±    0.00001     0.832 ±  0.008 %    98.457 ±  0.037 %
 111      10.1804 ±    0.0868       0.00158 ±    0.00019       0.00111 ±    0.00001     0.834 ±  0.008 %    98.457 ±  0.037 %
 112      10.1855 ±    0.0864       0.00158 ±    0.00018       0.00111 ±    0.00001     0.834 ±  0.008 %    98.458 ±  0.036 %
 113      10.1527 ±    0.0858       0.00156 ±    0.00018       0.00111 ±    0.00001     0.835 ±  0.007 %    98.459 ±  0.036 %
 114      10.1924 ±    0.0858       0.00157 ±    0.00018       0.00110 ±    0.00001     0.834 ±  0.007 %    98.463 ±  0.036 %
 115      10.2178 ±    0.0857       0.00160 ±    0.00018       0.00111 ±    0.00001     0.833 ±  0.007 %    98.460 ±  0.036 %
 116      10.2169 ±    0.0853       0.00157 ±    0.00018       0.00110 ±    0.00001     0.833 ±  0.007 %    98.461 ±  0.036 %
 117      10.2418 ±    0.0852       0.00154 ±    0.00018       0.00111 ±    0.00001     0.832 ±  0.007 %    98.464 ±  0.036 %
 118      10.2271 ±    0.0847       0.00152 ±    0.00018       0.00111 ±    0.00001     0.833 ±  0.007 %    98.466 ±  0.035 %
 119      10.1956 ±    0.0841       0.00155 ±    0.00018       0.00111 ±    0.00001     0.833 ±  0.007 %    98.463 ±  0.035 %
 120      10.2163 ±    0.0840       0.00167 ±    0.00019       0.00111 ±    0.00001     0.833 ±  0.007 %    98.464 ±  0.035 %
 121      10.2103 ±    0.0836       0.00166 ±    0.00019       0.00111 ±    0.00001     0.832 ±  0.007 %    98.460 ±  0.035 %
 122      10.1908 ±    0.0831       0.00166 ±    0.00019       0.00111 ±    0.00001     0.832 ±  0.007 %    98.464 ±  0.035 %
 123      10.1696 ±    0.0825       0.00165 ±    0.00019       0.00110 ±    0.00001     0.831 ±  0.007 %    98.466 ±  0.035 %
 124      10.1897 ±    0.0825       0.00167 ±    0.00019       0.00110 ±    0.00001     0.832 ±  0.007 %    98.462 ±  0.035 %
 125      10.2198 ±    0.0824       0.00165 ±    0.00019       0.00110 ±    0.00001     0.831 ±  0.007 %    98.461 ±  0.034 %
 126      10.1965 ±    0.0819       0.00164 ±    0.00019       0.00110 ±    0.00001     0.831 ±  0.007 %    98.461 ±  0.034 %
 127      10.2030 ±    0.0816       0.00163 ±    0.00019       0.00110 ±    0.00001     0.830 ±  0.007 %    98.461 ±  0.034 %
 128      10.1750 ±    0.0810       0.00164 ±    0.00019       0.00110 ±    0.00001     0.830 ±  0.007 %    98.463 ±  0.034 %
 129      10.1594 ±    0.0806       0.00163 ±    0.00018       0.00110 ±    0.00001     0.830 ±  0.007 %    98.463 ±  0.034 %
 130      10.1580 ±    0.0803       0.00164 ±    0.00018       0.00110 ±    0.00001     0.830 ±  0.007 %    98.465 ±  0.034 %
 131      10.1618 ±    0.0800       0.00161 ±    0.00018       0.00110 ±    0.00001     0.829 ±  0.007 %    98.468 ±  0.034 %
 132      10.1564 ±    0.0797       0.00162 ±    0.00018       0.00110 ±    0.00001     0.829 ±  0.007 %    98.476 ±  0.033 %
 133      10.1799 ±    0.0796       0.00162 ±    0.00018       0.00110 ±    0.00001     0.829 ±  0.007 %    98.476 ±  0.033 %
 134      10.2003 ±    0.0795       0.00164 ±    0.00018       0.00111 ±    0.00001     0.829 ±  0.007 %    98.479 ±  0.033 %
 135      10.1807 ±    0.0790       0.00162 ±    0.00018       0.00110 ±    0.00001     0.829 ±  0.007 %    98.482 ±  0.033 %
 136      10.1424 ±    0.0784       0.00160 ±    0.00018       0.00110 ±    0.00001     0.828 ±  0.006 %    98.481 ±  0.033 %
 137      10.0863 ±    0.0776       0.00162 ±    0.00018       0.00111 ±    0.00001     0.836 ±  0.008 %    98.484 ±  0.033 %
 138      10.1133 ±    0.0776       0.00162 ±    0.00018       0.00112 ±    0.00001     0.836 ±  0.008 %    98.486 ±  0.032 %
 139      10.1329 ±    0.0775       0.00164 ±    0.00018       0.00112 ±    0.00001     0.836 ±  0.007 %    98.486 ±  0.032 %
 140      10.1996 ±    0.0779       0.00171 ±    0.00018       0.00112 ±    0.00001     0.836 ±  0.007 %    98.480 ±  0.032 %
 141      10.1960 ±    0.0775       0.00171 ±    0.00017       0.00112 ±    0.00001     0.836 ±  0.007 %    98.482 ±  0.032 %
 142      10.1948 ±    0.0772       0.00170 ±    0.00017       0.00112 ±    0.00001     0.835 ±  0.007 %    98.484 ±  0.032 %
 143      10.1928 ±    0.0769       0.00170 ±    0.00017       0.00111 ±    0.00001     0.835 ±  0.007 %    98.487 ±  0.032 %
 144      10.2197 ±    0.0769       0.00171 ±    0.00017       0.00112 ±    0.00001     0.835 ±  0.007 %    98.483 ±  0.032 %
 145      10.2108 ±    0.0766       0.00169 ±    0.00017       0.00112 ±    0.00001     0.836 ±  0.007 %    98.487 ±  0.032 %

====== Perplexity statistics ======
Mean PPL(Q)                   :  10.210843 ±   0.076600
Mean PPL(base)                :  10.193553 ±   0.076375
Cor(ln(PPL(Q)), ln(PPL(base))):  99.97%
Mean ln(PPL(Q)/PPL(base))     :   0.001695 ±   0.000171
Mean PPL(Q)/PPL(base)         :   1.001696 ±   0.000172
Mean PPL(Q)-PPL(base)         :   0.017290 ±   0.001760

====== KL divergence statistics ======
Mean    KLD:   0.001117 ±   0.000011
Maximum KLD:   0.588838
99.9%   KLD:   0.037181
99.0%   KLD:   0.007678
95.0%   KLD:   0.003214
90.0%   KLD:   0.002233
Median  KLD:   0.000631
10.0%   KLD:   0.000034
 5.0%   KLD:   0.000007
 1.0%   KLD:  -0.000019
 0.1%   KLD:  -0.000107
Minimum KLD:  -0.000476

====== Token probability statistics ======
Mean    Δp: -0.017 ± 0.002 %
Maximum Δp: 23.565%
99.9%   Δp:  4.931%
99.0%   Δp:  2.412%
95.0%   Δp:  1.180%
90.0%   Δp:  0.698%
75.0%   Δp:  0.144%
Median  Δp: -0.000%
25.0%   Δp: -0.167%
10.0%   Δp: -0.743%
 5.0%   Δp: -1.257%
 1.0%   Δp: -2.568%
 0.1%   Δp: -5.528%
Minimum Δp: -27.668%
RMS Δp    :  0.836 ± 0.007 %
Same top p: 98.487 ± 0.032 %

------------------------------
llama-perplexity --kl-divergence-base /tmp/logits.dat --ctx-size 2048 -f sample-data/wiki.test.raw -hf prism-ml/Ternary-Bonsai-27B-gguf:Q2_g64 -fa on -ngl 99 -ctk q8_0 -ctv q4_0 --kl-divergence
0.01.028.475 W common_fit_params: failed to fit params to free device memory: n_gpu_layers already set by user to 99, abort
0.03.284.922 I 
0.03.285.000 I system_info: n_threads = 16 (n_threads_batch = 16) / 32 | CUDA : ARCHS = 500,610,700,750,800,860,890,900 | USE_GRAPHS = 1 | FA_ALL_QUANTS = 1 | CPU : SSE3 = 1 | SSSE3 = 1 | AVX = 1 | AVX2 = 1 | F16C = 1 | FMA = 1 | BMI2 = 1 | LLAMAFILE = 1 | OPENMP = 1 | REPACK = 1 | 
0.03.514.312 I kl_divergence: computing over 145 chunks, n_ctx=2048, batch_size=2048, n_seq=1
0.06.090.873 I kl_divergence: 2.58 seconds per pass - ETA 6.22 minutes

chunk             PPL               ln(PPL(Q)/PPL(base))          KL Divergence              Δp RMS            Same top p
   1       9.9379 ±    0.9194      -0.00086 ±    0.00176       0.00109 ±    0.00005     0.842 ±  0.046 %    98.338 ±  0.400 %
   2      10.8276 ±    0.6941       0.00044 ±    0.00115       0.00102 ±    0.00003     0.803 ±  0.033 %    98.436 ±  0.274 %
   3      10.8663 ±    0.5629       0.00015 ±    0.00091       0.00099 ±    0.00003     0.796 ±  0.032 %    98.436 ±  0.224 %
   4      11.2515 ±    0.5197       0.00102 ±    0.00081       0.00105 ±    0.00002     0.808 ±  0.026 %    98.338 ±  0.200 %
   5      11.4933 ±    0.4818       0.00080 ±    0.00077       0.00109 ±    0.00002     0.825 ±  0.022 %    98.201 ±  0.186 %
   6       9.8918 ±    0.3677       0.00114 ±    0.00070       0.00113 ±    0.00003     0.869 ±  0.022 %    98.338 ±  0.163 %
   7       9.0980 ±    0.3094       0.00217 ±    0.00070       0.00126 ±    0.00003     0.971 ±  0.028 %    98.268 ±  0.154 %
   8       8.8902 ±    0.2796       0.00195 ±    0.00065       0.00126 ±    0.00003     0.966 ±  0.025 %    98.228 ±  0.146 %
   9       9.4516 ±    0.2824       0.00186 ±    0.00062       0.00128 ±    0.00003     0.963 ±  0.024 %    98.197 ±  0.139 %
  10       9.5008 ±    0.2706       0.00222 ±    0.00066       0.00126 ±    0.00003     0.950 ±  0.022 %    98.182 ±  0.132 %
  11       9.6272 ±    0.2615       0.00228 ±    0.00062       0.00124 ±    0.00002     0.935 ±  0.021 %    98.196 ±  0.125 %
  12       9.9566 ±    0.2605       0.00220 ±    0.00064       0.00122 ±    0.00002     0.923 ±  0.019 %    98.167 ±  0.121 %
  13       9.9577 ±    0.2498       0.00233 ±    0.00061       0.00121 ±    0.00002     0.922 ±  0.018 %    98.143 ±  0.117 %
  14       9.9515 ±    0.2396       0.00226 ±    0.00058       0.00120 ±    0.00002     0.916 ±  0.017 %    98.171 ±  0.112 %
  15       9.9045 ±    0.2297       0.00219 ±    0.00055       0.00119 ±    0.00002     0.909 ±  0.017 %    98.188 ±  0.108 %
  16      10.1628 ±    0.2289       0.00203 ±    0.00053       0.00119 ±    0.00002     0.901 ±  0.016 %    98.161 ±  0.105 %
  17      10.2333 ±    0.2236       0.00190 ±    0.00050       0.00118 ±    0.00002     0.897 ±  0.015 %    98.183 ±  0.101 %
  18      10.3070 ±    0.2186       0.00182 ±    0.00049       0.00118 ±    0.00002     0.892 ±  0.015 %    98.219 ±  0.097 %
  19      10.3377 ±    0.2156       0.00361 ±    0.00056       0.00133 ±    0.00003     0.942 ±  0.017 %    98.179 ±  0.096 %
  20      10.0845 ±    0.2041       0.00326 ±    0.00054       0.00137 ±    0.00005     0.967 ±  0.028 %    98.172 ±  0.094 %
  21      10.0884 ±    0.1989       0.00328 ±    0.00052       0.00136 ±    0.00004     0.962 ±  0.027 %    98.199 ±  0.091 %
  22      10.1414 ±    0.1958       0.00332 ±    0.00050       0.00135 ±    0.00004     0.956 ±  0.026 %    98.227 ±  0.088 %
  23      10.1427 ±    0.1910       0.00326 ±    0.00048       0.00134 ±    0.00004     0.951 ±  0.025 %    98.257 ±  0.085 %
  24      10.2137 ±    0.1887       0.00325 ±    0.00047       0.00136 ±    0.00004     0.964 ±  0.026 %    98.253 ±  0.084 %
  25      10.2542 ±    0.1857       0.00322 ±    0.00046       0.00134 ±    0.00004     0.956 ±  0.026 %    98.276 ±  0.081 %
  26      10.2094 ±    0.1810       0.00308 ±    0.00044       0.00133 ±    0.00004     0.950 ±  0.025 %    98.312 ±  0.079 %
  27      10.5163 ±    0.1845       0.00315 ±    0.00044       0.00134 ±    0.00004     0.944 ±  0.024 %    98.277 ±  0.078 %
  28      10.5676 ±    0.1821       0.00305 ±    0.00042       0.00134 ±    0.00004     0.941 ±  0.023 %    98.282 ±  0.077 %
  29      10.5064 ±    0.1775       0.00288 ±    0.00041       0.00132 ±    0.00004     0.934 ±  0.023 %    98.301 ±  0.075 %
  30      10.4277 ±    0.1728       0.00299 ±    0.00040       0.00131 ±    0.00003     0.930 ±  0.022 %    98.315 ±  0.073 %
  31      10.2902 ±    0.1674       0.00294 ±    0.00039       0.00130 ±    0.00003     0.928 ±  0.022 %    98.326 ±  0.072 %
  32      10.1388 ±    0.1621       0.00291 ±    0.00039       0.00130 ±    0.00003     0.928 ±  0.021 %    98.311 ±  0.071 %
  33      10.1049 ±    0.1592       0.00273 ±    0.00038       0.00130 ±    0.00003     0.926 ±  0.020 %    98.300 ±  0.070 %
  34      10.0334 ±    0.1553       0.00263 ±    0.00037       0.00128 ±    0.00003     0.922 ±  0.020 %    98.289 ±  0.070 %
  35      10.0289 ±    0.1530       0.00252 ±    0.00037       0.00128 ±    0.00003     0.919 ±  0.019 %    98.296 ±  0.068 %
  36      10.0228 ±    0.1508       0.00238 ±    0.00036       0.00128 ±    0.00003     0.919 ±  0.019 %    98.292 ±  0.068 %
  37       9.8525 ±    0.1457       0.00241 ±    0.00035       0.00127 ±    0.00003     0.918 ±  0.019 %    98.291 ±  0.067 %
  38       9.7523 ±    0.1419       0.00236 ±    0.00035       0.00127 ±    0.00003     0.918 ±  0.018 %    98.310 ±  0.065 %
  39       9.6173 ±    0.1376       0.00232 ±    0.00034       0.00126 ±    0.00003     0.918 ±  0.018 %    98.311 ±  0.065 %
  40       9.4469 ±    0.1329       0.00226 ±    0.00033       0.00125 ±    0.00003     0.918 ±  0.017 %    98.331 ±  0.063 %
  41       9.3622 ±    0.1298       0.00223 ±    0.00033       0.00125 ±    0.00003     0.918 ±  0.017 %    98.317 ±  0.063 %
  42       9.4250 ±    0.1293       0.00223 ±    0.00032       0.00125 ±    0.00003     0.915 ±  0.017 %    98.310 ±  0.062 %
  43       9.6298 ±    0.1314       0.00228 ±    0.00032       0.00125 ±    0.00003     0.913 ±  0.016 %    98.304 ±  0.062 %
  44       9.7846 ±    0.1324       0.00239 ±    0.00033       0.00125 ±    0.00002     0.909 ±  0.016 %    98.303 ±  0.061 %
  45       9.8364 ±    0.1317       0.00239 ±    0.00032       0.00125 ±    0.00002     0.909 ±  0.016 %    98.301 ±  0.060 %
  46       9.9135 ±    0.1314       0.00235 ±    0.00032       0.00126 ±    0.00002     0.907 ±  0.016 %    98.302 ±  0.060 %
  47       9.9488 ±    0.1305       0.00227 ±    0.00032       0.00125 ±    0.00002     0.904 ±  0.015 %    98.305 ±  0.059 %
  48       9.9456 ±    0.1289       0.00218 ±    0.00031       0.00125 ±    0.00002     0.903 ±  0.015 %    98.295 ±  0.058 %
  49       9.9916 ±    0.1282       0.00223 ±    0.00031       0.00125 ±    0.00002     0.901 ±  0.015 %    98.302 ±  0.058 %
  50       9.9306 ±    0.1260       0.00220 ±    0.00030       0.00125 ±    0.00002     0.900 ±  0.015 %    98.313 ±  0.057 %
  51       9.9555 ±    0.1251       0.00220 ±    0.00030       0.00125 ±    0.00002     0.899 ±  0.014 %    98.317 ±  0.056 %
  52       9.8622 ±    0.1226       0.00218 ±    0.00029       0.00124 ±    0.00002     0.899 ±  0.014 %    98.314 ±  0.056 %
  53       9.8819 ±    0.1219       0.00241 ±    0.00029       0.00127 ±    0.00002     0.904 ±  0.014 %    98.279 ±  0.056 %
  54       9.8385 ±    0.1201       0.00240 ±    0.00029       0.00127 ±    0.00002     0.903 ±  0.014 %    98.280 ±  0.055 %
  55       9.7498 ±    0.1177       0.00236 ±    0.00029       0.00126 ±    0.00002     0.901 ±  0.013 %    98.299 ±  0.055 %
  56       9.7291 ±    0.1164       0.00237 ±    0.00029       0.00126 ±    0.00002     0.901 ±  0.013 %    98.302 ±  0.054 %
  57       9.6171 ±    0.1137       0.00234 ±    0.00028       0.00126 ±    0.00002     0.900 ±  0.013 %    98.304 ±  0.053 %
  58       9.5699 ±    0.1120       0.00227 ±    0.00028       0.00125 ±    0.00002     0.898 ±  0.013 %    98.308 ±  0.053 %
  59       9.5344 ±    0.1106       0.00227 ±    0.00028       0.00124 ±    0.00002     0.896 ±  0.013 %    98.315 ±  0.052 %
  60       9.4807 ±    0.1089       0.00223 ±    0.00027       0.00124 ±    0.00002     0.893 ±  0.013 %    98.320 ±  0.052 %
  61       9.5399 ±    0.1089       0.00226 ±    0.00027       0.00124 ±    0.00002     0.893 ±  0.012 %    98.317 ±  0.051 %
  62       9.5590 ±    0.1082       0.00223 ±    0.00027       0.00124 ±    0.00002     0.891 ±  0.012 %    98.324 ±  0.051 %
  63       9.5905 ±    0.1077       0.00217 ±    0.00026       0.00124 ±    0.00002     0.889 ±  0.012 %    98.329 ±  0.050 %
  64       9.6719 ±    0.1080       0.00228 ±    0.00026       0.00124 ±    0.00002     0.888 ±  0.012 %    98.321 ±  0.050 %
  65       9.6063 ±    0.1063       0.00220 ±    0.00026       0.00124 ±    0.00002     0.888 ±  0.012 %    98.314 ±  0.050 %
  66       9.6305 ±    0.1058       0.00217 ±    0.00026       0.00124 ±    0.00002     0.887 ±  0.012 %    98.310 ±  0.050 %
  67       9.6304 ±    0.1050       0.00219 ±    0.00025       0.00124 ±    0.00002     0.892 ±  0.012 %    98.318 ±  0.049 %
  68       9.6093 ±    0.1040       0.00227 ±    0.00025       0.00125 ±    0.00002     0.893 ±  0.012 %    98.312 ±  0.049 %
  69       9.5847 ±    0.1028       0.00225 ±    0.00025       0.00125 ±    0.00002     0.894 ±  0.012 %    98.314 ±  0.048 %
  70       9.5699 ±    0.1019       0.00224 ±    0.00025       0.00125 ±    0.00002     0.897 ±  0.012 %    98.321 ±  0.048 %
  71       9.5623 ±    0.1011       0.00227 ±    0.00025       0.00126 ±    0.00002     0.899 ±  0.012 %    98.327 ±  0.048 %
  72       9.6671 ±    0.1019       0.00223 ±    0.00025       0.00131 ±    0.00003     0.909 ±  0.012 %    98.311 ±  0.047 %
  73       9.7187 ±    0.1019       0.00219 ±    0.00024       0.00131 ±    0.00003     0.910 ±  0.012 %    98.314 ±  0.047 %
  74       9.7697 ±    0.1018       0.00218 ±    0.00024       0.00132 ±    0.00003     0.910 ±  0.011 %    98.304 ±  0.047 %
  75       9.7386 ±    0.1007       0.00216 ±    0.00024       0.00131 ±    0.00003     0.909 ±  0.011 %    98.306 ±  0.047 %
  76       9.7620 ±    0.1003       0.00218 ±    0.00024       0.00131 ±    0.00003     0.907 ±  0.011 %    98.303 ±  0.046 %
  77       9.7621 ±    0.0996       0.00240 ±    0.00024       0.00133 ±    0.00003     0.911 ±  0.011 %    98.304 ±  0.046 %
  78       9.7317 ±    0.0985       0.00236 ±    0.00024       0.00132 ±    0.00002     0.910 ±  0.011 %    98.312 ±  0.046 %
  79       9.7876 ±    0.0986       0.00231 ±    0.00023       0.00132 ±    0.00002     0.912 ±  0.011 %    98.312 ±  0.045 %
  80       9.8006 ±    0.0981       0.00229 ±    0.00023       0.00132 ±    0.00002     0.911 ±  0.011 %    98.309 ±  0.045 %
  81       9.8365 ±    0.0979       0.00229 ±    0.00023       0.00132 ±    0.00002     0.909 ±  0.011 %    98.302 ±  0.045 %
  82       9.7584 ±    0.0964       0.00224 ±    0.00023       0.00131 ±    0.00002     0.907 ±  0.011 %    98.307 ±  0.045 %
  83       9.7335 ±    0.0955       0.00228 ±    0.00023       0.00131 ±    0.00002     0.905 ±  0.011 %    98.317 ±  0.044 %
  84       9.7105 ±    0.0947       0.00234 ±    0.00022       0.00131 ±    0.00002     0.905 ±  0.010 %    98.315 ±  0.044 %
  85       9.6751 ±    0.0937       0.00230 ±    0.00022       0.00131 ±    0.00002     0.904 ±  0.010 %    98.316 ±  0.044 %
  86       9.6919 ±    0.0934       0.00223 ±    0.00022       0.00131 ±    0.00002     0.904 ±  0.010 %    98.311 ±  0.043 %
  87       9.6497 ±    0.0923       0.00223 ±    0.00022       0.00130 ±    0.00002     0.903 ±  0.010 %    98.316 ±  0.043 %
  88       9.6369 ±    0.0916       0.00220 ±    0.00022       0.00130 ±    0.00002     0.903 ±  0.010 %    98.315 ±  0.043 %
  89       9.6463 ±    0.0912       0.00220 ±    0.00022       0.00130 ±    0.00002     0.902 ±  0.010 %    98.318 ±  0.043 %
  90       9.6639 ±    0.0908       0.00215 ±    0.00022       0.00130 ±    0.00002     0.901 ±  0.010 %    98.321 ±  0.042 %
  91       9.7398 ±    0.0911       0.00211 ±    0.00021       0.00130 ±    0.00002     0.899 ±  0.010 %    98.312 ±  0.042 %
  92       9.8203 ±    0.0916       0.00209 ±    0.00021       0.00131 ±    0.00002     0.901 ±  0.010 %    98.316 ±  0.042 %
  93       9.8664 ±    0.0916       0.00206 ±    0.00021       0.00131 ±    0.00002     0.899 ±  0.010 %    98.308 ±  0.042 %
  94       9.8982 ±    0.0914       0.00204 ±    0.00021       0.00130 ±    0.00002     0.898 ±  0.010 %    98.310 ±  0.042 %
  95       9.9404 ±    0.0913       0.00199 ±    0.00021       0.00130 ±    0.00002     0.897 ±  0.010 %    98.309 ±  0.041 %
  96      10.0090 ±    0.0916       0.00209 ±    0.00021       0.00130 ±    0.00002     0.896 ±  0.010 %    98.302 ±  0.041 %
  97      10.0797 ±    0.0920       0.00210 ±    0.00021       0.00130 ±    0.00002     0.894 ±  0.009 %    98.303 ±  0.041 %
  98      10.0704 ±    0.0913       0.00210 ±    0.00021       0.00130 ±    0.00002     0.894 ±  0.009 %    98.306 ±  0.041 %
  99      10.0837 ±    0.0910       0.00213 ±    0.00021       0.00130 ±    0.00002     0.895 ±  0.009 %    98.304 ±  0.041 %
 100      10.1103 ±    0.0908       0.00220 ±    0.00021       0.00131 ±    0.00002     0.895 ±  0.009 %    98.304 ±  0.040 %
 101      10.0789 ±    0.0900       0.00216 ±    0.00020       0.00130 ±    0.00002     0.895 ±  0.009 %    98.310 ±  0.040 %
 102      10.0872 ±    0.0896       0.00217 ±    0.00020       0.00130 ±    0.00002     0.893 ±  0.009 %    98.310 ±  0.040 %
 103      10.0913 ±    0.0892       0.00218 ±    0.00020       0.00130 ±    0.00002     0.893 ±  0.009 %    98.312 ±  0.040 %
 104      10.1156 ±    0.0889       0.00215 ±    0.00020       0.00130 ±    0.00002     0.892 ±  0.009 %    98.309 ±  0.040 %
 105      10.1134 ±    0.0884       0.00216 ±    0.00020       0.00129 ±    0.00002     0.892 ±  0.009 %    98.314 ±  0.039 %
 106      10.1111 ±    0.0880       0.00218 ±    0.00020       0.00129 ±    0.00002     0.891 ±  0.009 %    98.311 ±  0.039 %
 107      10.1323 ±    0.0878       0.00216 ±    0.00020       0.00129 ±    0.00002     0.891 ±  0.009 %    98.311 ±  0.039 %
 108      10.1323 ±    0.0874       0.00214 ±    0.00020       0.00129 ±    0.00002     0.890 ±  0.009 %    98.303 ±  0.039 %
 109      10.1712 ±    0.0874       0.00224 ±    0.00020       0.00129 ±    0.00002     0.889 ±  0.009 %    98.292 ±  0.039 %
 110      10.2087 ±    0.0875       0.00222 ±    0.00019       0.00130 ±    0.00002     0.890 ±  0.009 %    98.291 ±  0.039 %
 111      10.1866 ±    0.0868       0.00220 ±    0.00019       0.00130 ±    0.00002     0.890 ±  0.008 %    98.289 ±  0.038 %
 112      10.1914 ±    0.0865       0.00216 ±    0.00019       0.00130 ±    0.00002     0.891 ±  0.008 %    98.291 ±  0.038 %
 113      10.1581 ±    0.0858       0.00210 ±    0.00019       0.00130 ±    0.00002     0.891 ±  0.008 %    98.294 ±  0.038 %
 114      10.1979 ±    0.0859       0.00210 ±    0.00019       0.00130 ±    0.00002     0.890 ±  0.008 %    98.294 ±  0.038 %
 115      10.2227 ±    0.0858       0.00208 ±    0.00019       0.00130 ±    0.00002     0.890 ±  0.008 %    98.289 ±  0.038 %
 116      10.2218 ±    0.0854       0.00205 ±    0.00019       0.00129 ±    0.00002     0.889 ±  0.008 %    98.296 ±  0.038 %
 117      10.2476 ±    0.0852       0.00210 ±    0.00019       0.00130 ±    0.00002     0.889 ±  0.008 %    98.295 ±  0.037 %
 118      10.2330 ±    0.0847       0.00209 ±    0.00019       0.00130 ±    0.00002     0.890 ±  0.008 %    98.299 ±  0.037 %
 119      10.2018 ±    0.0841       0.00216 ±    0.00019       0.00130 ±    0.00002     0.890 ±  0.008 %    98.303 ±  0.037 %
 120      10.2222 ±    0.0840       0.00225 ±    0.00020       0.00130 ±    0.00002     0.890 ±  0.008 %    98.305 ±  0.037 %
 121      10.2158 ±    0.0837       0.00220 ±    0.00020       0.00130 ±    0.00002     0.889 ±  0.008 %    98.308 ±  0.037 %
 122      10.1962 ±    0.0831       0.00218 ±    0.00020       0.00129 ±    0.00002     0.888 ±  0.008 %    98.305 ±  0.037 %
 123      10.1748 ±    0.0826       0.00217 ±    0.00020       0.00129 ±    0.00002     0.889 ±  0.008 %    98.310 ±  0.036 %
 124      10.1949 ±    0.0825       0.00218 ±    0.00020       0.00129 ±    0.00002     0.890 ±  0.008 %    98.314 ±  0.036 %
 125      10.2249 ±    0.0825       0.00215 ±    0.00020       0.00129 ±    0.00002     0.889 ±  0.008 %    98.307 ±  0.036 %
 126      10.2013 ±    0.0820       0.00211 ±    0.00019       0.00129 ±    0.00002     0.888 ±  0.008 %    98.310 ±  0.036 %
 127      10.2079 ±    0.0817       0.00211 ±    0.00019       0.00129 ±    0.00002     0.887 ±  0.008 %    98.313 ±  0.036 %
 128      10.1795 ±    0.0811       0.00208 ±    0.00019       0.00129 ±    0.00002     0.888 ±  0.008 %    98.311 ±  0.036 %
 129      10.1640 ±    0.0806       0.00208 ±    0.00019       0.00129 ±    0.00002     0.887 ±  0.008 %    98.309 ±  0.035 %
 130      10.1627 ±    0.0803       0.00210 ±    0.00019       0.00129 ±    0.00002     0.888 ±  0.008 %    98.312 ±  0.035 %
 131      10.1667 ±    0.0801       0.00209 ±    0.00019       0.00129 ±    0.00002     0.888 ±  0.008 %    98.314 ±  0.035 %
 132      10.1609 ±    0.0797       0.00207 ±    0.00019       0.00129 ±    0.00002     0.887 ±  0.008 %    98.318 ±  0.035 %
 133      10.1841 ±    0.0797       0.00203 ±    0.00019       0.00129 ±    0.00002     0.887 ±  0.007 %    98.315 ±  0.035 %
 134      10.2041 ±    0.0795       0.00202 ±    0.00019       0.00129 ±    0.00002     0.887 ±  0.007 %    98.320 ±  0.035 %
 135      10.1847 ±    0.0791       0.00201 ±    0.00019       0.00129 ±    0.00002     0.886 ±  0.007 %    98.321 ±  0.035 %
 136      10.1462 ±    0.0784       0.00198 ±    0.00019       0.00129 ±    0.00002     0.887 ±  0.007 %    98.323 ±  0.034 %
 137      10.0898 ±    0.0776       0.00197 ±    0.00018       0.00130 ±    0.00002     0.894 ±  0.010 %    98.325 ±  0.034 %
 138      10.1167 ±    0.0776       0.00196 ±    0.00018       0.00130 ±    0.00002     0.894 ±  0.010 %    98.319 ±  0.034 %
 139      10.1364 ±    0.0775       0.00198 ±    0.00018       0.00130 ±    0.00002     0.894 ±  0.010 %    98.318 ±  0.034 %
 140      10.2042 ±    0.0779       0.00216 ±    0.00018       0.00131 ±    0.00002     0.897 ±  0.010 %    98.310 ±  0.034 %
 141      10.2006 ±    0.0776       0.00215 ±    0.00018       0.00131 ±    0.00002     0.896 ±  0.010 %    98.313 ±  0.034 %
 142      10.1995 ±    0.0773       0.00215 ±    0.00018       0.00130 ±    0.00002     0.894 ±  0.010 %    98.318 ±  0.034 %
 143      10.1974 ±    0.0770       0.00214 ±    0.00018       0.00130 ±    0.00002     0.894 ±  0.010 %    98.322 ±  0.034 %
 144      10.2243 ±    0.0769       0.00215 ±    0.00018       0.00130 ±    0.00002     0.893 ±  0.010 %    98.319 ±  0.033 %
 145      10.2155 ±    0.0766       0.00215 ±    0.00018       0.00131 ±    0.00002     0.893 ±  0.010 %    98.318 ±  0.033 %

====== Perplexity statistics ======
Mean PPL(Q)                   :  10.215466 ±   0.076637
Mean PPL(base)                :  10.193553 ±   0.076375
Cor(ln(PPL(Q)), ln(PPL(base))):  99.97%
Mean ln(PPL(Q)/PPL(base))     :   0.002147 ±   0.000179
Mean PPL(Q)/PPL(base)         :   1.002150 ±   0.000179
Mean PPL(Q)-PPL(base)         :   0.021913 ±   0.001841

====== KL divergence statistics ======
Mean    KLD:   0.001306 ±   0.000015
Maximum KLD:   1.118967
99.9%   KLD:   0.037215
99.0%   KLD:   0.008552
95.0%   KLD:   0.003751
90.0%   KLD:   0.002628
Median  KLD:   0.000742
10.0%   KLD:   0.000041
 5.0%   KLD:   0.000010
 1.0%   KLD:  -0.000017
 0.1%   KLD:  -0.000097
Minimum KLD:  -0.000446

====== Token probability statistics ======
Mean    Δp: -0.024 ± 0.002 %
Maximum Δp: 29.988%
99.9%   Δp:  4.948%
99.0%   Δp:  2.590%
95.0%   Δp:  1.256%
90.0%   Δp:  0.734%
75.0%   Δp:  0.149%
Median  Δp: -0.000%
25.0%   Δp: -0.183%
10.0%   Δp: -0.806%
 5.0%   Δp: -1.356%
 1.0%   Δp: -2.804%
 0.1%   Δp: -5.733%
Minimum Δp: -42.520%
RMS Δp    :  0.893 ± 0.010 %
Same top p: 98.318 ± 0.033 %

------------------------------
llama-perplexity --kl-divergence-base /tmp/logits.dat --ctx-size 2048 -f sample-data/wiki.test.raw -hf prism-ml/Ternary-Bonsai-27B-gguf:Q2_g64 -fa on -ngl 99 -ctk q8_0 -ctv iq4_nl --kl-divergence
0.01.016.433 W common_fit_params: failed to fit params to free device memory: n_gpu_layers already set by user to 99, abort
0.03.275.100 I 
0.03.275.162 I system_info: n_threads = 16 (n_threads_batch = 16) / 32 | CUDA : ARCHS = 500,610,700,750,800,860,890,900 | USE_GRAPHS = 1 | FA_ALL_QUANTS = 1 | CPU : SSE3 = 1 | SSSE3 = 1 | AVX = 1 | AVX2 = 1 | F16C = 1 | FMA = 1 | BMI2 = 1 | LLAMAFILE = 1 | OPENMP = 1 | REPACK = 1 | 
0.03.501.509 I kl_divergence: computing over 145 chunks, n_ctx=2048, batch_size=2048, n_seq=1
0.22.268.051 I kl_divergence: 18.77 seconds per pass - ETA 45.35 minutes
--- ABORTED (ETA 45.35m > 4.0x baseline 6.07m) ---
llama-perplexity --kl-divergence-base /tmp/logits.dat --ctx-size 2048 -f sample-data/wiki.test.raw -hf prism-ml/Ternary-Bonsai-27B-gguf:Q2_g64 -fa on -ngl 99 -ctk q5_1 -ctv q5_1 --kl-divergence
0.01.188.447 W common_fit_params: failed to fit params to free device memory: n_gpu_layers already set by user to 99, abort
0.03.402.958 I 
0.03.403.032 I system_info: n_threads = 16 (n_threads_batch = 16) / 32 | CUDA : ARCHS = 500,610,700,750,800,860,890,900 | USE_GRAPHS = 1 | FA_ALL_QUANTS = 1 | CPU : SSE3 = 1 | SSSE3 = 1 | AVX = 1 | AVX2 = 1 | F16C = 1 | FMA = 1 | BMI2 = 1 | LLAMAFILE = 1 | OPENMP = 1 | REPACK = 1 | 
0.03.629.836 I kl_divergence: computing over 145 chunks, n_ctx=2048, batch_size=2048, n_seq=1
0.06.174.292 I kl_divergence: 2.54 seconds per pass - ETA 6.13 minutes

chunk             PPL               ln(PPL(Q)/PPL(base))          KL Divergence              Δp RMS            Same top p
   1       9.9762 ±    0.9251       0.00299 ±    0.00160       0.00081 ±    0.00014     0.646 ±  0.037 %    98.729 ±  0.350 %
   2      10.8426 ±    0.6958       0.00182 ±    0.00099       0.00065 ±    0.00007     0.619 ±  0.025 %    98.827 ±  0.238 %
   3      10.8714 ±    0.5634       0.00061 ±    0.00074       0.00058 ±    0.00005     0.586 ±  0.022 %    98.860 ±  0.192 %
   4      11.2470 ±    0.5197       0.00063 ±    0.00064       0.00062 ±    0.00004     0.613 ±  0.019 %    98.876 ±  0.165 %
   5      11.4985 ±    0.4824       0.00125 ±    0.00060       0.00062 ±    0.00003     0.610 ±  0.017 %    98.807 ±  0.152 %
   6       9.8973 ±    0.3682       0.00169 ±    0.00057       0.00070 ±    0.00005     0.700 ±  0.034 %    98.876 ±  0.135 %
   7       9.0964 ±    0.3095       0.00199 ±    0.00059       0.00080 ±    0.00005     0.757 ±  0.034 %    98.785 ±  0.129 %
   8       8.8890 ±    0.2797       0.00182 ±    0.00054       0.00079 ±    0.00004     0.747 ±  0.030 %    98.803 ±  0.120 %
   9       9.4516 ±    0.2826       0.00186 ±    0.00051       0.00079 ±    0.00004     0.738 ±  0.028 %    98.773 ±  0.115 %
  10       9.4990 ±    0.2706       0.00203 ±    0.00058       0.00077 ±    0.00004     0.734 ±  0.026 %    98.749 ±  0.110 %
  11       9.6250 ±    0.2616       0.00205 ±    0.00054       0.00076 ±    0.00003     0.724 ±  0.024 %    98.747 ±  0.105 %
  12       9.9588 ±    0.2606       0.00242 ±    0.00058       0.00075 ±    0.00003     0.708 ±  0.023 %    98.713 ±  0.102 %
  13       9.9568 ±    0.2498       0.00224 ±    0.00054       0.00074 ±    0.00003     0.707 ±  0.022 %    98.692 ±  0.099 %
  14       9.9503 ±    0.2397       0.00214 ±    0.00051       0.00073 ±    0.00003     0.704 ±  0.020 %    98.666 ±  0.096 %
  15       9.9021 ±    0.2297       0.00194 ±    0.00048       0.00072 ±    0.00002     0.699 ±  0.019 %    98.645 ±  0.093 %
  16      10.1617 ±    0.2289       0.00192 ±    0.00046       0.00072 ±    0.00002     0.694 ±  0.018 %    98.589 ±  0.092 %
  17      10.2340 ±    0.2237       0.00197 ±    0.00044       0.00072 ±    0.00002     0.691 ±  0.017 %    98.591 ±  0.089 %
  18      10.3090 ±    0.2187       0.00200 ±    0.00042       0.00071 ±    0.00002     0.685 ±  0.017 %    98.604 ±  0.086 %
  19      10.3257 ±    0.2153       0.00245 ±    0.00049       0.00076 ±    0.00002     0.692 ±  0.016 %    98.611 ±  0.084 %
  20      10.0746 ±    0.2039       0.00227 ±    0.00047       0.00077 ±    0.00002     0.693 ±  0.015 %    98.636 ±  0.081 %
  21      10.0774 ±    0.1986       0.00219 ±    0.00045       0.00076 ±    0.00002     0.689 ±  0.015 %    98.622 ±  0.080 %
  22      10.1299 ±    0.1956       0.00219 ±    0.00043       0.00076 ±    0.00002     0.689 ±  0.014 %    98.631 ±  0.077 %
  23      10.1314 ±    0.1908       0.00214 ±    0.00042       0.00075 ±    0.00002     0.684 ±  0.014 %    98.640 ±  0.076 %
  24      10.2009 ±    0.1884       0.00200 ±    0.00041       0.00076 ±    0.00002     0.688 ±  0.013 %    98.664 ±  0.073 %
  25      10.2407 ±    0.1854       0.00191 ±    0.00039       0.00075 ±    0.00002     0.681 ±  0.013 %    98.686 ±  0.071 %
  26      10.1970 ±    0.1808       0.00186 ±    0.00038       0.00074 ±    0.00002     0.679 ±  0.013 %    98.703 ±  0.069 %
  27      10.5022 ±    0.1842       0.00181 ±    0.00037       0.00076 ±    0.00002     0.678 ±  0.012 %    98.693 ±  0.068 %
  28      10.5547 ±    0.1818       0.00183 ±    0.00036       0.00076 ±    0.00002     0.673 ±  0.012 %    98.708 ±  0.067 %
  29      10.4953 ±    0.1773       0.00183 ±    0.00035       0.00075 ±    0.00002     0.668 ±  0.012 %    98.729 ±  0.065 %
  30      10.4161 ±    0.1725       0.00187 ±    0.00034       0.00074 ±    0.00002     0.665 ±  0.011 %    98.752 ±  0.063 %
  31      10.2787 ±    0.1672       0.00182 ±    0.00034       0.00074 ±    0.00002     0.665 ±  0.011 %    98.754 ±  0.062 %
  32      10.1284 ±    0.1619       0.00188 ±    0.00033       0.00073 ±    0.00002     0.668 ±  0.011 %    98.738 ±  0.062 %
  33      10.0961 ±    0.1591       0.00186 ±    0.00033       0.00074 ±    0.00002     0.685 ±  0.020 %    98.729 ±  0.061 %
  34      10.0252 ±    0.1552       0.00182 ±    0.00032       0.00074 ±    0.00002     0.682 ±  0.019 %    98.723 ±  0.060 %
  35      10.0215 ±    0.1529       0.00179 ±    0.00031       0.00073 ±    0.00002     0.678 ±  0.019 %    98.724 ±  0.059 %
  36      10.0166 ±    0.1507       0.00176 ±    0.00030       0.00073 ±    0.00002     0.676 ±  0.018 %    98.718 ±  0.059 %
  37       9.8457 ±    0.1456       0.00172 ±    0.00030       0.00073 ±    0.00002     0.677 ±  0.018 %    98.724 ±  0.058 %
  38       9.7461 ±    0.1418       0.00172 ±    0.00029       0.00073 ±    0.00002     0.679 ±  0.018 %    98.747 ±  0.056 %
  39       9.6115 ±    0.1375       0.00171 ±    0.00029       0.00072 ±    0.00002     0.680 ±  0.017 %    98.759 ±  0.055 %
  40       9.4419 ±    0.1328       0.00173 ±    0.00028       0.00072 ±    0.00002     0.680 ±  0.017 %    98.766 ±  0.055 %
  41       9.3576 ±    0.1297       0.00174 ±    0.00028       0.00072 ±    0.00002     0.681 ±  0.016 %    98.765 ±  0.054 %
  42       9.4206 ±    0.1293       0.00176 ±    0.00028       0.00072 ±    0.00002     0.681 ±  0.016 %    98.766 ±  0.053 %
  43       9.6258 ±    0.1314       0.00186 ±    0.00028       0.00072 ±    0.00002     0.678 ±  0.016 %    98.766 ±  0.053 %
  44       9.7780 ±    0.1324       0.00173 ±    0.00028       0.00072 ±    0.00002     0.676 ±  0.015 %    98.754 ±  0.052 %
  45       9.8305 ±    0.1317       0.00178 ±    0.00028       0.00072 ±    0.00002     0.673 ±  0.015 %    98.755 ±  0.052 %
  46       9.9084 ±    0.1314       0.00184 ±    0.00028       0.00072 ±    0.00002     0.672 ±  0.015 %    98.755 ±  0.051 %
  47       9.9437 ±    0.1305       0.00176 ±    0.00027       0.00072 ±    0.00002     0.670 ±  0.015 %    98.760 ±  0.050 %
  48       9.9415 ±    0.1289       0.00177 ±    0.00027       0.00072 ±    0.00002     0.670 ±  0.014 %    98.737 ±  0.050 %
  49       9.9870 ±    0.1282       0.00176 ±    0.00026       0.00072 ±    0.00002     0.668 ±  0.014 %    98.737 ±  0.050 %
  50       9.9259 ±    0.1260       0.00173 ±    0.00026       0.00072 ±    0.00002     0.668 ±  0.014 %    98.737 ±  0.049 %
  51       9.9505 ±    0.1250       0.00170 ±    0.00026       0.00071 ±    0.00002     0.667 ±  0.014 %    98.725 ±  0.049 %
  52       9.8569 ±    0.1225       0.00164 ±    0.00025       0.00071 ±    0.00002     0.667 ±  0.013 %    98.724 ±  0.049 %
  53       9.8762 ±    0.1218       0.00183 ±    0.00025       0.00073 ±    0.00002     0.672 ±  0.013 %    98.716 ±  0.048 %
  54       9.8331 ±    0.1201       0.00185 ±    0.00025       0.00072 ±    0.00001     0.671 ±  0.013 %    98.722 ±  0.048 %
  55       9.7448 ±    0.1176       0.00184 ±    0.00024       0.00072 ±    0.00001     0.670 ±  0.013 %    98.738 ±  0.047 %
  56       9.7245 ±    0.1163       0.00190 ±    0.00025       0.00072 ±    0.00001     0.669 ±  0.012 %    98.738 ±  0.047 %
  57       9.6133 ±    0.1137       0.00193 ±    0.00024       0.00072 ±    0.00001     0.669 ±  0.012 %    98.743 ±  0.046 %
  58       9.5665 ±    0.1120       0.00192 ±    0.00024       0.00071 ±    0.00001     0.669 ±  0.012 %    98.748 ±  0.046 %
  59       9.5306 ±    0.1105       0.00188 ±    0.00024       0.00071 ±    0.00001     0.667 ±  0.012 %    98.757 ±  0.045 %
  60       9.4766 ±    0.1089       0.00180 ±    0.00023       0.00071 ±    0.00001     0.666 ±  0.012 %    98.772 ±  0.044 %
  61       9.5364 ±    0.1089       0.00189 ±    0.00023       0.00071 ±    0.00001     0.666 ±  0.012 %    98.771 ±  0.044 %
  62       9.5553 ±    0.1082       0.00185 ±    0.00023       0.00071 ±    0.00001     0.665 ±  0.011 %    98.777 ±  0.044 %
  63       9.5873 ±    0.1077       0.00184 ±    0.00022       0.00071 ±    0.00001     0.662 ±  0.011 %    98.776 ±  0.043 %
  64       9.6674 ±    0.1080       0.00181 ±    0.00022       0.00071 ±    0.00001     0.661 ±  0.011 %    98.767 ±  0.043 %
  65       9.6023 ±    0.1063       0.00178 ±    0.00022       0.00071 ±    0.00001     0.662 ±  0.011 %    98.777 ±  0.043 %
  66       9.6266 ±    0.1058       0.00178 ±    0.00022       0.00071 ±    0.00001     0.661 ±  0.011 %    98.775 ±  0.042 %
  67       9.6261 ±    0.1050       0.00174 ±    0.00022       0.00071 ±    0.00001     0.664 ±  0.011 %    98.776 ±  0.042 %
  68       9.6046 ±    0.1039       0.00178 ±    0.00021       0.00071 ±    0.00001     0.665 ±  0.011 %    98.775 ±  0.042 %
  69       9.5802 ±    0.1028       0.00178 ±    0.00021       0.00071 ±    0.00001     0.668 ±  0.011 %    98.776 ±  0.041 %
  70       9.5660 ±    0.1019       0.00182 ±    0.00021       0.00071 ±    0.00001     0.668 ±  0.011 %    98.775 ±  0.041 %
  71       9.5578 ±    0.1011       0.00181 ±    0.00021       0.00072 ±    0.00001     0.669 ±  0.011 %    98.777 ±  0.041 %
  72       9.6619 ±    0.1018       0.00169 ±    0.00021       0.00075 ±    0.00001     0.680 ±  0.011 %    98.769 ±  0.041 %
  73       9.7132 ±    0.1018       0.00163 ±    0.00021       0.00075 ±    0.00001     0.680 ±  0.011 %    98.772 ±  0.040 %
  74       9.7642 ±    0.1017       0.00161 ±    0.00020       0.00075 ±    0.00001     0.679 ±  0.011 %    98.760 ±  0.040 %
  75       9.7332 ±    0.1006       0.00160 ±    0.00020       0.00075 ±    0.00001     0.678 ±  0.011 %    98.758 ±  0.040 %
  76       9.7562 ±    0.1002       0.00159 ±    0.00020       0.00075 ±    0.00001     0.677 ±  0.011 %    98.749 ±  0.040 %
  77       9.7528 ±    0.0995       0.00144 ±    0.00020       0.00075 ±    0.00001     0.678 ±  0.011 %    98.744 ±  0.040 %
  78       9.7228 ±    0.0984       0.00144 ±    0.00020       0.00076 ±    0.00001     0.678 ±  0.010 %    98.746 ±  0.039 %
  79       9.7790 ±    0.0985       0.00142 ±    0.00020       0.00076 ±    0.00001     0.678 ±  0.010 %    98.738 ±  0.039 %
  80       9.7917 ±    0.0980       0.00138 ±    0.00019       0.00076 ±    0.00001     0.677 ±  0.010 %    98.744 ±  0.039 %
  81       9.8273 ±    0.0978       0.00135 ±    0.00019       0.00075 ±    0.00001     0.675 ±  0.010 %    98.734 ±  0.039 %
  82       9.7495 ±    0.0963       0.00133 ±    0.00019       0.00075 ±    0.00001     0.674 ±  0.010 %    98.736 ±  0.039 %
  83       9.7243 ±    0.0954       0.00133 ±    0.00019       0.00075 ±    0.00001     0.673 ±  0.010 %    98.740 ±  0.038 %
  84       9.6998 ±    0.0946       0.00123 ±    0.00019       0.00075 ±    0.00001     0.675 ±  0.010 %    98.741 ±  0.038 %
  85       9.6649 ±    0.0936       0.00125 ±    0.00019       0.00075 ±    0.00001     0.675 ±  0.010 %    98.745 ±  0.038 %
  86       9.6828 ±    0.0933       0.00128 ±    0.00019       0.00075 ±    0.00001     0.675 ±  0.010 %    98.747 ±  0.037 %
  87       9.6403 ±    0.0922       0.00126 ±    0.00018       0.00075 ±    0.00001     0.675 ±  0.010 %    98.747 ±  0.037 %
  88       9.6277 ±    0.0915       0.00124 ±    0.00018       0.00075 ±    0.00001     0.674 ±  0.010 %    98.749 ±  0.037 %
  89       9.6373 ±    0.0911       0.00127 ±    0.00018       0.00075 ±    0.00001     0.675 ±  0.010 %    98.745 ±  0.037 %
  90       9.6554 ±    0.0907       0.00127 ±    0.00018       0.00075 ±    0.00001     0.675 ±  0.009 %    98.746 ±  0.037 %
  91       9.7313 ±    0.0911       0.00124 ±    0.00018       0.00075 ±    0.00001     0.674 ±  0.009 %    98.739 ±  0.037 %
  92       9.8121 ±    0.0915       0.00125 ±    0.00018       0.00075 ±    0.00001     0.673 ±  0.009 %    98.744 ±  0.036 %
  93       9.8585 ±    0.0915       0.00125 ±    0.00018       0.00075 ±    0.00001     0.671 ±  0.009 %    98.741 ±  0.036 %
  94       9.8901 ±    0.0913       0.00122 ±    0.00018       0.00075 ±    0.00001     0.671 ±  0.009 %    98.743 ±  0.036 %
  95       9.9323 ±    0.0912       0.00118 ±    0.00017       0.00074 ±    0.00001     0.670 ±  0.009 %    98.743 ±  0.036 %
  96       9.9999 ±    0.0915       0.00119 ±    0.00017       0.00074 ±    0.00001     0.669 ±  0.009 %    98.736 ±  0.036 %
  97      10.0708 ±    0.0919       0.00122 ±    0.00017       0.00074 ±    0.00001     0.668 ±  0.009 %    98.732 ±  0.036 %
  98      10.0616 ±    0.0913       0.00122 ±    0.00017       0.00074 ±    0.00001     0.668 ±  0.009 %    98.730 ±  0.035 %
  99      10.0743 ±    0.0909       0.00120 ±    0.00017       0.00074 ±    0.00001     0.667 ±  0.009 %    98.722 ±  0.035 %
 100      10.1000 ±    0.0907       0.00118 ±    0.00017       0.00074 ±    0.00001     0.667 ±  0.009 %    98.717 ±  0.035 %
 101      10.0687 ±    0.0899       0.00116 ±    0.00017       0.00074 ±    0.00001     0.667 ±  0.009 %    98.722 ±  0.035 %
 102      10.0769 ±    0.0895       0.00114 ±    0.00017       0.00074 ±    0.00001     0.668 ±  0.009 %    98.725 ±  0.035 %
 103      10.0804 ±    0.0891       0.00110 ±    0.00017       0.00074 ±    0.00001     0.666 ±  0.009 %    98.728 ±  0.035 %
 104      10.1047 ±    0.0888       0.00108 ±    0.00016       0.00074 ±    0.00001     0.665 ±  0.008 %    98.729 ±  0.034 %
 105      10.1021 ±    0.0883       0.00104 ±    0.00016       0.00074 ±    0.00001     0.665 ±  0.008 %    98.730 ±  0.034 %
 106      10.0998 ±    0.0879       0.00106 ±    0.00016       0.00074 ±    0.00001     0.664 ±  0.008 %    98.733 ±  0.034 %
 107      10.1212 ±    0.0877       0.00108 ±    0.00016       0.00073 ±    0.00001     0.664 ±  0.008 %    98.737 ±  0.034 %
 108      10.1211 ±    0.0873       0.00104 ±    0.00016       0.00073 ±    0.00001     0.664 ±  0.008 %    98.731 ±  0.034 %
 109      10.1592 ±    0.0873       0.00105 ±    0.00016       0.00073 ±    0.00001     0.663 ±  0.008 %    98.733 ±  0.033 %
 110      10.1968 ±    0.0874       0.00106 ±    0.00016       0.00074 ±    0.00001     0.665 ±  0.008 %    98.737 ±  0.033 %
 111      10.1750 ±    0.0867       0.00106 ±    0.00016       0.00074 ±    0.00001     0.667 ±  0.008 %    98.739 ±  0.033 %
 112      10.1800 ±    0.0864       0.00105 ±    0.00016       0.00074 ±    0.00001     0.667 ±  0.008 %    98.739 ±  0.033 %
 113      10.1476 ±    0.0857       0.00106 ±    0.00016       0.00074 ±    0.00001     0.668 ±  0.008 %    98.738 ±  0.033 %
 114      10.1871 ±    0.0858       0.00105 ±    0.00016       0.00074 ±    0.00001     0.667 ±  0.008 %    98.739 ±  0.033 %
 115      10.2120 ±    0.0857       0.00103 ±    0.00016       0.00074 ±    0.00001     0.667 ±  0.008 %    98.742 ±  0.032 %
 116      10.2113 ±    0.0853       0.00103 ±    0.00016       0.00074 ±    0.00001     0.667 ±  0.008 %    98.745 ±  0.032 %
 117      10.2365 ±    0.0851       0.00101 ±    0.00015       0.00074 ±    0.00001     0.667 ±  0.008 %    98.739 ±  0.032 %
 118      10.2221 ±    0.0847       0.00103 ±    0.00015       0.00074 ±    0.00001     0.671 ±  0.008 %    98.744 ±  0.032 %
 119      10.1907 ±    0.0840       0.00107 ±    0.00016       0.00074 ±    0.00001     0.672 ±  0.008 %    98.744 ±  0.032 %
 120      10.2111 ±    0.0839       0.00116 ±    0.00017       0.00074 ±    0.00001     0.672 ±  0.008 %    98.742 ±  0.032 %
 121      10.2053 ±    0.0836       0.00117 ±    0.00017       0.00074 ±    0.00001     0.672 ±  0.008 %    98.746 ±  0.032 %
 122      10.1856 ±    0.0830       0.00115 ±    0.00017       0.00074 ±    0.00001     0.671 ±  0.008 %    98.746 ±  0.031 %
 123      10.1645 ±    0.0825       0.00115 ±    0.00017       0.00074 ±    0.00001     0.672 ±  0.008 %    98.744 ±  0.031 %
 124      10.1844 ±    0.0824       0.00115 ±    0.00017       0.00074 ±    0.00001     0.672 ±  0.008 %    98.747 ±  0.031 %
 125      10.2147 ±    0.0824       0.00115 ±    0.00017       0.00074 ±    0.00001     0.671 ±  0.008 %    98.743 ±  0.031 %
 126      10.1915 ±    0.0819       0.00115 ±    0.00017       0.00074 ±    0.00001     0.671 ±  0.008 %    98.747 ±  0.031 %
 127      10.1982 ±    0.0816       0.00116 ±    0.00017       0.00073 ±    0.00001     0.670 ±  0.008 %    98.747 ±  0.031 %
 128      10.1703 ±    0.0810       0.00117 ±    0.00016       0.00073 ±    0.00001     0.670 ±  0.008 %    98.745 ±  0.031 %
 129      10.1547 ±    0.0805       0.00117 ±    0.00016       0.00073 ±    0.00001     0.670 ±  0.008 %    98.747 ±  0.031 %
 130      10.1534 ±    0.0802       0.00119 ±    0.00016       0.00074 ±    0.00001     0.671 ±  0.008 %    98.749 ±  0.030 %
 131      10.1573 ±    0.0800       0.00117 ±    0.00016       0.00074 ±    0.00001     0.671 ±  0.008 %    98.751 ±  0.030 %
 132      10.1517 ±    0.0796       0.00115 ±    0.00016       0.00074 ±    0.00001     0.671 ±  0.008 %    98.754 ±  0.030 %
 133      10.1751 ±    0.0796       0.00115 ±    0.00016       0.00074 ±    0.00001     0.670 ±  0.008 %    98.751 ±  0.030 %
 134      10.1955 ±    0.0795       0.00117 ±    0.00016       0.00074 ±    0.00001     0.670 ±  0.008 %    98.753 ±  0.030 %
 135      10.1760 ±    0.0790       0.00116 ±    0.00016       0.00074 ±    0.00001     0.670 ±  0.008 %    98.752 ±  0.030 %
 136      10.1380 ±    0.0783       0.00117 ±    0.00016       0.00074 ±    0.00001     0.670 ±  0.007 %    98.750 ±  0.030 %
 137      10.0817 ±    0.0776       0.00116 ±    0.00016       0.00075 ±    0.00001     0.674 ±  0.008 %    98.751 ±  0.030 %
 138      10.1081 ±    0.0776       0.00112 ±    0.00016       0.00075 ±    0.00001     0.675 ±  0.008 %    98.747 ±  0.030 %
 139      10.1278 ±    0.0774       0.00113 ±    0.00016       0.00075 ±    0.00001     0.674 ±  0.008 %    98.748 ±  0.029 %
 140      10.1950 ±    0.0778       0.00125 ±    0.00016       0.00075 ±    0.00001     0.676 ±  0.008 %    98.744 ±  0.029 %
 141      10.1914 ±    0.0775       0.00125 ±    0.00016       0.00075 ±    0.00001     0.675 ±  0.008 %    98.745 ±  0.029 %
 142      10.1903 ±    0.0772       0.00125 ±    0.00015       0.00075 ±    0.00001     0.675 ±  0.007 %    98.746 ±  0.029 %
 143      10.1882 ±    0.0769       0.00124 ±    0.00015       0.00075 ±    0.00001     0.674 ±  0.007 %    98.749 ±  0.029 %
 144      10.2148 ±    0.0769       0.00122 ±    0.00015       0.00075 ±    0.00001     0.674 ±  0.007 %    98.746 ±  0.029 %
 145      10.2062 ±    0.0766       0.00124 ±    0.00015       0.00075 ±    0.00001     0.675 ±  0.007 %    98.747 ±  0.029 %

====== Perplexity statistics ======
Mean PPL(Q)                   :  10.206229 ±   0.076569
Mean PPL(base)                :  10.193553 ±   0.076375
Cor(ln(PPL(Q)), ln(PPL(base))):  99.98%
Mean ln(PPL(Q)/PPL(base))     :   0.001243 ±   0.000152
Mean PPL(Q)/PPL(base)         :   1.001244 ±   0.000152
Mean PPL(Q)-PPL(base)         :   0.012676 ±   0.001561

====== KL divergence statistics ======
Mean    KLD:   0.000748 ±   0.000010
Maximum KLD:   0.513022
99.9%   KLD:   0.024367
99.0%   KLD:   0.005475
95.0%   KLD:   0.002200
90.0%   KLD:   0.001489
Median  KLD:   0.000378
10.0%   KLD:   0.000016
 5.0%   KLD:   0.000002
 1.0%   KLD:  -0.000023
 0.1%   KLD:  -0.000110
Minimum KLD:  -0.000463

====== Token probability statistics ======
Mean    Δp: -0.004 ± 0.002 %
Maximum Δp: 27.716%
99.9%   Δp:  4.145%
99.0%   Δp:  1.975%
95.0%   Δp:  0.945%
90.0%   Δp:  0.552%
75.0%   Δp:  0.115%
Median  Δp: -0.000%
25.0%   Δp: -0.124%
10.0%   Δp: -0.559%
 5.0%   Δp: -0.953%
 1.0%   Δp: -2.014%
 0.1%   Δp: -4.337%
Minimum Δp: -18.555%
RMS Δp    :  0.675 ± 0.007 %
Same top p: 98.747 ± 0.029 %

------------------------------
llama-perplexity --kl-divergence-base /tmp/logits.dat --ctx-size 2048 -f sample-data/wiki.test.raw -hf prism-ml/Ternary-Bonsai-27B-gguf:Q2_g64 -fa on -ngl 99 -ctk q5_1 -ctv q5_0 --kl-divergence
0.01.004.005 W common_fit_params: failed to fit params to free device memory: n_gpu_layers already set by user to 99, abort
0.03.238.866 I 
0.03.238.941 I system_info: n_threads = 16 (n_threads_batch = 16) / 32 | CUDA : ARCHS = 500,610,700,750,800,860,890,900 | USE_GRAPHS = 1 | FA_ALL_QUANTS = 1 | CPU : SSE3 = 1 | SSSE3 = 1 | AVX = 1 | AVX2 = 1 | F16C = 1 | FMA = 1 | BMI2 = 1 | LLAMAFILE = 1 | OPENMP = 1 | REPACK = 1 | 
0.03.464.780 I kl_divergence: computing over 145 chunks, n_ctx=2048, batch_size=2048, n_seq=1
0.06.054.645 I kl_divergence: 2.59 seconds per pass - ETA 6.25 minutes

chunk             PPL               ln(PPL(Q)/PPL(base))          KL Divergence              Δp RMS            Same top p
   1       9.9509 ±    0.9211       0.00044 ±    0.00152       0.00077 ±    0.00006     0.707 ±  0.073 %    98.925 ±  0.323 %
   2      10.8190 ±    0.6936      -0.00035 ±    0.00094       0.00063 ±    0.00003     0.643 ±  0.042 %    98.827 ±  0.238 %
   3      10.8624 ±    0.5627      -0.00021 ±    0.00072       0.00059 ±    0.00002     0.604 ±  0.031 %    98.892 ±  0.189 %
   4      11.2341 ±    0.5187      -0.00053 ±    0.00062       0.00067 ±    0.00004     0.635 ±  0.030 %    98.876 ±  0.165 %
   5      11.4880 ±    0.4817       0.00034 ±    0.00061       0.00069 ±    0.00003     0.676 ±  0.031 %    98.729 ±  0.157 %
   6       9.8841 ±    0.3675       0.00035 ±    0.00062       0.00076 ±    0.00004     0.758 ±  0.035 %    98.811 ±  0.138 %
   7       9.0801 ±    0.3087       0.00020 ±    0.00064       0.00094 ±    0.00005     0.894 ±  0.046 %    98.771 ±  0.130 %
   8       8.8758 ±    0.2791       0.00033 ±    0.00058       0.00092 ±    0.00004     0.885 ±  0.041 %    98.729 ±  0.124 %
   9       9.4373 ±    0.2819       0.00034 ±    0.00055       0.00091 ±    0.00004     0.871 ±  0.039 %    98.697 ±  0.118 %
  10       9.4861 ±    0.2701       0.00067 ±    0.00060       0.00089 ±    0.00004     0.854 ±  0.036 %    98.671 ±  0.113 %
  11       9.6148 ±    0.2612       0.00098 ±    0.00056       0.00088 ±    0.00003     0.846 ±  0.034 %    98.685 ±  0.107 %
  12       9.9440 ±    0.2601       0.00094 ±    0.00059       0.00086 ±    0.00003     0.827 ±  0.032 %    98.688 ±  0.103 %
  13       9.9431 ±    0.2493       0.00087 ±    0.00056       0.00084 ±    0.00003     0.819 ±  0.030 %    98.707 ±  0.098 %
  14       9.9385 ±    0.2393       0.00095 ±    0.00053       0.00083 ±    0.00003     0.809 ±  0.029 %    98.715 ±  0.094 %
  15       9.8917 ±    0.2294       0.00089 ±    0.00050       0.00082 ±    0.00003     0.801 ±  0.027 %    98.716 ±  0.091 %
  16      10.1520 ±    0.2286       0.00096 ±    0.00047       0.00082 ±    0.00002     0.792 ±  0.026 %    98.717 ±  0.088 %
  17      10.2230 ±    0.2234       0.00089 ±    0.00045       0.00081 ±    0.00002     0.785 ±  0.025 %    98.706 ±  0.086 %
  18      10.2973 ±    0.2184       0.00088 ±    0.00044       0.00080 ±    0.00002     0.779 ±  0.023 %    98.648 ±  0.085 %
  19      10.3130 ±    0.2149       0.00122 ±    0.00049       0.00085 ±    0.00003     0.785 ±  0.022 %    98.652 ±  0.083 %
  20      10.0627 ±    0.2035       0.00109 ±    0.00047       0.00086 ±    0.00002     0.787 ±  0.022 %    98.666 ±  0.080 %
  21      10.0664 ±    0.1983       0.00110 ±    0.00045       0.00085 ±    0.00002     0.781 ±  0.021 %    98.650 ±  0.079 %
  22      10.1191 ±    0.1953       0.00112 ±    0.00044       0.00084 ±    0.00002     0.778 ±  0.020 %    98.667 ±  0.076 %
  23      10.1199 ±    0.1905       0.00100 ±    0.00042       0.00083 ±    0.00002     0.770 ±  0.019 %    98.695 ±  0.074 %
  24      10.1899 ±    0.1881       0.00092 ±    0.00041       0.00084 ±    0.00002     0.773 ±  0.019 %    98.717 ±  0.072 %
  25      10.2308 ±    0.1852       0.00094 ±    0.00040       0.00083 ±    0.00002     0.767 ±  0.019 %    98.741 ±  0.070 %
  26      10.1867 ±    0.1805       0.00084 ±    0.00039       0.00082 ±    0.00002     0.765 ±  0.018 %    98.741 ±  0.068 %
  27      10.4925 ±    0.1839       0.00088 ±    0.00038       0.00084 ±    0.00002     0.761 ±  0.017 %    98.747 ±  0.067 %
  28      10.5453 ±    0.1816       0.00093 ±    0.00037       0.00083 ±    0.00002     0.755 ±  0.017 %    98.764 ±  0.065 %
  29      10.4851 ±    0.1770       0.00086 ±    0.00036       0.00083 ±    0.00002     0.750 ±  0.017 %    98.770 ±  0.064 %
  30      10.4061 ±    0.1723       0.00091 ±    0.00035       0.00082 ±    0.00002     0.745 ±  0.016 %    98.759 ±  0.063 %
  31      10.2702 ±    0.1670       0.00100 ±    0.00034       0.00081 ±    0.00002     0.742 ±  0.016 %    98.761 ±  0.062 %
  32      10.1198 ±    0.1617       0.00103 ±    0.00034       0.00081 ±    0.00002     0.742 ±  0.015 %    98.754 ±  0.061 %
  33      10.0873 ±    0.1589       0.00099 ±    0.00033       0.00081 ±    0.00002     0.743 ±  0.015 %    98.732 ±  0.061 %
  34      10.0169 ±    0.1550       0.00099 ±    0.00032       0.00080 ±    0.00002     0.739 ±  0.015 %    98.723 ±  0.060 %
  35      10.0129 ±    0.1527       0.00092 ±    0.00032       0.00080 ±    0.00002     0.736 ±  0.014 %    98.718 ±  0.059 %
  36      10.0077 ±    0.1505       0.00087 ±    0.00031       0.00080 ±    0.00002     0.735 ±  0.014 %    98.713 ±  0.059 %
  37       9.8367 ±    0.1454       0.00081 ±    0.00030       0.00080 ±    0.00002     0.735 ±  0.014 %    98.719 ±  0.058 %
  38       9.7379 ±    0.1416       0.00088 ±    0.00030       0.00080 ±    0.00002     0.736 ±  0.014 %    98.722 ±  0.057 %
  39       9.6032 ±    0.1373       0.00085 ±    0.00029       0.00080 ±    0.00002     0.735 ±  0.013 %    98.729 ±  0.056 %
  40       9.4336 ±    0.1327       0.00085 ±    0.00029       0.00079 ±    0.00002     0.733 ±  0.013 %    98.734 ±  0.055 %
  41       9.3494 ±    0.1295       0.00086 ±    0.00028       0.00079 ±    0.00002     0.732 ±  0.013 %    98.736 ±  0.055 %
  42       9.4125 ±    0.1291       0.00090 ±    0.00028       0.00078 ±    0.00002     0.729 ±  0.013 %    98.722 ±  0.054 %
  43       9.6177 ±    0.1312       0.00102 ±    0.00028       0.00079 ±    0.00002     0.729 ±  0.012 %    98.704 ±  0.054 %
  44       9.7710 ±    0.1322       0.00101 ±    0.00029       0.00079 ±    0.00002     0.726 ±  0.012 %    98.694 ±  0.054 %
  45       9.8225 ±    0.1315       0.00097 ±    0.00028       0.00079 ±    0.00002     0.724 ±  0.012 %    98.697 ±  0.053 %
  46       9.9000 ±    0.1312       0.00099 ±    0.00028       0.00079 ±    0.00002     0.722 ±  0.012 %    98.693 ±  0.052 %
  47       9.9356 ±    0.1303       0.00094 ±    0.00027       0.00079 ±    0.00001     0.720 ±  0.012 %    98.700 ±  0.052 %
  48       9.9333 ±    0.1287       0.00094 ±    0.00027       0.00079 ±    0.00001     0.719 ±  0.011 %    98.688 ±  0.051 %
  49       9.9774 ±    0.1280       0.00080 ±    0.00027       0.00079 ±    0.00001     0.718 ±  0.011 %    98.693 ±  0.051 %
  50       9.9168 ±    0.1258       0.00082 ±    0.00026       0.00079 ±    0.00001     0.718 ±  0.011 %    98.698 ±  0.050 %
  51       9.9417 ±    0.1249       0.00082 ±    0.00026       0.00079 ±    0.00001     0.716 ±  0.011 %    98.700 ±  0.050 %
  52       9.8487 ±    0.1224       0.00080 ±    0.00026       0.00079 ±    0.00001     0.715 ±  0.011 %    98.714 ±  0.049 %
  53       9.8638 ±    0.1216       0.00058 ±    0.00026       0.00080 ±    0.00001     0.720 ±  0.011 %    98.700 ±  0.049 %
  54       9.8204 ±    0.1198       0.00056 ±    0.00025       0.00080 ±    0.00001     0.718 ±  0.010 %    98.702 ±  0.048 %
  55       9.7320 ±    0.1174       0.00053 ±    0.00025       0.00079 ±    0.00001     0.716 ±  0.010 %    98.710 ±  0.048 %
  56       9.7123 ±    0.1161       0.00065 ±    0.00025       0.00079 ±    0.00001     0.715 ±  0.010 %    98.717 ±  0.047 %
  57       9.6009 ±    0.1135       0.00065 ±    0.00025       0.00079 ±    0.00001     0.714 ±  0.010 %    98.719 ±  0.047 %
  58       9.5542 ±    0.1118       0.00063 ±    0.00024       0.00079 ±    0.00001     0.714 ±  0.010 %    98.724 ±  0.046 %
  59       9.5186 ±    0.1103       0.00062 ±    0.00024       0.00078 ±    0.00001     0.712 ±  0.010 %    98.736 ±  0.045 %
  60       9.4651 ±    0.1087       0.00058 ±    0.00024       0.00078 ±    0.00001     0.710 ±  0.010 %    98.742 ±  0.045 %
  61       9.5243 ±    0.1087       0.00063 ±    0.00023       0.00078 ±    0.00001     0.709 ±  0.009 %    98.750 ±  0.044 %
  62       9.5432 ±    0.1080       0.00059 ±    0.00023       0.00078 ±    0.00001     0.710 ±  0.009 %    98.748 ±  0.044 %
  63       9.5753 ±    0.1075       0.00059 ±    0.00023       0.00078 ±    0.00001     0.708 ±  0.009 %    98.751 ±  0.044 %
  64       9.6560 ±    0.1078       0.00063 ±    0.00023       0.00078 ±    0.00001     0.707 ±  0.009 %    98.755 ±  0.043 %
  65       9.5911 ±    0.1061       0.00062 ±    0.00022       0.00078 ±    0.00001     0.707 ±  0.009 %    98.758 ±  0.043 %
  66       9.6154 ±    0.1056       0.00061 ±    0.00022       0.00078 ±    0.00001     0.706 ±  0.009 %    98.757 ±  0.043 %
  67       9.6152 ±    0.1048       0.00061 ±    0.00022       0.00078 ±    0.00001     0.714 ±  0.012 %    98.764 ±  0.042 %
  68       9.5931 ±    0.1037       0.00058 ±    0.00022       0.00078 ±    0.00001     0.713 ±  0.012 %    98.757 ±  0.042 %
  69       9.5690 ±    0.1026       0.00062 ±    0.00022       0.00078 ±    0.00001     0.712 ±  0.012 %    98.758 ±  0.042 %
  70       9.5552 ±    0.1017       0.00070 ±    0.00021       0.00078 ±    0.00001     0.712 ±  0.011 %    98.759 ±  0.041 %
  71       9.5473 ±    0.1009       0.00070 ±    0.00021       0.00079 ±    0.00001     0.716 ±  0.011 %    98.760 ±  0.041 %
  72       9.6516 ±    0.1017       0.00063 ±    0.00021       0.00081 ±    0.00001     0.727 ±  0.012 %    98.751 ±  0.041 %
  73       9.7035 ±    0.1017       0.00063 ±    0.00021       0.00083 ±    0.00002     0.729 ±  0.012 %    98.745 ±  0.041 %
  74       9.7543 ±    0.1016       0.00060 ±    0.00021       0.00083 ±    0.00002     0.728 ±  0.012 %    98.736 ±  0.041 %
  75       9.7231 ±    0.1005       0.00056 ±    0.00021       0.00082 ±    0.00002     0.727 ±  0.011 %    98.734 ±  0.040 %
  76       9.7460 ±    0.1001       0.00055 ±    0.00021       0.00082 ±    0.00002     0.725 ±  0.011 %    98.728 ±  0.040 %
  77       9.7448 ±    0.0994       0.00062 ±    0.00020       0.00083 ±    0.00002     0.727 ±  0.011 %    98.729 ±  0.040 %
  78       9.7148 ±    0.0983       0.00062 ±    0.00020       0.00083 ±    0.00002     0.725 ±  0.011 %    98.734 ±  0.040 %
  79       9.7708 ±    0.0984       0.00059 ±    0.00020       0.00083 ±    0.00002     0.725 ±  0.011 %    98.723 ±  0.039 %
  80       9.7837 ±    0.0979       0.00056 ±    0.00020       0.00083 ±    0.00002     0.724 ±  0.011 %    98.721 ±  0.039 %
  81       9.8197 ±    0.0977       0.00057 ±    0.00020       0.00082 ±    0.00002     0.722 ±  0.011 %    98.715 ±  0.039 %
  82       9.7421 ±    0.0962       0.00057 ±    0.00020       0.00082 ±    0.00002     0.721 ±  0.011 %    98.723 ±  0.039 %
  83       9.7168 ±    0.0953       0.00056 ±    0.00019       0.00082 ±    0.00002     0.720 ±  0.011 %    98.723 ±  0.039 %
  84       9.6930 ±    0.0945       0.00054 ±    0.00019       0.00082 ±    0.00002     0.720 ±  0.010 %    98.719 ±  0.038 %
  85       9.6582 ±    0.0935       0.00056 ±    0.00019       0.00081 ±    0.00001     0.719 ±  0.010 %    98.720 ±  0.038 %
  86       9.6756 ±    0.0932       0.00055 ±    0.00019       0.00081 ±    0.00001     0.719 ±  0.010 %    98.717 ±  0.038 %
  87       9.6337 ±    0.0921       0.00057 ±    0.00019       0.00081 ±    0.00001     0.718 ±  0.010 %    98.721 ±  0.038 %
  88       9.6213 ±    0.0914       0.00058 ±    0.00019       0.00081 ±    0.00001     0.719 ±  0.010 %    98.719 ±  0.037 %
  89       9.6310 ±    0.0910       0.00061 ±    0.00019       0.00081 ±    0.00001     0.719 ±  0.010 %    98.720 ±  0.037 %
  90       9.6489 ±    0.0906       0.00059 ±    0.00019       0.00081 ±    0.00001     0.718 ±  0.010 %    98.723 ±  0.037 %
  91       9.7255 ±    0.0910       0.00065 ±    0.00018       0.00081 ±    0.00001     0.717 ±  0.010 %    98.716 ±  0.037 %
  92       9.8056 ±    0.0914       0.00059 ±    0.00018       0.00082 ±    0.00001     0.717 ±  0.010 %    98.715 ±  0.037 %
  93       9.8521 ±    0.0914       0.00061 ±    0.00018       0.00081 ±    0.00001     0.717 ±  0.010 %    98.710 ±  0.037 %
  94       9.8841 ±    0.0912       0.00061 ±    0.00018       0.00081 ±    0.00001     0.715 ±  0.010 %    98.714 ±  0.036 %
  95       9.9265 ±    0.0912       0.00059 ±    0.00018       0.00081 ±    0.00001     0.715 ±  0.010 %    98.711 ±  0.036 %
  96       9.9940 ±    0.0914       0.00059 ±    0.00018       0.00081 ±    0.00001     0.713 ±  0.010 %    98.709 ±  0.036 %
  97      10.0646 ±    0.0918       0.00060 ±    0.00018       0.00081 ±    0.00001     0.712 ±  0.009 %    98.705 ±  0.036 %
  98      10.0554 ±    0.0912       0.00061 ±    0.00018       0.00081 ±    0.00001     0.712 ±  0.009 %    98.705 ±  0.036 %
  99      10.0682 ±    0.0908       0.00059 ±    0.00018       0.00081 ±    0.00001     0.711 ±  0.009 %    98.701 ±  0.036 %
 100      10.0942 ±    0.0907       0.00060 ±    0.00017       0.00081 ±    0.00001     0.711 ±  0.009 %    98.700 ±  0.035 %
 101      10.0631 ±    0.0899       0.00060 ±    0.00017       0.00081 ±    0.00001     0.711 ±  0.009 %    98.707 ±  0.035 %
 102      10.0713 ±    0.0895       0.00059 ±    0.00017       0.00081 ±    0.00001     0.711 ±  0.009 %    98.706 ±  0.035 %
 103      10.0751 ±    0.0890       0.00058 ±    0.00017       0.00081 ±    0.00001     0.710 ±  0.009 %    98.707 ±  0.035 %
 104      10.0999 ±    0.0888       0.00060 ±    0.00017       0.00080 ±    0.00001     0.708 ±  0.009 %    98.708 ±  0.035 %
 105      10.0974 ±    0.0883       0.00058 ±    0.00017       0.00080 ±    0.00001     0.708 ±  0.009 %    98.710 ±  0.034 %
 106      10.0951 ±    0.0878       0.00060 ±    0.00017       0.00080 ±    0.00001     0.707 ±  0.009 %    98.708 ±  0.034 %
 107      10.1162 ±    0.0876       0.00057 ±    0.00017       0.00080 ±    0.00001     0.707 ±  0.009 %    98.711 ±  0.034 %
 108      10.1163 ±    0.0872       0.00055 ±    0.00017       0.00080 ±    0.00001     0.706 ±  0.009 %    98.708 ±  0.034 %
 109      10.1541 ±    0.0872       0.00055 ±    0.00017       0.00080 ±    0.00001     0.705 ±  0.009 %    98.708 ±  0.034 %
 110      10.1916 ±    0.0873       0.00055 ±    0.00017       0.00080 ±    0.00001     0.705 ±  0.008 %    98.704 ±  0.034 %
 111      10.1698 ±    0.0867       0.00055 ±    0.00016       0.00080 ±    0.00001     0.707 ±  0.009 %    98.708 ±  0.034 %
 112      10.1751 ±    0.0863       0.00056 ±    0.00016       0.00080 ±    0.00001     0.707 ±  0.008 %    98.707 ±  0.033 %
 113      10.1424 ±    0.0857       0.00055 ±    0.00016       0.00080 ±    0.00001     0.707 ±  0.008 %    98.707 ±  0.033 %
 114      10.1820 ±    0.0857       0.00055 ±    0.00016       0.00080 ±    0.00001     0.707 ±  0.008 %    98.710 ±  0.033 %
 115      10.2072 ±    0.0856       0.00056 ±    0.00016       0.00080 ±    0.00001     0.707 ±  0.008 %    98.707 ±  0.033 %
 116      10.2065 ±    0.0852       0.00056 ±    0.00016       0.00080 ±    0.00001     0.706 ±  0.008 %    98.708 ±  0.033 %
 117      10.2317 ±    0.0851       0.00055 ±    0.00016       0.00080 ±    0.00001     0.706 ±  0.008 %    98.707 ±  0.033 %
 118      10.2173 ±    0.0846       0.00056 ±    0.00016       0.00080 ±    0.00001     0.708 ±  0.008 %    98.709 ±  0.032 %
 119      10.1860 ±    0.0840       0.00060 ±    0.00017       0.00080 ±    0.00001     0.709 ±  0.008 %    98.713 ±  0.032 %
 120      10.2065 ±    0.0839       0.00071 ±    0.00018       0.00080 ±    0.00001     0.709 ±  0.008 %    98.710 ±  0.032 %
 121      10.2007 ±    0.0835       0.00072 ±    0.00018       0.00080 ±    0.00001     0.708 ±  0.008 %    98.711 ±  0.032 %
 122      10.1813 ±    0.0830       0.00072 ±    0.00017       0.00080 ±    0.00001     0.707 ±  0.008 %    98.709 ±  0.032 %
 123      10.1601 ±    0.0824       0.00073 ±    0.00017       0.00080 ±    0.00001     0.709 ±  0.008 %    98.708 ±  0.032 %
 124      10.1802 ±    0.0824       0.00074 ±    0.00017       0.00080 ±    0.00001     0.709 ±  0.008 %    98.709 ±  0.032 %
 125      10.2106 ±    0.0823       0.00074 ±    0.00017       0.00080 ±    0.00001     0.709 ±  0.008 %    98.707 ±  0.032 %
 126      10.1875 ±    0.0818       0.00076 ±    0.00017       0.00080 ±    0.00001     0.709 ±  0.008 %    98.710 ±  0.031 %
 127      10.1941 ±    0.0815       0.00075 ±    0.00017       0.00080 ±    0.00001     0.708 ±  0.008 %    98.713 ±  0.031 %
 128      10.1661 ±    0.0810       0.00076 ±    0.00017       0.00080 ±    0.00001     0.708 ±  0.008 %    98.711 ±  0.031 %
 129      10.1506 ±    0.0805       0.00076 ±    0.00017       0.00080 ±    0.00001     0.707 ±  0.008 %    98.712 ±  0.031 %
 130      10.1490 ±    0.0802       0.00076 ±    0.00017       0.00080 ±    0.00001     0.708 ±  0.008 %    98.713 ±  0.031 %
 131      10.1530 ±    0.0800       0.00075 ±    0.00017       0.00080 ±    0.00001     0.708 ±  0.008 %    98.717 ±  0.031 %
 132      10.1476 ±    0.0796       0.00075 ±    0.00016       0.00080 ±    0.00001     0.708 ±  0.008 %    98.720 ±  0.031 %
 133      10.1713 ±    0.0795       0.00077 ±    0.00016       0.00080 ±    0.00001     0.707 ±  0.008 %    98.719 ±  0.030 %
 134      10.1911 ±    0.0794       0.00074 ±    0.00016       0.00080 ±    0.00001     0.707 ±  0.007 %    98.722 ±  0.030 %
 135      10.1717 ±    0.0789       0.00074 ±    0.00016       0.00080 ±    0.00001     0.707 ±  0.007 %    98.725 ±  0.030 %
 136      10.1335 ±    0.0783       0.00073 ±    0.00016       0.00080 ±    0.00001     0.707 ±  0.007 %    98.724 ±  0.030 %
 137      10.0775 ±    0.0775       0.00075 ±    0.00016       0.00081 ±    0.00001     0.714 ±  0.008 %    98.726 ±  0.030 %
 138      10.1045 ±    0.0775       0.00075 ±    0.00016       0.00081 ±    0.00001     0.714 ±  0.008 %    98.726 ±  0.030 %
 139      10.1240 ±    0.0774       0.00076 ±    0.00016       0.00081 ±    0.00001     0.714 ±  0.008 %    98.720 ±  0.030 %
 140      10.1898 ±    0.0778       0.00074 ±    0.00016       0.00081 ±    0.00001     0.714 ±  0.008 %    98.717 ±  0.030 %
 141      10.1863 ±    0.0774       0.00075 ±    0.00016       0.00081 ±    0.00001     0.713 ±  0.008 %    98.720 ±  0.030 %
 142      10.1852 ±    0.0771       0.00075 ±    0.00016       0.00081 ±    0.00001     0.712 ±  0.008 %    98.721 ±  0.029 %
 143      10.1830 ±    0.0768       0.00073 ±    0.00016       0.00080 ±    0.00001     0.712 ±  0.008 %    98.720 ±  0.029 %
 144      10.2096 ±    0.0768       0.00072 ±    0.00016       0.00081 ±    0.00001     0.713 ±  0.008 %    98.720 ±  0.029 %
 145      10.2007 ±    0.0765       0.00070 ±    0.00016       0.00081 ±    0.00001     0.713 ±  0.008 %    98.720 ±  0.029 %

====== Perplexity statistics ======
Mean PPL(Q)                   :  10.200724 ±   0.076503
Mean PPL(base)                :  10.193553 ±   0.076375
Cor(ln(PPL(Q)), ln(PPL(base))):  99.98%
Mean ln(PPL(Q)/PPL(base))     :   0.000703 ±   0.000155
Mean PPL(Q)/PPL(base)         :   1.000703 ±   0.000156
Mean PPL(Q)-PPL(base)         :   0.007171 ±   0.001589

====== KL divergence statistics ======
Mean    KLD:   0.000807 ±   0.000010
Maximum KLD:   0.776478
99.9%   KLD:   0.033490
99.0%   KLD:   0.005736
95.0%   KLD:   0.002356
90.0%   KLD:   0.001596
Median  KLD:   0.000411
10.0%   KLD:   0.000018
 5.0%   KLD:   0.000002
 1.0%   KLD:  -0.000022
 0.1%   KLD:  -0.000103
Minimum KLD:  -0.000388

====== Token probability statistics ======
Mean    Δp: -0.004 ± 0.002 %
Maximum Δp: 27.908%
99.9%   Δp:  4.459%
99.0%   Δp:  2.090%
95.0%   Δp:  0.985%
90.0%   Δp:  0.580%
75.0%   Δp:  0.120%
Median  Δp: -0.000%
25.0%   Δp: -0.125%
10.0%   Δp: -0.588%
 5.0%   Δp: -0.994%
 1.0%   Δp: -2.128%
 0.1%   Δp: -4.562%
Minimum Δp: -28.721%
RMS Δp    :  0.713 ± 0.008 %
Same top p: 98.720 ± 0.029 %

------------------------------
llama-perplexity --kl-divergence-base /tmp/logits.dat --ctx-size 2048 -f sample-data/wiki.test.raw -hf prism-ml/Ternary-Bonsai-27B-gguf:Q2_g64 -fa on -ngl 99 -ctk q5_1 -ctv q4_1 --kl-divergence
0.01.027.457 W common_fit_params: failed to fit params to free device memory: n_gpu_layers already set by user to 99, abort
0.03.268.226 I 
0.03.268.305 I system_info: n_threads = 16 (n_threads_batch = 16) / 32 | CUDA : ARCHS = 500,610,700,750,800,860,890,900 | USE_GRAPHS = 1 | FA_ALL_QUANTS = 1 | CPU : SSE3 = 1 | SSSE3 = 1 | AVX = 1 | AVX2 = 1 | F16C = 1 | FMA = 1 | BMI2 = 1 | LLAMAFILE = 1 | OPENMP = 1 | REPACK = 1 | 
0.03.494.121 I kl_divergence: computing over 145 chunks, n_ctx=2048, batch_size=2048, n_seq=1
0.06.054.770 I kl_divergence: 2.56 seconds per pass - ETA 6.18 minutes

chunk             PPL               ln(PPL(Q)/PPL(base))          KL Divergence              Δp RMS            Same top p
   1       9.9707 ±    0.9230       0.00243 ±    0.00184       0.00141 ±    0.00020     0.885 ±  0.048 %    98.240 ±  0.411 %
   2      10.8357 ±    0.6946       0.00119 ±    0.00125       0.00123 ±    0.00012     0.830 ±  0.030 %    98.045 ±  0.306 %
   3      10.8603 ±    0.5624      -0.00041 ±    0.00096       0.00112 ±    0.00008     0.788 ±  0.024 %    98.110 ±  0.246 %
   4      11.2409 ±    0.5191       0.00008 ±    0.00085       0.00117 ±    0.00006     0.819 ±  0.021 %    98.118 ±  0.212 %
   5      11.4995 ±    0.4822       0.00134 ±    0.00081       0.00119 ±    0.00005     0.846 ±  0.021 %    98.084 ±  0.192 %
   6       9.8864 ±    0.3676       0.00059 ±    0.00073       0.00125 ±    0.00005     0.914 ±  0.024 %    98.094 ±  0.175 %
   7       9.0799 ±    0.3087       0.00018 ±    0.00079       0.00151 ±    0.00007     1.011 ±  0.033 %    98.087 ±  0.162 %
   8       8.8703 ±    0.2788      -0.00029 ±    0.00072       0.00149 ±    0.00007     1.002 ±  0.030 %    98.118 ±  0.150 %
   9       9.4329 ±    0.2818      -0.00013 ±    0.00068       0.00149 ±    0.00006     0.989 ±  0.028 %    98.099 ±  0.142 %
  10       9.4852 ±    0.2700       0.00058 ±    0.00070       0.00146 ±    0.00005     0.980 ±  0.026 %    98.113 ±  0.135 %
  11       9.6138 ±    0.2611       0.00088 ±    0.00066       0.00143 ±    0.00005     0.977 ±  0.025 %    98.134 ±  0.128 %
  12       9.9461 ±    0.2601       0.00115 ±    0.00068       0.00141 ±    0.00005     0.958 ±  0.024 %    98.102 ±  0.123 %
  13       9.9466 ±    0.2494       0.00121 ±    0.00064       0.00138 ±    0.00004     0.946 ±  0.022 %    98.113 ±  0.118 %
  14       9.9429 ±    0.2394       0.00140 ±    0.00061       0.00137 ±    0.00004     0.942 ±  0.021 %    98.122 ±  0.113 %
  15       9.8944 ±    0.2294       0.00116 ±    0.00058       0.00136 ±    0.00004     0.948 ±  0.023 %    98.123 ±  0.110 %
  16      10.1525 ±    0.2286       0.00102 ±    0.00055       0.00135 ±    0.00003     0.941 ±  0.022 %    98.124 ±  0.106 %
  17      10.2252 ±    0.2234       0.00110 ±    0.00053       0.00134 ±    0.00003     0.934 ±  0.021 %    98.114 ±  0.103 %
  18      10.2988 ±    0.2184       0.00102 ±    0.00051       0.00133 ±    0.00003     0.930 ±  0.020 %    98.105 ±  0.100 %
  19      10.3080 ±    0.2147       0.00073 ±    0.00056       0.00151 ±    0.00007     0.959 ±  0.020 %    98.081 ±  0.098 %
  20      10.0592 ±    0.2034       0.00075 ±    0.00054       0.00152 ±    0.00007     0.959 ±  0.019 %    98.109 ±  0.095 %
  21      10.0636 ±    0.1982       0.00081 ±    0.00052       0.00150 ±    0.00007     0.949 ±  0.019 %    98.161 ±  0.092 %
  22      10.1160 ±    0.1952       0.00081 ±    0.00051       0.00148 ±    0.00006     0.947 ±  0.018 %    98.196 ±  0.089 %
  23      10.1181 ±    0.1904       0.00083 ±    0.00049       0.00146 ±    0.00006     0.940 ±  0.017 %    98.206 ±  0.087 %
  24      10.1873 ±    0.1880       0.00067 ±    0.00048       0.00147 ±    0.00006     0.943 ±  0.017 %    98.224 ±  0.084 %
  25      10.2276 ±    0.1851       0.00063 ±    0.00046       0.00145 ±    0.00006     0.935 ±  0.016 %    98.233 ±  0.082 %
  26      10.1845 ±    0.1804       0.00063 ±    0.00045       0.00143 ±    0.00006     0.935 ±  0.016 %    98.259 ±  0.080 %
  27      10.4927 ±    0.1839       0.00090 ±    0.00044       0.00145 ±    0.00005     0.931 ±  0.015 %    98.266 ±  0.079 %
  28      10.5456 ±    0.1816       0.00097 ±    0.00043       0.00144 ±    0.00005     0.928 ±  0.015 %    98.265 ±  0.077 %
  29      10.4865 ±    0.1770       0.00099 ±    0.00042       0.00142 ±    0.00005     0.923 ±  0.015 %    98.278 ±  0.076 %
  30      10.4075 ±    0.1723       0.00105 ±    0.00041       0.00141 ±    0.00005     0.917 ±  0.014 %    98.299 ±  0.074 %
  31      10.2719 ±    0.1670       0.00116 ±    0.00040       0.00139 ±    0.00005     0.914 ±  0.014 %    98.310 ±  0.072 %
  32      10.1212 ±    0.1617       0.00117 ±    0.00040       0.00139 ±    0.00005     0.920 ±  0.014 %    98.305 ±  0.071 %
  33      10.0889 ±    0.1589       0.00115 ±    0.00039       0.00141 ±    0.00005     0.937 ±  0.020 %    98.285 ±  0.071 %
  34      10.0191 ±    0.1550       0.00121 ±    0.00038       0.00139 ±    0.00004     0.932 ±  0.020 %    98.284 ±  0.070 %
  35      10.0154 ±    0.1528       0.00117 ±    0.00037       0.00138 ±    0.00004     0.929 ±  0.019 %    98.271 ±  0.069 %
  36      10.0099 ±    0.1506       0.00109 ±    0.00037       0.00138 ±    0.00004     0.928 ±  0.019 %    98.259 ±  0.068 %
  37       9.8393 ±    0.1454       0.00107 ±    0.00036       0.00138 ±    0.00004     0.927 ±  0.018 %    98.283 ±  0.067 %
  38       9.7397 ±    0.1417       0.00107 ±    0.00035       0.00137 ±    0.00004     0.928 ±  0.018 %    98.302 ±  0.066 %
  39       9.6057 ±    0.1374       0.00111 ±    0.00035       0.00137 ±    0.00004     0.930 ±  0.017 %    98.323 ±  0.064 %
  40       9.4360 ±    0.1327       0.00111 ±    0.00034       0.00136 ±    0.00004     0.929 ±  0.017 %    98.346 ±  0.063 %
  41       9.3519 ±    0.1296       0.00113 ±    0.00033       0.00136 ±    0.00004     0.933 ±  0.017 %    98.341 ±  0.062 %
  42       9.4152 ±    0.1291       0.00119 ±    0.00033       0.00136 ±    0.00004     0.933 ±  0.017 %    98.329 ±  0.062 %
  43       9.6202 ±    0.1312       0.00127 ±    0.00033       0.00136 ±    0.00004     0.930 ±  0.016 %    98.331 ±  0.061 %
  44       9.7738 ±    0.1323       0.00129 ±    0.00033       0.00136 ±    0.00003     0.926 ±  0.016 %    98.323 ±  0.061 %
  45       9.8260 ±    0.1316       0.00133 ±    0.00033       0.00136 ±    0.00003     0.923 ±  0.016 %    98.319 ±  0.060 %
  46       9.9041 ±    0.1313       0.00140 ±    0.00033       0.00136 ±    0.00003     0.922 ±  0.015 %    98.317 ±  0.059 %
  47       9.9393 ±    0.1304       0.00132 ±    0.00032       0.00136 ±    0.00003     0.920 ±  0.015 %    98.311 ±  0.059 %
  48       9.9371 ±    0.1288       0.00133 ±    0.00032       0.00136 ±    0.00003     0.920 ±  0.015 %    98.289 ±  0.059 %
  49       9.9821 ±    0.1281       0.00127 ±    0.00031       0.00136 ±    0.00003     0.918 ±  0.015 %    98.294 ±  0.058 %
  50       9.9213 ±    0.1259       0.00127 ±    0.00031       0.00135 ±    0.00003     0.918 ±  0.014 %    98.293 ±  0.057 %
  51       9.9462 ±    0.1249       0.00127 ±    0.00031       0.00135 ±    0.00003     0.916 ±  0.014 %    98.298 ±  0.057 %
  52       9.8531 ±    0.1224       0.00125 ±    0.00030       0.00134 ±    0.00003     0.915 ±  0.014 %    98.304 ±  0.056 %
  53       9.8812 ±    0.1219       0.00234 ±    0.00031       0.00144 ±    0.00004     0.953 ±  0.014 %    98.250 ±  0.056 %
  54       9.8382 ±    0.1201       0.00237 ±    0.00031       0.00144 ±    0.00004     0.952 ±  0.014 %    98.257 ±  0.056 %
  55       9.7498 ±    0.1177       0.00235 ±    0.00030       0.00143 ±    0.00003     0.949 ±  0.014 %    98.271 ±  0.055 %
  56       9.7293 ±    0.1164       0.00240 ±    0.00030       0.00143 ±    0.00003     0.948 ±  0.014 %    98.268 ±  0.055 %
  57       9.6173 ±    0.1138       0.00236 ±    0.00030       0.00142 ±    0.00003     0.948 ±  0.013 %    98.273 ±  0.054 %
  58       9.5707 ±    0.1121       0.00235 ±    0.00030       0.00141 ±    0.00003     0.946 ±  0.013 %    98.279 ±  0.053 %
  59       9.5344 ±    0.1106       0.00228 ±    0.00029       0.00140 ±    0.00003     0.944 ±  0.013 %    98.285 ±  0.053 %
  60       9.4808 ±    0.1089       0.00224 ±    0.00029       0.00140 ±    0.00003     0.942 ±  0.013 %    98.296 ±  0.052 %
  61       9.5404 ±    0.1090       0.00231 ±    0.00029       0.00140 ±    0.00003     0.940 ±  0.013 %    98.289 ±  0.052 %
  62       9.5597 ±    0.1082       0.00231 ±    0.00028       0.00140 ±    0.00003     0.939 ±  0.013 %    98.285 ±  0.052 %
  63       9.5921 ±    0.1077       0.00235 ±    0.00028       0.00139 ±    0.00003     0.936 ±  0.012 %    98.282 ±  0.051 %
  64       9.6722 ±    0.1080       0.00231 ±    0.00028       0.00139 ±    0.00003     0.934 ±  0.012 %    98.288 ±  0.051 %
  65       9.6072 ±    0.1063       0.00229 ±    0.00027       0.00139 ±    0.00003     0.934 ±  0.012 %    98.295 ±  0.050 %
  66       9.6312 ±    0.1058       0.00226 ±    0.00027       0.00139 ±    0.00003     0.933 ±  0.012 %    98.291 ±  0.050 %
  67       9.6308 ±    0.1050       0.00223 ±    0.00027       0.00139 ±    0.00003     0.937 ±  0.013 %    98.283 ±  0.050 %
  68       9.6091 ±    0.1040       0.00225 ±    0.00027       0.00139 ±    0.00003     0.937 ±  0.013 %    98.272 ±  0.049 %
  69       9.5847 ±    0.1028       0.00225 ±    0.00026       0.00139 ±    0.00003     0.936 ±  0.012 %    98.280 ±  0.049 %
  70       9.5700 ±    0.1019       0.00225 ±    0.00026       0.00139 ±    0.00003     0.936 ±  0.012 %    98.284 ±  0.049 %
  71       9.5624 ±    0.1011       0.00228 ±    0.00026       0.00139 ±    0.00003     0.937 ±  0.012 %    98.289 ±  0.048 %
  72       9.6688 ±    0.1019       0.00241 ±    0.00026       0.00144 ±    0.00003     0.953 ±  0.012 %    98.266 ±  0.048 %
  73       9.7199 ±    0.1019       0.00232 ±    0.00026       0.00144 ±    0.00003     0.952 ±  0.012 %    98.261 ±  0.048 %
  74       9.7714 ±    0.1018       0.00235 ±    0.00026       0.00145 ±    0.00003     0.951 ±  0.012 %    98.255 ±  0.048 %
  75       9.7400 ±    0.1007       0.00230 ±    0.00025       0.00144 ±    0.00003     0.949 ±  0.012 %    98.252 ±  0.047 %
  76       9.7623 ±    0.1003       0.00221 ±    0.00025       0.00144 ±    0.00003     0.948 ±  0.012 %    98.243 ±  0.047 %
  77       9.7597 ±    0.0995       0.00215 ±    0.00025       0.00144 ±    0.00003     0.948 ±  0.012 %    98.239 ±  0.047 %
  78       9.7297 ±    0.0985       0.00215 ±    0.00025       0.00144 ±    0.00003     0.948 ±  0.012 %    98.249 ±  0.046 %
  79       9.7853 ±    0.0986       0.00207 ±    0.00025       0.00145 ±    0.00003     0.949 ±  0.012 %    98.244 ±  0.046 %
  80       9.7983 ±    0.0981       0.00205 ±    0.00024       0.00144 ±    0.00003     0.948 ±  0.011 %    98.243 ±  0.046 %
  81       9.8338 ±    0.0978       0.00200 ±    0.00024       0.00144 ±    0.00003     0.945 ±  0.011 %    98.237 ±  0.046 %
  82       9.7555 ±    0.0963       0.00194 ±    0.00024       0.00143 ±    0.00003     0.943 ±  0.011 %    98.244 ±  0.045 %
  83       9.7302 ±    0.0954       0.00194 ±    0.00024       0.00143 ±    0.00003     0.942 ±  0.011 %    98.244 ±  0.045 %
  84       9.7071 ±    0.0946       0.00198 ±    0.00024       0.00144 ±    0.00003     0.941 ±  0.011 %    98.236 ±  0.045 %
  85       9.6721 ±    0.0937       0.00199 ±    0.00023       0.00144 ±    0.00003     0.940 ±  0.011 %    98.238 ±  0.045 %
  86       9.6892 ±    0.0933       0.00195 ±    0.00023       0.00144 ±    0.00003     0.940 ±  0.011 %    98.231 ±  0.044 %
  87       9.6469 ±    0.0923       0.00195 ±    0.00023       0.00143 ±    0.00003     0.939 ±  0.011 %    98.237 ±  0.044 %
  88       9.6347 ±    0.0916       0.00198 ±    0.00023       0.00143 ±    0.00003     0.940 ±  0.011 %    98.238 ±  0.044 %
  89       9.6447 ±    0.0912       0.00203 ±    0.00023       0.00143 ±    0.00003     0.939 ±  0.011 %    98.240 ±  0.044 %
  90       9.6624 ±    0.0908       0.00199 ±    0.00023       0.00143 ±    0.00003     0.939 ±  0.010 %    98.240 ±  0.043 %
  91       9.7384 ±    0.0911       0.00197 ±    0.00023       0.00143 ±    0.00003     0.937 ±  0.010 %    98.230 ±  0.043 %
  92       9.8190 ±    0.0916       0.00196 ±    0.00022       0.00143 ±    0.00003     0.936 ±  0.010 %    98.234 ±  0.043 %
  93       9.8654 ±    0.0916       0.00195 ±    0.00022       0.00143 ±    0.00002     0.935 ±  0.010 %    98.228 ±  0.043 %
  94       9.8974 ±    0.0914       0.00195 ±    0.00022       0.00142 ±    0.00002     0.933 ±  0.010 %    98.231 ±  0.043 %
  95       9.9395 ±    0.0913       0.00190 ±    0.00022       0.00142 ±    0.00002     0.933 ±  0.010 %    98.233 ±  0.042 %
  96      10.0072 ±    0.0916       0.00191 ±    0.00022       0.00142 ±    0.00002     0.932 ±  0.010 %    98.226 ±  0.042 %
  97      10.0779 ±    0.0919       0.00192 ±    0.00022       0.00142 ±    0.00002     0.930 ±  0.010 %    98.227 ±  0.042 %
  98      10.0688 ±    0.0913       0.00193 ±    0.00022       0.00142 ±    0.00002     0.930 ±  0.010 %    98.226 ±  0.042 %
  99      10.0817 ±    0.0910       0.00193 ±    0.00022       0.00142 ±    0.00002     0.930 ±  0.010 %    98.224 ±  0.042 %
 100      10.1078 ±    0.0908       0.00194 ±    0.00021       0.00142 ±    0.00002     0.931 ±  0.010 %    98.227 ±  0.041 %
 101      10.0766 ±    0.0900       0.00194 ±    0.00021       0.00142 ±    0.00002     0.931 ±  0.010 %    98.236 ±  0.041 %
 102      10.0849 ±    0.0896       0.00193 ±    0.00021       0.00141 ±    0.00002     0.930 ±  0.010 %    98.237 ±  0.041 %
 103      10.0886 ±    0.0892       0.00192 ±    0.00021       0.00141 ±    0.00002     0.928 ±  0.009 %    98.237 ±  0.041 %
 104      10.1130 ±    0.0889       0.00190 ±    0.00021       0.00141 ±    0.00002     0.927 ±  0.009 %    98.234 ±  0.040 %
 105      10.1107 ±    0.0884       0.00189 ±    0.00021       0.00141 ±    0.00002     0.927 ±  0.009 %    98.233 ±  0.040 %
 106      10.1087 ±    0.0880       0.00194 ±    0.00021       0.00140 ±    0.00002     0.927 ±  0.009 %    98.231 ±  0.040 %
 107      10.1298 ±    0.0878       0.00192 ±    0.00021       0.00140 ±    0.00002     0.926 ±  0.009 %    98.235 ±  0.040 %
 108      10.1300 ±    0.0874       0.00191 ±    0.00021       0.00140 ±    0.00002     0.927 ±  0.009 %    98.233 ±  0.040 %
 109      10.1684 ±    0.0874       0.00196 ±    0.00020       0.00140 ±    0.00002     0.926 ±  0.009 %    98.225 ±  0.040 %
 110      10.2062 ±    0.0875       0.00199 ±    0.00020       0.00141 ±    0.00002     0.927 ±  0.009 %    98.223 ±  0.039 %
 111      10.1842 ±    0.0868       0.00195 ±    0.00020       0.00141 ±    0.00002     0.930 ±  0.009 %    98.223 ±  0.039 %
 112      10.1894 ±    0.0865       0.00197 ±    0.00020       0.00141 ±    0.00002     0.929 ±  0.009 %    98.220 ±  0.039 %
 113      10.1566 ±    0.0858       0.00194 ±    0.00020       0.00141 ±    0.00002     0.931 ±  0.009 %    98.222 ±  0.039 %
 114      10.1963 ±    0.0859       0.00195 ±    0.00020       0.00141 ±    0.00002     0.930 ±  0.009 %    98.226 ±  0.039 %
 115      10.2217 ±    0.0858       0.00198 ±    0.00020       0.00141 ±    0.00002     0.929 ±  0.009 %    98.233 ±  0.038 %
 116      10.2207 ±    0.0854       0.00195 ±    0.00020       0.00141 ±    0.00002     0.928 ±  0.009 %    98.236 ±  0.038 %
 117      10.2458 ±    0.0852       0.00192 ±    0.00020       0.00141 ±    0.00002     0.928 ±  0.009 %    98.241 ±  0.038 %
 118      10.2309 ±    0.0847       0.00189 ±    0.00019       0.00141 ±    0.00002     0.929 ±  0.009 %    98.245 ±  0.038 %
 119      10.1995 ±    0.0841       0.00193 ±    0.00020       0.00141 ±    0.00002     0.929 ±  0.009 %    98.241 ±  0.038 %
 120      10.2201 ±    0.0840       0.00205 ±    0.00021       0.00141 ±    0.00002     0.929 ±  0.009 %    98.245 ±  0.037 %
 121      10.2145 ±    0.0837       0.00207 ±    0.00021       0.00140 ±    0.00002     0.928 ±  0.009 %    98.242 ±  0.037 %
 122      10.1950 ±    0.0831       0.00207 ±    0.00021       0.00140 ±    0.00002     0.927 ±  0.008 %    98.244 ±  0.037 %
 123      10.1737 ±    0.0826       0.00206 ±    0.00021       0.00140 ±    0.00002     0.927 ±  0.008 %    98.249 ±  0.037 %
 124      10.1935 ±    0.0825       0.00205 ±    0.00020       0.00140 ±    0.00002     0.927 ±  0.008 %    98.248 ±  0.037 %
 125      10.2238 ±    0.0825       0.00203 ±    0.00020       0.00140 ±    0.00002     0.926 ±  0.008 %    98.248 ±  0.037 %
 126      10.2003 ±    0.0819       0.00202 ±    0.00020       0.00140 ±    0.00002     0.927 ±  0.008 %    98.246 ±  0.037 %
 127      10.2069 ±    0.0817       0.00201 ±    0.00020       0.00140 ±    0.00002     0.926 ±  0.008 %    98.247 ±  0.036 %
 128      10.1788 ±    0.0811       0.00201 ±    0.00020       0.00140 ±    0.00002     0.928 ±  0.008 %    98.245 ±  0.036 %
 129      10.1629 ±    0.0806       0.00197 ±    0.00020       0.00140 ±    0.00002     0.927 ±  0.008 %    98.241 ±  0.036 %
 130      10.1615 ±    0.0803       0.00199 ±    0.00020       0.00140 ±    0.00002     0.927 ±  0.008 %    98.247 ±  0.036 %
 131      10.1656 ±    0.0801       0.00198 ±    0.00020       0.00140 ±    0.00002     0.926 ±  0.008 %    98.250 ±  0.036 %
 132      10.1600 ±    0.0797       0.00198 ±    0.00020       0.00139 ±    0.00002     0.925 ±  0.008 %    98.254 ±  0.036 %
 133      10.1837 ±    0.0797       0.00199 ±    0.00020       0.00140 ±    0.00002     0.925 ±  0.008 %    98.256 ±  0.035 %
 134      10.2038 ±    0.0795       0.00198 ±    0.00019       0.00140 ±    0.00002     0.926 ±  0.008 %    98.262 ±  0.035 %
 135      10.1843 ±    0.0791       0.00197 ±    0.00019       0.00140 ±    0.00002     0.926 ±  0.008 %    98.261 ±  0.035 %
 136      10.1459 ±    0.0784       0.00196 ±    0.00019       0.00140 ±    0.00002     0.925 ±  0.008 %    98.262 ±  0.035 %
 137      10.0898 ±    0.0776       0.00197 ±    0.00019       0.00140 ±    0.00002     0.930 ±  0.008 %    98.265 ±  0.035 %
 138      10.1166 ±    0.0776       0.00196 ±    0.00019       0.00140 ±    0.00002     0.931 ±  0.008 %    98.265 ±  0.035 %
 139      10.1360 ±    0.0775       0.00195 ±    0.00019       0.00140 ±    0.00002     0.930 ±  0.008 %    98.260 ±  0.035 %
 140      10.2026 ±    0.0779       0.00200 ±    0.00019       0.00141 ±    0.00002     0.930 ±  0.008 %    98.257 ±  0.035 %
 141      10.1992 ±    0.0776       0.00201 ±    0.00019       0.00140 ±    0.00002     0.930 ±  0.008 %    98.258 ±  0.034 %
 142      10.1979 ±    0.0772       0.00199 ±    0.00019       0.00140 ±    0.00002     0.930 ±  0.008 %    98.262 ±  0.034 %
 143      10.1958 ±    0.0769       0.00199 ±    0.00019       0.00140 ±    0.00002     0.929 ±  0.008 %    98.262 ±  0.034 %
 144      10.2226 ±    0.0769       0.00199 ±    0.00019       0.00140 ±    0.00002     0.930 ±  0.008 %    98.259 ±  0.034 %
 145      10.2136 ±    0.0766       0.00196 ±    0.00019       0.00140 ±    0.00002     0.933 ±  0.008 %    98.263 ±  0.034 %

====== Perplexity statistics ======
Mean PPL(Q)                   :  10.213602 ±   0.076624
Mean PPL(base)                :  10.193553 ±   0.076375
Cor(ln(PPL(Q)), ln(PPL(base))):  99.97%
Mean ln(PPL(Q)/PPL(base))     :   0.001965 ±   0.000185
Mean PPL(Q)/PPL(base)         :   1.001967 ±   0.000186
Mean PPL(Q)-PPL(base)         :   0.020049 ±   0.001906

====== KL divergence statistics ======
Mean    KLD:   0.001404 ±   0.000018
Maximum KLD:   1.139440
99.9%   KLD:   0.044598
99.0%   KLD:   0.009820
95.0%   KLD:   0.004047
90.0%   KLD:   0.002790
Median  KLD:   0.000758
10.0%   KLD:   0.000040
 5.0%   KLD:   0.000009
 1.0%   KLD:  -0.000017
 0.1%   KLD:  -0.000093
Minimum KLD:  -0.000536

====== Token probability statistics ======
Mean    Δp: -0.020 ± 0.002 %
Maximum Δp: 30.782%
99.9%   Δp:  5.469%
99.0%   Δp:  2.685%
95.0%   Δp:  1.292%
90.0%   Δp:  0.755%
75.0%   Δp:  0.155%
Median  Δp: -0.000%
25.0%   Δp: -0.182%
10.0%   Δp: -0.813%
 5.0%   Δp: -1.383%
 1.0%   Δp: -2.894%
 0.1%   Δp: -5.956%
Minimum Δp: -23.070%
RMS Δp    :  0.933 ± 0.008 %
Same top p: 98.263 ± 0.034 %

------------------------------
llama-perplexity --kl-divergence-base /tmp/logits.dat --ctx-size 2048 -f sample-data/wiki.test.raw -hf prism-ml/Ternary-Bonsai-27B-gguf:Q2_g64 -fa on -ngl 99 -ctk q5_1 -ctv q4_0 --kl-divergence
0.01.048.197 W common_fit_params: failed to fit params to free device memory: n_gpu_layers already set by user to 99, abort
0.03.296.169 I 
0.03.296.239 I system_info: n_threads = 16 (n_threads_batch = 16) / 32 | CUDA : ARCHS = 500,610,700,750,800,860,890,900 | USE_GRAPHS = 1 | FA_ALL_QUANTS = 1 | CPU : SSE3 = 1 | SSSE3 = 1 | AVX = 1 | AVX2 = 1 | F16C = 1 | FMA = 1 | BMI2 = 1 | LLAMAFILE = 1 | OPENMP = 1 | REPACK = 1 | 
0.03.531.431 I kl_divergence: computing over 145 chunks, n_ctx=2048, batch_size=2048, n_seq=1
0.06.110.635 I kl_divergence: 2.58 seconds per pass - ETA 6.22 minutes

chunk             PPL               ln(PPL(Q)/PPL(base))          KL Divergence              Δp RMS            Same top p
   1       9.9349 ±    0.9192      -0.00116 ±    0.00195       0.00133 ±    0.00007     0.953 ±  0.050 %    98.534 ±  0.376 %
   2      10.8158 ±    0.6933      -0.00065 ±    0.00124       0.00120 ±    0.00004     0.892 ±  0.036 %    98.338 ±  0.283 %
   3      10.8559 ±    0.5623      -0.00081 ±    0.00098       0.00115 ±    0.00003     0.858 ±  0.031 %    98.208 ±  0.240 %
   4      11.2381 ±    0.5190      -0.00017 ±    0.00088       0.00124 ±    0.00003     0.894 ±  0.026 %    98.167 ±  0.210 %
   5      11.4837 ±    0.4814      -0.00003 ±    0.00082       0.00129 ±    0.00003     0.926 ±  0.037 %    98.045 ±  0.194 %
   6       9.8846 ±    0.3674       0.00040 ±    0.00074       0.00136 ±    0.00004     0.978 ±  0.034 %    98.175 ±  0.171 %
   7       9.0878 ±    0.3089       0.00105 ±    0.00076       0.00157 ±    0.00006     1.069 ±  0.038 %    98.115 ±  0.161 %
   8       8.8810 ±    0.2792       0.00091 ±    0.00071       0.00155 ±    0.00006     1.055 ±  0.034 %    98.143 ±  0.149 %
   9       9.4411 ±    0.2820       0.00074 ±    0.00068       0.00157 ±    0.00005     1.040 ±  0.031 %    98.078 ±  0.143 %
  10       9.4877 ±    0.2701       0.00084 ±    0.00071       0.00155 ±    0.00005     1.028 ±  0.029 %    98.025 ±  0.138 %
  11       9.6119 ±    0.2610       0.00069 ±    0.00066       0.00153 ±    0.00004     1.020 ±  0.027 %    97.983 ±  0.133 %
  12       9.9398 ±    0.2599       0.00051 ±    0.00068       0.00151 ±    0.00004     1.009 ±  0.025 %    97.964 ±  0.127 %
  13       9.9422 ±    0.2492       0.00077 ±    0.00065       0.00148 ±    0.00004     1.002 ±  0.024 %    97.902 ±  0.124 %
  14       9.9393 ±    0.2392       0.00103 ±    0.00061       0.00147 ±    0.00003     0.994 ±  0.022 %    97.933 ±  0.119 %
  15       9.8928 ±    0.2293       0.00101 ±    0.00058       0.00147 ±    0.00003     0.988 ±  0.021 %    97.947 ±  0.114 %
  16      10.1538 ±    0.2286       0.00115 ±    0.00056       0.00147 ±    0.00003     0.987 ±  0.020 %    97.947 ±  0.111 %
  17      10.2252 ±    0.2234       0.00111 ±    0.00054       0.00146 ±    0.00003     0.984 ±  0.019 %    97.959 ±  0.107 %
  18      10.3001 ±    0.2184       0.00114 ±    0.00052       0.00145 ±    0.00003     0.979 ±  0.018 %    97.996 ±  0.103 %
  19      10.3266 ±    0.2152       0.00254 ±    0.00058       0.00160 ±    0.00004     1.014 ±  0.018 %    97.942 ±  0.102 %
  20      10.0744 ±    0.2038       0.00225 ±    0.00056       0.00161 ±    0.00004     1.020 ±  0.018 %    97.962 ±  0.099 %
  21      10.0797 ±    0.1986       0.00242 ±    0.00054       0.00159 ±    0.00004     1.012 ±  0.018 %    97.980 ±  0.096 %
  22      10.1324 ±    0.1956       0.00243 ±    0.00053       0.00159 ±    0.00004     1.013 ±  0.017 %    98.018 ±  0.093 %
  23      10.1329 ±    0.1908       0.00229 ±    0.00051       0.00157 ±    0.00003     1.006 ±  0.017 %    98.066 ±  0.090 %
  24      10.2075 ±    0.1885       0.00264 ±    0.00050       0.00158 ±    0.00003     1.012 ±  0.017 %    98.065 ±  0.088 %
  25      10.2491 ±    0.1856       0.00273 ±    0.00048       0.00157 ±    0.00003     1.007 ±  0.017 %    98.088 ±  0.086 %
  26      10.2047 ±    0.1809       0.00261 ±    0.00047       0.00155 ±    0.00003     1.002 ±  0.016 %    98.101 ±  0.084 %
  27      10.5135 ±    0.1844       0.00288 ±    0.00046       0.00158 ±    0.00003     1.000 ±  0.016 %    98.096 ±  0.082 %
  28      10.5652 ±    0.1820       0.00282 ±    0.00045       0.00156 ±    0.00003     0.994 ±  0.015 %    98.094 ±  0.081 %
  29      10.5048 ±    0.1774       0.00273 ±    0.00044       0.00155 ±    0.00003     0.988 ±  0.015 %    98.109 ±  0.079 %
  30      10.4262 ±    0.1727       0.00284 ±    0.00043       0.00154 ±    0.00003     0.984 ±  0.015 %    98.120 ±  0.078 %
  31      10.2889 ±    0.1674       0.00282 ±    0.00042       0.00153 ±    0.00003     0.984 ±  0.014 %    98.121 ±  0.076 %
  32      10.1385 ±    0.1621       0.00287 ±    0.00041       0.00153 ±    0.00003     0.987 ±  0.014 %    98.112 ±  0.075 %
  33      10.1066 ±    0.1592       0.00290 ±    0.00041       0.00154 ±    0.00003     0.995 ±  0.017 %    98.101 ±  0.074 %
  34      10.0349 ±    0.1553       0.00279 ±    0.00040       0.00152 ±    0.00003     0.989 ±  0.016 %    98.102 ±  0.073 %
  35      10.0306 ±    0.1531       0.00269 ±    0.00039       0.00151 ±    0.00003     0.985 ±  0.016 %    98.115 ±  0.072 %
  36      10.0247 ±    0.1508       0.00257 ±    0.00038       0.00151 ±    0.00003     0.986 ±  0.016 %    98.088 ±  0.071 %
  37       9.8538 ±    0.1457       0.00255 ±    0.00037       0.00150 ±    0.00003     0.984 ±  0.015 %    98.098 ±  0.070 %
  38       9.7538 ±    0.1419       0.00251 ±    0.00037       0.00150 ±    0.00002     0.986 ±  0.015 %    98.120 ±  0.069 %
  39       9.6189 ±    0.1376       0.00249 ±    0.00036       0.00149 ±    0.00002     0.987 ±  0.015 %    98.128 ±  0.068 %
  40       9.4487 ±    0.1329       0.00245 ±    0.00036       0.00148 ±    0.00002     0.986 ±  0.015 %    98.145 ±  0.067 %
  41       9.3633 ±    0.1298       0.00235 ±    0.00035       0.00148 ±    0.00002     0.988 ±  0.014 %    98.152 ±  0.066 %
  42       9.4265 ±    0.1293       0.00239 ±    0.00035       0.00148 ±    0.00002     0.984 ±  0.014 %    98.157 ±  0.065 %
  43       9.6309 ±    0.1314       0.00239 ±    0.00035       0.00148 ±    0.00002     0.982 ±  0.014 %    98.150 ±  0.064 %
  44       9.7849 ±    0.1324       0.00243 ±    0.00035       0.00149 ±    0.00002     0.979 ±  0.014 %    98.134 ±  0.064 %
  45       9.8367 ±    0.1317       0.00241 ±    0.00035       0.00148 ±    0.00002     0.977 ±  0.013 %    98.151 ±  0.063 %
  46       9.9138 ±    0.1314       0.00238 ±    0.00034       0.00149 ±    0.00002     0.975 ±  0.013 %    98.160 ±  0.062 %
  47       9.9493 ±    0.1305       0.00232 ±    0.00034       0.00148 ±    0.00002     0.972 ±  0.013 %    98.166 ±  0.061 %
  48       9.9470 ±    0.1289       0.00233 ±    0.00033       0.00149 ±    0.00002     0.973 ±  0.013 %    98.143 ±  0.061 %
  49       9.9923 ±    0.1282       0.00229 ±    0.00033       0.00149 ±    0.00002     0.972 ±  0.013 %    98.151 ±  0.060 %
  50       9.9304 ±    0.1260       0.00218 ±    0.00033       0.00149 ±    0.00002     0.972 ±  0.012 %    98.162 ±  0.059 %
  51       9.9551 ±    0.1251       0.00216 ±    0.00032       0.00149 ±    0.00002     0.972 ±  0.012 %    98.162 ±  0.059 %
  52       9.8621 ±    0.1226       0.00217 ±    0.00032       0.00148 ±    0.00002     0.972 ±  0.012 %    98.165 ±  0.058 %
  53       9.8824 ±    0.1219       0.00246 ±    0.00032       0.00152 ±    0.00002     0.979 ±  0.012 %    98.141 ±  0.058 %
  54       9.8391 ±    0.1201       0.00246 ±    0.00031       0.00151 ±    0.00002     0.978 ±  0.012 %    98.143 ±  0.057 %
  55       9.7504 ±    0.1177       0.00241 ±    0.00031       0.00151 ±    0.00002     0.976 ±  0.012 %    98.159 ±  0.057 %
  56       9.7293 ±    0.1164       0.00239 ±    0.00031       0.00150 ±    0.00002     0.977 ±  0.012 %    98.158 ±  0.056 %
  57       9.6175 ±    0.1138       0.00238 ±    0.00031       0.00150 ±    0.00002     0.977 ±  0.011 %    98.170 ±  0.056 %
  58       9.5708 ±    0.1121       0.00237 ±    0.00030       0.00149 ±    0.00002     0.977 ±  0.011 %    98.166 ±  0.055 %
  59       9.5350 ±    0.1106       0.00234 ±    0.00030       0.00149 ±    0.00002     0.974 ±  0.011 %    98.187 ±  0.054 %
  60       9.4812 ±    0.1089       0.00229 ±    0.00029       0.00148 ±    0.00002     0.972 ±  0.011 %    98.195 ±  0.054 %
  61       9.5411 ±    0.1089       0.00238 ±    0.00029       0.00148 ±    0.00002     0.971 ±  0.011 %    98.199 ±  0.053 %
  62       9.5597 ±    0.1082       0.00231 ±    0.00029       0.00148 ±    0.00002     0.970 ±  0.011 %    98.199 ±  0.053 %
  63       9.5915 ±    0.1077       0.00228 ±    0.00028       0.00148 ±    0.00002     0.967 ±  0.011 %    98.206 ±  0.052 %
  64       9.6720 ±    0.1080       0.00229 ±    0.00028       0.00148 ±    0.00002     0.965 ±  0.011 %    98.202 ±  0.052 %
  65       9.6065 ±    0.1063       0.00222 ±    0.00028       0.00147 ±    0.00002     0.966 ±  0.010 %    98.195 ±  0.052 %
  66       9.6306 ±    0.1058       0.00219 ±    0.00028       0.00147 ±    0.00002     0.966 ±  0.010 %    98.190 ±  0.051 %
  67       9.6304 ±    0.1050       0.00219 ±    0.00027       0.00148 ±    0.00002     0.972 ±  0.011 %    98.192 ±  0.051 %
  68       9.6099 ±    0.1040       0.00233 ±    0.00027       0.00148 ±    0.00002     0.974 ±  0.011 %    98.184 ±  0.051 %
  69       9.5851 ±    0.1028       0.00230 ±    0.00027       0.00148 ±    0.00002     0.975 ±  0.011 %    98.185 ±  0.050 %
  70       9.5702 ±    0.1019       0.00227 ±    0.00027       0.00149 ±    0.00002     0.978 ±  0.011 %    98.189 ±  0.050 %
  71       9.5620 ±    0.1011       0.00224 ±    0.00027       0.00150 ±    0.00002     0.981 ±  0.011 %    98.188 ±  0.049 %
  72       9.6667 ±    0.1019       0.00219 ±    0.00027       0.00157 ±    0.00003     0.993 ±  0.011 %    98.167 ±  0.049 %
  73       9.7185 ±    0.1019       0.00217 ±    0.00026       0.00157 ±    0.00003     0.993 ±  0.011 %    98.165 ±  0.049 %
  74       9.7695 ±    0.1018       0.00216 ±    0.00026       0.00157 ±    0.00003     0.993 ±  0.011 %    98.155 ±  0.049 %
  75       9.7381 ±    0.1007       0.00210 ±    0.00026       0.00157 ±    0.00003     0.991 ±  0.010 %    98.154 ±  0.049 %
  76       9.7614 ±    0.1003       0.00212 ±    0.00026       0.00157 ±    0.00003     0.990 ±  0.010 %    98.159 ±  0.048 %
  77       9.7609 ±    0.0995       0.00227 ±    0.00026       0.00158 ±    0.00003     0.996 ±  0.011 %    98.154 ±  0.048 %
  78       9.7307 ±    0.0985       0.00225 ±    0.00025       0.00158 ±    0.00003     0.995 ±  0.011 %    98.153 ±  0.048 %
  79       9.7865 ±    0.0986       0.00220 ±    0.00025       0.00158 ±    0.00003     0.996 ±  0.010 %    98.149 ±  0.047 %
  80       9.7996 ±    0.0981       0.00219 ±    0.00025       0.00158 ±    0.00003     0.995 ±  0.010 %    98.141 ±  0.047 %
  81       9.8355 ±    0.0978       0.00218 ±    0.00025       0.00157 ±    0.00003     0.992 ±  0.010 %    98.143 ±  0.047 %
  82       9.7575 ±    0.0963       0.00214 ±    0.00025       0.00156 ±    0.00003     0.990 ±  0.010 %    98.149 ±  0.047 %
  83       9.7324 ±    0.0954       0.00216 ±    0.00024       0.00156 ±    0.00002     0.988 ±  0.010 %    98.154 ±  0.046 %
  84       9.7092 ±    0.0947       0.00220 ±    0.00024       0.00156 ±    0.00002     0.989 ±  0.010 %    98.146 ±  0.046 %
  85       9.6741 ±    0.0937       0.00220 ±    0.00024       0.00156 ±    0.00002     0.987 ±  0.010 %    98.150 ±  0.046 %
  86       9.6917 ±    0.0933       0.00221 ±    0.00024       0.00156 ±    0.00002     0.988 ±  0.010 %    98.145 ±  0.045 %
  87       9.6495 ±    0.0923       0.00221 ±    0.00024       0.00156 ±    0.00002     0.988 ±  0.010 %    98.145 ±  0.045 %
  88       9.6369 ±    0.0916       0.00221 ±    0.00024       0.00155 ±    0.00002     0.989 ±  0.010 %    98.154 ±  0.045 %
  89       9.6464 ±    0.0912       0.00220 ±    0.00024       0.00155 ±    0.00002     0.987 ±  0.010 %    98.157 ±  0.045 %
  90       9.6639 ±    0.0908       0.00214 ±    0.00023       0.00155 ±    0.00002     0.986 ±  0.010 %    98.161 ±  0.044 %
  91       9.7399 ±    0.0911       0.00212 ±    0.00023       0.00155 ±    0.00002     0.985 ±  0.010 %    98.157 ±  0.044 %
  92       9.8201 ±    0.0916       0.00207 ±    0.00023       0.00155 ±    0.00002     0.985 ±  0.010 %    98.157 ±  0.044 %
  93       9.8660 ±    0.0916       0.00202 ±    0.00023       0.00155 ±    0.00002     0.983 ±  0.010 %    98.149 ±  0.044 %
  94       9.8979 ±    0.0913       0.00201 ±    0.00023       0.00155 ±    0.00002     0.982 ±  0.010 %    98.150 ±  0.043 %
  95       9.9401 ±    0.0913       0.00195 ±    0.00023       0.00155 ±    0.00002     0.981 ±  0.010 %    98.143 ±  0.043 %
  96      10.0085 ±    0.0916       0.00204 ±    0.00023       0.00155 ±    0.00002     0.979 ±  0.009 %    98.139 ±  0.043 %
  97      10.0792 ±    0.0919       0.00205 ±    0.00022       0.00155 ±    0.00002     0.978 ±  0.009 %    98.135 ±  0.043 %
  98      10.0700 ±    0.0913       0.00206 ±    0.00022       0.00155 ±    0.00002     0.978 ±  0.009 %    98.137 ±  0.043 %
  99      10.0832 ±    0.0910       0.00209 ±    0.00022       0.00154 ±    0.00002     0.977 ±  0.009 %    98.134 ±  0.043 %
 100      10.1099 ±    0.0908       0.00216 ±    0.00022       0.00155 ±    0.00002     0.978 ±  0.009 %    98.130 ±  0.042 %
 101      10.0787 ±    0.0900       0.00214 ±    0.00022       0.00155 ±    0.00002     0.977 ±  0.009 %    98.133 ±  0.042 %
 102      10.0868 ±    0.0896       0.00213 ±    0.00022       0.00154 ±    0.00002     0.976 ±  0.009 %    98.138 ±  0.042 %
 103      10.0909 ±    0.0892       0.00215 ±    0.00022       0.00154 ±    0.00002     0.975 ±  0.009 %    98.139 ±  0.042 %
 104      10.1155 ±    0.0889       0.00214 ±    0.00022       0.00154 ±    0.00002     0.974 ±  0.009 %    98.138 ±  0.041 %
 105      10.1131 ±    0.0884       0.00212 ±    0.00021       0.00153 ±    0.00002     0.973 ±  0.009 %    98.147 ±  0.041 %
 106      10.1107 ±    0.0880       0.00214 ±    0.00021       0.00153 ±    0.00002     0.973 ±  0.009 %    98.145 ±  0.041 %
 107      10.1318 ±    0.0878       0.00212 ±    0.00021       0.00153 ±    0.00002     0.972 ±  0.009 %    98.147 ±  0.041 %
 108      10.1317 ±    0.0874       0.00208 ±    0.00021       0.00153 ±    0.00002     0.972 ±  0.009 %    98.139 ±  0.041 %
 109      10.1704 ±    0.0874       0.00215 ±    0.00021       0.00153 ±    0.00002     0.971 ±  0.009 %    98.134 ±  0.041 %
 110      10.2080 ±    0.0875       0.00216 ±    0.00021       0.00153 ±    0.00002     0.972 ±  0.009 %    98.138 ±  0.040 %
 111      10.1858 ±    0.0868       0.00211 ±    0.00021       0.00153 ±    0.00002     0.973 ±  0.009 %    98.138 ±  0.040 %
 112      10.1908 ±    0.0865       0.00211 ±    0.00021       0.00153 ±    0.00002     0.973 ±  0.009 %    98.144 ±  0.040 %
 113      10.1579 ±    0.0858       0.00207 ±    0.00021       0.00154 ±    0.00002     0.974 ±  0.008 %    98.146 ±  0.040 %
 114      10.1975 ±    0.0859       0.00207 ±    0.00020       0.00153 ±    0.00002     0.973 ±  0.008 %    98.144 ±  0.040 %
 115      10.2224 ±    0.0858       0.00205 ±    0.00020       0.00154 ±    0.00002     0.973 ±  0.008 %    98.137 ±  0.039 %
 116      10.2215 ±    0.0854       0.00202 ±    0.00020       0.00153 ±    0.00002     0.972 ±  0.008 %    98.140 ±  0.039 %
 117      10.2476 ±    0.0852       0.00210 ±    0.00020       0.00154 ±    0.00002     0.973 ±  0.008 %    98.134 ±  0.039 %
 118      10.2329 ±    0.0847       0.00209 ±    0.00020       0.00154 ±    0.00002     0.975 ±  0.008 %    98.135 ±  0.039 %
 119      10.2014 ±    0.0841       0.00211 ±    0.00021       0.00154 ±    0.00002     0.976 ±  0.008 %    98.134 ±  0.039 %
 120      10.2219 ±    0.0840       0.00222 ±    0.00021       0.00154 ±    0.00002     0.975 ±  0.008 %    98.132 ±  0.039 %
 121      10.2157 ±    0.0837       0.00219 ±    0.00021       0.00154 ±    0.00002     0.974 ±  0.008 %    98.135 ±  0.038 %
 122      10.1961 ±    0.0831       0.00218 ±    0.00021       0.00153 ±    0.00002     0.973 ±  0.008 %    98.133 ±  0.038 %
 123      10.1747 ±    0.0826       0.00216 ±    0.00021       0.00153 ±    0.00002     0.974 ±  0.008 %    98.135 ±  0.038 %
 124      10.1946 ±    0.0825       0.00215 ±    0.00021       0.00153 ±    0.00002     0.974 ±  0.008 %    98.136 ±  0.038 %
 125      10.2245 ±    0.0825       0.00211 ±    0.00021       0.00153 ±    0.00002     0.973 ±  0.008 %    98.126 ±  0.038 %
 126      10.2009 ±    0.0819       0.00208 ±    0.00021       0.00153 ±    0.00002     0.973 ±  0.008 %    98.128 ±  0.038 %
 127      10.2074 ±    0.0817       0.00207 ±    0.00021       0.00153 ±    0.00002     0.973 ±  0.008 %    98.130 ±  0.038 %
 128      10.1793 ±    0.0811       0.00206 ±    0.00021       0.00153 ±    0.00002     0.973 ±  0.008 %    98.130 ±  0.037 %
 129      10.1640 ±    0.0806       0.00208 ±    0.00020       0.00153 ±    0.00002     0.973 ±  0.008 %    98.129 ±  0.037 %
 130      10.1627 ±    0.0803       0.00211 ±    0.00020       0.00153 ±    0.00002     0.974 ±  0.008 %    98.131 ±  0.037 %
 131      10.1669 ±    0.0801       0.00211 ±    0.00020       0.00153 ±    0.00002     0.975 ±  0.008 %    98.140 ±  0.037 %
 132      10.1611 ±    0.0797       0.00208 ±    0.00020       0.00153 ±    0.00002     0.974 ±  0.008 %    98.146 ±  0.037 %
 133      10.1847 ±    0.0797       0.00209 ±    0.00020       0.00153 ±    0.00002     0.974 ±  0.008 %    98.143 ±  0.037 %
 134      10.2047 ±    0.0795       0.00208 ±    0.00020       0.00153 ±    0.00002     0.973 ±  0.008 %    98.146 ±  0.036 %
 135      10.1854 ±    0.0791       0.00208 ±    0.00020       0.00153 ±    0.00002     0.973 ±  0.008 %    98.146 ±  0.036 %
 136      10.1470 ±    0.0784       0.00206 ±    0.00020       0.00153 ±    0.00002     0.973 ±  0.008 %    98.148 ±  0.036 %
 137      10.0909 ±    0.0776       0.00208 ±    0.00020       0.00154 ±    0.00002     0.976 ±  0.008 %    98.148 ±  0.036 %
 138      10.1178 ±    0.0776       0.00208 ±    0.00020       0.00154 ±    0.00002     0.977 ±  0.008 %    98.143 ±  0.036 %
 139      10.1374 ±    0.0775       0.00208 ±    0.00020       0.00154 ±    0.00002     0.978 ±  0.008 %    98.142 ±  0.036 %
 140      10.2054 ±    0.0779       0.00228 ±    0.00020       0.00155 ±    0.00002     0.982 ±  0.008 %    98.134 ±  0.036 %
 141      10.2019 ±    0.0776       0.00228 ±    0.00019       0.00155 ±    0.00002     0.981 ±  0.008 %    98.135 ±  0.036 %
 142      10.2008 ±    0.0773       0.00228 ±    0.00019       0.00154 ±    0.00002     0.980 ±  0.008 %    98.139 ±  0.035 %
 143      10.1988 ±    0.0770       0.00229 ±    0.00019       0.00154 ±    0.00002     0.979 ±  0.008 %    98.143 ±  0.035 %
 144      10.2258 ±    0.0770       0.00231 ±    0.00019       0.00154 ±    0.00002     0.979 ±  0.008 %    98.140 ±  0.035 %
 145      10.2171 ±    0.0767       0.00230 ±    0.00019       0.00154 ±    0.00002     0.979 ±  0.008 %    98.141 ±  0.035 %

====== Perplexity statistics ======
Mean PPL(Q)                   :  10.217071 ±   0.076650
Mean PPL(base)                :  10.193553 ±   0.076375
Cor(ln(PPL(Q)), ln(PPL(base))):  99.97%
Mean ln(PPL(Q)/PPL(base))     :   0.002304 ±   0.000191
Mean PPL(Q)/PPL(base)         :   1.002307 ±   0.000191
Mean PPL(Q)-PPL(base)         :   0.023518 ±   0.001965

====== KL divergence statistics ======
Mean    KLD:   0.001545 ±   0.000016
Maximum KLD:   1.464936
99.9%   KLD:   0.050456
99.0%   KLD:   0.010477
95.0%   KLD:   0.004555
90.0%   KLD:   0.003151
Median  KLD:   0.000863
10.0%   KLD:   0.000046
 5.0%   KLD:   0.000012
 1.0%   KLD:  -0.000014
 0.1%   KLD:  -0.000093
Minimum KLD:  -0.000363

====== Token probability statistics ======
Mean    Δp: -0.027 ± 0.003 %
Maximum Δp: 26.007%
99.9%   Δp:  5.740%
99.0%   Δp:  2.836%
95.0%   Δp:  1.368%
90.0%   Δp:  0.790%
75.0%   Δp:  0.161%
Median  Δp: -0.000%
25.0%   Δp: -0.198%
10.0%   Δp: -0.877%
 5.0%   Δp: -1.474%
 1.0%   Δp: -3.074%
 0.1%   Δp: -6.503%
Minimum Δp: -24.248%
RMS Δp    :  0.979 ± 0.008 %
Same top p: 98.141 ± 0.035 %

------------------------------
llama-perplexity --kl-divergence-base /tmp/logits.dat --ctx-size 2048 -f sample-data/wiki.test.raw -hf prism-ml/Ternary-Bonsai-27B-gguf:Q2_g64 -fa on -ngl 99 -ctk q5_1 -ctv iq4_nl --kl-divergence
0.01.032.044 W common_fit_params: failed to fit params to free device memory: n_gpu_layers already set by user to 99, abort
0.03.283.385 I 
0.03.283.453 I system_info: n_threads = 16 (n_threads_batch = 16) / 32 | CUDA : ARCHS = 500,610,700,750,800,860,890,900 | USE_GRAPHS = 1 | FA_ALL_QUANTS = 1 | CPU : SSE3 = 1 | SSSE3 = 1 | AVX = 1 | AVX2 = 1 | F16C = 1 | FMA = 1 | BMI2 = 1 | LLAMAFILE = 1 | OPENMP = 1 | REPACK = 1 | 
0.03.519.181 I kl_divergence: computing over 145 chunks, n_ctx=2048, batch_size=2048, n_seq=1
0.22.277.822 I kl_divergence: 18.76 seconds per pass - ETA 45.32 minutes
--- ABORTED (ETA 45.32m > 4.0x baseline 6.07m) ---
llama-perplexity --kl-divergence-base /tmp/logits.dat --ctx-size 2048 -f sample-data/wiki.test.raw -hf prism-ml/Ternary-Bonsai-27B-gguf:Q2_g64 -fa on -ngl 99 -ctk q5_0 -ctv q5_0 --kl-divergence
0.01.182.818 W common_fit_params: failed to fit params to free device memory: n_gpu_layers already set by user to 99, abort
0.03.401.804 I 
0.03.401.890 I system_info: n_threads = 16 (n_threads_batch = 16) / 32 | CUDA : ARCHS = 500,610,700,750,800,860,890,900 | USE_GRAPHS = 1 | FA_ALL_QUANTS = 1 | CPU : SSE3 = 1 | SSSE3 = 1 | AVX = 1 | AVX2 = 1 | F16C = 1 | FMA = 1 | BMI2 = 1 | LLAMAFILE = 1 | OPENMP = 1 | REPACK = 1 | 
0.03.632.120 I kl_divergence: computing over 145 chunks, n_ctx=2048, batch_size=2048, n_seq=1
0.06.182.060 I kl_divergence: 2.55 seconds per pass - ETA 6.15 minutes

chunk             PPL               ln(PPL(Q)/PPL(base))          KL Divergence              Δp RMS            Same top p
   1       9.9545 ±    0.9215       0.00081 ±    0.00161       0.00086 ±    0.00009     0.718 ±  0.047 %    98.729 ±  0.350 %
   2      10.8285 ±    0.6943       0.00052 ±    0.00100       0.00074 ±    0.00005     0.667 ±  0.030 %    98.778 ±  0.243 %
   3      10.8663 ±    0.5630       0.00015 ±    0.00075       0.00066 ±    0.00003     0.616 ±  0.023 %    98.860 ±  0.192 %
   4      11.2443 ±    0.5194       0.00039 ±    0.00066       0.00074 ±    0.00004     0.657 ±  0.024 %    98.827 ±  0.168 %
   5      11.4923 ±    0.4819       0.00071 ±    0.00064       0.00076 ±    0.00003     0.689 ±  0.031 %    98.671 ±  0.160 %
   6       9.8879 ±    0.3677       0.00074 ±    0.00062       0.00080 ±    0.00004     0.771 ±  0.047 %    98.615 ±  0.149 %
   7       9.0865 ±    0.3090       0.00091 ±    0.00063       0.00099 ±    0.00006     0.861 ±  0.042 %    98.548 ±  0.141 %
   8       8.8794 ±    0.2793       0.00073 ±    0.00058       0.00097 ±    0.00005     0.848 ±  0.038 %    98.583 ±  0.131 %
   9       9.4423 ±    0.2822       0.00087 ±    0.00055       0.00098 ±    0.00005     0.832 ±  0.034 %    98.534 ±  0.125 %
  10       9.4909 ±    0.2703       0.00118 ±    0.00060       0.00095 ±    0.00004     0.823 ±  0.031 %    98.553 ±  0.118 %
  11       9.6176 ±    0.2612       0.00127 ±    0.00057       0.00095 ±    0.00005     0.829 ±  0.035 %    98.614 ±  0.110 %
  12       9.9497 ±    0.2603       0.00151 ±    0.00060       0.00093 ±    0.00004     0.813 ±  0.033 %    98.607 ±  0.106 %
  13       9.9490 ±    0.2495       0.00146 ±    0.00056       0.00091 ±    0.00004     0.804 ±  0.031 %    98.594 ±  0.102 %
  14       9.9409 ±    0.2393       0.00120 ±    0.00053       0.00091 ±    0.00004     0.796 ±  0.029 %    98.576 ±  0.099 %
  15       9.8928 ±    0.2293       0.00101 ±    0.00050       0.00091 ±    0.00003     0.792 ±  0.028 %    98.573 ±  0.096 %
  16      10.1521 ±    0.2285       0.00098 ±    0.00048       0.00090 ±    0.00003     0.787 ±  0.026 %    98.552 ±  0.093 %
  17      10.2237 ±    0.2233       0.00096 ±    0.00046       0.00089 ±    0.00003     0.782 ±  0.025 %    98.562 ±  0.090 %
  18      10.2986 ±    0.2184       0.00100 ±    0.00044       0.00088 ±    0.00003     0.777 ±  0.024 %    98.555 ±  0.088 %
  19      10.3166 ±    0.2150       0.00157 ±    0.00050       0.00095 ±    0.00003     0.783 ±  0.022 %    98.529 ±  0.086 %
  20      10.0695 ±    0.2037       0.00176 ±    0.00048       0.00096 ±    0.00003     0.781 ±  0.021 %    98.553 ±  0.083 %
  21      10.0733 ±    0.1985       0.00178 ±    0.00047       0.00095 ±    0.00003     0.778 ±  0.021 %    98.543 ±  0.082 %
  22      10.1250 ±    0.1954       0.00170 ±    0.00045       0.00094 ±    0.00003     0.774 ±  0.020 %    98.565 ±  0.079 %
  23      10.1269 ±    0.1906       0.00169 ±    0.00043       0.00093 ±    0.00003     0.767 ±  0.019 %    98.597 ±  0.077 %
  24      10.1960 ±    0.1882       0.00152 ±    0.00042       0.00093 ±    0.00003     0.770 ±  0.019 %    98.619 ±  0.074 %
  25      10.2367 ±    0.1853       0.00152 ±    0.00041       0.00092 ±    0.00003     0.764 ±  0.018 %    98.639 ±  0.072 %
  26      10.1919 ±    0.1806       0.00135 ±    0.00040       0.00091 ±    0.00003     0.758 ±  0.018 %    98.639 ±  0.071 %
  27      10.4970 ±    0.1840       0.00132 ±    0.00039       0.00093 ±    0.00003     0.754 ±  0.017 %    98.642 ±  0.070 %
  28      10.5498 ±    0.1817       0.00136 ±    0.00038       0.00092 ±    0.00003     0.750 ±  0.017 %    98.666 ±  0.068 %
  29      10.4895 ±    0.1771       0.00128 ±    0.00037       0.00091 ±    0.00003     0.746 ±  0.016 %    98.665 ±  0.067 %
  30      10.4093 ±    0.1724       0.00122 ±    0.00036       0.00090 ±    0.00003     0.742 ±  0.016 %    98.674 ±  0.065 %
  31      10.2724 ±    0.1671       0.00121 ±    0.00035       0.00089 ±    0.00002     0.739 ±  0.015 %    98.679 ±  0.064 %
  32      10.1220 ±    0.1617       0.00125 ±    0.00035       0.00089 ±    0.00002     0.740 ±  0.015 %    98.680 ±  0.063 %
  33      10.0893 ±    0.1589       0.00118 ±    0.00034       0.00089 ±    0.00002     0.741 ±  0.015 %    98.652 ±  0.063 %
  34      10.0185 ±    0.1550       0.00115 ±    0.00033       0.00088 ±    0.00002     0.737 ±  0.014 %    98.654 ±  0.062 %
  35      10.0151 ±    0.1528       0.00114 ±    0.00033       0.00088 ±    0.00002     0.734 ±  0.014 %    98.657 ±  0.061 %
  36      10.0101 ±    0.1506       0.00111 ±    0.00032       0.00088 ±    0.00002     0.739 ±  0.016 %    98.640 ±  0.060 %
  37       9.8396 ±    0.1454       0.00111 ±    0.00031       0.00088 ±    0.00002     0.752 ±  0.020 %    98.639 ±  0.060 %
  38       9.7399 ±    0.1417       0.00109 ±    0.00031       0.00087 ±    0.00002     0.751 ±  0.020 %    98.652 ±  0.058 %
  39       9.6050 ±    0.1374       0.00103 ±    0.00030       0.00087 ±    0.00002     0.752 ±  0.019 %    98.662 ±  0.058 %
  40       9.4359 ±    0.1327       0.00109 ±    0.00030       0.00087 ±    0.00002     0.751 ±  0.019 %    98.673 ±  0.057 %
  41       9.3508 ±    0.1296       0.00101 ±    0.00029       0.00086 ±    0.00002     0.752 ±  0.018 %    98.674 ±  0.056 %
  42       9.4136 ±    0.1291       0.00102 ±    0.00029       0.00086 ±    0.00002     0.750 ±  0.018 %    98.687 ±  0.055 %
  43       9.6185 ±    0.1312       0.00109 ±    0.00029       0.00086 ±    0.00002     0.747 ±  0.018 %    98.670 ±  0.055 %
  44       9.7727 ±    0.1322       0.00118 ±    0.00029       0.00086 ±    0.00002     0.744 ±  0.017 %    98.665 ±  0.054 %
  45       9.8243 ±    0.1315       0.00115 ±    0.00029       0.00086 ±    0.00002     0.742 ±  0.017 %    98.675 ±  0.053 %
  46       9.9014 ±    0.1313       0.00113 ±    0.00029       0.00086 ±    0.00002     0.740 ±  0.017 %    98.674 ±  0.053 %
  47       9.9378 ±    0.1304       0.00117 ±    0.00028       0.00086 ±    0.00002     0.738 ±  0.016 %    98.675 ±  0.052 %
  48       9.9352 ±    0.1288       0.00114 ±    0.00028       0.00086 ±    0.00002     0.740 ±  0.016 %    98.672 ±  0.052 %
  49       9.9799 ±    0.1281       0.00105 ±    0.00028       0.00086 ±    0.00002     0.740 ±  0.016 %    98.667 ±  0.051 %
  50       9.9192 ±    0.1259       0.00105 ±    0.00027       0.00087 ±    0.00002     0.741 ±  0.016 %    98.663 ±  0.051 %
  51       9.9436 ±    0.1249       0.00101 ±    0.00027       0.00087 ±    0.00002     0.739 ±  0.015 %    98.649 ±  0.051 %
  52       9.8499 ±    0.1224       0.00093 ±    0.00027       0.00087 ±    0.00002     0.740 ±  0.015 %    98.662 ±  0.050 %
  53       9.8647 ±    0.1216       0.00067 ±    0.00026       0.00089 ±    0.00002     0.744 ±  0.015 %    98.644 ±  0.050 %
  54       9.8215 ±    0.1199       0.00067 ±    0.00026       0.00088 ±    0.00002     0.744 ±  0.015 %    98.651 ±  0.049 %
  55       9.7329 ±    0.1174       0.00062 ±    0.00026       0.00088 ±    0.00002     0.743 ±  0.014 %    98.660 ±  0.048 %
  56       9.7137 ±    0.1162       0.00079 ±    0.00026       0.00088 ±    0.00002     0.743 ±  0.014 %    98.661 ±  0.048 %
  57       9.6024 ±    0.1135       0.00080 ±    0.00026       0.00088 ±    0.00002     0.742 ±  0.014 %    98.664 ±  0.048 %
  58       9.5555 ±    0.1118       0.00076 ±    0.00025       0.00087 ±    0.00002     0.741 ±  0.014 %    98.665 ±  0.047 %
  59       9.5197 ±    0.1104       0.00073 ±    0.00025       0.00087 ±    0.00002     0.739 ±  0.014 %    98.671 ±  0.047 %
  60       9.4660 ±    0.1087       0.00068 ±    0.00025       0.00086 ±    0.00002     0.738 ±  0.013 %    98.672 ±  0.046 %
  61       9.5247 ±    0.1087       0.00066 ±    0.00024       0.00087 ±    0.00002     0.737 ±  0.013 %    98.668 ±  0.046 %
  62       9.5442 ±    0.1080       0.00068 ±    0.00024       0.00086 ±    0.00002     0.736 ±  0.013 %    98.671 ±  0.045 %
  63       9.5762 ±    0.1075       0.00068 ±    0.00024       0.00086 ±    0.00002     0.734 ±  0.013 %    98.672 ±  0.045 %
  64       9.6566 ±    0.1078       0.00069 ±    0.00023       0.00086 ±    0.00002     0.731 ±  0.013 %    98.667 ±  0.045 %
  65       9.5923 ±    0.1061       0.00074 ±    0.00023       0.00086 ±    0.00002     0.733 ±  0.013 %    98.671 ±  0.044 %
  66       9.6166 ±    0.1056       0.00074 ±    0.00023       0.00086 ±    0.00002     0.732 ±  0.012 %    98.667 ±  0.044 %
  67       9.6166 ±    0.1048       0.00076 ±    0.00023       0.00086 ±    0.00002     0.734 ±  0.012 %    98.671 ±  0.044 %
  68       9.5946 ±    0.1038       0.00074 ±    0.00023       0.00086 ±    0.00002     0.735 ±  0.012 %    98.670 ±  0.043 %
  69       9.5704 ±    0.1026       0.00076 ±    0.00022       0.00086 ±    0.00002     0.735 ±  0.012 %    98.674 ±  0.043 %
  70       9.5563 ±    0.1018       0.00081 ±    0.00022       0.00086 ±    0.00002     0.734 ±  0.012 %    98.664 ±  0.043 %
  71       9.5487 ±    0.1009       0.00085 ±    0.00022       0.00088 ±    0.00002     0.742 ±  0.012 %    98.655 ±  0.043 %
  72       9.6534 ±    0.1017       0.00081 ±    0.00022       0.00090 ±    0.00002     0.750 ±  0.012 %    98.649 ±  0.043 %
  73       9.7052 ±    0.1017       0.00081 ±    0.00022       0.00091 ±    0.00002     0.750 ±  0.012 %    98.656 ±  0.042 %
  74       9.7566 ±    0.1016       0.00083 ±    0.00022       0.00091 ±    0.00002     0.749 ±  0.012 %    98.650 ±  0.042 %
  75       9.7260 ±    0.1005       0.00086 ±    0.00021       0.00090 ±    0.00002     0.747 ±  0.011 %    98.646 ±  0.042 %
  76       9.7495 ±    0.1001       0.00090 ±    0.00021       0.00090 ±    0.00002     0.746 ±  0.011 %    98.633 ±  0.042 %
  77       9.7487 ±    0.0994       0.00103 ±    0.00021       0.00091 ±    0.00002     0.748 ±  0.011 %    98.634 ±  0.041 %
  78       9.7188 ±    0.0983       0.00103 ±    0.00021       0.00091 ±    0.00002     0.748 ±  0.011 %    98.633 ±  0.041 %
  79       9.7749 ±    0.0984       0.00101 ±    0.00021       0.00091 ±    0.00002     0.747 ±  0.011 %    98.618 ±  0.041 %
  80       9.7879 ±    0.0980       0.00099 ±    0.00021       0.00091 ±    0.00002     0.747 ±  0.011 %    98.622 ±  0.041 %
  81       9.8242 ±    0.0977       0.00103 ±    0.00020       0.00091 ±    0.00002     0.745 ±  0.011 %    98.618 ±  0.041 %
  82       9.7465 ±    0.0962       0.00102 ±    0.00020       0.00090 ±    0.00002     0.744 ±  0.011 %    98.628 ±  0.040 %
  83       9.7208 ±    0.0953       0.00097 ±    0.00020       0.00090 ±    0.00002     0.743 ±  0.011 %    98.635 ±  0.040 %
  84       9.6972 ±    0.0945       0.00097 ±    0.00020       0.00091 ±    0.00002     0.743 ±  0.011 %    98.630 ±  0.040 %
  85       9.6623 ±    0.0936       0.00098 ±    0.00020       0.00090 ±    0.00002     0.743 ±  0.010 %    98.636 ±  0.039 %
  86       9.6794 ±    0.0932       0.00094 ±    0.00020       0.00090 ±    0.00002     0.743 ±  0.010 %    98.631 ±  0.039 %
  87       9.6375 ±    0.0921       0.00097 ±    0.00020       0.00090 ±    0.00002     0.743 ±  0.010 %    98.637 ±  0.039 %
  88       9.6251 ±    0.0915       0.00098 ±    0.00019       0.00090 ±    0.00002     0.743 ±  0.010 %    98.638 ±  0.039 %
  89       9.6349 ±    0.0910       0.00102 ±    0.00019       0.00090 ±    0.00002     0.742 ±  0.010 %    98.636 ±  0.038 %
  90       9.6529 ±    0.0907       0.00101 ±    0.00019       0.00090 ±    0.00002     0.741 ±  0.010 %    98.635 ±  0.038 %
  91       9.7292 ±    0.0910       0.00102 ±    0.00019       0.00091 ±    0.00002     0.740 ±  0.010 %    98.630 ±  0.038 %
  92       9.8093 ±    0.0915       0.00097 ±    0.00019       0.00091 ±    0.00002     0.739 ±  0.010 %    98.636 ±  0.038 %
  93       9.8558 ±    0.0915       0.00098 ±    0.00019       0.00091 ±    0.00002     0.737 ±  0.010 %    98.629 ±  0.038 %
  94       9.8876 ±    0.0913       0.00097 ±    0.00019       0.00091 ±    0.00002     0.735 ±  0.010 %    98.627 ±  0.038 %
  95       9.9302 ±    0.0912       0.00096 ±    0.00019       0.00091 ±    0.00002     0.735 ±  0.010 %    98.621 ±  0.037 %
  96       9.9972 ±    0.0915       0.00091 ±    0.00019       0.00091 ±    0.00002     0.734 ±  0.009 %    98.617 ±  0.037 %
  97      10.0675 ±    0.0918       0.00089 ±    0.00019       0.00091 ±    0.00002     0.733 ±  0.009 %    98.618 ±  0.037 %
  98      10.0582 ±    0.0912       0.00089 ±    0.00019       0.00090 ±    0.00002     0.733 ±  0.009 %    98.622 ±  0.037 %
  99      10.0708 ±    0.0909       0.00085 ±    0.00018       0.00091 ±    0.00002     0.733 ±  0.009 %    98.622 ±  0.037 %
 100      10.0970 ±    0.0907       0.00088 ±    0.00018       0.00091 ±    0.00002     0.734 ±  0.009 %    98.618 ±  0.037 %
 101      10.0660 ±    0.0899       0.00088 ±    0.00018       0.00091 ±    0.00002     0.735 ±  0.009 %    98.624 ±  0.036 %
 102      10.0741 ±    0.0895       0.00086 ±    0.00018       0.00091 ±    0.00002     0.734 ±  0.009 %    98.625 ±  0.036 %
 103      10.0779 ±    0.0891       0.00085 ±    0.00018       0.00090 ±    0.00001     0.733 ±  0.009 %    98.628 ±  0.036 %
 104      10.1023 ±    0.0888       0.00084 ±    0.00018       0.00090 ±    0.00001     0.731 ±  0.009 %    98.629 ±  0.036 %
 105      10.0999 ±    0.0883       0.00082 ±    0.00018       0.00090 ±    0.00001     0.731 ±  0.009 %    98.635 ±  0.035 %
 106      10.0975 ±    0.0878       0.00084 ±    0.00018       0.00090 ±    0.00001     0.730 ±  0.009 %    98.640 ±  0.035 %
 107      10.1185 ±    0.0877       0.00080 ±    0.00018       0.00089 ±    0.00001     0.729 ±  0.009 %    98.645 ±  0.035 %
 108      10.1186 ±    0.0873       0.00079 ±    0.00018       0.00090 ±    0.00002     0.730 ±  0.009 %    98.641 ±  0.035 %
 109      10.1570 ±    0.0873       0.00084 ±    0.00017       0.00090 ±    0.00001     0.729 ±  0.009 %    98.639 ±  0.035 %
 110      10.1940 ±    0.0873       0.00079 ±    0.00017       0.00090 ±    0.00001     0.729 ±  0.009 %    98.639 ±  0.035 %
 111      10.1721 ±    0.0867       0.00077 ±    0.00017       0.00090 ±    0.00001     0.731 ±  0.009 %    98.639 ±  0.034 %
 112      10.1769 ±    0.0864       0.00074 ±    0.00017       0.00090 ±    0.00001     0.731 ±  0.009 %    98.644 ±  0.034 %
 113      10.1444 ±    0.0857       0.00074 ±    0.00017       0.00090 ±    0.00001     0.731 ±  0.008 %    98.649 ±  0.034 %
 114      10.1840 ±    0.0858       0.00074 ±    0.00017       0.00090 ±    0.00001     0.730 ±  0.008 %    98.653 ±  0.034 %
 115      10.2090 ±    0.0857       0.00074 ±    0.00017       0.00090 ±    0.00001     0.731 ±  0.008 %    98.648 ±  0.034 %
 116      10.2083 ±    0.0852       0.00074 ±    0.00017       0.00089 ±    0.00001     0.730 ±  0.008 %    98.645 ±  0.034 %
 117      10.2337 ±    0.0851       0.00074 ±    0.00017       0.00090 ±    0.00001     0.730 ±  0.008 %    98.645 ±  0.033 %
 118      10.2192 ±    0.0846       0.00074 ±    0.00017       0.00090 ±    0.00001     0.730 ±  0.008 %    98.647 ±  0.033 %
 119      10.1881 ±    0.0840       0.00081 ±    0.00017       0.00090 ±    0.00001     0.731 ±  0.008 %    98.646 ±  0.033 %
 120      10.2084 ±    0.0839       0.00090 ±    0.00018       0.00090 ±    0.00001     0.731 ±  0.008 %    98.643 ±  0.033 %
 121      10.2031 ±    0.0836       0.00096 ±    0.00018       0.00090 ±    0.00001     0.731 ±  0.008 %    98.645 ±  0.033 %
 122      10.1836 ±    0.0830       0.00096 ±    0.00018       0.00089 ±    0.00001     0.730 ±  0.008 %    98.646 ±  0.033 %
 123      10.1625 ±    0.0825       0.00096 ±    0.00018       0.00089 ±    0.00001     0.730 ±  0.008 %    98.644 ±  0.033 %
 124      10.1825 ±    0.0824       0.00097 ±    0.00018       0.00089 ±    0.00001     0.730 ±  0.008 %    98.645 ±  0.032 %
 125      10.2127 ±    0.0824       0.00095 ±    0.00018       0.00089 ±    0.00001     0.729 ±  0.008 %    98.643 ±  0.032 %
 126      10.1894 ±    0.0818       0.00094 ±    0.00018       0.00089 ±    0.00001     0.729 ±  0.008 %    98.646 ±  0.032 %
 127      10.1959 ±    0.0816       0.00094 ±    0.00018       0.00089 ±    0.00001     0.729 ±  0.008 %    98.646 ±  0.032 %
 128      10.1679 ±    0.0810       0.00094 ±    0.00017       0.00089 ±    0.00001     0.729 ±  0.008 %    98.644 ±  0.032 %
 129      10.1524 ±    0.0805       0.00094 ±    0.00017       0.00089 ±    0.00001     0.730 ±  0.008 %    98.644 ±  0.032 %
 130      10.1508 ±    0.0802       0.00093 ±    0.00017       0.00089 ±    0.00001     0.730 ±  0.008 %    98.647 ±  0.032 %
 131      10.1545 ±    0.0800       0.00090 ±    0.00017       0.00089 ±    0.00001     0.730 ±  0.008 %    98.651 ±  0.032 %
 132      10.1491 ±    0.0796       0.00090 ±    0.00017       0.00089 ±    0.00001     0.729 ±  0.008 %    98.651 ±  0.031 %
 133      10.1727 ±    0.0796       0.00091 ±    0.00017       0.00089 ±    0.00001     0.730 ±  0.007 %    98.648 ±  0.031 %
 134      10.1927 ±    0.0794       0.00090 ±    0.00017       0.00089 ±    0.00001     0.730 ±  0.007 %    98.650 ±  0.031 %
 135      10.1732 ±    0.0790       0.00088 ±    0.00017       0.00089 ±    0.00001     0.730 ±  0.007 %    98.652 ±  0.031 %
 136      10.1351 ±    0.0783       0.00088 ±    0.00017       0.00089 ±    0.00001     0.730 ±  0.007 %    98.652 ±  0.031 %
 137      10.0791 ±    0.0775       0.00091 ±    0.00017       0.00089 ±    0.00001     0.732 ±  0.007 %    98.654 ±  0.031 %
 138      10.1063 ±    0.0775       0.00094 ±    0.00017       0.00089 ±    0.00001     0.732 ±  0.007 %    98.656 ±  0.031 %
 139      10.1257 ±    0.0774       0.00093 ±    0.00017       0.00089 ±    0.00001     0.732 ±  0.007 %    98.653 ±  0.031 %
 140      10.1920 ±    0.0778       0.00096 ±    0.00017       0.00090 ±    0.00001     0.733 ±  0.007 %    98.645 ±  0.031 %
 141      10.1885 ±    0.0775       0.00096 ±    0.00016       0.00089 ±    0.00001     0.733 ±  0.007 %    98.650 ±  0.030 %
 142      10.1874 ±    0.0771       0.00097 ±    0.00016       0.00089 ±    0.00001     0.732 ±  0.007 %    98.654 ±  0.030 %
 143      10.1853 ±    0.0768       0.00096 ±    0.00016       0.00089 ±    0.00001     0.731 ±  0.007 %    98.653 ±  0.030 %
 144      10.2120 ±    0.0768       0.00095 ±    0.00016       0.00089 ±    0.00001     0.731 ±  0.007 %    98.651 ±  0.030 %
 145      10.2031 ±    0.0765       0.00094 ±    0.00016       0.00090 ±    0.00001     0.734 ±  0.007 %    98.650 ±  0.030 %

====== Perplexity statistics ======
Mean PPL(Q)                   :  10.203128 ±   0.076532
Mean PPL(base)                :  10.193553 ±   0.076375
Cor(ln(PPL(Q)), ln(PPL(base))):  99.98%
Mean ln(PPL(Q)/PPL(base))     :   0.000939 ±   0.000162
Mean PPL(Q)/PPL(base)         :   1.000939 ±   0.000162
Mean PPL(Q)-PPL(base)         :   0.009575 ±   0.001653

====== KL divergence statistics ======
Mean    KLD:   0.000897 ±   0.000012
Maximum KLD:   0.515235
99.9%   KLD:   0.033801
99.0%   KLD:   0.006382
95.0%   KLD:   0.002611
90.0%   KLD:   0.001763
Median  KLD:   0.000448
10.0%   KLD:   0.000019
 5.0%   KLD:   0.000003
 1.0%   KLD:  -0.000023
 0.1%   KLD:  -0.000114
Minimum KLD:  -0.000474

====== Token probability statistics ======
Mean    Δp: -0.007 ± 0.002 %
Maximum Δp: 27.874%
99.9%   Δp:  4.424%
99.0%   Δp:  2.151%
95.0%   Δp:  1.019%
90.0%   Δp:  0.595%
75.0%   Δp:  0.126%
Median  Δp: -0.000%
25.0%   Δp: -0.132%
10.0%   Δp: -0.608%
 5.0%   Δp: -1.047%
 1.0%   Δp: -2.237%
 0.1%   Δp: -4.896%
Minimum Δp: -20.049%
RMS Δp    :  0.734 ± 0.007 %
Same top p: 98.650 ± 0.030 %

------------------------------
llama-perplexity --kl-divergence-base /tmp/logits.dat --ctx-size 2048 -f sample-data/wiki.test.raw -hf prism-ml/Ternary-Bonsai-27B-gguf:Q2_g64 -fa on -ngl 99 -ctk q5_0 -ctv q4_1 --kl-divergence
0.01.022.365 W common_fit_params: failed to fit params to free device memory: n_gpu_layers already set by user to 99, abort
0.03.285.098 I 
0.03.285.170 I system_info: n_threads = 16 (n_threads_batch = 16) / 32 | CUDA : ARCHS = 500,610,700,750,800,860,890,900 | USE_GRAPHS = 1 | FA_ALL_QUANTS = 1 | CPU : SSE3 = 1 | SSSE3 = 1 | AVX = 1 | AVX2 = 1 | F16C = 1 | FMA = 1 | BMI2 = 1 | LLAMAFILE = 1 | OPENMP = 1 | REPACK = 1 | 
0.03.522.620 I kl_divergence: computing over 145 chunks, n_ctx=2048, batch_size=2048, n_seq=1
0.06.107.645 I kl_divergence: 2.58 seconds per pass - ETA 6.23 minutes

chunk             PPL               ln(PPL(Q)/PPL(base))          KL Divergence              Δp RMS            Same top p
   1       9.9557 ±    0.9212       0.00092 ±    0.00212       0.00147 ±    0.00016     0.922 ±  0.055 %    98.338 ±  0.400 %
   2      10.8276 ±    0.6941       0.00043 ±    0.00139       0.00130 ±    0.00009     0.881 ±  0.036 %    98.192 ±  0.295 %
   3      10.8631 ±    0.5626      -0.00015 ±    0.00104       0.00117 ±    0.00006     0.822 ±  0.028 %    98.273 ±  0.235 %
   4      11.2340 ±    0.5187      -0.00053 ±    0.00090       0.00127 ±    0.00006     0.889 ±  0.028 %    98.118 ±  0.212 %
   5      11.4846 ±    0.4814       0.00004 ±    0.00085       0.00127 ±    0.00005     0.910 ±  0.028 %    98.104 ±  0.191 %
   6       9.8770 ±    0.3671      -0.00036 ±    0.00077       0.00133 ±    0.00005     0.947 ±  0.025 %    98.061 ±  0.176 %
   7       9.0747 ±    0.3084      -0.00040 ±    0.00075       0.00148 ±    0.00006     1.025 ±  0.030 %    98.129 ±  0.160 %
   8       8.8686 ±    0.2787      -0.00048 ±    0.00069       0.00147 ±    0.00005     1.014 ±  0.027 %    98.192 ±  0.147 %
   9       9.4281 ±    0.2815      -0.00064 ±    0.00066       0.00149 ±    0.00005     1.002 ±  0.026 %    98.208 ±  0.138 %
  10       9.4801 ±    0.2698       0.00004 ±    0.00069       0.00146 ±    0.00004     0.991 ±  0.024 %    98.231 ±  0.130 %
  11       9.6086 ±    0.2609       0.00035 ±    0.00065       0.00143 ±    0.00004     0.983 ±  0.023 %    98.258 ±  0.123 %
  12       9.9426 ±    0.2600       0.00079 ±    0.00067       0.00142 ±    0.00004     0.973 ±  0.022 %    98.224 ±  0.119 %
  13       9.9440 ±    0.2493       0.00096 ±    0.00063       0.00140 ±    0.00003     0.968 ±  0.020 %    98.233 ±  0.114 %
  14       9.9397 ±    0.2392       0.00107 ±    0.00060       0.00140 ±    0.00003     0.962 ±  0.019 %    98.178 ±  0.112 %
  15       9.8915 ±    0.2293       0.00088 ±    0.00057       0.00139 ±    0.00003     0.964 ±  0.021 %    98.214 ±  0.107 %
  16      10.1480 ±    0.2284       0.00058 ±    0.00055       0.00139 ±    0.00003     0.959 ±  0.020 %    98.198 ±  0.104 %
  17      10.2209 ±    0.2232       0.00068 ±    0.00053       0.00137 ±    0.00003     0.951 ±  0.019 %    98.217 ±  0.100 %
  18      10.2957 ±    0.2183       0.00072 ±    0.00051       0.00137 ±    0.00003     0.946 ±  0.019 %    98.197 ±  0.098 %
  19      10.3034 ±    0.2146       0.00029 ±    0.00056       0.00150 ±    0.00004     0.987 ±  0.020 %    98.153 ±  0.097 %
  20      10.0559 ±    0.2033       0.00041 ±    0.00054       0.00151 ±    0.00004     0.986 ±  0.019 %    98.167 ±  0.094 %
  21      10.0589 ±    0.1981       0.00035 ±    0.00052       0.00149 ±    0.00004     0.980 ±  0.019 %    98.189 ±  0.091 %
  22      10.1121 ±    0.1951       0.00042 ±    0.00050       0.00149 ±    0.00004     0.976 ±  0.018 %    98.218 ±  0.088 %
  23      10.1155 ±    0.1904       0.00056 ±    0.00049       0.00146 ±    0.00004     0.971 ±  0.017 %    98.223 ±  0.086 %
  24      10.1863 ±    0.1880       0.00056 ±    0.00048       0.00147 ±    0.00003     0.974 ±  0.017 %    98.253 ±  0.084 %
  25      10.2273 ±    0.1851       0.00060 ±    0.00046       0.00146 ±    0.00003     0.967 ±  0.017 %    98.280 ±  0.081 %
  26      10.1836 ±    0.1804       0.00054 ±    0.00045       0.00144 ±    0.00003     0.964 ±  0.016 %    98.304 ±  0.079 %
  27      10.4907 ±    0.1839       0.00072 ±    0.00044       0.00145 ±    0.00003     0.957 ±  0.016 %    98.295 ±  0.078 %
  28      10.5450 ±    0.1816       0.00091 ±    0.00043       0.00144 ±    0.00003     0.953 ±  0.015 %    98.303 ±  0.076 %
  29      10.4860 ±    0.1770       0.00094 ±    0.00042       0.00143 ±    0.00003     0.947 ±  0.015 %    98.308 ±  0.075 %
  30      10.4074 ±    0.1723       0.00104 ±    0.00041       0.00142 ±    0.00003     0.943 ±  0.015 %    98.306 ±  0.074 %
  31      10.2720 ±    0.1670       0.00117 ±    0.00040       0.00141 ±    0.00003     0.941 ±  0.014 %    98.319 ±  0.072 %
  32      10.1208 ±    0.1617       0.00113 ±    0.00040       0.00140 ±    0.00003     0.947 ±  0.014 %    98.295 ±  0.072 %
  33      10.0875 ±    0.1589       0.00101 ±    0.00039       0.00141 ±    0.00003     0.949 ±  0.014 %    98.258 ±  0.071 %
  34      10.0174 ±    0.1550       0.00104 ±    0.00039       0.00140 ±    0.00003     0.944 ±  0.014 %    98.266 ±  0.070 %
  35      10.0136 ±    0.1527       0.00099 ±    0.00038       0.00139 ±    0.00002     0.941 ±  0.013 %    98.243 ±  0.069 %
  36      10.0088 ±    0.1506       0.00098 ±    0.00037       0.00139 ±    0.00003     0.954 ±  0.022 %    98.232 ±  0.069 %
  37       9.8384 ±    0.1454       0.00098 ±    0.00036       0.00139 ±    0.00003     0.955 ±  0.021 %    98.227 ±  0.068 %
  38       9.7393 ±    0.1417       0.00102 ±    0.00036       0.00138 ±    0.00002     0.956 ±  0.021 %    98.243 ±  0.067 %
  39       9.6051 ±    0.1373       0.00105 ±    0.00035       0.00138 ±    0.00002     0.957 ±  0.020 %    98.268 ±  0.065 %
  40       9.4356 ±    0.1327       0.00107 ±    0.00034       0.00137 ±    0.00002     0.956 ±  0.020 %    98.287 ±  0.064 %
  41       9.3508 ±    0.1296       0.00101 ±    0.00034       0.00137 ±    0.00002     0.957 ±  0.019 %    98.274 ±  0.064 %
  42       9.4142 ±    0.1291       0.00108 ±    0.00034       0.00136 ±    0.00002     0.955 ±  0.019 %    98.275 ±  0.063 %
  43       9.6189 ±    0.1312       0.00114 ±    0.00034       0.00137 ±    0.00002     0.952 ±  0.019 %    98.275 ±  0.062 %
  44       9.7726 ±    0.1322       0.00117 ±    0.00034       0.00137 ±    0.00002     0.948 ±  0.018 %    98.283 ±  0.061 %
  45       9.8239 ±    0.1315       0.00112 ±    0.00033       0.00137 ±    0.00002     0.945 ±  0.018 %    98.284 ±  0.061 %
  46       9.9015 ±    0.1312       0.00114 ±    0.00033       0.00137 ±    0.00002     0.942 ±  0.018 %    98.281 ±  0.060 %
  47       9.9375 ±    0.1303       0.00114 ±    0.00033       0.00137 ±    0.00002     0.940 ±  0.017 %    98.276 ±  0.059 %
  48       9.9350 ±    0.1288       0.00112 ±    0.00032       0.00137 ±    0.00002     0.941 ±  0.017 %    98.257 ±  0.059 %
  49       9.9795 ±    0.1280       0.00100 ±    0.00032       0.00137 ±    0.00002     0.939 ±  0.017 %    98.264 ±  0.058 %
  50       9.9184 ±    0.1258       0.00097 ±    0.00031       0.00137 ±    0.00002     0.940 ±  0.016 %    98.274 ±  0.058 %
  51       9.9430 ±    0.1249       0.00095 ±    0.00031       0.00137 ±    0.00002     0.937 ±  0.016 %    98.285 ±  0.057 %
  52       9.8496 ±    0.1224       0.00090 ±    0.00031       0.00136 ±    0.00002     0.937 ±  0.016 %    98.291 ±  0.056 %
  53       9.8766 ±    0.1218       0.00188 ±    0.00031       0.00144 ±    0.00002     0.968 ±  0.016 %    98.240 ±  0.056 %
  54       9.8339 ±    0.1201       0.00193 ±    0.00031       0.00144 ±    0.00002     0.966 ±  0.016 %    98.235 ±  0.056 %
  55       9.7454 ±    0.1176       0.00190 ±    0.00030       0.00143 ±    0.00002     0.964 ±  0.015 %    98.249 ±  0.055 %
  56       9.7258 ±    0.1163       0.00203 ±    0.00030       0.00143 ±    0.00002     0.963 ±  0.015 %    98.246 ±  0.055 %
  57       9.6140 ±    0.1137       0.00201 ±    0.00030       0.00143 ±    0.00002     0.963 ±  0.015 %    98.242 ±  0.054 %
  58       9.5670 ±    0.1120       0.00197 ±    0.00030       0.00142 ±    0.00002     0.962 ±  0.015 %    98.240 ±  0.054 %
  59       9.5311 ±    0.1105       0.00193 ±    0.00029       0.00142 ±    0.00002     0.959 ±  0.014 %    98.245 ±  0.053 %
  60       9.4773 ±    0.1089       0.00187 ±    0.00029       0.00141 ±    0.00002     0.957 ±  0.014 %    98.254 ±  0.053 %
  61       9.5369 ±    0.1089       0.00195 ±    0.00029       0.00141 ±    0.00002     0.955 ±  0.014 %    98.239 ±  0.053 %
  62       9.5560 ±    0.1082       0.00192 ±    0.00028       0.00141 ±    0.00002     0.954 ±  0.014 %    98.239 ±  0.052 %
  63       9.5884 ±    0.1077       0.00196 ±    0.00028       0.00140 ±    0.00002     0.951 ±  0.014 %    98.239 ±  0.052 %
  64       9.6688 ±    0.1080       0.00196 ±    0.00028       0.00140 ±    0.00002     0.949 ±  0.014 %    98.242 ±  0.051 %
  65       9.6039 ±    0.1063       0.00195 ±    0.00027       0.00140 ±    0.00002     0.951 ±  0.013 %    98.239 ±  0.051 %
  66       9.6283 ±    0.1058       0.00195 ±    0.00027       0.00140 ±    0.00002     0.950 ±  0.013 %    98.240 ±  0.051 %
  67       9.6281 ±    0.1050       0.00194 ±    0.00027       0.00140 ±    0.00002     0.951 ±  0.013 %    98.236 ±  0.050 %
  68       9.6061 ±    0.1039       0.00194 ±    0.00027       0.00141 ±    0.00002     0.952 ±  0.013 %    98.226 ±  0.050 %
  69       9.5819 ±    0.1028       0.00196 ±    0.00026       0.00140 ±    0.00002     0.952 ±  0.013 %    98.226 ±  0.050 %
  70       9.5678 ±    0.1019       0.00201 ±    0.00026       0.00140 ±    0.00002     0.952 ±  0.013 %    98.224 ±  0.049 %
  71       9.5596 ±    0.1011       0.00199 ±    0.00026       0.00142 ±    0.00002     0.956 ±  0.013 %    98.217 ±  0.049 %
  72       9.6650 ±    0.1019       0.00201 ±    0.00026       0.00147 ±    0.00002     0.969 ±  0.013 %    98.193 ±  0.049 %
  73       9.7164 ±    0.1018       0.00196 ±    0.00026       0.00147 ±    0.00002     0.969 ±  0.012 %    98.190 ±  0.049 %
  74       9.7676 ±    0.1018       0.00196 ±    0.00026       0.00148 ±    0.00002     0.968 ±  0.012 %    98.176 ±  0.049 %
  75       9.7372 ±    0.1007       0.00202 ±    0.00026       0.00147 ±    0.00002     0.966 ±  0.012 %    98.171 ±  0.048 %
  76       9.7601 ±    0.1003       0.00199 ±    0.00025       0.00147 ±    0.00002     0.966 ±  0.012 %    98.170 ±  0.048 %
  77       9.7581 ±    0.0995       0.00199 ±    0.00025       0.00148 ±    0.00002     0.969 ±  0.012 %    98.173 ±  0.048 %
  78       9.7282 ±    0.0984       0.00199 ±    0.00025       0.00148 ±    0.00002     0.969 ±  0.012 %    98.179 ±  0.047 %
  79       9.7836 ±    0.0985       0.00190 ±    0.00025       0.00148 ±    0.00002     0.970 ±  0.012 %    98.167 ±  0.047 %
  80       9.7965 ±    0.0981       0.00187 ±    0.00025       0.00148 ±    0.00002     0.968 ±  0.012 %    98.171 ±  0.047 %
  81       9.8326 ±    0.0978       0.00189 ±    0.00024       0.00147 ±    0.00002     0.966 ±  0.012 %    98.166 ±  0.047 %
  82       9.7547 ±    0.0963       0.00186 ±    0.00024       0.00147 ±    0.00002     0.965 ±  0.012 %    98.175 ±  0.046 %
  83       9.7290 ±    0.0954       0.00181 ±    0.00024       0.00147 ±    0.00002     0.964 ±  0.012 %    98.172 ±  0.046 %
  84       9.7062 ±    0.0946       0.00190 ±    0.00024       0.00148 ±    0.00002     0.967 ±  0.011 %    98.165 ±  0.046 %
  85       9.6713 ±    0.0937       0.00191 ±    0.00024       0.00147 ±    0.00002     0.966 ±  0.011 %    98.175 ±  0.045 %
  86       9.6882 ±    0.0933       0.00184 ±    0.00024       0.00147 ±    0.00002     0.966 ±  0.011 %    98.159 ±  0.045 %
  87       9.6458 ±    0.0922       0.00183 ±    0.00023       0.00147 ±    0.00002     0.966 ±  0.011 %    98.167 ±  0.045 %
  88       9.6335 ±    0.0916       0.00185 ±    0.00023       0.00147 ±    0.00002     0.969 ±  0.011 %    98.174 ±  0.045 %
  89       9.6435 ±    0.0911       0.00190 ±    0.00023       0.00147 ±    0.00002     0.968 ±  0.011 %    98.175 ±  0.044 %
  90       9.6612 ±    0.0908       0.00187 ±    0.00023       0.00147 ±    0.00002     0.966 ±  0.011 %    98.169 ±  0.044 %
  91       9.7374 ±    0.0911       0.00187 ±    0.00023       0.00147 ±    0.00002     0.965 ±  0.011 %    98.158 ±  0.044 %
  92       9.8178 ±    0.0916       0.00184 ±    0.00023       0.00147 ±    0.00002     0.963 ±  0.011 %    98.164 ±  0.044 %
  93       9.8645 ±    0.0916       0.00187 ±    0.00023       0.00147 ±    0.00002     0.961 ±  0.011 %    98.156 ±  0.044 %
  94       9.8964 ±    0.0914       0.00186 ±    0.00022       0.00147 ±    0.00002     0.959 ±  0.011 %    98.156 ±  0.043 %
  95       9.9390 ±    0.0913       0.00185 ±    0.00022       0.00147 ±    0.00002     0.959 ±  0.011 %    98.153 ±  0.043 %
  96      10.0063 ±    0.0916       0.00182 ±    0.00022       0.00146 ±    0.00002     0.957 ±  0.011 %    98.150 ±  0.043 %
  97      10.0765 ±    0.0919       0.00179 ±    0.00022       0.00147 ±    0.00002     0.956 ±  0.011 %    98.148 ±  0.043 %
  98      10.0671 ±    0.0913       0.00177 ±    0.00022       0.00146 ±    0.00002     0.954 ±  0.010 %    98.149 ±  0.043 %
  99      10.0797 ±    0.0910       0.00174 ±    0.00022       0.00146 ±    0.00002     0.954 ±  0.010 %    98.143 ±  0.042 %
 100      10.1059 ±    0.0908       0.00176 ±    0.00022       0.00146 ±    0.00002     0.954 ±  0.010 %    98.145 ±  0.042 %
 101      10.0748 ±    0.0900       0.00175 ±    0.00022       0.00146 ±    0.00002     0.954 ±  0.010 %    98.157 ±  0.042 %
 102      10.0834 ±    0.0896       0.00178 ±    0.00021       0.00146 ±    0.00002     0.953 ±  0.010 %    98.162 ±  0.042 %
 103      10.0871 ±    0.0892       0.00177 ±    0.00021       0.00145 ±    0.00002     0.951 ±  0.010 %    98.164 ±  0.041 %
 104      10.1118 ±    0.0889       0.00177 ±    0.00021       0.00145 ±    0.00002     0.949 ±  0.010 %    98.163 ±  0.041 %
 105      10.1090 ±    0.0884       0.00172 ±    0.00021       0.00145 ±    0.00002     0.949 ±  0.010 %    98.168 ±  0.041 %
 106      10.1066 ±    0.0879       0.00174 ±    0.00021       0.00145 ±    0.00002     0.949 ±  0.010 %    98.174 ±  0.041 %
 107      10.1277 ±    0.0878       0.00171 ±    0.00021       0.00144 ±    0.00002     0.948 ±  0.010 %    98.185 ±  0.040 %
 108      10.1280 ±    0.0874       0.00171 ±    0.00021       0.00144 ±    0.00002     0.948 ±  0.010 %    98.178 ±  0.040 %
 109      10.1665 ±    0.0874       0.00177 ±    0.00021       0.00144 ±    0.00002     0.947 ±  0.010 %    98.174 ±  0.040 %
 110      10.2041 ±    0.0874       0.00177 ±    0.00021       0.00145 ±    0.00002     0.947 ±  0.010 %    98.173 ±  0.040 %
 111      10.1820 ±    0.0868       0.00174 ±    0.00020       0.00145 ±    0.00002     0.949 ±  0.010 %    98.169 ±  0.040 %
 112      10.1869 ±    0.0865       0.00172 ±    0.00020       0.00145 ±    0.00002     0.949 ±  0.010 %    98.170 ±  0.040 %
 113      10.1544 ±    0.0858       0.00173 ±    0.00020       0.00145 ±    0.00002     0.949 ±  0.010 %    98.177 ±  0.039 %
 114      10.1940 ±    0.0859       0.00172 ±    0.00020       0.00144 ±    0.00002     0.949 ±  0.010 %    98.181 ±  0.039 %
 115      10.2192 ±    0.0858       0.00174 ±    0.00020       0.00144 ±    0.00002     0.948 ±  0.009 %    98.181 ±  0.039 %
 116      10.2182 ±    0.0853       0.00171 ±    0.00020       0.00144 ±    0.00002     0.947 ±  0.009 %    98.187 ±  0.039 %
 117      10.2433 ±    0.0852       0.00168 ±    0.00020       0.00144 ±    0.00002     0.946 ±  0.009 %    98.189 ±  0.039 %
 118      10.2287 ±    0.0847       0.00167 ±    0.00020       0.00145 ±    0.00002     0.951 ±  0.010 %    98.193 ±  0.038 %
 119      10.1974 ±    0.0841       0.00173 ±    0.00020       0.00145 ±    0.00002     0.951 ±  0.009 %    98.191 ±  0.038 %
 120      10.2181 ±    0.0840       0.00185 ±    0.00021       0.00145 ±    0.00002     0.951 ±  0.009 %    98.195 ±  0.038 %
 121      10.2124 ±    0.0836       0.00187 ±    0.00021       0.00145 ±    0.00002     0.950 ±  0.009 %    98.199 ±  0.038 %
 122      10.1931 ±    0.0831       0.00188 ±    0.00021       0.00145 ±    0.00002     0.949 ±  0.009 %    98.200 ±  0.038 %
 123      10.1719 ±    0.0826       0.00188 ±    0.00021       0.00144 ±    0.00002     0.948 ±  0.009 %    98.202 ±  0.037 %
 124      10.1919 ±    0.0825       0.00189 ±    0.00021       0.00145 ±    0.00002     0.949 ±  0.009 %    98.199 ±  0.037 %
 125      10.2220 ±    0.0825       0.00187 ±    0.00021       0.00145 ±    0.00002     0.948 ±  0.009 %    98.194 ±  0.037 %
 126      10.1987 ±    0.0819       0.00186 ±    0.00021       0.00144 ±    0.00002     0.948 ±  0.009 %    98.195 ±  0.037 %
 127      10.2052 ±    0.0817       0.00185 ±    0.00020       0.00144 ±    0.00002     0.947 ±  0.009 %    98.199 ±  0.037 %
 128      10.1771 ±    0.0811       0.00184 ±    0.00020       0.00144 ±    0.00002     0.948 ±  0.009 %    98.197 ±  0.037 %
 129      10.1616 ±    0.0806       0.00185 ±    0.00020       0.00144 ±    0.00002     0.947 ±  0.009 %    98.194 ±  0.037 %
 130      10.1606 ±    0.0803       0.00189 ±    0.00020       0.00144 ±    0.00002     0.948 ±  0.009 %    98.198 ±  0.036 %
 131      10.1643 ±    0.0801       0.00186 ±    0.00020       0.00144 ±    0.00002     0.947 ±  0.009 %    98.202 ±  0.036 %
 132      10.1587 ±    0.0797       0.00184 ±    0.00020       0.00144 ±    0.00002     0.947 ±  0.009 %    98.209 ±  0.036 %
 133      10.1824 ±    0.0796       0.00187 ±    0.00020       0.00144 ±    0.00002     0.946 ±  0.009 %    98.207 ±  0.036 %
 134      10.2028 ±    0.0795       0.00189 ±    0.00020       0.00145 ±    0.00002     0.947 ±  0.009 %    98.208 ±  0.036 %
 135      10.1834 ±    0.0791       0.00188 ±    0.00020       0.00144 ±    0.00002     0.946 ±  0.009 %    98.207 ±  0.036 %
 136      10.1450 ±    0.0784       0.00187 ±    0.00020       0.00144 ±    0.00002     0.946 ±  0.008 %    98.214 ±  0.036 %
 137      10.0890 ±    0.0776       0.00189 ±    0.00019       0.00145 ±    0.00002     0.949 ±  0.008 %    98.215 ±  0.035 %
 138      10.1157 ±    0.0776       0.00187 ±    0.00019       0.00145 ±    0.00002     0.949 ±  0.008 %    98.216 ±  0.035 %
 139      10.1352 ±    0.0775       0.00186 ±    0.00019       0.00145 ±    0.00002     0.950 ±  0.008 %    98.212 ±  0.035 %
 140      10.2021 ±    0.0779       0.00195 ±    0.00019       0.00146 ±    0.00002     0.950 ±  0.008 %    98.207 ±  0.035 %
 141      10.1986 ±    0.0776       0.00196 ±    0.00019       0.00146 ±    0.00002     0.949 ±  0.008 %    98.207 ±  0.035 %
 142      10.1974 ±    0.0772       0.00195 ±    0.00019       0.00145 ±    0.00001     0.948 ±  0.008 %    98.205 ±  0.035 %
 143      10.1954 ±    0.0769       0.00195 ±    0.00019       0.00145 ±    0.00001     0.948 ±  0.008 %    98.205 ±  0.035 %
 144      10.2223 ±    0.0769       0.00196 ±    0.00019       0.00145 ±    0.00001     0.948 ±  0.008 %    98.201 ±  0.035 %
 145      10.2136 ±    0.0766       0.00197 ±    0.00019       0.00146 ±    0.00001     0.948 ±  0.008 %    98.202 ±  0.035 %

====== Perplexity statistics ======
Mean PPL(Q)                   :  10.213635 ±   0.076631
Mean PPL(base)                :  10.193553 ±   0.076375
Cor(ln(PPL(Q)), ln(PPL(base))):  99.97%
Mean ln(PPL(Q)/PPL(base))     :   0.001968 ±   0.000188
Mean PPL(Q)/PPL(base)         :   1.001970 ±   0.000189
Mean PPL(Q)-PPL(base)         :   0.020082 ±   0.001936

====== KL divergence statistics ======
Mean    KLD:   0.001456 ±   0.000015
Maximum KLD:   0.699483
99.9%   KLD:   0.050614
99.0%   KLD:   0.010266
95.0%   KLD:   0.004264
90.0%   KLD:   0.002907
Median  KLD:   0.000789
10.0%   KLD:   0.000042
 5.0%   KLD:   0.000010
 1.0%   KLD:  -0.000016
 0.1%   KLD:  -0.000099
Minimum KLD:  -0.000407

====== Token probability statistics ======
Mean    Δp: -0.019 ± 0.002 %
Maximum Δp: 20.724%
99.9%   Δp:  5.783%
99.0%   Δp:  2.735%
95.0%   Δp:  1.332%
90.0%   Δp:  0.779%
75.0%   Δp:  0.160%
Median  Δp: -0.000%
25.0%   Δp: -0.185%
10.0%   Δp: -0.833%
 5.0%   Δp: -1.402%
 1.0%   Δp: -2.951%
 0.1%   Δp: -6.136%
Minimum Δp: -34.908%
RMS Δp    :  0.948 ± 0.008 %
Same top p: 98.202 ± 0.035 %

------------------------------
llama-perplexity --kl-divergence-base /tmp/logits.dat --ctx-size 2048 -f sample-data/wiki.test.raw -hf prism-ml/Ternary-Bonsai-27B-gguf:Q2_g64 -fa on -ngl 99 -ctk q5_0 -ctv q4_0 --kl-divergence
0.01.015.079 W common_fit_params: failed to fit params to free device memory: n_gpu_layers already set by user to 99, abort
0.03.217.600 I 
0.03.217.664 I system_info: n_threads = 16 (n_threads_batch = 16) / 32 | CUDA : ARCHS = 500,610,700,750,800,860,890,900 | USE_GRAPHS = 1 | FA_ALL_QUANTS = 1 | CPU : SSE3 = 1 | SSSE3 = 1 | AVX = 1 | AVX2 = 1 | F16C = 1 | FMA = 1 | BMI2 = 1 | LLAMAFILE = 1 | OPENMP = 1 | REPACK = 1 | 
0.03.446.897 I kl_divergence: computing over 145 chunks, n_ctx=2048, batch_size=2048, n_seq=1
0.06.010.895 I kl_divergence: 2.56 seconds per pass - ETA 6.18 minutes

chunk             PPL               ln(PPL(Q)/PPL(base))          KL Divergence              Δp RMS            Same top p
   1       9.8952 ±    0.9138      -0.00517 ±    0.00214       0.00154 ±    0.00010     1.026 ±  0.063 %    97.947 ±  0.444 %
   2      10.7933 ±    0.6911      -0.00274 ±    0.00134       0.00131 ±    0.00005     0.928 ±  0.038 %    98.094 ±  0.302 %
   3      10.8432 ±    0.5613      -0.00198 ±    0.00105       0.00125 ±    0.00004     0.914 ±  0.041 %    98.078 ±  0.248 %
   4      11.2386 ±    0.5190      -0.00012 ±    0.00093       0.00133 ±    0.00004     0.935 ±  0.034 %    97.898 ±  0.224 %
   5      11.4858 ±    0.4815       0.00015 ±    0.00085       0.00138 ±    0.00004     0.942 ±  0.029 %    97.791 ±  0.206 %
   6       9.8883 ±    0.3676       0.00078 ±    0.00077       0.00142 ±    0.00004     0.975 ±  0.027 %    97.931 ±  0.182 %
   7       9.0875 ±    0.3090       0.00101 ±    0.00078       0.00169 ±    0.00009     1.138 ±  0.058 %    97.849 ±  0.171 %
   8       8.8792 ±    0.2792       0.00071 ±    0.00073       0.00167 ±    0.00008     1.114 ±  0.052 %    97.898 ±  0.159 %
   9       9.4390 ±    0.2819       0.00053 ±    0.00069       0.00170 ±    0.00007     1.104 ±  0.048 %    97.871 ±  0.150 %
  10       9.4885 ±    0.2701       0.00092 ±    0.00072       0.00166 ±    0.00007     1.087 ±  0.044 %    97.849 ±  0.143 %
  11       9.6161 ±    0.2611       0.00112 ±    0.00067       0.00163 ±    0.00006     1.073 ±  0.041 %    97.867 ±  0.136 %
  12       9.9475 ±    0.2601       0.00129 ±    0.00069       0.00161 ±    0.00005     1.059 ±  0.038 %    97.833 ±  0.131 %
  13       9.9487 ±    0.2494       0.00143 ±    0.00065       0.00158 ±    0.00005     1.050 ±  0.035 %    97.789 ±  0.128 %
  14       9.9424 ±    0.2393       0.00134 ±    0.00062       0.00157 ±    0.00005     1.042 ±  0.033 %    97.773 ±  0.123 %
  15       9.8942 ±    0.2294       0.00115 ±    0.00059       0.00156 ±    0.00004     1.032 ±  0.031 %    97.784 ±  0.119 %
  16      10.1543 ±    0.2286       0.00119 ±    0.00057       0.00155 ±    0.00004     1.023 ±  0.030 %    97.782 ±  0.115 %
  17      10.2269 ±    0.2234       0.00127 ±    0.00055       0.00154 ±    0.00004     1.016 ±  0.028 %    97.815 ±  0.111 %
  18      10.3010 ±    0.2185       0.00124 ±    0.00053       0.00153 ±    0.00004     1.008 ±  0.027 %    97.860 ±  0.107 %
  19      10.3315 ±    0.2154       0.00301 ±    0.00059       0.00170 ±    0.00005     1.052 ±  0.027 %    97.819 ±  0.105 %
  20      10.0791 ±    0.2040       0.00272 ±    0.00057       0.00170 ±    0.00005     1.049 ±  0.025 %    97.840 ±  0.102 %
  21      10.0831 ±    0.1988       0.00275 ±    0.00055       0.00169 ±    0.00005     1.042 ±  0.025 %    97.882 ±  0.098 %
  22      10.1351 ±    0.1957       0.00270 ±    0.00054       0.00168 ±    0.00004     1.037 ±  0.024 %    97.912 ±  0.095 %
  23      10.1365 ±    0.1909       0.00264 ±    0.00052       0.00166 ±    0.00004     1.030 ±  0.023 %    97.951 ±  0.092 %
  24      10.2086 ±    0.1885       0.00276 ±    0.00051       0.00166 ±    0.00004     1.029 ±  0.022 %    97.959 ±  0.090 %
  25      10.2486 ±    0.1856       0.00268 ±    0.00049       0.00165 ±    0.00004     1.022 ±  0.021 %    97.994 ±  0.088 %
  26      10.2042 ±    0.1809       0.00257 ±    0.00048       0.00163 ±    0.00004     1.014 ±  0.021 %    98.034 ±  0.085 %
  27      10.5092 ±    0.1843       0.00248 ±    0.00047       0.00164 ±    0.00004     1.010 ±  0.020 %    98.002 ±  0.084 %
  28      10.5613 ±    0.1819       0.00245 ±    0.00046       0.00163 ±    0.00004     1.006 ±  0.020 %    98.003 ±  0.083 %
  29      10.5004 ±    0.1773       0.00231 ±    0.00045       0.00161 ±    0.00003     1.000 ±  0.019 %    98.005 ±  0.081 %
  30      10.4224 ±    0.1726       0.00248 ±    0.00044       0.00160 ±    0.00003     0.995 ±  0.018 %    98.016 ±  0.080 %
  31      10.2853 ±    0.1673       0.00247 ±    0.00043       0.00159 ±    0.00003     0.994 ±  0.018 %    98.029 ±  0.078 %
  32      10.1343 ±    0.1620       0.00246 ±    0.00042       0.00159 ±    0.00003     0.999 ±  0.018 %    98.024 ±  0.077 %
  33      10.1008 ±    0.1591       0.00232 ±    0.00042       0.00159 ±    0.00003     0.999 ±  0.017 %    98.009 ±  0.076 %
  34      10.0296 ±    0.1552       0.00226 ±    0.00041       0.00157 ±    0.00003     0.994 ±  0.017 %    98.022 ±  0.075 %
  35      10.0262 ±    0.1530       0.00225 ±    0.00040       0.00157 ±    0.00003     0.991 ±  0.016 %    98.028 ±  0.073 %
  36      10.0199 ±    0.1508       0.00208 ±    0.00039       0.00156 ±    0.00003     0.990 ±  0.016 %    98.023 ±  0.073 %
  37       9.8493 ±    0.1456       0.00209 ±    0.00038       0.00155 ±    0.00003     0.988 ±  0.016 %    98.026 ±  0.071 %
  38       9.7498 ±    0.1418       0.00211 ±    0.00038       0.00155 ±    0.00003     0.988 ±  0.015 %    98.053 ±  0.070 %
  39       9.6151 ±    0.1375       0.00209 ±    0.00037       0.00154 ±    0.00003     0.988 ±  0.015 %    98.065 ±  0.069 %
  40       9.4451 ±    0.1329       0.00207 ±    0.00036       0.00153 ±    0.00003     0.990 ±  0.015 %    98.077 ±  0.068 %
  41       9.3604 ±    0.1297       0.00203 ±    0.00036       0.00153 ±    0.00003     0.990 ±  0.014 %    98.076 ±  0.067 %
  42       9.4236 ±    0.1293       0.00208 ±    0.00035       0.00153 ±    0.00002     0.988 ±  0.014 %    98.080 ±  0.066 %
  43       9.6284 ±    0.1313       0.00212 ±    0.00035       0.00153 ±    0.00002     0.986 ±  0.014 %    98.081 ±  0.065 %
  44       9.7830 ±    0.1324       0.00223 ±    0.00035       0.00153 ±    0.00002     0.981 ±  0.014 %    98.078 ±  0.065 %
  45       9.8349 ±    0.1317       0.00223 ±    0.00035       0.00153 ±    0.00002     0.980 ±  0.014 %    98.091 ±  0.064 %
  46       9.9114 ±    0.1314       0.00214 ±    0.00035       0.00153 ±    0.00002     0.977 ±  0.013 %    98.098 ±  0.063 %
  47       9.9468 ±    0.1305       0.00208 ±    0.00034       0.00153 ±    0.00002     0.975 ±  0.013 %    98.107 ±  0.062 %
  48       9.9446 ±    0.1289       0.00208 ±    0.00034       0.00153 ±    0.00002     0.976 ±  0.013 %    98.086 ±  0.062 %
  49       9.9907 ±    0.1282       0.00213 ±    0.00033       0.00153 ±    0.00002     0.975 ±  0.013 %    98.089 ±  0.061 %
  50       9.9297 ±    0.1260       0.00212 ±    0.00033       0.00154 ±    0.00002     0.978 ±  0.012 %    98.098 ±  0.060 %
  51       9.9545 ±    0.1251       0.00211 ±    0.00033       0.00154 ±    0.00002     0.977 ±  0.012 %    98.089 ±  0.060 %
  52       9.8613 ±    0.1225       0.00208 ±    0.00032       0.00153 ±    0.00002     0.979 ±  0.012 %    98.096 ±  0.059 %
  53       9.8822 ±    0.1219       0.00244 ±    0.00032       0.00158 ±    0.00003     0.989 ±  0.012 %    98.078 ±  0.059 %
  54       9.8388 ±    0.1201       0.00242 ±    0.00032       0.00158 ±    0.00003     0.989 ±  0.012 %    98.083 ±  0.058 %
  55       9.7499 ±    0.1177       0.00236 ±    0.00031       0.00157 ±    0.00002     0.986 ±  0.012 %    98.098 ±  0.058 %
  56       9.7291 ±    0.1164       0.00237 ±    0.00031       0.00157 ±    0.00002     0.986 ±  0.012 %    98.103 ±  0.057 %
  57       9.6170 ±    0.1137       0.00232 ±    0.00031       0.00156 ±    0.00002     0.987 ±  0.011 %    98.117 ±  0.056 %
  58       9.5697 ±    0.1120       0.00225 ±    0.00031       0.00156 ±    0.00002     0.986 ±  0.011 %    98.116 ±  0.056 %
  59       9.5336 ±    0.1105       0.00219 ±    0.00030       0.00155 ±    0.00002     0.984 ±  0.011 %    98.124 ±  0.055 %
  60       9.4796 ±    0.1089       0.00212 ±    0.00030       0.00154 ±    0.00002     0.980 ±  0.011 %    98.122 ±  0.055 %
  61       9.5390 ±    0.1089       0.00216 ±    0.00030       0.00155 ±    0.00002     0.979 ±  0.011 %    98.127 ±  0.054 %
  62       9.5581 ±    0.1082       0.00214 ±    0.00029       0.00154 ±    0.00002     0.979 ±  0.011 %    98.125 ±  0.054 %
  63       9.5900 ±    0.1077       0.00212 ±    0.00029       0.00154 ±    0.00002     0.976 ±  0.011 %    98.135 ±  0.053 %
  64       9.6712 ±    0.1080       0.00220 ±    0.00029       0.00154 ±    0.00002     0.974 ±  0.011 %    98.134 ±  0.053 %
  65       9.6059 ±    0.1063       0.00215 ±    0.00028       0.00154 ±    0.00002     0.975 ±  0.010 %    98.135 ±  0.052 %
  66       9.6296 ±    0.1058       0.00209 ±    0.00028       0.00154 ±    0.00002     0.975 ±  0.010 %    98.132 ±  0.052 %
  67       9.6300 ±    0.1050       0.00215 ±    0.00028       0.00154 ±    0.00002     0.978 ±  0.010 %    98.133 ±  0.052 %
  68       9.6094 ±    0.1039       0.00228 ±    0.00028       0.00155 ±    0.00002     0.980 ±  0.010 %    98.123 ±  0.051 %
  69       9.5847 ±    0.1028       0.00226 ±    0.00027       0.00154 ±    0.00002     0.980 ±  0.010 %    98.120 ±  0.051 %
  70       9.5703 ±    0.1019       0.00227 ±    0.00027       0.00155 ±    0.00002     0.986 ±  0.010 %    98.125 ±  0.051 %
  71       9.5622 ±    0.1011       0.00226 ±    0.00027       0.00156 ±    0.00002     0.989 ±  0.010 %    98.129 ±  0.050 %
  72       9.6684 ±    0.1019       0.00237 ±    0.00027       0.00162 ±    0.00003     0.999 ±  0.010 %    98.092 ±  0.050 %
  73       9.7198 ±    0.1019       0.00231 ±    0.00027       0.00163 ±    0.00003     1.001 ±  0.010 %    98.099 ±  0.050 %
  74       9.7712 ±    0.1018       0.00233 ±    0.00027       0.00163 ±    0.00003     1.000 ±  0.010 %    98.087 ±  0.050 %
  75       9.7402 ±    0.1007       0.00232 ±    0.00026       0.00163 ±    0.00003     1.000 ±  0.010 %    98.087 ±  0.049 %
  76       9.7638 ±    0.1003       0.00236 ±    0.00026       0.00163 ±    0.00003     0.999 ±  0.010 %    98.086 ±  0.049 %
  77       9.7637 ±    0.0996       0.00256 ±    0.00026       0.00164 ±    0.00003     1.002 ±  0.010 %    98.082 ±  0.049 %
  78       9.7333 ±    0.0985       0.00252 ±    0.00026       0.00164 ±    0.00003     1.001 ±  0.010 %    98.084 ±  0.049 %
  79       9.7894 ±    0.0986       0.00248 ±    0.00026       0.00165 ±    0.00003     1.003 ±  0.010 %    98.081 ±  0.048 %
  80       9.8025 ±    0.0981       0.00249 ±    0.00026       0.00165 ±    0.00003     1.003 ±  0.010 %    98.074 ±  0.048 %
  81       9.8387 ±    0.0979       0.00251 ±    0.00025       0.00164 ±    0.00003     1.001 ±  0.010 %    98.070 ±  0.048 %
  82       9.7607 ±    0.0964       0.00247 ±    0.00025       0.00163 ±    0.00003     0.999 ±  0.009 %    98.080 ±  0.047 %
  83       9.7357 ±    0.0955       0.00250 ±    0.00025       0.00163 ±    0.00003     0.997 ±  0.009 %    98.085 ±  0.047 %
  84       9.7125 ±    0.0947       0.00255 ±    0.00025       0.00163 ±    0.00003     0.997 ±  0.009 %    98.078 ±  0.047 %
  85       9.6773 ±    0.0938       0.00253 ±    0.00025       0.00163 ±    0.00003     0.997 ±  0.009 %    98.088 ±  0.046 %
  86       9.6941 ±    0.0934       0.00245 ±    0.00024       0.00163 ±    0.00003     0.997 ±  0.009 %    98.081 ±  0.046 %
  87       9.6519 ±    0.0923       0.00246 ±    0.00024       0.00162 ±    0.00003     0.996 ±  0.009 %    98.085 ±  0.046 %
  88       9.6393 ±    0.0916       0.00246 ±    0.00024       0.00163 ±    0.00003     1.005 ±  0.013 %    98.085 ±  0.046 %
  89       9.6492 ±    0.0912       0.00250 ±    0.00024       0.00162 ±    0.00003     1.004 ±  0.013 %    98.087 ±  0.045 %
  90       9.6668 ±    0.0908       0.00245 ±    0.00024       0.00162 ±    0.00003     1.003 ±  0.013 %    98.089 ±  0.045 %
  91       9.7423 ±    0.0912       0.00237 ±    0.00024       0.00162 ±    0.00003     1.001 ±  0.013 %    98.085 ±  0.045 %
  92       9.8228 ±    0.0916       0.00235 ±    0.00024       0.00163 ±    0.00003     1.000 ±  0.013 %    98.087 ±  0.045 %
  93       9.8690 ±    0.0916       0.00232 ±    0.00023       0.00162 ±    0.00003     0.999 ±  0.013 %    98.088 ±  0.044 %
  94       9.9009 ±    0.0914       0.00231 ±    0.00023       0.00162 ±    0.00003     0.998 ±  0.013 %    98.091 ±  0.044 %
  95       9.9430 ±    0.0913       0.00225 ±    0.00023       0.00162 ±    0.00002     0.999 ±  0.013 %    98.092 ±  0.044 %
  96      10.0116 ±    0.0916       0.00235 ±    0.00023       0.00162 ±    0.00002     0.998 ±  0.013 %    98.080 ±  0.044 %
  97      10.0818 ±    0.0920       0.00231 ±    0.00023       0.00162 ±    0.00002     0.997 ±  0.013 %    98.082 ±  0.044 %
  98      10.0725 ±    0.0914       0.00231 ±    0.00023       0.00162 ±    0.00002     0.996 ±  0.012 %    98.087 ±  0.043 %
  99      10.0855 ±    0.0910       0.00232 ±    0.00023       0.00162 ±    0.00002     0.996 ±  0.012 %    98.079 ±  0.043 %
 100      10.1122 ±    0.0909       0.00238 ±    0.00023       0.00163 ±    0.00002     0.996 ±  0.012 %    98.075 ±  0.043 %
 101      10.0806 ±    0.0900       0.00233 ±    0.00023       0.00162 ±    0.00002     0.996 ±  0.012 %    98.075 ±  0.043 %
 102      10.0889 ±    0.0897       0.00233 ±    0.00022       0.00162 ±    0.00002     0.995 ±  0.012 %    98.075 ±  0.043 %
 103      10.0930 ±    0.0892       0.00235 ±    0.00022       0.00162 ±    0.00002     0.994 ±  0.012 %    98.074 ±  0.042 %
 104      10.1175 ±    0.0890       0.00234 ±    0.00022       0.00162 ±    0.00002     0.992 ±  0.012 %    98.073 ±  0.042 %
 105      10.1149 ±    0.0885       0.00230 ±    0.00022       0.00161 ±    0.00002     0.994 ±  0.012 %    98.077 ±  0.042 %
 106      10.1125 ±    0.0880       0.00232 ±    0.00022       0.00161 ±    0.00002     0.994 ±  0.012 %    98.078 ±  0.042 %
 107      10.1336 ±    0.0878       0.00230 ±    0.00022       0.00161 ±    0.00002     0.993 ±  0.012 %    98.080 ±  0.041 %
 108      10.1336 ±    0.0874       0.00227 ±    0.00022       0.00161 ±    0.00002     0.994 ±  0.012 %    98.073 ±  0.041 %
 109      10.1723 ±    0.0874       0.00235 ±    0.00022       0.00161 ±    0.00002     0.992 ±  0.011 %    98.068 ±  0.041 %
 110      10.2102 ±    0.0875       0.00237 ±    0.00022       0.00161 ±    0.00002     0.992 ±  0.011 %    98.072 ±  0.041 %
 111      10.1879 ±    0.0869       0.00232 ±    0.00021       0.00161 ±    0.00002     0.992 ±  0.011 %    98.074 ±  0.041 %
 112      10.1926 ±    0.0865       0.00228 ±    0.00021       0.00161 ±    0.00002     0.992 ±  0.011 %    98.076 ±  0.041 %
 113      10.1595 ±    0.0859       0.00223 ±    0.00021       0.00162 ±    0.00002     0.993 ±  0.011 %    98.078 ±  0.040 %
 114      10.1992 ±    0.0859       0.00223 ±    0.00021       0.00161 ±    0.00002     0.991 ±  0.011 %    98.080 ±  0.040 %
 115      10.2242 ±    0.0858       0.00223 ±    0.00021       0.00162 ±    0.00002     0.992 ±  0.011 %    98.080 ±  0.040 %
 116      10.2232 ±    0.0854       0.00219 ±    0.00021       0.00161 ±    0.00002     0.990 ±  0.011 %    98.082 ±  0.040 %
 117      10.2494 ±    0.0853       0.00228 ±    0.00021       0.00161 ±    0.00002     0.991 ±  0.011 %    98.080 ±  0.040 %
 118      10.2349 ±    0.0848       0.00228 ±    0.00021       0.00162 ±    0.00002     0.993 ±  0.011 %    98.083 ±  0.039 %
 119      10.2036 ±    0.0842       0.00233 ±    0.00021       0.00162 ±    0.00002     0.994 ±  0.011 %    98.089 ±  0.039 %
 120      10.2242 ±    0.0841       0.00244 ±    0.00022       0.00162 ±    0.00002     0.993 ±  0.011 %    98.089 ±  0.039 %
 121      10.2180 ±    0.0837       0.00241 ±    0.00022       0.00162 ±    0.00002     0.992 ±  0.011 %    98.093 ±  0.039 %
 122      10.1983 ±    0.0832       0.00239 ±    0.00022       0.00161 ±    0.00002     0.991 ±  0.011 %    98.095 ±  0.039 %
 123      10.1769 ±    0.0826       0.00237 ±    0.00022       0.00161 ±    0.00002     0.991 ±  0.011 %    98.101 ±  0.038 %
 124      10.1968 ±    0.0825       0.00237 ±    0.00021       0.00161 ±    0.00002     0.990 ±  0.010 %    98.100 ±  0.038 %
 125      10.2267 ±    0.0825       0.00232 ±    0.00021       0.00161 ±    0.00002     0.989 ±  0.010 %    98.093 ±  0.038 %
 126      10.2031 ±    0.0820       0.00229 ±    0.00021       0.00161 ±    0.00002     0.988 ±  0.010 %    98.096 ±  0.038 %
 127      10.2096 ±    0.0817       0.00228 ±    0.00021       0.00161 ±    0.00002     0.988 ±  0.010 %    98.099 ±  0.038 %
 128      10.1810 ±    0.0811       0.00223 ±    0.00021       0.00161 ±    0.00002     0.988 ±  0.010 %    98.096 ±  0.038 %
 129      10.1657 ±    0.0806       0.00224 ±    0.00021       0.00160 ±    0.00002     0.987 ±  0.010 %    98.094 ±  0.038 %
 130      10.1642 ±    0.0803       0.00226 ±    0.00021       0.00161 ±    0.00002     0.987 ±  0.010 %    98.096 ±  0.037 %
 131      10.1684 ±    0.0801       0.00226 ±    0.00021       0.00161 ±    0.00002     0.988 ±  0.010 %    98.098 ±  0.037 %
 132      10.1627 ±    0.0797       0.00224 ±    0.00021       0.00161 ±    0.00002     0.987 ±  0.010 %    98.101 ±  0.037 %
 133      10.1857 ±    0.0797       0.00219 ±    0.00021       0.00161 ±    0.00002     0.988 ±  0.010 %    98.096 ±  0.037 %
 134      10.2056 ±    0.0796       0.00216 ±    0.00021       0.00161 ±    0.00002     0.988 ±  0.010 %    98.100 ±  0.037 %
 135      10.1864 ±    0.0791       0.00218 ±    0.00020       0.00161 ±    0.00002     0.987 ±  0.010 %    98.099 ±  0.037 %
 136      10.1481 ±    0.0784       0.00216 ±    0.00020       0.00161 ±    0.00002     0.988 ±  0.010 %    98.104 ±  0.037 %
 137      10.0921 ±    0.0776       0.00220 ±    0.00020       0.00162 ±    0.00002     0.993 ±  0.010 %    98.100 ±  0.036 %
 138      10.1190 ±    0.0776       0.00219 ±    0.00020       0.00163 ±    0.00002     0.993 ±  0.010 %    98.097 ±  0.036 %
 139      10.1386 ±    0.0775       0.00220 ±    0.00020       0.00162 ±    0.00002     0.993 ±  0.010 %    98.095 ±  0.036 %
 140      10.2069 ±    0.0779       0.00242 ±    0.00020       0.00164 ±    0.00002     0.996 ±  0.010 %    98.091 ±  0.036 %
 141      10.2032 ±    0.0776       0.00241 ±    0.00020       0.00163 ±    0.00002     0.994 ±  0.010 %    98.100 ±  0.036 %
 142      10.2022 ±    0.0773       0.00242 ±    0.00020       0.00163 ±    0.00002     0.993 ±  0.010 %    98.102 ±  0.036 %
 143      10.2004 ±    0.0770       0.00244 ±    0.00020       0.00163 ±    0.00002     0.992 ±  0.010 %    98.106 ±  0.036 %
 144      10.2275 ±    0.0770       0.00247 ±    0.00020       0.00163 ±    0.00002     0.992 ±  0.010 %    98.105 ±  0.036 %
 145      10.2185 ±    0.0767       0.00245 ±    0.00020       0.00164 ±    0.00002     0.994 ±  0.010 %    98.105 ±  0.035 %

====== Perplexity statistics ======
Mean PPL(Q)                   :  10.218550 ±   0.076666
Mean PPL(base)                :  10.193553 ±   0.076375
Cor(ln(PPL(Q)), ln(PPL(base))):  99.97%
Mean ln(PPL(Q)/PPL(base))     :   0.002449 ±   0.000196
Mean PPL(Q)/PPL(base)         :   1.002452 ±   0.000196
Mean PPL(Q)-PPL(base)         :   0.024997 ±   0.002018

====== KL divergence statistics ======
Mean    KLD:   0.001639 ±   0.000020
Maximum KLD:   1.503287
99.9%   KLD:   0.048225
99.0%   KLD:   0.011131
95.0%   KLD:   0.004772
90.0%   KLD:   0.003293
Median  KLD:   0.000899
10.0%   KLD:   0.000049
 5.0%   KLD:   0.000012
 1.0%   KLD:  -0.000013
 0.1%   KLD:  -0.000096
Minimum KLD:  -0.000417

====== Token probability statistics ======
Mean    Δp: -0.028 ± 0.003 %
Maximum Δp: 23.151%
99.9%   Δp:  5.751%
99.0%   Δp:  2.897%
95.0%   Δp:  1.385%
90.0%   Δp:  0.801%
75.0%   Δp:  0.162%
Median  Δp: -0.000%
25.0%   Δp: -0.201%
10.0%   Δp: -0.890%
 5.0%   Δp: -1.493%
 1.0%   Δp: -3.098%
 0.1%   Δp: -6.394%
Minimum Δp: -42.055%
RMS Δp    :  0.994 ± 0.010 %
Same top p: 98.105 ± 0.035 %

------------------------------
llama-perplexity --kl-divergence-base /tmp/logits.dat --ctx-size 2048 -f sample-data/wiki.test.raw -hf prism-ml/Ternary-Bonsai-27B-gguf:Q2_g64 -fa on -ngl 99 -ctk q5_0 -ctv iq4_nl --kl-divergence
0.01.026.041 W common_fit_params: failed to fit params to free device memory: n_gpu_layers already set by user to 99, abort
0.03.282.984 I 
0.03.283.049 I system_info: n_threads = 16 (n_threads_batch = 16) / 32 | CUDA : ARCHS = 500,610,700,750,800,860,890,900 | USE_GRAPHS = 1 | FA_ALL_QUANTS = 1 | CPU : SSE3 = 1 | SSSE3 = 1 | AVX = 1 | AVX2 = 1 | F16C = 1 | FMA = 1 | BMI2 = 1 | LLAMAFILE = 1 | OPENMP = 1 | REPACK = 1 | 
0.03.522.619 I kl_divergence: computing over 145 chunks, n_ctx=2048, batch_size=2048, n_seq=1
0.22.419.392 I kl_divergence: 18.90 seconds per pass - ETA 45.67 minutes
--- ABORTED (ETA 45.67m > 4.0x baseline 6.07m) ---
llama-perplexity --kl-divergence-base /tmp/logits.dat --ctx-size 2048 -f sample-data/wiki.test.raw -hf prism-ml/Ternary-Bonsai-27B-gguf:Q2_g64 -fa on -ngl 99 -ctk q4_1 -ctv q4_1 --kl-divergence
0.01.189.973 W common_fit_params: failed to fit params to free device memory: n_gpu_layers already set by user to 99, abort
0.03.413.521 I 
0.03.413.600 I system_info: n_threads = 16 (n_threads_batch = 16) / 32 | CUDA : ARCHS = 500,610,700,750,800,860,890,900 | USE_GRAPHS = 1 | FA_ALL_QUANTS = 1 | CPU : SSE3 = 1 | SSSE3 = 1 | AVX = 1 | AVX2 = 1 | F16C = 1 | FMA = 1 | BMI2 = 1 | LLAMAFILE = 1 | OPENMP = 1 | REPACK = 1 | 
0.03.643.341 I kl_divergence: computing over 145 chunks, n_ctx=2048, batch_size=2048, n_seq=1
0.06.193.480 I kl_divergence: 2.55 seconds per pass - ETA 6.15 minutes

chunk             PPL               ln(PPL(Q)/PPL(base))          KL Divergence              Δp RMS            Same top p
   1      10.0139 ±    0.9302       0.00676 ±    0.00241       0.00198 ±    0.00020     1.003 ±  0.051 %    97.752 ±  0.464 %
   2      10.8748 ±    0.6980       0.00479 ±    0.00152       0.00171 ±    0.00011     0.977 ±  0.036 %    97.849 ±  0.321 %
   3      10.8831 ±    0.5640       0.00169 ±    0.00118       0.00157 ±    0.00007     0.927 ±  0.028 %    98.012 ±  0.252 %
   4      11.2477 ±    0.5195       0.00068 ±    0.00102       0.00168 ±    0.00006     0.970 ±  0.028 %    97.996 ±  0.219 %
   5      11.5053 ±    0.4825       0.00184 ±    0.00093       0.00175 ±    0.00006     1.021 ±  0.037 %    98.025 ±  0.195 %
   6       9.8945 ±    0.3680       0.00141 ±    0.00088       0.00188 ±    0.00007     1.089 ±  0.034 %    98.061 ±  0.176 %
   7       9.0900 ±    0.3091       0.00129 ±    0.00088       0.00224 ±    0.00009     1.269 ±  0.066 %    98.003 ±  0.165 %
   8       8.8826 ±    0.2793       0.00109 ±    0.00082       0.00223 ±    0.00008     1.257 ±  0.059 %    97.984 ±  0.155 %
   9       9.4509 ±    0.2824       0.00178 ±    0.00078       0.00225 ±    0.00008     1.247 ±  0.055 %    97.882 ±  0.150 %
  10       9.4999 ±    0.2705       0.00213 ±    0.00080       0.00221 ±    0.00007     1.239 ±  0.050 %    97.820 ±  0.144 %
  11       9.6285 ±    0.2615       0.00241 ±    0.00081       0.00231 ±    0.00014     1.259 ±  0.055 %    97.832 ±  0.137 %
  12       9.9599 ±    0.2605       0.00253 ±    0.00082       0.00229 ±    0.00013     1.248 ±  0.052 %    97.849 ±  0.131 %
  13       9.9573 ±    0.2497       0.00229 ±    0.00078       0.00227 ±    0.00012     1.243 ±  0.048 %    97.842 ±  0.126 %
  14       9.9535 ±    0.2396       0.00246 ±    0.00074       0.00227 ±    0.00011     1.244 ±  0.045 %    97.808 ±  0.122 %
  15       9.9074 ±    0.2298       0.00248 ±    0.00071       0.00225 ±    0.00011     1.237 ±  0.043 %    97.823 ±  0.118 %
  16      10.1675 ±    0.2290       0.00250 ±    0.00068       0.00225 ±    0.00010     1.231 ±  0.041 %    97.819 ±  0.114 %
  17      10.2400 ±    0.2238       0.00255 ±    0.00066       0.00225 ±    0.00010     1.249 ±  0.041 %    97.769 ±  0.112 %
  18      10.3129 ±    0.2188       0.00239 ±    0.00063       0.00222 ±    0.00009     1.238 ±  0.039 %    97.768 ±  0.109 %
  19      10.3158 ±    0.2149       0.00149 ±    0.00067       0.00240 ±    0.00009     1.276 ±  0.037 %    97.711 ±  0.107 %
  20      10.0627 ±    0.2035       0.00109 ±    0.00065       0.00240 ±    0.00009     1.275 ±  0.036 %    97.722 ±  0.104 %
  21      10.0677 ±    0.1983       0.00122 ±    0.00063       0.00237 ±    0.00008     1.264 ±  0.034 %    97.752 ±  0.101 %
  22      10.1224 ±    0.1953       0.00144 ±    0.00061       0.00236 ±    0.00008     1.264 ±  0.033 %    97.774 ±  0.098 %
  23      10.1256 ±    0.1906       0.00156 ±    0.00059       0.00232 ±    0.00008     1.253 ±  0.032 %    97.803 ±  0.096 %
  24      10.1950 ±    0.1881       0.00142 ±    0.00058       0.00240 ±    0.00008     1.266 ±  0.032 %    97.813 ±  0.093 %
  25      10.2339 ±    0.1852       0.00124 ±    0.00056       0.00237 ±    0.00008     1.257 ±  0.031 %    97.830 ±  0.091 %
  26      10.1907 ±    0.1805       0.00124 ±    0.00055       0.00234 ±    0.00007     1.249 ±  0.030 %    97.865 ±  0.089 %
  27      10.4992 ±    0.1840       0.00152 ±    0.00054       0.00235 ±    0.00007     1.241 ±  0.029 %    97.857 ±  0.087 %
  28      10.5523 ±    0.1817       0.00160 ±    0.00052       0.00232 ±    0.00007     1.236 ±  0.028 %    97.870 ±  0.085 %
  29      10.4915 ±    0.1771       0.00147 ±    0.00051       0.00229 ±    0.00007     1.225 ±  0.028 %    97.870 ±  0.084 %
  30      10.4118 ±    0.1724       0.00146 ±    0.00050       0.00227 ±    0.00006     1.219 ±  0.027 %    97.872 ±  0.082 %
  31      10.2767 ±    0.1671       0.00164 ±    0.00049       0.00226 ±    0.00006     1.214 ±  0.027 %    97.872 ±  0.081 %
  32      10.1269 ±    0.1618       0.00174 ±    0.00048       0.00225 ±    0.00006     1.216 ±  0.026 %    97.871 ±  0.080 %
  33      10.0953 ±    0.1590       0.00178 ±    0.00047       0.00226 ±    0.00006     1.226 ±  0.027 %    97.849 ±  0.079 %
  34      10.0256 ±    0.1551       0.00186 ±    0.00046       0.00224 ±    0.00006     1.219 ±  0.026 %    97.864 ±  0.078 %
  35      10.0222 ±    0.1529       0.00185 ±    0.00045       0.00222 ±    0.00006     1.214 ±  0.026 %    97.858 ±  0.077 %
  36      10.0177 ±    0.1507       0.00187 ±    0.00045       0.00222 ±    0.00005     1.210 ±  0.025 %    97.844 ±  0.076 %
  37       9.8471 ±    0.1456       0.00186 ±    0.00044       0.00221 ±    0.00005     1.211 ±  0.025 %    97.844 ±  0.075 %
  38       9.7473 ±    0.1418       0.00185 ±    0.00043       0.00220 ±    0.00005     1.210 ±  0.024 %    97.875 ±  0.073 %
  39       9.6133 ±    0.1375       0.00190 ±    0.00042       0.00219 ±    0.00005     1.212 ±  0.024 %    97.897 ±  0.072 %
  40       9.4436 ±    0.1328       0.00191 ±    0.00042       0.00218 ±    0.00005     1.212 ±  0.023 %    97.925 ±  0.070 %
  41       9.3585 ±    0.1297       0.00184 ±    0.00041       0.00217 ±    0.00005     1.215 ±  0.023 %    97.919 ±  0.070 %
  42       9.4228 ±    0.1293       0.00200 ±    0.00041       0.00217 ±    0.00005     1.213 ±  0.022 %    97.901 ±  0.069 %
  43       9.6273 ±    0.1313       0.00201 ±    0.00041       0.00217 ±    0.00005     1.208 ±  0.022 %    97.893 ±  0.068 %
  44       9.7807 ±    0.1324       0.00200 ±    0.00041       0.00217 ±    0.00005     1.203 ±  0.022 %    97.878 ±  0.068 %
  45       9.8323 ±    0.1317       0.00197 ±    0.00040       0.00216 ±    0.00004     1.199 ±  0.021 %    97.884 ±  0.067 %
  46       9.9102 ±    0.1314       0.00202 ±    0.00040       0.00216 ±    0.00004     1.195 ±  0.021 %    97.875 ±  0.066 %
  47       9.9464 ±    0.1305       0.00203 ±    0.00039       0.00215 ±    0.00004     1.190 ±  0.020 %    97.872 ±  0.066 %
  48       9.9435 ±    0.1289       0.00198 ±    0.00039       0.00216 ±    0.00004     1.207 ±  0.024 %    97.862 ±  0.065 %
  49       9.9881 ±    0.1282       0.00187 ±    0.00038       0.00217 ±    0.00004     1.204 ±  0.024 %    97.869 ±  0.064 %
  50       9.9275 ±    0.1260       0.00189 ±    0.00038       0.00217 ±    0.00004     1.203 ±  0.023 %    97.875 ±  0.064 %
  51       9.9521 ±    0.1250       0.00187 ±    0.00037       0.00216 ±    0.00004     1.198 ±  0.023 %    97.876 ±  0.063 %
  52       9.8581 ±    0.1225       0.00177 ±    0.00037       0.00215 ±    0.00004     1.196 ±  0.022 %    97.885 ±  0.062 %
  53       9.8849 ±    0.1219       0.00272 ±    0.00037       0.00225 ±    0.00004     1.236 ±  0.022 %    97.853 ±  0.062 %
  54       9.8416 ±    0.1202       0.00271 ±    0.00037       0.00224 ±    0.00004     1.234 ±  0.022 %    97.864 ±  0.062 %
  55       9.7530 ±    0.1177       0.00268 ±    0.00036       0.00223 ±    0.00004     1.231 ±  0.022 %    97.883 ±  0.061 %
  56       9.7336 ±    0.1165       0.00283 ±    0.00036       0.00223 ±    0.00004     1.231 ±  0.021 %    97.870 ±  0.060 %
  57       9.6218 ±    0.1138       0.00282 ±    0.00036       0.00223 ±    0.00004     1.233 ±  0.021 %    97.870 ±  0.060 %
  58       9.5754 ±    0.1121       0.00285 ±    0.00036       0.00222 ±    0.00004     1.230 ±  0.021 %    97.873 ±  0.059 %
  59       9.5394 ±    0.1106       0.00280 ±    0.00035       0.00221 ±    0.00004     1.227 ±  0.021 %    97.876 ±  0.059 %
  60       9.4859 ±    0.1090       0.00278 ±    0.00035       0.00220 ±    0.00004     1.224 ±  0.020 %    97.882 ±  0.058 %
  61       9.5442 ±    0.1090       0.00271 ±    0.00034       0.00222 ±    0.00004     1.223 ±  0.020 %    97.865 ±  0.058 %
  62       9.5635 ±    0.1083       0.00270 ±    0.00034       0.00221 ±    0.00004     1.220 ±  0.020 %    97.864 ±  0.057 %
  63       9.5956 ±    0.1078       0.00270 ±    0.00034       0.00220 ±    0.00004     1.216 ±  0.020 %    97.867 ±  0.057 %
  64       9.6765 ±    0.1081       0.00275 ±    0.00033       0.00220 ±    0.00004     1.212 ±  0.019 %    97.860 ±  0.057 %
  65       9.6116 ±    0.1064       0.00275 ±    0.00033       0.00219 ±    0.00004     1.212 ±  0.019 %    97.871 ±  0.056 %
  66       9.6354 ±    0.1059       0.00269 ±    0.00033       0.00219 ±    0.00004     1.209 ±  0.019 %    97.870 ±  0.056 %
  67       9.6346 ±    0.1051       0.00262 ±    0.00032       0.00219 ±    0.00004     1.209 ±  0.019 %    97.868 ±  0.055 %
  68       9.6129 ±    0.1040       0.00265 ±    0.00032       0.00219 ±    0.00004     1.208 ±  0.019 %    97.855 ±  0.055 %
  69       9.5889 ±    0.1029       0.00270 ±    0.00032       0.00218 ±    0.00004     1.205 ±  0.018 %    97.871 ±  0.054 %
  70       9.5742 ±    0.1020       0.00268 ±    0.00032       0.00218 ±    0.00003     1.205 ±  0.018 %    97.883 ±  0.054 %
  71       9.5657 ±    0.1012       0.00263 ±    0.00032       0.00220 ±    0.00004     1.213 ±  0.019 %    97.874 ±  0.054 %
  72       9.6684 ±    0.1019       0.00237 ±    0.00032       0.00229 ±    0.00004     1.235 ±  0.020 %    97.837 ±  0.054 %
  73       9.7200 ±    0.1019       0.00233 ±    0.00032       0.00230 ±    0.00004     1.239 ±  0.020 %    97.843 ±  0.053 %
  74       9.7710 ±    0.1018       0.00231 ±    0.00031       0.00231 ±    0.00004     1.238 ±  0.019 %    97.828 ±  0.053 %
  75       9.7404 ±    0.1007       0.00234 ±    0.00031       0.00230 ±    0.00004     1.235 ±  0.019 %    97.834 ±  0.053 %
  76       9.7627 ±    0.1003       0.00226 ±    0.00031       0.00235 ±    0.00006     1.239 ±  0.020 %    97.830 ±  0.052 %
  77       9.7605 ±    0.0996       0.00223 ±    0.00031       0.00237 ±    0.00006     1.247 ±  0.021 %    97.829 ±  0.052 %
  78       9.7301 ±    0.0985       0.00219 ±    0.00030       0.00237 ±    0.00006     1.246 ±  0.021 %    97.841 ±  0.051 %
  79       9.7861 ±    0.0986       0.00215 ±    0.00030       0.00237 ±    0.00006     1.246 ±  0.020 %    97.836 ±  0.051 %
  80       9.7984 ±    0.0981       0.00206 ±    0.00030       0.00236 ±    0.00006     1.244 ±  0.020 %    97.847 ±  0.051 %
  81       9.8342 ±    0.0978       0.00204 ±    0.00030       0.00235 ±    0.00006     1.241 ±  0.020 %    97.842 ±  0.050 %
  82       9.7560 ±    0.0963       0.00200 ±    0.00029       0.00234 ±    0.00006     1.239 ±  0.020 %    97.847 ±  0.050 %
  83       9.7307 ±    0.0954       0.00199 ±    0.00029       0.00234 ±    0.00006     1.237 ±  0.020 %    97.842 ±  0.050 %
  84       9.7074 ±    0.0946       0.00201 ±    0.00029       0.00235 ±    0.00006     1.245 ±  0.020 %    97.834 ±  0.050 %
  85       9.6722 ±    0.0937       0.00201 ±    0.00029       0.00234 ±    0.00006     1.243 ±  0.020 %    97.845 ±  0.049 %
  86       9.6902 ±    0.0933       0.00205 ±    0.00029       0.00234 ±    0.00006     1.241 ±  0.020 %    97.848 ±  0.049 %
  87       9.6481 ±    0.0923       0.00207 ±    0.00028       0.00234 ±    0.00006     1.240 ±  0.020 %    97.855 ±  0.049 %
  88       9.6356 ±    0.0916       0.00207 ±    0.00028       0.00233 ±    0.00006     1.240 ±  0.020 %    97.858 ±  0.048 %
  89       9.6455 ±    0.0912       0.00212 ±    0.00028       0.00232 ±    0.00005     1.238 ±  0.020 %    97.855 ±  0.048 %
  90       9.6631 ±    0.0908       0.00206 ±    0.00028       0.00232 ±    0.00005     1.235 ±  0.019 %    97.851 ±  0.048 %
  91       9.7392 ±    0.0911       0.00205 ±    0.00028       0.00232 ±    0.00005     1.233 ±  0.019 %    97.834 ±  0.048 %
  92       9.8199 ±    0.0916       0.00205 ±    0.00028       0.00232 ±    0.00005     1.230 ±  0.019 %    97.836 ±  0.047 %
  93       9.8660 ±    0.0916       0.00202 ±    0.00027       0.00232 ±    0.00005     1.227 ±  0.019 %    97.838 ±  0.047 %
  94       9.8977 ±    0.0914       0.00199 ±    0.00027       0.00232 ±    0.00005     1.224 ±  0.019 %    97.838 ±  0.047 %
  95       9.9403 ±    0.0913       0.00198 ±    0.00027       0.00231 ±    0.00005     1.222 ±  0.019 %    97.832 ±  0.047 %
  96      10.0088 ±    0.0916       0.00207 ±    0.00027       0.00231 ±    0.00005     1.221 ±  0.018 %    97.825 ±  0.047 %
  97      10.0795 ±    0.0920       0.00208 ±    0.00027       0.00231 ±    0.00005     1.219 ±  0.018 %    97.829 ±  0.046 %
  98      10.0702 ±    0.0914       0.00208 ±    0.00027       0.00231 ±    0.00005     1.218 ±  0.018 %    97.834 ±  0.046 %
  99      10.0833 ±    0.0910       0.00210 ±    0.00027       0.00230 ±    0.00005     1.216 ±  0.018 %    97.826 ±  0.046 %
 100      10.1097 ±    0.0908       0.00214 ±    0.00027       0.00231 ±    0.00005     1.216 ±  0.018 %    97.823 ±  0.046 %
 101      10.0784 ±    0.0900       0.00212 ±    0.00026       0.00231 ±    0.00005     1.214 ±  0.018 %    97.826 ±  0.045 %
 102      10.0865 ±    0.0896       0.00210 ±    0.00026       0.00230 ±    0.00005     1.212 ±  0.018 %    97.834 ±  0.045 %
 103      10.0905 ±    0.0892       0.00210 ±    0.00026       0.00229 ±    0.00005     1.209 ±  0.017 %    97.837 ±  0.045 %
 104      10.1151 ±    0.0889       0.00210 ±    0.00026       0.00229 ±    0.00005     1.207 ±  0.017 %    97.828 ±  0.045 %
 105      10.1129 ±    0.0884       0.00211 ±    0.00026       0.00228 ±    0.00005     1.206 ±  0.017 %    97.829 ±  0.044 %
 106      10.1109 ±    0.0880       0.00216 ±    0.00026       0.00227 ±    0.00005     1.205 ±  0.017 %    97.828 ±  0.044 %
 107      10.1319 ±    0.0878       0.00213 ±    0.00026       0.00227 ±    0.00005     1.204 ±  0.017 %    97.838 ±  0.044 %
 108      10.1327 ±    0.0874       0.00218 ±    0.00025       0.00227 ±    0.00005     1.203 ±  0.017 %    97.837 ±  0.044 %
 109      10.1708 ±    0.0874       0.00219 ±    0.00025       0.00227 ±    0.00005     1.201 ±  0.017 %    97.832 ±  0.044 %
 110      10.2083 ±    0.0875       0.00218 ±    0.00025       0.00228 ±    0.00005     1.200 ±  0.016 %    97.827 ±  0.043 %
 111      10.1860 ±    0.0868       0.00213 ±    0.00025       0.00228 ±    0.00005     1.201 ±  0.016 %    97.828 ±  0.043 %
 112      10.1908 ±    0.0865       0.00211 ±    0.00025       0.00228 ±    0.00004     1.200 ±  0.016 %    97.830 ±  0.043 %
 113      10.1582 ±    0.0859       0.00210 ±    0.00025       0.00228 ±    0.00004     1.204 ±  0.016 %    97.834 ±  0.043 %
 114      10.1979 ±    0.0859       0.00210 ±    0.00025       0.00227 ±    0.00004     1.202 ±  0.016 %    97.840 ±  0.043 %
 115      10.2237 ±    0.0858       0.00218 ±    0.00025       0.00228 ±    0.00004     1.201 ±  0.016 %    97.836 ±  0.042 %
 116      10.2229 ±    0.0854       0.00216 ±    0.00024       0.00227 ±    0.00004     1.200 ±  0.016 %    97.840 ±  0.042 %
 117      10.2484 ±    0.0853       0.00218 ±    0.00024       0.00227 ±    0.00004     1.199 ±  0.016 %    97.838 ±  0.042 %
 118      10.2338 ±    0.0848       0.00217 ±    0.00024       0.00228 ±    0.00004     1.202 ±  0.016 %    97.840 ±  0.042 %
 119      10.2021 ±    0.0842       0.00219 ±    0.00025       0.00228 ±    0.00004     1.202 ±  0.016 %    97.839 ±  0.042 %
 120      10.2229 ±    0.0840       0.00232 ±    0.00025       0.00228 ±    0.00004     1.201 ±  0.016 %    97.838 ±  0.042 %
 121      10.2169 ±    0.0837       0.00231 ±    0.00025       0.00227 ±    0.00004     1.199 ±  0.015 %    97.844 ±  0.041 %
 122      10.1975 ±    0.0832       0.00232 ±    0.00025       0.00227 ±    0.00004     1.199 ±  0.015 %    97.846 ±  0.041 %
 123      10.1762 ±    0.0826       0.00231 ±    0.00025       0.00226 ±    0.00004     1.198 ±  0.015 %    97.851 ±  0.041 %
 124      10.1964 ±    0.0825       0.00233 ±    0.00025       0.00227 ±    0.00004     1.200 ±  0.015 %    97.857 ±  0.041 %
 125      10.2270 ±    0.0825       0.00236 ±    0.00025       0.00227 ±    0.00004     1.198 ±  0.015 %    97.858 ±  0.040 %
 126      10.2039 ±    0.0820       0.00237 ±    0.00025       0.00226 ±    0.00004     1.197 ±  0.015 %    97.860 ±  0.040 %
 127      10.2108 ±    0.0817       0.00239 ±    0.00024       0.00226 ±    0.00004     1.196 ±  0.015 %    97.859 ±  0.040 %
 128      10.1829 ±    0.0811       0.00241 ±    0.00024       0.00226 ±    0.00004     1.196 ±  0.015 %    97.853 ±  0.040 %
 129      10.1674 ±    0.0806       0.00242 ±    0.00024       0.00225 ±    0.00004     1.195 ±  0.015 %    97.856 ±  0.040 %
 130      10.1656 ±    0.0804       0.00239 ±    0.00024       0.00226 ±    0.00004     1.196 ±  0.015 %    97.855 ±  0.040 %
 131      10.1693 ±    0.0801       0.00235 ±    0.00024       0.00226 ±    0.00004     1.196 ±  0.015 %    97.858 ±  0.040 %
 132      10.1640 ±    0.0797       0.00237 ±    0.00024       0.00226 ±    0.00004     1.194 ±  0.014 %    97.858 ±  0.039 %
 133      10.1875 ±    0.0797       0.00236 ±    0.00024       0.00227 ±    0.00004     1.195 ±  0.014 %    97.858 ±  0.039 %
 134      10.2080 ±    0.0796       0.00240 ±    0.00024       0.00227 ±    0.00004     1.194 ±  0.014 %    97.859 ±  0.039 %
 135      10.1885 ±    0.0791       0.00239 ±    0.00024       0.00226 ±    0.00004     1.194 ±  0.014 %    97.859 ±  0.039 %
 136      10.1499 ±    0.0784       0.00235 ±    0.00023       0.00226 ±    0.00004     1.194 ±  0.014 %    97.860 ±  0.039 %
 137      10.0934 ±    0.0777       0.00233 ±    0.00023       0.00228 ±    0.00004     1.200 ±  0.014 %    97.862 ±  0.039 %
 138      10.1201 ±    0.0777       0.00230 ±    0.00023       0.00228 ±    0.00004     1.199 ±  0.014 %    97.861 ±  0.039 %
 139      10.1395 ±    0.0775       0.00228 ±    0.00023       0.00228 ±    0.00004     1.199 ±  0.014 %    97.859 ±  0.038 %
 140      10.2070 ±    0.0779       0.00243 ±    0.00023       0.00229 ±    0.00004     1.203 ±  0.014 %    97.852 ±  0.038 %
 141      10.2036 ±    0.0776       0.00245 ±    0.00023       0.00229 ±    0.00004     1.202 ±  0.014 %    97.852 ±  0.038 %
 142      10.2023 ±    0.0773       0.00243 ±    0.00023       0.00228 ±    0.00004     1.200 ±  0.014 %    97.858 ±  0.038 %
 143      10.2003 ±    0.0770       0.00243 ±    0.00023       0.00228 ±    0.00004     1.199 ±  0.014 %    97.862 ±  0.038 %
 144      10.2272 ±    0.0770       0.00244 ±    0.00023       0.00228 ±    0.00004     1.199 ±  0.014 %    97.856 ±  0.038 %
 145      10.2184 ±    0.0767       0.00244 ±    0.00023       0.00229 ±    0.00004     1.201 ±  0.014 %    97.857 ±  0.038 %

====== Perplexity statistics ======
Mean PPL(Q)                   :  10.218435 ±   0.076672
Mean PPL(base)                :  10.193553 ±   0.076375
Cor(ln(PPL(Q)), ln(PPL(base))):  99.95%
Mean ln(PPL(Q)/PPL(base))     :   0.002438 ±   0.000226
Mean PPL(Q)/PPL(base)         :   1.002441 ±   0.000227
Mean PPL(Q)-PPL(base)         :   0.024882 ±   0.002324

====== KL divergence statistics ======
Mean    KLD:   0.002290 ±   0.000037
Maximum KLD:   3.835704
99.9%   KLD:   0.089351
99.0%   KLD:   0.016650
95.0%   KLD:   0.006783
90.0%   KLD:   0.004529
Median  KLD:   0.001124
10.0%   KLD:   0.000058
 5.0%   KLD:   0.000015
 1.0%   KLD:  -0.000012
 0.1%   KLD:  -0.000095
Minimum KLD:  -0.000558

====== Token probability statistics ======
Mean    Δp: -0.025 ± 0.003 %
Maximum Δp: 39.685%
99.9%   Δp:  7.346%
99.0%   Δp:  3.426%
95.0%   Δp:  1.598%
90.0%   Δp:  0.919%
75.0%   Δp:  0.186%
Median  Δp: -0.000%
25.0%   Δp: -0.224%
10.0%   Δp: -0.990%
 5.0%   Δp: -1.690%
 1.0%   Δp: -3.636%
 0.1%   Δp: -7.865%
Minimum Δp: -38.612%
RMS Δp    :  1.201 ± 0.014 %
Same top p: 97.857 ± 0.038 %

------------------------------
llama-perplexity --kl-divergence-base /tmp/logits.dat --ctx-size 2048 -f sample-data/wiki.test.raw -hf prism-ml/Ternary-Bonsai-27B-gguf:Q2_g64 -fa on -ngl 99 -ctk q4_1 -ctv q4_0 --kl-divergence
0.01.262.519 W common_fit_params: failed to fit params to free device memory: n_gpu_layers already set by user to 99, abort
0.03.471.427 I 
0.03.471.510 I system_info: n_threads = 16 (n_threads_batch = 16) / 32 | CUDA : ARCHS = 500,610,700,750,800,860,890,900 | USE_GRAPHS = 1 | FA_ALL_QUANTS = 1 | CPU : SSE3 = 1 | SSSE3 = 1 | AVX = 1 | AVX2 = 1 | F16C = 1 | FMA = 1 | BMI2 = 1 | LLAMAFILE = 1 | OPENMP = 1 | REPACK = 1 | 
0.03.696.376 I kl_divergence: computing over 145 chunks, n_ctx=2048, batch_size=2048, n_seq=1
0.06.252.466 I kl_divergence: 2.56 seconds per pass - ETA 6.17 minutes

chunk             PPL               ln(PPL(Q)/PPL(base))          KL Divergence              Δp RMS            Same top p
   1       9.9776 ±    0.9247       0.00312 ±    0.00247       0.00196 ±    0.00012     1.125 ±  0.061 %    97.947 ±  0.444 %
   2      10.8554 ±    0.6965       0.00301 ±    0.00155       0.00173 ±    0.00007     1.087 ±  0.044 %    98.045 ±  0.306 %
   3      10.8765 ±    0.5635       0.00108 ±    0.00123       0.00164 ±    0.00005     1.033 ±  0.033 %    98.110 ±  0.246 %
   4      11.2532 ±    0.5196       0.00118 ±    0.00107       0.00184 ±    0.00007     1.055 ±  0.030 %    98.069 ±  0.215 %
   5      11.5026 ±    0.4822       0.00161 ±    0.00098       0.00190 ±    0.00006     1.092 ±  0.033 %    98.045 ±  0.194 %
   6       9.8980 ±    0.3680       0.00176 ±    0.00089       0.00198 ±    0.00006     1.162 ±  0.037 %    98.126 ±  0.173 %
   7       9.1018 ±    0.3095       0.00258 ±    0.00091       0.00236 ±    0.00010     1.365 ±  0.051 %    98.073 ±  0.162 %
   8       8.8939 ±    0.2796       0.00237 ±    0.00085       0.00235 ±    0.00009     1.348 ±  0.046 %    98.021 ±  0.154 %
   9       9.4554 ±    0.2825       0.00226 ±    0.00083       0.00241 ±    0.00008     1.337 ±  0.042 %    97.925 ±  0.149 %
  10       9.5069 ±    0.2707       0.00286 ±    0.00084       0.00236 ±    0.00007     1.321 ±  0.039 %    97.849 ±  0.143 %
  11       9.6259 ±    0.2614       0.00214 ±    0.00079       0.00232 ±    0.00007     1.300 ±  0.036 %    97.849 ±  0.137 %
  12       9.9547 ±    0.2603       0.00201 ±    0.00080       0.00230 ±    0.00006     1.286 ±  0.034 %    97.841 ±  0.131 %
  13       9.9504 ±    0.2494       0.00160 ±    0.00076       0.00228 ±    0.00006     1.276 ±  0.032 %    97.819 ±  0.127 %
  14       9.9477 ±    0.2394       0.00188 ±    0.00073       0.00228 ±    0.00005     1.271 ±  0.030 %    97.752 ±  0.124 %
  15       9.9027 ±    0.2295       0.00200 ±    0.00070       0.00228 ±    0.00005     1.266 ±  0.029 %    97.752 ±  0.120 %
  16      10.1632 ±    0.2288       0.00207 ±    0.00067       0.00228 ±    0.00005     1.254 ±  0.027 %    97.727 ±  0.116 %
  17      10.2330 ±    0.2235       0.00186 ±    0.00065       0.00227 ±    0.00004     1.250 ±  0.026 %    97.746 ±  0.113 %
  18      10.3070 ±    0.2186       0.00181 ±    0.00062       0.00225 ±    0.00004     1.239 ±  0.025 %    97.757 ±  0.109 %
  19      10.3382 ±    0.2155       0.00366 ±    0.00068       0.00246 ±    0.00006     1.267 ±  0.024 %    97.721 ±  0.107 %
  20      10.0818 ±    0.2040       0.00298 ±    0.00065       0.00256 ±    0.00011     1.307 ±  0.044 %    97.732 ±  0.104 %
  21      10.0872 ±    0.1988       0.00316 ±    0.00063       0.00253 ±    0.00010     1.294 ±  0.043 %    97.733 ±  0.102 %
  22      10.1436 ±    0.1959       0.00354 ±    0.00062       0.00253 ±    0.00010     1.291 ±  0.042 %    97.747 ±  0.099 %
  23      10.1448 ±    0.1911       0.00346 ±    0.00060       0.00249 ±    0.00010     1.280 ±  0.040 %    97.769 ±  0.096 %
  24      10.2160 ±    0.1887       0.00347 ±    0.00059       0.00252 ±    0.00009     1.294 ±  0.040 %    97.748 ±  0.095 %
  25      10.2556 ±    0.1857       0.00336 ±    0.00057       0.00249 ±    0.00009     1.281 ±  0.039 %    97.771 ±  0.092 %
  26      10.2131 ±    0.1811       0.00344 ±    0.00055       0.00246 ±    0.00009     1.273 ±  0.038 %    97.789 ±  0.090 %
  27      10.5226 ±    0.1846       0.00375 ±    0.00055       0.00250 ±    0.00009     1.266 ±  0.036 %    97.763 ±  0.089 %
  28      10.5750 ±    0.1822       0.00375 ±    0.00053       0.00248 ±    0.00009     1.256 ±  0.035 %    97.783 ±  0.087 %
  29      10.5137 ±    0.1776       0.00358 ±    0.00052       0.00244 ±    0.00008     1.245 ±  0.035 %    97.796 ±  0.085 %
  30      10.4353 ±    0.1729       0.00372 ±    0.00051       0.00242 ±    0.00008     1.239 ±  0.034 %    97.791 ±  0.084 %
  31      10.2976 ±    0.1676       0.00367 ±    0.00050       0.00240 ±    0.00008     1.236 ±  0.033 %    97.799 ±  0.082 %
  32      10.1460 ±    0.1622       0.00362 ±    0.00049       0.00240 ±    0.00007     1.241 ±  0.032 %    97.810 ±  0.081 %
  33      10.1118 ±    0.1593       0.00341 ±    0.00048       0.00241 ±    0.00007     1.251 ±  0.032 %    97.805 ±  0.080 %
  34      10.0404 ±    0.1554       0.00334 ±    0.00047       0.00239 ±    0.00007     1.246 ±  0.031 %    97.809 ±  0.078 %
  35      10.0370 ±    0.1532       0.00333 ±    0.00046       0.00237 ±    0.00007     1.242 ±  0.030 %    97.816 ±  0.077 %
  36      10.0326 ±    0.1510       0.00336 ±    0.00046       0.00237 ±    0.00007     1.239 ±  0.030 %    97.798 ±  0.076 %
  37       9.8620 ±    0.1458       0.00338 ±    0.00045       0.00236 ±    0.00007     1.236 ±  0.029 %    97.786 ±  0.076 %
  38       9.7620 ±    0.1421       0.00335 ±    0.00044       0.00235 ±    0.00006     1.236 ±  0.028 %    97.808 ±  0.074 %
  39       9.6277 ±    0.1378       0.00339 ±    0.00043       0.00235 ±    0.00006     1.236 ±  0.028 %    97.807 ±  0.073 %
  40       9.4572 ±    0.1331       0.00335 ±    0.00043       0.00233 ±    0.00006     1.236 ±  0.027 %    97.830 ±  0.072 %
  41       9.3718 ±    0.1299       0.00326 ±    0.00042       0.00232 ±    0.00006     1.236 ±  0.026 %    97.821 ±  0.071 %
  42       9.4355 ±    0.1295       0.00335 ±    0.00042       0.00231 ±    0.00006     1.233 ±  0.026 %    97.817 ±  0.070 %
  43       9.6391 ±    0.1315       0.00323 ±    0.00041       0.00232 ±    0.00006     1.228 ±  0.025 %    97.797 ±  0.070 %
  44       9.7935 ±    0.1326       0.00330 ±    0.00041       0.00232 ±    0.00006     1.223 ±  0.025 %    97.785 ±  0.069 %
  45       9.8451 ±    0.1319       0.00327 ±    0.00041       0.00231 ±    0.00005     1.220 ±  0.025 %    97.782 ±  0.069 %
  46       9.9225 ±    0.1316       0.00325 ±    0.00040       0.00231 ±    0.00005     1.215 ±  0.024 %    97.792 ±  0.068 %
  47       9.9582 ±    0.1307       0.00322 ±    0.00040       0.00230 ±    0.00005     1.210 ±  0.024 %    97.793 ±  0.067 %
  48       9.9551 ±    0.1291       0.00314 ±    0.00039       0.00231 ±    0.00005     1.214 ±  0.024 %    97.770 ±  0.067 %
  49      10.0000 ±    0.1284       0.00306 ±    0.00039       0.00231 ±    0.00005     1.212 ±  0.023 %    97.770 ±  0.066 %
  50       9.9381 ±    0.1262       0.00295 ±    0.00038       0.00231 ±    0.00005     1.212 ±  0.023 %    97.783 ±  0.065 %
  51       9.9623 ±    0.1252       0.00289 ±    0.00038       0.00231 ±    0.00005     1.213 ±  0.023 %    97.757 ±  0.065 %
  52       9.8693 ±    0.1227       0.00289 ±    0.00037       0.00230 ±    0.00005     1.213 ±  0.022 %    97.757 ±  0.064 %
  53       9.8901 ±    0.1220       0.00324 ±    0.00037       0.00236 ±    0.00005     1.232 ±  0.023 %    97.728 ±  0.064 %
  54       9.8465 ±    0.1202       0.00321 ±    0.00037       0.00235 ±    0.00005     1.230 ±  0.022 %    97.728 ±  0.063 %
  55       9.7577 ±    0.1178       0.00316 ±    0.00036       0.00234 ±    0.00005     1.228 ±  0.022 %    97.752 ±  0.062 %
  56       9.7369 ±    0.1165       0.00317 ±    0.00037       0.00234 ±    0.00005     1.228 ±  0.022 %    97.748 ±  0.062 %
  57       9.6245 ±    0.1139       0.00310 ±    0.00036       0.00233 ±    0.00005     1.227 ±  0.021 %    97.753 ±  0.061 %
  58       9.5777 ±    0.1122       0.00308 ±    0.00036       0.00232 ±    0.00005     1.227 ±  0.021 %    97.758 ±  0.061 %
  59       9.5415 ±    0.1107       0.00302 ±    0.00035       0.00231 ±    0.00004     1.224 ±  0.021 %    97.768 ±  0.060 %
  60       9.4874 ±    0.1090       0.00294 ±    0.00035       0.00230 ±    0.00004     1.221 ±  0.020 %    97.771 ±  0.060 %
  61       9.5462 ±    0.1090       0.00292 ±    0.00035       0.00235 ±    0.00006     1.225 ±  0.020 %    97.765 ±  0.059 %
  62       9.5653 ±    0.1083       0.00290 ±    0.00034       0.00234 ±    0.00006     1.223 ±  0.020 %    97.764 ±  0.059 %
  63       9.5971 ±    0.1078       0.00286 ±    0.00034       0.00234 ±    0.00006     1.222 ±  0.020 %    97.770 ±  0.058 %
  64       9.6780 ±    0.1081       0.00291 ±    0.00034       0.00234 ±    0.00006     1.221 ±  0.020 %    97.761 ±  0.058 %
  65       9.6128 ±    0.1064       0.00287 ±    0.00033       0.00233 ±    0.00006     1.221 ±  0.019 %    97.770 ±  0.057 %
  66       9.6365 ±    0.1059       0.00280 ±    0.00033       0.00233 ±    0.00006     1.219 ±  0.019 %    97.762 ±  0.057 %
  67       9.6364 ±    0.1051       0.00281 ±    0.00033       0.00234 ±    0.00006     1.223 ±  0.019 %    97.765 ±  0.056 %
  68       9.6155 ±    0.1040       0.00292 ±    0.00032       0.00235 ±    0.00006     1.225 ±  0.019 %    97.749 ±  0.056 %
  69       9.5910 ±    0.1029       0.00292 ±    0.00032       0.00237 ±    0.00006     1.237 ±  0.022 %    97.757 ±  0.056 %
  70       9.5761 ±    0.1020       0.00288 ±    0.00032       0.00238 ±    0.00006     1.241 ±  0.022 %    97.761 ±  0.055 %
  71       9.5680 ±    0.1012       0.00286 ±    0.00032       0.00239 ±    0.00006     1.244 ±  0.022 %    97.759 ±  0.055 %
  72       9.6725 ±    0.1019       0.00279 ±    0.00032       0.00249 ±    0.00006     1.262 ±  0.022 %    97.735 ±  0.055 %
  73       9.7243 ±    0.1019       0.00277 ±    0.00032       0.00250 ±    0.00006     1.263 ±  0.021 %    97.741 ±  0.054 %
  74       9.7749 ±    0.1018       0.00271 ±    0.00031       0.00250 ±    0.00006     1.262 ±  0.021 %    97.728 ±  0.054 %
  75       9.7445 ±    0.1008       0.00277 ±    0.00031       0.00250 ±    0.00006     1.262 ±  0.021 %    97.736 ±  0.054 %
  76       9.7676 ±    0.1003       0.00276 ±    0.00031       0.00250 ±    0.00006     1.262 ±  0.021 %    97.734 ±  0.053 %
  77       9.7678 ±    0.0996       0.00298 ±    0.00031       0.00252 ±    0.00006     1.263 ±  0.021 %    97.730 ±  0.053 %
  78       9.7372 ±    0.0985       0.00292 ±    0.00031       0.00251 ±    0.00006     1.262 ±  0.020 %    97.737 ±  0.053 %
  79       9.7935 ±    0.0987       0.00290 ±    0.00030       0.00252 ±    0.00006     1.262 ±  0.020 %    97.736 ±  0.052 %
  80       9.8059 ±    0.0982       0.00283 ±    0.00030       0.00251 ±    0.00006     1.259 ±  0.020 %    97.733 ±  0.052 %
  81       9.8419 ±    0.0979       0.00283 ±    0.00030       0.00250 ±    0.00006     1.256 ±  0.020 %    97.730 ±  0.052 %
  82       9.7641 ±    0.0964       0.00282 ±    0.00030       0.00249 ±    0.00006     1.254 ±  0.019 %    97.729 ±  0.051 %
  83       9.7389 ±    0.0955       0.00283 ±    0.00029       0.00248 ±    0.00006     1.251 ±  0.019 %    97.731 ±  0.051 %
  84       9.7148 ±    0.0947       0.00279 ±    0.00029       0.00249 ±    0.00006     1.255 ±  0.019 %    97.727 ±  0.051 %
  85       9.6798 ±    0.0938       0.00279 ±    0.00029       0.00248 ±    0.00006     1.253 ±  0.019 %    97.730 ±  0.051 %
  86       9.6969 ±    0.0934       0.00275 ±    0.00029       0.00248 ±    0.00005     1.254 ±  0.019 %    97.729 ±  0.050 %
  87       9.6548 ±    0.0923       0.00276 ±    0.00029       0.00247 ±    0.00005     1.253 ±  0.019 %    97.737 ±  0.050 %
  88       9.6422 ±    0.0917       0.00276 ±    0.00028       0.00247 ±    0.00005     1.252 ±  0.018 %    97.742 ±  0.050 %
  89       9.6518 ±    0.0912       0.00276 ±    0.00028       0.00246 ±    0.00005     1.250 ±  0.018 %    97.734 ±  0.049 %
  90       9.6693 ±    0.0909       0.00271 ±    0.00028       0.00246 ±    0.00005     1.248 ±  0.018 %    97.738 ±  0.049 %
  91       9.7456 ±    0.0912       0.00271 ±    0.00028       0.00246 ±    0.00005     1.246 ±  0.018 %    97.732 ±  0.049 %
  92       9.8264 ±    0.0916       0.00271 ±    0.00028       0.00247 ±    0.00005     1.244 ±  0.018 %    97.736 ±  0.048 %
  93       9.8724 ±    0.0916       0.00267 ±    0.00028       0.00246 ±    0.00005     1.242 ±  0.018 %    97.731 ±  0.048 %
  94       9.9048 ±    0.0914       0.00271 ±    0.00028       0.00246 ±    0.00005     1.244 ±  0.018 %    97.737 ±  0.048 %
  95       9.9473 ±    0.0914       0.00269 ±    0.00027       0.00246 ±    0.00005     1.243 ±  0.018 %    97.734 ±  0.048 %
  96      10.0159 ±    0.0917       0.00278 ±    0.00027       0.00246 ±    0.00005     1.240 ±  0.018 %    97.726 ±  0.048 %
  97      10.0868 ±    0.0920       0.00280 ±    0.00027       0.00246 ±    0.00005     1.238 ±  0.018 %    97.727 ±  0.047 %
  98      10.0779 ±    0.0914       0.00284 ±    0.00027       0.00245 ±    0.00005     1.237 ±  0.017 %    97.732 ±  0.047 %
  99      10.0912 ±    0.0911       0.00288 ±    0.00027       0.00245 ±    0.00005     1.236 ±  0.017 %    97.728 ±  0.047 %
 100      10.1185 ±    0.0909       0.00301 ±    0.00027       0.00247 ±    0.00005     1.237 ±  0.017 %    97.722 ±  0.047 %
 101      10.0870 ±    0.0901       0.00297 ±    0.00027       0.00247 ±    0.00005     1.238 ±  0.017 %    97.728 ±  0.046 %
 102      10.0952 ±    0.0897       0.00296 ±    0.00027       0.00246 ±    0.00005     1.236 ±  0.017 %    97.737 ±  0.046 %
 103      10.0995 ±    0.0893       0.00300 ±    0.00026       0.00246 ±    0.00005     1.234 ±  0.017 %    97.735 ±  0.046 %
 104      10.1241 ±    0.0890       0.00299 ±    0.00026       0.00245 ±    0.00005     1.232 ±  0.017 %    97.739 ±  0.046 %
 105      10.1220 ±    0.0885       0.00300 ±    0.00026       0.00244 ±    0.00005     1.231 ±  0.016 %    97.747 ±  0.045 %
 106      10.1203 ±    0.0881       0.00308 ±    0.00026       0.00244 ±    0.00005     1.231 ±  0.016 %    97.746 ±  0.045 %
 107      10.1413 ±    0.0879       0.00305 ±    0.00026       0.00244 ±    0.00005     1.230 ±  0.016 %    97.748 ±  0.045 %
 108      10.1415 ±    0.0875       0.00304 ±    0.00026       0.00243 ±    0.00005     1.229 ±  0.016 %    97.741 ±  0.045 %
 109      10.1798 ±    0.0875       0.00308 ±    0.00026       0.00243 ±    0.00005     1.227 ±  0.016 %    97.728 ±  0.045 %
 110      10.2172 ±    0.0876       0.00306 ±    0.00025       0.00244 ±    0.00005     1.227 ±  0.016 %    97.729 ±  0.044 %
 111      10.1948 ±    0.0869       0.00300 ±    0.00025       0.00244 ±    0.00005     1.229 ±  0.016 %    97.734 ±  0.044 %
 112      10.1993 ±    0.0866       0.00294 ±    0.00025       0.00244 ±    0.00004     1.228 ±  0.016 %    97.733 ±  0.044 %
 113      10.1665 ±    0.0859       0.00292 ±    0.00025       0.00244 ±    0.00004     1.229 ±  0.016 %    97.738 ±  0.044 %
 114      10.2061 ±    0.0860       0.00291 ±    0.00025       0.00244 ±    0.00004     1.227 ±  0.015 %    97.741 ±  0.044 %
 115      10.2311 ±    0.0859       0.00290 ±    0.00025       0.00244 ±    0.00004     1.227 ±  0.015 %    97.735 ±  0.043 %
 116      10.2303 ±    0.0855       0.00289 ±    0.00025       0.00243 ±    0.00004     1.225 ±  0.015 %    97.742 ±  0.043 %
 117      10.2562 ±    0.0853       0.00294 ±    0.00025       0.00244 ±    0.00004     1.226 ±  0.015 %    97.732 ±  0.043 %
 118      10.2417 ±    0.0848       0.00295 ±    0.00025       0.00244 ±    0.00004     1.229 ±  0.015 %    97.732 ±  0.043 %
 119      10.2102 ±    0.0842       0.00298 ±    0.00025       0.00244 ±    0.00004     1.228 ±  0.015 %    97.734 ±  0.043 %
 120      10.2310 ±    0.0841       0.00311 ±    0.00025       0.00244 ±    0.00004     1.228 ±  0.015 %    97.733 ±  0.042 %
 121      10.2247 ±    0.0838       0.00307 ±    0.00025       0.00244 ±    0.00004     1.227 ±  0.015 %    97.740 ±  0.042 %
 122      10.2050 ±    0.0832       0.00305 ±    0.00025       0.00243 ±    0.00004     1.226 ±  0.015 %    97.738 ±  0.042 %
 123      10.1838 ±    0.0827       0.00305 ±    0.00025       0.00243 ±    0.00004     1.226 ±  0.015 %    97.741 ±  0.042 %
 124      10.2037 ±    0.0826       0.00304 ±    0.00025       0.00243 ±    0.00004     1.227 ±  0.014 %    97.745 ±  0.042 %
 125      10.2337 ±    0.0826       0.00301 ±    0.00025       0.00243 ±    0.00004     1.226 ±  0.014 %    97.738 ±  0.042 %
 126      10.2102 ±    0.0820       0.00299 ±    0.00025       0.00242 ±    0.00004     1.225 ±  0.014 %    97.738 ±  0.041 %
 127      10.2172 ±    0.0818       0.00302 ±    0.00025       0.00242 ±    0.00004     1.224 ±  0.014 %    97.741 ±  0.041 %
 128      10.1891 ±    0.0812       0.00302 ±    0.00025       0.00242 ±    0.00004     1.226 ±  0.014 %    97.733 ±  0.041 %
 129      10.1734 ±    0.0807       0.00301 ±    0.00024       0.00242 ±    0.00004     1.225 ±  0.014 %    97.736 ±  0.041 %
 130      10.1718 ±    0.0804       0.00299 ±    0.00024       0.00242 ±    0.00004     1.226 ±  0.014 %    97.736 ±  0.041 %
 131      10.1754 ±    0.0802       0.00295 ±    0.00024       0.00242 ±    0.00004     1.226 ±  0.014 %    97.739 ±  0.041 %
 132      10.1698 ±    0.0798       0.00294 ±    0.00024       0.00242 ±    0.00004     1.224 ±  0.014 %    97.742 ±  0.040 %
 133      10.1928 ±    0.0797       0.00289 ±    0.00024       0.00242 ±    0.00004     1.224 ±  0.014 %    97.742 ±  0.040 %
 134      10.2125 ±    0.0796       0.00284 ±    0.00024       0.00242 ±    0.00004     1.223 ±  0.014 %    97.744 ±  0.040 %
 135      10.1932 ±    0.0791       0.00284 ±    0.00024       0.00242 ±    0.00004     1.224 ±  0.013 %    97.747 ±  0.040 %
 136      10.1547 ±    0.0785       0.00282 ±    0.00024       0.00242 ±    0.00004     1.224 ±  0.013 %    97.747 ±  0.040 %
 137      10.0983 ±    0.0777       0.00282 ±    0.00024       0.00244 ±    0.00004     1.227 ±  0.013 %    97.750 ±  0.040 %
 138      10.1250 ±    0.0777       0.00278 ±    0.00024       0.00244 ±    0.00004     1.228 ±  0.013 %    97.748 ±  0.039 %
 139      10.1447 ±    0.0776       0.00280 ±    0.00023       0.00244 ±    0.00004     1.229 ±  0.013 %    97.749 ±  0.039 %
 140      10.2128 ±    0.0780       0.00300 ±    0.00023       0.00246 ±    0.00004     1.235 ±  0.014 %    97.741 ±  0.039 %
 141      10.2092 ±    0.0776       0.00299 ±    0.00023       0.00245 ±    0.00004     1.233 ±  0.014 %    97.745 ±  0.039 %
 142      10.2080 ±    0.0773       0.00299 ±    0.00023       0.00245 ±    0.00004     1.232 ±  0.014 %    97.751 ±  0.039 %
 143      10.2060 ±    0.0770       0.00299 ±    0.00023       0.00244 ±    0.00004     1.230 ±  0.014 %    97.754 ±  0.039 %
 144      10.2331 ±    0.0770       0.00301 ±    0.00023       0.00245 ±    0.00004     1.230 ±  0.014 %    97.750 ±  0.039 %
 145      10.2241 ±    0.0767       0.00300 ±    0.00023       0.00245 ±    0.00004     1.230 ±  0.013 %    97.751 ±  0.038 %

====== Perplexity statistics ======
Mean PPL(Q)                   :  10.224143 ±   0.076718
Mean PPL(base)                :  10.193553 ±   0.076375
Cor(ln(PPL(Q)), ln(PPL(base))):  99.95%
Mean ln(PPL(Q)/PPL(base))     :   0.002996 ±   0.000229
Mean PPL(Q)/PPL(base)         :   1.003001 ±   0.000229
Mean PPL(Q)-PPL(base)         :   0.030590 ±   0.002357

====== KL divergence statistics ======
Mean    KLD:   0.002451 ±   0.000037
Maximum KLD:   2.735689
99.9%   KLD:   0.077555
99.0%   KLD:   0.017304
95.0%   KLD:   0.007199
90.0%   KLD:   0.004898
Median  KLD:   0.001232
10.0%   KLD:   0.000065
 5.0%   KLD:   0.000018
 1.0%   KLD:  -0.000010
 0.1%   KLD:  -0.000091
Minimum KLD:  -0.000465

====== Token probability statistics ======
Mean    Δp: -0.035 ± 0.003 %
Maximum Δp: 46.650%
99.9%   Δp:  7.300%
99.0%   Δp:  3.499%
95.0%   Δp:  1.648%
90.0%   Δp:  0.951%
75.0%   Δp:  0.188%
Median  Δp: -0.000%
25.0%   Δp: -0.239%
10.0%   Δp: -1.043%
 5.0%   Δp: -1.794%
 1.0%   Δp: -3.857%
 0.1%   Δp: -8.088%
Minimum Δp: -38.782%
RMS Δp    :  1.230 ± 0.013 %
Same top p: 97.751 ± 0.038 %

------------------------------
llama-perplexity --kl-divergence-base /tmp/logits.dat --ctx-size 2048 -f sample-data/wiki.test.raw -hf prism-ml/Ternary-Bonsai-27B-gguf:Q2_g64 -fa on -ngl 99 -ctk q4_1 -ctv iq4_nl --kl-divergence
0.01.032.161 W common_fit_params: failed to fit params to free device memory: n_gpu_layers already set by user to 99, abort
0.03.271.132 I 
0.03.271.202 I system_info: n_threads = 16 (n_threads_batch = 16) / 32 | CUDA : ARCHS = 500,610,700,750,800,860,890,900 | USE_GRAPHS = 1 | FA_ALL_QUANTS = 1 | CPU : SSE3 = 1 | SSSE3 = 1 | AVX = 1 | AVX2 = 1 | F16C = 1 | FMA = 1 | BMI2 = 1 | LLAMAFILE = 1 | OPENMP = 1 | REPACK = 1 | 
0.03.502.108 I kl_divergence: computing over 145 chunks, n_ctx=2048, batch_size=2048, n_seq=1
0.22.188.971 I kl_divergence: 18.69 seconds per pass - ETA 45.15 minutes
--- ABORTED (ETA 45.15m > 4.0x baseline 6.07m) ---
llama-perplexity --kl-divergence-base /tmp/logits.dat --ctx-size 2048 -f sample-data/wiki.test.raw -hf prism-ml/Ternary-Bonsai-27B-gguf:Q2_g64 -fa on -ngl 99 -ctk q4_0 -ctv q4_0 --kl-divergence
0.01.188.392 W common_fit_params: failed to fit params to free device memory: n_gpu_layers already set by user to 99, abort
0.03.432.636 I 
0.03.432.714 I system_info: n_threads = 16 (n_threads_batch = 16) / 32 | CUDA : ARCHS = 500,610,700,750,800,860,890,900 | USE_GRAPHS = 1 | FA_ALL_QUANTS = 1 | CPU : SSE3 = 1 | SSSE3 = 1 | AVX = 1 | AVX2 = 1 | F16C = 1 | FMA = 1 | BMI2 = 1 | LLAMAFILE = 1 | OPENMP = 1 | REPACK = 1 | 
0.03.667.314 I kl_divergence: computing over 145 chunks, n_ctx=2048, batch_size=2048, n_seq=1
0.06.218.261 I kl_divergence: 2.55 seconds per pass - ETA 6.15 minutes

chunk             PPL               ln(PPL(Q)/PPL(base))          KL Divergence              Δp RMS            Same top p
   1       9.9927 ±    0.9260       0.00463 ±    0.00247       0.00240 ±    0.00019     1.236 ±  0.081 %    97.752 ±  0.464 %
   2      10.8611 ±    0.6968       0.00352 ±    0.00160       0.00204 ±    0.00010     1.140 ±  0.050 %    98.143 ±  0.299 %
   3      10.8875 ±    0.5643       0.00209 ±    0.00124       0.00190 ±    0.00007     1.071 ±  0.040 %    98.175 ±  0.242 %
   4      11.2619 ±    0.5204       0.00195 ±    0.00110       0.00213 ±    0.00007     1.145 ±  0.044 %    98.069 ±  0.215 %
   5      11.5163 ±    0.4831       0.00280 ±    0.00103       0.00215 ±    0.00006     1.162 ±  0.039 %    97.849 ±  0.203 %
   6       9.9039 ±    0.3684       0.00235 ±    0.00096       0.00223 ±    0.00006     1.260 ±  0.040 %    97.849 ±  0.185 %
   7       9.1034 ±    0.3097       0.00277 ±    0.00103       0.00300 ±    0.00024     1.699 ±  0.160 %    97.696 ±  0.177 %
   8       8.8932 ±    0.2798       0.00228 ±    0.00095       0.00293 ±    0.00021     1.649 ±  0.145 %    97.752 ±  0.164 %
   9       9.4524 ±    0.2825       0.00194 ±    0.00090       0.00294 ±    0.00019     1.611 ±  0.132 %    97.632 ±  0.158 %
  10       9.5027 ±    0.2707       0.00242 ±    0.00090       0.00290 ±    0.00017     1.576 ±  0.122 %    97.556 ±  0.153 %
  11       9.6226 ±    0.2614       0.00180 ±    0.00085       0.00283 ±    0.00016     1.543 ±  0.113 %    97.583 ±  0.145 %
  12       9.9533 ±    0.2604       0.00187 ±    0.00085       0.00279 ±    0.00014     1.510 ±  0.106 %    97.581 ±  0.139 %
  13       9.9580 ±    0.2498       0.00236 ±    0.00081       0.00276 ±    0.00013     1.501 ±  0.099 %    97.556 ±  0.134 %
  14       9.9526 ±    0.2397       0.00237 ±    0.00077       0.00273 ±    0.00012     1.488 ±  0.093 %    97.528 ±  0.130 %
  15       9.9058 ±    0.2298       0.00232 ±    0.00074       0.00271 ±    0.00012     1.473 ±  0.088 %    97.511 ±  0.126 %
  16      10.1689 ±    0.2291       0.00263 ±    0.00071       0.00271 ±    0.00011     1.459 ±  0.083 %    97.489 ±  0.122 %
  17      10.2405 ±    0.2238       0.00260 ±    0.00069       0.00272 ±    0.00010     1.465 ±  0.079 %    97.522 ±  0.118 %
  18      10.3135 ±    0.2188       0.00245 ±    0.00066       0.00268 ±    0.00010     1.444 ±  0.076 %    97.545 ±  0.114 %
  19      10.3469 ±    0.2158       0.00450 ±    0.00072       0.00292 ±    0.00010     1.495 ±  0.071 %    97.505 ±  0.112 %
  20      10.0932 ±    0.2044       0.00412 ±    0.00070       0.00299 ±    0.00010     1.517 ±  0.068 %    97.527 ±  0.109 %
  21      10.0982 ±    0.1992       0.00425 ±    0.00068       0.00295 ±    0.00010     1.504 ±  0.065 %    97.566 ±  0.105 %
  22      10.1511 ±    0.1961       0.00428 ±    0.00066       0.00293 ±    0.00010     1.490 ±  0.063 %    97.587 ±  0.102 %
  23      10.1516 ±    0.1913       0.00413 ±    0.00064       0.00288 ±    0.00009     1.474 ±  0.061 %    97.637 ±  0.099 %
  24      10.2225 ±    0.1889       0.00411 ±    0.00062       0.00289 ±    0.00009     1.468 ±  0.059 %    97.630 ±  0.097 %
  25      10.2613 ±    0.1859       0.00391 ±    0.00060       0.00286 ±    0.00008     1.457 ±  0.057 %    97.666 ±  0.094 %
  26      10.2170 ±    0.1812       0.00382 ±    0.00059       0.00281 ±    0.00008     1.443 ±  0.055 %    97.684 ±  0.092 %
  27      10.5241 ±    0.1846       0.00389 ±    0.00058       0.00285 ±    0.00008     1.435 ±  0.054 %    97.672 ±  0.091 %
  28      10.5748 ±    0.1823       0.00373 ±    0.00056       0.00282 ±    0.00008     1.427 ±  0.052 %    97.678 ±  0.089 %
  29      10.5139 ±    0.1777       0.00360 ±    0.00055       0.00279 ±    0.00007     1.416 ±  0.051 %    97.681 ±  0.087 %
  30      10.4357 ±    0.1729       0.00375 ±    0.00054       0.00276 ±    0.00007     1.406 ±  0.049 %    97.687 ±  0.086 %
  31      10.2976 ±    0.1676       0.00366 ±    0.00053       0.00274 ±    0.00007     1.401 ±  0.048 %    97.695 ±  0.084 %
  32      10.1447 ±    0.1622       0.00349 ±    0.00052       0.00273 ±    0.00007     1.403 ±  0.046 %    97.700 ±  0.083 %
  33      10.1104 ±    0.1593       0.00327 ±    0.00051       0.00273 ±    0.00007     1.398 ±  0.045 %    97.678 ±  0.082 %
  34      10.0398 ±    0.1554       0.00327 ±    0.00050       0.00270 ±    0.00006     1.387 ±  0.044 %    97.648 ±  0.081 %
  35      10.0339 ±    0.1531       0.00302 ±    0.00049       0.00269 ±    0.00006     1.381 ±  0.043 %    97.643 ±  0.080 %
  36      10.0279 ±    0.1509       0.00288 ±    0.00048       0.00267 ±    0.00006     1.376 ±  0.042 %    97.659 ±  0.079 %
  37       9.8568 ±    0.1457       0.00285 ±    0.00047       0.00268 ±    0.00006     1.374 ±  0.041 %    97.641 ±  0.078 %
  38       9.7558 ±    0.1419       0.00271 ±    0.00046       0.00267 ±    0.00006     1.372 ±  0.040 %    97.677 ±  0.076 %
  39       9.6212 ±    0.1376       0.00272 ±    0.00046       0.00267 ±    0.00006     1.371 ±  0.039 %    97.694 ±  0.075 %
  40       9.4516 ±    0.1330       0.00275 ±    0.00045       0.00265 ±    0.00006     1.367 ±  0.038 %    97.713 ±  0.074 %
  41       9.3675 ±    0.1298       0.00280 ±    0.00044       0.00264 ±    0.00005     1.368 ±  0.038 %    97.697 ±  0.073 %
  42       9.4309 ±    0.1294       0.00286 ±    0.00044       0.00263 ±    0.00005     1.361 ±  0.037 %    97.698 ±  0.072 %
  43       9.6367 ±    0.1315       0.00298 ±    0.00043       0.00264 ±    0.00005     1.356 ±  0.036 %    97.686 ±  0.072 %
  44       9.7895 ±    0.1325       0.00289 ±    0.00044       0.00264 ±    0.00005     1.350 ±  0.036 %    97.685 ±  0.071 %
  45       9.8416 ±    0.1318       0.00291 ±    0.00043       0.00264 ±    0.00005     1.345 ±  0.035 %    97.689 ±  0.070 %
  46       9.9189 ±    0.1315       0.00289 ±    0.00043       0.00264 ±    0.00005     1.341 ±  0.034 %    97.690 ±  0.069 %
  47       9.9533 ±    0.1306       0.00273 ±    0.00042       0.00263 ±    0.00005     1.337 ±  0.034 %    97.696 ±  0.068 %
  48       9.9505 ±    0.1290       0.00268 ±    0.00041       0.00262 ±    0.00005     1.336 ±  0.033 %    97.672 ±  0.068 %
  49       9.9964 ±    0.1283       0.00270 ±    0.00041       0.00263 ±    0.00005     1.334 ±  0.033 %    97.682 ±  0.067 %
  50       9.9350 ±    0.1261       0.00264 ±    0.00041       0.00262 ±    0.00005     1.330 ±  0.032 %    97.695 ±  0.066 %
  51       9.9593 ±    0.1251       0.00259 ±    0.00040       0.00261 ±    0.00005     1.329 ±  0.031 %    97.702 ±  0.066 %
  52       9.8661 ±    0.1226       0.00257 ±    0.00039       0.00260 ±    0.00004     1.325 ±  0.031 %    97.710 ±  0.065 %
  53       9.8849 ±    0.1219       0.00271 ±    0.00039       0.00268 ±    0.00006     1.335 ±  0.030 %    97.687 ±  0.065 %
  54       9.8417 ±    0.1202       0.00272 ±    0.00039       0.00268 ±    0.00006     1.333 ±  0.030 %    97.683 ±  0.064 %
  55       9.7535 ±    0.1177       0.00273 ±    0.00038       0.00266 ±    0.00005     1.330 ±  0.029 %    97.690 ±  0.063 %
  56       9.7341 ±    0.1164       0.00289 ±    0.00038       0.00267 ±    0.00005     1.332 ±  0.029 %    97.684 ±  0.063 %
  57       9.6224 ±    0.1138       0.00288 ±    0.00038       0.00266 ±    0.00005     1.332 ±  0.029 %    97.693 ±  0.062 %
  58       9.5755 ±    0.1121       0.00285 ±    0.00038       0.00265 ±    0.00005     1.330 ±  0.028 %    97.701 ±  0.062 %
  59       9.5396 ±    0.1106       0.00282 ±    0.00037       0.00264 ±    0.00005     1.329 ±  0.028 %    97.709 ±  0.061 %
  60       9.4862 ±    0.1090       0.00280 ±    0.00037       0.00262 ±    0.00005     1.325 ±  0.027 %    97.721 ±  0.060 %
  61       9.5456 ±    0.1090       0.00285 ±    0.00036       0.00264 ±    0.00005     1.323 ±  0.027 %    97.716 ±  0.060 %
  62       9.5653 ±    0.1083       0.00290 ±    0.00036       0.00263 ±    0.00005     1.319 ±  0.027 %    97.720 ±  0.059 %
  63       9.5979 ±    0.1078       0.00294 ±    0.00036       0.00262 ±    0.00005     1.315 ±  0.026 %    97.727 ±  0.059 %
  64       9.6782 ±    0.1081       0.00293 ±    0.00035       0.00263 ±    0.00005     1.313 ±  0.026 %    97.712 ±  0.058 %
  65       9.6126 ±    0.1064       0.00285 ±    0.00035       0.00262 ±    0.00005     1.314 ±  0.026 %    97.713 ±  0.058 %
  66       9.6369 ±    0.1059       0.00284 ±    0.00035       0.00262 ±    0.00005     1.312 ±  0.025 %    97.710 ±  0.058 %
  67       9.6371 ±    0.1051       0.00288 ±    0.00034       0.00264 ±    0.00005     1.322 ±  0.026 %    97.708 ±  0.057 %
  68       9.6162 ±    0.1040       0.00300 ±    0.00034       0.00264 ±    0.00005     1.321 ±  0.025 %    97.714 ±  0.057 %
  69       9.5912 ±    0.1029       0.00294 ±    0.00034       0.00263 ±    0.00005     1.319 ±  0.025 %    97.708 ±  0.056 %
  70       9.5760 ±    0.1020       0.00287 ±    0.00034       0.00264 ±    0.00005     1.321 ±  0.025 %    97.704 ±  0.056 %
  71       9.5678 ±    0.1012       0.00285 ±    0.00033       0.00267 ±    0.00005     1.324 ±  0.025 %    97.705 ±  0.056 %
  72       9.6722 ±    0.1020       0.00276 ±    0.00034       0.00275 ±    0.00005     1.341 ±  0.024 %    97.682 ±  0.055 %
  73       9.7244 ±    0.1019       0.00279 ±    0.00033       0.00276 ±    0.00005     1.343 ±  0.024 %    97.677 ±  0.055 %
  74       9.7754 ±    0.1018       0.00276 ±    0.00033       0.00277 ±    0.00005     1.341 ±  0.024 %    97.667 ±  0.055 %
  75       9.7445 ±    0.1008       0.00276 ±    0.00033       0.00276 ±    0.00005     1.339 ±  0.023 %    97.677 ±  0.054 %
  76       9.7676 ±    0.1003       0.00275 ±    0.00033       0.00276 ±    0.00005     1.336 ±  0.023 %    97.682 ±  0.054 %
  77       9.7675 ±    0.0996       0.00295 ±    0.00033       0.00278 ±    0.00005     1.345 ±  0.024 %    97.682 ±  0.054 %
  78       9.7372 ±    0.0986       0.00292 ±    0.00032       0.00277 ±    0.00005     1.343 ±  0.023 %    97.695 ±  0.053 %
  79       9.7928 ±    0.0987       0.00284 ±    0.00032       0.00278 ±    0.00005     1.344 ±  0.023 %    97.686 ±  0.053 %
  80       9.8064 ±    0.0982       0.00288 ±    0.00032       0.00277 ±    0.00005     1.342 ±  0.023 %    97.681 ±  0.053 %
  81       9.8425 ±    0.0979       0.00289 ±    0.00032       0.00276 ±    0.00005     1.338 ±  0.023 %    97.684 ±  0.052 %
  82       9.7646 ±    0.0964       0.00287 ±    0.00031       0.00275 ±    0.00005     1.336 ±  0.022 %    97.686 ±  0.052 %
  83       9.7400 ±    0.0956       0.00294 ±    0.00031       0.00275 ±    0.00004     1.334 ±  0.022 %    97.686 ±  0.052 %
  84       9.7170 ±    0.0948       0.00301 ±    0.00031       0.00275 ±    0.00004     1.334 ±  0.022 %    97.674 ±  0.051 %
  85       9.6811 ±    0.0938       0.00293 ±    0.00031       0.00274 ±    0.00004     1.331 ±  0.022 %    97.674 ±  0.051 %
  86       9.6987 ±    0.0934       0.00293 ±    0.00031       0.00274 ±    0.00004     1.330 ±  0.022 %    97.664 ±  0.051 %
  87       9.6560 ±    0.0924       0.00288 ±    0.00030       0.00273 ±    0.00004     1.331 ±  0.021 %    97.669 ±  0.051 %
  88       9.6431 ±    0.0917       0.00285 ±    0.00030       0.00273 ±    0.00004     1.329 ±  0.021 %    97.664 ±  0.050 %
  89       9.6528 ±    0.0912       0.00287 ±    0.00030       0.00272 ±    0.00004     1.327 ±  0.021 %    97.659 ±  0.050 %
  90       9.6706 ±    0.0909       0.00283 ±    0.00030       0.00272 ±    0.00004     1.325 ±  0.021 %    97.668 ±  0.050 %
  91       9.7465 ±    0.0912       0.00280 ±    0.00030       0.00273 ±    0.00004     1.323 ±  0.021 %    97.652 ±  0.050 %
  92       9.8274 ±    0.0917       0.00281 ±    0.00030       0.00274 ±    0.00004     1.322 ±  0.020 %    97.647 ±  0.049 %
  93       9.8736 ±    0.0916       0.00278 ±    0.00029       0.00273 ±    0.00004     1.319 ±  0.020 %    97.647 ±  0.049 %
  94       9.9055 ±    0.0914       0.00277 ±    0.00029       0.00273 ±    0.00004     1.317 ±  0.020 %    97.649 ±  0.049 %
  95       9.9481 ±    0.0914       0.00276 ±    0.00029       0.00272 ±    0.00004     1.316 ±  0.020 %    97.644 ±  0.049 %
  96      10.0163 ±    0.0917       0.00282 ±    0.00029       0.00272 ±    0.00004     1.313 ±  0.020 %    97.635 ±  0.048 %
  97      10.0874 ±    0.0920       0.00286 ±    0.00029       0.00273 ±    0.00004     1.310 ±  0.020 %    97.633 ±  0.048 %
  98      10.0782 ±    0.0914       0.00287 ±    0.00029       0.00272 ±    0.00004     1.308 ±  0.019 %    97.637 ±  0.048 %
  99      10.0912 ±    0.0911       0.00287 ±    0.00029       0.00271 ±    0.00004     1.306 ±  0.019 %    97.626 ±  0.048 %
 100      10.1182 ±    0.0909       0.00298 ±    0.00028       0.00273 ±    0.00004     1.309 ±  0.019 %    97.622 ±  0.048 %
 101      10.0867 ±    0.0901       0.00294 ±    0.00028       0.00272 ±    0.00004     1.309 ±  0.019 %    97.625 ±  0.047 %
 102      10.0951 ±    0.0897       0.00295 ±    0.00028       0.00272 ±    0.00004     1.306 ±  0.019 %    97.632 ±  0.047 %
 103      10.0991 ±    0.0893       0.00295 ±    0.00028       0.00271 ±    0.00004     1.304 ±  0.019 %    97.633 ±  0.047 %
 104      10.1231 ±    0.0890       0.00289 ±    0.00028       0.00270 ±    0.00004     1.303 ±  0.018 %    97.632 ±  0.047 %
 105      10.1206 ±    0.0885       0.00287 ±    0.00028       0.00269 ±    0.00004     1.302 ±  0.018 %    97.641 ±  0.046 %
 106      10.1185 ±    0.0880       0.00291 ±    0.00027       0.00269 ±    0.00004     1.300 ±  0.018 %    97.642 ±  0.046 %
 107      10.1397 ±    0.0879       0.00289 ±    0.00027       0.00268 ±    0.00004     1.298 ±  0.018 %    97.645 ±  0.046 %
 108      10.1397 ±    0.0875       0.00287 ±    0.00027       0.00268 ±    0.00004     1.297 ±  0.018 %    97.642 ±  0.046 %
 109      10.1775 ±    0.0875       0.00285 ±    0.00027       0.00267 ±    0.00004     1.294 ±  0.018 %    97.633 ±  0.046 %
 110      10.2151 ±    0.0875       0.00285 ±    0.00027       0.00269 ±    0.00004     1.295 ±  0.018 %    97.628 ±  0.045 %
 111      10.1925 ±    0.0869       0.00277 ±    0.00027       0.00268 ±    0.00004     1.294 ±  0.018 %    97.630 ±  0.045 %
 112      10.1974 ±    0.0866       0.00275 ±    0.00027       0.00268 ±    0.00004     1.294 ±  0.017 %    97.632 ±  0.045 %
 113      10.1647 ±    0.0859       0.00274 ±    0.00027       0.00268 ±    0.00003     1.295 ±  0.017 %    97.628 ±  0.045 %
 114      10.2041 ±    0.0859       0.00272 ±    0.00026       0.00268 ±    0.00003     1.293 ±  0.017 %    97.624 ±  0.045 %
 115      10.2296 ±    0.0858       0.00275 ±    0.00026       0.00268 ±    0.00003     1.293 ±  0.017 %    97.617 ±  0.044 %
 116      10.2289 ±    0.0854       0.00275 ±    0.00026       0.00268 ±    0.00003     1.291 ±  0.017 %    97.621 ±  0.044 %
 117      10.2550 ±    0.0853       0.00282 ±    0.00026       0.00268 ±    0.00003     1.291 ±  0.017 %    97.623 ±  0.044 %
 118      10.2407 ±    0.0848       0.00285 ±    0.00026       0.00269 ±    0.00003     1.294 ±  0.017 %    97.620 ±  0.044 %
 119      10.2095 ±    0.0842       0.00291 ±    0.00026       0.00270 ±    0.00003     1.295 ±  0.016 %    97.621 ±  0.044 %
 120      10.2297 ±    0.0841       0.00298 ±    0.00027       0.00270 ±    0.00003     1.294 ±  0.016 %    97.616 ±  0.044 %
 121      10.2233 ±    0.0837       0.00293 ±    0.00027       0.00269 ±    0.00003     1.293 ±  0.016 %    97.618 ±  0.043 %
 122      10.2036 ±    0.0832       0.00291 ±    0.00027       0.00269 ±    0.00003     1.291 ±  0.016 %    97.611 ±  0.043 %
 123      10.1825 ±    0.0827       0.00292 ±    0.00027       0.00268 ±    0.00003     1.290 ±  0.016 %    97.618 ±  0.043 %
 124      10.2026 ±    0.0826       0.00293 ±    0.00026       0.00268 ±    0.00003     1.289 ±  0.016 %    97.618 ±  0.043 %
 125      10.2324 ±    0.0826       0.00288 ±    0.00026       0.00268 ±    0.00003     1.287 ±  0.016 %    97.612 ±  0.043 %
 126      10.2087 ±    0.0820       0.00284 ±    0.00026       0.00268 ±    0.00003     1.286 ±  0.016 %    97.614 ±  0.043 %
 127      10.2152 ±    0.0817       0.00282 ±    0.00026       0.00267 ±    0.00003     1.285 ±  0.016 %    97.616 ±  0.042 %
 128      10.1870 ±    0.0811       0.00281 ±    0.00026       0.00268 ±    0.00003     1.287 ±  0.015 %    97.617 ±  0.042 %
 129      10.1718 ±    0.0807       0.00284 ±    0.00026       0.00267 ±    0.00003     1.285 ±  0.015 %    97.612 ±  0.042 %
 130      10.1706 ±    0.0804       0.00288 ±    0.00026       0.00268 ±    0.00003     1.286 ±  0.015 %    97.613 ±  0.042 %
 131      10.1750 ±    0.0802       0.00291 ±    0.00026       0.00269 ±    0.00003     1.287 ±  0.015 %    97.618 ±  0.042 %
 132      10.1693 ±    0.0798       0.00289 ±    0.00025       0.00268 ±    0.00003     1.285 ±  0.015 %    97.618 ±  0.041 %
 133      10.1923 ±    0.0797       0.00283 ±    0.00025       0.00269 ±    0.00003     1.284 ±  0.015 %    97.616 ±  0.041 %
 134      10.2121 ±    0.0796       0.00280 ±    0.00025       0.00269 ±    0.00003     1.284 ±  0.015 %    97.619 ±  0.041 %
 135      10.1929 ±    0.0791       0.00281 ±    0.00025       0.00269 ±    0.00003     1.287 ±  0.015 %    97.615 ±  0.041 %
 136      10.1546 ±    0.0785       0.00281 ±    0.00025       0.00268 ±    0.00003     1.287 ±  0.015 %    97.616 ±  0.041 %
 137      10.0985 ±    0.0777       0.00283 ±    0.00025       0.00271 ±    0.00003     1.302 ±  0.018 %    97.616 ±  0.041 %
 138      10.1255 ±    0.0777       0.00283 ±    0.00025       0.00271 ±    0.00003     1.302 ±  0.018 %    97.614 ±  0.041 %
 139      10.1451 ±    0.0776       0.00284 ±    0.00025       0.00271 ±    0.00003     1.302 ±  0.018 %    97.616 ±  0.040 %
 140      10.2121 ±    0.0780       0.00293 ±    0.00025       0.00272 ±    0.00003     1.302 ±  0.018 %    97.606 ±  0.040 %
 141      10.2082 ±    0.0776       0.00290 ±    0.00025       0.00272 ±    0.00003     1.301 ±  0.017 %    97.607 ±  0.040 %
 142      10.2072 ±    0.0773       0.00290 ±    0.00024       0.00271 ±    0.00003     1.299 ±  0.017 %    97.611 ±  0.040 %
 143      10.2049 ±    0.0770       0.00288 ±    0.00024       0.00270 ±    0.00003     1.297 ±  0.017 %    97.613 ±  0.040 %
 144      10.2317 ±    0.0770       0.00289 ±    0.00024       0.00271 ±    0.00003     1.296 ±  0.017 %    97.611 ±  0.040 %
 145      10.2229 ±    0.0767       0.00288 ±    0.00024       0.00271 ±    0.00003     1.297 ±  0.017 %    97.611 ±  0.040 %

====== Perplexity statistics ======
Mean PPL(Q)                   :  10.222916 ±   0.076701
Mean PPL(base)                :  10.193553 ±   0.076375
Cor(ln(PPL(Q)), ln(PPL(base))):  99.95%
Mean ln(PPL(Q)/PPL(base))     :   0.002876 ±   0.000242
Mean PPL(Q)/PPL(base)         :   1.002881 ±   0.000243
Mean PPL(Q)-PPL(base)         :   0.029363 ±   0.002493

====== KL divergence statistics ======
Mean    KLD:   0.002710 ±   0.000031
Maximum KLD:   1.698194
99.9%   KLD:   0.094335
99.0%   KLD:   0.020332
95.0%   KLD:   0.008098
90.0%   KLD:   0.005389
Median  KLD:   0.001344
10.0%   KLD:   0.000070
 5.0%   KLD:   0.000020
 1.0%   KLD:  -0.000009
 0.1%   KLD:  -0.000089
Minimum KLD:  -0.000437

====== Token probability statistics ======
Mean    Δp: -0.039 ± 0.003 %
Maximum Δp: 44.225%
99.9%   Δp:  7.822%
99.0%   Δp:  3.653%
95.0%   Δp:  1.704%
90.0%   Δp:  0.992%
75.0%   Δp:  0.195%
Median  Δp: -0.000%
25.0%   Δp: -0.250%
10.0%   Δp: -1.094%
 5.0%   Δp: -1.869%
 1.0%   Δp: -4.009%
 0.1%   Δp: -8.651%
Minimum Δp: -52.794%
RMS Δp    :  1.297 ± 0.017 %
Same top p: 97.611 ± 0.040 %

------------------------------
llama-perplexity --kl-divergence-base /tmp/logits.dat --ctx-size 2048 -f sample-data/wiki.test.raw -hf prism-ml/Ternary-Bonsai-27B-gguf:Q2_g64 -fa on -ngl 99 -ctk q4_0 -ctv iq4_nl --kl-divergence
0.01.049.329 W common_fit_params: failed to fit params to free device memory: n_gpu_layers already set by user to 99, abort
0.03.287.989 I 
0.03.288.058 I system_info: n_threads = 16 (n_threads_batch = 16) / 32 | CUDA : ARCHS = 500,610,700,750,800,860,890,900 | USE_GRAPHS = 1 | FA_ALL_QUANTS = 1 | CPU : SSE3 = 1 | SSSE3 = 1 | AVX = 1 | AVX2 = 1 | F16C = 1 | FMA = 1 | BMI2 = 1 | LLAMAFILE = 1 | OPENMP = 1 | REPACK = 1 | 
0.03.522.952 I kl_divergence: computing over 145 chunks, n_ctx=2048, batch_size=2048, n_seq=1
0.21.916.848 I kl_divergence: 18.39 seconds per pass - ETA 44.45 minutes
--- ABORTED (ETA 44.45m > 4.0x baseline 6.07m) ---
llama-perplexity --kl-divergence-base /tmp/logits.dat --ctx-size 2048 -f sample-data/wiki.test.raw -hf prism-ml/Ternary-Bonsai-27B-gguf:Q2_g64 -fa on -ngl 99 -ctk iq4_nl -ctv iq4_nl --kl-divergence
0.01.184.284 W common_fit_params: failed to fit params to free device memory: n_gpu_layers already set by user to 99, abort
0.03.418.683 I 
0.03.418.750 I system_info: n_threads = 16 (n_threads_batch = 16) / 32 | CUDA : ARCHS = 500,610,700,750,800,860,890,900 | USE_GRAPHS = 1 | FA_ALL_QUANTS = 1 | CPU : SSE3 = 1 | SSSE3 = 1 | AVX = 1 | AVX2 = 1 | F16C = 1 | FMA = 1 | BMI2 = 1 | LLAMAFILE = 1 | OPENMP = 1 | REPACK = 1 | 
0.03.654.927 I kl_divergence: computing over 145 chunks, n_ctx=2048, batch_size=2048, n_seq=1
0.22.315.043 I kl_divergence: 18.66 seconds per pass - ETA 45.08 minutes
--- ABORTED (ETA 45.08m > 4.0x baseline 6.07m) ---
