llama-perplexity --version
version: 9905 (4595fff0b)
built with GNU 13.4.0 for Linux x86_64
------------------------------
llama-perplexity --kl-divergence-base /tmp/logits.dat --ctx-size 2048 -f sample-data/wiki.test.raw -hf unsloth/gemma-4-E2B-it-qat-GGUF:UD-Q4_K_XL -fa on -ngl 99 -ctk f16 -ctv f16
0.00.588.226 I common_init_result: fitting params to device memory ...
0.00.588.230 I common_init_result: (for bugs during this step try to reproduce them with -fit off, or provide --verbose logs if the bug only occurs with -fit on)
0.02.975.032 W load: control-looking token:    212 '</s>' was not control-type; this is probably a bug in the model. its type will be overridden
0.02.975.559 W load: control-looking token:     50 '<|tool_response>' was not control-type; this is probably a bug in the model. its type will be overridden
0.03.002.903 W load: special_eog_ids contains '<|tool_response>', removing '</s>' token from EOG list
0.05.173.128 W llama_context: n_ctx_seq (2048) < n_ctx_train (131072) -- the full capacity of the model will not be utilized
0.05.198.587 I common_init_from_params: warming up the model with an empty run - please wait ... (--no-warmup to disable)
0.05.235.150 I 
0.05.235.215 I system_info: n_threads = 16 (n_threads_batch = 16) / 32 | CUDA : ARCHS = 500,610,700,750,800,860,890,900 | USE_GRAPHS = 1 | PEER_MAX_BATCH_SIZE = 128 | CPU : SSE3 = 1 | SSSE3 = 1 | AVX = 1 | AVX2 = 1 | F16C = 1 | FMA = 1 | BMI2 = 1 | LLAMAFILE = 1 | OPENMP = 1 | REPACK = 1 | 
0.05.235.279 I perplexity: saving all logits to /tmp/logits.dat
0.05.235.282 I perplexity: tokenizing the input ..
0.06.094.551 I perplexity: tokenization took 859.261 ms
0.06.094.725 I perplexity: calculating perplexity over 144 chunks, n_ctx=2048, batch_size=2048, n_seq=1
0.07.572.252 I perplexity: 1.01 seconds per pass - ETA 2.42 minutes
[1]43.4092,[2]56.2438,[3]59.5531,[4]55.8575,[5]52.6530,[6]41.2049,[7]35.3242,[8]34.5946,[9]35.5751,[10]37.2896,[11]38.1163,[12]41.1597,[13]40.6561,[14]41.3507,[15]40.9414,[16]42.9071,[17]43.0476,[18]43.2760,[19]42.3618,[20]41.5629,[21]41.8364,[22]42.2143,[23]42.5239,[24]42.8881,[25]43.4674,[26]43.7856,[27]45.3342,[28]45.0466,[29]45.1257,[30]45.1877,[31]44.8327,[32]43.9122,[33]43.6617,[34]43.2182,[35]43.2006,[36]42.5269,[37]41.4475,[38]40.9482,[39]40.1885,[40]39.9344,[41]39.9121,[42]40.2835,[43]40.8592,[44]41.8417,[45]42.4490,[46]42.7757,[47]43.1195,[48]43.4594,[49]43.6242,[50]43.8372,[51]43.4982,[52]43.4366,[53]43.2840,[54]42.8157,[55]42.7095,[56]42.6051,[57]41.9390,[58]41.8799,[59]41.2915,[60]41.3854,[61]41.5797,[62]41.8665,[63]42.4159,[64]42.3710,[65]42.4975,[66]42.4818,[67]42.5482,[68]42.4901,[69]42.5851,[70]42.1716,[71]41.8201,[72]42.2874,[73]42.7388,[74]42.5734,[75]42.5138,[76]42.5585,[77]42.6236,[78]42.6130,[79]42.6775,[80]42.8614,[81]42.4274,[82]42.1016,[83]41.6649,[84]41.4466,[85]41.5676,[86]41.4907,[87]41.6264,[88]41.9806,[89]42.0148,[90]42.2933,[91]42.7818,[92]43.2239,[93]43.4724,[94]43.9822,[95]44.4555,[96]44.4043,[97]44.6098,[98]44.7529,[99]45.1106,[100]45.0658,[101]45.2671,[102]45.5055,[103]45.6976,[104]45.7927,[105]45.8238,[106]46.1186,[107]46.0769,[108]46.1918,[109]46.2281,[110]45.9846,[111]45.8937,[112]45.6978,[113]45.8867,[114]46.0990,[115]46.3000,[116]46.5472,[117]46.2371,[118]45.9321,[119]45.8571,[120]45.7084,[121]45.5278,[122]45.4052,[123]45.4945,[124]45.4860,[125]45.4962,[126]45.5782,[127]45.5168,[128]45.2641,[129]45.2113,[130]45.3617,[131]45.2452,[132]45.2890,[133]45.4159,[134]45.2226,[135]45.0450,[136]44.6838,[137]44.6127,[138]44.7500,[139]45.0842,[140]45.0720,[141]45.1445,[142]45.2170,[143]45.3807,[144]45.4394,
2.10.782.292 I Final estimate: PPL = 45.4394 +/- 0.48400

------------------------------
llama-perplexity --kl-divergence-base /tmp/logits.dat --ctx-size 2048 -f sample-data/wiki.test.raw -hf unsloth/gemma-4-E2B-it-qat-GGUF:UD-Q4_K_XL -fa on -ngl 99 -ctk f16 -ctv q8_0 --kl-divergence
0.00.479.871 I common_init_result: fitting params to device memory ...
0.00.479.874 I common_init_result: (for bugs during this step try to reproduce them with -fit off, or provide --verbose logs if the bug only occurs with -fit on)
0.02.881.453 W load: control-looking token:    212 '</s>' was not control-type; this is probably a bug in the model. its type will be overridden
0.02.882.006 W load: control-looking token:     50 '<|tool_response>' was not control-type; this is probably a bug in the model. its type will be overridden
0.02.909.937 W load: special_eog_ids contains '<|tool_response>', removing '</s>' token from EOG list
0.03.858.949 W llama_context: n_ctx_seq (2048) < n_ctx_train (131072) -- the full capacity of the model will not be utilized
0.03.885.286 I common_init_from_params: warming up the model with an empty run - please wait ... (--no-warmup to disable)
0.03.912.191 I 
0.03.912.258 I system_info: n_threads = 16 (n_threads_batch = 16) / 32 | CUDA : ARCHS = 500,610,700,750,800,860,890,900 | USE_GRAPHS = 1 | PEER_MAX_BATCH_SIZE = 128 | CPU : SSE3 = 1 | SSSE3 = 1 | AVX = 1 | AVX2 = 1 | F16C = 1 | FMA = 1 | BMI2 = 1 | LLAMAFILE = 1 | OPENMP = 1 | REPACK = 1 | 
0.04.146.623 I kl_divergence: computing over 144 chunks, n_ctx=2048, batch_size=2048, n_seq=1
0.05.165.771 I kl_divergence: 1.02 seconds per pass - ETA 2.43 minutes

chunk             PPL               ln(PPL(Q)/PPL(base))          KL Divergence              Δp RMS            Same top p
   1      43.9292 ±    5.6305       0.02299 ±    0.00680       0.00412 ±    0.00026     1.472 ±  0.138 %    97.654 ±  0.473 %
   2      56.4968 ±    5.0461       0.02203 ±    0.00580       0.00311 ±    0.00014     1.214 ±  0.086 %    97.654 ±  0.335 %
   3      59.7764 ±    4.3904       0.02239 ±    0.00547       0.00275 ±    0.00010     1.117 ±  0.064 %    97.556 ±  0.279 %
   4      55.9252 ±    3.5403       0.01670 ±    0.00424       0.00265 ±    0.00009     1.150 ±  0.064 %    97.483 ±  0.245 %
   5      52.7033 ±    3.0212       0.02103 ±    0.00436       0.00259 ±    0.00007     1.136 ±  0.053 %    97.380 ±  0.223 %
   6      41.2579 ±    2.0998       0.01958 ±    0.00380       0.00257 ±    0.00007     1.256 ±  0.064 %    97.507 ±  0.199 %
   7      35.3269 ±    1.6331       0.01593 ±    0.00330       0.00263 ±    0.00008     1.391 ±  0.070 %    97.626 ±  0.180 %
   8      34.5903 ±    1.4905       0.01518 ±    0.00297       0.00256 ±    0.00007     1.367 ±  0.063 %    97.654 ±  0.167 %
   9      35.5625 ±    1.4382       0.01478 ±    0.00277       0.00261 ±    0.00007     1.362 ±  0.061 %    97.589 ±  0.160 %
  10      37.2680 ±    1.4500       0.01698 ±    0.00286       0.00254 ±    0.00006     1.328 ±  0.056 %    97.615 ±  0.151 %
  11      38.0850 ±    1.4151       0.01650 ±    0.00269       0.00260 ±    0.00007     1.321 ±  0.052 %    97.547 ±  0.146 %
  12      41.4860 ±    1.4924       0.02505 ±    0.00276       0.00528 ±    0.00019     1.646 ±  0.062 %    97.255 ±  0.147 %
  13      40.9507 ±    1.4127       0.02395 ±    0.00262       0.00503 ±    0.00017     1.626 ±  0.059 %    97.316 ±  0.140 %
  14      41.6049 ±    1.3861       0.02344 ±    0.00255       0.00480 ±    0.00016     1.592 ±  0.057 %    97.389 ±  0.133 %
  15      41.1840 ±    1.3242       0.02235 ±    0.00240       0.00459 ±    0.00015     1.559 ±  0.054 %    97.445 ±  0.127 %
  16      43.1333 ±    1.3452       0.02107 ±    0.00229       0.00443 ±    0.00014     1.528 ±  0.052 %    97.465 ±  0.123 %
  17      43.2614 ±    1.3081       0.02021 ±    0.00217       0.00427 ±    0.00013     1.506 ±  0.050 %    97.516 ±  0.118 %
  18      43.4696 ±    1.2747       0.01969 ±    0.00208       0.00415 ±    0.00013     1.486 ±  0.048 %    97.458 ±  0.116 %
  19      42.5275 ±    1.2144       0.01920 ±    0.00204       0.00402 ±    0.00012     1.460 ±  0.046 %    97.494 ±  0.112 %
  20      41.7211 ±    1.1673       0.02295 ±    0.00238       0.00390 ±    0.00011     1.443 ±  0.044 %    97.522 ±  0.109 %
  21      41.9949 ±    1.1471       0.02319 ±    0.00232       0.00382 ±    0.00011     1.425 ±  0.043 %    97.496 ±  0.107 %
  22      42.3564 ±    1.1329       0.02334 ±    0.00228       0.00373 ±    0.00010     1.404 ±  0.042 %    97.503 ±  0.104 %
  23      42.6472 ±    1.1168       0.02319 ±    0.00225       0.00365 ±    0.00010     1.395 ±  0.040 %    97.522 ±  0.101 %
  24      42.9977 ±    1.1051       0.02323 ±    0.00220       0.00362 ±    0.00010     1.423 ±  0.056 %    97.503 ±  0.100 %
  25      43.5714 ±    1.0990       0.02327 ±    0.00215       0.00357 ±    0.00010     1.409 ±  0.055 %    97.541 ±  0.097 %
  26      43.8893 ±    1.0885       0.02366 ±    0.00212       0.00352 ±    0.00010     1.394 ±  0.053 %    97.549 ±  0.095 %
  27      45.4495 ±    1.1090       0.02379 ±    0.00207       0.00349 ±    0.00010     1.381 ±  0.052 %    97.571 ±  0.093 %
  28      45.1664 ±    1.0815       0.02352 ±    0.00201       0.00344 ±    0.00009     1.372 ±  0.050 %    97.563 ±  0.091 %
  29      45.2428 ±    1.0647       0.02368 ±    0.00198       0.00339 ±    0.00009     1.361 ±  0.049 %    97.576 ±  0.089 %
  30      45.3093 ±    1.0496       0.02422 ±    0.00198       0.00334 ±    0.00009     1.348 ±  0.048 %    97.569 ±  0.088 %
  31      44.9422 ±    1.0240       0.02352 ±    0.00192       0.00330 ±    0.00008     1.340 ±  0.046 %    97.581 ±  0.086 %
  32      44.0230 ±    0.9863       0.02331 ±    0.00187       0.00326 ±    0.00008     1.332 ±  0.045 %    97.605 ±  0.085 %
  33      43.7673 ±    0.9659       0.02357 ±    0.00186       0.00326 ±    0.00008     1.328 ±  0.044 %    97.589 ±  0.083 %
  34      43.3176 ±    0.9410       0.02344 ±    0.00183       0.00322 ±    0.00008     1.329 ±  0.044 %    97.596 ±  0.082 %
  35      43.2847 ±    0.9250       0.02258 ±    0.00178       0.00318 ±    0.00008     1.318 ±  0.043 %    97.595 ±  0.081 %
  36      42.6096 ±    0.8976       0.02251 ±    0.00176       0.00316 ±    0.00007     1.318 ±  0.042 %    97.621 ±  0.079 %
  37      41.5245 ±    0.8615       0.02260 ±    0.00177       0.00312 ±    0.00007     1.320 ±  0.041 %    97.646 ±  0.078 %
  38      41.0142 ±    0.8382       0.02204 ±    0.00173       0.00310 ±    0.00007     1.323 ±  0.040 %    97.618 ±  0.077 %
  39      40.2535 ±    0.8110       0.02203 ±    0.00170       0.00307 ±    0.00007     1.320 ±  0.039 %    97.626 ±  0.076 %
  40      39.9939 ±    0.7949       0.02196 ±    0.00168       0.00305 ±    0.00007     1.318 ±  0.038 %    97.620 ±  0.075 %
  41      39.9716 ±    0.7850       0.02188 ±    0.00165       0.00302 ±    0.00007     1.312 ±  0.037 %    97.616 ±  0.074 %
  42      40.3417 ±    0.7838       0.02216 ±    0.00164       0.00299 ±    0.00006     1.305 ±  0.037 %    97.610 ±  0.074 %
  43      40.9169 ±    0.7854       0.02208 ±    0.00162       0.00298 ±    0.00006     1.299 ±  0.036 %    97.595 ±  0.073 %
  44      41.9027 ±    0.7972       0.02227 ±    0.00160       0.00297 ±    0.00006     1.293 ±  0.036 %    97.601 ±  0.072 %
  45      42.5096 ±    0.8004       0.02207 ±    0.00158       0.00295 ±    0.00006     1.288 ±  0.035 %    97.597 ±  0.071 %
  46      42.8332 ±    0.7986       0.02244 ±    0.00158       0.00293 ±    0.00006     1.282 ±  0.034 %    97.584 ±  0.071 %
  47      43.1667 ±    0.7965       0.02224 ±    0.00157       0.00296 ±    0.00007     1.281 ±  0.034 %    97.583 ±  0.070 %
  48      43.5012 ±    0.7945       0.02218 ±    0.00156       0.00295 ±    0.00007     1.275 ±  0.033 %    97.581 ±  0.069 %
  49      43.6686 ±    0.7898       0.02250 ±    0.00155       0.00297 ±    0.00007     1.278 ±  0.033 %    97.608 ±  0.068 %
  50      43.8755 ±    0.7856       0.02229 ±    0.00153       0.00295 ±    0.00007     1.273 ±  0.033 %    97.617 ±  0.067 %
  51      43.5372 ±    0.7716       0.02260 ±    0.00154       0.00293 ±    0.00007     1.271 ±  0.032 %    97.635 ±  0.067 %
  52      43.4731 ±    0.7634       0.02277 ±    0.00152       0.00291 ±    0.00007     1.265 ±  0.032 %    97.635 ±  0.066 %
  53      43.3183 ±    0.7533       0.02251 ±    0.00150       0.00290 ±    0.00007     1.265 ±  0.031 %    97.641 ±  0.065 %
  54      42.8496 ±    0.7376       0.02271 ±    0.00151       0.00292 ±    0.00008     1.264 ±  0.031 %    97.658 ±  0.064 %
  55      42.7410 ±    0.7289       0.02258 ±    0.00150       0.00290 ±    0.00008     1.261 ±  0.030 %    97.668 ±  0.064 %
  56      42.6515 ±    0.7210       0.02278 ±    0.00148       0.00292 ±    0.00007     1.269 ±  0.030 %    97.654 ±  0.063 %
  57      41.9847 ±    0.7023       0.02267 ±    0.00146       0.00289 ±    0.00007     1.265 ±  0.029 %    97.659 ±  0.063 %
  58      41.9250 ±    0.6945       0.02247 ±    0.00144       0.00287 ±    0.00007     1.261 ±  0.029 %    97.676 ±  0.062 %
  59      41.3388 ±    0.6781       0.02250 ±    0.00142       0.00285 ±    0.00007     1.260 ±  0.028 %    97.687 ±  0.061 %
  60      41.4271 ±    0.6739       0.02238 ±    0.00141       0.00285 ±    0.00007     1.258 ±  0.028 %    97.685 ±  0.061 %
  61      41.6185 ±    0.6717       0.02268 ±    0.00143       0.00284 ±    0.00007     1.257 ±  0.028 %    97.689 ±  0.060 %
  62      41.9010 ±    0.6712       0.02274 ±    0.00142       0.00283 ±    0.00007     1.251 ±  0.027 %    97.700 ±  0.060 %
  63      42.4537 ±    0.6753       0.02261 ±    0.00140       0.00282 ±    0.00007     1.247 ±  0.027 %    97.704 ±  0.059 %
  64      42.4045 ±    0.6694       0.02255 ±    0.00139       0.00281 ±    0.00007     1.247 ±  0.027 %    97.700 ±  0.059 %
  65      42.5257 ±    0.6666       0.02240 ±    0.00137       0.00281 ±    0.00006     1.249 ±  0.026 %    97.704 ±  0.058 %
  66      42.5041 ±    0.6614       0.02232 ±    0.00136       0.00281 ±    0.00006     1.252 ±  0.026 %    97.709 ±  0.058 %
  67      42.5663 ±    0.6581       0.02228 ±    0.00135       0.00280 ±    0.00006     1.252 ±  0.026 %    97.711 ±  0.057 %
  68      42.5044 ±    0.6522       0.02193 ±    0.00133       0.00279 ±    0.00006     1.250 ±  0.025 %    97.714 ±  0.057 %
  69      42.6018 ±    0.6491       0.02215 ±    0.00133       0.00278 ±    0.00006     1.250 ±  0.025 %    97.711 ±  0.056 %
  70      42.1820 ±    0.6392       0.02274 ±    0.00134       0.00277 ±    0.00006     1.254 ±  0.025 %    97.710 ±  0.056 %
  71      41.8336 ±    0.6288       0.02262 ±    0.00132       0.00277 ±    0.00006     1.259 ±  0.025 %    97.716 ±  0.055 %
  72      42.2982 ±    0.6325       0.02250 ±    0.00130       0.00276 ±    0.00006     1.258 ±  0.024 %    97.712 ±  0.055 %
  73      42.7488 ±    0.6357       0.02246 ±    0.00129       0.00276 ±    0.00006     1.254 ±  0.024 %    97.721 ±  0.055 %
  74      42.5834 ±    0.6287       0.02239 ±    0.00128       0.00274 ±    0.00006     1.255 ±  0.024 %    97.720 ±  0.054 %
  75      42.5255 ±    0.6236       0.02263 ±    0.00129       0.00274 ±    0.00006     1.257 ±  0.024 %    97.714 ±  0.054 %
  76      42.5693 ±    0.6203       0.02278 ±    0.00128       0.00273 ±    0.00006     1.253 ±  0.024 %    97.725 ±  0.053 %
  77      42.6316 ±    0.6174       0.02288 ±    0.00129       0.00273 ±    0.00006     1.251 ±  0.023 %    97.712 ±  0.053 %
  78      42.6206 ±    0.6133       0.02282 ±    0.00128       0.00272 ±    0.00005     1.249 ±  0.023 %    97.723 ±  0.053 %
  79      42.6870 ±    0.6104       0.02276 ±    0.00127       0.00272 ±    0.00005     1.249 ±  0.023 %    97.724 ±  0.052 %
  80      42.8716 ±    0.6093       0.02276 ±    0.00126       0.00271 ±    0.00005     1.245 ±  0.023 %    97.727 ±  0.052 %
  81      42.4393 ±    0.5988       0.02262 ±    0.00124       0.00270 ±    0.00005     1.242 ±  0.022 %    97.735 ±  0.052 %
  82      42.1145 ±    0.5905       0.02267 ±    0.00123       0.00268 ±    0.00005     1.239 ±  0.022 %    97.743 ±  0.051 %
  83      41.6756 ±    0.5806       0.02262 ±    0.00122       0.00267 ±    0.00005     1.243 ±  0.022 %    97.747 ±  0.051 %
  84      41.4552 ±    0.5741       0.02242 ±    0.00121       0.00267 ±    0.00005     1.241 ±  0.022 %    97.758 ±  0.051 %
  85      41.5755 ±    0.5725       0.02235 ±    0.00120       0.00266 ±    0.00005     1.239 ±  0.022 %    97.759 ±  0.050 %
  86      41.4953 ±    0.5679       0.02229 ±    0.00120       0.00266 ±    0.00005     1.237 ±  0.021 %    97.753 ±  0.050 %
  87      41.6323 ±    0.5665       0.02240 ±    0.00119       0.00265 ±    0.00005     1.234 ±  0.021 %    97.754 ±  0.050 %
  88      41.9838 ±    0.5678       0.02233 ±    0.00118       0.00265 ±    0.00005     1.231 ±  0.021 %    97.753 ±  0.049 %
  89      42.0189 ±    0.5651       0.02237 ±    0.00117       0.00264 ±    0.00005     1.228 ±  0.021 %    97.767 ±  0.049 %
  90      42.2930 ±    0.5655       0.02206 ±    0.00116       0.00264 ±    0.00005     1.228 ±  0.021 %    97.754 ±  0.049 %
  91      42.7819 ±    0.5690       0.02195 ±    0.00115       0.00265 ±    0.00005     1.225 ±  0.021 %    97.751 ±  0.049 %
  92      43.2207 ±    0.5721       0.02183 ±    0.00114       0.00264 ±    0.00005     1.222 ±  0.020 %    97.753 ±  0.048 %
  93      43.4664 ±    0.5720       0.02170 ±    0.00113       0.00264 ±    0.00005     1.220 ±  0.020 %    97.752 ±  0.048 %
  94      43.9751 ±    0.5763       0.02167 ±    0.00112       0.00264 ±    0.00005     1.216 ±  0.020 %    97.753 ±  0.048 %
  95      44.4541 ±    0.5799       0.02178 ±    0.00112       0.00264 ±    0.00005     1.213 ±  0.020 %    97.735 ±  0.048 %
  96      44.4042 ±    0.5760       0.02175 ±    0.00111       0.00263 ±    0.00005     1.213 ±  0.020 %    97.738 ±  0.047 %
  97      44.6067 ±    0.5759       0.02158 ±    0.00110       0.00263 ±    0.00005     1.211 ±  0.020 %    97.741 ±  0.047 %
  98      44.7471 ±    0.5751       0.02166 ±    0.00110       0.00262 ±    0.00005     1.209 ±  0.019 %    97.750 ±  0.047 %
  99      45.1057 ±    0.5775       0.02189 ±    0.00110       0.00262 ±    0.00005     1.208 ±  0.019 %    97.752 ±  0.047 %
 100      45.0627 ±    0.5740       0.02193 ±    0.00110       0.00263 ±    0.00005     1.209 ±  0.019 %    97.751 ±  0.046 %
 101      45.2624 ±    0.5740       0.02207 ±    0.00110       0.00263 ±    0.00005     1.207 ±  0.019 %    97.752 ±  0.046 %
 102      45.4991 ±    0.5745       0.02202 ±    0.00109       0.00262 ±    0.00005     1.205 ±  0.019 %    97.754 ±  0.046 %
 103      45.6899 ±    0.5741       0.02201 ±    0.00109       0.00262 ±    0.00005     1.203 ±  0.019 %    97.741 ±  0.046 %
 104      45.7838 ±    0.5725       0.02225 ±    0.00109       0.00262 ±    0.00004     1.205 ±  0.019 %    97.742 ±  0.046 %
 105      45.8128 ±    0.5701       0.02226 ±    0.00109       0.00262 ±    0.00004     1.205 ±  0.018 %    97.739 ±  0.045 %
 106      46.1048 ±    0.5715       0.02229 ±    0.00109       0.00262 ±    0.00004     1.204 ±  0.018 %    97.741 ±  0.045 %
 107      46.0620 ±    0.5680       0.02233 ±    0.00109       0.00261 ±    0.00004     1.203 ±  0.018 %    97.745 ±  0.045 %
 108      46.1801 ±    0.5669       0.02243 ±    0.00108       0.00261 ±    0.00004     1.202 ±  0.018 %    97.746 ±  0.045 %
 109      46.2180 ±    0.5649       0.02250 ±    0.00108       0.00260 ±    0.00004     1.200 ±  0.018 %    97.753 ±  0.044 %
 110      45.9737 ±    0.5591       0.02257 ±    0.00108       0.00259 ±    0.00004     1.201 ±  0.018 %    97.753 ±  0.044 %
 111      45.8814 ±    0.5552       0.02251 ±    0.00107       0.00259 ±    0.00004     1.201 ±  0.018 %    97.753 ±  0.044 %
 112      45.6882 ±    0.5503       0.02254 ±    0.00106       0.00258 ±    0.00004     1.199 ±  0.018 %    97.759 ±  0.044 %
 113      45.8760 ±    0.5505       0.02251 ±    0.00106       0.00258 ±    0.00004     1.198 ±  0.018 %    97.757 ±  0.044 %
 114      46.0959 ±    0.5511       0.02269 ±    0.00105       0.00260 ±    0.00004     1.200 ±  0.017 %    97.753 ±  0.043 %
 115      46.2968 ±    0.5515       0.02277 ±    0.00105       0.00259 ±    0.00004     1.198 ±  0.017 %    97.753 ±  0.043 %
 116      46.5379 ±    0.5523       0.02284 ±    0.00105       0.00260 ±    0.00004     1.199 ±  0.017 %    97.747 ±  0.043 %
 117      46.2242 ±    0.5459       0.02267 ±    0.00105       0.00260 ±    0.00004     1.202 ±  0.018 %    97.747 ±  0.043 %
 118      45.9193 ±    0.5399       0.02286 ±    0.00105       0.00259 ±    0.00004     1.200 ±  0.018 %    97.753 ±  0.043 %
 119      45.8440 ±    0.5366       0.02273 ±    0.00104       0.00259 ±    0.00004     1.199 ±  0.018 %    97.761 ±  0.042 %
 120      45.6945 ±    0.5324       0.02263 ±    0.00104       0.00258 ±    0.00004     1.199 ±  0.017 %    97.765 ±  0.042 %
 121      45.5160 ±    0.5280       0.02276 ±    0.00104       0.00257 ±    0.00004     1.200 ±  0.017 %    97.761 ±  0.042 %
 122      45.3936 ±    0.5242       0.02271 ±    0.00103       0.00257 ±    0.00004     1.198 ±  0.017 %    97.768 ±  0.042 %
 123      45.4808 ±    0.5233       0.02274 ±    0.00102       0.00257 ±    0.00004     1.199 ±  0.017 %    97.766 ±  0.042 %
 124      45.4732 ±    0.5212       0.02265 ±    0.00102       0.00257 ±    0.00004     1.199 ±  0.017 %    97.774 ±  0.041 %
 125      45.4834 ±    0.5196       0.02293 ±    0.00103       0.00256 ±    0.00004     1.199 ±  0.017 %    97.773 ±  0.041 %
 126      45.5664 ±    0.5185       0.02292 ±    0.00102       0.00256 ±    0.00004     1.198 ±  0.017 %    97.777 ±  0.041 %
 127      45.5047 ±    0.5156       0.02284 ±    0.00101       0.00255 ±    0.00004     1.198 ±  0.017 %    97.785 ±  0.041 %
 128      45.2539 ±    0.5105       0.02282 ±    0.00101       0.00255 ±    0.00004     1.205 ±  0.018 %    97.787 ±  0.041 %
 129      45.2019 ±    0.5078       0.02285 ±    0.00100       0.00255 ±    0.00004     1.205 ±  0.018 %    97.787 ±  0.040 %
 130      45.3509 ±    0.5078       0.02293 ±    0.00100       0.00256 ±    0.00004     1.219 ±  0.023 %    97.789 ±  0.040 %
 131      45.2314 ±    0.5044       0.02286 ±    0.00100       0.00255 ±    0.00004     1.217 ±  0.023 %    97.793 ±  0.040 %
 132      45.2716 ±    0.5031       0.02278 ±    0.00099       0.00255 ±    0.00004     1.216 ±  0.023 %    97.797 ±  0.040 %
 133      45.3992 ±    0.5026       0.02287 ±    0.00099       0.00254 ±    0.00004     1.214 ±  0.023 %    97.798 ±  0.040 %
 134      45.2038 ±    0.4982       0.02273 ±    0.00099       0.00254 ±    0.00004     1.215 ±  0.022 %    97.799 ±  0.040 %
 135      45.0249 ±    0.4943       0.02274 ±    0.00098       0.00254 ±    0.00004     1.216 ±  0.022 %    97.802 ±  0.039 %
 136      44.6633 ±    0.4884       0.02283 ±    0.00098       0.00253 ±    0.00004     1.214 ±  0.022 %    97.812 ±  0.039 %
 137      44.5941 ±    0.4859       0.02286 ±    0.00098       0.00252 ±    0.00004     1.212 ±  0.022 %    97.810 ±  0.039 %
 138      44.7331 ±    0.4858       0.02308 ±    0.00098       0.00252 ±    0.00004     1.210 ±  0.022 %    97.818 ±  0.039 %
 139      45.0655 ±    0.4881       0.02308 ±    0.00097       0.00252 ±    0.00004     1.209 ±  0.022 %    97.821 ±  0.039 %
 140      45.0524 ±    0.4861       0.02299 ±    0.00097       0.00252 ±    0.00004     1.211 ±  0.022 %    97.817 ±  0.039 %
 141      45.1263 ±    0.4853       0.02301 ±    0.00096       0.00252 ±    0.00004     1.210 ±  0.022 %    97.809 ±  0.039 %
 142      45.1986 ±    0.4844       0.02295 ±    0.00096       0.00251 ±    0.00004     1.208 ±  0.022 %    97.807 ±  0.038 %
 143      45.3655 ±    0.4845       0.02297 ±    0.00095       0.00251 ±    0.00004     1.208 ±  0.021 %    97.808 ±  0.038 %
 144      45.4239 ±    0.4838       0.02303 ±    0.00095       0.00252 ±    0.00004     1.207 ±  0.021 %    97.807 ±  0.038 %

====== Perplexity statistics ======
Mean PPL(Q)                   :  45.423944 ±   0.483755
Mean PPL(base)                :  44.389851 ±   0.462582
Cor(ln(PPL(Q)), ln(PPL(base))):  99.62%
Mean ln(PPL(Q)/PPL(base))     :   0.023029 ±   0.000950
Mean PPL(Q)/PPL(base)         :   1.023296 ±   0.000972
Mean PPL(Q)-PPL(base)         :   1.034093 ±   0.046510

====== KL divergence statistics ======
Mean    KLD:   0.002515 ±   0.000036
Maximum KLD:   1.996976
99.9%   KLD:   0.112203
99.0%   KLD:   0.020741
95.0%   KLD:   0.007819
90.0%   KLD:   0.005085
Median  KLD:   0.000996
10.0%   KLD:   0.000029
 5.0%   KLD:   0.000004
 1.0%   KLD:  -0.000001
 0.1%   KLD:  -0.000016
Minimum KLD:  -0.000113

====== Token probability statistics ======
Mean    Δp: -0.000 ± 0.003 %
Maximum Δp: 69.513%
99.9%   Δp:  8.139%
99.0%   Δp:  3.597%
95.0%   Δp:  1.451%
90.0%   Δp:  0.675%
75.0%   Δp:  0.069%
Median  Δp:  0.000%
25.0%   Δp: -0.062%
10.0%   Δp: -0.672%
 5.0%   Δp: -1.449%
 1.0%   Δp: -3.652%
 0.1%   Δp: -8.854%
Minimum Δp: -47.602%
RMS Δp    :  1.207 ± 0.021 %
Same top p: 97.807 ± 0.038 %

------------------------------
llama-perplexity --kl-divergence-base /tmp/logits.dat --ctx-size 2048 -f sample-data/wiki.test.raw -hf unsloth/gemma-4-E2B-it-qat-GGUF:UD-Q4_K_XL -fa on -ngl 99 -ctk f16 -ctv q4_0 --kl-divergence
0.00.469.826 I common_init_result: fitting params to device memory ...
0.00.469.830 I common_init_result: (for bugs during this step try to reproduce them with -fit off, or provide --verbose logs if the bug only occurs with -fit on)
0.02.851.359 W load: control-looking token:    212 '</s>' was not control-type; this is probably a bug in the model. its type will be overridden
0.02.851.882 W load: control-looking token:     50 '<|tool_response>' was not control-type; this is probably a bug in the model. its type will be overridden
0.02.879.256 W load: special_eog_ids contains '<|tool_response>', removing '</s>' token from EOG list
0.03.815.266 W llama_context: n_ctx_seq (2048) < n_ctx_train (131072) -- the full capacity of the model will not be utilized
0.03.843.615 I common_init_from_params: warming up the model with an empty run - please wait ... (--no-warmup to disable)
0.03.868.000 I 
0.03.868.061 I system_info: n_threads = 16 (n_threads_batch = 16) / 32 | CUDA : ARCHS = 500,610,700,750,800,860,890,900 | USE_GRAPHS = 1 | PEER_MAX_BATCH_SIZE = 128 | CPU : SSE3 = 1 | SSSE3 = 1 | AVX = 1 | AVX2 = 1 | F16C = 1 | FMA = 1 | BMI2 = 1 | LLAMAFILE = 1 | OPENMP = 1 | REPACK = 1 | 
0.04.100.810 I kl_divergence: computing over 144 chunks, n_ctx=2048, batch_size=2048, n_seq=1
0.08.136.829 I kl_divergence: 4.04 seconds per pass - ETA 9.68 minutes

chunk             PPL               ln(PPL(Q)/PPL(base))          KL Divergence              Δp RMS            Same top p
   1      43.8913 ±    5.6474       0.02213 ±    0.01129       0.02374 ±    0.00161     4.373 ±  0.418 %    93.353 ±  0.779 %
   2      59.9601 ±    5.4329       0.08153 ±    0.01147       0.03517 ±    0.00136     4.378 ±  0.261 %    91.056 ±  0.631 %
   3      63.5205 ±    4.7269       0.08314 ±    0.01008       0.04039 ±    0.00123     4.585 ±  0.219 %    90.225 ±  0.536 %
   4      58.6660 ±    3.7509       0.06455 ±    0.00786       0.03444 ±    0.00096     4.256 ±  0.182 %    91.227 ±  0.442 %
   5      54.9423 ±    3.1744       0.06264 ±    0.00694       0.03124 ±    0.00086     4.013 ±  0.156 %    91.652 ±  0.387 %
   6      42.8851 ±    2.1984       0.05826 ±    0.00599       0.02901 ±    0.00076     4.050 ±  0.138 %    92.001 ±  0.346 %
   7      36.5417 ±    1.6999       0.04974 ±    0.00526       0.02715 ±    0.00067     4.108 ±  0.127 %    92.431 ±  0.313 %
   8      35.6369 ±    1.5442       0.04498 ±    0.00476       0.02582 ±    0.00060     4.048 ±  0.117 %    92.632 ±  0.289 %
   9      36.5846 ±    1.4877       0.04311 ±    0.00439       0.02488 ±    0.00054     3.963 ±  0.108 %    92.679 ±  0.271 %
  10      38.3170 ±    1.4987       0.04474 ±    0.00424       0.02410 ±    0.00052     3.897 ±  0.104 %    92.805 ±  0.255 %
  11      39.3471 ±    1.4718       0.04911 ±    0.00420       0.02631 ±    0.00056     4.040 ±  0.105 %    92.633 ±  0.246 %
  12      42.8554 ±    1.5522       0.05753 ±    0.00419       0.02930 ±    0.00058     4.217 ±  0.115 %    92.392 ±  0.239 %
  13      42.1914 ±    1.4650       0.05380 ±    0.00394       0.02805 ±    0.00055     4.145 ±  0.111 %    92.608 ±  0.227 %
  14      42.7746 ±    1.4343       0.05117 ±    0.00379       0.02701 ±    0.00051     4.071 ±  0.106 %    92.822 ±  0.216 %
  15      42.2922 ±    1.3682       0.04891 ±    0.00358       0.02618 ±    0.00049     4.014 ±  0.103 %    92.916 ±  0.207 %
  16      44.2812 ±    1.3895       0.04733 ±    0.00342       0.02535 ±    0.00046     3.938 ±  0.099 %    92.999 ±  0.199 %
  17      44.3081 ±    1.3473       0.04412 ±    0.00325       0.02472 ±    0.00044     3.902 ±  0.095 %    93.123 ±  0.192 %
  18      44.5566 ±    1.3144       0.04439 ±    0.00314       0.02442 ±    0.00042     3.894 ±  0.092 %    93.087 ±  0.187 %
  19      43.5565 ±    1.2509       0.04311 ±    0.00301       0.02381 ±    0.00040     3.834 ±  0.088 %    93.301 ±  0.179 %
  20      42.7294 ±    1.2030       0.04683 ±    0.00331       0.02339 ±    0.00039     3.828 ±  0.086 %    93.368 ±  0.174 %
  21      42.9636 ±    1.1808       0.04599 ±    0.00321       0.02303 ±    0.00038     3.790 ±  0.084 %    93.413 ±  0.169 %
  22      43.2899 ±    1.1646       0.04513 ±    0.00313       0.02264 ±    0.00037     3.745 ±  0.081 %    93.473 ±  0.165 %
  23      43.5732 ±    1.1473       0.04467 ±    0.00305       0.02238 ±    0.00035     3.736 ±  0.079 %    93.480 ±  0.161 %
  24      43.9330 ±    1.1357       0.04475 ±    0.00298       0.02206 ±    0.00035     3.718 ±  0.079 %    93.528 ±  0.157 %
  25      44.5104 ±    1.1293       0.04459 ±    0.00290       0.02179 ±    0.00033     3.684 ±  0.077 %    93.603 ±  0.153 %
  26      44.8367 ±    1.1183       0.04502 ±    0.00285       0.02166 ±    0.00033     3.666 ±  0.075 %    93.616 ±  0.150 %
  27      46.5571 ±    1.1432       0.04787 ±    0.00284       0.02294 ±    0.00033     3.692 ±  0.073 %    93.465 ±  0.149 %
  28      46.2221 ±    1.1136       0.04662 ±    0.00276       0.02285 ±    0.00035     3.688 ±  0.072 %    93.479 ±  0.146 %
  29      46.2689 ±    1.0953       0.04610 ±    0.00271       0.02260 ±    0.00034     3.668 ±  0.071 %    93.488 ±  0.143 %
  30      46.3214 ±    1.0794       0.04631 ±    0.00268       0.02236 ±    0.00033     3.642 ±  0.069 %    93.496 ±  0.141 %
  31      45.9190 ±    1.0522       0.04502 ±    0.00261       0.02217 ±    0.00032     3.631 ±  0.068 %    93.548 ±  0.138 %
  32      44.9524 ±    1.0127       0.04421 ±    0.00254       0.02191 ±    0.00031     3.624 ±  0.067 %    93.628 ±  0.135 %
  33      44.7396 ±    0.9930       0.04555 ±    0.00253       0.02255 ±    0.00031     3.641 ±  0.065 %    93.510 ±  0.134 %
  34      44.2658 ±    0.9670       0.04510 ±    0.00249       0.02233 ±    0.00031     3.626 ±  0.064 %    93.546 ±  0.132 %
  35      44.2078 ±    0.9500       0.04368 ±    0.00243       0.02208 ±    0.00030     3.596 ±  0.063 %    93.557 ±  0.130 %
  36      43.4801 ±    0.9208       0.04273 ±    0.00238       0.02184 ±    0.00029     3.583 ±  0.062 %    93.589 ±  0.128 %
  37      42.3618 ±    0.8834       0.04256 ±    0.00237       0.02166 ±    0.00029     3.587 ±  0.061 %    93.620 ±  0.126 %
  38      41.9351 ±    0.8618       0.04424 ±    0.00235       0.02215 ±    0.00029     3.638 ±  0.061 %    93.551 ±  0.125 %
  39      41.1537 ±    0.8338       0.04415 ±    0.00231       0.02195 ±    0.00028     3.641 ±  0.061 %    93.601 ±  0.123 %
  40      40.8698 ±    0.8169       0.04362 ±    0.00228       0.02180 ±    0.00028     3.643 ±  0.059 %    93.636 ±  0.121 %
  41      40.8201 ±    0.8060       0.04288 ±    0.00224       0.02162 ±    0.00027     3.643 ±  0.058 %    93.663 ±  0.119 %
  42      41.2252 ±    0.8054       0.04382 ±    0.00224       0.02267 ±    0.00029     3.741 ±  0.064 %    93.569 ±  0.118 %
  43      41.9109 ±    0.8092       0.04608 ±    0.00224       0.02371 ±    0.00030     3.793 ±  0.064 %    93.412 ±  0.118 %
  44      42.8800 ±    0.8205       0.04533 ±    0.00221       0.02358 ±    0.00029     3.778 ±  0.063 %    93.426 ±  0.117 %
  45      43.4833 ±    0.8233       0.04471 ±    0.00218       0.02343 ±    0.00029     3.758 ±  0.062 %    93.427 ±  0.116 %
  46      43.8006 ±    0.8211       0.04478 ±    0.00216       0.02326 ±    0.00028     3.732 ±  0.061 %    93.444 ±  0.114 %
  47      44.1209 ±    0.8185       0.04410 ±    0.00214       0.02329 ±    0.00029     3.734 ±  0.060 %    93.434 ±  0.113 %
  48      44.4559 ±    0.8163       0.04389 ±    0.00212       0.02314 ±    0.00029     3.714 ±  0.059 %    93.436 ±  0.112 %
  49      44.6448 ±    0.8119       0.04461 ±    0.00210       0.02305 ±    0.00029     3.708 ±  0.058 %    93.473 ±  0.110 %
  50      44.8560 ±    0.8075       0.04440 ±    0.00207       0.02291 ±    0.00028     3.701 ±  0.058 %    93.447 ±  0.109 %
  51      44.5799 ±    0.7944       0.04627 ±    0.00208       0.02369 ±    0.00030     3.757 ±  0.058 %    93.391 ±  0.109 %
  52      44.5602 ±    0.7869       0.04747 ±    0.00207       0.02432 ±    0.00030     3.798 ±  0.057 %    93.296 ±  0.108 %
  53      44.3653 ±    0.7757       0.04640 ±    0.00204       0.02413 ±    0.00029     3.783 ±  0.056 %    93.320 ±  0.107 %
  54      43.8889 ±    0.7596       0.04668 ±    0.00203       0.02399 ±    0.00029     3.784 ±  0.056 %    93.344 ±  0.106 %
  55      43.7808 ±    0.7507       0.04662 ±    0.00201       0.02383 ±    0.00029     3.776 ±  0.055 %    93.356 ±  0.105 %
  56      43.6740 ±    0.7423       0.04647 ±    0.00199       0.02383 ±    0.00028     3.792 ±  0.055 %    93.397 ±  0.104 %
  57      42.9675 ±    0.7226       0.04581 ±    0.00196       0.02362 ±    0.00028     3.787 ±  0.054 %    93.435 ±  0.103 %
  58      43.0122 ±    0.7167       0.04807 ±    0.00197       0.02434 ±    0.00029     3.835 ±  0.055 %    93.365 ±  0.102 %
  59      42.3941 ±    0.6994       0.04771 ±    0.00194       0.02414 ±    0.00029     3.823 ±  0.054 %    93.383 ±  0.101 %
  60      42.4782 ±    0.6950       0.04743 ±    0.00193       0.02407 ±    0.00029     3.816 ±  0.054 %    93.397 ±  0.100 %
  61      42.7283 ±    0.6937       0.04899 ±    0.00194       0.02462 ±    0.00029     3.853 ±  0.053 %    93.353 ±  0.100 %
  62      43.0209 ±    0.6933       0.04912 ±    0.00193       0.02448 ±    0.00029     3.837 ±  0.053 %    93.369 ±  0.099 %
  63      43.5622 ±    0.6969       0.04838 ±    0.00190       0.02435 ±    0.00028     3.819 ±  0.052 %    93.376 ±  0.098 %
  64      43.5075 ±    0.6907       0.04823 ±    0.00188       0.02426 ±    0.00028     3.810 ±  0.052 %    93.390 ±  0.097 %
  65      43.7015 ±    0.6891       0.04967 ±    0.00189       0.02491 ±    0.00029     3.875 ±  0.053 %    93.350 ±  0.097 %
  66      43.6546 ±    0.6833       0.04903 ±    0.00188       0.02475 ±    0.00028     3.867 ±  0.052 %    93.380 ±  0.096 %
  67      43.7102 ±    0.6797       0.04880 ±    0.00186       0.02465 ±    0.00028     3.863 ±  0.052 %    93.408 ±  0.095 %
  68      43.6403 ±    0.6735       0.04830 ±    0.00184       0.02450 ±    0.00027     3.857 ±  0.051 %    93.423 ±  0.094 %
  69      43.7144 ±    0.6698       0.04793 ±    0.00183       0.02441 ±    0.00027     3.857 ±  0.051 %    93.428 ±  0.093 %
  70      43.3019 ±    0.6598       0.04895 ±    0.00182       0.02434 ±    0.00027     3.873 ±  0.050 %    93.425 ±  0.093 %
  71      42.9947 ±    0.6500       0.05000 ±    0.00181       0.02455 ±    0.00027     3.901 ±  0.050 %    93.413 ±  0.092 %
  72      43.4771 ±    0.6539       0.04999 ±    0.00179       0.02450 ±    0.00026     3.901 ±  0.050 %    93.396 ±  0.092 %
  73      43.9548 ±    0.6575       0.05028 ±    0.00179       0.02493 ±    0.00026     3.907 ±  0.049 %    93.352 ±  0.091 %
  74      43.8272 ±    0.6510       0.05118 ±    0.00178       0.02513 ±    0.00026     3.923 ±  0.049 %    93.326 ±  0.091 %
  75      43.7697 ±    0.6458       0.05147 ±    0.00178       0.02499 ±    0.00026     3.912 ±  0.048 %    93.348 ±  0.090 %
  76      43.8397 ±    0.6428       0.05219 ±    0.00178       0.02534 ±    0.00026     3.946 ±  0.048 %    93.309 ±  0.090 %
  77      43.9293 ±    0.6402       0.05286 ±    0.00178       0.02571 ±    0.00026     3.966 ±  0.048 %    93.240 ±  0.089 %
  78      43.8901 ±    0.6355       0.05217 ±    0.00176       0.02559 ±    0.00026     3.960 ±  0.047 %    93.249 ±  0.089 %
  79      43.9379 ±    0.6321       0.05165 ±    0.00175       0.02548 ±    0.00025     3.953 ±  0.047 %    93.251 ±  0.088 %
  80      44.1097 ±    0.6306       0.05123 ±    0.00173       0.02534 ±    0.00025     3.938 ±  0.047 %    93.269 ±  0.088 %
  81      43.6581 ±    0.6197       0.05094 ±    0.00172       0.02517 ±    0.00025     3.924 ±  0.046 %    93.301 ±  0.087 %
  82      43.3103 ±    0.6109       0.05067 ±    0.00170       0.02502 ±    0.00025     3.915 ±  0.046 %    93.334 ±  0.086 %
  83      42.8587 ±    0.6007       0.05061 ±    0.00169       0.02492 ±    0.00025     3.909 ±  0.045 %    93.355 ±  0.085 %
  84      42.6233 ±    0.5938       0.05021 ±    0.00167       0.02478 ±    0.00024     3.896 ±  0.045 %    93.399 ±  0.085 %
  85      42.7811 ±    0.5926       0.05093 ±    0.00166       0.02514 ±    0.00024     3.919 ±  0.045 %    93.345 ±  0.085 %
  86      42.6927 ±    0.5878       0.05074 ±    0.00165       0.02503 ±    0.00024     3.910 ±  0.044 %    93.348 ±  0.084 %
  87      42.8301 ±    0.5863       0.05077 ±    0.00164       0.02494 ±    0.00024     3.904 ±  0.044 %    93.352 ±  0.084 %
  88      43.1754 ±    0.5874       0.05031 ±    0.00163       0.02484 ±    0.00024     3.893 ±  0.044 %    93.361 ±  0.083 %
  89      43.2349 ±    0.5849       0.05089 ±    0.00162       0.02509 ±    0.00023     3.908 ±  0.044 %    93.327 ±  0.083 %
  90      43.5242 ±    0.5855       0.05075 ±    0.00161       0.02506 ±    0.00023     3.904 ±  0.043 %    93.326 ±  0.082 %
  91      44.0223 ±    0.5890       0.05054 ±    0.00159       0.02499 ±    0.00023     3.892 ±  0.043 %    93.321 ±  0.082 %
  92      44.4655 ±    0.5921       0.05023 ±    0.00158       0.02491 ±    0.00023     3.884 ±  0.043 %    93.327 ±  0.081 %
  93      44.7042 ±    0.5918       0.04978 ±    0.00157       0.02486 ±    0.00023     3.878 ±  0.042 %    93.316 ±  0.081 %
  94      45.2274 ±    0.5961       0.04975 ±    0.00156       0.02479 ±    0.00023     3.864 ±  0.042 %    93.316 ±  0.081 %
  95      45.7477 ±    0.6003       0.05046 ±    0.00155       0.02500 ±    0.00022     3.865 ±  0.042 %    93.253 ±  0.080 %
  96      45.6897 ±    0.5962       0.05029 ±    0.00154       0.02493 ±    0.00022     3.863 ±  0.041 %    93.260 ±  0.080 %
  97      45.8918 ±    0.5960       0.04999 ±    0.00153       0.02483 ±    0.00022     3.853 ±  0.041 %    93.275 ±  0.080 %
  98      46.0291 ±    0.5950       0.04991 ±    0.00152       0.02472 ±    0.00022     3.844 ±  0.041 %    93.276 ±  0.079 %
  99      46.3814 ±    0.5972       0.04978 ±    0.00152       0.02464 ±    0.00022     3.835 ±  0.041 %    93.288 ±  0.079 %
 100      46.3306 ±    0.5935       0.04968 ±    0.00151       0.02457 ±    0.00022     3.832 ±  0.040 %    93.281 ±  0.078 %
 101      46.5295 ±    0.5935       0.04968 ±    0.00150       0.02450 ±    0.00021     3.834 ±  0.041 %    93.279 ±  0.078 %
 102      46.7579 ±    0.5937       0.04931 ±    0.00149       0.02443 ±    0.00021     3.824 ±  0.040 %    93.271 ±  0.078 %
 103      46.9489 ±    0.5932       0.04919 ±    0.00149       0.02436 ±    0.00021     3.819 ±  0.040 %    93.264 ±  0.077 %
 104      47.0379 ±    0.5915       0.04927 ±    0.00149       0.02428 ±    0.00021     3.811 ±  0.040 %    93.274 ±  0.077 %
 105      47.0549 ±    0.5888       0.04901 ±    0.00148       0.02425 ±    0.00021     3.814 ±  0.040 %    93.285 ±  0.076 %
 106      47.3404 ±    0.5900       0.04874 ±    0.00147       0.02416 ±    0.00021     3.802 ±  0.040 %    93.292 ±  0.076 %
 107      47.2961 ±    0.5865       0.04877 ±    0.00147       0.02409 ±    0.00021     3.798 ±  0.040 %    93.300 ±  0.076 %
 108      47.4019 ±    0.5851       0.04854 ±    0.00146       0.02403 ±    0.00021     3.795 ±  0.040 %    93.318 ±  0.075 %
 109      47.4244 ±    0.5827       0.04826 ±    0.00145       0.02397 ±    0.00021     3.793 ±  0.039 %    93.330 ±  0.075 %
 110      47.1667 ±    0.5766       0.04819 ±    0.00144       0.02388 ±    0.00020     3.790 ±  0.039 %    93.356 ±  0.074 %
 111      47.0609 ±    0.5725       0.04789 ±    0.00144       0.02381 ±    0.00020     3.785 ±  0.039 %    93.364 ±  0.074 %
 112      46.8833 ±    0.5677       0.04836 ±    0.00143       0.02403 ±    0.00020     3.797 ±  0.039 %    93.359 ±  0.074 %
 113      47.0599 ±    0.5677       0.04799 ±    0.00142       0.02394 ±    0.00020     3.790 ±  0.039 %    93.369 ±  0.073 %
 114      47.2794 ±    0.5682       0.04804 ±    0.00142       0.02392 ±    0.00020     3.787 ±  0.038 %    93.368 ±  0.073 %
 115      47.4734 ±    0.5684       0.04787 ±    0.00141       0.02387 ±    0.00020     3.782 ±  0.038 %    93.372 ±  0.073 %
 116      47.7414 ±    0.5696       0.04837 ±    0.00141       0.02421 ±    0.00020     3.793 ±  0.038 %    93.329 ±  0.072 %
 117      47.4382 ±    0.5632       0.04859 ±    0.00141       0.02442 ±    0.00020     3.809 ±  0.038 %    93.319 ±  0.072 %
 118      47.1241 ±    0.5571       0.04876 ±    0.00141       0.02431 ±    0.00020     3.804 ±  0.038 %    93.343 ±  0.072 %
 119      47.0460 ±    0.5536       0.04861 ±    0.00140       0.02421 ±    0.00020     3.797 ±  0.037 %    93.359 ±  0.071 %
 120      46.8876 ±    0.5492       0.04840 ±    0.00139       0.02411 ±    0.00020     3.792 ±  0.037 %    93.374 ±  0.071 %
 121      46.7044 ±    0.5446       0.04854 ±    0.00138       0.02401 ±    0.00020     3.785 ±  0.037 %    93.388 ±  0.071 %
 122      46.6043 ±    0.5410       0.04903 ±    0.00138       0.02432 ±    0.00020     3.811 ±  0.037 %    93.362 ±  0.070 %
 123      46.7033 ±    0.5402       0.04926 ±    0.00137       0.02425 ±    0.00020     3.806 ±  0.037 %    93.366 ±  0.070 %
 124      46.6903 ±    0.5381       0.04907 ±    0.00136       0.02418 ±    0.00019     3.805 ±  0.037 %    93.377 ±  0.070 %
 125      46.6980 ±    0.5363       0.04929 ±    0.00137       0.02412 ±    0.00019     3.804 ±  0.036 %    93.379 ±  0.070 %
 126      46.7843 ±    0.5353       0.04929 ±    0.00136       0.02409 ±    0.00020     3.805 ±  0.037 %    93.390 ±  0.069 %
 127      46.7174 ±    0.5322       0.04915 ±    0.00135       0.02400 ±    0.00019     3.797 ±  0.037 %    93.403 ±  0.069 %
 128      46.4613 ±    0.5270       0.04915 ±    0.00134       0.02394 ±    0.00019     3.804 ±  0.037 %    93.412 ±  0.069 %
 129      46.4067 ±    0.5241       0.04916 ±    0.00134       0.02387 ±    0.00019     3.800 ±  0.037 %    93.414 ±  0.068 %
 130      46.5913 ±    0.5246       0.04991 ±    0.00134       0.02411 ±    0.00019     3.810 ±  0.037 %    93.389 ±  0.068 %
 131      46.4624 ±    0.5210       0.04971 ±    0.00133       0.02405 ±    0.00019     3.808 ±  0.037 %    93.404 ±  0.068 %
 132      46.5003 ±    0.5196       0.04957 ±    0.00133       0.02399 ±    0.00019     3.801 ±  0.037 %    93.417 ±  0.067 %
 133      46.6285 ±    0.5191       0.04959 ±    0.00132       0.02395 ±    0.00019     3.797 ±  0.037 %    93.426 ±  0.067 %
 134      46.4288 ±    0.5145       0.04946 ±    0.00132       0.02390 ±    0.00019     3.798 ±  0.037 %    93.443 ±  0.067 %
 135      46.2403 ±    0.5104       0.04937 ±    0.00131       0.02381 ±    0.00019     3.794 ±  0.036 %    93.456 ±  0.067 %
 136      45.8673 ±    0.5044       0.04943 ±    0.00130       0.02372 ±    0.00019     3.787 ±  0.036 %    93.470 ±  0.066 %
 137      45.7791 ±    0.5015       0.04908 ±    0.00130       0.02365 ±    0.00019     3.784 ±  0.036 %    93.471 ±  0.066 %
 138      45.9123 ±    0.5013       0.04910 ±    0.00130       0.02356 ±    0.00019     3.776 ±  0.036 %    93.483 ±  0.066 %
 139      46.2490 ±    0.5036       0.04900 ±    0.00129       0.02351 ±    0.00018     3.769 ±  0.036 %    93.487 ±  0.065 %
 140      46.2415 ±    0.5017       0.04904 ±    0.00128       0.02346 ±    0.00018     3.767 ±  0.036 %    93.488 ±  0.065 %
 141      46.3147 ±    0.5008       0.04901 ±    0.00128       0.02342 ±    0.00018     3.767 ±  0.036 %    93.500 ±  0.065 %
 142      46.3848 ±    0.4998       0.04885 ±    0.00127       0.02336 ±    0.00018     3.761 ±  0.036 %    93.500 ±  0.065 %
 143      46.5588 ±    0.5000       0.04893 ±    0.00126       0.02332 ±    0.00018     3.757 ±  0.035 %    93.491 ±  0.064 %
 144      46.6213 ±    0.4992       0.04905 ±    0.00126       0.02328 ±    0.00018     3.751 ±  0.035 %    93.497 ±  0.064 %

====== Perplexity statistics ======
Mean PPL(Q)                   :  46.621339 ±   0.499223
Mean PPL(base)                :  44.389851 ±   0.462582
Cor(ln(PPL(Q)), ln(PPL(base))):  99.33%
Mean ln(PPL(Q)/PPL(base))     :   0.049048 ±   0.001260
Mean PPL(Q)/PPL(base)         :   1.050270 ±   0.001323
Mean PPL(Q)-PPL(base)         :   2.231488 ±   0.066763

====== KL divergence statistics ======
Mean    KLD:   0.023276 ±   0.000181
Maximum KLD:   4.423726
99.9%   KLD:   0.796123
99.0%   KLD:   0.238445
95.0%   KLD:   0.086292
90.0%   KLD:   0.051551
Median  KLD:   0.008165
10.0%   KLD:   0.000236
 5.0%   KLD:   0.000039
 1.0%   KLD:   0.000001
 0.1%   KLD:  -0.000005
Minimum KLD:  -0.000117

====== Token probability statistics ======
Mean    Δp: -0.108 ± 0.010 %
Maximum Δp: 88.689%
99.9%   Δp: 26.688%
99.0%   Δp: 10.851%
95.0%   Δp:  4.192%
90.0%   Δp:  1.913%
75.0%   Δp:  0.168%
Median  Δp: -0.000%
25.0%   Δp: -0.219%
10.0%   Δp: -2.195%
 5.0%   Δp: -4.669%
 1.0%   Δp: -12.658%
 0.1%   Δp: -31.052%
Minimum Δp: -83.518%
RMS Δp    :  3.751 ± 0.035 %
Same top p: 93.497 ± 0.064 %

------------------------------
llama-perplexity --kl-divergence-base /tmp/logits.dat --ctx-size 2048 -f sample-data/wiki.test.raw -hf unsloth/gemma-4-E2B-it-qat-GGUF:UD-Q4_K_XL -fa on -ngl 99 -ctk f16 -ctv turbo4 --kl-divergence
0.00.503.831 I common_init_result: fitting params to device memory ...
0.00.503.835 I common_init_result: (for bugs during this step try to reproduce them with -fit off, or provide --verbose logs if the bug only occurs with -fit on)
0.02.997.859 W load: control-looking token:    212 '</s>' was not control-type; this is probably a bug in the model. its type will be overridden
0.02.998.383 W load: control-looking token:     50 '<|tool_response>' was not control-type; this is probably a bug in the model. its type will be overridden
0.03.026.557 W load: special_eog_ids contains '<|tool_response>', removing '</s>' token from EOG list
0.03.999.073 W llama_context: n_ctx_seq (2048) < n_ctx_train (131072) -- the full capacity of the model will not be utilized
0.04.025.482 I common_init_from_params: warming up the model with an empty run - please wait ... (--no-warmup to disable)
0.04.054.022 I 
0.04.054.087 I system_info: n_threads = 16 (n_threads_batch = 16) / 32 | CUDA : ARCHS = 500,610,700,750,800,860,890,900 | USE_GRAPHS = 1 | PEER_MAX_BATCH_SIZE = 128 | CPU : SSE3 = 1 | SSSE3 = 1 | AVX = 1 | AVX2 = 1 | F16C = 1 | FMA = 1 | BMI2 = 1 | LLAMAFILE = 1 | OPENMP = 1 | REPACK = 1 | 
0.04.298.107 I kl_divergence: computing over 144 chunks, n_ctx=2048, batch_size=2048, n_seq=1
0.05.339.894 I kl_divergence: 1.04 seconds per pass - ETA 2.50 minutes

chunk             PPL               ln(PPL(Q)/PPL(base))          KL Divergence              Δp RMS            Same top p
   1      44.6613 ±    5.7581       0.03952 ±    0.01073       0.02202 ±    0.00126     3.684 ±  0.315 %    94.037 ±  0.741 %
   2      58.4563 ±    5.2607       0.05613 ±    0.00895       0.02352 ±    0.00099     3.642 ±  0.240 %    93.011 ±  0.564 %
   3      62.6583 ±    4.6403       0.06947 ±    0.00864       0.03084 ±    0.00099     4.109 ±  0.224 %    91.756 ±  0.497 %
   4      58.2437 ±    3.7139       0.05732 ±    0.00698       0.02883 ±    0.00083     4.004 ±  0.199 %    92.033 ±  0.423 %
   5      54.7957 ±    3.1609       0.05996 ±    0.00639       0.02815 ±    0.00075     3.945 ±  0.168 %    92.023 ±  0.379 %
   6      42.8420 ±    2.1960       0.05725 ±    0.00566       0.02725 ±    0.00066     4.076 ±  0.150 %    92.115 ±  0.344 %
   7      36.7304 ±    1.7099       0.05489 ±    0.00516       0.02768 ±    0.00072     4.388 ±  0.159 %    92.222 ±  0.317 %
   8      35.9429 ±    1.5600       0.05353 ±    0.00473       0.02718 ±    0.00065     4.414 ±  0.145 %    92.314 ±  0.294 %
   9      37.0409 ±    1.5094       0.05551 ±    0.00439       0.02697 ±    0.00061     4.413 ±  0.145 %    92.169 ±  0.280 %
  10      38.7919 ±    1.5209       0.05705 ±    0.00432       0.02646 ±    0.00057     4.315 ±  0.135 %    92.297 ±  0.264 %
  11      39.5244 ±    1.4792       0.05360 ±    0.00407       0.02615 ±    0.00054     4.267 ±  0.129 %    92.304 ±  0.251 %
  12      43.1361 ±    1.5637       0.06405 ±    0.00410       0.03019 ±    0.00061     4.499 ±  0.135 %    92.090 ±  0.244 %
  13      42.5619 ±    1.4799       0.06255 ±    0.00388       0.02949 ±    0.00058     4.454 ±  0.128 %    92.187 ±  0.233 %
  14      43.2082 ±    1.4510       0.06126 ±    0.00376       0.02896 ±    0.00055     4.426 ±  0.124 %    92.313 ±  0.223 %
  15      42.7216 ±    1.3845       0.05901 ±    0.00357       0.02836 ±    0.00052     4.399 ±  0.120 %    92.343 ±  0.215 %
  16      44.7590 ±    1.4073       0.05807 ±    0.00343       0.02808 ±    0.00057     4.342 ±  0.115 %    92.461 ±  0.206 %
  17      44.8363 ±    1.3660       0.05597 ±    0.00328       0.02795 ±    0.00056     4.412 ±  0.121 %    92.502 ±  0.200 %
  18      45.0013 ±    1.3295       0.05432 ±    0.00316       0.02756 ±    0.00054     4.373 ±  0.116 %    92.538 ±  0.194 %
  19      43.9902 ±    1.2650       0.05301 ±    0.00304       0.02701 ±    0.00051     4.312 ±  0.112 %    92.658 ±  0.187 %
  20      43.2068 ±    1.2179       0.05794 ±    0.00332       0.02674 ±    0.00050     4.333 ±  0.109 %    92.727 ±  0.182 %
  21      43.4716 ±    1.1961       0.05775 ±    0.00323       0.02665 ±    0.00049     4.322 ±  0.106 %    92.724 ±  0.177 %
  22      43.8133 ±    1.1803       0.05715 ±    0.00315       0.02650 ±    0.00048     4.299 ±  0.104 %    92.731 ±  0.173 %
  23      44.0952 ±    1.1632       0.05657 ±    0.00310       0.02634 ±    0.00046     4.276 ±  0.101 %    92.720 ±  0.169 %
  24      44.4651 ±    1.1513       0.05679 ±    0.00303       0.02616 ±    0.00044     4.245 ±  0.098 %    92.730 ±  0.166 %
  25      45.0621 ±    1.1456       0.05691 ±    0.00298       0.02599 ±    0.00043     4.200 ±  0.096 %    92.727 ±  0.162 %
  26      45.4026 ±    1.1351       0.05756 ±    0.00294       0.02593 ±    0.00042     4.182 ±  0.093 %    92.725 ±  0.159 %
  27      47.1022 ±    1.1591       0.05951 ±    0.00291       0.02685 ±    0.00042     4.178 ±  0.090 %    92.658 ±  0.157 %
  28      46.8067 ±    1.1300       0.05919 ±    0.00283       0.02676 ±    0.00041     4.166 ±  0.088 %    92.679 ±  0.154 %
  29      46.8523 ±    1.1114       0.05863 ±    0.00278       0.02658 ±    0.00040     4.133 ±  0.086 %    92.706 ±  0.151 %
  30      46.8621 ±    1.0940       0.05792 ±    0.00274       0.02632 ±    0.00038     4.097 ±  0.084 %    92.731 ±  0.148 %
  31      46.4320 ±    1.0660       0.05613 ±    0.00267       0.02625 ±    0.00037     4.086 ±  0.082 %    92.706 ±  0.146 %
  32      45.4792 ±    1.0267       0.05586 ±    0.00261       0.02600 ±    0.00036     4.058 ±  0.080 %    92.791 ±  0.143 %
  33      45.2224 ±    1.0057       0.05628 ±    0.00258       0.02587 ±    0.00035     4.042 ±  0.078 %    92.814 ±  0.141 %
  34      44.7500 ±    0.9795       0.05598 ±    0.00253       0.02575 ±    0.00035     4.028 ±  0.077 %    92.844 ±  0.138 %
  35      44.7142 ±    0.9628       0.05507 ±    0.00248       0.02565 ±    0.00034     4.005 ±  0.075 %    92.853 ±  0.136 %
  36      43.9944 ±    0.9336       0.05449 ±    0.00244       0.02549 ±    0.00033     4.002 ±  0.073 %    92.861 ±  0.134 %
  37      42.8739 ±    0.8962       0.05458 ±    0.00244       0.02532 ±    0.00033     4.006 ±  0.072 %    92.909 ±  0.132 %
  38      42.4021 ±    0.8732       0.05532 ±    0.00242       0.02580 ±    0.00033     4.048 ±  0.071 %    92.828 ±  0.131 %
  39      41.6013 ±    0.8446       0.05497 ±    0.00238       0.02568 ±    0.00032     4.051 ±  0.070 %    92.852 ±  0.129 %
  40      41.2993 ±    0.8270       0.05408 ±    0.00234       0.02565 ±    0.00032     4.060 ±  0.068 %    92.835 ±  0.127 %
  41      41.2840 ±    0.8168       0.05418 ±    0.00231       0.02559 ±    0.00031     4.068 ±  0.067 %    92.819 ±  0.126 %
  42      41.7258 ±    0.8168       0.05589 ±    0.00230       0.02626 ±    0.00032     4.117 ±  0.068 %    92.736 ±  0.125 %
  43      42.3177 ±    0.8183       0.05574 ±    0.00228       0.02619 ±    0.00031     4.102 ±  0.067 %    92.703 ±  0.124 %
  44      43.3130 ±    0.8300       0.05537 ±    0.00225       0.02614 ±    0.00030     4.075 ±  0.066 %    92.680 ±  0.123 %
  45      43.9345 ±    0.8332       0.05503 ±    0.00222       0.02612 ±    0.00030     4.053 ±  0.064 %    92.684 ±  0.121 %
  46      44.2641 ±    0.8311       0.05530 ±    0.00220       0.02607 ±    0.00029     4.054 ±  0.064 %    92.671 ±  0.120 %
  47      44.6044 ±    0.8289       0.05500 ±    0.00219       0.02602 ±    0.00029     4.045 ±  0.063 %    92.685 ±  0.119 %
  48      44.9213 ±    0.8262       0.05431 ±    0.00216       0.02599 ±    0.00028     4.028 ±  0.062 %    92.701 ±  0.117 %
  49      45.1028 ±    0.8215       0.05481 ±    0.00215       0.02589 ±    0.00028     4.020 ±  0.061 %    92.705 ±  0.116 %
  50      45.3069 ±    0.8169       0.05440 ±    0.00212       0.02579 ±    0.00028     4.006 ±  0.060 %    92.719 ±  0.115 %
  51      44.9825 ±    0.8027       0.05526 ±    0.00212       0.02644 ±    0.00028     4.061 ±  0.060 %    92.699 ±  0.114 %
  52      44.8930 ±    0.7937       0.05491 ±    0.00210       0.02639 ±    0.00029     4.046 ±  0.059 %    92.716 ±  0.113 %
  53      44.7206 ±    0.7829       0.05437 ±    0.00207       0.02626 ±    0.00028     4.035 ±  0.059 %    92.739 ±  0.111 %
  54      44.2282 ±    0.7666       0.05438 ±    0.00207       0.02612 ±    0.00028     4.038 ±  0.058 %    92.761 ±  0.110 %
  55      44.1293 ±    0.7577       0.05454 ±    0.00205       0.02603 ±    0.00027     4.030 ±  0.057 %    92.754 ±  0.109 %
  56      44.0555 ±    0.7498       0.05517 ±    0.00202       0.02605 ±    0.00027     4.043 ±  0.057 %    92.754 ±  0.108 %
  57      43.3646 ±    0.7304       0.05501 ±    0.00200       0.02593 ±    0.00027     4.053 ±  0.056 %    92.775 ±  0.107 %
  58      43.2956 ±    0.7221       0.05464 ±    0.00198       0.02586 ±    0.00026     4.041 ±  0.055 %    92.775 ±  0.106 %
  59      42.6749 ±    0.7048       0.05431 ±    0.00195       0.02573 ±    0.00026     4.031 ±  0.054 %    92.785 ±  0.105 %
  60      42.7592 ±    0.7003       0.05403 ±    0.00194       0.02565 ±    0.00026     4.028 ±  0.054 %    92.805 ±  0.104 %
  61      42.9682 ±    0.6982       0.05459 ±    0.00194       0.02568 ±    0.00026     4.045 ±  0.056 %    92.810 ±  0.103 %
  62      43.2563 ±    0.6976       0.05457 ±    0.00193       0.02564 ±    0.00026     4.045 ±  0.056 %    92.828 ±  0.102 %
  63      43.8338 ±    0.7020       0.05460 ±    0.00191       0.02559 ±    0.00025     4.030 ±  0.055 %    92.813 ±  0.102 %
  64      43.7780 ±    0.6958       0.05442 ±    0.00189       0.02557 ±    0.00025     4.029 ±  0.055 %    92.823 ±  0.101 %
  65      43.9568 ±    0.6939       0.05550 ±    0.00189       0.02609 ±    0.00026     4.076 ±  0.055 %    92.787 ±  0.100 %
  66      43.9311 ±    0.6884       0.05535 ±    0.00188       0.02601 ±    0.00025     4.070 ±  0.054 %    92.800 ±  0.099 %
  67      43.9750 ±    0.6846       0.05484 ±    0.00186       0.02597 ±    0.00025     4.063 ±  0.053 %    92.815 ±  0.099 %
  68      43.9037 ±    0.6784       0.05432 ±    0.00184       0.02589 ±    0.00025     4.066 ±  0.053 %    92.841 ±  0.098 %
  69      43.9938 ±    0.6749       0.05431 ±    0.00183       0.02589 ±    0.00024     4.065 ±  0.052 %    92.832 ±  0.097 %
  70      43.5552 ±    0.6646       0.05478 ±    0.00183       0.02587 ±    0.00024     4.084 ±  0.052 %    92.849 ±  0.096 %
  71      43.2309 ±    0.6544       0.05547 ±    0.00181       0.02604 ±    0.00024     4.099 ±  0.051 %    92.850 ±  0.096 %
  72      43.7117 ±    0.6583       0.05537 ±    0.00180       0.02613 ±    0.00024     4.092 ±  0.051 %    92.817 ±  0.095 %
  73      44.2052 ±    0.6622       0.05596 ±    0.00179       0.02649 ±    0.00024     4.093 ±  0.050 %    92.777 ±  0.095 %
  74      44.0298 ±    0.6548       0.05579 ±    0.00178       0.02640 ±    0.00024     4.090 ±  0.050 %    92.780 ±  0.094 %
  75      43.9550 ±    0.6493       0.05569 ±    0.00177       0.02630 ±    0.00023     4.079 ±  0.049 %    92.800 ±  0.093 %
  76      43.9994 ±    0.6458       0.05583 ±    0.00177       0.02627 ±    0.00023     4.070 ±  0.049 %    92.819 ±  0.093 %
  77      44.0487 ±    0.6426       0.05558 ±    0.00176       0.02621 ±    0.00023     4.061 ±  0.048 %    92.826 ±  0.092 %
  78      44.0346 ±    0.6383       0.05546 ±    0.00175       0.02610 ±    0.00023     4.050 ±  0.048 %    92.845 ±  0.091 %
  79      44.0928 ±    0.6351       0.05517 ±    0.00173       0.02606 ±    0.00023     4.047 ±  0.047 %    92.841 ±  0.091 %
  80      44.2768 ±    0.6338       0.05502 ±    0.00172       0.02600 ±    0.00022     4.039 ±  0.047 %    92.821 ±  0.090 %
  81      43.8079 ±    0.6225       0.05436 ±    0.00170       0.02586 ±    0.00022     4.029 ±  0.046 %    92.844 ±  0.090 %
  82      43.4593 ±    0.6137       0.05410 ±    0.00169       0.02576 ±    0.00022     4.028 ±  0.046 %    92.850 ±  0.089 %
  83      42.9899 ±    0.6031       0.05367 ±    0.00168       0.02566 ±    0.00022     4.023 ±  0.046 %    92.875 ±  0.088 %
  84      42.7455 ±    0.5961       0.05307 ±    0.00166       0.02559 ±    0.00022     4.023 ±  0.046 %    92.900 ±  0.088 %
  85      42.9055 ±    0.5950       0.05383 ±    0.00166       0.02581 ±    0.00022     4.036 ±  0.045 %    92.857 ±  0.087 %
  86      42.8215 ±    0.5902       0.05375 ±    0.00165       0.02578 ±    0.00021     4.033 ±  0.045 %    92.849 ±  0.087 %
  87      42.9500 ±    0.5885       0.05356 ±    0.00163       0.02575 ±    0.00021     4.033 ±  0.045 %    92.841 ±  0.086 %
  88      43.2928 ±    0.5895       0.05303 ±    0.00162       0.02572 ±    0.00021     4.020 ±  0.044 %    92.847 ±  0.086 %
  89      43.3250 ±    0.5866       0.05297 ±    0.00161       0.02563 ±    0.00021     4.009 ±  0.044 %    92.856 ±  0.085 %
  90      43.6297 ±    0.5874       0.05317 ±    0.00160       0.02567 ±    0.00021     4.006 ±  0.044 %    92.827 ±  0.085 %
  91      44.1354 ±    0.5911       0.05310 ±    0.00158       0.02567 ±    0.00021     3.993 ±  0.043 %    92.827 ±  0.085 %
  92      44.5965 ±    0.5944       0.05317 ±    0.00157       0.02565 ±    0.00020     3.985 ±  0.043 %    92.819 ±  0.084 %
  93      44.8589 ±    0.5945       0.05323 ±    0.00156       0.02568 ±    0.00020     3.981 ±  0.043 %    92.801 ±  0.084 %
  94      45.3824 ±    0.5989       0.05317 ±    0.00155       0.02567 ±    0.00020     3.969 ±  0.042 %    92.798 ±  0.083 %
  95      45.8872 ±    0.6028       0.05351 ±    0.00154       0.02564 ±    0.00020     3.959 ±  0.042 %    92.788 ±  0.083 %
  96      45.8252 ±    0.5987       0.05325 ±    0.00153       0.02561 ±    0.00020     3.960 ±  0.042 %    92.807 ±  0.082 %
  97      46.0307 ±    0.5984       0.05301 ±    0.00152       0.02555 ±    0.00020     3.953 ±  0.042 %    92.815 ±  0.082 %
  98      46.1756 ±    0.5975       0.05308 ±    0.00151       0.02549 ±    0.00020     3.954 ±  0.041 %    92.823 ±  0.082 %
  99      46.5441 ±    0.6000       0.05328 ±    0.00151       0.02546 ±    0.00019     3.948 ±  0.041 %    92.824 ±  0.081 %
 100      46.4899 ±    0.5962       0.05312 ±    0.00150       0.02550 ±    0.00020     3.946 ±  0.041 %    92.832 ±  0.081 %
 101      46.6955 ±    0.5963       0.05324 ±    0.00150       0.02545 ±    0.00019     3.941 ±  0.041 %    92.824 ±  0.080 %
 102      46.9415 ±    0.5968       0.05323 ±    0.00150       0.02546 ±    0.00019     3.933 ±  0.040 %    92.827 ±  0.080 %
 103      47.1404 ±    0.5964       0.05326 ±    0.00149       0.02546 ±    0.00020     3.938 ±  0.041 %    92.833 ±  0.079 %
 104      47.2336 ±    0.5947       0.05342 ±    0.00149       0.02544 ±    0.00020     3.937 ±  0.041 %    92.836 ±  0.079 %
 105      47.2611 ±    0.5922       0.05339 ±    0.00149       0.02546 ±    0.00020     3.946 ±  0.042 %    92.825 ±  0.079 %
 106      47.5742 ±    0.5938       0.05366 ±    0.00148       0.02543 ±    0.00020     3.939 ±  0.042 %    92.822 ±  0.078 %
 107      47.5309 ±    0.5903       0.05372 ±    0.00148       0.02537 ±    0.00020     3.936 ±  0.041 %    92.830 ±  0.078 %
 108      47.6437 ±    0.5890       0.05363 ±    0.00147       0.02532 ±    0.00019     3.930 ±  0.041 %    92.837 ±  0.078 %
 109      47.6831 ±    0.5869       0.05370 ±    0.00146       0.02529 ±    0.00019     3.928 ±  0.041 %    92.839 ±  0.077 %
 110      47.4337 ±    0.5808       0.05383 ±    0.00146       0.02523 ±    0.00019     3.933 ±  0.040 %    92.841 ±  0.077 %
 111      47.3307 ±    0.5767       0.05361 ±    0.00145       0.02519 ±    0.00019     3.930 ±  0.040 %    92.852 ±  0.076 %
 112      47.1366 ±    0.5717       0.05375 ±    0.00144       0.02512 ±    0.00019     3.928 ±  0.040 %    92.864 ±  0.076 %
 113      47.3258 ±    0.5719       0.05362 ±    0.00143       0.02510 ±    0.00019     3.926 ±  0.040 %    92.871 ±  0.076 %
 114      47.5401 ±    0.5723       0.05354 ±    0.00142       0.02507 ±    0.00019     3.920 ±  0.040 %    92.875 ±  0.075 %
 115      47.7478 ±    0.5727       0.05363 ±    0.00142       0.02506 ±    0.00018     3.917 ±  0.039 %    92.876 ±  0.075 %
 116      48.0245 ±    0.5740       0.05428 ±    0.00142       0.02548 ±    0.00019     3.932 ±  0.039 %    92.833 ±  0.075 %
 117      47.6919 ±    0.5672       0.05393 ±    0.00141       0.02545 ±    0.00019     3.929 ±  0.039 %    92.845 ±  0.075 %
 118      47.3763 ±    0.5610       0.05409 ±    0.00142       0.02538 ±    0.00019     3.927 ±  0.039 %    92.859 ±  0.074 %
 119      47.3010 ±    0.5575       0.05402 ±    0.00141       0.02534 ±    0.00018     3.925 ±  0.038 %    92.873 ±  0.074 %
 120      47.1445 ±    0.5532       0.05386 ±    0.00140       0.02528 ±    0.00018     3.924 ±  0.038 %    92.889 ±  0.073 %
 121      46.9700 ±    0.5487       0.05421 ±    0.00140       0.02527 ±    0.00018     3.925 ±  0.038 %    92.888 ±  0.073 %
 122      46.8484 ±    0.5448       0.05426 ±    0.00139       0.02526 ±    0.00018     3.926 ±  0.038 %    92.896 ±  0.073 %
 123      46.9328 ±    0.5437       0.05417 ±    0.00138       0.02522 ±    0.00018     3.926 ±  0.038 %    92.909 ±  0.072 %
 124      46.9097 ±    0.5414       0.05375 ±    0.00137       0.02520 ±    0.00018     3.926 ±  0.038 %    92.917 ±  0.072 %
 125      46.9226 ±    0.5397       0.05408 ±    0.00138       0.02521 ±    0.00018     3.938 ±  0.038 %    92.917 ±  0.072 %
 126      47.0139 ±    0.5387       0.05419 ±    0.00137       0.02517 ±    0.00018     3.936 ±  0.037 %    92.923 ±  0.071 %
 127      46.9513 ±    0.5357       0.05414 ±    0.00136       0.02511 ±    0.00018     3.930 ±  0.037 %    92.940 ±  0.071 %
 128      46.6929 ±    0.5304       0.05412 ±    0.00135       0.02506 ±    0.00018     3.933 ±  0.037 %    92.950 ±  0.071 %
 129      46.6332 ±    0.5275       0.05402 ±    0.00135       0.02503 ±    0.00018     3.929 ±  0.037 %    92.945 ±  0.070 %
 130      46.8026 ±    0.5278       0.05444 ±    0.00135       0.02519 ±    0.00018     3.933 ±  0.037 %    92.926 ±  0.070 %
 131      46.6700 ±    0.5240       0.05417 ±    0.00134       0.02514 ±    0.00017     3.928 ±  0.037 %    92.939 ±  0.070 %
 132      46.7049 ±    0.5226       0.05396 ±    0.00134       0.02512 ±    0.00017     3.925 ±  0.036 %    92.940 ±  0.070 %
 133      46.8429 ±    0.5222       0.05417 ±    0.00133       0.02511 ±    0.00017     3.922 ±  0.036 %    92.940 ±  0.069 %
 134      46.6431 ±    0.5176       0.05407 ±    0.00133       0.02510 ±    0.00017     3.925 ±  0.036 %    92.949 ±  0.069 %
 135      46.4546 ±    0.5135       0.05400 ±    0.00132       0.02508 ±    0.00017     3.926 ±  0.036 %    92.960 ±  0.069 %
 136      46.0735 ±    0.5073       0.05391 ±    0.00132       0.02503 ±    0.00017     3.922 ±  0.036 %    92.979 ±  0.068 %
 137      45.9917 ±    0.5046       0.05371 ±    0.00131       0.02499 ±    0.00017     3.919 ±  0.036 %    92.974 ±  0.068 %
 138      46.1265 ±    0.5044       0.05376 ±    0.00131       0.02494 ±    0.00017     3.917 ±  0.035 %    92.974 ±  0.068 %
 139      46.4673 ±    0.5067       0.05371 ±    0.00130       0.02495 ±    0.00017     3.915 ±  0.035 %    92.970 ±  0.068 %
 140      46.4500 ±    0.5046       0.05354 ±    0.00130       0.02496 ±    0.00017     3.916 ±  0.035 %    92.970 ±  0.068 %
 141      46.5253 ±    0.5037       0.05354 ±    0.00129       0.02493 ±    0.00017     3.911 ±  0.035 %    92.968 ±  0.067 %
 142      46.6046 ±    0.5029       0.05358 ±    0.00129       0.02490 ±    0.00017     3.907 ±  0.035 %    92.969 ±  0.067 %
 143      46.7796 ±    0.5030       0.05366 ±    0.00128       0.02490 ±    0.00017     3.909 ±  0.035 %    92.961 ±  0.067 %
 144      46.8438 ±    0.5023       0.05381 ±    0.00128       0.02489 ±    0.00016     3.906 ±  0.035 %    92.956 ±  0.067 %

====== Perplexity statistics ======
Mean PPL(Q)                   :  46.843765 ±   0.502270
Mean PPL(base)                :  44.389851 ±   0.462582
Cor(ln(PPL(Q)), ln(PPL(base))):  99.31%
Mean ln(PPL(Q)/PPL(base))     :   0.053807 ±   0.001275
Mean PPL(Q)/PPL(base)         :   1.055281 ±   0.001346
Mean PPL(Q)-PPL(base)         :   2.453914 ±   0.069042

====== KL divergence statistics ======
Mean    KLD:   0.024887 ±   0.000165
Maximum KLD:   4.526308
99.9%   KLD:   0.728224
99.0%   KLD:   0.218689
95.0%   KLD:   0.087932
90.0%   KLD:   0.056380
Median  KLD:   0.010536
10.0%   KLD:   0.000302
 5.0%   KLD:   0.000052
 1.0%   KLD:   0.000002
 0.1%   KLD:  -0.000003
Minimum KLD:  -0.000130

====== Token probability statistics ======
Mean    Δp: -0.159 ± 0.010 %
Maximum Δp: 92.415%
99.9%   Δp: 26.002%
99.0%   Δp: 11.492%
95.0%   Δp:  4.393%
90.0%   Δp:  2.016%
75.0%   Δp:  0.155%
Median  Δp: -0.000%
25.0%   Δp: -0.277%
10.0%   Δp: -2.518%
 5.0%   Δp: -5.227%
 1.0%   Δp: -13.207%
 0.1%   Δp: -31.633%
Minimum Δp: -92.879%
RMS Δp    :  3.906 ± 0.035 %
Same top p: 92.956 ± 0.067 %

------------------------------
llama-perplexity --kl-divergence-base /tmp/logits.dat --ctx-size 2048 -f sample-data/wiki.test.raw -hf unsloth/gemma-4-E2B-it-qat-GGUF:UD-Q4_K_XL -fa on -ngl 99 -ctk f16 -ctv turbo3 --kl-divergence
0.00.475.042 I common_init_result: fitting params to device memory ...
0.00.475.046 I common_init_result: (for bugs during this step try to reproduce them with -fit off, or provide --verbose logs if the bug only occurs with -fit on)
0.03.040.683 W load: control-looking token:    212 '</s>' was not control-type; this is probably a bug in the model. its type will be overridden
0.03.041.381 W load: control-looking token:     50 '<|tool_response>' was not control-type; this is probably a bug in the model. its type will be overridden
0.03.070.606 W load: special_eog_ids contains '<|tool_response>', removing '</s>' token from EOG list
0.04.096.318 W llama_context: n_ctx_seq (2048) < n_ctx_train (131072) -- the full capacity of the model will not be utilized
0.04.123.867 I common_init_from_params: warming up the model with an empty run - please wait ... (--no-warmup to disable)
0.04.151.963 I 
0.04.152.040 I system_info: n_threads = 16 (n_threads_batch = 16) / 32 | CUDA : ARCHS = 500,610,700,750,800,860,890,900 | USE_GRAPHS = 1 | PEER_MAX_BATCH_SIZE = 128 | CPU : SSE3 = 1 | SSSE3 = 1 | AVX = 1 | AVX2 = 1 | F16C = 1 | FMA = 1 | BMI2 = 1 | LLAMAFILE = 1 | OPENMP = 1 | REPACK = 1 | 
0.04.402.094 I kl_divergence: computing over 144 chunks, n_ctx=2048, batch_size=2048, n_seq=1
0.05.454.367 I kl_divergence: 1.05 seconds per pass - ETA 2.52 minutes

chunk             PPL               ln(PPL(Q)/PPL(base))          KL Divergence              Δp RMS            Same top p
   1      45.1556 ±    5.8018       0.05053 ±    0.01532       0.05698 ±    0.00306     6.064 ±  0.432 %    89.443 ±  0.961 %
   2      56.5657 ±    5.0435       0.02325 ±    0.01148       0.06064 ±    0.00227     5.809 ±  0.313 %    88.025 ±  0.718 %
   3      61.6809 ±    4.5390       0.05375 ±    0.01120       0.07255 ±    0.00220     6.265 ±  0.265 %    86.966 ±  0.608 %
   4      56.6023 ±    3.5652       0.02874 ±    0.00928       0.07050 ±    0.00194     6.273 ±  0.242 %    86.901 ±  0.527 %
   5      53.5968 ±    3.0605       0.03784 ±    0.00850       0.07083 ±    0.00177     6.310 ±  0.213 %    87.195 ±  0.467 %
   6      41.9159 ±    2.1248       0.03540 ±    0.00756       0.07001 ±    0.00160     6.646 ±  0.195 %    87.227 ±  0.426 %
   7      35.9551 ±    1.6548       0.03356 ±    0.00684       0.06856 ±    0.00152     6.755 ±  0.182 %    87.613 ±  0.389 %
   8      35.0605 ±    1.5019       0.02868 ±    0.00637       0.06826 ±    0.00143     6.779 ±  0.168 %    87.683 ±  0.363 %
   9      36.1394 ±    1.4525       0.03087 ±    0.00596       0.06732 ±    0.00133     6.674 ±  0.159 %    87.618 ±  0.343 %
  10      37.7683 ±    1.4591       0.03031 ±    0.00574       0.06629 ±    0.00125     6.570 ±  0.151 %    87.840 ±  0.323 %
  11      38.5371 ±    1.4218       0.02831 ±    0.00546       0.06593 ±    0.00118     6.492 ±  0.144 %    87.950 ±  0.307 %
  12      42.1978 ±    1.5104       0.04206 ±    0.00538       0.06911 ±    0.00114     6.602 ±  0.139 %    87.952 ±  0.294 %
  13      41.5076 ±    1.4235       0.03746 ±    0.00511       0.06773 ±    0.00108     6.593 ±  0.133 %    88.097 ±  0.281 %
  14      42.1911 ±    1.3972       0.03743 ±    0.00491       0.06674 ±    0.00103     6.584 ±  0.133 %    88.221 ±  0.269 %
  15      41.7266 ±    1.3332       0.03544 ±    0.00467       0.06566 ±    0.00098     6.539 ±  0.129 %    88.289 ±  0.260 %
  16      43.5569 ±    1.3492       0.03084 ±    0.00451       0.06548 ±    0.00099     6.509 ±  0.127 %    88.337 ±  0.251 %
  17      43.6252 ±    1.3101       0.02858 ±    0.00432       0.06436 ±    0.00094     6.471 ±  0.123 %    88.488 ±  0.242 %
  18      43.8514 ±    1.2769       0.02843 ±    0.00416       0.06387 ±    0.00090     6.424 ±  0.119 %    88.514 ±  0.235 %
  19      42.9442 ±    1.2181       0.02895 ±    0.00401       0.06299 ±    0.00087     6.357 ±  0.116 %    88.630 ±  0.228 %
  20      42.0329 ±    1.1674       0.03039 ±    0.00415       0.06270 ±    0.00086     6.358 ±  0.113 %    88.690 ±  0.221 %
  21      42.2663 ±    1.1458       0.02963 ±    0.00405       0.06264 ±    0.00084     6.307 ±  0.110 %    88.763 ±  0.215 %
  22      42.5475 ±    1.1291       0.02784 ±    0.00398       0.06284 ±    0.00081     6.272 ±  0.107 %    88.701 ±  0.211 %
  23      42.8044 ±    1.1121       0.02686 ±    0.00389       0.06239 ±    0.00079     6.226 ±  0.104 %    88.665 ±  0.207 %
  24      43.0846 ±    1.0981       0.02525 ±    0.00381       0.06255 ±    0.00079     6.214 ±  0.101 %    88.624 ±  0.203 %
  25      43.6180 ±    1.0909       0.02434 ±    0.00372       0.06244 ±    0.00076     6.156 ±  0.099 %    88.637 ±  0.198 %
  26      43.8943 ±    1.0792       0.02378 ±    0.00367       0.06265 ±    0.00075     6.150 ±  0.096 %    88.597 ±  0.195 %
  27      45.5737 ±    1.1035       0.02652 ±    0.00365       0.06389 ±    0.00075     6.146 ±  0.094 %    88.527 ±  0.192 %
  28      45.2447 ±    1.0745       0.02525 ±    0.00356       0.06369 ±    0.00073     6.111 ±  0.092 %    88.546 ±  0.188 %
  29      45.2534 ±    1.0558       0.02391 ±    0.00349       0.06349 ±    0.00071     6.074 ±  0.090 %    88.529 ±  0.185 %
  30      45.2594 ±    1.0388       0.02312 ±    0.00344       0.06335 ±    0.00071     6.037 ±  0.088 %    88.573 ±  0.182 %
  31      44.9307 ±    1.0146       0.02326 ±    0.00338       0.06325 ±    0.00070     6.046 ±  0.087 %    88.569 ±  0.179 %
  32      43.9472 ±    0.9753       0.02159 ±    0.00330       0.06281 ±    0.00068     6.019 ±  0.085 %    88.685 ±  0.175 %
  33      43.7657 ±    0.9572       0.02354 ±    0.00327       0.06373 ±    0.00068     6.024 ±  0.084 %    88.599 ±  0.173 %
  34      43.2676 ±    0.9312       0.02229 ±    0.00321       0.06336 ±    0.00066     5.997 ±  0.082 %    88.606 ±  0.170 %
  35      43.2568 ±    0.9157       0.02193 ±    0.00315       0.06321 ±    0.00065     5.976 ±  0.080 %    88.605 ±  0.168 %
  36      42.5855 ±    0.8886       0.02194 ±    0.00310       0.06260 ±    0.00063     5.952 ±  0.078 %    88.691 ±  0.165 %
  37      41.4573 ±    0.8517       0.02098 ±    0.00305       0.06232 ±    0.00064     5.979 ±  0.078 %    88.782 ±  0.162 %
  38      41.0665 ±    0.8315       0.02331 ±    0.00302       0.06270 ±    0.00063     6.024 ±  0.078 %    88.746 ±  0.160 %
  39      40.2829 ±    0.8040       0.02277 ±    0.00298       0.06251 ±    0.00062     6.042 ±  0.076 %    88.754 ±  0.158 %
  40      39.9684 ±    0.7868       0.02132 ±    0.00293       0.06260 ±    0.00061     6.076 ±  0.076 %    88.744 ±  0.156 %
  41      39.9212 ±    0.7764       0.02062 ±    0.00289       0.06240 ±    0.00060     6.080 ±  0.074 %    88.754 ±  0.154 %
  42      40.3686 ±    0.7771       0.02282 ±    0.00288       0.06338 ±    0.00060     6.097 ±  0.075 %    88.663 ±  0.153 %
  43      40.9243 ±    0.7783       0.02226 ±    0.00285       0.06347 ±    0.00060     6.068 ±  0.073 %    88.622 ±  0.151 %
  44      41.8948 ±    0.7899       0.02208 ±    0.00281       0.06336 ±    0.00059     6.043 ±  0.072 %    88.634 ±  0.150 %
  45      42.4995 ±    0.7930       0.02183 ±    0.00278       0.06319 ±    0.00057     6.013 ±  0.071 %    88.630 ±  0.148 %
  46      42.7868 ±    0.7902       0.02136 ±    0.00276       0.06317 ±    0.00057     5.998 ±  0.070 %    88.623 ±  0.146 %
  47      43.1807 ±    0.7896       0.02256 ±    0.00273       0.06311 ±    0.00056     5.986 ±  0.069 %    88.644 ±  0.145 %
  48      43.5097 ±    0.7873       0.02238 ±    0.00270       0.06324 ±    0.00055     5.972 ±  0.068 %    88.634 ±  0.143 %
  49      43.6313 ±    0.7816       0.02164 ±    0.00267       0.06341 ±    0.00055     5.983 ±  0.068 %    88.613 ±  0.142 %
  50      43.8601 ±    0.7780       0.02194 ±    0.00264       0.06331 ±    0.00054     5.973 ±  0.067 %    88.643 ±  0.140 %
  51      43.5791 ±    0.7652       0.02356 ±    0.00264       0.06420 ±    0.00055     6.020 ±  0.067 %    88.611 ±  0.139 %
  52      43.5003 ±    0.7568       0.02340 ±    0.00261       0.06405 ±    0.00055     6.009 ±  0.066 %    88.625 ±  0.138 %
  53      43.3627 ±    0.7471       0.02354 ±    0.00258       0.06377 ±    0.00054     6.018 ±  0.066 %    88.670 ±  0.136 %
  54      42.8741 ±    0.7310       0.02328 ±    0.00256       0.06365 ±    0.00054     6.036 ±  0.066 %    88.683 ±  0.135 %
  55      42.7240 ±    0.7215       0.02218 ±    0.00254       0.06365 ±    0.00053     6.034 ±  0.065 %    88.659 ±  0.134 %
  56      42.6198 ±    0.7133       0.02204 ±    0.00251       0.06364 ±    0.00053     6.058 ±  0.065 %    88.661 ±  0.132 %
  57      41.9564 ±    0.6949       0.02199 ±    0.00248       0.06340 ±    0.00052     6.069 ±  0.064 %    88.692 ±  0.131 %
  58      42.0106 ±    0.6895       0.02451 ±    0.00248       0.06400 ±    0.00052     6.085 ±  0.064 %    88.634 ±  0.130 %
  59      41.4062 ±    0.6729       0.02413 ±    0.00246       0.06383 ±    0.00052     6.098 ±  0.064 %    88.666 ±  0.129 %
  60      41.4915 ±    0.6687       0.02393 ±    0.00244       0.06378 ±    0.00052     6.089 ±  0.063 %    88.677 ±  0.128 %
  61      41.7826 ±    0.6685       0.02661 ±    0.00245       0.06438 ±    0.00052     6.128 ±  0.063 %    88.656 ±  0.127 %
  62      42.0655 ±    0.6681       0.02666 ±    0.00243       0.06437 ±    0.00052     6.115 ±  0.063 %    88.642 ±  0.126 %
  63      42.6021 ±    0.6717       0.02610 ±    0.00241       0.06421 ±    0.00051     6.092 ±  0.062 %    88.638 ±  0.125 %
  64      42.5537 ±    0.6659       0.02606 ±    0.00239       0.06416 ±    0.00051     6.112 ±  0.062 %    88.647 ±  0.124 %
  65      42.7694 ±    0.6648       0.02811 ±    0.00240       0.06506 ±    0.00051     6.156 ±  0.063 %    88.623 ±  0.123 %
  66      42.7429 ±    0.6595       0.02793 ±    0.00239       0.06512 ±    0.00051     6.159 ±  0.063 %    88.630 ±  0.122 %
  67      42.8300 ±    0.6566       0.02845 ±    0.00237       0.06501 ±    0.00051     6.159 ±  0.062 %    88.659 ±  0.121 %
  68      42.7582 ±    0.6505       0.02788 ±    0.00235       0.06498 ±    0.00050     6.163 ±  0.061 %    88.688 ±  0.120 %
  69      42.8696 ±    0.6476       0.02842 ±    0.00233       0.06499 ±    0.00050     6.175 ±  0.061 %    88.679 ±  0.119 %
  70      42.4176 ±    0.6371       0.02831 ±    0.00232       0.06497 ±    0.00049     6.201 ±  0.061 %    88.690 ±  0.118 %
  71      42.1063 ±    0.6275       0.02912 ±    0.00231       0.06513 ±    0.00049     6.213 ±  0.060 %    88.695 ±  0.117 %
  72      42.5519 ±    0.6307       0.02848 ±    0.00229       0.06534 ±    0.00049     6.212 ±  0.060 %    88.654 ±  0.117 %
  73      43.0383 ±    0.6347       0.02921 ±    0.00229       0.06584 ±    0.00048     6.209 ±  0.059 %    88.617 ±  0.116 %
  74      42.9272 ±    0.6286       0.03043 ±    0.00227       0.06596 ±    0.00048     6.225 ±  0.059 %    88.615 ±  0.115 %
  75      42.8493 ±    0.6232       0.03022 ±    0.00226       0.06584 ±    0.00048     6.220 ±  0.058 %    88.631 ±  0.115 %
  76      42.9128 ±    0.6201       0.03082 ±    0.00225       0.06614 ±    0.00048     6.226 ±  0.058 %    88.594 ±  0.114 %
  77      43.0074 ±    0.6178       0.03165 ±    0.00224       0.06642 ±    0.00047     6.229 ±  0.058 %    88.552 ±  0.113 %
  78      42.9698 ±    0.6132       0.03098 ±    0.00223       0.06632 ±    0.00047     6.219 ±  0.057 %    88.567 ±  0.113 %
  79      43.0307 ±    0.6102       0.03078 ±    0.00221       0.06621 ±    0.00047     6.212 ±  0.057 %    88.563 ±  0.112 %
  80      43.1989 ±    0.6088       0.03037 ±    0.00219       0.06610 ±    0.00046     6.196 ±  0.056 %    88.580 ±  0.111 %
  81      42.7410 ±    0.5979       0.02971 ±    0.00217       0.06581 ±    0.00046     6.188 ±  0.056 %    88.610 ±  0.110 %
  82      42.3979 ±    0.5895       0.02938 ±    0.00215       0.06564 ±    0.00045     6.185 ±  0.055 %    88.641 ±  0.110 %
  83      41.9678 ±    0.5797       0.02960 ±    0.00214       0.06555 ±    0.00045     6.191 ±  0.055 %    88.673 ±  0.109 %
  84      41.7312 ±    0.5730       0.02906 ±    0.00212       0.06544 ±    0.00045     6.203 ±  0.055 %    88.707 ±  0.108 %
  85      41.8936 ±    0.5721       0.02997 ±    0.00212       0.06593 ±    0.00045     6.209 ±  0.054 %    88.675 ±  0.107 %
  86      41.8154 ±    0.5675       0.02997 ±    0.00211       0.06590 ±    0.00044     6.207 ±  0.054 %    88.665 ±  0.107 %
  87      41.9592 ±    0.5662       0.03022 ±    0.00210       0.06589 ±    0.00044     6.213 ±  0.054 %    88.677 ±  0.106 %
  88      42.3026 ±    0.5673       0.02989 ±    0.00208       0.06589 ±    0.00044     6.195 ±  0.053 %    88.660 ±  0.106 %
  89      42.3498 ±    0.5647       0.03021 ±    0.00207       0.06610 ±    0.00044     6.200 ±  0.053 %    88.649 ±  0.105 %
  90      42.6478 ±    0.5655       0.03041 ±    0.00206       0.06630 ±    0.00043     6.209 ±  0.053 %    88.621 ±  0.105 %
  91      43.1189 ±    0.5687       0.02980 ±    0.00205       0.06642 ±    0.00043     6.193 ±  0.052 %    88.588 ±  0.104 %
  92      43.5384 ±    0.5714       0.02916 ±    0.00203       0.06646 ±    0.00043     6.188 ±  0.052 %    88.557 ±  0.104 %
  93      43.7689 ±    0.5711       0.02863 ±    0.00202       0.06661 ±    0.00043     6.181 ±  0.052 %    88.522 ±  0.103 %
  94      44.3115 ±    0.5758       0.02929 ±    0.00201       0.06653 ±    0.00042     6.165 ±  0.052 %    88.508 ±  0.103 %
  95      44.8291 ±    0.5800       0.03018 ±    0.00200       0.06676 ±    0.00042     6.166 ±  0.051 %    88.460 ±  0.102 %
  96      44.7591 ±    0.5758       0.02971 ±    0.00199       0.06665 ±    0.00042     6.161 ±  0.051 %    88.465 ±  0.102 %
  97      44.9646 ±    0.5757       0.02958 ±    0.00197       0.06657 ±    0.00042     6.153 ±  0.051 %    88.466 ±  0.101 %
  98      45.1035 ±    0.5748       0.02959 ±    0.00196       0.06650 ±    0.00041     6.150 ±  0.050 %    88.464 ±  0.101 %
  99      45.4568 ±    0.5770       0.02965 ±    0.00196       0.06652 ±    0.00041     6.141 ±  0.050 %    88.453 ±  0.100 %
 100      45.4158 ±    0.5736       0.02974 ±    0.00195       0.06655 ±    0.00041     6.139 ±  0.050 %    88.449 ±  0.100 %
 101      45.5796 ±    0.5730       0.02905 ±    0.00195       0.06650 ±    0.00041     6.137 ±  0.050 %    88.440 ±  0.099 %
 102      45.8270 ±    0.5736       0.02920 ±    0.00194       0.06646 ±    0.00041     6.127 ±  0.049 %    88.438 ±  0.099 %
 103      46.0187 ±    0.5732       0.02918 ±    0.00193       0.06650 ±    0.00042     6.124 ±  0.049 %    88.446 ±  0.098 %
 104      46.0835 ±    0.5711       0.02877 ±    0.00192       0.06639 ±    0.00042     6.115 ±  0.049 %    88.446 ±  0.098 %
 105      46.0819 ±    0.5682       0.02812 ±    0.00191       0.06639 ±    0.00041     6.113 ±  0.049 %    88.428 ±  0.098 %
 106      46.3403 ±    0.5691       0.02739 ±    0.00190       0.06635 ±    0.00041     6.101 ±  0.048 %    88.435 ±  0.097 %
 107      46.2899 ±    0.5656       0.02726 ±    0.00189       0.06621 ±    0.00041     6.100 ±  0.048 %    88.442 ±  0.097 %
 108      46.3809 ±    0.5640       0.02677 ±    0.00188       0.06616 ±    0.00041     6.095 ±  0.048 %    88.436 ±  0.096 %
 109      46.4134 ±    0.5619       0.02672 ±    0.00187       0.06607 ±    0.00040     6.099 ±  0.048 %    88.442 ±  0.096 %
 110      46.1544 ±    0.5559       0.02649 ±    0.00186       0.06595 ±    0.00040     6.099 ±  0.047 %    88.471 ±  0.095 %
 111      46.0434 ±    0.5518       0.02603 ±    0.00185       0.06577 ±    0.00040     6.092 ±  0.047 %    88.493 ±  0.095 %
 112      45.8825 ±    0.5474       0.02678 ±    0.00184       0.06594 ±    0.00040     6.094 ±  0.047 %    88.504 ±  0.094 %
 113      46.0533 ±    0.5474       0.02637 ±    0.00183       0.06587 ±    0.00040     6.086 ±  0.046 %    88.516 ±  0.094 %
 114      46.2598 ±    0.5478       0.02624 ±    0.00182       0.06584 ±    0.00039     6.085 ±  0.046 %    88.524 ±  0.093 %
 115      46.4781 ±    0.5485       0.02668 ±    0.00182       0.06580 ±    0.00039     6.082 ±  0.046 %    88.526 ±  0.093 %
 116      46.6928 ±    0.5489       0.02616 ±    0.00181       0.06596 ±    0.00039     6.081 ±  0.046 %    88.506 ±  0.093 %
 117      46.3913 ±    0.5427       0.02628 ±    0.00181       0.06615 ±    0.00039     6.094 ±  0.046 %    88.512 ±  0.092 %
 118      46.0956 ±    0.5369       0.02669 ±    0.00180       0.06596 ±    0.00039     6.093 ±  0.046 %    88.537 ±  0.092 %
 119      46.0191 ±    0.5336       0.02654 ±    0.00179       0.06586 ±    0.00039     6.088 ±  0.046 %    88.551 ±  0.091 %
 120      45.8558 ±    0.5293       0.02615 ±    0.00178       0.06574 ±    0.00039     6.082 ±  0.045 %    88.562 ±  0.091 %
 121      45.6656 ±    0.5247       0.02605 ±    0.00177       0.06563 ±    0.00038     6.084 ±  0.045 %    88.574 ±  0.090 %
 122      45.5507 ±    0.5210       0.02617 ±    0.00177       0.06562 ±    0.00038     6.082 ±  0.045 %    88.596 ±  0.090 %
 123      45.6168 ±    0.5197       0.02573 ±    0.00176       0.06563 ±    0.00038     6.080 ±  0.045 %    88.601 ±  0.090 %
 124      45.5859 ±    0.5174       0.02513 ±    0.00175       0.06560 ±    0.00038     6.076 ±  0.044 %    88.613 ±  0.089 %
 125      45.5776 ±    0.5155       0.02500 ±    0.00175       0.06564 ±    0.00038     6.089 ±  0.044 %    88.612 ±  0.089 %
 126      45.6532 ±    0.5144       0.02482 ±    0.00174       0.06558 ±    0.00038     6.085 ±  0.044 %    88.631 ±  0.088 %
 127      45.6002 ±    0.5116       0.02494 ±    0.00173       0.06543 ±    0.00037     6.076 ±  0.044 %    88.645 ±  0.088 %
 128      45.3639 ±    0.5067       0.02524 ±    0.00172       0.06531 ±    0.00037     6.080 ±  0.044 %    88.661 ±  0.088 %
 129      45.3119 ±    0.5040       0.02528 ±    0.00172       0.06528 ±    0.00037     6.085 ±  0.044 %    88.659 ±  0.087 %
 130      45.4903 ±    0.5045       0.02600 ±    0.00172       0.06546 ±    0.00037     6.086 ±  0.044 %    88.647 ±  0.087 %
 131      45.3752 ±    0.5012       0.02603 ±    0.00171       0.06536 ±    0.00037     6.080 ±  0.043 %    88.662 ±  0.087 %
 132      45.4081 ±    0.4998       0.02580 ±    0.00170       0.06535 ±    0.00037     6.077 ±  0.043 %    88.659 ±  0.086 %
 133      45.5370 ±    0.4993       0.02590 ±    0.00170       0.06528 ±    0.00036     6.072 ±  0.043 %    88.673 ±  0.086 %
 134      45.3384 ±    0.4949       0.02570 ±    0.00169       0.06528 ±    0.00036     6.072 ±  0.043 %    88.688 ±  0.086 %
 135      45.1578 ±    0.4910       0.02569 ±    0.00168       0.06524 ±    0.00036     6.074 ±  0.043 %    88.697 ±  0.085 %
 136      44.8144 ±    0.4855       0.02620 ±    0.00168       0.06507 ±    0.00036     6.073 ±  0.043 %    88.718 ±  0.085 %
 137      44.7449 ±    0.4829       0.02623 ±    0.00167       0.06500 ±    0.00036     6.076 ±  0.043 %    88.722 ±  0.084 %
 138      44.8771 ±    0.4828       0.02630 ±    0.00166       0.06493 ±    0.00036     6.073 ±  0.043 %    88.728 ±  0.084 %
 139      45.1941 ±    0.4848       0.02592 ±    0.00166       0.06499 ±    0.00036     6.067 ±  0.042 %    88.732 ±  0.084 %
 140      45.1656 ±    0.4827       0.02550 ±    0.00165       0.06500 ±    0.00035     6.070 ±  0.042 %    88.742 ±  0.084 %
 141      45.2388 ±    0.4818       0.02550 ±    0.00164       0.06502 ±    0.00035     6.066 ±  0.042 %    88.736 ±  0.083 %
 142      45.3113 ±    0.4810       0.02544 ±    0.00164       0.06498 ±    0.00035     6.061 ±  0.042 %    88.739 ±  0.083 %
 143      45.4735 ±    0.4811       0.02534 ±    0.00163       0.06498 ±    0.00035     6.058 ±  0.042 %    88.732 ±  0.083 %
 144      45.5244 ±    0.4802       0.02524 ±    0.00162       0.06494 ±    0.00035     6.050 ±  0.041 %    88.732 ±  0.082 %

====== Perplexity statistics ======
Mean PPL(Q)                   :  45.524369 ±   0.480180
Mean PPL(base)                :  44.389851 ±   0.462582
Cor(ln(PPL(Q)), ln(PPL(base))):  98.81%
Mean ln(PPL(Q)/PPL(base))     :   0.025237 ±   0.001623
Mean PPL(Q)/PPL(base)         :   1.025558 ±   0.001664
Mean PPL(Q)-PPL(base)         :   1.134519 ±   0.074830

====== KL divergence statistics ======
Mean    KLD:   0.064938 ±   0.000347
Maximum KLD:  11.660830
99.9%   KLD:   1.504014
99.0%   KLD:   0.546652
95.0%   KLD:   0.235434
90.0%   KLD:   0.152251
Median  KLD:   0.028702
10.0%   KLD:   0.000923
 5.0%   KLD:   0.000177
 1.0%   KLD:   0.000011
 0.1%   KLD:   0.000000
Minimum KLD:  -0.000010

====== Token probability statistics ======
Mean    Δp: -0.360 ± 0.016 %
Maximum Δp: 86.066%
99.9%   Δp: 39.135%
99.0%   Δp: 18.069%
95.0%   Δp:  6.914%
90.0%   Δp:  3.090%
75.0%   Δp:  0.225%
Median  Δp: -0.000%
25.0%   Δp: -0.538%
10.0%   Δp: -4.358%
 5.0%   Δp: -8.842%
 1.0%   Δp: -21.786%
 0.1%   Δp: -46.783%
Minimum Δp: -92.429%
RMS Δp    :  6.050 ± 0.041 %
Same top p: 88.732 ± 0.082 %

------------------------------
llama-perplexity --kl-divergence-base /tmp/logits.dat --ctx-size 2048 -f sample-data/wiki.test.raw -hf unsloth/gemma-4-E2B-it-qat-GGUF:UD-Q4_K_XL -fa on -ngl 99 -ctk f16 -ctv turbo2 --kl-divergence
0.00.478.160 I common_init_result: fitting params to device memory ...
0.00.478.166 I common_init_result: (for bugs during this step try to reproduce them with -fit off, or provide --verbose logs if the bug only occurs with -fit on)
0.02.948.097 W load: control-looking token:    212 '</s>' was not control-type; this is probably a bug in the model. its type will be overridden
0.02.948.621 W load: control-looking token:     50 '<|tool_response>' was not control-type; this is probably a bug in the model. its type will be overridden
0.02.976.773 W load: special_eog_ids contains '<|tool_response>', removing '</s>' token from EOG list
0.03.953.651 W llama_context: n_ctx_seq (2048) < n_ctx_train (131072) -- the full capacity of the model will not be utilized
0.03.980.807 I common_init_from_params: warming up the model with an empty run - please wait ... (--no-warmup to disable)
0.04.009.809 I 
0.04.009.881 I system_info: n_threads = 16 (n_threads_batch = 16) / 32 | CUDA : ARCHS = 500,610,700,750,800,860,890,900 | USE_GRAPHS = 1 | PEER_MAX_BATCH_SIZE = 128 | CPU : SSE3 = 1 | SSSE3 = 1 | AVX = 1 | AVX2 = 1 | F16C = 1 | FMA = 1 | BMI2 = 1 | LLAMAFILE = 1 | OPENMP = 1 | REPACK = 1 | 
0.04.241.180 I kl_divergence: computing over 144 chunks, n_ctx=2048, batch_size=2048, n_seq=1
0.05.294.776 I kl_divergence: 1.05 seconds per pass - ETA 2.52 minutes

chunk             PPL               ln(PPL(Q)/PPL(base))          KL Divergence              Δp RMS            Same top p
   1      43.7829 ±    5.6022       0.01966 ±    0.02579       0.15374 ±    0.00910     8.952 ±  0.488 %    83.871 ±  1.150 %
   2      55.9434 ±    4.9398       0.01219 ±    0.01844       0.16296 ±    0.00572     9.005 ±  0.371 %    81.378 ±  0.861 %
   3      58.4708 ±    4.2209       0.00031 ±    0.01574       0.16935 ±    0.00504     9.142 ±  0.319 %    81.362 ±  0.703 %
   4      54.6423 ±    3.3930      -0.00650 ±    0.01354       0.17365 ±    0.00446     9.536 ±  0.300 %    81.061 ±  0.613 %
   5      51.9993 ±    2.9258       0.00758 ±    0.01233       0.18047 ±    0.00416     9.795 ±  0.273 %    80.645 ±  0.552 %
   6      40.9462 ±    2.0441       0.01199 ±    0.01118       0.18228 ±    0.00396    10.341 ±  0.254 %    80.613 ±  0.505 %
   7      35.7036 ±    1.6180       0.02654 ±    0.01045       0.18418 ±    0.00373    10.945 ±  0.241 %    80.687 ±  0.467 %
   8      34.6809 ±    1.4606       0.01779 ±    0.00981       0.18511 ±    0.00353    11.087 ±  0.229 %    80.560 ±  0.437 %
   9      35.5722 ±    1.4043       0.01505 ±    0.00912       0.18305 ±    0.00325    10.945 ±  0.217 %    80.330 ±  0.414 %
  10      37.2456 ±    1.4158       0.01638 ±    0.00874       0.18269 ±    0.00306    10.888 ±  0.206 %    80.469 ±  0.392 %
  11      37.8861 ±    1.3741       0.01127 ±    0.00830       0.18006 ±    0.00288    10.773 ±  0.196 %    80.592 ±  0.373 %
  12      40.5907 ±    1.4187       0.00323 ±    0.00798       0.18114 ±    0.00273    10.708 ±  0.188 %    80.735 ±  0.356 %
  13      40.0129 ±    1.3414       0.00079 ±    0.00759       0.17744 ±    0.00257    10.584 ±  0.179 %    80.968 ±  0.340 %
  14      40.8324 ±    1.3238       0.00470 ±    0.00731       0.17635 ±    0.00247    10.644 ±  0.178 %    81.078 ±  0.327 %
  15      40.3770 ±    1.2628       0.00256 ±    0.00703       0.17575 ±    0.00239    10.650 ±  0.171 %    81.206 ±  0.315 %
  16      42.2065 ±    1.2803      -0.00065 ±    0.00683       0.17534 ±    0.00228    10.570 ±  0.165 %    81.207 ±  0.305 %
  17      42.3299 ±    1.2457      -0.00156 ±    0.00655       0.17274 ±    0.00218    10.510 ±  0.159 %    81.312 ±  0.296 %
  18      42.7031 ±    1.2186       0.00190 ±    0.00635       0.17265 ±    0.00213    10.480 ±  0.155 %    81.329 ±  0.287 %
  19      41.8669 ±    1.1642       0.00354 ±    0.00614       0.17040 ±    0.00206    10.372 ±  0.150 %    81.540 ±  0.278 %
  20      41.4186 ±    1.1322       0.01567 ±    0.00627       0.16964 ±    0.00201    10.426 ±  0.147 %    81.642 ±  0.271 %
  21      41.5381 ±    1.1072       0.01225 ±    0.00611       0.17100 ±    0.00199    10.414 ±  0.143 %    81.553 ±  0.265 %
  22      41.9194 ±    1.0947       0.01296 ±    0.00601       0.17121 ±    0.00193    10.357 ±  0.139 %    81.498 ±  0.259 %
  23      42.2956 ±    1.0820       0.01491 ±    0.00586       0.17124 ±    0.00188    10.331 ±  0.136 %    81.457 ±  0.253 %
  24      42.5161 ±    1.0660       0.01197 ±    0.00574       0.17062 ±    0.00182    10.253 ±  0.133 %    81.407 ±  0.248 %
  25      43.0145 ±    1.0580       0.01041 ±    0.00562       0.17086 ±    0.00177    10.176 ±  0.129 %    81.353 ±  0.244 %
  26      43.2479 ±    1.0450       0.00894 ±    0.00551       0.17167 ±    0.00174    10.164 ±  0.126 %    81.266 ±  0.239 %
  27      44.7146 ±    1.0627       0.00749 ±    0.00542       0.17230 ±    0.00170    10.123 ±  0.124 %    81.246 ±  0.235 %
  28      44.5091 ±    1.0387       0.00886 ±    0.00532       0.17241 ±    0.00167    10.136 ±  0.122 %    81.260 ±  0.231 %
  29      44.5255 ±    1.0206       0.00770 ±    0.00522       0.17264 ±    0.00164    10.107 ±  0.120 %    81.235 ±  0.227 %
  30      44.5623 ±    1.0053       0.00760 ±    0.00515       0.17262 ±    0.00162    10.059 ±  0.117 %    81.241 ±  0.223 %
  31      44.2231 ±    0.9812       0.00739 ±    0.00505       0.17234 ±    0.00159    10.053 ±  0.115 %    81.292 ±  0.219 %
  32      43.4029 ±    0.9471       0.00913 ±    0.00496       0.17213 ±    0.00156    10.055 ±  0.113 %    81.320 ±  0.215 %
  33      43.1028 ±    0.9262       0.00828 ±    0.00489       0.17189 ±    0.00153    10.014 ±  0.111 %    81.356 ±  0.212 %
  34      42.6363 ±    0.9019       0.00759 ±    0.00480       0.17137 ±    0.00151     9.964 ±  0.109 %    81.370 ±  0.209 %
  35      42.6547 ±    0.8880       0.00791 ±    0.00473       0.17150 ±    0.00149     9.964 ±  0.108 %    81.352 ±  0.206 %
  36      42.0688 ±    0.8636       0.00974 ±    0.00464       0.17010 ±    0.00146     9.927 ±  0.106 %    81.452 ±  0.203 %
  37      40.9960 ±    0.8290       0.00979 ±    0.00457       0.16906 ±    0.00143     9.934 ±  0.104 %    81.586 ±  0.199 %
  38      40.5420 ±    0.8075       0.01046 ±    0.00451       0.16884 ±    0.00141     9.971 ±  0.104 %    81.584 ±  0.197 %
  39      39.7616 ±    0.7805       0.00974 ±    0.00444       0.16845 ±    0.00140     9.984 ±  0.102 %    81.648 ±  0.194 %
  40      39.4532 ±    0.7640       0.00835 ±    0.00438       0.16868 ±    0.00138     9.987 ±  0.100 %    81.679 ±  0.191 %
  41      39.4679 ±    0.7551       0.00920 ±    0.00432       0.16870 ±    0.00137    10.037 ±  0.099 %    81.680 ±  0.189 %
  42      39.8508 ±    0.7547       0.00991 ±    0.00427       0.16871 ±    0.00134    10.005 ±  0.098 %    81.623 ±  0.187 %
  43      40.3661 ±    0.7548       0.00852 ±    0.00423       0.16944 ±    0.00132     9.965 ±  0.096 %    81.534 ±  0.185 %
  44      41.3254 ±    0.7660       0.00840 ±    0.00417       0.16919 ±    0.00130     9.923 ±  0.095 %    81.512 ±  0.183 %
  45      41.9672 ±    0.7702       0.00922 ±    0.00412       0.16925 ±    0.00128     9.891 ±  0.094 %    81.449 ±  0.181 %
  46      42.2824 ±    0.7684       0.00950 ±    0.00408       0.16917 ±    0.00126     9.860 ±  0.092 %    81.451 ±  0.179 %
  47      42.7220 ±    0.7689       0.01188 ±    0.00404       0.16932 ±    0.00125     9.856 ±  0.091 %    81.425 ±  0.177 %
  48      43.0625 ±    0.7669       0.01204 ±    0.00401       0.16996 ±    0.00123     9.874 ±  0.091 %    81.346 ±  0.176 %
  49      43.2016 ±    0.7618       0.01175 ±    0.00398       0.17028 ±    0.00122     9.877 ±  0.090 %    81.337 ±  0.174 %
  50      43.4402 ±    0.7586       0.01232 ±    0.00393       0.17014 ±    0.00121     9.862 ±  0.089 %    81.382 ±  0.172 %
  51      43.0600 ±    0.7442       0.01158 ±    0.00390       0.17028 ±    0.00120     9.868 ±  0.088 %    81.397 ±  0.170 %
  52      43.0221 ±    0.7369       0.01234 ±    0.00386       0.17025 ±    0.00119     9.871 ±  0.087 %    81.401 ±  0.169 %
  53      42.8839 ±    0.7275       0.01243 ±    0.00382       0.16959 ±    0.00117     9.883 ±  0.087 %    81.444 ±  0.167 %
  54      42.5074 ±    0.7142       0.01469 ±    0.00380       0.16930 ±    0.00117     9.889 ±  0.086 %    81.471 ±  0.165 %
  55      42.3661 ±    0.7049       0.01377 ±    0.00377       0.16945 ±    0.00116     9.895 ±  0.085 %    81.477 ±  0.164 %
  56      42.3090 ±    0.6979       0.01472 ±    0.00373       0.16965 ±    0.00115     9.937 ±  0.085 %    81.459 ±  0.162 %
  57      41.6575 ±    0.6799       0.01484 ±    0.00369       0.16911 ±    0.00114     9.946 ±  0.084 %    81.504 ±  0.161 %
  58      41.5858 ±    0.6722       0.01434 ±    0.00366       0.16890 ±    0.00113     9.940 ±  0.083 %    81.496 ±  0.159 %
  59      41.0252 ±    0.6567       0.01488 ±    0.00362       0.16869 ±    0.00112     9.966 ±  0.083 %    81.533 ±  0.158 %
  60      41.1702 ±    0.6540       0.01616 ±    0.00359       0.16843 ±    0.00111     9.954 ±  0.082 %    81.556 ±  0.157 %
  61      41.3518 ±    0.6516       0.01625 ±    0.00358       0.16865 ±    0.00110     9.940 ±  0.081 %    81.533 ±  0.155 %
  62      41.6458 ±    0.6514       0.01663 ±    0.00356       0.16884 ±    0.00109     9.930 ±  0.080 %    81.497 ±  0.154 %
  63      42.1707 ±    0.6548       0.01592 ±    0.00353       0.16905 ±    0.00108     9.898 ±  0.080 %    81.454 ±  0.153 %
  64      42.0972 ±    0.6487       0.01527 ±    0.00351       0.16952 ±    0.00109     9.926 ±  0.079 %    81.426 ±  0.152 %
  65      42.2233 ±    0.6461       0.01526 ±    0.00349       0.16956 ±    0.00108     9.922 ±  0.079 %    81.414 ±  0.151 %
  66      42.2610 ±    0.6420       0.01659 ±    0.00346       0.16999 ±    0.00107     9.955 ±  0.078 %    81.383 ±  0.150 %
  67      42.3325 ±    0.6388       0.01677 ±    0.00344       0.17016 ±    0.00107     9.977 ±  0.078 %    81.405 ±  0.149 %
  68      42.3449 ±    0.6343       0.01817 ±    0.00342       0.17052 ±    0.00106     9.991 ±  0.078 %    81.408 ±  0.148 %
  69      42.4454 ±    0.6315       0.01848 ±    0.00340       0.17072 ±    0.00106     9.994 ±  0.077 %    81.392 ±  0.146 %
  70      42.1520 ±    0.6243       0.02203 ±    0.00340       0.17106 ±    0.00105    10.055 ±  0.077 %    81.406 ±  0.145 %
  71      41.8961 ±    0.6160       0.02411 ±    0.00338       0.17116 ±    0.00104    10.058 ±  0.076 %    81.413 ±  0.144 %
  72      42.2916 ±    0.6184       0.02235 ±    0.00336       0.17196 ±    0.00104    10.064 ±  0.075 %    81.340 ±  0.144 %
  73      42.6855 ±    0.6207       0.02098 ±    0.00334       0.17224 ±    0.00103    10.041 ±  0.075 %    81.323 ±  0.143 %
  74      42.5544 ±    0.6145       0.02171 ±    0.00331       0.17174 ±    0.00102    10.033 ±  0.074 %    81.344 ±  0.142 %
  75      42.4666 ±    0.6089       0.02124 ±    0.00329       0.17176 ±    0.00102    10.023 ±  0.074 %    81.372 ±  0.141 %
  76      42.5169 ±    0.6055       0.02155 ±    0.00327       0.17190 ±    0.00101    10.006 ±  0.073 %    81.359 ±  0.140 %
  77      42.5576 ±    0.6022       0.02114 ±    0.00326       0.17181 ±    0.00100     9.989 ±  0.072 %    81.331 ±  0.139 %
  78      42.5277 ±    0.5979       0.02064 ±    0.00324       0.17170 ±    0.00100     9.976 ±  0.072 %    81.354 ±  0.138 %
  79      42.6498 ±    0.5960       0.02189 ±    0.00322       0.17197 ±    0.00099     9.975 ±  0.071 %    81.355 ±  0.137 %
  80      42.7883 ±    0.5941       0.02082 ±    0.00320       0.17197 ±    0.00099     9.956 ±  0.071 %    81.362 ±  0.136 %
  81      42.2842 ±    0.5827       0.01896 ±    0.00317       0.17175 ±    0.00098     9.960 ±  0.070 %    81.408 ±  0.135 %
  82      41.9082 ±    0.5739       0.01776 ±    0.00315       0.17167 ±    0.00098     9.980 ±  0.070 %    81.461 ±  0.134 %
  83      41.4485 ±    0.5639       0.01715 ±    0.00313       0.17154 ±    0.00097     9.996 ±  0.070 %    81.481 ±  0.133 %
  84      41.2081 ±    0.5573       0.01644 ±    0.00310       0.17120 ±    0.00096    10.002 ±  0.069 %    81.520 ±  0.132 %
  85      41.3239 ±    0.5557       0.01628 ±    0.00309       0.17122 ±    0.00096    10.002 ±  0.069 %    81.513 ±  0.132 %
  86      41.2499 ±    0.5513       0.01636 ±    0.00308       0.17113 ±    0.00095     9.996 ±  0.069 %    81.506 ±  0.131 %
  87      41.4018 ±    0.5502       0.01685 ±    0.00306       0.17139 ±    0.00095    10.000 ±  0.068 %    81.493 ±  0.130 %
  88      41.7475 ±    0.5514       0.01668 ±    0.00304       0.17157 ±    0.00094     9.977 ±  0.068 %    81.451 ±  0.130 %
  89      41.7730 ±    0.5486       0.01649 ±    0.00302       0.17142 ±    0.00093     9.966 ±  0.067 %    81.448 ±  0.129 %
  90      42.0721 ±    0.5495       0.01682 ±    0.00301       0.17209 ±    0.00093     9.970 ±  0.067 %    81.411 ±  0.128 %
  91      42.5311 ±    0.5525       0.01608 ±    0.00299       0.17259 ±    0.00092     9.949 ±  0.066 %    81.350 ±  0.128 %
  92      42.9460 ±    0.5552       0.01546 ±    0.00298       0.17313 ±    0.00092     9.944 ±  0.066 %    81.319 ±  0.127 %
  93      43.2090 ±    0.5554       0.01576 ±    0.00296       0.17376 ±    0.00092     9.953 ±  0.066 %    81.254 ±  0.127 %
  94      43.7394 ±    0.5600       0.01630 ±    0.00295       0.17375 ±    0.00091     9.930 ±  0.066 %    81.221 ±  0.126 %
  95      44.2045 ±    0.5633       0.01615 ±    0.00293       0.17385 ±    0.00090     9.916 ±  0.065 %    81.183 ±  0.125 %
  96      44.1364 ±    0.5592       0.01570 ±    0.00291       0.17376 ±    0.00090     9.913 ±  0.065 %    81.201 ±  0.125 %
  97      44.3768 ±    0.5596       0.01641 ±    0.00289       0.17362 ±    0.00089     9.901 ±  0.065 %    81.205 ±  0.124 %
  98      44.5185 ±    0.5588       0.01654 ±    0.00288       0.17362 ±    0.00089     9.894 ±  0.064 %    81.212 ±  0.123 %
  99      44.8809 ±    0.5612       0.01690 ±    0.00287       0.17379 ±    0.00088     9.890 ±  0.064 %    81.209 ±  0.123 %
 100      44.8641 ±    0.5582       0.01752 ±    0.00286       0.17380 ±    0.00088     9.887 ±  0.064 %    81.209 ±  0.122 %
 101      45.0451 ±    0.5578       0.01725 ±    0.00284       0.17381 ±    0.00088     9.893 ±  0.063 %    81.193 ±  0.122 %
 102      45.2350 ±    0.5576       0.01620 ±    0.00283       0.17376 ±    0.00087     9.881 ±  0.063 %    81.187 ±  0.121 %
 103      45.4522 ±    0.5577       0.01679 ±    0.00281       0.17389 ±    0.00087     9.880 ±  0.063 %    81.175 ±  0.120 %
 104      45.5277 ±    0.5559       0.01664 ±    0.00281       0.17369 ±    0.00086     9.872 ±  0.062 %    81.184 ±  0.120 %
 105      45.5613 ±    0.5536       0.01676 ±    0.00279       0.17388 ±    0.00086     9.873 ±  0.062 %    81.170 ±  0.119 %
 106      45.8256 ±    0.5546       0.01622 ±    0.00278       0.17406 ±    0.00086     9.868 ±  0.062 %    81.151 ±  0.119 %
 107      45.8069 ±    0.5516       0.01677 ±    0.00277       0.17392 ±    0.00085     9.875 ±  0.062 %    81.162 ±  0.118 %
 108      45.9073 ±    0.5503       0.01650 ±    0.00276       0.17377 ±    0.00085     9.866 ±  0.061 %    81.167 ±  0.118 %
 109      45.9423 ±    0.5483       0.01651 ±    0.00274       0.17371 ±    0.00084     9.877 ±  0.061 %    81.158 ±  0.117 %
 110      45.7319 ±    0.5430       0.01729 ±    0.00273       0.17344 ±    0.00084     9.882 ±  0.061 %    81.205 ±  0.116 %
 111      45.6422 ±    0.5393       0.01728 ±    0.00271       0.17317 ±    0.00084     9.874 ±  0.060 %    81.234 ±  0.116 %
 112      45.4681 ±    0.5348       0.01771 ±    0.00270       0.17296 ±    0.00083     9.878 ±  0.060 %    81.263 ±  0.115 %
 113      45.6646 ±    0.5352       0.01789 ±    0.00269       0.17307 ±    0.00083     9.877 ±  0.060 %    81.274 ±  0.115 %
 114      45.8772 ±    0.5356       0.01793 ±    0.00268       0.17309 ±    0.00082     9.874 ±  0.060 %    81.275 ±  0.114 %
 115      46.0780 ±    0.5360       0.01803 ±    0.00266       0.17307 ±    0.00082     9.871 ±  0.059 %    81.284 ±  0.114 %
 116      46.2986 ±    0.5366       0.01768 ±    0.00265       0.17317 ±    0.00082     9.856 ±  0.059 %    81.285 ±  0.113 %
 117      45.9738 ±    0.5302       0.01724 ±    0.00264       0.17313 ±    0.00082     9.864 ±  0.059 %    81.314 ±  0.113 %
 118      45.6974 ±    0.5248       0.01801 ±    0.00263       0.17264 ±    0.00081     9.861 ±  0.059 %    81.365 ±  0.112 %
 119      45.6272 ±    0.5216       0.01799 ±    0.00262       0.17259 ±    0.00081     9.861 ±  0.058 %    81.372 ±  0.112 %
 120      45.4715 ±    0.5176       0.01773 ±    0.00261       0.17226 ±    0.00080     9.852 ±  0.058 %    81.409 ±  0.111 %
 121      45.3112 ±    0.5134       0.01825 ±    0.00259       0.17217 ±    0.00080     9.863 ±  0.058 %    81.422 ±  0.111 %
 122      45.1947 ±    0.5098       0.01832 ±    0.00258       0.17229 ±    0.00080     9.869 ±  0.058 %    81.442 ±  0.110 %
 123      45.2709 ±    0.5088       0.01811 ±    0.00257       0.17248 ±    0.00080     9.863 ±  0.058 %    81.453 ±  0.110 %
 124      45.2463 ±    0.5066       0.01765 ±    0.00256       0.17259 ±    0.00080     9.860 ±  0.057 %    81.463 ±  0.109 %
 125      45.2718 ±    0.5051       0.01827 ±    0.00256       0.17262 ±    0.00080     9.865 ±  0.057 %    81.462 ±  0.109 %
 126      45.3644 ±    0.5042       0.01847 ±    0.00255       0.17275 ±    0.00079     9.865 ±  0.057 %    81.461 ±  0.108 %
 127      45.3145 ±    0.5016       0.01866 ±    0.00254       0.17248 ±    0.00079     9.857 ±  0.057 %    81.486 ±  0.108 %
 128      45.0933 ±    0.4970       0.01926 ±    0.00252       0.17223 ±    0.00079     9.866 ±  0.057 %    81.509 ±  0.107 %
 129      45.0534 ±    0.4945       0.01956 ±    0.00251       0.17212 ±    0.00078     9.863 ±  0.056 %    81.514 ±  0.107 %
 130      45.1923 ±    0.4945       0.01943 ±    0.00251       0.17212 ±    0.00078     9.860 ±  0.056 %    81.522 ±  0.106 %
 131      45.0919 ±    0.4915       0.01977 ±    0.00250       0.17195 ±    0.00078     9.859 ±  0.056 %    81.537 ±  0.106 %
 132      45.1361 ±    0.4902       0.01979 ±    0.00249       0.17195 ±    0.00077     9.860 ±  0.056 %    81.538 ±  0.106 %
 133      45.2546 ±    0.4897       0.01968 ±    0.00248       0.17200 ±    0.00077     9.860 ±  0.055 %    81.540 ±  0.105 %
 134      45.0850 ±    0.4857       0.02009 ±    0.00247       0.17215 ±    0.00077     9.866 ±  0.055 %    81.548 ±  0.105 %
 135      44.9122 ±    0.4819       0.02023 ±    0.00246       0.17209 ±    0.00077     9.870 ±  0.055 %    81.562 ±  0.104 %
 136      44.5698 ±    0.4765       0.02073 ±    0.00245       0.17167 ±    0.00076     9.871 ±  0.055 %    81.591 ±  0.104 %
 137      44.5215 ±    0.4742       0.02123 ±    0.00244       0.17157 ±    0.00076     9.875 ±  0.055 %    81.591 ±  0.104 %
 138      44.6589 ±    0.4742       0.02142 ±    0.00243       0.17143 ±    0.00076     9.872 ±  0.054 %    81.603 ±  0.103 %
 139      44.9752 ±    0.4761       0.02107 ±    0.00242       0.17169 ±    0.00075     9.861 ±  0.054 %    81.583 ±  0.103 %
 140      44.9472 ±    0.4740       0.02065 ±    0.00241       0.17188 ±    0.00075     9.867 ±  0.054 %    81.563 ±  0.102 %
 141      45.0224 ±    0.4732       0.02071 ±    0.00240       0.17197 ±    0.00075     9.860 ±  0.054 %    81.553 ±  0.102 %
 142      45.0807 ±    0.4722       0.02034 ±    0.00239       0.17194 ±    0.00075     9.861 ±  0.054 %    81.544 ±  0.102 %
 143      45.2266 ±    0.4720       0.01990 ±    0.00239       0.17218 ±    0.00075     9.859 ±  0.053 %    81.517 ±  0.101 %
 144      45.2907 ±    0.4714       0.02009 ±    0.00238       0.17226 ±    0.00074     9.856 ±  0.053 %    81.510 ±  0.101 %

====== Perplexity statistics ======
Mean PPL(Q)                   :  45.290701 ±   0.471351
Mean PPL(base)                :  44.389851 ±   0.462582
Cor(ln(PPL(Q)), ln(PPL(base))):  97.39%
Mean ln(PPL(Q)/PPL(base))     :   0.020091 ±   0.002379
Mean PPL(Q)/PPL(base)         :   1.020294 ±   0.002427
Mean PPL(Q)-PPL(base)         :   0.900850 ±   0.107010

====== KL divergence statistics ======
Mean    KLD:   0.172264 ±   0.000743
Maximum KLD:  10.149462
99.9%   KLD:   3.098848
99.0%   KLD:   1.296424
95.0%   KLD:   0.610200
90.0%   KLD:   0.415685
Median  KLD:   0.086602
10.0%   KLD:   0.003154
 5.0%   KLD:   0.000636
 1.0%   KLD:   0.000038
 0.1%   KLD:   0.000003
Minimum KLD:  -0.000010

====== Token probability statistics ======
Mean    Δp: -1.097 ± 0.026 %
Maximum Δp: 94.196%
99.9%   Δp: 55.860%
99.0%   Δp: 27.384%
95.0%   Δp: 10.714%
90.0%   Δp:  4.581%
75.0%   Δp:  0.269%
Median  Δp: -0.003%
25.0%   Δp: -1.272%
10.0%   Δp: -8.684%
 5.0%   Δp: -16.732%
 1.0%   Δp: -38.462%
 0.1%   Δp: -69.690%
Minimum Δp: -99.829%
RMS Δp    :  9.856 ± 0.053 %
Same top p: 81.510 ± 0.101 %

------------------------------
llama-perplexity --kl-divergence-base /tmp/logits.dat --ctx-size 2048 -f sample-data/wiki.test.raw -hf unsloth/gemma-4-E2B-it-qat-GGUF:UD-Q4_K_XL -fa on -ngl 99 -ctk q8_0 -ctv f16 --kl-divergence
0.00.474.604 I common_init_result: fitting params to device memory ...
0.00.474.607 I common_init_result: (for bugs during this step try to reproduce them with -fit off, or provide --verbose logs if the bug only occurs with -fit on)
0.02.858.034 W load: control-looking token:    212 '</s>' was not control-type; this is probably a bug in the model. its type will be overridden
0.02.858.555 W load: control-looking token:     50 '<|tool_response>' was not control-type; this is probably a bug in the model. its type will be overridden
0.02.886.366 W load: special_eog_ids contains '<|tool_response>', removing '</s>' token from EOG list
0.03.827.198 W llama_context: n_ctx_seq (2048) < n_ctx_train (131072) -- the full capacity of the model will not be utilized
0.03.853.596 I common_init_from_params: warming up the model with an empty run - please wait ... (--no-warmup to disable)
0.03.880.221 I 
0.03.880.295 I system_info: n_threads = 16 (n_threads_batch = 16) / 32 | CUDA : ARCHS = 500,610,700,750,800,860,890,900 | USE_GRAPHS = 1 | PEER_MAX_BATCH_SIZE = 128 | CPU : SSE3 = 1 | SSSE3 = 1 | AVX = 1 | AVX2 = 1 | F16C = 1 | FMA = 1 | BMI2 = 1 | LLAMAFILE = 1 | OPENMP = 1 | REPACK = 1 | 
0.04.113.568 I kl_divergence: computing over 144 chunks, n_ctx=2048, batch_size=2048, n_seq=1
0.05.128.813 I kl_divergence: 1.02 seconds per pass - ETA 2.43 minutes

chunk             PPL               ln(PPL(Q)/PPL(base))          KL Divergence              Δp RMS            Same top p
   1      42.8799 ±    5.4895      -0.00118 ±    0.00674       0.00373 ±    0.00086     2.293 ±  0.733 %    97.654 ±  0.473 %
   2      55.8038 ±    4.9840       0.00969 ±    0.00593       0.00287 ±    0.00044     1.752 ±  0.480 %    98.045 ±  0.306 %
   3      59.1666 ±    4.3442       0.01213 ±    0.00552       0.00254 ±    0.00029     1.544 ±  0.364 %    98.012 ±  0.252 %
   4      55.5310 ±    3.5142       0.00963 ±    0.00427       0.00242 ±    0.00022     1.456 ±  0.292 %    98.143 ±  0.211 %
   5      52.4033 ±    3.0031       0.01532 ±    0.00436       0.00238 ±    0.00018     1.380 ±  0.246 %    97.986 ±  0.196 %
   6      41.0980 ±    2.0913       0.01569 ±    0.00381       0.00237 ±    0.00015     1.407 ±  0.203 %    97.947 ±  0.181 %
   7      35.2394 ±    1.6290       0.01345 ±    0.00330       0.00238 ±    0.00014     1.468 ±  0.170 %    97.933 ±  0.168 %
   8      34.5152 ±    1.4870       0.01300 ±    0.00298       0.00232 ±    0.00012     1.432 ±  0.152 %    97.959 ±  0.156 %
   9      35.5166 ±    1.4361       0.01349 ±    0.00278       0.00235 ±    0.00011     1.404 ±  0.138 %    97.893 ±  0.150 %
  10      37.2149 ±    1.4473       0.01555 ±    0.00284       0.00231 ±    0.00010     1.366 ±  0.128 %    97.918 ±  0.141 %
  11      38.0231 ±    1.4124       0.01488 ±    0.00266       0.00230 ±    0.00009     1.344 ±  0.119 %    97.796 ±  0.138 %
  12      41.0828 ±    1.4747       0.01528 ±    0.00250       0.00229 ±    0.00009     1.322 ±  0.111 %    97.849 ±  0.131 %
  13      40.5812 ±    1.3973       0.01489 ±    0.00238       0.00228 ±    0.00009     1.339 ±  0.106 %    97.812 ±  0.127 %
  14      41.2657 ±    1.3725       0.01526 ±    0.00234       0.00223 ±    0.00008     1.320 ±  0.100 %    97.822 ±  0.122 %
  15      40.8666 ±    1.3120       0.01461 ±    0.00220       0.00219 ±    0.00008     1.291 ±  0.095 %    97.862 ±  0.117 %
  16      42.8306 ±    1.3339       0.01403 ±    0.00211       0.00216 ±    0.00007     1.273 ±  0.090 %    97.868 ±  0.113 %
  17      42.9701 ±    1.2975       0.01345 ±    0.00200       0.00213 ±    0.00007     1.257 ±  0.086 %    97.884 ±  0.109 %
  18      43.1913 ±    1.2649       0.01326 ±    0.00192       0.00213 ±    0.00007     1.243 ±  0.083 %    97.855 ±  0.107 %
  19      42.2742 ±    1.2057       0.01322 ±    0.00190       0.00210 ±    0.00006     1.226 ±  0.079 %    97.875 ±  0.103 %
  20      41.4887 ±    1.1595       0.01736 ±    0.00227       0.00209 ±    0.00006     1.258 ±  0.083 %    97.893 ±  0.100 %
  21      41.7697 ±    1.1397       0.01781 ±    0.00221       0.00208 ±    0.00006     1.242 ±  0.080 %    97.882 ±  0.098 %
  22      42.1503 ±    1.1263       0.01846 ±    0.00218       0.00207 ±    0.00006     1.229 ±  0.077 %    97.889 ±  0.096 %
  23      42.4651 ±    1.1111       0.01891 ±    0.00216       0.00206 ±    0.00006     1.225 ±  0.074 %    97.883 ±  0.094 %
  24      42.8298 ±    1.0999       0.01932 ±    0.00212       0.00206 ±    0.00005     1.223 ±  0.072 %    97.849 ±  0.093 %
  25      43.4107 ±    1.0942       0.01958 ±    0.00206       0.00207 ±    0.00006     1.213 ±  0.069 %    97.869 ±  0.090 %
  26      43.7322 ±    1.0839       0.02008 ±    0.00204       0.00208 ±    0.00005     1.208 ±  0.067 %    97.857 ±  0.089 %
  27      45.2855 ±    1.1043       0.02018 ±    0.00199       0.00208 ±    0.00005     1.199 ±  0.065 %    97.853 ±  0.087 %
  28      45.0042 ±    1.0770       0.01992 ±    0.00193       0.00208 ±    0.00005     1.197 ±  0.063 %    97.860 ±  0.086 %
  29      45.0855 ±    1.0605       0.02020 ±    0.00192       0.00207 ±    0.00005     1.191 ±  0.061 %    97.870 ±  0.084 %
  30      45.1564 ±    1.0456       0.02084 ±    0.00192       0.00207 ±    0.00005     1.183 ±  0.059 %    97.866 ±  0.082 %
  31      44.8055 ±    1.0205       0.02047 ±    0.00186       0.00206 ±    0.00005     1.178 ±  0.058 %    97.865 ±  0.081 %
  32      43.8902 ±    0.9829       0.02029 ±    0.00182       0.00206 ±    0.00005     1.173 ±  0.056 %    97.877 ±  0.080 %
  33      43.6386 ±    0.9626       0.02063 ±    0.00181       0.00207 ±    0.00004     1.174 ±  0.055 %    97.852 ±  0.079 %
  34      43.1902 ±    0.9378       0.02050 ±    0.00178       0.00205 ±    0.00004     1.168 ±  0.053 %    97.849 ±  0.078 %
  35      43.1672 ±    0.9222       0.01986 ±    0.00173       0.00205 ±    0.00004     1.161 ±  0.052 %    97.855 ±  0.077 %
  36      42.5020 ±    0.8950       0.01998 ±    0.00171       0.00205 ±    0.00004     1.161 ±  0.051 %    97.866 ±  0.075 %
  37      41.4207 ±    0.8591       0.02009 ±    0.00173       0.00204 ±    0.00004     1.165 ±  0.049 %    97.863 ±  0.074 %
  38      40.9083 ±    0.8356       0.01945 ±    0.00169       0.00207 ±    0.00004     1.185 ±  0.050 %    97.862 ±  0.073 %
  39      40.1469 ±    0.8085       0.01938 ±    0.00167       0.00206 ±    0.00004     1.183 ±  0.049 %    97.882 ±  0.072 %
  40      39.8947 ±    0.7926       0.01947 ±    0.00164       0.00206 ±    0.00004     1.183 ±  0.047 %    97.867 ±  0.071 %
  41      39.8720 ±    0.7827       0.01938 ±    0.00162       0.00206 ±    0.00004     1.182 ±  0.046 %    97.866 ±  0.071 %
  42      40.2423 ±    0.7816       0.01969 ±    0.00161       0.00205 ±    0.00004     1.176 ±  0.045 %    97.854 ±  0.070 %
  43      40.8137 ±    0.7831       0.01955 ±    0.00159       0.00205 ±    0.00004     1.171 ±  0.045 %    97.843 ±  0.069 %
  44      41.7960 ±    0.7949       0.01972 ±    0.00157       0.00206 ±    0.00004     1.164 ±  0.044 %    97.847 ±  0.068 %
  45      42.4028 ±    0.7981       0.01955 ±    0.00155       0.00206 ±    0.00004     1.159 ±  0.043 %    97.832 ±  0.068 %
  46      42.7259 ±    0.7962       0.01993 ±    0.00155       0.00206 ±    0.00004     1.156 ±  0.042 %    97.826 ±  0.067 %
  47      43.0657 ±    0.7944       0.01989 ±    0.00154       0.00206 ±    0.00004     1.156 ±  0.042 %    97.818 ±  0.067 %
  48      43.4031 ±    0.7925       0.01992 ±    0.00153       0.00206 ±    0.00004     1.153 ±  0.041 %    97.817 ±  0.066 %
  49      43.5707 ±    0.7878       0.02025 ±    0.00152       0.00207 ±    0.00004     1.154 ±  0.040 %    97.822 ±  0.065 %
  50      43.7835 ±    0.7837       0.02020 ±    0.00150       0.00207 ±    0.00004     1.149 ±  0.040 %    97.826 ±  0.064 %
  51      43.4454 ±    0.7698       0.02049 ±    0.00151       0.00207 ±    0.00004     1.151 ±  0.039 %    97.825 ±  0.064 %
  52      43.3850 ±    0.7617       0.02074 ±    0.00150       0.00207 ±    0.00004     1.146 ±  0.038 %    97.827 ±  0.063 %
  53      43.2362 ±    0.7517       0.02061 ±    0.00148       0.00207 ±    0.00004     1.150 ±  0.038 %    97.833 ±  0.063 %
  54      42.7698 ±    0.7361       0.02085 ±    0.00149       0.00211 ±    0.00007     1.148 ±  0.037 %    97.842 ±  0.062 %
  55      42.6631 ±    0.7275       0.02075 ±    0.00147       0.00210 ±    0.00006     1.146 ±  0.036 %    97.839 ±  0.061 %
  56      42.5398 ±    0.7189       0.02016 ±    0.00145       0.00213 ±    0.00006     1.154 ±  0.036 %    97.837 ±  0.061 %
  57      41.8697 ±    0.7002       0.01992 ±    0.00144       0.00212 ±    0.00006     1.153 ±  0.035 %    97.848 ±  0.060 %
  58      41.8108 ±    0.6923       0.01974 ±    0.00142       0.00212 ±    0.00006     1.152 ±  0.034 %    97.853 ±  0.060 %
  59      41.2251 ±    0.6760       0.01975 ±    0.00140       0.00211 ±    0.00006     1.150 ±  0.034 %    97.864 ±  0.059 %
  60      41.3159 ±    0.6719       0.01969 ±    0.00139       0.00211 ±    0.00006     1.148 ±  0.033 %    97.874 ±  0.058 %
  61      41.5116 ±    0.6698       0.02010 ±    0.00141       0.00211 ±    0.00006     1.145 ±  0.033 %    97.869 ±  0.058 %
  62      41.7993 ±    0.6694       0.02031 ±    0.00141       0.00211 ±    0.00006     1.144 ±  0.033 %    97.870 ±  0.057 %
  63      42.3484 ±    0.6734       0.02013 ±    0.00139       0.00212 ±    0.00006     1.142 ±  0.032 %    97.873 ±  0.057 %
  64      42.2999 ±    0.6675       0.02008 ±    0.00138       0.00212 ±    0.00006     1.143 ±  0.032 %    97.874 ±  0.056 %
  65      42.4201 ±    0.6648       0.01991 ±    0.00136       0.00214 ±    0.00006     1.153 ±  0.032 %    97.869 ±  0.056 %
  66      42.4013 ±    0.6596       0.01990 ±    0.00135       0.00214 ±    0.00005     1.153 ±  0.032 %    97.879 ±  0.055 %
  67      42.4649 ±    0.6564       0.01989 ±    0.00134       0.00213 ±    0.00005     1.154 ±  0.031 %    97.880 ±  0.055 %
  68      42.4054 ±    0.6506       0.01959 ±    0.00132       0.00213 ±    0.00005     1.154 ±  0.031 %    97.890 ±  0.054 %
  69      42.5018 ±    0.6474       0.01980 ±    0.00132       0.00213 ±    0.00005     1.154 ±  0.030 %    97.892 ±  0.054 %
  70      42.0881 ±    0.6376       0.02052 ±    0.00132       0.00213 ±    0.00005     1.161 ±  0.030 %    97.887 ±  0.054 %
  71      41.7330 ±    0.6272       0.02021 ±    0.00131       0.00218 ±    0.00005     1.178 ±  0.029 %    97.876 ±  0.054 %
  72      42.1991 ±    0.6309       0.02016 ±    0.00130       0.00219 ±    0.00005     1.175 ±  0.029 %    97.864 ±  0.053 %
  73      42.6532 ±    0.6342       0.02022 ±    0.00128       0.00219 ±    0.00005     1.173 ±  0.029 %    97.864 ±  0.053 %
  74      42.4888 ±    0.6272       0.02016 ±    0.00127       0.00218 ±    0.00005     1.175 ±  0.028 %    97.863 ±  0.053 %
  75      42.4332 ±    0.6222       0.02046 ±    0.00128       0.00218 ±    0.00005     1.177 ±  0.028 %    97.847 ±  0.052 %
  76      42.4758 ±    0.6188       0.02059 ±    0.00128       0.00221 ±    0.00006     1.175 ±  0.028 %    97.852 ±  0.052 %
  77      42.5399 ±    0.6160       0.02072 ±    0.00128       0.00221 ±    0.00005     1.174 ±  0.028 %    97.842 ±  0.052 %
  78      42.5312 ±    0.6120       0.02072 ±    0.00127       0.00221 ±    0.00005     1.172 ±  0.027 %    97.836 ±  0.052 %
  79      42.5977 ±    0.6091       0.02067 ±    0.00126       0.00220 ±    0.00005     1.169 ±  0.027 %    97.833 ±  0.051 %
  80      42.7804 ±    0.6079       0.02063 ±    0.00125       0.00220 ±    0.00005     1.167 ±  0.027 %    97.837 ±  0.051 %
  81      42.3501 ±    0.5974       0.02052 ±    0.00124       0.00220 ±    0.00005     1.165 ±  0.026 %    97.848 ±  0.050 %
  82      42.0268 ±    0.5892       0.02058 ±    0.00123       0.00219 ±    0.00005     1.162 ±  0.026 %    97.852 ±  0.050 %
  83      41.5905 ±    0.5793       0.02057 ±    0.00122       0.00221 ±    0.00005     1.170 ±  0.026 %    97.854 ±  0.050 %
  84      41.3714 ±    0.5729       0.02040 ±    0.00120       0.00220 ±    0.00005     1.170 ±  0.026 %    97.867 ±  0.049 %
  85      41.4921 ±    0.5713       0.02034 ±    0.00120       0.00220 ±    0.00005     1.168 ±  0.026 %    97.868 ±  0.049 %
  86      41.4135 ±    0.5667       0.02032 ±    0.00119       0.00220 ±    0.00005     1.168 ±  0.025 %    97.855 ±  0.049 %
  87      41.5482 ±    0.5653       0.02038 ±    0.00118       0.00220 ±    0.00005     1.166 ±  0.025 %    97.857 ±  0.049 %
  88      41.9000 ±    0.5666       0.02033 ±    0.00117       0.00220 ±    0.00005     1.163 ±  0.025 %    97.853 ±  0.048 %
  89      41.9362 ±    0.5639       0.02039 ±    0.00117       0.00219 ±    0.00005     1.161 ±  0.025 %    97.858 ±  0.048 %
  90      42.2117 ±    0.5643       0.02013 ±    0.00116       0.00219 ±    0.00005     1.161 ±  0.024 %    97.846 ±  0.048 %
  91      42.7005 ±    0.5679       0.02005 ±    0.00114       0.00220 ±    0.00005     1.158 ±  0.024 %    97.841 ±  0.048 %
  92      43.1431 ±    0.5710       0.02003 ±    0.00113       0.00220 ±    0.00005     1.155 ±  0.024 %    97.840 ±  0.047 %
  93      43.3917 ±    0.5710       0.01998 ±    0.00113       0.00220 ±    0.00005     1.153 ±  0.024 %    97.836 ±  0.047 %
  94      43.8991 ±    0.5752       0.01994 ±    0.00112       0.00220 ±    0.00005     1.149 ±  0.024 %    97.832 ±  0.047 %
  95      44.3753 ±    0.5788       0.02001 ±    0.00111       0.00220 ±    0.00005     1.148 ±  0.023 %    97.823 ±  0.047 %
  96      44.3237 ±    0.5749       0.01994 ±    0.00110       0.00220 ±    0.00005     1.149 ±  0.023 %    97.824 ±  0.047 %
  97      44.5285 ±    0.5748       0.01983 ±    0.00109       0.00220 ±    0.00005     1.148 ±  0.023 %    97.823 ±  0.046 %
  98      44.6663 ±    0.5739       0.01985 ±    0.00109       0.00219 ±    0.00005     1.146 ±  0.023 %    97.824 ±  0.046 %
  99      45.0263 ±    0.5764       0.02013 ±    0.00110       0.00219 ±    0.00005     1.144 ±  0.023 %    97.828 ±  0.046 %
 100      44.9849 ±    0.5729       0.02021 ±    0.00109       0.00219 ±    0.00005     1.145 ±  0.022 %    97.829 ±  0.046 %
 101      45.1882 ±    0.5730       0.02042 ±    0.00109       0.00219 ±    0.00004     1.144 ±  0.022 %    97.833 ±  0.045 %
 102      45.4269 ±    0.5735       0.02043 ±    0.00109       0.00219 ±    0.00004     1.142 ±  0.022 %    97.837 ±  0.045 %
 103      45.6214 ±    0.5732       0.02051 ±    0.00108       0.00225 ±    0.00007     1.172 ±  0.037 %    97.840 ±  0.045 %
 104      45.7182 ±    0.5716       0.02082 ±    0.00109       0.00225 ±    0.00007     1.175 ±  0.037 %    97.835 ±  0.045 %
 105      45.7478 ±    0.5693       0.02084 ±    0.00109       0.00226 ±    0.00007     1.179 ±  0.036 %    97.823 ±  0.045 %
 106      46.0405 ±    0.5706       0.02089 ±    0.00108       0.00225 ±    0.00007     1.180 ±  0.036 %    97.829 ±  0.044 %
 107      46.0000 ±    0.5673       0.02098 ±    0.00108       0.00225 ±    0.00007     1.179 ±  0.036 %    97.836 ±  0.044 %
 108      46.1187 ±    0.5661       0.02110 ±    0.00108       0.00225 ±    0.00007     1.177 ±  0.036 %    97.839 ±  0.044 %
 109      46.1576 ±    0.5641       0.02119 ±    0.00107       0.00224 ±    0.00007     1.177 ±  0.035 %    97.844 ±  0.043 %
 110      45.9140 ±    0.5583       0.02127 ±    0.00107       0.00224 ±    0.00007     1.175 ±  0.035 %    97.843 ±  0.043 %
 111      45.8249 ±    0.5545       0.02128 ±    0.00107       0.00224 ±    0.00007     1.175 ±  0.035 %    97.853 ±  0.043 %
 112      45.6324 ±    0.5496       0.02132 ±    0.00106       0.00223 ±    0.00007     1.174 ±  0.034 %    97.857 ±  0.043 %
 113      45.8173 ±    0.5498       0.02123 ±    0.00105       0.00223 ±    0.00007     1.173 ±  0.034 %    97.854 ±  0.043 %
 114      46.0262 ±    0.5502       0.02118 ±    0.00105       0.00224 ±    0.00007     1.173 ±  0.034 %    97.856 ±  0.042 %
 115      46.2259 ±    0.5506       0.02124 ±    0.00105       0.00223 ±    0.00007     1.172 ±  0.034 %    97.854 ±  0.042 %
 116      46.4655 ±    0.5514       0.02128 ±    0.00105       0.00227 ±    0.00007     1.176 ±  0.034 %    97.847 ±  0.042 %
 117      46.1523 ±    0.5450       0.02111 ±    0.00105       0.00227 ±    0.00007     1.181 ±  0.034 %    97.848 ±  0.042 %
 118      45.8501 ±    0.5391       0.02135 ±    0.00105       0.00226 ±    0.00007     1.180 ±  0.033 %    97.854 ±  0.042 %
 119      45.7765 ±    0.5357       0.02126 ±    0.00104       0.00226 ±    0.00007     1.179 ±  0.033 %    97.851 ±  0.042 %
 120      45.6281 ±    0.5316       0.02117 ±    0.00104       0.00226 ±    0.00007     1.179 ±  0.033 %    97.854 ±  0.041 %
 121      45.4501 ±    0.5272       0.02131 ±    0.00104       0.00225 ±    0.00007     1.178 ±  0.033 %    97.853 ±  0.041 %
 122      45.3280 ±    0.5234       0.02126 ±    0.00103       0.00225 ±    0.00007     1.177 ±  0.032 %    97.860 ±  0.041 %
 123      45.4174 ±    0.5225       0.02134 ±    0.00102       0.00224 ±    0.00007     1.176 ±  0.032 %    97.858 ±  0.041 %
 124      45.4088 ±    0.5205       0.02124 ±    0.00102       0.00224 ±    0.00007     1.175 ±  0.032 %    97.863 ±  0.041 %
 125      45.4199 ±    0.5188       0.02153 ±    0.00103       0.00224 ±    0.00007     1.175 ±  0.032 %    97.858 ±  0.040 %
 126      45.5036 ±    0.5178       0.02154 ±    0.00102       0.00224 ±    0.00007     1.174 ±  0.032 %    97.859 ±  0.040 %
 127      45.4423 ±    0.5149       0.02147 ±    0.00101       0.00223 ±    0.00007     1.175 ±  0.031 %    97.863 ±  0.040 %
 128      45.1902 ±    0.5098       0.02141 ±    0.00101       0.00224 ±    0.00007     1.184 ±  0.032 %    97.862 ±  0.040 %
 129      45.1386 ±    0.5070       0.02145 ±    0.00100       0.00224 ±    0.00006     1.183 ±  0.032 %    97.861 ±  0.040 %
 130      45.2880 ±    0.5071       0.02154 ±    0.00100       0.00225 ±    0.00007     1.196 ±  0.035 %    97.865 ±  0.040 %
 131      45.1713 ±    0.5037       0.02153 ±    0.00100       0.00224 ±    0.00006     1.195 ±  0.034 %    97.870 ±  0.039 %
 132      45.2122 ±    0.5024       0.02147 ±    0.00099       0.00224 ±    0.00006     1.193 ±  0.034 %    97.867 ±  0.039 %
 133      45.3394 ±    0.5019       0.02155 ±    0.00099       0.00224 ±    0.00006     1.192 ±  0.034 %    97.865 ±  0.039 %
 134      45.1476 ±    0.4976       0.02148 ±    0.00099       0.00224 ±    0.00006     1.195 ±  0.034 %    97.868 ±  0.039 %
 135      44.9718 ±    0.4937       0.02156 ±    0.00098       0.00224 ±    0.00006     1.196 ±  0.034 %    97.868 ±  0.039 %
 136      44.6091 ±    0.4878       0.02161 ±    0.00098       0.00224 ±    0.00006     1.197 ±  0.033 %    97.869 ±  0.039 %
 137      44.5395 ±    0.4853       0.02163 ±    0.00098       0.00223 ±    0.00006     1.196 ±  0.033 %    97.869 ±  0.039 %
 138      44.6775 ±    0.4852       0.02184 ±    0.00098       0.00223 ±    0.00006     1.195 ±  0.033 %    97.870 ±  0.038 %
 139      45.0108 ±    0.4875       0.02186 ±    0.00097       0.00223 ±    0.00006     1.193 ±  0.033 %    97.869 ±  0.038 %
 140      44.9980 ±    0.4855       0.02178 ±    0.00097       0.00223 ±    0.00006     1.192 ±  0.033 %    97.873 ±  0.038 %
 141      45.0734 ±    0.4847       0.02184 ±    0.00096       0.00223 ±    0.00006     1.191 ±  0.032 %    97.868 ±  0.038 %
 142      45.1467 ±    0.4839       0.02180 ±    0.00096       0.00223 ±    0.00006     1.191 ±  0.032 %    97.864 ±  0.038 %
 143      45.3101 ±    0.4839       0.02174 ±    0.00095       0.00223 ±    0.00006     1.190 ±  0.032 %    97.862 ±  0.038 %
 144      45.3696 ±    0.4832       0.02183 ±    0.00095       0.00223 ±    0.00006     1.189 ±  0.032 %    97.865 ±  0.038 %

====== Perplexity statistics ======
Mean PPL(Q)                   :  45.369629 ±   0.483162
Mean PPL(base)                :  44.389851 ±   0.462582
Cor(ln(PPL(Q)), ln(PPL(base))):  99.62%
Mean ln(PPL(Q)/PPL(base))     :   0.021832 ±   0.000950
Mean PPL(Q)/PPL(base)         :   1.022072 ±   0.000971
Mean PPL(Q)-PPL(base)         :   0.979778 ±   0.046227

====== KL divergence statistics ======
Mean    KLD:   0.002232 ±   0.000059
Maximum KLD:   6.062180
99.9%   KLD:   0.067173
99.0%   KLD:   0.016453
95.0%   KLD:   0.006981
90.0%   KLD:   0.004635
Median  KLD:   0.000931
10.0%   KLD:   0.000026
 5.0%   KLD:   0.000004
 1.0%   KLD:  -0.000001
 0.1%   KLD:  -0.000017
Minimum KLD:  -0.000222

====== Token probability statistics ======
Mean    Δp:  0.008 ± 0.003 %
Maximum Δp: 69.013%
99.9%   Δp:  8.418%
99.0%   Δp:  3.571%
95.0%   Δp:  1.401%
90.0%   Δp:  0.665%
75.0%   Δp:  0.065%
Median  Δp:  0.000%
25.0%   Δp: -0.060%
10.0%   Δp: -0.644%
 5.0%   Δp: -1.383%
 1.0%   Δp: -3.404%
 0.1%   Δp: -7.752%
Minimum Δp: -86.055%
RMS Δp    :  1.189 ± 0.032 %
Same top p: 97.865 ± 0.038 %

------------------------------
llama-perplexity --kl-divergence-base /tmp/logits.dat --ctx-size 2048 -f sample-data/wiki.test.raw -hf unsloth/gemma-4-E2B-it-qat-GGUF:UD-Q4_K_XL -fa on -ngl 99 -ctk q8_0 -ctv q8_0 --kl-divergence
0.00.500.278 I common_init_result: fitting params to device memory ...
0.00.500.283 I common_init_result: (for bugs during this step try to reproduce them with -fit off, or provide --verbose logs if the bug only occurs with -fit on)
0.02.902.671 W load: control-looking token:    212 '</s>' was not control-type; this is probably a bug in the model. its type will be overridden
0.02.903.201 W load: control-looking token:     50 '<|tool_response>' was not control-type; this is probably a bug in the model. its type will be overridden
0.02.931.046 W load: special_eog_ids contains '<|tool_response>', removing '</s>' token from EOG list
0.03.900.650 W llama_context: n_ctx_seq (2048) < n_ctx_train (131072) -- the full capacity of the model will not be utilized
0.03.927.775 I common_init_from_params: warming up the model with an empty run - please wait ... (--no-warmup to disable)
0.03.955.215 I 
0.03.955.290 I system_info: n_threads = 16 (n_threads_batch = 16) / 32 | CUDA : ARCHS = 500,610,700,750,800,860,890,900 | USE_GRAPHS = 1 | PEER_MAX_BATCH_SIZE = 128 | CPU : SSE3 = 1 | SSSE3 = 1 | AVX = 1 | AVX2 = 1 | F16C = 1 | FMA = 1 | BMI2 = 1 | LLAMAFILE = 1 | OPENMP = 1 | REPACK = 1 | 
0.04.184.991 I kl_divergence: computing over 144 chunks, n_ctx=2048, batch_size=2048, n_seq=1
0.05.214.974 I kl_divergence: 1.03 seconds per pass - ETA 2.47 minutes

chunk             PPL               ln(PPL(Q)/PPL(base))          KL Divergence              Δp RMS            Same top p
   1      44.0736 ±    5.6584       0.02627 ±    0.00710       0.00453 ±    0.00037     1.556 ±  0.102 %    97.752 ±  0.464 %
   2      56.5572 ±    5.0569       0.02310 ±    0.00597       0.00355 ±    0.00021     1.408 ±  0.112 %    97.752 ±  0.328 %
   3      59.6914 ±    4.3848       0.02097 ±    0.00555       0.00307 ±    0.00014     1.296 ±  0.084 %    97.654 ±  0.273 %
   4      55.8738 ±    3.5372       0.01578 ±    0.00429       0.00291 ±    0.00012     1.278 ±  0.077 %    97.678 ±  0.235 %
   5      52.6855 ±    3.0211       0.02069 ±    0.00444       0.00290 ±    0.00011     1.246 ±  0.064 %    97.634 ±  0.213 %
   6      41.2200 ±    2.0979       0.01866 ±    0.00387       0.00290 ±    0.00011     1.392 ±  0.073 %    97.801 ±  0.187 %
   7      35.2948 ±    1.6312       0.01502 ±    0.00335       0.00287 ±    0.00010     1.480 ±  0.070 %    97.724 ±  0.176 %
   8      34.5660 ±    1.4892       0.01447 ±    0.00301       0.00278 ±    0.00009     1.449 ±  0.064 %    97.788 ±  0.163 %
   9      35.5348 ±    1.4367       0.01400 ±    0.00281       0.00280 ±    0.00008     1.456 ±  0.066 %    97.654 ±  0.158 %
  10      37.2490 ±    1.4488       0.01647 ±    0.00287       0.00274 ±    0.00008     1.420 ±  0.061 %    97.625 ±  0.151 %
  11      38.0946 ±    1.4153       0.01676 ±    0.00270       0.00280 ±    0.00007     1.410 ±  0.057 %    97.574 ±  0.145 %
  12      41.3503 ±    1.4858       0.02177 ±    0.00269       0.00467 ±    0.00014     1.603 ±  0.061 %    97.296 ±  0.146 %
  13      40.8164 ±    1.4066       0.02067 ±    0.00256       0.00446 ±    0.00013     1.581 ±  0.058 %    97.308 ±  0.140 %
  14      41.4576 ±    1.3798       0.01990 ±    0.00251       0.00430 ±    0.00012     1.573 ±  0.059 %    97.347 ±  0.134 %
  15      41.0391 ±    1.3183       0.01883 ±    0.00236       0.00413 ±    0.00011     1.541 ±  0.057 %    97.413 ±  0.128 %
  16      43.0063 ±    1.3402       0.01812 ±    0.00225       0.00400 ±    0.00011     1.514 ±  0.054 %    97.483 ±  0.122 %
  17      43.1411 ±    1.3034       0.01743 ±    0.00213       0.00388 ±    0.00010     1.489 ±  0.052 %    97.493 ±  0.119 %
  18      43.3603 ±    1.2705       0.01717 ±    0.00205       0.00378 ±    0.00010     1.476 ±  0.051 %    97.448 ±  0.116 %
  19      42.4260 ±    1.2107       0.01681 ±    0.00201       0.00367 ±    0.00009     1.452 ±  0.049 %    97.500 ±  0.112 %
  20      41.6385 ±    1.1643       0.02097 ±    0.00235       0.00358 ±    0.00009     1.444 ±  0.047 %    97.566 ±  0.108 %
  21      41.9119 ±    1.1441       0.02121 ±    0.00229       0.00350 ±    0.00008     1.423 ±  0.046 %    97.584 ±  0.105 %
  22      42.2845 ±    1.1303       0.02164 ±    0.00225       0.00343 ±    0.00008     1.403 ±  0.044 %    97.605 ±  0.102 %
  23      42.5909 ±    1.1148       0.02186 ±    0.00223       0.00337 ±    0.00008     1.396 ±  0.043 %    97.599 ±  0.100 %
  24      42.9487 ±    1.1033       0.02209 ±    0.00219       0.00332 ±    0.00007     1.393 ±  0.042 %    97.605 ±  0.098 %
  25      43.5299 ±    1.0976       0.02232 ±    0.00213       0.00331 ±    0.00007     1.397 ±  0.042 %    97.630 ±  0.095 %
  26      43.8513 ±    1.0871       0.02280 ±    0.00211       0.00328 ±    0.00007     1.386 ±  0.041 %    97.616 ±  0.094 %
  27      45.3988 ±    1.1074       0.02267 ±    0.00205       0.00324 ±    0.00007     1.371 ±  0.040 %    97.611 ±  0.092 %
  28      45.1166 ±    1.0800       0.02242 ±    0.00199       0.00320 ±    0.00007     1.363 ±  0.039 %    97.605 ±  0.090 %
  29      45.1861 ±    1.0631       0.02242 ±    0.00197       0.00317 ±    0.00006     1.358 ±  0.038 %    97.624 ±  0.088 %
  30      45.2458 ±    1.0478       0.02282 ±    0.00197       0.00313 ±    0.00006     1.347 ±  0.037 %    97.621 ±  0.087 %
  31      44.8856 ±    1.0224       0.02226 ±    0.00191       0.00310 ±    0.00006     1.336 ±  0.036 %    97.654 ±  0.085 %
  32      43.9725 ±    0.9849       0.02217 ±    0.00186       0.00307 ±    0.00006     1.326 ±  0.035 %    97.654 ±  0.084 %
  33      43.7126 ±    0.9643       0.02232 ±    0.00185       0.00323 ±    0.00006     1.349 ±  0.034 %    97.589 ±  0.083 %
  34      43.2597 ±    0.9393       0.02211 ±    0.00183       0.00319 ±    0.00006     1.346 ±  0.034 %    97.594 ±  0.082 %
  35      43.2424 ±    0.9238       0.02160 ±    0.00178       0.00317 ±    0.00006     1.337 ±  0.033 %    97.587 ±  0.081 %
  36      42.5699 ±    0.8964       0.02158 ±    0.00176       0.00316 ±    0.00006     1.339 ±  0.032 %    97.594 ±  0.080 %
  37      41.4916 ±    0.8605       0.02180 ±    0.00177       0.00313 ±    0.00005     1.344 ±  0.032 %    97.596 ±  0.079 %
  38      40.9863 ±    0.8373       0.02136 ±    0.00173       0.00312 ±    0.00005     1.343 ±  0.031 %    97.582 ±  0.078 %
  39      40.2275 ±    0.8102       0.02139 ±    0.00170       0.00310 ±    0.00005     1.340 ±  0.031 %    97.586 ±  0.077 %
  40      39.9665 ±    0.7941       0.02127 ±    0.00168       0.00308 ±    0.00005     1.338 ±  0.030 %    97.600 ±  0.076 %
  41      39.9369 ±    0.7841       0.02101 ±    0.00165       0.00305 ±    0.00005     1.335 ±  0.029 %    97.573 ±  0.075 %
  42      40.3078 ±    0.7829       0.02132 ±    0.00164       0.00303 ±    0.00005     1.329 ±  0.029 %    97.586 ±  0.074 %
  43      40.8860 ±    0.7845       0.02132 ±    0.00162       0.00302 ±    0.00005     1.319 ±  0.028 %    97.581 ±  0.073 %
  44      41.8733 ±    0.7965       0.02157 ±    0.00160       0.00301 ±    0.00005     1.314 ±  0.028 %    97.578 ±  0.072 %
  45      42.4846 ±    0.7997       0.02148 ±    0.00157       0.00301 ±    0.00005     1.310 ±  0.028 %    97.565 ±  0.072 %
  46      42.8057 ±    0.7978       0.02180 ±    0.00158       0.00300 ±    0.00005     1.304 ±  0.027 %    97.554 ±  0.071 %
  47      43.1414 ±    0.7959       0.02165 ±    0.00157       0.00300 ±    0.00005     1.303 ±  0.027 %    97.558 ±  0.070 %
  48      43.4791 ±    0.7940       0.02167 ±    0.00156       0.00299 ±    0.00005     1.298 ±  0.026 %    97.575 ±  0.069 %
  49      43.6441 ±    0.7892       0.02194 ±    0.00155       0.00297 ±    0.00004     1.292 ±  0.026 %    97.594 ±  0.068 %
  50      43.8555 ±    0.7851       0.02184 ±    0.00153       0.00295 ±    0.00004     1.288 ±  0.025 %    97.607 ±  0.068 %
  51      43.5147 ±    0.7711       0.02208 ±    0.00154       0.00294 ±    0.00004     1.287 ±  0.025 %    97.619 ±  0.067 %
  52      43.4537 ±    0.7630       0.02232 ±    0.00153       0.00291 ±    0.00004     1.280 ±  0.025 %    97.622 ±  0.066 %
  53      43.2966 ±    0.7528       0.02201 ±    0.00150       0.00291 ±    0.00004     1.283 ±  0.024 %    97.623 ±  0.065 %
  54      42.8267 ±    0.7371       0.02218 ±    0.00151       0.00294 ±    0.00007     1.282 ±  0.024 %    97.638 ±  0.065 %
  55      42.7153 ±    0.7284       0.02198 ±    0.00150       0.00293 ±    0.00007     1.279 ±  0.024 %    97.634 ±  0.064 %
  56      42.6270 ±    0.7205       0.02220 ±    0.00148       0.00296 ±    0.00007     1.293 ±  0.023 %    97.619 ±  0.064 %
  57      41.9585 ±    0.7018       0.02204 ±    0.00146       0.00293 ±    0.00007     1.291 ±  0.023 %    97.623 ±  0.063 %
  58      41.8955 ±    0.6938       0.02176 ±    0.00144       0.00292 ±    0.00007     1.288 ±  0.023 %    97.629 ±  0.062 %
  59      41.3071 ±    0.6774       0.02173 ±    0.00143       0.00290 ±    0.00006     1.285 ±  0.023 %    97.632 ±  0.062 %
  60      41.3930 ±    0.6732       0.02155 ±    0.00141       0.00290 ±    0.00006     1.284 ±  0.022 %    97.641 ±  0.061 %
  61      41.5868 ±    0.6711       0.02191 ±    0.00143       0.00289 ±    0.00006     1.281 ±  0.022 %    97.636 ±  0.061 %
  62      41.8696 ±    0.6706       0.02199 ±    0.00143       0.00288 ±    0.00006     1.276 ±  0.022 %    97.649 ±  0.060 %
  63      42.4189 ±    0.6746       0.02179 ±    0.00141       0.00288 ±    0.00006     1.272 ±  0.021 %    97.649 ±  0.060 %
  64      42.3696 ±    0.6687       0.02172 ±    0.00140       0.00287 ±    0.00006     1.275 ±  0.021 %    97.642 ±  0.059 %
  65      42.4921 ±    0.6659       0.02161 ±    0.00138       0.00287 ±    0.00006     1.276 ±  0.021 %    97.651 ±  0.059 %
  66      42.4732 ±    0.6608       0.02160 ±    0.00137       0.00287 ±    0.00006     1.276 ±  0.021 %    97.655 ±  0.058 %
  67      42.5358 ±    0.6575       0.02156 ±    0.00136       0.00287 ±    0.00006     1.285 ±  0.021 %    97.652 ±  0.058 %
  68      42.4753 ±    0.6517       0.02124 ±    0.00134       0.00286 ±    0.00006     1.285 ±  0.021 %    97.663 ±  0.057 %
  69      42.5684 ±    0.6485       0.02137 ±    0.00133       0.00286 ±    0.00006     1.285 ±  0.021 %    97.655 ±  0.057 %
  70      42.1534 ±    0.6387       0.02207 ±    0.00134       0.00285 ±    0.00006     1.289 ±  0.020 %    97.660 ±  0.056 %
  71      41.8129 ±    0.6285       0.02212 ±    0.00133       0.00293 ±    0.00006     1.309 ±  0.020 %    97.637 ±  0.056 %
  72      42.2768 ±    0.6321       0.02199 ±    0.00131       0.00293 ±    0.00005     1.306 ±  0.020 %    97.638 ±  0.056 %
  73      42.7260 ±    0.6353       0.02193 ±    0.00130       0.00292 ±    0.00005     1.304 ±  0.020 %    97.639 ±  0.056 %
  74      42.5625 ±    0.6284       0.02190 ±    0.00129       0.00291 ±    0.00005     1.303 ±  0.020 %    97.637 ±  0.055 %
  75      42.5035 ±    0.6233       0.02211 ±    0.00129       0.00291 ±    0.00005     1.305 ±  0.020 %    97.627 ±  0.055 %
  76      42.5484 ±    0.6199       0.02229 ±    0.00129       0.00290 ±    0.00005     1.303 ±  0.020 %    97.640 ±  0.054 %
  77      42.6036 ±    0.6169       0.02222 ±    0.00129       0.00289 ±    0.00005     1.300 ±  0.019 %    97.634 ±  0.054 %
  78      42.5930 ±    0.6128       0.02217 ±    0.00129       0.00288 ±    0.00005     1.295 ±  0.019 %    97.640 ±  0.054 %
  79      42.6592 ±    0.6099       0.02211 ±    0.00127       0.00288 ±    0.00005     1.296 ±  0.019 %    97.630 ±  0.054 %
  80      42.8433 ±    0.6088       0.02210 ±    0.00127       0.00287 ±    0.00005     1.292 ±  0.019 %    97.633 ±  0.053 %
  81      42.4116 ±    0.5983       0.02197 ±    0.00125       0.00286 ±    0.00005     1.289 ±  0.019 %    97.647 ±  0.053 %
  82      42.0876 ±    0.5901       0.02203 ±    0.00124       0.00285 ±    0.00005     1.286 ±  0.019 %    97.656 ±  0.052 %
  83      41.6497 ±    0.5801       0.02199 ±    0.00123       0.00286 ±    0.00005     1.292 ±  0.019 %    97.659 ±  0.052 %
  84      41.4316 ±    0.5737       0.02185 ±    0.00122       0.00285 ±    0.00005     1.291 ±  0.019 %    97.675 ±  0.051 %
  85      41.5534 ±    0.5721       0.02182 ±    0.00121       0.00284 ±    0.00005     1.289 ±  0.018 %    97.678 ±  0.051 %
  86      41.4732 ±    0.5675       0.02176 ±    0.00120       0.00284 ±    0.00005     1.288 ±  0.018 %    97.671 ±  0.051 %
  87      41.6077 ±    0.5661       0.02181 ±    0.00120       0.00283 ±    0.00005     1.287 ±  0.018 %    97.675 ±  0.051 %
  88      41.9599 ±    0.5674       0.02176 ±    0.00119       0.00283 ±    0.00005     1.283 ±  0.018 %    97.674 ±  0.050 %
  89      41.9969 ±    0.5647       0.02184 ±    0.00118       0.00282 ±    0.00005     1.281 ±  0.018 %    97.681 ±  0.050 %
  90      42.2703 ±    0.5651       0.02152 ±    0.00117       0.00282 ±    0.00005     1.281 ±  0.018 %    97.669 ±  0.050 %
  91      42.7579 ±    0.5686       0.02139 ±    0.00116       0.00283 ±    0.00005     1.277 ±  0.017 %    97.664 ±  0.050 %
  92      43.1975 ±    0.5717       0.02129 ±    0.00115       0.00283 ±    0.00005     1.274 ±  0.017 %    97.675 ±  0.049 %
  93      43.4422 ±    0.5716       0.02114 ±    0.00114       0.00282 ±    0.00005     1.271 ±  0.017 %    97.672 ±  0.049 %
  94      43.9525 ±    0.5759       0.02116 ±    0.00113       0.00282 ±    0.00005     1.266 ±  0.017 %    97.671 ±  0.049 %
  95      44.4354 ±    0.5796       0.02136 ±    0.00112       0.00287 ±    0.00005     1.270 ±  0.017 %    97.637 ±  0.049 %
  96      44.3799 ±    0.5757       0.02120 ±    0.00111       0.00286 ±    0.00005     1.268 ±  0.017 %    97.646 ±  0.048 %
  97      44.5818 ±    0.5755       0.02103 ±    0.00110       0.00286 ±    0.00005     1.266 ±  0.017 %    97.645 ±  0.048 %
  98      44.7236 ±    0.5747       0.02113 ±    0.00110       0.00285 ±    0.00005     1.266 ±  0.017 %    97.648 ±  0.048 %
  99      45.0804 ±    0.5771       0.02133 ±    0.00111       0.00284 ±    0.00005     1.264 ±  0.016 %    97.650 ±  0.048 %
 100      45.0367 ±    0.5736       0.02136 ±    0.00110       0.00284 ±    0.00004     1.269 ±  0.017 %    97.642 ±  0.047 %
 101      45.2376 ±    0.5736       0.02152 ±    0.00110       0.00284 ±    0.00004     1.267 ±  0.017 %    97.641 ±  0.047 %
 102      45.4771 ±    0.5741       0.02154 ±    0.00110       0.00283 ±    0.00004     1.265 ±  0.016 %    97.639 ±  0.047 %
 103      45.6685 ±    0.5737       0.02154 ±    0.00110       0.00288 ±    0.00006     1.290 ±  0.031 %    97.637 ±  0.047 %
 104      45.7641 ±    0.5722       0.02182 ±    0.00110       0.00288 ±    0.00006     1.290 ±  0.031 %    97.631 ±  0.047 %
 105      45.7933 ±    0.5698       0.02184 ±    0.00110       0.00287 ±    0.00006     1.290 ±  0.031 %    97.630 ±  0.046 %
 106      46.0850 ±    0.5712       0.02186 ±    0.00109       0.00287 ±    0.00006     1.288 ±  0.031 %    97.636 ±  0.046 %
 107      46.0442 ±    0.5678       0.02194 ±    0.00109       0.00286 ±    0.00006     1.287 ±  0.030 %    97.638 ±  0.046 %
 108      46.1614 ±    0.5667       0.02202 ±    0.00109       0.00285 ±    0.00006     1.285 ±  0.030 %    97.640 ±  0.046 %
 109      46.1979 ±    0.5646       0.02206 ±    0.00108       0.00285 ±    0.00006     1.284 ±  0.030 %    97.646 ±  0.045 %
 110      45.9550 ±    0.5588       0.02216 ±    0.00108       0.00284 ±    0.00006     1.284 ±  0.030 %    97.648 ±  0.045 %
 111      45.8659 ±    0.5550       0.02217 ±    0.00108       0.00283 ±    0.00006     1.284 ±  0.029 %    97.650 ±  0.045 %
 112      45.6741 ±    0.5501       0.02223 ±    0.00107       0.00283 ±    0.00006     1.282 ±  0.029 %    97.654 ±  0.045 %
 113      45.8617 ±    0.5503       0.02220 ±    0.00107       0.00282 ±    0.00006     1.283 ±  0.029 %    97.648 ±  0.045 %
 114      46.0773 ±    0.5509       0.02229 ±    0.00106       0.00284 ±    0.00006     1.284 ±  0.029 %    97.644 ±  0.044 %
 115      46.2759 ±    0.5512       0.02232 ±    0.00106       0.00284 ±    0.00006     1.282 ±  0.028 %    97.640 ±  0.044 %
 116      46.5156 ±    0.5520       0.02236 ±    0.00106       0.00288 ±    0.00006     1.285 ±  0.028 %    97.631 ±  0.044 %
 117      46.2031 ±    0.5456       0.02221 ±    0.00106       0.00287 ±    0.00006     1.288 ±  0.028 %    97.633 ±  0.044 %
 118      45.8950 ±    0.5396       0.02233 ±    0.00106       0.00286 ±    0.00006     1.285 ±  0.028 %    97.642 ±  0.044 %
 119      45.8231 ±    0.5363       0.02227 ±    0.00105       0.00286 ±    0.00006     1.283 ±  0.028 %    97.644 ±  0.043 %
 120      45.6737 ±    0.5322       0.02217 ±    0.00105       0.00285 ±    0.00006     1.282 ±  0.028 %    97.646 ±  0.043 %
 121      45.4943 ±    0.5277       0.02229 ±    0.00104       0.00284 ±    0.00006     1.281 ±  0.028 %    97.643 ±  0.043 %
 122      45.3693 ±    0.5238       0.02217 ±    0.00104       0.00284 ±    0.00006     1.281 ±  0.027 %    97.652 ±  0.043 %
 123      45.4565 ±    0.5229       0.02221 ±    0.00103       0.00283 ±    0.00006     1.279 ±  0.027 %    97.651 ±  0.043 %
 124      45.4475 ±    0.5209       0.02209 ±    0.00103       0.00283 ±    0.00006     1.280 ±  0.027 %    97.655 ±  0.042 %
 125      45.4588 ±    0.5193       0.02239 ±    0.00104       0.00283 ±    0.00006     1.280 ±  0.027 %    97.659 ±  0.042 %
 126      45.5423 ±    0.5182       0.02239 ±    0.00103       0.00282 ±    0.00006     1.279 ±  0.027 %    97.662 ±  0.042 %
 127      45.4805 ±    0.5153       0.02231 ±    0.00102       0.00281 ±    0.00006     1.278 ±  0.027 %    97.666 ±  0.042 %
 128      45.2304 ±    0.5102       0.02230 ±    0.00102       0.00281 ±    0.00006     1.283 ±  0.027 %    97.668 ±  0.042 %
 129      45.1774 ±    0.5075       0.02231 ±    0.00101       0.00280 ±    0.00006     1.282 ±  0.027 %    97.669 ±  0.042 %
 130      45.3234 ±    0.5075       0.02232 ±    0.00101       0.00280 ±    0.00006     1.281 ±  0.027 %    97.668 ±  0.041 %
 131      45.2057 ±    0.5041       0.02229 ±    0.00101       0.00279 ±    0.00006     1.280 ±  0.027 %    97.672 ±  0.041 %
 132      45.2461 ±    0.5028       0.02222 ±    0.00100       0.00279 ±    0.00006     1.279 ±  0.026 %    97.672 ±  0.041 %
 133      45.3723 ±    0.5023       0.02228 ±    0.00100       0.00278 ±    0.00006     1.277 ±  0.026 %    97.677 ±  0.041 %
 134      45.1779 ±    0.4979       0.02215 ±    0.00099       0.00278 ±    0.00006     1.279 ±  0.026 %    97.682 ±  0.041 %
 135      44.9999 ±    0.4940       0.02218 ±    0.00099       0.00278 ±    0.00006     1.279 ±  0.026 %    97.692 ±  0.040 %
 136      44.6381 ±    0.4881       0.02226 ±    0.00099       0.00277 ±    0.00006     1.277 ±  0.026 %    97.697 ±  0.040 %
 137      44.5683 ±    0.4856       0.02228 ±    0.00098       0.00277 ±    0.00005     1.276 ±  0.026 %    97.697 ±  0.040 %
 138      44.7085 ±    0.4855       0.02253 ±    0.00098       0.00276 ±    0.00005     1.274 ±  0.025 %    97.701 ±  0.040 %
 139      45.0422 ±    0.4878       0.02256 ±    0.00098       0.00276 ±    0.00005     1.272 ±  0.025 %    97.699 ±  0.040 %
 140      45.0278 ±    0.4858       0.02244 ±    0.00098       0.00276 ±    0.00005     1.273 ±  0.025 %    97.694 ±  0.040 %
 141      45.1012 ±    0.4850       0.02246 ±    0.00097       0.00276 ±    0.00005     1.271 ±  0.025 %    97.686 ±  0.040 %
 142      45.1738 ±    0.4841       0.02240 ±    0.00097       0.00275 ±    0.00005     1.270 ±  0.025 %    97.680 ±  0.039 %
 143      45.3386 ±    0.4842       0.02237 ±    0.00096       0.00276 ±    0.00005     1.274 ±  0.025 %    97.677 ±  0.039 %
 144      45.3986 ±    0.4835       0.02247 ±    0.00096       0.00276 ±    0.00005     1.273 ±  0.025 %    97.681 ±  0.039 %

====== Perplexity statistics ======
Mean PPL(Q)                   :  45.398574 ±   0.483457
Mean PPL(base)                :  44.389851 ±   0.462582
Cor(ln(PPL(Q)), ln(PPL(base))):  99.61%
Mean ln(PPL(Q)/PPL(base))     :   0.022470 ±   0.000958
Mean PPL(Q)/PPL(base)         :   1.022724 ±   0.000979
Mean PPL(Q)-PPL(base)         :   1.008724 ±   0.046678

====== KL divergence statistics ======
Mean    KLD:   0.002760 ±   0.000052
Maximum KLD:   4.759189
99.9%   KLD:   0.114184
99.0%   KLD:   0.023600
95.0%   KLD:   0.008890
90.0%   KLD:   0.005651
Median  KLD:   0.001077
10.0%   KLD:   0.000031
 5.0%   KLD:   0.000005
 1.0%   KLD:  -0.000001
 0.1%   KLD:  -0.000016
Minimum KLD:  -0.000128

====== Token probability statistics ======
Mean    Δp:  0.006 ± 0.003 %
Maximum Δp: 33.267%
99.9%   Δp:  8.991%
99.0%   Δp:  3.849%
95.0%   Δp:  1.527%
90.0%   Δp:  0.720%
75.0%   Δp:  0.071%
Median  Δp:  0.000%
25.0%   Δp: -0.063%
10.0%   Δp: -0.686%
 5.0%   Δp: -1.483%
 1.0%   Δp: -3.833%
 0.1%   Δp: -9.286%
Minimum Δp: -85.638%
RMS Δp    :  1.273 ± 0.025 %
Same top p: 97.681 ± 0.039 %

------------------------------
llama-perplexity --kl-divergence-base /tmp/logits.dat --ctx-size 2048 -f sample-data/wiki.test.raw -hf unsloth/gemma-4-E2B-it-qat-GGUF:UD-Q4_K_XL -fa on -ngl 99 -ctk q8_0 -ctv q4_0 --kl-divergence
0.00.487.700 I common_init_result: fitting params to device memory ...
0.00.487.703 I common_init_result: (for bugs during this step try to reproduce them with -fit off, or provide --verbose logs if the bug only occurs with -fit on)
0.02.957.983 W load: control-looking token:    212 '</s>' was not control-type; this is probably a bug in the model. its type will be overridden
0.02.958.515 W load: control-looking token:     50 '<|tool_response>' was not control-type; this is probably a bug in the model. its type will be overridden
0.02.987.001 W load: special_eog_ids contains '<|tool_response>', removing '</s>' token from EOG list
0.03.961.877 W llama_context: n_ctx_seq (2048) < n_ctx_train (131072) -- the full capacity of the model will not be utilized
0.03.989.275 I common_init_from_params: warming up the model with an empty run - please wait ... (--no-warmup to disable)
0.04.013.940 I 
0.04.014.007 I system_info: n_threads = 16 (n_threads_batch = 16) / 32 | CUDA : ARCHS = 500,610,700,750,800,860,890,900 | USE_GRAPHS = 1 | PEER_MAX_BATCH_SIZE = 128 | CPU : SSE3 = 1 | SSSE3 = 1 | AVX = 1 | AVX2 = 1 | F16C = 1 | FMA = 1 | BMI2 = 1 | LLAMAFILE = 1 | OPENMP = 1 | REPACK = 1 | 
0.04.249.193 I kl_divergence: computing over 144 chunks, n_ctx=2048, batch_size=2048, n_seq=1
0.07.791.187 I kl_divergence: 3.54 seconds per pass - ETA 8.50 minutes

chunk             PPL               ln(PPL(Q)/PPL(base))          KL Divergence              Δp RMS            Same top p
   1      43.7693 ±    5.6184       0.01935 ±    0.01200       0.02483 ±    0.00206     4.164 ±  0.324 %    94.624 ±  0.706 %
   2      57.7543 ±    5.1872       0.04405 ±    0.00882       0.02157 ±    0.00117     3.724 ±  0.264 %    93.891 ±  0.530 %
   3      62.2862 ±    4.6138       0.06352 ±    0.00887       0.03130 ±    0.00118     4.182 ±  0.230 %    92.212 ±  0.484 %
   4      57.9597 ±    3.6928       0.05244 ±    0.00702       0.02773 ±    0.00092     3.945 ±  0.188 %    92.546 ±  0.411 %
   5      54.3909 ±    3.1354       0.05255 ±    0.00631       0.02576 ±    0.00079     3.756 ±  0.161 %    92.766 ±  0.362 %
   6      42.4754 ±    2.1733       0.04866 ±    0.00552       0.02453 ±    0.00076     3.790 ±  0.144 %    93.043 ±  0.325 %
   7      36.2403 ±    1.6831       0.04146 ±    0.00488       0.02351 ±    0.00068     3.970 ±  0.142 %    93.255 ±  0.296 %
   8      35.4490 ±    1.5348       0.03970 ±    0.00444       0.02249 ±    0.00060     3.888 ±  0.128 %    93.365 ±  0.275 %
   9      36.4160 ±    1.4796       0.03849 ±    0.00411       0.02188 ±    0.00055     3.823 ±  0.118 %    93.375 ±  0.259 %
  10      38.0580 ±    1.4866       0.03795 ±    0.00399       0.02131 ±    0.00051     3.760 ±  0.115 %    93.451 ±  0.245 %
  11      39.1078 ±    1.4605       0.04301 ±    0.00400       0.02407 ±    0.00057     3.898 ±  0.108 %    93.113 ±  0.239 %
  12      42.6372 ±    1.5418       0.05242 ±    0.00401       0.02741 ±    0.00060     4.089 ±  0.118 %    92.905 ±  0.232 %
  13      41.9974 ±    1.4558       0.04919 ±    0.00377       0.02623 ±    0.00056     4.032 ±  0.112 %    93.037 ±  0.221 %
  14      42.6076 ±    1.4265       0.04726 ±    0.00363       0.02530 ±    0.00052     3.963 ±  0.108 %    93.171 ±  0.211 %
  15      42.1584 ±    1.3621       0.04574 ±    0.00344       0.02451 ±    0.00049     3.922 ±  0.104 %    93.281 ±  0.202 %
  16      44.1534 ±    1.3840       0.04444 ±    0.00329       0.02376 ±    0.00047     3.843 ±  0.100 %    93.377 ±  0.194 %
  17      44.1965 ±    1.3426       0.04160 ±    0.00313       0.02326 ±    0.00044     3.816 ±  0.096 %    93.485 ±  0.187 %
  18      44.3847 ±    1.3074       0.04052 ±    0.00301       0.02289 ±    0.00043     3.789 ±  0.092 %    93.434 ±  0.183 %
  19      43.3733 ±    1.2437       0.03889 ±    0.00289       0.02242 ±    0.00041     3.740 ±  0.089 %    93.543 ±  0.176 %
  20      42.5884 ±    1.1974       0.04352 ±    0.00320       0.02204 ±    0.00040     3.720 ±  0.086 %    93.578 ±  0.171 %
  21      42.8103 ±    1.1751       0.04241 ±    0.00312       0.02180 ±    0.00038     3.714 ±  0.084 %    93.502 ±  0.168 %
  22      43.1374 ±    1.1590       0.04161 ±    0.00303       0.02146 ±    0.00037     3.678 ±  0.081 %    93.517 ±  0.164 %
  23      43.4546 ±    1.1432       0.04194 ±    0.00297       0.02125 ±    0.00035     3.669 ±  0.079 %    93.570 ±  0.160 %
  24      43.8030 ±    1.1311       0.04179 ±    0.00290       0.02095 ±    0.00035     3.643 ±  0.078 %    93.581 ±  0.156 %
  25      44.4168 ±    1.1260       0.04249 ±    0.00283       0.02071 ±    0.00033     3.616 ±  0.076 %    93.658 ±  0.152 %
  26      44.7452 ±    1.1151       0.04298 ±    0.00278       0.02066 ±    0.00033     3.598 ±  0.074 %    93.687 ±  0.149 %
  27      46.4675 ±    1.1400       0.04594 ±    0.00277       0.02197 ±    0.00033     3.622 ±  0.072 %    93.527 ±  0.148 %
  28      46.1177 ±    1.1100       0.04436 ±    0.00270       0.02188 ±    0.00033     3.629 ±  0.072 %    93.538 ±  0.145 %
  29      46.1873 ±    1.0924       0.04434 ±    0.00265       0.02166 ±    0.00032     3.612 ±  0.070 %    93.582 ±  0.142 %
  30      46.2472 ±    1.0768       0.04471 ±    0.00262       0.02153 ±    0.00032     3.607 ±  0.071 %    93.617 ±  0.140 %
  31      45.8495 ±    1.0498       0.04351 ±    0.00255       0.02150 ±    0.00032     3.608 ±  0.070 %    93.637 ±  0.137 %
  32      44.9050 ±    1.0109       0.04315 ±    0.00249       0.02125 ±    0.00032     3.590 ±  0.069 %    93.707 ±  0.134 %
  33      44.6718 ±    0.9907       0.04403 ±    0.00249       0.02199 ±    0.00032     3.615 ±  0.067 %    93.581 ±  0.133 %
  34      44.1902 ±    0.9646       0.04339 ±    0.00244       0.02179 ±    0.00031     3.600 ±  0.066 %    93.594 ±  0.131 %
  35      44.1362 ±    0.9478       0.04206 ±    0.00238       0.02157 ±    0.00030     3.577 ±  0.065 %    93.604 ±  0.129 %
  36      43.4297 ±    0.9193       0.04157 ±    0.00234       0.02134 ±    0.00030     3.559 ±  0.064 %    93.657 ±  0.127 %
  37      42.2915 ±    0.8814       0.04090 ±    0.00232       0.02116 ±    0.00029     3.569 ±  0.063 %    93.696 ±  0.125 %
  38      41.8642 ±    0.8598       0.04255 ±    0.00230       0.02160 ±    0.00029     3.603 ±  0.062 %    93.641 ±  0.124 %
  39      41.0700 ±    0.8315       0.04212 ±    0.00226       0.02145 ±    0.00028     3.622 ±  0.061 %    93.681 ±  0.122 %
  40      40.7798 ±    0.8144       0.04142 ±    0.00223       0.02133 ±    0.00028     3.610 ±  0.060 %    93.683 ±  0.120 %
  41      40.7427 ±    0.8039       0.04099 ±    0.00219       0.02116 ±    0.00027     3.611 ±  0.059 %    93.706 ±  0.119 %
  42      41.1370 ±    0.8030       0.04168 ±    0.00219       0.02205 ±    0.00028     3.684 ±  0.061 %    93.602 ±  0.118 %
  43      41.8126 ±    0.8066       0.04373 ±    0.00220       0.02315 ±    0.00029     3.737 ±  0.061 %    93.417 ±  0.118 %
  44      42.8019 ±    0.8184       0.04350 ±    0.00216       0.02303 ±    0.00029     3.725 ±  0.060 %    93.426 ±  0.117 %
  45      43.4069 ±    0.8213       0.04295 ±    0.00213       0.02290 ±    0.00028     3.708 ±  0.059 %    93.422 ±  0.116 %
  46      43.7278 ±    0.8192       0.04311 ±    0.00212       0.02275 ±    0.00028     3.683 ±  0.058 %    93.419 ±  0.114 %
  47      44.0594 ±    0.8169       0.04271 ±    0.00210       0.02281 ±    0.00029     3.680 ±  0.057 %    93.417 ±  0.113 %
  48      44.3939 ±    0.8148       0.04249 ±    0.00208       0.02266 ±    0.00028     3.662 ±  0.057 %    93.424 ±  0.112 %
  49      44.5681 ±    0.8100       0.04289 ±    0.00207       0.02254 ±    0.00028     3.658 ±  0.056 %    93.467 ±  0.110 %
  50      44.7732 ±    0.8055       0.04255 ±    0.00204       0.02241 ±    0.00028     3.644 ±  0.055 %    93.484 ±  0.109 %
  51      44.4861 ±    0.7922       0.04416 ±    0.00204       0.02319 ±    0.00029     3.699 ±  0.055 %    93.447 ±  0.108 %
  52      44.4758 ±    0.7850       0.04557 ±    0.00204       0.02382 ±    0.00029     3.738 ±  0.055 %    93.360 ±  0.108 %
  53      44.2799 ±    0.7738       0.04447 ±    0.00201       0.02367 ±    0.00029     3.729 ±  0.054 %    93.381 ±  0.107 %
  54      43.8126 ±    0.7579       0.04494 ±    0.00200       0.02353 ±    0.00029     3.716 ±  0.053 %    93.418 ±  0.106 %
  55      43.7093 ±    0.7491       0.04498 ±    0.00198       0.02337 ±    0.00028     3.707 ±  0.052 %    93.424 ±  0.104 %
  56      43.6032 ±    0.7407       0.04485 ±    0.00196       0.02335 ±    0.00028     3.723 ±  0.052 %    93.433 ±  0.103 %
  57      42.8969 ±    0.7211       0.04416 ±    0.00194       0.02315 ±    0.00028     3.715 ±  0.051 %    93.466 ±  0.102 %
  58      42.9498 ±    0.7152       0.04662 ±    0.00194       0.02394 ±    0.00029     3.798 ±  0.055 %    93.378 ±  0.102 %
  59      42.3438 ±    0.6983       0.04652 ±    0.00192       0.02375 ±    0.00028     3.788 ±  0.054 %    93.404 ±  0.101 %
  60      42.4261 ±    0.6938       0.04621 ±    0.00190       0.02362 ±    0.00028     3.777 ±  0.054 %    93.431 ±  0.100 %
  61      42.6748 ±    0.6926       0.04774 ±    0.00192       0.02423 ±    0.00028     3.815 ±  0.053 %    93.372 ±  0.100 %
  62      42.9600 ±    0.6920       0.04770 ±    0.00190       0.02410 ±    0.00027     3.809 ±  0.052 %    93.381 ±  0.099 %
  63      43.5072 ±    0.6958       0.04712 ±    0.00188       0.02398 ±    0.00027     3.792 ±  0.052 %    93.403 ±  0.098 %
  64      43.4428 ±    0.6894       0.04674 ±    0.00186       0.02389 ±    0.00027     3.781 ±  0.051 %    93.402 ±  0.097 %
  65      43.6341 ±    0.6877       0.04813 ±    0.00187       0.02454 ±    0.00028     3.844 ±  0.053 %    93.366 ±  0.097 %
  66      43.5993 ±    0.6821       0.04777 ±    0.00185       0.02440 ±    0.00027     3.837 ±  0.052 %    93.384 ±  0.096 %
  67      43.6504 ±    0.6785       0.04743 ±    0.00184       0.02430 ±    0.00027     3.832 ±  0.051 %    93.397 ±  0.095 %
  68      43.5793 ±    0.6723       0.04690 ±    0.00182       0.02416 ±    0.00027     3.826 ±  0.051 %    93.436 ±  0.094 %
  69      43.6510 ±    0.6686       0.04648 ±    0.00180       0.02409 ±    0.00026     3.822 ±  0.050 %    93.439 ±  0.093 %
  70      43.2456 ±    0.6587       0.04765 ±    0.00180       0.02401 ±    0.00026     3.836 ±  0.050 %    93.452 ±  0.092 %
  71      42.9286 ±    0.6487       0.04846 ±    0.00179       0.02420 ±    0.00026     3.863 ±  0.050 %    93.445 ±  0.092 %
  72      43.4050 ±    0.6525       0.04833 ±    0.00177       0.02415 ±    0.00026     3.864 ±  0.049 %    93.441 ±  0.091 %
  73      43.8895 ±    0.6563       0.04879 ±    0.00177       0.02464 ±    0.00026     3.873 ±  0.049 %    93.389 ±  0.091 %
  74      43.7596 ±    0.6497       0.04964 ±    0.00176       0.02488 ±    0.00026     3.897 ±  0.048 %    93.362 ±  0.090 %
  75      43.6946 ±    0.6444       0.04975 ±    0.00176       0.02476 ±    0.00025     3.894 ±  0.048 %    93.384 ±  0.090 %
  76      43.7676 ±    0.6414       0.05054 ±    0.00176       0.02511 ±    0.00025     3.925 ±  0.048 %    93.341 ±  0.089 %
  77      43.8636 ±    0.6389       0.05137 ±    0.00176       0.02549 ±    0.00026     3.956 ±  0.049 %    93.278 ±  0.089 %
  78      43.8342 ±    0.6344       0.05090 ±    0.00175       0.02535 ±    0.00025     3.943 ±  0.049 %    93.288 ±  0.089 %
  79      43.8789 ±    0.6310       0.05030 ±    0.00173       0.02527 ±    0.00025     3.938 ±  0.048 %    93.286 ±  0.088 %
  80      44.0515 ±    0.6295       0.04991 ±    0.00172       0.02515 ±    0.00025     3.922 ±  0.048 %    93.306 ±  0.087 %
  81      43.5985 ±    0.6185       0.04957 ±    0.00170       0.02498 ±    0.00024     3.909 ±  0.048 %    93.342 ±  0.087 %
  82      43.2543 ±    0.6098       0.04937 ±    0.00169       0.02483 ±    0.00024     3.900 ±  0.047 %    93.366 ±  0.086 %
  83      42.8058 ±    0.5996       0.04937 ±    0.00167       0.02473 ±    0.00024     3.896 ±  0.047 %    93.399 ±  0.085 %
  84      42.5666 ±    0.5927       0.04888 ±    0.00165       0.02460 ±    0.00024     3.885 ±  0.046 %    93.444 ±  0.084 %
  85      42.7296 ±    0.5917       0.04973 ±    0.00165       0.02496 ±    0.00024     3.908 ±  0.046 %    93.384 ±  0.084 %
  86      42.6429 ±    0.5869       0.04957 ±    0.00164       0.02488 ±    0.00024     3.907 ±  0.046 %    93.395 ±  0.084 %
  87      42.7807 ±    0.5853       0.04961 ±    0.00163       0.02480 ±    0.00023     3.899 ±  0.046 %    93.391 ±  0.083 %
  88      43.1249 ±    0.5864       0.04914 ±    0.00162       0.02472 ±    0.00023     3.889 ±  0.045 %    93.405 ±  0.083 %
  89      43.1811 ±    0.5838       0.04965 ±    0.00161       0.02495 ±    0.00023     3.900 ±  0.045 %    93.372 ±  0.082 %
  90      43.4645 ±    0.5844       0.04938 ±    0.00159       0.02491 ±    0.00023     3.902 ±  0.045 %    93.360 ±  0.082 %
  91      43.9587 ±    0.5879       0.04909 ±    0.00158       0.02483 ±    0.00023     3.890 ±  0.044 %    93.354 ±  0.082 %
  92      44.4114 ±    0.5911       0.04901 ±    0.00157       0.02476 ±    0.00023     3.883 ±  0.044 %    93.345 ±  0.081 %
  93      44.6505 ±    0.5908       0.04858 ±    0.00156       0.02473 ±    0.00022     3.877 ±  0.044 %    93.326 ±  0.081 %
  94      45.1677 ±    0.5951       0.04843 ±    0.00155       0.02466 ±    0.00022     3.863 ±  0.043 %    93.328 ±  0.080 %
  95      45.6864 ±    0.5992       0.04912 ±    0.00154       0.02489 ±    0.00022     3.865 ±  0.043 %    93.277 ±  0.080 %
  96      45.6266 ±    0.5951       0.04891 ±    0.00153       0.02481 ±    0.00022     3.858 ±  0.043 %    93.286 ±  0.080 %
  97      45.8250 ±    0.5948       0.04853 ±    0.00152       0.02474 ±    0.00022     3.846 ±  0.042 %    93.291 ±  0.079 %
  98      45.9602 ±    0.5938       0.04841 ±    0.00151       0.02463 ±    0.00022     3.838 ±  0.042 %    93.303 ±  0.079 %
  99      46.3221 ±    0.5962       0.04850 ±    0.00151       0.02454 ±    0.00021     3.831 ±  0.042 %    93.310 ±  0.079 %
 100      46.2676 ±    0.5925       0.04832 ±    0.00150       0.02451 ±    0.00021     3.827 ±  0.042 %    93.318 ±  0.078 %
 101      46.4667 ±    0.5924       0.04832 ±    0.00150       0.02443 ±    0.00021     3.828 ±  0.042 %    93.320 ±  0.078 %
 102      46.6990 ±    0.5927       0.04805 ±    0.00149       0.02436 ±    0.00021     3.817 ±  0.042 %    93.320 ±  0.077 %
 103      46.8850 ±    0.5921       0.04783 ±    0.00148       0.02431 ±    0.00021     3.822 ±  0.042 %    93.318 ±  0.077 %
 104      46.9813 ±    0.5905       0.04807 ±    0.00148       0.02424 ±    0.00021     3.818 ±  0.042 %    93.319 ±  0.077 %
 105      47.0052 ±    0.5880       0.04796 ±    0.00147       0.02420 ±    0.00021     3.819 ±  0.042 %    93.321 ±  0.076 %
 106      47.2924 ±    0.5892       0.04772 ±    0.00146       0.02410 ±    0.00021     3.809 ±  0.042 %    93.335 ±  0.076 %
 107      47.2494 ±    0.5857       0.04778 ±    0.00146       0.02402 ±    0.00021     3.806 ±  0.041 %    93.354 ±  0.075 %
 108      47.3676 ±    0.5845       0.04782 ±    0.00145       0.02394 ±    0.00021     3.798 ±  0.041 %    93.362 ±  0.075 %
 109      47.3918 ±    0.5821       0.04758 ±    0.00144       0.02389 ±    0.00020     3.797 ±  0.041 %    93.379 ±  0.074 %
 110      47.1363 ±    0.5761       0.04754 ±    0.00144       0.02379 ±    0.00020     3.792 ±  0.041 %    93.405 ±  0.074 %
 111      47.0364 ±    0.5720       0.04737 ±    0.00143       0.02371 ±    0.00020     3.787 ±  0.040 %    93.422 ±  0.074 %
 112      46.8674 ±    0.5674       0.04802 ±    0.00143       0.02392 ±    0.00020     3.798 ±  0.040 %    93.416 ±  0.073 %
 113      47.0482 ±    0.5675       0.04774 ±    0.00142       0.02384 ±    0.00020     3.790 ±  0.040 %    93.425 ±  0.073 %
 114      47.2668 ±    0.5680       0.04777 ±    0.00141       0.02381 ±    0.00020     3.786 ±  0.040 %    93.427 ±  0.073 %
 115      47.4574 ±    0.5681       0.04753 ±    0.00140       0.02377 ±    0.00020     3.779 ±  0.039 %    93.436 ±  0.072 %
 116      47.7094 ±    0.5690       0.04770 ±    0.00141       0.02412 ±    0.00020     3.798 ±  0.040 %    93.397 ±  0.072 %
 117      47.4113 ±    0.5627       0.04803 ±    0.00140       0.02436 ±    0.00021     3.819 ±  0.040 %    93.388 ±  0.072 %
 118      47.0963 ±    0.5566       0.04817 ±    0.00140       0.02424 ±    0.00020     3.813 ±  0.040 %    93.409 ±  0.071 %
 119      47.0202 ±    0.5531       0.04806 ±    0.00139       0.02417 ±    0.00020     3.808 ±  0.039 %    93.425 ±  0.071 %
 120      46.8680 ±    0.5489       0.04798 ±    0.00139       0.02407 ±    0.00020     3.804 ±  0.039 %    93.434 ±  0.071 %
 121      46.6832 ±    0.5443       0.04808 ±    0.00138       0.02397 ±    0.00020     3.797 ±  0.039 %    93.450 ±  0.070 %
 122      46.5976 ±    0.5408       0.04889 ±    0.00138       0.02429 ±    0.00020     3.826 ±  0.039 %    93.424 ±  0.070 %
 123      46.6923 ±    0.5400       0.04903 ±    0.00137       0.02422 ±    0.00020     3.822 ±  0.038 %    93.440 ±  0.070 %
 124      46.6829 ±    0.5379       0.04891 ±    0.00136       0.02415 ±    0.00020     3.819 ±  0.038 %    93.443 ±  0.070 %
 125      46.6897 ±    0.5361       0.04911 ±    0.00137       0.02411 ±    0.00020     3.822 ±  0.038 %    93.450 ±  0.069 %
 126      46.7835 ±    0.5352       0.04928 ±    0.00136       0.02410 ±    0.00020     3.827 ±  0.039 %    93.451 ±  0.069 %
 127      46.7147 ±    0.5321       0.04909 ±    0.00135       0.02400 ±    0.00020     3.820 ±  0.038 %    93.459 ±  0.069 %
 128      46.4536 ±    0.5268       0.04898 ±    0.00135       0.02393 ±    0.00020     3.823 ±  0.039 %    93.471 ±  0.068 %
 129      46.3873 ±    0.5238       0.04874 ±    0.00134       0.02387 ±    0.00020     3.820 ±  0.039 %    93.477 ±  0.068 %
 130      46.5705 ±    0.5243       0.04947 ±    0.00134       0.02413 ±    0.00020     3.832 ±  0.039 %    93.455 ±  0.068 %
 131      46.4466 ±    0.5207       0.04937 ±    0.00134       0.02407 ±    0.00020     3.831 ±  0.039 %    93.468 ±  0.067 %
 132      46.4804 ±    0.5193       0.04914 ±    0.00133       0.02400 ±    0.00020     3.825 ±  0.038 %    93.479 ±  0.067 %
 133      46.6038 ±    0.5187       0.04906 ±    0.00132       0.02396 ±    0.00020     3.823 ±  0.038 %    93.476 ±  0.067 %
 134      46.4038 ±    0.5141       0.04892 ±    0.00132       0.02392 ±    0.00020     3.829 ±  0.038 %    93.481 ±  0.067 %
 135      46.2180 ±    0.5100       0.04889 ±    0.00131       0.02384 ±    0.00019     3.824 ±  0.038 %    93.493 ±  0.066 %
 136      45.8419 ±    0.5040       0.04887 ±    0.00131       0.02375 ±    0.00019     3.819 ±  0.038 %    93.512 ±  0.066 %
 137      45.7568 ±    0.5012       0.04859 ±    0.00130       0.02368 ±    0.00019     3.813 ±  0.038 %    93.513 ±  0.066 %
 138      45.8931 ±    0.5010       0.04868 ±    0.00130       0.02360 ±    0.00019     3.806 ±  0.038 %    93.521 ±  0.066 %
 139      46.2309 ±    0.5033       0.04861 ±    0.00129       0.02356 ±    0.00019     3.798 ±  0.037 %    93.535 ±  0.065 %
 140      46.2261 ±    0.5014       0.04871 ±    0.00129       0.02351 ±    0.00019     3.796 ±  0.037 %    93.532 ±  0.065 %
 141      46.3002 ±    0.5005       0.04869 ±    0.00128       0.02348 ±    0.00019     3.795 ±  0.037 %    93.529 ±  0.065 %
 142      46.3676 ±    0.4995       0.04848 ±    0.00127       0.02342 ±    0.00019     3.789 ±  0.037 %    93.535 ±  0.065 %
 143      46.5434 ±    0.4997       0.04860 ±    0.00127       0.02338 ±    0.00018     3.785 ±  0.037 %    93.531 ±  0.064 %
 144      46.6070 ±    0.4990       0.04874 ±    0.00126       0.02333 ±    0.00018     3.779 ±  0.037 %    93.538 ±  0.064 %

====== Perplexity statistics ======
Mean PPL(Q)                   :  46.607049 ±   0.498966
Mean PPL(base)                :  44.389851 ±   0.462582
Cor(ln(PPL(Q)), ln(PPL(base))):  99.32%
Mean ln(PPL(Q)/PPL(base))     :   0.048741 ±   0.001263
Mean PPL(Q)/PPL(base)         :   1.049948 ±   0.001326
Mean PPL(Q)-PPL(base)         :   2.217198 ±   0.066739

====== KL divergence statistics ======
Mean    KLD:   0.023329 ±   0.000183
Maximum KLD:   5.562969
99.9%   KLD:   0.790278
99.0%   KLD:   0.241519
95.0%   KLD:   0.086483
90.0%   KLD:   0.051531
Median  KLD:   0.008181
10.0%   KLD:   0.000231
 5.0%   KLD:   0.000040
 1.0%   KLD:   0.000001
 0.1%   KLD:  -0.000006
Minimum KLD:  -0.000125

====== Token probability statistics ======
Mean    Δp: -0.110 ± 0.010 %
Maximum Δp: 86.189%
99.9%   Δp: 25.833%
99.0%   Δp: 11.089%
95.0%   Δp:  4.109%
90.0%   Δp:  1.924%
75.0%   Δp:  0.165%
Median  Δp: -0.000%
25.0%   Δp: -0.222%
10.0%   Δp: -2.160%
 5.0%   Δp: -4.701%
 1.0%   Δp: -12.583%
 0.1%   Δp: -31.526%
Minimum Δp: -90.767%
RMS Δp    :  3.779 ± 0.037 %
Same top p: 93.538 ± 0.064 %

------------------------------
llama-perplexity --kl-divergence-base /tmp/logits.dat --ctx-size 2048 -f sample-data/wiki.test.raw -hf unsloth/gemma-4-E2B-it-qat-GGUF:UD-Q4_K_XL -fa on -ngl 99 -ctk q8_0 -ctv turbo4 --kl-divergence
0.00.475.462 I common_init_result: fitting params to device memory ...
0.00.475.466 I common_init_result: (for bugs during this step try to reproduce them with -fit off, or provide --verbose logs if the bug only occurs with -fit on)
0.02.892.310 W load: control-looking token:    212 '</s>' was not control-type; this is probably a bug in the model. its type will be overridden
0.02.892.831 W load: control-looking token:     50 '<|tool_response>' was not control-type; this is probably a bug in the model. its type will be overridden
0.02.921.586 W load: special_eog_ids contains '<|tool_response>', removing '</s>' token from EOG list
0.03.863.052 W llama_context: n_ctx_seq (2048) < n_ctx_train (131072) -- the full capacity of the model will not be utilized
0.03.889.882 I common_init_from_params: warming up the model with an empty run - please wait ... (--no-warmup to disable)
0.03.917.556 I 
0.03.917.629 I system_info: n_threads = 16 (n_threads_batch = 16) / 32 | CUDA : ARCHS = 500,610,700,750,800,860,890,900 | USE_GRAPHS = 1 | PEER_MAX_BATCH_SIZE = 128 | CPU : SSE3 = 1 | SSSE3 = 1 | AVX = 1 | AVX2 = 1 | F16C = 1 | FMA = 1 | BMI2 = 1 | LLAMAFILE = 1 | OPENMP = 1 | REPACK = 1 | 
0.04.148.447 I kl_divergence: computing over 144 chunks, n_ctx=2048, batch_size=2048, n_seq=1
0.05.168.310 I kl_divergence: 1.02 seconds per pass - ETA 2.43 minutes

chunk             PPL               ln(PPL(Q)/PPL(base))          KL Divergence              Δp RMS            Same top p
   1      44.3078 ±    5.7147       0.03157 ±    0.01078       0.02016 ±    0.00117     3.335 ±  0.279 %    94.037 ±  0.741 %
   2      57.7062 ±    5.1760       0.04322 ±    0.00860       0.02212 ±    0.00089     3.538 ±  0.244 %    93.011 ±  0.564 %
   3      62.2021 ±    4.5977       0.06217 ±    0.00847       0.02955 ±    0.00096     4.142 ±  0.239 %    91.430 ±  0.505 %
   4      57.8225 ±    3.6786       0.05007 ±    0.00689       0.02775 ±    0.00080     3.998 ±  0.207 %    92.033 ±  0.423 %
   5      54.6577 ±    3.1499       0.05744 ±    0.00639       0.02764 ±    0.00074     3.931 ±  0.174 %    91.848 ±  0.383 %
   6      42.7221 ±    2.1877       0.05445 ±    0.00567       0.02716 ±    0.00067     4.176 ±  0.157 %    91.870 ±  0.349 %
   7      36.4995 ±    1.6972       0.04858 ±    0.00509       0.02670 ±    0.00062     4.366 ±  0.152 %    92.068 ±  0.319 %
   8      35.7600 ±    1.5504       0.04843 ±    0.00468       0.02628 ±    0.00056     4.347 ±  0.138 %    92.278 ±  0.295 %
   9      36.8146 ±    1.4989       0.04938 ±    0.00436       0.02615 ±    0.00055     4.349 ±  0.143 %    92.202 ±  0.279 %
  10      38.5657 ±    1.5104       0.05121 ±    0.00425       0.02574 ±    0.00051     4.251 ±  0.133 %    92.336 ±  0.263 %
  11      39.4090 ±    1.4740       0.05068 ±    0.00406       0.02622 ±    0.00052     4.292 ±  0.135 %    92.215 ±  0.253 %
  12      43.0598 ±    1.5600       0.06228 ±    0.00409       0.03013 ±    0.00058     4.479 ±  0.136 %    92.017 ±  0.245 %
  13      42.4824 ±    1.4759       0.06068 ±    0.00388       0.02952 ±    0.00056     4.452 ±  0.129 %    92.112 ±  0.234 %
  14      43.1505 ±    1.4479       0.05992 ±    0.00376       0.02898 ±    0.00054     4.440 ±  0.126 %    92.236 ±  0.224 %
  15      42.6464 ±    1.3808       0.05724 ±    0.00356       0.02836 ±    0.00051     4.393 ±  0.120 %    92.304 ±  0.215 %
  16      44.7093 ±    1.4046       0.05696 ±    0.00343       0.02809 ±    0.00058     4.325 ±  0.115 %    92.430 ±  0.207 %
  17      44.8009 ±    1.3639       0.05518 ±    0.00329       0.02791 ±    0.00058     4.393 ±  0.123 %    92.485 ±  0.200 %
  18      45.0059 ±    1.3289       0.05442 ±    0.00316       0.02747 ±    0.00055     4.338 ±  0.118 %    92.489 ±  0.194 %
  19      44.0043 ±    1.2647       0.05334 ±    0.00304       0.02692 ±    0.00053     4.277 ±  0.113 %    92.602 ±  0.188 %
  20      43.2385 ±    1.2183       0.05867 ±    0.00334       0.02663 ±    0.00051     4.293 ±  0.109 %    92.703 ±  0.182 %
  21      43.5250 ±    1.1975       0.05897 ±    0.00324       0.02638 ±    0.00049     4.246 ±  0.106 %    92.687 ±  0.178 %
  22      43.8764 ±    1.1819       0.05859 ±    0.00317       0.02626 ±    0.00048     4.221 ±  0.104 %    92.740 ±  0.173 %
  23      44.1486 ±    1.1644       0.05778 ±    0.00311       0.02615 ±    0.00047     4.205 ±  0.101 %    92.741 ±  0.169 %
  24      44.5039 ±    1.1520       0.05766 ±    0.00304       0.02600 ±    0.00045     4.179 ±  0.099 %    92.709 ±  0.166 %
  25      45.1146 ±    1.1468       0.05808 ±    0.00299       0.02580 ±    0.00044     4.136 ±  0.096 %    92.759 ±  0.162 %
  26      45.4793 ±    1.1370       0.05925 ±    0.00295       0.02575 ±    0.00042     4.128 ±  0.094 %    92.740 ±  0.159 %
  27      47.1901 ±    1.1613       0.06137 ±    0.00292       0.02657 ±    0.00042     4.125 ±  0.091 %    92.679 ±  0.157 %
  28      46.9103 ±    1.1327       0.06140 ±    0.00285       0.02658 ±    0.00041     4.128 ±  0.089 %    92.641 ±  0.154 %
  29      46.9577 ±    1.1141       0.06088 ±    0.00279       0.02641 ±    0.00040     4.101 ±  0.086 %    92.655 ±  0.151 %
  30      46.9744 ±    1.0968       0.06031 ±    0.00276       0.02623 ±    0.00039     4.081 ±  0.085 %    92.672 ±  0.149 %
  31      46.5401 ±    1.0687       0.05845 ±    0.00269       0.02616 ±    0.00038     4.067 ±  0.083 %    92.688 ±  0.146 %
  32      45.5993 ±    1.0297       0.05849 ±    0.00263       0.02593 ±    0.00037     4.043 ±  0.081 %    92.754 ±  0.143 %
  33      45.3291 ±    1.0083       0.05864 ±    0.00260       0.02591 ±    0.00036     4.028 ±  0.079 %    92.743 ±  0.141 %
  34      44.8485 ±    0.9819       0.05817 ±    0.00255       0.02574 ±    0.00035     4.008 ±  0.078 %    92.781 ±  0.139 %
  35      44.7771 ±    0.9642       0.05647 ±    0.00250       0.02563 ±    0.00035     3.986 ±  0.076 %    92.792 ±  0.137 %
  36      44.0654 ±    0.9352       0.05610 ±    0.00246       0.02547 ±    0.00034     3.979 ±  0.074 %    92.813 ±  0.135 %
  37      42.9483 ±    0.8979       0.05631 ±    0.00246       0.02527 ±    0.00033     3.979 ±  0.072 %    92.864 ±  0.132 %
  38      42.4785 ±    0.8749       0.05712 ±    0.00243       0.02568 ±    0.00033     4.018 ±  0.072 %    92.826 ±  0.131 %
  39      41.6668 ±    0.8460       0.05654 ±    0.00239       0.02557 ±    0.00032     4.018 ±  0.070 %    92.852 ±  0.129 %
  40      41.3611 ±    0.8283       0.05557 ±    0.00236       0.02559 ±    0.00032     4.023 ±  0.069 %    92.820 ±  0.128 %
  41      41.3531 ±    0.8182       0.05586 ±    0.00232       0.02553 ±    0.00032     4.035 ±  0.068 %    92.795 ±  0.126 %
  42      41.7708 ±    0.8175       0.05697 ±    0.00231       0.02618 ±    0.00032     4.078 ±  0.068 %    92.736 ±  0.125 %
  43      42.3726 ±    0.8192       0.05703 ±    0.00228       0.02611 ±    0.00031     4.064 ±  0.067 %    92.685 ±  0.124 %
  44      43.3565 ±    0.8307       0.05638 ±    0.00225       0.02611 ±    0.00031     4.042 ±  0.065 %    92.631 ±  0.123 %
  45      43.9815 ±    0.8340       0.05610 ±    0.00222       0.02609 ±    0.00030     4.024 ±  0.064 %    92.640 ±  0.122 %
  46      44.2990 ±    0.8315       0.05609 ±    0.00221       0.02607 ±    0.00030     4.028 ±  0.065 %    92.630 ±  0.120 %
  47      44.6495 ±    0.8296       0.05601 ±    0.00219       0.02603 ±    0.00030     4.023 ±  0.064 %    92.637 ±  0.119 %
  48      44.9597 ±    0.8267       0.05516 ±    0.00216       0.02601 ±    0.00029     4.003 ±  0.063 %    92.650 ±  0.118 %
  49      45.1366 ±    0.8219       0.05556 ±    0.00215       0.02594 ±    0.00029     3.992 ±  0.062 %    92.673 ±  0.116 %
  50      45.3383 ±    0.8172       0.05509 ±    0.00213       0.02582 ±    0.00028     3.981 ±  0.061 %    92.692 ±  0.115 %
  51      45.0202 ±    0.8031       0.05610 ±    0.00213       0.02644 ±    0.00029     4.038 ±  0.061 %    92.651 ±  0.114 %
  52      44.9275 ±    0.7940       0.05568 ±    0.00210       0.02641 ±    0.00029     4.024 ±  0.060 %    92.654 ±  0.113 %
  53      44.7579 ±    0.7833       0.05521 ±    0.00207       0.02627 ±    0.00029     4.010 ±  0.059 %    92.680 ±  0.112 %
  54      44.2688 ±    0.7671       0.05530 ±    0.00208       0.02615 ±    0.00028     4.019 ±  0.059 %    92.707 ±  0.111 %
  55      44.1587 ±    0.7581       0.05521 ±    0.00206       0.02608 ±    0.00028     4.020 ±  0.058 %    92.699 ±  0.110 %
  56      44.0884 ±    0.7503       0.05592 ±    0.00204       0.02607 ±    0.00028     4.031 ±  0.058 %    92.697 ±  0.109 %
  57      43.3907 ±    0.7307       0.05561 ±    0.00201       0.02594 ±    0.00027     4.033 ±  0.057 %    92.713 ±  0.108 %
  58      43.3263 ±    0.7224       0.05534 ±    0.00199       0.02586 ±    0.00027     4.017 ±  0.056 %    92.714 ±  0.107 %
  59      42.7056 ±    0.7051       0.05503 ±    0.00197       0.02574 ±    0.00027     4.013 ±  0.056 %    92.745 ±  0.106 %
  60      42.7965 ±    0.7008       0.05490 ±    0.00195       0.02561 ±    0.00026     4.001 ±  0.055 %    92.773 ±  0.105 %
  61      43.0142 ±    0.6988       0.05566 ±    0.00195       0.02564 ±    0.00026     4.007 ±  0.055 %    92.778 ±  0.104 %
  62      43.2982 ±    0.6982       0.05554 ±    0.00194       0.02560 ±    0.00026     4.007 ±  0.055 %    92.792 ±  0.103 %
  63      43.8727 ±    0.7026       0.05549 ±    0.00192       0.02554 ±    0.00026     3.991 ±  0.054 %    92.783 ±  0.102 %
  64      43.8179 ±    0.6964       0.05533 ±    0.00190       0.02555 ±    0.00025     3.998 ±  0.054 %    92.788 ±  0.101 %
  65      43.9983 ±    0.6945       0.05644 ±    0.00190       0.02599 ±    0.00025     4.035 ±  0.054 %    92.765 ±  0.100 %
  66      43.9724 ±    0.6890       0.05629 ±    0.00189       0.02592 ±    0.00025     4.034 ±  0.053 %    92.763 ±  0.100 %
  67      44.0117 ±    0.6851       0.05567 ±    0.00187       0.02590 ±    0.00025     4.034 ±  0.053 %    92.782 ±  0.099 %
  68      43.9442 ±    0.6790       0.05524 ±    0.00185       0.02582 ±    0.00025     4.034 ±  0.052 %    92.802 ±  0.098 %
  69      44.0331 ±    0.6755       0.05520 ±    0.00184       0.02582 ±    0.00024     4.033 ±  0.052 %    92.783 ±  0.097 %
  70      43.5882 ±    0.6650       0.05554 ±    0.00184       0.02582 ±    0.00024     4.057 ±  0.051 %    92.789 ±  0.097 %
  71      43.2608 ±    0.6548       0.05617 ±    0.00182       0.02596 ±    0.00024     4.071 ±  0.051 %    92.799 ±  0.096 %
  72      43.7439 ±    0.6587       0.05611 ±    0.00181       0.02601 ±    0.00024     4.066 ±  0.050 %    92.769 ±  0.095 %
  73      44.2327 ±    0.6625       0.05658 ±    0.00180       0.02636 ±    0.00024     4.070 ±  0.050 %    92.734 ±  0.095 %
  74      44.0580 ±    0.6551       0.05643 ±    0.00179       0.02624 ±    0.00023     4.065 ±  0.049 %    92.741 ±  0.094 %
  75      43.9756 ±    0.6495       0.05616 ±    0.00178       0.02615 ±    0.00023     4.056 ±  0.049 %    92.772 ±  0.093 %
  76      44.0206 ±    0.6460       0.05631 ±    0.00178       0.02610 ±    0.00023     4.045 ±  0.048 %    92.782 ±  0.093 %
  77      44.0743 ±    0.6428       0.05616 ±    0.00177       0.02602 ±    0.00023     4.036 ±  0.048 %    92.792 ±  0.092 %
  78      44.0555 ±    0.6385       0.05593 ±    0.00176       0.02593 ±    0.00023     4.028 ±  0.047 %    92.806 ±  0.091 %
  79      44.1087 ±    0.6352       0.05553 ±    0.00174       0.02590 ±    0.00022     4.027 ±  0.047 %    92.796 ±  0.091 %
  80      44.2949 ±    0.6339       0.05542 ±    0.00173       0.02584 ±    0.00022     4.017 ±  0.047 %    92.801 ±  0.090 %
  81      43.8231 ±    0.6226       0.05471 ±    0.00171       0.02570 ±    0.00022     4.008 ±  0.046 %    92.832 ±  0.090 %
  82      43.4669 ±    0.6137       0.05428 ±    0.00170       0.02562 ±    0.00022     4.007 ±  0.046 %    92.851 ±  0.089 %
  83      42.9985 ±    0.6031       0.05386 ±    0.00168       0.02554 ±    0.00022     4.006 ±  0.045 %    92.875 ±  0.088 %
  84      42.7657 ±    0.5963       0.05354 ±    0.00167       0.02549 ±    0.00022     4.006 ±  0.045 %    92.897 ±  0.088 %
  85      42.9244 ±    0.5951       0.05428 ±    0.00166       0.02570 ±    0.00022     4.014 ±  0.045 %    92.869 ±  0.087 %
  86      42.8415 ±    0.5903       0.05422 ±    0.00165       0.02566 ±    0.00021     4.007 ±  0.044 %    92.870 ±  0.087 %
  87      42.9800 ±    0.5888       0.05426 ±    0.00164       0.02563 ±    0.00021     4.010 ±  0.044 %    92.867 ±  0.086 %
  88      43.3271 ±    0.5899       0.05382 ±    0.00163       0.02560 ±    0.00021     3.996 ±  0.044 %    92.881 ±  0.086 %
  89      43.3714 ±    0.5872       0.05405 ±    0.00162       0.02554 ±    0.00021     3.988 ±  0.043 %    92.900 ±  0.085 %
  90      43.6745 ±    0.5880       0.05420 ±    0.00161       0.02559 ±    0.00021     3.988 ±  0.043 %    92.878 ±  0.085 %
  91      44.1898 ±    0.5918       0.05433 ±    0.00159       0.02560 ±    0.00021     3.979 ±  0.043 %    92.874 ±  0.084 %
  92      44.6527 ±    0.5951       0.05443 ±    0.00158       0.02558 ±    0.00020     3.970 ±  0.042 %    92.869 ±  0.084 %
  93      44.9221 ±    0.5953       0.05464 ±    0.00157       0.02561 ±    0.00020     3.966 ±  0.042 %    92.846 ±  0.084 %
  94      45.4404 ±    0.5996       0.05445 ±    0.00156       0.02560 ±    0.00020     3.955 ±  0.042 %    92.839 ±  0.083 %
  95      45.9514 ±    0.6036       0.05491 ±    0.00155       0.02560 ±    0.00020     3.946 ±  0.041 %    92.821 ±  0.083 %
  96      45.8939 ±    0.5996       0.05475 ±    0.00154       0.02558 ±    0.00020     3.949 ±  0.041 %    92.840 ±  0.082 %
  97      46.1047 ±    0.5994       0.05461 ±    0.00153       0.02553 ±    0.00020     3.942 ±  0.041 %    92.845 ±  0.082 %
  98      46.2553 ±    0.5986       0.05481 ±    0.00152       0.02547 ±    0.00020     3.942 ±  0.041 %    92.847 ±  0.081 %
  99      46.6216 ±    0.6011       0.05495 ±    0.00152       0.02545 ±    0.00019     3.939 ±  0.041 %    92.847 ±  0.081 %
 100      46.5654 ±    0.5973       0.05474 ±    0.00151       0.02549 ±    0.00020     3.937 ±  0.040 %    92.855 ±  0.081 %
 101      46.7784 ±    0.5975       0.05501 ±    0.00151       0.02545 ±    0.00019     3.933 ±  0.040 %    92.850 ±  0.080 %
 102      47.0172 ±    0.5979       0.05484 ±    0.00151       0.02542 ±    0.00019     3.923 ±  0.040 %    92.842 ±  0.080 %
 103      47.2175 ±    0.5975       0.05490 ±    0.00150       0.02549 ±    0.00020     3.930 ±  0.040 %    92.844 ±  0.079 %
 104      47.3133 ±    0.5959       0.05511 ±    0.00151       0.02545 ±    0.00020     3.930 ±  0.040 %    92.849 ±  0.079 %
 105      47.3406 ±    0.5934       0.05507 ±    0.00150       0.02550 ±    0.00020     3.945 ±  0.042 %    92.844 ±  0.079 %
 106      47.6495 ±    0.5949       0.05525 ±    0.00149       0.02549 ±    0.00020     3.939 ±  0.042 %    92.841 ±  0.078 %
 107      47.6085 ±    0.5913       0.05535 ±    0.00149       0.02544 ±    0.00020     3.936 ±  0.041 %    92.844 ±  0.078 %
 108      47.7162 ±    0.5900       0.05515 ±    0.00148       0.02539 ±    0.00020     3.932 ±  0.041 %    92.840 ±  0.078 %
 109      47.7590 ±    0.5879       0.05530 ±    0.00147       0.02536 ±    0.00020     3.934 ±  0.041 %    92.846 ±  0.077 %
 110      47.5083 ±    0.5818       0.05540 ±    0.00147       0.02530 ±    0.00020     3.936 ±  0.041 %    92.853 ±  0.077 %
 111      47.4095 ±    0.5777       0.05527 ±    0.00146       0.02524 ±    0.00019     3.930 ±  0.040 %    92.874 ±  0.076 %
 112      47.2200 ±    0.5728       0.05552 ±    0.00145       0.02519 ±    0.00019     3.928 ±  0.040 %    92.889 ±  0.076 %
 113      47.4056 ±    0.5729       0.05531 ±    0.00144       0.02517 ±    0.00019     3.924 ±  0.040 %    92.887 ±  0.076 %
 114      47.6187 ±    0.5734       0.05519 ±    0.00143       0.02514 ±    0.00019     3.918 ±  0.039 %    92.897 ±  0.075 %
 115      47.8289 ±    0.5738       0.05533 ±    0.00143       0.02514 ±    0.00019     3.919 ±  0.039 %    92.898 ±  0.075 %
 116      48.1077 ±    0.5751       0.05601 ±    0.00143       0.02549 ±    0.00019     3.930 ±  0.039 %    92.859 ±  0.075 %
 117      47.7743 ±    0.5683       0.05566 ±    0.00142       0.02545 ±    0.00019     3.927 ±  0.039 %    92.872 ±  0.074 %
 118      47.4630 ±    0.5621       0.05592 ±    0.00142       0.02538 ±    0.00019     3.925 ±  0.039 %    92.886 ±  0.074 %
 119      47.3924 ±    0.5587       0.05595 ±    0.00142       0.02536 ±    0.00019     3.924 ±  0.038 %    92.890 ±  0.074 %
 120      47.2375 ±    0.5544       0.05584 ±    0.00141       0.02531 ±    0.00019     3.925 ±  0.038 %    92.898 ±  0.073 %
 121      47.0614 ±    0.5499       0.05615 ±    0.00140       0.02528 ±    0.00018     3.929 ±  0.038 %    92.892 ±  0.073 %
 122      46.9407 ±    0.5460       0.05623 ±    0.00139       0.02526 ±    0.00018     3.929 ±  0.038 %    92.899 ±  0.073 %
 123      47.0282 ±    0.5450       0.05620 ±    0.00139       0.02522 ±    0.00018     3.924 ±  0.038 %    92.909 ±  0.072 %
 124      47.0105 ±    0.5427       0.05590 ±    0.00138       0.02522 ±    0.00018     3.928 ±  0.038 %    92.925 ±  0.072 %
 125      47.0242 ±    0.5410       0.05625 ±    0.00138       0.02523 ±    0.00018     3.937 ±  0.038 %    92.929 ±  0.072 %
 126      47.1105 ±    0.5399       0.05624 ±    0.00137       0.02520 ±    0.00018     3.936 ±  0.038 %    92.932 ±  0.071 %
 127      47.0460 ±    0.5368       0.05615 ±    0.00137       0.02515 ±    0.00018     3.932 ±  0.037 %    92.943 ±  0.071 %
 128      46.7840 ±    0.5315       0.05607 ±    0.00136       0.02509 ±    0.00018     3.931 ±  0.037 %    92.953 ±  0.071 %
 129      46.7297 ±    0.5286       0.05609 ±    0.00135       0.02506 ±    0.00018     3.929 ±  0.037 %    92.952 ±  0.070 %
 130      46.8999 ±    0.5289       0.05651 ±    0.00135       0.02521 ±    0.00018     3.931 ±  0.037 %    92.937 ±  0.070 %
 131      46.7677 ±    0.5252       0.05626 ±    0.00135       0.02515 ±    0.00018     3.925 ±  0.037 %    92.954 ±  0.070 %
 132      46.8060 ±    0.5238       0.05612 ±    0.00134       0.02514 ±    0.00017     3.924 ±  0.036 %    92.954 ±  0.070 %
 133      46.9456 ±    0.5235       0.05636 ±    0.00134       0.02512 ±    0.00017     3.921 ±  0.036 %    92.955 ±  0.069 %
 134      46.7465 ±    0.5189       0.05628 ±    0.00133       0.02511 ±    0.00017     3.925 ±  0.036 %    92.957 ±  0.069 %
 135      46.5576 ±    0.5147       0.05621 ±    0.00132       0.02508 ±    0.00017     3.922 ±  0.036 %    92.966 ±  0.069 %
 136      46.1744 ±    0.5085       0.05610 ±    0.00132       0.02502 ±    0.00017     3.917 ±  0.036 %    92.986 ±  0.068 %
 137      46.0903 ±    0.5057       0.05586 ±    0.00132       0.02498 ±    0.00017     3.916 ±  0.035 %    92.988 ±  0.068 %
 138      46.2223 ±    0.5055       0.05583 ±    0.00131       0.02493 ±    0.00017     3.914 ±  0.035 %    92.994 ±  0.068 %
 139      46.5609 ±    0.5078       0.05572 ±    0.00131       0.02493 ±    0.00017     3.910 ±  0.035 %    92.990 ±  0.068 %
 140      46.5501 ±    0.5058       0.05569 ±    0.00130       0.02496 ±    0.00017     3.915 ±  0.035 %    92.984 ±  0.067 %
 141      46.6235 ±    0.5049       0.05565 ±    0.00130       0.02493 ±    0.00017     3.912 ±  0.035 %    92.979 ±  0.067 %
 142      46.7034 ±    0.5040       0.05570 ±    0.00129       0.02489 ±    0.00017     3.908 ±  0.035 %    92.985 ±  0.067 %
 143      46.8711 ±    0.5041       0.05562 ±    0.00128       0.02491 ±    0.00017     3.911 ±  0.035 %    92.978 ±  0.067 %
 144      46.9343 ±    0.5033       0.05574 ±    0.00128       0.02490 ±    0.00016     3.909 ±  0.034 %    92.980 ±  0.067 %

====== Perplexity statistics ======
Mean PPL(Q)                   :  46.934281 ±   0.503309
Mean PPL(base)                :  44.389851 ±   0.462582
Cor(ln(PPL(Q)), ln(PPL(base))):  99.31%
Mean ln(PPL(Q)/PPL(base))     :   0.055737 ±   0.001279
Mean PPL(Q)/PPL(base)         :   1.057320 ±   0.001352
Mean PPL(Q)-PPL(base)         :   2.544430 ±   0.069833

====== KL divergence statistics ======
Mean    KLD:   0.024903 ±   0.000164
Maximum KLD:   5.313535
99.9%   KLD:   0.727831
99.0%   KLD:   0.216154
95.0%   KLD:   0.088500
90.0%   KLD:   0.056373
Median  KLD:   0.010626
10.0%   KLD:   0.000308
 5.0%   KLD:   0.000052
 1.0%   KLD:   0.000002
 0.1%   KLD:  -0.000003
Minimum KLD:  -0.000117

====== Token probability statistics ======
Mean    Δp: -0.178 ± 0.010 %
Maximum Δp: 86.673%
99.9%   Δp: 25.020%
99.0%   Δp: 11.503%
95.0%   Δp:  4.383%
90.0%   Δp:  1.979%
75.0%   Δp:  0.150%
Median  Δp: -0.000%
25.0%   Δp: -0.292%
10.0%   Δp: -2.570%
 5.0%   Δp: -5.313%
 1.0%   Δp: -13.298%
 0.1%   Δp: -31.487%
Minimum Δp: -94.503%
RMS Δp    :  3.909 ± 0.034 %
Same top p: 92.980 ± 0.067 %

------------------------------
llama-perplexity --kl-divergence-base /tmp/logits.dat --ctx-size 2048 -f sample-data/wiki.test.raw -hf unsloth/gemma-4-E2B-it-qat-GGUF:UD-Q4_K_XL -fa on -ngl 99 -ctk q8_0 -ctv turbo3 --kl-divergence
0.00.502.672 I common_init_result: fitting params to device memory ...
0.00.502.676 I common_init_result: (for bugs during this step try to reproduce them with -fit off, or provide --verbose logs if the bug only occurs with -fit on)
0.02.852.899 W load: control-looking token:    212 '</s>' was not control-type; this is probably a bug in the model. its type will be overridden
0.02.853.422 W load: control-looking token:     50 '<|tool_response>' was not control-type; this is probably a bug in the model. its type will be overridden
0.02.880.872 W load: special_eog_ids contains '<|tool_response>', removing '</s>' token from EOG list
0.03.819.502 W llama_context: n_ctx_seq (2048) < n_ctx_train (131072) -- the full capacity of the model will not be utilized
0.03.845.660 I common_init_from_params: warming up the model with an empty run - please wait ... (--no-warmup to disable)
0.03.873.029 I 
0.03.873.095 I system_info: n_threads = 16 (n_threads_batch = 16) / 32 | CUDA : ARCHS = 500,610,700,750,800,860,890,900 | USE_GRAPHS = 1 | PEER_MAX_BATCH_SIZE = 128 | CPU : SSE3 = 1 | SSSE3 = 1 | AVX = 1 | AVX2 = 1 | F16C = 1 | FMA = 1 | BMI2 = 1 | LLAMAFILE = 1 | OPENMP = 1 | REPACK = 1 | 
0.04.105.379 I kl_divergence: computing over 144 chunks, n_ctx=2048, batch_size=2048, n_seq=1
0.05.132.063 I kl_divergence: 1.03 seconds per pass - ETA 2.45 minutes

chunk             PPL               ln(PPL(Q)/PPL(base))          KL Divergence              Δp RMS            Same top p
   1      44.3918 ±    5.6731       0.03347 ±    0.01452       0.05514 ±    0.00303     5.697 ±  0.342 %    88.954 ±  0.981 %
   2      56.0491 ±    4.9852       0.01408 ±    0.01123       0.06118 ±    0.00228     5.920 ±  0.330 %    87.048 ±  0.743 %
   3      61.2919 ±    4.4979       0.04743 ±    0.01095       0.07156 ±    0.00212     6.089 ±  0.267 %    86.282 ±  0.621 %
   4      56.2645 ±    3.5366       0.02275 ±    0.00917       0.06955 ±    0.00184     6.030 ±  0.227 %    86.584 ±  0.533 %
   5      53.2375 ±    3.0338       0.03112 ±    0.00843       0.06937 ±    0.00167     6.124 ±  0.205 %    86.960 ±  0.471 %
   6      41.7609 ±    2.1137       0.03169 ±    0.00756       0.06881 ±    0.00152     6.461 ±  0.185 %    86.983 ±  0.430 %
   7      35.8554 ±    1.6480       0.03078 ±    0.00681       0.06723 ±    0.00140     6.569 ±  0.174 %    87.362 ±  0.393 %
   8      34.9472 ±    1.4941       0.02544 ±    0.00639       0.06711 ±    0.00133     6.581 ±  0.162 %    87.537 ±  0.365 %
   9      35.9132 ±    1.4410       0.02459 ±    0.00597       0.06647 ±    0.00127     6.483 ±  0.153 %    87.510 ±  0.345 %
  10      37.4691 ±    1.4445       0.02236 ±    0.00574       0.06514 ±    0.00118     6.361 ±  0.145 %    87.771 ±  0.324 %
  11      38.2711 ±    1.4094       0.02138 ±    0.00546       0.06459 ±    0.00112     6.303 ±  0.140 %    87.923 ±  0.307 %
  12      41.8829 ±    1.4969       0.03457 ±    0.00538       0.06804 ±    0.00111     6.446 ±  0.139 %    87.985 ±  0.293 %
  13      41.1836 ±    1.4099       0.02963 ±    0.00510       0.06678 ±    0.00105     6.418 ±  0.132 %    88.097 ±  0.281 %
  14      41.8740 ±    1.3846       0.02989 ±    0.00492       0.06576 ±    0.00099     6.388 ±  0.128 %    88.270 ±  0.269 %
  15      41.3953 ±    1.3207       0.02747 ±    0.00468       0.06451 ±    0.00094     6.335 ±  0.124 %    88.341 ±  0.259 %
  16      43.1672 ±    1.3349       0.02185 ±    0.00452       0.06442 ±    0.00093     6.337 ±  0.124 %    88.349 ±  0.251 %
  17      43.2687 ±    1.2972       0.02038 ±    0.00433       0.06307 ±    0.00089     6.280 ±  0.120 %    88.592 ±  0.241 %
  18      43.4843 ±    1.2636       0.02003 ±    0.00417       0.06283 ±    0.00086     6.265 ±  0.117 %    88.645 ±  0.234 %
  19      42.5594 ±    1.2046       0.01995 ±    0.00402       0.06212 ±    0.00084     6.180 ±  0.113 %    88.753 ±  0.227 %
  20      41.6760 ±    1.1553       0.02187 ±    0.00416       0.06202 ±    0.00083     6.192 ±  0.110 %    88.768 ±  0.221 %
  21      41.9044 ±    1.1337       0.02103 ±    0.00405       0.06217 ±    0.00083     6.170 ±  0.108 %    88.828 ±  0.215 %
  22      42.2216 ±    1.1184       0.02015 ±    0.00398       0.06225 ±    0.00081     6.138 ±  0.105 %    88.821 ±  0.210 %
  23      42.4920 ±    1.1021       0.01954 ±    0.00389       0.06171 ±    0.00078     6.098 ±  0.102 %    88.865 ±  0.205 %
  24      42.7436 ±    1.0873       0.01730 ±    0.00382       0.06200 ±    0.00078     6.106 ±  0.100 %    88.763 ±  0.202 %
  25      43.2433 ±    1.0791       0.01571 ±    0.00373       0.06197 ±    0.00076     6.063 ±  0.098 %    88.727 ±  0.198 %
  26      43.5320 ±    1.0679       0.01549 ±    0.00367       0.06220 ±    0.00074     6.078 ±  0.096 %    88.676 ±  0.194 %
  27      45.2328 ±    1.0932       0.01901 ±    0.00365       0.06343 ±    0.00074     6.070 ±  0.094 %    88.606 ±  0.191 %
  28      44.9093 ±    1.0647       0.01781 ±    0.00357       0.06329 ±    0.00072     6.051 ±  0.092 %    88.598 ±  0.188 %
  29      44.9699 ±    1.0479       0.01763 ±    0.00351       0.06313 ±    0.00071     6.016 ±  0.089 %    88.627 ±  0.184 %
  30      44.9711 ±    1.0308       0.01673 ±    0.00346       0.06291 ±    0.00069     5.971 ±  0.087 %    88.645 ±  0.181 %
  31      44.6708 ±    1.0075       0.01746 ±    0.00339       0.06267 ±    0.00068     5.960 ±  0.086 %    88.673 ±  0.178 %
  32      43.7060 ±    0.9688       0.01609 ±    0.00332       0.06220 ±    0.00066     5.934 ±  0.084 %    88.725 ±  0.175 %
  33      43.5406 ±    0.9512       0.01838 ±    0.00329       0.06299 ±    0.00066     5.933 ±  0.083 %    88.655 ±  0.173 %
  34      43.0354 ±    0.9250       0.01691 ±    0.00323       0.06262 ±    0.00064     5.903 ±  0.081 %    88.698 ±  0.170 %
  35      43.0181 ±    0.9095       0.01640 ±    0.00317       0.06251 ±    0.00063     5.885 ±  0.079 %    88.675 ±  0.167 %
  36      42.3552 ±    0.8827       0.01652 ±    0.00311       0.06198 ±    0.00062     5.871 ±  0.077 %    88.742 ±  0.165 %
  37      41.2356 ±    0.8461       0.01562 ±    0.00307       0.06162 ±    0.00061     5.880 ±  0.076 %    88.846 ±  0.162 %
  38      40.8097 ±    0.8250       0.01704 ±    0.00303       0.06206 ±    0.00060     5.938 ±  0.076 %    88.813 ±  0.160 %
  39      40.0416 ±    0.7979       0.01676 ±    0.00299       0.06184 ±    0.00059     5.951 ±  0.075 %    88.836 ±  0.158 %
  40      39.7711 ±    0.7818       0.01637 ±    0.00294       0.06192 ±    0.00059     5.985 ±  0.074 %    88.829 ±  0.156 %
  41      39.7367 ±    0.7718       0.01598 ±    0.00289       0.06169 ±    0.00058     5.978 ±  0.072 %    88.861 ±  0.154 %
  42      40.1897 ±    0.7727       0.01838 ±    0.00289       0.06245 ±    0.00058     5.995 ±  0.072 %    88.814 ±  0.152 %
  43      40.7484 ±    0.7739       0.01795 ±    0.00285       0.06258 ±    0.00057     5.969 ±  0.071 %    88.743 ±  0.151 %
  44      41.7217 ±    0.7856       0.01794 ±    0.00282       0.06255 ±    0.00056     5.946 ±  0.070 %    88.712 ±  0.149 %
  45      42.3367 ±    0.7889       0.01799 ±    0.00278       0.06248 ±    0.00055     5.917 ±  0.069 %    88.691 ±  0.148 %
  46      42.6350 ±    0.7865       0.01780 ±    0.00276       0.06244 ±    0.00054     5.906 ±  0.068 %    88.669 ±  0.146 %
  47      43.0308 ±    0.7860       0.01908 ±    0.00273       0.06241 ±    0.00053     5.904 ±  0.067 %    88.642 ±  0.145 %
  48      43.3515 ±    0.7836       0.01873 ±    0.00270       0.06250 ±    0.00053     5.888 ±  0.066 %    88.614 ±  0.143 %
  49      43.4758 ±    0.7779       0.01807 ±    0.00268       0.06267 ±    0.00053     5.894 ±  0.066 %    88.583 ±  0.142 %
  50      43.6878 ±    0.7740       0.01801 ±    0.00265       0.06256 ±    0.00052     5.883 ±  0.065 %    88.624 ±  0.140 %
  51      43.4159 ±    0.7616       0.01981 ±    0.00264       0.06341 ±    0.00053     5.937 ±  0.065 %    88.582 ±  0.139 %
  52      43.3462 ±    0.7534       0.01985 ±    0.00262       0.06328 ±    0.00052     5.925 ±  0.064 %    88.603 ±  0.138 %
  53      43.2091 ±    0.7438       0.01999 ±    0.00259       0.06300 ±    0.00051     5.929 ±  0.063 %    88.637 ±  0.136 %
  54      42.7300 ±    0.7279       0.01992 ±    0.00256       0.06291 ±    0.00051     5.942 ±  0.063 %    88.664 ±  0.135 %
  55      42.5815 ±    0.7184       0.01884 ±    0.00254       0.06295 ±    0.00051     5.950 ±  0.062 %    88.641 ±  0.134 %
  56      42.5057 ±    0.7108       0.01936 ±    0.00251       0.06299 ±    0.00050     5.980 ±  0.062 %    88.628 ±  0.133 %
  57      41.8383 ±    0.6924       0.01917 ±    0.00249       0.06268 ±    0.00050     5.979 ±  0.061 %    88.687 ±  0.131 %
  58      41.8878 ±    0.6869       0.02158 ±    0.00248       0.06329 ±    0.00050     5.986 ±  0.061 %    88.656 ±  0.130 %
  59      41.2955 ±    0.6705       0.02145 ±    0.00246       0.06308 ±    0.00049     5.999 ±  0.061 %    88.684 ±  0.129 %
  60      41.3795 ±    0.6664       0.02123 ±    0.00244       0.06301 ±    0.00049     5.989 ±  0.060 %    88.708 ±  0.128 %
  61      41.6675 ±    0.6662       0.02385 ±    0.00245       0.06366 ±    0.00050     6.048 ±  0.061 %    88.710 ±  0.127 %
  62      41.9469 ±    0.6657       0.02383 ±    0.00243       0.06367 ±    0.00049     6.043 ±  0.060 %    88.703 ±  0.126 %
  63      42.4679 ±    0.6690       0.02294 ±    0.00240       0.06350 ±    0.00048     6.018 ±  0.060 %    88.707 ±  0.125 %
  64      42.4189 ±    0.6632       0.02289 ±    0.00239       0.06347 ±    0.00048     6.032 ±  0.060 %    88.707 ±  0.124 %
  65      42.6183 ±    0.6619       0.02457 ±    0.00240       0.06426 ±    0.00050     6.075 ±  0.061 %    88.701 ±  0.123 %
  66      42.5909 ±    0.6566       0.02436 ±    0.00238       0.06430 ±    0.00049     6.081 ±  0.061 %    88.693 ±  0.122 %
  67      42.6751 ±    0.6537       0.02483 ±    0.00236       0.06419 ±    0.00049     6.078 ±  0.060 %    88.732 ±  0.121 %
  68      42.5937 ±    0.6475       0.02402 ±    0.00234       0.06416 ±    0.00049     6.080 ±  0.060 %    88.740 ±  0.120 %
  69      42.6851 ±    0.6443       0.02411 ±    0.00233       0.06417 ±    0.00048     6.091 ±  0.060 %    88.730 ±  0.119 %
  70      42.2623 ±    0.6345       0.02465 ±    0.00231       0.06409 ±    0.00048     6.109 ±  0.059 %    88.746 ±  0.118 %
  71      41.9590 ±    0.6250       0.02561 ±    0.00230       0.06430 ±    0.00048     6.133 ±  0.059 %    88.734 ±  0.117 %
  72      42.4000 ±    0.6282       0.02490 ±    0.00229       0.06450 ±    0.00047     6.132 ±  0.058 %    88.699 ±  0.117 %
  73      42.8756 ±    0.6320       0.02542 ±    0.00228       0.06501 ±    0.00047     6.132 ±  0.058 %    88.670 ±  0.116 %
  74      42.7731 ±    0.6261       0.02683 ±    0.00226       0.06514 ±    0.00047     6.142 ±  0.058 %    88.648 ±  0.115 %
  75      42.6890 ±    0.6206       0.02647 ±    0.00225       0.06503 ±    0.00047     6.134 ±  0.057 %    88.671 ±  0.114 %
  76      42.7523 ±    0.6175       0.02707 ±    0.00224       0.06536 ±    0.00047     6.143 ±  0.057 %    88.654 ±  0.114 %
  77      42.8465 ±    0.6152       0.02790 ±    0.00224       0.06565 ±    0.00046     6.148 ±  0.057 %    88.620 ±  0.113 %
  78      42.8058 ±    0.6107       0.02715 ±    0.00222       0.06556 ±    0.00046     6.142 ±  0.056 %    88.628 ±  0.112 %
  79      42.8739 ±    0.6078       0.02713 ±    0.00220       0.06546 ±    0.00046     6.131 ±  0.056 %    88.632 ±  0.112 %
  80      43.0387 ±    0.6063       0.02665 ±    0.00219       0.06542 ±    0.00045     6.116 ±  0.055 %    88.634 ±  0.111 %
  81      42.5924 ±    0.5957       0.02622 ±    0.00217       0.06515 ±    0.00045     6.116 ±  0.055 %    88.663 ±  0.110 %
  82      42.2528 ±    0.5873       0.02595 ±    0.00215       0.06497 ±    0.00045     6.110 ±  0.055 %    88.694 ±  0.109 %
  83      41.8137 ±    0.5773       0.02592 ±    0.00214       0.06491 ±    0.00045     6.119 ±  0.054 %    88.720 ±  0.109 %
  84      41.5796 ±    0.5707       0.02542 ±    0.00212       0.06478 ±    0.00044     6.125 ±  0.054 %    88.761 ±  0.108 %
  85      41.7482 ±    0.5698       0.02649 ±    0.00211       0.06532 ±    0.00044     6.135 ±  0.054 %    88.709 ±  0.107 %
  86      41.6620 ±    0.5651       0.02630 ±    0.00210       0.06533 ±    0.00044     6.139 ±  0.053 %    88.687 ±  0.107 %
  87      41.8122 ±    0.5639       0.02671 ±    0.00209       0.06540 ±    0.00044     6.154 ±  0.054 %    88.679 ±  0.106 %
  88      42.1500 ±    0.5649       0.02628 ±    0.00208       0.06540 ±    0.00044     6.139 ±  0.053 %    88.656 ±  0.106 %
  89      42.1907 ±    0.5622       0.02645 ±    0.00207       0.06563 ±    0.00044     6.145 ±  0.053 %    88.641 ±  0.105 %
  90      42.4868 ±    0.5630       0.02663 ±    0.00206       0.06577 ±    0.00043     6.147 ±  0.052 %    88.616 ±  0.105 %
  91      42.9467 ±    0.5660       0.02580 ±    0.00204       0.06586 ±    0.00043     6.133 ±  0.052 %    88.597 ±  0.104 %
  92      43.3678 ±    0.5687       0.02523 ±    0.00203       0.06585 ±    0.00043     6.120 ±  0.052 %    88.564 ±  0.104 %
  93      43.6015 ±    0.5685       0.02480 ±    0.00201       0.06598 ±    0.00042     6.114 ±  0.051 %    88.523 ±  0.103 %
  94      44.1354 ±    0.5731       0.02531 ±    0.00200       0.06590 ±    0.00042     6.099 ±  0.051 %    88.529 ±  0.103 %
  95      44.6636 ±    0.5775       0.02648 ±    0.00200       0.06618 ±    0.00042     6.100 ±  0.051 %    88.479 ±  0.102 %
  96      44.5899 ±    0.5732       0.02592 ±    0.00198       0.06612 ±    0.00042     6.098 ±  0.050 %    88.479 ±  0.102 %
  97      44.8088 ±    0.5734       0.02610 ±    0.00197       0.06602 ±    0.00041     6.088 ±  0.050 %    88.472 ±  0.101 %
  98      44.9417 ±    0.5724       0.02600 ±    0.00196       0.06592 ±    0.00041     6.085 ±  0.050 %    88.484 ±  0.101 %
  99      45.2992 ±    0.5747       0.02617 ±    0.00196       0.06592 ±    0.00041     6.076 ±  0.049 %    88.488 ±  0.100 %
 100      45.2653 ±    0.5714       0.02642 ±    0.00195       0.06599 ±    0.00041     6.072 ±  0.049 %    88.498 ±  0.100 %
 101      45.4401 ±    0.5709       0.02598 ±    0.00194       0.06594 ±    0.00041     6.068 ±  0.049 %    88.485 ±  0.099 %
 102      45.6829 ±    0.5715       0.02605 ±    0.00193       0.06590 ±    0.00040     6.062 ±  0.049 %    88.492 ±  0.099 %
 103      45.8563 ±    0.5708       0.02565 ±    0.00192       0.06588 ±    0.00040     6.056 ±  0.048 %    88.486 ±  0.098 %
 104      45.9167 ±    0.5687       0.02515 ±    0.00191       0.06576 ±    0.00040     6.047 ±  0.048 %    88.493 ±  0.098 %
 105      45.9135 ±    0.5658       0.02446 ±    0.00190       0.06583 ±    0.00040     6.051 ±  0.048 %    88.481 ±  0.097 %
 106      46.1838 ±    0.5669       0.02400 ±    0.00190       0.06582 ±    0.00040     6.042 ±  0.047 %    88.484 ±  0.097 %
 107      46.1441 ±    0.5635       0.02411 ±    0.00189       0.06572 ±    0.00040     6.042 ±  0.047 %    88.488 ±  0.096 %
 108      46.2321 ±    0.5619       0.02355 ±    0.00188       0.06567 ±    0.00039     6.037 ±  0.047 %    88.486 ±  0.096 %
 109      46.2598 ±    0.5598       0.02340 ±    0.00187       0.06556 ±    0.00039     6.039 ±  0.047 %    88.501 ±  0.096 %
 110      45.9986 ±    0.5537       0.02311 ±    0.00186       0.06542 ±    0.00039     6.040 ±  0.046 %    88.521 ±  0.095 %
 111      45.8912 ±    0.5497       0.02273 ±    0.00184       0.06525 ±    0.00038     6.033 ±  0.046 %    88.533 ±  0.095 %
 112      45.7339 ±    0.5454       0.02354 ±    0.00184       0.06540 ±    0.00038     6.035 ±  0.046 %    88.548 ±  0.094 %
 113      45.9016 ±    0.5453       0.02307 ±    0.00183       0.06533 ±    0.00038     6.028 ±  0.046 %    88.565 ±  0.094 %
 114      46.1011 ±    0.5456       0.02280 ±    0.00182       0.06532 ±    0.00038     6.020 ±  0.045 %    88.560 ±  0.093 %
 115      46.3184 ±    0.5462       0.02324 ±    0.00181       0.06533 ±    0.00038     6.020 ±  0.045 %    88.556 ±  0.093 %
 116      46.5272 ±    0.5466       0.02261 ±    0.00181       0.06550 ±    0.00038     6.022 ±  0.045 %    88.533 ±  0.092 %
 117      46.2208 ±    0.5404       0.02260 ±    0.00180       0.06571 ±    0.00038     6.037 ±  0.045 %    88.539 ±  0.092 %
 118      45.9192 ±    0.5345       0.02286 ±    0.00180       0.06552 ±    0.00038     6.032 ±  0.045 %    88.567 ±  0.092 %
 119      45.8462 ±    0.5312       0.02278 ±    0.00179       0.06545 ±    0.00038     6.035 ±  0.045 %    88.584 ±  0.091 %
 120      45.6849 ±    0.5269       0.02242 ±    0.00178       0.06532 ±    0.00038     6.031 ±  0.045 %    88.595 ±  0.091 %
 121      45.4993 ±    0.5224       0.02240 ±    0.00177       0.06522 ±    0.00037     6.035 ±  0.045 %    88.602 ±  0.090 %
 122      45.3804 ±    0.5187       0.02242 ±    0.00176       0.06524 ±    0.00037     6.034 ±  0.044 %    88.628 ±  0.090 %
 123      45.4510 ±    0.5175       0.02208 ±    0.00175       0.06526 ±    0.00037     6.031 ±  0.044 %    88.625 ±  0.090 %
 124      45.4159 ±    0.5151       0.02139 ±    0.00174       0.06524 ±    0.00037     6.026 ±  0.044 %    88.635 ±  0.089 %
 125      45.4071 ±    0.5132       0.02125 ±    0.00174       0.06522 ±    0.00037     6.030 ±  0.044 %    88.638 ±  0.089 %
 126      45.4758 ±    0.5120       0.02093 ±    0.00174       0.06517 ±    0.00037     6.032 ±  0.044 %    88.661 ±  0.088 %
 127      45.4293 ±    0.5093       0.02119 ±    0.00173       0.06503 ±    0.00036     6.023 ±  0.043 %    88.674 ±  0.088 %
 128      45.1910 ±    0.5044       0.02142 ±    0.00172       0.06491 ±    0.00036     6.024 ±  0.043 %    88.700 ±  0.087 %
 129      45.1343 ±    0.5016       0.02135 ±    0.00171       0.06487 ±    0.00036     6.026 ±  0.043 %    88.697 ±  0.087 %
 130      45.3062 ±    0.5021       0.02194 ±    0.00171       0.06508 ±    0.00036     6.031 ±  0.043 %    88.695 ±  0.087 %
 131      45.1879 ±    0.4987       0.02190 ±    0.00170       0.06497 ±    0.00036     6.025 ±  0.043 %    88.706 ±  0.086 %
 132      45.2216 ±    0.4973       0.02168 ±    0.00170       0.06497 ±    0.00036     6.022 ±  0.043 %    88.704 ±  0.086 %
 133      45.3559 ±    0.4970       0.02191 ±    0.00169       0.06489 ±    0.00036     6.018 ±  0.043 %    88.720 ±  0.086 %
 134      45.1512 ±    0.4925       0.02156 ±    0.00168       0.06490 ±    0.00035     6.022 ±  0.042 %    88.724 ±  0.085 %
 135      44.9690 ±    0.4885       0.02150 ±    0.00167       0.06486 ±    0.00035     6.023 ±  0.042 %    88.733 ±  0.085 %
 136      44.6205 ±    0.4829       0.02187 ±    0.00167       0.06466 ±    0.00035     6.020 ±  0.042 %    88.761 ±  0.085 %
 137      44.5475 ±    0.4804       0.02181 ±    0.00166       0.06462 ±    0.00035     6.023 ±  0.042 %    88.758 ±  0.084 %
 138      44.6862 ±    0.4803       0.02203 ±    0.00166       0.06458 ±    0.00035     6.017 ±  0.042 %    88.763 ±  0.084 %
 139      45.0013 ±    0.4823       0.02165 ±    0.00165       0.06461 ±    0.00035     6.008 ±  0.042 %    88.764 ±  0.084 %
 140      44.9718 ±    0.4802       0.02120 ±    0.00164       0.06465 ±    0.00035     6.013 ±  0.042 %    88.768 ±  0.083 %
 141      45.0419 ±    0.4793       0.02114 ±    0.00164       0.06469 ±    0.00035     6.013 ±  0.041 %    88.756 ±  0.083 %
 142      45.1121 ±    0.4785       0.02103 ±    0.00163       0.06465 ±    0.00034     6.009 ±  0.041 %    88.752 ±  0.083 %
 143      45.2700 ±    0.4785       0.02086 ±    0.00162       0.06466 ±    0.00034     6.006 ±  0.041 %    88.746 ±  0.083 %
 144      45.3225 ±    0.4776       0.02079 ±    0.00162       0.06466 ±    0.00034     6.001 ±  0.041 %    88.742 ±  0.082 %

====== Perplexity statistics ======
Mean PPL(Q)                   :  45.322505 ±   0.477633
Mean PPL(base)                :  44.389851 ±   0.462582
Cor(ln(PPL(Q)), ln(PPL(base))):  98.81%
Mean ln(PPL(Q)/PPL(base))     :   0.020793 ±   0.001618
Mean PPL(Q)/PPL(base)         :   1.021011 ±   0.001652
Mean PPL(Q)-PPL(base)         :   0.932654 ±   0.073923

====== KL divergence statistics ======
Mean    KLD:   0.064663 ±   0.000341
Maximum KLD:   7.072697
99.9%   KLD:   1.487522
99.0%   KLD:   0.545523
95.0%   KLD:   0.233506
90.0%   KLD:   0.152987
Median  KLD:   0.028634
10.0%   KLD:   0.000929
 5.0%   KLD:   0.000174
 1.0%   KLD:   0.000011
 0.1%   KLD:   0.000001
Minimum KLD:  -0.000028

====== Token probability statistics ======
Mean    Δp: -0.345 ± 0.016 %
Maximum Δp: 89.139%
99.9%   Δp: 38.696%
99.0%   Δp: 18.042%
95.0%   Δp:  6.929%
90.0%   Δp:  3.080%
75.0%   Δp:  0.230%
Median  Δp: -0.000%
25.0%   Δp: -0.523%
10.0%   Δp: -4.345%
 5.0%   Δp: -8.755%
 1.0%   Δp: -21.497%
 0.1%   Δp: -45.851%
Minimum Δp: -97.283%
RMS Δp    :  6.001 ± 0.041 %
Same top p: 88.742 ± 0.082 %

------------------------------
llama-perplexity --kl-divergence-base /tmp/logits.dat --ctx-size 2048 -f sample-data/wiki.test.raw -hf unsloth/gemma-4-E2B-it-qat-GGUF:UD-Q4_K_XL -fa on -ngl 99 -ctk q8_0 -ctv turbo2 --kl-divergence
0.00.479.828 I common_init_result: fitting params to device memory ...
0.00.479.832 I common_init_result: (for bugs during this step try to reproduce them with -fit off, or provide --verbose logs if the bug only occurs with -fit on)
0.02.864.706 W load: control-looking token:    212 '</s>' was not control-type; this is probably a bug in the model. its type will be overridden
0.02.865.244 W load: control-looking token:     50 '<|tool_response>' was not control-type; this is probably a bug in the model. its type will be overridden
0.02.893.199 W load: special_eog_ids contains '<|tool_response>', removing '</s>' token from EOG list
0.03.841.582 W llama_context: n_ctx_seq (2048) < n_ctx_train (131072) -- the full capacity of the model will not be utilized
0.03.868.272 I common_init_from_params: warming up the model with an empty run - please wait ... (--no-warmup to disable)
0.03.896.519 I 
0.03.896.589 I system_info: n_threads = 16 (n_threads_batch = 16) / 32 | CUDA : ARCHS = 500,610,700,750,800,860,890,900 | USE_GRAPHS = 1 | PEER_MAX_BATCH_SIZE = 128 | CPU : SSE3 = 1 | SSSE3 = 1 | AVX = 1 | AVX2 = 1 | F16C = 1 | FMA = 1 | BMI2 = 1 | LLAMAFILE = 1 | OPENMP = 1 | REPACK = 1 | 
0.04.132.315 I kl_divergence: computing over 144 chunks, n_ctx=2048, batch_size=2048, n_seq=1
0.05.159.354 I kl_divergence: 1.03 seconds per pass - ETA 2.45 minutes

chunk             PPL               ln(PPL(Q)/PPL(base))          KL Divergence              Δp RMS            Same top p
   1      43.0348 ±    5.4631       0.00242 ±    0.02655       0.15407 ±    0.00902     9.295 ±  0.536 %    83.284 ±  1.167 %
   2      55.4819 ±    4.8824       0.00391 ±    0.01877       0.16267 ±    0.00570     9.367 ±  0.435 %    80.352 ±  0.879 %
   3      58.2775 ±    4.1961      -0.00301 ±    0.01562       0.16646 ±    0.00470     9.339 ±  0.360 %    80.710 ±  0.712 %
   4      54.0988 ±    3.3477      -0.01650 ±    0.01363       0.17051 ±    0.00429     9.735 ±  0.332 %    80.547 ±  0.619 %
   5      51.2429 ±    2.8696      -0.00707 ±    0.01216       0.17656 ±    0.00393     9.919 ±  0.289 %    80.235 ±  0.557 %
   6      40.4800 ±    2.0128       0.00054 ±    0.01094       0.17799 ±    0.00367    10.362 ±  0.263 %    80.059 ±  0.510 %
   7      35.0306 ±    1.5803       0.00751 ±    0.01021       0.17975 ±    0.00353    10.814 ±  0.244 %    80.366 ±  0.469 %
   8      34.1882 ±    1.4351       0.00348 ±    0.00964       0.18109 ±    0.00341    10.926 ±  0.231 %    80.401 ±  0.439 %
   9      35.0699 ±    1.3800       0.00083 ±    0.00898       0.18021 ±    0.00315    10.769 ±  0.218 %    80.211 ±  0.415 %
  10      36.7366 ±    1.3935       0.00262 ±    0.00864       0.17981 ±    0.00296    10.747 ±  0.208 %    80.283 ±  0.393 %
  11      37.5282 ±    1.3600       0.00178 ±    0.00822       0.17878 ±    0.00281    10.678 ±  0.199 %    80.316 ±  0.375 %
  12      40.1687 ±    1.4019      -0.00722 ±    0.00791       0.17985 ±    0.00267    10.615 ±  0.189 %    80.515 ±  0.358 %
  13      39.6349 ±    1.3271      -0.00870 ±    0.00751       0.17614 ±    0.00251    10.482 ±  0.180 %    80.826 ±  0.341 %
  14      40.4261 ±    1.3086      -0.00530 ±    0.00721       0.17410 ±    0.00238    10.471 ±  0.174 %    80.987 ±  0.328 %
  15      40.0545 ±    1.2514      -0.00546 ±    0.00694       0.17324 ±    0.00229    10.487 ±  0.169 %    81.082 ±  0.316 %
  16      41.9349 ±    1.2712      -0.00711 ±    0.00674       0.17296 ±    0.00220    10.417 ±  0.162 %    81.122 ±  0.306 %
  17      42.0288 ±    1.2356      -0.00870 ±    0.00647       0.17037 ±    0.00210    10.350 ±  0.157 %    81.329 ±  0.295 %
  18      42.3203 ±    1.2058      -0.00711 ±    0.00626       0.17029 ±    0.00206    10.328 ±  0.152 %    81.340 ±  0.287 %
  19      41.4824 ±    1.1515      -0.00568 ±    0.00606       0.16866 ±    0.00200    10.277 ±  0.148 %    81.520 ±  0.278 %
  20      41.0571 ±    1.1192       0.00691 ±    0.00616       0.16856 ±    0.00199    10.354 ±  0.145 %    81.564 ±  0.271 %
  21      41.1974 ±    1.0952       0.00401 ±    0.00600       0.16981 ±    0.00195    10.363 ±  0.142 %    81.460 ±  0.265 %
  22      41.6075 ±    1.0835       0.00550 ±    0.00590       0.17021 ±    0.00190    10.310 ±  0.138 %    81.405 ±  0.259 %
  23      41.9698 ±    1.0703       0.00717 ±    0.00576       0.17023 ±    0.00184    10.280 ±  0.135 %    81.440 ±  0.253 %
  24      42.1843 ±    1.0543       0.00413 ±    0.00563       0.16962 ±    0.00179    10.204 ±  0.131 %    81.484 ±  0.248 %
  25      42.6525 ±    1.0455       0.00196 ±    0.00551       0.16976 ±    0.00174    10.132 ±  0.128 %    81.439 ±  0.243 %
  26      42.9078 ±    1.0335       0.00105 ±    0.00541       0.17049 ±    0.00171    10.128 ±  0.125 %    81.375 ±  0.239 %
  27      44.3587 ±    1.0509      -0.00050 ±    0.00531       0.17115 ±    0.00167    10.093 ±  0.123 %    81.308 ±  0.235 %
  28      44.1981 ±    1.0284       0.00185 ±    0.00522       0.17135 ±    0.00165    10.087 ±  0.121 %    81.277 ±  0.230 %
  29      44.2069 ±    1.0103       0.00052 ±    0.00513       0.17175 ±    0.00162    10.081 ±  0.119 %    81.232 ±  0.227 %
  30      44.2478 ±    0.9951       0.00051 ±    0.00506       0.17145 ±    0.00159    10.020 ±  0.117 %    81.225 ±  0.223 %
  31      43.8898 ±    0.9709      -0.00018 ±    0.00497       0.17133 ±    0.00156    10.021 ±  0.115 %    81.244 ±  0.219 %
  32      43.0749 ±    0.9373       0.00154 ±    0.00488       0.17075 ±    0.00153    10.002 ±  0.113 %    81.320 ±  0.215 %
  33      42.7873 ±    0.9170       0.00093 ±    0.00481       0.17068 ±    0.00151     9.966 ±  0.111 %    81.356 ±  0.212 %
  34      42.2691 ±    0.8916      -0.00106 ±    0.00473       0.16990 ±    0.00148     9.907 ±  0.109 %    81.407 ±  0.209 %
  35      42.3178 ±    0.8786      -0.00001 ±    0.00466       0.17012 ±    0.00146     9.900 ±  0.107 %    81.377 ±  0.206 %
  36      41.7477 ±    0.8546       0.00207 ±    0.00458       0.16871 ±    0.00143     9.866 ±  0.105 %    81.511 ±  0.202 %
  37      40.7009 ±    0.8207       0.00256 ±    0.00451       0.16774 ±    0.00141     9.873 ±  0.104 %    81.633 ±  0.199 %
  38      40.2371 ±    0.7991       0.00291 ±    0.00445       0.16754 ±    0.00139     9.917 ±  0.103 %    81.615 ±  0.196 %
  39      39.4764 ±    0.7726       0.00254 ±    0.00438       0.16693 ±    0.00137     9.920 ±  0.101 %    81.683 ±  0.194 %
  40      39.1263 ±    0.7553       0.00002 ±    0.00433       0.16728 ±    0.00136     9.942 ±  0.100 %    81.716 ±  0.191 %
  41      39.1343 ±    0.7465       0.00071 ±    0.00427       0.16729 ±    0.00134     9.974 ±  0.098 %    81.766 ±  0.189 %
  42      39.5191 ±    0.7462       0.00156 ±    0.00423       0.16726 ±    0.00132     9.955 ±  0.097 %    81.741 ±  0.186 %
  43      40.0454 ±    0.7466       0.00055 ±    0.00418       0.16801 ±    0.00130     9.925 ±  0.096 %    81.659 ±  0.185 %
  44      41.0311 ±    0.7589       0.00125 ±    0.00414       0.16828 ±    0.00129     9.889 ±  0.094 %    81.594 ±  0.183 %
  45      41.6990 ±    0.7637       0.00281 ±    0.00409       0.16841 ±    0.00127     9.852 ±  0.093 %    81.549 ±  0.181 %
  46      41.9952 ±    0.7616       0.00268 ±    0.00405       0.16835 ±    0.00125     9.822 ±  0.092 %    81.536 ±  0.179 %
  47      42.4373 ±    0.7621       0.00520 ±    0.00401       0.16840 ±    0.00123     9.814 ±  0.091 %    81.502 ±  0.177 %
  48      42.7522 ±    0.7596       0.00481 ±    0.00398       0.16905 ±    0.00122     9.821 ±  0.090 %    81.435 ±  0.175 %
  49      42.8606 ±    0.7540       0.00382 ±    0.00395       0.16943 ±    0.00121     9.823 ±  0.089 %    81.421 ±  0.174 %
  50      43.1198 ±    0.7514       0.00492 ±    0.00391       0.16945 ±    0.00120     9.810 ±  0.088 %    81.457 ±  0.172 %
  51      42.7580 ±    0.7375       0.00454 ±    0.00388       0.16963 ±    0.00119     9.825 ±  0.087 %    81.473 ±  0.170 %
  52      42.7263 ±    0.7304       0.00544 ±    0.00384       0.16940 ±    0.00118     9.807 ±  0.086 %    81.453 ±  0.169 %
  53      42.6085 ±    0.7215       0.00599 ±    0.00380       0.16887 ±    0.00116     9.826 ±  0.086 %    81.492 ±  0.167 %
  54      42.2258 ±    0.7082       0.00805 ±    0.00379       0.16875 ±    0.00116     9.832 ±  0.085 %    81.534 ±  0.165 %
  55      42.0652 ±    0.6986       0.00664 ±    0.00376       0.16875 ±    0.00115     9.826 ±  0.084 %    81.546 ±  0.164 %
  56      41.9700 ±    0.6908       0.00667 ±    0.00372       0.16878 ±    0.00115     9.856 ±  0.084 %    81.548 ±  0.162 %
  57      41.3313 ±    0.6733       0.00698 ±    0.00369       0.16836 ±    0.00113     9.876 ±  0.083 %    81.594 ±  0.160 %
  58      41.2606 ±    0.6656       0.00649 ±    0.00365       0.16820 ±    0.00112     9.872 ±  0.082 %    81.591 ±  0.159 %
  59      40.6997 ±    0.6502       0.00692 ±    0.00361       0.16810 ±    0.00111     9.896 ±  0.082 %    81.599 ±  0.158 %
  60      40.8543 ±    0.6477       0.00845 ±    0.00359       0.16790 ±    0.00110     9.894 ±  0.081 %    81.595 ±  0.156 %
  61      41.0407 ±    0.6456       0.00869 ±    0.00357       0.16816 ±    0.00110     9.887 ±  0.080 %    81.570 ±  0.155 %
  62      41.3652 ±    0.6460       0.00987 ±    0.00354       0.16827 ±    0.00109     9.869 ±  0.080 %    81.541 ±  0.154 %
  63      41.8826 ±    0.6493       0.00907 ±    0.00351       0.16839 ±    0.00108     9.837 ±  0.079 %    81.508 ±  0.153 %
  64      41.8415 ±    0.6440       0.00918 ±    0.00349       0.16855 ±    0.00107     9.862 ±  0.079 %    81.484 ±  0.152 %
  65      41.9619 ±    0.6414       0.00905 ±    0.00347       0.16854 ±    0.00106     9.860 ±  0.078 %    81.478 ±  0.151 %
  66      41.9817 ±    0.6370       0.00996 ±    0.00344       0.16895 ±    0.00106     9.893 ±  0.078 %    81.451 ±  0.150 %
  67      42.0699 ±    0.6342       0.01055 ±    0.00342       0.16900 ±    0.00105     9.907 ±  0.077 %    81.478 ±  0.148 %
  68      42.1062 ±    0.6302       0.01251 ±    0.00340       0.16942 ±    0.00105     9.936 ±  0.077 %    81.483 ±  0.147 %
  69      42.2094 ±    0.6274       0.01290 ±    0.00338       0.16952 ±    0.00104     9.941 ±  0.077 %    81.460 ±  0.146 %
  70      41.9546 ±    0.6209       0.01734 ±    0.00338       0.17007 ±    0.00104    10.017 ±  0.076 %    81.468 ±  0.145 %
  71      41.7160 ±    0.6128       0.01980 ±    0.00336       0.17034 ±    0.00103    10.034 ±  0.076 %    81.462 ±  0.144 %
  72      42.1149 ±    0.6152       0.01816 ±    0.00334       0.17114 ±    0.00103    10.045 ±  0.075 %    81.395 ±  0.143 %
  73      42.5201 ±    0.6177       0.01710 ±    0.00332       0.17139 ±    0.00102    10.027 ±  0.075 %    81.371 ±  0.142 %
  74      42.3595 ±    0.6109       0.01712 ±    0.00330       0.17112 ±    0.00101    10.038 ±  0.074 %    81.403 ±  0.141 %
  75      42.2916 ±    0.6057       0.01712 ±    0.00328       0.17119 ±    0.00102    10.025 ±  0.074 %    81.435 ±  0.140 %
  76      42.3637 ±    0.6028       0.01794 ±    0.00326       0.17132 ±    0.00101    10.012 ±  0.073 %    81.426 ±  0.139 %
  77      42.4191 ±    0.5998       0.01788 ±    0.00324       0.17120 ±    0.00100     9.999 ±  0.073 %    81.413 ±  0.139 %
  78      42.3802 ±    0.5954       0.01716 ±    0.00322       0.17114 ±    0.00099     9.985 ±  0.072 %    81.440 ±  0.138 %
  79      42.4867 ±    0.5933       0.01806 ±    0.00320       0.17123 ±    0.00099     9.974 ±  0.072 %    81.438 ±  0.137 %
  80      42.6381 ±    0.5916       0.01730 ±    0.00318       0.17128 ±    0.00098     9.956 ±  0.071 %    81.439 ±  0.136 %
  81      42.1545 ±    0.5806       0.01589 ±    0.00315       0.17086 ±    0.00097     9.949 ±  0.071 %    81.484 ±  0.135 %
  82      41.7887 ±    0.5719       0.01490 ±    0.00313       0.17084 ±    0.00097     9.966 ±  0.070 %    81.526 ±  0.134 %
  83      41.3396 ±    0.5620       0.01452 ±    0.00311       0.17067 ±    0.00096     9.978 ±  0.070 %    81.552 ±  0.133 %
  84      41.0878 ±    0.5553       0.01352 ±    0.00309       0.17042 ±    0.00096     9.996 ±  0.070 %    81.589 ±  0.132 %
  85      41.1864 ±    0.5533       0.01294 ±    0.00307       0.17040 ±    0.00095     9.998 ±  0.069 %    81.580 ±  0.131 %
  86      41.1077 ±    0.5488       0.01291 ±    0.00305       0.17025 ±    0.00094     9.989 ±  0.069 %    81.576 ±  0.131 %
  87      41.2544 ±    0.5476       0.01328 ±    0.00304       0.17053 ±    0.00094     9.993 ±  0.068 %    81.553 ±  0.130 %
  88      41.6052 ±    0.5489       0.01327 ±    0.00302       0.17078 ±    0.00093     9.970 ±  0.068 %    81.502 ±  0.129 %
  89      41.6227 ±    0.5460       0.01289 ±    0.00300       0.17066 ±    0.00092     9.960 ±  0.067 %    81.495 ±  0.129 %
  90      41.9060 ±    0.5466       0.01286 ±    0.00299       0.17129 ±    0.00092     9.966 ±  0.067 %    81.460 ±  0.128 %
  91      42.3524 ±    0.5495       0.01187 ±    0.00297       0.17167 ±    0.00091     9.943 ±  0.066 %    81.399 ±  0.128 %
  92      42.7548 ±    0.5519       0.01099 ±    0.00296       0.17213 ±    0.00091     9.937 ±  0.066 %    81.346 ±  0.127 %
  93      43.0057 ±    0.5519       0.01104 ±    0.00294       0.17280 ±    0.00091     9.940 ±  0.066 %    81.272 ±  0.126 %
  94      43.5162 ±    0.5563       0.01118 ±    0.00293       0.17275 ±    0.00090     9.915 ±  0.066 %    81.256 ±  0.126 %
  95      43.9785 ±    0.5595       0.01102 ±    0.00291       0.17285 ±    0.00089     9.900 ±  0.065 %    81.219 ±  0.125 %
  96      43.9085 ±    0.5555       0.01052 ±    0.00289       0.17289 ±    0.00089     9.901 ±  0.065 %    81.238 ±  0.125 %
  97      44.1471 ±    0.5558       0.01123 ±    0.00288       0.17280 ±    0.00089     9.892 ±  0.064 %    81.235 ±  0.124 %
  98      44.3078 ±    0.5553       0.01179 ±    0.00286       0.17283 ±    0.00088     9.887 ±  0.064 %    81.241 ±  0.123 %
  99      44.6666 ±    0.5577       0.01211 ±    0.00286       0.17301 ±    0.00088     9.889 ±  0.064 %    81.242 ±  0.123 %
 100      44.6497 ±    0.5547       0.01273 ±    0.00284       0.17301 ±    0.00087     9.896 ±  0.064 %    81.244 ±  0.122 %
 101      44.8225 ±    0.5543       0.01230 ±    0.00283       0.17298 ±    0.00087     9.895 ±  0.063 %    81.247 ±  0.121 %
 102      45.0381 ±    0.5545       0.01184 ±    0.00281       0.17295 ±    0.00086     9.886 ±  0.063 %    81.236 ±  0.121 %
 103      45.2480 ±    0.5545       0.01229 ±    0.00280       0.17314 ±    0.00086     9.885 ±  0.063 %    81.225 ±  0.120 %
 104      45.3311 ±    0.5529       0.01231 ±    0.00279       0.17295 ±    0.00086     9.877 ±  0.062 %    81.234 ±  0.120 %
 105      45.3672 ±    0.5506       0.01249 ±    0.00278       0.17317 ±    0.00085     9.883 ±  0.062 %    81.213 ±  0.119 %
 106      45.6502 ±    0.5519       0.01238 ±    0.00277       0.17345 ±    0.00085     9.885 ±  0.062 %    81.201 ±  0.119 %
 107      45.6426 ±    0.5491       0.01318 ±    0.00276       0.17331 ±    0.00085     9.888 ±  0.061 %    81.223 ±  0.118 %
 108      45.7368 ±    0.5477       0.01278 ±    0.00275       0.17313 ±    0.00085     9.880 ±  0.061 %    81.222 ±  0.117 %
 109      45.7651 ±    0.5456       0.01265 ±    0.00273       0.17309 ±    0.00084     9.891 ±  0.061 %    81.219 ±  0.117 %
 110      45.5496 ±    0.5403       0.01330 ±    0.00272       0.17288 ±    0.00084     9.898 ±  0.061 %    81.255 ±  0.116 %
 111      45.4651 ±    0.5366       0.01340 ±    0.00271       0.17263 ±    0.00083     9.890 ±  0.060 %    81.281 ±  0.116 %
 112      45.2903 ±    0.5322       0.01379 ±    0.00269       0.17240 ±    0.00083     9.892 ±  0.060 %    81.299 ±  0.115 %
 113      45.4804 ±    0.5324       0.01385 ±    0.00268       0.17259 ±    0.00082     9.893 ±  0.060 %    81.296 ±  0.115 %
 114      45.7093 ±    0.5331       0.01427 ±    0.00267       0.17259 ±    0.00082     9.895 ±  0.060 %    81.299 ±  0.114 %
 115      45.9183 ±    0.5337       0.01456 ±    0.00266       0.17261 ±    0.00082     9.895 ±  0.059 %    81.303 ±  0.114 %
 116      46.1359 ±    0.5342       0.01416 ±    0.00265       0.17279 ±    0.00081     9.885 ±  0.059 %    81.286 ±  0.113 %
 117      45.8169 ±    0.5279       0.01382 ±    0.00263       0.17271 ±    0.00081     9.893 ±  0.059 %    81.318 ±  0.113 %
 118      45.5511 ±    0.5226       0.01481 ±    0.00262       0.17224 ±    0.00081     9.893 ±  0.059 %    81.357 ±  0.112 %
 119      45.4880 ±    0.5196       0.01494 ±    0.00262       0.17226 ±    0.00080     9.896 ±  0.058 %    81.364 ±  0.112 %
 120      45.3208 ±    0.5154       0.01441 ±    0.00260       0.17190 ±    0.00080     9.886 ±  0.058 %    81.400 ±  0.111 %
 121      45.1784 ±    0.5115       0.01532 ±    0.00259       0.17192 ±    0.00080     9.903 ±  0.058 %    81.399 ±  0.111 %
 122      45.0722 ±    0.5081       0.01561 ±    0.00258       0.17209 ±    0.00080     9.910 ±  0.058 %    81.416 ±  0.110 %
 123      45.1359 ±    0.5069       0.01513 ±    0.00257       0.17223 ±    0.00080     9.901 ±  0.058 %    81.427 ±  0.110 %
 124      45.1199 ±    0.5048       0.01485 ±    0.00256       0.17230 ±    0.00080     9.898 ±  0.057 %    81.448 ±  0.109 %
 125      45.1552 ±    0.5035       0.01569 ±    0.00256       0.17242 ±    0.00080     9.905 ±  0.057 %    81.445 ±  0.109 %
 126      45.2463 ±    0.5026       0.01587 ±    0.00255       0.17247 ±    0.00079     9.901 ±  0.057 %    81.453 ±  0.108 %
 127      45.2088 ±    0.5002       0.01632 ±    0.00254       0.17225 ±    0.00079     9.895 ±  0.057 %    81.470 ±  0.108 %
 128      44.9879 ±    0.4956       0.01692 ±    0.00252       0.17194 ±    0.00078     9.898 ±  0.057 %    81.498 ±  0.107 %
 129      44.9680 ±    0.4934       0.01766 ±    0.00252       0.17186 ±    0.00078     9.891 ±  0.056 %    81.499 ±  0.107 %
 130      45.1048 ±    0.4934       0.01749 ±    0.00251       0.17193 ±    0.00078     9.893 ±  0.056 %    81.497 ±  0.106 %
 131      45.0065 ±    0.4903       0.01787 ±    0.00250       0.17175 ±    0.00077     9.891 ±  0.056 %    81.504 ±  0.106 %
 132      45.0303 ±    0.4889       0.01744 ±    0.00249       0.17179 ±    0.00077     9.891 ±  0.056 %    81.506 ±  0.106 %
 133      45.1576 ±    0.4884       0.01753 ±    0.00248       0.17183 ±    0.00077     9.886 ±  0.055 %    81.501 ±  0.105 %
 134      45.0028 ±    0.4847       0.01827 ±    0.00247       0.17205 ±    0.00077     9.895 ±  0.055 %    81.505 ±  0.105 %
 135      44.8173 ±    0.4807       0.01812 ±    0.00246       0.17197 ±    0.00076     9.901 ±  0.055 %    81.517 ±  0.104 %
 136      44.4889 ±    0.4754       0.01891 ±    0.00245       0.17153 ±    0.00076     9.902 ±  0.055 %    81.549 ±  0.104 %
 137      44.4380 ±    0.4732       0.01935 ±    0.00244       0.17154 ±    0.00076     9.914 ±  0.055 %    81.551 ±  0.104 %
 138      44.5730 ±    0.4731       0.01950 ±    0.00244       0.17140 ±    0.00075     9.906 ±  0.054 %    81.555 ±  0.103 %
 139      44.8917 ±    0.4751       0.01921 ±    0.00243       0.17164 ±    0.00075     9.894 ±  0.054 %    81.537 ±  0.103 %
 140      44.8502 ±    0.4729       0.01849 ±    0.00242       0.17180 ±    0.00075     9.895 ±  0.054 %    81.534 ±  0.103 %
 141      44.9279 ±    0.4721       0.01861 ±    0.00241       0.17196 ±    0.00075     9.890 ±  0.054 %    81.525 ±  0.102 %
 142      44.9908 ±    0.4711       0.01834 ±    0.00240       0.17194 ±    0.00075     9.889 ±  0.054 %    81.523 ±  0.102 %
 143      45.1411 ±    0.4710       0.01801 ±    0.00239       0.17221 ±    0.00074     9.886 ±  0.053 %    81.496 ±  0.102 %
 144      45.2134 ±    0.4705       0.01838 ±    0.00239       0.17225 ±    0.00074     9.883 ±  0.053 %    81.490 ±  0.101 %

====== Perplexity statistics ======
Mean PPL(Q)                   :  45.213364 ±   0.470457
Mean PPL(base)                :  44.389851 ±   0.462582
Cor(ln(PPL(Q)), ln(PPL(base))):  97.38%
Mean ln(PPL(Q)/PPL(base))     :   0.018382 ±   0.002386
Mean PPL(Q)/PPL(base)         :   1.018552 ±   0.002430
Mean PPL(Q)-PPL(base)         :   0.823513 ±   0.107175

====== KL divergence statistics ======
Mean    KLD:   0.172253 ±   0.000741
Maximum KLD:  11.564236
99.9%   KLD:   3.091862
99.0%   KLD:   1.302152
95.0%   KLD:   0.611408
90.0%   KLD:   0.412653
Median  KLD:   0.086437
10.0%   KLD:   0.003181
 5.0%   KLD:   0.000650
 1.0%   KLD:   0.000040
 0.1%   KLD:   0.000003
Minimum KLD:  -0.000013

====== Token probability statistics ======
Mean    Δp: -1.130 ± 0.026 %
Maximum Δp: 99.165%
99.9%   Δp: 55.541%
99.0%   Δp: 27.282%
95.0%   Δp: 10.711%
90.0%   Δp:  4.581%
75.0%   Δp:  0.274%
Median  Δp: -0.003%
25.0%   Δp: -1.286%
10.0%   Δp: -8.771%
 5.0%   Δp: -16.861%
 1.0%   Δp: -38.622%
 0.1%   Δp: -69.741%
Minimum Δp: -97.734%
RMS Δp    :  9.883 ± 0.053 %
Same top p: 81.490 ± 0.101 %

------------------------------
llama-perplexity --kl-divergence-base /tmp/logits.dat --ctx-size 2048 -f sample-data/wiki.test.raw -hf unsloth/gemma-4-E2B-it-qat-GGUF:UD-Q4_K_XL -fa on -ngl 99 -ctk q4_0 -ctv f16 --kl-divergence
0.00.484.490 I common_init_result: fitting params to device memory ...
0.00.484.494 I common_init_result: (for bugs during this step try to reproduce them with -fit off, or provide --verbose logs if the bug only occurs with -fit on)
0.02.916.792 W load: control-looking token:    212 '</s>' was not control-type; this is probably a bug in the model. its type will be overridden
0.02.917.337 W load: control-looking token:     50 '<|tool_response>' was not control-type; this is probably a bug in the model. its type will be overridden
0.02.945.491 W load: special_eog_ids contains '<|tool_response>', removing '</s>' token from EOG list
0.03.915.845 W llama_context: n_ctx_seq (2048) < n_ctx_train (131072) -- the full capacity of the model will not be utilized
0.03.942.613 I common_init_from_params: warming up the model with an empty run - please wait ... (--no-warmup to disable)
0.03.967.454 I 
0.03.967.526 I system_info: n_threads = 16 (n_threads_batch = 16) / 32 | CUDA : ARCHS = 500,610,700,750,800,860,890,900 | USE_GRAPHS = 1 | PEER_MAX_BATCH_SIZE = 128 | CPU : SSE3 = 1 | SSSE3 = 1 | AVX = 1 | AVX2 = 1 | F16C = 1 | FMA = 1 | BMI2 = 1 | LLAMAFILE = 1 | OPENMP = 1 | REPACK = 1 | 
0.04.198.352 I kl_divergence: computing over 144 chunks, n_ctx=2048, batch_size=2048, n_seq=1
0.07.080.168 I kl_divergence: 2.88 seconds per pass - ETA 6.90 minutes

chunk             PPL               ln(PPL(Q)/PPL(base))          KL Divergence              Δp RMS            Same top p
   1      44.7957 ±    5.7449       0.04252 ±    0.01247       0.03069 ±    0.00198     5.006 ±  0.360 %    91.691 ±  0.863 %
   2      60.6656 ±    5.4687       0.09323 ±    0.01252       0.04780 ±    0.00197     5.128 ±  0.273 %    89.198 ±  0.686 %
   3      65.0081 ±    4.8400       0.10629 ±    0.01089       0.05438 ±    0.00177     5.399 ±  0.229 %    88.530 ±  0.575 %
   4      59.7861 ±    3.8235       0.08346 ±    0.00868       0.04943 ±    0.00164     5.061 ±  0.195 %    89.541 ±  0.478 %
   5      56.1064 ±    3.2439       0.08360 ±    0.00775       0.04767 ±    0.00152     4.952 ±  0.170 %    89.814 ±  0.423 %
   6      43.5330 ±    2.2338       0.07325 ±    0.00680       0.04544 ±    0.00136     5.182 ±  0.165 %    90.111 ±  0.381 %
   7      37.1706 ±    1.7314       0.06680 ±    0.00602       0.04347 ±    0.00122     5.257 ±  0.156 %    90.337 ±  0.349 %
   8      36.2002 ±    1.5717       0.06067 ±    0.00550       0.04215 ±    0.00111     5.290 ±  0.151 %    90.543 ±  0.323 %
   9      37.1656 ±    1.5129       0.05887 ±    0.00508       0.04105 ±    0.00101     5.202 ±  0.143 %    90.605 ±  0.304 %
  10      38.8417 ±    1.5196       0.05834 ±    0.00493       0.04034 ±    0.00094     5.153 ±  0.135 %    90.704 ±  0.287 %
  11      39.8797 ±    1.4918       0.06255 ±    0.00482       0.04214 ±    0.00092     5.244 ±  0.131 %    90.527 ±  0.276 %
  12      43.0455 ±    1.5563       0.06195 ±    0.00455       0.04128 ±    0.00086     5.160 ±  0.125 %    90.665 ±  0.263 %
  13      42.3464 ±    1.4678       0.05747 ±    0.00432       0.04026 ±    0.00081     5.124 ±  0.118 %    90.766 ±  0.251 %
  14      42.8998 ±    1.4357       0.05409 ±    0.00417       0.03937 ±    0.00076     5.071 ±  0.113 %    90.965 ±  0.240 %
  15      42.4403 ±    1.3706       0.05240 ±    0.00395       0.03863 ±    0.00071     5.023 ±  0.109 %    91.111 ±  0.230 %
  16      44.3986 ±    1.3907       0.04998 ±    0.00378       0.03771 ±    0.00068     4.937 ±  0.105 %    91.263 ±  0.221 %
  17      44.5420 ±    1.3527       0.04938 ±    0.00362       0.03719 ±    0.00065     4.931 ±  0.101 %    91.358 ±  0.213 %
  18      44.7372 ±    1.3174       0.04843 ±    0.00348       0.03665 ±    0.00062     4.876 ±  0.098 %    91.360 ±  0.207 %
  19      43.7719 ±    1.2553       0.04804 ±    0.00338       0.03631 ±    0.00060     4.862 ±  0.096 %    91.470 ±  0.200 %
  20      42.9115 ±    1.2062       0.05108 ±    0.00361       0.03610 ±    0.00058     4.865 ±  0.094 %    91.549 ±  0.194 %
  21      43.1883 ±    1.1851       0.05121 ±    0.00352       0.03585 ±    0.00056     4.866 ±  0.093 %    91.575 ±  0.190 %
  22      43.5532 ±    1.1704       0.05120 ±    0.00345       0.03553 ±    0.00054     4.807 ±  0.090 %    91.549 ±  0.185 %
  23      43.8355 ±    1.1531       0.05067 ±    0.00337       0.03545 ±    0.00054     4.815 ±  0.094 %    91.474 ±  0.182 %
  24      44.2684 ±    1.1433       0.05235 ±    0.00329       0.03526 ±    0.00053     4.796 ±  0.093 %    91.516 ±  0.178 %
  25      44.8438 ±    1.1368       0.05205 ±    0.00325       0.03515 ±    0.00052     4.758 ±  0.090 %    91.539 ±  0.174 %
  26      45.2066 ±    1.1271       0.05324 ±    0.00319       0.03501 ±    0.00050     4.746 ±  0.088 %    91.526 ±  0.171 %
  27      46.9045 ±    1.1508       0.05530 ±    0.00317       0.03648 ±    0.00051     4.740 ±  0.085 %    91.423 ±  0.168 %
  28      46.6039 ±    1.1222       0.05485 ±    0.00309       0.03641 ±    0.00050     4.719 ±  0.083 %    91.464 ±  0.165 %
  29      46.6444 ±    1.1037       0.05419 ±    0.00303       0.03618 ±    0.00048     4.694 ±  0.081 %    91.509 ±  0.162 %
  30      46.6939 ±    1.0876       0.05432 ±    0.00298       0.03589 ±    0.00047     4.659 ±  0.079 %    91.535 ±  0.159 %
  31      46.3370 ±    1.0616       0.05408 ±    0.00293       0.03590 ±    0.00046     4.672 ±  0.078 %    91.492 ±  0.157 %
  32      45.3687 ±    1.0219       0.05342 ±    0.00286       0.03568 ±    0.00045     4.667 ±  0.078 %    91.517 ±  0.154 %
  33      45.0503 ±    0.9991       0.05247 ±    0.00282       0.03551 ±    0.00044     4.663 ±  0.077 %    91.564 ±  0.151 %
  34      44.5437 ±    0.9723       0.05136 ±    0.00277       0.03519 ±    0.00043     4.633 ±  0.075 %    91.611 ±  0.149 %
  35      44.5332 ±    0.9563       0.05101 ±    0.00272       0.03512 ±    0.00042     4.620 ±  0.074 %    91.641 ±  0.146 %
  36      43.8449 ±    0.9281       0.05109 ±    0.00268       0.03494 ±    0.00042     4.622 ±  0.073 %    91.656 ±  0.144 %
  37      42.7213 ±    0.8906       0.05101 ±    0.00267       0.03484 ±    0.00043     4.650 ±  0.074 %    91.704 ±  0.142 %
  38      42.2001 ±    0.8665       0.05054 ±    0.00261       0.03475 ±    0.00042     4.670 ±  0.073 %    91.712 ±  0.140 %
  39      41.4194 ±    0.8383       0.05059 ±    0.00257       0.03453 ±    0.00041     4.667 ±  0.072 %    91.744 ±  0.138 %
  40      41.1202 ±    0.8210       0.04973 ±    0.00253       0.03450 ±    0.00041     4.678 ±  0.070 %    91.725 ±  0.136 %
  41      41.0755 ±    0.8102       0.04912 ±    0.00249       0.03433 ±    0.00040     4.666 ±  0.069 %    91.748 ±  0.134 %
  42      41.5160 ±    0.8103       0.05085 ±    0.00248       0.03527 ±    0.00041     4.716 ±  0.070 %    91.672 ±  0.133 %
  43      42.1986 ±    0.8140       0.05292 ±    0.00249       0.03670 ±    0.00042     4.770 ±  0.069 %    91.477 ±  0.133 %
  44      43.2248 ±    0.8264       0.05333 ±    0.00246       0.03667 ±    0.00042     4.750 ±  0.068 %    91.440 ±  0.132 %
  45      43.8524 ±    0.8296       0.05316 ±    0.00242       0.03659 ±    0.00041     4.726 ±  0.067 %    91.389 ±  0.131 %
  46      44.1561 ±    0.8270       0.05286 ±    0.00240       0.03642 ±    0.00040     4.703 ±  0.066 %    91.400 ±  0.129 %
  47      44.5278 ±    0.8254       0.05328 ±    0.00238       0.03650 ±    0.00041     4.699 ±  0.065 %    91.350 ±  0.128 %
  48      44.8612 ±    0.8230       0.05296 ±    0.00235       0.03654 ±    0.00040     4.695 ±  0.065 %    91.320 ±  0.127 %
  49      45.0188 ±    0.8178       0.05295 ±    0.00233       0.03647 ±    0.00040     4.702 ±  0.065 %    91.344 ±  0.126 %
  50      45.2247 ±    0.8133       0.05258 ±    0.00230       0.03637 ±    0.00040     4.697 ±  0.064 %    91.361 ±  0.124 %
  51      44.9531 ±    0.8002       0.05461 ±    0.00230       0.03708 ±    0.00040     4.757 ±  0.066 %    91.323 ±  0.123 %
  52      44.8876 ±    0.7916       0.05479 ±    0.00228       0.03707 ±    0.00040     4.758 ±  0.066 %    91.304 ±  0.122 %
  53      44.6458 ±    0.7792       0.05270 ±    0.00226       0.03748 ±    0.00040     4.776 ±  0.065 %    91.276 ±  0.121 %
  54      44.1643 ±    0.7631       0.05293 ±    0.00225       0.03734 ±    0.00039     4.776 ±  0.064 %    91.309 ±  0.120 %
  55      44.0482 ±    0.7539       0.05271 ±    0.00223       0.03735 ±    0.00039     4.790 ±  0.065 %    91.321 ±  0.119 %
  56      43.9249 ±    0.7451       0.05220 ±    0.00220       0.03732 ±    0.00039     4.801 ±  0.065 %    91.330 ±  0.118 %
  57      43.2175 ±    0.7254       0.05161 ±    0.00218       0.03711 ±    0.00038     4.800 ±  0.064 %    91.370 ±  0.116 %
  58      43.1354 ±    0.7168       0.05093 ±    0.00215       0.03698 ±    0.00038     4.797 ±  0.064 %    91.379 ±  0.115 %
  59      42.5317 ±    0.7000       0.05095 ±    0.00213       0.03682 ±    0.00037     4.803 ±  0.063 %    91.428 ±  0.114 %
  60      42.6306 ±    0.6959       0.05101 ±    0.00211       0.03661 ±    0.00037     4.786 ±  0.062 %    91.474 ±  0.113 %
  61      42.8384 ±    0.6938       0.05157 ±    0.00211       0.03655 ±    0.00036     4.775 ±  0.062 %    91.478 ±  0.112 %
  62      43.1263 ±    0.6932       0.05156 ±    0.00209       0.03641 ±    0.00036     4.759 ±  0.061 %    91.521 ±  0.111 %
  63      43.7068 ±    0.6977       0.05170 ±    0.00207       0.03633 ±    0.00035     4.746 ±  0.060 %    91.519 ±  0.110 %
  64      43.6913 ±    0.6922       0.05244 ±    0.00206       0.03637 ±    0.00036     4.754 ±  0.061 %    91.526 ±  0.109 %
  65      43.7922 ±    0.6888       0.05175 ±    0.00204       0.03630 ±    0.00036     4.757 ±  0.061 %    91.533 ±  0.108 %
  66      43.7682 ±    0.6834       0.05163 ±    0.00202       0.03633 ±    0.00037     4.765 ±  0.061 %    91.550 ±  0.107 %
  67      43.7704 ±    0.6788       0.05017 ±    0.00203       0.03692 ±    0.00037     4.804 ±  0.061 %    91.499 ±  0.107 %
  68      43.7063 ±    0.6727       0.04981 ±    0.00201       0.03685 ±    0.00036     4.806 ±  0.060 %    91.514 ±  0.106 %
  69      43.8036 ±    0.6694       0.04997 ±    0.00200       0.03680 ±    0.00036     4.808 ±  0.059 %    91.514 ±  0.105 %
  70      43.3469 ±    0.6587       0.04999 ±    0.00199       0.03678 ±    0.00035     4.830 ±  0.059 %    91.519 ±  0.104 %
  71      43.0072 ±    0.6483       0.05029 ±    0.00197       0.03668 ±    0.00035     4.837 ±  0.058 %    91.536 ±  0.103 %
  72      43.4779 ±    0.6519       0.05001 ±    0.00195       0.03672 ±    0.00035     4.835 ±  0.058 %    91.519 ±  0.103 %
  73      43.9721 ±    0.6558       0.05068 ±    0.00195       0.03732 ±    0.00035     4.845 ±  0.057 %    91.473 ±  0.102 %
  74      43.8603 ±    0.6496       0.05193 ±    0.00195       0.03752 ±    0.00035     4.860 ±  0.057 %    91.465 ±  0.102 %
  75      43.7926 ±    0.6442       0.05199 ±    0.00194       0.03741 ±    0.00034     4.852 ±  0.056 %    91.480 ±  0.101 %
  76      43.8278 ±    0.6406       0.05192 ±    0.00193       0.03735 ±    0.00034     4.846 ±  0.056 %    91.501 ±  0.100 %
  77      43.8693 ±    0.6372       0.05150 ±    0.00192       0.03724 ±    0.00034     4.837 ±  0.055 %    91.498 ±  0.099 %
  78      43.8432 ±    0.6328       0.05110 ±    0.00191       0.03715 ±    0.00033     4.835 ±  0.055 %    91.526 ±  0.099 %
  79      43.9240 ±    0.6300       0.05133 ±    0.00189       0.03711 ±    0.00033     4.825 ±  0.055 %    91.525 ±  0.098 %
  80      44.1043 ±    0.6287       0.05111 ±    0.00188       0.03700 ±    0.00033     4.811 ±  0.054 %    91.536 ±  0.097 %
  81      43.6477 ±    0.6177       0.05070 ±    0.00186       0.03681 ±    0.00032     4.803 ±  0.054 %    91.574 ±  0.096 %
  82      43.3178 ±    0.6093       0.05084 ±    0.00184       0.03674 ±    0.00032     4.803 ±  0.053 %    91.597 ±  0.096 %
  83      42.8734 ±    0.5991       0.05095 ±    0.00183       0.03666 ±    0.00032     4.806 ±  0.053 %    91.622 ±  0.095 %
  84      42.6478 ±    0.5925       0.05078 ±    0.00181       0.03655 ±    0.00032     4.800 ±  0.052 %    91.667 ±  0.094 %
  85      42.8181 ±    0.5916       0.05180 ±    0.00181       0.03705 ±    0.00032     4.818 ±  0.052 %    91.613 ±  0.094 %
  86      42.7403 ±    0.5869       0.05185 ±    0.00180       0.03700 ±    0.00032     4.812 ±  0.051 %    91.614 ±  0.093 %
  87      42.8661 ±    0.5852       0.05160 ±    0.00179       0.03697 ±    0.00031     4.809 ±  0.051 %    91.609 ±  0.093 %
  88      43.2192 ±    0.5864       0.05133 ±    0.00178       0.03697 ±    0.00031     4.797 ±  0.051 %    91.591 ±  0.092 %
  89      43.2620 ±    0.5837       0.05152 ±    0.00177       0.03690 ±    0.00031     4.796 ±  0.050 %    91.599 ±  0.092 %
  90      43.5487 ±    0.5842       0.05132 ±    0.00175       0.03695 ±    0.00031     4.797 ±  0.050 %    91.580 ±  0.092 %
  91      44.0680 ±    0.5881       0.05157 ±    0.00174       0.03701 ±    0.00030     4.789 ±  0.050 %    91.570 ±  0.091 %
  92      44.5157 ±    0.5912       0.05135 ±    0.00173       0.03703 ±    0.00030     4.778 ±  0.049 %    91.572 ±  0.091 %
  93      44.7736 ±    0.5912       0.05133 ±    0.00172       0.03712 ±    0.00030     4.776 ±  0.049 %    91.554 ±  0.090 %
  94      45.3043 ±    0.5956       0.05145 ±    0.00171       0.03711 ±    0.00030     4.767 ±  0.049 %    91.547 ±  0.090 %
  95      45.7836 ±    0.5992       0.05125 ±    0.00169       0.03715 ±    0.00030     4.758 ±  0.048 %    91.532 ±  0.089 %
  96      45.7274 ±    0.5951       0.05112 ±    0.00168       0.03712 ±    0.00029     4.760 ±  0.048 %    91.545 ±  0.089 %
  97      45.9416 ±    0.5950       0.05107 ±    0.00167       0.03707 ±    0.00029     4.753 ±  0.048 %    91.551 ±  0.088 %
  98      46.0831 ±    0.5941       0.05108 ±    0.00166       0.03700 ±    0.00029     4.747 ±  0.047 %    91.553 ±  0.088 %
  99      46.4536 ±    0.5966       0.05134 ±    0.00166       0.03692 ±    0.00029     4.742 ±  0.047 %    91.557 ±  0.087 %
 100      46.4115 ±    0.5930       0.05143 ±    0.00165       0.03695 ±    0.00029     4.744 ±  0.047 %    91.560 ±  0.087 %
 101      46.6208 ±    0.5932       0.05164 ±    0.00165       0.03693 ±    0.00029     4.745 ±  0.047 %    91.556 ±  0.087 %
 102      46.8579 ±    0.5935       0.05145 ±    0.00164       0.03692 ±    0.00029     4.734 ±  0.046 %    91.555 ±  0.086 %
 103      47.0581 ±    0.5932       0.05152 ±    0.00163       0.03697 ±    0.00030     4.741 ±  0.047 %    91.549 ±  0.086 %
 104      47.1615 ±    0.5917       0.05190 ±    0.00163       0.03687 ±    0.00029     4.734 ±  0.046 %    91.560 ±  0.085 %
 105      47.1970 ±    0.5893       0.05203 ±    0.00162       0.03691 ±    0.00029     4.740 ±  0.047 %    91.538 ±  0.085 %
 106      47.4938 ±    0.5906       0.05197 ±    0.00161       0.03684 ±    0.00029     4.732 ±  0.046 %    91.541 ±  0.085 %
 107      47.4442 ±    0.5869       0.05189 ±    0.00161       0.03678 ±    0.00029     4.729 ±  0.046 %    91.548 ±  0.084 %
 108      47.5504 ±    0.5856       0.05167 ±    0.00160       0.03672 ±    0.00029     4.722 ±  0.046 %    91.544 ±  0.084 %
 109      47.5763 ±    0.5833       0.05146 ±    0.00160       0.03702 ±    0.00029     4.739 ±  0.046 %    91.511 ±  0.083 %
 110      47.3356 ±    0.5774       0.05176 ±    0.00159       0.03695 ±    0.00028     4.742 ±  0.045 %    91.536 ±  0.083 %
 111      47.2468 ±    0.5735       0.05184 ±    0.00158       0.03687 ±    0.00028     4.741 ±  0.045 %    91.552 ±  0.083 %
 112      47.0438 ±    0.5684       0.05178 ±    0.00157       0.03678 ±    0.00028     4.735 ±  0.045 %    91.565 ±  0.082 %
 113      47.2316 ±    0.5686       0.05163 ±    0.00156       0.03674 ±    0.00028     4.729 ±  0.045 %    91.562 ±  0.082 %
 114      47.4493 ±    0.5690       0.05163 ±    0.00156       0.03670 ±    0.00028     4.726 ±  0.044 %    91.574 ±  0.081 %
 115      47.6488 ±    0.5693       0.05156 ±    0.00155       0.03668 ±    0.00028     4.721 ±  0.044 %    91.578 ±  0.081 %
 116      47.9039 ±    0.5703       0.05177 ±    0.00155       0.03706 ±    0.00028     4.733 ±  0.044 %    91.541 ±  0.081 %
 117      47.5739 ±    0.5635       0.05145 ±    0.00154       0.03701 ±    0.00028     4.733 ±  0.044 %    91.561 ±  0.080 %
 118      47.2713 ±    0.5575       0.05187 ±    0.00154       0.03689 ±    0.00027     4.730 ±  0.043 %    91.587 ±  0.080 %
 119      47.2006 ±    0.5541       0.05189 ±    0.00153       0.03682 ±    0.00027     4.728 ±  0.043 %    91.602 ±  0.079 %
 120      47.0445 ±    0.5498       0.05174 ±    0.00152       0.03672 ±    0.00027     4.724 ±  0.043 %    91.623 ±  0.079 %
 121      46.8632 ±    0.5453       0.05193 ±    0.00152       0.03668 ±    0.00027     4.726 ±  0.043 %    91.639 ±  0.079 %
 122      46.7220 ±    0.5411       0.05155 ±    0.00151       0.03663 ±    0.00027     4.725 ±  0.043 %    91.665 ±  0.078 %
 123      46.8094 ±    0.5402       0.05153 ±    0.00150       0.03654 ±    0.00027     4.720 ±  0.043 %    91.674 ±  0.078 %
 124      46.7987 ±    0.5381       0.05138 ±    0.00150       0.03652 ±    0.00027     4.716 ±  0.042 %    91.687 ±  0.078 %
 125      46.8284 ±    0.5366       0.05207 ±    0.00150       0.03652 ±    0.00027     4.721 ±  0.042 %    91.686 ±  0.077 %
 126      46.9217 ±    0.5357       0.05223 ±    0.00149       0.03648 ±    0.00026     4.723 ±  0.042 %    91.687 ±  0.077 %
 127      46.8823 ±    0.5329       0.05267 ±    0.00149       0.03645 ±    0.00026     4.726 ±  0.042 %    91.691 ±  0.077 %
 128      46.6258 ±    0.5277       0.05268 ±    0.00148       0.03636 ±    0.00026     4.724 ±  0.042 %    91.702 ±  0.076 %
 129      46.5667 ±    0.5248       0.05260 ±    0.00147       0.03635 ±    0.00026     4.734 ±  0.042 %    91.698 ±  0.076 %
 130      46.7696 ±    0.5256       0.05373 ±    0.00148       0.03660 ±    0.00026     4.736 ±  0.042 %    91.680 ±  0.076 %
 131      46.6505 ±    0.5221       0.05375 ±    0.00147       0.03652 ±    0.00026     4.733 ±  0.042 %    91.698 ±  0.075 %
 132      46.6892 ±    0.5207       0.05362 ±    0.00146       0.03651 ±    0.00026     4.729 ±  0.042 %    91.695 ±  0.075 %
 133      46.8124 ±    0.5201       0.05352 ±    0.00146       0.03647 ±    0.00026     4.728 ±  0.042 %    91.693 ±  0.075 %
 134      46.6152 ±    0.5156       0.05347 ±    0.00145       0.03644 ±    0.00026     4.729 ±  0.041 %    91.699 ±  0.075 %
 135      46.4257 ±    0.5114       0.05338 ±    0.00144       0.03640 ±    0.00026     4.730 ±  0.041 %    91.705 ±  0.074 %
 136      46.0503 ±    0.5054       0.05341 ±    0.00144       0.03629 ±    0.00026     4.726 ±  0.041 %    91.723 ±  0.074 %
 137      45.9734 ±    0.5026       0.05332 ±    0.00143       0.03629 ±    0.00026     4.730 ±  0.041 %    91.715 ±  0.074 %
 138      46.1115 ±    0.5025       0.05343 ±    0.00143       0.03621 ±    0.00025     4.725 ±  0.041 %    91.714 ±  0.073 %
 139      46.4550 ±    0.5048       0.05344 ±    0.00142       0.03619 ±    0.00025     4.718 ±  0.040 %    91.715 ±  0.073 %
 140      46.4430 ±    0.5028       0.05339 ±    0.00142       0.03617 ±    0.00025     4.716 ±  0.040 %    91.713 ±  0.073 %
 141      46.5125 ±    0.5018       0.05327 ±    0.00141       0.03615 ±    0.00025     4.714 ±  0.040 %    91.710 ±  0.073 %
 142      46.5852 ±    0.5010       0.05317 ±    0.00141       0.03614 ±    0.00025     4.711 ±  0.040 %    91.701 ±  0.072 %
 143      46.7557 ±    0.5011       0.05315 ±    0.00140       0.03612 ±    0.00025     4.708 ±  0.040 %    91.701 ±  0.072 %
 144      46.8132 ±    0.5002       0.05315 ±    0.00139       0.03608 ±    0.00025     4.702 ±  0.040 %    91.701 ±  0.072 %

====== Perplexity statistics ======
Mean PPL(Q)                   :  46.813157 ±   0.500247
Mean PPL(base)                :  44.389851 ±   0.462582
Cor(ln(PPL(Q)), ln(PPL(base))):  99.16%
Mean ln(PPL(Q)/PPL(base))     :   0.053153 ±   0.001394
Mean PPL(Q)/PPL(base)         :   1.054591 ±   0.001470
Mean PPL(Q)-PPL(base)         :   2.423307 ±   0.072861

====== KL divergence statistics ======
Mean    KLD:   0.036081 ±   0.000248
Maximum KLD:   6.193259
99.9%   KLD:   1.124018
99.0%   KLD:   0.344070
95.0%   KLD:   0.131531
90.0%   KLD:   0.081503
Median  KLD:   0.013913
10.0%   KLD:   0.000380
 5.0%   KLD:   0.000065
 1.0%   KLD:   0.000002
 0.1%   KLD:  -0.000002
Minimum KLD:  -0.000062

====== Token probability statistics ======
Mean    Δp: -0.334 ± 0.012 %
Maximum Δp: 90.847%
99.9%   Δp: 31.829%
99.0%   Δp: 13.328%
95.0%   Δp:  4.815%
90.0%   Δp:  2.083%
75.0%   Δp:  0.133%
Median  Δp: -0.001%
25.0%   Δp: -0.415%
10.0%   Δp: -3.289%
 5.0%   Δp: -6.641%
 1.0%   Δp: -16.553%
 0.1%   Δp: -37.750%
Minimum Δp: -98.578%
RMS Δp    :  4.702 ± 0.040 %
Same top p: 91.701 ± 0.072 %

------------------------------
llama-perplexity --kl-divergence-base /tmp/logits.dat --ctx-size 2048 -f sample-data/wiki.test.raw -hf unsloth/gemma-4-E2B-it-qat-GGUF:UD-Q4_K_XL -fa on -ngl 99 -ctk q4_0 -ctv q8_0 --kl-divergence
0.00.490.921 I common_init_result: fitting params to device memory ...
0.00.490.924 I common_init_result: (for bugs during this step try to reproduce them with -fit off, or provide --verbose logs if the bug only occurs with -fit on)
0.02.844.085 W load: control-looking token:    212 '</s>' was not control-type; this is probably a bug in the model. its type will be overridden
0.02.844.609 W load: control-looking token:     50 '<|tool_response>' was not control-type; this is probably a bug in the model. its type will be overridden
0.02.872.348 W load: special_eog_ids contains '<|tool_response>', removing '</s>' token from EOG list
0.03.825.000 W llama_context: n_ctx_seq (2048) < n_ctx_train (131072) -- the full capacity of the model will not be utilized
0.03.851.642 I common_init_from_params: warming up the model with an empty run - please wait ... (--no-warmup to disable)
0.03.875.263 I 
0.03.875.333 I system_info: n_threads = 16 (n_threads_batch = 16) / 32 | CUDA : ARCHS = 500,610,700,750,800,860,890,900 | USE_GRAPHS = 1 | PEER_MAX_BATCH_SIZE = 128 | CPU : SSE3 = 1 | SSSE3 = 1 | AVX = 1 | AVX2 = 1 | F16C = 1 | FMA = 1 | BMI2 = 1 | LLAMAFILE = 1 | OPENMP = 1 | REPACK = 1 | 
0.04.108.301 I kl_divergence: computing over 144 chunks, n_ctx=2048, batch_size=2048, n_seq=1
0.07.658.702 I kl_divergence: 3.55 seconds per pass - ETA 8.52 minutes

chunk             PPL               ln(PPL(Q)/PPL(base))          KL Divergence              Δp RMS            Same top p
   1      44.7956 ±    5.7543       0.04252 ±    0.01354       0.03514 ±    0.00317     5.390 ±  0.570 %    91.691 ±  0.863 %
   2      59.7303 ±    5.3789       0.07769 ±    0.01030       0.03650 ±    0.00201     4.802 ±  0.354 %    91.153 ±  0.628 %
   3      64.1338 ±    4.7689       0.09275 ±    0.00974       0.04693 ±    0.00176     5.224 ±  0.271 %    89.899 ±  0.544 %
   4      59.1880 ±    3.7828       0.07341 ±    0.00787       0.04380 ±    0.00159     4.852 ±  0.221 %    90.323 ±  0.462 %
   5      55.7872 ±    3.2276       0.07790 ±    0.00733       0.04309 ±    0.00147     4.798 ±  0.190 %    90.264 ±  0.415 %
   6      43.3599 ±    2.2263       0.06927 ±    0.00648       0.04260 ±    0.00137     5.323 ±  0.195 %    90.078 ±  0.382 %
   7      37.0472 ±    1.7274       0.06348 ±    0.00579       0.04155 ±    0.00126     5.490 ±  0.185 %    90.378 ±  0.348 %
   8      36.1374 ±    1.5694       0.05893 ±    0.00530       0.04064 ±    0.00115     5.494 ±  0.172 %    90.579 ±  0.323 %
   9      37.1038 ±    1.5107       0.05720 ±    0.00491       0.03982 ±    0.00106     5.428 ±  0.169 %    90.594 ±  0.304 %
  10      38.7496 ±    1.5166       0.05596 ±    0.00483       0.03952 ±    0.00100     5.375 ±  0.160 %    90.782 ±  0.286 %
  11      39.6533 ±    1.4824       0.05686 ±    0.00472       0.04156 ±    0.00097     5.474 ±  0.153 %    90.563 ±  0.276 %
  12      42.8240 ±    1.5474       0.05679 ±    0.00446       0.04079 ±    0.00091     5.354 ±  0.144 %    90.722 ±  0.262 %
  13      42.1726 ±    1.4613       0.05336 ±    0.00423       0.03971 ±    0.00085     5.303 ±  0.137 %    90.879 ±  0.250 %
  14      42.8259 ±    1.4328       0.05237 ±    0.00406       0.03890 ±    0.00080     5.267 ±  0.132 %    91.021 ±  0.239 %
  15      42.3537 ±    1.3672       0.05036 ±    0.00385       0.03814 ±    0.00076     5.223 ±  0.127 %    91.202 ±  0.229 %
  16      44.2963 ±    1.3870       0.04768 ±    0.00372       0.03765 ±    0.00074     5.157 ±  0.121 %    91.331 ±  0.220 %
  17      44.4392 ±    1.3490       0.04707 ±    0.00355       0.03705 ±    0.00070     5.117 ±  0.116 %    91.409 ±  0.212 %
  18      44.5945 ±    1.3124       0.04524 ±    0.00343       0.03660 ±    0.00067     5.047 ±  0.112 %    91.387 ±  0.207 %
  19      43.6250 ±    1.2503       0.04468 ±    0.00333       0.03605 ±    0.00064     5.000 ±  0.109 %    91.506 ±  0.200 %
  20      42.7612 ±    1.2000       0.04757 ±    0.00348       0.03568 ±    0.00062     4.982 ±  0.105 %    91.623 ±  0.194 %
  21      43.0191 ±    1.1785       0.04728 ±    0.00338       0.03535 ±    0.00060     4.933 ±  0.102 %    91.696 ±  0.188 %
  22      43.3556 ±    1.1630       0.04665 ±    0.00332       0.03497 ±    0.00057     4.869 ±  0.099 %    91.709 ±  0.184 %
  23      43.6329 ±    1.1457       0.04603 ±    0.00326       0.03479 ±    0.00056     4.873 ±  0.097 %    91.687 ±  0.180 %
  24      44.0218 ±    1.1346       0.04677 ±    0.00318       0.03457 ±    0.00054     4.837 ±  0.095 %    91.760 ±  0.175 %
  25      44.5968 ±    1.1279       0.04653 ±    0.00310       0.03446 ±    0.00053     4.814 ±  0.093 %    91.781 ±  0.172 %
  26      44.9426 ±    1.1179       0.04738 ±    0.00306       0.03437 ±    0.00051     4.794 ±  0.091 %    91.766 ±  0.169 %
  27      46.6055 ±    1.1407       0.04891 ±    0.00304       0.03582 ±    0.00052     4.786 ±  0.088 %    91.651 ±  0.166 %
  28      46.3629 ±    1.1139       0.04966 ±    0.00298       0.03585 ±    0.00051     4.773 ±  0.086 %    91.635 ±  0.164 %
  29      46.4132 ±    1.0958       0.04922 ±    0.00292       0.03566 ±    0.00049     4.746 ±  0.084 %    91.654 ±  0.161 %
  30      46.4634 ±    1.0800       0.04937 ±    0.00288       0.03533 ±    0.00048     4.714 ±  0.082 %    91.688 ±  0.158 %
  31      46.0825 ±    1.0536       0.04857 ±    0.00282       0.03531 ±    0.00047     4.708 ±  0.080 %    91.672 ±  0.155 %
  32      45.1188 ±    1.0143       0.04790 ±    0.00276       0.03517 ±    0.00046     4.696 ±  0.079 %    91.703 ±  0.152 %
  33      44.8052 ±    0.9918       0.04701 ±    0.00273       0.03511 ±    0.00045     4.690 ±  0.077 %    91.682 ±  0.150 %
  34      44.2910 ±    0.9649       0.04566 ±    0.00269       0.03486 ±    0.00044     4.661 ±  0.076 %    91.697 ±  0.148 %
  35      44.2748 ±    0.9491       0.04519 ±    0.00264       0.03480 ±    0.00043     4.644 ±  0.074 %    91.699 ±  0.146 %
  36      43.6047 ±    0.9215       0.04559 ±    0.00260       0.03462 ±    0.00043     4.642 ±  0.073 %    91.729 ±  0.144 %
  37      42.5089 ±    0.8848       0.04603 ±    0.00259       0.03455 ±    0.00044     4.676 ±  0.075 %    91.789 ±  0.141 %
  38      41.9850 ±    0.8607       0.04543 ±    0.00254       0.03438 ±    0.00043     4.670 ±  0.073 %    91.791 ±  0.139 %
  39      41.2121 ±    0.8328       0.04557 ±    0.00250       0.03414 ±    0.00042     4.667 ±  0.072 %    91.816 ±  0.137 %
  40      40.9318 ±    0.8159       0.04514 ±    0.00246       0.03415 ±    0.00042     4.691 ±  0.070 %    91.813 ±  0.136 %
  41      40.8922 ±    0.8053       0.04465 ±    0.00243       0.03398 ±    0.00041     4.677 ±  0.069 %    91.839 ±  0.134 %
  42      41.3289 ±    0.8054       0.04634 ±    0.00242       0.03489 ±    0.00041     4.732 ±  0.069 %    91.761 ±  0.133 %
  43      41.9983 ±    0.8088       0.04816 ±    0.00243       0.03635 ±    0.00043     4.788 ±  0.069 %    91.532 ±  0.133 %
  44      43.0216 ±    0.8213       0.04862 ±    0.00240       0.03635 ±    0.00042     4.772 ±  0.069 %    91.500 ±  0.131 %
  45      43.6461 ±    0.8246       0.04845 ±    0.00237       0.03628 ±    0.00041     4.749 ±  0.068 %    91.480 ±  0.130 %
  46      43.9768 ±    0.8227       0.04879 ±    0.00235       0.03612 ±    0.00041     4.724 ±  0.067 %    91.466 ±  0.129 %
  47      44.3318 ±    0.8209       0.04887 ±    0.00232       0.03611 ±    0.00041     4.711 ±  0.066 %    91.439 ±  0.128 %
  48      44.6467 ±    0.8181       0.04817 ±    0.00230       0.03608 ±    0.00040     4.695 ±  0.065 %    91.412 ±  0.126 %
  49      44.8156 ±    0.8131       0.04842 ±    0.00227       0.03596 ±    0.00039     4.687 ±  0.064 %    91.432 ±  0.125 %
  50      45.0372 ±    0.8090       0.04843 ±    0.00225       0.03588 ±    0.00039     4.671 ±  0.063 %    91.462 ±  0.124 %
  51      44.7500 ±    0.7957       0.05008 ±    0.00224       0.03658 ±    0.00039     4.727 ±  0.063 %    91.417 ±  0.123 %
  52      44.6904 ±    0.7873       0.05039 ±    0.00222       0.03658 ±    0.00039     4.724 ±  0.064 %    91.403 ±  0.122 %
  53      44.4418 ±    0.7748       0.04812 ±    0.00221       0.03702 ±    0.00039     4.755 ±  0.063 %    91.374 ±  0.121 %
  54      43.9504 ±    0.7585       0.04808 ±    0.00220       0.03687 ±    0.00039     4.753 ±  0.062 %    91.418 ±  0.119 %
  55      43.8472 ±    0.7497       0.04813 ±    0.00218       0.03681 ±    0.00039     4.758 ±  0.063 %    91.419 ±  0.118 %
  56      43.7385 ±    0.7411       0.04795 ±    0.00215       0.03677 ±    0.00038     4.754 ±  0.062 %    91.433 ±  0.117 %
  57      43.0386 ±    0.7217       0.04746 ±    0.00213       0.03659 ±    0.00038     4.766 ±  0.062 %    91.461 ±  0.116 %
  58      42.9677 ±    0.7134       0.04703 ±    0.00210       0.03643 ±    0.00037     4.757 ±  0.061 %    91.501 ±  0.114 %
  59      42.3552 ±    0.6964       0.04679 ±    0.00208       0.03627 ±    0.00037     4.767 ±  0.061 %    91.534 ±  0.113 %
  60      42.4643 ±    0.6925       0.04711 ±    0.00206       0.03609 ±    0.00036     4.749 ±  0.060 %    91.585 ±  0.112 %
  61      42.6743 ±    0.6904       0.04773 ±    0.00206       0.03606 ±    0.00036     4.746 ±  0.060 %    91.605 ±  0.111 %
  62      42.9435 ±    0.6895       0.04731 ±    0.00204       0.03597 ±    0.00036     4.731 ±  0.059 %    91.639 ±  0.110 %
  63      43.5150 ±    0.6938       0.04730 ±    0.00202       0.03586 ±    0.00035     4.714 ±  0.059 %    91.632 ±  0.109 %
  64      43.4939 ±    0.6882       0.04791 ±    0.00200       0.03582 ±    0.00035     4.719 ±  0.059 %    91.650 ±  0.108 %
  65      43.5824 ±    0.6846       0.04694 ±    0.00199       0.03576 ±    0.00034     4.716 ±  0.058 %    91.661 ±  0.107 %
  66      43.5532 ±    0.6791       0.04671 ±    0.00197       0.03584 ±    0.00035     4.722 ±  0.059 %    91.672 ±  0.106 %
  67      43.5555 ±    0.6745       0.04525 ±    0.00198       0.03649 ±    0.00035     4.769 ±  0.058 %    91.608 ±  0.106 %
  68      43.4998 ±    0.6686       0.04507 ±    0.00196       0.03644 ±    0.00035     4.778 ±  0.058 %    91.616 ±  0.105 %
  69      43.5893 ±    0.6652       0.04507 ±    0.00195       0.03639 ±    0.00035     4.781 ±  0.057 %    91.602 ±  0.104 %
  70      43.1483 ±    0.6548       0.04539 ±    0.00195       0.03636 ±    0.00034     4.805 ±  0.057 %    91.585 ±  0.104 %
  71      42.8085 ±    0.6445       0.04565 ±    0.00193       0.03623 ±    0.00034     4.817 ±  0.057 %    91.613 ±  0.103 %
  72      43.2714 ±    0.6480       0.04525 ±    0.00192       0.03629 ±    0.00034     4.815 ±  0.057 %    91.607 ±  0.102 %
  73      43.7566 ±    0.6518       0.04576 ±    0.00191       0.03689 ±    0.00034     4.823 ±  0.056 %    91.560 ±  0.102 %
  74      43.6405 ±    0.6456       0.04691 ±    0.00191       0.03711 ±    0.00034     4.843 ±  0.055 %    91.530 ±  0.101 %
  75      43.5663 ±    0.6401       0.04681 ±    0.00190       0.03711 ±    0.00034     4.848 ±  0.056 %    91.532 ±  0.101 %
  76      43.6159 ±    0.6367       0.04707 ±    0.00189       0.03707 ±    0.00034     4.844 ±  0.055 %    91.556 ±  0.100 %
  77      43.6721 ±    0.6336       0.04699 ±    0.00189       0.03697 ±    0.00034     4.836 ±  0.055 %    91.553 ±  0.099 %
  78      43.6486 ±    0.6292       0.04665 ±    0.00187       0.03685 ±    0.00033     4.832 ±  0.055 %    91.573 ±  0.098 %
  79      43.7180 ±    0.6262       0.04663 ±    0.00186       0.03677 ±    0.00033     4.820 ±  0.054 %    91.571 ±  0.098 %
  80      43.8918 ±    0.6248       0.04628 ±    0.00184       0.03668 ±    0.00033     4.807 ±  0.054 %    91.577 ±  0.097 %
  81      43.4324 ±    0.6138       0.04575 ±    0.00182       0.03650 ±    0.00032     4.800 ±  0.053 %    91.630 ±  0.096 %
  82      43.1023 ±    0.6054       0.04585 ±    0.00181       0.03640 ±    0.00032     4.798 ±  0.053 %    91.647 ±  0.096 %
  83      42.6574 ±    0.5953       0.04590 ±    0.00180       0.03636 ±    0.00032     4.800 ±  0.053 %    91.650 ±  0.095 %
  84      42.4354 ±    0.5887       0.04579 ±    0.00178       0.03627 ±    0.00032     4.796 ±  0.052 %    91.690 ±  0.094 %
  85      42.6017 ±    0.5878       0.04673 ±    0.00178       0.03677 ±    0.00032     4.807 ±  0.052 %    91.642 ±  0.094 %
  86      42.5192 ±    0.5831       0.04667 ±    0.00177       0.03671 ±    0.00031     4.804 ±  0.051 %    91.632 ±  0.093 %
  87      42.6557 ±    0.5815       0.04668 ±    0.00176       0.03668 ±    0.00031     4.799 ±  0.051 %    91.624 ±  0.093 %
  88      43.0139 ±    0.5828       0.04656 ±    0.00174       0.03669 ±    0.00031     4.786 ±  0.050 %    91.600 ±  0.092 %
  89      43.0496 ±    0.5800       0.04660 ±    0.00173       0.03660 ±    0.00031     4.781 ±  0.050 %    91.614 ±  0.092 %
  90      43.3356 ±    0.5805       0.04641 ±    0.00172       0.03664 ±    0.00030     4.777 ±  0.050 %    91.604 ±  0.091 %
  91      43.8477 ±    0.5843       0.04656 ±    0.00171       0.03671 ±    0.00030     4.766 ±  0.049 %    91.576 ±  0.091 %
  92      44.2850 ±    0.5873       0.04616 ±    0.00170       0.03674 ±    0.00030     4.758 ±  0.049 %    91.566 ±  0.091 %
  93      44.5376 ±    0.5872       0.04604 ±    0.00169       0.03685 ±    0.00030     4.757 ±  0.049 %    91.534 ±  0.090 %
  94      45.0588 ±    0.5915       0.04602 ±    0.00168       0.03685 ±    0.00030     4.748 ±  0.048 %    91.523 ±  0.090 %
  95      45.5407 ±    0.5951       0.04593 ±    0.00167       0.03693 ±    0.00030     4.742 ±  0.048 %    91.493 ±  0.089 %
  96      45.4792 ±    0.5910       0.04567 ±    0.00165       0.03687 ±    0.00029     4.740 ±  0.048 %    91.507 ±  0.089 %
  97      45.6900 ±    0.5909       0.04558 ±    0.00164       0.03680 ±    0.00029     4.732 ±  0.047 %    91.514 ±  0.088 %
  98      45.8393 ±    0.5901       0.04578 ±    0.00163       0.03671 ±    0.00029     4.726 ±  0.047 %    91.526 ±  0.088 %
  99      46.1982 ±    0.5924       0.04582 ±    0.00163       0.03665 ±    0.00029     4.718 ±  0.047 %    91.535 ±  0.087 %
 100      46.1581 ±    0.5889       0.04595 ±    0.00163       0.03667 ±    0.00029     4.713 ±  0.046 %    91.545 ±  0.087 %
 101      46.3664 ±    0.5890       0.04616 ±    0.00162       0.03665 ±    0.00029     4.712 ±  0.046 %    91.543 ±  0.087 %
 102      46.6068 ±    0.5894       0.04607 ±    0.00161       0.03666 ±    0.00029     4.704 ±  0.046 %    91.531 ±  0.086 %
 103      46.8106 ±    0.5891       0.04624 ±    0.00161       0.03668 ±    0.00029     4.708 ±  0.046 %    91.528 ±  0.086 %
 104      46.9117 ±    0.5876       0.04659 ±    0.00160       0.03661 ±    0.00029     4.704 ±  0.046 %    91.539 ±  0.085 %
 105      46.9420 ±    0.5851       0.04661 ±    0.00160       0.03666 ±    0.00030     4.707 ±  0.046 %    91.530 ±  0.085 %
 106      47.2332 ±    0.5864       0.04647 ±    0.00159       0.03656 ±    0.00029     4.698 ±  0.046 %    91.533 ±  0.085 %
 107      47.1884 ±    0.5829       0.04649 ±    0.00158       0.03649 ±    0.00029     4.694 ±  0.045 %    91.539 ±  0.084 %
 108      47.2982 ±    0.5816       0.04635 ±    0.00157       0.03642 ±    0.00029     4.686 ±  0.045 %    91.537 ±  0.084 %
 109      47.3316 ±    0.5795       0.04631 ±    0.00157       0.03673 ±    0.00029     4.700 ±  0.045 %    91.505 ±  0.083 %
 110      47.0937 ±    0.5736       0.04664 ±    0.00156       0.03668 ±    0.00029     4.709 ±  0.045 %    91.528 ±  0.083 %
 111      47.0061 ±    0.5697       0.04673 ±    0.00156       0.03660 ±    0.00028     4.708 ±  0.045 %    91.548 ±  0.083 %
 112      46.8073 ±    0.5647       0.04674 ±    0.00155       0.03651 ±    0.00028     4.700 ±  0.044 %    91.563 ±  0.082 %
 113      46.9979 ±    0.5649       0.04667 ±    0.00154       0.03647 ±    0.00028     4.698 ±  0.044 %    91.567 ±  0.082 %
 114      47.2147 ±    0.5653       0.04667 ±    0.00153       0.03645 ±    0.00028     4.694 ±  0.044 %    91.574 ±  0.081 %
 115      47.4152 ±    0.5657       0.04664 ±    0.00153       0.03639 ±    0.00028     4.690 ±  0.043 %    91.587 ±  0.081 %
 116      47.6726 ±    0.5667       0.04693 ±    0.00153       0.03673 ±    0.00028     4.695 ±  0.043 %    91.544 ±  0.081 %
 117      47.3462 ±    0.5600       0.04665 ±    0.00152       0.03666 ±    0.00028     4.700 ±  0.043 %    91.563 ±  0.080 %
 118      47.0355 ±    0.5539       0.04688 ±    0.00152       0.03653 ±    0.00027     4.696 ±  0.043 %    91.588 ±  0.080 %
 119      46.9654 ±    0.5505       0.04690 ±    0.00151       0.03648 ±    0.00027     4.701 ±  0.043 %    91.606 ±  0.079 %
 120      46.8061 ±    0.5462       0.04666 ±    0.00150       0.03636 ±    0.00027     4.695 ±  0.043 %    91.628 ±  0.079 %
 121      46.6249 ±    0.5417       0.04683 ±    0.00149       0.03633 ±    0.00027     4.696 ±  0.043 %    91.640 ±  0.079 %
 122      46.5228 ±    0.5380       0.04728 ±    0.00149       0.03656 ±    0.00027     4.710 ±  0.042 %    91.638 ±  0.078 %
 123      46.6157 ±    0.5371       0.04739 ±    0.00148       0.03647 ±    0.00027     4.704 ±  0.042 %    91.639 ±  0.078 %
 124      46.6099 ±    0.5351       0.04734 ±    0.00147       0.03642 ±    0.00027     4.698 ±  0.042 %    91.656 ±  0.078 %
 125      46.6364 ±    0.5337       0.04797 ±    0.00148       0.03641 ±    0.00026     4.700 ±  0.042 %    91.658 ±  0.077 %
 126      46.7278 ±    0.5327       0.04809 ±    0.00147       0.03635 ±    0.00026     4.697 ±  0.041 %    91.669 ±  0.077 %
 127      46.6723 ±    0.5298       0.04818 ±    0.00147       0.03629 ±    0.00026     4.693 ±  0.041 %    91.677 ±  0.077 %
 128      46.4111 ±    0.5245       0.04807 ±    0.00146       0.03620 ±    0.00026     4.696 ±  0.041 %    91.687 ±  0.076 %
 129      46.3534 ±    0.5216       0.04801 ±    0.00145       0.03619 ±    0.00026     4.707 ±  0.041 %    91.683 ±  0.076 %
 130      46.5487 ±    0.5223       0.04900 ±    0.00145       0.03642 ±    0.00026     4.714 ±  0.041 %    91.664 ±  0.076 %
 131      46.4359 ±    0.5189       0.04914 ±    0.00145       0.03638 ±    0.00026     4.714 ±  0.041 %    91.676 ±  0.075 %
 132      46.4781 ±    0.5176       0.04909 ±    0.00144       0.03638 ±    0.00026     4.711 ±  0.041 %    91.679 ±  0.075 %
 133      46.5960 ±    0.5169       0.04889 ±    0.00144       0.03635 ±    0.00026     4.713 ±  0.041 %    91.684 ±  0.075 %
 134      46.3926 ±    0.5123       0.04868 ±    0.00143       0.03630 ±    0.00026     4.712 ±  0.040 %    91.693 ±  0.075 %
 135      46.2069 ±    0.5082       0.04865 ±    0.00142       0.03624 ±    0.00026     4.710 ±  0.040 %    91.701 ±  0.074 %
 136      45.8411 ±    0.5023       0.04886 ±    0.00142       0.03614 ±    0.00026     4.706 ±  0.040 %    91.713 ±  0.074 %
 137      45.7626 ±    0.4996       0.04872 ±    0.00141       0.03612 ±    0.00026     4.705 ±  0.040 %    91.707 ±  0.074 %
 138      45.8990 ±    0.4995       0.04881 ±    0.00141       0.03603 ±    0.00025     4.700 ±  0.040 %    91.713 ±  0.073 %
 139      46.2342 ±    0.5017       0.04868 ±    0.00140       0.03601 ±    0.00025     4.693 ±  0.040 %    91.716 ±  0.073 %
 140      46.2214 ±    0.4997       0.04860 ±    0.00139       0.03599 ±    0.00025     4.691 ±  0.039 %    91.717 ±  0.073 %
 141      46.2912 ±    0.4987       0.04850 ±    0.00139       0.03593 ±    0.00025     4.684 ±  0.039 %    91.716 ±  0.073 %
 142      46.3616 ±    0.4978       0.04835 ±    0.00138       0.03590 ±    0.00025     4.679 ±  0.039 %    91.714 ±  0.072 %
 143      46.5364 ±    0.4980       0.04845 ±    0.00138       0.03589 ±    0.00025     4.677 ±  0.039 %    91.701 ±  0.072 %
 144      46.5941 ±    0.4972       0.04846 ±    0.00137       0.03585 ±    0.00025     4.672 ±  0.039 %    91.696 ±  0.072 %

====== Perplexity statistics ======
Mean PPL(Q)                   :  46.594126 ±   0.497151
Mean PPL(base)                :  44.389851 ±   0.462582
Cor(ln(PPL(Q)), ln(PPL(base))):  99.18%
Mean ln(PPL(Q)/PPL(base))     :   0.048464 ±   0.001372
Mean PPL(Q)/PPL(base)         :   1.049657 ±   0.001440
Mean PPL(Q)-PPL(base)         :   2.204275 ±   0.070427

====== KL divergence statistics ======
Mean    KLD:   0.035850 ±   0.000246
Maximum KLD:   6.512780
99.9%   KLD:   1.078629
99.0%   KLD:   0.338868
95.0%   KLD:   0.130356
90.0%   KLD:   0.081276
Median  KLD:   0.013814
10.0%   KLD:   0.000385
 5.0%   KLD:   0.000067
 1.0%   KLD:   0.000003
 0.1%   KLD:  -0.000002
Minimum KLD:  -0.000118

====== Token probability statistics ======
Mean    Δp: -0.315 ± 0.012 %
Maximum Δp: 86.630%
99.9%   Δp: 30.788%
99.0%   Δp: 13.381%
95.0%   Δp:  4.857%
90.0%   Δp:  2.092%
75.0%   Δp:  0.133%
Median  Δp: -0.001%
25.0%   Δp: -0.408%
10.0%   Δp: -3.212%
 5.0%   Δp: -6.572%
 1.0%   Δp: -16.559%
 0.1%   Δp: -36.720%
Minimum Δp: -91.566%
RMS Δp    :  4.672 ± 0.039 %
Same top p: 91.696 ± 0.072 %

------------------------------
llama-perplexity --kl-divergence-base /tmp/logits.dat --ctx-size 2048 -f sample-data/wiki.test.raw -hf unsloth/gemma-4-E2B-it-qat-GGUF:UD-Q4_K_XL -fa on -ngl 99 -ctk q4_0 -ctv q4_0 --kl-divergence
0.00.480.290 I common_init_result: fitting params to device memory ...
0.00.480.296 I common_init_result: (for bugs during this step try to reproduce them with -fit off, or provide --verbose logs if the bug only occurs with -fit on)
0.02.889.759 W load: control-looking token:    212 '</s>' was not control-type; this is probably a bug in the model. its type will be overridden
0.02.890.283 W load: control-looking token:     50 '<|tool_response>' was not control-type; this is probably a bug in the model. its type will be overridden
0.02.917.896 W load: special_eog_ids contains '<|tool_response>', removing '</s>' token from EOG list
0.03.882.176 W llama_context: n_ctx_seq (2048) < n_ctx_train (131072) -- the full capacity of the model will not be utilized
0.03.909.181 I common_init_from_params: warming up the model with an empty run - please wait ... (--no-warmup to disable)
0.03.936.464 I 
0.03.936.536 I system_info: n_threads = 16 (n_threads_batch = 16) / 32 | CUDA : ARCHS = 500,610,700,750,800,860,890,900 | USE_GRAPHS = 1 | PEER_MAX_BATCH_SIZE = 128 | CPU : SSE3 = 1 | SSSE3 = 1 | AVX = 1 | AVX2 = 1 | F16C = 1 | FMA = 1 | BMI2 = 1 | LLAMAFILE = 1 | OPENMP = 1 | REPACK = 1 | 
0.04.158.792 I kl_divergence: computing over 144 chunks, n_ctx=2048, batch_size=2048, n_seq=1
0.05.172.193 I kl_divergence: 1.01 seconds per pass - ETA 2.42 minutes

chunk             PPL               ln(PPL(Q)/PPL(base))          KL Divergence              Δp RMS            Same top p
   1      45.4204 ±    5.8714       0.05637 ±    0.01523       0.04640 ±    0.00344     6.545 ±  0.605 %    88.954 ±  0.981 %
   2      62.1288 ±    5.6728       0.11706 ±    0.01406       0.06510 ±    0.00256     6.259 ±  0.370 %    86.559 ±  0.754 %
   3      65.9051 ±    4.9371       0.11999 ±    0.01185       0.06912 ±    0.00212     6.205 ±  0.289 %    86.543 ±  0.616 %
   4      60.5122 ±    3.8875       0.09553 ±    0.00948       0.06195 ±    0.00182     5.860 ±  0.241 %    87.708 ±  0.513 %
   5      56.5911 ±    3.2800       0.09221 ±    0.00838       0.06026 ±    0.00168     5.765 ±  0.210 %    87.859 ±  0.457 %
   6      43.7853 ±    2.2514       0.07903 ±    0.00735       0.05848 ±    0.00153     6.079 ±  0.202 %    88.123 ±  0.413 %
   7      37.3428 ±    1.7417       0.07142 ±    0.00653       0.05611 ±    0.00140     6.152 ±  0.198 %    88.633 ±  0.375 %
   8      36.3393 ±    1.5786       0.06450 ±    0.00597       0.05450 ±    0.00126     6.106 ±  0.180 %    88.954 ±  0.347 %
   9      37.3540 ±    1.5220       0.06392 ±    0.00555       0.05341 ±    0.00117     6.083 ±  0.174 %    88.813 ±  0.329 %
  10      38.9382 ±    1.5251       0.06082 ±    0.00542       0.05292 ±    0.00110     5.981 ±  0.164 %    88.974 ±  0.310 %
  11      39.9177 ±    1.4944       0.06350 ±    0.00529       0.05512 ±    0.00108     6.111 ±  0.158 %    88.821 ±  0.297 %
  12      43.6607 ±    1.5843       0.07614 ±    0.00526       0.05778 ±    0.00106     6.168 ±  0.155 %    88.742 ±  0.285 %
  13      42.9279 ±    1.4935       0.07111 ±    0.00498       0.05613 ±    0.00099     6.099 ±  0.147 %    89.007 ±  0.271 %
  14      43.6506 ±    1.4670       0.07144 ±    0.00478       0.05486 ±    0.00093     6.037 ±  0.140 %    89.268 ±  0.259 %
  15      43.1014 ±    1.3969       0.06786 ±    0.00454       0.05354 ±    0.00088     5.973 ±  0.134 %    89.397 ±  0.249 %
  16      45.0551 ±    1.4159       0.06466 ±    0.00434       0.05236 ±    0.00083     5.882 ±  0.128 %    89.620 ±  0.238 %
  17      45.1168 ±    1.3739       0.06220 ±    0.00415       0.05156 ±    0.00079     5.867 ±  0.123 %    89.615 ±  0.231 %
  18      45.2818 ±    1.3368       0.06053 ±    0.00399       0.05102 ±    0.00079     5.813 ±  0.119 %    89.698 ±  0.224 %
  19      44.2402 ±    1.2713       0.05868 ±    0.00386       0.05046 ±    0.00077     5.766 ±  0.116 %    89.818 ±  0.217 %
  20      43.3747 ±    1.2215       0.06182 ±    0.00401       0.04975 ±    0.00074     5.734 ±  0.112 %    89.936 ±  0.210 %
  21      43.6079 ±    1.1988       0.06087 ±    0.00390       0.04951 ±    0.00072     5.724 ±  0.109 %    89.927 ±  0.205 %
  22      43.9782 ±    1.1835       0.06091 ±    0.00381       0.04934 ±    0.00071     5.687 ±  0.107 %    89.838 ±  0.201 %
  23      44.3166 ±    1.1676       0.06158 ±    0.00375       0.04931 ±    0.00069     5.676 ±  0.104 %    89.825 ±  0.197 %
  24      44.6778 ±    1.1553       0.06156 ±    0.00365       0.04883 ±    0.00067     5.643 ±  0.102 %    89.826 ±  0.193 %
  25      45.2882 ±    1.1498       0.06192 ±    0.00361       0.04877 ±    0.00065     5.604 ±  0.099 %    89.861 ±  0.189 %
  26      45.6494 ±    1.1398       0.06298 ±    0.00354       0.04860 ±    0.00064     5.595 ±  0.097 %    89.868 ±  0.185 %
  27      47.4320 ±    1.1658       0.06648 ±    0.00351       0.05012 ±    0.00064     5.582 ±  0.094 %    89.747 ±  0.183 %
  28      47.1646 ±    1.1381       0.06681 ±    0.00343       0.04998 ±    0.00062     5.545 ±  0.092 %    89.761 ±  0.179 %
  29      47.2143 ±    1.1195       0.06633 ±    0.00339       0.04972 ±    0.00061     5.515 ±  0.089 %    89.773 ±  0.176 %
  30      47.2628 ±    1.1030       0.06643 ±    0.00333       0.04939 ±    0.00059     5.481 ±  0.087 %    89.840 ±  0.172 %
  31      46.8258 ±    1.0745       0.06458 ±    0.00327       0.04936 ±    0.00058     5.483 ±  0.085 %    89.869 ±  0.169 %
  32      45.8389 ±    1.0341       0.06373 ±    0.00320       0.04903 ±    0.00057     5.455 ±  0.083 %    89.987 ±  0.166 %
  33      45.6118 ±    1.0138       0.06486 ±    0.00317       0.04960 ±    0.00056     5.455 ±  0.082 %    89.911 ±  0.164 %
  34      45.1025 ±    0.9868       0.06382 ±    0.00312       0.04940 ±    0.00058     5.446 ±  0.083 %    89.966 ±  0.161 %
  35      45.0634 ±    0.9699       0.06285 ±    0.00306       0.04926 ±    0.00057     5.433 ±  0.081 %    90.001 ±  0.159 %
  36      44.3244 ±    0.9402       0.06196 ±    0.00301       0.04882 ±    0.00056     5.424 ±  0.080 %    90.078 ±  0.156 %
  37      43.2015 ±    0.9024       0.06219 ±    0.00297       0.04857 ±    0.00056     5.456 ±  0.080 %    90.143 ±  0.153 %
  38      42.7442 ±    0.8797       0.06335 ±    0.00294       0.04884 ±    0.00055     5.479 ±  0.079 %    90.117 ±  0.151 %
  39      41.9662 ±    0.8514       0.06370 ±    0.00289       0.04864 ±    0.00054     5.482 ±  0.077 %    90.150 ±  0.149 %
  40      41.6636 ±    0.8339       0.06286 ±    0.00285       0.04861 ±    0.00054     5.498 ±  0.076 %    90.139 ±  0.147 %
  41      41.6055 ±    0.8226       0.06194 ±    0.00280       0.04840 ±    0.00053     5.516 ±  0.075 %    90.172 ±  0.145 %
  42      42.0836 ±    0.8234       0.06443 ±    0.00280       0.04947 ±    0.00054     5.571 ±  0.077 %    90.083 ±  0.144 %
  43      42.7473 ±    0.8266       0.06584 ±    0.00280       0.05091 ±    0.00055     5.615 ±  0.076 %    89.897 ±  0.144 %
  44      43.7524 ±    0.8384       0.06547 ±    0.00276       0.05106 ±    0.00054     5.588 ±  0.075 %    89.874 ±  0.142 %
  45      44.3924 ±    0.8419       0.06540 ±    0.00273       0.05099 ±    0.00054     5.569 ±  0.074 %    89.879 ±  0.141 %
  46      44.7123 ±    0.8395       0.06538 ±    0.00270       0.05077 ±    0.00053     5.543 ±  0.073 %    89.887 ±  0.139 %
  47      45.0599 ±    0.8373       0.06516 ±    0.00268       0.05087 ±    0.00053     5.539 ±  0.072 %    89.875 ±  0.138 %
  48      45.4031 ±    0.8351       0.06497 ±    0.00265       0.05098 ±    0.00052     5.522 ±  0.071 %    89.826 ±  0.136 %
  49      45.5674 ±    0.8298       0.06506 ±    0.00262       0.05087 ±    0.00052     5.528 ±  0.070 %    89.854 ±  0.135 %
  50      45.7987 ±    0.8257       0.06519 ±    0.00259       0.05090 ±    0.00052     5.512 ±  0.069 %    89.849 ±  0.134 %
  51      45.5023 ±    0.8120       0.06675 ±    0.00258       0.05170 ±    0.00053     5.563 ±  0.070 %    89.830 ±  0.132 %
  52      45.4859 ±    0.8045       0.06803 ±    0.00256       0.05211 ±    0.00052     5.572 ±  0.069 %    89.785 ±  0.131 %
  53      45.3104 ±    0.7934       0.06747 ±    0.00253       0.05186 ±    0.00051     5.561 ±  0.068 %    89.793 ±  0.130 %
  54      44.8395 ±    0.7772       0.06811 ±    0.00250       0.05158 ±    0.00051     5.557 ±  0.067 %    89.839 ±  0.129 %
  55      44.7175 ±    0.7678       0.06779 ±    0.00249       0.05162 ±    0.00051     5.574 ±  0.067 %    89.848 ±  0.127 %
  56      44.5883 ±    0.7588       0.06719 ±    0.00246       0.05149 ±    0.00050     5.583 ±  0.067 %    89.858 ±  0.126 %
  57      43.8597 ±    0.7386       0.06636 ±    0.00243       0.05113 ±    0.00049     5.575 ±  0.066 %    89.925 ±  0.125 %
  58      43.7817 ±    0.7300       0.06580 ±    0.00240       0.05091 ±    0.00049     5.562 ±  0.065 %    89.959 ±  0.123 %
  59      43.1440 ±    0.7123       0.06524 ±    0.00237       0.05062 ±    0.00048     5.554 ±  0.065 %    89.995 ±  0.122 %
  60      43.2448 ±    0.7082       0.06532 ±    0.00235       0.05043 ±    0.00048     5.541 ±  0.064 %    90.023 ±  0.121 %
  61      43.4550 ±    0.7060       0.06585 ±    0.00235       0.05038 ±    0.00047     5.538 ±  0.063 %    90.018 ±  0.120 %
  62      43.7381 ±    0.7053       0.06565 ±    0.00233       0.05022 ±    0.00047     5.522 ±  0.063 %    90.045 ±  0.119 %
  63      44.3121 ±    0.7095       0.06545 ±    0.00231       0.05006 ±    0.00046     5.506 ±  0.062 %    90.037 ±  0.118 %
  64      44.2868 ±    0.7037       0.06598 ±    0.00228       0.04988 ±    0.00045     5.495 ±  0.061 %    90.052 ±  0.117 %
  65      44.4618 ±    0.7016       0.06692 ±    0.00228       0.05049 ±    0.00046     5.534 ±  0.061 %    90.016 ±  0.116 %
  66      44.4084 ±    0.6955       0.06615 ±    0.00226       0.05046 ±    0.00046     5.539 ±  0.061 %    90.053 ±  0.115 %
  67      44.4528 ±    0.6916       0.06564 ±    0.00224       0.05029 ±    0.00045     5.536 ±  0.060 %    90.085 ±  0.114 %
  68      44.4022 ±    0.6857       0.06561 ±    0.00222       0.05022 ±    0.00045     5.548 ±  0.060 %    90.103 ±  0.113 %
  69      44.4653 ±    0.6817       0.06497 ±    0.00221       0.05015 ±    0.00044     5.549 ±  0.060 %    90.089 ±  0.112 %
  70      44.0254 ±    0.6711       0.06552 ±    0.00220       0.05014 ±    0.00044     5.585 ±  0.059 %    90.092 ±  0.112 %
  71      43.7170 ±    0.6613       0.06665 ±    0.00218       0.05026 ±    0.00043     5.603 ±  0.059 %    90.101 ±  0.111 %
  72      44.1858 ±    0.6648       0.06616 ±    0.00216       0.05037 ±    0.00043     5.609 ±  0.059 %    90.071 ±  0.110 %
  73      44.6719 ±    0.6684       0.06646 ±    0.00216       0.05089 ±    0.00043     5.607 ±  0.058 %    90.025 ±  0.110 %
  74      44.5572 ±    0.6621       0.06770 ±    0.00215       0.05106 ±    0.00043     5.625 ±  0.058 %    90.003 ±  0.109 %
  75      44.4936 ±    0.6567       0.06787 ±    0.00214       0.05091 ±    0.00042     5.623 ±  0.058 %    90.023 ±  0.108 %
  76      44.5569 ±    0.6535       0.06842 ±    0.00213       0.05120 ±    0.00042     5.638 ±  0.057 %    90.009 ±  0.108 %
  77      44.5940 ±    0.6498       0.06788 ±    0.00212       0.05107 ±    0.00041     5.627 ±  0.057 %    90.006 ±  0.107 %
  78      44.5458 ±    0.6450       0.06700 ±    0.00210       0.05087 ±    0.00041     5.616 ±  0.056 %    90.038 ±  0.106 %
  79      44.5970 ±    0.6416       0.06654 ±    0.00209       0.05087 ±    0.00041     5.606 ±  0.056 %    90.027 ±  0.105 %
  80      44.7595 ±    0.6399       0.06586 ±    0.00207       0.05071 ±    0.00041     5.591 ±  0.055 %    90.045 ±  0.105 %
  81      44.2936 ±    0.6287       0.06539 ±    0.00205       0.05046 ±    0.00040     5.580 ±  0.055 %    90.092 ±  0.104 %
  82      43.9414 ±    0.6198       0.06513 ±    0.00203       0.05030 ±    0.00040     5.580 ±  0.054 %    90.121 ±  0.103 %
  83      43.4765 ±    0.6092       0.06492 ±    0.00202       0.05016 ±    0.00040     5.576 ±  0.054 %    90.159 ±  0.102 %
  84      43.2515 ±    0.6025       0.06484 ±    0.00200       0.04997 ±    0.00039     5.568 ±  0.054 %    90.207 ±  0.101 %
  85      43.4133 ±    0.6014       0.06560 ±    0.00200       0.05042 ±    0.00039     5.582 ±  0.053 %    90.162 ±  0.101 %
  86      43.3326 ±    0.5967       0.06562 ±    0.00199       0.05034 ±    0.00039     5.579 ±  0.053 %    90.165 ±  0.100 %
  87      43.4736 ±    0.5951       0.06568 ±    0.00197       0.05031 ±    0.00039     5.582 ±  0.053 %    90.164 ±  0.100 %
  88      43.8124 ±    0.5960       0.06496 ±    0.00196       0.05030 ±    0.00039     5.566 ±  0.052 %    90.154 ±  0.099 %
  89      43.8795 ±    0.5936       0.06569 ±    0.00195       0.05061 ±    0.00039     5.575 ±  0.052 %    90.119 ±  0.099 %
  90      44.1783 ±    0.5942       0.06567 ±    0.00194       0.05068 ±    0.00038     5.577 ±  0.052 %    90.115 ±  0.098 %
  91      44.7564 ±    0.5990       0.06707 ±    0.00193       0.05126 ±    0.00038     5.583 ±  0.051 %    90.056 ±  0.098 %
  92      45.2166 ±    0.6022       0.06698 ±    0.00192       0.05130 ±    0.00038     5.572 ±  0.051 %    90.045 ±  0.098 %
  93      45.4613 ±    0.6020       0.06657 ±    0.00191       0.05146 ±    0.00038     5.573 ±  0.051 %    90.010 ±  0.097 %
  94      45.9755 ±    0.6061       0.06616 ±    0.00189       0.05140 ±    0.00038     5.556 ±  0.051 %    90.013 ±  0.097 %
  95      46.4973 ±    0.6103       0.06672 ±    0.00189       0.05170 ±    0.00037     5.549 ±  0.050 %    89.954 ±  0.096 %
  96      46.4396 ±    0.6062       0.06657 ±    0.00188       0.05161 ±    0.00037     5.547 ±  0.050 %    89.962 ±  0.096 %
  97      46.6593 ±    0.6061       0.06657 ±    0.00186       0.05153 ±    0.00037     5.538 ±  0.049 %    89.967 ±  0.095 %
  98      46.7924 ±    0.6050       0.06636 ±    0.00185       0.05144 ±    0.00037     5.533 ±  0.049 %    89.972 ±  0.095 %
  99      47.1704 ±    0.6076       0.06665 ±    0.00185       0.05137 ±    0.00036     5.528 ±  0.049 %    89.975 ±  0.094 %
 100      47.1234 ±    0.6040       0.06665 ±    0.00184       0.05135 ±    0.00036     5.521 ±  0.048 %    89.977 ±  0.094 %
 101      47.3241 ±    0.6038       0.06661 ±    0.00183       0.05129 ±    0.00036     5.519 ±  0.048 %    89.964 ±  0.093 %
 102      47.5506 ±    0.6040       0.06612 ±    0.00182       0.05125 ±    0.00036     5.507 ±  0.048 %    89.966 ±  0.093 %
 103      47.7467 ±    0.6035       0.06604 ±    0.00181       0.05127 ±    0.00036     5.506 ±  0.048 %    89.955 ±  0.093 %
 104      47.8725 ±    0.6023       0.06686 ±    0.00181       0.05151 ±    0.00036     5.518 ±  0.048 %    89.933 ±  0.092 %
 105      47.9087 ±    0.5999       0.06700 ±    0.00180       0.05146 ±    0.00036     5.519 ±  0.048 %    89.921 ±  0.092 %
 106      48.1949 ±    0.6010       0.06663 ±    0.00179       0.05132 ±    0.00035     5.506 ±  0.047 %    89.924 ±  0.091 %
 107      48.1493 ±    0.5973       0.06665 ±    0.00178       0.05118 ±    0.00035     5.502 ±  0.047 %    89.942 ±  0.091 %
 108      48.2594 ±    0.5960       0.06647 ±    0.00177       0.05104 ±    0.00035     5.490 ±  0.047 %    89.952 ±  0.090 %
 109      48.2906 ±    0.5937       0.06636 ±    0.00177       0.05096 ±    0.00035     5.486 ±  0.046 %    89.960 ±  0.090 %
 110      48.0379 ±    0.5875       0.06649 ±    0.00175       0.05080 ±    0.00034     5.482 ±  0.046 %    89.989 ±  0.089 %
 111      47.9376 ±    0.5834       0.06635 ±    0.00174       0.05073 ±    0.00034     5.485 ±  0.046 %    90.006 ±  0.089 %
 112      47.7673 ±    0.5787       0.06704 ±    0.00174       0.05092 ±    0.00034     5.492 ±  0.046 %    90.008 ±  0.089 %
 113      47.9688 ±    0.5790       0.06712 ±    0.00173       0.05087 ±    0.00034     5.487 ±  0.045 %    90.009 ±  0.088 %
 114      48.1904 ±    0.5795       0.06713 ±    0.00172       0.05083 ±    0.00034     5.482 ±  0.045 %    90.017 ±  0.088 %
 115      48.3920 ±    0.5798       0.06703 ±    0.00172       0.05079 ±    0.00033     5.482 ±  0.045 %    90.026 ±  0.087 %
 116      48.6574 ±    0.5809       0.06737 ±    0.00172       0.05119 ±    0.00034     5.490 ±  0.045 %    89.992 ±  0.087 %
 117      48.3474 ±    0.5744       0.06758 ±    0.00171       0.05138 ±    0.00034     5.505 ±  0.045 %    89.992 ±  0.087 %
 118      48.0295 ±    0.5681       0.06779 ±    0.00171       0.05119 ±    0.00034     5.497 ±  0.045 %    90.016 ±  0.086 %
 119      47.9674 ±    0.5648       0.06801 ±    0.00170       0.05113 ±    0.00034     5.504 ±  0.045 %    90.028 ±  0.086 %
 120      47.8020 ±    0.5603       0.06772 ±    0.00169       0.05098 ±    0.00033     5.500 ±  0.045 %    90.046 ±  0.085 %
 121      47.6155 ±    0.5556       0.06786 ±    0.00168       0.05088 ±    0.00033     5.498 ±  0.044 %    90.054 ±  0.085 %
 122      47.5223 ±    0.5520       0.06854 ±    0.00168       0.05113 ±    0.00033     5.514 ±  0.044 %    90.041 ±  0.085 %
 123      47.6299 ±    0.5513       0.06891 ±    0.00167       0.05105 ±    0.00033     5.512 ±  0.044 %    90.052 ±  0.084 %
 124      47.6216 ±    0.5492       0.06881 ±    0.00166       0.05098 ±    0.00033     5.508 ±  0.044 %    90.065 ±  0.084 %
 125      47.6722 ±    0.5480       0.06993 ±    0.00167       0.05127 ±    0.00033     5.522 ±  0.044 %    90.040 ±  0.084 %
 126      47.7725 ±    0.5471       0.07020 ±    0.00166       0.05118 ±    0.00033     5.522 ±  0.044 %    90.055 ±  0.083 %
 127      47.7082 ±    0.5440       0.07013 ±    0.00165       0.05106 ±    0.00032     5.515 ±  0.043 %    90.062 ±  0.083 %
 128      47.4797 ±    0.5390       0.07083 ±    0.00164       0.05125 ±    0.00032     5.536 ±  0.044 %    90.048 ±  0.083 %
 129      47.4213 ±    0.5361       0.07078 ±    0.00164       0.05118 ±    0.00032     5.539 ±  0.043 %    90.041 ±  0.082 %
 130      47.6142 ±    0.5367       0.07163 ±    0.00164       0.05138 ±    0.00032     5.542 ±  0.043 %    90.017 ±  0.082 %
 131      47.4887 ±    0.5331       0.07156 ±    0.00163       0.05130 ±    0.00032     5.542 ±  0.043 %    90.039 ±  0.082 %
 132      47.5249 ±    0.5316       0.07136 ±    0.00162       0.05123 ±    0.00032     5.535 ±  0.043 %    90.036 ±  0.082 %
 133      47.6516 ±    0.5310       0.07129 ±    0.00162       0.05116 ±    0.00032     5.532 ±  0.043 %    90.037 ±  0.081 %
 134      47.4381 ±    0.5263       0.07097 ±    0.00161       0.05111 ±    0.00031     5.535 ±  0.043 %    90.045 ±  0.081 %
 135      47.2445 ±    0.5220       0.07086 ±    0.00160       0.05103 ±    0.00031     5.531 ±  0.042 %    90.055 ±  0.081 %
 136      46.8621 ±    0.5159       0.07088 ±    0.00160       0.05088 ±    0.00031     5.525 ±  0.042 %    90.083 ±  0.080 %
 137      46.7690 ±    0.5129       0.07047 ±    0.00159       0.05077 ±    0.00031     5.523 ±  0.042 %    90.077 ±  0.080 %
 138      46.9037 ±    0.5127       0.07047 ±    0.00159       0.05065 ±    0.00031     5.519 ±  0.042 %    90.080 ±  0.080 %
 139      47.2443 ±    0.5150       0.07029 ±    0.00158       0.05064 ±    0.00031     5.511 ±  0.041 %    90.090 ±  0.079 %
 140      47.2373 ±    0.5130       0.07034 ±    0.00157       0.05060 ±    0.00031     5.505 ±  0.041 %    90.094 ±  0.079 %
 141      47.3045 ±    0.5119       0.07015 ±    0.00156       0.05059 ±    0.00030     5.503 ±  0.041 %    90.099 ±  0.079 %
 142      47.3735 ±    0.5110       0.06994 ±    0.00156       0.05052 ±    0.00030     5.499 ±  0.041 %    90.100 ±  0.078 %
 143      47.5407 ±    0.5110       0.06980 ±    0.00155       0.05046 ±    0.00030     5.493 ±  0.041 %    90.100 ±  0.078 %
 144      47.6063 ±    0.5102       0.06995 ±    0.00154       0.05045 ±    0.00030     5.492 ±  0.041 %    90.098 ±  0.078 %

====== Perplexity statistics ======
Mean PPL(Q)                   :  47.606324 ±   0.510220
Mean PPL(base)                :  44.389851 ±   0.462582
Cor(ln(PPL(Q)), ln(PPL(base))):  98.97%
Mean ln(PPL(Q)/PPL(base))     :   0.069955 ±   0.001544
Mean PPL(Q)/PPL(base)         :   1.072460 ±   0.001656
Mean PPL(Q)-PPL(base)         :   3.216473 ±   0.084375

====== KL divergence statistics ======
Mean    KLD:   0.050449 ±   0.000299
Maximum KLD:   7.115597
99.9%   KLD:   1.366516
99.0%   KLD:   0.455340
95.0%   KLD:   0.187280
90.0%   KLD:   0.117736
Median  KLD:   0.020512
10.0%   KLD:   0.000580
 5.0%   KLD:   0.000099
 1.0%   KLD:   0.000004
 0.1%   KLD:  -0.000002
Minimum KLD:  -0.000089

====== Token probability statistics ======
Mean    Δp: -0.435 ± 0.014 %
Maximum Δp: 92.581%
99.9%   Δp: 35.179%
99.0%   Δp: 15.351%
95.0%   Δp:  5.779%
90.0%   Δp:  2.485%
75.0%   Δp:  0.157%
Median  Δp: -0.001%
25.0%   Δp: -0.492%
10.0%   Δp: -4.016%
 5.0%   Δp: -8.122%
 1.0%   Δp: -20.191%
 0.1%   Δp: -43.910%
Minimum Δp: -89.535%
RMS Δp    :  5.492 ± 0.041 %
Same top p: 90.098 ± 0.078 %

------------------------------
llama-perplexity --kl-divergence-base /tmp/logits.dat --ctx-size 2048 -f sample-data/wiki.test.raw -hf unsloth/gemma-4-E2B-it-qat-GGUF:UD-Q4_K_XL -fa on -ngl 99 -ctk q4_0 -ctv turbo4 --kl-divergence
0.00.468.584 I common_init_result: fitting params to device memory ...
0.00.468.587 I common_init_result: (for bugs during this step try to reproduce them with -fit off, or provide --verbose logs if the bug only occurs with -fit on)
0.02.876.875 W load: control-looking token:    212 '</s>' was not control-type; this is probably a bug in the model. its type will be overridden
0.02.877.385 W load: control-looking token:     50 '<|tool_response>' was not control-type; this is probably a bug in the model. its type will be overridden
0.02.904.537 W load: special_eog_ids contains '<|tool_response>', removing '</s>' token from EOG list
0.03.845.766 W llama_context: n_ctx_seq (2048) < n_ctx_train (131072) -- the full capacity of the model will not be utilized
0.03.872.698 I common_init_from_params: warming up the model with an empty run - please wait ... (--no-warmup to disable)
0.04.166.874 I 
0.04.166.940 I system_info: n_threads = 16 (n_threads_batch = 16) / 32 | CUDA : ARCHS = 500,610,700,750,800,860,890,900 | USE_GRAPHS = 1 | PEER_MAX_BATCH_SIZE = 128 | CPU : SSE3 = 1 | SSSE3 = 1 | AVX = 1 | AVX2 = 1 | F16C = 1 | FMA = 1 | BMI2 = 1 | LLAMAFILE = 1 | OPENMP = 1 | REPACK = 1 | 
0.04.402.409 I kl_divergence: computing over 144 chunks, n_ctx=2048, batch_size=2048, n_seq=1
0.13.159.339 I kl_divergence: 8.76 seconds per pass - ETA 21.00 minutes
--- ABORTED (ETA 21.00m > 4.0x baseline 2.42m) ---
llama-perplexity --kl-divergence-base /tmp/logits.dat --ctx-size 2048 -f sample-data/wiki.test.raw -hf unsloth/gemma-4-E2B-it-qat-GGUF:UD-Q4_K_XL -fa on -ngl 99 -ctk q4_0 -ctv turbo3 --kl-divergence
0.00.425.707 I common_init_result: fitting params to device memory ...
0.00.425.710 I common_init_result: (for bugs during this step try to reproduce them with -fit off, or provide --verbose logs if the bug only occurs with -fit on)
0.02.986.831 W load: control-looking token:    212 '</s>' was not control-type; this is probably a bug in the model. its type will be overridden
0.02.987.377 W load: control-looking token:     50 '<|tool_response>' was not control-type; this is probably a bug in the model. its type will be overridden
0.03.015.210 W load: special_eog_ids contains '<|tool_response>', removing '</s>' token from EOG list
0.03.955.293 W llama_context: n_ctx_seq (2048) < n_ctx_train (131072) -- the full capacity of the model will not be utilized
0.03.982.293 I common_init_from_params: warming up the model with an empty run - please wait ... (--no-warmup to disable)
0.04.006.416 I 
0.04.006.481 I system_info: n_threads = 16 (n_threads_batch = 16) / 32 | CUDA : ARCHS = 500,610,700,750,800,860,890,900 | USE_GRAPHS = 1 | PEER_MAX_BATCH_SIZE = 128 | CPU : SSE3 = 1 | SSSE3 = 1 | AVX = 1 | AVX2 = 1 | F16C = 1 | FMA = 1 | BMI2 = 1 | LLAMAFILE = 1 | OPENMP = 1 | REPACK = 1 | 
0.04.230.477 I kl_divergence: computing over 144 chunks, n_ctx=2048, batch_size=2048, n_seq=1
0.17.636.578 I kl_divergence: 13.41 seconds per pass - ETA 32.17 minutes
--- ABORTED (ETA 32.17m > 4.0x baseline 2.42m) ---
llama-perplexity --kl-divergence-base /tmp/logits.dat --ctx-size 2048 -f sample-data/wiki.test.raw -hf unsloth/gemma-4-E2B-it-qat-GGUF:UD-Q4_K_XL -fa on -ngl 99 -ctk q4_0 -ctv turbo2 --kl-divergence
0.00.449.053 I common_init_result: fitting params to device memory ...
0.00.449.058 I common_init_result: (for bugs during this step try to reproduce them with -fit off, or provide --verbose logs if the bug only occurs with -fit on)
0.02.837.297 W load: control-looking token:    212 '</s>' was not control-type; this is probably a bug in the model. its type will be overridden
0.02.837.816 W load: control-looking token:     50 '<|tool_response>' was not control-type; this is probably a bug in the model. its type will be overridden
0.02.865.247 W load: special_eog_ids contains '<|tool_response>', removing '</s>' token from EOG list
0.03.801.651 W llama_context: n_ctx_seq (2048) < n_ctx_train (131072) -- the full capacity of the model will not be utilized
0.03.828.477 I common_init_from_params: warming up the model with an empty run - please wait ... (--no-warmup to disable)
0.03.853.168 I 
0.03.853.233 I system_info: n_threads = 16 (n_threads_batch = 16) / 32 | CUDA : ARCHS = 500,610,700,750,800,860,890,900 | USE_GRAPHS = 1 | PEER_MAX_BATCH_SIZE = 128 | CPU : SSE3 = 1 | SSSE3 = 1 | AVX = 1 | AVX2 = 1 | F16C = 1 | FMA = 1 | BMI2 = 1 | LLAMAFILE = 1 | OPENMP = 1 | REPACK = 1 | 
0.04.076.728 I kl_divergence: computing over 144 chunks, n_ctx=2048, batch_size=2048, n_seq=1
0.12.552.524 I kl_divergence: 8.48 seconds per pass - ETA 20.33 minutes
--- ABORTED (ETA 20.33m > 4.0x baseline 2.42m) ---
llama-perplexity --kl-divergence-base /tmp/logits.dat --ctx-size 2048 -f sample-data/wiki.test.raw -hf unsloth/gemma-4-E2B-it-qat-GGUF:UD-Q4_K_XL -fa on -ngl 99 -ctk turbo4 -ctv f16 --kl-divergence
0.00.427.184 I common_init_result: fitting params to device memory ...
0.00.427.188 I common_init_result: (for bugs during this step try to reproduce them with -fit off, or provide --verbose logs if the bug only occurs with -fit on)
0.02.815.428 W load: control-looking token:    212 '</s>' was not control-type; this is probably a bug in the model. its type will be overridden
0.02.815.940 W load: control-looking token:     50 '<|tool_response>' was not control-type; this is probably a bug in the model. its type will be overridden
0.02.843.110 W load: special_eog_ids contains '<|tool_response>', removing '</s>' token from EOG list
0.03.790.346 W llama_context: n_ctx_seq (2048) < n_ctx_train (131072) -- the full capacity of the model will not be utilized
0.03.817.038 I common_init_from_params: warming up the model with an empty run - please wait ... (--no-warmup to disable)
0.03.844.700 I 
0.03.844.768 I system_info: n_threads = 16 (n_threads_batch = 16) / 32 | CUDA : ARCHS = 500,610,700,750,800,860,890,900 | USE_GRAPHS = 1 | PEER_MAX_BATCH_SIZE = 128 | CPU : SSE3 = 1 | SSSE3 = 1 | AVX = 1 | AVX2 = 1 | F16C = 1 | FMA = 1 | BMI2 = 1 | LLAMAFILE = 1 | OPENMP = 1 | REPACK = 1 | 
0.04.068.321 I kl_divergence: computing over 144 chunks, n_ctx=2048, batch_size=2048, n_seq=1
0.05.087.565 I kl_divergence: 1.02 seconds per pass - ETA 2.43 minutes

chunk             PPL               ln(PPL(Q)/PPL(base))          KL Divergence              Δp RMS            Same top p
   1      44.8238 ±    5.7159       0.04315 ±    0.01492       0.04413 ±    0.00273     5.481 ±  0.338 %    91.789 ±  0.859 %
   2      56.7568 ±    5.0445       0.02663 ±    0.01054       0.04220 ±    0.00178     4.925 ±  0.229 %    90.860 ±  0.637 %
   3      60.9353 ±    4.4642       0.04159 ±    0.01010       0.05386 ±    0.00180     5.417 ±  0.234 %    89.541 ±  0.553 %
   4      57.3915 ±    3.6249       0.04259 ±    0.00826       0.05179 ±    0.00164     5.552 ±  0.254 %    89.370 ±  0.482 %
   5      54.0905 ±    3.0996       0.04701 ±    0.00752       0.05180 ±    0.00164     5.498 ±  0.227 %    89.580 ±  0.427 %
   6      42.3217 ±    2.1519       0.04503 ±    0.00666       0.05118 ±    0.00150     5.681 ±  0.201 %    89.573 ±  0.390 %
   7      36.3359 ±    1.6782       0.04409 ±    0.00606       0.05042 ±    0.00137     5.872 ±  0.183 %    89.694 ±  0.359 %
   8      35.4810 ±    1.5265       0.04060 ±    0.00563       0.05039 ±    0.00135     5.971 ±  0.179 %    89.822 ±  0.334 %
   9      36.4064 ±    1.4687       0.03823 ±    0.00527       0.04950 ±    0.00124     5.829 ±  0.165 %    89.888 ±  0.314 %
  10      37.9440 ±    1.4717       0.03495 ±    0.00510       0.04883 ±    0.00114     5.748 ±  0.154 %    89.961 ±  0.297 %
  11      38.9207 ±    1.4433       0.03821 ±    0.00497       0.05088 ±    0.00109     5.814 ±  0.144 %    89.665 ±  0.287 %
  12      42.0807 ±    1.5086       0.03928 ±    0.00472       0.05041 ±    0.00103     5.786 ±  0.138 %    89.834 ±  0.273 %
  13      41.6029 ±    1.4305       0.03976 ±    0.00448       0.04943 ±    0.00098     5.787 ±  0.132 %    89.932 ±  0.261 %
  14      42.2418 ±    1.4023       0.03864 ±    0.00435       0.04935 ±    0.00096     5.774 ±  0.127 %    90.022 ±  0.250 %
  15      41.8525 ±    1.3411       0.03845 ±    0.00415       0.04876 ±    0.00092     5.722 ±  0.123 %    90.075 ±  0.241 %
  16      43.8098 ±    1.3617       0.03663 ±    0.00400       0.04799 ±    0.00087     5.676 ±  0.118 %    90.090 ±  0.234 %
  17      43.6871 ±    1.3146       0.03000 ±    0.00395       0.04928 ±    0.00084     5.752 ±  0.115 %    89.966 ±  0.228 %
  18      44.0675 ±    1.2874       0.03335 ±    0.00386       0.05073 ±    0.00082     5.792 ±  0.112 %    89.839 ±  0.223 %
  19      43.0777 ±    1.2250       0.03205 ±    0.00375       0.05006 ±    0.00079     5.771 ±  0.109 %    89.988 ±  0.215 %
  20      42.2249 ±    1.1763       0.03495 ±    0.00388       0.04944 ±    0.00077     5.723 ±  0.106 %    90.064 ±  0.209 %
  21      42.4666 ±    1.1552       0.03436 ±    0.00377       0.04884 ±    0.00074     5.695 ±  0.102 %    90.081 ±  0.204 %
  22      42.7846 ±    1.1394       0.03339 ±    0.00368       0.04860 ±    0.00075     5.667 ±  0.104 %    90.167 ±  0.198 %
  23      43.1187 ±    1.1245       0.03418 ±    0.00360       0.04853 ±    0.00073     5.665 ±  0.102 %    90.034 ±  0.195 %
  24      43.4493 ±    1.1120       0.03368 ±    0.00352       0.04831 ±    0.00071     5.640 ±  0.100 %    90.074 ±  0.191 %
  25      43.9583 ±    1.1040       0.03211 ±    0.00344       0.04816 ±    0.00069     5.620 ±  0.098 %    90.018 ±  0.187 %
  26      44.2759 ±    1.0933       0.03243 ±    0.00338       0.04791 ±    0.00067     5.576 ±  0.095 %    89.999 ±  0.184 %
  27      45.9384 ±    1.1166       0.03449 ±    0.00333       0.04909 ±    0.00066     5.562 ±  0.093 %    89.921 ±  0.181 %
  28      45.6494 ±    1.0889       0.03416 ±    0.00325       0.04905 ±    0.00065     5.547 ±  0.091 %    89.939 ±  0.178 %
  29      45.7111 ±    1.0716       0.03398 ±    0.00321       0.04878 ±    0.00063     5.517 ±  0.088 %    89.952 ±  0.175 %
  30      45.7063 ±    1.0543       0.03294 ±    0.00317       0.04842 ±    0.00062     5.488 ±  0.087 %    89.990 ±  0.171 %
  31      45.3298 ±    1.0284       0.03211 ±    0.00310       0.04837 ±    0.00060     5.477 ±  0.085 %    89.976 ±  0.169 %
  32      44.4238 ±    0.9912       0.03238 ±    0.00303       0.04796 ±    0.00059     5.455 ±  0.084 %    90.038 ±  0.166 %
  33      44.1781 ±    0.9712       0.03292 ±    0.00299       0.04771 ±    0.00057     5.428 ±  0.082 %    90.015 ±  0.163 %
  34      43.7164 ±    0.9461       0.03261 ±    0.00294       0.04743 ±    0.00056     5.407 ±  0.081 %    90.044 ±  0.161 %
  35      43.7286 ±    0.9310       0.03278 ±    0.00288       0.04726 ±    0.00055     5.390 ±  0.079 %    90.057 ±  0.158 %
  36      43.0601 ±    0.9036       0.03303 ±    0.00284       0.04704 ±    0.00054     5.394 ±  0.078 %    90.108 ±  0.156 %
  37      41.9868 ±    0.8675       0.03367 ±    0.00280       0.04673 ±    0.00053     5.413 ±  0.078 %    90.159 ±  0.153 %
  38      41.4892 ±    0.8443       0.03355 ±    0.00275       0.04641 ±    0.00052     5.409 ±  0.076 %    90.199 ±  0.151 %
  39      40.7291 ±    0.8172       0.03378 ±    0.00272       0.04626 ±    0.00051     5.433 ±  0.075 %    90.220 ±  0.149 %
  40      40.4948 ±    0.8018       0.03440 ±    0.00268       0.04629 ±    0.00051     5.449 ±  0.074 %    90.215 ±  0.147 %
  41      40.4726 ±    0.7918       0.03433 ±    0.00265       0.04605 ±    0.00050     5.440 ±  0.072 %    90.246 ±  0.145 %
  42      40.8879 ±    0.7916       0.03561 ±    0.00264       0.04693 ±    0.00050     5.487 ±  0.074 %    90.164 ±  0.144 %
  43      41.6184 ±    0.7966       0.03907 ±    0.00264       0.04832 ±    0.00052     5.523 ±  0.074 %    90.007 ±  0.143 %
  44      42.5946 ±    0.8082       0.03865 ±    0.00261       0.04829 ±    0.00051     5.498 ±  0.073 %    89.989 ±  0.141 %
  45      43.2023 ±    0.8113       0.03823 ±    0.00257       0.04821 ±    0.00050     5.479 ±  0.072 %    89.919 ±  0.140 %
  46      43.5123 ±    0.8089       0.03817 ±    0.00255       0.04811 ±    0.00049     5.463 ±  0.071 %    89.946 ±  0.139 %
  47      43.8553 ±    0.8070       0.03806 ±    0.00253       0.04816 ±    0.00049     5.452 ±  0.070 %    89.961 ±  0.137 %
  48      44.1931 ±    0.8051       0.03796 ±    0.00251       0.04815 ±    0.00049     5.441 ±  0.069 %    89.966 ±  0.136 %
  49      44.3540 ±    0.8001       0.03807 ±    0.00248       0.04808 ±    0.00048     5.446 ±  0.069 %    90.001 ±  0.134 %
  50      44.5609 ±    0.7958       0.03780 ±    0.00245       0.04797 ±    0.00048     5.427 ±  0.068 %    89.998 ±  0.133 %
  51      44.2701 ±    0.7825       0.03929 ±    0.00244       0.04852 ±    0.00048     5.448 ±  0.067 %    89.997 ±  0.131 %
  52      44.2200 ±    0.7746       0.03981 ±    0.00242       0.04834 ±    0.00047     5.437 ±  0.066 %    90.029 ±  0.130 %
  53      44.0503 ±    0.7640       0.03927 ±    0.00239       0.04817 ±    0.00047     5.438 ±  0.066 %    90.061 ±  0.128 %
  54      43.5818 ±    0.7482       0.03966 ±    0.00237       0.04804 ±    0.00046     5.446 ±  0.065 %    90.094 ±  0.127 %
  55      43.4598 ±    0.7391       0.03926 ±    0.00234       0.04801 ±    0.00046     5.443 ±  0.065 %    90.093 ±  0.126 %
  56      43.3764 ±    0.7311       0.03963 ±    0.00232       0.04803 ±    0.00046     5.455 ±  0.064 %    90.117 ±  0.125 %
  57      42.6932 ±    0.7121       0.03940 ±    0.00230       0.04783 ±    0.00045     5.462 ±  0.063 %    90.173 ±  0.123 %
  58      42.6144 ±    0.7038       0.03878 ±    0.00227       0.04776 ±    0.00045     5.460 ±  0.063 %    90.156 ±  0.122 %
  59      42.0056 ±    0.6870       0.03850 ±    0.00225       0.04749 ±    0.00044     5.453 ±  0.062 %    90.198 ±  0.121 %
  60      42.0919 ±    0.6827       0.03830 ±    0.00223       0.04731 ±    0.00044     5.431 ±  0.061 %    90.239 ±  0.120 %
  61      42.2728 ±    0.6802       0.03827 ±    0.00222       0.04729 ±    0.00043     5.435 ±  0.061 %    90.238 ±  0.119 %
  62      42.5517 ±    0.6796       0.03815 ±    0.00221       0.04733 ±    0.00043     5.438 ±  0.061 %    90.231 ±  0.118 %
  63      43.1103 ±    0.6837       0.03796 ±    0.00219       0.04714 ±    0.00042     5.420 ±  0.060 %    90.242 ±  0.117 %
  64      43.0738 ±    0.6780       0.03821 ±    0.00217       0.04706 ±    0.00042     5.414 ±  0.060 %    90.248 ±  0.116 %
  65      43.1949 ±    0.6751       0.03801 ±    0.00215       0.04699 ±    0.00042     5.403 ±  0.059 %    90.238 ±  0.115 %
  66      43.1709 ±    0.6698       0.03789 ±    0.00214       0.04695 ±    0.00041     5.406 ±  0.059 %    90.253 ±  0.114 %
  67      43.2347 ±    0.6665       0.03786 ±    0.00212       0.04698 ±    0.00041     5.416 ±  0.058 %    90.267 ±  0.113 %
  68      43.1664 ±    0.6605       0.03738 ±    0.00210       0.04692 ±    0.00041     5.419 ±  0.058 %    90.268 ±  0.112 %
  69      43.2493 ±    0.6570       0.03724 ±    0.00209       0.04697 ±    0.00041     5.420 ±  0.057 %    90.239 ±  0.112 %
  70      42.7942 ±    0.6464       0.03716 ±    0.00208       0.04692 ±    0.00040     5.434 ±  0.057 %    90.239 ±  0.111 %
  71      42.4589 ±    0.6363       0.03746 ±    0.00207       0.04700 ±    0.00040     5.446 ±  0.056 %    90.230 ±  0.110 %
  72      42.9131 ±    0.6397       0.03693 ±    0.00205       0.04715 ±    0.00039     5.454 ±  0.056 %    90.203 ±  0.110 %
  73      43.3970 ±    0.6435       0.03751 ±    0.00204       0.04763 ±    0.00039     5.458 ±  0.055 %    90.158 ±  0.109 %
  74      43.2785 ±    0.6373       0.03858 ±    0.00203       0.04780 ±    0.00040     5.467 ±  0.055 %    90.140 ±  0.108 %
  75      43.2075 ±    0.6319       0.03854 ±    0.00203       0.04762 ±    0.00039     5.460 ±  0.054 %    90.165 ±  0.108 %
  76      43.2401 ±    0.6283       0.03842 ±    0.00202       0.04758 ±    0.00039     5.452 ±  0.054 %    90.182 ±  0.107 %
  77      43.2942 ±    0.6253       0.03830 ±    0.00201       0.04753 ±    0.00038     5.444 ±  0.053 %    90.179 ±  0.106 %
  78      43.2748 ±    0.6211       0.03805 ±    0.00200       0.04746 ±    0.00038     5.433 ±  0.053 %    90.204 ±  0.105 %
  79      43.3394 ±    0.6181       0.03793 ±    0.00199       0.04741 ±    0.00038     5.423 ±  0.052 %    90.212 ±  0.105 %
  80      43.5305 ±    0.6170       0.03801 ±    0.00197       0.04732 ±    0.00037     5.411 ±  0.052 %    90.224 ±  0.104 %
  81      43.0994 ±    0.6065       0.03806 ±    0.00195       0.04712 ±    0.00037     5.408 ±  0.052 %    90.259 ±  0.103 %
  82      42.7550 ±    0.5980       0.03776 ±    0.00194       0.04700 ±    0.00037     5.410 ±  0.051 %    90.288 ±  0.102 %
  83      42.2971 ±    0.5877       0.03742 ±    0.00192       0.04689 ±    0.00037     5.412 ±  0.051 %    90.304 ±  0.102 %
  84      42.0632 ±    0.5811       0.03698 ±    0.00191       0.04681 ±    0.00036     5.413 ±  0.051 %    90.340 ±  0.101 %
  85      42.1985 ±    0.5796       0.03722 ±    0.00190       0.04716 ±    0.00036     5.428 ±  0.050 %    90.295 ±  0.100 %
  86      42.1112 ±    0.5748       0.03702 ±    0.00189       0.04720 ±    0.00036     5.429 ±  0.050 %    90.263 ±  0.100 %
  87      42.2466 ±    0.5733       0.03705 ±    0.00188       0.04720 ±    0.00036     5.432 ±  0.050 %    90.261 ±  0.099 %
  88      42.6031 ±    0.5746       0.03697 ±    0.00186       0.04718 ±    0.00036     5.421 ±  0.049 %    90.255 ±  0.099 %
  89      42.6330 ±    0.5718       0.03688 ±    0.00185       0.04709 ±    0.00035     5.418 ±  0.049 %    90.262 ±  0.098 %
  90      42.9074 ±    0.5722       0.03648 ±    0.00184       0.04719 ±    0.00035     5.426 ±  0.049 %    90.237 ±  0.098 %
  91      43.4186 ±    0.5760       0.03673 ±    0.00183       0.04731 ±    0.00035     5.415 ±  0.049 %    90.204 ±  0.097 %
  92      43.8681 ±    0.5791       0.03670 ±    0.00181       0.04735 ±    0.00035     5.409 ±  0.048 %    90.181 ±  0.097 %
  93      44.1203 ±    0.5791       0.03663 ±    0.00180       0.04747 ±    0.00034     5.405 ±  0.048 %    90.154 ±  0.097 %
  94      44.6415 ±    0.5834       0.03671 ±    0.00179       0.04749 ±    0.00034     5.390 ±  0.048 %    90.130 ±  0.096 %
  95      45.1294 ±    0.5871       0.03685 ±    0.00178       0.04749 ±    0.00034     5.378 ±  0.047 %    90.115 ±  0.096 %
  96      45.0712 ±    0.5832       0.03666 ±    0.00177       0.04743 ±    0.00034     5.381 ±  0.047 %    90.140 ±  0.095 %
  97      45.2929 ±    0.5832       0.03685 ±    0.00176       0.04740 ±    0.00033     5.375 ±  0.047 %    90.157 ±  0.095 %
  98      45.4337 ±    0.5824       0.03689 ±    0.00175       0.04732 ±    0.00033     5.369 ±  0.046 %    90.174 ±  0.094 %
  99      45.7929 ±    0.5847       0.03701 ±    0.00175       0.04728 ±    0.00033     5.363 ±  0.046 %    90.183 ±  0.093 %
 100      45.7423 ±    0.5811       0.03690 ±    0.00174       0.04725 ±    0.00033     5.360 ±  0.046 %    90.200 ±  0.093 %
 101      45.9514 ±    0.5812       0.03717 ±    0.00174       0.04720 ±    0.00033     5.361 ±  0.046 %    90.197 ±  0.093 %
 102      46.1981 ±    0.5818       0.03727 ±    0.00173       0.04719 ±    0.00033     5.354 ±  0.045 %    90.208 ±  0.092 %
 103      46.3828 ±    0.5813       0.03706 ±    0.00172       0.04718 ±    0.00032     5.350 ±  0.045 %    90.212 ±  0.092 %
 104      46.4898 ±    0.5799       0.03755 ±    0.00172       0.04708 ±    0.00032     5.344 ±  0.045 %    90.212 ±  0.091 %
 105      46.5240 ±    0.5775       0.03767 ±    0.00171       0.04708 ±    0.00032     5.349 ±  0.045 %    90.206 ±  0.091 %
 106      46.8057 ±    0.5786       0.03738 ±    0.00170       0.04697 ±    0.00032     5.337 ±  0.044 %    90.209 ±  0.090 %
 107      46.7630 ±    0.5752       0.03743 ±    0.00170       0.04688 ±    0.00032     5.341 ±  0.044 %    90.207 ±  0.090 %
 108      46.8944 ±    0.5742       0.03778 ±    0.00169       0.04680 ±    0.00032     5.334 ±  0.044 %    90.219 ±  0.089 %
 109      46.9194 ±    0.5719       0.03756 ±    0.00168       0.04672 ±    0.00031     5.328 ±  0.044 %    90.226 ±  0.089 %
 110      46.6759 ±    0.5661       0.03773 ±    0.00167       0.04662 ±    0.00031     5.324 ±  0.043 %    90.235 ±  0.088 %
 111      46.5649 ±    0.5620       0.03730 ±    0.00167       0.04692 ±    0.00031     5.330 ±  0.043 %    90.217 ±  0.088 %
 112      46.3619 ±    0.5570       0.03718 ±    0.00166       0.04686 ±    0.00031     5.330 ±  0.043 %    90.222 ±  0.088 %
 113      46.5412 ±    0.5570       0.03691 ±    0.00165       0.04681 ±    0.00031     5.326 ±  0.043 %    90.227 ±  0.087 %
 114      46.7617 ±    0.5576       0.03703 ±    0.00164       0.04678 ±    0.00031     5.323 ±  0.042 %    90.246 ±  0.087 %
 115      46.9691 ±    0.5580       0.03719 ±    0.00164       0.04678 ±    0.00031     5.321 ±  0.042 %    90.246 ±  0.087 %
 116      47.2148 ±    0.5589       0.03728 ±    0.00163       0.04683 ±    0.00031     5.319 ±  0.042 %    90.232 ±  0.086 %
 117      46.8880 ±    0.5522       0.03693 ±    0.00162       0.04674 ±    0.00030     5.315 ±  0.042 %    90.272 ±  0.086 %
 118      46.5867 ±    0.5463       0.03729 ±    0.00162       0.04664 ±    0.00030     5.319 ±  0.042 %    90.307 ±  0.085 %
 119      46.5058 ±    0.5429       0.03706 ±    0.00161       0.04656 ±    0.00030     5.316 ±  0.041 %    90.313 ±  0.085 %
 120      46.3658 ±    0.5389       0.03721 ±    0.00160       0.04644 ±    0.00030     5.312 ±  0.041 %    90.335 ±  0.084 %
 121      46.1823 ±    0.5343       0.03730 ±    0.00160       0.04632 ±    0.00030     5.308 ±  0.041 %    90.335 ±  0.084 %
 122      46.0579 ±    0.5304       0.03724 ±    0.00159       0.04627 ±    0.00030     5.305 ±  0.041 %    90.360 ±  0.084 %
 123      46.1464 ±    0.5296       0.03727 ±    0.00158       0.04619 ±    0.00030     5.301 ±  0.041 %    90.382 ±  0.083 %
 124      46.1332 ±    0.5275       0.03706 ±    0.00157       0.04613 ±    0.00029     5.301 ±  0.041 %    90.392 ±  0.083 %
 125      46.1436 ±    0.5258       0.03734 ±    0.00157       0.04611 ±    0.00029     5.309 ±  0.041 %    90.394 ±  0.082 %
 126      46.2338 ±    0.5248       0.03746 ±    0.00156       0.04609 ±    0.00029     5.306 ±  0.041 %    90.407 ±  0.082 %
 127      46.1753 ±    0.5219       0.03747 ±    0.00156       0.04601 ±    0.00029     5.301 ±  0.040 %    90.417 ±  0.082 %
 128      45.9222 ±    0.5168       0.03748 ±    0.00155       0.04595 ±    0.00029     5.310 ±  0.040 %    90.425 ±  0.081 %
 129      45.8550 ±    0.5139       0.03720 ±    0.00154       0.04596 ±    0.00029     5.325 ±  0.041 %    90.419 ±  0.081 %
 130      46.0336 ±    0.5143       0.03787 ±    0.00154       0.04621 ±    0.00029     5.327 ±  0.040 %    90.399 ±  0.081 %
 131      45.9168 ±    0.5109       0.03790 ±    0.00154       0.04613 ±    0.00029     5.323 ±  0.040 %    90.405 ±  0.080 %
 132      45.9612 ±    0.5096       0.03790 ±    0.00153       0.04610 ±    0.00029     5.324 ±  0.040 %    90.409 ±  0.080 %
 133      46.0967 ±    0.5092       0.03812 ±    0.00152       0.04605 ±    0.00028     5.317 ±  0.040 %    90.414 ±  0.080 %
 134      45.8990 ±    0.5047       0.03799 ±    0.00152       0.04603 ±    0.00028     5.314 ±  0.040 %    90.426 ±  0.079 %
 135      45.7098 ±    0.5006       0.03784 ±    0.00151       0.04599 ±    0.00028     5.314 ±  0.040 %    90.436 ±  0.079 %
 136      45.3491 ±    0.4948       0.03807 ±    0.00151       0.04588 ±    0.00028     5.312 ±  0.039 %    90.461 ±  0.079 %
 137      45.2750 ±    0.4922       0.03801 ±    0.00150       0.04585 ±    0.00028     5.315 ±  0.039 %    90.462 ±  0.078 %
 138      45.4158 ±    0.4921       0.03823 ±    0.00150       0.04578 ±    0.00028     5.315 ±  0.039 %    90.463 ±  0.078 %
 139      45.7521 ±    0.4944       0.03820 ±    0.00149       0.04580 ±    0.00028     5.311 ±  0.039 %    90.448 ±  0.078 %
 140      45.7350 ±    0.4924       0.03803 ±    0.00148       0.04576 ±    0.00028     5.307 ±  0.039 %    90.449 ±  0.078 %
 141      45.8069 ±    0.4915       0.03798 ±    0.00148       0.04575 ±    0.00028     5.303 ±  0.039 %    90.449 ±  0.077 %
 142      45.8847 ±    0.4907       0.03801 ±    0.00147       0.04569 ±    0.00027     5.300 ±  0.039 %    90.464 ±  0.077 %
 143      46.0564 ±    0.4908       0.03808 ±    0.00146       0.04572 ±    0.00027     5.300 ±  0.039 %    90.461 ±  0.077 %
 144      46.1094 ±    0.4900       0.03801 ±    0.00146       0.04572 ±    0.00027     5.296 ±  0.038 %    90.463 ±  0.077 %

====== Perplexity statistics ======
Mean PPL(Q)                   :  46.109358 ±   0.489957
Mean PPL(base)                :  44.389851 ±   0.462582
Cor(ln(PPL(Q)), ln(PPL(base))):  99.06%
Mean ln(PPL(Q)/PPL(base))     :   0.038005 ±   0.001459
Mean PPL(Q)/PPL(base)         :   1.038737 ±   0.001516
Mean PPL(Q)-PPL(base)         :   1.719507 ±   0.070860

====== KL divergence statistics ======
Mean    KLD:   0.045715 ±   0.000272
Maximum KLD:   5.428601
99.9%   KLD:   1.244268
99.0%   KLD:   0.408961
95.0%   KLD:   0.168364
90.0%   KLD:   0.106566
Median  KLD:   0.018741
10.0%   KLD:   0.000507
 5.0%   KLD:   0.000085
 1.0%   KLD:   0.000003
 0.1%   KLD:  -0.000001
Minimum KLD:  -0.000062

====== Token probability statistics ======
Mean    Δp: -0.338 ± 0.014 %
Maximum Δp: 91.552%
99.9%   Δp: 35.736%
99.0%   Δp: 15.571%
95.0%   Δp:  5.783%
90.0%   Δp:  2.470%
75.0%   Δp:  0.164%
Median  Δp: -0.001%
25.0%   Δp: -0.456%
10.0%   Δp: -3.730%
 5.0%   Δp: -7.620%
 1.0%   Δp: -19.179%
 0.1%   Δp: -41.153%
Minimum Δp: -85.702%
RMS Δp    :  5.296 ± 0.038 %
Same top p: 90.463 ± 0.077 %

------------------------------
llama-perplexity --kl-divergence-base /tmp/logits.dat --ctx-size 2048 -f sample-data/wiki.test.raw -hf unsloth/gemma-4-E2B-it-qat-GGUF:UD-Q4_K_XL -fa on -ngl 99 -ctk turbo4 -ctv q8_0 --kl-divergence
0.00.473.361 I common_init_result: fitting params to device memory ...
0.00.473.365 I common_init_result: (for bugs during this step try to reproduce them with -fit off, or provide --verbose logs if the bug only occurs with -fit on)
0.02.865.271 W load: control-looking token:    212 '</s>' was not control-type; this is probably a bug in the model. its type will be overridden
0.02.865.792 W load: control-looking token:     50 '<|tool_response>' was not control-type; this is probably a bug in the model. its type will be overridden
0.02.894.376 W load: special_eog_ids contains '<|tool_response>', removing '</s>' token from EOG list
0.03.850.340 W llama_context: n_ctx_seq (2048) < n_ctx_train (131072) -- the full capacity of the model will not be utilized
0.03.877.465 I common_init_from_params: warming up the model with an empty run - please wait ... (--no-warmup to disable)
0.03.905.780 I 
0.03.905.854 I system_info: n_threads = 16 (n_threads_batch = 16) / 32 | CUDA : ARCHS = 500,610,700,750,800,860,890,900 | USE_GRAPHS = 1 | PEER_MAX_BATCH_SIZE = 128 | CPU : SSE3 = 1 | SSSE3 = 1 | AVX = 1 | AVX2 = 1 | F16C = 1 | FMA = 1 | BMI2 = 1 | LLAMAFILE = 1 | OPENMP = 1 | REPACK = 1 | 
0.04.130.973 I kl_divergence: computing over 144 chunks, n_ctx=2048, batch_size=2048, n_seq=1
0.05.170.276 I kl_divergence: 1.04 seconds per pass - ETA 2.48 minutes

chunk             PPL               ln(PPL(Q)/PPL(base))          KL Divergence              Δp RMS            Same top p
   1      44.7842 ±    5.7054       0.04227 ±    0.01499       0.04527 ±    0.00321     5.514 ±  0.422 %    91.105 ±  0.890 %
   2      56.7466 ±    5.0376       0.02645 ±    0.01058       0.04355 ±    0.00198     4.836 ±  0.278 %    90.567 ±  0.646 %
   3      61.5059 ±    4.5140       0.05091 ±    0.01012       0.05580 ±    0.00188     5.350 ±  0.240 %    89.345 ±  0.557 %
   4      57.6153 ±    3.6435       0.04648 ±    0.00828       0.05316 ±    0.00184     5.413 ±  0.245 %    89.272 ±  0.484 %
   5      54.0824 ±    3.0996       0.04686 ±    0.00757       0.05261 ±    0.00173     5.287 ±  0.210 %    89.658 ±  0.426 %
   6      42.2260 ±    2.1473       0.04277 ±    0.00674       0.05195 ±    0.00158     5.530 ±  0.191 %    89.671 ±  0.388 %
   7      36.1903 ±    1.6707       0.04007 ±    0.00617       0.05187 ±    0.00147     5.878 ±  0.186 %    89.764 ±  0.358 %
   8      35.3597 ±    1.5211       0.03718 ±    0.00570       0.05080 ±    0.00133     5.899 ±  0.172 %    89.932 ±  0.333 %
   9      36.3454 ±    1.4659       0.03655 ±    0.00535       0.05008 ±    0.00121     5.777 ±  0.159 %    89.997 ±  0.313 %
  10      37.9330 ±    1.4713       0.03466 ±    0.00516       0.04942 ±    0.00112     5.731 ±  0.151 %    90.020 ±  0.296 %
  11      38.9268 ±    1.4427       0.03837 ±    0.00501       0.05162 ±    0.00109     5.814 ±  0.144 %    89.754 ±  0.286 %
  12      42.0165 ±    1.5046       0.03776 ±    0.00475       0.05106 ±    0.00102     5.755 ±  0.135 %    89.883 ±  0.272 %
  13      41.5110 ±    1.4257       0.03754 ±    0.00450       0.05003 ±    0.00096     5.720 ±  0.128 %    89.947 ±  0.261 %
  14      42.1781 ±    1.3988       0.03713 ±    0.00435       0.04982 ±    0.00094     5.717 ±  0.125 %    90.043 ±  0.250 %
  15      41.7896 ±    1.3379       0.03695 ±    0.00414       0.04917 ±    0.00090     5.670 ±  0.121 %    90.134 ±  0.241 %
  16      43.7256 ±    1.3578       0.03471 ±    0.00400       0.04832 ±    0.00085     5.591 ±  0.116 %    90.323 ±  0.231 %
  17      43.6404 ±    1.3121       0.02893 ±    0.00395       0.04994 ±    0.00084     5.700 ±  0.114 %    90.179 ±  0.226 %
  18      44.0630 ±    1.2863       0.03325 ±    0.00387       0.05145 ±    0.00082     5.753 ±  0.111 %    89.980 ±  0.221 %
  19      43.0667 ±    1.2241       0.03180 ±    0.00380       0.05112 ±    0.00081     5.785 ±  0.114 %    90.055 ±  0.215 %
  20      42.2451 ±    1.1768       0.03543 ±    0.00392       0.05046 ±    0.00078     5.750 ±  0.110 %    90.156 ±  0.208 %
  21      42.4357 ±    1.1539       0.03363 ±    0.00381       0.04993 ±    0.00076     5.725 ±  0.107 %    90.160 ±  0.203 %
  22      42.7646 ±    1.1386       0.03293 ±    0.00371       0.04991 ±    0.00083     5.696 ±  0.109 %    90.211 ±  0.198 %
  23      43.1034 ±    1.1238       0.03383 ±    0.00364       0.04973 ±    0.00081     5.685 ±  0.107 %    90.170 ±  0.194 %
  24      43.3887 ±    1.1100       0.03228 ±    0.00355       0.04942 ±    0.00078     5.655 ±  0.104 %    90.176 ±  0.190 %
  25      43.9237 ±    1.1027       0.03132 ±    0.00346       0.04926 ±    0.00076     5.629 ±  0.101 %    90.151 ±  0.186 %
  26      44.2540 ±    1.0925       0.03194 ±    0.00341       0.04913 ±    0.00074     5.592 ±  0.099 %    90.161 ±  0.183 %
  27      45.9826 ±    1.1179       0.03545 ±    0.00337       0.05047 ±    0.00073     5.598 ±  0.097 %    90.076 ±  0.180 %
  28      45.7139 ±    1.0908       0.03557 ±    0.00329       0.05030 ±    0.00072     5.577 ±  0.095 %    90.068 ±  0.177 %
  29      45.7797 ±    1.0733       0.03547 ±    0.00324       0.04993 ±    0.00070     5.544 ±  0.093 %    90.077 ±  0.174 %
  30      45.7953 ±    1.0567       0.03489 ±    0.00320       0.04957 ±    0.00068     5.516 ±  0.092 %    90.101 ±  0.170 %
  31      45.4357 ±    1.0309       0.03444 ±    0.00313       0.04953 ±    0.00067     5.504 ±  0.090 %    90.089 ±  0.168 %
  32      44.5135 ±    0.9933       0.03439 ±    0.00306       0.04910 ±    0.00065     5.473 ±  0.088 %    90.164 ±  0.165 %
  33      44.2643 ±    0.9731       0.03487 ±    0.00302       0.04882 ±    0.00063     5.441 ±  0.086 %    90.174 ±  0.162 %
  34      43.7803 ±    0.9473       0.03407 ±    0.00297       0.04849 ±    0.00062     5.419 ±  0.084 %    90.193 ±  0.159 %
  35      43.7955 ±    0.9324       0.03431 ±    0.00290       0.04831 ±    0.00060     5.399 ±  0.082 %    90.186 ±  0.157 %
  36      43.1228 ±    0.9048       0.03448 ±    0.00286       0.04805 ±    0.00059     5.402 ±  0.081 %    90.206 ±  0.155 %
  37      42.0308 ±    0.8681       0.03472 ±    0.00282       0.04767 ±    0.00058     5.397 ±  0.080 %    90.262 ±  0.152 %
  38      41.5766 ±    0.8460       0.03566 ±    0.00278       0.04759 ±    0.00057     5.406 ±  0.079 %    90.271 ±  0.150 %
  39      40.8143 ±    0.8187       0.03587 ±    0.00274       0.04738 ±    0.00056     5.428 ±  0.078 %    90.315 ±  0.148 %
  40      40.5985 ±    0.8037       0.03696 ±    0.00271       0.04738 ±    0.00056     5.434 ±  0.077 %    90.281 ±  0.146 %
  41      40.5613 ±    0.7934       0.03652 ±    0.00267       0.04714 ±    0.00055     5.431 ±  0.075 %    90.311 ±  0.144 %
  42      40.9787 ±    0.7932       0.03782 ±    0.00266       0.04797 ±    0.00055     5.476 ±  0.076 %    90.232 ±  0.143 %
  43      41.6953 ±    0.7979       0.04092 ±    0.00267       0.04922 ±    0.00055     5.498 ±  0.076 %    90.068 ±  0.143 %
  44      42.6911 ±    0.8099       0.04091 ±    0.00263       0.04916 ±    0.00054     5.474 ±  0.075 %    90.054 ±  0.141 %
  45      43.3087 ±    0.8132       0.04069 ±    0.00259       0.04909 ±    0.00053     5.457 ±  0.074 %    89.973 ±  0.140 %
  46      43.6081 ±    0.8107       0.04037 ±    0.00257       0.04900 ±    0.00053     5.441 ±  0.073 %    89.991 ±  0.138 %
  47      43.9576 ±    0.8089       0.04039 ±    0.00255       0.04913 ±    0.00053     5.437 ±  0.072 %    89.990 ±  0.137 %
  48      44.2924 ±    0.8069       0.04021 ±    0.00253       0.04912 ±    0.00052     5.421 ±  0.071 %    89.976 ±  0.136 %
  49      44.4620 ±    0.8020       0.04050 ±    0.00250       0.04901 ±    0.00051     5.419 ±  0.070 %    90.017 ±  0.134 %
  50      44.6691 ±    0.7977       0.04022 ±    0.00247       0.04887 ±    0.00051     5.401 ±  0.069 %    89.990 ±  0.133 %
  51      44.3805 ±    0.7845       0.04179 ±    0.00246       0.04936 ±    0.00050     5.425 ±  0.068 %    89.978 ±  0.131 %
  52      44.3148 ±    0.7763       0.04195 ±    0.00244       0.04922 ±    0.00050     5.417 ±  0.067 %    90.011 ±  0.130 %
  53      44.0502 ±    0.7636       0.03927 ±    0.00243       0.04960 ±    0.00049     5.443 ±  0.066 %    89.985 ±  0.129 %
  54      43.5871 ±    0.7479       0.03978 ±    0.00241       0.04943 ±    0.00049     5.451 ±  0.066 %    90.006 ±  0.128 %
  55      43.4740 ±    0.7389       0.03958 ±    0.00238       0.04956 ±    0.00049     5.474 ±  0.066 %    89.980 ±  0.127 %
  56      43.3870 ±    0.7309       0.03988 ±    0.00236       0.04955 ±    0.00049     5.490 ±  0.066 %    89.982 ±  0.125 %
  57      42.6943 ±    0.7117       0.03943 ±    0.00233       0.04932 ±    0.00048     5.499 ±  0.065 %    90.036 ±  0.124 %
  58      42.6113 ±    0.7033       0.03871 ±    0.00230       0.04918 ±    0.00047     5.492 ±  0.064 %    90.039 ±  0.123 %
  59      42.0035 ±    0.6865       0.03845 ±    0.00228       0.04891 ±    0.00047     5.482 ±  0.063 %    90.077 ±  0.122 %
  60      42.0935 ±    0.6823       0.03833 ±    0.00225       0.04869 ±    0.00046     5.462 ±  0.063 %    90.121 ±  0.120 %
  61      42.2703 ±    0.6797       0.03821 ±    0.00225       0.04864 ±    0.00046     5.461 ±  0.062 %    90.133 ±  0.119 %
  62      42.5509 ±    0.6792       0.03813 ±    0.00224       0.04866 ±    0.00045     5.465 ±  0.062 %    90.133 ±  0.118 %
  63      43.1251 ±    0.6836       0.03830 ±    0.00221       0.04848 ±    0.00045     5.445 ±  0.061 %    90.144 ±  0.117 %
  64      43.1001 ±    0.6781       0.03882 ±    0.00220       0.04840 ±    0.00044     5.439 ±  0.060 %    90.147 ±  0.116 %
  65      43.2469 ±    0.6757       0.03922 ±    0.00218       0.04842 ±    0.00044     5.436 ±  0.060 %    90.148 ±  0.116 %
  66      43.2280 ±    0.6706       0.03921 ±    0.00216       0.04845 ±    0.00044     5.443 ±  0.059 %    90.158 ±  0.115 %
  67      43.2388 ±    0.6661       0.03795 ±    0.00217       0.04910 ±    0.00044     5.488 ±  0.059 %    90.134 ±  0.114 %
  68      43.1709 ±    0.6601       0.03748 ±    0.00215       0.04897 ±    0.00043     5.485 ±  0.059 %    90.137 ±  0.113 %
  69      43.2506 ±    0.6566       0.03727 ±    0.00214       0.04901 ±    0.00043     5.480 ±  0.058 %    90.116 ±  0.112 %
  70      42.8009 ±    0.6461       0.03731 ±    0.00214       0.04892 ±    0.00043     5.496 ±  0.057 %    90.130 ±  0.111 %
  71      42.4618 ±    0.6360       0.03752 ±    0.00212       0.04893 ±    0.00042     5.506 ±  0.057 %    90.130 ±  0.111 %
  72      42.9251 ±    0.6396       0.03721 ±    0.00210       0.04905 ±    0.00042     5.514 ±  0.057 %    90.099 ±  0.110 %
  73      43.4109 ±    0.6434       0.03783 ±    0.00210       0.04954 ±    0.00042     5.520 ±  0.056 %    90.061 ±  0.109 %
  74      43.2908 ±    0.6371       0.03886 ±    0.00209       0.04974 ±    0.00042     5.532 ±  0.056 %    90.065 ±  0.109 %
  75      43.2148 ±    0.6317       0.03871 ±    0.00208       0.04956 ±    0.00042     5.525 ±  0.055 %    90.076 ±  0.108 %
  76      43.2428 ±    0.6280       0.03848 ±    0.00207       0.04947 ±    0.00041     5.513 ±  0.055 %    90.101 ±  0.107 %
  77      43.3002 ±    0.6251       0.03844 ±    0.00206       0.04939 ±    0.00041     5.505 ±  0.054 %    90.105 ±  0.106 %
  78      43.2872 ±    0.6209       0.03834 ±    0.00204       0.04926 ±    0.00040     5.489 ±  0.054 %    90.130 ±  0.106 %
  79      43.3413 ±    0.6178       0.03798 ±    0.00203       0.04922 ±    0.00040     5.482 ±  0.054 %    90.136 ±  0.105 %
  80      43.5360 ±    0.6168       0.03814 ±    0.00201       0.04910 ±    0.00040     5.471 ±  0.053 %    90.121 ±  0.104 %
  81      43.1032 ±    0.6063       0.03814 ±    0.00199       0.04887 ±    0.00039     5.463 ±  0.053 %    90.167 ±  0.103 %
  82      42.7510 ±    0.5976       0.03767 ±    0.00198       0.04874 ±    0.00039     5.474 ±  0.053 %    90.193 ±  0.103 %
  83      42.2942 ±    0.5874       0.03735 ±    0.00196       0.04861 ±    0.00039     5.476 ±  0.052 %    90.208 ±  0.102 %
  84      42.0558 ±    0.5807       0.03681 ±    0.00195       0.04852 ±    0.00039     5.478 ±  0.052 %    90.242 ±  0.101 %
  85      42.1953 ±    0.5793       0.03714 ±    0.00194       0.04888 ±    0.00038     5.495 ±  0.052 %    90.205 ±  0.101 %
  86      42.1063 ±    0.5745       0.03691 ±    0.00193       0.04890 ±    0.00038     5.492 ±  0.051 %    90.199 ±  0.100 %
  87      42.2389 ±    0.5730       0.03687 ±    0.00192       0.04891 ±    0.00038     5.503 ±  0.051 %    90.189 ±  0.100 %
  88      42.5940 ±    0.5743       0.03676 ±    0.00190       0.04889 ±    0.00038     5.491 ±  0.051 %    90.178 ±  0.099 %
  89      42.6143 ±    0.5713       0.03644 ±    0.00189       0.04879 ±    0.00037     5.487 ±  0.051 %    90.182 ±  0.099 %
  90      42.8982 ±    0.5718       0.03627 ±    0.00188       0.04885 ±    0.00037     5.493 ±  0.050 %    90.161 ±  0.098 %
  91      43.3964 ±    0.5754       0.03622 ±    0.00187       0.04893 ±    0.00037     5.483 ±  0.050 %    90.140 ±  0.098 %
  92      43.8499 ±    0.5786       0.03629 ±    0.00185       0.04892 ±    0.00037     5.475 ±  0.050 %    90.115 ±  0.097 %
  93      44.1015 ±    0.5786       0.03620 ±    0.00184       0.04902 ±    0.00036     5.470 ±  0.049 %    90.093 ±  0.097 %
  94      44.6241 ±    0.5830       0.03632 ±    0.00183       0.04902 ±    0.00036     5.456 ±  0.049 %    90.074 ±  0.096 %
  95      45.1092 ±    0.5866       0.03641 ±    0.00182       0.04898 ±    0.00036     5.442 ±  0.048 %    90.069 ±  0.096 %
  96      45.0446 ±    0.5826       0.03607 ±    0.00181       0.04892 ±    0.00035     5.441 ±  0.048 %    90.094 ±  0.095 %
  97      45.2564 ±    0.5825       0.03604 ±    0.00179       0.04887 ±    0.00035     5.436 ±  0.048 %    90.101 ±  0.095 %
  98      45.3889 ±    0.5815       0.03590 ±    0.00178       0.04877 ±    0.00035     5.430 ±  0.047 %    90.107 ±  0.094 %
  99      45.7494 ±    0.5838       0.03606 ±    0.00178       0.04869 ±    0.00035     5.420 ±  0.047 %    90.117 ±  0.094 %
 100      45.7024 ±    0.5803       0.03603 ±    0.00177       0.04864 ±    0.00035     5.416 ±  0.047 %    90.141 ±  0.093 %
 101      45.9128 ±    0.5805       0.03633 ±    0.00177       0.04860 ±    0.00034     5.415 ±  0.047 %    90.135 ±  0.093 %
 102      46.1574 ±    0.5810       0.03638 ±    0.00176       0.04857 ±    0.00034     5.405 ±  0.046 %    90.143 ±  0.092 %
 103      46.3362 ±    0.5804       0.03606 ±    0.00175       0.04853 ±    0.00034     5.400 ±  0.046 %    90.139 ±  0.092 %
 104      46.4341 ±    0.5789       0.03635 ±    0.00175       0.04844 ±    0.00034     5.396 ±  0.046 %    90.138 ±  0.091 %
 105      46.4674 ±    0.5765       0.03645 ±    0.00174       0.04842 ±    0.00034     5.397 ±  0.046 %    90.132 ±  0.091 %
 106      46.7488 ±    0.5777       0.03616 ±    0.00173       0.04834 ±    0.00034     5.386 ±  0.046 %    90.131 ±  0.091 %
 107      46.7039 ±    0.5742       0.03617 ±    0.00172       0.04826 ±    0.00034     5.395 ±  0.046 %    90.138 ±  0.090 %
 108      46.8332 ±    0.5732       0.03647 ±    0.00171       0.04815 ±    0.00033     5.389 ±  0.045 %    90.151 ±  0.090 %
 109      46.8383 ±    0.5707       0.03583 ±    0.00171       0.04841 ±    0.00033     5.398 ±  0.045 %    90.124 ±  0.089 %
 110      46.5970 ±    0.5649       0.03603 ±    0.00170       0.04832 ±    0.00033     5.398 ±  0.045 %    90.132 ±  0.089 %
 111      46.4903 ±    0.5608       0.03570 ±    0.00169       0.04856 ±    0.00033     5.402 ±  0.045 %    90.124 ±  0.089 %
 112      46.2908 ±    0.5559       0.03565 ±    0.00169       0.04851 ±    0.00033     5.404 ±  0.045 %    90.125 ±  0.088 %
 113      46.4661 ±    0.5559       0.03529 ±    0.00168       0.04842 ±    0.00033     5.398 ±  0.044 %    90.138 ±  0.088 %
 114      46.6938 ±    0.5565       0.03558 ±    0.00167       0.04840 ±    0.00033     5.391 ±  0.044 %    90.150 ±  0.087 %
 115      46.8978 ±    0.5569       0.03567 ±    0.00166       0.04836 ±    0.00032     5.390 ±  0.044 %    90.154 ±  0.087 %
 116      47.1489 ±    0.5578       0.03588 ±    0.00166       0.04839 ±    0.00032     5.385 ±  0.044 %    90.140 ±  0.087 %
 117      46.8209 ±    0.5512       0.03550 ±    0.00165       0.04827 ±    0.00032     5.381 ±  0.044 %    90.173 ±  0.086 %
 118      46.5227 ±    0.5453       0.03591 ±    0.00165       0.04816 ±    0.00032     5.384 ±  0.043 %    90.204 ±  0.086 %
 119      46.4494 ±    0.5420       0.03585 ±    0.00164       0.04808 ±    0.00032     5.385 ±  0.044 %    90.211 ±  0.085 %
 120      46.3100 ±    0.5380       0.03601 ±    0.00163       0.04795 ±    0.00032     5.383 ±  0.043 %    90.228 ±  0.085 %
 121      46.1328 ±    0.5336       0.03622 ±    0.00162       0.04785 ±    0.00031     5.384 ±  0.043 %    90.226 ±  0.084 %
 122      46.0076 ±    0.5297       0.03615 ±    0.00161       0.04779 ±    0.00031     5.384 ±  0.043 %    90.241 ±  0.084 %
 123      46.1009 ±    0.5289       0.03628 ±    0.00160       0.04773 ±    0.00031     5.386 ±  0.043 %    90.253 ±  0.084 %
 124      46.0892 ±    0.5268       0.03611 ±    0.00160       0.04767 ±    0.00031     5.385 ±  0.043 %    90.267 ±  0.083 %
 125      46.0993 ±    0.5251       0.03638 ±    0.00160       0.04765 ±    0.00031     5.391 ±  0.043 %    90.269 ±  0.083 %
 126      46.1918 ±    0.5242       0.03655 ±    0.00159       0.04764 ±    0.00031     5.393 ±  0.043 %    90.286 ±  0.082 %
 127      46.1206 ±    0.5211       0.03629 ±    0.00158       0.04754 ±    0.00031     5.386 ±  0.043 %    90.298 ±  0.082 %
 128      45.8659 ±    0.5160       0.03625 ±    0.00157       0.04748 ±    0.00031     5.393 ±  0.043 %    90.313 ±  0.082 %
 129      45.8053 ±    0.5131       0.03611 ±    0.00157       0.04746 ±    0.00031     5.402 ±  0.042 %    90.306 ±  0.081 %
 130      45.9919 ±    0.5137       0.03696 ±    0.00157       0.04771 ±    0.00031     5.405 ±  0.042 %    90.287 ±  0.081 %
 131      45.8803 ±    0.5104       0.03710 ±    0.00156       0.04762 ±    0.00030     5.399 ±  0.042 %    90.302 ±  0.081 %
 132      45.9242 ±    0.5091       0.03710 ±    0.00155       0.04758 ±    0.00030     5.399 ±  0.042 %    90.306 ±  0.081 %
 133      46.0555 ±    0.5086       0.03722 ±    0.00155       0.04753 ±    0.00030     5.394 ±  0.042 %    90.314 ±  0.080 %
 134      45.8580 ±    0.5041       0.03709 ±    0.00154       0.04750 ±    0.00030     5.394 ±  0.041 %    90.328 ±  0.080 %
 135      45.6674 ±    0.5000       0.03691 ±    0.00153       0.04746 ±    0.00030     5.396 ±  0.041 %    90.333 ±  0.080 %
 136      45.3086 ±    0.4943       0.03717 ±    0.00153       0.04734 ±    0.00030     5.393 ±  0.041 %    90.356 ±  0.079 %
 137      45.2426 ±    0.4917       0.03729 ±    0.00152       0.04731 ±    0.00030     5.398 ±  0.041 %    90.352 ±  0.079 %
 138      45.3813 ±    0.4916       0.03747 ±    0.00152       0.04722 ±    0.00030     5.395 ±  0.041 %    90.362 ±  0.079 %
 139      45.7168 ±    0.4939       0.03742 ±    0.00151       0.04723 ±    0.00029     5.391 ±  0.041 %    90.356 ±  0.078 %
 140      45.6977 ±    0.4919       0.03721 ±    0.00151       0.04718 ±    0.00029     5.388 ±  0.041 %    90.355 ±  0.078 %
 141      45.7661 ±    0.4909       0.03709 ±    0.00150       0.04713 ±    0.00029     5.380 ±  0.041 %    90.364 ±  0.078 %
 142      45.8390 ±    0.4900       0.03702 ±    0.00149       0.04707 ±    0.00029     5.374 ±  0.041 %    90.367 ±  0.077 %
 143      46.0147 ±    0.4902       0.03718 ±    0.00149       0.04711 ±    0.00029     5.374 ±  0.040 %    90.362 ±  0.077 %
 144      46.0661 ±    0.4893       0.03707 ±    0.00148       0.04709 ±    0.00029     5.369 ±  0.040 %    90.362 ±  0.077 %

====== Perplexity statistics ======
Mean PPL(Q)                   :  46.066054 ±   0.489325
Mean PPL(base)                :  44.389851 ±   0.462582
Cor(ln(PPL(Q)), ln(PPL(base))):  99.03%
Mean ln(PPL(Q)/PPL(base))     :   0.037065 ±   0.001481
Mean PPL(Q)/PPL(base)         :   1.037761 ±   0.001537
Mean PPL(Q)-PPL(base)         :   1.676203 ±   0.071546

====== KL divergence statistics ======
Mean    KLD:   0.047086 ±   0.000287
Maximum KLD:   7.851454
99.9%   KLD:   1.336699
99.0%   KLD:   0.423328
95.0%   KLD:   0.174216
90.0%   KLD:   0.108486
Median  KLD:   0.019076
10.0%   KLD:   0.000521
 5.0%   KLD:   0.000090
 1.0%   KLD:   0.000004
 0.1%   KLD:  -0.000001
Minimum KLD:  -0.000046

====== Token probability statistics ======
Mean    Δp: -0.332 ± 0.014 %
Maximum Δp: 95.187%
99.9%   Δp: 35.421%
99.0%   Δp: 15.777%
95.0%   Δp:  5.811%
90.0%   Δp:  2.514%
75.0%   Δp:  0.171%
Median  Δp: -0.000%
25.0%   Δp: -0.453%
10.0%   Δp: -3.726%
 5.0%   Δp: -7.626%
 1.0%   Δp: -19.428%
 0.1%   Δp: -41.908%
Minimum Δp: -90.438%
RMS Δp    :  5.369 ± 0.040 %
Same top p: 90.362 ± 0.077 %

------------------------------
llama-perplexity --kl-divergence-base /tmp/logits.dat --ctx-size 2048 -f sample-data/wiki.test.raw -hf unsloth/gemma-4-E2B-it-qat-GGUF:UD-Q4_K_XL -fa on -ngl 99 -ctk turbo4 -ctv q4_0 --kl-divergence
0.00.483.147 I common_init_result: fitting params to device memory ...
0.00.483.151 I common_init_result: (for bugs during this step try to reproduce them with -fit off, or provide --verbose logs if the bug only occurs with -fit on)
0.02.839.716 W load: control-looking token:    212 '</s>' was not control-type; this is probably a bug in the model. its type will be overridden
0.02.840.225 W load: control-looking token:     50 '<|tool_response>' was not control-type; this is probably a bug in the model. its type will be overridden
0.02.868.028 W load: special_eog_ids contains '<|tool_response>', removing '</s>' token from EOG list
0.03.807.460 W llama_context: n_ctx_seq (2048) < n_ctx_train (131072) -- the full capacity of the model will not be utilized
0.03.833.960 I common_init_from_params: warming up the model with an empty run - please wait ... (--no-warmup to disable)
0.04.031.268 I 
0.04.031.326 I system_info: n_threads = 16 (n_threads_batch = 16) / 32 | CUDA : ARCHS = 500,610,700,750,800,860,890,900 | USE_GRAPHS = 1 | PEER_MAX_BATCH_SIZE = 128 | CPU : SSE3 = 1 | SSSE3 = 1 | AVX = 1 | AVX2 = 1 | F16C = 1 | FMA = 1 | BMI2 = 1 | LLAMAFILE = 1 | OPENMP = 1 | REPACK = 1 | 
0.04.256.716 I kl_divergence: computing over 144 chunks, n_ctx=2048, batch_size=2048, n_seq=1
0.19.899.385 I kl_divergence: 15.64 seconds per pass - ETA 37.53 minutes
--- ABORTED (ETA 37.53m > 4.0x baseline 2.42m) ---
llama-perplexity --kl-divergence-base /tmp/logits.dat --ctx-size 2048 -f sample-data/wiki.test.raw -hf unsloth/gemma-4-E2B-it-qat-GGUF:UD-Q4_K_XL -fa on -ngl 99 -ctk turbo4 -ctv turbo4 --kl-divergence
0.00.435.043 I common_init_result: fitting params to device memory ...
0.00.435.049 I common_init_result: (for bugs during this step try to reproduce them with -fit off, or provide --verbose logs if the bug only occurs with -fit on)
0.02.849.430 W load: control-looking token:    212 '</s>' was not control-type; this is probably a bug in the model. its type will be overridden
0.02.849.944 W load: control-looking token:     50 '<|tool_response>' was not control-type; this is probably a bug in the model. its type will be overridden
0.02.878.208 W load: special_eog_ids contains '<|tool_response>', removing '</s>' token from EOG list
0.03.823.886 W llama_context: n_ctx_seq (2048) < n_ctx_train (131072) -- the full capacity of the model will not be utilized
0.03.850.450 I common_init_from_params: warming up the model with an empty run - please wait ... (--no-warmup to disable)
0.03.878.842 I 
0.03.878.907 I system_info: n_threads = 16 (n_threads_batch = 16) / 32 | CUDA : ARCHS = 500,610,700,750,800,860,890,900 | USE_GRAPHS = 1 | PEER_MAX_BATCH_SIZE = 128 | CPU : SSE3 = 1 | SSSE3 = 1 | AVX = 1 | AVX2 = 1 | F16C = 1 | FMA = 1 | BMI2 = 1 | LLAMAFILE = 1 | OPENMP = 1 | REPACK = 1 | 
0.04.103.847 I kl_divergence: computing over 144 chunks, n_ctx=2048, batch_size=2048, n_seq=1
0.05.133.419 I kl_divergence: 1.03 seconds per pass - ETA 2.47 minutes

chunk             PPL               ln(PPL(Q)/PPL(base))          KL Divergence              Δp RMS            Same top p
   1      45.1432 ±    5.7826       0.05025 ±    0.01657       0.06067 ±    0.00327     6.503 ±  0.371 %    88.074 ±  1.014 %
   2      58.0271 ±    5.1664       0.04876 ±    0.01179       0.06075 ±    0.00238     6.113 ±  0.377 %    87.683 ±  0.727 %
   3      61.4113 ±    4.5086       0.04937 ±    0.01007       0.06100 ±    0.00201     5.910 ±  0.290 %    87.260 ±  0.602 %
   4      57.7595 ±    3.6511       0.04898 ±    0.00850       0.06072 ±    0.00208     6.061 ±  0.275 %    87.170 ±  0.523 %
   5      54.4748 ±    3.1194       0.05409 ±    0.00783       0.06359 ±    0.00213     6.060 ±  0.244 %    87.449 ±  0.463 %
   6      42.8408 ±    2.1792       0.05723 ±    0.00706       0.06444 ±    0.00193     6.440 ±  0.227 %    87.683 ±  0.419 %
   7      36.8834 ±    1.7061       0.05905 ±    0.00645       0.06447 ±    0.00178     6.773 ±  0.218 %    87.935 ±  0.385 %
   8      36.1047 ±    1.5565       0.05803 ±    0.00603       0.06478 ±    0.00164     6.883 ±  0.202 %    88.123 ±  0.358 %
   9      37.1684 ±    1.5043       0.05894 ±    0.00569       0.06520 ±    0.00157     6.841 ±  0.193 %    88.031 ±  0.338 %
  10      38.8139 ±    1.5104       0.05762 ±    0.00550       0.06461 ±    0.00144     6.744 ±  0.181 %    88.025 ±  0.321 %
  11      39.6824 ±    1.4755       0.05759 ±    0.00536       0.06706 ±    0.00140     6.729 ±  0.169 %    87.737 ±  0.309 %
  12      42.9195 ±    1.5429       0.05902 ±    0.00510       0.06683 ±    0.00131     6.663 ±  0.159 %    87.920 ±  0.294 %
  13      42.4605 ±    1.4645       0.06016 ±    0.00488       0.06615 ±    0.00126     6.654 ±  0.155 %    87.977 ±  0.282 %
  14      43.0860 ±    1.4354       0.05842 ±    0.00472       0.06585 ±    0.00120     6.659 ±  0.148 %    88.123 ±  0.270 %
  15      42.6896 ±    1.3727       0.05826 ±    0.00452       0.06564 ±    0.00117     6.666 ±  0.144 %    88.231 ±  0.260 %
  16      44.7638 ±    1.3969       0.05817 ±    0.00438       0.06497 ±    0.00113     6.629 ±  0.140 %    88.441 ±  0.250 %
  17      44.6970 ±    1.3509       0.05286 ±    0.00432       0.06607 ±    0.00110     6.692 ±  0.136 %    88.419 ±  0.243 %
  18      45.0520 ±    1.3218       0.05544 ±    0.00422       0.06725 ±    0.00106     6.692 ±  0.130 %    88.259 ±  0.237 %
  19      44.0217 ±    1.2575       0.05373 ±    0.00414       0.06646 ±    0.00102     6.625 ±  0.126 %    88.368 ±  0.230 %
  20      43.1482 ±    1.2066       0.05658 ±    0.00420       0.06597 ±    0.00099     6.634 ±  0.122 %    88.416 ±  0.224 %
  21      43.3380 ±    1.1827       0.05467 ±    0.00409       0.06540 ±    0.00096     6.589 ±  0.118 %    88.465 ±  0.218 %
  22      43.7069 ±    1.1682       0.05472 ±    0.00400       0.06532 ±    0.00094     6.558 ±  0.117 %    88.528 ±  0.212 %
  23      44.0806 ±    1.1541       0.05624 ±    0.00394       0.06535 ±    0.00091     6.573 ±  0.115 %    88.499 ±  0.208 %
  24      44.4055 ±    1.1410       0.05545 ±    0.00386       0.06530 ±    0.00089     6.540 ±  0.112 %    88.453 ±  0.204 %
  25      44.9278 ±    1.1332       0.05393 ±    0.00379       0.06538 ±    0.00087     6.495 ±  0.109 %    88.411 ±  0.200 %
  26      45.3194 ±    1.1244       0.05573 ±    0.00373       0.06517 ±    0.00084     6.458 ±  0.105 %    88.383 ±  0.196 %
  27      46.9341 ±    1.1459       0.05593 ±    0.00364       0.06505 ±    0.00082     6.405 ±  0.103 %    88.393 ±  0.193 %
  28      46.7018 ±    1.1194       0.05695 ±    0.00357       0.06516 ±    0.00081     6.404 ±  0.101 %    88.368 ±  0.189 %
  29      46.8354 ±    1.1037       0.05827 ±    0.00353       0.06488 ±    0.00079     6.368 ±  0.098 %    88.368 ±  0.186 %
  30      46.8205 ±    1.0855       0.05703 ±    0.00348       0.06442 ±    0.00077     6.331 ±  0.097 %    88.403 ±  0.183 %
  31      46.4616 ±    1.0590       0.05677 ±    0.00341       0.06461 ±    0.00075     6.347 ±  0.095 %    88.390 ±  0.180 %
  32      45.5450 ±    1.0211       0.05730 ±    0.00334       0.06431 ±    0.00074     6.332 ±  0.093 %    88.462 ±  0.177 %
  33      45.2849 ±    1.0003       0.05766 ±    0.00330       0.06403 ±    0.00072     6.304 ±  0.091 %    88.492 ±  0.174 %
  34      44.8200 ±    0.9747       0.05754 ±    0.00325       0.06372 ±    0.00070     6.284 ±  0.089 %    88.549 ±  0.171 %
  35      44.8397 ±    0.9593       0.05787 ±    0.00319       0.06361 ±    0.00069     6.260 ±  0.087 %    88.513 ±  0.169 %
  36      44.1373 ±    0.9306       0.05773 ±    0.00314       0.06319 ±    0.00068     6.260 ±  0.086 %    88.593 ±  0.166 %
  37      43.0484 ±    0.8936       0.05864 ±    0.00310       0.06275 ±    0.00066     6.263 ±  0.085 %    88.679 ±  0.163 %
  38      42.5755 ±    0.8708       0.05940 ±    0.00307       0.06288 ±    0.00065     6.280 ±  0.083 %    88.674 ±  0.161 %
  39      41.7770 ±    0.8423       0.05918 ±    0.00302       0.06270 ±    0.00064     6.298 ±  0.082 %    88.683 ±  0.159 %
  40      41.4847 ±    0.8252       0.05855 ±    0.00299       0.06295 ±    0.00064     6.319 ±  0.080 %    88.609 ±  0.157 %
  41      41.4906 ±    0.8157       0.05918 ±    0.00296       0.06282 ±    0.00063     6.337 ±  0.079 %    88.606 ±  0.155 %
  42      41.8692 ±    0.8142       0.05932 ±    0.00293       0.06291 ±    0.00062     6.333 ±  0.079 %    88.603 ±  0.153 %
  43      42.5816 ±    0.8184       0.06195 ±    0.00292       0.06414 ±    0.00062     6.348 ±  0.078 %    88.461 ±  0.152 %
  44      43.5688 ±    0.8299       0.06126 ±    0.00289       0.06422 ±    0.00061     6.313 ±  0.077 %    88.436 ±  0.151 %
  45      44.1754 ±    0.8328       0.06050 ±    0.00285       0.06406 ±    0.00060     6.280 ±  0.076 %    88.413 ±  0.149 %
  46      44.4872 ±    0.8304       0.06033 ±    0.00283       0.06400 ±    0.00059     6.275 ±  0.075 %    88.423 ±  0.147 %
  47      44.8674 ±    0.8291       0.06088 ±    0.00281       0.06419 ±    0.00059     6.276 ±  0.074 %    88.407 ±  0.146 %
  48      45.1835 ±    0.8265       0.06012 ±    0.00278       0.06422 ±    0.00058     6.259 ±  0.073 %    88.408 ±  0.144 %
  49      45.3434 ±    0.8212       0.06013 ±    0.00276       0.06414 ±    0.00057     6.260 ±  0.073 %    88.415 ±  0.143 %
  50      45.5572 ±    0.8169       0.05991 ±    0.00273       0.06421 ±    0.00057     6.243 ±  0.072 %    88.395 ±  0.142 %
  51      45.1920 ±    0.8021       0.05991 ±    0.00270       0.06399 ±    0.00056     6.230 ±  0.071 %    88.417 ±  0.140 %
  52      45.1172 ±    0.7935       0.05989 ±    0.00267       0.06385 ±    0.00056     6.222 ±  0.070 %    88.433 ±  0.139 %
  53      44.8779 ±    0.7812       0.05788 ±    0.00266       0.06427 ±    0.00055     6.245 ±  0.070 %    88.393 ±  0.138 %
  54      44.3956 ±    0.7651       0.05816 ±    0.00264       0.06408 ±    0.00055     6.256 ±  0.069 %    88.435 ±  0.136 %
  55      44.2949 ±    0.7562       0.05829 ±    0.00261       0.06404 ±    0.00054     6.271 ±  0.068 %    88.414 ±  0.135 %
  56      44.2013 ±    0.7478       0.05847 ±    0.00258       0.06418 ±    0.00054     6.305 ±  0.068 %    88.408 ±  0.134 %
  57      43.5110 ±    0.7285       0.05838 ±    0.00256       0.06402 ±    0.00053     6.322 ±  0.067 %    88.457 ±  0.132 %
  58      43.4401 ±    0.7202       0.05797 ±    0.00253       0.06396 ±    0.00053     6.312 ±  0.066 %    88.442 ±  0.131 %
  59      42.8168 ±    0.7029       0.05763 ±    0.00250       0.06374 ±    0.00052     6.310 ±  0.066 %    88.470 ±  0.130 %
  60      42.9086 ±    0.6986       0.05751 ±    0.00248       0.06351 ±    0.00051     6.292 ±  0.065 %    88.509 ±  0.129 %
  61      43.1115 ±    0.6964       0.05792 ±    0.00248       0.06352 ±    0.00051     6.296 ±  0.065 %    88.504 ±  0.128 %
  62      43.3970 ±    0.6958       0.05782 ±    0.00246       0.06347 ±    0.00051     6.297 ±  0.064 %    88.513 ±  0.127 %
  63      44.0208 ±    0.7010       0.05886 ±    0.00243       0.06340 ±    0.00050     6.283 ±  0.064 %    88.499 ±  0.126 %
  64      43.9992 ±    0.6954       0.05946 ±    0.00241       0.06332 ±    0.00049     6.272 ±  0.063 %    88.503 ±  0.125 %
  65      44.1736 ±    0.6935       0.06042 ±    0.00241       0.06377 ±    0.00049     6.296 ±  0.062 %    88.467 ±  0.124 %
  66      44.1499 ±    0.6881       0.06031 ±    0.00239       0.06375 ±    0.00049     6.307 ±  0.062 %    88.464 ±  0.123 %
  67      44.1677 ±    0.6837       0.05921 ±    0.00240       0.06454 ±    0.00049     6.344 ±  0.062 %    88.424 ±  0.122 %
  68      44.1039 ±    0.6777       0.05887 ±    0.00237       0.06442 ±    0.00049     6.345 ±  0.061 %    88.445 ±  0.121 %
  69      44.1745 ±    0.6740       0.05841 ±    0.00236       0.06451 ±    0.00049     6.343 ±  0.060 %    88.441 ±  0.120 %
  70      43.7268 ±    0.6635       0.05871 ±    0.00235       0.06448 ±    0.00048     6.366 ±  0.060 %    88.464 ±  0.119 %
  71      43.4019 ±    0.6534       0.05942 ±    0.00233       0.06442 ±    0.00048     6.370 ±  0.060 %    88.474 ±  0.118 %
  72      43.8929 ±    0.6575       0.05951 ±    0.00232       0.06465 ±    0.00048     6.378 ±  0.059 %    88.408 ±  0.118 %
  73      44.3664 ±    0.6610       0.05960 ±    0.00230       0.06471 ±    0.00047     6.371 ±  0.059 %    88.394 ±  0.117 %
  74      44.2024 ±    0.6538       0.05970 ±    0.00228       0.06456 ±    0.00047     6.377 ±  0.059 %    88.398 ±  0.116 %
  75      44.1174 ±    0.6482       0.05938 ±    0.00227       0.06442 ±    0.00047     6.375 ±  0.059 %    88.425 ±  0.116 %
  76      44.1347 ±    0.6442       0.05890 ±    0.00226       0.06441 ±    0.00046     6.369 ±  0.058 %    88.436 ±  0.115 %
  77      44.1803 ±    0.6409       0.05856 ±    0.00225       0.06438 ±    0.00046     6.363 ±  0.058 %    88.436 ±  0.114 %
  78      44.1623 ±    0.6367       0.05835 ±    0.00223       0.06428 ±    0.00045     6.353 ±  0.057 %    88.446 ±  0.113 %
  79      44.2239 ±    0.6335       0.05814 ±    0.00222       0.06426 ±    0.00045     6.346 ±  0.057 %    88.449 ±  0.112 %
  80      44.4228 ±    0.6325       0.05831 ±    0.00220       0.06417 ±    0.00045     6.338 ±  0.056 %    88.441 ±  0.112 %
  81      43.9766 ±    0.6217       0.05820 ±    0.00218       0.06390 ±    0.00044     6.325 ±  0.056 %    88.482 ±  0.111 %
  82      43.6071 ±    0.6126       0.05750 ±    0.00216       0.06375 ±    0.00044     6.338 ±  0.056 %    88.502 ±  0.110 %
  83      43.1301 ±    0.6019       0.05692 ±    0.00215       0.06365 ±    0.00044     6.351 ±  0.056 %    88.522 ±  0.109 %
  84      42.8844 ±    0.5950       0.05632 ±    0.00213       0.06349 ±    0.00044     6.347 ±  0.055 %    88.560 ±  0.109 %
  85      42.9977 ±    0.5930       0.05598 ±    0.00212       0.06348 ±    0.00043     6.347 ±  0.055 %    88.562 ±  0.108 %
  86      42.9036 ±    0.5881       0.05567 ±    0.00211       0.06354 ±    0.00043     6.345 ±  0.055 %    88.553 ±  0.107 %
  87      43.0481 ±    0.5866       0.05584 ±    0.00209       0.06361 ±    0.00043     6.358 ±  0.055 %    88.534 ±  0.107 %
  88      43.4110 ±    0.5880       0.05575 ±    0.00208       0.06361 ±    0.00043     6.342 ±  0.054 %    88.510 ±  0.106 %
  89      43.4340 ±    0.5849       0.05549 ±    0.00206       0.06350 ±    0.00042     6.333 ±  0.054 %    88.532 ±  0.106 %
  90      43.7257 ±    0.5855       0.05537 ±    0.00205       0.06366 ±    0.00042     6.340 ±  0.053 %    88.519 ±  0.105 %
  91      44.2545 ±    0.5896       0.05580 ±    0.00204       0.06382 ±    0.00042     6.326 ±  0.053 %    88.489 ±  0.105 %
  92      44.7278 ±    0.5930       0.05611 ±    0.00202       0.06390 ±    0.00042     6.317 ±  0.053 %    88.459 ±  0.104 %
  93      45.0043 ±    0.5933       0.05647 ±    0.00201       0.06415 ±    0.00041     6.317 ±  0.052 %    88.417 ±  0.104 %
  94      45.5360 ±    0.5978       0.05655 ±    0.00200       0.06424 ±    0.00041     6.300 ±  0.052 %    88.405 ±  0.103 %
  95      46.0279 ±    0.6014       0.05657 ±    0.00199       0.06422 ±    0.00041     6.288 ±  0.052 %    88.395 ±  0.103 %
  96      45.9655 ±    0.5973       0.05631 ±    0.00198       0.06415 ±    0.00040     6.289 ±  0.051 %    88.413 ±  0.102 %
  97      46.1780 ±    0.5972       0.05620 ±    0.00196       0.06412 ±    0.00040     6.284 ±  0.051 %    88.422 ±  0.102 %
  98      46.3370 ±    0.5965       0.05657 ±    0.00196       0.06403 ±    0.00040     6.282 ±  0.051 %    88.432 ±  0.101 %
  99      46.7061 ±    0.5989       0.05676 ±    0.00195       0.06401 ±    0.00040     6.274 ±  0.050 %    88.433 ±  0.101 %
 100      46.6555 ±    0.5953       0.05667 ±    0.00194       0.06403 ±    0.00040     6.277 ±  0.051 %    88.439 ±  0.100 %
 101      46.8826 ±    0.5958       0.05724 ±    0.00194       0.06403 ±    0.00040     6.272 ±  0.050 %    88.421 ±  0.100 %
 102      47.1255 ±    0.5962       0.05714 ±    0.00193       0.06401 ±    0.00040     6.261 ±  0.050 %    88.409 ±  0.099 %
 103      47.2885 ±    0.5953       0.05640 ±    0.00193       0.06451 ±    0.00040     6.274 ±  0.050 %    88.365 ±  0.099 %
 104      47.3817 ±    0.5937       0.05655 ±    0.00193       0.06440 ±    0.00040     6.263 ±  0.050 %    88.367 ±  0.098 %
 105      47.4264 ±    0.5914       0.05688 ±    0.00192       0.06443 ±    0.00040     6.271 ±  0.050 %    88.358 ±  0.098 %
 106      47.7361 ±    0.5929       0.05706 ±    0.00191       0.06432 ±    0.00040     6.257 ±  0.049 %    88.359 ±  0.097 %
 107      47.7028 ±    0.5894       0.05733 ±    0.00190       0.06426 ±    0.00039     6.268 ±  0.049 %    88.366 ±  0.097 %
 108      47.8240 ±    0.5883       0.05741 ±    0.00189       0.06413 ±    0.00039     6.261 ±  0.049 %    88.371 ±  0.096 %
 109      47.8501 ±    0.5860       0.05720 ±    0.00188       0.06441 ±    0.00039     6.270 ±  0.049 %    88.359 ±  0.096 %
 110      47.6034 ±    0.5801       0.05740 ±    0.00187       0.06427 ±    0.00039     6.273 ±  0.049 %    88.376 ±  0.096 %
 111      47.5011 ±    0.5759       0.05720 ±    0.00187       0.06450 ±    0.00039     6.271 ±  0.048 %    88.375 ±  0.095 %
 112      47.3075 ±    0.5710       0.05737 ±    0.00186       0.06448 ±    0.00038     6.280 ±  0.048 %    88.371 ±  0.095 %
 113      47.4933 ±    0.5711       0.05716 ±    0.00185       0.06442 ±    0.00038     6.278 ±  0.048 %    88.376 ±  0.094 %
 114      47.7164 ±    0.5716       0.05724 ±    0.00184       0.06441 ±    0.00038     6.271 ±  0.048 %    88.389 ±  0.094 %
 115      47.9409 ±    0.5722       0.05767 ±    0.00183       0.06444 ±    0.00038     6.271 ±  0.047 %    88.390 ±  0.093 %
 116      48.2399 ±    0.5738       0.05876 ±    0.00183       0.06501 ±    0.00038     6.280 ±  0.047 %    88.351 ±  0.093 %
 117      47.8992 ±    0.5669       0.05826 ±    0.00182       0.06490 ±    0.00038     6.281 ±  0.047 %    88.373 ±  0.093 %
 118      47.5913 ±    0.5608       0.05862 ±    0.00182       0.06475 ±    0.00038     6.281 ±  0.047 %    88.411 ±  0.092 %
 119      47.5122 ±    0.5573       0.05847 ±    0.00181       0.06464 ±    0.00037     6.272 ±  0.046 %    88.423 ±  0.092 %
 120      47.3747 ±    0.5533       0.05874 ±    0.00180       0.06452 ±    0.00037     6.272 ±  0.046 %    88.447 ±  0.091 %
 121      47.2121 ±    0.5490       0.05935 ±    0.00179       0.06439 ±    0.00037     6.268 ±  0.046 %    88.449 ±  0.091 %
 122      47.1055 ±    0.5452       0.05973 ±    0.00178       0.06434 ±    0.00037     6.269 ±  0.046 %    88.464 ±  0.090 %
 123      47.2068 ±    0.5444       0.05999 ±    0.00177       0.06425 ±    0.00037     6.268 ±  0.046 %    88.477 ±  0.090 %
 124      47.1913 ±    0.5422       0.05974 ±    0.00176       0.06422 ±    0.00036     6.266 ±  0.045 %    88.502 ±  0.090 %
 125      47.2034 ±    0.5405       0.06005 ±    0.00176       0.06418 ±    0.00036     6.270 ±  0.045 %    88.500 ±  0.089 %
 126      47.3040 ±    0.5396       0.06034 ±    0.00175       0.06417 ±    0.00036     6.272 ±  0.045 %    88.507 ±  0.089 %
 127      47.2459 ±    0.5366       0.06039 ±    0.00174       0.06407 ±    0.00036     6.269 ±  0.045 %    88.519 ±  0.088 %
 128      46.9860 ±    0.5313       0.06038 ±    0.00173       0.06401 ±    0.00036     6.284 ±  0.045 %    88.536 ±  0.088 %
 129      46.9304 ±    0.5285       0.06038 ±    0.00173       0.06397 ±    0.00036     6.285 ±  0.045 %    88.534 ±  0.088 %
 130      47.0790 ±    0.5285       0.06033 ±    0.00172       0.06394 ±    0.00036     6.275 ±  0.045 %    88.540 ±  0.087 %
 131      46.9532 ±    0.5249       0.06022 ±    0.00171       0.06384 ±    0.00035     6.269 ±  0.045 %    88.550 ±  0.087 %
 132      47.0080 ±    0.5237       0.06042 ±    0.00171       0.06385 ±    0.00035     6.273 ±  0.045 %    88.564 ±  0.087 %
 133      47.1531 ±    0.5234       0.06077 ±    0.00170       0.06381 ±    0.00035     6.267 ±  0.044 %    88.570 ±  0.086 %
 134      46.9586 ±    0.5189       0.06081 ±    0.00169       0.06383 ±    0.00035     6.275 ±  0.044 %    88.575 ±  0.086 %
 135      46.7711 ±    0.5148       0.06079 ±    0.00169       0.06381 ±    0.00035     6.275 ±  0.044 %    88.576 ±  0.086 %
 136      46.3990 ±    0.5088       0.06095 ±    0.00168       0.06366 ±    0.00035     6.270 ±  0.044 %    88.604 ±  0.085 %
 137      46.3180 ±    0.5060       0.06079 ±    0.00167       0.06361 ±    0.00035     6.267 ±  0.044 %    88.598 ±  0.085 %
 138      46.4589 ±    0.5059       0.06094 ±    0.00167       0.06352 ±    0.00034     6.264 ±  0.043 %    88.597 ±  0.085 %
 139      46.7991 ±    0.5081       0.06082 ±    0.00166       0.06356 ±    0.00034     6.258 ±  0.043 %    88.587 ±  0.084 %
 140      46.7907 ±    0.5062       0.06085 ±    0.00165       0.06356 ±    0.00034     6.257 ±  0.043 %    88.592 ±  0.084 %
 141      46.8604 ±    0.5052       0.06072 ±    0.00165       0.06353 ±    0.00034     6.253 ±  0.043 %    88.605 ±  0.084 %
 142      46.9461 ±    0.5044       0.06088 ±    0.00164       0.06348 ±    0.00034     6.248 ±  0.043 %    88.604 ±  0.083 %
 143      47.1259 ±    0.5046       0.06104 ±    0.00164       0.06354 ±    0.00034     6.245 ±  0.042 %    88.590 ±  0.083 %
 144      47.1905 ±    0.5038       0.06118 ±    0.00163       0.06355 ±    0.00034     6.243 ±  0.042 %    88.594 ±  0.083 %

====== Perplexity statistics ======
Mean PPL(Q)                   :  47.190542 ±   0.503835
Mean PPL(base)                :  44.389851 ±   0.462582
Cor(ln(PPL(Q)), ln(PPL(base))):  98.84%
Mean ln(PPL(Q)/PPL(base))     :   0.061183 ±   0.001630
Mean PPL(Q)/PPL(base)         :   1.063093 ±   0.001733
Mean PPL(Q)-PPL(base)         :   2.800692 ±   0.084441

====== KL divergence statistics ======
Mean    KLD:   0.063547 ±   0.000335
Maximum KLD:   6.891213
99.9%   KLD:   1.536777
99.0%   KLD:   0.538076
95.0%   KLD:   0.229686
90.0%   KLD:   0.150431
Median  KLD:   0.027996
10.0%   KLD:   0.000770
 5.0%   KLD:   0.000132
 1.0%   KLD:   0.000005
 0.1%   KLD:  -0.000001
Minimum KLD:  -0.000118

====== Token probability statistics ======
Mean    Δp: -0.474 ± 0.016 %
Maximum Δp: 88.079%
99.9%   Δp: 40.197%
99.0%   Δp: 18.184%
95.0%   Δp:  6.760%
90.0%   Δp:  2.901%
75.0%   Δp:  0.175%
Median  Δp: -0.001%
25.0%   Δp: -0.588%
10.0%   Δp: -4.652%
 5.0%   Δp: -9.411%
 1.0%   Δp: -23.017%
 0.1%   Δp: -48.177%
Minimum Δp: -92.677%
RMS Δp    :  6.243 ± 0.042 %
Same top p: 88.594 ± 0.083 %

------------------------------
llama-perplexity --kl-divergence-base /tmp/logits.dat --ctx-size 2048 -f sample-data/wiki.test.raw -hf unsloth/gemma-4-E2B-it-qat-GGUF:UD-Q4_K_XL -fa on -ngl 99 -ctk turbo4 -ctv turbo3 --kl-divergence
0.00.479.735 I common_init_result: fitting params to device memory ...
0.00.479.739 I common_init_result: (for bugs during this step try to reproduce them with -fit off, or provide --verbose logs if the bug only occurs with -fit on)
0.02.862.750 W load: control-looking token:    212 '</s>' was not control-type; this is probably a bug in the model. its type will be overridden
0.02.863.262 W load: control-looking token:     50 '<|tool_response>' was not control-type; this is probably a bug in the model. its type will be overridden
0.02.891.114 W load: special_eog_ids contains '<|tool_response>', removing '</s>' token from EOG list
0.03.857.090 W llama_context: n_ctx_seq (2048) < n_ctx_train (131072) -- the full capacity of the model will not be utilized
0.03.884.587 I common_init_from_params: warming up the model with an empty run - please wait ... (--no-warmup to disable)
0.03.913.277 I 
0.03.913.350 I system_info: n_threads = 16 (n_threads_batch = 16) / 32 | CUDA : ARCHS = 500,610,700,750,800,860,890,900 | USE_GRAPHS = 1 | PEER_MAX_BATCH_SIZE = 128 | CPU : SSE3 = 1 | SSSE3 = 1 | AVX = 1 | AVX2 = 1 | F16C = 1 | FMA = 1 | BMI2 = 1 | LLAMAFILE = 1 | OPENMP = 1 | REPACK = 1 | 
0.04.141.406 I kl_divergence: computing over 144 chunks, n_ctx=2048, batch_size=2048, n_seq=1
0.05.188.203 I kl_divergence: 1.05 seconds per pass - ETA 2.50 minutes

chunk             PPL               ln(PPL(Q)/PPL(base))          KL Divergence              Δp RMS            Same top p
   1      42.8302 ±    5.3704      -0.00234 ±    0.01997       0.09086 ±    0.00488     7.294 ±  0.497 %    85.924 ±  1.088 %
   2      54.4949 ±    4.7990      -0.01404 ±    0.01377       0.09322 ±    0.00361     6.891 ±  0.371 %    84.995 ±  0.790 %
   3      60.8451 ±    4.4515       0.04011 ±    0.01282       0.10463 ±    0.00312     7.244 ±  0.318 %    83.708 ±  0.667 %
   4      56.2625 ±    3.5274       0.02272 ±    0.01090       0.10464 ±    0.00280     7.469 ±  0.291 %    83.993 ±  0.573 %
   5      53.0339 ±    3.0095       0.02728 ±    0.00986       0.10557 ±    0.00264     7.491 ±  0.256 %    84.203 ±  0.510 %
   6      41.6819 ±    2.0974       0.02980 ±    0.00887       0.10611 ±    0.00244     7.969 ±  0.237 %    84.132 ±  0.466 %
   7      35.7792 ±    1.6332       0.02865 ±    0.00812       0.10586 ±    0.00234     8.427 ±  0.239 %    84.374 ±  0.429 %
   8      35.0499 ±    1.4893       0.02838 ±    0.00765       0.10717 ±    0.00230     8.514 ±  0.224 %    84.580 ±  0.399 %
   9      35.8333 ±    1.4260       0.02236 ±    0.00719       0.10552 ±    0.00211     8.353 ±  0.209 %    84.577 ±  0.376 %
  10      37.4372 ±    1.4323       0.02151 ±    0.00689       0.10383 ±    0.00196     8.201 ±  0.196 %    84.966 ±  0.353 %
  11      38.3689 ±    1.4029       0.02393 ±    0.00657       0.10391 ±    0.00185     8.164 ±  0.183 %    84.920 ±  0.337 %
  12      42.2030 ±    1.4994       0.04218 ±    0.00644       0.10774 ±    0.00177     8.238 ±  0.175 %    84.881 ±  0.323 %
  13      41.4285 ±    1.4098       0.03556 ±    0.00611       0.10532 ±    0.00166     8.189 ±  0.166 %    85.164 ±  0.308 %
  14      42.1273 ±    1.3839       0.03592 ±    0.00587       0.10464 ±    0.00163     8.234 ±  0.166 %    85.274 ±  0.296 %
  15      41.6683 ±    1.3204       0.03404 ±    0.00562       0.10373 ±    0.00158     8.182 ±  0.158 %    85.422 ±  0.285 %
  16      43.5265 ±    1.3375       0.03014 ±    0.00542       0.10337 ±    0.00153     8.198 ±  0.156 %    85.514 ±  0.275 %
  17      43.7262 ±    1.3035       0.03090 ±    0.00524       0.10197 ±    0.00146     8.154 ±  0.150 %    85.653 ±  0.266 %
  18      44.1527 ±    1.2782       0.03528 ±    0.00510       0.10286 ±    0.00142     8.179 ±  0.144 %    85.538 ±  0.259 %
  19      43.0839 ±    1.2142       0.03220 ±    0.00494       0.10201 ±    0.00139     8.135 ±  0.143 %    85.667 ±  0.251 %
  20      42.1258 ±    1.1609       0.03260 ±    0.00496       0.10152 ±    0.00136     8.170 ±  0.140 %    85.665 ±  0.245 %
  21      42.3454 ±    1.1393       0.03150 ±    0.00483       0.10098 ±    0.00132     8.103 ±  0.136 %    85.710 ±  0.239 %
  22      42.6323 ±    1.1231       0.02983 ±    0.00473       0.10153 ±    0.00133     8.071 ±  0.134 %    85.648 ±  0.234 %
  23      42.9556 ±    1.1085       0.03039 ±    0.00462       0.10107 ±    0.00129     8.027 ±  0.130 %    85.669 ±  0.228 %
  24      43.1988 ±    1.0939       0.02790 ±    0.00452       0.10085 ±    0.00125     7.983 ±  0.127 %    85.643 ±  0.224 %
  25      43.6461 ±    1.0840       0.02498 ±    0.00442       0.10081 ±    0.00122     7.909 ±  0.124 %    85.591 ±  0.220 %
  26      43.9149 ±    1.0721       0.02425 ±    0.00434       0.10089 ±    0.00119     7.917 ±  0.121 %    85.604 ±  0.215 %
  27      45.5928 ±    1.0962       0.02694 ±    0.00429       0.10210 ±    0.00118     7.879 ±  0.119 %    85.565 ±  0.211 %
  28      45.2666 ±    1.0680       0.02573 ±    0.00421       0.10214 ±    0.00115     7.872 ±  0.116 %    85.550 ±  0.208 %
  29      45.2945 ±    1.0502       0.02482 ±    0.00415       0.10174 ±    0.00112     7.834 ±  0.113 %    85.556 ±  0.204 %
  30      45.2865 ±    1.0327       0.02372 ±    0.00410       0.10143 ±    0.00110     7.786 ±  0.110 %    85.624 ±  0.200 %
  31      44.9811 ±    1.0089       0.02438 ±    0.00403       0.10172 ±    0.00109     7.796 ±  0.108 %    85.586 ±  0.197 %
  32      43.9928 ±    0.9699       0.02263 ±    0.00395       0.10105 ±    0.00106     7.761 ±  0.106 %    85.676 ±  0.194 %
  33      43.8505 ±    0.9529       0.02547 ±    0.00391       0.10160 ±    0.00105     7.746 ±  0.104 %    85.639 ±  0.191 %
  34      43.3341 ±    0.9267       0.02382 ±    0.00383       0.10089 ±    0.00102     7.710 ±  0.102 %    85.708 ±  0.188 %
  35      43.3011 ±    0.9108       0.02296 ±    0.00377       0.10061 ±    0.00100     7.670 ±  0.100 %    85.720 ±  0.185 %
  36      42.6642 ±    0.8846       0.02379 ±    0.00371       0.10006 ±    0.00099     7.668 ±  0.098 %    85.804 ±  0.182 %
  37      41.5557 ±    0.8482       0.02335 ±    0.00365       0.09943 ±    0.00097     7.648 ±  0.096 %    85.932 ±  0.179 %
  38      41.1151 ±    0.8268       0.02449 ±    0.00360       0.09922 ±    0.00095     7.655 ±  0.095 %    85.934 ±  0.176 %
  39      40.3732 ±    0.8002       0.02500 ±    0.00355       0.09900 ±    0.00094     7.685 ±  0.094 %    85.949 ±  0.174 %
  40      40.1060 ±    0.7842       0.02475 ±    0.00349       0.09914 ±    0.00092     7.711 ±  0.092 %    85.929 ±  0.172 %
  41      40.0790 ±    0.7743       0.02456 ±    0.00344       0.09895 ±    0.00091     7.716 ±  0.091 %    85.983 ±  0.170 %
  42      40.5383 ±    0.7753       0.02702 ±    0.00342       0.09997 ±    0.00092     7.730 ±  0.090 %    85.910 ±  0.168 %
  43      41.2427 ±    0.7797       0.03001 ±    0.00340       0.10148 ±    0.00092     7.746 ±  0.090 %    85.746 ±  0.167 %
  44      42.2048 ±    0.7911       0.02946 ±    0.00337       0.10134 ±    0.00091     7.702 ±  0.089 %    85.762 ±  0.165 %
  45      42.8039 ±    0.7940       0.02896 ±    0.00332       0.10130 ±    0.00089     7.686 ±  0.088 %    85.724 ±  0.163 %
  46      43.0760 ±    0.7909       0.02809 ±    0.00329       0.10128 ±    0.00088     7.690 ±  0.087 %    85.741 ±  0.161 %
  47      43.4805 ±    0.7906       0.02948 ±    0.00326       0.10130 ±    0.00087     7.686 ±  0.086 %    85.707 ±  0.160 %
  48      43.8107 ±    0.7885       0.02927 ±    0.00322       0.10143 ±    0.00086     7.665 ±  0.085 %    85.669 ±  0.158 %
  49      43.9111 ±    0.7822       0.02804 ±    0.00318       0.10138 ±    0.00085     7.657 ±  0.084 %    85.670 ±  0.156 %
  50      44.1163 ±    0.7781       0.02777 ±    0.00315       0.10130 ±    0.00084     7.642 ±  0.082 %    85.685 ±  0.155 %
  51      43.8872 ±    0.7665       0.03061 ±    0.00314       0.10206 ±    0.00084     7.674 ±  0.082 %    85.692 ±  0.153 %
  52      43.8180 ±    0.7585       0.03067 ±    0.00311       0.10195 ±    0.00083     7.662 ±  0.081 %    85.677 ±  0.152 %
  53      43.6775 ±    0.7487       0.03077 ±    0.00308       0.10173 ±    0.00082     7.673 ±  0.080 %    85.725 ±  0.150 %
  54      43.1806 ±    0.7325       0.03041 ±    0.00305       0.10167 ±    0.00082     7.690 ±  0.080 %    85.750 ±  0.149 %
  55      43.0489 ±    0.7234       0.02976 ±    0.00302       0.10165 ±    0.00081     7.693 ±  0.080 %    85.735 ±  0.147 %
  56      42.9322 ±    0.7150       0.02934 ±    0.00299       0.10161 ±    0.00080     7.704 ±  0.079 %    85.733 ±  0.146 %
  57      42.2616 ±    0.6965       0.02924 ±    0.00296       0.10125 ±    0.00079     7.718 ±  0.078 %    85.793 ±  0.145 %
  58      42.1965 ±    0.6886       0.02892 ±    0.00293       0.10113 ±    0.00079     7.705 ±  0.077 %    85.765 ±  0.143 %
  59      41.5966 ±    0.6722       0.02872 ±    0.00290       0.10069 ±    0.00078     7.711 ±  0.076 %    85.793 ±  0.142 %
  60      41.6658 ±    0.6677       0.02812 ±    0.00288       0.10056 ±    0.00077     7.699 ±  0.076 %    85.836 ±  0.141 %
  61      41.8891 ±    0.6661       0.02916 ±    0.00287       0.10075 ±    0.00077     7.708 ±  0.075 %    85.848 ±  0.140 %
  62      42.1930 ±    0.6661       0.02968 ±    0.00285       0.10071 ±    0.00076     7.693 ±  0.075 %    85.826 ±  0.138 %
  63      42.7220 ±    0.6696       0.02891 ±    0.00282       0.10049 ±    0.00075     7.670 ±  0.074 %    85.824 ±  0.137 %
  64      42.6899 ±    0.6641       0.02926 ±    0.00280       0.10028 ±    0.00074     7.659 ±  0.073 %    85.832 ±  0.136 %
  65      42.8514 ±    0.6620       0.03003 ±    0.00279       0.10049 ±    0.00074     7.671 ±  0.073 %    85.838 ±  0.135 %
  66      42.8014 ±    0.6563       0.02929 ±    0.00277       0.10064 ±    0.00074     7.686 ±  0.072 %    85.838 ±  0.134 %
  67      42.8614 ±    0.6529       0.02919 ±    0.00275       0.10055 ±    0.00073     7.685 ±  0.072 %    85.868 ±  0.133 %
  68      42.7867 ±    0.6468       0.02854 ±    0.00273       0.10056 ±    0.00073     7.681 ±  0.071 %    85.879 ±  0.132 %
  69      42.8831 ±    0.6437       0.02874 ±    0.00271       0.10069 ±    0.00072     7.693 ±  0.071 %    85.849 ±  0.131 %
  70      42.4544 ±    0.6337       0.02918 ±    0.00270       0.10061 ±    0.00072     7.715 ±  0.070 %    85.861 ±  0.130 %
  71      42.1803 ±    0.6248       0.03087 ±    0.00269       0.10088 ±    0.00071     7.731 ±  0.070 %    85.867 ±  0.129 %
  72      42.6392 ±    0.6283       0.03053 ±    0.00268       0.10121 ±    0.00071     7.732 ±  0.069 %    85.842 ±  0.128 %
  73      43.1240 ±    0.6322       0.03120 ±    0.00267       0.10161 ±    0.00070     7.725 ±  0.068 %    85.821 ±  0.128 %
  74      43.0254 ±    0.6264       0.03271 ±    0.00265       0.10174 ±    0.00071     7.738 ±  0.068 %    85.818 ±  0.127 %
  75      42.9377 ±    0.6208       0.03228 ±    0.00264       0.10151 ±    0.00070     7.731 ±  0.068 %    85.849 ±  0.126 %
  76      42.9670 ±    0.6172       0.03208 ±    0.00262       0.10153 ±    0.00070     7.722 ±  0.067 %    85.847 ±  0.125 %
  77      43.0475 ±    0.6147       0.03258 ±    0.00261       0.10171 ±    0.00069     7.716 ±  0.067 %    85.823 ±  0.124 %
  78      43.0037 ±    0.6100       0.03177 ±    0.00259       0.10164 ±    0.00068     7.710 ±  0.066 %    85.830 ±  0.123 %
  79      43.0550 ±    0.6069       0.03135 ±    0.00257       0.10150 ±    0.00068     7.692 ±  0.066 %    85.832 ±  0.123 %
  80      43.2392 ±    0.6057       0.03130 ±    0.00256       0.10150 ±    0.00068     7.681 ±  0.065 %    85.830 ±  0.122 %
  81      42.7744 ±    0.5949       0.03049 ±    0.00253       0.10116 ±    0.00067     7.681 ±  0.065 %    85.872 ±  0.121 %
  82      42.4068 ±    0.5860       0.02958 ±    0.00251       0.10096 ±    0.00067     7.688 ±  0.065 %    85.921 ±  0.120 %
  83      41.9676 ±    0.5762       0.02960 ±    0.00250       0.10090 ±    0.00066     7.705 ±  0.064 %    85.947 ±  0.119 %
  84      41.7662 ±    0.5701       0.02990 ±    0.00248       0.10104 ±    0.00066     7.719 ±  0.064 %    85.962 ±  0.119 %
  85      41.9191 ±    0.5689       0.03058 ±    0.00248       0.10162 ±    0.00066     7.727 ±  0.063 %    85.917 ±  0.118 %
  86      41.8354 ±    0.5643       0.03045 ±    0.00246       0.10154 ±    0.00065     7.733 ±  0.063 %    85.893 ±  0.117 %
  87      41.9810 ±    0.5630       0.03074 ±    0.00245       0.10162 ±    0.00065     7.741 ±  0.062 %    85.879 ±  0.117 %
  88      42.3281 ±    0.5641       0.03049 ±    0.00243       0.10162 ±    0.00064     7.725 ±  0.062 %    85.858 ±  0.116 %
  89      42.3560 ±    0.5613       0.03036 ±    0.00242       0.10149 ±    0.00064     7.718 ±  0.062 %    85.868 ±  0.115 %
  90      42.7637 ±    0.5639       0.03313 ±    0.00242       0.10263 ±    0.00064     7.752 ±  0.061 %    85.800 ±  0.115 %
  91      43.2593 ±    0.5674       0.03305 ±    0.00241       0.10284 ±    0.00064     7.735 ±  0.061 %    85.778 ±  0.114 %
  92      43.6568 ±    0.5697       0.03187 ±    0.00239       0.10298 ±    0.00063     7.723 ±  0.061 %    85.750 ±  0.114 %
  93      43.8948 ±    0.5695       0.03151 ±    0.00238       0.10328 ±    0.00063     7.720 ±  0.060 %    85.704 ±  0.113 %
  94      44.4050 ±    0.5737       0.03140 ±    0.00236       0.10331 ±    0.00063     7.701 ±  0.060 %    85.695 ±  0.113 %
  95      44.9433 ±    0.5781       0.03272 ±    0.00236       0.10365 ±    0.00062     7.700 ±  0.059 %    85.632 ±  0.113 %
  96      44.8601 ±    0.5738       0.03197 ±    0.00234       0.10350 ±    0.00062     7.698 ±  0.059 %    85.653 ±  0.112 %
  97      45.0868 ±    0.5740       0.03229 ±    0.00233       0.10344 ±    0.00061     7.695 ±  0.059 %    85.643 ±  0.111 %
  98      45.2240 ±    0.5731       0.03226 ±    0.00232       0.10342 ±    0.00061     7.699 ±  0.058 %    85.642 ±  0.111 %
  99      45.5758 ±    0.5753       0.03226 ±    0.00231       0.10336 ±    0.00061     7.686 ±  0.058 %    85.660 ±  0.110 %
 100      45.5362 ±    0.5719       0.03239 ±    0.00230       0.10330 ±    0.00060     7.675 ±  0.057 %    85.689 ±  0.109 %
 101      45.7071 ±    0.5713       0.03184 ±    0.00228       0.10327 ±    0.00060     7.673 ±  0.057 %    85.657 ±  0.109 %
 102      45.9489 ±    0.5719       0.03186 ±    0.00227       0.10320 ±    0.00060     7.659 ±  0.057 %    85.658 ±  0.109 %
 103      46.1113 ±    0.5710       0.03119 ±    0.00226       0.10318 ±    0.00059     7.656 ±  0.057 %    85.659 ±  0.108 %
 104      46.1654 ±    0.5688       0.03055 ±    0.00225       0.10297 ±    0.00059     7.641 ±  0.056 %    85.652 ±  0.107 %
 105      46.1775 ±    0.5662       0.03019 ±    0.00224       0.10303 ±    0.00059     7.642 ±  0.056 %    85.640 ±  0.107 %
 106      46.4211 ±    0.5668       0.02913 ±    0.00223       0.10286 ±    0.00058     7.623 ±  0.056 %    85.639 ±  0.106 %
 107      46.3807 ±    0.5634       0.02923 ±    0.00222       0.10270 ±    0.00058     7.628 ±  0.055 %    85.638 ±  0.106 %
 108      46.4694 ±    0.5619       0.02867 ±    0.00221       0.10262 ±    0.00058     7.624 ±  0.055 %    85.636 ±  0.106 %
 109      46.4887 ±    0.5596       0.02834 ±    0.00219       0.10248 ±    0.00057     7.618 ±  0.055 %    85.632 ±  0.105 %
 110      46.2325 ±    0.5536       0.02818 ±    0.00218       0.10230 ±    0.00057     7.617 ±  0.054 %    85.664 ±  0.104 %
 111      46.1420 ±    0.5498       0.02817 ±    0.00217       0.10204 ±    0.00057     7.611 ±  0.054 %    85.690 ±  0.104 %
 112      45.9670 ±    0.5453       0.02863 ±    0.00216       0.10204 ±    0.00056     7.616 ±  0.054 %    85.699 ±  0.103 %
 113      46.1246 ±    0.5451       0.02792 ±    0.00215       0.10200 ±    0.00056     7.611 ±  0.053 %    85.707 ±  0.103 %
 114      46.3232 ±    0.5453       0.02761 ±    0.00214       0.10195 ±    0.00056     7.604 ±  0.053 %    85.720 ±  0.102 %
 115      46.5713 ±    0.5464       0.02868 ±    0.00213       0.10190 ±    0.00056     7.596 ±  0.053 %    85.715 ±  0.102 %
 116      46.7820 ±    0.5467       0.02807 ±    0.00212       0.10211 ±    0.00056     7.596 ±  0.053 %    85.687 ±  0.102 %
 117      46.4450 ±    0.5401       0.02743 ±    0.00211       0.10194 ±    0.00055     7.594 ±  0.052 %    85.720 ±  0.101 %
 118      46.1427 ±    0.5342       0.02771 ±    0.00210       0.10172 ±    0.00055     7.594 ±  0.052 %    85.747 ±  0.101 %
 119      46.0573 ±    0.5308       0.02737 ±    0.00209       0.10168 ±    0.00055     7.596 ±  0.052 %    85.756 ±  0.100 %
 120      45.9072 ±    0.5267       0.02727 ±    0.00208       0.10141 ±    0.00055     7.590 ±  0.052 %    85.778 ±  0.100 %
 121      45.7069 ±    0.5220       0.02695 ±    0.00207       0.10121 ±    0.00054     7.588 ±  0.052 %    85.790 ±  0.099 %
 122      45.5941 ±    0.5184       0.02712 ±    0.00206       0.10116 ±    0.00054     7.590 ±  0.051 %    85.808 ±  0.099 %
 123      45.6751 ±    0.5174       0.02700 ±    0.00205       0.10108 ±    0.00054     7.590 ±  0.051 %    85.824 ±  0.098 %
 124      45.6410 ±    0.5151       0.02634 ±    0.00204       0.10103 ±    0.00053     7.589 ±  0.051 %    85.836 ±  0.098 %
 125      45.6397 ±    0.5132       0.02636 ±    0.00204       0.10098 ±    0.00053     7.596 ±  0.051 %    85.833 ±  0.098 %
 126      45.7213 ±    0.5121       0.02631 ±    0.00203       0.10091 ±    0.00053     7.589 ±  0.051 %    85.854 ±  0.097 %
 127      45.6745 ±    0.5095       0.02657 ±    0.00202       0.10074 ±    0.00053     7.583 ±  0.050 %    85.871 ±  0.097 %
 128      45.4375 ±    0.5047       0.02686 ±    0.00201       0.10056 ±    0.00052     7.585 ±  0.050 %    85.890 ±  0.096 %
 129      45.3819 ±    0.5019       0.02683 ±    0.00200       0.10059 ±    0.00052     7.596 ±  0.050 %    85.885 ±  0.096 %
 130      45.5631 ±    0.5025       0.02760 ±    0.00200       0.10078 ±    0.00052     7.593 ±  0.050 %    85.882 ±  0.095 %
 131      45.4337 ±    0.4989       0.02732 ±    0.00199       0.10065 ±    0.00052     7.586 ±  0.050 %    85.903 ±  0.095 %
 132      45.4777 ±    0.4977       0.02733 ±    0.00198       0.10064 ±    0.00052     7.586 ±  0.050 %    85.912 ±  0.095 %
 133      45.6100 ±    0.4973       0.02750 ±    0.00197       0.10053 ±    0.00051     7.577 ±  0.049 %    85.924 ±  0.094 %
 134      45.3909 ±    0.4927       0.02686 ±    0.00197       0.10057 ±    0.00051     7.586 ±  0.049 %    85.935 ±  0.094 %
 135      45.2052 ±    0.4887       0.02673 ±    0.00196       0.10047 ±    0.00051     7.587 ±  0.049 %    85.946 ±  0.094 %
 136      44.8689 ±    0.4833       0.02742 ±    0.00195       0.10026 ±    0.00051     7.588 ±  0.049 %    85.970 ±  0.093 %
 137      44.8072 ±    0.4809       0.02762 ±    0.00194       0.10016 ±    0.00051     7.590 ±  0.049 %    85.972 ±  0.093 %
 138      44.9401 ±    0.4807       0.02770 ±    0.00194       0.10004 ±    0.00050     7.584 ±  0.048 %    85.982 ±  0.092 %
 139      45.2533 ±    0.4827       0.02723 ±    0.00193       0.10009 ±    0.00050     7.573 ±  0.048 %    85.976 ±  0.092 %
 140      45.2229 ±    0.4806       0.02676 ±    0.00192       0.10006 ±    0.00050     7.570 ±  0.048 %    85.975 ±  0.092 %
 141      45.2825 ±    0.4795       0.02647 ±    0.00191       0.10009 ±    0.00050     7.571 ±  0.048 %    85.976 ±  0.091 %
 142      45.3586 ±    0.4787       0.02648 ±    0.00190       0.10000 ±    0.00049     7.568 ±  0.048 %    85.971 ±  0.091 %
 143      45.5374 ±    0.4790       0.02675 ±    0.00190       0.10011 ±    0.00049     7.562 ±  0.047 %    85.950 ±  0.091 %
 144      45.5892 ±    0.4781       0.02666 ±    0.00189       0.10014 ±    0.00049     7.560 ±  0.047 %    85.945 ±  0.091 %

====== Perplexity statistics ======
Mean PPL(Q)                   :  45.589209 ±   0.478089
Mean PPL(base)                :  44.389851 ±   0.462582
Cor(ln(PPL(Q)), ln(PPL(base))):  98.36%
Mean ln(PPL(Q)/PPL(base))     :   0.026660 ±   0.001892
Mean PPL(Q)/PPL(base)         :   1.027019 ±   0.001944
Mean PPL(Q)-PPL(base)         :   1.199358 ±   0.086481

====== KL divergence statistics ======
Mean    KLD:   0.100137 ±   0.000490
Maximum KLD:   7.996769
99.9%   KLD:   2.194325
99.0%   KLD:   0.810075
95.0%   KLD:   0.362537
90.0%   KLD:   0.239626
Median  KLD:   0.045658
10.0%   KLD:   0.001469
 5.0%   KLD:   0.000276
 1.0%   KLD:   0.000016
 0.1%   KLD:   0.000001
Minimum KLD:  -0.000084

====== Token probability statistics ======
Mean    Δp: -0.675 ± 0.020 %
Maximum Δp: 95.101%
99.9%   Δp: 45.342%
99.0%   Δp: 21.629%
95.0%   Δp:  8.200%
90.0%   Δp:  3.528%
75.0%   Δp:  0.220%
Median  Δp: -0.001%
25.0%   Δp: -0.810%
10.0%   Δp: -6.013%
 5.0%   Δp: -11.919%
 1.0%   Δp: -28.342%
 0.1%   Δp: -56.561%
Minimum Δp: -98.211%
RMS Δp    :  7.560 ± 0.047 %
Same top p: 85.945 ± 0.091 %

------------------------------
llama-perplexity --kl-divergence-base /tmp/logits.dat --ctx-size 2048 -f sample-data/wiki.test.raw -hf unsloth/gemma-4-E2B-it-qat-GGUF:UD-Q4_K_XL -fa on -ngl 99 -ctk turbo4 -ctv turbo2 --kl-divergence
0.00.490.884 I common_init_result: fitting params to device memory ...
0.00.490.888 I common_init_result: (for bugs during this step try to reproduce them with -fit off, or provide --verbose logs if the bug only occurs with -fit on)
0.02.835.446 W load: control-looking token:    212 '</s>' was not control-type; this is probably a bug in the model. its type will be overridden
0.02.835.961 W load: control-looking token:     50 '<|tool_response>' was not control-type; this is probably a bug in the model. its type will be overridden
0.02.863.862 W load: special_eog_ids contains '<|tool_response>', removing '</s>' token from EOG list
0.03.808.670 W llama_context: n_ctx_seq (2048) < n_ctx_train (131072) -- the full capacity of the model will not be utilized
0.03.835.451 I common_init_from_params: warming up the model with an empty run - please wait ... (--no-warmup to disable)
0.03.863.652 I 
0.03.863.717 I system_info: n_threads = 16 (n_threads_batch = 16) / 32 | CUDA : ARCHS = 500,610,700,750,800,860,890,900 | USE_GRAPHS = 1 | PEER_MAX_BATCH_SIZE = 128 | CPU : SSE3 = 1 | SSSE3 = 1 | AVX = 1 | AVX2 = 1 | F16C = 1 | FMA = 1 | BMI2 = 1 | LLAMAFILE = 1 | OPENMP = 1 | REPACK = 1 | 
0.04.085.488 I kl_divergence: computing over 144 chunks, n_ctx=2048, batch_size=2048, n_seq=1
0.05.116.384 I kl_divergence: 1.03 seconds per pass - ETA 2.47 minutes

chunk             PPL               ln(PPL(Q)/PPL(base))          KL Divergence              Δp RMS            Same top p
   1      44.2685 ±    5.5892       0.03069 ±    0.02688       0.18194 ±    0.00993    10.063 ±  0.726 %    81.818 ±  1.206 %
   2      56.7278 ±    5.0074       0.02612 ±    0.01870       0.18452 ±    0.00617     9.425 ±  0.452 %    78.495 ±  0.909 %
   3      59.5651 ±    4.3136       0.01885 ±    0.01642       0.19259 ±    0.00532     9.621 ±  0.368 %    78.723 ±  0.739 %
   4      55.4217 ±    3.4472       0.00766 ±    0.01440       0.19846 ±    0.00490     9.995 ±  0.327 %    78.568 ±  0.642 %
   5      52.6696 ±    2.9649       0.02039 ±    0.01303       0.20627 ±    0.00457    10.379 ±  0.292 %    78.612 ±  0.573 %
   6      41.4382 ±    2.0685       0.02394 ±    0.01177       0.20779 ±    0.00429    10.929 ±  0.273 %    78.674 ±  0.523 %
   7      35.9137 ±    1.6263       0.03240 ±    0.01091       0.21151 ±    0.00407    11.693 ±  0.263 %    78.620 ±  0.485 %
   8      35.0490 ±    1.4749       0.02835 ±    0.01036       0.21338 ±    0.00380    11.909 ±  0.247 %    78.507 ±  0.454 %
   9      35.8971 ±    1.4162       0.02414 ±    0.00972       0.21262 ±    0.00353    11.767 ±  0.231 %    78.397 ±  0.429 %
  10      37.4289 ±    1.4190       0.02129 ±    0.00926       0.21262 ±    0.00333    11.662 ±  0.217 %    78.563 ±  0.406 %
  11      38.2975 ±    1.3862       0.02207 ±    0.00883       0.21125 ±    0.00314    11.565 ±  0.205 %    78.530 ±  0.387 %
  12      40.9321 ±    1.4266       0.01161 ±    0.00851       0.21203 ±    0.00297    11.487 ±  0.196 %    78.584 ±  0.370 %
  13      40.3853 ±    1.3500       0.01005 ±    0.00809       0.20812 ±    0.00280    11.375 ±  0.187 %    78.878 ±  0.354 %
  14      41.2121 ±    1.3316       0.01396 ±    0.00776       0.20614 ±    0.00267    11.338 ±  0.181 %    79.067 ±  0.340 %
  15      40.7881 ±    1.2712       0.01269 ±    0.00748       0.20576 ±    0.00258    11.342 ±  0.175 %    79.218 ±  0.328 %
  16      42.5614 ±    1.2864       0.00772 ±    0.00728       0.20552 ±    0.00248    11.224 ±  0.168 %    79.264 ±  0.317 %
  17      42.4148 ±    1.2407       0.00045 ±    0.00705       0.20564 ±    0.00240    11.210 ±  0.162 %    79.213 ±  0.308 %
  18      43.0538 ±    1.2236       0.01008 ±    0.00684       0.20532 ±    0.00232    11.201 ±  0.157 %    79.277 ±  0.299 %
  19      42.2221 ±    1.1688       0.01199 ±    0.00664       0.20382 ±    0.00227    11.166 ±  0.153 %    79.457 ±  0.290 %
  20      41.7149 ±    1.1337       0.02280 ±    0.00671       0.20370 ±    0.00227    11.229 ±  0.150 %    79.614 ±  0.282 %
  21      41.8885 ±    1.1103       0.02065 ±    0.00653       0.20387 ±    0.00221    11.179 ±  0.146 %    79.575 ±  0.275 %
  22      42.1917 ±    1.0941       0.01944 ±    0.00640       0.20475 ±    0.00216    11.146 ±  0.142 %    79.485 ±  0.269 %
  23      42.4842 ±    1.0776       0.01935 ±    0.00625       0.20581 ±    0.00213    11.166 ±  0.139 %    79.447 ±  0.263 %
  24      42.6154 ±    1.0590       0.01430 ±    0.00612       0.20523 ±    0.00206    11.080 ±  0.136 %    79.488 ±  0.258 %
  25      43.1299 ±    1.0518       0.01309 ±    0.00600       0.20568 ±    0.00202    11.015 ±  0.133 %    79.457 ±  0.253 %
  26      43.3804 ±    1.0397       0.01200 ±    0.00589       0.20619 ±    0.00197    11.000 ±  0.130 %    79.420 ±  0.248 %
  27      44.7852 ±    1.0559       0.00907 ±    0.00579       0.20738 ±    0.00194    10.953 ±  0.127 %    79.378 ±  0.243 %
  28      44.5768 ±    1.0322       0.01038 ±    0.00569       0.20712 ±    0.00191    10.922 ±  0.125 %    79.413 ±  0.239 %
  29      44.6495 ±    1.0157       0.01048 ±    0.00560       0.20681 ±    0.00186    10.886 ±  0.123 %    79.445 ±  0.235 %
  30      44.7429 ±    1.0022       0.01164 ±    0.00552       0.20678 ±    0.00183    10.849 ±  0.120 %    79.456 ±  0.231 %
  31      44.3707 ±    0.9774       0.01072 ±    0.00543       0.20671 ±    0.00181    10.866 ±  0.119 %    79.485 ±  0.227 %
  32      43.5170 ±    0.9427       0.01175 ±    0.00533       0.20595 ±    0.00178    10.871 ±  0.117 %    79.570 ±  0.223 %
  33      43.2304 ±    0.9224       0.01123 ±    0.00526       0.20572 ±    0.00175    10.840 ±  0.115 %    79.594 ±  0.219 %
  34      42.7299 ±    0.8974       0.00978 ±    0.00517       0.20523 ±    0.00172    10.803 ±  0.113 %    79.613 ±  0.216 %
  35      42.7092 ±    0.8824       0.00919 ±    0.00509       0.20526 ±    0.00169    10.799 ±  0.112 %    79.626 ±  0.213 %
  36      42.1762 ±    0.8595       0.01229 ±    0.00501       0.20388 ±    0.00166    10.761 ±  0.110 %    79.776 ±  0.209 %
  37      41.1232 ±    0.8254       0.01288 ±    0.00494       0.20287 ±    0.00164    10.777 ±  0.109 %    79.890 ±  0.206 %
  38      40.6356 ±    0.8031       0.01276 ±    0.00488       0.20248 ±    0.00162    10.829 ±  0.108 %    79.938 ±  0.203 %
  39      39.8790 ±    0.7766       0.01269 ±    0.00481       0.20240 ±    0.00161    10.863 ±  0.106 %    79.983 ±  0.200 %
  40      39.5785 ±    0.7603       0.01151 ±    0.00475       0.20268 ±    0.00160    10.880 ±  0.105 %    79.973 ±  0.198 %
  41      39.5980 ±    0.7515       0.01249 ±    0.00469       0.20270 ±    0.00158    10.902 ±  0.104 %    79.990 ±  0.195 %
  42      39.9887 ±    0.7512       0.01337 ±    0.00464       0.20272 ±    0.00156    10.878 ±  0.102 %    79.963 ±  0.193 %
  43      40.7164 ±    0.7564       0.01716 ±    0.00460       0.20477 ±    0.00157    10.860 ±  0.101 %    79.802 ±  0.191 %
  44      41.6386 ±    0.7669       0.01595 ±    0.00455       0.20494 ±    0.00154    10.828 ±  0.100 %    79.730 ±  0.189 %
  45      42.2880 ±    0.7712       0.01684 ±    0.00449       0.20506 ±    0.00152    10.786 ±  0.099 %    79.694 ±  0.187 %
  46      42.6118 ±    0.7696       0.01726 ±    0.00445       0.20502 ±    0.00150    10.777 ±  0.098 %    79.717 ±  0.185 %
  47      43.0671 ±    0.7703       0.01993 ±    0.00441       0.20547 ±    0.00149    10.770 ±  0.097 %    79.651 ±  0.184 %
  48      43.4000 ±    0.7680       0.01985 ±    0.00436       0.20589 ±    0.00147    10.768 ±  0.096 %    79.627 ±  0.182 %
  49      43.5041 ±    0.7623       0.01872 ±    0.00433       0.20593 ±    0.00145    10.755 ±  0.095 %    79.652 ±  0.180 %
  50      43.7390 ±    0.7593       0.01918 ±    0.00429       0.20574 ±    0.00143    10.730 ±  0.093 %    79.674 ±  0.178 %
  51      43.4018 ±    0.7459       0.01948 ±    0.00425       0.20598 ±    0.00143    10.745 ±  0.093 %    79.687 ±  0.176 %
  52      43.3948 ±    0.7392       0.02097 ±    0.00420       0.20559 ±    0.00142    10.728 ±  0.092 %    79.696 ±  0.174 %
  53      43.1272 ±    0.7269       0.01809 ±    0.00417       0.20562 ±    0.00141    10.756 ±  0.091 %    79.684 ±  0.173 %
  54      42.7226 ±    0.7128       0.01974 ±    0.00414       0.20539 ±    0.00140    10.784 ±  0.090 %    79.704 ±  0.171 %
  55      42.5587 ±    0.7032       0.01830 ±    0.00411       0.20530 ±    0.00139    10.785 ±  0.090 %    79.694 ±  0.170 %
  56      42.5064 ±    0.6961       0.01937 ±    0.00407       0.20529 ±    0.00138    10.828 ±  0.089 %    79.696 ±  0.168 %
  57      41.8883 ±    0.6789       0.02037 ±    0.00404       0.20508 ±    0.00136    10.871 ±  0.089 %    79.748 ±  0.166 %
  58      41.7971 ±    0.6709       0.01941 ±    0.00400       0.20485 ±    0.00135    10.867 ±  0.088 %    79.730 ±  0.165 %
  59      41.2368 ±    0.6555       0.02003 ±    0.00396       0.20439 ±    0.00133    10.895 ±  0.087 %    79.750 ±  0.164 %
  60      41.3437 ±    0.6520       0.02036 ±    0.00392       0.20405 ±    0.00132    10.884 ±  0.086 %    79.774 ±  0.162 %
  61      41.5485 ±    0.6501       0.02099 ±    0.00390       0.20439 ±    0.00131    10.900 ±  0.086 %    79.767 ±  0.161 %
  62      41.8383 ±    0.6499       0.02124 ±    0.00388       0.20474 ±    0.00130    10.890 ±  0.085 %    79.721 ±  0.160 %
  63      42.3928 ±    0.6539       0.02117 ±    0.00384       0.20470 ±    0.00129    10.861 ±  0.084 %    79.685 ±  0.158 %
  64      42.4103 ±    0.6496       0.02268 ±    0.00382       0.20466 ±    0.00128    10.879 ±  0.084 %    79.684 ±  0.157 %
  65      42.5179 ±    0.6466       0.02222 ±    0.00379       0.20469 ±    0.00127    10.877 ±  0.083 %    79.669 ±  0.156 %
  66      42.5196 ±    0.6418       0.02269 ±    0.00376       0.20507 ±    0.00126    10.905 ±  0.083 %    79.665 ±  0.155 %
  67      42.4654 ±    0.6364       0.01990 ±    0.00375       0.20551 ±    0.00125    10.925 ±  0.082 %    79.662 ±  0.154 %
  68      42.4786 ±    0.6322       0.02132 ±    0.00373       0.20566 ±    0.00125    10.941 ±  0.082 %    79.689 ±  0.153 %
  69      42.5871 ±    0.6295       0.02181 ±    0.00370       0.20570 ±    0.00124    10.932 ±  0.081 %    79.665 ±  0.151 %
  70      42.3089 ±    0.6227       0.02575 ±    0.00370       0.20597 ±    0.00123    10.992 ±  0.080 %    79.683 ±  0.150 %
  71      42.0688 ±    0.6146       0.02822 ±    0.00367       0.20633 ±    0.00123    11.009 ±  0.080 %    79.692 ±  0.149 %
  72      42.5279 ±    0.6181       0.02792 ±    0.00366       0.20737 ±    0.00122    11.029 ±  0.079 %    79.636 ±  0.148 %
  73      42.9080 ±    0.6200       0.02618 ±    0.00363       0.20759 ±    0.00121    11.009 ±  0.079 %    79.615 ±  0.147 %
  74      42.8278 ±    0.6147       0.02811 ±    0.00361       0.20710 ±    0.00120    11.012 ±  0.078 %    79.650 ±  0.146 %
  75      42.7300 ±    0.6090       0.02743 ±    0.00358       0.20685 ±    0.00119    10.991 ±  0.078 %    79.679 ±  0.145 %
  76      42.7515 ±    0.6051       0.02706 ±    0.00356       0.20718 ±    0.00118    10.979 ±  0.077 %    79.679 ±  0.144 %
  77      42.7876 ±    0.6017       0.02653 ±    0.00354       0.20688 ±    0.00117    10.959 ±  0.076 %    79.706 ±  0.143 %
  78      42.7493 ±    0.5973       0.02583 ±    0.00352       0.20694 ±    0.00117    10.952 ±  0.076 %    79.724 ±  0.142 %
  79      42.8399 ±    0.5949       0.02634 ±    0.00349       0.20698 ±    0.00116    10.949 ±  0.075 %    79.727 ±  0.141 %
  80      42.9916 ±    0.5933       0.02556 ±    0.00347       0.20708 ±    0.00115    10.936 ±  0.075 %    79.724 ±  0.141 %
  81      42.5025 ±    0.5822       0.02411 ±    0.00344       0.20677 ±    0.00114    10.939 ±  0.075 %    79.785 ±  0.140 %
  82      42.1091 ±    0.5730       0.02254 ±    0.00342       0.20660 ±    0.00114    10.960 ±  0.074 %    79.826 ±  0.139 %
  83      41.6340 ±    0.5628       0.02162 ±    0.00340       0.20658 ±    0.00113    10.982 ±  0.074 %    79.840 ±  0.138 %
  84      41.3665 ±    0.5559       0.02028 ±    0.00337       0.20617 ±    0.00112    10.985 ±  0.073 %    79.885 ±  0.137 %
  85      41.4804 ±    0.5541       0.02006 ±    0.00336       0.20641 ±    0.00112    10.997 ±  0.073 %    79.859 ±  0.136 %
  86      41.3981 ±    0.5496       0.01995 ±    0.00334       0.20625 ±    0.00111    10.987 ±  0.072 %    79.846 ±  0.135 %
  87      41.5337 ±    0.5482       0.02003 ±    0.00333       0.20642 ±    0.00110    10.989 ±  0.072 %    79.855 ±  0.134 %
  88      41.8593 ±    0.5491       0.01935 ±    0.00331       0.20657 ±    0.00109    10.971 ±  0.072 %    79.798 ±  0.134 %
  89      41.8878 ±    0.5464       0.01924 ±    0.00328       0.20632 ±    0.00109    10.956 ±  0.071 %    79.804 ±  0.133 %
  90      42.1702 ±    0.5469       0.01915 ±    0.00327       0.20724 ±    0.00108    10.968 ±  0.071 %    79.753 ±  0.132 %
  91      42.6501 ±    0.5503       0.01887 ±    0.00326       0.20799 ±    0.00108    10.951 ±  0.070 %    79.688 ±  0.132 %
  92      43.0722 ±    0.5530       0.01839 ±    0.00324       0.20859 ±    0.00107    10.945 ±  0.070 %    79.620 ±  0.131 %
  93      43.3168 ±    0.5529       0.01825 ±    0.00323       0.20927 ±    0.00107    10.944 ±  0.070 %    79.554 ±  0.131 %
  94      43.8699 ±    0.5578       0.01928 ±    0.00321       0.20955 ±    0.00106    10.923 ±  0.069 %    79.512 ±  0.130 %
  95      44.3314 ±    0.5610       0.01902 ±    0.00319       0.20997 ±    0.00105    10.917 ±  0.069 %    79.460 ±  0.130 %
  96      44.2830 ±    0.5573       0.01902 ±    0.00317       0.20995 ±    0.00105    10.916 ±  0.068 %    79.482 ±  0.129 %
  97      44.5358 ±    0.5578       0.01999 ±    0.00316       0.20986 ±    0.00104    10.913 ±  0.068 %    79.484 ±  0.128 %
  98      44.6918 ±    0.5572       0.02042 ±    0.00314       0.20982 ±    0.00104    10.913 ±  0.068 %    79.486 ±  0.128 %
  99      45.0464 ±    0.5595       0.02058 ±    0.00313       0.21000 ±    0.00103    10.915 ±  0.067 %    79.482 ±  0.127 %
 100      45.0024 ±    0.5561       0.02060 ±    0.00311       0.20995 ±    0.00103    10.919 ±  0.067 %    79.490 ±  0.126 %
 101      45.1879 ±    0.5559       0.02042 ±    0.00310       0.21008 ±    0.00102    10.915 ±  0.067 %    79.472 ±  0.126 %
 102      45.3852 ±    0.5558       0.01951 ±    0.00308       0.20995 ±    0.00102    10.900 ±  0.067 %    79.474 ±  0.125 %
 103      45.5501 ±    0.5551       0.01894 ±    0.00307       0.21031 ±    0.00101    10.897 ±  0.066 %    79.457 ±  0.124 %
 104      45.6164 ±    0.5531       0.01859 ±    0.00306       0.21007 ±    0.00101    10.894 ±  0.066 %    79.463 ±  0.124 %
 105      45.6508 ±    0.5509       0.01872 ±    0.00305       0.21026 ±    0.00100    10.895 ±  0.066 %    79.436 ±  0.123 %
 106      45.8919 ±    0.5514       0.01766 ±    0.00303       0.21040 ±    0.00100    10.893 ±  0.065 %    79.420 ±  0.123 %
 107      45.8868 ±    0.5486       0.01852 ±    0.00302       0.21023 ±    0.00100    10.894 ±  0.065 %    79.439 ±  0.122 %
 108      45.9783 ±    0.5471       0.01805 ±    0.00300       0.21008 ±    0.00099    10.889 ±  0.065 %    79.446 ±  0.122 %
 109      45.9886 ±    0.5449       0.01752 ±    0.00299       0.21036 ±    0.00099    10.892 ±  0.064 %    79.428 ±  0.121 %
 110      45.8003 ±    0.5400       0.01879 ±    0.00297       0.21009 ±    0.00099    10.902 ±  0.064 %    79.460 ±  0.120 %
 111      45.7155 ±    0.5364       0.01889 ±    0.00296       0.21031 ±    0.00098    10.904 ±  0.064 %    79.458 ±  0.120 %
 112      45.5421 ±    0.5320       0.01934 ±    0.00295       0.20998 ±    0.00098    10.906 ±  0.064 %    79.494 ±  0.119 %
 113      45.7079 ±    0.5319       0.01884 ±    0.00293       0.21008 ±    0.00097    10.902 ±  0.063 %    79.478 ±  0.119 %
 114      45.9357 ±    0.5325       0.01921 ±    0.00292       0.20990 ±    0.00097    10.897 ±  0.063 %    79.485 ±  0.118 %
 115      46.1564 ±    0.5333       0.01973 ±    0.00290       0.20995 ±    0.00096    10.894 ±  0.063 %    79.493 ±  0.118 %
 116      46.3566 ±    0.5335       0.01894 ±    0.00289       0.21010 ±    0.00096    10.882 ±  0.062 %    79.489 ±  0.117 %
 117      46.0239 ±    0.5271       0.01833 ±    0.00288       0.20992 ±    0.00095    10.884 ±  0.062 %    79.527 ±  0.117 %
 118      45.7488 ±    0.5216       0.01914 ±    0.00287       0.20953 ±    0.00095    10.892 ±  0.062 %    79.564 ±  0.116 %
 119      45.6727 ±    0.5185       0.01899 ±    0.00285       0.20940 ±    0.00094    10.895 ±  0.062 %    79.565 ±  0.116 %
 120      45.5360 ±    0.5147       0.01915 ±    0.00284       0.20899 ±    0.00094    10.889 ±  0.061 %    79.596 ±  0.115 %
 121      45.3971 ±    0.5109       0.02015 ±    0.00283       0.20894 ±    0.00094    10.896 ±  0.061 %    79.611 ±  0.115 %
 122      45.2739 ±    0.5073       0.02007 ±    0.00282       0.20906 ±    0.00094    10.900 ±  0.061 %    79.632 ±  0.114 %
 123      45.3584 ±    0.5064       0.02005 ±    0.00280       0.20895 ±    0.00094    10.888 ±  0.061 %    79.649 ±  0.114 %
 124      45.3547 ±    0.5045       0.02004 ±    0.00279       0.20897 ±    0.00093    10.881 ±  0.060 %    79.666 ±  0.113 %
 125      45.3847 ±    0.5031       0.02076 ±    0.00278       0.20905 ±    0.00093    10.887 ±  0.060 %    79.659 ±  0.113 %
 126      45.4639 ±    0.5021       0.02066 ±    0.00277       0.20907 ±    0.00093    10.882 ±  0.060 %    79.679 ±  0.112 %
 127      45.4307 ±    0.4997       0.02122 ±    0.00276       0.20879 ±    0.00092    10.872 ±  0.060 %    79.699 ±  0.112 %
 128      45.2198 ±    0.4953       0.02206 ±    0.00275       0.20843 ±    0.00092    10.873 ±  0.059 %    79.736 ±  0.111 %
 129      45.1741 ±    0.4928       0.02224 ±    0.00274       0.20831 ±    0.00092    10.870 ±  0.059 %    79.725 ±  0.111 %
 130      45.3226 ±    0.4929       0.02230 ±    0.00273       0.20843 ±    0.00091    10.869 ±  0.059 %    79.718 ±  0.110 %
 131      45.2232 ±    0.4898       0.02268 ±    0.00272       0.20821 ±    0.00091    10.864 ±  0.059 %    79.742 ±  0.110 %
 132      45.2481 ±    0.4884       0.02227 ±    0.00271       0.20817 ±    0.00090    10.860 ±  0.058 %    79.749 ±  0.109 %
 133      45.3770 ±    0.4879       0.02238 ±    0.00270       0.20807 ±    0.00090    10.852 ±  0.058 %    79.757 ±  0.109 %
 134      45.2144 ±    0.4841       0.02296 ±    0.00269       0.20811 ±    0.00090    10.862 ±  0.058 %    79.763 ±  0.109 %
 135      45.0328 ±    0.4802       0.02291 ±    0.00267       0.20807 ±    0.00089    10.867 ±  0.058 %    79.769 ±  0.108 %
 136      44.7024 ±    0.4750       0.02370 ±    0.00266       0.20771 ±    0.00089    10.875 ±  0.058 %    79.808 ±  0.108 %
 137      44.6458 ±    0.4727       0.02401 ±    0.00265       0.20762 ±    0.00089    10.880 ±  0.057 %    79.807 ±  0.107 %
 138      44.7757 ±    0.4725       0.02403 ±    0.00264       0.20746 ±    0.00088    10.873 ±  0.057 %    79.810 ±  0.107 %
 139      45.0718 ±    0.4742       0.02322 ±    0.00263       0.20761 ±    0.00088    10.863 ±  0.057 %    79.807 ±  0.106 %
 140      45.0336 ±    0.4720       0.02257 ±    0.00262       0.20780 ±    0.00088    10.873 ±  0.057 %    79.795 ±  0.106 %
 141      45.1130 ±    0.4712       0.02272 ±    0.00262       0.20798 ±    0.00088    10.869 ±  0.057 %    79.790 ±  0.106 %
 142      45.1883 ±    0.4705       0.02272 ±    0.00260       0.20787 ±    0.00087    10.868 ±  0.056 %    79.778 ±  0.105 %
 143      45.3514 ±    0.4705       0.02265 ±    0.00259       0.20802 ±    0.00087    10.859 ±  0.056 %    79.751 ±  0.105 %
 144      45.4215 ±    0.4699       0.02297 ±    0.00259       0.20813 ±    0.00087    10.857 ±  0.056 %    79.741 ±  0.105 %

====== Perplexity statistics ======
Mean PPL(Q)                   :  45.421493 ±   0.469883
Mean PPL(base)                :  44.389851 ±   0.462582
Cor(ln(PPL(Q)), ln(PPL(base))):  96.90%
Mean ln(PPL(Q)/PPL(base))     :   0.022975 ±   0.002586
Mean PPL(Q)/PPL(base)         :   1.023241 ±   0.002646
Mean PPL(Q)-PPL(base)         :   1.031643 ±   0.116312

====== KL divergence statistics ======
Mean    KLD:   0.208133 ±   0.000866
Maximum KLD:  12.694184
99.9%   KLD:   3.462673
99.0%   KLD:   1.531863
95.0%   KLD:   0.736381
90.0%   KLD:   0.502697
Median  KLD:   0.105845
10.0%   KLD:   0.004073
 5.0%   KLD:   0.000827
 1.0%   KLD:   0.000048
 0.1%   KLD:   0.000003
Minimum KLD:  -0.000004

====== Token probability statistics ======
Mean    Δp: -1.486 ± 0.028 %
Maximum Δp: 95.143%
99.9%   Δp: 57.876%
99.0%   Δp: 28.525%
95.0%   Δp: 11.165%
90.0%   Δp:  4.805%
75.0%   Δp:  0.251%
Median  Δp: -0.006%
25.0%   Δp: -1.580%
10.0%   Δp: -10.261%
 5.0%   Δp: -19.411%
 1.0%   Δp: -43.909%
 0.1%   Δp: -75.126%
Minimum Δp: -99.880%
RMS Δp    : 10.857 ± 0.056 %
Same top p: 79.741 ± 0.105 %

------------------------------
llama-perplexity --kl-divergence-base /tmp/logits.dat --ctx-size 2048 -f sample-data/wiki.test.raw -hf unsloth/gemma-4-E2B-it-qat-GGUF:UD-Q4_K_XL -fa on -ngl 99 -ctk turbo3 -ctv f16 --kl-divergence
0.00.464.429 I common_init_result: fitting params to device memory ...
0.00.464.433 I common_init_result: (for bugs during this step try to reproduce them with -fit off, or provide --verbose logs if the bug only occurs with -fit on)
0.03.019.127 W load: control-looking token:    212 '</s>' was not control-type; this is probably a bug in the model. its type will be overridden
0.03.019.653 W load: control-looking token:     50 '<|tool_response>' was not control-type; this is probably a bug in the model. its type will be overridden
0.03.047.823 W load: special_eog_ids contains '<|tool_response>', removing '</s>' token from EOG list
0.03.996.619 W llama_context: n_ctx_seq (2048) < n_ctx_train (131072) -- the full capacity of the model will not be utilized
0.04.023.301 I common_init_from_params: warming up the model with an empty run - please wait ... (--no-warmup to disable)
0.04.051.362 I 
0.04.051.432 I system_info: n_threads = 16 (n_threads_batch = 16) / 32 | CUDA : ARCHS = 500,610,700,750,800,860,890,900 | USE_GRAPHS = 1 | PEER_MAX_BATCH_SIZE = 128 | CPU : SSE3 = 1 | SSSE3 = 1 | AVX = 1 | AVX2 = 1 | F16C = 1 | FMA = 1 | BMI2 = 1 | LLAMAFILE = 1 | OPENMP = 1 | REPACK = 1 | 
0.04.275.393 I kl_divergence: computing over 144 chunks, n_ctx=2048, batch_size=2048, n_seq=1
0.05.317.002 I kl_divergence: 1.04 seconds per pass - ETA 2.48 minutes

chunk             PPL               ln(PPL(Q)/PPL(base))          KL Divergence              Δp RMS            Same top p
   1      45.8780 ±    5.9180       0.06640 ±    0.02113       0.08095 ±    0.00488     7.199 ±  0.442 %    87.781 ±  1.024 %
   2      57.1914 ±    5.0920       0.03425 ±    0.01428       0.07945 ±    0.00336     6.821 ±  0.315 %    86.804 ±  0.748 %
   3      60.0992 ±    4.3860       0.02778 ±    0.01157       0.07674 ±    0.00254     6.552 ±  0.243 %    87.129 ±  0.605 %
   4      56.9040 ±    3.5821       0.03405 ±    0.00971       0.07700 ±    0.00222     6.936 ±  0.259 %    86.999 ±  0.526 %
   5      54.0385 ±    3.0866       0.04605 ±    0.00880       0.08017 ±    0.00220     6.818 ±  0.223 %    86.804 ±  0.473 %
   6      42.6630 ±    2.1645       0.05307 ±    0.00828       0.08682 ±    0.00271     7.723 ±  0.257 %    86.608 ±  0.435 %
   7      36.6826 ±    1.6912       0.05359 ±    0.00764       0.08770 ±    0.00262     8.084 ±  0.246 %    86.636 ±  0.402 %
   8      35.8227 ±    1.5375       0.05018 ±    0.00705       0.08746 ±    0.00241     8.099 ±  0.231 %    86.669 ±  0.376 %
   9      36.7578 ±    1.4792       0.04783 ±    0.00660       0.08713 ±    0.00228     7.941 ±  0.214 %    86.532 ±  0.356 %
  10      38.4424 ±    1.4890       0.04801 ±    0.00639       0.08708 ±    0.00212     7.906 ±  0.201 %    86.442 ±  0.338 %
  11      39.2669 ±    1.4517       0.04707 ±    0.00619       0.08962 ±    0.00212     7.872 ±  0.186 %    86.226 ±  0.325 %
  12      42.3060 ±    1.5103       0.04462 ±    0.00588       0.08895 ±    0.00197     7.746 ±  0.176 %    86.274 ±  0.311 %
  13      41.6401 ±    1.4245       0.04065 ±    0.00560       0.08763 ±    0.00184     7.739 ±  0.167 %    86.375 ±  0.297 %
  14      42.3761 ±    1.4002       0.04181 ±    0.00540       0.08739 ±    0.00177     7.782 ±  0.164 %    86.517 ±  0.285 %
  15      41.9734 ±    1.3382       0.04134 ±    0.00516       0.08659 ±    0.00168     7.716 ±  0.157 %    86.654 ±  0.275 %
  16      43.8568 ±    1.3554       0.03770 ±    0.00500       0.08611 ±    0.00162     7.602 ±  0.150 %    86.730 ±  0.265 %
  17      43.7628 ±    1.3098       0.03173 ±    0.00491       0.08695 ±    0.00156     7.620 ±  0.144 %    86.574 ±  0.259 %
  18      43.9916 ±    1.2769       0.03162 ±    0.00472       0.08622 ±    0.00149     7.544 ±  0.139 %    86.727 ±  0.250 %
  19      43.1062 ±    1.2184       0.03271 ±    0.00460       0.08593 ±    0.00148     7.534 ±  0.139 %    86.824 ±  0.243 %
  20      42.1935 ±    1.1681       0.03421 ±    0.00475       0.08542 ±    0.00145     7.504 ±  0.134 %    86.945 ±  0.236 %
  21      42.3383 ±    1.1438       0.03133 ±    0.00463       0.08518 ±    0.00141     7.478 ±  0.131 %    86.901 ±  0.230 %
  22      42.6818 ±    1.1291       0.03099 ±    0.00451       0.08483 ±    0.00136     7.424 ±  0.127 %    86.915 ±  0.225 %
  23      42.9983 ±    1.1140       0.03138 ±    0.00441       0.08486 ±    0.00131     7.444 ±  0.125 %    86.859 ±  0.220 %
  24      43.3714 ±    1.1027       0.03188 ±    0.00430       0.08436 ±    0.00127     7.397 ±  0.122 %    86.852 ±  0.216 %
  25      43.9342 ±    1.0967       0.03156 ±    0.00420       0.08441 ±    0.00124     7.365 ±  0.119 %    86.768 ±  0.212 %
  26      44.2458 ±    1.0858       0.03175 ±    0.00412       0.08468 ±    0.00121     7.387 ±  0.118 %    86.740 ±  0.208 %
  27      45.7710 ±    1.1051       0.03084 ±    0.00402       0.08447 ±    0.00118     7.322 ±  0.115 %    86.742 ±  0.204 %
  28      45.5011 ±    1.0785       0.03090 ±    0.00395       0.08469 ±    0.00115     7.305 ±  0.112 %    86.755 ±  0.200 %
  29      45.5949 ±    1.0621       0.03143 ±    0.00388       0.08444 ±    0.00112     7.282 ±  0.109 %    86.736 ±  0.197 %
  30      45.6628 ±    1.0470       0.03199 ±    0.00383       0.08422 ±    0.00110     7.269 ±  0.107 %    86.758 ±  0.193 %
  31      45.3102 ±    1.0216       0.03167 ±    0.00375       0.08420 ±    0.00107     7.272 ±  0.106 %    86.775 ±  0.190 %
  32      44.3750 ±    0.9837       0.03128 ±    0.00368       0.08369 ±    0.00105     7.236 ±  0.104 %    86.822 ±  0.187 %
  33      44.0770 ±    0.9622       0.03063 ±    0.00362       0.08349 ±    0.00102     7.200 ±  0.101 %    86.786 ±  0.184 %
  34      43.5916 ±    0.9367       0.02975 ±    0.00358       0.08329 ±    0.00101     7.171 ±  0.099 %    86.847 ±  0.181 %
  35      43.6048 ±    0.9218       0.02995 ±    0.00352       0.08344 ±    0.00099     7.165 ±  0.098 %    86.804 ±  0.179 %
  36      42.9330 ±    0.8944       0.03007 ±    0.00346       0.08301 ±    0.00097     7.160 ±  0.096 %    86.888 ±  0.176 %
  37      41.8613 ±    0.8588       0.03067 ±    0.00343       0.08254 ±    0.00095     7.191 ±  0.095 %    86.965 ±  0.173 %
  38      41.4710 ±    0.8385       0.03311 ±    0.00339       0.08292 ±    0.00094     7.237 ±  0.093 %    86.942 ±  0.171 %
  39      40.7063 ±    0.8114       0.03322 ±    0.00334       0.08263 ±    0.00093     7.258 ±  0.092 %    86.964 ±  0.169 %
  40      40.4595 ±    0.7958       0.03353 ±    0.00330       0.08267 ±    0.00091     7.269 ±  0.091 %    86.994 ±  0.166 %
  41      40.4085 ±    0.7854       0.03275 ±    0.00325       0.08239 ±    0.00090     7.277 ±  0.090 %    87.006 ±  0.164 %
  42      40.7928 ±    0.7844       0.03328 ±    0.00321       0.08222 ±    0.00088     7.259 ±  0.089 %    86.971 ±  0.162 %
  43      41.5389 ±    0.7899       0.03716 ±    0.00321       0.08358 ±    0.00088     7.272 ±  0.088 %    86.808 ±  0.161 %
  44      42.4927 ±    0.8008       0.03625 ±    0.00317       0.08372 ±    0.00086     7.233 ±  0.087 %    86.766 ±  0.160 %
  45      43.0796 ±    0.8033       0.03538 ±    0.00313       0.08373 ±    0.00085     7.203 ±  0.085 %    86.730 ±  0.158 %
  46      43.3696 ±    0.8005       0.03489 ±    0.00310       0.08373 ±    0.00084     7.197 ±  0.085 %    86.727 ±  0.156 %
  47      43.7084 ±    0.7986       0.03471 ±    0.00307       0.08398 ±    0.00084     7.199 ±  0.083 %    86.697 ±  0.155 %
  48      44.0276 ±    0.7963       0.03421 ±    0.00305       0.08412 ±    0.00083     7.187 ±  0.082 %    86.694 ±  0.153 %
  49      44.2097 ±    0.7917       0.03481 ±    0.00301       0.08396 ±    0.00081     7.173 ±  0.081 %    86.762 ±  0.151 %
  50      44.4038 ±    0.7873       0.03426 ±    0.00298       0.08400 ±    0.00081     7.168 ±  0.081 %    86.768 ±  0.150 %
  51      44.0611 ±    0.7733       0.03456 ±    0.00296       0.08371 ±    0.00079     7.165 ±  0.080 %    86.786 ±  0.148 %
  52      44.0015 ±    0.7653       0.03485 ±    0.00293       0.08342 ±    0.00078     7.144 ±  0.079 %    86.805 ±  0.147 %
  53      43.7488 ±    0.7531       0.03240 ±    0.00291       0.08387 ±    0.00078     7.173 ±  0.078 %    86.778 ±  0.145 %
  54      43.2691 ±    0.7370       0.03245 ±    0.00289       0.08375 ±    0.00077     7.198 ±  0.077 %    86.800 ±  0.144 %
  55      43.1810 ±    0.7286       0.03282 ±    0.00286       0.08386 ±    0.00076     7.231 ±  0.077 %    86.779 ±  0.143 %
  56      43.1193 ±    0.7213       0.03369 ±    0.00284       0.08422 ±    0.00076     7.260 ±  0.077 %    86.751 ±  0.142 %
  57      42.4667 ±    0.7030       0.03408 ±    0.00281       0.08413 ±    0.00076     7.285 ±  0.077 %    86.781 ±  0.140 %
  58      42.5322 ±    0.6977       0.03685 ±    0.00280       0.08522 ±    0.00076     7.344 ±  0.077 %    86.738 ±  0.139 %
  59      41.9391 ±    0.6813       0.03692 ±    0.00277       0.08491 ±    0.00075     7.365 ±  0.077 %    86.807 ±  0.138 %
  60      42.0336 ±    0.6773       0.03691 ±    0.00274       0.08466 ±    0.00075     7.345 ±  0.076 %    86.830 ±  0.136 %
  61      42.2070 ±    0.6745       0.03672 ±    0.00273       0.08451 ±    0.00074     7.339 ±  0.075 %    86.868 ±  0.135 %
  62      42.5101 ±    0.6744       0.03717 ±    0.00270       0.08436 ±    0.00073     7.324 ±  0.074 %    86.848 ±  0.134 %
  63      43.0667 ±    0.6784       0.03694 ±    0.00268       0.08415 ±    0.00072     7.304 ±  0.074 %    86.838 ±  0.133 %
  64      43.0134 ±    0.6723       0.03680 ±    0.00266       0.08409 ±    0.00071     7.297 ±  0.073 %    86.842 ±  0.132 %
  65      43.2194 ±    0.6712       0.03858 ±    0.00266       0.08475 ±    0.00071     7.313 ±  0.073 %    86.825 ±  0.131 %
  66      43.1738 ±    0.6654       0.03796 ±    0.00264       0.08483 ±    0.00071     7.326 ±  0.072 %    86.833 ±  0.130 %
  67      43.2039 ±    0.6614       0.03715 ±    0.00264       0.08560 ±    0.00071     7.357 ±  0.072 %    86.777 ±  0.129 %
  68      43.1440 ±    0.6556       0.03686 ±    0.00261       0.08561 ±    0.00071     7.366 ±  0.072 %    86.793 ±  0.128 %
  69      43.2394 ±    0.6524       0.03701 ±    0.00260       0.08571 ±    0.00070     7.378 ±  0.071 %    86.775 ±  0.128 %
  70      42.7829 ±    0.6415       0.03689 ±    0.00259       0.08615 ±    0.00070     7.424 ±  0.071 %    86.763 ±  0.127 %
  71      42.5178 ±    0.6326       0.03884 ±    0.00257       0.08636 ±    0.00070     7.452 ±  0.071 %    86.793 ±  0.126 %
  72      42.9673 ±    0.6360       0.03819 ±    0.00255       0.08650 ±    0.00069     7.451 ±  0.070 %    86.751 ±  0.125 %
  73      43.4019 ±    0.6388       0.03762 ±    0.00253       0.08646 ±    0.00068     7.437 ±  0.070 %    86.751 ±  0.124 %
  74      43.2345 ±    0.6318       0.03756 ±    0.00251       0.08628 ±    0.00068     7.433 ±  0.069 %    86.763 ±  0.123 %
  75      43.1507 ±    0.6263       0.03723 ±    0.00250       0.08612 ±    0.00067     7.432 ±  0.069 %    86.815 ±  0.122 %
  76      43.1729 ±    0.6225       0.03686 ±    0.00249       0.08611 ±    0.00067     7.422 ±  0.068 %    86.837 ±  0.121 %
  77      43.2712 ±    0.6201       0.03777 ±    0.00248       0.08654 ±    0.00066     7.432 ±  0.068 %    86.800 ±  0.121 %
  78      43.2563 ±    0.6160       0.03762 ±    0.00246       0.08652 ±    0.00066     7.432 ±  0.068 %    86.820 ±  0.120 %
  79      43.3369 ±    0.6132       0.03787 ±    0.00245       0.08651 ±    0.00066     7.429 ±  0.067 %    86.815 ±  0.119 %
  80      43.5350 ±    0.6123       0.03812 ±    0.00243       0.08639 ±    0.00065     7.420 ±  0.066 %    86.793 ±  0.118 %
  81      43.0874 ±    0.6017       0.03778 ±    0.00241       0.08603 ±    0.00064     7.409 ±  0.066 %    86.828 ±  0.117 %
  82      42.7500 ±    0.5933       0.03764 ±    0.00239       0.08585 ±    0.00064     7.407 ±  0.066 %    86.849 ±  0.117 %
  83      42.2932 ±    0.5831       0.03733 ±    0.00237       0.08561 ±    0.00063     7.404 ±  0.065 %    86.880 ±  0.116 %
  84      42.0519 ±    0.5764       0.03671 ±    0.00235       0.08533 ±    0.00063     7.393 ±  0.064 %    86.916 ±  0.115 %
  85      42.1563 ±    0.5744       0.03622 ±    0.00233       0.08523 ±    0.00062     7.396 ±  0.064 %    86.900 ±  0.114 %
  86      42.0619 ±    0.5696       0.03585 ±    0.00232       0.08528 ±    0.00062     7.401 ±  0.064 %    86.883 ±  0.114 %
  87      42.1863 ±    0.5679       0.03562 ±    0.00231       0.08540 ±    0.00061     7.409 ±  0.063 %    86.872 ±  0.113 %
  88      42.5514 ±    0.5693       0.03575 ±    0.00229       0.08539 ±    0.00061     7.392 ±  0.063 %    86.851 ±  0.113 %
  89      42.5705 ±    0.5663       0.03541 ±    0.00227       0.08524 ±    0.00060     7.379 ±  0.062 %    86.855 ±  0.112 %
  90      42.8653 ±    0.5670       0.03550 ±    0.00226       0.08539 ±    0.00060     7.380 ±  0.062 %    86.842 ±  0.111 %
  91      43.3795 ±    0.5709       0.03583 ±    0.00225       0.08565 ±    0.00059     7.368 ±  0.061 %    86.794 ±  0.111 %
  92      43.8175 ±    0.5739       0.03555 ±    0.00223       0.08574 ±    0.00059     7.359 ±  0.061 %    86.755 ±  0.110 %
  93      44.0877 ±    0.5741       0.03589 ±    0.00222       0.08614 ±    0.00059     7.360 ±  0.061 %    86.709 ±  0.110 %
  94      44.5952 ±    0.5783       0.03567 ±    0.00221       0.08629 ±    0.00058     7.342 ±  0.060 %    86.687 ±  0.110 %
  95      45.0571 ±    0.5815       0.03525 ±    0.00219       0.08630 ±    0.00058     7.332 ±  0.060 %    86.675 ±  0.109 %
  96      44.9962 ±    0.5776       0.03500 ±    0.00218       0.08623 ±    0.00057     7.331 ±  0.059 %    86.687 ±  0.108 %
  97      45.2161 ±    0.5776       0.03515 ±    0.00216       0.08616 ±    0.00057     7.327 ±  0.059 %    86.681 ±  0.108 %
  98      45.3558 ±    0.5767       0.03517 ±    0.00215       0.08600 ±    0.00057     7.322 ±  0.059 %    86.674 ±  0.107 %
  99      45.7185 ±    0.5791       0.03539 ±    0.00215       0.08595 ±    0.00056     7.313 ±  0.058 %    86.674 ±  0.107 %
 100      45.6958 ±    0.5760       0.03589 ±    0.00214       0.08589 ±    0.00056     7.303 ±  0.058 %    86.684 ±  0.106 %
 101      45.8850 ±    0.5759       0.03573 ±    0.00213       0.08583 ±    0.00056     7.301 ±  0.058 %    86.683 ±  0.106 %
 102      46.1264 ±    0.5764       0.03571 ±    0.00212       0.08576 ±    0.00055     7.287 ±  0.057 %    86.682 ±  0.105 %
 103      46.3156 ±    0.5759       0.03561 ±    0.00211       0.08575 ±    0.00055     7.280 ±  0.057 %    86.674 ±  0.105 %
 104      46.4189 ±    0.5745       0.03603 ±    0.00210       0.08559 ±    0.00055     7.270 ±  0.057 %    86.673 ±  0.104 %
 105      46.4520 ±    0.5721       0.03612 ±    0.00209       0.08561 ±    0.00055     7.263 ±  0.057 %    86.665 ±  0.104 %
 106      46.7467 ±    0.5735       0.03612 ±    0.00208       0.08547 ±    0.00054     7.249 ±  0.056 %    86.659 ±  0.103 %
 107      46.6962 ±    0.5699       0.03600 ±    0.00207       0.08532 ±    0.00054     7.250 ±  0.056 %    86.672 ±  0.103 %
 108      46.7956 ±    0.5685       0.03567 ±    0.00206       0.08509 ±    0.00053     7.239 ±  0.056 %    86.691 ±  0.102 %
 109      46.8205 ±    0.5664       0.03545 ±    0.00205       0.08536 ±    0.00053     7.248 ±  0.055 %    86.678 ±  0.102 %
 110      46.5606 ±    0.5603       0.03525 ±    0.00204       0.08513 ±    0.00053     7.248 ±  0.055 %    86.703 ±  0.101 %
 111      46.4513 ±    0.5562       0.03486 ±    0.00203       0.08533 ±    0.00053     7.250 ±  0.055 %    86.710 ±  0.101 %
 112      46.2957 ±    0.5519       0.03575 ±    0.00203       0.08559 ±    0.00052     7.264 ±  0.055 %    86.701 ±  0.100 %
 113      46.4651 ±    0.5519       0.03527 ±    0.00202       0.08554 ±    0.00052     7.262 ±  0.054 %    86.703 ±  0.100 %
 114      46.6934 ±    0.5526       0.03557 ±    0.00201       0.08557 ±    0.00052     7.261 ±  0.054 %    86.701 ±  0.099 %
 115      46.8959 ±    0.5530       0.03563 ±    0.00200       0.08554 ±    0.00052     7.254 ±  0.054 %    86.708 ±  0.099 %
 116      47.1837 ±    0.5545       0.03662 ±    0.00200       0.08604 ±    0.00052     7.262 ±  0.053 %    86.675 ±  0.099 %
 117      46.8570 ±    0.5479       0.03627 ±    0.00199       0.08585 ±    0.00051     7.257 ±  0.053 %    86.713 ±  0.098 %
 118      46.5564 ±    0.5421       0.03664 ±    0.00198       0.08560 ±    0.00051     7.258 ±  0.053 %    86.749 ±  0.098 %
 119      46.4893 ±    0.5388       0.03671 ±    0.00197       0.08553 ±    0.00051     7.258 ±  0.053 %    86.765 ±  0.097 %
 120      46.3538 ±    0.5349       0.03695 ±    0.00196       0.08541 ±    0.00050     7.259 ±  0.053 %    86.790 ±  0.097 %
 121      46.1532 ±    0.5301       0.03667 ±    0.00195       0.08527 ±    0.00050     7.259 ±  0.052 %    86.806 ±  0.096 %
 122      46.0358 ±    0.5264       0.03676 ±    0.00194       0.08523 ±    0.00050     7.262 ±  0.052 %    86.828 ±  0.096 %
 123      46.1324 ±    0.5256       0.03696 ±    0.00193       0.08513 ±    0.00050     7.258 ±  0.052 %    86.850 ±  0.095 %
 124      46.1279 ±    0.5237       0.03695 ±    0.00192       0.08516 ±    0.00050     7.261 ±  0.052 %    86.868 ±  0.095 %
 125      46.1278 ±    0.5218       0.03700 ±    0.00192       0.08514 ±    0.00050     7.265 ±  0.052 %    86.881 ±  0.094 %
 126      46.2164 ±    0.5208       0.03708 ±    0.00191       0.08504 ±    0.00050     7.258 ±  0.051 %    86.917 ±  0.094 %
 127      46.1424 ±    0.5178       0.03676 ±    0.00190       0.08490 ±    0.00050     7.249 ±  0.051 %    86.926 ±  0.094 %
 128      45.8931 ±    0.5127       0.03684 ±    0.00189       0.08479 ±    0.00049     7.252 ±  0.051 %    86.936 ±  0.093 %
 129      45.8317 ±    0.5098       0.03669 ±    0.00188       0.08464 ±    0.00049     7.248 ±  0.051 %    86.944 ±  0.093 %
 130      46.0005 ±    0.5102       0.03715 ±    0.00187       0.08464 ±    0.00049     7.244 ±  0.051 %    86.946 ±  0.092 %
 131      45.8789 ±    0.5067       0.03707 ±    0.00187       0.08449 ±    0.00048     7.235 ±  0.050 %    86.956 ±  0.092 %
 132      45.9075 ±    0.5052       0.03673 ±    0.00186       0.08436 ±    0.00048     7.229 ±  0.050 %    86.974 ±  0.092 %
 133      46.0478 ±    0.5048       0.03706 ±    0.00185       0.08436 ±    0.00048     7.227 ±  0.050 %    86.973 ±  0.091 %
 134      45.8492 ±    0.5004       0.03690 ±    0.00184       0.08439 ±    0.00048     7.233 ±  0.050 %    86.974 ±  0.091 %
 135      45.6652 ±    0.4964       0.03686 ±    0.00183       0.08433 ±    0.00048     7.234 ±  0.049 %    86.988 ±  0.091 %
 136      45.3139 ±    0.4907       0.03729 ±    0.00183       0.08417 ±    0.00047     7.235 ±  0.049 %    87.005 ±  0.090 %
 137      45.2419 ±    0.4882       0.03728 ±    0.00182       0.08407 ±    0.00047     7.231 ±  0.049 %    87.013 ±  0.090 %
 138      45.3762 ±    0.4880       0.03736 ±    0.00182       0.08399 ±    0.00047     7.225 ±  0.049 %    87.015 ±  0.089 %
 139      45.7057 ±    0.4902       0.03718 ±    0.00181       0.08399 ±    0.00047     7.217 ±  0.049 %    87.012 ±  0.089 %
 140      45.6834 ±    0.4881       0.03690 ±    0.00180       0.08396 ±    0.00047     7.220 ±  0.049 %    87.004 ±  0.089 %
 141      45.7479 ±    0.4871       0.03669 ±    0.00179       0.08389 ±    0.00046     7.213 ±  0.048 %    86.995 ±  0.089 %
 142      45.8257 ±    0.4863       0.03673 ±    0.00179       0.08382 ±    0.00046     7.204 ±  0.048 %    86.999 ±  0.088 %
 143      46.0105 ±    0.4866       0.03708 ±    0.00178       0.08385 ±    0.00046     7.200 ±  0.048 %    86.983 ±  0.088 %
 144      46.0739 ±    0.4859       0.03723 ±    0.00177       0.08388 ±    0.00046     7.197 ±  0.048 %    86.983 ±  0.088 %

====== Perplexity statistics ======
Mean PPL(Q)                   :  46.073855 ±   0.485914
Mean PPL(base)                :  44.389851 ±   0.462582
Cor(ln(PPL(Q)), ln(PPL(base))):  98.58%
Mean ln(PPL(Q)/PPL(base))     :   0.037235 ±   0.001773
Mean PPL(Q)/PPL(base)         :   1.037937 ±   0.001841
Mean PPL(Q)-PPL(base)         :   1.684005 ±   0.083332

====== KL divergence statistics ======
Mean    KLD:   0.083880 ±   0.000456
Maximum KLD:   9.745064
99.9%   KLD:   2.009923
99.0%   KLD:   0.747347
95.0%   KLD:   0.310266
90.0%   KLD:   0.198259
Median  KLD:   0.035493
10.0%   KLD:   0.000986
 5.0%   KLD:   0.000169
 1.0%   KLD:   0.000007
 0.1%   KLD:  -0.000000
Minimum KLD:  -0.000181

====== Token probability statistics ======
Mean    Δp: -0.612 ± 0.019 %
Maximum Δp: 89.015%
99.9%   Δp: 43.433%
99.0%   Δp: 20.471%
95.0%   Δp:  7.648%
90.0%   Δp:  3.256%
75.0%   Δp:  0.203%
Median  Δp: -0.001%
25.0%   Δp: -0.686%
10.0%   Δp: -5.378%
 5.0%   Δp: -10.994%
 1.0%   Δp: -27.119%
 0.1%   Δp: -57.874%
Minimum Δp: -97.908%
RMS Δp    :  7.197 ± 0.048 %
Same top p: 86.983 ± 0.088 %

------------------------------
llama-perplexity --kl-divergence-base /tmp/logits.dat --ctx-size 2048 -f sample-data/wiki.test.raw -hf unsloth/gemma-4-E2B-it-qat-GGUF:UD-Q4_K_XL -fa on -ngl 99 -ctk turbo3 -ctv q8_0 --kl-divergence
0.00.488.941 I common_init_result: fitting params to device memory ...
0.00.488.944 I common_init_result: (for bugs during this step try to reproduce them with -fit off, or provide --verbose logs if the bug only occurs with -fit on)
0.02.912.227 W load: control-looking token:    212 '</s>' was not control-type; this is probably a bug in the model. its type will be overridden
0.02.912.759 W load: control-looking token:     50 '<|tool_response>' was not control-type; this is probably a bug in the model. its type will be overridden
0.02.942.921 W load: special_eog_ids contains '<|tool_response>', removing '</s>' token from EOG list
0.03.906.500 W llama_context: n_ctx_seq (2048) < n_ctx_train (131072) -- the full capacity of the model will not be utilized
0.03.934.054 I common_init_from_params: warming up the model with an empty run - please wait ... (--no-warmup to disable)
0.03.962.767 I 
0.03.962.839 I system_info: n_threads = 16 (n_threads_batch = 16) / 32 | CUDA : ARCHS = 500,610,700,750,800,860,890,900 | USE_GRAPHS = 1 | PEER_MAX_BATCH_SIZE = 128 | CPU : SSE3 = 1 | SSSE3 = 1 | AVX = 1 | AVX2 = 1 | F16C = 1 | FMA = 1 | BMI2 = 1 | LLAMAFILE = 1 | OPENMP = 1 | REPACK = 1 | 
0.04.194.249 I kl_divergence: computing over 144 chunks, n_ctx=2048, batch_size=2048, n_seq=1
0.05.242.677 I kl_divergence: 1.05 seconds per pass - ETA 2.50 minutes

chunk             PPL               ln(PPL(Q)/PPL(base))          KL Divergence              Δp RMS            Same top p
   1      45.4843 ±    5.8475       0.05778 ±    0.02016       0.08069 ±    0.00468     6.913 ±  0.447 %    87.977 ±  1.017 %
   2      57.3401 ±    5.1163       0.03685 ±    0.01427       0.08094 ±    0.00339     6.347 ±  0.295 %    85.924 ±  0.769 %
   3      60.5131 ±    4.4294       0.03464 ±    0.01177       0.08038 ±    0.00259     6.445 ±  0.237 %    86.380 ±  0.619 %
   4      56.9759 ±    3.5932       0.03532 ±    0.00983       0.07940 ±    0.00224     6.580 ±  0.225 %    86.657 ±  0.532 %
   5      54.1546 ±    3.0972       0.04820 ±    0.00903       0.08172 ±    0.00221     6.617 ±  0.195 %    86.491 ±  0.478 %
   6      42.4570 ±    2.1557       0.04822 ±    0.00816       0.08206 ±    0.00217     7.125 ±  0.199 %    86.787 ±  0.432 %
   7      36.4443 ±    1.6810       0.04707 ±    0.00742       0.08239 ±    0.00203     7.568 ±  0.204 %    86.957 ±  0.398 %
   8      35.4764 ±    1.5220       0.04047 ±    0.00692       0.08262 ±    0.00187     7.629 ±  0.190 %    86.962 ±  0.372 %
   9      36.5079 ±    1.4689       0.04101 ±    0.00652       0.08279 ±    0.00179     7.554 ±  0.180 %    86.890 ±  0.352 %
  10      38.2408 ±    1.4820       0.04275 ±    0.00633       0.08265 ±    0.00170     7.489 ±  0.171 %    86.911 ±  0.333 %
  11      39.0973 ±    1.4465       0.04274 ±    0.00612       0.08537 ±    0.00175     7.500 ±  0.161 %    86.661 ±  0.321 %
  12      42.2086 ±    1.5076       0.04232 ±    0.00583       0.08529 ±    0.00164     7.465 ±  0.153 %    86.689 ±  0.307 %
  13      41.6348 ±    1.4254       0.04052 ±    0.00554       0.08401 ±    0.00154     7.468 ±  0.147 %    86.773 ±  0.294 %
  14      42.3772 ±    1.4015       0.04183 ±    0.00535       0.08393 ±    0.00149     7.496 ±  0.147 %    86.824 ±  0.283 %
  15      41.9403 ±    1.3381       0.04055 ±    0.00511       0.08304 ±    0.00141     7.462 ±  0.140 %    86.888 ±  0.272 %
  16      43.8738 ±    1.3578       0.03809 ±    0.00496       0.08248 ±    0.00136     7.388 ±  0.134 %    86.926 ±  0.264 %
  17      43.7650 ±    1.3115       0.03178 ±    0.00487       0.08366 ±    0.00131     7.467 ±  0.131 %    86.809 ±  0.257 %
  18      43.9804 ±    1.2776       0.03137 ±    0.00469       0.08297 ±    0.00127     7.411 ±  0.128 %    86.836 ±  0.249 %
  19      43.1048 ±    1.2199       0.03268 ±    0.00460       0.08285 ±    0.00129     7.409 ±  0.127 %    86.865 ±  0.242 %
  20      42.1862 ±    1.1693       0.03404 ±    0.00471       0.08223 ±    0.00125     7.416 ±  0.123 %    86.945 ±  0.236 %
  21      42.4125 ±    1.1475       0.03308 ±    0.00458       0.08258 ±    0.00126     7.456 ±  0.123 %    86.957 ±  0.230 %
  22      42.7345 ±    1.1315       0.03222 ±    0.00447       0.08199 ±    0.00121     7.406 ±  0.120 %    86.972 ±  0.224 %
  23      43.0732 ±    1.1171       0.03312 ±    0.00437       0.08180 ±    0.00117     7.383 ±  0.117 %    86.884 ±  0.220 %
  24      43.4177 ±    1.1052       0.03295 ±    0.00426       0.08139 ±    0.00114     7.322 ±  0.114 %    86.909 ±  0.215 %
  25      43.9511 ±    1.0983       0.03195 ±    0.00418       0.08136 ±    0.00110     7.305 ±  0.112 %    86.893 ±  0.211 %
  26      44.2480 ±    1.0870       0.03180 ±    0.00411       0.08162 ±    0.00109     7.318 ±  0.111 %    86.886 ±  0.207 %
  27      45.7795 ±    1.1065       0.03103 ±    0.00402       0.08159 ±    0.00106     7.253 ±  0.109 %    86.919 ±  0.203 %
  28      45.5521 ±    1.0809       0.03202 ±    0.00394       0.08205 ±    0.00105     7.250 ±  0.106 %    86.929 ±  0.199 %
  29      45.6478 ±    1.0645       0.03259 ±    0.00387       0.08183 ±    0.00102     7.214 ±  0.103 %    86.915 ±  0.196 %
  30      45.6878 ±    1.0487       0.03254 ±    0.00382       0.08156 ±    0.00101     7.177 ±  0.101 %    86.918 ±  0.192 %
  31      45.3418 ±    1.0234       0.03237 ±    0.00375       0.08181 ±    0.00099     7.191 ±  0.100 %    86.911 ±  0.189 %
  32      44.4009 ±    0.9852       0.03186 ±    0.00367       0.08124 ±    0.00097     7.151 ±  0.098 %    87.048 ±  0.186 %
  33      44.0955 ±    0.9635       0.03105 ±    0.00361       0.08109 ±    0.00094     7.119 ±  0.096 %    86.975 ±  0.183 %
  34      43.5837 ±    0.9372       0.02957 ±    0.00356       0.08075 ±    0.00093     7.094 ±  0.094 %    87.022 ±  0.180 %
  35      43.6242 ±    0.9229       0.03039 ±    0.00349       0.08087 ±    0.00091     7.080 ±  0.092 %    86.966 ±  0.178 %
  36      42.9439 ±    0.8953       0.03032 ±    0.00343       0.08038 ±    0.00089     7.087 ±  0.091 %    87.034 ±  0.175 %
  37      41.8932 ±    0.8600       0.03144 ±    0.00339       0.08007 ±    0.00088     7.107 ±  0.090 %    87.091 ±  0.172 %
  38      41.4808 ±    0.8391       0.03335 ±    0.00336       0.08064 ±    0.00087     7.156 ±  0.089 %    87.079 ±  0.170 %
  39      40.7272 ±    0.8123       0.03373 ±    0.00331       0.08042 ±    0.00086     7.169 ±  0.087 %    87.072 ±  0.168 %
  40      40.5227 ±    0.7977       0.03509 ±    0.00327       0.08056 ±    0.00086     7.167 ±  0.086 %    87.075 ±  0.166 %
  41      40.4640 ±    0.7871       0.03412 ±    0.00322       0.08019 ±    0.00084     7.168 ±  0.085 %    87.130 ±  0.164 %
  42      40.8268 ±    0.7856       0.03411 ±    0.00319       0.08021 ±    0.00083     7.159 ±  0.084 %    87.129 ±  0.162 %
  43      41.5680 ±    0.7909       0.03786 ±    0.00318       0.08145 ±    0.00082     7.171 ±  0.084 %    86.972 ±  0.160 %
  44      42.5020 ±    0.8014       0.03647 ±    0.00314       0.08158 ±    0.00081     7.127 ±  0.082 %    86.961 ±  0.159 %
  45      43.1028 ±    0.8044       0.03592 ±    0.00310       0.08164 ±    0.00080     7.093 ±  0.081 %    86.903 ±  0.157 %
  46      43.4025 ±    0.8019       0.03564 ±    0.00308       0.08170 ±    0.00079     7.086 ±  0.080 %    86.908 ±  0.155 %
  47      43.7359 ±    0.7999       0.03534 ±    0.00305       0.08202 ±    0.00079     7.096 ±  0.079 %    86.887 ±  0.154 %
  48      44.0546 ±    0.7975       0.03482 ±    0.00303       0.08222 ±    0.00078     7.086 ±  0.078 %    86.848 ±  0.153 %
  49      44.2311 ±    0.7928       0.03530 ±    0.00300       0.08226 ±    0.00077     7.089 ±  0.077 %    86.871 ±  0.151 %
  50      44.4409 ±    0.7886       0.03510 ±    0.00297       0.08253 ±    0.00076     7.089 ±  0.077 %    86.864 ±  0.149 %
  51      44.1006 ±    0.7747       0.03546 ±    0.00294       0.08227 ±    0.00075     7.090 ±  0.076 %    86.903 ±  0.148 %
  52      44.0565 ±    0.7669       0.03610 ±    0.00291       0.08197 ±    0.00074     7.086 ±  0.075 %    86.933 ±  0.146 %
  53      43.8077 ±    0.7547       0.03375 ±    0.00289       0.08240 ±    0.00074     7.112 ±  0.075 %    86.901 ±  0.145 %
  54      43.3152 ±    0.7384       0.03352 ±    0.00286       0.08232 ±    0.00073     7.132 ±  0.074 %    86.898 ±  0.144 %
  55      43.2068 ±    0.7296       0.03342 ±    0.00283       0.08233 ±    0.00072     7.145 ±  0.074 %    86.891 ±  0.142 %
  56      43.1239 ±    0.7218       0.03380 ±    0.00281       0.08261 ±    0.00072     7.175 ±  0.073 %    86.884 ±  0.141 %
  57      42.4531 ±    0.7032       0.03376 ±    0.00278       0.08234 ±    0.00071     7.180 ±  0.073 %    86.958 ±  0.139 %
  58      42.5504 ±    0.6984       0.03727 ±    0.00278       0.08334 ±    0.00071     7.230 ±  0.073 %    86.927 ±  0.138 %
  59      41.9659 ±    0.6822       0.03756 ±    0.00275       0.08317 ±    0.00071     7.253 ±  0.073 %    86.979 ±  0.137 %
  60      42.0538 ±    0.6780       0.03739 ±    0.00272       0.08309 ±    0.00071     7.242 ±  0.072 %    87.023 ±  0.136 %
  61      42.2310 ±    0.6754       0.03728 ±    0.00271       0.08310 ±    0.00070     7.251 ±  0.072 %    87.050 ±  0.134 %
  62      42.5197 ±    0.6750       0.03740 ±    0.00268       0.08307 ±    0.00069     7.237 ±  0.071 %    87.037 ±  0.133 %
  63      43.0958 ±    0.6794       0.03762 ±    0.00266       0.08282 ±    0.00068     7.212 ±  0.070 %    87.035 ±  0.132 %
  64      43.0358 ±    0.6732       0.03732 ±    0.00264       0.08278 ±    0.00068     7.212 ±  0.070 %    87.043 ±  0.131 %
  65      43.2468 ±    0.6721       0.03921 ±    0.00263       0.08341 ±    0.00068     7.234 ±  0.070 %    87.019 ±  0.130 %
  66      43.2116 ±    0.6666       0.03883 ±    0.00262       0.08338 ±    0.00067     7.235 ±  0.069 %    87.040 ±  0.129 %
  67      43.2573 ±    0.6628       0.03838 ±    0.00262       0.08434 ±    0.00068     7.284 ±  0.069 %    87.011 ±  0.128 %
  68      43.1914 ±    0.6568       0.03796 ±    0.00260       0.08436 ±    0.00068     7.292 ±  0.069 %    87.023 ±  0.127 %
  69      43.2823 ±    0.6535       0.03800 ±    0.00258       0.08443 ±    0.00067     7.289 ±  0.068 %    86.998 ±  0.127 %
  70      42.8281 ±    0.6427       0.03795 ±    0.00257       0.08478 ±    0.00067     7.333 ±  0.068 %    86.982 ±  0.126 %
  71      42.5532 ±    0.6337       0.03967 ±    0.00256       0.08509 ±    0.00067     7.373 ±  0.068 %    86.977 ±  0.125 %
  72      43.0145 ±    0.6373       0.03929 ±    0.00254       0.08528 ±    0.00066     7.364 ±  0.067 %    86.939 ±  0.124 %
  73      43.4381 ±    0.6398       0.03846 ±    0.00252       0.08525 ±    0.00065     7.349 ±  0.067 %    86.935 ±  0.123 %
  74      43.2479 ±    0.6324       0.03787 ±    0.00250       0.08505 ±    0.00065     7.334 ±  0.066 %    86.934 ±  0.122 %
  75      43.1740 ±    0.6270       0.03777 ±    0.00248       0.08488 ±    0.00064     7.325 ±  0.066 %    86.948 ±  0.122 %
  76      43.1908 ±    0.6231       0.03728 ±    0.00247       0.08486 ±    0.00064     7.318 ±  0.065 %    86.959 ±  0.121 %
  77      43.2873 ±    0.6208       0.03814 ±    0.00246       0.08522 ±    0.00063     7.322 ±  0.064 %    86.923 ±  0.120 %
  78      43.2641 ±    0.6165       0.03780 ±    0.00245       0.08514 ±    0.00063     7.319 ±  0.064 %    86.944 ±  0.119 %
  79      43.3326 ±    0.6136       0.03778 ±    0.00243       0.08509 ±    0.00062     7.318 ±  0.064 %    86.935 ±  0.119 %
  80      43.5257 ±    0.6125       0.03791 ±    0.00241       0.08495 ±    0.00062     7.301 ±  0.063 %    86.945 ±  0.118 %
  81      43.0767 ±    0.6019       0.03753 ±    0.00239       0.08457 ±    0.00061     7.287 ±  0.063 %    86.993 ±  0.117 %
  82      42.7368 ±    0.5935       0.03734 ±    0.00237       0.08440 ±    0.00061     7.291 ±  0.063 %    87.022 ±  0.116 %
  83      42.2849 ±    0.5834       0.03713 ±    0.00235       0.08422 ±    0.00060     7.293 ±  0.062 %    87.056 ±  0.115 %
  84      42.0335 ±    0.5765       0.03627 ±    0.00233       0.08393 ±    0.00060     7.281 ±  0.062 %    87.100 ±  0.114 %
  85      42.1314 ±    0.5744       0.03563 ±    0.00231       0.08399 ±    0.00059     7.289 ±  0.062 %    87.091 ±  0.114 %
  86      42.0511 ±    0.5698       0.03560 ±    0.00230       0.08393 ±    0.00059     7.287 ±  0.061 %    87.069 ±  0.113 %
  87      42.1706 ±    0.5680       0.03525 ±    0.00229       0.08399 ±    0.00059     7.291 ±  0.061 %    87.044 ±  0.113 %
  88      42.5245 ±    0.5693       0.03512 ±    0.00227       0.08394 ±    0.00058     7.277 ±  0.060 %    87.025 ±  0.112 %
  89      42.5593 ±    0.5665       0.03515 ±    0.00226       0.08387 ±    0.00058     7.279 ±  0.060 %    87.010 ±  0.111 %
  90      42.8489 ±    0.5672       0.03512 ±    0.00224       0.08414 ±    0.00058     7.279 ±  0.060 %    86.987 ±  0.111 %
  91      43.3573 ±    0.5709       0.03532 ±    0.00223       0.08442 ±    0.00057     7.268 ±  0.059 %    86.939 ±  0.110 %
  92      43.8004 ±    0.5739       0.03515 ±    0.00221       0.08449 ±    0.00057     7.255 ±  0.059 %    86.916 ±  0.110 %
  93      44.0558 ±    0.5740       0.03517 ±    0.00220       0.08482 ±    0.00056     7.254 ±  0.058 %    86.870 ±  0.109 %
  94      44.5581 ±    0.5780       0.03484 ±    0.00219       0.08506 ±    0.00056     7.242 ±  0.058 %    86.841 ±  0.109 %
  95      45.0407 ±    0.5816       0.03489 ±    0.00218       0.08511 ±    0.00056     7.235 ±  0.058 %    86.806 ±  0.109 %
  96      44.9790 ±    0.5776       0.03461 ±    0.00216       0.08499 ±    0.00056     7.230 ±  0.057 %    86.842 ±  0.108 %
  97      45.1843 ±    0.5774       0.03445 ±    0.00215       0.08498 ±    0.00055     7.230 ±  0.057 %    86.852 ±  0.107 %
  98      45.3209 ±    0.5765       0.03440 ±    0.00214       0.08482 ±    0.00055     7.221 ±  0.057 %    86.849 ±  0.107 %
  99      45.6858 ±    0.5790       0.03467 ±    0.00213       0.08481 ±    0.00054     7.212 ±  0.056 %    86.849 ±  0.106 %
 100      45.6671 ±    0.5759       0.03526 ±    0.00212       0.08478 ±    0.00054     7.210 ±  0.056 %    86.855 ±  0.106 %
 101      45.8653 ±    0.5759       0.03530 ±    0.00211       0.08478 ±    0.00054     7.207 ±  0.056 %    86.855 ±  0.105 %
 102      46.0941 ±    0.5762       0.03501 ±    0.00210       0.08475 ±    0.00054     7.196 ±  0.055 %    86.858 ±  0.105 %
 103      46.2654 ±    0.5755       0.03453 ±    0.00209       0.08473 ±    0.00053     7.191 ±  0.055 %    86.846 ±  0.104 %
 104      46.3792 ±    0.5741       0.03517 ±    0.00209       0.08491 ±    0.00053     7.195 ±  0.055 %    86.840 ±  0.104 %
 105      46.4031 ±    0.5717       0.03506 ±    0.00208       0.08492 ±    0.00053     7.189 ±  0.055 %    86.826 ±  0.103 %
 106      46.6779 ±    0.5727       0.03464 ±    0.00207       0.08475 ±    0.00052     7.175 ±  0.054 %    86.836 ±  0.103 %
 107      46.6324 ±    0.5692       0.03464 ±    0.00206       0.08459 ±    0.00052     7.178 ±  0.054 %    86.863 ±  0.102 %
 108      46.7500 ±    0.5681       0.03469 ±    0.00205       0.08441 ±    0.00052     7.170 ±  0.054 %    86.870 ±  0.102 %
 109      46.7764 ±    0.5659       0.03451 ±    0.00204       0.08472 ±    0.00052     7.184 ±  0.054 %    86.847 ±  0.101 %
 110      46.5110 ±    0.5598       0.03419 ±    0.00203       0.08453 ±    0.00051     7.182 ±  0.053 %    86.866 ±  0.101 %
 111      46.4086 ±    0.5558       0.03394 ±    0.00202       0.08473 ±    0.00051     7.184 ±  0.053 %    86.866 ±  0.100 %
 112      46.2560 ±    0.5516       0.03489 ±    0.00201       0.08495 ±    0.00051     7.190 ±  0.053 %    86.859 ±  0.100 %
 113      46.4372 ±    0.5517       0.03467 ±    0.00200       0.08494 ±    0.00051     7.187 ±  0.052 %    86.864 ±  0.099 %
 114      46.6590 ±    0.5523       0.03483 ±    0.00200       0.08497 ±    0.00050     7.193 ±  0.052 %    86.854 ±  0.099 %
 115      46.8581 ±    0.5526       0.03482 ±    0.00199       0.08491 ±    0.00050     7.183 ±  0.052 %    86.852 ±  0.099 %
 116      47.1287 ±    0.5539       0.03545 ±    0.00199       0.08539 ±    0.00050     7.183 ±  0.052 %    86.820 ±  0.098 %
 117      46.8038 ±    0.5473       0.03513 ±    0.00197       0.08522 ±    0.00050     7.178 ±  0.051 %    86.856 ±  0.098 %
 118      46.4914 ±    0.5413       0.03524 ±    0.00197       0.08498 ±    0.00049     7.181 ±  0.051 %    86.884 ±  0.097 %
 119      46.4359 ±    0.5382       0.03556 ±    0.00196       0.08493 ±    0.00049     7.185 ±  0.051 %    86.894 ±  0.097 %
 120      46.3033 ±    0.5343       0.03586 ±    0.00194       0.08478 ±    0.00049     7.181 ±  0.051 %    86.919 ±  0.096 %
 121      46.1029 ±    0.5296       0.03558 ±    0.00194       0.08463 ±    0.00049     7.180 ±  0.051 %    86.921 ±  0.096 %
 122      45.9811 ±    0.5258       0.03557 ±    0.00193       0.08464 ±    0.00049     7.187 ±  0.051 %    86.936 ±  0.095 %
 123      46.0769 ±    0.5250       0.03576 ±    0.00192       0.08452 ±    0.00048     7.183 ±  0.050 %    86.964 ±  0.095 %
 124      46.0690 ±    0.5230       0.03567 ±    0.00191       0.08452 ±    0.00049     7.186 ±  0.050 %    86.974 ±  0.095 %
 125      46.0668 ±    0.5211       0.03568 ±    0.00190       0.08451 ±    0.00048     7.196 ±  0.050 %    86.985 ±  0.094 %
 126      46.1430 ±    0.5200       0.03549 ±    0.00190       0.08448 ±    0.00048     7.195 ±  0.050 %    86.996 ±  0.094 %
 127      46.0750 ±    0.5169       0.03530 ±    0.00189       0.08437 ±    0.00048     7.195 ±  0.050 %    86.997 ±  0.093 %
 128      45.8364 ±    0.5121       0.03561 ±    0.00188       0.08428 ±    0.00048     7.205 ±  0.050 %    87.010 ±  0.093 %
 129      45.7658 ±    0.5091       0.03525 ±    0.00187       0.08415 ±    0.00047     7.202 ±  0.050 %    87.010 ±  0.093 %
 130      45.9273 ±    0.5093       0.03556 ±    0.00186       0.08412 ±    0.00047     7.195 ±  0.049 %    87.016 ±  0.092 %
 131      45.8007 ±    0.5057       0.03537 ±    0.00185       0.08397 ±    0.00047     7.187 ±  0.049 %    87.037 ±  0.092 %
 132      45.8311 ±    0.5043       0.03507 ±    0.00185       0.08384 ±    0.00047     7.181 ±  0.049 %    87.038 ±  0.091 %
 133      45.9656 ±    0.5039       0.03527 ±    0.00184       0.08381 ±    0.00047     7.181 ±  0.049 %    87.039 ±  0.091 %
 134      45.7590 ±    0.4994       0.03493 ±    0.00183       0.08382 ±    0.00046     7.192 ±  0.049 %    87.044 ±  0.091 %
 135      45.5815 ±    0.4954       0.03502 ±    0.00182       0.08376 ±    0.00046     7.195 ±  0.048 %    87.050 ±  0.090 %
 136      45.2237 ±    0.4897       0.03530 ±    0.00182       0.08359 ±    0.00046     7.195 ±  0.048 %    87.078 ±  0.090 %
 137      45.1596 ±    0.4872       0.03546 ±    0.00181       0.08350 ±    0.00046     7.197 ±  0.048 %    87.075 ±  0.090 %
 138      45.2877 ±    0.4870       0.03540 ±    0.00181       0.08342 ±    0.00046     7.197 ±  0.048 %    87.078 ±  0.089 %
 139      45.6243 ±    0.4892       0.03540 ±    0.00180       0.08344 ±    0.00045     7.186 ±  0.048 %    87.074 ±  0.089 %
 140      45.6001 ±    0.4872       0.03507 ±    0.00179       0.08341 ±    0.00045     7.187 ±  0.048 %    87.068 ±  0.089 %
 141      45.6614 ±    0.4861       0.03480 ±    0.00178       0.08337 ±    0.00045     7.179 ±  0.048 %    87.066 ±  0.088 %
 142      45.7309 ±    0.4852       0.03466 ±    0.00178       0.08329 ±    0.00045     7.172 ±  0.047 %    87.073 ±  0.088 %
 143      45.9226 ±    0.4857       0.03517 ±    0.00177       0.08340 ±    0.00045     7.175 ±  0.047 %    87.061 ±  0.088 %
 144      45.9822 ±    0.4849       0.03524 ±    0.00177       0.08345 ±    0.00044     7.173 ±  0.047 %    87.059 ±  0.087 %

====== Perplexity statistics ======
Mean PPL(Q)                   :  45.982240 ±   0.484901
Mean PPL(base)                :  44.389851 ±   0.462582
Cor(ln(PPL(Q)), ln(PPL(base))):  98.59%
Mean ln(PPL(Q)/PPL(base))     :   0.035244 ±   0.001767
Mean PPL(Q)/PPL(base)         :   1.035873 ±   0.001830
Mean PPL(Q)-PPL(base)         :   1.592389 ±   0.082687

====== KL divergence statistics ======
Mean    KLD:   0.083450 ±   0.000444
Maximum KLD:   8.409307
99.9%   KLD:   1.990382
99.0%   KLD:   0.728711
95.0%   KLD:   0.308539
90.0%   KLD:   0.197273
Median  KLD:   0.035642
10.0%   KLD:   0.001014
 5.0%   KLD:   0.000170
 1.0%   KLD:   0.000007
 0.1%   KLD:  -0.000000
Minimum KLD:  -0.000145

====== Token probability statistics ======
Mean    Δp: -0.610 ± 0.019 %
Maximum Δp: 95.090%
99.9%   Δp: 44.233%
99.0%   Δp: 20.155%
95.0%   Δp:  7.667%
90.0%   Δp:  3.278%
75.0%   Δp:  0.208%
Median  Δp: -0.001%
25.0%   Δp: -0.677%
10.0%   Δp: -5.425%
 5.0%   Δp: -10.975%
 1.0%   Δp: -26.982%
 0.1%   Δp: -57.686%
Minimum Δp: -95.069%
RMS Δp    :  7.173 ± 0.047 %
Same top p: 87.059 ± 0.087 %

------------------------------
llama-perplexity --kl-divergence-base /tmp/logits.dat --ctx-size 2048 -f sample-data/wiki.test.raw -hf unsloth/gemma-4-E2B-it-qat-GGUF:UD-Q4_K_XL -fa on -ngl 99 -ctk turbo3 -ctv q4_0 --kl-divergence
0.00.479.536 I common_init_result: fitting params to device memory ...
0.00.479.539 I common_init_result: (for bugs during this step try to reproduce them with -fit off, or provide --verbose logs if the bug only occurs with -fit on)
0.02.910.590 W load: control-looking token:    212 '</s>' was not control-type; this is probably a bug in the model. its type will be overridden
0.02.911.103 W load: control-looking token:     50 '<|tool_response>' was not control-type; this is probably a bug in the model. its type will be overridden
0.02.938.829 W load: special_eog_ids contains '<|tool_response>', removing '</s>' token from EOG list
0.03.889.813 W llama_context: n_ctx_seq (2048) < n_ctx_train (131072) -- the full capacity of the model will not be utilized
0.03.916.903 I common_init_from_params: warming up the model with an empty run - please wait ... (--no-warmup to disable)
0.03.941.376 I 
0.03.941.432 I system_info: n_threads = 16 (n_threads_batch = 16) / 32 | CUDA : ARCHS = 500,610,700,750,800,860,890,900 | USE_GRAPHS = 1 | PEER_MAX_BATCH_SIZE = 128 | CPU : SSE3 = 1 | SSSE3 = 1 | AVX = 1 | AVX2 = 1 | F16C = 1 | FMA = 1 | BMI2 = 1 | LLAMAFILE = 1 | OPENMP = 1 | REPACK = 1 | 
0.04.166.205 I kl_divergence: computing over 144 chunks, n_ctx=2048, batch_size=2048, n_seq=1
0.24.333.695 I kl_divergence: 20.17 seconds per pass - ETA 48.40 minutes
--- ABORTED (ETA 48.40m > 4.0x baseline 2.42m) ---
llama-perplexity --kl-divergence-base /tmp/logits.dat --ctx-size 2048 -f sample-data/wiki.test.raw -hf unsloth/gemma-4-E2B-it-qat-GGUF:UD-Q4_K_XL -fa on -ngl 99 -ctk turbo3 -ctv turbo4 --kl-divergence
0.00.472.948 I common_init_result: fitting params to device memory ...
0.00.472.951 I common_init_result: (for bugs during this step try to reproduce them with -fit off, or provide --verbose logs if the bug only occurs with -fit on)
0.02.870.654 W load: control-looking token:    212 '</s>' was not control-type; this is probably a bug in the model. its type will be overridden
0.02.871.170 W load: control-looking token:     50 '<|tool_response>' was not control-type; this is probably a bug in the model. its type will be overridden
0.02.899.007 W load: special_eog_ids contains '<|tool_response>', removing '</s>' token from EOG list
0.03.830.937 W llama_context: n_ctx_seq (2048) < n_ctx_train (131072) -- the full capacity of the model will not be utilized
0.03.857.299 I common_init_from_params: warming up the model with an empty run - please wait ... (--no-warmup to disable)
0.03.884.957 I 
0.03.885.025 I system_info: n_threads = 16 (n_threads_batch = 16) / 32 | CUDA : ARCHS = 500,610,700,750,800,860,890,900 | USE_GRAPHS = 1 | PEER_MAX_BATCH_SIZE = 128 | CPU : SSE3 = 1 | SSSE3 = 1 | AVX = 1 | AVX2 = 1 | F16C = 1 | FMA = 1 | BMI2 = 1 | LLAMAFILE = 1 | OPENMP = 1 | REPACK = 1 | 
0.04.107.774 I kl_divergence: computing over 144 chunks, n_ctx=2048, batch_size=2048, n_seq=1
0.05.128.885 I kl_divergence: 1.02 seconds per pass - ETA 2.45 minutes

chunk             PPL               ln(PPL(Q)/PPL(base))          KL Divergence              Δp RMS            Same top p
   1      47.2192 ±    6.1070       0.09521 ±    0.02281       0.10357 ±    0.00568     8.316 ±  0.608 %    85.044 ±  1.116 %
   2      60.0017 ±    5.3657       0.08222 ±    0.01574       0.10121 ±    0.00424     7.355 ±  0.382 %    83.627 ±  0.818 %
   3      62.8436 ±    4.6161       0.07243 ±    0.01285       0.10043 ±    0.00324     7.262 ±  0.305 %    84.164 ±  0.659 %
   4      59.2000 ±    3.7403       0.07361 ±    0.01091       0.09924 ±    0.00281     7.341 ±  0.272 %    84.629 ±  0.564 %
   5      55.9322 ±    3.2057       0.08049 ±    0.00986       0.10081 ±    0.00258     7.348 ±  0.233 %    84.868 ±  0.501 %
   6      44.0755 ±    2.2461       0.08564 ±    0.00892       0.10151 ±    0.00241     7.853 ±  0.220 %    84.734 ±  0.459 %
   7      37.8970 ±    1.7555       0.08616 ±    0.00834       0.10435 ±    0.00246     8.649 ±  0.244 %    84.918 ±  0.423 %
   8      37.0687 ±    1.5995       0.08438 ±    0.00778       0.10566 ±    0.00236     8.673 ±  0.230 %    84.971 ±  0.395 %
   9      38.1874 ±    1.5465       0.08599 ±    0.00737       0.10979 ±    0.00236     8.699 ±  0.215 %    84.599 ±  0.376 %
  10      39.8305 ±    1.5512       0.08348 ±    0.00706       0.10851 ±    0.00220     8.566 ±  0.201 %    84.653 ±  0.356 %
  11      40.6989 ±    1.5135       0.08288 ±    0.00679       0.11096 ±    0.00221     8.564 ±  0.189 %    84.484 ±  0.341 %
  12      44.3470 ±    1.5964       0.09174 ±    0.00661       0.11448 ±    0.00211     8.653 ±  0.186 %    84.335 ±  0.328 %
  13      43.6942 ±    1.5077       0.08880 ±    0.00626       0.11256 ±    0.00198     8.660 ±  0.177 %    84.503 ±  0.314 %
  14      44.4683 ±    1.4837       0.09000 ±    0.00603       0.11101 ±    0.00187     8.588 ±  0.169 %    84.786 ±  0.300 %
  15      44.0212 ±    1.4175       0.08897 ±    0.00575       0.10939 ±    0.00177     8.554 ±  0.161 %    84.959 ±  0.289 %
  16      45.8798 ±    1.4311       0.08280 ±    0.00557       0.10836 ±    0.00171     8.407 ±  0.155 %    85.160 ±  0.278 %
  17      45.6420 ±    1.3784       0.07378 ±    0.00544       0.10918 ±    0.00165     8.440 ±  0.150 %    85.159 ±  0.270 %
  18      45.8435 ±    1.3426       0.07286 ±    0.00525       0.10796 ±    0.00159     8.377 ±  0.144 %    85.185 ±  0.262 %
  19      44.8944 ±    1.2799       0.07336 ±    0.00508       0.10682 ±    0.00155     8.353 ±  0.143 %    85.306 ±  0.254 %
  20      44.0439 ±    1.2294       0.07713 ±    0.00513       0.10653 ±    0.00152     8.392 ±  0.139 %    85.352 ±  0.247 %
  21      44.2684 ±    1.2067       0.07591 ±    0.00499       0.10595 ±    0.00147     8.358 ±  0.135 %    85.384 ±  0.241 %
  22      44.6614 ±    1.1919       0.07632 ±    0.00488       0.10537 ±    0.00142     8.290 ±  0.131 %    85.422 ±  0.235 %
  23      44.9997 ±    1.1764       0.07688 ±    0.00477       0.10492 ±    0.00137     8.246 ±  0.127 %    85.392 ±  0.230 %
  24      45.2963 ±    1.1616       0.07531 ±    0.00465       0.10436 ±    0.00134     8.200 ±  0.125 %    85.398 ±  0.225 %
  25      45.8791 ±    1.1555       0.07488 ±    0.00458       0.10475 ±    0.00131     8.157 ±  0.122 %    85.361 ±  0.221 %
  26      46.1934 ±    1.1437       0.07483 ±    0.00450       0.10463 ±    0.00128     8.155 ±  0.120 %    85.318 ±  0.217 %
  27      47.7749 ±    1.1638       0.07369 ±    0.00440       0.10438 ±    0.00125     8.085 ±  0.117 %    85.344 ±  0.213 %
  28      47.4583 ±    1.1346       0.07302 ±    0.00432       0.10468 ±    0.00123     8.087 ±  0.114 %    85.337 ±  0.209 %
  29      47.5333 ±    1.1164       0.07306 ±    0.00425       0.10453 ±    0.00120     8.059 ±  0.112 %    85.331 ±  0.205 %
  30      47.5462 ±    1.0989       0.07241 ±    0.00418       0.10401 ±    0.00118     8.010 ±  0.110 %    85.376 ±  0.202 %
  31      47.1666 ±    1.0720       0.07183 ±    0.00410       0.10422 ±    0.00116     8.046 ±  0.108 %    85.312 ±  0.199 %
  32      46.1699 ±    1.0318       0.07093 ±    0.00401       0.10375 ±    0.00114     8.005 ±  0.106 %    85.417 ±  0.195 %
  33      45.8560 ±    1.0093       0.07020 ±    0.00395       0.10319 ±    0.00111     7.964 ±  0.104 %    85.453 ±  0.192 %
  34      45.3463 ±    0.9825       0.06921 ±    0.00388       0.10267 ±    0.00109     7.936 ±  0.102 %    85.536 ±  0.189 %
  35      45.3599 ±    0.9667       0.06941 ±    0.00382       0.10268 ±    0.00107     7.909 ±  0.100 %    85.524 ±  0.186 %
  36      44.6698 ±    0.9382       0.06973 ±    0.00376       0.10213 ±    0.00105     7.903 ±  0.098 %    85.614 ±  0.183 %
  37      43.5314 ±    0.9001       0.06980 ±    0.00370       0.10156 ±    0.00103     7.909 ±  0.097 %    85.744 ±  0.180 %
  38      43.1060 ±    0.8783       0.07178 ±    0.00367       0.10191 ±    0.00102     7.951 ±  0.096 %    85.723 ±  0.177 %
  39      42.2992 ±    0.8498       0.07161 ±    0.00362       0.10154 ±    0.00101     7.978 ±  0.095 %    85.756 ±  0.175 %
  40      42.0008 ±    0.8325       0.07092 ±    0.00357       0.10154 ±    0.00099     7.993 ±  0.093 %    85.777 ±  0.173 %
  41      41.9266 ±    0.8209       0.06963 ±    0.00352       0.10119 ±    0.00098     8.001 ±  0.092 %    85.805 ±  0.170 %
  42      42.3445 ±    0.8202       0.07061 ±    0.00348       0.10125 ±    0.00097     7.995 ±  0.091 %    85.779 ±  0.168 %
  43      43.1401 ±    0.8264       0.07499 ±    0.00347       0.10270 ±    0.00097     8.005 ±  0.090 %    85.585 ±  0.167 %
  44      44.1492 ±    0.8383       0.07449 ±    0.00343       0.10290 ±    0.00095     7.955 ±  0.089 %    85.579 ±  0.166 %
  45      44.8287 ±    0.8426       0.07518 ±    0.00338       0.10295 ±    0.00094     7.936 ±  0.088 %    85.548 ±  0.164 %
  46      45.1528 ±    0.8404       0.07518 ±    0.00336       0.10297 ±    0.00093     7.937 ±  0.087 %    85.571 ±  0.162 %
  47      45.5030 ±    0.8384       0.07495 ±    0.00333       0.10316 ±    0.00093     7.937 ±  0.086 %    85.554 ±  0.160 %
  48      45.8224 ±    0.8356       0.07416 ±    0.00329       0.10325 ±    0.00091     7.924 ±  0.085 %    85.563 ±  0.159 %
  49      46.0019 ±    0.8307       0.07455 ±    0.00326       0.10305 ±    0.00090     7.915 ±  0.084 %    85.601 ±  0.157 %
  50      46.1757 ±    0.8253       0.07339 ±    0.00323       0.10330 ±    0.00089     7.923 ±  0.084 %    85.595 ±  0.155 %
  51      45.8342 ±    0.8110       0.07401 ±    0.00320       0.10307 ±    0.00089     7.917 ±  0.082 %    85.590 ±  0.154 %
  52      45.7441 ±    0.8019       0.07369 ±    0.00317       0.10298 ±    0.00088     7.917 ±  0.082 %    85.584 ±  0.152 %
  53      45.4789 ±    0.7891       0.07119 ±    0.00314       0.10331 ±    0.00087     7.933 ±  0.081 %    85.592 ±  0.151 %
  54      44.9640 ±    0.7720       0.07088 ±    0.00310       0.10294 ±    0.00086     7.932 ±  0.080 %    85.611 ±  0.149 %
  55      44.8671 ±    0.7632       0.07112 ±    0.00307       0.10280 ±    0.00085     7.939 ±  0.079 %    85.611 ±  0.148 %
  56      44.7906 ±    0.7552       0.07172 ±    0.00305       0.10292 ±    0.00084     7.967 ±  0.079 %    85.604 ±  0.147 %
  57      44.0706 ±    0.7354       0.07115 ±    0.00301       0.10262 ±    0.00083     7.965 ±  0.078 %    85.660 ±  0.145 %
  58      44.1473 ±    0.7300       0.07412 ±    0.00300       0.10355 ±    0.00083     7.982 ±  0.077 %    85.622 ±  0.144 %
  59      43.5196 ±    0.7126       0.07391 ±    0.00297       0.10310 ±    0.00082     7.984 ±  0.077 %    85.670 ±  0.143 %
  60      43.6326 ±    0.7086       0.07425 ±    0.00295       0.10339 ±    0.00081     7.984 ±  0.076 %    85.673 ±  0.141 %
  61      43.8320 ±    0.7061       0.07449 ±    0.00293       0.10344 ±    0.00080     8.003 ±  0.076 %    85.690 ±  0.140 %
  62      44.1181 ±    0.7055       0.07430 ±    0.00291       0.10337 ±    0.00080     7.988 ±  0.075 %    85.684 ±  0.139 %
  63      44.7203 ±    0.7102       0.07462 ±    0.00288       0.10309 ±    0.00079     7.971 ±  0.075 %    85.693 ±  0.138 %
  64      44.6920 ±    0.7044       0.07509 ±    0.00285       0.10287 ±    0.00078     7.965 ±  0.074 %    85.724 ±  0.137 %
  65      44.8740 ±    0.7027       0.07615 ±    0.00285       0.10346 ±    0.00078     7.983 ±  0.074 %    85.715 ±  0.136 %
  66      44.8260 ±    0.6966       0.07551 ±    0.00284       0.10338 ±    0.00077     7.981 ±  0.073 %    85.730 ±  0.135 %
  67      44.8656 ±    0.6926       0.07488 ±    0.00284       0.10425 ±    0.00078     8.020 ±  0.073 %    85.712 ±  0.134 %
  68      44.7887 ±    0.6862       0.07427 ±    0.00281       0.10408 ±    0.00077     8.029 ±  0.072 %    85.733 ±  0.133 %
  69      44.8940 ±    0.6830       0.07456 ±    0.00279       0.10431 ±    0.00077     8.046 ±  0.072 %    85.711 ±  0.132 %
  70      44.4879 ±    0.6729       0.07597 ±    0.00279       0.10481 ±    0.00077     8.103 ±  0.071 %    85.707 ±  0.131 %
  71      44.2025 ±    0.6635       0.07770 ±    0.00277       0.10499 ±    0.00076     8.121 ±  0.071 %    85.710 ±  0.130 %
  72      44.6795 ±    0.6672       0.07727 ±    0.00275       0.10524 ±    0.00075     8.116 ±  0.071 %    85.640 ±  0.129 %
  73      45.1344 ±    0.6702       0.07676 ±    0.00273       0.10508 ±    0.00075     8.092 ±  0.070 %    85.648 ±  0.128 %
  74      44.9471 ±    0.6627       0.07641 ±    0.00270       0.10472 ±    0.00074     8.080 ±  0.069 %    85.673 ±  0.127 %
  75      44.8543 ±    0.6568       0.07595 ±    0.00269       0.10456 ±    0.00074     8.080 ±  0.069 %    85.692 ±  0.126 %
  76      44.8979 ±    0.6532       0.07604 ±    0.00267       0.10451 ±    0.00073     8.071 ±  0.069 %    85.713 ±  0.126 %
  77      45.0011 ±    0.6509       0.07697 ±    0.00267       0.10478 ±    0.00073     8.070 ±  0.068 %    85.694 ±  0.125 %
  78      44.9706 ±    0.6464       0.07649 ±    0.00265       0.10452 ±    0.00072     8.058 ±  0.068 %    85.731 ±  0.124 %
  79      45.0315 ±    0.6432       0.07623 ±    0.00263       0.10464 ±    0.00072     8.052 ±  0.067 %    85.723 ±  0.123 %
  80      45.2258 ±    0.6420       0.07622 ±    0.00261       0.10443 ±    0.00071     8.034 ±  0.067 %    85.723 ±  0.122 %
  81      44.7493 ±    0.6307       0.07562 ±    0.00259       0.10399 ±    0.00070     8.025 ±  0.066 %    85.779 ±  0.121 %
  82      44.3612 ±    0.6213       0.07464 ±    0.00257       0.10383 ±    0.00070     8.034 ±  0.066 %    85.814 ±  0.120 %
  83      43.8814 ±    0.6105       0.07419 ±    0.00254       0.10352 ±    0.00069     8.028 ±  0.065 %    85.848 ±  0.120 %
  84      43.6071 ±    0.6030       0.07303 ±    0.00253       0.10323 ±    0.00069     8.024 ±  0.065 %    85.885 ±  0.119 %
  85      43.7102 ±    0.6008       0.07242 ±    0.00251       0.10307 ±    0.00068     8.021 ±  0.065 %    85.873 ±  0.118 %
  86      43.6161 ±    0.5959       0.07214 ±    0.00250       0.10299 ±    0.00068     8.019 ±  0.064 %    85.846 ±  0.118 %
  87      43.7450 ±    0.5940       0.07190 ±    0.00248       0.10309 ±    0.00067     8.029 ±  0.064 %    85.832 ±  0.117 %
  88      44.1199 ±    0.5955       0.07195 ±    0.00246       0.10310 ±    0.00067     8.015 ±  0.064 %    85.820 ±  0.116 %
  89      44.1490 ±    0.5925       0.07182 ±    0.00244       0.10286 ±    0.00066     8.004 ±  0.063 %    85.841 ±  0.116 %
  90      44.4651 ±    0.5934       0.07214 ±    0.00243       0.10311 ±    0.00066     8.002 ±  0.063 %    85.826 ±  0.115 %
  91      45.0006 ±    0.5975       0.07252 ±    0.00241       0.10338 ±    0.00065     7.992 ±  0.062 %    85.793 ±  0.114 %
  92      45.4511 ±    0.6005       0.07215 ±    0.00240       0.10344 ±    0.00065     7.981 ±  0.062 %    85.795 ±  0.114 %
  93      45.7421 ±    0.6010       0.07273 ±    0.00239       0.10393 ±    0.00065     7.982 ±  0.062 %    85.740 ±  0.113 %
  94      46.2752 ±    0.6053       0.07265 ±    0.00237       0.10407 ±    0.00064     7.965 ±  0.061 %    85.701 ±  0.113 %
  95      46.7714 ±    0.6090       0.07259 ±    0.00236       0.10408 ±    0.00064     7.958 ±  0.061 %    85.661 ±  0.112 %
  96      46.6965 ±    0.6047       0.07209 ±    0.00235       0.10398 ±    0.00063     7.955 ±  0.060 %    85.665 ±  0.112 %
  97      46.9141 ±    0.6045       0.07202 ±    0.00233       0.10390 ±    0.00063     7.954 ±  0.060 %    85.658 ±  0.111 %
  98      47.0711 ±    0.6038       0.07229 ±    0.00232       0.10380 ±    0.00063     7.956 ±  0.060 %    85.657 ±  0.111 %
  99      47.4515 ±    0.6064       0.07259 ±    0.00231       0.10381 ±    0.00062     7.952 ±  0.060 %    85.640 ±  0.110 %
 100      47.4123 ±    0.6029       0.07276 ±    0.00230       0.10370 ±    0.00062     7.946 ±  0.059 %    85.660 ±  0.110 %
 101      47.6271 ±    0.6031       0.07299 ±    0.00230       0.10373 ±    0.00062     7.943 ±  0.059 %    85.639 ±  0.109 %
 102      47.8737 ±    0.6035       0.07289 ±    0.00229       0.10355 ±    0.00061     7.925 ±  0.059 %    85.633 ±  0.109 %
 103      48.0690 ±    0.6030       0.07277 ±    0.00228       0.10355 ±    0.00061     7.920 ±  0.058 %    85.623 ±  0.108 %
 104      48.1666 ±    0.6014       0.07299 ±    0.00227       0.10336 ±    0.00061     7.909 ±  0.058 %    85.643 ±  0.108 %
 105      48.1910 ±    0.5988       0.07287 ±    0.00225       0.10333 ±    0.00060     7.905 ±  0.058 %    85.646 ±  0.107 %
 106      48.5003 ±    0.6002       0.07294 ±    0.00224       0.10310 ±    0.00060     7.885 ±  0.057 %    85.647 ±  0.106 %
 107      48.4543 ±    0.5965       0.07296 ±    0.00223       0.10299 ±    0.00060     7.894 ±  0.057 %    85.660 ±  0.106 %
 108      48.5624 ±    0.5951       0.07273 ±    0.00222       0.10273 ±    0.00059     7.879 ±  0.057 %    85.673 ±  0.105 %
 109      48.5795 ±    0.5927       0.07233 ±    0.00221       0.10295 ±    0.00059     7.882 ±  0.057 %    85.651 ±  0.105 %
 110      48.3157 ±    0.5864       0.07226 ±    0.00219       0.10278 ±    0.00059     7.886 ±  0.056 %    85.670 ±  0.104 %
 111      48.2237 ±    0.5824       0.07230 ±    0.00219       0.10300 ±    0.00058     7.890 ±  0.056 %    85.674 ±  0.104 %
 112      48.0529 ±    0.5778       0.07300 ±    0.00218       0.10319 ±    0.00058     7.896 ±  0.056 %    85.673 ±  0.104 %
 113      48.2374 ±    0.5778       0.07270 ±    0.00217       0.10323 ±    0.00058     7.895 ±  0.056 %    85.669 ±  0.103 %
 114      48.4770 ±    0.5786       0.07306 ±    0.00216       0.10328 ±    0.00058     7.893 ±  0.055 %    85.674 ±  0.103 %
 115      48.7062 ±    0.5793       0.07350 ±    0.00215       0.10333 ±    0.00058     7.887 ±  0.055 %    85.667 ±  0.102 %
 116      48.9947 ±    0.5806       0.07428 ±    0.00215       0.10384 ±    0.00058     7.882 ±  0.055 %    85.627 ±  0.102 %
 117      48.6473 ±    0.5736       0.07376 ±    0.00213       0.10365 ±    0.00057     7.875 ±  0.055 %    85.650 ±  0.101 %
 118      48.3300 ±    0.5674       0.07402 ±    0.00213       0.10340 ±    0.00057     7.872 ±  0.054 %    85.688 ±  0.101 %
 119      48.2592 ±    0.5640       0.07407 ±    0.00212       0.10332 ±    0.00057     7.873 ±  0.054 %    85.694 ±  0.100 %
 120      48.1098 ±    0.5598       0.07413 ±    0.00210       0.10320 ±    0.00057     7.876 ±  0.054 %    85.710 ±  0.100 %
 121      47.9361 ±    0.5552       0.07457 ±    0.00209       0.10302 ±    0.00056     7.880 ±  0.054 %    85.715 ±  0.099 %
 122      47.8626 ±    0.5519       0.07567 ±    0.00209       0.10334 ±    0.00056     7.892 ±  0.053 %    85.701 ±  0.099 %
 123      47.9664 ±    0.5511       0.07595 ±    0.00208       0.10323 ±    0.00056     7.886 ±  0.053 %    85.735 ±  0.099 %
 124      47.9449 ±    0.5489       0.07558 ±    0.00207       0.10321 ±    0.00056     7.891 ±  0.053 %    85.747 ±  0.098 %
 125      47.9511 ±    0.5470       0.07577 ±    0.00206       0.10324 ±    0.00056     7.899 ±  0.053 %    85.749 ±  0.098 %
 126      48.0616 ±    0.5462       0.07623 ±    0.00205       0.10317 ±    0.00056     7.895 ±  0.053 %    85.765 ±  0.097 %
 127      47.9945 ±    0.5431       0.07612 ±    0.00204       0.10308 ±    0.00056     7.898 ±  0.053 %    85.778 ±  0.097 %
 128      47.7356 ±    0.5378       0.07620 ±    0.00203       0.10294 ±    0.00055     7.905 ±  0.053 %    85.796 ±  0.096 %
 129      47.6762 ±    0.5349       0.07614 ±    0.00202       0.10276 ±    0.00055     7.894 ±  0.052 %    85.796 ±  0.096 %
 130      47.8399 ±    0.5350       0.07636 ±    0.00202       0.10281 ±    0.00055     7.891 ±  0.052 %    85.795 ±  0.096 %
 131      47.6965 ±    0.5312       0.07593 ±    0.00201       0.10262 ±    0.00054     7.881 ±  0.052 %    85.814 ±  0.095 %
 132      47.7217 ±    0.5296       0.07549 ±    0.00200       0.10249 ±    0.00054     7.875 ±  0.052 %    85.827 ±  0.095 %
 133      47.8546 ±    0.5290       0.07554 ±    0.00199       0.10243 ±    0.00054     7.871 ±  0.051 %    85.833 ±  0.095 %
 134      47.6497 ±    0.5244       0.07542 ±    0.00198       0.10252 ±    0.00054     7.885 ±  0.051 %    85.842 ±  0.094 %
 135      47.4638 ±    0.5203       0.07549 ±    0.00197       0.10240 ±    0.00054     7.887 ±  0.051 %    85.852 ±  0.094 %
 136      47.0848 ±    0.5142       0.07562 ±    0.00197       0.10218 ±    0.00053     7.891 ±  0.051 %    85.870 ±  0.093 %
 137      47.0029 ±    0.5114       0.07546 ±    0.00196       0.10206 ±    0.00053     7.887 ±  0.051 %    85.870 ±  0.093 %
 138      47.1253 ±    0.5109       0.07518 ±    0.00195       0.10192 ±    0.00053     7.888 ±  0.050 %    85.870 ±  0.093 %
 139      47.4597 ±    0.5131       0.07484 ±    0.00194       0.10190 ±    0.00052     7.874 ±  0.050 %    85.865 ±  0.092 %
 140      47.4452 ±    0.5111       0.07474 ±    0.00193       0.10185 ±    0.00052     7.874 ±  0.050 %    85.867 ±  0.092 %
 141      47.5036 ±    0.5099       0.07435 ±    0.00193       0.10178 ±    0.00052     7.870 ±  0.050 %    85.866 ±  0.092 %
 142      47.5908 ±    0.5091       0.07452 ±    0.00192       0.10171 ±    0.00052     7.864 ±  0.049 %    85.868 ±  0.091 %
 143      47.7692 ±    0.5093       0.07460 ±    0.00191       0.10177 ±    0.00052     7.859 ±  0.049 %    85.852 ±  0.091 %
 144      47.8245 ±    0.5084       0.07453 ±    0.00191       0.10182 ±    0.00051     7.860 ±  0.049 %    85.840 ±  0.091 %

====== Perplexity statistics ======
Mean PPL(Q)                   :  47.824521 ±   0.508363
Mean PPL(base)                :  44.389851 ±   0.462582
Cor(ln(PPL(Q)), ln(PPL(base))):  98.38%
Mean ln(PPL(Q)/PPL(base))     :   0.074528 ±   0.001907
Mean PPL(Q)/PPL(base)         :   1.077375 ±   0.002054
Mean PPL(Q)-PPL(base)         :   3.434671 ±   0.098601

====== KL divergence statistics ======
Mean    KLD:   0.101817 ±   0.000513
Maximum KLD:   7.612942
99.9%   KLD:   2.241005
99.0%   KLD:   0.879423
95.0%   KLD:   0.375072
90.0%   KLD:   0.241759
Median  KLD:   0.044700
10.0%   KLD:   0.001310
 5.0%   KLD:   0.000220
 1.0%   KLD:   0.000010
 0.1%   KLD:  -0.000000
Minimum KLD:  -0.000091

====== Token probability statistics ======
Mean    Δp: -0.804 ± 0.020 %
Maximum Δp: 95.628%
99.9%   Δp: 46.591%
99.0%   Δp: 21.804%
95.0%   Δp:  8.104%
90.0%   Δp:  3.448%
75.0%   Δp:  0.187%
Median  Δp: -0.003%
25.0%   Δp: -0.836%
10.0%   Δp: -6.318%
 5.0%   Δp: -12.577%
 1.0%   Δp: -30.130%
 0.1%   Δp: -60.926%
Minimum Δp: -98.354%
RMS Δp    :  7.860 ± 0.049 %
Same top p: 85.840 ± 0.091 %

------------------------------
llama-perplexity --kl-divergence-base /tmp/logits.dat --ctx-size 2048 -f sample-data/wiki.test.raw -hf unsloth/gemma-4-E2B-it-qat-GGUF:UD-Q4_K_XL -fa on -ngl 99 -ctk turbo3 -ctv turbo3 --kl-divergence
0.00.470.564 I common_init_result: fitting params to device memory ...
0.00.470.567 I common_init_result: (for bugs during this step try to reproduce them with -fit off, or provide --verbose logs if the bug only occurs with -fit on)
0.02.917.935 W load: control-looking token:    212 '</s>' was not control-type; this is probably a bug in the model. its type will be overridden
0.02.918.457 W load: control-looking token:     50 '<|tool_response>' was not control-type; this is probably a bug in the model. its type will be overridden
0.02.946.190 W load: special_eog_ids contains '<|tool_response>', removing '</s>' token from EOG list
0.03.901.764 W llama_context: n_ctx_seq (2048) < n_ctx_train (131072) -- the full capacity of the model will not be utilized
0.03.930.394 I common_init_from_params: warming up the model with an empty run - please wait ... (--no-warmup to disable)
0.03.959.043 I 
0.03.959.115 I system_info: n_threads = 16 (n_threads_batch = 16) / 32 | CUDA : ARCHS = 500,610,700,750,800,860,890,900 | USE_GRAPHS = 1 | PEER_MAX_BATCH_SIZE = 128 | CPU : SSE3 = 1 | SSSE3 = 1 | AVX = 1 | AVX2 = 1 | F16C = 1 | FMA = 1 | BMI2 = 1 | LLAMAFILE = 1 | OPENMP = 1 | REPACK = 1 | 
0.04.187.765 I kl_divergence: computing over 144 chunks, n_ctx=2048, batch_size=2048, n_seq=1
0.05.235.278 I kl_divergence: 1.05 seconds per pass - ETA 2.50 minutes

chunk             PPL               ln(PPL(Q)/PPL(base))          KL Divergence              Δp RMS            Same top p
   1      43.3292 ±    5.4385       0.00924 ±    0.02127       0.12149 ±    0.00705     7.812 ±  0.495 %    83.480 ±  1.162 %
   2      57.2220 ±    5.0354       0.03479 ±    0.01604       0.13493 ±    0.00466     8.171 ±  0.405 %    81.672 ±  0.856 %
   3      61.6827 ±    4.4861       0.05378 ±    0.01416       0.14382 ±    0.00401     8.406 ±  0.337 %    81.167 ±  0.706 %
   4      57.8391 ±    3.6194       0.05035 ±    0.01212       0.14251 ±    0.00348     8.635 ±  0.295 %    81.329 ±  0.609 %
   5      54.5804 ±    3.1056       0.05603 ±    0.01126       0.14607 ±    0.00343     8.819 ±  0.268 %    81.603 ±  0.542 %
   6      43.0557 ±    2.1750       0.06223 ±    0.01011       0.14453 ±    0.00309     9.224 ±  0.242 %    81.606 ±  0.495 %
   7      37.0979 ±    1.7024       0.06484 ±    0.00934       0.14518 ±    0.00306     9.733 ±  0.240 %    82.014 ±  0.454 %
   8      36.2304 ±    1.5463       0.06150 ±    0.00874       0.14485 ±    0.00285     9.737 ±  0.221 %    82.246 ±  0.422 %
   9      37.1836 ±    1.4871       0.05935 ±    0.00822       0.14447 ±    0.00273     9.643 ±  0.210 %    82.263 ±  0.398 %
  10      38.7666 ±    1.4888       0.05640 ±    0.00788       0.14218 ±    0.00254     9.527 ±  0.198 %    82.483 ±  0.376 %
  11      39.6127 ±    1.4532       0.05583 ±    0.00753       0.14184 ±    0.00246     9.494 ±  0.189 %    82.565 ±  0.358 %
  12      43.1753 ±    1.5345       0.06496 ±    0.00731       0.14481 ±    0.00236     9.530 ±  0.181 %    82.559 ±  0.342 %
  13      42.4995 ±    1.4465       0.06108 ±    0.00696       0.14301 ±    0.00224     9.544 ±  0.174 %    82.728 ±  0.328 %
  14      43.2676 ±    1.4219       0.06263 ±    0.00674       0.14288 ±    0.00220     9.662 ±  0.174 %    82.970 ±  0.314 %
  15      42.7529 ±    1.3545       0.05974 ±    0.00645       0.14147 ±    0.00210     9.612 ±  0.167 %    83.141 ±  0.302 %
  16      44.6220 ±    1.3715       0.05500 ±    0.00629       0.14117 ±    0.00202     9.553 ±  0.161 %    83.107 ±  0.293 %
  17      44.3565 ±    1.3192       0.04521 ±    0.00614       0.14108 ±    0.00196     9.512 ±  0.155 %    83.123 ±  0.284 %
  18      44.5135 ±    1.2831       0.04342 ±    0.00593       0.14023 ±    0.00188     9.447 ±  0.150 %    83.127 ±  0.276 %
  19      43.6239 ±    1.2252       0.04465 ±    0.00576       0.13874 ±    0.00183     9.370 ±  0.148 %    83.367 ±  0.267 %
  20      42.6360 ±    1.1730       0.04464 ±    0.00581       0.13837 ±    0.00180     9.392 ±  0.143 %    83.475 ±  0.260 %
  21      42.7969 ±    1.1489       0.04210 ±    0.00564       0.13771 ±    0.00175     9.328 ±  0.140 %    83.517 ±  0.253 %
  22      43.1147 ±    1.1330       0.04108 ±    0.00552       0.13798 ±    0.00177     9.311 ±  0.137 %    83.524 ±  0.247 %
  23      43.3815 ±    1.1165       0.04026 ±    0.00539       0.13748 ±    0.00171     9.264 ±  0.133 %    83.450 ±  0.242 %
  24      43.5927 ±    1.1003       0.03697 ±    0.00526       0.13729 ±    0.00167     9.216 ±  0.130 %    83.390 ±  0.238 %
  25      44.1328 ±    1.0937       0.03607 ±    0.00517       0.13759 ±    0.00163     9.152 ±  0.127 %    83.382 ±  0.233 %
  26      44.2998 ±    1.0786       0.03297 ±    0.00507       0.13804 ±    0.00160     9.138 ±  0.124 %    83.360 ±  0.228 %
  27      46.0107 ±    1.1034       0.03606 ±    0.00501       0.13944 ±    0.00158     9.064 ±  0.121 %    83.346 ±  0.224 %
  28      45.7571 ±    1.0777       0.03651 ±    0.00494       0.13951 ±    0.00155     9.063 ±  0.120 %    83.354 ±  0.220 %
  29      45.7487 ±    1.0581       0.03480 ±    0.00484       0.13912 ±    0.00150     9.039 ±  0.117 %    83.295 ±  0.217 %
  30      45.7295 ±    1.0405       0.03345 ±    0.00477       0.13844 ±    0.00147     8.997 ±  0.115 %    83.363 ±  0.213 %
  31      45.4696 ±    1.0176       0.03519 ±    0.00469       0.13883 ±    0.00145     9.045 ±  0.114 %    83.351 ±  0.209 %
  32      44.5005 ±    0.9790       0.03410 ±    0.00459       0.13784 ±    0.00142     8.998 ±  0.112 %    83.456 ±  0.205 %
  33      44.0987 ±    0.9549       0.03112 ±    0.00452       0.13706 ±    0.00138     8.941 ±  0.109 %    83.504 ±  0.202 %
  34      43.5418 ±    0.9276       0.02861 ±    0.00444       0.13646 ±    0.00136     8.913 ±  0.108 %    83.549 ±  0.199 %
  35      43.5617 ±    0.9130       0.02896 ±    0.00437       0.13633 ±    0.00133     8.898 ±  0.106 %    83.519 ±  0.196 %
  36      42.9552 ±    0.8875       0.03059 ±    0.00429       0.13543 ±    0.00130     8.882 ±  0.104 %    83.591 ±  0.193 %
  37      41.8385 ±    0.8510       0.03013 ±    0.00423       0.13462 ±    0.00128     8.882 ±  0.102 %    83.694 ±  0.190 %
  38      41.3817 ±    0.8291       0.03096 ±    0.00416       0.13457 ±    0.00127     8.935 ±  0.102 %    83.709 ±  0.187 %
  39      40.6151 ±    0.8021       0.03098 ±    0.00410       0.13414 ±    0.00125     8.953 ±  0.100 %    83.741 ±  0.185 %
  40      40.3691 ±    0.7867       0.03129 ±    0.00405       0.13453 ±    0.00123     8.993 ±  0.099 %    83.734 ±  0.182 %
  41      40.3119 ±    0.7760       0.03036 ±    0.00399       0.13413 ±    0.00121     8.974 ±  0.097 %    83.766 ±  0.180 %
  42      40.7412 ±    0.7761       0.03201 ±    0.00395       0.13469 ±    0.00119     8.976 ±  0.096 %    83.710 ±  0.178 %
  43      41.4976 ±    0.7818       0.03617 ±    0.00393       0.13612 ±    0.00118     8.980 ±  0.095 %    83.555 ±  0.177 %
  44      42.4458 ±    0.7928       0.03515 ±    0.00388       0.13615 ±    0.00116     8.937 ±  0.093 %    83.555 ±  0.175 %
  45      43.0784 ±    0.7963       0.03536 ±    0.00384       0.13622 ±    0.00115     8.902 ±  0.092 %    83.504 ±  0.173 %
  46      43.3600 ±    0.7934       0.03466 ±    0.00380       0.13627 ±    0.00113     8.923 ±  0.092 %    83.478 ±  0.171 %
  47      43.7319 ±    0.7924       0.03524 ±    0.00376       0.13633 ±    0.00112     8.921 ±  0.091 %    83.457 ±  0.169 %
  48      44.0398 ±    0.7897       0.03449 ±    0.00372       0.13637 ±    0.00111     8.896 ±  0.089 %    83.435 ±  0.168 %
  49      44.1613 ±    0.7838       0.03372 ±    0.00367       0.13625 ±    0.00109     8.879 ±  0.088 %    83.454 ±  0.166 %
  50      44.3926 ±    0.7802       0.03401 ±    0.00363       0.13633 ±    0.00108     8.857 ±  0.087 %    83.445 ±  0.164 %
  51      44.1490 ±    0.7685       0.03656 ±    0.00361       0.13722 ±    0.00108     8.907 ±  0.087 %    83.465 ±  0.163 %
  52      44.0418 ±    0.7595       0.03577 ±    0.00358       0.13690 ±    0.00107     8.893 ±  0.086 %    83.463 ±  0.161 %
  53      43.8181 ±    0.7479       0.03398 ±    0.00355       0.13732 ±    0.00106     8.933 ±  0.085 %    83.450 ±  0.160 %
  54      43.3403 ±    0.7321       0.03410 ±    0.00352       0.13706 ±    0.00105     8.950 ±  0.085 %    83.462 ±  0.158 %
  55      43.2264 ±    0.7231       0.03387 ±    0.00349       0.13719 ±    0.00104     8.977 ±  0.084 %    83.411 ±  0.157 %
  56      43.1021 ±    0.7144       0.03329 ±    0.00345       0.13709 ±    0.00103     9.002 ±  0.084 %    83.428 ±  0.155 %
  57      42.4168 ±    0.6958       0.03291 ±    0.00342       0.13683 ±    0.00102     9.008 ±  0.083 %    83.518 ±  0.154 %
  58      42.5044 ±    0.6909       0.03619 ±    0.00340       0.13764 ±    0.00102     9.040 ±  0.083 %    83.492 ±  0.152 %
  59      41.9123 ±    0.6746       0.03628 ±    0.00336       0.13727 ±    0.00101     9.058 ±  0.082 %    83.555 ±  0.151 %
  60      41.9937 ±    0.6703       0.03596 ±    0.00333       0.13702 ±    0.00100     9.034 ±  0.081 %    83.597 ±  0.149 %
  61      42.1639 ±    0.6676       0.03569 ±    0.00331       0.13704 ±    0.00099     9.051 ±  0.081 %    83.589 ±  0.148 %
  62      42.4554 ±    0.6673       0.03588 ±    0.00329       0.13698 ±    0.00098     9.025 ±  0.081 %    83.575 ±  0.147 %
  63      43.0182 ±    0.6713       0.03582 ±    0.00326       0.13671 ±    0.00097     9.000 ±  0.080 %    83.554 ±  0.146 %
  64      43.0130 ±    0.6664       0.03679 ±    0.00324       0.13667 ±    0.00098     9.003 ±  0.079 %    83.564 ±  0.145 %
  65      43.1755 ±    0.6643       0.03757 ±    0.00323       0.13698 ±    0.00097     9.020 ±  0.079 %    83.573 ±  0.144 %
  66      43.1374 ±    0.6586       0.03711 ±    0.00321       0.13715 ±    0.00097     9.038 ±  0.079 %    83.570 ±  0.143 %
  67      43.1272 ±    0.6538       0.03537 ±    0.00320       0.13757 ±    0.00096     9.060 ±  0.078 %    83.559 ±  0.142 %
  68      43.0828 ±    0.6482       0.03544 ±    0.00317       0.13762 ±    0.00096     9.070 ±  0.078 %    83.569 ±  0.140 %
  69      43.2079 ±    0.6456       0.03628 ±    0.00315       0.13784 ±    0.00095     9.083 ±  0.077 %    83.528 ±  0.140 %
  70      42.7475 ±    0.6347       0.03606 ±    0.00314       0.13818 ±    0.00095     9.121 ±  0.077 %    83.519 ±  0.139 %
  71      42.5137 ±    0.6265       0.03875 ±    0.00312       0.13833 ±    0.00094     9.138 ±  0.076 %    83.528 ±  0.138 %
  72      42.9635 ±    0.6299       0.03811 ±    0.00310       0.13856 ±    0.00093     9.127 ±  0.075 %    83.513 ±  0.137 %
  73      43.4306 ±    0.6334       0.03828 ±    0.00308       0.13900 ±    0.00092     9.112 ±  0.075 %    83.476 ±  0.136 %
  74      43.2486 ±    0.6261       0.03789 ±    0.00306       0.13867 ±    0.00092     9.117 ±  0.074 %    83.501 ±  0.135 %
  75      43.1723 ±    0.6207       0.03773 ±    0.00304       0.13865 ±    0.00091     9.115 ±  0.074 %    83.539 ±  0.134 %
  76      43.2059 ±    0.6171       0.03763 ±    0.00302       0.13873 ±    0.00091     9.097 ±  0.073 %    83.564 ±  0.133 %
  77      43.3219 ±    0.6151       0.03894 ±    0.00301       0.13904 ±    0.00090     9.097 ±  0.072 %    83.538 ±  0.132 %
  78      43.2648 ±    0.6103       0.03782 ±    0.00299       0.13889 ±    0.00090     9.091 ±  0.072 %    83.580 ±  0.131 %
  79      43.3457 ±    0.6077       0.03808 ±    0.00297       0.13874 ±    0.00089     9.076 ±  0.071 %    83.596 ±  0.130 %
  80      43.5078 ±    0.6061       0.03749 ±    0.00295       0.13857 ±    0.00088     9.064 ±  0.071 %    83.602 ±  0.129 %
  81      43.0519 ±    0.5954       0.03695 ±    0.00292       0.13810 ±    0.00087     9.076 ±  0.071 %    83.648 ±  0.128 %
  82      42.6786 ±    0.5865       0.03597 ±    0.00290       0.13773 ±    0.00087     9.077 ±  0.070 %    83.700 ±  0.128 %
  83      42.2376 ±    0.5767       0.03601 ±    0.00287       0.13752 ±    0.00086     9.086 ±  0.070 %    83.720 ±  0.127 %
  84      41.9874 ±    0.5698       0.03518 ±    0.00285       0.13729 ±    0.00086     9.090 ±  0.070 %    83.750 ±  0.126 %
  85      42.1509 ±    0.5688       0.03609 ±    0.00284       0.13788 ±    0.00085     9.109 ±  0.069 %    83.700 ±  0.125 %
  86      42.0757 ±    0.5644       0.03618 ±    0.00283       0.13781 ±    0.00085     9.109 ±  0.069 %    83.682 ±  0.125 %
  87      42.2082 ±    0.5628       0.03614 ±    0.00281       0.13782 ±    0.00084     9.116 ±  0.068 %    83.671 ±  0.124 %
  88      42.5734 ±    0.5643       0.03627 ±    0.00280       0.13784 ±    0.00083     9.102 ±  0.068 %    83.647 ±  0.123 %
  89      42.5899 ±    0.5613       0.03586 ±    0.00278       0.13766 ±    0.00083     9.100 ±  0.068 %    83.638 ±  0.123 %
  90      43.0216 ±    0.5644       0.03914 ±    0.00278       0.13880 ±    0.00083     9.114 ±  0.067 %    83.585 ±  0.122 %
  91      43.5009 ±    0.5677       0.03862 ±    0.00276       0.13910 ±    0.00082     9.098 ±  0.067 %    83.536 ±  0.122 %
  92      43.9256 ±    0.5703       0.03801 ±    0.00275       0.13932 ±    0.00082     9.089 ±  0.067 %    83.495 ±  0.121 %
  93      44.1703 ±    0.5702       0.03776 ±    0.00274       0.13990 ±    0.00082     9.083 ±  0.066 %    83.436 ±  0.121 %
  94      44.7113 ±    0.5749       0.03827 ±    0.00272       0.14009 ±    0.00081     9.065 ±  0.066 %    83.412 ±  0.120 %
  95      45.1797 ±    0.5782       0.03797 ±    0.00271       0.14019 ±    0.00081     9.053 ±  0.065 %    83.371 ±  0.119 %
  96      45.0992 ±    0.5739       0.03728 ±    0.00269       0.13996 ±    0.00080     9.045 ±  0.065 %    83.390 ±  0.119 %
  97      45.3132 ±    0.5739       0.03730 ±    0.00267       0.13985 ±    0.00080     9.043 ±  0.064 %    83.379 ±  0.118 %
  98      45.4446 ±    0.5729       0.03713 ±    0.00266       0.13981 ±    0.00079     9.042 ±  0.064 %    83.385 ±  0.118 %
  99      45.7963 ±    0.5750       0.03709 ±    0.00265       0.13989 ±    0.00079     9.033 ±  0.064 %    83.382 ±  0.117 %
 100      45.7847 ±    0.5721       0.03783 ±    0.00263       0.13989 ±    0.00078     9.020 ±  0.063 %    83.391 ±  0.116 %
 101      45.9466 ±    0.5714       0.03707 ±    0.00262       0.13974 ±    0.00078     9.013 ±  0.063 %    83.369 ±  0.116 %
 102      46.1882 ±    0.5719       0.03705 ±    0.00261       0.13963 ±    0.00077     9.001 ±  0.063 %    83.374 ±  0.115 %
 103      46.3830 ±    0.5715       0.03707 ±    0.00259       0.13968 ±    0.00077     9.003 ±  0.062 %    83.349 ±  0.115 %
 104      46.4850 ±    0.5701       0.03745 ±    0.00258       0.13964 ±    0.00076     8.997 ±  0.062 %    83.344 ±  0.114 %
 105      46.4972 ±    0.5674       0.03709 ±    0.00257       0.13971 ±    0.00076     8.996 ±  0.062 %    83.322 ±  0.114 %
 106      46.7365 ±    0.5679       0.03590 ±    0.00256       0.13948 ±    0.00076     8.979 ±  0.062 %    83.340 ±  0.113 %
 107      46.6810 ±    0.5643       0.03568 ±    0.00254       0.13938 ±    0.00075     8.987 ±  0.061 %    83.343 ±  0.113 %
 108      46.7651 ±    0.5627       0.03502 ±    0.00253       0.13916 ±    0.00075     8.975 ±  0.061 %    83.350 ±  0.112 %
 109      46.7625 ±    0.5601       0.03421 ±    0.00252       0.13939 ±    0.00074     8.980 ±  0.061 %    83.319 ±  0.112 %
 110      46.5032 ±    0.5541       0.03402 ±    0.00250       0.13905 ±    0.00074     8.978 ±  0.060 %    83.364 ±  0.111 %
 111      46.3758 ±    0.5498       0.03323 ±    0.00249       0.13909 ±    0.00074     8.971 ±  0.060 %    83.381 ±  0.110 %
 112      46.2197 ±    0.5455       0.03411 ±    0.00248       0.13925 ±    0.00073     8.986 ±  0.060 %    83.394 ±  0.110 %
 113      46.3841 ±    0.5454       0.03352 ±    0.00247       0.13925 ±    0.00073     8.988 ±  0.060 %    83.393 ±  0.109 %
 114      46.5821 ±    0.5457       0.03318 ±    0.00246       0.13924 ±    0.00073     8.986 ±  0.059 %    83.400 ±  0.109 %
 115      46.8034 ±    0.5463       0.03365 ±    0.00245       0.13918 ±    0.00072     8.975 ±  0.059 %    83.413 ±  0.108 %
 116      47.0226 ±    0.5468       0.03320 ±    0.00244       0.13952 ±    0.00072     8.978 ±  0.059 %    83.387 ±  0.108 %
 117      46.6939 ±    0.5403       0.03278 ±    0.00243       0.13931 ±    0.00072     8.976 ±  0.059 %    83.421 ±  0.107 %
 118      46.3986 ±    0.5346       0.03324 ±    0.00242       0.13903 ±    0.00072     8.979 ±  0.059 %    83.465 ±  0.107 %
 119      46.3195 ±    0.5312       0.03305 ±    0.00240       0.13890 ±    0.00072     8.973 ±  0.058 %    83.469 ±  0.106 %
 120      46.1722 ±    0.5271       0.03303 ±    0.00239       0.13871 ±    0.00071     8.970 ±  0.058 %    83.500 ±  0.106 %
 121      45.9769 ±    0.5225       0.03284 ±    0.00238       0.13849 ±    0.00071     8.973 ±  0.058 %    83.521 ±  0.105 %
 122      45.8980 ±    0.5193       0.03376 ±    0.00237       0.13866 ±    0.00071     8.977 ±  0.057 %    83.539 ±  0.105 %
 123      45.9840 ±    0.5184       0.03374 ±    0.00236       0.13852 ±    0.00070     8.969 ±  0.057 %    83.561 ±  0.104 %
 124      45.9636 ±    0.5162       0.03338 ±    0.00235       0.13858 ±    0.00071     8.970 ±  0.057 %    83.571 ±  0.104 %
 125      45.9521 ±    0.5143       0.03318 ±    0.00234       0.13860 ±    0.00071     8.972 ±  0.057 %    83.572 ±  0.104 %
 126      46.0575 ±    0.5135       0.03364 ±    0.00233       0.13864 ±    0.00070     8.974 ±  0.057 %    83.605 ±  0.103 %
 127      45.9962 ±    0.5106       0.03359 ±    0.00232       0.13842 ±    0.00070     8.965 ±  0.056 %    83.606 ±  0.103 %
 128      45.8027 ±    0.5064       0.03487 ±    0.00231       0.13867 ±    0.00070     8.991 ±  0.056 %    83.602 ±  0.102 %
 129      45.7446 ±    0.5035       0.03479 ±    0.00231       0.13858 ±    0.00070     8.988 ±  0.056 %    83.610 ±  0.102 %
 130      45.9471 ±    0.5044       0.03599 ±    0.00230       0.13872 ±    0.00069     8.986 ±  0.056 %    83.613 ±  0.102 %
 131      45.8209 ±    0.5009       0.03581 ±    0.00229       0.13860 ±    0.00069     8.981 ±  0.056 %    83.619 ±  0.101 %
 132      45.8496 ±    0.4994       0.03547 ±    0.00228       0.13849 ±    0.00069     8.978 ±  0.055 %    83.615 ±  0.101 %
 133      45.9717 ±    0.4988       0.03540 ±    0.00227       0.13845 ±    0.00068     8.973 ±  0.055 %    83.627 ±  0.100 %
 134      45.7529 ±    0.4942       0.03480 ±    0.00226       0.13851 ±    0.00068     8.978 ±  0.055 %    83.633 ±  0.100 %
 135      45.5687 ±    0.4902       0.03474 ±    0.00225       0.13839 ±    0.00068     8.984 ±  0.055 %    83.645 ±  0.100 %
 136      45.2356 ±    0.4849       0.03556 ±    0.00225       0.13812 ±    0.00068     8.992 ±  0.054 %    83.663 ±  0.099 %
 137      45.1857 ±    0.4826       0.03604 ±    0.00224       0.13815 ±    0.00067     9.000 ±  0.054 %    83.662 ±  0.099 %
 138      45.3215 ±    0.4825       0.03615 ±    0.00223       0.13804 ±    0.00067     8.998 ±  0.054 %    83.666 ±  0.098 %
 139      45.6504 ±    0.4846       0.03597 ±    0.00222       0.13816 ±    0.00067     8.984 ±  0.054 %    83.646 ±  0.098 %
 140      45.6217 ±    0.4825       0.03554 ±    0.00221       0.13818 ±    0.00067     8.982 ±  0.054 %    83.641 ±  0.098 %
 141      45.6967 ±    0.4816       0.03557 ±    0.00220       0.13813 ±    0.00066     8.978 ±  0.053 %    83.640 ±  0.097 %
 142      45.7667 ±    0.4808       0.03544 ±    0.00219       0.13795 ±    0.00066     8.970 ±  0.053 %    83.645 ±  0.097 %
 143      45.9380 ±    0.4809       0.03551 ±    0.00219       0.13808 ±    0.00066     8.966 ±  0.053 %    83.624 ±  0.097 %
 144      46.0073 ±    0.4803       0.03579 ±    0.00218       0.13811 ±    0.00065     8.962 ±  0.053 %    83.618 ±  0.096 %

====== Perplexity statistics ======
Mean PPL(Q)                   :  46.007321 ±   0.480303
Mean PPL(base)                :  44.389851 ±   0.462582
Cor(ln(PPL(Q)), ln(PPL(base))):  97.82%
Mean ln(PPL(Q)/PPL(base))     :   0.035790 ±   0.002178
Mean PPL(Q)/PPL(base)         :   1.036438 ±   0.002257
Mean PPL(Q)-PPL(base)         :   1.617471 ±   0.099985

====== KL divergence statistics ======
Mean    KLD:   0.138105 ±   0.000654
Maximum KLD:  10.022826
99.9%   KLD:   2.774870
99.0%   KLD:   1.127638
95.0%   KLD:   0.501106
90.0%   KLD:   0.331749
Median  KLD:   0.064144
10.0%   KLD:   0.002021
 5.0%   KLD:   0.000389
 1.0%   KLD:   0.000021
 0.1%   KLD:   0.000001
Minimum KLD:  -0.000025

====== Token probability statistics ======
Mean    Δp: -1.009 ± 0.023 %
Maximum Δp: 96.065%
99.9%   Δp: 50.961%
99.0%   Δp: 24.510%
95.0%   Δp:  9.159%
90.0%   Δp:  3.934%
75.0%   Δp:  0.219%
Median  Δp: -0.003%
25.0%   Δp: -1.049%
10.0%   Δp: -7.598%
 5.0%   Δp: -14.942%
 1.0%   Δp: -35.139%
 0.1%   Δp: -67.435%
Minimum Δp: -99.179%
RMS Δp    :  8.962 ± 0.053 %
Same top p: 83.618 ± 0.096 %

------------------------------
llama-perplexity --kl-divergence-base /tmp/logits.dat --ctx-size 2048 -f sample-data/wiki.test.raw -hf unsloth/gemma-4-E2B-it-qat-GGUF:UD-Q4_K_XL -fa on -ngl 99 -ctk turbo3 -ctv turbo2 --kl-divergence
0.00.473.216 I common_init_result: fitting params to device memory ...
0.00.473.220 I common_init_result: (for bugs during this step try to reproduce them with -fit off, or provide --verbose logs if the bug only occurs with -fit on)
0.02.832.550 W load: control-looking token:    212 '</s>' was not control-type; this is probably a bug in the model. its type will be overridden
0.02.833.071 W load: control-looking token:     50 '<|tool_response>' was not control-type; this is probably a bug in the model. its type will be overridden
0.02.861.017 W load: special_eog_ids contains '<|tool_response>', removing '</s>' token from EOG list
0.03.811.091 W llama_context: n_ctx_seq (2048) < n_ctx_train (131072) -- the full capacity of the model will not be utilized
0.03.838.336 I common_init_from_params: warming up the model with an empty run - please wait ... (--no-warmup to disable)
0.03.866.877 I 
0.03.866.948 I system_info: n_threads = 16 (n_threads_batch = 16) / 32 | CUDA : ARCHS = 500,610,700,750,800,860,890,900 | USE_GRAPHS = 1 | PEER_MAX_BATCH_SIZE = 128 | CPU : SSE3 = 1 | SSSE3 = 1 | AVX = 1 | AVX2 = 1 | F16C = 1 | FMA = 1 | BMI2 = 1 | LLAMAFILE = 1 | OPENMP = 1 | REPACK = 1 | 
0.04.093.926 I kl_divergence: computing over 144 chunks, n_ctx=2048, batch_size=2048, n_seq=1
0.05.129.010 I kl_divergence: 1.04 seconds per pass - ETA 2.48 minutes

chunk             PPL               ln(PPL(Q)/PPL(base))          KL Divergence              Δp RMS            Same top p
   1      45.5709 ±    5.8218       0.05968 ±    0.02976       0.21592 ±    0.01118    11.143 ±  0.613 %    78.788 ±  1.279 %
   2      59.4605 ±    5.3018       0.07316 ±    0.02137       0.22281 ±    0.00756    10.349 ±  0.401 %    77.419 ±  0.925 %
   3      61.0693 ±    4.4288       0.04379 ±    0.01832       0.23208 ±    0.00676    10.494 ±  0.355 %    77.615 ±  0.753 %
   4      55.9858 ±    3.4730       0.01779 ±    0.01563       0.23445 ±    0.00582    10.791 ±  0.326 %    77.370 ±  0.654 %
   5      53.4464 ±    3.0038       0.03503 ±    0.01412       0.24450 ±    0.00540    11.075 ±  0.294 %    77.380 ±  0.585 %
   6      42.0291 ±    2.0964       0.03810 ±    0.01260       0.24171 ±    0.00484    11.729 ±  0.275 %    77.175 ±  0.536 %
   7      36.3145 ±    1.6451       0.04350 ±    0.01159       0.24287 ±    0.00453    12.253 ±  0.256 %    77.210 ±  0.496 %
   8      35.3246 ±    1.4854       0.03618 ±    0.01097       0.24596 ±    0.00438    12.470 ±  0.244 %    76.992 ±  0.465 %
   9      36.2236 ±    1.4264       0.03320 ±    0.01034       0.24307 ±    0.00402    12.323 ±  0.228 %    76.898 ±  0.439 %
  10      37.7266 ±    1.4282       0.02921 ±    0.00990       0.24345 ±    0.00384    12.182 ±  0.215 %    76.940 ±  0.416 %
  11      38.5203 ±    1.3915       0.02787 ±    0.00944       0.24254 ±    0.00369    12.187 ±  0.208 %    77.073 ±  0.396 %
  12      41.1384 ±    1.4302       0.01664 ±    0.00910       0.24447 ±    0.00348    12.122 ±  0.199 %    77.061 ±  0.379 %
  13      40.5669 ±    1.3527       0.01454 ±    0.00870       0.24077 ±    0.00331    12.016 ±  0.190 %    77.427 ±  0.363 %
  14      41.3356 ±    1.3312       0.01695 ±    0.00837       0.24010 ±    0.00320    12.033 ±  0.185 %    77.510 ±  0.349 %
  15      40.9636 ±    1.2720       0.01698 ±    0.00807       0.23972 ±    0.00309    12.076 ±  0.177 %    77.667 ±  0.336 %
  16      42.7599 ±    1.2877       0.01237 ±    0.00787       0.24047 ±    0.00298    11.955 ±  0.171 %    77.798 ±  0.325 %
  17      42.5648 ±    1.2404       0.00398 ±    0.00765       0.24035 ±    0.00287    12.002 ±  0.165 %    77.759 ±  0.315 %
  18      42.9491 ±    1.2139       0.00764 ±    0.00740       0.23938 ±    0.00277    11.940 ±  0.160 %    77.827 ±  0.306 %
  19      42.1092 ±    1.1588       0.00931 ±    0.00719       0.23764 ±    0.00269    11.939 ±  0.158 %    78.042 ±  0.297 %
  20      41.6604 ±    1.1267       0.02149 ±    0.00723       0.23671 ±    0.00264    11.966 ±  0.154 %    78.216 ±  0.289 %
  21      41.8065 ±    1.1026       0.01869 ±    0.00704       0.23737 ±    0.00258    11.925 ±  0.150 %    78.164 ±  0.282 %
  22      42.1098 ±    1.0868       0.01749 ±    0.00690       0.23818 ±    0.00251    11.901 ±  0.146 %    78.041 ±  0.276 %
  23      42.4410 ±    1.0722       0.01834 ±    0.00674       0.23805 ±    0.00243    11.850 ±  0.143 %    78.044 ±  0.270 %
  24      42.6948 ±    1.0576       0.01616 ±    0.00659       0.23800 ±    0.00237    11.797 ±  0.139 %    77.994 ±  0.264 %
  25      43.1473 ±    1.0484       0.01349 ±    0.00646       0.23821 ±    0.00231    11.721 ±  0.136 %    77.908 ±  0.259 %
  26      43.4008 ±    1.0359       0.01247 ±    0.00633       0.23927 ±    0.00228    11.737 ±  0.134 %    77.871 ±  0.255 %
  27      44.8981 ±    1.0545       0.01158 ±    0.00623       0.24091 ±    0.00224    11.693 ±  0.132 %    77.727 ±  0.250 %
  28      44.6911 ±    1.0304       0.01294 ±    0.00611       0.24101 ±    0.00221    11.648 ±  0.129 %    77.796 ±  0.246 %
  29      44.8071 ±    1.0148       0.01400 ±    0.00601       0.24146 ±    0.00217    11.635 ±  0.127 %    77.746 ±  0.241 %
  30      44.9196 ±    1.0018       0.01558 ±    0.00594       0.24127 ±    0.00214    11.589 ±  0.125 %    77.801 ±  0.237 %
  31      44.6378 ±    0.9795       0.01672 ±    0.00583       0.24119 ±    0.00210    11.598 ±  0.124 %    77.855 ±  0.233 %
  32      43.7586 ±    0.9445       0.01729 ±    0.00573       0.24045 ±    0.00207    11.568 ±  0.122 %    77.954 ±  0.229 %
  33      43.4713 ±    0.9240       0.01679 ±    0.00563       0.24010 ±    0.00204    11.547 ±  0.120 %    77.970 ±  0.226 %
  34      42.9767 ±    0.8990       0.01554 ±    0.00555       0.23934 ±    0.00201    11.505 ±  0.118 %    77.994 ±  0.222 %
  35      43.0340 ±    0.8859       0.01677 ±    0.00547       0.23927 ±    0.00198    11.488 ±  0.116 %    77.986 ±  0.219 %
  36      42.4625 ±    0.8622       0.01905 ±    0.00537       0.23782 ±    0.00194    11.482 ±  0.115 %    78.052 ±  0.216 %
  37      41.4157 ±    0.8285       0.01997 ±    0.00530       0.23662 ±    0.00193    11.494 ±  0.113 %    78.193 ±  0.212 %
  38      40.9281 ±    0.8062       0.01994 ±    0.00522       0.23594 ±    0.00190    11.562 ±  0.113 %    78.178 ±  0.209 %
  39      40.1985 ±    0.7804       0.02067 ±    0.00515       0.23545 ±    0.00188    11.573 ±  0.111 %    78.219 ±  0.207 %
  40      39.8987 ±    0.7639       0.01957 ±    0.00509       0.23576 ±    0.00185    11.590 ±  0.109 %    78.243 ±  0.204 %
  41      39.8735 ±    0.7541       0.01942 ±    0.00502       0.23564 ±    0.00183    11.614 ±  0.108 %    78.278 ±  0.201 %
  42      40.2792 ±    0.7542       0.02061 ±    0.00497       0.23584 ±    0.00181    11.603 ±  0.107 %    78.229 ±  0.199 %
  43      41.0039 ±    0.7594       0.02420 ±    0.00493       0.23735 ±    0.00179    11.572 ±  0.105 %    78.099 ±  0.197 %
  44      41.9427 ±    0.7700       0.02323 ±    0.00487       0.23752 ±    0.00177    11.535 ±  0.104 %    78.077 ±  0.195 %
  45      42.5693 ±    0.7739       0.02347 ±    0.00481       0.23773 ±    0.00174    11.500 ±  0.103 %    77.969 ±  0.193 %
  46      42.9005 ±    0.7724       0.02401 ±    0.00477       0.23803 ±    0.00172    11.504 ±  0.102 %    77.974 ±  0.191 %
  47      43.3595 ±    0.7732       0.02669 ±    0.00473       0.23905 ±    0.00171    11.512 ±  0.101 %    77.904 ±  0.189 %
  48      43.7179 ±    0.7715       0.02715 ±    0.00469       0.23979 ±    0.00170    11.523 ±  0.100 %    77.855 ±  0.187 %
  49      43.8697 ±    0.7668       0.02709 ±    0.00464       0.23984 ±    0.00168    11.517 ±  0.099 %    77.896 ±  0.185 %
  50      44.1678 ±    0.7650       0.02893 ±    0.00460       0.24015 ±    0.00166    11.512 ±  0.098 %    77.902 ±  0.183 %
  51      43.8200 ±    0.7512       0.02907 ±    0.00456       0.24028 ±    0.00165    11.524 ±  0.097 %    77.946 ±  0.182 %
  52      43.7201 ±    0.7426       0.02844 ±    0.00451       0.23979 ±    0.00163    11.502 ±  0.096 %    77.949 ±  0.180 %
  53      43.4482 ±    0.7305       0.02551 ±    0.00447       0.23955 ±    0.00161    11.515 ±  0.095 %    77.952 ±  0.178 %
  54      43.0099 ±    0.7158       0.02645 ±    0.00443       0.23903 ±    0.00160    11.544 ±  0.095 %    77.990 ±  0.176 %
  55      42.8457 ±    0.7061       0.02502 ±    0.00440       0.23917 ±    0.00160    11.557 ±  0.094 %    78.020 ±  0.175 %
  56      42.7415 ±    0.6981       0.02489 ±    0.00436       0.23907 ±    0.00158    11.576 ±  0.093 %    78.015 ±  0.173 %
  57      42.1235 ±    0.6810       0.02597 ±    0.00432       0.23889 ±    0.00156    11.615 ±  0.092 %    78.081 ±  0.171 %
  58      42.1900 ±    0.6759       0.02877 ±    0.00429       0.24004 ±    0.00156    11.651 ±  0.092 %    78.035 ±  0.170 %
  59      41.6454 ±    0.6608       0.02989 ±    0.00425       0.23979 ±    0.00154    11.695 ±  0.091 %    78.061 ±  0.168 %
  60      41.7487 ±    0.6571       0.03011 ±    0.00421       0.23934 ±    0.00153    11.678 ±  0.090 %    78.105 ±  0.167 %
  61      41.9352 ±    0.6548       0.03026 ±    0.00418       0.23940 ±    0.00151    11.674 ±  0.089 %    78.096 ±  0.166 %
  62      42.2534 ±    0.6549       0.03111 ±    0.00415       0.23955 ±    0.00150    11.648 ±  0.088 %    78.085 ±  0.164 %
  63      42.8134 ±    0.6590       0.03104 ±    0.00412       0.23952 ±    0.00148    11.616 ±  0.088 %    78.059 ±  0.163 %
  64      42.7825 ±    0.6535       0.03142 ±    0.00409       0.23953 ±    0.00147    11.640 ±  0.087 %    78.058 ±  0.162 %
  65      42.9139 ±    0.6510       0.03149 ±    0.00406       0.23964 ±    0.00146    11.644 ±  0.087 %    78.031 ±  0.161 %
  66      42.9269 ±    0.6464       0.03222 ±    0.00404       0.24043 ±    0.00146    11.671 ±  0.086 %    78.027 ±  0.159 %
  67      42.9360 ±    0.6420       0.03093 ±    0.00402       0.24095 ±    0.00145    11.706 ±  0.086 %    78.010 ±  0.158 %
  68      42.9489 ±    0.6377       0.03233 ±    0.00399       0.24134 ±    0.00145    11.716 ±  0.085 %    78.022 ±  0.157 %
  69      43.0581 ±    0.6348       0.03281 ±    0.00397       0.24146 ±    0.00144    11.717 ±  0.084 %    78.013 ±  0.156 %
  70      42.7561 ±    0.6274       0.03626 ±    0.00396       0.24166 ±    0.00143    11.776 ±  0.084 %    78.009 ±  0.155 %
  71      42.5834 ±    0.6204       0.04038 ±    0.00393       0.24181 ±    0.00142    11.822 ±  0.084 %    78.040 ±  0.154 %
  72      43.0178 ±    0.6233       0.03937 ±    0.00392       0.24293 ±    0.00142    11.830 ±  0.083 %    77.979 ±  0.153 %
  73      43.4340 ±    0.6259       0.03836 ±    0.00389       0.24330 ±    0.00141    11.805 ±  0.082 %    77.964 ±  0.152 %
  74      43.3021 ±    0.6196       0.03912 ±    0.00386       0.24269 ±    0.00139    11.801 ±  0.082 %    77.999 ±  0.151 %
  75      43.2179 ±    0.6142       0.03878 ±    0.00383       0.24234 ±    0.00138    11.790 ±  0.081 %    78.024 ±  0.149 %
  76      43.2710 ±    0.6110       0.03913 ±    0.00381       0.24236 ±    0.00137    11.764 ±  0.081 %    78.032 ±  0.148 %
  77      43.3612 ±    0.6086       0.03985 ±    0.00379       0.24262 ±    0.00136    11.750 ±  0.080 %    78.015 ±  0.148 %
  78      43.3202 ±    0.6041       0.03910 ±    0.00376       0.24255 ±    0.00136    11.742 ±  0.079 %    78.036 ±  0.147 %
  79      43.4245 ±    0.6018       0.03989 ±    0.00374       0.24267 ±    0.00135    11.730 ±  0.079 %    78.019 ±  0.146 %
  80      43.5803 ±    0.6001       0.03916 ±    0.00371       0.24275 ±    0.00134    11.723 ±  0.078 %    78.012 ±  0.145 %
  81      43.0932 ±    0.5890       0.03791 ±    0.00369       0.24252 ±    0.00133    11.738 ±  0.078 %    78.057 ±  0.144 %
  82      42.7164 ±    0.5801       0.03686 ±    0.00366       0.24231 ±    0.00132    11.753 ±  0.078 %    78.105 ±  0.143 %
  83      42.2296 ±    0.5697       0.03582 ±    0.00364       0.24184 ±    0.00131    11.762 ±  0.077 %    78.138 ±  0.142 %
  84      41.9817 ±    0.5631       0.03504 ±    0.00361       0.24143 ±    0.00130    11.778 ±  0.077 %    78.183 ±  0.141 %
  85      42.0847 ±    0.5610       0.03452 ±    0.00359       0.24161 ±    0.00130    11.784 ±  0.076 %    78.177 ±  0.140 %
  86      41.9959 ±    0.5563       0.03428 ±    0.00357       0.24148 ±    0.00129    11.781 ±  0.076 %    78.160 ±  0.139 %
  87      42.1533 ±    0.5552       0.03484 ±    0.00355       0.24166 ±    0.00128    11.789 ±  0.075 %    78.154 ±  0.139 %
  88      42.5233 ±    0.5566       0.03509 ±    0.00353       0.24176 ±    0.00127    11.769 ±  0.075 %    78.126 ±  0.138 %
  89      42.5563 ±    0.5539       0.03507 ±    0.00351       0.24166 ±    0.00126    11.763 ±  0.074 %    78.111 ±  0.137 %
  90      42.8483 ±    0.5546       0.03510 ±    0.00349       0.24242 ±    0.00125    11.762 ±  0.074 %    78.075 ±  0.136 %
  91      43.3421 ±    0.5581       0.03496 ±    0.00348       0.24313 ±    0.00125    11.748 ±  0.073 %    78.011 ±  0.136 %
  92      43.8067 ±    0.5615       0.03530 ±    0.00346       0.24372 ±    0.00124    11.735 ±  0.073 %    77.959 ±  0.135 %
  93      44.0944 ±    0.5621       0.03604 ±    0.00344       0.24443 ±    0.00123    11.730 ±  0.073 %    77.899 ±  0.135 %
  94      44.6392 ±    0.5668       0.03666 ±    0.00343       0.24470 ±    0.00123    11.709 ±  0.072 %    77.870 ±  0.134 %
  95      45.0768 ±    0.5696       0.03569 ±    0.00341       0.24496 ±    0.00122    11.698 ±  0.072 %    77.847 ±  0.133 %
  96      45.0186 ±    0.5657       0.03549 ±    0.00339       0.24471 ±    0.00121    11.697 ±  0.071 %    77.869 ±  0.132 %
  97      45.2503 ±    0.5659       0.03591 ±    0.00337       0.24456 ±    0.00120    11.690 ±  0.071 %    77.866 ±  0.132 %
  98      45.4075 ±    0.5653       0.03631 ±    0.00335       0.24438 ±    0.00119    11.679 ±  0.071 %    77.882 ±  0.131 %
  99      45.7575 ±    0.5674       0.03624 ±    0.00334       0.24456 ±    0.00119    11.673 ±  0.070 %    77.872 ±  0.130 %
 100      45.7329 ±    0.5642       0.03670 ±    0.00332       0.24462 ±    0.00118    11.672 ±  0.070 %    77.868 ±  0.130 %
 101      45.9032 ±    0.5637       0.03612 ±    0.00331       0.24483 ±    0.00118    11.677 ±  0.069 %    77.860 ±  0.129 %
 102      46.1054 ±    0.5636       0.03526 ±    0.00329       0.24478 ±    0.00117    11.673 ±  0.069 %    77.865 ±  0.129 %
 103      46.3223 ±    0.5637       0.03576 ±    0.00328       0.24495 ±    0.00117    11.669 ±  0.069 %    77.859 ±  0.128 %
 104      46.4047 ±    0.5619       0.03572 ±    0.00326       0.24467 ±    0.00116    11.666 ±  0.069 %    77.859 ±  0.127 %
 105      46.4188 ±    0.5593       0.03540 ±    0.00324       0.24472 ±    0.00115    11.668 ±  0.068 %    77.853 ±  0.127 %
 106      46.6600 ±    0.5598       0.03426 ±    0.00323       0.24460 ±    0.00115    11.655 ±  0.068 %    77.853 ±  0.126 %
 107      46.6221 ±    0.5564       0.03442 ±    0.00321       0.24422 ±    0.00114    11.659 ±  0.068 %    77.874 ±  0.125 %
 108      46.7107 ±    0.5549       0.03385 ±    0.00319       0.24384 ±    0.00113    11.644 ±  0.067 %    77.892 ±  0.125 %
 109      46.7221 ±    0.5526       0.03335 ±    0.00318       0.24400 ±    0.00113    11.642 ±  0.067 %    77.871 ±  0.124 %
 110      46.5002 ±    0.5472       0.03395 ±    0.00316       0.24356 ±    0.00113    11.648 ±  0.067 %    77.916 ±  0.124 %
 111      46.4108 ±    0.5435       0.03398 ±    0.00315       0.24372 ±    0.00112    11.648 ±  0.066 %    77.922 ±  0.123 %
 112      46.2907 ±    0.5399       0.03564 ±    0.00313       0.24364 ±    0.00111    11.656 ±  0.066 %    77.947 ±  0.122 %
 113      46.4539 ±    0.5397       0.03503 ±    0.00312       0.24393 ±    0.00111    11.664 ±  0.066 %    77.947 ±  0.122 %
 114      46.6835 ±    0.5404       0.03536 ±    0.00310       0.24378 ±    0.00110    11.659 ±  0.066 %    77.972 ±  0.121 %
 115      46.9071 ±    0.5411       0.03587 ±    0.00309       0.24389 ±    0.00110    11.651 ±  0.065 %    77.980 ±  0.121 %
 116      47.1724 ±    0.5423       0.03638 ±    0.00308       0.24434 ±    0.00110    11.638 ±  0.065 %    77.941 ±  0.120 %
 117      46.8451 ±    0.5359       0.03601 ±    0.00307       0.24403 ±    0.00109    11.636 ±  0.065 %    77.972 ±  0.120 %
 118      46.5524 ±    0.5302       0.03655 ±    0.00305       0.24352 ±    0.00109    11.646 ±  0.064 %    78.012 ±  0.119 %
 119      46.4622 ±    0.5268       0.03613 ±    0.00304       0.24341 ±    0.00108    11.650 ±  0.064 %    78.019 ±  0.119 %
 120      46.2948 ±    0.5226       0.03568 ±    0.00302       0.24294 ±    0.00108    11.646 ±  0.064 %    78.051 ±  0.118 %
 121      46.1095 ±    0.5181       0.03572 ±    0.00301       0.24279 ±    0.00107    11.653 ±  0.064 %    78.061 ±  0.118 %
 122      45.9722 ±    0.5142       0.03538 ±    0.00299       0.24269 ±    0.00107    11.652 ±  0.063 %    78.102 ±  0.117 %
 123      46.0563 ±    0.5133       0.03531 ±    0.00298       0.24251 ±    0.00107    11.641 ±  0.063 %    78.135 ±  0.117 %
 124      46.0378 ±    0.5112       0.03499 ±    0.00297       0.24265 ±    0.00106    11.634 ±  0.063 %    78.152 ±  0.116 %
 125      46.0486 ±    0.5095       0.03528 ±    0.00296       0.24281 ±    0.00106    11.641 ±  0.063 %    78.161 ±  0.116 %
 126      46.1466 ±    0.5086       0.03557 ±    0.00295       0.24296 ±    0.00106    11.642 ±  0.062 %    78.173 ±  0.115 %
 127      46.1106 ±    0.5062       0.03607 ±    0.00294       0.24270 ±    0.00106    11.637 ±  0.062 %    78.189 ±  0.115 %
 128      45.9121 ±    0.5019       0.03726 ±    0.00293       0.24272 ±    0.00106    11.656 ±  0.062 %    78.194 ±  0.114 %
 129      45.8913 ±    0.4997       0.03799 ±    0.00291       0.24261 ±    0.00105    11.652 ±  0.062 %    78.202 ±  0.114 %
 130      46.0589 ±    0.5000       0.03842 ±    0.00291       0.24266 ±    0.00105    11.647 ±  0.061 %    78.197 ±  0.113 %
 131      45.9478 ±    0.4968       0.03857 ±    0.00289       0.24226 ±    0.00104    11.642 ±  0.061 %    78.228 ±  0.113 %
 132      45.9793 ±    0.4953       0.03830 ±    0.00288       0.24233 ±    0.00104    11.644 ±  0.061 %    78.231 ±  0.112 %
 133      46.0973 ±    0.4947       0.03813 ±    0.00287       0.24241 ±    0.00103    11.643 ±  0.061 %    78.223 ±  0.112 %
 134      45.9376 ±    0.4908       0.03883 ±    0.00286       0.24247 ±    0.00103    11.653 ±  0.060 %    78.244 ±  0.111 %
 135      45.7384 ±    0.4867       0.03846 ±    0.00285       0.24232 ±    0.00102    11.658 ±  0.060 %    78.249 ±  0.111 %
 136      45.4184 ±    0.4816       0.03959 ±    0.00284       0.24196 ±    0.00102    11.667 ±  0.060 %    78.292 ±  0.111 %
 137      45.3601 ±    0.4792       0.03989 ±    0.00283       0.24191 ±    0.00102    11.672 ±  0.060 %    78.293 ±  0.110 %
 138      45.4826 ±    0.4788       0.03970 ±    0.00282       0.24174 ±    0.00101    11.667 ±  0.060 %    78.305 ±  0.110 %
 139      45.8081 ±    0.4809       0.03942 ±    0.00281       0.24200 ±    0.00101    11.656 ±  0.059 %    78.298 ±  0.109 %
 140      45.7748 ±    0.4787       0.03889 ±    0.00279       0.24216 ±    0.00101    11.658 ±  0.059 %    78.294 ±  0.109 %
 141      45.8454 ±    0.4778       0.03882 ±    0.00279       0.24232 ±    0.00101    11.652 ±  0.059 %    78.287 ±  0.109 %
 142      45.9016 ±    0.4767       0.03838 ±    0.00277       0.24212 ±    0.00100    11.651 ±  0.059 %    78.294 ±  0.108 %
 143      46.0913 ±    0.4771       0.03884 ±    0.00277       0.24246 ±    0.00100    11.652 ±  0.059 %    78.277 ±  0.108 %
 144      46.1574 ±    0.4764       0.03905 ±    0.00276       0.24262 ±    0.00099    11.654 ±  0.058 %    78.269 ±  0.107 %

====== Perplexity statistics ======
Mean PPL(Q)                   :  46.157371 ±   0.476421
Mean PPL(base)                :  44.389851 ±   0.462582
Cor(ln(PPL(Q)), ln(PPL(base))):  96.47%
Mean ln(PPL(Q)/PPL(base))     :   0.039046 ±   0.002757
Mean PPL(Q)/PPL(base)         :   1.039818 ±   0.002866
Mean PPL(Q)-PPL(base)         :   1.767520 ±   0.125461

====== KL divergence statistics ======
Mean    KLD:   0.242617 ±   0.000994
Maximum KLD:  10.945468
99.9%   KLD:   3.901950
99.0%   KLD:   1.790323
95.0%   KLD:   0.858269
90.0%   KLD:   0.589060
Median  KLD:   0.124267
10.0%   KLD:   0.004737
 5.0%   KLD:   0.000992
 1.0%   KLD:   0.000058
 0.1%   KLD:   0.000004
Minimum KLD:  -0.000023

====== Token probability statistics ======
Mean    Δp: -1.760 ± 0.030 %
Maximum Δp: 98.717%
99.9%   Δp: 59.222%
99.0%   Δp: 30.293%
95.0%   Δp: 11.624%
90.0%   Δp:  4.839%
75.0%   Δp:  0.240%
Median  Δp: -0.008%
25.0%   Δp: -1.830%
10.0%   Δp: -11.499%
 5.0%   Δp: -21.597%
 1.0%   Δp: -46.881%
 0.1%   Δp: -79.264%
Minimum Δp: -99.857%
RMS Δp    : 11.654 ± 0.058 %
Same top p: 78.269 ± 0.107 %

------------------------------
llama-perplexity --kl-divergence-base /tmp/logits.dat --ctx-size 2048 -f sample-data/wiki.test.raw -hf unsloth/gemma-4-E2B-it-qat-GGUF:UD-Q4_K_XL -fa on -ngl 99 -ctk turbo2 -ctv f16 --kl-divergence
0.00.476.285 I common_init_result: fitting params to device memory ...
0.00.476.289 I common_init_result: (for bugs during this step try to reproduce them with -fit off, or provide --verbose logs if the bug only occurs with -fit on)
0.02.841.816 W load: control-looking token:    212 '</s>' was not control-type; this is probably a bug in the model. its type will be overridden
0.02.842.357 W load: control-looking token:     50 '<|tool_response>' was not control-type; this is probably a bug in the model. its type will be overridden
0.02.869.870 W load: special_eog_ids contains '<|tool_response>', removing '</s>' token from EOG list
0.03.813.545 W llama_context: n_ctx_seq (2048) < n_ctx_train (131072) -- the full capacity of the model will not be utilized
0.03.840.557 I common_init_from_params: warming up the model with an empty run - please wait ... (--no-warmup to disable)
0.03.867.613 I 
0.03.867.683 I system_info: n_threads = 16 (n_threads_batch = 16) / 32 | CUDA : ARCHS = 500,610,700,750,800,860,890,900 | USE_GRAPHS = 1 | PEER_MAX_BATCH_SIZE = 128 | CPU : SSE3 = 1 | SSSE3 = 1 | AVX = 1 | AVX2 = 1 | F16C = 1 | FMA = 1 | BMI2 = 1 | LLAMAFILE = 1 | OPENMP = 1 | REPACK = 1 | 
0.04.088.716 I kl_divergence: computing over 144 chunks, n_ctx=2048, batch_size=2048, n_seq=1
0.05.107.072 I kl_divergence: 1.02 seconds per pass - ETA 2.43 minutes

chunk             PPL               ln(PPL(Q)/PPL(base))          KL Divergence              Δp RMS            Same top p
   1      43.3408 ±    5.3403       0.00951 ±    0.03134       0.29027 ±    0.01546    13.595 ±  0.785 %    76.149 ±  1.333 %
   2      59.7252 ±    5.1843       0.07761 ±    0.02310       0.29221 ±    0.01065    12.667 ±  0.567 %    75.171 ±  0.955 %
   3      62.8390 ±    4.4916       0.07235 ±    0.01910       0.28612 ±    0.00806    12.390 ±  0.440 %    74.715 ±  0.785 %
   4      61.0187 ±    3.7803       0.10387 ±    0.01650       0.29233 ±    0.00722    12.964 ±  0.392 %    74.951 ±  0.677 %
   5      57.1831 ±    3.1989       0.10261 ±    0.01481       0.29637 ±    0.00658    13.040 ±  0.346 %    74.897 ±  0.606 %
   6      46.0634 ±    2.2959       0.12975 ±    0.01360       0.29665 ±    0.00612    13.732 ±  0.322 %    74.813 ±  0.554 %
   7      39.6501 ±    1.8009       0.13138 ±    0.01252       0.29463 ±    0.00576    14.019 ±  0.305 %    75.381 ±  0.509 %
   8      38.7853 ±    1.6403       0.12964 ±    0.01173       0.29699 ±    0.00555    14.027 ±  0.281 %    75.464 ±  0.476 %
   9      39.7885 ±    1.5769       0.12706 ±    0.01116       0.29870 ±    0.00525    13.962 ±  0.265 %    75.182 ±  0.450 %
  10      41.5394 ±    1.5838       0.12549 ±    0.01069       0.29987 ±    0.00497    13.845 ±  0.252 %    75.073 ±  0.428 %
  11      42.2878 ±    1.5392       0.12118 ±    0.01015       0.29788 ±    0.00469    13.840 ±  0.239 %    75.002 ±  0.408 %
  12      45.6048 ±    1.6004       0.11971 ±    0.00979       0.29715 ±    0.00443    13.715 ±  0.228 %    75.057 ±  0.391 %
  13      45.0618 ±    1.5166       0.11962 ±    0.00933       0.29506 ±    0.00425    13.695 ±  0.218 %    75.321 ±  0.374 %
  14      45.4945 ±    1.4776       0.11282 ±    0.00901       0.29406 ±    0.00406    13.620 ±  0.209 %    75.367 ±  0.360 %
  15      45.1198 ±    1.4147       0.11362 ±    0.00868       0.29272 ±    0.00389    13.581 ±  0.201 %    75.569 ±  0.347 %
  16      47.1122 ±    1.4328       0.10931 ±    0.00846       0.29196 ±    0.00373    13.516 ±  0.194 %    75.745 ±  0.335 %
  17      46.8960 ±    1.3806       0.10088 ±    0.00823       0.29167 ±    0.00360    13.498 ±  0.188 %    75.763 ±  0.325 %
  18      47.2368 ±    1.3498       0.10280 ±    0.00795       0.28983 ±    0.00347    13.424 ±  0.181 %    75.850 ±  0.315 %
  19      46.2457 ±    1.2868       0.10302 ±    0.00782       0.29054 ±    0.00339    13.463 ±  0.178 %    75.948 ±  0.307 %
  20      45.2971 ±    1.2351       0.10518 ±    0.00779       0.28974 ±    0.00331    13.460 ±  0.174 %    76.046 ±  0.298 %
  21      45.4504 ±    1.2088       0.10226 ±    0.00760       0.28935 ±    0.00322    13.445 ±  0.170 %    76.018 ±  0.291 %
  22      45.8274 ±    1.1936       0.10210 ±    0.00740       0.28878 ±    0.00315    13.376 ±  0.167 %    75.966 ±  0.285 %
  23      46.3064 ±    1.1814       0.10550 ±    0.00725       0.28960 ±    0.00307    13.375 ±  0.163 %    75.902 ±  0.279 %
  24      46.4673 ±    1.1617       0.10083 ±    0.00707       0.29006 ±    0.00300    13.349 ±  0.160 %    75.737 ±  0.274 %
  25      47.1143 ±    1.1570       0.10145 ±    0.00695       0.29263 ±    0.00298    13.330 ±  0.156 %    75.554 ±  0.269 %
  26      47.5521 ±    1.1487       0.10382 ±    0.00681       0.29306 ±    0.00295    13.332 ±  0.154 %    75.536 ±  0.264 %
  27      49.3364 ±    1.1736       0.10585 ±    0.00668       0.29403 ±    0.00289    13.259 ±  0.151 %    75.501 ±  0.259 %
  28      49.1745 ±    1.1495       0.10854 ±    0.00658       0.29445 ±    0.00283    13.248 ±  0.148 %    75.482 ±  0.254 %
  29      49.3728 ±    1.1342       0.11103 ±    0.00646       0.29534 ±    0.00279    13.239 ±  0.145 %    75.404 ±  0.250 %
  30      49.3806 ±    1.1170       0.11027 ±    0.00636       0.29385 ±    0.00272    13.180 ±  0.142 %    75.487 ±  0.246 %
  31      49.0571 ±    1.0914       0.11113 ±    0.00625       0.29492 ±    0.00271    13.213 ±  0.140 %    75.486 ±  0.242 %
  32      48.0857 ±    1.0520       0.11159 ±    0.00614       0.29390 ±    0.00266    13.217 ±  0.138 %    75.553 ±  0.238 %
  33      47.7838 ±    1.0300       0.11137 ±    0.00605       0.29429 ±    0.00261    13.198 ±  0.136 %    75.476 ±  0.234 %
  34      47.1854 ±    1.0010       0.10897 ±    0.00595       0.29276 ±    0.00257    13.164 ±  0.134 %    75.608 ±  0.230 %
  35      47.2883 ±    0.9872       0.11104 ±    0.00588       0.29319 ±    0.00252    13.152 ±  0.131 %    75.570 ±  0.227 %
  36      46.5817 ±    0.9588       0.11164 ±    0.00578       0.29166 ±    0.00247    13.149 ±  0.129 %    75.665 ±  0.224 %
  37      45.3283 ±    0.9181       0.11025 ±    0.00570       0.29005 ±    0.00243    13.147 ±  0.127 %    75.853 ±  0.220 %
  38      44.9544 ±    0.8975       0.11377 ±    0.00562       0.28951 ±    0.00240    13.172 ±  0.126 %    75.894 ±  0.217 %
  39      44.1981 ±    0.8701       0.11552 ±    0.00555       0.28877 ±    0.00237    13.201 ±  0.124 %    75.923 ±  0.214 %
  40      43.9243 ±    0.8533       0.11570 ±    0.00549       0.28976 ±    0.00236    13.244 ±  0.122 %    75.958 ±  0.211 %
  41      43.9166 ±    0.8431       0.11600 ±    0.00542       0.28906 ±    0.00232    13.233 ±  0.121 %    75.991 ±  0.209 %
  42      44.2946 ±    0.8412       0.11563 ±    0.00535       0.28868 ±    0.00229    13.194 ±  0.119 %    75.937 ±  0.206 %
  43      44.8491 ±    0.8411       0.11384 ±    0.00528       0.28907 ±    0.00226    13.135 ±  0.118 %    75.821 ±  0.204 %
  44      45.9024 ±    0.8533       0.11344 ±    0.00524       0.29072 ±    0.00225    13.099 ±  0.116 %    75.704 ±  0.202 %
  45      46.4873 ±    0.8553       0.11151 ±    0.00518       0.29083 ±    0.00222    13.067 ±  0.115 %    75.612 ±  0.200 %
  46      46.8212 ±    0.8529       0.11146 ±    0.00513       0.29055 ±    0.00219    13.051 ±  0.113 %    75.651 ±  0.198 %
  47      47.1413 ±    0.8497       0.11032 ±    0.00509       0.29226 ±    0.00217    13.058 ±  0.112 %    75.558 ±  0.196 %
  48      47.5221 ±    0.8480       0.11059 ±    0.00505       0.29323 ±    0.00215    13.068 ±  0.111 %    75.505 ±  0.194 %
  49      47.6884 ±    0.8425       0.11056 ±    0.00500       0.29320 ±    0.00213    13.066 ±  0.110 %    75.536 ±  0.192 %
  50      47.9779 ±    0.8396       0.11168 ±    0.00496       0.29365 ±    0.00211    13.042 ±  0.109 %    75.523 ±  0.190 %
  51      47.6694 ±    0.8257       0.11327 ±    0.00490       0.29337 ±    0.00209    13.029 ±  0.107 %    75.581 ±  0.188 %
  52      47.5888 ±    0.8166       0.11323 ±    0.00484       0.29275 ±    0.00207    12.989 ±  0.106 %    75.607 ±  0.186 %
  53      47.3346 ±    0.8038       0.11118 ±    0.00480       0.29241 ±    0.00205    13.008 ±  0.105 %    75.641 ±  0.184 %
  54      46.7989 ±    0.7862       0.11088 ±    0.00475       0.29199 ±    0.00204    13.029 ±  0.104 %    75.720 ±  0.182 %
  55      46.7025 ±    0.7773       0.11122 ±    0.00471       0.29225 ±    0.00202    13.058 ±  0.103 %    75.720 ±  0.181 %
  56      46.5759 ±    0.7680       0.11080 ±    0.00468       0.29254 ±    0.00201    13.083 ±  0.103 %    75.724 ±  0.179 %
  57      45.8391 ±    0.7480       0.11050 ±    0.00464       0.29239 ±    0.00199    13.122 ±  0.102 %    75.794 ±  0.177 %
  58      45.7827 ±    0.7400       0.11049 ±    0.00459       0.29212 ±    0.00197    13.105 ±  0.101 %    75.812 ±  0.176 %
  59      45.1663 ±    0.7231       0.11105 ±    0.00455       0.29160 ±    0.00195    13.123 ±  0.100 %    75.837 ±  0.174 %
  60      45.2788 ±    0.7191       0.11128 ±    0.00450       0.29084 ±    0.00193    13.091 ±  0.099 %    75.890 ±  0.173 %
  61      45.4829 ±    0.7164       0.11147 ±    0.00447       0.29085 ±    0.00192    13.103 ±  0.098 %    75.902 ±  0.171 %
  62      45.7811 ±    0.7157       0.11130 ±    0.00444       0.29075 ±    0.00190    13.091 ±  0.098 %    75.901 ±  0.170 %
  63      46.3866 ±    0.7201       0.11121 ±    0.00440       0.29037 ±    0.00188    13.056 ±  0.097 %    75.893 ±  0.168 %
  64      46.3377 ±    0.7140       0.11125 ±    0.00438       0.29002 ±    0.00186    13.047 ±  0.096 %    75.909 ±  0.167 %
  65      46.5804 ±    0.7132       0.11347 ±    0.00437       0.29045 ±    0.00185    13.047 ±  0.095 %    75.915 ±  0.166 %
  66      46.5606 ±    0.7079       0.11348 ±    0.00434       0.29040 ±    0.00184    13.050 ±  0.095 %    75.912 ±  0.165 %
  67      46.6303 ±    0.7042       0.11347 ±    0.00432       0.29134 ±    0.00183    13.073 ±  0.094 %    75.915 ±  0.163 %
  68      46.5859 ±    0.6983       0.11362 ±    0.00429       0.29132 ±    0.00182    13.091 ±  0.093 %    75.932 ±  0.162 %
  69      46.6842 ±    0.6947       0.11366 ±    0.00427       0.29159 ±    0.00181    13.095 ±  0.093 %    75.943 ±  0.161 %
  70      46.1848 ±    0.6828       0.11340 ±    0.00425       0.29191 ±    0.00180    13.164 ±  0.092 %    75.968 ±  0.160 %
  71      45.9159 ±    0.6737       0.11573 ±    0.00422       0.29227 ±    0.00180    13.181 ±  0.092 %    75.996 ±  0.158 %
  72      46.3764 ±    0.6768       0.11455 ±    0.00420       0.29291 ±    0.00179    13.180 ±  0.091 %    75.960 ±  0.157 %
  73      46.8202 ±    0.6795       0.11344 ±    0.00416       0.29284 ±    0.00177    13.141 ±  0.090 %    75.946 ±  0.156 %
  74      46.6201 ±    0.6716       0.11296 ±    0.00413       0.29182 ±    0.00176    13.127 ±  0.090 %    76.007 ±  0.155 %
  75      46.5499 ±    0.6661       0.11305 ±    0.00411       0.29171 ±    0.00175    13.128 ±  0.089 %    76.036 ±  0.154 %
  76      46.6147 ±    0.6629       0.11357 ±    0.00408       0.29156 ±    0.00174    13.109 ±  0.088 %    76.061 ±  0.153 %
  77      46.6458 ±    0.6591       0.11286 ±    0.00405       0.29108 ±    0.00172    13.082 ±  0.088 %    76.061 ±  0.152 %
  78      46.6019 ±    0.6544       0.11212 ±    0.00402       0.29056 ±    0.00171    13.054 ±  0.087 %    76.103 ±  0.151 %
  79      46.6786 ±    0.6515       0.11216 ±    0.00400       0.29063 ±    0.00170    13.050 ±  0.086 %    76.078 ±  0.150 %
  80      46.8710 ±    0.6501       0.11195 ±    0.00397       0.29037 ±    0.00168    13.031 ±  0.086 %    76.061 ±  0.149 %
  81      46.3736 ±    0.6386       0.11128 ±    0.00393       0.28969 ±    0.00167    13.038 ±  0.085 %    76.106 ±  0.148 %
  82      45.9688 ±    0.6291       0.11024 ±    0.00391       0.28906 ±    0.00166    13.048 ±  0.085 %    76.175 ±  0.147 %
  83      45.4812 ±    0.6184       0.11000 ±    0.00388       0.28842 ±    0.00165    13.065 ±  0.084 %    76.227 ±  0.146 %
  84      45.2468 ±    0.6119       0.10994 ±    0.00385       0.28787 ±    0.00163    13.061 ±  0.084 %    76.296 ±  0.145 %
  85      45.3438 ±    0.6094       0.10911 ±    0.00383       0.28792 ±    0.00162    13.072 ±  0.083 %    76.279 ±  0.144 %
  86      45.2758 ±    0.6049       0.10948 ±    0.00381       0.28759 ±    0.00161    13.071 ±  0.083 %    76.260 ±  0.143 %
  87      45.4065 ±    0.6030       0.10918 ±    0.00379       0.28765 ±    0.00160    13.065 ±  0.082 %    76.234 ±  0.143 %
  88      45.8058 ±    0.6046       0.10945 ±    0.00376       0.28776 ±    0.00159    13.038 ±  0.082 %    76.187 ±  0.142 %
  89      45.8452 ±    0.6017       0.10952 ±    0.00374       0.28724 ±    0.00158    13.023 ±  0.081 %    76.190 ±  0.141 %
  90      46.1440 ±    0.6022       0.10920 ±    0.00372       0.28753 ±    0.00157    13.013 ±  0.080 %    76.161 ±  0.140 %
  91      46.7508 ±    0.6073       0.11067 ±    0.00370       0.28850 ±    0.00156    13.001 ±  0.080 %    76.103 ±  0.140 %
  92      47.3194 ±    0.6121       0.11243 ±    0.00368       0.28931 ±    0.00155    12.989 ±  0.080 %    76.040 ±  0.139 %
  93      47.6399 ±    0.6127       0.11338 ±    0.00367       0.29035 ±    0.00155    12.984 ±  0.079 %    75.968 ±  0.139 %
  94      48.1786 ±    0.6170       0.11296 ±    0.00365       0.29076 ±    0.00154    12.960 ±  0.079 %    75.941 ±  0.138 %
  95      48.6773 ±    0.6205       0.11253 ±    0.00363       0.29115 ±    0.00153    12.952 ±  0.078 %    75.889 ±  0.137 %
  96      48.5921 ±    0.6160       0.11188 ±    0.00361       0.29110 ±    0.00152    12.973 ±  0.078 %    75.906 ±  0.136 %
  97      48.7519 ±    0.6148       0.11044 ±    0.00359       0.29096 ±    0.00151    12.963 ±  0.077 %    75.907 ±  0.136 %
  98      48.8870 ±    0.6135       0.11015 ±    0.00357       0.29070 ±    0.00150    12.962 ±  0.077 %    75.913 ±  0.135 %
  99      49.2694 ±    0.6158       0.11019 ±    0.00355       0.29060 ±    0.00149    12.951 ±  0.077 %    75.915 ±  0.134 %
 100      49.2232 ±    0.6121       0.11024 ±    0.00353       0.29049 ±    0.00148    12.940 ±  0.076 %    75.937 ±  0.134 %
 101      49.4831 ±    0.6129       0.11122 ±    0.00352       0.29067 ±    0.00148    12.937 ±  0.076 %    75.907 ±  0.133 %
 102      49.7625 ±    0.6138       0.11159 ±    0.00350       0.29072 ±    0.00147    12.934 ±  0.076 %    75.897 ±  0.132 %
 103      49.9372 ±    0.6130       0.11090 ±    0.00349       0.29092 ±    0.00146    12.924 ±  0.075 %    75.874 ±  0.132 %
 104      50.0497 ±    0.6114       0.11134 ±    0.00347       0.29091 ±    0.00146    12.925 ±  0.075 %    75.869 ±  0.131 %
 105      50.1009 ±    0.6091       0.11174 ±    0.00345       0.29093 ±    0.00145    12.928 ±  0.074 %    75.859 ±  0.131 %
 106      50.3689 ±    0.6097       0.11075 ±    0.00343       0.29052 ±    0.00144    12.910 ±  0.074 %    75.865 ±  0.130 %
 107      50.2981 ±    0.6057       0.11031 ±    0.00342       0.29016 ±    0.00143    12.905 ±  0.074 %    75.888 ±  0.129 %
 108      50.4394 ±    0.6047       0.11065 ±    0.00340       0.28988 ±    0.00142    12.900 ±  0.073 %    75.905 ±  0.129 %
 109      50.4701 ±    0.6024       0.11051 ±    0.00338       0.28988 ±    0.00142    12.897 ±  0.073 %    75.908 ±  0.128 %
 110      50.2279 ±    0.5965       0.11107 ±    0.00337       0.28955 ±    0.00141    12.905 ±  0.073 %    75.938 ±  0.127 %
 111      50.1230 ±    0.5925       0.11093 ±    0.00335       0.28923 ±    0.00141    12.899 ±  0.072 %    75.973 ±  0.127 %
 112      49.9544 ±    0.5879       0.11181 ±    0.00334       0.28942 ±    0.00140    12.925 ±  0.072 %    75.991 ±  0.126 %
 113      50.1274 ±    0.5877       0.11114 ±    0.00332       0.28945 ±    0.00139    12.932 ±  0.072 %    75.979 ±  0.126 %
 114      50.3690 ±    0.5883       0.11134 ±    0.00330       0.28938 ±    0.00139    12.932 ±  0.072 %    76.005 ±  0.125 %
 115      50.5629 ±    0.5883       0.11092 ±    0.00329       0.28959 ±    0.00138    12.928 ±  0.071 %    76.011 ±  0.124 %
 116      50.8619 ±    0.5897       0.11169 ±    0.00328       0.29021 ±    0.00138    12.929 ±  0.071 %    75.978 ±  0.124 %
 117      50.4982 ±    0.5826       0.11110 ±    0.00326       0.29001 ±    0.00137    12.930 ±  0.071 %    76.002 ±  0.123 %
 118      50.1416 ±    0.5759       0.11082 ±    0.00325       0.28946 ±    0.00137    12.937 ±  0.071 %    76.051 ±  0.123 %
 119      50.0698 ±    0.5726       0.11090 ±    0.00324       0.28923 ±    0.00136    12.933 ±  0.070 %    76.074 ±  0.122 %
 120      49.9423 ±    0.5687       0.11152 ±    0.00322       0.28890 ±    0.00135    12.923 ±  0.070 %    76.118 ±  0.122 %
 121      49.7595 ±    0.5639       0.11190 ±    0.00321       0.28846 ±    0.00135    12.929 ±  0.070 %    76.132 ±  0.121 %
 122      49.6774 ±    0.5605       0.11289 ±    0.00320       0.28857 ±    0.00134    12.937 ±  0.069 %    76.149 ±  0.121 %
 123      49.8122 ±    0.5601       0.11371 ±    0.00318       0.28836 ±    0.00134    12.942 ±  0.069 %    76.169 ±  0.120 %
 124      49.8232 ±    0.5582       0.11401 ±    0.00317       0.28857 ±    0.00134    12.950 ±  0.069 %    76.187 ±  0.120 %
 125      49.8286 ±    0.5564       0.11417 ±    0.00316       0.28849 ±    0.00133    12.955 ±  0.069 %    76.199 ±  0.119 %
 126      49.9390 ±    0.5555       0.11455 ±    0.00315       0.28846 ±    0.00132    12.957 ±  0.068 %    76.196 ±  0.119 %
 127      49.8777 ±    0.5525       0.11460 ±    0.00313       0.28817 ±    0.00132    12.948 ±  0.068 %    76.206 ±  0.118 %
 128      49.6263 ±    0.5474       0.11505 ±    0.00312       0.28765 ±    0.00131    12.950 ±  0.068 %    76.236 ±  0.118 %
 129      49.5966 ±    0.5448       0.11563 ±    0.00311       0.28760 ±    0.00131    12.962 ±  0.068 %    76.223 ±  0.117 %
 130      49.7886 ±    0.5453       0.11629 ±    0.00309       0.28769 ±    0.00130    12.957 ±  0.067 %    76.210 ±  0.117 %
 131      49.6634 ±    0.5417       0.11634 ±    0.00308       0.28739 ±    0.00129    12.949 ±  0.067 %    76.231 ±  0.116 %
 132      49.6908 ±    0.5400       0.11593 ±    0.00307       0.28727 ±    0.00129    12.942 ±  0.067 %    76.237 ±  0.116 %
 133      49.8268 ±    0.5394       0.11593 ±    0.00306       0.28735 ±    0.00128    12.947 ±  0.067 %    76.242 ±  0.115 %
 134      49.6387 ±    0.5350       0.11631 ±    0.00304       0.28759 ±    0.00128    12.962 ±  0.066 %    76.243 ±  0.115 %
 135      49.4592 ±    0.5309       0.11667 ±    0.00303       0.28740 ±    0.00128    12.969 ±  0.066 %    76.259 ±  0.114 %
 136      49.0483 ±    0.5245       0.11648 ±    0.00302       0.28694 ±    0.00127    12.974 ±  0.066 %    76.298 ±  0.114 %
 137      48.9406 ±    0.5214       0.11586 ±    0.00301       0.28655 ±    0.00126    12.962 ±  0.066 %    76.326 ±  0.114 %
 138      49.0703 ±    0.5210       0.11562 ±    0.00300       0.28645 ±    0.00126    12.962 ±  0.065 %    76.321 ±  0.113 %
 139      49.4051 ±    0.5231       0.11501 ±    0.00298       0.28664 ±    0.00125    12.950 ±  0.065 %    76.305 ±  0.113 %
 140      49.3844 ±    0.5209       0.11480 ±    0.00297       0.28654 ±    0.00125    12.944 ±  0.065 %    76.313 ±  0.112 %
 141      49.4378 ±    0.5196       0.11426 ±    0.00296       0.28665 ±    0.00124    12.940 ±  0.065 %    76.296 ±  0.112 %
 142      49.5081 ±    0.5186       0.11402 ±    0.00295       0.28636 ±    0.00124    12.932 ±  0.064 %    76.299 ±  0.112 %
 143      49.7062 ±    0.5189       0.11434 ±    0.00294       0.28657 ±    0.00123    12.930 ±  0.064 %    76.273 ±  0.111 %
 144      49.8025 ±    0.5185       0.11505 ±    0.00293       0.28688 ±    0.00123    12.942 ±  0.064 %    76.269 ±  0.111 %

====== Perplexity statistics ======
Mean PPL(Q)                   :  49.802482 ±   0.518473
Mean PPL(base)                :  44.389851 ±   0.462582
Cor(ln(PPL(Q)), ln(PPL(base))):  96.04%
Mean ln(PPL(Q)/PPL(base))     :   0.115054 ±   0.002932
Mean PPL(Q)/PPL(base)         :   1.121934 ±   0.003290
Mean PPL(Q)-PPL(base)         :   5.412631 ±   0.148761

====== KL divergence statistics ======
Mean    KLD:   0.286884 ±   0.001229
Maximum KLD:  12.786761
99.9%   KLD:   4.785715
99.0%   KLD:   2.214627
95.0%   KLD:   1.057373
90.0%   KLD:   0.701653
Median  KLD:   0.137357
10.0%   KLD:   0.004780
 5.0%   KLD:   0.000923
 1.0%   KLD:   0.000046
 0.1%   KLD:   0.000002
Minimum KLD:  -0.000047

====== Token probability statistics ======
Mean    Δp: -2.511 ± 0.033 %
Maximum Δp: 97.419%
99.9%   Δp: 62.281%
99.0%   Δp: 30.602%
95.0%   Δp: 10.861%
90.0%   Δp:  4.116%
75.0%   Δp:  0.146%
Median  Δp: -0.020%
25.0%   Δp: -2.373%
10.0%   Δp: -13.761%
 5.0%   Δp: -25.176%
 1.0%   Δp: -54.091%
 0.1%   Δp: -86.239%
Minimum Δp: -99.699%
RMS Δp    : 12.942 ± 0.064 %
Same top p: 76.269 ± 0.111 %

------------------------------
llama-perplexity --kl-divergence-base /tmp/logits.dat --ctx-size 2048 -f sample-data/wiki.test.raw -hf unsloth/gemma-4-E2B-it-qat-GGUF:UD-Q4_K_XL -fa on -ngl 99 -ctk turbo2 -ctv q8_0 --kl-divergence
0.00.463.361 I common_init_result: fitting params to device memory ...
0.00.463.364 I common_init_result: (for bugs during this step try to reproduce them with -fit off, or provide --verbose logs if the bug only occurs with -fit on)
0.02.834.327 W load: control-looking token:    212 '</s>' was not control-type; this is probably a bug in the model. its type will be overridden
0.02.834.831 W load: control-looking token:     50 '<|tool_response>' was not control-type; this is probably a bug in the model. its type will be overridden
0.02.861.837 W load: special_eog_ids contains '<|tool_response>', removing '</s>' token from EOG list
0.03.815.761 W llama_context: n_ctx_seq (2048) < n_ctx_train (131072) -- the full capacity of the model will not be utilized
0.03.842.051 I common_init_from_params: warming up the model with an empty run - please wait ... (--no-warmup to disable)
0.03.869.439 I 
0.03.869.509 I system_info: n_threads = 16 (n_threads_batch = 16) / 32 | CUDA : ARCHS = 500,610,700,750,800,860,890,900 | USE_GRAPHS = 1 | PEER_MAX_BATCH_SIZE = 128 | CPU : SSE3 = 1 | SSSE3 = 1 | AVX = 1 | AVX2 = 1 | F16C = 1 | FMA = 1 | BMI2 = 1 | LLAMAFILE = 1 | OPENMP = 1 | REPACK = 1 | 
0.04.092.539 I kl_divergence: computing over 144 chunks, n_ctx=2048, batch_size=2048, n_seq=1
0.05.110.353 I kl_divergence: 1.02 seconds per pass - ETA 2.43 minutes

chunk             PPL               ln(PPL(Q)/PPL(base))          KL Divergence              Δp RMS            Same top p
   1      44.7225 ±    5.5494       0.04089 ±    0.03249       0.28117 ±    0.01594    13.481 ±  0.760 %    76.442 ±  1.327 %
   2      60.0235 ±    5.2424       0.08259 ±    0.02245       0.27541 ±    0.01008    12.219 ±  0.506 %    75.269 ±  0.954 %
   3      63.2292 ±    4.5488       0.07854 ±    0.01884       0.27123 ±    0.00749    12.024 ±  0.397 %    75.660 ±  0.775 %
   4      61.0901 ±    3.8019       0.10504 ±    0.01653       0.28682 ±    0.00741    13.014 ±  0.377 %    75.562 ±  0.672 %
   5      57.5395 ±    3.2432       0.10882 ±    0.01514       0.29458 ±    0.00697    12.951 ±  0.332 %    75.269 ±  0.603 %
   6      45.7779 ±    2.2967       0.12354 ±    0.01391       0.29466 ±    0.00659    13.444 ±  0.305 %    75.448 ±  0.549 %
   7      39.2681 ±    1.7918       0.12170 ±    0.01264       0.29047 ±    0.00603    13.644 ±  0.289 %    75.967 ±  0.505 %
   8      38.4464 ±    1.6335       0.12087 ±    0.01179       0.29201 ±    0.00565    13.692 ±  0.270 %    75.941 ±  0.473 %
   9      39.4936 ±    1.5724       0.11962 ±    0.01113       0.29221 ±    0.00527    13.615 ±  0.254 %    75.758 ±  0.447 %
  10      41.3222 ±    1.5841       0.12024 ±    0.01067       0.29246 ±    0.00494    13.566 ±  0.242 %    75.582 ±  0.425 %
  11      42.2348 ±    1.5450       0.11993 ±    0.01011       0.29065 ±    0.00468    13.519 ±  0.230 %    75.420 ±  0.406 %
  12      45.4941 ±    1.6050       0.11728 ±    0.00967       0.28920 ±    0.00440    13.409 ±  0.220 %    75.652 ±  0.387 %
  13      45.1196 ±    1.5267       0.12090 ±    0.00923       0.28732 ±    0.00424    13.401 ±  0.211 %    75.810 ±  0.371 %
  14      45.3791 ±    1.4797       0.11028 ±    0.00895       0.28665 ±    0.00403    13.372 ±  0.203 %    75.960 ±  0.357 %
  15      44.8507 ±    1.4105       0.10764 ±    0.00866       0.28533 ±    0.00385    13.307 ±  0.193 %    76.103 ±  0.344 %
  16      46.8919 ±    1.4301       0.10462 ±    0.00840       0.28482 ±    0.00370    13.330 ±  0.188 %    76.161 ±  0.333 %
  17      46.6885 ±    1.3784       0.09645 ±    0.00818       0.28527 ±    0.00357    13.319 ±  0.181 %    76.126 ±  0.323 %
  18      46.9138 ±    1.3439       0.09594 ±    0.00791       0.28390 ±    0.00344    13.309 ±  0.175 %    76.154 ±  0.314 %
  19      46.0410 ±    1.2845       0.09858 ±    0.00778       0.28625 ±    0.00338    13.425 ±  0.174 %    76.154 ±  0.306 %
  20      45.0375 ±    1.2309       0.09944 ±    0.00773       0.28596 ±    0.00335    13.430 ±  0.169 %    76.237 ±  0.298 %
  21      45.2178 ±    1.2057       0.09713 ±    0.00753       0.28488 ±    0.00325    13.335 ±  0.165 %    76.232 ±  0.290 %
  22      45.5377 ±    1.1882       0.09576 ±    0.00733       0.28418 ±    0.00315    13.254 ±  0.160 %    76.193 ±  0.284 %
  23      45.9562 ±    1.1743       0.09791 ±    0.00720       0.28503 ±    0.00307    13.292 ±  0.158 %    76.102 ±  0.278 %
  24      46.2190 ±    1.1577       0.09548 ±    0.00704       0.28665 ±    0.00302    13.272 ±  0.155 %    75.965 ±  0.273 %
  25      46.8842 ±    1.1528       0.09655 ±    0.00692       0.28972 ±    0.00302    13.216 ±  0.151 %    75.824 ±  0.268 %
  26      47.2501 ±    1.1424       0.09745 ±    0.00678       0.28976 ±    0.00296    13.203 ±  0.148 %    75.788 ±  0.263 %
  27      48.9853 ±    1.1659       0.09871 ±    0.00666       0.29051 ±    0.00290    13.129 ±  0.145 %    75.729 ±  0.258 %
  28      48.8081 ±    1.1412       0.10106 ±    0.00654       0.29075 ±    0.00285    13.101 ±  0.142 %    75.758 ±  0.253 %
  29      48.9765 ±    1.1250       0.10297 ±    0.00644       0.29164 ±    0.00281    13.085 ±  0.139 %    75.643 ±  0.249 %
  30      48.9886 ±    1.1077       0.10230 ±    0.00634       0.29022 ±    0.00275    13.054 ±  0.137 %    75.728 ±  0.245 %
  31      48.5953 ±    1.0806       0.10167 ±    0.00623       0.29085 ±    0.00271    13.070 ±  0.135 %    75.745 ±  0.241 %
  32      47.7157 ±    1.0436       0.10386 ±    0.00613       0.29048 ±    0.00267    13.102 ±  0.134 %    75.800 ±  0.237 %
  33      47.4550 ±    1.0228       0.10447 ±    0.00604       0.29047 ±    0.00262    13.077 ±  0.131 %    75.719 ±  0.233 %
  34      46.9021 ±    0.9949       0.10295 ±    0.00595       0.28958 ±    0.00259    13.065 ±  0.130 %    75.781 ±  0.230 %
  35      47.0293 ±    0.9818       0.10555 ±    0.00588       0.29051 ±    0.00254    13.059 ±  0.128 %    75.702 ±  0.227 %
  36      46.3187 ±    0.9531       0.10598 ±    0.00578       0.28903 ±    0.00250    13.067 ±  0.126 %    75.820 ±  0.223 %
  37      45.1488 ±    0.9145       0.10628 ±    0.00571       0.28731 ±    0.00246    13.064 ±  0.124 %    75.979 ±  0.220 %
  38      44.7436 ±    0.8929       0.10907 ±    0.00564       0.28743 ±    0.00243    13.124 ±  0.123 %    76.002 ±  0.217 %
  39      44.0599 ±    0.8675       0.11239 ±    0.00557       0.28696 ±    0.00240    13.168 ±  0.121 %    76.046 ±  0.214 %
  40      43.7717 ±    0.8503       0.11222 ±    0.00551       0.28845 ±    0.00240    13.244 ±  0.120 %    76.017 ±  0.211 %
  41      43.8281 ±    0.8415       0.11398 ±    0.00544       0.28798 ±    0.00237    13.224 ±  0.119 %    76.048 ±  0.208 %
  42      44.2378 ±    0.8404       0.11435 ±    0.00537       0.28769 ±    0.00233    13.186 ±  0.117 %    75.983 ±  0.206 %
  43      44.7431 ±    0.8394       0.11147 ±    0.00531       0.28817 ±    0.00230    13.127 ±  0.116 %    75.874 ±  0.204 %
  44      45.7179 ±    0.8500       0.10941 ±    0.00526       0.28886 ±    0.00228    13.078 ±  0.114 %    75.806 ±  0.202 %
  45      46.3164 ±    0.8521       0.10783 ±    0.00521       0.28991 ±    0.00225    13.046 ±  0.113 %    75.671 ±  0.200 %
  46      46.6608 ±    0.8498       0.10803 ±    0.00516       0.28992 ±    0.00222    13.047 ±  0.112 %    75.687 ±  0.198 %
  47      46.9618 ±    0.8460       0.10650 ±    0.00512       0.29193 ±    0.00220    13.060 ±  0.111 %    75.564 ±  0.196 %
  48      47.3424 ±    0.8445       0.10680 ±    0.00507       0.29274 ±    0.00218    13.070 ±  0.110 %    75.536 ±  0.194 %
  49      47.5984 ±    0.8410       0.10867 ±    0.00502       0.29301 ±    0.00215    13.089 ±  0.109 %    75.556 ±  0.192 %
  50      47.8879 ±    0.8382       0.10980 ±    0.00498       0.29320 ±    0.00213    13.086 ±  0.108 %    75.576 ±  0.190 %
  51      47.5505 ±    0.8239       0.11078 ±    0.00492       0.29272 ±    0.00211    13.072 ±  0.106 %    75.608 ±  0.188 %
  52      47.4771 ±    0.8151       0.11088 ±    0.00486       0.29214 ±    0.00209    13.033 ±  0.105 %    75.624 ±  0.186 %
  53      47.2148 ±    0.8020       0.10864 ±    0.00481       0.29185 ±    0.00206    13.048 ±  0.104 %    75.662 ±  0.184 %
  54      46.7429 ±    0.7859       0.10968 ±    0.00477       0.29132 ±    0.00204    13.067 ±  0.103 %    75.738 ±  0.182 %
  55      46.6463 ±    0.7771       0.11002 ±    0.00472       0.29149 ±    0.00202    13.088 ±  0.102 %    75.718 ±  0.181 %
  56      46.5567 ±    0.7685       0.11039 ±    0.00469       0.29169 ±    0.00200    13.112 ±  0.101 %    75.724 ±  0.179 %
  57      45.8569 ±    0.7493       0.11089 ±    0.00464       0.29178 ±    0.00199    13.159 ±  0.101 %    75.780 ±  0.177 %
  58      45.7979 ±    0.7411       0.11082 ±    0.00460       0.29162 ±    0.00197    13.140 ±  0.100 %    75.798 ±  0.176 %
  59      45.1850 ±    0.7242       0.11146 ±    0.00455       0.29090 ±    0.00195    13.152 ±  0.099 %    75.834 ±  0.174 %
  60      45.2812 ±    0.7198       0.11133 ±    0.00451       0.29015 ±    0.00193    13.120 ±  0.098 %    75.847 ±  0.173 %
  61      45.4728 ±    0.7168       0.11124 ±    0.00447       0.29001 ±    0.00192    13.106 ±  0.097 %    75.873 ±  0.171 %
  62      45.7523 ±    0.7158       0.11067 ±    0.00444       0.28966 ±    0.00189    13.087 ±  0.096 %    75.885 ±  0.170 %
  63      46.3784 ±    0.7206       0.11103 ±    0.00440       0.28919 ±    0.00187    13.046 ±  0.096 %    75.875 ±  0.169 %
  64      46.3565 ±    0.7149       0.11165 ±    0.00438       0.28922 ±    0.00186    13.058 ±  0.095 %    75.912 ±  0.167 %
  65      46.5746 ±    0.7136       0.11335 ±    0.00437       0.28964 ±    0.00184    13.056 ±  0.094 %    75.912 ±  0.166 %
  66      46.5646 ±    0.7083       0.11357 ±    0.00434       0.28977 ±    0.00183    13.069 ±  0.094 %    75.913 ±  0.165 %
  67      46.6112 ±    0.7043       0.11306 ±    0.00432       0.29037 ±    0.00182    13.083 ±  0.093 %    75.917 ±  0.163 %
  68      46.5679 ±    0.6984       0.11323 ±    0.00429       0.29041 ±    0.00181    13.099 ±  0.092 %    75.926 ±  0.162 %
  69      46.6820 ±    0.6951       0.11362 ±    0.00426       0.29054 ±    0.00180    13.096 ±  0.091 %    75.937 ±  0.161 %
  70      46.2025 ±    0.6838       0.11379 ±    0.00425       0.29074 ±    0.00179    13.150 ±  0.091 %    75.954 ±  0.160 %
  71      45.9638 ±    0.6751       0.11677 ±    0.00422       0.29126 ±    0.00178    13.182 ±  0.090 %    75.978 ±  0.159 %
  72      46.4136 ±    0.6780       0.11535 ±    0.00419       0.29167 ±    0.00177    13.174 ±  0.090 %    75.945 ±  0.157 %
  73      46.8818 ±    0.6810       0.11475 ±    0.00416       0.29189 ±    0.00175    13.146 ±  0.089 %    75.942 ±  0.156 %
  74      46.6725 ±    0.6730       0.11408 ±    0.00413       0.29100 ±    0.00175    13.132 ±  0.088 %    75.997 ±  0.155 %
  75      46.5764 ±    0.6670       0.11362 ±    0.00410       0.29041 ±    0.00173    13.125 ±  0.088 %    76.040 ±  0.154 %
  76      46.6222 ±    0.6636       0.11373 ±    0.00407       0.29027 ±    0.00171    13.103 ±  0.087 %    76.046 ±  0.153 %
  77      46.6517 ±    0.6597       0.11299 ±    0.00405       0.29017 ±    0.00170    13.083 ±  0.086 %    76.036 ±  0.152 %
  78      46.6352 ±    0.6554       0.11284 ±    0.00402       0.28955 ±    0.00169    13.054 ±  0.086 %    76.071 ±  0.151 %
  79      46.7153 ±    0.6526       0.11294 ±    0.00399       0.28966 ±    0.00168    13.049 ±  0.085 %    76.059 ±  0.150 %
  80      46.8713 ±    0.6507       0.11196 ±    0.00397       0.28952 ±    0.00166    13.036 ±  0.084 %    76.024 ±  0.149 %
  81      46.3733 ±    0.6392       0.11127 ±    0.00393       0.28869 ±    0.00165    13.036 ±  0.084 %    76.083 ±  0.148 %
  82      45.9738 ±    0.6297       0.11035 ±    0.00390       0.28823 ±    0.00164    13.046 ±  0.083 %    76.143 ±  0.147 %
  83      45.4968 ±    0.6192       0.11034 ±    0.00387       0.28756 ±    0.00163    13.048 ±  0.083 %    76.186 ±  0.146 %
  84      45.2562 ±    0.6125       0.11015 ±    0.00385       0.28712 ±    0.00162    13.046 ±  0.082 %    76.247 ±  0.145 %
  85      45.3783 ±    0.6104       0.10987 ±    0.00382       0.28714 ±    0.00161    13.056 ±  0.082 %    76.223 ±  0.144 %
  86      45.3164 ±    0.6059       0.11038 ±    0.00381       0.28686 ±    0.00160    13.058 ±  0.082 %    76.222 ±  0.144 %
  87      45.4739 ±    0.6045       0.11066 ±    0.00378       0.28712 ±    0.00158    13.062 ±  0.081 %    76.195 ±  0.143 %
  88      45.8496 ±    0.6057       0.11041 ±    0.00376       0.28705 ±    0.00157    13.032 ±  0.080 %    76.163 ±  0.142 %
  89      45.8810 ±    0.6027       0.11030 ±    0.00373       0.28661 ±    0.00156    13.021 ±  0.080 %    76.187 ±  0.141 %
  90      46.1742 ±    0.6031       0.10986 ±    0.00372       0.28721 ±    0.00155    13.024 ±  0.079 %    76.145 ±  0.140 %
  91      46.7746 ±    0.6079       0.11118 ±    0.00370       0.28819 ±    0.00155    13.013 ±  0.079 %    76.090 ±  0.140 %
  92      47.3118 ±    0.6122       0.11227 ±    0.00368       0.28872 ±    0.00154    13.000 ±  0.079 %    76.039 ±  0.139 %
  93      47.6281 ±    0.6128       0.11313 ±    0.00367       0.28981 ±    0.00153    12.997 ±  0.078 %    75.961 ±  0.139 %
  94      48.1840 ±    0.6174       0.11307 ±    0.00365       0.29032 ±    0.00152    12.976 ±  0.078 %    75.920 ±  0.138 %
  95      48.6563 ±    0.6204       0.11210 ±    0.00363       0.29070 ±    0.00151    12.961 ±  0.077 %    75.864 ±  0.137 %
  96      48.5638 ±    0.6158       0.11129 ±    0.00361       0.29046 ±    0.00150    12.963 ±  0.077 %    75.891 ±  0.136 %
  97      48.7202 ±    0.6146       0.10979 ±    0.00359       0.29067 ±    0.00149    12.961 ±  0.076 %    75.881 ±  0.136 %
  98      48.8254 ±    0.6128       0.10888 ±    0.00357       0.29058 ±    0.00149    12.968 ±  0.076 %    75.869 ±  0.135 %
  99      49.2129 ±    0.6151       0.10904 ±    0.00356       0.29055 ±    0.00148    12.962 ±  0.076 %    75.872 ±  0.134 %
 100      49.1789 ±    0.6117       0.10934 ±    0.00354       0.29050 ±    0.00147    12.958 ±  0.075 %    75.903 ±  0.134 %
 101      49.4411 ±    0.6124       0.11037 ±    0.00352       0.29063 ±    0.00146    12.955 ±  0.075 %    75.887 ±  0.133 %
 102      49.7070 ±    0.6130       0.11047 ±    0.00350       0.29054 ±    0.00146    12.952 ±  0.075 %    75.889 ±  0.132 %
 103      49.8776 ±    0.6122       0.10971 ±    0.00349       0.29073 ±    0.00145    12.944 ±  0.074 %    75.858 ±  0.132 %
 104      50.0042 ±    0.6108       0.11043 ±    0.00347       0.29075 ±    0.00144    12.947 ±  0.074 %    75.853 ±  0.131 %
 105      50.0551 ±    0.6086       0.11082 ±    0.00345       0.29068 ±    0.00143    12.950 ±  0.074 %    75.861 ±  0.131 %
 106      50.3400 ±    0.6095       0.11017 ±    0.00343       0.29037 ±    0.00142    12.934 ±  0.073 %    75.872 ±  0.130 %
 107      50.2927 ±    0.6057       0.11020 ±    0.00342       0.29020 ±    0.00142    12.939 ±  0.073 %    75.878 ±  0.129 %
 108      50.4279 ±    0.6046       0.11042 ±    0.00340       0.28988 ±    0.00141    12.937 ±  0.073 %    75.873 ±  0.129 %
 109      50.4538 ±    0.6022       0.11019 ±    0.00338       0.28994 ±    0.00140    12.936 ±  0.072 %    75.894 ±  0.128 %
 110      50.2113 ±    0.5964       0.11074 ±    0.00337       0.28963 ±    0.00140    12.942 ±  0.072 %    75.929 ±  0.127 %
 111      50.1062 ±    0.5923       0.11060 ±    0.00335       0.28952 ±    0.00139    12.943 ±  0.072 %    75.959 ±  0.127 %
 112      49.9498 ±    0.5879       0.11172 ±    0.00334       0.28969 ±    0.00139    12.958 ±  0.071 %    75.982 ±  0.126 %
 113      50.1296 ±    0.5878       0.11118 ±    0.00332       0.28999 ±    0.00138    12.963 ±  0.071 %    75.971 ±  0.126 %
 114      50.3694 ±    0.5884       0.11135 ±    0.00331       0.29010 ±    0.00138    12.960 ±  0.071 %    75.993 ±  0.125 %
 115      50.5366 ±    0.5881       0.11040 ±    0.00330       0.29046 ±    0.00137    12.954 ±  0.070 %    76.011 ±  0.124 %
 116      50.8243 ±    0.5893       0.11095 ±    0.00329       0.29127 ±    0.00137    12.953 ±  0.070 %    75.967 ±  0.124 %
 117      50.4680 ±    0.5822       0.11051 ±    0.00327       0.29104 ±    0.00137    12.955 ±  0.070 %    76.010 ±  0.123 %
 118      50.1474 ±    0.5760       0.11094 ±    0.00326       0.29051 ±    0.00136    12.965 ±  0.070 %    76.064 ±  0.123 %
 119      50.0538 ±    0.5723       0.11059 ±    0.00324       0.29039 ±    0.00136    12.968 ±  0.069 %    76.073 ±  0.122 %
 120      49.9097 ±    0.5682       0.11086 ±    0.00323       0.29008 ±    0.00135    12.956 ±  0.069 %    76.109 ±  0.122 %
 121      49.7238 ±    0.5635       0.11118 ±    0.00321       0.28945 ±    0.00134    12.952 ±  0.069 %    76.131 ±  0.121 %
 122      49.6399 ±    0.5601       0.11214 ±    0.00320       0.28954 ±    0.00134    12.959 ±  0.069 %    76.144 ±  0.121 %
 123      49.7909 ±    0.5599       0.11328 ±    0.00319       0.28938 ±    0.00133    12.960 ±  0.068 %    76.176 ±  0.120 %
 124      49.7929 ±    0.5580       0.11340 ±    0.00317       0.28949 ±    0.00133    12.959 ±  0.068 %    76.197 ±  0.120 %
 125      49.8170 ±    0.5564       0.11394 ±    0.00316       0.28951 ±    0.00133    12.965 ±  0.068 %    76.196 ±  0.119 %
 126      49.9195 ±    0.5554       0.11416 ±    0.00315       0.28956 ±    0.00132    12.966 ±  0.068 %    76.209 ±  0.119 %
 127      49.8464 ±    0.5522       0.11398 ±    0.00314       0.28930 ±    0.00132    12.962 ±  0.067 %    76.212 ±  0.118 %
 128      49.5956 ±    0.5471       0.11443 ±    0.00312       0.28877 ±    0.00131    12.961 ±  0.067 %    76.239 ±  0.118 %
 129      49.5739 ±    0.5447       0.11518 ±    0.00311       0.28872 ±    0.00130    12.964 ±  0.067 %    76.230 ±  0.117 %
 130      49.7726 ±    0.5452       0.11596 ±    0.00310       0.28900 ±    0.00130    12.972 ±  0.067 %    76.203 ±  0.117 %
 131      49.6440 ±    0.5415       0.11595 ±    0.00309       0.28872 ±    0.00129    12.963 ±  0.066 %    76.223 ±  0.116 %
 132      49.6785 ±    0.5400       0.11568 ±    0.00307       0.28856 ±    0.00129    12.959 ±  0.066 %    76.228 ±  0.116 %
 133      49.8300 ±    0.5396       0.11599 ±    0.00306       0.28870 ±    0.00128    12.955 ±  0.066 %    76.228 ±  0.115 %
 134      49.6517 ±    0.5353       0.11658 ±    0.00305       0.28901 ±    0.00128    12.974 ±  0.066 %    76.229 ±  0.115 %
 135      49.4814 ±    0.5313       0.11712 ±    0.00304       0.28888 ±    0.00128    12.989 ±  0.065 %    76.229 ±  0.115 %
 136      49.0594 ±    0.5247       0.11671 ±    0.00303       0.28844 ±    0.00127    12.991 ±  0.065 %    76.271 ±  0.114 %
 137      48.9687 ±    0.5218       0.11644 ±    0.00302       0.28823 ±    0.00127    12.982 ±  0.065 %    76.285 ±  0.114 %
 138      49.0915 ±    0.5213       0.11606 ±    0.00301       0.28817 ±    0.00126    12.988 ±  0.065 %    76.275 ±  0.113 %
 139      49.4399 ±    0.5236       0.11572 ±    0.00299       0.28841 ±    0.00126    12.972 ±  0.064 %    76.252 ±  0.113 %
 140      49.4310 ±    0.5215       0.11574 ±    0.00298       0.28846 ±    0.00125    12.973 ±  0.064 %    76.241 ±  0.112 %
 141      49.4827 ±    0.5202       0.11517 ±    0.00297       0.28855 ±    0.00125    12.966 ±  0.064 %    76.230 ±  0.112 %
 142      49.5653 ±    0.5193       0.11517 ±    0.00296       0.28828 ±    0.00124    12.958 ±  0.064 %    76.232 ±  0.112 %
 143      49.7672 ±    0.5197       0.11557 ±    0.00295       0.28851 ±    0.00124    12.956 ±  0.063 %    76.197 ±  0.111 %
 144      49.8539 ±    0.5191       0.11609 ±    0.00294       0.28873 ±    0.00123    12.962 ±  0.063 %    76.187 ±  0.111 %

====== Perplexity statistics ======
Mean PPL(Q)                   :  49.853881 ±   0.519129
Mean PPL(base)                :  44.389851 ±   0.462582
Cor(ln(PPL(Q)), ln(PPL(base))):  96.01%
Mean ln(PPL(Q)/PPL(base))     :   0.116085 ±   0.002942
Mean PPL(Q)/PPL(base)         :   1.123092 ±   0.003304
Mean PPL(Q)-PPL(base)         :   5.464031 ±   0.149490

====== KL divergence statistics ======
Mean    KLD:   0.288730 ±   0.001234
Maximum KLD:  12.590337
99.9%   KLD:   4.888954
99.0%   KLD:   2.228497
95.0%   KLD:   1.063408
90.0%   KLD:   0.709816
Median  KLD:   0.137612
10.0%   KLD:   0.004831
 5.0%   KLD:   0.000936
 1.0%   KLD:   0.000046
 0.1%   KLD:   0.000002
Minimum KLD:  -0.000031

====== Token probability statistics ======
Mean    Δp: -2.525 ± 0.033 %
Maximum Δp: 97.538%
99.9%   Δp: 62.305%
99.0%   Δp: 30.959%
95.0%   Δp: 10.857%
90.0%   Δp:  4.141%
75.0%   Δp:  0.152%
Median  Δp: -0.020%
25.0%   Δp: -2.386%
10.0%   Δp: -13.986%
 5.0%   Δp: -25.473%
 1.0%   Δp: -53.981%
 0.1%   Δp: -84.981%
Minimum Δp: -99.827%
RMS Δp    : 12.962 ± 0.063 %
Same top p: 76.187 ± 0.111 %

------------------------------
llama-perplexity --kl-divergence-base /tmp/logits.dat --ctx-size 2048 -f sample-data/wiki.test.raw -hf unsloth/gemma-4-E2B-it-qat-GGUF:UD-Q4_K_XL -fa on -ngl 99 -ctk turbo2 -ctv q4_0 --kl-divergence
0.00.470.464 I common_init_result: fitting params to device memory ...
0.00.470.468 I common_init_result: (for bugs during this step try to reproduce them with -fit off, or provide --verbose logs if the bug only occurs with -fit on)
0.02.834.132 W load: control-looking token:    212 '</s>' was not control-type; this is probably a bug in the model. its type will be overridden
0.02.834.651 W load: control-looking token:     50 '<|tool_response>' was not control-type; this is probably a bug in the model. its type will be overridden
0.02.862.217 W load: special_eog_ids contains '<|tool_response>', removing '</s>' token from EOG list
0.03.816.922 W llama_context: n_ctx_seq (2048) < n_ctx_train (131072) -- the full capacity of the model will not be utilized
0.03.844.201 I common_init_from_params: warming up the model with an empty run - please wait ... (--no-warmup to disable)
0.03.870.000 I 
0.03.870.052 I system_info: n_threads = 16 (n_threads_batch = 16) / 32 | CUDA : ARCHS = 500,610,700,750,800,860,890,900 | USE_GRAPHS = 1 | PEER_MAX_BATCH_SIZE = 128 | CPU : SSE3 = 1 | SSSE3 = 1 | AVX = 1 | AVX2 = 1 | F16C = 1 | FMA = 1 | BMI2 = 1 | LLAMAFILE = 1 | OPENMP = 1 | REPACK = 1 | 
0.04.098.867 I kl_divergence: computing over 144 chunks, n_ctx=2048, batch_size=2048, n_seq=1
0.19.577.912 I kl_divergence: 15.48 seconds per pass - ETA 37.13 minutes
--- ABORTED (ETA 37.13m > 4.0x baseline 2.42m) ---
llama-perplexity --kl-divergence-base /tmp/logits.dat --ctx-size 2048 -f sample-data/wiki.test.raw -hf unsloth/gemma-4-E2B-it-qat-GGUF:UD-Q4_K_XL -fa on -ngl 99 -ctk turbo2 -ctv turbo4 --kl-divergence
0.00.459.580 I common_init_result: fitting params to device memory ...
0.00.459.584 I common_init_result: (for bugs during this step try to reproduce them with -fit off, or provide --verbose logs if the bug only occurs with -fit on)
0.02.843.009 W load: control-looking token:    212 '</s>' was not control-type; this is probably a bug in the model. its type will be overridden
0.02.843.533 W load: control-looking token:     50 '<|tool_response>' was not control-type; this is probably a bug in the model. its type will be overridden
0.02.871.495 W load: special_eog_ids contains '<|tool_response>', removing '</s>' token from EOG list
0.03.837.666 W llama_context: n_ctx_seq (2048) < n_ctx_train (131072) -- the full capacity of the model will not be utilized
0.03.864.859 I common_init_from_params: warming up the model with an empty run - please wait ... (--no-warmup to disable)
0.03.894.287 I 
0.03.894.355 I system_info: n_threads = 16 (n_threads_batch = 16) / 32 | CUDA : ARCHS = 500,610,700,750,800,860,890,900 | USE_GRAPHS = 1 | PEER_MAX_BATCH_SIZE = 128 | CPU : SSE3 = 1 | SSSE3 = 1 | AVX = 1 | AVX2 = 1 | F16C = 1 | FMA = 1 | BMI2 = 1 | LLAMAFILE = 1 | OPENMP = 1 | REPACK = 1 | 
0.04.127.883 I kl_divergence: computing over 144 chunks, n_ctx=2048, batch_size=2048, n_seq=1
0.05.184.911 I kl_divergence: 1.06 seconds per pass - ETA 2.53 minutes

chunk             PPL               ln(PPL(Q)/PPL(base))          KL Divergence              Δp RMS            Same top p
   1      45.2342 ±    5.6669       0.05227 ±    0.03224       0.28617 ±    0.01447    13.648 ±  0.775 %    76.833 ±  1.320 %
   2      59.7361 ±    5.2461       0.07779 ±    0.02370       0.29013 ±    0.01018    12.486 ±  0.517 %    75.318 ±  0.953 %
   3      63.4268 ±    4.5926       0.08166 ±    0.01951       0.29160 ±    0.00789    12.429 ±  0.411 %    74.780 ±  0.784 %
   4      62.4222 ±    3.9128       0.12661 ±    0.01788       0.31557 ±    0.00807    13.688 ±  0.393 %    74.267 ±  0.683 %
   5      58.6871 ±    3.3214       0.12857 ±    0.01610       0.32326 ±    0.00745    13.609 ±  0.350 %    74.115 ±  0.612 %
   6      46.7385 ±    2.3503       0.14430 ±    0.01470       0.32164 ±    0.00693    14.321 ±  0.323 %    74.177 ±  0.559 %
   7      40.1452 ±    1.8362       0.14379 ±    0.01343       0.31787 ±    0.00647    14.606 ±  0.307 %    74.682 ±  0.514 %
   8      39.2897 ±    1.6729       0.14256 ±    0.01255       0.32048 ±    0.00612    14.617 ±  0.285 %    74.646 ±  0.481 %
   9      40.4406 ±    1.6141       0.14332 ±    0.01182       0.31901 ±    0.00571    14.469 ±  0.267 %    74.541 ±  0.454 %
  10      42.4837 ±    1.6362       0.14796 ±    0.01128       0.31780 ±    0.00533    14.308 ±  0.253 %    74.585 ±  0.430 %
  11      43.2819 ±    1.5900       0.14442 ±    0.01072       0.31912 ±    0.00506    14.369 ±  0.243 %    74.505 ±  0.411 %
  12      46.8546 ±    1.6617       0.14674 ±    0.01027       0.31889 ±    0.00480    14.295 ±  0.233 %    74.576 ±  0.393 %
  13      46.4373 ±    1.5813       0.14969 ±    0.00979       0.31515 ±    0.00457    14.217 ±  0.224 %    74.833 ±  0.376 %
  14      46.9713 ±    1.5443       0.14476 ±    0.00942       0.31324 ±    0.00437    14.120 ±  0.214 %    74.962 ±  0.362 %
  15      46.5068 ±    1.4753       0.14390 ±    0.00908       0.31138 ±    0.00418    14.035 ±  0.205 %    75.171 ±  0.349 %
  16      48.6914 ±    1.4991       0.14228 ±    0.00884       0.31093 ±    0.00403    13.977 ±  0.198 %    75.244 ±  0.337 %
  17      48.4619 ±    1.4444       0.13373 ±    0.00859       0.31070 ±    0.00389    13.930 ±  0.191 %    75.309 ±  0.327 %
  18      48.7216 ±    1.4088       0.13375 ±    0.00831       0.30875 ±    0.00374    13.902 ±  0.186 %    75.356 ±  0.318 %
  19      47.7669 ±    1.3455       0.13538 ±    0.00815       0.30949 ±    0.00366    13.933 ±  0.182 %    75.511 ±  0.308 %
  20      46.6826 ±    1.2858       0.13531 ±    0.00805       0.30821 ±    0.00358    13.948 ±  0.179 %    75.562 ±  0.300 %
  21      46.7472 ±    1.2557       0.13039 ±    0.00783       0.30799 ±    0.00348    13.909 ±  0.174 %    75.567 ±  0.293 %
  22      47.0952 ±    1.2383       0.12939 ±    0.00762       0.30721 ±    0.00337    13.823 ±  0.169 %    75.504 ±  0.287 %
  23      47.4702 ±    1.2220       0.13033 ±    0.00746       0.30756 ±    0.00329    13.784 ±  0.165 %    75.486 ±  0.280 %
  24      47.8007 ±    1.2068       0.12912 ±    0.00729       0.30770 ±    0.00322    13.724 ±  0.161 %    75.354 ±  0.275 %
  25      48.4828 ±    1.2021       0.13008 ±    0.00716       0.30946 ±    0.00318    13.640 ±  0.157 %    75.230 ±  0.270 %
  26      48.9332 ±    1.1938       0.13245 ±    0.00700       0.30869 ±    0.00311    13.642 ±  0.154 %    75.242 ±  0.265 %
  27      50.8346 ±    1.2209       0.13576 ±    0.00687       0.30982 ±    0.00304    13.572 ±  0.151 %    75.182 ±  0.260 %
  28      50.7200 ±    1.1975       0.13948 ±    0.00676       0.31000 ±    0.00299    13.545 ±  0.148 %    75.209 ±  0.255 %
  29      50.9272 ±    1.1818       0.14203 ±    0.00666       0.31089 ±    0.00295    13.531 ±  0.145 %    75.134 ±  0.251 %
  30      50.8793 ±    1.1623       0.14016 ±    0.00654       0.30887 ±    0.00287    13.468 ±  0.143 %    75.174 ±  0.247 %
  31      50.4601 ±    1.1335       0.13933 ±    0.00643       0.30963 ±    0.00285    13.456 ±  0.141 %    75.199 ±  0.243 %
  32      49.4608 ±    1.0927       0.13978 ±    0.00631       0.30851 ±    0.00280    13.437 ±  0.138 %    75.235 ±  0.239 %
  33      49.1222 ±    1.0690       0.13900 ±    0.00621       0.30794 ±    0.00274    13.405 ±  0.136 %    75.192 ±  0.235 %
  34      48.5616 ±    1.0404       0.13772 ±    0.00610       0.30654 ±    0.00269    13.355 ±  0.134 %    75.277 ±  0.231 %
  35      48.6474 ±    1.0255       0.13938 ±    0.00602       0.30651 ±    0.00264    13.307 ±  0.131 %    75.272 ±  0.228 %
  36      47.8429 ±    0.9940       0.13835 ±    0.00592       0.30502 ±    0.00259    13.309 ±  0.129 %    75.353 ±  0.225 %
  37      46.8347 ±    0.9583       0.14294 ±    0.00588       0.30440 ±    0.00257    13.369 ±  0.128 %    75.478 ±  0.221 %
  38      46.3834 ±    0.9351       0.14506 ±    0.00579       0.30360 ±    0.00253    13.442 ±  0.127 %    75.511 ±  0.218 %
  39      45.6449 ±    0.9080       0.14773 ±    0.00571       0.30294 ±    0.00249    13.472 ±  0.125 %    75.565 ±  0.215 %
  40      45.3057 ±    0.8891       0.14666 ±    0.00565       0.30425 ±    0.00248    13.525 ±  0.123 %    75.579 ±  0.212 %
  41      45.2994 ±    0.8783       0.14700 ±    0.00558       0.30373 ±    0.00245    13.506 ±  0.121 %    75.612 ±  0.210 %
  42      45.6928 ±    0.8763       0.14671 ±    0.00551       0.30348 ±    0.00241    13.468 ±  0.120 %    75.588 ±  0.207 %
  43      46.2626 ±    0.8760       0.14487 ±    0.00545       0.30375 ±    0.00238    13.414 ±  0.118 %    75.478 ±  0.205 %
  44      47.3520 ±    0.8887       0.14453 ±    0.00540       0.30482 ±    0.00235    13.392 ±  0.117 %    75.402 ±  0.203 %
  45      47.9899 ±    0.8913       0.14332 ±    0.00533       0.30503 ±    0.00232    13.335 ±  0.115 %    75.341 ±  0.201 %
  46      48.3332 ±    0.8887       0.14325 ±    0.00528       0.30505 ±    0.00229    13.333 ±  0.114 %    75.322 ±  0.199 %
  47      48.7335 ±    0.8868       0.14354 ±    0.00524       0.30659 ±    0.00228    13.348 ±  0.113 %    75.233 ±  0.197 %
  48      49.0503 ±    0.8833       0.14224 ±    0.00519       0.30727 ±    0.00225    13.358 ±  0.112 %    75.204 ±  0.195 %
  49      49.2782 ±    0.8789       0.14335 ±    0.00514       0.30753 ±    0.00223    13.390 ±  0.111 %    75.237 ±  0.193 %
  50      49.5440 ±    0.8751       0.14380 ±    0.00509       0.30792 ±    0.00222    13.365 ±  0.110 %    75.230 ±  0.191 %
  51      49.2298 ±    0.8607       0.14548 ±    0.00503       0.30841 ±    0.00220    13.377 ±  0.109 %    75.257 ±  0.189 %
  52      49.1323 ±    0.8509       0.14515 ±    0.00498       0.30769 ±    0.00218    13.343 ±  0.108 %    75.286 ±  0.187 %
  53      48.8789 ±    0.8379       0.14328 ±    0.00492       0.30716 ±    0.00215    13.350 ±  0.107 %    75.333 ±  0.185 %
  54      48.3140 ±    0.8196       0.14274 ±    0.00487       0.30629 ±    0.00213    13.353 ±  0.106 %    75.396 ±  0.183 %
  55      48.2287 ±    0.8103       0.14338 ±    0.00483       0.30629 ±    0.00211    13.390 ±  0.105 %    75.393 ±  0.182 %
  56      48.1515 ±    0.8016       0.14407 ±    0.00479       0.30654 ±    0.00210    13.424 ±  0.104 %    75.408 ±  0.180 %
  57      47.3951 ±    0.7809       0.14388 ±    0.00475       0.30662 ±    0.00208    13.478 ±  0.103 %    75.445 ±  0.178 %
  58      47.3035 ±    0.7719       0.14317 ±    0.00470       0.30613 ±    0.00206    13.464 ±  0.102 %    75.458 ±  0.177 %
  59      46.6563 ±    0.7540       0.14351 ±    0.00466       0.30560 ±    0.00204    13.478 ±  0.101 %    75.484 ±  0.175 %
  60      46.7744 ±    0.7498       0.14378 ±    0.00461       0.30508 ±    0.00202    13.453 ±  0.100 %    75.518 ±  0.174 %
  61      47.0222 ±    0.7476       0.14475 ±    0.00458       0.30528 ±    0.00200    13.446 ±  0.099 %    75.495 ±  0.172 %
  62      47.3540 ±    0.7473       0.14508 ±    0.00455       0.30542 ±    0.00198    13.449 ±  0.099 %    75.477 ±  0.171 %
  63      47.9996 ±    0.7522       0.14539 ±    0.00451       0.30502 ±    0.00196    13.406 ±  0.098 %    75.489 ±  0.169 %
  64      47.9695 ±    0.7462       0.14586 ±    0.00449       0.30488 ±    0.00195    13.401 ±  0.097 %    75.506 ±  0.168 %
  65      48.1686 ±    0.7443       0.14700 ±    0.00447       0.30536 ±    0.00193    13.400 ±  0.096 %    75.502 ±  0.167 %
  66      48.0991 ±    0.7376       0.14599 ±    0.00444       0.30532 ±    0.00192    13.403 ±  0.095 %    75.500 ±  0.166 %
  67      48.1501 ±    0.7335       0.14554 ±    0.00442       0.30578 ±    0.00191    13.406 ±  0.095 %    75.511 ±  0.164 %
  68      48.1053 ±    0.7273       0.14571 ±    0.00438       0.30564 ±    0.00189    13.411 ±  0.094 %    75.526 ±  0.163 %
  69      48.2128 ±    0.7237       0.14588 ±    0.00436       0.30596 ±    0.00188    13.404 ±  0.093 %    75.508 ±  0.162 %
  70      47.6779 ±    0.7112       0.14522 ±    0.00434       0.30599 ±    0.00187    13.456 ±  0.093 %    75.547 ±  0.161 %
  71      47.4426 ±    0.7023       0.14844 ±    0.00432       0.30661 ±    0.00187    13.487 ±  0.092 %    75.583 ±  0.159 %
  72      47.9428 ±    0.7059       0.14776 ±    0.00429       0.30731 ±    0.00186    13.487 ±  0.091 %    75.516 ±  0.158 %
  73      48.4059 ±    0.7088       0.14674 ±    0.00426       0.30746 ±    0.00184    13.457 ±  0.091 %    75.509 ±  0.157 %
  74      48.2224 ±    0.7012       0.14675 ±    0.00423       0.30676 ±    0.00183    13.447 ±  0.090 %    75.549 ±  0.156 %
  75      48.1059 ±    0.6948       0.14593 ±    0.00420       0.30633 ±    0.00182    13.435 ±  0.089 %    75.582 ±  0.155 %
  76      48.1629 ±    0.6912       0.14624 ±    0.00417       0.30654 ±    0.00181    13.418 ±  0.089 %    75.592 ±  0.154 %
  77      48.1790 ±    0.6870       0.14520 ±    0.00415       0.30608 ±    0.00179    13.393 ±  0.088 %    75.598 ±  0.153 %
  78      48.1597 ±    0.6824       0.14500 ±    0.00412       0.30570 ±    0.00178    13.371 ±  0.087 %    75.632 ±  0.152 %
  79      48.2201 ±    0.6790       0.14465 ±    0.00409       0.30570 ±    0.00177    13.359 ±  0.087 %    75.612 ±  0.151 %
  80      48.3887 ±    0.6770       0.14382 ±    0.00406       0.30576 ±    0.00176    13.356 ±  0.086 %    75.580 ±  0.150 %
  81      47.8827 ±    0.6652       0.14330 ±    0.00403       0.30482 ±    0.00174    13.347 ±  0.085 %    75.654 ±  0.149 %
  82      47.4508 ±    0.6550       0.14197 ±    0.00400       0.30415 ±    0.00173    13.366 ±  0.085 %    75.722 ±  0.148 %
  83      46.9142 ±    0.6434       0.14102 ±    0.00397       0.30332 ±    0.00172    13.365 ±  0.084 %    75.771 ±  0.147 %
  84      46.6345 ±    0.6359       0.14015 ±    0.00394       0.30265 ±    0.00170    13.358 ±  0.084 %    75.837 ±  0.146 %
  85      46.7693 ±    0.6338       0.14006 ±    0.00391       0.30267 ±    0.00169    13.367 ±  0.084 %    75.836 ±  0.145 %
  86      46.6873 ±    0.6288       0.14018 ±    0.00390       0.30249 ±    0.00168    13.373 ±  0.083 %    75.820 ±  0.144 %
  87      46.8518 ±    0.6273       0.14051 ±    0.00387       0.30280 ±    0.00167    13.378 ±  0.083 %    75.805 ±  0.144 %
  88      47.2500 ±    0.6287       0.14050 ±    0.00385       0.30302 ±    0.00166    13.352 ±  0.082 %    75.764 ±  0.143 %
  89      47.2681 ±    0.6253       0.14008 ±    0.00382       0.30264 ±    0.00164    13.341 ±  0.081 %    75.762 ±  0.142 %
  90      47.6142 ±    0.6264       0.14057 ±    0.00381       0.30346 ±    0.00164    13.336 ±  0.081 %    75.701 ±  0.141 %
  91      48.2174 ±    0.6312       0.14156 ±    0.00379       0.30466 ±    0.00163    13.323 ±  0.080 %    75.629 ±  0.141 %
  92      48.7780 ±    0.6358       0.14279 ±    0.00377       0.30531 ±    0.00162    13.314 ±  0.080 %    75.591 ±  0.140 %
  93      49.1451 ±    0.6371       0.14449 ±    0.00375       0.30658 ±    0.00161    13.316 ±  0.080 %    75.503 ±  0.139 %
  94      49.7294 ±    0.6420       0.14464 ±    0.00373       0.30694 ±    0.00160    13.291 ±  0.079 %    75.455 ±  0.139 %
  95      50.2494 ±    0.6456       0.14432 ±    0.00371       0.30730 ±    0.00159    13.279 ±  0.079 %    75.386 ±  0.138 %
  96      50.1619 ±    0.6409       0.14367 ±    0.00369       0.30708 ±    0.00158    13.282 ±  0.078 %    75.408 ±  0.137 %
  97      50.4032 ±    0.6408       0.14375 ±    0.00367       0.30686 ±    0.00157    13.268 ±  0.078 %    75.408 ±  0.137 %
  98      50.5430 ±    0.6395       0.14346 ±    0.00365       0.30656 ±    0.00156    13.259 ±  0.077 %    75.414 ±  0.136 %
  99      50.9381 ±    0.6419       0.14349 ±    0.00364       0.30656 ±    0.00155    13.257 ±  0.077 %    75.402 ±  0.135 %
 100      50.9200 ±    0.6385       0.14414 ±    0.00362       0.30659 ±    0.00155    13.256 ±  0.077 %    75.409 ±  0.135 %
 101      51.1979 ±    0.6396       0.14529 ±    0.00361       0.30697 ±    0.00154    13.254 ±  0.076 %    75.392 ±  0.134 %
 102      51.4694 ±    0.6402       0.14532 ±    0.00359       0.30681 ±    0.00154    13.242 ±  0.076 %    75.396 ±  0.133 %
 103      51.6388 ±    0.6391       0.14441 ±    0.00358       0.30705 ±    0.00153    13.238 ±  0.076 %    75.381 ±  0.133 %
 104      51.7373 ±    0.6371       0.14450 ±    0.00356       0.30704 ±    0.00152    13.245 ±  0.075 %    75.379 ±  0.132 %
 105      51.7969 ±    0.6349       0.14503 ±    0.00354       0.30710 ±    0.00151    13.247 ±  0.075 %    75.374 ±  0.131 %
 106      52.1323 ±    0.6364       0.14516 ±    0.00353       0.30702 ±    0.00150    13.233 ±  0.074 %    75.368 ±  0.131 %
 107      52.0581 ±    0.6321       0.14470 ±    0.00351       0.30658 ±    0.00149    13.225 ±  0.074 %    75.378 ±  0.130 %
 108      52.2063 ±    0.6311       0.14508 ±    0.00349       0.30616 ±    0.00148    13.218 ±  0.074 %    75.397 ±  0.130 %
 109      52.2335 ±    0.6287       0.14485 ±    0.00347       0.30614 ±    0.00148    13.214 ±  0.073 %    75.419 ±  0.129 %
 110      52.0029 ±    0.6229       0.14580 ±    0.00346       0.30566 ±    0.00147    13.218 ±  0.073 %    75.458 ±  0.128 %
 111      51.9202 ±    0.6189       0.14616 ±    0.00344       0.30527 ±    0.00146    13.213 ±  0.073 %    75.485 ±  0.128 %
 112      51.7382 ±    0.6140       0.14690 ±    0.00342       0.30538 ±    0.00146    13.226 ±  0.072 %    75.501 ±  0.127 %
 113      51.9413 ±    0.6142       0.14668 ±    0.00341       0.30553 ±    0.00145    13.231 ±  0.072 %    75.491 ±  0.127 %
 114      52.2034 ±    0.6150       0.14711 ±    0.00339       0.30556 ±    0.00144    13.229 ±  0.072 %    75.515 ±  0.126 %
 115      52.4504 ±    0.6156       0.14757 ±    0.00338       0.30584 ±    0.00144    13.230 ±  0.072 %    75.512 ±  0.125 %
 116      52.7708 ±    0.6172       0.14853 ±    0.00337       0.30671 ±    0.00143    13.226 ±  0.071 %    75.461 ±  0.125 %
 117      52.3930 ±    0.6097       0.14794 ±    0.00335       0.30641 ±    0.00143    13.225 ±  0.071 %    75.501 ±  0.124 %
 118      52.0777 ±    0.6034       0.14871 ±    0.00334       0.30591 ±    0.00142    13.245 ±  0.071 %    75.543 ±  0.124 %
 119      51.9934 ±    0.5997       0.14860 ±    0.00333       0.30605 ±    0.00142    13.249 ±  0.071 %    75.548 ±  0.123 %
 120      51.8543 ±    0.5955       0.14909 ±    0.00331       0.30600 ±    0.00142    13.243 ±  0.070 %    75.588 ±  0.123 %
 121      51.6799 ±    0.5907       0.14977 ±    0.00330       0.30555 ±    0.00141    13.244 ±  0.070 %    75.593 ±  0.122 %
 122      51.5902 ±    0.5871       0.15067 ±    0.00328       0.30565 ±    0.00140    13.242 ±  0.070 %    75.604 ±  0.122 %
 123      51.7438 ±    0.5869       0.15175 ±    0.00327       0.30542 ±    0.00140    13.238 ±  0.069 %    75.622 ±  0.121 %
 124      51.7276 ±    0.5846       0.15152 ±    0.00326       0.30566 ±    0.00140    13.245 ±  0.069 %    75.649 ±  0.121 %
 125      51.7437 ±    0.5828       0.15189 ±    0.00325       0.30563 ±    0.00139    13.246 ±  0.069 %    75.647 ±  0.120 %
 126      51.8704 ±    0.5820       0.15249 ±    0.00323       0.30577 ±    0.00139    13.255 ±  0.069 %    75.644 ±  0.120 %
 127      51.7837 ±    0.5785       0.15210 ±    0.00322       0.30540 ±    0.00138    13.253 ±  0.068 %    75.666 ±  0.119 %
 128      51.5181 ±    0.5731       0.15246 ±    0.00321       0.30503 ±    0.00138    13.257 ±  0.068 %    75.689 ±  0.119 %
 129      51.4744 ±    0.5703       0.15280 ±    0.00319       0.30471 ±    0.00137    13.253 ±  0.068 %    75.698 ±  0.118 %
 130      51.6721 ±    0.5707       0.15342 ±    0.00318       0.30495 ±    0.00136    13.259 ±  0.068 %    75.679 ±  0.118 %
 131      51.5389 ±    0.5669       0.15340 ±    0.00317       0.30455 ±    0.00136    13.250 ±  0.067 %    75.693 ±  0.117 %
 132      51.5817 ±    0.5654       0.15327 ±    0.00315       0.30437 ±    0.00135    13.245 ±  0.067 %    75.706 ±  0.117 %
 133      51.7242 ±    0.5647       0.15330 ±    0.00314       0.30453 ±    0.00134    13.255 ±  0.067 %    75.702 ±  0.116 %
 134      51.5387 ±    0.5602       0.15388 ±    0.00313       0.30475 ±    0.00134    13.270 ±  0.067 %    75.706 ±  0.116 %
 135      51.3541 ±    0.5560       0.15427 ±    0.00311       0.30469 ±    0.00134    13.287 ±  0.066 %    75.723 ±  0.115 %
 136      50.9436 ±    0.5495       0.15439 ±    0.00310       0.30410 ±    0.00133    13.294 ±  0.066 %    75.778 ±  0.115 %
 137      50.8324 ±    0.5462       0.15379 ±    0.00309       0.30389 ±    0.00133    13.295 ±  0.066 %    75.784 ±  0.114 %
 138      50.9606 ±    0.5457       0.15342 ±    0.00308       0.30370 ±    0.00132    13.294 ±  0.066 %    75.776 ±  0.114 %
 139      51.3152 ±    0.5479       0.15295 ±    0.00306       0.30387 ±    0.00131    13.279 ±  0.066 %    75.766 ±  0.114 %
 140      51.3040 ±    0.5458       0.15293 ±    0.00305       0.30383 ±    0.00131    13.274 ±  0.065 %    75.774 ±  0.113 %
 141      51.3612 ±    0.5444       0.15243 ±    0.00304       0.30391 ±    0.00130    13.264 ±  0.065 %    75.767 ±  0.113 %
 142      51.4553 ±    0.5437       0.15260 ±    0.00303       0.30366 ±    0.00130    13.258 ±  0.065 %    75.753 ±  0.112 %
 143      51.6609 ±    0.5441       0.15292 ±    0.00302       0.30391 ±    0.00129    13.255 ±  0.064 %    75.728 ±  0.112 %
 144      51.7487 ±    0.5434       0.15339 ±    0.00301       0.30405 ±    0.00129    13.254 ±  0.064 %    75.728 ±  0.112 %

====== Perplexity statistics ======
Mean PPL(Q)                   :  51.748682 ±   0.543417
Mean PPL(base)                :  44.389851 ±   0.462582
Cor(ln(PPL(Q)), ln(PPL(base))):  95.86%
Mean ln(PPL(Q)/PPL(base))     :   0.153388 ±   0.003012
Mean PPL(Q)/PPL(base)         :   1.165777 ±   0.003511
Mean PPL(Q)-PPL(base)         :   7.358831 ±   0.165391

====== KL divergence statistics ======
Mean    KLD:   0.304049 ±   0.001290
Maximum KLD:  12.314188
99.9%   KLD:   5.089961
99.0%   KLD:   2.357533
95.0%   KLD:   1.112281
90.0%   KLD:   0.740478
Median  KLD:   0.146412
10.0%   KLD:   0.005120
 5.0%   KLD:   0.000977
 1.0%   KLD:   0.000047
 0.1%   KLD:   0.000002
Minimum KLD:  -0.000138

====== Token probability statistics ======
Mean    Δp: -2.624 ± 0.034 %
Maximum Δp: 99.231%
99.9%   Δp: 64.368%
99.0%   Δp: 31.363%
95.0%   Δp: 11.091%
90.0%   Δp:  4.179%
75.0%   Δp:  0.128%
Median  Δp: -0.025%
25.0%   Δp: -2.494%
10.0%   Δp: -14.222%
 5.0%   Δp: -26.119%
 1.0%   Δp: -55.634%
 0.1%   Δp: -86.217%
Minimum Δp: -99.675%
RMS Δp    : 13.254 ± 0.064 %
Same top p: 75.728 ± 0.112 %

------------------------------
llama-perplexity --kl-divergence-base /tmp/logits.dat --ctx-size 2048 -f sample-data/wiki.test.raw -hf unsloth/gemma-4-E2B-it-qat-GGUF:UD-Q4_K_XL -fa on -ngl 99 -ctk turbo2 -ctv turbo3 --kl-divergence
0.00.475.492 I common_init_result: fitting params to device memory ...
0.00.475.496 I common_init_result: (for bugs during this step try to reproduce them with -fit off, or provide --verbose logs if the bug only occurs with -fit on)
0.02.880.669 W load: control-looking token:    212 '</s>' was not control-type; this is probably a bug in the model. its type will be overridden
0.02.881.195 W load: control-looking token:     50 '<|tool_response>' was not control-type; this is probably a bug in the model. its type will be overridden
0.02.908.403 W load: special_eog_ids contains '<|tool_response>', removing '</s>' token from EOG list
0.03.862.195 W llama_context: n_ctx_seq (2048) < n_ctx_train (131072) -- the full capacity of the model will not be utilized
0.03.889.509 I common_init_from_params: warming up the model with an empty run - please wait ... (--no-warmup to disable)
0.03.917.817 I 
0.03.917.894 I system_info: n_threads = 16 (n_threads_batch = 16) / 32 | CUDA : ARCHS = 500,610,700,750,800,860,890,900 | USE_GRAPHS = 1 | PEER_MAX_BATCH_SIZE = 128 | CPU : SSE3 = 1 | SSSE3 = 1 | AVX = 1 | AVX2 = 1 | F16C = 1 | FMA = 1 | BMI2 = 1 | LLAMAFILE = 1 | OPENMP = 1 | REPACK = 1 | 
0.04.145.958 I kl_divergence: computing over 144 chunks, n_ctx=2048, batch_size=2048, n_seq=1
0.05.225.478 I kl_divergence: 1.08 seconds per pass - ETA 2.58 minutes

chunk             PPL               ln(PPL(Q)/PPL(base))          KL Divergence              Δp RMS            Same top p
   1      46.7827 ±    5.8048       0.08593 ±    0.03834       0.37174 ±    0.01947    15.805 ±  0.834 %    72.043 ±  1.404 %
   2      59.6145 ±    5.1482       0.07575 ±    0.02517       0.33399 ±    0.01198    13.501 ±  0.548 %    73.167 ±  0.980 %
   3      62.8087 ±    4.4548       0.07187 ±    0.02026       0.32508 ±    0.00904    13.337 ±  0.439 %    73.118 ±  0.800 %
   4      60.4231 ±    3.7069       0.09406 ±    0.01740       0.33328 ±    0.00798    13.933 ±  0.391 %    72.972 ±  0.694 %
   5      57.2544 ±    3.1788       0.10386 ±    0.01579       0.34261 ±    0.00749    13.820 ±  0.344 %    72.981 ±  0.621 %
   6      46.1408 ±    2.2799       0.13143 ±    0.01468       0.34708 ±    0.00692    14.849 ±  0.326 %    72.581 ±  0.569 %
   7      39.6788 ±    1.7839       0.13210 ±    0.01349       0.34296 ±    0.00641    15.085 ±  0.303 %    73.174 ±  0.524 %
   8      38.8302 ±    1.6255       0.13080 ±    0.01266       0.34698 ±    0.00607    15.074 ±  0.282 %    73.253 ±  0.489 %
   9      39.8793 ±    1.5640       0.12934 ±    0.01212       0.34741 ±    0.00572    15.049 ±  0.267 %    72.912 ±  0.463 %
  10      41.6109 ±    1.5697       0.12721 ±    0.01162       0.34722 ±    0.00538    14.903 ±  0.251 %    72.825 ±  0.440 %
  11      42.3417 ±    1.5243       0.12246 ±    0.01105       0.34676 ±    0.00509    14.873 ±  0.239 %    72.789 ±  0.420 %
  12      45.3435 ±    1.5719       0.11396 ±    0.01064       0.34608 ±    0.00483    14.806 ±  0.229 %    72.955 ±  0.401 %
  13      44.6836 ±    1.4857       0.11119 ±    0.01014       0.34082 ±    0.00458    14.673 ±  0.218 %    73.396 ±  0.383 %
  14      45.1705 ±    1.4505       0.10567 ±    0.00980       0.34006 ±    0.00443    14.640 ±  0.211 %    73.572 ±  0.368 %
  15      44.6251 ±    1.3821       0.10260 ±    0.00943       0.33765 ±    0.00426    14.556 ±  0.202 %    73.750 ±  0.355 %
  16      46.5208 ±    1.3978       0.09667 ±    0.00912       0.33609 ±    0.00410    14.507 ±  0.196 %    73.882 ±  0.343 %
  17      46.3856 ±    1.3498       0.08994 ±    0.00886       0.33544 ±    0.00397    14.574 ±  0.192 %    74.004 ±  0.333 %
  18      46.6655 ±    1.3180       0.09063 ±    0.00856       0.33311 ±    0.00382    14.479 ±  0.186 %    74.063 ±  0.323 %
  19      45.5655 ±    1.2527       0.08820 ±    0.00838       0.33300 ±    0.00373    14.503 ±  0.182 %    74.194 ±  0.314 %
  20      44.7516 ±    1.2066       0.09307 ±    0.00831       0.33218 ±    0.00364    14.571 ±  0.179 %    74.247 ±  0.306 %
  21      44.8762 ±    1.1805       0.08954 ±    0.00809       0.33188 ±    0.00356    14.515 ±  0.175 %    74.268 ±  0.298 %
  22      45.1243 ±    1.1613       0.08664 ±    0.00788       0.33201 ±    0.00346    14.475 ±  0.170 %    74.189 ±  0.292 %
  23      45.5492 ±    1.1483       0.08902 ±    0.00774       0.33347 ±    0.00342    14.498 ±  0.168 %    74.147 ±  0.285 %
  24      45.6949 ±    1.1285       0.08407 ±    0.00757       0.33411 ±    0.00334    14.421 ±  0.164 %    74.055 ±  0.280 %
  25      46.3420 ±    1.1239       0.08492 ±    0.00745       0.33656 ±    0.00332    14.345 ±  0.160 %    73.920 ±  0.275 %
  26      46.6879 ±    1.1139       0.08548 ±    0.00729       0.33659 ±    0.00324    14.366 ±  0.158 %    73.983 ±  0.269 %
  27      48.3667 ±    1.1361       0.08600 ±    0.00715       0.33731 ±    0.00318    14.298 ±  0.155 %    74.016 ±  0.264 %
  28      48.1175 ±    1.1107       0.08681 ±    0.00703       0.33724 ±    0.00312    14.264 ±  0.152 %    74.078 ±  0.259 %
  29      48.3397 ±    1.0966       0.08989 ±    0.00691       0.33795 ±    0.00307    14.257 ±  0.149 %    74.055 ±  0.254 %
  30      48.2327 ±    1.0768       0.08674 ±    0.00680       0.33583 ±    0.00299    14.146 ±  0.146 %    74.145 ±  0.250 %
  31      47.8547 ±    1.0507       0.08631 ±    0.00668       0.33689 ±    0.00297    14.163 ±  0.144 %    74.143 ±  0.246 %
  32      47.0672 ±    1.0171       0.09018 ±    0.00658       0.33677 ±    0.00293    14.156 ±  0.141 %    74.197 ±  0.242 %
  33      46.8071 ±    0.9968       0.09072 ±    0.00648       0.33624 ±    0.00288    14.116 ±  0.139 %    74.155 ±  0.238 %
  34      46.2251 ±    0.9687       0.08841 ±    0.00638       0.33416 ±    0.00282    14.042 ±  0.136 %    74.231 ±  0.235 %
  35      46.3035 ±    0.9548       0.09000 ±    0.00629       0.33436 ±    0.00276    14.012 ±  0.134 %    74.199 ±  0.231 %
  36      45.6088 ±    0.9268       0.09053 ±    0.00618       0.33255 ±    0.00271    14.022 ±  0.132 %    74.305 ±  0.228 %
  37      44.4770 ±    0.8897       0.09129 ±    0.00609       0.33081 ±    0.00267    14.006 ±  0.130 %    74.503 ±  0.224 %
  38      44.0915 ±    0.8692       0.09439 ±    0.00601       0.33046 ±    0.00263    14.052 ±  0.128 %    74.541 ±  0.221 %
  39      43.3309 ±    0.8422       0.09570 ±    0.00592       0.32978 ±    0.00259    14.110 ±  0.126 %    74.580 ±  0.218 %
  40      43.0804 ±    0.8262       0.09630 ±    0.00586       0.33060 ±    0.00258    14.179 ±  0.125 %    74.570 ±  0.215 %
  41      43.1312 ±    0.8177       0.09796 ±    0.00578       0.33005 ±    0.00254    14.154 ±  0.123 %    74.623 ±  0.212 %
  42      43.4722 ±    0.8153       0.09689 ±    0.00571       0.32989 ±    0.00250    14.116 ±  0.122 %    74.603 ±  0.210 %
  43      44.0105 ±    0.8150       0.09496 ±    0.00564       0.33090 ±    0.00247    14.071 ±  0.120 %    74.450 ±  0.208 %
  44      45.1108 ±    0.8284       0.09604 ±    0.00559       0.33174 ±    0.00246    14.034 ±  0.119 %    74.358 ±  0.206 %
  45      45.6296 ±    0.8292       0.09289 ±    0.00553       0.33182 ±    0.00242    13.988 ±  0.117 %    74.302 ±  0.204 %
  46      45.9751 ±    0.8269       0.09323 ±    0.00547       0.33245 ±    0.00240    13.999 ±  0.116 %    74.257 ±  0.202 %
  47      46.3153 ±    0.8243       0.09264 ±    0.00543       0.33468 ±    0.00239    14.002 ±  0.115 %    74.123 ±  0.200 %
  48      46.6947 ±    0.8225       0.09302 ±    0.00538       0.33582 ±    0.00236    14.004 ±  0.114 %    74.045 ±  0.198 %
  49      46.8868 ±    0.8177       0.09360 ±    0.00534       0.33690 ±    0.00235    14.046 ±  0.113 %    74.004 ±  0.196 %
  50      47.1977 ±    0.8156       0.09528 ±    0.00529       0.33714 ±    0.00233    14.010 ±  0.111 %    74.004 ±  0.194 %
  51      46.8714 ±    0.8018       0.09639 ±    0.00523       0.33752 ±    0.00231    14.024 ±  0.111 %    74.029 ±  0.192 %
  52      46.8564 ±    0.7944       0.09772 ±    0.00518       0.33713 ±    0.00229    13.999 ±  0.109 %    74.026 ±  0.190 %
  53      46.5537 ±    0.7810       0.09454 ±    0.00513       0.33643 ±    0.00226    14.001 ±  0.108 %    74.070 ±  0.188 %
  54      46.0554 ±    0.7647       0.09486 ±    0.00508       0.33584 ±    0.00225    14.015 ±  0.107 %    74.150 ±  0.186 %
  55      45.9362 ±    0.7554       0.09467 ±    0.00504       0.33613 ±    0.00223    14.037 ±  0.106 %    74.153 ±  0.185 %
  56      45.8671 ±    0.7475       0.09546 ±    0.00500       0.33612 ±    0.00221    14.055 ±  0.105 %    74.159 ±  0.183 %
  57      45.1978 ±    0.7291       0.09641 ±    0.00495       0.33575 ±    0.00219    14.098 ±  0.105 %    74.236 ±  0.181 %
  58      45.2341 ±    0.7231       0.09844 ±    0.00491       0.33654 ±    0.00218    14.100 ±  0.104 %    74.222 ±  0.180 %
  59      44.6392 ±    0.7066       0.09931 ±    0.00486       0.33615 ±    0.00216    14.141 ±  0.103 %    74.245 ±  0.178 %
  60      44.7528 ±    0.7027       0.09959 ±    0.00482       0.33514 ±    0.00213    14.101 ±  0.102 %    74.290 ±  0.176 %
  61      44.9664 ±    0.7002       0.10005 ±    0.00478       0.33528 ±    0.00212    14.102 ±  0.101 %    74.274 ±  0.175 %
  62      45.2309 ±    0.6990       0.09921 ±    0.00474       0.33474 ±    0.00209    14.072 ±  0.100 %    74.307 ±  0.173 %
  63      45.8344 ±    0.7035       0.09923 ±    0.00470       0.33427 ±    0.00207    14.026 ±  0.099 %    74.285 ±  0.172 %
  64      45.8099 ±    0.6980       0.09979 ±    0.00467       0.33383 ±    0.00205    14.027 ±  0.099 %    74.305 ±  0.171 %
  65      46.0356 ±    0.6970       0.10171 ±    0.00467       0.33482 ±    0.00204    14.054 ±  0.098 %    74.299 ±  0.169 %
  66      45.9902 ±    0.6910       0.10115 ±    0.00464       0.33511 ±    0.00203    14.065 ±  0.097 %    74.316 ±  0.168 %
  67      46.0185 ±    0.6866       0.10026 ±    0.00463       0.33587 ±    0.00202    14.091 ±  0.097 %    74.313 ±  0.167 %
  68      45.9428 ±    0.6803       0.09972 ±    0.00460       0.33606 ±    0.00201    14.097 ±  0.096 %    74.330 ±  0.166 %
  69      46.0733 ±    0.6774       0.10049 ±    0.00457       0.33618 ±    0.00200    14.087 ±  0.095 %    74.342 ±  0.164 %
  70      45.5889 ±    0.6663       0.10042 ±    0.00454       0.33589 ±    0.00198    14.118 ±  0.095 %    74.378 ±  0.163 %
  71      45.4045 ±    0.6587       0.10453 ±    0.00452       0.33628 ±    0.00198    14.153 ±  0.094 %    74.404 ±  0.162 %
  72      45.8640 ±    0.6618       0.10344 ±    0.00449       0.33695 ±    0.00197    14.149 ±  0.094 %    74.367 ±  0.161 %
  73      46.2691 ±    0.6639       0.10159 ±    0.00445       0.33678 ±    0.00195    14.117 ±  0.093 %    74.373 ±  0.160 %
  74      46.0708 ±    0.6562       0.10110 ±    0.00441       0.33597 ±    0.00194    14.111 ±  0.092 %    74.409 ±  0.159 %
  75      45.9940 ±    0.6507       0.10104 ±    0.00438       0.33563 ±    0.00192    14.108 ±  0.091 %    74.448 ±  0.157 %
  76      46.0392 ±    0.6472       0.10114 ±    0.00435       0.33539 ±    0.00190    14.079 ±  0.091 %    74.473 ±  0.156 %
  77      46.0622 ±    0.6432       0.10027 ±    0.00432       0.33488 ±    0.00189    14.050 ±  0.090 %    74.475 ±  0.155 %
  78      46.0309 ±    0.6388       0.09979 ±    0.00429       0.33433 ±    0.00187    14.026 ±  0.089 %    74.508 ±  0.154 %
  79      46.1102 ±    0.6360       0.09990 ±    0.00427       0.33445 ±    0.00186    14.025 ±  0.089 %    74.479 ±  0.153 %
  80      46.2928 ±    0.6345       0.09954 ±    0.00424       0.33470 ±    0.00184    14.022 ±  0.088 %    74.434 ±  0.152 %
  81      45.7967 ±    0.6232       0.09876 ±    0.00420       0.33363 ±    0.00183    14.023 ±  0.087 %    74.486 ±  0.151 %
  82      45.3610 ±    0.6133       0.09693 ±    0.00417       0.33287 ±    0.00181    14.035 ±  0.087 %    74.551 ±  0.150 %
  83      44.8603 ±    0.6026       0.09625 ±    0.00414       0.33221 ±    0.00180    14.040 ±  0.086 %    74.586 ±  0.149 %
  84      44.6198 ±    0.5960       0.09598 ±    0.00412       0.33151 ±    0.00179    14.053 ±  0.086 %    74.651 ±  0.148 %
  85      44.7168 ±    0.5936       0.09518 ±    0.00409       0.33179 ±    0.00177    14.062 ±  0.085 %    74.634 ±  0.148 %
  86      44.6521 ±    0.5891       0.09561 ±    0.00407       0.33181 ±    0.00176    14.073 ±  0.085 %    74.605 ±  0.147 %
  87      44.8221 ±    0.5879       0.09622 ±    0.00405       0.33170 ±    0.00175    14.067 ±  0.084 %    74.608 ±  0.146 %
  88      45.1754 ±    0.5888       0.09559 ±    0.00402       0.33181 ±    0.00174    14.036 ±  0.084 %    74.548 ±  0.145 %
  89      45.1612 ±    0.5852       0.09448 ±    0.00399       0.33123 ±    0.00172    14.018 ±  0.083 %    74.564 ±  0.144 %
  90      45.5037 ±    0.5863       0.09523 ±    0.00398       0.33230 ±    0.00172    14.017 ±  0.083 %    74.514 ±  0.144 %
  91      46.0994 ±    0.5913       0.09664 ±    0.00396       0.33360 ±    0.00171    14.001 ±  0.082 %    74.455 ±  0.143 %
  92      46.6028 ±    0.5950       0.09717 ±    0.00394       0.33448 ±    0.00170    13.993 ±  0.082 %    74.391 ±  0.142 %
  93      46.9153 ±    0.5957       0.09805 ±    0.00393       0.33600 ±    0.00170    14.000 ±  0.081 %    74.305 ±  0.142 %
  94      47.4683 ±    0.6003       0.09811 ±    0.00391       0.33651 ±    0.00169    13.983 ±  0.081 %    74.241 ±  0.141 %
  95      47.9486 ±    0.6034       0.09745 ±    0.00389       0.33699 ±    0.00167    13.973 ±  0.080 %    74.169 ±  0.140 %
  96      47.8727 ±    0.5990       0.09696 ±    0.00387       0.33696 ±    0.00167    13.981 ±  0.080 %    74.194 ±  0.140 %
  97      48.0799 ±    0.5986       0.09656 ±    0.00385       0.33728 ±    0.00166    13.983 ±  0.080 %    74.166 ±  0.139 %
  98      48.2116 ±    0.5974       0.09623 ±    0.00383       0.33712 ±    0.00165    13.990 ±  0.079 %    74.177 ±  0.138 %
  99      48.5487 ±    0.5990       0.09545 ±    0.00382       0.33719 ±    0.00164    13.980 ±  0.079 %    74.167 ±  0.138 %
 100      48.5482 ±    0.5961       0.09644 ±    0.00380       0.33723 ±    0.00163    13.984 ±  0.078 %    74.173 ±  0.137 %
 101      48.7875 ±    0.5964       0.09706 ±    0.00378       0.33733 ±    0.00163    13.978 ±  0.078 %    74.153 ±  0.136 %
 102      49.0698 ±    0.5974       0.09757 ±    0.00376       0.33752 ±    0.00162    13.974 ±  0.078 %    74.153 ±  0.136 %
 103      49.2109 ±    0.5961       0.09625 ±    0.00374       0.33763 ±    0.00161    13.964 ±  0.077 %    74.132 ±  0.135 %
 104      49.3407 ±    0.5949       0.09707 ±    0.00372       0.33756 ±    0.00160    13.971 ±  0.077 %    74.116 ±  0.134 %
 105      49.3599 ±    0.5923       0.09684 ±    0.00371       0.33751 ±    0.00159    13.965 ±  0.077 %    74.116 ±  0.134 %
 106      49.5904 ±    0.5924       0.09517 ±    0.00369       0.33707 ±    0.00158    13.954 ±  0.076 %    74.138 ±  0.133 %
 107      49.5583 ±    0.5890       0.09549 ±    0.00367       0.33678 ±    0.00157    13.951 ±  0.076 %    74.161 ±  0.132 %
 108      49.6403 ±    0.5872       0.09468 ±    0.00365       0.33638 ±    0.00157    13.942 ±  0.076 %    74.184 ±  0.132 %
 109      49.6143 ±    0.5842       0.09341 ±    0.00363       0.33638 ±    0.00156    13.938 ±  0.075 %    74.190 ±  0.131 %
 110      49.3865 ±    0.5786       0.09417 ±    0.00362       0.33618 ±    0.00156    13.948 ±  0.075 %    74.235 ±  0.130 %
 111      49.2491 ±    0.5742       0.09334 ±    0.00360       0.33573 ±    0.00155    13.940 ±  0.075 %    74.268 ±  0.130 %
 112      49.1352 ±    0.5705       0.09528 ±    0.00358       0.33584 ±    0.00154    13.953 ±  0.074 %    74.293 ±  0.129 %
 113      49.3118 ±    0.5704       0.09473 ±    0.00357       0.33610 ±    0.00154    13.950 ±  0.074 %    74.260 ±  0.129 %
 114      49.5371 ±    0.5708       0.09469 ±    0.00355       0.33606 ±    0.00153    13.956 ±  0.074 %    74.282 ±  0.128 %
 115      49.7217 ±    0.5708       0.09414 ±    0.00354       0.33620 ±    0.00152    13.947 ±  0.073 %    74.293 ±  0.127 %
 116      50.0237 ±    0.5723       0.09507 ±    0.00353       0.33669 ±    0.00152    13.935 ±  0.073 %    74.273 ±  0.127 %
 117      49.6757 ±    0.5656       0.09468 ±    0.00351       0.33634 ±    0.00151    13.940 ±  0.073 %    74.319 ±  0.126 %
 118      49.3694 ±    0.5596       0.09530 ±    0.00349       0.33568 ±    0.00150    13.941 ±  0.072 %    74.390 ±  0.126 %
 119      49.2910 ±    0.5562       0.09523 ±    0.00348       0.33555 ±    0.00150    13.941 ±  0.072 %    74.399 ±  0.125 %
 120      49.1405 ±    0.5521       0.09533 ±    0.00346       0.33507 ±    0.00149    13.927 ±  0.072 %    74.456 ±  0.124 %
 121      48.9489 ±    0.5474       0.09548 ±    0.00344       0.33470 ±    0.00148    13.938 ±  0.072 %    74.467 ±  0.124 %
 122      48.8709 ±    0.5441       0.09652 ±    0.00343       0.33480 ±    0.00148    13.941 ±  0.071 %    74.492 ±  0.123 %
 123      48.9562 ±    0.5431       0.09637 ±    0.00341       0.33439 ±    0.00147    13.934 ±  0.071 %    74.517 ±  0.123 %
 124      48.9397 ±    0.5410       0.09612 ±    0.00340       0.33446 ±    0.00147    13.932 ±  0.071 %    74.540 ±  0.122 %
 125      48.9334 ±    0.5390       0.09604 ±    0.00339       0.33437 ±    0.00146    13.937 ±  0.070 %    74.559 ±  0.122 %
 126      49.0442 ±    0.5382       0.09647 ±    0.00337       0.33414 ±    0.00145    13.932 ±  0.070 %    74.585 ±  0.121 %
 127      49.0116 ±    0.5356       0.09709 ±    0.00336       0.33383 ±    0.00145    13.925 ±  0.070 %    74.594 ±  0.121 %
 128      48.7591 ±    0.5306       0.09742 ±    0.00334       0.33325 ±    0.00144    13.927 ±  0.070 %    74.628 ±  0.120 %
 129      48.7299 ±    0.5281       0.09800 ±    0.00333       0.33314 ±    0.00143    13.927 ±  0.069 %    74.625 ±  0.120 %
 130      48.9139 ±    0.5285       0.09856 ±    0.00332       0.33318 ±    0.00143    13.923 ±  0.069 %    74.626 ±  0.119 %
 131      48.7765 ±    0.5248       0.09832 ±    0.00330       0.33281 ±    0.00142    13.908 ±  0.069 %    74.646 ±  0.119 %
 132      48.8239 ±    0.5234       0.09833 ±    0.00329       0.33270 ±    0.00141    13.906 ±  0.068 %    74.646 ±  0.118 %
 133      48.9622 ±    0.5229       0.09842 ±    0.00328       0.33282 ±    0.00141    13.904 ±  0.068 %    74.657 ±  0.118 %
 134      48.7584 ±    0.5184       0.09842 ±    0.00326       0.33309 ±    0.00141    13.917 ±  0.068 %    74.663 ±  0.117 %
 135      48.5685 ±    0.5143       0.09850 ±    0.00325       0.33288 ±    0.00140    13.934 ±  0.068 %    74.688 ±  0.117 %
 136      48.1675 ±    0.5080       0.09836 ±    0.00323       0.33236 ±    0.00139    13.941 ±  0.068 %    74.733 ±  0.117 %
 137      48.0844 ±    0.5053       0.09821 ±    0.00322       0.33190 ±    0.00139    13.929 ±  0.067 %    74.759 ±  0.116 %
 138      48.2179 ±    0.5051       0.09810 ±    0.00321       0.33169 ±    0.00138    13.922 ±  0.067 %    74.763 ±  0.116 %
 139      48.5518 ±    0.5071       0.09759 ±    0.00320       0.33189 ±    0.00138    13.906 ±  0.067 %    74.749 ±  0.115 %
 140      48.5350 ±    0.5051       0.09745 ±    0.00318       0.33198 ±    0.00137    13.896 ±  0.066 %    74.741 ±  0.115 %
 141      48.5955 ±    0.5039       0.09708 ±    0.00317       0.33199 ±    0.00136    13.895 ±  0.066 %    74.734 ±  0.114 %
 142      48.6559 ±    0.5028       0.09665 ±    0.00316       0.33183 ±    0.00136    13.889 ±  0.066 %    74.725 ±  0.114 %
 143      48.8449 ±    0.5030       0.09687 ±    0.00315       0.33191 ±    0.00135    13.881 ±  0.066 %    74.702 ±  0.114 %
 144      48.9239 ±    0.5024       0.09726 ±    0.00314       0.33205 ±    0.00135    13.884 ±  0.065 %    74.700 ±  0.113 %

====== Perplexity statistics ======
Mean PPL(Q)                   :  48.923940 ±   0.502415
Mean PPL(base)                :  44.389851 ±   0.462582
Cor(ln(PPL(Q)), ln(PPL(base))):  95.41%
Mean ln(PPL(Q)/PPL(base))     :   0.097256 ±   0.003138
Mean PPL(Q)/PPL(base)         :   1.102142 ±   0.003459
Mean PPL(Q)-PPL(base)         :   4.534089 ±   0.151411

====== KL divergence statistics ======
Mean    KLD:   0.332051 ±   0.001347
Maximum KLD:  12.667005
99.9%   KLD:   5.130483
99.0%   KLD:   2.498913
95.0%   KLD:   1.200540
90.0%   KLD:   0.813185
Median  KLD:   0.166058
10.0%   KLD:   0.006429
 5.0%   KLD:   0.001328
 1.0%   KLD:   0.000077
 0.1%   KLD:   0.000005
Minimum KLD:  -0.000011

====== Token probability statistics ======
Mean    Δp: -2.846 ± 0.035 %
Maximum Δp: 98.774%
99.9%   Δp: 64.982%
99.0%   Δp: 32.219%
95.0%   Δp: 11.466%
90.0%   Δp:  4.371%
75.0%   Δp:  0.161%
Median  Δp: -0.025%
25.0%   Δp: -2.777%
10.0%   Δp: -15.357%
 5.0%   Δp: -28.006%
 1.0%   Δp: -58.162%
 0.1%   Δp: -88.392%
Minimum Δp: -99.954%
RMS Δp    : 13.884 ± 0.065 %
Same top p: 74.700 ± 0.113 %

------------------------------
llama-perplexity --kl-divergence-base /tmp/logits.dat --ctx-size 2048 -f sample-data/wiki.test.raw -hf unsloth/gemma-4-E2B-it-qat-GGUF:UD-Q4_K_XL -fa on -ngl 99 -ctk turbo2 -ctv turbo2 --kl-divergence
0.00.471.012 I common_init_result: fitting params to device memory ...
0.00.471.016 I common_init_result: (for bugs during this step try to reproduce them with -fit off, or provide --verbose logs if the bug only occurs with -fit on)
0.02.851.467 W load: control-looking token:    212 '</s>' was not control-type; this is probably a bug in the model. its type will be overridden
0.02.851.983 W load: control-looking token:     50 '<|tool_response>' was not control-type; this is probably a bug in the model. its type will be overridden
0.02.879.425 W load: special_eog_ids contains '<|tool_response>', removing '</s>' token from EOG list
0.03.864.810 W llama_context: n_ctx_seq (2048) < n_ctx_train (131072) -- the full capacity of the model will not be utilized
0.03.892.235 I common_init_from_params: warming up the model with an empty run - please wait ... (--no-warmup to disable)
0.03.920.094 I 
0.03.920.150 I system_info: n_threads = 16 (n_threads_batch = 16) / 32 | CUDA : ARCHS = 500,610,700,750,800,860,890,900 | USE_GRAPHS = 1 | PEER_MAX_BATCH_SIZE = 128 | CPU : SSE3 = 1 | SSSE3 = 1 | AVX = 1 | AVX2 = 1 | F16C = 1 | FMA = 1 | BMI2 = 1 | LLAMAFILE = 1 | OPENMP = 1 | REPACK = 1 | 
0.04.146.461 I kl_divergence: computing over 144 chunks, n_ctx=2048, batch_size=2048, n_seq=1
0.05.160.786 I kl_divergence: 1.01 seconds per pass - ETA 2.43 minutes

chunk             PPL               ln(PPL(Q)/PPL(base))          KL Divergence              Δp RMS            Same top p
   1      46.6945 ±    5.7784       0.08404 ±    0.03995       0.41930 ±    0.01993    16.216 ±  0.838 %    70.968 ±  1.420 %
   2      62.4094 ±    5.4418       0.12157 ±    0.02798       0.42304 ±    0.01370    15.080 ±  0.591 %    69.648 ±  1.017 %
   3      65.2355 ±    4.6532       0.10978 ±    0.02329       0.43016 ±    0.01095    14.958 ±  0.476 %    69.762 ±  0.829 %
   4      61.7566 ±    3.7835       0.11589 ±    0.02038       0.44635 ±    0.00989    15.738 ±  0.428 %    69.282 ±  0.721 %
   5      58.1143 ±    3.2113       0.11877 ±    0.01818       0.44987 ±    0.00886    15.687 ±  0.377 %    69.286 ±  0.645 %
   6      46.6132 ±    2.2925       0.14162 ±    0.01668       0.44974 ±    0.00810    16.728 ±  0.343 %    68.817 ±  0.591 %
   7      40.8163 ±    1.8266       0.16037 ±    0.01554       0.45242 ±    0.00781    17.496 ±  0.329 %    69.278 ±  0.545 %
   8      40.0093 ±    1.6666       0.16072 ±    0.01483       0.45937 ±    0.00740    17.550 ±  0.304 %    69.159 ±  0.511 %
   9      40.7330 ±    1.5868       0.15052 ±    0.01397       0.45711 ±    0.00693    17.362 ±  0.284 %    68.969 ±  0.482 %
  10      42.6928 ±    1.6038       0.15287 ±    0.01333       0.45566 ±    0.00655    17.157 ±  0.269 %    69.316 ±  0.456 %
  11      43.3087 ±    1.5508       0.14504 ±    0.01263       0.45372 ±    0.00619    17.147 ±  0.256 %    69.404 ±  0.434 %
  12      46.2751 ±    1.5930       0.13430 ±    0.01218       0.45489 ±    0.00584    17.025 ±  0.245 %    69.518 ±  0.415 %
  13      45.9340 ±    1.5178       0.13879 ±    0.01163       0.45124 ±    0.00557    16.934 ±  0.235 %    69.735 ±  0.398 %
  14      46.1822 ±    1.4704       0.12782 ±    0.01118       0.44980 ±    0.00533    16.823 ±  0.226 %    69.913 ±  0.383 %
  15      45.9300 ±    1.4122       0.13142 ±    0.01085       0.45025 ±    0.00512    16.897 ±  0.217 %    70.049 ±  0.370 %
  16      47.9174 ±    1.4296       0.12625 ±    0.01055       0.45009 ±    0.00491    16.827 ±  0.210 %    70.088 ±  0.358 %
  17      47.6297 ±    1.3756       0.11641 ±    0.01020       0.44796 ±    0.00473    16.808 ±  0.202 %    70.180 ±  0.347 %
  18      47.8933 ±    1.3419       0.11660 ±    0.00987       0.44629 ±    0.00456    16.761 ±  0.196 %    70.235 ±  0.337 %
  19      46.8254 ±    1.2766       0.11547 ±    0.00962       0.44474 ±    0.00445    16.760 ±  0.192 %    70.541 ±  0.327 %
  20      45.9946 ±    1.2293       0.12047 ±    0.00947       0.44154 ±    0.00435    16.715 ±  0.187 %    70.714 ±  0.318 %
  21      46.0881 ±    1.2002       0.11619 ±    0.00922       0.44104 ±    0.00424    16.654 ±  0.182 %    70.698 ±  0.311 %
  22      46.3760 ±    1.1809       0.11400 ±    0.00900       0.44204 ±    0.00415    16.616 ±  0.177 %    70.621 ±  0.304 %
  23      46.9632 ±    1.1732       0.11959 ±    0.00883       0.44334 ±    0.00404    16.597 ±  0.173 %    70.496 ±  0.297 %
  24      47.0181 ±    1.1502       0.11262 ±    0.00865       0.44482 ±    0.00397    16.507 ±  0.169 %    70.353 ±  0.291 %
  25      47.4220 ±    1.1374       0.10796 ±    0.00849       0.44678 ±    0.00391    16.425 ±  0.165 %    70.154 ±  0.286 %
  26      47.8873 ±    1.1303       0.11084 ±    0.00834       0.44839 ±    0.00386    16.457 ±  0.162 %    70.193 ±  0.280 %
  27      49.4765 ±    1.1485       0.10869 ±    0.00819       0.45003 ±    0.00377    16.370 ±  0.159 %    70.142 ±  0.275 %
  28      49.4229 ±    1.1282       0.11358 ±    0.00805       0.45044 ±    0.00370    16.367 ±  0.156 %    70.137 ±  0.270 %
  29      49.7838 ±    1.1177       0.11932 ±    0.00790       0.45146 ±    0.00365    16.357 ±  0.154 %    70.101 ±  0.266 %
  30      49.8735 ±    1.1030       0.12020 ±    0.00779       0.44990 ±    0.00359    16.282 ±  0.151 %    70.186 ±  0.261 %
  31      49.5379 ±    1.0778       0.12088 ±    0.00766       0.45035 ±    0.00356    16.308 ±  0.149 %    70.208 ±  0.257 %
  32      48.6713 ±    1.0417       0.12369 ±    0.00752       0.44895 ±    0.00350    16.315 ±  0.147 %    70.311 ±  0.253 %
  33      48.4048 ±    1.0209       0.12429 ±    0.00739       0.44864 ±    0.00344    16.257 ±  0.144 %    70.283 ±  0.249 %
  34      47.7775 ±    0.9919       0.12144 ±    0.00728       0.44737 ±    0.00339    16.229 ±  0.142 %    70.327 ±  0.245 %
  35      48.0166 ±    0.9817       0.12632 ±    0.00719       0.44901 ±    0.00334    16.210 ±  0.140 %    70.306 ±  0.241 %
  36      47.3029 ±    0.9530       0.12700 ±    0.00707       0.44709 ±    0.00329    16.221 ±  0.139 %    70.463 ±  0.238 %
  37      46.1747 ±    0.9159       0.12875 ±    0.00696       0.44447 ±    0.00324    16.221 ±  0.136 %    70.630 ±  0.234 %
  38      45.8683 ±    0.8969       0.13389 ±    0.00688       0.44366 ±    0.00320    16.298 ±  0.135 %    70.662 ±  0.231 %
  39      45.1796 ±    0.8713       0.13748 ±    0.00679       0.44316 ±    0.00316    16.396 ±  0.134 %    70.692 ±  0.228 %
  40      44.8764 ±    0.8534       0.13714 ±    0.00671       0.44470 ±    0.00314    16.477 ±  0.132 %    70.674 ±  0.225 %
  41      44.8535 ±    0.8430       0.13711 ±    0.00662       0.44335 ±    0.00309    16.454 ±  0.130 %    70.725 ±  0.222 %
  42      45.2479 ±    0.8418       0.13693 ±    0.00654       0.44292 ±    0.00305    16.399 ±  0.128 %    70.668 ±  0.220 %
  43      45.8163 ±    0.8417       0.13517 ±    0.00647       0.44529 ±    0.00302    16.343 ±  0.127 %    70.520 ±  0.217 %
  44      46.8937 ±    0.8540       0.13480 ±    0.00641       0.44618 ±    0.00299    16.290 ±  0.125 %    70.457 ±  0.215 %
  45      47.3960 ±    0.8539       0.13087 ±    0.00634       0.44662 ±    0.00295    16.219 ±  0.124 %    70.390 ±  0.213 %
  46      47.7383 ±    0.8514       0.13086 ±    0.00627       0.44658 ±    0.00291    16.210 ±  0.122 %    70.405 ±  0.210 %
  47      48.1147 ±    0.8490       0.13075 ±    0.00622       0.44893 ±    0.00288    16.215 ±  0.121 %    70.290 ±  0.208 %
  48      48.4948 ±    0.8468       0.13085 ±    0.00616       0.44993 ±    0.00285    16.217 ±  0.120 %    70.231 ±  0.206 %
  49      48.8047 ±    0.8445       0.13369 ±    0.00611       0.45028 ±    0.00283    16.224 ±  0.118 %    70.252 ±  0.204 %
  50      49.1146 ±    0.8423       0.13509 ±    0.00606       0.45032 ±    0.00280    16.220 ±  0.117 %    70.266 ±  0.202 %
  51      48.8178 ±    0.8287       0.13708 ±    0.00600       0.45114 ±    0.00279    16.249 ±  0.117 %    70.283 ±  0.200 %
  52      48.7972 ±    0.8211       0.13830 ±    0.00592       0.45068 ±    0.00277    16.210 ±  0.115 %    70.255 ±  0.198 %
  53      48.4737 ±    0.8071       0.13496 ±    0.00587       0.44975 ±    0.00274    16.231 ±  0.114 %    70.304 ±  0.196 %
  54      47.9039 ±    0.7893       0.13421 ±    0.00581       0.44884 ±    0.00271    16.223 ±  0.113 %    70.374 ±  0.194 %
  55      47.6938 ±    0.7779       0.13222 ±    0.00576       0.44924 ±    0.00270    16.254 ±  0.112 %    70.367 ±  0.193 %
  56      47.6260 ±    0.7697       0.13310 ±    0.00573       0.45022 ±    0.00268    16.305 ±  0.111 %    70.343 ±  0.191 %
  57      46.8745 ±    0.7496       0.13284 ±    0.00567       0.44987 ±    0.00267    16.353 ±  0.111 %    70.422 ±  0.189 %
  58      46.7963 ±    0.7414       0.13239 ±    0.00562       0.44942 ±    0.00264    16.335 ±  0.109 %    70.427 ±  0.187 %
  59      46.2448 ±    0.7259       0.13465 ±    0.00557       0.44901 ±    0.00262    16.360 ±  0.109 %    70.476 ±  0.186 %
  60      46.3389 ±    0.7215       0.13442 ±    0.00552       0.44825 ±    0.00260    16.340 ±  0.108 %    70.528 ±  0.184 %
  61      46.6308 ±    0.7206       0.13639 ±    0.00548       0.44825 ±    0.00257    16.318 ±  0.107 %    70.533 ±  0.183 %
  62      46.9388 ±    0.7198       0.13627 ±    0.00545       0.44818 ±    0.00255    16.304 ±  0.106 %    70.548 ±  0.181 %
  63      47.6273 ±    0.7255       0.13760 ±    0.00540       0.44817 ±    0.00253    16.260 ±  0.105 %    70.530 ±  0.180 %
  64      47.6101 ±    0.7201       0.13834 ±    0.00537       0.44757 ±    0.00251    16.253 ±  0.104 %    70.581 ±  0.178 %
  65      47.8134 ±    0.7185       0.13960 ±    0.00534       0.44793 ±    0.00249    16.246 ±  0.103 %    70.572 ±  0.177 %
  66      47.8722 ±    0.7142       0.14126 ±    0.00530       0.44846 ±    0.00247    16.277 ±  0.103 %    70.580 ±  0.175 %
  67      47.8758 ±    0.7092       0.13982 ±    0.00527       0.44865 ±    0.00245    16.297 ±  0.102 %    70.600 ±  0.174 %
  68      47.8619 ±    0.7037       0.14064 ±    0.00524       0.44900 ±    0.00244    16.322 ±  0.101 %    70.611 ±  0.173 %
  69      47.9673 ±    0.7003       0.14078 ±    0.00520       0.44915 ±    0.00242    16.321 ±  0.101 %    70.615 ±  0.171 %
  70      47.5809 ±    0.6914       0.14318 ±    0.00517       0.44864 ±    0.00240    16.363 ±  0.100 %    70.656 ±  0.170 %
  71      47.3870 ±    0.6834       0.14727 ±    0.00514       0.44941 ±    0.00240    16.424 ±  0.099 %    70.687 ±  0.169 %
  72      47.8702 ±    0.6867       0.14625 ±    0.00512       0.45042 ±    0.00238    16.416 ±  0.099 %    70.626 ±  0.168 %
  73      48.2861 ±    0.6890       0.14427 ±    0.00508       0.45075 ±    0.00237    16.377 ±  0.098 %    70.613 ±  0.167 %
  74      48.1078 ±    0.6816       0.14437 ±    0.00503       0.44983 ±    0.00235    16.372 ±  0.097 %    70.667 ±  0.165 %
  75      47.9981 ±    0.6753       0.14369 ±    0.00500       0.44946 ±    0.00234    16.357 ±  0.097 %    70.716 ±  0.164 %
  76      48.0801 ±    0.6722       0.14452 ±    0.00497       0.45022 ±    0.00233    16.338 ±  0.096 %    70.681 ±  0.163 %
  77      48.0997 ±    0.6679       0.14356 ±    0.00494       0.44972 ±    0.00231    16.323 ±  0.095 %    70.678 ±  0.162 %
  78      48.0622 ±    0.6632       0.14298 ±    0.00491       0.44916 ±    0.00229    16.291 ±  0.095 %    70.726 ±  0.161 %
  79      48.1676 ±    0.6607       0.14356 ±    0.00487       0.44962 ±    0.00228    16.291 ±  0.094 %    70.691 ±  0.160 %
  80      48.3432 ±    0.6589       0.14288 ±    0.00484       0.44969 ±    0.00226    16.278 ±  0.093 %    70.671 ±  0.159 %
  81      47.7841 ±    0.6465       0.14124 ±    0.00480       0.44882 ±    0.00225    16.281 ±  0.093 %    70.729 ±  0.158 %
  82      47.2885 ±    0.6356       0.13854 ±    0.00477       0.44785 ±    0.00223    16.287 ±  0.092 %    70.808 ±  0.157 %
  83      46.7234 ±    0.6238       0.13695 ±    0.00474       0.44711 ±    0.00221    16.295 ±  0.092 %    70.848 ±  0.156 %
  84      46.4570 ±    0.6168       0.13634 ±    0.00471       0.44637 ±    0.00220    16.304 ±  0.091 %    70.905 ±  0.155 %
  85      46.5842 ±    0.6147       0.13610 ±    0.00469       0.44654 ±    0.00218    16.310 ±  0.091 %    70.906 ±  0.154 %
  86      46.4994 ±    0.6097       0.13615 ±    0.00466       0.44618 ±    0.00217    16.315 ±  0.090 %    70.898 ±  0.153 %
  87      46.6325 ±    0.6078       0.13582 ±    0.00463       0.44596 ±    0.00215    16.298 ±  0.089 %    70.903 ±  0.152 %
  88      46.9941 ±    0.6086       0.13506 ±    0.00460       0.44586 ±    0.00214    16.263 ±  0.089 %    70.853 ±  0.151 %
  89      46.9889 ±    0.6050       0.13416 ±    0.00457       0.44543 ±    0.00212    16.244 ±  0.088 %    70.839 ±  0.151 %
  90      47.2598 ±    0.6049       0.13310 ±    0.00456       0.44681 ±    0.00211    16.245 ±  0.088 %    70.784 ±  0.150 %
  91      47.8315 ±    0.6092       0.13353 ±    0.00453       0.44784 ±    0.00210    16.217 ±  0.087 %    70.724 ±  0.149 %
  92      48.3720 ±    0.6133       0.13443 ±    0.00451       0.44918 ±    0.00209    16.207 ±  0.087 %    70.655 ±  0.148 %
  93      48.6988 ±    0.6140       0.13536 ±    0.00449       0.45062 ±    0.00209    16.199 ±  0.086 %    70.575 ±  0.148 %
  94      49.2916 ±    0.6190       0.13580 ±    0.00447       0.45170 ±    0.00208    16.174 ±  0.086 %    70.495 ±  0.147 %
  95      49.7823 ±    0.6221       0.13498 ±    0.00445       0.45285 ±    0.00207    16.165 ±  0.085 %    70.425 ±  0.146 %
  96      49.6712 ±    0.6171       0.13384 ±    0.00443       0.45301 ±    0.00206    16.183 ±  0.085 %    70.430 ±  0.146 %
  97      49.8910 ±    0.6168       0.13354 ±    0.00441       0.45317 ±    0.00204    16.178 ±  0.085 %    70.412 ±  0.145 %
  98      49.9913 ±    0.6150       0.13248 ±    0.00438       0.45268 ±    0.00203    16.177 ±  0.084 %    70.426 ±  0.144 %
  99      50.3662 ±    0.6172       0.13220 ±    0.00437       0.45290 ±    0.00202    16.161 ±  0.084 %    70.402 ±  0.143 %
 100      50.3659 ±    0.6141       0.13319 ±    0.00434       0.45267 ±    0.00201    16.160 ±  0.083 %    70.414 ±  0.143 %
 101      50.6039 ±    0.6145       0.13362 ±    0.00432       0.45281 ±    0.00200    16.147 ±  0.083 %    70.398 ±  0.142 %
 102      50.8181 ±    0.6143       0.13258 ±    0.00430       0.45231 ±    0.00199    16.132 ±  0.082 %    70.423 ±  0.141 %
 103      51.0458 ±    0.6143       0.13286 ±    0.00428       0.45270 ±    0.00198    16.123 ±  0.082 %    70.408 ±  0.141 %
 104      51.1464 ±    0.6124       0.13301 ±    0.00426       0.45218 ±    0.00196    16.121 ±  0.081 %    70.412 ±  0.140 %
 105      51.1877 ±    0.6099       0.13320 ±    0.00424       0.45257 ±    0.00195    16.130 ±  0.081 %    70.401 ±  0.139 %
 106      51.4571 ±    0.6105       0.13212 ±    0.00421       0.45236 ±    0.00194    16.112 ±  0.081 %    70.412 ±  0.139 %
 107      51.4514 ±    0.6074       0.13298 ±    0.00419       0.45206 ±    0.00193    16.113 ±  0.080 %    70.425 ±  0.138 %
 108      51.5858 ±    0.6064       0.13313 ±    0.00417       0.45143 ±    0.00192    16.095 ±  0.080 %    70.439 ±  0.137 %
 109      51.5839 ±    0.6036       0.13234 ±    0.00415       0.45141 ±    0.00191    16.090 ±  0.080 %    70.445 ±  0.137 %
 110      51.3408 ±    0.5978       0.13298 ±    0.00413       0.45047 ±    0.00190    16.090 ±  0.079 %    70.494 ±  0.136 %
 111      51.2482 ±    0.5940       0.13313 ±    0.00412       0.45024 ±    0.00189    16.084 ±  0.079 %    70.518 ±  0.135 %
 112      51.1365 ±    0.5902       0.13520 ±    0.00410       0.45043 ±    0.00189    16.106 ±  0.079 %    70.537 ±  0.135 %
 113      51.3005 ±    0.5898       0.13427 ±    0.00408       0.45079 ±    0.00188    16.114 ±  0.078 %    70.524 ±  0.134 %
 114      51.5550 ±    0.5905       0.13461 ±    0.00406       0.45082 ±    0.00187    16.116 ±  0.078 %    70.524 ±  0.134 %
 115      51.7143 ±    0.5900       0.13343 ±    0.00405       0.45099 ±    0.00186    16.111 ±  0.078 %    70.535 ±  0.133 %
 116      52.0146 ±    0.5913       0.13410 ±    0.00404       0.45178 ±    0.00186    16.101 ±  0.077 %    70.514 ±  0.132 %
 117      51.6542 ±    0.5843       0.13374 ±    0.00401       0.45146 ±    0.00185    16.115 ±  0.077 %    70.555 ±  0.132 %
 118      51.3458 ±    0.5783       0.13455 ±    0.00400       0.45060 ±    0.00185    16.142 ±  0.077 %    70.602 ±  0.131 %
 119      51.2762 ±    0.5749       0.13471 ±    0.00398       0.45052 ±    0.00184    16.151 ±  0.077 %    70.633 ±  0.131 %
 120      51.1148 ±    0.5707       0.13472 ±    0.00396       0.44979 ±    0.00183    16.141 ±  0.076 %    70.694 ±  0.130 %
 121      50.8970 ±    0.5656       0.13450 ±    0.00394       0.44907 ±    0.00182    16.144 ±  0.076 %    70.728 ±  0.129 %
 122      50.8844 ±    0.5631       0.13690 ±    0.00392       0.44938 ±    0.00182    16.156 ±  0.075 %    70.743 ±  0.129 %
 123      51.0140 ±    0.5626       0.13755 ±    0.00391       0.44896 ±    0.00181    16.141 ±  0.075 %    70.782 ±  0.128 %
 124      50.9909 ±    0.5603       0.13718 ±    0.00389       0.44909 ±    0.00180    16.137 ±  0.075 %    70.811 ±  0.128 %
 125      51.0174 ±    0.5587       0.13775 ±    0.00388       0.44900 ±    0.00180    16.145 ±  0.075 %    70.813 ±  0.127 %
 126      51.1397 ±    0.5581       0.13831 ±    0.00386       0.44891 ±    0.00179    16.137 ±  0.074 %    70.826 ±  0.127 %
 127      51.1245 ±    0.5558       0.13929 ±    0.00385       0.44855 ±    0.00178    16.128 ±  0.074 %    70.847 ±  0.126 %
 128      50.8678 ±    0.5506       0.13976 ±    0.00383       0.44777 ±    0.00178    16.135 ±  0.074 %    70.874 ±  0.126 %
 129      50.8518 ±    0.5483       0.14063 ±    0.00382       0.44754 ±    0.00177    16.131 ±  0.073 %    70.864 ±  0.125 %
 130      51.0178 ±    0.5484       0.14067 ±    0.00380       0.44778 ±    0.00176    16.131 ±  0.073 %    70.864 ±  0.125 %
 131      50.8976 ±    0.5448       0.14088 ±    0.00378       0.44740 ±    0.00175    16.122 ±  0.073 %    70.889 ±  0.124 %
 132      50.9246 ±    0.5432       0.14045 ±    0.00377       0.44737 ±    0.00174    16.113 ±  0.072 %    70.894 ±  0.124 %
 133      51.0585 ±    0.5426       0.14035 ±    0.00375       0.44724 ±    0.00174    16.109 ±  0.072 %    70.882 ±  0.123 %
 134      50.8880 ±    0.5384       0.14117 ±    0.00374       0.44752 ±    0.00173    16.127 ±  0.072 %    70.888 ±  0.123 %
 135      50.6921 ±    0.5341       0.14129 ±    0.00372       0.44734 ±    0.00172    16.145 ±  0.072 %    70.887 ±  0.122 %
 136      50.2988 ±    0.5281       0.14165 ±    0.00371       0.44680 ±    0.00172    16.150 ±  0.071 %    70.930 ±  0.122 %
 137      50.2118 ±    0.5252       0.14150 ±    0.00369       0.44645 ±    0.00171    16.147 ±  0.071 %    70.946 ±  0.121 %
 138      50.3393 ±    0.5247       0.14115 ±    0.00368       0.44630 ±    0.00170    16.136 ±  0.071 %    70.946 ±  0.121 %
 139      50.6909 ±    0.5269       0.14071 ±    0.00367       0.44673 ±    0.00170    16.121 ±  0.071 %    70.925 ±  0.120 %
 140      50.6705 ±    0.5247       0.14050 ±    0.00365       0.44686 ±    0.00169    16.116 ±  0.070 %    70.924 ±  0.120 %
 141      50.7346 ±    0.5236       0.14016 ±    0.00364       0.44698 ±    0.00169    16.103 ±  0.070 %    70.916 ±  0.120 %
 142      50.7967 ±    0.5224       0.13971 ±    0.00362       0.44690 ±    0.00168    16.101 ±  0.070 %    70.912 ±  0.119 %
 143      50.9895 ±    0.5226       0.13983 ±    0.00361       0.44726 ±    0.00168    16.100 ±  0.069 %    70.883 ±  0.119 %
 144      51.0970 ±    0.5223       0.14072 ±    0.00360       0.44761 ±    0.00167    16.108 ±  0.069 %    70.884 ±  0.118 %

====== Perplexity statistics ======
Mean PPL(Q)                   :  51.097047 ±   0.522296
Mean PPL(base)                :  44.389851 ±   0.462582
Cor(ln(PPL(Q)), ln(PPL(base))):  93.93%
Mean ln(PPL(Q)/PPL(base))     :   0.140716 ±   0.003602
Mean PPL(Q)/PPL(base)         :   1.151098 ±   0.004147
Mean PPL(Q)-PPL(base)         :   6.707197 ±   0.181415

====== KL divergence statistics ======
Mean    KLD:   0.447607 ±   0.001671
Maximum KLD:  13.395781
99.9%   KLD:   6.062440
99.0%   KLD:   3.087602
95.0%   KLD:   1.576800
90.0%   KLD:   1.088556
Median  KLD:   0.241371
10.0%   KLD:   0.011179
 5.0%   KLD:   0.002571
 1.0%   KLD:   0.000158
 0.1%   KLD:   0.000012
Minimum KLD:  -0.000001

====== Token probability statistics ======
Mean    Δp: -3.860 ± 0.041 %
Maximum Δp: 98.567%
99.9%   Δp: 66.883%
99.0%   Δp: 35.399%
95.0%   Δp: 12.603%
90.0%   Δp:  4.518%
75.0%   Δp:  0.136%
Median  Δp: -0.051%
25.0%   Δp: -3.958%
10.0%   Δp: -20.017%
 5.0%   Δp: -34.742%
 1.0%   Δp: -66.827%
 0.1%   Δp: -92.433%
Minimum Δp: -99.961%
RMS Δp    : 16.108 ± 0.069 %
Same top p: 70.884 ± 0.118 %

------------------------------
