llama-perplexity --version
version: 9905 (4595fff0b)
built with GNU 13.4.0 for Linux x86_64
------------------------------
llama-perplexity --kl-divergence-base /tmp/logits.dat --ctx-size 2048 -f sample-data/wiki.test.raw -hf byteshape/Qwen3.6-35B-A3B-MTP-GGUF:Qwen3.6-35B-A3B-IQ4_XS-3.97bpw -fa on -ngl 99 --cpu-moe -ctk f16 -ctv f16
0.00.565.191 I common_init_result: fitting params to device memory ...
0.00.565.195 I common_init_result: (for bugs during this step try to reproduce them with -fit off, or provide --verbose logs if the bug only occurs with -fit on)
0.02.914.652 W llama_model_loader: tensor overrides to CPU are used with mmap enabled - consider using --no-mmap for better performance
0.05.700.574 W llama_context: n_ctx_seq (2048) < n_ctx_train (262144) -- the full capacity of the model will not be utilized
0.05.729.786 I common_init_from_params: warming up the model with an empty run - please wait ... (--no-warmup to disable)
0.05.809.867 I 
0.05.809.946 I system_info: n_threads = 16 (n_threads_batch = 16) / 32 | CUDA : ARCHS = 500,610,700,750,800,860,890,900 | USE_GRAPHS = 1 | PEER_MAX_BATCH_SIZE = 128 | CPU : SSE3 = 1 | SSSE3 = 1 | AVX = 1 | AVX2 = 1 | F16C = 1 | FMA = 1 | BMI2 = 1 | LLAMAFILE = 1 | OPENMP = 1 | REPACK = 1 | 
0.05.810.019 I perplexity: saving all logits to /tmp/logits.dat
0.05.810.026 I perplexity: tokenizing the input ..
0.06.378.008 I perplexity: tokenization took 567.973 ms
0.06.378.194 I perplexity: calculating perplexity over 145 chunks, n_ctx=2048, batch_size=2048, n_seq=1
0.12.031.538 I perplexity: 5.22 seconds per pass - ETA 12.62 minutes
[1]4.7565,[2]5.9800,[3]6.3253,[4]6.3561,[5]6.2675,[6]5.4268,[7]4.9375,[8]4.9488,[9]5.2131,[10]5.3414,[11]5.4360,[12]5.6712,[13]5.7305,[14]5.8265,[15]5.9004,[16]6.0780,[17]6.1399,[18]6.2420,[19]6.1899,[20]5.9136,[21]5.9339,[22]5.9652,[23]6.0174,[24]6.0319,[25]6.0796,[26]6.0636,[27]6.2070,[28]6.2877,[29]6.2559,[30]6.2230,[31]6.1453,[32]6.0434,[33]6.0085,[34]6.0063,[35]6.0230,[36]6.0409,[37]5.9543,[38]5.8909,[39]5.8204,[40]5.7430,[41]5.6985,[42]5.7333,[43]5.8656,[44]5.9724,[45]5.9485,[46]5.9648,[47]5.9943,[48]6.0075,[49]6.0526,[50]6.0284,[51]6.0649,[52]6.0192,[53]6.0026,[54]5.9838,[55]5.9439,[56]5.9306,[57]5.8801,[58]5.8699,[59]5.8460,[60]5.8434,[61]5.8626,[62]5.8956,[63]5.9329,[64]5.9658,[65]5.9197,[66]5.9419,[67]5.9328,[68]5.9148,[69]5.9088,[70]5.9040,[71]5.8810,[72]5.8831,[73]5.9093,[74]5.9373,[75]5.9260,[76]5.9483,[77]5.9437,[78]5.9359,[79]5.9630,[80]5.9239,[81]5.9332,[82]5.9077,[83]5.9014,[84]5.8846,[85]5.8692,[86]5.8833,[87]5.8647,[88]5.8593,[89]5.8788,[90]5.8858,[91]5.9340,[92]5.9726,[93]6.0026,[94]6.0265,[95]6.0599,[96]6.1020,[97]6.1533,[98]6.1472,[99]6.1551,[100]6.1636,[101]6.1397,[102]6.1434,[103]6.1427,[104]6.1422,[105]6.1353,[106]6.1187,[107]6.1316,[108]6.1240,[109]6.1296,[110]6.1296,[111]6.1151,[112]6.1017,[113]6.0786,[114]6.1061,[115]6.1114,[116]6.1210,[117]6.1303,[118]6.1265,[119]6.1073,[120]6.1143,[121]6.1113,[122]6.1062,[123]6.0973,[124]6.0935,[125]6.1082,[126]6.1035,[127]6.1144,[128]6.1039,[129]6.1022,[130]6.0917,[131]6.0973,[132]6.0990,[133]6.1088,[134]6.1215,[135]6.1175,[136]6.0975,[137]6.0674,[138]6.0746,[139]6.0896,[140]6.1158,[141]6.1026,[142]6.1041,[143]6.1048,[144]6.1164,[145]6.1092,
11.59.675.711 I Final estimate: PPL = 6.1092 +/- 0.03828

------------------------------
llama-perplexity --kl-divergence-base /tmp/logits.dat --ctx-size 2048 -f sample-data/wiki.test.raw -hf byteshape/Qwen3.6-35B-A3B-MTP-GGUF:Qwen3.6-35B-A3B-IQ4_XS-3.97bpw -fa on -ngl 99 --cpu-moe -ctk f16 -ctv q8_0 --kl-divergence
0.00.536.882 I common_init_result: fitting params to device memory ...
0.00.536.886 I common_init_result: (for bugs during this step try to reproduce them with -fit off, or provide --verbose logs if the bug only occurs with -fit on)
0.02.953.783 W llama_model_loader: tensor overrides to CPU are used with mmap enabled - consider using --no-mmap for better performance
0.05.747.279 W llama_context: n_ctx_seq (2048) < n_ctx_train (262144) -- the full capacity of the model will not be utilized
0.05.776.529 I common_init_from_params: warming up the model with an empty run - please wait ... (--no-warmup to disable)
0.05.861.408 I 
0.05.861.487 I system_info: n_threads = 16 (n_threads_batch = 16) / 32 | CUDA : ARCHS = 500,610,700,750,800,860,890,900 | USE_GRAPHS = 1 | PEER_MAX_BATCH_SIZE = 128 | CPU : SSE3 = 1 | SSSE3 = 1 | AVX = 1 | AVX2 = 1 | F16C = 1 | FMA = 1 | BMI2 = 1 | LLAMAFILE = 1 | OPENMP = 1 | REPACK = 1 | 
0.06.085.415 I kl_divergence: computing over 145 chunks, n_ctx=2048, batch_size=2048, n_seq=1
0.11.286.245 I kl_divergence: 5.20 seconds per pass - ETA 12.57 minutes

chunk             PPL               ln(PPL(Q)/PPL(base))          KL Divergence              Δp RMS            Same top p
   1       4.7567 ±    0.3414       0.00004 ±    0.00407       0.00596 ±    0.00049     2.195 ±  0.160 %    96.188 ±  0.599 %
   2       5.9790 ±    0.3156      -0.00018 ±    0.00269       0.00544 ±    0.00028     2.005 ±  0.102 %    96.432 ±  0.410 %
   3       6.3238 ±    0.2751      -0.00023 ±    0.00204       0.00483 ±    0.00022     1.988 ±  0.112 %    96.742 ±  0.321 %
   4       6.3707 ±    0.2423       0.00228 ±    0.00179       0.00501 ±    0.00045     2.410 ±  0.288 %    97.019 ±  0.266 %
   5       6.2790 ±    0.2156       0.00184 ±    0.00157       0.00484 ±    0.00037     2.291 ±  0.244 %    97.400 ±  0.223 %
   6       5.4405 ±    0.1657       0.00261 ±    0.00144       0.00550 ±    0.00054     2.344 ±  0.202 %    97.344 ±  0.205 %
   7       4.9465 ±    0.1355       0.00188 ±    0.00130       0.00528 ±    0.00047     2.325 ±  0.179 %    97.458 ±  0.186 %
   8       4.9589 ±    0.1269       0.00209 ±    0.00123       0.00522 ±    0.00041     2.302 ±  0.159 %    97.495 ±  0.173 %
   9       5.2203 ±    0.1267       0.00145 ±    0.00118       0.00535 ±    0.00037     2.272 ±  0.144 %    97.317 ±  0.168 %
  10       5.3521 ±    0.1248       0.00218 ±    0.00111       0.00513 ±    0.00033     2.198 ±  0.134 %    97.449 ±  0.156 %
  11       5.4451 ±    0.1211       0.00195 ±    0.00106       0.00491 ±    0.00030     2.137 ±  0.126 %    97.503 ±  0.147 %
  12       5.6791 ±    0.1222       0.00174 ±    0.00101       0.00481 ±    0.00028     2.101 ±  0.118 %    97.450 ±  0.142 %
  13       5.7376 ±    0.1187       0.00156 ±    0.00096       0.00477 ±    0.00026     2.081 ±  0.110 %    97.436 ±  0.137 %
  14       5.8341 ±    0.1167       0.00161 ±    0.00092       0.00467 ±    0.00024     2.039 ±  0.104 %    97.438 ±  0.132 %
  15       5.9083 ±    0.1146       0.00163 ±    0.00089       0.00465 ±    0.00023     2.031 ±  0.098 %    97.367 ±  0.129 %
  16       6.0855 ±    0.1149       0.00150 ±    0.00085       0.00459 ±    0.00021     2.006 ±  0.094 %    97.324 ±  0.126 %
  17       6.1469 ±    0.1124       0.00140 ±    0.00082       0.00450 ±    0.00020     1.974 ±  0.090 %    97.326 ±  0.122 %
  18       6.2483 ±    0.1113       0.00124 ±    0.00079       0.00445 ±    0.00019     1.946 ±  0.086 %    97.323 ±  0.119 %
  19       6.1963 ±    0.1077       0.00125 ±    0.00076       0.00435 ±    0.00018     1.916 ±  0.083 %    97.330 ±  0.116 %
  20       5.9205 ±    0.0996       0.00151 ±    0.00078       0.00498 ±    0.00027     2.136 ±  0.085 %    97.302 ±  0.113 %
  21       5.9406 ±    0.0975       0.00146 ±    0.00077       0.00503 ±    0.00026     2.140 ±  0.082 %    97.268 ±  0.111 %
  22       5.9707 ±    0.0959       0.00123 ±    0.00074       0.00500 ±    0.00024     2.127 ±  0.079 %    97.241 ±  0.109 %
  23       6.0218 ±    0.0946       0.00103 ±    0.00074       0.00499 ±    0.00023     2.112 ±  0.076 %    97.225 ±  0.107 %
  24       6.0380 ±    0.0927       0.00130 ±    0.00072       0.00499 ±    0.00022     2.103 ±  0.074 %    97.214 ±  0.105 %
  25       6.0855 ±    0.0918       0.00124 ±    0.00070       0.00495 ±    0.00022     2.081 ±  0.072 %    97.200 ±  0.103 %
  26       6.0694 ±    0.0897       0.00122 ±    0.00069       0.00494 ±    0.00021     2.083 ±  0.071 %    97.218 ±  0.101 %
  27       6.2128 ±    0.0906       0.00118 ±    0.00067       0.00484 ±    0.00020     2.055 ±  0.069 %    97.201 ±  0.099 %
  28       6.2944 ±    0.0905       0.00130 ±    0.00065       0.00483 ±    0.00020     2.037 ±  0.067 %    97.214 ±  0.097 %
  29       6.2626 ±    0.0884       0.00133 ±    0.00065       0.00487 ±    0.00019     2.055 ±  0.065 %    97.233 ±  0.095 %
  30       6.2299 ±    0.0863       0.00137 ±    0.00064       0.00489 ±    0.00019     2.080 ±  0.065 %    97.217 ±  0.094 %
  31       6.1537 ±    0.0837       0.00161 ±    0.00062       0.00484 ±    0.00018     2.068 ±  0.063 %    97.219 ±  0.092 %
  32       6.0504 ±    0.0808       0.00140 ±    0.00061       0.00483 ±    0.00017     2.074 ±  0.062 %    97.220 ±  0.091 %
  33       6.0128 ±    0.0789       0.00100 ±    0.00066       0.00490 ±    0.00020     2.086 ±  0.065 %    97.213 ±  0.090 %
  34       6.0108 ±    0.0776       0.00101 ±    0.00064       0.00483 ±    0.00019     2.068 ±  0.063 %    97.220 ±  0.088 %
  35       6.0256 ±    0.0768       0.00071 ±    0.00063       0.00483 ±    0.00018     2.067 ±  0.062 %    97.202 ±  0.087 %
  36       6.0431 ±    0.0760       0.00062 ±    0.00062       0.00490 ±    0.00020     2.076 ±  0.063 %    97.195 ±  0.086 %
  37       5.9566 ±    0.0736       0.00064 ±    0.00061       0.00483 ±    0.00019     2.058 ±  0.062 %    97.231 ±  0.084 %
  38       5.8928 ±    0.0716       0.00056 ±    0.00060       0.00478 ±    0.00019     2.050 ±  0.061 %    97.250 ±  0.083 %
  39       5.8223 ±    0.0696       0.00056 ±    0.00059       0.00474 ±    0.00019     2.041 ±  0.059 %    97.248 ±  0.082 %
  40       5.7452 ±    0.0675       0.00062 ±    0.00058       0.00467 ±    0.00018     2.027 ±  0.058 %    97.263 ±  0.081 %
  41       5.7012 ±    0.0659       0.00070 ±    0.00057       0.00465 ±    0.00018     2.038 ±  0.060 %    97.282 ±  0.079 %
  42       5.7360 ±    0.0657       0.00076 ±    0.00057       0.00462 ±    0.00017     2.025 ±  0.059 %    97.284 ±  0.078 %
  43       5.8679 ±    0.0669       0.00068 ±    0.00056       0.00466 ±    0.00018     2.055 ±  0.067 %    97.267 ±  0.078 %
  44       5.9745 ±    0.0677       0.00072 ±    0.00056       0.00465 ±    0.00017     2.043 ±  0.066 %    97.259 ±  0.077 %
  45       5.9516 ±    0.0666       0.00087 ±    0.00055       0.00478 ±    0.00017     2.073 ±  0.065 %    97.222 ±  0.077 %
  46       5.9683 ±    0.0661       0.00100 ±    0.00055       0.00483 ±    0.00017     2.073 ±  0.063 %    97.225 ±  0.076 %
  47       5.9982 ±    0.0658       0.00105 ±    0.00054       0.00480 ±    0.00017     2.065 ±  0.062 %    97.228 ±  0.075 %
  48       6.0110 ±    0.0652       0.00097 ±    0.00054       0.00482 ±    0.00016     2.088 ±  0.063 %    97.214 ±  0.074 %
  49       6.0564 ±    0.0651       0.00102 ±    0.00054       0.00483 ±    0.00016     2.083 ±  0.062 %    97.203 ±  0.074 %
  50       6.0322 ±    0.0641       0.00101 ±    0.00053       0.00480 ±    0.00016     2.073 ±  0.061 %    97.218 ±  0.073 %
  51       6.0688 ±    0.0640       0.00100 ±    0.00052       0.00476 ±    0.00015     2.060 ±  0.060 %    97.221 ±  0.072 %
  52       6.0228 ±    0.0627       0.00096 ±    0.00051       0.00473 ±    0.00015     2.056 ±  0.059 %    97.233 ±  0.071 %
  53       6.0068 ±    0.0619       0.00105 ±    0.00051       0.00471 ±    0.00015     2.049 ±  0.058 %    97.211 ±  0.071 %
  54       5.9885 ±    0.0611       0.00113 ±    0.00050       0.00469 ±    0.00015     2.048 ±  0.058 %    97.234 ±  0.070 %
  55       5.9494 ±    0.0600       0.00126 ±    0.00049       0.00466 ±    0.00014     2.040 ±  0.057 %    97.229 ±  0.069 %
  56       5.9358 ±    0.0593       0.00122 ±    0.00049       0.00464 ±    0.00014     2.040 ±  0.056 %    97.226 ±  0.069 %
  57       5.8853 ±    0.0581       0.00120 ±    0.00048       0.00461 ±    0.00014     2.035 ±  0.055 %    97.239 ±  0.068 %
  58       5.8747 ±    0.0574       0.00115 ±    0.00048       0.00463 ±    0.00014     2.034 ±  0.054 %    97.236 ±  0.067 %
  59       5.8512 ±    0.0567       0.00123 ±    0.00048       0.00472 ±    0.00014     2.062 ±  0.053 %    97.227 ±  0.067 %
  60       5.8484 ±    0.0562       0.00120 ±    0.00047       0.00468 ±    0.00013     2.050 ±  0.053 %    97.240 ±  0.066 %
  61       5.8681 ±    0.0560       0.00127 ±    0.00047       0.00466 ±    0.00013     2.043 ±  0.052 %    97.252 ±  0.065 %
  62       5.9009 ±    0.0559       0.00122 ±    0.00047       0.00465 ±    0.00013     2.035 ±  0.052 %    97.238 ±  0.065 %
  63       5.9379 ±    0.0559       0.00117 ±    0.00046       0.00463 ±    0.00013     2.030 ±  0.051 %    97.237 ±  0.065 %
  64       5.9709 ±    0.0559       0.00116 ±    0.00046       0.00462 ±    0.00013     2.022 ±  0.050 %    97.245 ±  0.064 %
  65       5.9243 ±    0.0549       0.00110 ±    0.00045       0.00460 ±    0.00012     2.022 ±  0.050 %    97.245 ±  0.063 %
  66       5.9468 ±    0.0548       0.00114 ±    0.00045       0.00460 ±    0.00012     2.021 ±  0.049 %    97.239 ±  0.063 %
  67       5.9377 ±    0.0542       0.00115 ±    0.00044       0.00459 ±    0.00012     2.016 ±  0.049 %    97.232 ±  0.063 %
  68       5.9197 ±    0.0536       0.00114 ±    0.00044       0.00459 ±    0.00012     2.013 ±  0.048 %    97.240 ±  0.062 %
  69       5.9137 ±    0.0531       0.00113 ±    0.00044       0.00457 ±    0.00012     2.009 ±  0.047 %    97.226 ±  0.062 %
  70       5.9091 ±    0.0527       0.00117 ±    0.00043       0.00457 ±    0.00012     2.005 ±  0.047 %    97.227 ±  0.061 %
  71       5.8859 ±    0.0521       0.00114 ±    0.00043       0.00459 ±    0.00012     2.010 ±  0.046 %    97.238 ±  0.061 %
  72       5.8878 ±    0.0517       0.00111 ±    0.00043       0.00458 ±    0.00011     2.004 ±  0.046 %    97.244 ±  0.060 %
  73       5.9145 ±    0.0517       0.00119 ±    0.00043       0.00459 ±    0.00011     2.003 ±  0.045 %    97.233 ±  0.060 %
  74       5.9431 ±    0.0517       0.00127 ±    0.00043       0.00458 ±    0.00011     1.998 ±  0.045 %    97.235 ±  0.060 %
  75       5.9316 ±    0.0512       0.00125 ±    0.00042       0.00456 ±    0.00011     1.992 ±  0.044 %    97.236 ±  0.059 %
  76       5.9539 ±    0.0511       0.00124 ±    0.00042       0.00456 ±    0.00011     1.988 ±  0.044 %    97.237 ±  0.059 %
  77       5.9496 ±    0.0506       0.00127 ±    0.00042       0.00454 ±    0.00011     1.984 ±  0.043 %    97.234 ±  0.058 %
  78       5.9412 ±    0.0502       0.00116 ±    0.00041       0.00454 ±    0.00011     1.986 ±  0.043 %    97.239 ±  0.058 %
  79       5.9685 ±    0.0502       0.00120 ±    0.00041       0.00452 ±    0.00011     1.979 ±  0.043 %    97.239 ±  0.058 %
  80       5.9294 ±    0.0495       0.00123 ±    0.00041       0.00459 ±    0.00010     2.007 ±  0.042 %    97.236 ±  0.057 %
  81       5.9389 ±    0.0492       0.00127 ±    0.00041       0.00464 ±    0.00010     2.015 ±  0.041 %    97.215 ±  0.057 %
  82       5.9133 ±    0.0487       0.00126 ±    0.00041       0.00461 ±    0.00010     2.010 ±  0.041 %    97.233 ±  0.057 %
  83       5.9061 ±    0.0483       0.00110 ±    0.00040       0.00460 ±    0.00010     2.010 ±  0.041 %    97.225 ±  0.056 %
  84       5.8893 ±    0.0478       0.00110 ±    0.00040       0.00459 ±    0.00010     2.006 ±  0.040 %    97.229 ±  0.056 %
  85       5.8739 ±    0.0474       0.00111 ±    0.00040       0.00457 ±    0.00010     2.002 ±  0.040 %    97.233 ±  0.056 %
  86       5.8874 ±    0.0473       0.00100 ±    0.00039       0.00456 ±    0.00010     1.996 ±  0.040 %    97.215 ±  0.055 %
  87       5.8686 ±    0.0468       0.00097 ±    0.00039       0.00454 ±    0.00010     1.991 ±  0.039 %    97.212 ±  0.055 %
  88       5.8638 ±    0.0465       0.00106 ±    0.00039       0.00454 ±    0.00010     1.995 ±  0.040 %    97.215 ±  0.055 %
  89       5.8825 ±    0.0464       0.00097 ±    0.00039       0.00459 ±    0.00010     1.999 ±  0.039 %    97.220 ±  0.054 %
  90       5.8898 ±    0.0462       0.00101 ±    0.00039       0.00460 ±    0.00010     2.007 ±  0.039 %    97.224 ±  0.054 %
  91       5.9380 ±    0.0464       0.00099 ±    0.00038       0.00459 ±    0.00010     2.003 ±  0.039 %    97.203 ±  0.054 %
  92       5.9762 ±    0.0465       0.00093 ±    0.00038       0.00458 ±    0.00010     2.000 ±  0.039 %    97.202 ±  0.054 %
  93       6.0063 ±    0.0466       0.00093 ±    0.00038       0.00458 ±    0.00010     1.995 ±  0.038 %    97.188 ±  0.054 %
  94       6.0304 ±    0.0466       0.00096 ±    0.00038       0.00458 ±    0.00010     1.991 ±  0.038 %    97.184 ±  0.053 %
  95       6.0640 ±    0.0466       0.00099 ±    0.00037       0.00458 ±    0.00010     1.988 ±  0.038 %    97.170 ±  0.053 %
  96       6.1060 ±    0.0468       0.00097 ±    0.00037       0.00457 ±    0.00010     1.982 ±  0.037 %    97.176 ±  0.053 %
  97       6.1580 ±    0.0471       0.00107 ±    0.00037       0.00459 ±    0.00010     1.981 ±  0.037 %    97.177 ±  0.053 %
  98       6.1522 ±    0.0468       0.00113 ±    0.00037       0.00458 ±    0.00010     1.981 ±  0.037 %    97.181 ±  0.052 %
  99       6.1602 ±    0.0466       0.00114 ±    0.00037       0.00457 ±    0.00009     1.975 ±  0.036 %    97.188 ±  0.052 %
 100       6.1683 ±    0.0465       0.00108 ±    0.00036       0.00457 ±    0.00009     1.978 ±  0.036 %    97.183 ±  0.052 %
 101       6.1443 ±    0.0460       0.00107 ±    0.00036       0.00460 ±    0.00009     1.989 ±  0.036 %    97.174 ±  0.052 %
 102       6.1481 ±    0.0458       0.00107 ±    0.00036       0.00462 ±    0.00009     1.989 ±  0.036 %    97.169 ±  0.051 %
 103       6.1470 ±    0.0456       0.00100 ±    0.00036       0.00466 ±    0.00009     1.997 ±  0.035 %    97.147 ±  0.051 %
 104       6.1460 ±    0.0453       0.00092 ±    0.00036       0.00478 ±    0.00009     2.015 ±  0.035 %    97.127 ±  0.051 %
 105       6.1384 ±    0.0450       0.00082 ±    0.00036       0.00483 ±    0.00009     2.022 ±  0.035 %    97.113 ±  0.051 %
 106       6.1223 ±    0.0447       0.00093 ±    0.00037       0.00492 ±    0.00009     2.049 ±  0.036 %    97.098 ±  0.051 %
 107       6.1350 ±    0.0446       0.00091 ±    0.00037       0.00504 ±    0.00016     2.061 ±  0.038 %    97.097 ±  0.051 %
 108       6.1276 ±    0.0443       0.00093 ±    0.00036       0.00504 ±    0.00016     2.061 ±  0.037 %    97.103 ±  0.050 %
 109       6.1326 ±    0.0441       0.00084 ±    0.00036       0.00504 ±    0.00016     2.061 ±  0.037 %    97.107 ±  0.050 %
 110       6.1323 ±    0.0440       0.00082 ±    0.00036       0.00503 ±    0.00016     2.060 ±  0.037 %    97.107 ±  0.050 %
 111       6.1172 ±    0.0436       0.00073 ±    0.00036       0.00510 ±    0.00017     2.087 ±  0.041 %    97.097 ±  0.050 %
 112       6.1040 ±    0.0433       0.00074 ±    0.00036       0.00508 ±    0.00016     2.084 ±  0.041 %    97.108 ±  0.050 %
 113       6.0811 ±    0.0429       0.00078 ±    0.00036       0.00507 ±    0.00016     2.081 ±  0.040 %    97.113 ±  0.049 %
 114       6.1088 ±    0.0430       0.00081 ±    0.00036       0.00506 ±    0.00016     2.078 ±  0.040 %    97.118 ±  0.049 %
 115       6.1141 ±    0.0429       0.00080 ±    0.00035       0.00505 ±    0.00016     2.074 ±  0.040 %    97.127 ±  0.049 %
 116       6.1239 ±    0.0428       0.00083 ±    0.00035       0.00504 ±    0.00016     2.070 ±  0.040 %    97.125 ±  0.049 %
 117       6.1332 ±    0.0427       0.00083 ±    0.00035       0.00504 ±    0.00016     2.067 ±  0.039 %    97.113 ±  0.048 %
 118       6.1300 ±    0.0424       0.00094 ±    0.00035       0.00511 ±    0.00016     2.097 ±  0.043 %    97.106 ±  0.048 %
 119       6.1110 ±    0.0421       0.00097 ±    0.00036       0.00520 ±    0.00017     2.137 ±  0.047 %    97.105 ±  0.048 %
 120       6.1183 ±    0.0420       0.00104 ±    0.00036       0.00520 ±    0.00017     2.135 ±  0.047 %    97.102 ±  0.048 %
 121       6.1156 ±    0.0418       0.00109 ±    0.00036       0.00518 ±    0.00016     2.134 ±  0.047 %    97.113 ±  0.048 %
 122       6.1102 ±    0.0416       0.00105 ±    0.00035       0.00516 ±    0.00016     2.131 ±  0.046 %    97.115 ±  0.047 %
 123       6.1012 ±    0.0414       0.00102 ±    0.00035       0.00514 ±    0.00016     2.127 ±  0.046 %    97.124 ±  0.047 %
 124       6.0972 ±    0.0412       0.00099 ±    0.00035       0.00513 ±    0.00016     2.123 ±  0.046 %    97.132 ±  0.047 %
 125       6.1119 ±    0.0412       0.00098 ±    0.00035       0.00513 ±    0.00016     2.122 ±  0.046 %    97.139 ±  0.047 %
 126       6.1071 ±    0.0410       0.00097 ±    0.00035       0.00511 ±    0.00016     2.118 ±  0.045 %    97.145 ±  0.046 %
 127       6.1183 ±    0.0409       0.00102 ±    0.00034       0.00509 ±    0.00016     2.113 ±  0.045 %    97.144 ±  0.046 %
 128       6.1077 ±    0.0407       0.00099 ±    0.00034       0.00508 ±    0.00016     2.110 ±  0.045 %    97.145 ±  0.046 %
 129       6.1058 ±    0.0405       0.00096 ±    0.00034       0.00507 ±    0.00015     2.107 ±  0.045 %    97.154 ±  0.046 %
 130       6.0947 ±    0.0402       0.00087 ±    0.00034       0.00506 ±    0.00015     2.106 ±  0.044 %    97.158 ±  0.046 %
 131       6.1005 ±    0.0402       0.00089 ±    0.00034       0.00505 ±    0.00015     2.102 ±  0.044 %    97.157 ±  0.045 %
 132       6.1019 ±    0.0400       0.00085 ±    0.00034       0.00506 ±    0.00015     2.103 ±  0.044 %    97.154 ±  0.045 %
 133       6.1119 ±    0.0400       0.00089 ±    0.00033       0.00507 ±    0.00015     2.103 ±  0.043 %    97.144 ±  0.045 %
 134       6.1247 ±    0.0399       0.00089 ±    0.00033       0.00508 ±    0.00015     2.107 ±  0.043 %    97.137 ±  0.045 %
 135       6.1209 ±    0.0397       0.00093 ±    0.00033       0.00508 ±    0.00015     2.105 ±  0.043 %    97.132 ±  0.045 %
 136       6.1008 ±    0.0394       0.00089 ±    0.00033       0.00506 ±    0.00015     2.101 ±  0.043 %    97.140 ±  0.045 %
 137       6.0705 ±    0.0390       0.00087 ±    0.00033       0.00505 ±    0.00015     2.100 ±  0.042 %    97.139 ±  0.045 %
 138       6.0781 ±    0.0390       0.00094 ±    0.00033       0.00506 ±    0.00014     2.103 ±  0.042 %    97.140 ±  0.044 %
 139       6.0929 ±    0.0390       0.00090 ±    0.00033       0.00505 ±    0.00014     2.100 ±  0.042 %    97.144 ±  0.044 %
 140       6.1196 ±    0.0390       0.00098 ±    0.00033       0.00504 ±    0.00014     2.096 ±  0.042 %    97.146 ±  0.044 %
 141       6.1065 ±    0.0388       0.00100 ±    0.00032       0.00507 ±    0.00014     2.110 ±  0.041 %    97.141 ±  0.044 %
 142       6.1079 ±    0.0386       0.00098 ±    0.00032       0.00508 ±    0.00014     2.110 ±  0.041 %    97.139 ±  0.044 %
 143       6.1084 ±    0.0385       0.00094 ±    0.00032       0.00506 ±    0.00014     2.107 ±  0.041 %    97.143 ±  0.044 %
 144       6.1200 ±    0.0385       0.00095 ±    0.00032       0.00506 ±    0.00014     2.104 ±  0.041 %    97.143 ±  0.043 %
 145       6.1129 ±    0.0383       0.00094 ±    0.00032       0.00505 ±    0.00014     2.105 ±  0.040 %    97.148 ±  0.043 %

====== Perplexity statistics ======
Mean PPL(Q)                   :   6.112877 ±   0.038303
Mean PPL(base)                :   6.107128 ±   0.038226
Cor(ln(PPL(Q)), ln(PPL(base))):  99.87%
Mean ln(PPL(Q)/PPL(base))     :   0.000941 ±   0.000320
Mean PPL(Q)/PPL(base)         :   1.000941 ±   0.000320
Mean PPL(Q)-PPL(base)         :   0.005749 ±   0.001954

====== KL divergence statistics ======
Mean    KLD:   0.005052 ±   0.000138
Maximum KLD:  14.704850
99.9%   KLD:   0.216298
99.0%   KLD:   0.048737
95.0%   KLD:   0.016113
90.0%   KLD:   0.009490
Median  KLD:   0.001675
10.0%   KLD:   0.000035
 5.0%   KLD:   0.000009
 1.0%   KLD:   0.000000
 0.1%   KLD:  -0.000006
Minimum KLD:  -0.000077

====== Token probability statistics ======
Mean    Δp: -0.013 ± 0.005 %
Maximum Δp: 81.215%
99.9%   Δp: 14.823%
99.0%   Δp:  5.689%
95.0%   Δp:  2.319%
90.0%   Δp:  1.321%
75.0%   Δp:  0.272%
Median  Δp: -0.000%
25.0%   Δp: -0.286%
10.0%   Δp: -1.347%
 5.0%   Δp: -2.362%
 1.0%   Δp: -5.798%
 0.1%   Δp: -15.996%
Minimum Δp: -98.441%
RMS Δp    :  2.105 ± 0.040 %
Same top p: 97.148 ± 0.043 %

------------------------------
llama-perplexity --kl-divergence-base /tmp/logits.dat --ctx-size 2048 -f sample-data/wiki.test.raw -hf byteshape/Qwen3.6-35B-A3B-MTP-GGUF:Qwen3.6-35B-A3B-IQ4_XS-3.97bpw -fa on -ngl 99 --cpu-moe -ctk f16 -ctv q4_0 --kl-divergence
0.00.550.824 I common_init_result: fitting params to device memory ...
0.00.550.827 I common_init_result: (for bugs during this step try to reproduce them with -fit off, or provide --verbose logs if the bug only occurs with -fit on)
0.02.811.211 W llama_model_loader: tensor overrides to CPU are used with mmap enabled - consider using --no-mmap for better performance
0.05.584.185 W llama_context: n_ctx_seq (2048) < n_ctx_train (262144) -- the full capacity of the model will not be utilized
0.05.623.557 I common_init_from_params: warming up the model with an empty run - please wait ... (--no-warmup to disable)
0.05.703.221 I 
0.05.703.318 I system_info: n_threads = 16 (n_threads_batch = 16) / 32 | CUDA : ARCHS = 500,610,700,750,800,860,890,900 | USE_GRAPHS = 1 | PEER_MAX_BATCH_SIZE = 128 | CPU : SSE3 = 1 | SSSE3 = 1 | AVX = 1 | AVX2 = 1 | F16C = 1 | FMA = 1 | BMI2 = 1 | LLAMAFILE = 1 | OPENMP = 1 | REPACK = 1 | 
0.05.936.951 I kl_divergence: computing over 145 chunks, n_ctx=2048, batch_size=2048, n_seq=1
0.13.563.719 I kl_divergence: 7.63 seconds per pass - ETA 18.42 minutes

chunk             PPL               ln(PPL(Q)/PPL(base))          KL Divergence              Δp RMS            Same top p
   1       4.7995 ±    0.3449       0.00898 ±    0.00549       0.01026 ±    0.00068     3.315 ±  0.262 %    95.503 ±  0.648 %
   2       5.9994 ±    0.3166       0.00323 ±    0.00374       0.00955 ±    0.00041     2.892 ±  0.170 %    95.357 ±  0.465 %
   3       6.3471 ±    0.2763       0.00344 ±    0.00284       0.00878 ±    0.00031     2.791 ±  0.151 %    95.666 ±  0.368 %
   4       6.3758 ±    0.2424       0.00309 ±    0.00232       0.00864 ±    0.00057     2.732 ±  0.128 %    95.894 ±  0.310 %
   5       6.2785 ±    0.2153       0.00176 ±    0.00203       0.00879 ±    0.00048     2.694 ±  0.108 %    96.070 ±  0.272 %
   6       5.4477 ±    0.1658       0.00393 ±    0.00194       0.00942 ±    0.00053     2.957 ±  0.141 %    96.139 ±  0.246 %
   7       4.9507 ±    0.1355       0.00274 ±    0.00177       0.00939 ±    0.00048     3.072 ±  0.141 %    96.285 ±  0.224 %
   8       4.9656 ±    0.1269       0.00345 ±    0.00165       0.00930 ±    0.00042     3.031 ±  0.127 %    96.347 ±  0.207 %
   9       5.2276 ±    0.1267       0.00284 ±    0.00155       0.00934 ±    0.00038     2.995 ±  0.115 %    96.188 ±  0.200 %
  10       5.3583 ±    0.1248       0.00333 ±    0.00146       0.00914 ±    0.00034     2.926 ±  0.107 %    96.246 ±  0.188 %
  11       5.4524 ±    0.1211       0.00330 ±    0.00139       0.00887 ±    0.00031     2.858 ±  0.100 %    96.250 ±  0.179 %
  12       5.6892 ±    0.1223       0.00352 ±    0.00133       0.00877 ±    0.00029     2.813 ±  0.093 %    96.196 ±  0.173 %
  13       5.7480 ±    0.1188       0.00337 ±    0.00130       0.00898 ±    0.00034     2.893 ±  0.124 %    96.158 ±  0.167 %
  14       5.8454 ±    0.1168       0.00353 ±    0.00126       0.00897 ±    0.00031     2.861 ±  0.116 %    96.125 ±  0.161 %
  15       5.9185 ±    0.1146       0.00335 ±    0.00123       0.00898 ±    0.00030     2.862 ±  0.109 %    96.057 ±  0.157 %
  16       6.0932 ±    0.1149       0.00275 ±    0.00119       0.00898 ±    0.00028     2.843 ±  0.104 %    96.029 ±  0.153 %
  17       6.1551 ±    0.1124       0.00272 ±    0.00115       0.00890 ±    0.00026     2.821 ±  0.098 %    96.027 ±  0.148 %
  18       6.2575 ±    0.1113       0.00272 ±    0.00112       0.00887 ±    0.00025     2.798 ±  0.094 %    96.003 ±  0.144 %
  19       6.2049 ±    0.1076       0.00264 ±    0.00108       0.00875 ±    0.00024     2.773 ±  0.090 %    96.023 ±  0.140 %
  20       5.9299 ±    0.0997       0.00310 ±    0.00110       0.00953 ±    0.00026     3.043 ±  0.089 %    96.036 ±  0.136 %
  21       5.9506 ±    0.0976       0.00313 ±    0.00108       0.00956 ±    0.00025     3.021 ±  0.086 %    95.969 ±  0.134 %
  22       5.9818 ±    0.0959       0.00308 ±    0.00105       0.00949 ±    0.00024     2.998 ±  0.083 %    95.966 ±  0.131 %
  23       6.0337 ±    0.0947       0.00299 ±    0.00102       0.00947 ±    0.00023     2.979 ±  0.080 %    96.005 ±  0.128 %
  24       6.0492 ±    0.0928       0.00316 ±    0.00100       0.00945 ±    0.00023     2.978 ±  0.078 %    95.956 ±  0.126 %
  25       6.0958 ±    0.0918       0.00293 ±    0.00097       0.00940 ±    0.00022     2.960 ±  0.076 %    95.930 ±  0.124 %
  26       6.0787 ±    0.0897       0.00276 ±    0.00095       0.00935 ±    0.00021     2.947 ±  0.074 %    95.958 ±  0.121 %
  27       6.2245 ±    0.0906       0.00306 ±    0.00093       0.00924 ±    0.00020     2.922 ±  0.072 %    95.927 ±  0.119 %
  28       6.3057 ±    0.0905       0.00310 ±    0.00091       0.00919 ±    0.00020     2.896 ±  0.070 %    95.947 ±  0.117 %
  29       6.2753 ±    0.0885       0.00334 ±    0.00090       0.00926 ±    0.00019     2.914 ±  0.068 %    95.989 ±  0.114 %
  30       6.2442 ±    0.0865       0.00366 ±    0.00089       0.00948 ±    0.00028     2.932 ±  0.068 %    95.982 ±  0.112 %
  31       6.1655 ±    0.0838       0.00352 ±    0.00087       0.00940 ±    0.00027     2.915 ±  0.066 %    95.995 ±  0.110 %
  32       6.0631 ±    0.0809       0.00350 ±    0.00085       0.00934 ±    0.00026     2.909 ±  0.065 %    96.014 ±  0.108 %
  33       6.0267 ±    0.0791       0.00330 ±    0.00088       0.00988 ±    0.00063     2.950 ±  0.080 %    96.019 ±  0.106 %
  34       6.0233 ±    0.0777       0.00310 ±    0.00086       0.00980 ±    0.00061     2.933 ±  0.078 %    96.009 ±  0.105 %
  35       6.0389 ±    0.0769       0.00292 ±    0.00085       0.00983 ±    0.00059     2.941 ±  0.077 %    96.012 ±  0.103 %
  36       6.0578 ±    0.0762       0.00305 ±    0.00084       0.00983 ±    0.00058     2.936 ±  0.075 %    96.014 ±  0.102 %
  37       5.9704 ±    0.0737       0.00296 ±    0.00082       0.00972 ±    0.00056     2.921 ±  0.073 %    96.029 ±  0.100 %
  38       5.9062 ±    0.0717       0.00283 ±    0.00080       0.00963 ±    0.00055     2.916 ±  0.072 %    96.046 ±  0.099 %
  39       5.8346 ±    0.0697       0.00267 ±    0.00079       0.00956 ±    0.00053     2.911 ±  0.070 %    96.047 ±  0.098 %
  40       5.7571 ±    0.0676       0.00269 ±    0.00078       0.00946 ±    0.00052     2.901 ±  0.069 %    96.048 ±  0.096 %
  41       5.7128 ±    0.0660       0.00274 ±    0.00076       0.00939 ±    0.00051     2.904 ±  0.069 %    96.054 ±  0.095 %
  42       5.7472 ±    0.0657       0.00272 ±    0.00075       0.00934 ±    0.00049     2.889 ±  0.068 %    96.074 ±  0.094 %
  43       5.8798 ±    0.0670       0.00270 ±    0.00075       0.00939 ±    0.00049     2.915 ±  0.071 %    96.067 ±  0.093 %
  44       5.9866 ±    0.0678       0.00274 ±    0.00074       0.00938 ±    0.00048     2.901 ±  0.069 %    96.041 ±  0.092 %
  45       5.9646 ±    0.0667       0.00305 ±    0.00074       0.00955 ±    0.00047     2.933 ±  0.068 %    96.018 ±  0.091 %
  46       5.9816 ±    0.0662       0.00322 ±    0.00073       0.00958 ±    0.00046     2.934 ±  0.067 %    96.007 ±  0.090 %
  47       6.0102 ±    0.0659       0.00304 ±    0.00072       0.00956 ±    0.00045     2.928 ±  0.065 %    96.013 ±  0.089 %
  48       6.0233 ±    0.0653       0.00301 ±    0.00072       0.00958 ±    0.00044     2.941 ±  0.065 %    95.994 ±  0.088 %
  49       6.0683 ±    0.0652       0.00298 ±    0.00071       0.00958 ±    0.00043     2.933 ±  0.064 %    95.984 ±  0.088 %
  50       6.0446 ±    0.0642       0.00307 ±    0.00070       0.00954 ±    0.00042     2.924 ±  0.063 %    96.012 ±  0.087 %
  51       6.0818 ±    0.0640       0.00316 ±    0.00069       0.00950 ±    0.00041     2.911 ±  0.062 %    96.011 ±  0.086 %
  52       6.0370 ±    0.0629       0.00331 ±    0.00068       0.00944 ±    0.00041     2.908 ±  0.061 %    96.005 ±  0.085 %
  53       6.0209 ±    0.0620       0.00340 ±    0.00068       0.00941 ±    0.00040     2.896 ±  0.060 %    95.985 ±  0.084 %
  54       6.0027 ±    0.0612       0.00350 ±    0.00067       0.00941 ±    0.00040     2.911 ±  0.064 %    96.003 ±  0.083 %
  55       5.9636 ±    0.0601       0.00364 ±    0.00066       0.00935 ±    0.00039     2.902 ±  0.063 %    96.014 ±  0.082 %
  56       5.9493 ±    0.0594       0.00348 ±    0.00066       0.00931 ±    0.00038     2.892 ±  0.062 %    96.034 ±  0.082 %
  57       5.8975 ±    0.0582       0.00327 ±    0.00065       0.00926 ±    0.00038     2.884 ±  0.062 %    96.042 ±  0.081 %
  58       5.8863 ±    0.0575       0.00311 ±    0.00065       0.00928 ±    0.00037     2.880 ±  0.061 %    96.044 ±  0.080 %
  59       5.8632 ±    0.0567       0.00327 ±    0.00065       0.00938 ±    0.00036     2.892 ±  0.060 %    96.040 ±  0.079 %
  60       5.8609 ±    0.0563       0.00333 ±    0.00064       0.00932 ±    0.00036     2.882 ±  0.059 %    96.044 ±  0.079 %
  61       5.8804 ±    0.0561       0.00338 ±    0.00063       0.00930 ±    0.00035     2.878 ±  0.058 %    96.039 ±  0.078 %
  62       5.9127 ±    0.0560       0.00321 ±    0.00063       0.00928 ±    0.00035     2.869 ±  0.057 %    96.003 ±  0.078 %
  63       5.9501 ±    0.0560       0.00322 ±    0.00062       0.00928 ±    0.00034     2.876 ±  0.057 %    95.978 ±  0.077 %
  64       5.9836 ±    0.0560       0.00330 ±    0.00062       0.00926 ±    0.00034     2.867 ±  0.056 %    95.981 ±  0.077 %
  65       5.9369 ±    0.0550       0.00323 ±    0.00061       0.00923 ±    0.00033     2.865 ±  0.056 %    95.992 ±  0.076 %
  66       5.9584 ±    0.0549       0.00309 ±    0.00061       0.00923 ±    0.00033     2.860 ±  0.055 %    95.986 ±  0.076 %
  67       5.9486 ±    0.0543       0.00298 ±    0.00060       0.00919 ±    0.00032     2.852 ±  0.054 %    95.978 ±  0.075 %
  68       5.9303 ±    0.0537       0.00293 ±    0.00060       0.00919 ±    0.00032     2.854 ±  0.054 %    95.971 ±  0.075 %
  69       5.9240 ±    0.0532       0.00287 ±    0.00059       0.00919 ±    0.00031     2.848 ±  0.053 %    95.965 ±  0.074 %
  70       5.9202 ±    0.0528       0.00306 ±    0.00059       0.00925 ±    0.00031     2.850 ±  0.052 %    95.959 ±  0.074 %
  71       5.8968 ±    0.0521       0.00299 ±    0.00059       0.00926 ±    0.00031     2.853 ±  0.052 %    95.961 ±  0.073 %
  72       5.8985 ±    0.0518       0.00292 ±    0.00058       0.00924 ±    0.00030     2.846 ±  0.051 %    95.972 ±  0.072 %
  73       5.9246 ±    0.0517       0.00289 ±    0.00058       0.00924 ±    0.00030     2.839 ±  0.050 %    95.961 ±  0.072 %
  74       5.9533 ±    0.0517       0.00298 ±    0.00058       0.00923 ±    0.00030     2.834 ±  0.050 %    95.966 ±  0.072 %
  75       5.9414 ±    0.0512       0.00290 ±    0.00057       0.00919 ±    0.00029     2.826 ±  0.049 %    95.978 ±  0.071 %
  76       5.9636 ±    0.0511       0.00286 ±    0.00057       0.00922 ±    0.00029     2.826 ±  0.049 %    95.978 ±  0.070 %
  77       5.9594 ±    0.0507       0.00292 ±    0.00056       0.00921 ±    0.00029     2.826 ±  0.049 %    95.973 ±  0.070 %
  78       5.9508 ±    0.0502       0.00278 ±    0.00056       0.00921 ±    0.00029     2.827 ±  0.048 %    95.963 ±  0.070 %
  79       5.9780 ±    0.0502       0.00279 ±    0.00055       0.00918 ±    0.00028     2.819 ±  0.048 %    95.961 ±  0.069 %
  80       5.9373 ±    0.0495       0.00255 ±    0.00055       0.00931 ±    0.00028     2.855 ±  0.047 %    95.957 ±  0.069 %
  81       5.9474 ±    0.0493       0.00271 ±    0.00055       0.00938 ±    0.00028     2.860 ±  0.046 %    95.926 ±  0.069 %
  82       5.9223 ±    0.0487       0.00277 ±    0.00055       0.00935 ±    0.00027     2.856 ±  0.046 %    95.944 ±  0.068 %
  83       5.9152 ±    0.0483       0.00263 ±    0.00055       0.00933 ±    0.00027     2.853 ±  0.046 %    95.940 ±  0.068 %
  84       5.8988 ±    0.0479       0.00272 ±    0.00054       0.00931 ±    0.00027     2.852 ±  0.045 %    95.948 ±  0.067 %
  85       5.8830 ±    0.0475       0.00267 ±    0.00054       0.00929 ±    0.00026     2.849 ±  0.045 %    95.944 ±  0.067 %
  86       5.8972 ±    0.0473       0.00266 ±    0.00053       0.00926 ±    0.00026     2.845 ±  0.044 %    95.934 ±  0.067 %
  87       5.8781 ±    0.0468       0.00259 ±    0.00053       0.00923 ±    0.00026     2.839 ±  0.044 %    95.921 ±  0.066 %
  88       5.8729 ±    0.0465       0.00261 ±    0.00053       0.00922 ±    0.00026     2.840 ±  0.044 %    95.919 ±  0.066 %
  89       5.8913 ±    0.0464       0.00246 ±    0.00053       0.00924 ±    0.00025     2.838 ±  0.043 %    95.920 ±  0.066 %
  90       5.8975 ±    0.0462       0.00232 ±    0.00052       0.00925 ±    0.00025     2.839 ±  0.043 %    95.915 ±  0.065 %
  91       5.9460 ±    0.0464       0.00234 ±    0.00052       0.00925 ±    0.00025     2.836 ±  0.043 %    95.902 ±  0.065 %
  92       5.9848 ±    0.0466       0.00236 ±    0.00052       0.00923 ±    0.00025     2.830 ±  0.042 %    95.899 ±  0.065 %
  93       6.0145 ±    0.0466       0.00230 ±    0.00051       0.00922 ±    0.00024     2.824 ±  0.042 %    95.873 ±  0.064 %
  94       6.0389 ±    0.0466       0.00236 ±    0.00051       0.00921 ±    0.00024     2.817 ±  0.042 %    95.874 ±  0.064 %
  95       6.0723 ±    0.0466       0.00236 ±    0.00051       0.00921 ±    0.00024     2.811 ±  0.041 %    95.863 ±  0.064 %
  96       6.1151 ±    0.0468       0.00245 ±    0.00050       0.00920 ±    0.00024     2.804 ±  0.041 %    95.867 ±  0.064 %
  97       6.1675 ±    0.0471       0.00260 ±    0.00051       0.00928 ±    0.00023     2.801 ±  0.041 %    95.859 ±  0.063 %
  98       6.1613 ±    0.0468       0.00261 ±    0.00051       0.00928 ±    0.00023     2.806 ±  0.040 %    95.864 ±  0.063 %
  99       6.1692 ±    0.0466       0.00260 ±    0.00050       0.00925 ±    0.00023     2.801 ±  0.040 %    95.860 ±  0.063 %
 100       6.1782 ±    0.0465       0.00268 ±    0.00050       0.00926 ±    0.00023     2.801 ±  0.040 %    95.849 ±  0.062 %
 101       6.1543 ±    0.0461       0.00269 ±    0.00050       0.00929 ±    0.00023     2.814 ±  0.039 %    95.840 ±  0.062 %
 102       6.1580 ±    0.0459       0.00268 ±    0.00050       0.00931 ±    0.00022     2.813 ±  0.039 %    95.829 ±  0.062 %
 103       6.1569 ±    0.0456       0.00260 ±    0.00050       0.00936 ±    0.00022     2.820 ±  0.039 %    95.814 ±  0.062 %
 104       6.1562 ±    0.0453       0.00258 ±    0.00050       0.00955 ±    0.00022     2.840 ±  0.038 %    95.789 ±  0.062 %
 105       6.1492 ±    0.0451       0.00257 ±    0.00050       0.00960 ±    0.00022     2.846 ±  0.038 %    95.778 ±  0.061 %
 106       6.1325 ±    0.0447       0.00260 ±    0.00050       0.00971 ±    0.00022     2.868 ±  0.038 %    95.763 ±  0.061 %
 107       6.1454 ±    0.0446       0.00260 ±    0.00050       0.00972 ±    0.00022     2.873 ±  0.037 %    95.762 ±  0.061 %
 108       6.1381 ±    0.0444       0.00264 ±    0.00050       0.00974 ±    0.00021     2.883 ±  0.038 %    95.763 ±  0.061 %
 109       6.1429 ±    0.0442       0.00252 ±    0.00049       0.00973 ±    0.00021     2.886 ±  0.037 %    95.766 ±  0.060 %
 110       6.1424 ±    0.0440       0.00247 ±    0.00049       0.00971 ±    0.00021     2.885 ±  0.037 %    95.774 ±  0.060 %
 111       6.1271 ±    0.0437       0.00234 ±    0.00049       0.00983 ±    0.00023     2.914 ±  0.040 %    95.764 ±  0.060 %
 112       6.1145 ±    0.0433       0.00247 ±    0.00049       0.00981 ±    0.00022     2.911 ±  0.040 %    95.776 ±  0.059 %
 113       6.0917 ±    0.0430       0.00252 ±    0.00049       0.00980 ±    0.00022     2.914 ±  0.039 %    95.786 ±  0.059 %
 114       6.1197 ±    0.0430       0.00260 ±    0.00048       0.00979 ±    0.00022     2.911 ±  0.039 %    95.793 ±  0.059 %
 115       6.1247 ±    0.0429       0.00253 ±    0.00048       0.00978 ±    0.00022     2.909 ±  0.039 %    95.794 ±  0.059 %
 116       6.1343 ±    0.0428       0.00252 ±    0.00048       0.00977 ±    0.00022     2.904 ±  0.039 %    95.794 ±  0.058 %
 117       6.1438 ±    0.0427       0.00255 ±    0.00048       0.00980 ±    0.00022     2.902 ±  0.038 %    95.772 ±  0.058 %
 118       6.1405 ±    0.0425       0.00264 ±    0.00048       0.00985 ±    0.00022     2.905 ±  0.038 %    95.775 ±  0.058 %
 119       6.1211 ±    0.0422       0.00261 ±    0.00048       0.00991 ±    0.00022     2.934 ±  0.041 %    95.772 ±  0.058 %
 120       6.1280 ±    0.0421       0.00262 ±    0.00048       0.00990 ±    0.00022     2.935 ±  0.040 %    95.766 ±  0.057 %
 121       6.1252 ±    0.0419       0.00266 ±    0.00047       0.00988 ±    0.00021     2.932 ±  0.040 %    95.775 ±  0.057 %
 122       6.1198 ±    0.0416       0.00261 ±    0.00047       0.00985 ±    0.00021     2.929 ±  0.040 %    95.771 ±  0.057 %
 123       6.1105 ±    0.0414       0.00255 ±    0.00047       0.00983 ±    0.00021     2.927 ±  0.040 %    95.782 ±  0.057 %
 124       6.1068 ±    0.0412       0.00257 ±    0.00047       0.00980 ±    0.00021     2.924 ±  0.039 %    95.789 ±  0.056 %
 125       6.1215 ±    0.0412       0.00255 ±    0.00046       0.00980 ±    0.00021     2.921 ±  0.039 %    95.797 ±  0.056 %
 126       6.1169 ±    0.0410       0.00258 ±    0.00046       0.00977 ±    0.00021     2.915 ±  0.039 %    95.803 ±  0.056 %
 127       6.1277 ±    0.0410       0.00255 ±    0.00046       0.00974 ±    0.00020     2.910 ±  0.039 %    95.798 ±  0.056 %
 128       6.1169 ±    0.0407       0.00250 ±    0.00046       0.00971 ±    0.00020     2.906 ±  0.038 %    95.799 ±  0.055 %
 129       6.1153 ±    0.0405       0.00252 ±    0.00045       0.00969 ±    0.00020     2.902 ±  0.038 %    95.800 ±  0.055 %
 130       6.1041 ±    0.0403       0.00241 ±    0.00045       0.00969 ±    0.00020     2.902 ±  0.038 %    95.793 ±  0.055 %
 131       6.1099 ±    0.0402       0.00243 ±    0.00045       0.00967 ±    0.00020     2.898 ±  0.038 %    95.790 ±  0.055 %
 132       6.1110 ±    0.0400       0.00235 ±    0.00045       0.00971 ±    0.00020     2.907 ±  0.038 %    95.787 ±  0.055 %
 133       6.1209 ±    0.0400       0.00236 ±    0.00045       0.00971 ±    0.00020     2.906 ±  0.037 %    95.788 ±  0.054 %
 134       6.1340 ±    0.0399       0.00240 ±    0.00045       0.00975 ±    0.00020     2.920 ±  0.038 %    95.784 ±  0.054 %
 135       6.1301 ±    0.0398       0.00243 ±    0.00044       0.00974 ±    0.00019     2.918 ±  0.038 %    95.780 ±  0.054 %
 136       6.1098 ±    0.0394       0.00237 ±    0.00044       0.00973 ±    0.00019     2.915 ±  0.038 %    95.779 ±  0.054 %
 137       6.0798 ±    0.0391       0.00240 ±    0.00044       0.00970 ±    0.00019     2.911 ±  0.038 %    95.780 ±  0.054 %
 138       6.0873 ±    0.0390       0.00245 ±    0.00044       0.00973 ±    0.00019     2.915 ±  0.037 %    95.778 ±  0.054 %
 139       6.1025 ±    0.0390       0.00247 ±    0.00044       0.00972 ±    0.00019     2.912 ±  0.037 %    95.782 ±  0.053 %
 140       6.1288 ±    0.0390       0.00247 ±    0.00043       0.00971 ±    0.00019     2.908 ±  0.037 %    95.780 ±  0.053 %
 141       6.1156 ±    0.0388       0.00248 ±    0.00043       0.00975 ±    0.00019     2.917 ±  0.037 %    95.772 ±  0.053 %
 142       6.1167 ±    0.0387       0.00241 ±    0.00043       0.00975 ±    0.00019     2.917 ±  0.037 %    95.774 ±  0.053 %
 143       6.1176 ±    0.0385       0.00245 ±    0.00043       0.00973 ±    0.00018     2.914 ±  0.036 %    95.774 ±  0.053 %
 144       6.1292 ±    0.0385       0.00245 ±    0.00043       0.00972 ±    0.00018     2.911 ±  0.036 %    95.767 ±  0.052 %
 145       6.1220 ±    0.0383       0.00243 ±    0.00043       0.00972 ±    0.00018     2.915 ±  0.036 %    95.774 ±  0.052 %

====== Perplexity statistics ======
Mean PPL(Q)                   :   6.122013 ±   0.038321
Mean PPL(base)                :   6.107128 ±   0.038226
Cor(ln(PPL(Q)), ln(PPL(base))):  99.77%
Mean ln(PPL(Q)/PPL(base))     :   0.002434 ±   0.000427
Mean PPL(Q)/PPL(base)         :   1.002437 ±   0.000428
Mean PPL(Q)-PPL(base)         :   0.014885 ±   0.002611

====== KL divergence statistics ======
Mean    KLD:   0.009719 ±   0.000182
Maximum KLD:  19.295732
99.9%   KLD:   0.353031
99.0%   KLD:   0.081690
95.0%   KLD:   0.030338
90.0%   KLD:   0.019372
Median  KLD:   0.004272
10.0%   KLD:   0.000099
 5.0%   KLD:   0.000028
 1.0%   KLD:   0.000003
 0.1%   KLD:  -0.000001
Minimum KLD:  -0.000039

====== Token probability statistics ======
Mean    Δp: -0.118 ± 0.008 %
Maximum Δp: 99.790%
99.9%   Δp: 19.405%
99.0%   Δp:  8.028%
95.0%   Δp:  3.504%
90.0%   Δp:  1.970%
75.0%   Δp:  0.352%
Median  Δp: -0.003%
25.0%   Δp: -0.568%
10.0%   Δp: -2.388%
 5.0%   Δp: -3.965%
 1.0%   Δp: -8.582%
 0.1%   Δp: -21.676%
Minimum Δp: -94.437%
RMS Δp    :  2.915 ± 0.036 %
Same top p: 95.774 ± 0.052 %

------------------------------
llama-perplexity --kl-divergence-base /tmp/logits.dat --ctx-size 2048 -f sample-data/wiki.test.raw -hf byteshape/Qwen3.6-35B-A3B-MTP-GGUF:Qwen3.6-35B-A3B-IQ4_XS-3.97bpw -fa on -ngl 99 --cpu-moe -ctk f16 -ctv turbo4 --kl-divergence
0.00.540.330 I common_init_result: fitting params to device memory ...
0.00.540.334 I common_init_result: (for bugs during this step try to reproduce them with -fit off, or provide --verbose logs if the bug only occurs with -fit on)
0.02.914.565 W llama_model_loader: tensor overrides to CPU are used with mmap enabled - consider using --no-mmap for better performance
0.05.738.085 W llama_context: n_ctx_seq (2048) < n_ctx_train (262144) -- the full capacity of the model will not be utilized
0.05.768.364 I common_init_from_params: warming up the model with an empty run - please wait ... (--no-warmup to disable)
0.05.855.291 I 
0.05.855.371 I system_info: n_threads = 16 (n_threads_batch = 16) / 32 | CUDA : ARCHS = 500,610,700,750,800,860,890,900 | USE_GRAPHS = 1 | PEER_MAX_BATCH_SIZE = 128 | CPU : SSE3 = 1 | SSSE3 = 1 | AVX = 1 | AVX2 = 1 | F16C = 1 | FMA = 1 | BMI2 = 1 | LLAMAFILE = 1 | OPENMP = 1 | REPACK = 1 | 
0.06.075.151 I kl_divergence: computing over 145 chunks, n_ctx=2048, batch_size=2048, n_seq=1
0.11.351.112 I kl_divergence: 5.28 seconds per pass - ETA 12.75 minutes

chunk             PPL               ln(PPL(Q)/PPL(base))          KL Divergence              Δp RMS            Same top p
   1       4.7960 ±    0.3472       0.00827 ±    0.00604       0.01117 ±    0.00073     3.370 ±  0.267 %    96.676 ±  0.561 %
   2       6.0556 ±    0.3218       0.01255 ±    0.00443       0.01159 ±    0.00056     3.030 ±  0.161 %    95.699 ±  0.449 %
   3       6.4085 ±    0.2807       0.01307 ±    0.00325       0.01059 ±    0.00041     2.962 ±  0.140 %    95.536 ±  0.373 %
   4       6.4283 ±    0.2459       0.01128 ±    0.00262       0.01029 ±    0.00070     2.847 ±  0.119 %    95.919 ±  0.309 %
   5       6.3240 ±    0.2180       0.00898 ±    0.00231       0.01011 ±    0.00057     2.842 ±  0.101 %    96.109 ±  0.270 %
   6       5.4710 ±    0.1671       0.00820 ±    0.00221       0.01084 ±    0.00063     3.009 ±  0.100 %    96.123 ±  0.246 %
   7       4.9836 ±    0.1371       0.00935 ±    0.00203       0.01078 ±    0.00055     3.065 ±  0.091 %    96.118 ±  0.228 %
   8       4.9915 ±    0.1282       0.00864 ±    0.00191       0.01092 ±    0.00049     3.089 ±  0.086 %    96.114 ±  0.214 %
   9       5.2526 ±    0.1279       0.00762 ±    0.00179       0.01120 ±    0.00045     3.073 ±  0.080 %    95.938 ±  0.206 %
  10       5.3808 ±    0.1258       0.00753 ±    0.00168       0.01099 ±    0.00041     3.045 ±  0.074 %    95.943 ±  0.195 %
  11       5.4703 ±    0.1219       0.00658 ±    0.00157       0.01068 ±    0.00038     2.996 ±  0.070 %    95.966 ±  0.185 %
  12       5.7061 ±    0.1230       0.00647 ±    0.00149       0.01056 ±    0.00035     2.956 ±  0.066 %    95.935 ±  0.178 %
  13       5.7619 ±    0.1194       0.00580 ±    0.00142       0.01051 ±    0.00032     2.931 ±  0.062 %    95.947 ±  0.171 %
  14       5.8562 ±    0.1173       0.00539 ±    0.00137       0.01047 ±    0.00031     2.915 ±  0.059 %    95.943 ±  0.165 %
  15       5.9297 ±    0.1152       0.00524 ±    0.00133       0.01058 ±    0.00029     2.934 ±  0.058 %    95.855 ±  0.161 %
  16       6.1091 ±    0.1155       0.00537 ±    0.00129       0.01048 ±    0.00027     2.898 ±  0.055 %    95.729 ±  0.158 %
  17       6.1716 ±    0.1130       0.00541 ±    0.00125       0.01039 ±    0.00026     2.885 ±  0.053 %    95.716 ±  0.154 %
  18       6.2734 ±    0.1119       0.00526 ±    0.00121       0.01031 ±    0.00025     2.858 ±  0.051 %    95.699 ±  0.150 %
  19       6.2199 ±    0.1082       0.00505 ±    0.00117       0.01015 ±    0.00023     2.833 ±  0.049 %    95.709 ±  0.145 %
  20       5.9416 ±    0.1002       0.00506 ±    0.00119       0.01098 ±    0.00028     3.101 ±  0.076 %    95.738 ±  0.141 %
  21       5.9635 ±    0.0980       0.00530 ±    0.00117       0.01100 ±    0.00027     3.093 ±  0.073 %    95.662 ±  0.139 %
  22       5.9930 ±    0.0964       0.00496 ±    0.00113       0.01093 ±    0.00026     3.078 ±  0.071 %    95.663 ±  0.136 %
  23       6.0439 ±    0.0951       0.00468 ±    0.00111       0.01094 ±    0.00025     3.076 ±  0.069 %    95.610 ±  0.134 %
  24       6.0598 ±    0.0932       0.00490 ±    0.00109       0.01098 ±    0.00024     3.076 ±  0.067 %    95.565 ±  0.131 %
  25       6.1048 ±    0.0922       0.00440 ±    0.00106       0.01092 ±    0.00023     3.047 ±  0.065 %    95.558 ±  0.129 %
  26       6.0897 ±    0.0901       0.00456 ±    0.00104       0.01088 ±    0.00023     3.049 ±  0.064 %    95.605 ±  0.126 %
  27       6.2327 ±    0.0910       0.00439 ±    0.00102       0.01076 ±    0.00022     3.017 ±  0.062 %    95.598 ±  0.123 %
  28       6.3133 ±    0.0909       0.00431 ±    0.00099       0.01070 ±    0.00021     2.995 ±  0.060 %    95.542 ±  0.122 %
  29       6.2820 ±    0.0888       0.00442 ±    0.00097       0.01074 ±    0.00021     3.009 ±  0.059 %    95.581 ±  0.119 %
  30       6.2506 ±    0.0867       0.00468 ±    0.00096       0.01075 ±    0.00020     3.010 ±  0.058 %    95.572 ±  0.117 %
  31       6.1726 ±    0.0840       0.00468 ±    0.00094       0.01066 ±    0.00020     2.999 ±  0.057 %    95.589 ±  0.115 %
  32       6.0695 ±    0.0812       0.00455 ±    0.00092       0.01058 ±    0.00019     2.993 ±  0.055 %    95.613 ±  0.113 %
  33       6.0382 ±    0.0794       0.00521 ±    0.00095       0.01082 ±    0.00026     3.050 ±  0.072 %    95.592 ±  0.112 %
  34       6.0365 ±    0.0781       0.00529 ±    0.00093       0.01072 ±    0.00025     3.027 ±  0.071 %    95.604 ±  0.110 %
  35       6.0554 ±    0.0773       0.00565 ±    0.00094       0.01094 ±    0.00030     3.065 ±  0.076 %    95.635 ±  0.108 %
  36       6.0722 ±    0.0766       0.00543 ±    0.00092       0.01090 ±    0.00029     3.058 ±  0.075 %    95.628 ±  0.107 %
  37       5.9842 ±    0.0741       0.00526 ±    0.00090       0.01076 ±    0.00028     3.035 ±  0.073 %    95.670 ±  0.105 %
  38       5.9197 ±    0.0721       0.00512 ±    0.00089       0.01066 ±    0.00027     3.029 ±  0.072 %    95.683 ±  0.103 %
  39       5.8486 ±    0.0701       0.00507 ±    0.00087       0.01058 ±    0.00027     3.020 ±  0.070 %    95.686 ±  0.102 %
  40       5.7701 ±    0.0679       0.00495 ±    0.00086       0.01049 ±    0.00026     3.019 ±  0.069 %    95.711 ±  0.100 %
  41       5.7251 ±    0.0664       0.00488 ±    0.00084       0.01043 ±    0.00026     3.024 ±  0.068 %    95.716 ±  0.099 %
  42       5.7597 ±    0.0661       0.00488 ±    0.00083       0.01039 ±    0.00025     3.014 ±  0.067 %    95.711 ±  0.098 %
  43       5.8919 ±    0.0673       0.00475 ±    0.00082       0.01049 ±    0.00025     3.053 ±  0.074 %    95.678 ±  0.097 %
  44       5.9984 ±    0.0682       0.00471 ±    0.00082       0.01049 ±    0.00025     3.049 ±  0.074 %    95.666 ±  0.096 %
  45       5.9749 ±    0.0670       0.00478 ±    0.00081       0.01072 ±    0.00024     3.083 ±  0.072 %    95.640 ±  0.095 %
  46       5.9912 ±    0.0665       0.00483 ±    0.00081       0.01078 ±    0.00024     3.089 ±  0.071 %    95.618 ±  0.094 %
  47       6.0218 ±    0.0662       0.00498 ±    0.00080       0.01075 ±    0.00024     3.077 ±  0.070 %    95.618 ±  0.093 %
  48       6.0345 ±    0.0656       0.00487 ±    0.00079       0.01078 ±    0.00023     3.087 ±  0.069 %    95.620 ±  0.092 %
  49       6.0796 ±    0.0655       0.00484 ±    0.00078       0.01081 ±    0.00023     3.085 ±  0.068 %    95.591 ±  0.092 %
  50       6.0554 ±    0.0645       0.00485 ±    0.00077       0.01078 ±    0.00022     3.077 ±  0.067 %    95.603 ±  0.091 %
  51       6.0921 ±    0.0643       0.00483 ±    0.00076       0.01073 ±    0.00022     3.060 ±  0.066 %    95.628 ±  0.090 %
  52       6.0465 ±    0.0631       0.00489 ±    0.00075       0.01071 ±    0.00022     3.067 ±  0.066 %    95.652 ±  0.088 %
  53       6.0312 ±    0.0623       0.00512 ±    0.00074       0.01068 ±    0.00022     3.059 ±  0.065 %    95.627 ±  0.088 %
  54       6.0123 ±    0.0614       0.00510 ±    0.00073       0.01064 ±    0.00021     3.057 ±  0.064 %    95.634 ±  0.087 %
  55       5.9735 ±    0.0604       0.00530 ±    0.00072       0.01057 ±    0.00021     3.048 ±  0.063 %    95.647 ±  0.086 %
  56       5.9607 ±    0.0597       0.00541 ±    0.00072       0.01058 ±    0.00021     3.065 ±  0.064 %    95.652 ±  0.085 %
  57       5.9097 ±    0.0585       0.00535 ±    0.00071       0.01053 ±    0.00020     3.054 ±  0.063 %    95.677 ±  0.084 %
  58       5.8996 ±    0.0578       0.00538 ±    0.00071       0.01053 ±    0.00020     3.047 ±  0.062 %    95.685 ±  0.083 %
  59       5.8775 ±    0.0571       0.00572 ±    0.00071       0.01073 ±    0.00020     3.097 ±  0.063 %    95.669 ±  0.083 %
  60       5.8752 ±    0.0566       0.00576 ±    0.00070       0.01066 ±    0.00020     3.087 ±  0.062 %    95.668 ±  0.082 %
  61       5.8936 ±    0.0564       0.00560 ±    0.00069       0.01064 ±    0.00020     3.081 ±  0.061 %    95.660 ±  0.082 %
  62       5.9272 ±    0.0563       0.00567 ±    0.00069       0.01064 ±    0.00020     3.070 ±  0.061 %    95.642 ±  0.081 %
  63       5.9643 ±    0.0563       0.00561 ±    0.00068       0.01063 ±    0.00019     3.073 ±  0.061 %    95.629 ±  0.081 %
  64       5.9982 ±    0.0563       0.00572 ±    0.00067       0.01061 ±    0.00019     3.062 ±  0.061 %    95.632 ±  0.080 %
  65       5.9509 ±    0.0553       0.00558 ±    0.00067       0.01057 ±    0.00019     3.066 ±  0.060 %    95.652 ±  0.079 %
  66       5.9738 ±    0.0552       0.00568 ±    0.00066       0.01057 ±    0.00019     3.061 ±  0.059 %    95.643 ±  0.079 %
  67       5.9648 ±    0.0546       0.00570 ±    0.00066       0.01055 ±    0.00018     3.055 ±  0.058 %    95.646 ±  0.078 %
  68       5.9469 ±    0.0540       0.00572 ±    0.00065       0.01054 ±    0.00018     3.053 ±  0.058 %    95.650 ±  0.077 %
  69       5.9412 ±    0.0535       0.00576 ±    0.00065       0.01053 ±    0.00018     3.047 ±  0.057 %    95.637 ±  0.077 %
  70       5.9371 ±    0.0531       0.00590 ±    0.00064       0.01060 ±    0.00018     3.046 ±  0.056 %    95.636 ±  0.076 %
  71       5.9138 ±    0.0525       0.00586 ±    0.00064       0.01067 ±    0.00018     3.055 ±  0.055 %    95.626 ±  0.076 %
  72       5.9155 ±    0.0521       0.00580 ±    0.00063       0.01067 ±    0.00018     3.051 ±  0.055 %    95.630 ±  0.075 %
  73       5.9416 ±    0.0521       0.00576 ±    0.00063       0.01070 ±    0.00018     3.054 ±  0.054 %    95.625 ±  0.075 %
  74       5.9706 ±    0.0520       0.00588 ±    0.00063       0.01070 ±    0.00018     3.055 ±  0.054 %    95.612 ±  0.074 %
  75       5.9593 ±    0.0516       0.00591 ±    0.00062       0.01065 ±    0.00017     3.048 ±  0.054 %    95.613 ±  0.074 %
  76       5.9818 ±    0.0514       0.00590 ±    0.00062       0.01063 ±    0.00017     3.043 ±  0.053 %    95.597 ±  0.074 %
  77       5.9777 ±    0.0510       0.00599 ±    0.00061       0.01061 ±    0.00017     3.043 ±  0.053 %    95.599 ±  0.073 %
  78       5.9693 ±    0.0505       0.00589 ±    0.00061       0.01060 ±    0.00017     3.043 ±  0.052 %    95.602 ±  0.073 %
  79       5.9966 ±    0.0505       0.00589 ±    0.00060       0.01057 ±    0.00017     3.036 ±  0.051 %    95.599 ±  0.072 %
  80       5.9573 ±    0.0498       0.00592 ±    0.00060       0.01069 ±    0.00016     3.064 ±  0.051 %    95.600 ±  0.072 %
  81       5.9679 ±    0.0496       0.00614 ±    0.00060       0.01078 ±    0.00016     3.069 ±  0.050 %    95.577 ±  0.071 %
  82       5.9429 ±    0.0491       0.00625 ±    0.00060       0.01081 ±    0.00017     3.083 ±  0.052 %    95.588 ±  0.071 %
  83       5.9363 ±    0.0487       0.00619 ±    0.00059       0.01078 ±    0.00017     3.080 ±  0.051 %    95.592 ±  0.070 %
  84       5.9196 ±    0.0482       0.00623 ±    0.00059       0.01077 ±    0.00016     3.080 ±  0.051 %    95.591 ±  0.070 %
  85       5.9046 ±    0.0478       0.00632 ±    0.00059       0.01074 ±    0.00016     3.076 ±  0.050 %    95.599 ±  0.070 %
  86       5.9187 ±    0.0477       0.00631 ±    0.00058       0.01073 ±    0.00016     3.072 ±  0.050 %    95.586 ±  0.069 %
  87       5.9003 ±    0.0472       0.00636 ±    0.00058       0.01069 ±    0.00016     3.067 ±  0.049 %    95.580 ±  0.069 %
  88       5.8956 ±    0.0469       0.00646 ±    0.00057       0.01069 ±    0.00016     3.071 ±  0.049 %    95.557 ±  0.069 %
  89       5.9146 ±    0.0468       0.00641 ±    0.00057       0.01072 ±    0.00016     3.070 ±  0.049 %    95.559 ±  0.068 %
  90       5.9217 ±    0.0466       0.00641 ±    0.00057       0.01074 ±    0.00016     3.070 ±  0.048 %    95.566 ±  0.068 %
  91       5.9704 ±    0.0468       0.00644 ±    0.00056       0.01075 ±    0.00016     3.064 ±  0.048 %    95.531 ±  0.068 %
  92       6.0091 ±    0.0470       0.00640 ±    0.00056       0.01075 ±    0.00015     3.059 ±  0.047 %    95.526 ±  0.067 %
  93       6.0395 ±    0.0470       0.00645 ±    0.00056       0.01077 ±    0.00015     3.054 ±  0.047 %    95.499 ±  0.067 %
  94       6.0632 ±    0.0470       0.00638 ±    0.00056       0.01076 ±    0.00015     3.048 ±  0.047 %    95.492 ±  0.067 %
  95       6.0970 ±    0.0470       0.00641 ±    0.00055       0.01077 ±    0.00015     3.044 ±  0.046 %    95.474 ±  0.067 %
  96       6.1391 ±    0.0472       0.00637 ±    0.00055       0.01077 ±    0.00015     3.038 ±  0.046 %    95.465 ±  0.066 %
  97       6.1911 ±    0.0475       0.00643 ±    0.00055       0.01084 ±    0.00015     3.044 ±  0.046 %    95.459 ±  0.066 %
  98       6.1851 ±    0.0472       0.00647 ±    0.00055       0.01084 ±    0.00015     3.047 ±  0.046 %    95.466 ±  0.066 %
  99       6.1932 ±    0.0470       0.00648 ±    0.00054       0.01081 ±    0.00015     3.040 ±  0.045 %    95.462 ±  0.065 %
 100       6.2020 ±    0.0469       0.00652 ±    0.00054       0.01082 ±    0.00015     3.047 ±  0.045 %    95.451 ±  0.065 %
 101       6.1774 ±    0.0464       0.00643 ±    0.00054       0.01089 ±    0.00014     3.065 ±  0.045 %    95.433 ±  0.065 %
 102       6.1801 ±    0.0462       0.00626 ±    0.00054       0.01091 ±    0.00014     3.064 ±  0.044 %    95.421 ±  0.065 %
 103       6.1801 ±    0.0460       0.00637 ±    0.00054       0.01098 ±    0.00014     3.075 ±  0.044 %    95.404 ±  0.065 %
 104       6.1798 ±    0.0457       0.00640 ±    0.00054       0.01115 ±    0.00014     3.086 ±  0.043 %    95.393 ±  0.064 %
 105       6.1721 ±    0.0454       0.00629 ±    0.00053       0.01122 ±    0.00014     3.095 ±  0.043 %    95.374 ±  0.064 %
 106       6.1559 ±    0.0451       0.00641 ±    0.00054       0.01133 ±    0.00014     3.121 ±  0.043 %    95.370 ±  0.064 %
 107       6.1686 ±    0.0450       0.00637 ±    0.00053       0.01145 ±    0.00018     3.124 ±  0.043 %    95.367 ±  0.064 %
 108       6.1610 ±    0.0447       0.00637 ±    0.00053       0.01145 ±    0.00018     3.130 ±  0.043 %    95.378 ±  0.063 %
 109       6.1664 ±    0.0445       0.00634 ±    0.00053       0.01144 ±    0.00017     3.131 ±  0.042 %    95.377 ±  0.063 %
 110       6.1667 ±    0.0444       0.00642 ±    0.00053       0.01143 ±    0.00017     3.130 ±  0.042 %    95.384 ±  0.063 %
 111       6.1522 ±    0.0440       0.00642 ±    0.00052       0.01146 ±    0.00017     3.146 ±  0.043 %    95.378 ±  0.062 %
 112       6.1384 ±    0.0437       0.00637 ±    0.00052       0.01143 ±    0.00017     3.142 ±  0.043 %    95.396 ±  0.062 %
 113       6.1153 ±    0.0433       0.00639 ±    0.00052       0.01143 ±    0.00017     3.153 ±  0.044 %    95.402 ±  0.062 %
 114       6.1429 ±    0.0434       0.00638 ±    0.00052       0.01141 ±    0.00017     3.148 ±  0.044 %    95.404 ±  0.061 %
 115       6.1478 ±    0.0432       0.00629 ±    0.00051       0.01141 ±    0.00017     3.144 ±  0.043 %    95.412 ±  0.061 %
 116       6.1571 ±    0.0431       0.00624 ±    0.00051       0.01141 ±    0.00017     3.140 ±  0.043 %    95.417 ±  0.061 %
 117       6.1667 ±    0.0430       0.00627 ±    0.00051       0.01144 ±    0.00017     3.139 ±  0.043 %    95.396 ±  0.061 %
 118       6.1635 ±    0.0428       0.00638 ±    0.00051       0.01164 ±    0.00019     3.175 ±  0.046 %    95.388 ±  0.060 %
 119       6.1451 ±    0.0425       0.00653 ±    0.00051       0.01173 ±    0.00019     3.209 ±  0.047 %    95.387 ±  0.060 %
 120       6.1525 ±    0.0424       0.00661 ±    0.00051       0.01171 ±    0.00019     3.205 ±  0.047 %    95.385 ±  0.060 %
 121       6.1500 ±    0.0422       0.00671 ±    0.00051       0.01168 ±    0.00019     3.203 ±  0.047 %    95.391 ±  0.060 %
 122       6.1450 ±    0.0420       0.00672 ±    0.00050       0.01166 ±    0.00019     3.202 ±  0.047 %    95.388 ±  0.059 %
 123       6.1359 ±    0.0418       0.00669 ±    0.00050       0.01163 ±    0.00019     3.198 ±  0.046 %    95.402 ±  0.059 %
 124       6.1321 ±    0.0416       0.00669 ±    0.00050       0.01161 ±    0.00018     3.196 ±  0.046 %    95.406 ±  0.059 %
 125       6.1471 ±    0.0416       0.00673 ±    0.00050       0.01160 ±    0.00018     3.192 ±  0.046 %    95.410 ±  0.059 %
 126       6.1425 ±    0.0414       0.00675 ±    0.00049       0.01157 ±    0.00018     3.187 ±  0.045 %    95.427 ±  0.058 %
 127       6.1535 ±    0.0413       0.00675 ±    0.00049       0.01154 ±    0.00018     3.182 ±  0.045 %    95.426 ±  0.058 %
 128       6.1430 ±    0.0411       0.00676 ±    0.00049       0.01151 ±    0.00018     3.178 ±  0.045 %    95.427 ±  0.058 %
 129       6.1411 ±    0.0409       0.00673 ±    0.00049       0.01149 ±    0.00018     3.178 ±  0.045 %    95.431 ±  0.057 %
 130       6.1299 ±    0.0406       0.00662 ±    0.00048       0.01148 ±    0.00018     3.176 ±  0.044 %    95.431 ±  0.057 %
 131       6.1357 ±    0.0405       0.00665 ±    0.00048       0.01146 ±    0.00017     3.171 ±  0.044 %    95.435 ±  0.057 %
 132       6.1370 ±    0.0404       0.00659 ±    0.00048       0.01148 ±    0.00017     3.173 ±  0.044 %    95.433 ±  0.057 %
 133       6.1468 ±    0.0403       0.00658 ±    0.00048       0.01149 ±    0.00017     3.170 ±  0.044 %    95.422 ±  0.057 %
 134       6.1598 ±    0.0403       0.00660 ±    0.00048       0.01152 ±    0.00017     3.183 ±  0.044 %    95.416 ±  0.056 %
 135       6.1557 ±    0.0401       0.00659 ±    0.00048       0.01151 ±    0.00017     3.179 ±  0.044 %    95.415 ±  0.056 %
 136       6.1355 ±    0.0398       0.00656 ±    0.00048       0.01148 ±    0.00017     3.176 ±  0.043 %    95.421 ±  0.056 %
 137       6.1052 ±    0.0394       0.00656 ±    0.00047       0.01146 ±    0.00017     3.172 ±  0.043 %    95.424 ±  0.056 %
 138       6.1132 ±    0.0393       0.00669 ±    0.00047       0.01156 ±    0.00018     3.180 ±  0.043 %    95.418 ±  0.056 %
 139       6.1284 ±    0.0393       0.00670 ±    0.00047       0.01155 ±    0.00018     3.177 ±  0.043 %    95.424 ±  0.055 %
 140       6.1549 ±    0.0394       0.00672 ±    0.00047       0.01153 ±    0.00018     3.171 ±  0.043 %    95.422 ±  0.055 %
 141       6.1412 ±    0.0391       0.00665 ±    0.00047       0.01157 ±    0.00018     3.184 ±  0.043 %    95.417 ±  0.055 %
 142       6.1425 ±    0.0390       0.00663 ±    0.00047       0.01158 ±    0.00017     3.183 ±  0.042 %    95.418 ±  0.055 %
 143       6.1432 ±    0.0389       0.00663 ±    0.00046       0.01156 ±    0.00017     3.180 ±  0.042 %    95.415 ±  0.055 %
 144       6.1549 ±    0.0388       0.00663 ±    0.00046       0.01155 ±    0.00017     3.177 ±  0.042 %    95.408 ±  0.055 %
 145       6.1477 ±    0.0386       0.00662 ±    0.00046       0.01158 ±    0.00017     3.181 ±  0.042 %    95.411 ±  0.054 %

====== Perplexity statistics ======
Mean PPL(Q)                   :   6.147700 ±   0.038650
Mean PPL(base)                :   6.107128 ±   0.038226
Cor(ln(PPL(Q)), ln(PPL(base))):  99.73%
Mean ln(PPL(Q)/PPL(base))     :   0.006621 ±   0.000460
Mean PPL(Q)/PPL(base)         :   1.006643 ±   0.000463
Mean PPL(Q)-PPL(base)         :   0.040572 ±   0.002847

====== KL divergence statistics ======
Mean    KLD:   0.011578 ±   0.000175
Maximum KLD:  11.896030
99.9%   KLD:   0.406682
99.0%   KLD:   0.098903
95.0%   KLD:   0.036669
90.0%   KLD:   0.023225
Median  KLD:   0.004940
10.0%   KLD:   0.000119
 5.0%   KLD:   0.000033
 1.0%   KLD:   0.000004
 0.1%   KLD:  -0.000000
Minimum KLD:  -0.000058

====== Token probability statistics ======
Mean    Δp: -0.038 ± 0.008 %
Maximum Δp: 89.528%
99.9%   Δp: 20.626%
99.0%   Δp:  8.896%
95.0%   Δp:  3.935%
90.0%   Δp:  2.287%
75.0%   Δp:  0.455%
Median  Δp: -0.001%
25.0%   Δp: -0.505%
10.0%   Δp: -2.310%
 5.0%   Δp: -4.062%
 1.0%   Δp: -9.399%
 0.1%   Δp: -23.097%
Minimum Δp: -99.706%
RMS Δp    :  3.181 ± 0.042 %
Same top p: 95.411 ± 0.054 %

------------------------------
llama-perplexity --kl-divergence-base /tmp/logits.dat --ctx-size 2048 -f sample-data/wiki.test.raw -hf byteshape/Qwen3.6-35B-A3B-MTP-GGUF:Qwen3.6-35B-A3B-IQ4_XS-3.97bpw -fa on -ngl 99 --cpu-moe -ctk f16 -ctv turbo3 --kl-divergence
0.00.545.215 I common_init_result: fitting params to device memory ...
0.00.545.218 I common_init_result: (for bugs during this step try to reproduce them with -fit off, or provide --verbose logs if the bug only occurs with -fit on)
0.02.816.358 W llama_model_loader: tensor overrides to CPU are used with mmap enabled - consider using --no-mmap for better performance
0.05.565.086 W llama_context: n_ctx_seq (2048) < n_ctx_train (262144) -- the full capacity of the model will not be utilized
0.05.594.464 I common_init_from_params: warming up the model with an empty run - please wait ... (--no-warmup to disable)
0.05.679.189 I 
0.05.679.261 I system_info: n_threads = 16 (n_threads_batch = 16) / 32 | CUDA : ARCHS = 500,610,700,750,800,860,890,900 | USE_GRAPHS = 1 | PEER_MAX_BATCH_SIZE = 128 | CPU : SSE3 = 1 | SSSE3 = 1 | AVX = 1 | AVX2 = 1 | F16C = 1 | FMA = 1 | BMI2 = 1 | LLAMAFILE = 1 | OPENMP = 1 | REPACK = 1 | 
0.05.899.408 I kl_divergence: computing over 145 chunks, n_ctx=2048, batch_size=2048, n_seq=1
0.11.060.126 I kl_divergence: 5.16 seconds per pass - ETA 12.47 minutes

chunk             PPL               ln(PPL(Q)/PPL(base))          KL Divergence              Δp RMS            Same top p
   1       4.7891 ±    0.3442       0.00683 ±    0.00693       0.01791 ±    0.00140     4.315 ±  0.304 %    94.526 ±  0.712 %
   2       6.0523 ±    0.3201       0.01202 ±    0.00482       0.01746 ±    0.00087     3.920 ±  0.188 %    93.842 ±  0.532 %
   3       6.4093 ±    0.2796       0.01320 ±    0.00366       0.01574 ±    0.00062     3.779 ±  0.161 %    94.233 ±  0.421 %
   4       6.4411 ±    0.2458       0.01328 ±    0.00303       0.01497 ±    0.00069     3.650 ±  0.136 %    94.624 ±  0.353 %
   5       6.3291 ±    0.2177       0.00978 ±    0.00270       0.01465 ±    0.00057     3.558 ±  0.115 %    94.702 ±  0.313 %
   6       5.4764 ±    0.1672       0.00919 ±    0.00255       0.01524 ±    0.00063     3.732 ±  0.113 %    94.835 ±  0.283 %
   7       4.9757 ±    0.1367       0.00778 ±    0.00234       0.01501 ±    0.00056     3.818 ±  0.113 %    94.805 ±  0.262 %
   8       4.9873 ±    0.1278       0.00781 ±    0.00223       0.01507 ±    0.00051     3.815 ±  0.107 %    94.819 ±  0.245 %
   9       5.2452 ±    0.1274       0.00621 ±    0.00210       0.01534 ±    0.00046     3.777 ±  0.098 %    94.732 ±  0.233 %
  10       5.3752 ±    0.1254       0.00648 ±    0.00196       0.01504 ±    0.00042     3.726 ±  0.092 %    94.868 ±  0.218 %
  11       5.4673 ±    0.1216       0.00603 ±    0.00186       0.01466 ±    0.00039     3.659 ±  0.086 %    94.846 ±  0.208 %
  12       5.7030 ±    0.1228       0.00593 ±    0.00177       0.01466 ±    0.00037     3.618 ±  0.081 %    94.811 ±  0.200 %
  13       5.7606 ±    0.1191       0.00556 ±    0.00171       0.01470 ±    0.00035     3.625 ±  0.077 %    94.744 ±  0.194 %
  14       5.8550 ±    0.1170       0.00519 ±    0.00162       0.01457 ±    0.00032     3.582 ±  0.073 %    94.742 ±  0.187 %
  15       5.9298 ±    0.1149       0.00526 ±    0.00156       0.01460 ±    0.00031     3.601 ±  0.070 %    94.695 ±  0.181 %
  16       6.1162 ±    0.1155       0.00653 ±    0.00151       0.01448 ±    0.00029     3.563 ±  0.067 %    94.666 ±  0.176 %
  17       6.1781 ±    0.1129       0.00645 ±    0.00145       0.01436 ±    0.00027     3.540 ±  0.065 %    94.716 ±  0.170 %
  18       6.2795 ±    0.1118       0.00622 ±    0.00141       0.01434 ±    0.00026     3.526 ±  0.065 %    94.738 ±  0.165 %
  19       6.2257 ±    0.1081       0.00598 ±    0.00136       0.01414 ±    0.00025     3.489 ±  0.063 %    94.763 ±  0.160 %
  20       5.9501 ±    0.1001       0.00650 ±    0.00138       0.01500 ±    0.00030     3.723 ±  0.079 %    94.804 ±  0.155 %
  21       5.9685 ±    0.0979       0.00614 ±    0.00135       0.01506 ±    0.00029     3.713 ±  0.077 %    94.782 ±  0.152 %
  22       5.9984 ±    0.0962       0.00586 ±    0.00131       0.01499 ±    0.00028     3.704 ±  0.074 %    94.797 ±  0.148 %
  23       6.0498 ±    0.0950       0.00566 ±    0.00128       0.01495 ±    0.00027     3.678 ±  0.071 %    94.730 ±  0.146 %
  24       6.0681 ±    0.0931       0.00627 ±    0.00125       0.01500 ±    0.00026     3.671 ±  0.069 %    94.673 ±  0.143 %
  25       6.1165 ±    0.0922       0.00632 ±    0.00122       0.01492 ±    0.00025     3.639 ±  0.067 %    94.659 ±  0.141 %
  26       6.0991 ±    0.0901       0.00610 ±    0.00120       0.01486 ±    0.00024     3.631 ±  0.066 %    94.710 ±  0.137 %
  27       6.2436 ±    0.0910       0.00613 ±    0.00117       0.01473 ±    0.00023     3.602 ±  0.064 %    94.671 ±  0.135 %
  28       6.3236 ±    0.0908       0.00593 ±    0.00114       0.01471 ±    0.00023     3.585 ±  0.062 %    94.610 ±  0.133 %
  29       6.2936 ±    0.0888       0.00626 ±    0.00112       0.01478 ±    0.00022     3.603 ±  0.061 %    94.637 ±  0.131 %
  30       6.2608 ±    0.0867       0.00631 ±    0.00111       0.01482 ±    0.00023     3.605 ±  0.063 %    94.650 ±  0.128 %
  31       6.1852 ±    0.0840       0.00672 ±    0.00109       0.01471 ±    0.00022     3.593 ±  0.062 %    94.665 ±  0.126 %
  32       6.0815 ±    0.0811       0.00652 ±    0.00108       0.01462 ±    0.00021     3.591 ±  0.060 %    94.697 ±  0.124 %
  33       6.0443 ±    0.0793       0.00622 ±    0.00110       0.01484 ±    0.00030     3.628 ±  0.067 %    94.683 ±  0.122 %
  34       6.0432 ±    0.0780       0.00639 ±    0.00107       0.01473 ±    0.00029     3.608 ±  0.066 %    94.684 ±  0.120 %
  35       6.0597 ±    0.0772       0.00636 ±    0.00106       0.01480 ±    0.00029     3.619 ±  0.065 %    94.696 ±  0.118 %
  36       6.0774 ±    0.0764       0.00629 ±    0.00105       0.01487 ±    0.00029     3.640 ±  0.066 %    94.713 ±  0.117 %
  37       5.9891 ±    0.0740       0.00608 ±    0.00103       0.01471 ±    0.00028     3.622 ±  0.064 %    94.761 ±  0.115 %
  38       5.9256 ±    0.0720       0.00611 ±    0.00101       0.01461 ±    0.00028     3.614 ±  0.063 %    94.773 ±  0.113 %
  39       5.8537 ±    0.0699       0.00594 ±    0.00099       0.01456 ±    0.00027     3.619 ±  0.063 %    94.787 ±  0.111 %
  40       5.7757 ±    0.0678       0.00591 ±    0.00098       0.01445 ±    0.00027     3.613 ±  0.062 %    94.809 ±  0.110 %
  41       5.7320 ±    0.0663       0.00610 ±    0.00096       0.01440 ±    0.00026     3.628 ±  0.062 %    94.829 ±  0.108 %
  42       5.7669 ±    0.0660       0.00613 ±    0.00095       0.01435 ±    0.00026     3.613 ±  0.061 %    94.819 ±  0.107 %
  43       5.9004 ±    0.0673       0.00620 ±    0.00094       0.01445 ±    0.00026     3.623 ±  0.064 %    94.781 ±  0.106 %
  44       6.0061 ±    0.0681       0.00599 ±    0.00093       0.01446 ±    0.00025     3.608 ±  0.063 %    94.735 ±  0.105 %
  45       5.9815 ±    0.0669       0.00589 ±    0.00093       0.01477 ±    0.00025     3.643 ±  0.061 %    94.665 ±  0.105 %
  46       5.9987 ±    0.0664       0.00608 ±    0.00092       0.01481 ±    0.00024     3.644 ±  0.061 %    94.651 ±  0.104 %
  47       6.0287 ±    0.0661       0.00611 ±    0.00091       0.01477 ±    0.00024     3.632 ±  0.060 %    94.657 ±  0.103 %
  48       6.0421 ±    0.0655       0.00612 ±    0.00090       0.01479 ±    0.00024     3.635 ±  0.059 %    94.634 ±  0.102 %
  49       6.0867 ±    0.0654       0.00601 ±    0.00089       0.01483 ±    0.00023     3.629 ±  0.058 %    94.616 ±  0.101 %
  50       6.0632 ±    0.0645       0.00612 ±    0.00088       0.01483 ±    0.00023     3.620 ±  0.057 %    94.620 ±  0.100 %
  51       6.1001 ±    0.0643       0.00615 ±    0.00087       0.01477 ±    0.00023     3.609 ±  0.056 %    94.641 ±  0.099 %
  52       6.0542 ±    0.0631       0.00616 ±    0.00086       0.01471 ±    0.00022     3.613 ±  0.056 %    94.665 ±  0.097 %
  53       6.0386 ±    0.0622       0.00635 ±    0.00085       0.01468 ±    0.00022     3.606 ±  0.055 %    94.649 ±  0.097 %
  54       6.0201 ±    0.0614       0.00639 ±    0.00084       0.01461 ±    0.00022     3.604 ±  0.055 %    94.658 ±  0.096 %
  55       5.9804 ±    0.0603       0.00646 ±    0.00083       0.01454 ±    0.00021     3.596 ±  0.054 %    94.673 ±  0.095 %
  56       5.9669 ±    0.0596       0.00644 ±    0.00082       0.01452 ±    0.00021     3.604 ±  0.055 %    94.681 ±  0.094 %
  57       5.9163 ±    0.0584       0.00646 ±    0.00081       0.01444 ±    0.00021     3.593 ±  0.054 %    94.689 ±  0.093 %
  58       5.9065 ±    0.0577       0.00653 ±    0.00080       0.01445 ±    0.00021     3.590 ±  0.054 %    94.691 ±  0.092 %
  59       5.8839 ±    0.0570       0.00681 ±    0.00080       0.01461 ±    0.00021     3.620 ±  0.053 %    94.690 ±  0.091 %
  60       5.8812 ±    0.0565       0.00679 ±    0.00079       0.01451 ±    0.00020     3.604 ±  0.053 %    94.717 ±  0.090 %
  61       5.9011 ±    0.0563       0.00688 ±    0.00078       0.01448 ±    0.00020     3.594 ±  0.052 %    94.707 ±  0.090 %
  62       5.9333 ±    0.0562       0.00670 ±    0.00078       0.01446 ±    0.00020     3.582 ±  0.051 %    94.693 ±  0.089 %
  63       5.9699 ±    0.0562       0.00654 ±    0.00077       0.01444 ±    0.00019     3.578 ±  0.051 %    94.673 ±  0.088 %
  64       6.0024 ±    0.0562       0.00642 ±    0.00076       0.01441 ±    0.00019     3.566 ±  0.051 %    94.669 ±  0.088 %
  65       5.9557 ±    0.0552       0.00638 ±    0.00076       0.01440 ±    0.00019     3.574 ±  0.050 %    94.688 ±  0.087 %
  66       5.9781 ±    0.0551       0.00639 ±    0.00075       0.01441 ±    0.00019     3.570 ±  0.050 %    94.678 ±  0.086 %
  67       5.9688 ±    0.0545       0.00636 ±    0.00075       0.01438 ±    0.00018     3.566 ±  0.049 %    94.673 ±  0.086 %
  68       5.9507 ±    0.0539       0.00637 ±    0.00074       0.01441 ±    0.00018     3.571 ±  0.048 %    94.673 ±  0.085 %
  69       5.9454 ±    0.0534       0.00648 ±    0.00074       0.01439 ±    0.00018     3.564 ±  0.048 %    94.659 ±  0.085 %
  70       5.9413 ±    0.0530       0.00661 ±    0.00073       0.01439 ±    0.00018     3.559 ±  0.047 %    94.654 ±  0.084 %
  71       5.9180 ±    0.0524       0.00657 ±    0.00073       0.01445 ±    0.00018     3.565 ±  0.047 %    94.655 ±  0.083 %
  72       5.9194 ±    0.0520       0.00646 ±    0.00073       0.01448 ±    0.00018     3.573 ±  0.046 %    94.659 ±  0.083 %
  73       5.9455 ±    0.0520       0.00640 ±    0.00072       0.01449 ±    0.00017     3.570 ±  0.046 %    94.667 ±  0.082 %
  74       5.9749 ±    0.0519       0.00660 ±    0.00072       0.01447 ±    0.00017     3.565 ±  0.046 %    94.657 ±  0.082 %
  75       5.9636 ±    0.0515       0.00662 ±    0.00071       0.01441 ±    0.00017     3.555 ±  0.045 %    94.654 ±  0.081 %
  76       5.9853 ±    0.0513       0.00649 ±    0.00070       0.01441 ±    0.00017     3.558 ±  0.045 %    94.656 ±  0.081 %
  77       5.9808 ±    0.0509       0.00651 ±    0.00070       0.01439 ±    0.00017     3.553 ±  0.045 %    94.667 ±  0.080 %
  78       5.9734 ±    0.0504       0.00657 ±    0.00069       0.01438 ±    0.00017     3.552 ±  0.044 %    94.665 ±  0.080 %
  79       6.0012 ±    0.0504       0.00666 ±    0.00069       0.01437 ±    0.00016     3.544 ±  0.044 %    94.657 ±  0.079 %
  80       5.9618 ±    0.0497       0.00667 ±    0.00069       0.01459 ±    0.00017     3.609 ±  0.045 %    94.638 ±  0.079 %
  81       5.9735 ±    0.0495       0.00709 ±    0.00069       0.01474 ±    0.00016     3.615 ±  0.045 %    94.613 ±  0.078 %
  82       5.9476 ±    0.0490       0.00703 ±    0.00069       0.01469 ±    0.00016     3.610 ±  0.044 %    94.640 ±  0.078 %
  83       5.9414 ±    0.0486       0.00706 ±    0.00068       0.01467 ±    0.00016     3.609 ±  0.044 %    94.640 ±  0.077 %
  84       5.9252 ±    0.0481       0.00717 ±    0.00068       0.01467 ±    0.00016     3.615 ±  0.045 %    94.640 ±  0.077 %
  85       5.9102 ±    0.0477       0.00727 ±    0.00067       0.01462 ±    0.00016     3.609 ±  0.044 %    94.650 ±  0.076 %
  86       5.9249 ±    0.0476       0.00736 ±    0.00067       0.01461 ±    0.00016     3.607 ±  0.044 %    94.642 ±  0.076 %
  87       5.9069 ±    0.0471       0.00747 ±    0.00066       0.01455 ±    0.00016     3.601 ±  0.043 %    94.635 ±  0.076 %
  88       5.9022 ±    0.0468       0.00759 ±    0.00066       0.01454 ±    0.00016     3.603 ±  0.043 %    94.629 ±  0.075 %
  89       5.9210 ±    0.0467       0.00749 ±    0.00066       0.01462 ±    0.00016     3.606 ±  0.043 %    94.628 ±  0.075 %
  90       5.9280 ±    0.0465       0.00748 ±    0.00065       0.01463 ±    0.00016     3.610 ±  0.043 %    94.631 ±  0.074 %
  91       5.9776 ±    0.0467       0.00764 ±    0.00065       0.01465 ±    0.00016     3.606 ±  0.042 %    94.603 ±  0.074 %
  92       6.0159 ±    0.0469       0.00754 ±    0.00065       0.01469 ±    0.00016     3.612 ±  0.042 %    94.592 ±  0.074 %
  93       6.0461 ±    0.0469       0.00755 ±    0.00064       0.01471 ±    0.00016     3.606 ±  0.042 %    94.580 ±  0.073 %
  94       6.0709 ±    0.0469       0.00765 ±    0.00064       0.01471 ±    0.00016     3.602 ±  0.041 %    94.565 ±  0.073 %
  95       6.1048 ±    0.0470       0.00769 ±    0.00064       0.01471 ±    0.00016     3.593 ±  0.041 %    94.557 ±  0.073 %
  96       6.1473 ±    0.0471       0.00771 ±    0.00063       0.01470 ±    0.00015     3.586 ±  0.041 %    94.553 ±  0.072 %
  97       6.1993 ±    0.0475       0.00775 ±    0.00063       0.01482 ±    0.00017     3.581 ±  0.040 %    94.555 ±  0.072 %
  98       6.1927 ±    0.0471       0.00770 ±    0.00063       0.01482 ±    0.00016     3.583 ±  0.040 %    94.563 ±  0.072 %
  99       6.2018 ±    0.0470       0.00786 ±    0.00063       0.01480 ±    0.00016     3.576 ±  0.040 %    94.550 ±  0.071 %
 100       6.2106 ±    0.0468       0.00790 ±    0.00062       0.01483 ±    0.00016     3.583 ±  0.040 %    94.541 ±  0.071 %
 101       6.1866 ±    0.0464       0.00792 ±    0.00062       0.01493 ±    0.00016     3.605 ±  0.039 %    94.523 ±  0.071 %
 102       6.1906 ±    0.0462       0.00795 ±    0.00062       0.01497 ±    0.00016     3.608 ±  0.039 %    94.503 ±  0.071 %
 103       6.1902 ±    0.0459       0.00799 ±    0.00062       0.01505 ±    0.00016     3.615 ±  0.039 %    94.478 ±  0.070 %
 104       6.1894 ±    0.0457       0.00795 ±    0.00062       0.01531 ±    0.00017     3.640 ±  0.039 %    94.452 ±  0.070 %
 105       6.1819 ±    0.0454       0.00788 ±    0.00062       0.01540 ±    0.00017     3.649 ±  0.039 %    94.441 ±  0.070 %
 106       6.1653 ±    0.0450       0.00793 ±    0.00062       0.01550 ±    0.00017     3.668 ±  0.039 %    94.443 ±  0.070 %
 107       6.1779 ±    0.0449       0.00788 ±    0.00062       0.01562 ±    0.00020     3.671 ±  0.039 %    94.435 ±  0.069 %
 108       6.1705 ±    0.0447       0.00791 ±    0.00061       0.01563 ±    0.00020     3.680 ±  0.039 %    94.442 ±  0.069 %
 109       6.1754 ±    0.0445       0.00779 ±    0.00061       0.01561 ±    0.00020     3.678 ±  0.038 %    94.437 ±  0.069 %
 110       6.1754 ±    0.0443       0.00781 ±    0.00061       0.01561 ±    0.00020     3.676 ±  0.038 %    94.443 ±  0.068 %
 111       6.1610 ±    0.0440       0.00785 ±    0.00061       0.01562 ±    0.00020     3.685 ±  0.039 %    94.434 ±  0.068 %
 112       6.1474 ±    0.0436       0.00784 ±    0.00060       0.01559 ±    0.00020     3.681 ±  0.038 %    94.455 ±  0.068 %
 113       6.1243 ±    0.0432       0.00786 ±    0.00060       0.01559 ±    0.00020     3.689 ±  0.039 %    94.467 ±  0.067 %
 114       6.1522 ±    0.0433       0.00790 ±    0.00060       0.01557 ±    0.00020     3.684 ±  0.039 %    94.463 ±  0.067 %
 115       6.1569 ±    0.0432       0.00779 ±    0.00060       0.01558 ±    0.00019     3.683 ±  0.039 %    94.473 ±  0.067 %
 116       6.1666 ±    0.0431       0.00777 ±    0.00059       0.01559 ±    0.00019     3.682 ±  0.038 %    94.475 ±  0.066 %
 117       6.1766 ±    0.0430       0.00788 ±    0.00059       0.01562 ±    0.00019     3.683 ±  0.038 %    94.458 ±  0.066 %
 118       6.1727 ±    0.0428       0.00786 ±    0.00059       0.01580 ±    0.00021     3.710 ±  0.040 %    94.461 ±  0.066 %
 119       6.1542 ±    0.0424       0.00801 ±    0.00059       0.01593 ±    0.00022     3.741 ±  0.041 %    94.459 ±  0.066 %
 120       6.1615 ±    0.0423       0.00808 ±    0.00059       0.01593 ±    0.00022     3.738 ±  0.041 %    94.460 ±  0.065 %
 121       6.1587 ±    0.0422       0.00812 ±    0.00059       0.01588 ±    0.00022     3.733 ±  0.041 %    94.462 ±  0.065 %
 122       6.1536 ±    0.0419       0.00811 ±    0.00058       0.01585 ±    0.00021     3.730 ±  0.041 %    94.463 ±  0.065 %
 123       6.1444 ±    0.0417       0.00807 ±    0.00058       0.01580 ±    0.00021     3.725 ±  0.040 %    94.459 ±  0.064 %
 124       6.1405 ±    0.0415       0.00807 ±    0.00058       0.01577 ±    0.00021     3.721 ±  0.040 %    94.460 ±  0.064 %
 125       6.1549 ±    0.0415       0.00799 ±    0.00057       0.01578 ±    0.00021     3.719 ±  0.040 %    94.457 ±  0.064 %
 126       6.1501 ±    0.0413       0.00798 ±    0.00057       0.01574 ±    0.00021     3.717 ±  0.040 %    94.467 ±  0.064 %
 127       6.1609 ±    0.0412       0.00796 ±    0.00057       0.01570 ±    0.00021     3.711 ±  0.040 %    94.466 ±  0.063 %
 128       6.1503 ±    0.0410       0.00795 ±    0.00057       0.01567 ±    0.00020     3.707 ±  0.039 %    94.467 ±  0.063 %
 129       6.1489 ±    0.0408       0.00800 ±    0.00056       0.01565 ±    0.00020     3.703 ±  0.039 %    94.470 ±  0.063 %
 130       6.1384 ±    0.0406       0.00801 ±    0.00056       0.01562 ±    0.00020     3.700 ±  0.039 %    94.479 ±  0.063 %
 131       6.1441 ±    0.0405       0.00801 ±    0.00056       0.01561 ±    0.00020     3.694 ±  0.039 %    94.481 ±  0.062 %
 132       6.1453 ±    0.0403       0.00793 ±    0.00056       0.01564 ±    0.00020     3.699 ±  0.038 %    94.479 ±  0.062 %
 133       6.1550 ±    0.0403       0.00791 ±    0.00055       0.01566 ±    0.00020     3.695 ±  0.038 %    94.470 ±  0.062 %
 134       6.1685 ±    0.0402       0.00801 ±    0.00055       0.01567 ±    0.00020     3.698 ±  0.038 %    94.469 ±  0.062 %
 135       6.1643 ±    0.0400       0.00799 ±    0.00055       0.01566 ±    0.00019     3.696 ±  0.038 %    94.466 ±  0.062 %
 136       6.1439 ±    0.0397       0.00793 ±    0.00055       0.01562 ±    0.00019     3.692 ±  0.038 %    94.472 ±  0.061 %
 137       6.1136 ±    0.0393       0.00793 ±    0.00055       0.01558 ±    0.00019     3.686 ±  0.037 %    94.484 ±  0.061 %
 138       6.1216 ±    0.0393       0.00807 ±    0.00054       0.01560 ±    0.00019     3.684 ±  0.037 %    94.495 ±  0.061 %
 139       6.1365 ±    0.0393       0.00803 ±    0.00054       0.01558 ±    0.00019     3.679 ±  0.037 %    94.505 ±  0.060 %
 140       6.1630 ±    0.0393       0.00805 ±    0.00054       0.01557 ±    0.00019     3.675 ±  0.037 %    94.503 ±  0.060 %
 141       6.1501 ±    0.0391       0.00812 ±    0.00054       0.01565 ±    0.00019     3.698 ±  0.037 %    94.497 ±  0.060 %
 142       6.1519 ±    0.0389       0.00815 ±    0.00054       0.01567 ±    0.00019     3.699 ±  0.037 %    94.497 ±  0.060 %
 143       6.1524 ±    0.0388       0.00812 ±    0.00054       0.01564 ±    0.00019     3.696 ±  0.037 %    94.501 ±  0.060 %
 144       6.1639 ±    0.0388       0.00810 ±    0.00053       0.01563 ±    0.00019     3.692 ±  0.036 %    94.495 ±  0.059 %
 145       6.1566 ±    0.0386       0.00807 ±    0.00053       0.01566 ±    0.00019     3.699 ±  0.037 %    94.500 ±  0.059 %

====== Perplexity statistics ======
Mean PPL(Q)                   :   6.156584 ±   0.038600
Mean PPL(base)                :   6.107128 ±   0.038226
Cor(ln(PPL(Q)), ln(PPL(base))):  99.64%
Mean ln(PPL(Q)/PPL(base))     :   0.008065 ±   0.000532
Mean PPL(Q)/PPL(base)         :   1.008098 ±   0.000536
Mean PPL(Q)-PPL(base)         :   0.049456 ±   0.003281

====== KL divergence statistics ======
Mean    KLD:   0.015662 ±   0.000187
Maximum KLD:  13.046448
99.9%   KLD:   0.524849
99.0%   KLD:   0.128177
95.0%   KLD:   0.049674
90.0%   KLD:   0.032321
Median  KLD:   0.007314
10.0%   KLD:   0.000181
 5.0%   KLD:   0.000052
 1.0%   KLD:   0.000007
 0.1%   KLD:  -0.000000
Minimum KLD:  -0.000036

====== Token probability statistics ======
Mean    Δp: -0.198 ± 0.010 %
Maximum Δp: 90.092%
99.9%   Δp: 23.184%
99.0%   Δp: 10.060%
95.0%   Δp:  4.442%
90.0%   Δp:  2.510%
75.0%   Δp:  0.445%
Median  Δp: -0.006%
25.0%   Δp: -0.752%
10.0%   Δp: -3.131%
 5.0%   Δp: -5.251%
 1.0%   Δp: -11.428%
 0.1%   Δp: -27.732%
Minimum Δp: -98.604%
RMS Δp    :  3.699 ± 0.037 %
Same top p: 94.500 ± 0.059 %

------------------------------
llama-perplexity --kl-divergence-base /tmp/logits.dat --ctx-size 2048 -f sample-data/wiki.test.raw -hf byteshape/Qwen3.6-35B-A3B-MTP-GGUF:Qwen3.6-35B-A3B-IQ4_XS-3.97bpw -fa on -ngl 99 --cpu-moe -ctk f16 -ctv turbo2 --kl-divergence
0.00.531.815 I common_init_result: fitting params to device memory ...
0.00.531.819 I common_init_result: (for bugs during this step try to reproduce them with -fit off, or provide --verbose logs if the bug only occurs with -fit on)
0.02.892.052 W llama_model_loader: tensor overrides to CPU are used with mmap enabled - consider using --no-mmap for better performance
0.05.644.358 W llama_context: n_ctx_seq (2048) < n_ctx_train (262144) -- the full capacity of the model will not be utilized
0.05.674.500 I common_init_from_params: warming up the model with an empty run - please wait ... (--no-warmup to disable)
0.05.758.894 I 
0.05.758.961 I system_info: n_threads = 16 (n_threads_batch = 16) / 32 | CUDA : ARCHS = 500,610,700,750,800,860,890,900 | USE_GRAPHS = 1 | PEER_MAX_BATCH_SIZE = 128 | CPU : SSE3 = 1 | SSSE3 = 1 | AVX = 1 | AVX2 = 1 | F16C = 1 | FMA = 1 | BMI2 = 1 | LLAMAFILE = 1 | OPENMP = 1 | REPACK = 1 | 
0.05.986.021 I kl_divergence: computing over 145 chunks, n_ctx=2048, batch_size=2048, n_seq=1
0.11.281.847 I kl_divergence: 5.30 seconds per pass - ETA 12.78 minutes

chunk             PPL               ln(PPL(Q)/PPL(base))          KL Divergence              Δp RMS            Same top p
   1       4.8262 ±    0.3473       0.01455 ±    0.00916       0.02462 ±    0.00171     5.298 ±  0.418 %    94.526 ±  0.712 %
   2       6.0539 ±    0.3203       0.01228 ±    0.00596       0.02423 ±    0.00117     4.779 ±  0.264 %    93.255 ±  0.555 %
   3       6.4415 ±    0.2818       0.01821 ±    0.00466       0.02268 ±    0.00099     4.778 ±  0.278 %    93.223 ±  0.454 %
   4       6.4536 ±    0.2465       0.01522 ±    0.00376       0.02129 ±    0.00112     4.453 ±  0.228 %    93.768 ±  0.378 %
   5       6.3554 ±    0.2187       0.01393 ±    0.00329       0.02050 ±    0.00092     4.310 ±  0.193 %    94.076 ±  0.330 %
   6       5.5085 ±    0.1683       0.01503 ±    0.00309       0.02151 ±    0.00098     4.475 ±  0.172 %    94.282 ±  0.296 %
   7       5.0197 ±    0.1381       0.01657 ±    0.00288       0.02155 ±    0.00087     4.556 ±  0.162 %    94.372 ±  0.272 %
   8       5.0183 ±    0.1288       0.01400 ±    0.00283       0.02262 ±    0.00084     4.694 ±  0.172 %    94.245 ±  0.257 %
   9       5.2850 ±    0.1287       0.01376 ±    0.00266       0.02310 ±    0.00076     4.619 ±  0.157 %    94.037 ±  0.247 %
  10       5.4155 ±    0.1267       0.01396 ±    0.00251       0.02282 ±    0.00071     4.594 ±  0.147 %    94.066 ±  0.234 %
  11       5.5045 ±    0.1228       0.01281 ±    0.00235       0.02205 ±    0.00065     4.524 ±  0.137 %    94.090 ±  0.222 %
  12       5.7361 ±    0.1237       0.01172 ±    0.00222       0.02179 ±    0.00062     4.449 ±  0.132 %    94.029 ±  0.214 %
  13       5.7914 ±    0.1201       0.01089 ±    0.00214       0.02192 ±    0.00060     4.465 ±  0.134 %    94.030 ±  0.205 %
  14       5.8937 ±    0.1182       0.01177 ±    0.00208       0.02197 ±    0.00057     4.407 ±  0.127 %    93.953 ±  0.199 %
  15       5.9681 ±    0.1160       0.01171 ±    0.00201       0.02211 ±    0.00054     4.428 ±  0.121 %    93.855 ±  0.194 %
  16       6.1426 ±    0.1162       0.01084 ±    0.00196       0.02208 ±    0.00052     4.428 ±  0.119 %    93.805 ±  0.188 %
  17       6.2058 ±    0.1137       0.01094 ±    0.00198       0.02202 ±    0.00054     4.390 ±  0.114 %    93.893 ±  0.182 %
  18       6.3107 ±    0.1127       0.01119 ±    0.00191       0.02189 ±    0.00052     4.344 ±  0.110 %    93.896 ±  0.176 %
  19       6.2563 ±    0.1090       0.01089 ±    0.00186       0.02150 ±    0.00049     4.302 ±  0.106 %    93.975 ±  0.171 %
  20       5.9803 ±    0.1009       0.01156 ±    0.00186       0.02318 ±    0.00059     4.561 ±  0.106 %    94.022 ±  0.166 %
  21       6.0000 ±    0.0987       0.01140 ±    0.00181       0.02331 ±    0.00057     4.564 ±  0.104 %    94.019 ±  0.162 %
  22       6.0244 ±    0.0969       0.01018 ±    0.00176       0.02315 ±    0.00054     4.521 ±  0.100 %    94.037 ±  0.158 %
  23       6.0759 ±    0.0956       0.00997 ±    0.00174       0.02324 ±    0.00055     4.518 ±  0.105 %    93.990 ±  0.155 %
  24       6.0889 ±    0.0936       0.00970 ±    0.00168       0.02307 ±    0.00053     4.484 ±  0.102 %    94.005 ±  0.152 %
  25       6.1400 ±    0.0927       0.01015 ±    0.00165       0.02297 ±    0.00051     4.474 ±  0.102 %    94.006 ±  0.148 %
  26       6.1258 ±    0.0907       0.01048 ±    0.00161       0.02296 ±    0.00049     4.480 ±  0.099 %    94.041 ±  0.145 %
  27       6.2701 ±    0.0915       0.01036 ±    0.00157       0.02268 ±    0.00048     4.434 ±  0.097 %    94.012 ±  0.143 %
  28       6.3485 ±    0.0914       0.00986 ±    0.00153       0.02254 ±    0.00046     4.397 ±  0.094 %    94.002 ±  0.140 %
  29       6.3172 ±    0.0893       0.01000 ±    0.00151       0.02280 ±    0.00046     4.466 ±  0.094 %    94.034 ±  0.138 %
  30       6.2861 ±    0.0873       0.01034 ±    0.00148       0.02305 ±    0.00051     4.502 ±  0.096 %    93.998 ±  0.136 %
  31       6.2083 ±    0.0846       0.01045 ±    0.00145       0.02287 ±    0.00050     4.479 ±  0.094 %    93.952 ±  0.134 %
  32       6.1039 ±    0.0816       0.01020 ±    0.00142       0.02281 ±    0.00049     4.488 ±  0.092 %    93.952 ±  0.132 %
  33       6.0649 ±    0.0798       0.00963 ±    0.00144       0.02359 ±    0.00081     4.542 ±  0.097 %    93.931 ±  0.130 %
  34       6.0615 ±    0.0784       0.00941 ±    0.00141       0.02340 ±    0.00078     4.526 ±  0.095 %    93.945 ±  0.128 %
  35       6.0805 ±    0.0776       0.00978 ±    0.00140       0.02367 ±    0.00078     4.558 ±  0.098 %    93.942 ±  0.126 %
  36       6.0969 ±    0.0769       0.00948 ±    0.00138       0.02357 ±    0.00076     4.534 ±  0.096 %    93.969 ±  0.124 %
  37       6.0080 ±    0.0744       0.00924 ±    0.00135       0.02329 ±    0.00074     4.506 ±  0.094 %    94.027 ±  0.122 %
  38       5.9438 ±    0.0723       0.00918 ±    0.00133       0.02309 ±    0.00072     4.496 ±  0.092 %    94.060 ±  0.120 %
  39       5.8727 ±    0.0703       0.00919 ±    0.00131       0.02300 ±    0.00071     4.495 ±  0.092 %    94.067 ±  0.118 %
  40       5.7955 ±    0.0682       0.00933 ±    0.00129       0.02279 ±    0.00069     4.481 ±  0.090 %    94.096 ±  0.117 %
  41       5.7517 ±    0.0667       0.00952 ±    0.00127       0.02282 ±    0.00068     4.517 ±  0.089 %    94.059 ±  0.115 %
  42       5.7868 ±    0.0664       0.00959 ±    0.00125       0.02266 ±    0.00066     4.487 ±  0.088 %    94.056 ±  0.114 %
  43       5.9231 ±    0.0677       0.01003 ±    0.00124       0.02272 ±    0.00065     4.487 ±  0.087 %    94.030 ±  0.113 %
  44       6.0322 ±    0.0686       0.01033 ±    0.00123       0.02263 ±    0.00064     4.460 ±  0.086 %    93.990 ±  0.112 %
  45       6.0108 ±    0.0675       0.01077 ±    0.00122       0.02319 ±    0.00063     4.539 ±  0.084 %    93.944 ±  0.111 %
  46       6.0273 ±    0.0670       0.01083 ±    0.00122       0.02329 ±    0.00061     4.553 ±  0.083 %    93.937 ±  0.110 %
  47       6.0563 ±    0.0666       0.01069 ±    0.00120       0.02318 ±    0.00060     4.530 ±  0.082 %    93.944 ±  0.109 %
  48       6.0679 ±    0.0660       0.01038 ±    0.00118       0.02329 ±    0.00059     4.542 ±  0.082 %    93.929 ±  0.108 %
  49       6.1133 ±    0.0659       0.01037 ±    0.00118       0.02342 ±    0.00059     4.551 ±  0.083 %    93.899 ±  0.107 %
  50       6.0897 ±    0.0649       0.01050 ±    0.00117       0.02336 ±    0.00058     4.535 ±  0.081 %    93.916 ±  0.106 %
  51       6.1282 ±    0.0648       0.01075 ±    0.00115       0.02321 ±    0.00057     4.509 ±  0.080 %    93.916 ±  0.105 %
  52       6.0814 ±    0.0635       0.01064 ±    0.00114       0.02320 ±    0.00056     4.531 ±  0.081 %    93.926 ±  0.104 %
  53       6.0660 ±    0.0627       0.01087 ±    0.00113       0.02312 ±    0.00055     4.523 ±  0.080 %    93.936 ±  0.103 %
  54       6.0472 ±    0.0618       0.01089 ±    0.00111       0.02302 ±    0.00055     4.520 ±  0.080 %    93.950 ±  0.101 %
  55       6.0071 ±    0.0607       0.01091 ±    0.00110       0.02287 ±    0.00054     4.506 ±  0.079 %    93.978 ±  0.100 %
  56       5.9944 ±    0.0600       0.01105 ±    0.00108       0.02282 ±    0.00053     4.513 ±  0.078 %    93.988 ±  0.099 %
  57       5.9427 ±    0.0588       0.01092 ±    0.00107       0.02270 ±    0.00052     4.501 ±  0.077 %    94.006 ±  0.098 %
  58       5.9334 ±    0.0582       0.01109 ±    0.00106       0.02273 ±    0.00052     4.498 ±  0.076 %    94.000 ±  0.097 %
  59       5.9105 ±    0.0574       0.01132 ±    0.00106       0.02306 ±    0.00051     4.543 ±  0.077 %    94.007 ±  0.097 %
  60       5.9072 ±    0.0570       0.01119 ±    0.00105       0.02290 ±    0.00050     4.522 ±  0.076 %    94.022 ±  0.096 %
  61       5.9267 ±    0.0568       0.01121 ±    0.00104       0.02285 ±    0.00050     4.510 ±  0.075 %    94.031 ±  0.095 %
  62       5.9594 ±    0.0567       0.01109 ±    0.00103       0.02279 ±    0.00049     4.490 ±  0.074 %    94.025 ±  0.094 %
  63       5.9985 ±    0.0567       0.01132 ±    0.00102       0.02272 ±    0.00048     4.478 ±  0.073 %    94.001 ±  0.094 %
  64       6.0321 ±    0.0566       0.01135 ±    0.00101       0.02265 ±    0.00047     4.466 ±  0.073 %    94.004 ±  0.093 %
  65       5.9857 ±    0.0557       0.01140 ±    0.00100       0.02261 ±    0.00047     4.471 ±  0.072 %    94.033 ±  0.092 %
  66       6.0077 ±    0.0555       0.01133 ±    0.00099       0.02262 ±    0.00046     4.467 ±  0.071 %    94.027 ±  0.091 %
  67       5.9979 ±    0.0550       0.01123 ±    0.00098       0.02257 ±    0.00045     4.458 ±  0.070 %    93.999 ±  0.091 %
  68       5.9784 ±    0.0543       0.01102 ±    0.00098       0.02261 ±    0.00045     4.459 ±  0.069 %    93.993 ±  0.090 %
  69       5.9711 ±    0.0538       0.01079 ±    0.00097       0.02251 ±    0.00044     4.447 ±  0.068 %    93.997 ±  0.089 %
  70       5.9677 ±    0.0534       0.01104 ±    0.00096       0.02249 ±    0.00044     4.438 ±  0.067 %    93.999 ±  0.089 %
  71       5.9441 ±    0.0528       0.01097 ±    0.00096       0.02266 ±    0.00043     4.472 ±  0.067 %    93.975 ±  0.088 %
  72       5.9454 ±    0.0524       0.01085 ±    0.00096       0.02274 ±    0.00043     4.481 ±  0.067 %    93.967 ±  0.088 %
  73       5.9723 ±    0.0524       0.01091 ±    0.00095       0.02277 ±    0.00042     4.476 ±  0.066 %    93.945 ±  0.087 %
  74       6.0025 ±    0.0523       0.01121 ±    0.00095       0.02274 ±    0.00042     4.465 ±  0.066 %    93.938 ±  0.087 %
  75       5.9912 ±    0.0519       0.01125 ±    0.00094       0.02261 ±    0.00041     4.451 ±  0.065 %    93.946 ±  0.086 %
  76       6.0130 ±    0.0517       0.01111 ±    0.00093       0.02257 ±    0.00041     4.440 ±  0.065 %    93.956 ±  0.085 %
  77       6.0099 ±    0.0513       0.01136 ±    0.00092       0.02255 ±    0.00040     4.437 ±  0.064 %    93.955 ±  0.085 %
  78       6.0014 ±    0.0508       0.01125 ±    0.00092       0.02254 ±    0.00040     4.434 ±  0.063 %    93.953 ±  0.084 %
  79       6.0295 ±    0.0509       0.01136 ±    0.00091       0.02249 ±    0.00040     4.422 ±  0.063 %    93.965 ±  0.084 %
  80       5.9893 ±    0.0501       0.01128 ±    0.00091       0.02282 ±    0.00039     4.483 ±  0.062 %    93.943 ±  0.083 %
  81       6.0005 ±    0.0499       0.01159 ±    0.00091       0.02305 ±    0.00039     4.494 ±  0.061 %    93.896 ±  0.083 %
  82       5.9757 ±    0.0494       0.01176 ±    0.00090       0.02302 ±    0.00039     4.492 ±  0.061 %    93.906 ±  0.083 %
  83       5.9704 ±    0.0490       0.01191 ±    0.00089       0.02299 ±    0.00038     4.497 ±  0.060 %    93.901 ±  0.082 %
  84       5.9546 ±    0.0486       0.01213 ±    0.00089       0.02297 ±    0.00038     4.499 ±  0.060 %    93.900 ±  0.082 %
  85       5.9386 ±    0.0481       0.01207 ±    0.00088       0.02290 ±    0.00037     4.496 ±  0.060 %    93.911 ±  0.081 %
  86       5.9528 ±    0.0480       0.01205 ±    0.00087       0.02287 ±    0.00037     4.492 ±  0.059 %    93.901 ±  0.081 %
  87       5.9338 ±    0.0475       0.01202 ±    0.00087       0.02277 ±    0.00036     4.482 ±  0.058 %    93.902 ±  0.080 %
  88       5.9293 ±    0.0472       0.01216 ±    0.00086       0.02275 ±    0.00036     4.487 ±  0.059 %    93.893 ±  0.080 %
  89       5.9485 ±    0.0471       0.01213 ±    0.00086       0.02278 ±    0.00036     4.484 ±  0.058 %    93.888 ±  0.079 %
  90       5.9568 ±    0.0469       0.01232 ±    0.00085       0.02278 ±    0.00036     4.479 ±  0.058 %    93.893 ±  0.079 %
  91       6.0057 ±    0.0471       0.01233 ±    0.00085       0.02282 ±    0.00035     4.476 ±  0.058 %    93.848 ±  0.079 %
  92       6.0449 ±    0.0473       0.01236 ±    0.00085       0.02285 ±    0.00035     4.477 ±  0.057 %    93.853 ±  0.078 %
  93       6.0757 ±    0.0473       0.01242 ±    0.00084       0.02287 ±    0.00035     4.465 ±  0.057 %    93.829 ±  0.078 %
  94       6.1003 ±    0.0473       0.01248 ±    0.00084       0.02286 ±    0.00034     4.456 ±  0.057 %    93.815 ±  0.078 %
  95       6.1345 ±    0.0474       0.01254 ±    0.00083       0.02285 ±    0.00034     4.444 ±  0.056 %    93.807 ±  0.077 %
  96       6.1766 ±    0.0475       0.01246 ±    0.00083       0.02283 ±    0.00034     4.436 ±  0.056 %    93.804 ±  0.077 %
  97       6.2280 ±    0.0478       0.01237 ±    0.00083       0.02303 ±    0.00037     4.442 ±  0.056 %    93.790 ±  0.077 %
  98       6.2221 ±    0.0475       0.01244 ±    0.00082       0.02305 ±    0.00036     4.443 ±  0.056 %    93.792 ±  0.076 %
  99       6.2314 ±    0.0473       0.01264 ±    0.00082       0.02300 ±    0.00036     4.432 ±  0.055 %    93.795 ±  0.076 %
 100       6.2410 ±    0.0472       0.01279 ±    0.00081       0.02304 ±    0.00036     4.432 ±  0.055 %    93.775 ±  0.076 %
 101       6.2175 ±    0.0468       0.01291 ±    0.00081       0.02320 ±    0.00035     4.456 ±  0.055 %    93.749 ±  0.075 %
 102       6.2202 ±    0.0465       0.01273 ±    0.00081       0.02323 ±    0.00035     4.451 ±  0.054 %    93.744 ±  0.075 %
 103       6.2189 ±    0.0463       0.01262 ±    0.00080       0.02332 ±    0.00035     4.461 ±  0.054 %    93.714 ±  0.075 %
 104       6.2181 ±    0.0460       0.01258 ±    0.00080       0.02371 ±    0.00035     4.489 ±  0.053 %    93.679 ±  0.075 %
 105       6.2114 ±    0.0457       0.01264 ±    0.00080       0.02385 ±    0.00034     4.509 ±  0.053 %    93.660 ±  0.074 %
 106       6.1947 ±    0.0454       0.01270 ±    0.00080       0.02409 ±    0.00034     4.531 ±  0.052 %    93.652 ±  0.074 %
 107       6.2084 ±    0.0453       0.01280 ±    0.00080       0.02411 ±    0.00034     4.530 ±  0.052 %    93.645 ±  0.074 %
 108       6.2008 ±    0.0450       0.01282 ±    0.00080       0.02409 ±    0.00034     4.535 ±  0.052 %    93.654 ±  0.073 %
 109       6.2057 ±    0.0449       0.01269 ±    0.00079       0.02406 ±    0.00034     4.532 ±  0.051 %    93.661 ±  0.073 %
 110       6.2065 ±    0.0447       0.01284 ±    0.00079       0.02408 ±    0.00034     4.534 ±  0.051 %    93.671 ±  0.073 %
 111       6.1916 ±    0.0443       0.01280 ±    0.00079       0.02409 ±    0.00034     4.542 ±  0.052 %    93.670 ±  0.072 %
 112       6.1777 ±    0.0440       0.01275 ±    0.00078       0.02403 ±    0.00033     4.538 ±  0.051 %    93.678 ±  0.072 %
 113       6.1547 ±    0.0436       0.01282 ±    0.00078       0.02407 ±    0.00034     4.545 ±  0.052 %    93.679 ±  0.072 %
 114       6.1828 ±    0.0437       0.01285 ±    0.00078       0.02404 ±    0.00034     4.539 ±  0.051 %    93.674 ±  0.071 %
 115       6.1870 ±    0.0436       0.01266 ±    0.00077       0.02404 ±    0.00033     4.535 ±  0.051 %    93.676 ±  0.071 %
 116       6.1965 ±    0.0434       0.01261 ±    0.00077       0.02403 ±    0.00033     4.527 ±  0.051 %    93.678 ±  0.071 %
 117       6.2063 ±    0.0433       0.01267 ±    0.00077       0.02409 ±    0.00033     4.534 ±  0.051 %    93.654 ±  0.070 %
 118       6.2038 ±    0.0431       0.01290 ±    0.00077       0.02432 ±    0.00034     4.567 ±  0.053 %    93.642 ±  0.070 %
 119       6.1861 ±    0.0428       0.01317 ±    0.00077       0.02452 ±    0.00035     4.599 ±  0.053 %    93.636 ±  0.070 %
 120       6.1934 ±    0.0427       0.01324 ±    0.00077       0.02448 ±    0.00035     4.593 ±  0.053 %    93.629 ±  0.070 %
 121       6.1910 ±    0.0425       0.01334 ±    0.00077       0.02438 ±    0.00035     4.583 ±  0.053 %    93.646 ±  0.069 %
 122       6.1857 ±    0.0423       0.01332 ±    0.00076       0.02431 ±    0.00035     4.576 ±  0.052 %    93.653 ±  0.069 %
 123       6.1766 ±    0.0421       0.01330 ±    0.00076       0.02423 ±    0.00034     4.571 ±  0.052 %    93.654 ±  0.069 %
 124       6.1724 ±    0.0419       0.01326 ±    0.00075       0.02417 ±    0.00034     4.566 ±  0.052 %    93.660 ±  0.068 %
 125       6.1871 ±    0.0419       0.01322 ±    0.00075       0.02419 ±    0.00034     4.565 ±  0.052 %    93.657 ±  0.068 %
 126       6.1820 ±    0.0417       0.01316 ±    0.00074       0.02411 ±    0.00034     4.556 ±  0.051 %    93.670 ±  0.068 %
 127       6.1933 ±    0.0416       0.01321 ±    0.00074       0.02404 ±    0.00033     4.545 ±  0.051 %    93.677 ±  0.068 %
 128       6.1827 ±    0.0414       0.01320 ±    0.00074       0.02403 ±    0.00033     4.543 ±  0.051 %    93.679 ±  0.067 %
 129       6.1814 ±    0.0412       0.01326 ±    0.00073       0.02398 ±    0.00033     4.536 ±  0.050 %    93.686 ±  0.067 %
 130       6.1702 ±    0.0409       0.01318 ±    0.00073       0.02393 ±    0.00033     4.531 ±  0.050 %    93.700 ±  0.067 %
 131       6.1760 ±    0.0408       0.01320 ±    0.00073       0.02387 ±    0.00032     4.524 ±  0.050 %    93.708 ±  0.066 %
 132       6.1772 ±    0.0407       0.01311 ±    0.00072       0.02395 ±    0.00032     4.536 ±  0.050 %    93.700 ±  0.066 %
 133       6.1882 ±    0.0406       0.01329 ±    0.00072       0.02402 ±    0.00032     4.548 ±  0.050 %    93.687 ±  0.066 %
 134       6.2013 ±    0.0406       0.01331 ±    0.00072       0.02404 ±    0.00032     4.549 ±  0.050 %    93.686 ±  0.066 %
 135       6.1963 ±    0.0404       0.01316 ±    0.00072       0.02400 ±    0.00032     4.543 ±  0.050 %    93.683 ±  0.065 %
 136       6.1757 ±    0.0401       0.01310 ±    0.00071       0.02396 ±    0.00032     4.540 ±  0.050 %    93.689 ±  0.065 %
 137       6.1443 ±    0.0397       0.01295 ±    0.00071       0.02392 ±    0.00031     4.537 ±  0.049 %    93.700 ±  0.065 %
 138       6.1521 ±    0.0396       0.01304 ±    0.00071       0.02397 ±    0.00031     4.538 ±  0.049 %    93.698 ±  0.065 %
 139       6.1672 ±    0.0396       0.01302 ±    0.00071       0.02395 ±    0.00031     4.534 ±  0.049 %    93.700 ±  0.064 %
 140       6.1938 ±    0.0397       0.01303 ±    0.00070       0.02391 ±    0.00031     4.525 ±  0.049 %    93.701 ±  0.064 %
 141       6.1805 ±    0.0394       0.01305 ±    0.00070       0.02404 ±    0.00031     4.549 ±  0.048 %    93.690 ±  0.064 %
 142       6.1822 ±    0.0393       0.01307 ±    0.00070       0.02406 ±    0.00031     4.548 ±  0.048 %    93.692 ±  0.064 %
 143       6.1830 ±    0.0392       0.01307 ±    0.00070       0.02402 ±    0.00030     4.543 ±  0.048 %    93.699 ±  0.064 %
 144       6.1944 ±    0.0391       0.01303 ±    0.00069       0.02400 ±    0.00030     4.536 ±  0.048 %    93.688 ±  0.063 %
 145       6.1869 ±    0.0389       0.01298 ±    0.00069       0.02402 ±    0.00030     4.542 ±  0.048 %    93.692 ±  0.063 %

====== Perplexity statistics ======
Mean PPL(Q)                   :   6.186893 ±   0.038937
Mean PPL(base)                :   6.107128 ±   0.038226
Cor(ln(PPL(Q)), ln(PPL(base))):  99.39%
Mean ln(PPL(Q)/PPL(base))     :   0.012976 ±   0.000692
Mean PPL(Q)/PPL(base)         :   1.013061 ±   0.000701
Mean PPL(Q)-PPL(base)         :   0.079765 ±   0.004305

====== KL divergence statistics ======
Mean    KLD:   0.024018 ±   0.000303
Maximum KLD:  21.406374
99.9%   KLD:   0.973706
99.0%   KLD:   0.228240
95.0%   KLD:   0.081092
90.0%   KLD:   0.049463
Median  KLD:   0.008856
10.0%   KLD:   0.000178
 5.0%   KLD:   0.000047
 1.0%   KLD:   0.000005
 0.1%   KLD:  -0.000000
Minimum KLD:  -0.000043

====== Token probability statistics ======
Mean    Δp: -0.201 ± 0.012 %
Maximum Δp: 99.966%
99.9%   Δp: 31.006%
99.0%   Δp: 11.936%
95.0%   Δp:  4.947%
90.0%   Δp:  2.775%
75.0%   Δp:  0.519%
Median  Δp: -0.004%
25.0%   Δp: -0.758%
10.0%   Δp: -3.286%
 5.0%   Δp: -5.866%
 1.0%   Δp: -14.483%
 0.1%   Δp: -37.230%
Minimum Δp: -99.614%
RMS Δp    :  4.542 ± 0.048 %
Same top p: 93.692 ± 0.063 %

------------------------------
llama-perplexity --kl-divergence-base /tmp/logits.dat --ctx-size 2048 -f sample-data/wiki.test.raw -hf byteshape/Qwen3.6-35B-A3B-MTP-GGUF:Qwen3.6-35B-A3B-IQ4_XS-3.97bpw -fa on -ngl 99 --cpu-moe -ctk q8_0 -ctv q8_0 --kl-divergence
0.00.534.122 I common_init_result: fitting params to device memory ...
0.00.534.125 I common_init_result: (for bugs during this step try to reproduce them with -fit off, or provide --verbose logs if the bug only occurs with -fit on)
0.02.774.516 W llama_model_loader: tensor overrides to CPU are used with mmap enabled - consider using --no-mmap for better performance
0.05.517.104 W llama_context: n_ctx_seq (2048) < n_ctx_train (262144) -- the full capacity of the model will not be utilized
0.05.547.522 I common_init_from_params: warming up the model with an empty run - please wait ... (--no-warmup to disable)
0.05.633.283 I 
0.05.633.366 I system_info: n_threads = 16 (n_threads_batch = 16) / 32 | CUDA : ARCHS = 500,610,700,750,800,860,890,900 | USE_GRAPHS = 1 | PEER_MAX_BATCH_SIZE = 128 | CPU : SSE3 = 1 | SSSE3 = 1 | AVX = 1 | AVX2 = 1 | F16C = 1 | FMA = 1 | BMI2 = 1 | LLAMAFILE = 1 | OPENMP = 1 | REPACK = 1 | 
0.05.878.287 I kl_divergence: computing over 145 chunks, n_ctx=2048, batch_size=2048, n_seq=1
0.11.154.700 I kl_divergence: 5.28 seconds per pass - ETA 12.75 minutes

chunk             PPL               ln(PPL(Q)/PPL(base))          KL Divergence              Δp RMS            Same top p
   1       4.7878 ±    0.3445       0.00655 ±    0.00432       0.00653 ±    0.00055     2.479 ±  0.187 %    96.676 ±  0.561 %
   2       5.9820 ±    0.3156       0.00033 ±    0.00293       0.00578 ±    0.00032     2.149 ±  0.118 %    96.774 ±  0.391 %
   3       6.3243 ±    0.2749      -0.00015 ±    0.00221       0.00498 ±    0.00022     1.944 ±  0.092 %    96.905 ±  0.313 %
   4       6.3678 ±    0.2421       0.00183 ±    0.00182       0.00470 ±    0.00019     1.935 ±  0.086 %    97.214 ±  0.257 %
   5       6.2788 ±    0.2155       0.00180 ±    0.00159       0.00463 ±    0.00018     1.875 ±  0.075 %    97.439 ±  0.221 %
   6       5.4348 ±    0.1655       0.00156 ±    0.00144       0.00499 ±    0.00026     2.000 ±  0.074 %    97.458 ±  0.201 %
   7       4.9479 ±    0.1356       0.00217 ±    0.00133       0.00508 ±    0.00023     2.126 ±  0.075 %    97.403 ±  0.188 %
   8       4.9550 ±    0.1268       0.00130 ±    0.00126       0.00508 ±    0.00021     2.152 ±  0.071 %    97.422 ±  0.175 %
   9       5.2158 ±    0.1266       0.00059 ±    0.00120       0.00520 ±    0.00020     2.192 ±  0.075 %    97.296 ±  0.169 %
  10       5.3473 ±    0.1247       0.00128 ±    0.00112       0.00501 ±    0.00018     2.129 ±  0.070 %    97.331 ±  0.159 %
  11       5.4410 ±    0.1210       0.00121 ±    0.00107       0.00483 ±    0.00016     2.075 ±  0.066 %    97.334 ±  0.152 %
  12       5.6745 ±    0.1221       0.00093 ±    0.00101       0.00473 ±    0.00015     2.048 ±  0.062 %    97.279 ±  0.147 %
  13       5.7298 ±    0.1185       0.00020 ±    0.00101       0.00492 ±    0.00023     2.155 ±  0.129 %    97.263 ±  0.141 %
  14       5.8264 ±    0.1165       0.00028 ±    0.00097       0.00484 ±    0.00022     2.115 ±  0.123 %    97.305 ±  0.135 %
  15       5.9003 ±    0.1144       0.00027 ±    0.00093       0.00481 ±    0.00020     2.105 ±  0.115 %    97.283 ±  0.131 %
  16       6.0770 ±    0.1147       0.00010 ±    0.00090       0.00473 ±    0.00019     2.077 ±  0.110 %    97.275 ±  0.127 %
  17       6.1380 ±    0.1121      -0.00005 ±    0.00086       0.00465 ±    0.00018     2.050 ±  0.105 %    97.263 ±  0.124 %
  18       6.2413 ±    0.1111       0.00013 ±    0.00083       0.00460 ±    0.00017     2.018 ±  0.100 %    97.296 ±  0.120 %
  19       6.1905 ±    0.1075       0.00032 ±    0.00080       0.00454 ±    0.00016     1.989 ±  0.097 %    97.299 ±  0.116 %
  20       5.9140 ±    0.0995       0.00041 ±    0.00082       0.00526 ±    0.00026     2.229 ±  0.098 %    97.278 ±  0.114 %
  21       5.9344 ±    0.0973       0.00040 ±    0.00080       0.00527 ±    0.00025     2.220 ±  0.095 %    97.263 ±  0.111 %
  22       5.9638 ±    0.0957       0.00007 ±    0.00078       0.00524 ±    0.00024     2.202 ±  0.091 %    97.250 ±  0.109 %
  23       6.0157 ±    0.0945       0.00001 ±    0.00076       0.00523 ±    0.00023     2.188 ±  0.088 %    97.242 ±  0.107 %
  24       6.0323 ±    0.0926       0.00036 ±    0.00074       0.00524 ±    0.00022     2.192 ±  0.086 %    97.198 ±  0.105 %
  25       6.0803 ±    0.0917       0.00037 ±    0.00072       0.00521 ±    0.00021     2.175 ±  0.083 %    97.146 ±  0.104 %
  26       6.0639 ±    0.0896       0.00031 ±    0.00071       0.00519 ±    0.00021     2.169 ±  0.081 %    97.158 ±  0.102 %
  27       6.2075 ±    0.0904       0.00034 ±    0.00069       0.00510 ±    0.00020     2.142 ±  0.079 %    97.151 ±  0.100 %
  28       6.2887 ±    0.0903       0.00041 ±    0.00067       0.00507 ±    0.00019     2.120 ±  0.077 %    97.183 ±  0.098 %
  29       6.2581 ±    0.0883       0.00061 ±    0.00066       0.00513 ±    0.00019     2.147 ±  0.074 %    97.189 ±  0.096 %
  30       6.2257 ±    0.0862       0.00068 ±    0.00065       0.00510 ±    0.00018     2.146 ±  0.072 %    97.185 ±  0.094 %
  31       6.1489 ±    0.0836       0.00084 ±    0.00063       0.00505 ±    0.00018     2.132 ±  0.070 %    97.203 ±  0.093 %
  32       6.0461 ±    0.0807       0.00068 ±    0.00062       0.00501 ±    0.00017     2.132 ±  0.069 %    97.205 ±  0.091 %
  33       6.0087 ±    0.0789       0.00031 ±    0.00067       0.00537 ±    0.00043     2.188 ±  0.090 %    97.198 ±  0.090 %
  34       6.0067 ±    0.0776       0.00033 ±    0.00065       0.00529 ±    0.00042     2.169 ±  0.088 %    97.211 ±  0.088 %
  35       6.0227 ±    0.0767       0.00022 ±    0.00064       0.00529 ±    0.00041     2.169 ±  0.086 %    97.210 ±  0.087 %
  36       6.0401 ±    0.0760       0.00013 ±    0.00063       0.00527 ±    0.00040     2.160 ±  0.084 %    97.187 ±  0.086 %
  37       5.9533 ±    0.0736       0.00008 ±    0.00061       0.00519 ±    0.00039     2.145 ±  0.082 %    97.213 ±  0.085 %
  38       5.8899 ±    0.0715       0.00007 ±    0.00060       0.00513 ±    0.00038     2.135 ±  0.080 %    97.227 ±  0.083 %
  39       5.8198 ±    0.0695       0.00013 ±    0.00059       0.00509 ±    0.00037     2.136 ±  0.079 %    97.245 ±  0.082 %
  40       5.7424 ±    0.0674       0.00014 ±    0.00058       0.00502 ±    0.00036     2.129 ±  0.077 %    97.261 ±  0.081 %
  41       5.6984 ±    0.0659       0.00022 ±    0.00057       0.00498 ±    0.00035     2.121 ±  0.076 %    97.272 ±  0.080 %
  42       5.7329 ±    0.0656       0.00022 ±    0.00057       0.00494 ±    0.00034     2.106 ±  0.074 %    97.279 ±  0.078 %
  43       5.8651 ±    0.0669       0.00020 ±    0.00056       0.00493 ±    0.00033     2.096 ±  0.073 %    97.270 ±  0.078 %
  44       5.9714 ±    0.0677       0.00020 ±    0.00056       0.00491 ±    0.00033     2.083 ±  0.072 %    97.247 ±  0.077 %
  45       5.9489 ±    0.0666       0.00042 ±    0.00056       0.00505 ±    0.00032     2.120 ±  0.070 %    97.224 ±  0.077 %
  46       5.9658 ±    0.0661       0.00058 ±    0.00055       0.00504 ±    0.00031     2.114 ±  0.069 %    97.235 ±  0.076 %
  47       5.9953 ±    0.0657       0.00056 ±    0.00054       0.00501 ±    0.00031     2.105 ±  0.068 %    97.232 ±  0.075 %
  48       6.0087 ±    0.0652       0.00059 ±    0.00054       0.00500 ±    0.00030     2.105 ±  0.067 %    97.228 ±  0.074 %
  49       6.0542 ±    0.0651       0.00065 ±    0.00053       0.00500 ±    0.00029     2.096 ±  0.066 %    97.219 ±  0.073 %
  50       6.0299 ±    0.0641       0.00062 ±    0.00053       0.00497 ±    0.00029     2.087 ±  0.065 %    97.220 ±  0.073 %
  51       6.0665 ±    0.0639       0.00062 ±    0.00052       0.00492 ±    0.00028     2.073 ±  0.064 %    97.227 ±  0.072 %
  52       6.0212 ±    0.0627       0.00069 ±    0.00051       0.00489 ±    0.00028     2.071 ±  0.063 %    97.235 ±  0.071 %
  53       6.0052 ±    0.0619       0.00080 ±    0.00050       0.00488 ±    0.00027     2.065 ±  0.062 %    97.215 ±  0.071 %
  54       5.9867 ±    0.0610       0.00083 ±    0.00050       0.00486 ±    0.00027     2.061 ±  0.061 %    97.229 ±  0.070 %
  55       5.9477 ±    0.0599       0.00097 ±    0.00049       0.00483 ±    0.00026     2.055 ±  0.060 %    97.226 ±  0.069 %
  56       5.9340 ±    0.0592       0.00091 ±    0.00049       0.00480 ±    0.00026     2.048 ±  0.059 %    97.240 ±  0.068 %
  57       5.8832 ±    0.0581       0.00086 ±    0.00048       0.00478 ±    0.00025     2.041 ±  0.058 %    97.256 ±  0.068 %
  58       5.8722 ±    0.0574       0.00072 ±    0.00048       0.00479 ±    0.00025     2.035 ±  0.058 %    97.256 ±  0.067 %
  59       5.8480 ±    0.0566       0.00068 ±    0.00048       0.00489 ±    0.00025     2.061 ±  0.056 %    97.241 ±  0.067 %
  60       5.8452 ±    0.0562       0.00064 ±    0.00048       0.00484 ±    0.00024     2.051 ±  0.056 %    97.255 ±  0.066 %
  61       5.8646 ±    0.0560       0.00069 ±    0.00047       0.00483 ±    0.00024     2.044 ±  0.055 %    97.244 ±  0.066 %
  62       5.8973 ±    0.0559       0.00061 ±    0.00047       0.00481 ±    0.00024     2.035 ±  0.054 %    97.244 ±  0.065 %
  63       5.9349 ±    0.0559       0.00066 ±    0.00046       0.00479 ±    0.00023     2.040 ±  0.055 %    97.243 ±  0.064 %
  64       5.9679 ±    0.0559       0.00066 ±    0.00046       0.00477 ±    0.00023     2.032 ±  0.054 %    97.242 ±  0.064 %
  65       5.9215 ±    0.0549       0.00063 ±    0.00045       0.00475 ±    0.00022     2.028 ±  0.054 %    97.245 ±  0.063 %
  66       5.9440 ±    0.0548       0.00068 ±    0.00045       0.00475 ±    0.00022     2.022 ±  0.053 %    97.250 ±  0.063 %
  67       5.9348 ±    0.0542       0.00066 ±    0.00045       0.00473 ±    0.00022     2.017 ±  0.052 %    97.243 ±  0.063 %
  68       5.9170 ±    0.0536       0.00068 ±    0.00044       0.00474 ±    0.00021     2.019 ±  0.052 %    97.223 ±  0.062 %
  69       5.9115 ±    0.0531       0.00076 ±    0.00044       0.00474 ±    0.00021     2.013 ±  0.051 %    97.206 ±  0.062 %
  70       5.9068 ±    0.0527       0.00079 ±    0.00044       0.00475 ±    0.00021     2.015 ±  0.050 %    97.195 ±  0.062 %
  71       5.8832 ±    0.0520       0.00068 ±    0.00044       0.00477 ±    0.00021     2.021 ±  0.050 %    97.200 ±  0.061 %
  72       5.8849 ±    0.0517       0.00061 ±    0.00043       0.00476 ±    0.00020     2.017 ±  0.049 %    97.202 ±  0.061 %
  73       5.9117 ±    0.0517       0.00070 ±    0.00043       0.00478 ±    0.00020     2.019 ±  0.049 %    97.201 ±  0.060 %
  74       5.9402 ±    0.0516       0.00078 ±    0.00043       0.00478 ±    0.00020     2.016 ±  0.048 %    97.211 ±  0.060 %
  75       5.9287 ±    0.0511       0.00076 ±    0.00043       0.00475 ±    0.00020     2.009 ±  0.048 %    97.215 ±  0.059 %
  76       5.9512 ±    0.0510       0.00077 ±    0.00042       0.00475 ±    0.00019     2.008 ±  0.048 %    97.204 ±  0.059 %
  77       5.9469 ±    0.0506       0.00083 ±    0.00042       0.00475 ±    0.00019     2.008 ±  0.047 %    97.198 ±  0.059 %
  78       5.9388 ±    0.0501       0.00077 ±    0.00042       0.00473 ±    0.00019     2.004 ±  0.047 %    97.197 ±  0.058 %
  79       5.9659 ±    0.0501       0.00077 ±    0.00041       0.00471 ±    0.00019     1.998 ±  0.046 %    97.202 ±  0.058 %
  80       5.9266 ±    0.0494       0.00076 ±    0.00041       0.00479 ±    0.00019     2.029 ±  0.045 %    97.190 ±  0.058 %
  81       5.9363 ±    0.0492       0.00084 ±    0.00041       0.00483 ±    0.00018     2.034 ±  0.045 %    97.177 ±  0.058 %
  82       5.9111 ±    0.0487       0.00089 ±    0.00041       0.00482 ±    0.00018     2.037 ±  0.045 %    97.191 ±  0.057 %
  83       5.9047 ±    0.0483       0.00086 ±    0.00041       0.00481 ±    0.00018     2.034 ±  0.044 %    97.185 ±  0.057 %
  84       5.8878 ±    0.0478       0.00085 ±    0.00040       0.00480 ±    0.00018     2.032 ±  0.044 %    97.180 ±  0.056 %
  85       5.8724 ±    0.0474       0.00086 ±    0.00040       0.00478 ±    0.00017     2.028 ±  0.043 %    97.185 ±  0.056 %
  86       5.8862 ±    0.0473       0.00080 ±    0.00040       0.00478 ±    0.00017     2.024 ±  0.043 %    97.170 ±  0.056 %
  87       5.8675 ±    0.0468       0.00077 ±    0.00039       0.00475 ±    0.00017     2.020 ±  0.043 %    97.165 ±  0.056 %
  88       5.8624 ±    0.0464       0.00082 ±    0.00039       0.00475 ±    0.00017     2.026 ±  0.043 %    97.160 ±  0.055 %
  89       5.8812 ±    0.0464       0.00076 ±    0.00039       0.00480 ±    0.00017     2.032 ±  0.042 %    97.166 ±  0.055 %
  90       5.8880 ±    0.0462       0.00070 ±    0.00039       0.00480 ±    0.00017     2.034 ±  0.042 %    97.173 ±  0.055 %
  91       5.9363 ±    0.0464       0.00071 ±    0.00039       0.00481 ±    0.00017     2.029 ±  0.042 %    97.166 ±  0.054 %
  92       5.9748 ±    0.0465       0.00069 ±    0.00039       0.00480 ±    0.00017     2.029 ±  0.041 %    97.166 ±  0.054 %
  93       6.0049 ±    0.0466       0.00071 ±    0.00038       0.00479 ±    0.00017     2.023 ±  0.041 %    97.147 ±  0.054 %
  94       6.0290 ±    0.0465       0.00073 ±    0.00038       0.00479 ±    0.00016     2.018 ±  0.041 %    97.141 ±  0.054 %
  95       6.0628 ±    0.0466       0.00078 ±    0.00038       0.00478 ±    0.00016     2.014 ±  0.040 %    97.138 ±  0.053 %
  96       6.1051 ±    0.0468       0.00082 ±    0.00038       0.00478 ±    0.00016     2.012 ±  0.040 %    97.141 ±  0.053 %
  97       6.1568 ±    0.0471       0.00087 ±    0.00037       0.00480 ±    0.00016     2.011 ±  0.040 %    97.137 ±  0.053 %
  98       6.1509 ±    0.0468       0.00091 ±    0.00037       0.00479 ±    0.00016     2.012 ±  0.039 %    97.135 ±  0.053 %
  99       6.1589 ±    0.0466       0.00093 ±    0.00037       0.00478 ±    0.00016     2.006 ±  0.039 %    97.132 ±  0.052 %
 100       6.1675 ±    0.0465       0.00094 ±    0.00037       0.00479 ±    0.00015     2.006 ±  0.039 %    97.122 ±  0.052 %
 101       6.1433 ±    0.0460       0.00090 ±    0.00037       0.00481 ±    0.00015     2.016 ±  0.038 %    97.109 ±  0.052 %
 102       6.1470 ±    0.0458       0.00088 ±    0.00036       0.00483 ±    0.00015     2.018 ±  0.038 %    97.103 ±  0.052 %
 103       6.1462 ±    0.0456       0.00086 ±    0.00037       0.00489 ±    0.00015     2.032 ±  0.038 %    97.075 ±  0.052 %
 104       6.1456 ±    0.0453       0.00085 ±    0.00037       0.00500 ±    0.00015     2.045 ±  0.037 %    97.058 ±  0.052 %
 105       6.1381 ±    0.0450       0.00075 ±    0.00037       0.00505 ±    0.00015     2.056 ±  0.037 %    97.036 ±  0.052 %
 106       6.1215 ±    0.0447       0.00081 ±    0.00037       0.00510 ±    0.00015     2.075 ±  0.036 %    97.024 ±  0.052 %
 107       6.1338 ±    0.0446       0.00072 ±    0.00037       0.00525 ±    0.00020     2.096 ±  0.039 %    97.031 ±  0.051 %
 108       6.1261 ±    0.0443       0.00068 ±    0.00037       0.00525 ±    0.00020     2.099 ±  0.039 %    97.038 ±  0.051 %
 109       6.1311 ±    0.0441       0.00060 ±    0.00036       0.00525 ±    0.00019     2.104 ±  0.038 %    97.038 ±  0.051 %
 110       6.1305 ±    0.0440       0.00052 ±    0.00036       0.00524 ±    0.00019     2.105 ±  0.038 %    97.047 ±  0.050 %
 111       6.1158 ±    0.0436       0.00049 ±    0.00037       0.00528 ±    0.00020     2.127 ±  0.043 %    97.040 ±  0.050 %
 112       6.1023 ±    0.0433       0.00048 ±    0.00036       0.00526 ±    0.00019     2.124 ±  0.042 %    97.049 ±  0.050 %
 113       6.0793 ±    0.0429       0.00048 ±    0.00036       0.00525 ±    0.00019     2.121 ±  0.042 %    97.055 ±  0.050 %
 114       6.1069 ±    0.0430       0.00050 ±    0.00036       0.00524 ±    0.00019     2.117 ±  0.042 %    97.056 ±  0.049 %
 115       6.1121 ±    0.0428       0.00047 ±    0.00036       0.00523 ±    0.00019     2.114 ±  0.041 %    97.062 ±  0.049 %
 116       6.1219 ±    0.0427       0.00049 ±    0.00035       0.00522 ±    0.00019     2.109 ±  0.041 %    97.057 ±  0.049 %
 117       6.1311 ±    0.0426       0.00049 ±    0.00035       0.00522 ±    0.00019     2.108 ±  0.041 %    97.045 ±  0.049 %
 118       6.1278 ±    0.0424       0.00057 ±    0.00035       0.00527 ±    0.00019     2.129 ±  0.042 %    97.044 ±  0.049 %
 119       6.1083 ±    0.0421       0.00052 ±    0.00036       0.00532 ±    0.00019     2.159 ±  0.045 %    97.035 ±  0.049 %
 120       6.1152 ±    0.0420       0.00053 ±    0.00036       0.00531 ±    0.00019     2.157 ±  0.045 %    97.032 ±  0.048 %
 121       6.1121 ±    0.0418       0.00053 ±    0.00035       0.00529 ±    0.00018     2.152 ±  0.045 %    97.043 ±  0.048 %
 122       6.1070 ±    0.0416       0.00052 ±    0.00035       0.00527 ±    0.00018     2.148 ±  0.044 %    97.041 ±  0.048 %
 123       6.0980 ±    0.0414       0.00050 ±    0.00035       0.00525 ±    0.00018     2.145 ±  0.044 %    97.047 ±  0.048 %
 124       6.0942 ±    0.0412       0.00050 ±    0.00035       0.00523 ±    0.00018     2.141 ±  0.044 %    97.058 ±  0.047 %
 125       6.1087 ±    0.0412       0.00047 ±    0.00035       0.00522 ±    0.00018     2.140 ±  0.043 %    97.060 ±  0.047 %
 126       6.1041 ±    0.0410       0.00047 ±    0.00034       0.00521 ±    0.00018     2.139 ±  0.043 %    97.065 ±  0.047 %
 127       6.1150 ±    0.0409       0.00049 ±    0.00034       0.00519 ±    0.00018     2.133 ±  0.043 %    97.066 ±  0.047 %
 128       6.1047 ±    0.0407       0.00050 ±    0.00034       0.00518 ±    0.00017     2.130 ±  0.043 %    97.067 ±  0.047 %
 129       6.1030 ±    0.0405       0.00050 ±    0.00034       0.00516 ±    0.00017     2.126 ±  0.043 %    97.067 ±  0.046 %
 130       6.0922 ±    0.0402       0.00045 ±    0.00034       0.00516 ±    0.00017     2.124 ±  0.042 %    97.073 ±  0.046 %
 131       6.0981 ±    0.0401       0.00051 ±    0.00033       0.00514 ±    0.00017     2.119 ±  0.042 %    97.070 ±  0.046 %
 132       6.0997 ±    0.0400       0.00049 ±    0.00033       0.00515 ±    0.00017     2.120 ±  0.042 %    97.064 ±  0.046 %
 133       6.1095 ±    0.0399       0.00050 ±    0.00033       0.00515 ±    0.00017     2.120 ±  0.041 %    97.062 ±  0.046 %
 134       6.1223 ±    0.0399       0.00050 ±    0.00033       0.00521 ±    0.00017     2.156 ±  0.045 %    97.051 ±  0.046 %
 135       6.1186 ±    0.0397       0.00054 ±    0.00033       0.00521 ±    0.00017     2.154 ±  0.045 %    97.049 ±  0.046 %
 136       6.0986 ±    0.0394       0.00053 ±    0.00033       0.00519 ±    0.00017     2.150 ±  0.044 %    97.056 ±  0.045 %
 137       6.0685 ±    0.0390       0.00053 ±    0.00033       0.00518 ±    0.00017     2.146 ±  0.044 %    97.054 ±  0.045 %
 138       6.0755 ±    0.0390       0.00051 ±    0.00033       0.00520 ±    0.00017     2.152 ±  0.044 %    97.054 ±  0.045 %
 139       6.0907 ±    0.0389       0.00053 ±    0.00032       0.00520 ±    0.00016     2.149 ±  0.044 %    97.055 ±  0.045 %
 140       6.1168 ±    0.0390       0.00052 ±    0.00032       0.00519 ±    0.00016     2.144 ±  0.044 %    97.058 ±  0.045 %
 141       6.1033 ±    0.0388       0.00047 ±    0.00032       0.00521 ±    0.00016     2.153 ±  0.044 %    97.058 ±  0.044 %
 142       6.1050 ±    0.0386       0.00050 ±    0.00032       0.00522 ±    0.00016     2.153 ±  0.043 %    97.058 ±  0.044 %
 143       6.1058 ±    0.0385       0.00051 ±    0.00032       0.00521 ±    0.00016     2.151 ±  0.043 %    97.059 ±  0.044 %
 144       6.1174 ±    0.0384       0.00052 ±    0.00032       0.00520 ±    0.00016     2.147 ±  0.043 %    97.056 ±  0.044 %
 145       6.1103 ±    0.0383       0.00051 ±    0.00032       0.00519 ±    0.00016     2.146 ±  0.042 %    97.057 ±  0.044 %

====== Perplexity statistics ======
Mean PPL(Q)                   :   6.110250 ±   0.038282
Mean PPL(base)                :   6.107128 ±   0.038226
Cor(ln(PPL(Q)), ln(PPL(base))):  99.87%
Mean ln(PPL(Q)/PPL(base))     :   0.000511 ±   0.000317
Mean PPL(Q)/PPL(base)         :   1.000511 ±   0.000317
Mean PPL(Q)-PPL(base)         :   0.003122 ±   0.001939

====== KL divergence statistics ======
Mean    KLD:   0.005191 ±   0.000158
Maximum KLD:  14.580493
99.9%   KLD:   0.223001
99.0%   KLD:   0.050986
95.0%   KLD:   0.016310
90.0%   KLD:   0.009666
Median  KLD:   0.001692
10.0%   KLD:   0.000035
 5.0%   KLD:   0.000009
 1.0%   KLD:   0.000000
 0.1%   KLD:  -0.000005
Minimum KLD:  -0.000181

====== Token probability statistics ======
Mean    Δp: -0.005 ± 0.006 %
Maximum Δp: 95.556%
99.9%   Δp: 15.974%
99.0%   Δp:  5.837%
95.0%   Δp:  2.355%
90.0%   Δp:  1.327%
75.0%   Δp:  0.273%
Median  Δp: -0.000%
25.0%   Δp: -0.286%
10.0%   Δp: -1.339%
 5.0%   Δp: -2.363%
 1.0%   Δp: -5.847%
 0.1%   Δp: -16.105%
Minimum Δp: -98.196%
RMS Δp    :  2.146 ± 0.042 %
Same top p: 97.057 ± 0.044 %

------------------------------
llama-perplexity --kl-divergence-base /tmp/logits.dat --ctx-size 2048 -f sample-data/wiki.test.raw -hf byteshape/Qwen3.6-35B-A3B-MTP-GGUF:Qwen3.6-35B-A3B-IQ4_XS-3.97bpw -fa on -ngl 99 --cpu-moe -ctk q8_0 -ctv q4_0 --kl-divergence
0.00.541.355 I common_init_result: fitting params to device memory ...
0.00.541.360 I common_init_result: (for bugs during this step try to reproduce them with -fit off, or provide --verbose logs if the bug only occurs with -fit on)
0.02.835.837 W llama_model_loader: tensor overrides to CPU are used with mmap enabled - consider using --no-mmap for better performance
0.05.630.870 W llama_context: n_ctx_seq (2048) < n_ctx_train (262144) -- the full capacity of the model will not be utilized
0.05.670.925 I common_init_from_params: warming up the model with an empty run - please wait ... (--no-warmup to disable)
0.05.752.152 I 
0.05.752.218 I system_info: n_threads = 16 (n_threads_batch = 16) / 32 | CUDA : ARCHS = 500,610,700,750,800,860,890,900 | USE_GRAPHS = 1 | PEER_MAX_BATCH_SIZE = 128 | CPU : SSE3 = 1 | SSSE3 = 1 | AVX = 1 | AVX2 = 1 | F16C = 1 | FMA = 1 | BMI2 = 1 | LLAMAFILE = 1 | OPENMP = 1 | REPACK = 1 | 
0.06.001.861 I kl_divergence: computing over 145 chunks, n_ctx=2048, batch_size=2048, n_seq=1
0.13.558.866 I kl_divergence: 7.56 seconds per pass - ETA 18.25 minutes

chunk             PPL               ln(PPL(Q)/PPL(base))          KL Divergence              Δp RMS            Same top p
   1       4.8026 ±    0.3459       0.00963 ±    0.00518       0.00984 ±    0.00060     2.990 ±  0.231 %    95.699 ±  0.635 %
   2       6.0034 ±    0.3164       0.00390 ±    0.00357       0.00959 ±    0.00039     2.758 ±  0.141 %    95.406 ±  0.463 %
   3       6.3496 ±    0.2761       0.00384 ±    0.00275       0.00890 ±    0.00029     2.658 ±  0.113 %    95.406 ±  0.378 %
   4       6.3894 ±    0.2430       0.00522 ±    0.00231       0.00864 ±    0.00034     2.659 ±  0.100 %    95.674 ±  0.318 %
   5       6.2926 ±    0.2159       0.00400 ±    0.00201       0.00855 ±    0.00029     2.636 ±  0.084 %    95.836 ±  0.279 %
   6       5.4535 ±    0.1661       0.00500 ±    0.00203       0.00988 ±    0.00065     3.059 ±  0.234 %    95.894 ±  0.253 %
   7       4.9622 ±    0.1360       0.00505 ±    0.00186       0.01001 ±    0.00063     3.303 ±  0.246 %    95.922 ±  0.234 %
   8       4.9747 ±    0.1273       0.00528 ±    0.00172       0.00984 ±    0.00055     3.231 ±  0.222 %    95.907 ±  0.219 %
   9       5.2351 ±    0.1271       0.00428 ±    0.00162       0.00992 ±    0.00050     3.184 ±  0.201 %    95.742 ±  0.210 %
  10       5.3607 ±    0.1249       0.00378 ±    0.00151       0.00959 ±    0.00045     3.094 ±  0.187 %    95.865 ±  0.197 %
  11       5.4530 ±    0.1211       0.00341 ±    0.00143       0.00926 ±    0.00041     3.011 ±  0.175 %    95.957 ±  0.186 %
  12       5.6903 ±    0.1223       0.00370 ±    0.00135       0.00910 ±    0.00038     2.962 ±  0.163 %    95.919 ±  0.179 %
  13       5.7468 ±    0.1187       0.00317 ±    0.00131       0.00919 ±    0.00035     2.965 ±  0.151 %    95.872 ±  0.173 %
  14       5.8442 ±    0.1167       0.00333 ±    0.00126       0.00917 ±    0.00033     2.932 ±  0.143 %    95.887 ±  0.166 %
  15       5.9149 ±    0.1145       0.00274 ±    0.00122       0.00918 ±    0.00031     2.926 ±  0.134 %    95.797 ±  0.162 %
  16       6.0913 ±    0.1148       0.00245 ±    0.00118       0.00913 ±    0.00029     2.897 ±  0.127 %    95.742 ±  0.158 %
  17       6.1518 ±    0.1123       0.00220 ±    0.00114       0.00900 ±    0.00028     2.862 ±  0.121 %    95.774 ±  0.153 %
  18       6.2523 ±    0.1112       0.00189 ±    0.00110       0.00894 ±    0.00026     2.829 ±  0.116 %    95.813 ±  0.148 %
  19       6.1988 ±    0.1075       0.00166 ±    0.00106       0.00879 ±    0.00025     2.797 ±  0.111 %    95.833 ±  0.143 %
  20       5.9246 ±    0.0995       0.00220 ±    0.00111       0.00955 ±    0.00033     3.035 ±  0.108 %    95.885 ±  0.139 %
  21       5.9453 ±    0.0974       0.00224 ±    0.00108       0.00955 ±    0.00032     3.011 ±  0.104 %    95.806 ±  0.137 %
  22       5.9755 ±    0.0958       0.00203 ±    0.00105       0.00949 ±    0.00030     2.992 ±  0.100 %    95.823 ±  0.133 %
  23       6.0293 ±    0.0946       0.00227 ±    0.00102       0.00949 ±    0.00029     2.975 ±  0.096 %    95.852 ±  0.130 %
  24       6.0458 ±    0.0927       0.00259 ±    0.00100       0.00948 ±    0.00028     2.976 ±  0.093 %    95.825 ±  0.128 %
  25       6.0908 ±    0.0917       0.00210 ±    0.00098       0.00945 ±    0.00027     2.958 ±  0.090 %    95.797 ±  0.125 %
  26       6.0724 ±    0.0896       0.00172 ±    0.00096       0.00940 ±    0.00026     2.942 ±  0.087 %    95.849 ±  0.122 %
  27       6.2172 ±    0.0905       0.00189 ±    0.00093       0.00928 ±    0.00025     2.913 ±  0.085 %    95.818 ±  0.120 %
  28       6.2980 ±    0.0903       0.00188 ±    0.00091       0.00925 ±    0.00024     2.889 ±  0.083 %    95.839 ±  0.118 %
  29       6.2678 ±    0.0883       0.00216 ±    0.00090       0.00932 ±    0.00024     2.903 ±  0.080 %    95.857 ±  0.116 %
  30       6.2360 ±    0.0863       0.00234 ±    0.00089       0.00933 ±    0.00023     2.905 ±  0.078 %    95.868 ±  0.114 %
  31       6.1572 ±    0.0836       0.00219 ±    0.00087       0.00925 ±    0.00022     2.894 ±  0.076 %    95.888 ±  0.112 %
  32       6.0551 ±    0.0807       0.00217 ±    0.00085       0.00919 ±    0.00022     2.891 ±  0.074 %    95.928 ±  0.109 %
  33       6.0193 ±    0.0789       0.00207 ±    0.00088       0.00969 ±    0.00059     2.929 ±  0.087 %    95.927 ±  0.108 %
  34       6.0164 ±    0.0776       0.00195 ±    0.00086       0.00959 ±    0.00057     2.910 ±  0.085 %    95.915 ±  0.106 %
  35       6.0329 ±    0.0767       0.00192 ±    0.00086       0.00970 ±    0.00056     2.922 ±  0.084 %    95.892 ±  0.105 %
  36       6.0511 ±    0.0760       0.00194 ±    0.00085       0.00971 ±    0.00055     2.924 ±  0.083 %    95.892 ±  0.103 %
  37       5.9632 ±    0.0736       0.00175 ±    0.00083       0.00960 ±    0.00053     2.908 ±  0.081 %    95.926 ±  0.102 %
  38       5.8985 ±    0.0716       0.00153 ±    0.00081       0.00952 ±    0.00052     2.909 ±  0.079 %    95.923 ±  0.100 %
  39       5.8277 ±    0.0696       0.00149 ±    0.00080       0.00947 ±    0.00050     2.905 ±  0.077 %    95.972 ±  0.098 %
  40       5.7500 ±    0.0674       0.00146 ±    0.00079       0.00938 ±    0.00049     2.900 ±  0.076 %    95.990 ±  0.097 %
  41       5.7052 ±    0.0659       0.00141 ±    0.00077       0.00932 ±    0.00048     2.906 ±  0.075 %    95.995 ±  0.096 %
  42       5.7402 ±    0.0656       0.00150 ±    0.00076       0.00926 ±    0.00047     2.889 ±  0.074 %    95.995 ±  0.095 %
  43       5.8717 ±    0.0669       0.00132 ±    0.00076       0.00950 ±    0.00050     2.941 ±  0.085 %    95.990 ±  0.094 %
  44       5.9780 ±    0.0677       0.00131 ±    0.00075       0.00948 ±    0.00049     2.928 ±  0.083 %    95.966 ±  0.093 %
  45       5.9551 ±    0.0666       0.00145 ±    0.00075       0.00970 ±    0.00048     2.964 ±  0.082 %    95.942 ±  0.092 %
  46       5.9735 ±    0.0661       0.00186 ±    0.00075       0.00974 ±    0.00047     2.963 ±  0.080 %    95.937 ±  0.091 %
  47       6.0020 ±    0.0657       0.00168 ±    0.00074       0.00969 ±    0.00046     2.949 ±  0.079 %    95.944 ±  0.090 %
  48       6.0150 ±    0.0651       0.00164 ±    0.00073       0.00969 ±    0.00045     2.953 ±  0.077 %    95.931 ±  0.089 %
  49       6.0602 ±    0.0651       0.00165 ±    0.00072       0.00971 ±    0.00044     2.952 ±  0.076 %    95.918 ±  0.088 %
  50       6.0370 ±    0.0641       0.00180 ±    0.00072       0.00966 ±    0.00043     2.943 ±  0.075 %    95.943 ±  0.087 %
  51       6.0742 ±    0.0639       0.00190 ±    0.00071       0.00961 ±    0.00043     2.932 ±  0.074 %    95.952 ±  0.086 %
  52       6.0287 ±    0.0627       0.00194 ±    0.00070       0.00955 ±    0.00042     2.930 ±  0.073 %    95.972 ±  0.085 %
  53       6.0124 ±    0.0619       0.00199 ±    0.00069       0.00952 ±    0.00041     2.920 ±  0.071 %    95.950 ±  0.085 %
  54       5.9946 ±    0.0610       0.00214 ±    0.00068       0.00955 ±    0.00041     2.936 ±  0.075 %    95.958 ±  0.084 %
  55       5.9556 ±    0.0600       0.00230 ±    0.00068       0.00949 ±    0.00040     2.928 ±  0.074 %    95.964 ±  0.083 %
  56       5.9407 ±    0.0592       0.00205 ±    0.00067       0.00946 ±    0.00040     2.922 ±  0.073 %    95.987 ±  0.082 %
  57       5.8899 ±    0.0581       0.00198 ±    0.00066       0.00940 ±    0.00039     2.914 ±  0.072 %    95.996 ±  0.081 %
  58       5.8791 ±    0.0574       0.00189 ±    0.00066       0.00939 ±    0.00038     2.905 ±  0.071 %    95.999 ±  0.080 %
  59       5.8559 ±    0.0566       0.00204 ±    0.00066       0.00951 ±    0.00038     2.926 ±  0.069 %    95.994 ±  0.080 %
  60       5.8539 ±    0.0562       0.00214 ±    0.00065       0.00944 ±    0.00037     2.914 ±  0.068 %    95.999 ±  0.079 %
  61       5.8734 ±    0.0560       0.00218 ±    0.00064       0.00942 ±    0.00036     2.908 ±  0.067 %    95.997 ±  0.078 %
  62       5.9061 ±    0.0559       0.00209 ±    0.00064       0.00940 ±    0.00036     2.898 ±  0.067 %    95.972 ±  0.078 %
  63       5.9436 ±    0.0559       0.00214 ±    0.00063       0.00937 ±    0.00035     2.893 ±  0.066 %    95.960 ±  0.078 %
  64       5.9765 ±    0.0559       0.00209 ±    0.00063       0.00935 ±    0.00035     2.881 ±  0.065 %    95.968 ±  0.077 %
  65       5.9308 ±    0.0549       0.00219 ±    0.00062       0.00932 ±    0.00034     2.878 ±  0.064 %    95.976 ±  0.076 %
  66       5.9535 ±    0.0548       0.00226 ±    0.00062       0.00931 ±    0.00034     2.869 ±  0.063 %    95.960 ±  0.076 %
  67       5.9436 ±    0.0542       0.00214 ±    0.00061       0.00928 ±    0.00033     2.862 ±  0.063 %    95.954 ±  0.075 %
  68       5.9249 ±    0.0536       0.00201 ±    0.00061       0.00928 ±    0.00033     2.862 ±  0.062 %    95.943 ±  0.075 %
  69       5.9186 ±    0.0531       0.00197 ±    0.00060       0.00925 ±    0.00032     2.855 ±  0.061 %    95.928 ±  0.074 %
  70       5.9139 ±    0.0527       0.00199 ±    0.00060       0.00925 ±    0.00032     2.854 ±  0.060 %    95.921 ±  0.074 %
  71       5.8906 ±    0.0520       0.00193 ±    0.00059       0.00928 ±    0.00031     2.861 ±  0.059 %    95.914 ±  0.073 %
  72       5.8921 ±    0.0517       0.00184 ±    0.00059       0.00927 ±    0.00031     2.858 ±  0.059 %    95.930 ±  0.073 %
  73       5.9184 ±    0.0517       0.00185 ±    0.00059       0.00926 ±    0.00031     2.853 ±  0.058 %    95.927 ±  0.072 %
  74       5.9474 ±    0.0516       0.00199 ±    0.00058       0.00926 ±    0.00030     2.849 ±  0.058 %    95.925 ±  0.072 %
  75       5.9358 ±    0.0511       0.00195 ±    0.00058       0.00921 ±    0.00030     2.841 ±  0.057 %    95.930 ±  0.071 %
  76       5.9578 ±    0.0510       0.00190 ±    0.00057       0.00923 ±    0.00030     2.841 ±  0.057 %    95.927 ±  0.071 %
  77       5.9538 ±    0.0506       0.00198 ±    0.00057       0.00922 ±    0.00029     2.841 ±  0.056 %    95.912 ±  0.071 %
  78       5.9454 ±    0.0501       0.00188 ±    0.00057       0.00922 ±    0.00029     2.840 ±  0.056 %    95.911 ±  0.070 %
  79       5.9726 ±    0.0501       0.00187 ±    0.00056       0.00920 ±    0.00029     2.833 ±  0.055 %    95.912 ±  0.070 %
  80       5.9331 ±    0.0494       0.00185 ±    0.00056       0.00931 ±    0.00028     2.862 ±  0.054 %    95.915 ±  0.069 %
  81       5.9422 ±    0.0492       0.00183 ±    0.00056       0.00938 ±    0.00028     2.868 ±  0.053 %    95.886 ±  0.069 %
  82       5.9171 ±    0.0486       0.00190 ±    0.00055       0.00939 ±    0.00028     2.884 ±  0.055 %    95.899 ±  0.068 %
  83       5.9101 ±    0.0483       0.00177 ±    0.00055       0.00938 ±    0.00027     2.885 ±  0.054 %    95.890 ±  0.068 %
  84       5.8951 ±    0.0478       0.00208 ±    0.00055       0.00939 ±    0.00027     2.893 ±  0.054 %    95.891 ±  0.068 %
  85       5.8794 ±    0.0474       0.00205 ±    0.00054       0.00936 ±    0.00027     2.887 ±  0.053 %    95.893 ±  0.067 %
  86       5.8932 ±    0.0473       0.00199 ±    0.00054       0.00934 ±    0.00027     2.882 ±  0.053 %    95.882 ±  0.067 %
  87       5.8744 ±    0.0468       0.00195 ±    0.00054       0.00930 ±    0.00026     2.877 ±  0.052 %    95.870 ±  0.067 %
  88       5.8690 ±    0.0464       0.00194 ±    0.00053       0.00927 ±    0.00026     2.872 ±  0.052 %    95.866 ±  0.066 %
  89       5.8879 ±    0.0464       0.00189 ±    0.00053       0.00934 ±    0.00026     2.884 ±  0.052 %    95.866 ±  0.066 %
  90       5.8945 ±    0.0462       0.00181 ±    0.00053       0.00933 ±    0.00026     2.885 ±  0.051 %    95.864 ±  0.066 %
  91       5.9432 ±    0.0464       0.00186 ±    0.00052       0.00933 ±    0.00026     2.879 ±  0.051 %    95.842 ±  0.065 %
  92       5.9822 ±    0.0465       0.00193 ±    0.00052       0.00933 ±    0.00025     2.878 ±  0.050 %    95.844 ±  0.065 %
  93       6.0117 ±    0.0466       0.00184 ±    0.00052       0.00932 ±    0.00025     2.872 ±  0.050 %    95.826 ±  0.065 %
  94       6.0361 ±    0.0465       0.00190 ±    0.00052       0.00931 ±    0.00025     2.867 ±  0.050 %    95.815 ±  0.065 %
  95       6.0698 ±    0.0466       0.00194 ±    0.00051       0.00930 ±    0.00025     2.862 ±  0.049 %    95.809 ±  0.064 %
  96       6.1124 ±    0.0468       0.00202 ±    0.00051       0.00929 ±    0.00024     2.855 ±  0.049 %    95.806 ±  0.064 %
  97       6.1653 ±    0.0471       0.00225 ±    0.00051       0.00938 ±    0.00024     2.865 ±  0.049 %    95.794 ±  0.064 %
  98       6.1592 ±    0.0468       0.00227 ±    0.00051       0.00937 ±    0.00024     2.865 ±  0.049 %    95.810 ±  0.063 %
  99       6.1671 ±    0.0466       0.00226 ±    0.00051       0.00935 ±    0.00024     2.858 ±  0.048 %    95.815 ±  0.063 %
 100       6.1758 ±    0.0465       0.00229 ±    0.00050       0.00935 ±    0.00023     2.859 ±  0.048 %    95.813 ±  0.063 %
 101       6.1520 ±    0.0460       0.00232 ±    0.00050       0.00939 ±    0.00023     2.869 ±  0.047 %    95.800 ±  0.062 %
 102       6.1558 ±    0.0458       0.00232 ±    0.00050       0.00942 ±    0.00023     2.872 ±  0.047 %    95.788 ±  0.062 %
 103       6.1551 ±    0.0456       0.00232 ±    0.00050       0.00948 ±    0.00023     2.883 ±  0.047 %    95.764 ±  0.062 %
 104       6.1547 ±    0.0453       0.00234 ±    0.00050       0.00967 ±    0.00023     2.906 ±  0.046 %    95.733 ±  0.062 %
 105       6.1475 ±    0.0450       0.00229 ±    0.00050       0.00973 ±    0.00023     2.913 ±  0.046 %    95.722 ±  0.062 %
 106       6.1315 ±    0.0447       0.00243 ±    0.00050       0.00984 ±    0.00022     2.931 ±  0.045 %    95.707 ±  0.062 %
 107       6.1444 ±    0.0446       0.00245 ±    0.00050       0.00985 ±    0.00022     2.935 ±  0.045 %    95.706 ±  0.061 %
 108       6.1372 ±    0.0443       0.00249 ±    0.00050       0.00987 ±    0.00022     2.947 ±  0.045 %    95.706 ±  0.061 %
 109       6.1422 ±    0.0442       0.00240 ±    0.00050       0.00986 ±    0.00022     2.949 ±  0.045 %    95.702 ±  0.061 %
 110       6.1412 ±    0.0440       0.00226 ±    0.00050       0.00985 ±    0.00022     2.947 ±  0.044 %    95.703 ±  0.060 %
 111       6.1258 ±    0.0436       0.00213 ±    0.00050       0.00997 ±    0.00024     2.968 ±  0.046 %    95.688 ±  0.060 %
 112       6.1129 ±    0.0433       0.00221 ±    0.00049       0.00994 ±    0.00024     2.964 ±  0.045 %    95.700 ±  0.060 %
 113       6.0907 ±    0.0429       0.00235 ±    0.00049       0.00997 ±    0.00024     2.973 ±  0.046 %    95.708 ±  0.060 %
 114       6.1183 ±    0.0430       0.00236 ±    0.00049       0.00995 ±    0.00023     2.967 ±  0.046 %    95.708 ±  0.059 %
 115       6.1233 ±    0.0429       0.00230 ±    0.00049       0.00994 ±    0.00023     2.965 ±  0.045 %    95.719 ±  0.059 %
 116       6.1329 ±    0.0428       0.00230 ±    0.00049       0.00995 ±    0.00023     2.963 ±  0.045 %    95.722 ±  0.059 %
 117       6.1422 ±    0.0427       0.00229 ±    0.00048       0.00996 ±    0.00023     2.961 ±  0.045 %    95.702 ±  0.059 %
 118       6.1382 ±    0.0425       0.00226 ±    0.00048       0.01004 ±    0.00023     2.968 ±  0.045 %    95.700 ±  0.058 %
 119       6.1186 ±    0.0421       0.00220 ±    0.00048       0.01008 ±    0.00023     2.979 ±  0.045 %    95.701 ±  0.058 %
 120       6.1256 ±    0.0420       0.00223 ±    0.00048       0.01006 ±    0.00023     2.976 ±  0.044 %    95.694 ±  0.058 %
 121       6.1227 ±    0.0418       0.00226 ±    0.00048       0.01004 ±    0.00023     2.974 ±  0.044 %    95.696 ±  0.058 %
 122       6.1177 ±    0.0416       0.00226 ±    0.00047       0.01001 ±    0.00022     2.969 ±  0.044 %    95.697 ±  0.057 %
 123       6.1085 ±    0.0414       0.00222 ±    0.00047       0.00998 ±    0.00022     2.965 ±  0.044 %    95.702 ±  0.057 %
 124       6.1049 ±    0.0412       0.00225 ±    0.00047       0.00995 ±    0.00022     2.962 ±  0.043 %    95.712 ±  0.057 %
 125       6.1197 ±    0.0412       0.00227 ±    0.00047       0.00996 ±    0.00022     2.962 ±  0.043 %    95.722 ±  0.057 %
 126       6.1151 ±    0.0410       0.00228 ±    0.00046       0.00993 ±    0.00022     2.958 ±  0.043 %    95.727 ±  0.056 %
 127       6.1259 ±    0.0409       0.00225 ±    0.00046       0.00990 ±    0.00022     2.952 ±  0.042 %    95.723 ±  0.056 %
 128       6.1153 ±    0.0407       0.00224 ±    0.00046       0.00988 ±    0.00021     2.950 ±  0.042 %    95.722 ±  0.056 %
 129       6.1136 ±    0.0405       0.00225 ±    0.00046       0.00986 ±    0.00021     2.946 ±  0.042 %    95.729 ±  0.056 %
 130       6.1026 ±    0.0402       0.00216 ±    0.00046       0.00984 ±    0.00021     2.943 ±  0.042 %    95.734 ±  0.055 %
 131       6.1082 ±    0.0402       0.00215 ±    0.00045       0.00982 ±    0.00021     2.939 ±  0.041 %    95.734 ±  0.055 %
 132       6.1092 ±    0.0400       0.00205 ±    0.00045       0.00985 ±    0.00021     2.945 ±  0.041 %    95.727 ±  0.055 %
 133       6.1191 ±    0.0400       0.00206 ±    0.00045       0.00986 ±    0.00021     2.946 ±  0.041 %    95.717 ±  0.055 %
 134       6.1322 ±    0.0399       0.00211 ±    0.00045       0.00989 ±    0.00020     2.959 ±  0.041 %    95.711 ±  0.055 %
 135       6.1283 ±    0.0397       0.00213 ±    0.00045       0.00988 ±    0.00020     2.957 ±  0.041 %    95.709 ±  0.055 %
 136       6.1080 ±    0.0394       0.00208 ±    0.00045       0.00986 ±    0.00020     2.954 ±  0.041 %    95.713 ±  0.054 %
 137       6.0778 ±    0.0390       0.00206 ±    0.00044       0.00983 ±    0.00020     2.951 ±  0.040 %    95.714 ±  0.054 %
 138       6.0854 ±    0.0390       0.00213 ±    0.00044       0.00991 ±    0.00021     2.961 ±  0.041 %    95.715 ±  0.054 %
 139       6.1006 ±    0.0390       0.00216 ±    0.00044       0.00990 ±    0.00021     2.956 ±  0.041 %    95.717 ±  0.054 %
 140       6.1267 ±    0.0390       0.00214 ±    0.00044       0.00989 ±    0.00021     2.953 ±  0.041 %    95.722 ±  0.053 %
 141       6.1136 ±    0.0388       0.00216 ±    0.00044       0.00993 ±    0.00020     2.959 ±  0.040 %    95.716 ±  0.053 %
 142       6.1150 ±    0.0386       0.00214 ±    0.00044       0.00994 ±    0.00020     2.961 ±  0.040 %    95.716 ±  0.053 %
 143       6.1161 ±    0.0385       0.00221 ±    0.00044       0.00992 ±    0.00020     2.958 ±  0.040 %    95.715 ±  0.053 %
 144       6.1279 ±    0.0385       0.00223 ±    0.00043       0.00991 ±    0.00020     2.955 ±  0.040 %    95.719 ±  0.053 %
 145       6.1207 ±    0.0383       0.00221 ±    0.00043       0.00991 ±    0.00020     2.960 ±  0.040 %    95.722 ±  0.053 %

====== Perplexity statistics ======
Mean PPL(Q)                   :   6.120650 ±   0.038308
Mean PPL(base)                :   6.107128 ±   0.038226
Cor(ln(PPL(Q)), ln(PPL(base))):  99.76%
Mean ln(PPL(Q)/PPL(base))     :   0.002212 ±   0.000432
Mean PPL(Q)/PPL(base)         :   1.002214 ±   0.000433
Mean PPL(Q)-PPL(base)         :   0.013522 ±   0.002641

====== KL divergence statistics ======
Mean    KLD:   0.009906 ±   0.000199
Maximum KLD:  18.436075
99.9%   KLD:   0.386477
99.0%   KLD:   0.081678
95.0%   KLD:   0.030433
90.0%   KLD:   0.019386
Median  KLD:   0.004259
10.0%   KLD:   0.000099
 5.0%   KLD:   0.000028
 1.0%   KLD:   0.000003
 0.1%   KLD:  -0.000001
Minimum KLD:  -0.000064

====== Token probability statistics ======
Mean    Δp: -0.115 ± 0.008 %
Maximum Δp: 99.968%
99.9%   Δp: 19.989%
99.0%   Δp:  8.068%
95.0%   Δp:  3.489%
90.0%   Δp:  1.961%
75.0%   Δp:  0.352%
Median  Δp: -0.003%
25.0%   Δp: -0.560%
10.0%   Δp: -2.383%
 5.0%   Δp: -3.937%
 1.0%   Δp: -8.544%
 0.1%   Δp: -21.095%
Minimum Δp: -93.276%
RMS Δp    :  2.960 ± 0.040 %
Same top p: 95.722 ± 0.053 %

------------------------------
llama-perplexity --kl-divergence-base /tmp/logits.dat --ctx-size 2048 -f sample-data/wiki.test.raw -hf byteshape/Qwen3.6-35B-A3B-MTP-GGUF:Qwen3.6-35B-A3B-IQ4_XS-3.97bpw -fa on -ngl 99 --cpu-moe -ctk q8_0 -ctv turbo4 --kl-divergence
0.00.534.501 I common_init_result: fitting params to device memory ...
0.00.534.505 I common_init_result: (for bugs during this step try to reproduce them with -fit off, or provide --verbose logs if the bug only occurs with -fit on)
0.02.810.822 W llama_model_loader: tensor overrides to CPU are used with mmap enabled - consider using --no-mmap for better performance
0.05.575.149 W llama_context: n_ctx_seq (2048) < n_ctx_train (262144) -- the full capacity of the model will not be utilized
0.05.606.548 I common_init_from_params: warming up the model with an empty run - please wait ... (--no-warmup to disable)
0.05.692.931 I 
0.05.693.008 I system_info: n_threads = 16 (n_threads_batch = 16) / 32 | CUDA : ARCHS = 500,610,700,750,800,860,890,900 | USE_GRAPHS = 1 | PEER_MAX_BATCH_SIZE = 128 | CPU : SSE3 = 1 | SSSE3 = 1 | AVX = 1 | AVX2 = 1 | F16C = 1 | FMA = 1 | BMI2 = 1 | LLAMAFILE = 1 | OPENMP = 1 | REPACK = 1 | 
0.05.936.516 I kl_divergence: computing over 145 chunks, n_ctx=2048, batch_size=2048, n_seq=1
0.11.105.121 I kl_divergence: 5.17 seconds per pass - ETA 12.48 minutes

chunk             PPL               ln(PPL(Q)/PPL(base))          KL Divergence              Δp RMS            Same top p
   1       4.7859 ±    0.3454       0.00617 ±    0.00620       0.01272 ±    0.00093     3.309 ±  0.299 %    96.285 ±  0.592 %
   2       6.0127 ±    0.3182       0.00544 ±    0.00405       0.01228 ±    0.00061     2.979 ±  0.177 %    95.699 ±  0.449 %
   3       6.3775 ±    0.2785       0.00822 ±    0.00306       0.01115 ±    0.00046     2.961 ±  0.168 %    95.764 ±  0.364 %
   4       6.4021 ±    0.2443       0.00720 ±    0.00250       0.01065 ±    0.00075     2.822 ±  0.140 %    96.041 ±  0.305 %
   5       6.3059 ±    0.2169       0.00611 ±    0.00225       0.01049 ±    0.00061     2.818 ±  0.119 %    96.090 ±  0.271 %
   6       5.4548 ±    0.1663       0.00523 ±    0.00213       0.01104 ±    0.00063     2.970 ±  0.114 %    96.074 ±  0.248 %
   7       4.9635 ±    0.1363       0.00531 ±    0.00195       0.01092 ±    0.00055     3.073 ±  0.116 %    96.020 ±  0.231 %
   8       4.9698 ±    0.1274       0.00429 ±    0.00185       0.01094 ±    0.00049     3.065 ±  0.107 %    96.078 ±  0.215 %
   9       5.2343 ±    0.1273       0.00413 ±    0.00175       0.01122 ±    0.00045     3.072 ±  0.099 %    95.797 ±  0.209 %
  10       5.3629 ±    0.1252       0.00420 ±    0.00164       0.01100 ±    0.00041     3.033 ±  0.092 %    95.777 ±  0.199 %
  11       5.4528 ±    0.1213       0.00337 ±    0.00154       0.01062 ±    0.00037     2.969 ±  0.086 %    95.886 ±  0.187 %
  12       5.6879 ±    0.1225       0.00329 ±    0.00146       0.01049 ±    0.00035     2.945 ±  0.083 %    95.846 ±  0.180 %
  13       5.7472 ±    0.1190       0.00323 ±    0.00140       0.01042 ±    0.00032     2.923 ±  0.078 %    95.909 ±  0.172 %
  14       5.8411 ±    0.1168       0.00280 ±    0.00135       0.01039 ±    0.00030     2.907 ±  0.074 %    95.936 ±  0.165 %
  15       5.9151 ±    0.1148       0.00278 ±    0.00131       0.01046 ±    0.00029     2.914 ±  0.070 %    95.862 ±  0.161 %
  16       6.0947 ±    0.1151       0.00301 ±    0.00126       0.01033 ±    0.00027     2.879 ±  0.067 %    95.821 ±  0.156 %
  17       6.1566 ±    0.1126       0.00298 ±    0.00123       0.01026 ±    0.00025     2.865 ±  0.064 %    95.791 ±  0.152 %
  18       6.2593 ±    0.1115       0.00301 ±    0.00119       0.01021 ±    0.00024     2.842 ±  0.061 %    95.808 ±  0.148 %
  19       6.2079 ±    0.1080       0.00313 ±    0.00115       0.01005 ±    0.00023     2.816 ±  0.059 %    95.802 ±  0.144 %
  20       5.9325 ±    0.0999       0.00354 ±    0.00120       0.01136 ±    0.00061     3.085 ±  0.076 %    95.831 ±  0.140 %
  21       5.9565 ±    0.0979       0.00413 ±    0.00117       0.01134 ±    0.00058     3.076 ±  0.074 %    95.773 ±  0.137 %
  22       5.9844 ±    0.0962       0.00353 ±    0.00114       0.01128 ±    0.00055     3.055 ±  0.071 %    95.761 ±  0.134 %
  23       6.0357 ±    0.0950       0.00333 ±    0.00111       0.01123 ±    0.00053     3.042 ±  0.069 %    95.699 ±  0.132 %
  24       6.0514 ±    0.0930       0.00352 ±    0.00109       0.01124 ±    0.00051     3.035 ±  0.067 %    95.674 ±  0.130 %
  25       6.0951 ±    0.0920       0.00281 ±    0.00106       0.01118 ±    0.00049     3.023 ±  0.066 %    95.691 ±  0.127 %
  26       6.0792 ±    0.0899       0.00284 ±    0.00104       0.01115 ±    0.00047     3.035 ±  0.064 %    95.714 ±  0.124 %
  27       6.2236 ±    0.0908       0.00293 ±    0.00102       0.01102 ±    0.00045     3.004 ±  0.063 %    95.713 ±  0.122 %
  28       6.3052 ±    0.0907       0.00302 ±    0.00099       0.01097 ±    0.00044     2.981 ±  0.061 %    95.695 ±  0.120 %
  29       6.2742 ±    0.0887       0.00317 ±    0.00098       0.01100 ±    0.00042     2.991 ±  0.059 %    95.712 ±  0.118 %
  30       6.2443 ±    0.0866       0.00367 ±    0.00096       0.01103 ±    0.00041     2.993 ±  0.058 %    95.689 ±  0.116 %
  31       6.1665 ±    0.0839       0.00368 ±    0.00094       0.01093 ±    0.00040     2.982 ±  0.057 %    95.686 ±  0.114 %
  32       6.0632 ±    0.0810       0.00351 ±    0.00093       0.01085 ±    0.00039     2.980 ±  0.055 %    95.687 ±  0.112 %
  33       6.0294 ±    0.0792       0.00376 ±    0.00093       0.01120 ±    0.00052     2.985 ±  0.054 %    95.652 ±  0.111 %
  34       6.0283 ±    0.0780       0.00393 ±    0.00091       0.01110 ±    0.00050     2.966 ±  0.053 %    95.667 ±  0.109 %
  35       6.0451 ±    0.0771       0.00394 ±    0.00089       0.01112 ±    0.00049     2.963 ±  0.052 %    95.685 ±  0.107 %
  36       6.0627 ±    0.0764       0.00386 ±    0.00088       0.01108 ±    0.00048     2.959 ±  0.051 %    95.672 ±  0.106 %
  37       5.9757 ±    0.0740       0.00385 ±    0.00086       0.01094 ±    0.00046     2.942 ±  0.050 %    95.707 ±  0.104 %
  38       5.9119 ±    0.0719       0.00379 ±    0.00085       0.01084 ±    0.00045     2.937 ±  0.049 %    95.722 ±  0.103 %
  39       5.8408 ±    0.0699       0.00374 ±    0.00083       0.01076 ±    0.00044     2.935 ±  0.048 %    95.711 ±  0.101 %
  40       5.7626 ±    0.0678       0.00365 ±    0.00082       0.01065 ±    0.00043     2.929 ±  0.047 %    95.723 ±  0.100 %
  41       5.7181 ±    0.0662       0.00366 ±    0.00081       0.01059 ±    0.00042     2.936 ±  0.047 %    95.720 ±  0.099 %
  42       5.7526 ±    0.0659       0.00366 ±    0.00080       0.01054 ±    0.00041     2.924 ±  0.046 %    95.715 ±  0.098 %
  43       5.8854 ±    0.0672       0.00366 ±    0.00079       0.01063 ±    0.00041     2.953 ±  0.053 %    95.688 ±  0.097 %
  44       5.9924 ±    0.0681       0.00371 ±    0.00078       0.01061 ±    0.00040     2.946 ±  0.053 %    95.668 ±  0.096 %
  45       5.9693 ±    0.0669       0.00384 ±    0.00079       0.01089 ±    0.00039     3.006 ±  0.052 %    95.636 ±  0.095 %
  46       5.9866 ±    0.0664       0.00406 ±    0.00078       0.01093 ±    0.00038     3.004 ±  0.052 %    95.608 ±  0.094 %
  47       6.0163 ±    0.0661       0.00406 ±    0.00077       0.01089 ±    0.00038     2.991 ±  0.051 %    95.609 ±  0.093 %
  48       6.0293 ±    0.0655       0.00400 ±    0.00076       0.01095 ±    0.00037     3.021 ±  0.052 %    95.601 ±  0.093 %
  49       6.0753 ±    0.0654       0.00414 ±    0.00076       0.01099 ±    0.00036     3.019 ±  0.051 %    95.587 ±  0.092 %
  50       6.0522 ±    0.0645       0.00432 ±    0.00075       0.01097 ±    0.00036     3.014 ±  0.050 %    95.607 ±  0.091 %
  51       6.0888 ±    0.0643       0.00429 ±    0.00074       0.01091 ±    0.00035     3.000 ±  0.050 %    95.611 ±  0.090 %
  52       6.0429 ±    0.0631       0.00429 ±    0.00073       0.01084 ±    0.00034     2.996 ±  0.049 %    95.635 ±  0.089 %
  53       6.0279 ±    0.0622       0.00456 ±    0.00072       0.01080 ±    0.00034     2.988 ±  0.048 %    95.614 ±  0.088 %
  54       6.0088 ±    0.0614       0.00452 ±    0.00071       0.01075 ±    0.00033     2.985 ±  0.048 %    95.608 ±  0.087 %
  55       5.9696 ±    0.0603       0.00465 ±    0.00070       0.01069 ±    0.00032     2.980 ±  0.048 %    95.623 ±  0.086 %
  56       5.9571 ±    0.0596       0.00480 ±    0.00070       0.01066 ±    0.00032     2.984 ±  0.048 %    95.627 ±  0.085 %
  57       5.9066 ±    0.0584       0.00481 ±    0.00069       0.01062 ±    0.00031     2.978 ±  0.047 %    95.649 ±  0.084 %
  58       5.8967 ±    0.0578       0.00488 ±    0.00069       0.01062 ±    0.00031     2.973 ±  0.046 %    95.658 ±  0.084 %
  59       5.8742 ±    0.0570       0.00516 ±    0.00069       0.01078 ±    0.00031     3.013 ±  0.049 %    95.649 ±  0.083 %
  60       5.8723 ±    0.0566       0.00526 ±    0.00068       0.01071 ±    0.00030     3.003 ±  0.048 %    95.661 ±  0.082 %
  61       5.8921 ±    0.0564       0.00535 ±    0.00067       0.01076 ±    0.00030     3.028 ±  0.053 %    95.644 ±  0.082 %
  62       5.9250 ±    0.0563       0.00530 ±    0.00067       0.01074 ±    0.00030     3.018 ±  0.053 %    95.648 ±  0.081 %
  63       5.9620 ±    0.0563       0.00521 ±    0.00066       0.01072 ±    0.00029     3.014 ±  0.052 %    95.629 ±  0.081 %
  64       5.9953 ±    0.0563       0.00524 ±    0.00066       0.01070 ±    0.00029     3.005 ±  0.052 %    95.623 ±  0.080 %
  65       5.9487 ±    0.0553       0.00521 ±    0.00065       0.01065 ±    0.00029     3.007 ±  0.051 %    95.643 ±  0.079 %
  66       5.9716 ±    0.0552       0.00530 ±    0.00065       0.01067 ±    0.00028     3.006 ±  0.050 %    95.653 ±  0.078 %
  67       5.9624 ±    0.0546       0.00530 ±    0.00064       0.01065 ±    0.00028     3.002 ±  0.050 %    95.661 ±  0.078 %
  68       5.9436 ±    0.0540       0.00517 ±    0.00063       0.01066 ±    0.00027     3.006 ±  0.049 %    95.659 ±  0.077 %
  69       5.9384 ±    0.0535       0.00530 ±    0.00063       0.01065 ±    0.00027     3.003 ±  0.048 %    95.651 ±  0.077 %
  70       5.9343 ±    0.0531       0.00543 ±    0.00063       0.01066 ±    0.00027     3.002 ±  0.048 %    95.663 ±  0.076 %
  71       5.9112 ±    0.0524       0.00542 ±    0.00063       0.01073 ±    0.00027     3.011 ±  0.047 %    95.662 ±  0.076 %
  72       5.9125 ±    0.0521       0.00530 ±    0.00062       0.01074 ±    0.00026     3.008 ±  0.047 %    95.657 ±  0.075 %
  73       5.9385 ±    0.0520       0.00524 ±    0.00062       0.01075 ±    0.00026     3.009 ±  0.046 %    95.660 ±  0.075 %
  74       5.9677 ±    0.0520       0.00540 ±    0.00061       0.01075 ±    0.00026     3.015 ±  0.047 %    95.653 ±  0.074 %
  75       5.9568 ±    0.0515       0.00548 ±    0.00061       0.01070 ±    0.00025     3.009 ±  0.046 %    95.653 ±  0.074 %
  76       5.9792 ±    0.0514       0.00547 ±    0.00060       0.01068 ±    0.00025     3.006 ±  0.046 %    95.628 ±  0.073 %
  77       5.9751 ±    0.0510       0.00555 ±    0.00060       0.01067 ±    0.00025     3.006 ±  0.045 %    95.616 ±  0.073 %
  78       5.9667 ±    0.0505       0.00545 ±    0.00060       0.01066 ±    0.00024     3.007 ±  0.045 %    95.626 ±  0.072 %
  79       5.9941 ±    0.0505       0.00548 ±    0.00059       0.01063 ±    0.00024     3.000 ±  0.045 %    95.637 ±  0.072 %
  80       5.9543 ±    0.0498       0.00541 ±    0.00059       0.01074 ±    0.00024     3.028 ±  0.044 %    95.632 ±  0.071 %
  81       5.9641 ±    0.0496       0.00552 ±    0.00059       0.01083 ±    0.00023     3.036 ±  0.043 %    95.611 ±  0.071 %
  82       5.9393 ±    0.0490       0.00564 ±    0.00059       0.01088 ±    0.00024     3.057 ±  0.046 %    95.625 ±  0.071 %
  83       5.9326 ±    0.0487       0.00557 ±    0.00058       0.01086 ±    0.00024     3.059 ±  0.046 %    95.629 ±  0.070 %
  84       5.9159 ±    0.0482       0.00561 ±    0.00058       0.01086 ±    0.00023     3.057 ±  0.046 %    95.627 ±  0.070 %
  85       5.9005 ±    0.0478       0.00563 ±    0.00058       0.01083 ±    0.00023     3.056 ±  0.045 %    95.623 ±  0.069 %
  86       5.9147 ±    0.0476       0.00564 ±    0.00057       0.01082 ±    0.00023     3.057 ±  0.045 %    95.611 ±  0.069 %
  87       5.8962 ±    0.0471       0.00566 ±    0.00057       0.01078 ±    0.00023     3.052 ±  0.044 %    95.610 ±  0.069 %
  88       5.8916 ±    0.0468       0.00579 ±    0.00056       0.01078 ±    0.00022     3.058 ±  0.044 %    95.590 ±  0.068 %
  89       5.9110 ±    0.0468       0.00580 ±    0.00056       0.01085 ±    0.00023     3.059 ±  0.044 %    95.599 ±  0.068 %
  90       5.9184 ±    0.0466       0.00586 ±    0.00056       0.01085 ±    0.00022     3.062 ±  0.043 %    95.604 ±  0.068 %
  91       5.9671 ±    0.0468       0.00587 ±    0.00056       0.01086 ±    0.00022     3.056 ±  0.043 %    95.579 ±  0.067 %
  92       6.0058 ±    0.0469       0.00586 ±    0.00055       0.01087 ±    0.00022     3.061 ±  0.043 %    95.567 ±  0.067 %
  93       6.0367 ±    0.0470       0.00599 ±    0.00055       0.01089 ±    0.00022     3.058 ±  0.043 %    95.544 ±  0.067 %
  94       6.0608 ±    0.0469       0.00598 ±    0.00055       0.01089 ±    0.00022     3.051 ±  0.042 %    95.534 ±  0.067 %
  95       6.0945 ±    0.0470       0.00600 ±    0.00054       0.01089 ±    0.00021     3.047 ±  0.042 %    95.523 ±  0.066 %
  96       6.1371 ±    0.0472       0.00604 ±    0.00054       0.01090 ±    0.00021     3.042 ±  0.042 %    95.525 ±  0.066 %
  97       6.1890 ±    0.0475       0.00608 ±    0.00054       0.01095 ±    0.00021     3.048 ±  0.042 %    95.522 ±  0.066 %
  98       6.1830 ±    0.0472       0.00613 ±    0.00054       0.01094 ±    0.00021     3.047 ±  0.042 %    95.529 ±  0.065 %
  99       6.1907 ±    0.0470       0.00608 ±    0.00053       0.01090 ±    0.00021     3.040 ±  0.042 %    95.517 ±  0.065 %
 100       6.1996 ±    0.0469       0.00614 ±    0.00053       0.01094 ±    0.00020     3.053 ±  0.042 %    95.502 ±  0.065 %
 101       6.1755 ±    0.0464       0.00613 ±    0.00053       0.01102 ±    0.00020     3.073 ±  0.041 %    95.492 ±  0.065 %
 102       6.1785 ±    0.0462       0.00600 ±    0.00053       0.01103 ±    0.00020     3.071 ±  0.041 %    95.484 ±  0.064 %
 103       6.1783 ±    0.0459       0.00608 ±    0.00053       0.01110 ±    0.00020     3.086 ±  0.040 %    95.459 ±  0.064 %
 104       6.1776 ±    0.0457       0.00605 ±    0.00053       0.01128 ±    0.00020     3.102 ±  0.040 %    95.445 ±  0.064 %
 105       6.1705 ±    0.0454       0.00603 ±    0.00053       0.01133 ±    0.00020     3.109 ±  0.040 %    95.422 ±  0.064 %
 106       6.1537 ±    0.0450       0.00605 ±    0.00053       0.01142 ±    0.00020     3.130 ±  0.040 %    95.420 ±  0.063 %
 107       6.1665 ±    0.0450       0.00603 ±    0.00053       0.01155 ±    0.00023     3.138 ±  0.040 %    95.413 ±  0.063 %
 108       6.1590 ±    0.0447       0.00604 ±    0.00052       0.01156 ±    0.00023     3.144 ±  0.040 %    95.413 ±  0.063 %
 109       6.1639 ±    0.0445       0.00593 ±    0.00052       0.01155 ±    0.00023     3.148 ±  0.040 %    95.416 ±  0.063 %
 110       6.1638 ±    0.0443       0.00594 ±    0.00052       0.01153 ±    0.00022     3.146 ±  0.039 %    95.423 ±  0.062 %
 111       6.1493 ±    0.0440       0.00595 ±    0.00052       0.01166 ±    0.00025     3.164 ±  0.041 %    95.414 ±  0.062 %
 112       6.1355 ±    0.0437       0.00590 ±    0.00052       0.01164 ±    0.00024     3.160 ±  0.041 %    95.423 ±  0.062 %
 113       6.1126 ±    0.0433       0.00595 ±    0.00052       0.01166 ±    0.00025     3.169 ±  0.042 %    95.432 ±  0.061 %
 114       6.1399 ±    0.0433       0.00589 ±    0.00051       0.01164 ±    0.00024     3.165 ±  0.042 %    95.431 ±  0.061 %
 115       6.1447 ±    0.0432       0.00580 ±    0.00051       0.01163 ±    0.00024     3.160 ±  0.042 %    95.434 ±  0.061 %
 116       6.1545 ±    0.0431       0.00581 ±    0.00051       0.01162 ±    0.00024     3.156 ±  0.041 %    95.433 ±  0.061 %
 117       6.1639 ±    0.0430       0.00582 ±    0.00051       0.01162 ±    0.00024     3.152 ±  0.041 %    95.422 ±  0.060 %
 118       6.1606 ±    0.0428       0.00591 ±    0.00051       0.01175 ±    0.00024     3.181 ±  0.044 %    95.412 ±  0.060 %
 119       6.1419 ±    0.0425       0.00601 ±    0.00051       0.01180 ±    0.00024     3.205 ±  0.045 %    95.412 ±  0.060 %
 120       6.1493 ±    0.0424       0.00609 ±    0.00050       0.01177 ±    0.00024     3.200 ±  0.044 %    95.411 ±  0.060 %
 121       6.1466 ±    0.0422       0.00615 ±    0.00050       0.01174 ±    0.00024     3.197 ±  0.044 %    95.418 ±  0.059 %
 122       6.1417 ±    0.0420       0.00618 ±    0.00050       0.01172 ±    0.00024     3.194 ±  0.044 %    95.421 ±  0.059 %
 123       6.1323 ±    0.0417       0.00610 ±    0.00050       0.01168 ±    0.00024     3.188 ±  0.043 %    95.434 ±  0.059 %
 124       6.1285 ±    0.0415       0.00611 ±    0.00049       0.01166 ±    0.00023     3.187 ±  0.043 %    95.440 ±  0.059 %
 125       6.1436 ±    0.0415       0.00616 ±    0.00049       0.01167 ±    0.00023     3.185 ±  0.043 %    95.439 ±  0.058 %
 126       6.1389 ±    0.0413       0.00616 ±    0.00049       0.01163 ±    0.00023     3.179 ±  0.043 %    95.451 ±  0.058 %
 127       6.1499 ±    0.0413       0.00617 ±    0.00049       0.01160 ±    0.00023     3.174 ±  0.042 %    95.457 ±  0.058 %
 128       6.1394 ±    0.0410       0.00618 ±    0.00048       0.01157 ±    0.00023     3.172 ±  0.042 %    95.456 ±  0.058 %
 129       6.1377 ±    0.0408       0.00617 ±    0.00048       0.01155 ±    0.00022     3.169 ±  0.042 %    95.459 ±  0.057 %
 130       6.1270 ±    0.0406       0.00615 ±    0.00048       0.01154 ±    0.00022     3.167 ±  0.042 %    95.462 ±  0.057 %
 131       6.1329 ±    0.0405       0.00619 ±    0.00048       0.01152 ±    0.00022     3.163 ±  0.041 %    95.461 ±  0.057 %
 132       6.1347 ±    0.0403       0.00621 ±    0.00048       0.01154 ±    0.00022     3.164 ±  0.041 %    95.451 ±  0.057 %
 133       6.1448 ±    0.0403       0.00626 ±    0.00048       0.01155 ±    0.00022     3.164 ±  0.041 %    95.447 ±  0.057 %
 134       6.1584 ±    0.0403       0.00638 ±    0.00048       0.01160 ±    0.00022     3.179 ±  0.042 %    95.439 ±  0.056 %
 135       6.1544 ±    0.0401       0.00638 ±    0.00048       0.01159 ±    0.00022     3.175 ±  0.041 %    95.440 ±  0.056 %
 136       6.1341 ±    0.0398       0.00634 ±    0.00047       0.01156 ±    0.00022     3.170 ±  0.041 %    95.445 ±  0.056 %
 137       6.1037 ±    0.0394       0.00633 ±    0.00047       0.01153 ±    0.00021     3.165 ±  0.041 %    95.452 ±  0.056 %
 138       6.1118 ±    0.0393       0.00646 ±    0.00047       0.01155 ±    0.00021     3.166 ±  0.041 %    95.451 ±  0.055 %
 139       6.1268 ±    0.0393       0.00644 ±    0.00047       0.01153 ±    0.00021     3.161 ±  0.041 %    95.449 ±  0.055 %
 140       6.1532 ±    0.0394       0.00645 ±    0.00047       0.01151 ±    0.00021     3.157 ±  0.040 %    95.448 ±  0.055 %
 141       6.1400 ±    0.0391       0.00646 ±    0.00046       0.01155 ±    0.00021     3.168 ±  0.040 %    95.440 ±  0.055 %
 142       6.1416 ±    0.0390       0.00647 ±    0.00046       0.01156 ±    0.00021     3.167 ±  0.040 %    95.440 ±  0.055 %
 143       6.1423 ±    0.0388       0.00647 ±    0.00046       0.01154 ±    0.00021     3.165 ±  0.040 %    95.434 ±  0.055 %
 144       6.1539 ±    0.0388       0.00646 ±    0.00046       0.01153 ±    0.00020     3.162 ±  0.039 %    95.426 ±  0.054 %
 145       6.1466 ±    0.0386       0.00644 ±    0.00046       0.01156 ±    0.00021     3.168 ±  0.039 %    95.435 ±  0.054 %

====== Perplexity statistics ======
Mean PPL(Q)                   :   6.146608 ±   0.038636
Mean PPL(base)                :   6.107128 ±   0.038226
Cor(ln(PPL(Q)), ln(PPL(base))):  99.74%
Mean ln(PPL(Q)/PPL(base))     :   0.006444 ±   0.000457
Mean PPL(Q)/PPL(base)         :   1.006465 ±   0.000460
Mean PPL(Q)-PPL(base)         :   0.039480 ±   0.002824

====== KL divergence statistics ======
Mean    KLD:   0.011559 ±   0.000206
Maximum KLD:  13.611909
99.9%   KLD:   0.398307
99.0%   KLD:   0.097367
95.0%   KLD:   0.036706
90.0%   KLD:   0.023079
Median  KLD:   0.004917
10.0%   KLD:   0.000116
 5.0%   KLD:   0.000033
 1.0%   KLD:   0.000004
 0.1%   KLD:  -0.000001
Minimum KLD:  -0.000032

====== Token probability statistics ======
Mean    Δp: -0.037 ± 0.008 %
Maximum Δp: 84.822%
99.9%   Δp: 21.695%
99.0%   Δp:  8.842%
95.0%   Δp:  3.921%
90.0%   Δp:  2.259%
75.0%   Δp:  0.457%
Median  Δp: -0.001%
25.0%   Δp: -0.495%
10.0%   Δp: -2.324%
 5.0%   Δp: -4.020%
 1.0%   Δp: -9.261%
 0.1%   Δp: -23.851%
Minimum Δp: -99.006%
RMS Δp    :  3.168 ± 0.039 %
Same top p: 95.435 ± 0.054 %

------------------------------
llama-perplexity --kl-divergence-base /tmp/logits.dat --ctx-size 2048 -f sample-data/wiki.test.raw -hf byteshape/Qwen3.6-35B-A3B-MTP-GGUF:Qwen3.6-35B-A3B-IQ4_XS-3.97bpw -fa on -ngl 99 --cpu-moe -ctk q8_0 -ctv turbo3 --kl-divergence
0.00.536.226 I common_init_result: fitting params to device memory ...
0.00.536.229 I common_init_result: (for bugs during this step try to reproduce them with -fit off, or provide --verbose logs if the bug only occurs with -fit on)
0.02.759.275 W llama_model_loader: tensor overrides to CPU are used with mmap enabled - consider using --no-mmap for better performance
0.05.528.971 W llama_context: n_ctx_seq (2048) < n_ctx_train (262144) -- the full capacity of the model will not be utilized
0.05.558.748 I common_init_from_params: warming up the model with an empty run - please wait ... (--no-warmup to disable)
0.05.648.043 I 
0.05.648.122 I system_info: n_threads = 16 (n_threads_batch = 16) / 32 | CUDA : ARCHS = 500,610,700,750,800,860,890,900 | USE_GRAPHS = 1 | PEER_MAX_BATCH_SIZE = 128 | CPU : SSE3 = 1 | SSSE3 = 1 | AVX = 1 | AVX2 = 1 | F16C = 1 | FMA = 1 | BMI2 = 1 | LLAMAFILE = 1 | OPENMP = 1 | REPACK = 1 | 
0.05.885.196 I kl_divergence: computing over 145 chunks, n_ctx=2048, batch_size=2048, n_seq=1
0.11.041.911 I kl_divergence: 5.16 seconds per pass - ETA 12.45 minutes

chunk             PPL               ln(PPL(Q)/PPL(base))          KL Divergence              Δp RMS            Same top p
   1       4.8367 ±    0.3489       0.01672 ±    0.00733       0.01780 ±    0.00143     4.453 ±  0.429 %    94.330 ±  0.723 %
   2       6.0766 ±    0.3219       0.01602 ±    0.00464       0.01657 ±    0.00086     4.019 ±  0.255 %    93.695 ±  0.537 %
   3       6.4125 ±    0.2798       0.01369 ±    0.00356       0.01516 ±    0.00062     3.816 ±  0.203 %    94.265 ±  0.420 %
   4       6.4309 ±    0.2451       0.01169 ±    0.00298       0.01429 ±    0.00052     3.643 ±  0.164 %    94.697 ±  0.350 %
   5       6.3305 ±    0.2176       0.01000 ±    0.00268       0.01401 ±    0.00044     3.541 ±  0.138 %    94.976 ±  0.305 %
   6       5.4856 ±    0.1674       0.01086 ±    0.00256       0.01471 ±    0.00050     3.846 ±  0.150 %    95.096 ±  0.276 %
   7       4.9851 ±    0.1368       0.00966 ±    0.00236       0.01472 ±    0.00048     3.920 ±  0.137 %    95.043 ±  0.257 %
   8       4.9995 ±    0.1282       0.01024 ±    0.00222       0.01485 ±    0.00044     3.927 ±  0.126 %    95.051 ±  0.240 %
   9       5.2626 ±    0.1280       0.00952 ±    0.00211       0.01543 ±    0.00042     3.928 ±  0.116 %    94.819 ±  0.231 %
  10       5.3907 ±    0.1258       0.00937 ±    0.00197       0.01513 ±    0.00039     3.857 ±  0.107 %    94.848 ±  0.219 %
  11       5.4834 ±    0.1220       0.00898 ±    0.00186       0.01477 ±    0.00036     3.771 ±  0.100 %    94.908 ±  0.207 %
  12       5.7166 ±    0.1230       0.00831 ±    0.00177       0.01471 ±    0.00034     3.715 ±  0.094 %    94.787 ±  0.201 %
  13       5.7700 ±    0.1193       0.00719 ±    0.00170       0.01472 ±    0.00032     3.699 ±  0.088 %    94.699 ±  0.194 %
  14       5.8674 ±    0.1173       0.00729 ±    0.00162       0.01461 ±    0.00030     3.668 ±  0.083 %    94.714 ±  0.187 %
  15       5.9416 ±    0.1152       0.00725 ±    0.00158       0.01464 ±    0.00028     3.662 ±  0.079 %    94.656 ±  0.182 %
  16       6.1219 ±    0.1155       0.00746 ±    0.00152       0.01450 ±    0.00027     3.614 ±  0.075 %    94.593 ±  0.177 %
  17       6.1858 ±    0.1130       0.00770 ±    0.00147       0.01437 ±    0.00025     3.580 ±  0.072 %    94.618 ±  0.171 %
  18       6.2896 ±    0.1119       0.00784 ±    0.00143       0.01428 ±    0.00024     3.546 ±  0.069 %    94.640 ±  0.166 %
  19       6.2352 ±    0.1083       0.00751 ±    0.00138       0.01408 ±    0.00023     3.503 ±  0.067 %    94.680 ±  0.161 %
  20       5.9600 ±    0.1002       0.00816 ±    0.00139       0.01498 ±    0.00031     3.734 ±  0.073 %    94.707 ±  0.157 %
  21       5.9789 ±    0.0980       0.00788 ±    0.00135       0.01505 ±    0.00030     3.726 ±  0.070 %    94.661 ±  0.153 %
  22       6.0078 ±    0.0964       0.00743 ±    0.00132       0.01497 ±    0.00029     3.703 ±  0.068 %    94.721 ±  0.149 %
  23       6.0606 ±    0.0952       0.00745 ±    0.00129       0.01496 ±    0.00028     3.684 ±  0.066 %    94.658 ±  0.147 %
  24       6.0776 ±    0.0933       0.00784 ±    0.00126       0.01499 ±    0.00027     3.670 ±  0.064 %    94.644 ±  0.144 %
  25       6.1267 ±    0.0924       0.00798 ±    0.00123       0.01490 ±    0.00026     3.648 ±  0.062 %    94.671 ±  0.140 %
  26       6.1096 ±    0.0903       0.00783 ±    0.00120       0.01487 ±    0.00025     3.642 ±  0.060 %    94.721 ±  0.137 %
  27       6.2539 ±    0.0911       0.00777 ±    0.00117       0.01474 ±    0.00024     3.612 ±  0.059 %    94.685 ±  0.135 %
  28       6.3339 ±    0.0910       0.00756 ±    0.00115       0.01473 ±    0.00024     3.593 ±  0.057 %    94.641 ±  0.133 %
  29       6.3021 ±    0.0889       0.00761 ±    0.00113       0.01482 ±    0.00023     3.635 ±  0.058 %    94.667 ±  0.130 %
  30       6.2690 ±    0.0868       0.00762 ±    0.00111       0.01484 ±    0.00023     3.620 ±  0.056 %    94.682 ±  0.128 %
  31       6.1928 ±    0.0842       0.00795 ±    0.00109       0.01475 ±    0.00023     3.614 ±  0.055 %    94.677 ±  0.126 %
  32       6.0891 ±    0.0813       0.00777 ±    0.00107       0.01464 ±    0.00022     3.604 ±  0.054 %    94.715 ±  0.124 %
  33       6.0516 ±    0.0794       0.00743 ±    0.00109       0.01476 ±    0.00027     3.634 ±  0.065 %    94.707 ±  0.122 %
  34       6.0506 ±    0.0781       0.00761 ±    0.00107       0.01464 ±    0.00026     3.612 ±  0.064 %    94.693 ±  0.120 %
  35       6.0693 ±    0.0773       0.00793 ±    0.00108       0.01491 ±    0.00032     3.621 ±  0.063 %    94.716 ±  0.118 %
  36       6.0860 ±    0.0766       0.00770 ±    0.00106       0.01491 ±    0.00032     3.617 ±  0.062 %    94.730 ±  0.116 %
  37       5.9979 ±    0.0741       0.00754 ±    0.00104       0.01474 ±    0.00031     3.602 ±  0.061 %    94.782 ±  0.114 %
  38       5.9342 ±    0.0721       0.00757 ±    0.00102       0.01466 ±    0.00030     3.609 ±  0.062 %    94.799 ±  0.113 %
  39       5.8619 ±    0.0701       0.00734 ±    0.00101       0.01456 ±    0.00029     3.601 ±  0.060 %    94.797 ±  0.111 %
  40       5.7827 ±    0.0679       0.00713 ±    0.00099       0.01444 ±    0.00029     3.595 ±  0.059 %    94.814 ±  0.110 %
  41       5.7389 ±    0.0664       0.00730 ±    0.00097       0.01434 ±    0.00028     3.585 ±  0.058 %    94.845 ±  0.108 %
  42       5.7731 ±    0.0661       0.00721 ±    0.00096       0.01429 ±    0.00027     3.569 ±  0.057 %    94.847 ±  0.107 %
  43       5.9063 ±    0.0674       0.00719 ±    0.00095       0.01437 ±    0.00027     3.581 ±  0.059 %    94.806 ±  0.106 %
  44       6.0127 ±    0.0682       0.00709 ±    0.00094       0.01437 ±    0.00027     3.567 ±  0.058 %    94.795 ±  0.105 %
  45       5.9900 ±    0.0671       0.00731 ±    0.00094       0.01464 ±    0.00026     3.596 ±  0.057 %    94.741 ±  0.104 %
  46       6.0075 ±    0.0666       0.00755 ±    0.00093       0.01476 ±    0.00026     3.603 ±  0.056 %    94.721 ±  0.103 %
  47       6.0371 ±    0.0662       0.00752 ±    0.00092       0.01472 ±    0.00026     3.591 ±  0.055 %    94.746 ±  0.102 %
  48       6.0503 ±    0.0656       0.00748 ±    0.00091       0.01475 ±    0.00025     3.595 ±  0.054 %    94.721 ±  0.101 %
  49       6.0952 ±    0.0655       0.00740 ±    0.00090       0.01483 ±    0.00025     3.610 ±  0.055 %    94.689 ±  0.100 %
  50       6.0711 ±    0.0646       0.00743 ±    0.00089       0.01482 ±    0.00025     3.606 ±  0.054 %    94.710 ±  0.099 %
  51       6.1081 ±    0.0644       0.00746 ±    0.00088       0.01477 ±    0.00024     3.596 ±  0.053 %    94.742 ±  0.098 %
  52       6.0626 ±    0.0632       0.00754 ±    0.00087       0.01471 ±    0.00024     3.605 ±  0.054 %    94.755 ±  0.097 %
  53       6.0470 ±    0.0623       0.00773 ±    0.00086       0.01469 ±    0.00024     3.599 ±  0.053 %    94.751 ±  0.096 %
  54       6.0292 ±    0.0615       0.00790 ±    0.00085       0.01465 ±    0.00024     3.607 ±  0.056 %    94.774 ±  0.095 %
  55       5.9895 ±    0.0604       0.00797 ±    0.00084       0.01456 ±    0.00023     3.598 ±  0.055 %    94.785 ±  0.094 %
  56       5.9755 ±    0.0597       0.00788 ±    0.00083       0.01454 ±    0.00023     3.609 ±  0.057 %    94.788 ±  0.093 %
  57       5.9242 ±    0.0585       0.00779 ±    0.00082       0.01447 ±    0.00023     3.601 ±  0.056 %    94.807 ±  0.092 %
  58       5.9132 ±    0.0578       0.00768 ±    0.00081       0.01446 ±    0.00023     3.595 ±  0.055 %    94.823 ±  0.091 %
  59       5.8901 ±    0.0571       0.00786 ±    0.00081       0.01460 ±    0.00022     3.615 ±  0.054 %    94.808 ±  0.090 %
  60       5.8871 ±    0.0566       0.00779 ±    0.00080       0.01452 ±    0.00022     3.603 ±  0.054 %    94.831 ±  0.089 %
  61       5.9066 ±    0.0564       0.00781 ±    0.00079       0.01452 ±    0.00022     3.610 ±  0.054 %    94.802 ±  0.089 %
  62       5.9391 ±    0.0563       0.00768 ±    0.00079       0.01450 ±    0.00021     3.597 ±  0.054 %    94.783 ±  0.088 %
  63       5.9755 ±    0.0563       0.00748 ±    0.00078       0.01447 ±    0.00021     3.589 ±  0.053 %    94.754 ±  0.088 %
  64       6.0078 ±    0.0562       0.00733 ±    0.00077       0.01444 ±    0.00021     3.577 ±  0.053 %    94.746 ±  0.087 %
  65       5.9612 ±    0.0553       0.00731 ±    0.00076       0.01440 ±    0.00021     3.583 ±  0.052 %    94.764 ±  0.086 %
  66       5.9841 ±    0.0552       0.00740 ±    0.00076       0.01442 ±    0.00020     3.580 ±  0.051 %    94.742 ±  0.086 %
  67       5.9743 ±    0.0546       0.00729 ±    0.00075       0.01439 ±    0.00020     3.576 ±  0.051 %    94.724 ±  0.085 %
  68       5.9562 ±    0.0540       0.00728 ±    0.00075       0.01442 ±    0.00020     3.580 ±  0.050 %    94.724 ±  0.085 %
  69       5.9501 ±    0.0535       0.00726 ±    0.00075       0.01439 ±    0.00020     3.570 ±  0.050 %    94.717 ±  0.084 %
  70       5.9461 ±    0.0531       0.00742 ±    0.00074       0.01439 ±    0.00019     3.566 ±  0.049 %    94.721 ±  0.084 %
  71       5.9227 ±    0.0524       0.00738 ±    0.00074       0.01444 ±    0.00019     3.571 ±  0.048 %    94.728 ±  0.083 %
  72       5.9241 ±    0.0521       0.00726 ±    0.00073       0.01445 ±    0.00019     3.570 ±  0.048 %    94.727 ±  0.082 %
  73       5.9504 ±    0.0520       0.00723 ±    0.00073       0.01447 ±    0.00019     3.567 ±  0.047 %    94.725 ±  0.082 %
  74       5.9801 ±    0.0520       0.00748 ±    0.00072       0.01446 ±    0.00019     3.563 ±  0.047 %    94.713 ±  0.081 %
  75       5.9689 ±    0.0515       0.00752 ±    0.00072       0.01440 ±    0.00018     3.552 ±  0.046 %    94.712 ±  0.081 %
  76       5.9910 ±    0.0514       0.00744 ±    0.00071       0.01443 ±    0.00019     3.557 ±  0.047 %    94.707 ±  0.080 %
  77       5.9863 ±    0.0509       0.00742 ±    0.00071       0.01441 ±    0.00019     3.555 ±  0.046 %    94.707 ±  0.080 %
  78       5.9783 ±    0.0505       0.00740 ±    0.00070       0.01440 ±    0.00018     3.553 ±  0.046 %    94.700 ±  0.079 %
  79       6.0061 ±    0.0505       0.00747 ±    0.00070       0.01438 ±    0.00018     3.545 ±  0.045 %    94.694 ±  0.079 %
  80       5.9657 ±    0.0498       0.00733 ±    0.00070       0.01459 ±    0.00018     3.597 ±  0.045 %    94.676 ±  0.078 %
  81       5.9769 ±    0.0496       0.00764 ±    0.00070       0.01473 ±    0.00018     3.605 ±  0.045 %    94.644 ±  0.078 %
  82       5.9511 ±    0.0490       0.00762 ±    0.00069       0.01468 ±    0.00018     3.599 ±  0.044 %    94.677 ±  0.078 %
  83       5.9452 ±    0.0486       0.00769 ±    0.00069       0.01466 ±    0.00018     3.599 ±  0.044 %    94.675 ±  0.077 %
  84       5.9291 ±    0.0482       0.00784 ±    0.00068       0.01465 ±    0.00018     3.604 ±  0.044 %    94.666 ±  0.077 %
  85       5.9139 ±    0.0478       0.00790 ±    0.00068       0.01461 ±    0.00017     3.599 ±  0.044 %    94.679 ±  0.076 %
  86       5.9287 ±    0.0476       0.00799 ±    0.00067       0.01460 ±    0.00017     3.596 ±  0.044 %    94.670 ±  0.076 %
  87       5.9103 ±    0.0471       0.00806 ±    0.00067       0.01456 ±    0.00017     3.593 ±  0.043 %    94.661 ±  0.075 %
  88       5.9053 ±    0.0468       0.00811 ±    0.00066       0.01455 ±    0.00017     3.601 ±  0.043 %    94.646 ±  0.075 %
  89       5.9241 ±    0.0468       0.00803 ±    0.00066       0.01462 ±    0.00018     3.604 ±  0.043 %    94.643 ±  0.075 %
  90       5.9310 ±    0.0465       0.00799 ±    0.00066       0.01460 ±    0.00017     3.600 ±  0.043 %    94.642 ±  0.074 %
  91       5.9805 ±    0.0468       0.00812 ±    0.00065       0.01464 ±    0.00017     3.599 ±  0.042 %    94.606 ±  0.074 %
  92       6.0191 ±    0.0469       0.00808 ±    0.00065       0.01465 ±    0.00017     3.597 ±  0.042 %    94.599 ±  0.074 %
  93       6.0492 ±    0.0469       0.00805 ±    0.00065       0.01466 ±    0.00017     3.590 ±  0.042 %    94.583 ±  0.073 %
  94       6.0736 ±    0.0469       0.00809 ±    0.00064       0.01466 ±    0.00017     3.584 ±  0.041 %    94.577 ±  0.073 %
  95       6.1074 ±    0.0470       0.00812 ±    0.00064       0.01467 ±    0.00017     3.577 ±  0.041 %    94.559 ±  0.073 %
  96       6.1498 ±    0.0471       0.00812 ±    0.00064       0.01467 ±    0.00017     3.572 ±  0.041 %    94.561 ±  0.072 %
  97       6.2021 ±    0.0475       0.00820 ±    0.00064       0.01477 ±    0.00017     3.569 ±  0.040 %    94.551 ±  0.072 %
  98       6.1956 ±    0.0472       0.00816 ±    0.00063       0.01478 ±    0.00017     3.576 ±  0.040 %    94.558 ±  0.072 %
  99       6.2045 ±    0.0470       0.00831 ±    0.00063       0.01476 ±    0.00016     3.570 ±  0.040 %    94.548 ±  0.071 %
 100       6.2133 ±    0.0468       0.00835 ±    0.00063       0.01481 ±    0.00016     3.578 ±  0.040 %    94.533 ±  0.071 %
 101       6.1894 ±    0.0464       0.00838 ±    0.00062       0.01488 ±    0.00016     3.591 ±  0.039 %    94.522 ±  0.071 %
 102       6.1929 ±    0.0462       0.00833 ±    0.00062       0.01492 ±    0.00016     3.594 ±  0.039 %    94.508 ±  0.071 %
 103       6.1918 ±    0.0459       0.00826 ±    0.00062       0.01500 ±    0.00016     3.605 ±  0.039 %    94.487 ±  0.070 %
 104       6.1908 ±    0.0457       0.00818 ±    0.00062       0.01526 ±    0.00017     3.624 ±  0.039 %    94.470 ±  0.070 %
 105       6.1836 ±    0.0454       0.00814 ±    0.00062       0.01534 ±    0.00017     3.631 ±  0.039 %    94.464 ±  0.070 %
 106       6.1667 ±    0.0450       0.00816 ±    0.00062       0.01545 ±    0.00017     3.647 ±  0.039 %    94.453 ±  0.070 %
 107       6.1793 ±    0.0449       0.00811 ±    0.00062       0.01557 ±    0.00021     3.652 ±  0.039 %    94.447 ±  0.069 %
 108       6.1720 ±    0.0447       0.00816 ±    0.00061       0.01559 ±    0.00021     3.658 ±  0.039 %    94.462 ±  0.069 %
 109       6.1768 ±    0.0445       0.00803 ±    0.00061       0.01556 ±    0.00021     3.656 ±  0.039 %    94.466 ±  0.068 %
 110       6.1767 ±    0.0443       0.00804 ±    0.00061       0.01553 ±    0.00020     3.655 ±  0.038 %    94.476 ±  0.068 %
 111       6.1632 ±    0.0440       0.00822 ±    0.00061       0.01562 ±    0.00021     3.672 ±  0.040 %    94.460 ±  0.068 %
 112       6.1496 ±    0.0436       0.00820 ±    0.00061       0.01559 ±    0.00021     3.667 ±  0.040 %    94.475 ±  0.067 %
 113       6.1261 ±    0.0433       0.00816 ±    0.00061       0.01557 ±    0.00021     3.670 ±  0.039 %    94.489 ±  0.067 %
 114       6.1542 ±    0.0433       0.00822 ±    0.00060       0.01555 ±    0.00020     3.664 ±  0.039 %    94.483 ±  0.067 %
 115       6.1588 ±    0.0432       0.00809 ±    0.00060       0.01556 ±    0.00020     3.664 ±  0.039 %    94.485 ±  0.067 %
 116       6.1686 ±    0.0431       0.00809 ±    0.00060       0.01558 ±    0.00020     3.663 ±  0.039 %    94.487 ±  0.066 %
 117       6.1789 ±    0.0430       0.00825 ±    0.00060       0.01561 ±    0.00020     3.662 ±  0.038 %    94.474 ±  0.066 %
 118       6.1749 ±    0.0428       0.00822 ±    0.00059       0.01572 ±    0.00021     3.673 ±  0.038 %    94.479 ±  0.066 %
 119       6.1561 ±    0.0425       0.00832 ±    0.00059       0.01580 ±    0.00021     3.700 ±  0.040 %    94.476 ±  0.065 %
 120       6.1638 ±    0.0424       0.00846 ±    0.00059       0.01579 ±    0.00021     3.700 ±  0.039 %    94.480 ±  0.065 %
 121       6.1608 ±    0.0422       0.00846 ±    0.00059       0.01576 ±    0.00021     3.696 ±  0.039 %    94.479 ±  0.065 %
 122       6.1554 ±    0.0420       0.00842 ±    0.00058       0.01572 ±    0.00020     3.693 ±  0.039 %    94.483 ±  0.065 %
 123       6.1461 ±    0.0417       0.00835 ±    0.00058       0.01568 ±    0.00020     3.688 ±  0.039 %    94.484 ±  0.064 %
 124       6.1420 ±    0.0415       0.00831 ±    0.00058       0.01565 ±    0.00020     3.684 ±  0.038 %    94.494 ±  0.064 %
 125       6.1569 ±    0.0415       0.00832 ±    0.00058       0.01566 ±    0.00020     3.682 ±  0.038 %    94.493 ±  0.064 %
 126       6.1520 ±    0.0413       0.00829 ±    0.00057       0.01562 ±    0.00020     3.675 ±  0.038 %    94.508 ±  0.063 %
 127       6.1627 ±    0.0412       0.00825 ±    0.00057       0.01558 ±    0.00020     3.669 ±  0.038 %    94.507 ±  0.063 %
 128       6.1520 ±    0.0410       0.00822 ±    0.00057       0.01555 ±    0.00019     3.665 ±  0.038 %    94.502 ±  0.063 %
 129       6.1502 ±    0.0408       0.00821 ±    0.00056       0.01553 ±    0.00019     3.661 ±  0.037 %    94.505 ±  0.063 %
 130       6.1391 ±    0.0406       0.00812 ±    0.00056       0.01551 ±    0.00019     3.658 ±  0.037 %    94.510 ±  0.062 %
 131       6.1448 ±    0.0405       0.00813 ±    0.00056       0.01549 ±    0.00019     3.654 ±  0.037 %    94.509 ±  0.062 %
 132       6.1461 ±    0.0403       0.00807 ±    0.00056       0.01550 ±    0.00019     3.656 ±  0.037 %    94.502 ±  0.062 %
 133       6.1555 ±    0.0403       0.00800 ±    0.00055       0.01553 ±    0.00019     3.653 ±  0.036 %    94.491 ±  0.062 %
 134       6.1685 ±    0.0402       0.00801 ±    0.00055       0.01559 ±    0.00019     3.674 ±  0.038 %    94.488 ±  0.062 %
 135       6.1641 ±    0.0400       0.00795 ±    0.00055       0.01558 ±    0.00019     3.675 ±  0.037 %    94.480 ±  0.061 %
 136       6.1434 ±    0.0397       0.00786 ±    0.00055       0.01554 ±    0.00019     3.670 ±  0.037 %    94.489 ±  0.061 %
 137       6.1133 ±    0.0393       0.00788 ±    0.00055       0.01550 ±    0.00019     3.666 ±  0.037 %    94.500 ±  0.061 %
 138       6.1210 ±    0.0393       0.00797 ±    0.00055       0.01554 ±    0.00018     3.671 ±  0.037 %    94.499 ±  0.061 %
 139       6.1358 ±    0.0392       0.00790 ±    0.00054       0.01553 ±    0.00018     3.666 ±  0.037 %    94.499 ±  0.060 %
 140       6.1623 ±    0.0393       0.00792 ±    0.00054       0.01551 ±    0.00018     3.660 ±  0.037 %    94.504 ±  0.060 %
 141       6.1491 ±    0.0391       0.00795 ±    0.00054       0.01557 ±    0.00018     3.673 ±  0.036 %    94.501 ±  0.060 %
 142       6.1511 ±    0.0389       0.00802 ±    0.00054       0.01558 ±    0.00018     3.672 ±  0.036 %    94.504 ±  0.060 %
 143       6.1518 ±    0.0388       0.00802 ±    0.00054       0.01556 ±    0.00018     3.669 ±  0.036 %    94.505 ±  0.060 %
 144       6.1635 ±    0.0388       0.00802 ±    0.00053       0.01555 ±    0.00018     3.665 ±  0.036 %    94.497 ±  0.059 %
 145       6.1561 ±    0.0386       0.00798 ±    0.00053       0.01557 ±    0.00018     3.666 ±  0.036 %    94.499 ±  0.059 %

====== Perplexity statistics ======
Mean PPL(Q)                   :   6.156082 ±   0.038591
Mean PPL(base)                :   6.107128 ±   0.038226
Cor(ln(PPL(Q)), ln(PPL(base))):  99.64%
Mean ln(PPL(Q)/PPL(base))     :   0.007984 ±   0.000531
Mean PPL(Q)/PPL(base)         :   1.008016 ±   0.000535
Mean PPL(Q)-PPL(base)         :   0.048954 ±   0.003276

====== KL divergence statistics ======
Mean    KLD:   0.015567 ±   0.000180
Maximum KLD:  13.404418
99.9%   KLD:   0.507382
99.0%   KLD:   0.129528
95.0%   KLD:   0.049702
90.0%   KLD:   0.032171
Median  KLD:   0.007321
10.0%   KLD:   0.000181
 5.0%   KLD:   0.000052
 1.0%   KLD:   0.000007
 0.1%   KLD:  -0.000000
Minimum KLD:  -0.000064

====== Token probability statistics ======
Mean    Δp: -0.192 ± 0.010 %
Maximum Δp: 96.975%
99.9%   Δp: 23.160%
99.0%   Δp: 10.043%
95.0%   Δp:  4.454%
90.0%   Δp:  2.533%
75.0%   Δp:  0.444%
Median  Δp: -0.006%
25.0%   Δp: -0.754%
10.0%   Δp: -3.138%
 5.0%   Δp: -5.261%
 1.0%   Δp: -11.537%
 0.1%   Δp: -26.473%
Minimum Δp: -97.825%
RMS Δp    :  3.666 ± 0.036 %
Same top p: 94.499 ± 0.059 %

------------------------------
llama-perplexity --kl-divergence-base /tmp/logits.dat --ctx-size 2048 -f sample-data/wiki.test.raw -hf byteshape/Qwen3.6-35B-A3B-MTP-GGUF:Qwen3.6-35B-A3B-IQ4_XS-3.97bpw -fa on -ngl 99 --cpu-moe -ctk q8_0 -ctv turbo2 --kl-divergence
0.00.543.937 I common_init_result: fitting params to device memory ...
0.00.543.941 I common_init_result: (for bugs during this step try to reproduce them with -fit off, or provide --verbose logs if the bug only occurs with -fit on)
0.02.818.951 W llama_model_loader: tensor overrides to CPU are used with mmap enabled - consider using --no-mmap for better performance
0.05.512.957 W llama_context: n_ctx_seq (2048) < n_ctx_train (262144) -- the full capacity of the model will not be utilized
0.05.542.860 I common_init_from_params: warming up the model with an empty run - please wait ... (--no-warmup to disable)
0.05.630.071 I 
0.05.630.153 I system_info: n_threads = 16 (n_threads_batch = 16) / 32 | CUDA : ARCHS = 500,610,700,750,800,860,890,900 | USE_GRAPHS = 1 | PEER_MAX_BATCH_SIZE = 128 | CPU : SSE3 = 1 | SSSE3 = 1 | AVX = 1 | AVX2 = 1 | F16C = 1 | FMA = 1 | BMI2 = 1 | LLAMAFILE = 1 | OPENMP = 1 | REPACK = 1 | 
0.05.870.686 I kl_divergence: computing over 145 chunks, n_ctx=2048, batch_size=2048, n_seq=1
0.11.023.185 I kl_divergence: 5.15 seconds per pass - ETA 12.45 minutes

chunk             PPL               ln(PPL(Q)/PPL(base))          KL Divergence              Δp RMS            Same top p
   1       4.8349 ±    0.3485       0.01633 ±    0.01035       0.02607 ±    0.00195     5.285 ±  0.433 %    94.037 ±  0.741 %
   2       6.0524 ±    0.3201       0.01203 ±    0.00663       0.02523 ±    0.00137     4.691 ±  0.274 %    93.402 ±  0.549 %
   3       6.4090 ±    0.2795       0.01315 ±    0.00546       0.02378 ±    0.00117     4.728 ±  0.290 %    93.744 ±  0.437 %
   4       6.4431 ±    0.2459       0.01358 ±    0.00445       0.02275 ±    0.00108     4.820 ±  0.309 %    94.062 ±  0.370 %
   5       6.3491 ±    0.2185       0.01293 ±    0.00381       0.02183 ±    0.00089     4.595 ±  0.262 %    94.174 ±  0.328 %
   6       5.4999 ±    0.1681       0.01346 ±    0.00351       0.02242 ±    0.00088     4.771 ±  0.227 %    94.233 ±  0.298 %
   7       5.0156 ±    0.1380       0.01575 ±    0.00321       0.02235 ±    0.00078     4.771 ±  0.200 %    94.344 ±  0.273 %
   8       5.0151 ±    0.1287       0.01337 ±    0.00306       0.02308 ±    0.00081     4.811 ±  0.194 %    94.269 ±  0.257 %
   9       5.2738 ±    0.1284       0.01165 ±    0.00287       0.02342 ±    0.00073     4.731 ±  0.177 %    93.983 ±  0.248 %
  10       5.4052 ±    0.1264       0.01206 ±    0.00267       0.02295 ±    0.00068     4.690 ±  0.165 %    93.978 ±  0.235 %
  11       5.4979 ±    0.1226       0.01161 ±    0.00251       0.02232 ±    0.00063     4.639 ±  0.154 %    94.108 ±  0.222 %
  12       5.7345 ±    0.1238       0.01144 ±    0.00237       0.02224 ±    0.00062     4.595 ±  0.154 %    94.135 ±  0.212 %
  13       5.7871 ±    0.1200       0.01015 ±    0.00227       0.02237 ±    0.00060     4.612 ±  0.149 %    94.165 ±  0.203 %
  14       5.8895 ±    0.1181       0.01105 ±    0.00218       0.02230 ±    0.00056     4.542 ±  0.142 %    94.156 ±  0.196 %
  15       5.9691 ±    0.1161       0.01186 ±    0.00213       0.02256 ±    0.00054     4.551 ±  0.135 %    94.063 ±  0.191 %
  16       6.1451 ±    0.1164       0.01125 ±    0.00206       0.02237 ±    0.00051     4.515 ±  0.129 %    94.025 ±  0.185 %
  17       6.2101 ±    0.1140       0.01163 ±    0.00206       0.02230 ±    0.00052     4.492 ±  0.124 %    94.060 ±  0.179 %
  18       6.3142 ±    0.1129       0.01173 ±    0.00199       0.02215 ±    0.00050     4.440 ±  0.119 %    94.010 ±  0.175 %
  19       6.2556 ±    0.1091       0.01079 ±    0.00192       0.02172 ±    0.00048     4.385 ±  0.115 %    94.109 ±  0.169 %
  20       5.9742 ±    0.1009       0.01055 ±    0.00190       0.02344 ±    0.00058     4.682 ±  0.119 %    94.101 ±  0.165 %
  21       5.9977 ±    0.0987       0.01103 ±    0.00185       0.02343 ±    0.00056     4.659 ±  0.115 %    94.037 ±  0.162 %
  22       6.0210 ±    0.0969       0.00962 ±    0.00180       0.02335 ±    0.00054     4.616 ±  0.111 %    94.010 ±  0.158 %
  23       6.0725 ±    0.0957       0.00941 ±    0.00177       0.02344 ±    0.00054     4.613 ±  0.114 %    93.995 ±  0.155 %
  24       6.0849 ±    0.0936       0.00904 ±    0.00172       0.02328 ±    0.00052     4.587 ±  0.110 %    93.988 ±  0.152 %
  25       6.1349 ±    0.0927       0.00932 ±    0.00167       0.02312 ±    0.00051     4.567 ±  0.110 %    93.978 ±  0.149 %
  26       6.1195 ±    0.0906       0.00944 ±    0.00163       0.02302 ±    0.00049     4.548 ±  0.107 %    94.000 ±  0.146 %
  27       6.2653 ±    0.0915       0.00959 ±    0.00159       0.02273 ±    0.00047     4.500 ±  0.104 %    93.943 ±  0.144 %
  28       6.3422 ±    0.0913       0.00887 ±    0.00155       0.02254 ±    0.00046     4.459 ±  0.102 %    93.946 ±  0.141 %
  29       6.3130 ±    0.0893       0.00934 ±    0.00153       0.02285 ±    0.00046     4.538 ±  0.101 %    93.960 ±  0.138 %
  30       6.2818 ±    0.0872       0.00966 ±    0.00151       0.02293 ±    0.00045     4.550 ±  0.100 %    93.933 ±  0.136 %
  31       6.2049 ±    0.0845       0.00989 ±    0.00148       0.02279 ±    0.00044     4.539 ±  0.098 %    93.933 ±  0.134 %
  32       6.0997 ±    0.0816       0.00951 ±    0.00145       0.02275 ±    0.00043     4.542 ±  0.096 %    93.955 ±  0.132 %
  33       6.0635 ±    0.0798       0.00940 ±    0.00146       0.02346 ±    0.00074     4.588 ±  0.101 %    93.931 ±  0.130 %
  34       6.0610 ±    0.0785       0.00933 ±    0.00144       0.02328 ±    0.00072     4.572 ±  0.099 %    93.948 ±  0.128 %
  35       6.0777 ±    0.0776       0.00931 ±    0.00142       0.02340 ±    0.00071     4.604 ±  0.100 %    93.959 ±  0.126 %
  36       6.0954 ±    0.0769       0.00924 ±    0.00139       0.02331 ±    0.00069     4.581 ±  0.098 %    93.964 ±  0.124 %
  37       6.0068 ±    0.0744       0.00903 ±    0.00136       0.02303 ±    0.00068     4.549 ±  0.096 %    94.016 ±  0.122 %
  38       5.9421 ±    0.0724       0.00889 ±    0.00133       0.02284 ±    0.00066     4.541 ±  0.094 %    94.032 ±  0.120 %
  39       5.8707 ±    0.0703       0.00885 ±    0.00131       0.02278 ±    0.00064     4.549 ±  0.094 %    94.017 ±  0.119 %
  40       5.7929 ±    0.0682       0.00889 ±    0.00130       0.02258 ±    0.00063     4.536 ±  0.092 %    94.032 ±  0.117 %
  41       5.7500 ±    0.0667       0.00922 ±    0.00128       0.02263 ±    0.00062     4.589 ±  0.094 %    94.016 ±  0.116 %
  42       5.7847 ±    0.0664       0.00921 ±    0.00126       0.02248 ±    0.00061     4.561 ±  0.092 %    94.012 ±  0.114 %
  43       5.9201 ±    0.0677       0.00953 ±    0.00124       0.02246 ±    0.00059     4.533 ±  0.090 %    93.987 ±  0.113 %
  44       6.0270 ±    0.0685       0.00947 ±    0.00123       0.02241 ±    0.00058     4.514 ±  0.089 %    93.944 ±  0.112 %
  45       6.0068 ±    0.0675       0.01010 ±    0.00123       0.02296 ±    0.00057     4.585 ±  0.088 %    93.889 ±  0.112 %
  46       6.0232 ±    0.0669       0.01014 ±    0.00122       0.02312 ±    0.00056     4.593 ±  0.086 %    93.865 ±  0.111 %
  47       6.0530 ±    0.0666       0.01014 ±    0.00120       0.02297 ±    0.00055     4.568 ±  0.085 %    93.873 ±  0.109 %
  48       6.0644 ±    0.0660       0.00981 ±    0.00119       0.02306 ±    0.00054     4.586 ±  0.084 %    93.872 ±  0.108 %
  49       6.1097 ±    0.0659       0.00977 ±    0.00118       0.02315 ±    0.00054     4.593 ±  0.085 %    93.848 ±  0.107 %
  50       6.0866 ±    0.0649       0.00998 ±    0.00117       0.02309 ±    0.00053     4.578 ±  0.084 %    93.865 ±  0.106 %
  51       6.1247 ±    0.0648       0.01018 ±    0.00115       0.02296 ±    0.00052     4.556 ±  0.083 %    93.872 ±  0.105 %
  52       6.0786 ±    0.0635       0.01019 ±    0.00114       0.02289 ±    0.00051     4.565 ±  0.082 %    93.891 ±  0.104 %
  53       6.0631 ±    0.0627       0.01039 ±    0.00112       0.02281 ±    0.00051     4.554 ±  0.081 %    93.895 ±  0.103 %
  54       6.0442 ±    0.0618       0.01038 ±    0.00111       0.02278 ±    0.00050     4.573 ±  0.082 %    93.898 ±  0.102 %
  55       6.0044 ±    0.0607       0.01046 ±    0.00110       0.02266 ±    0.00049     4.561 ±  0.081 %    93.906 ±  0.101 %
  56       5.9914 ±    0.0600       0.01054 ±    0.00109       0.02263 ±    0.00049     4.568 ±  0.081 %    93.918 ±  0.100 %
  57       5.9396 ±    0.0588       0.01040 ±    0.00107       0.02252 ±    0.00048     4.562 ±  0.080 %    93.950 ±  0.099 %
  58       5.9311 ±    0.0582       0.01070 ±    0.00107       0.02255 ±    0.00048     4.560 ±  0.079 %    93.938 ±  0.098 %
  59       5.9068 ±    0.0574       0.01069 ±    0.00106       0.02278 ±    0.00047     4.587 ±  0.078 %    93.944 ±  0.097 %
  60       5.9038 ±    0.0570       0.01061 ±    0.00105       0.02262 ±    0.00046     4.567 ±  0.077 %    93.952 ±  0.096 %
  61       5.9232 ±    0.0567       0.01062 ±    0.00104       0.02255 ±    0.00046     4.551 ±  0.076 %    93.960 ±  0.095 %
  62       5.9564 ±    0.0567       0.01057 ±    0.00103       0.02251 ±    0.00045     4.532 ±  0.075 %    93.955 ±  0.095 %
  63       5.9950 ±    0.0567       0.01073 ±    0.00102       0.02244 ±    0.00044     4.516 ±  0.075 %    93.942 ±  0.094 %
  64       6.0290 ±    0.0566       0.01085 ±    0.00101       0.02237 ±    0.00044     4.508 ±  0.074 %    93.941 ±  0.093 %
  65       5.9827 ±    0.0556       0.01090 ±    0.00100       0.02233 ±    0.00043     4.513 ±  0.073 %    93.966 ±  0.092 %
  66       6.0038 ±    0.0555       0.01068 ±    0.00099       0.02232 ±    0.00042     4.503 ±  0.072 %    93.960 ±  0.092 %
  67       5.9936 ±    0.0549       0.01052 ±    0.00098       0.02227 ±    0.00042     4.492 ±  0.071 %    93.939 ±  0.091 %
  68       5.9759 ±    0.0543       0.01059 ±    0.00098       0.02230 ±    0.00041     4.493 ±  0.071 %    93.912 ±  0.091 %
  69       5.9685 ±    0.0538       0.01036 ±    0.00097       0.02223 ±    0.00041     4.480 ±  0.070 %    93.908 ±  0.090 %
  70       5.9649 ±    0.0534       0.01058 ±    0.00096       0.02219 ±    0.00040     4.469 ±  0.069 %    93.910 ±  0.089 %
  71       5.9418 ±    0.0527       0.01059 ±    0.00096       0.02245 ±    0.00041     4.497 ±  0.069 %    93.883 ±  0.089 %
  72       5.9431 ±    0.0524       0.01045 ±    0.00096       0.02248 ±    0.00040     4.493 ±  0.068 %    93.888 ±  0.088 %
  73       5.9704 ±    0.0524       0.01058 ±    0.00095       0.02252 ±    0.00040     4.490 ±  0.068 %    93.875 ±  0.088 %
  74       6.0011 ±    0.0523       0.01097 ±    0.00095       0.02250 ±    0.00039     4.475 ±  0.067 %    93.857 ±  0.087 %
  75       5.9899 ±    0.0519       0.01102 ±    0.00094       0.02237 ±    0.00039     4.461 ±  0.067 %    93.870 ±  0.087 %
  76       6.0116 ±    0.0517       0.01087 ±    0.00093       0.02235 ±    0.00038     4.453 ±  0.066 %    93.879 ±  0.086 %
  77       6.0082 ±    0.0513       0.01107 ±    0.00092       0.02232 ±    0.00038     4.450 ±  0.065 %    93.884 ±  0.085 %
  78       5.9992 ±    0.0508       0.01089 ±    0.00092       0.02231 ±    0.00038     4.442 ±  0.065 %    93.887 ±  0.085 %
  79       6.0275 ±    0.0508       0.01103 ±    0.00091       0.02225 ±    0.00037     4.427 ±  0.064 %    93.897 ±  0.084 %
  80       5.9872 ±    0.0501       0.01092 ±    0.00091       0.02255 ±    0.00037     4.475 ±  0.063 %    93.875 ±  0.084 %
  81       5.9990 ±    0.0499       0.01134 ±    0.00091       0.02282 ±    0.00037     4.488 ±  0.062 %    93.826 ±  0.084 %
  82       5.9748 ±    0.0494       0.01159 ±    0.00090       0.02284 ±    0.00036     4.501 ±  0.063 %    93.831 ±  0.083 %
  83       5.9697 ±    0.0490       0.01180 ±    0.00090       0.02282 ±    0.00036     4.512 ±  0.062 %    93.829 ±  0.083 %
  84       5.9537 ±    0.0486       0.01198 ±    0.00089       0.02280 ±    0.00036     4.510 ±  0.062 %    93.824 ±  0.082 %
  85       5.9377 ±    0.0481       0.01191 ±    0.00089       0.02274 ±    0.00035     4.507 ±  0.061 %    93.828 ±  0.082 %
  86       5.9519 ±    0.0480       0.01190 ±    0.00088       0.02270 ±    0.00035     4.500 ±  0.061 %    93.826 ±  0.081 %
  87       5.9328 ±    0.0475       0.01185 ±    0.00087       0.02262 ±    0.00035     4.493 ±  0.060 %    93.818 ±  0.081 %
  88       5.9289 ±    0.0472       0.01211 ±    0.00087       0.02256 ±    0.00034     4.486 ±  0.060 %    93.806 ±  0.080 %
  89       5.9482 ±    0.0471       0.01208 ±    0.00086       0.02258 ±    0.00034     4.483 ±  0.059 %    93.804 ±  0.080 %
  90       5.9563 ±    0.0469       0.01224 ±    0.00086       0.02258 ±    0.00034     4.483 ±  0.059 %    93.803 ±  0.079 %
  91       6.0054 ±    0.0471       0.01228 ±    0.00085       0.02262 ±    0.00033     4.481 ±  0.059 %    93.768 ±  0.079 %
  92       6.0444 ±    0.0473       0.01226 ±    0.00085       0.02264 ±    0.00033     4.478 ±  0.058 %    93.779 ±  0.079 %
  93       6.0754 ±    0.0473       0.01238 ±    0.00085       0.02266 ±    0.00033     4.467 ±  0.058 %    93.755 ±  0.078 %
  94       6.1004 ±    0.0473       0.01249 ±    0.00084       0.02264 ±    0.00033     4.456 ±  0.057 %    93.741 ±  0.078 %
  95       6.1345 ±    0.0474       0.01254 ±    0.00084       0.02262 ±    0.00032     4.446 ±  0.057 %    93.731 ±  0.078 %
  96       6.1770 ±    0.0476       0.01253 ±    0.00083       0.02260 ±    0.00032     4.435 ±  0.057 %    93.727 ±  0.077 %
  97       6.2292 ±    0.0479       0.01256 ±    0.00083       0.02271 ±    0.00032     4.439 ±  0.057 %    93.715 ±  0.077 %
  98       6.2225 ±    0.0475       0.01249 ±    0.00082       0.02270 ±    0.00032     4.434 ±  0.056 %    93.721 ±  0.077 %
  99       6.2316 ±    0.0474       0.01267 ±    0.00082       0.02267 ±    0.00031     4.425 ±  0.056 %    93.723 ±  0.076 %
 100       6.2403 ±    0.0472       0.01268 ±    0.00081       0.02269 ±    0.00031     4.424 ±  0.056 %    93.708 ±  0.076 %
 101       6.2171 ±    0.0468       0.01285 ±    0.00081       0.02286 ±    0.00031     4.448 ±  0.055 %    93.683 ±  0.076 %
 102       6.2200 ±    0.0466       0.01269 ±    0.00081       0.02291 ±    0.00031     4.447 ±  0.055 %    93.670 ±  0.075 %
 103       6.2202 ±    0.0463       0.01283 ±    0.00081       0.02304 ±    0.00030     4.461 ±  0.054 %    93.635 ±  0.075 %
 104       6.2197 ±    0.0461       0.01284 ±    0.00081       0.02339 ±    0.00030     4.480 ±  0.054 %    93.595 ±  0.075 %
 105       6.2132 ±    0.0458       0.01292 ±    0.00081       0.02353 ±    0.00030     4.502 ±  0.053 %    93.584 ±  0.075 %
 106       6.1962 ±    0.0454       0.01294 ±    0.00081       0.02375 ±    0.00030     4.524 ±  0.053 %    93.570 ±  0.074 %
 107       6.2096 ±    0.0453       0.01300 ±    0.00080       0.02386 ±    0.00032     4.522 ±  0.053 %    93.568 ±  0.074 %
 108       6.2022 ±    0.0451       0.01303 ±    0.00080       0.02383 ±    0.00032     4.520 ±  0.053 %    93.574 ±  0.074 %
 109       6.2065 ±    0.0449       0.01283 ±    0.00080       0.02378 ±    0.00031     4.517 ±  0.052 %    93.580 ±  0.073 %
 110       6.2071 ±    0.0447       0.01293 ±    0.00080       0.02381 ±    0.00031     4.519 ±  0.052 %    93.595 ±  0.073 %
 111       6.1928 ±    0.0444       0.01301 ±    0.00079       0.02381 ±    0.00031     4.527 ±  0.053 %    93.592 ±  0.073 %
 112       6.1789 ±    0.0440       0.01295 ±    0.00079       0.02376 ±    0.00031     4.525 ±  0.052 %    93.609 ±  0.072 %
 113       6.1563 ±    0.0436       0.01306 ±    0.00079       0.02379 ±    0.00031     4.539 ±  0.053 %    93.605 ±  0.072 %
 114       6.1846 ±    0.0437       0.01315 ±    0.00078       0.02376 ±    0.00031     4.533 ±  0.052 %    93.602 ±  0.072 %
 115       6.1895 ±    0.0436       0.01307 ±    0.00078       0.02375 ±    0.00031     4.527 ±  0.052 %    93.603 ±  0.071 %
 116       6.1987 ±    0.0435       0.01297 ±    0.00078       0.02375 ±    0.00031     4.521 ±  0.052 %    93.604 ±  0.071 %
 117       6.2085 ±    0.0434       0.01303 ±    0.00077       0.02382 ±    0.00030     4.528 ±  0.052 %    93.579 ±  0.071 %
 118       6.2058 ±    0.0432       0.01321 ±    0.00077       0.02401 ±    0.00031     4.560 ±  0.053 %    93.567 ±  0.071 %
 119       6.1873 ±    0.0429       0.01337 ±    0.00077       0.02416 ±    0.00032     4.582 ±  0.053 %    93.567 ±  0.070 %
 120       6.1946 ±    0.0428       0.01344 ±    0.00077       0.02412 ±    0.00031     4.580 ±  0.053 %    93.563 ±  0.070 %
 121       6.1917 ±    0.0426       0.01346 ±    0.00076       0.02404 ±    0.00031     4.572 ±  0.052 %    93.577 ±  0.070 %
 122       6.1867 ±    0.0423       0.01348 ±    0.00076       0.02397 ±    0.00031     4.565 ±  0.052 %    93.588 ±  0.069 %
 123       6.1773 ±    0.0421       0.01342 ±    0.00075       0.02388 ±    0.00031     4.557 ±  0.052 %    93.596 ±  0.069 %
 124       6.1732 ±    0.0419       0.01338 ±    0.00075       0.02381 ±    0.00030     4.550 ±  0.052 %    93.606 ±  0.069 %
 125       6.1882 ±    0.0419       0.01339 ±    0.00075       0.02385 ±    0.00030     4.551 ±  0.051 %    93.605 ±  0.068 %
 126       6.1832 ±    0.0417       0.01335 ±    0.00074       0.02377 ±    0.00030     4.542 ±  0.051 %    93.628 ±  0.068 %
 127       6.1945 ±    0.0416       0.01339 ±    0.00074       0.02371 ±    0.00030     4.534 ±  0.051 %    93.628 ±  0.068 %
 128       6.1840 ±    0.0414       0.01340 ±    0.00073       0.02369 ±    0.00029     4.530 ±  0.050 %    93.629 ±  0.067 %
 129       6.1823 ±    0.0412       0.01342 ±    0.00073       0.02365 ±    0.00029     4.524 ±  0.050 %    93.632 ±  0.067 %
 130       6.1710 ±    0.0409       0.01330 ±    0.00073       0.02361 ±    0.00029     4.519 ±  0.050 %    93.639 ±  0.067 %
 131       6.1764 ±    0.0409       0.01326 ±    0.00072       0.02356 ±    0.00029     4.512 ±  0.049 %    93.648 ±  0.067 %
 132       6.1776 ±    0.0407       0.01319 ±    0.00072       0.02363 ±    0.00029     4.522 ±  0.050 %    93.637 ±  0.066 %
 133       6.1891 ±    0.0407       0.01344 ±    0.00072       0.02373 ±    0.00029     4.537 ±  0.050 %    93.621 ±  0.066 %
 134       6.2021 ±    0.0406       0.01344 ±    0.00072       0.02379 ±    0.00029     4.540 ±  0.050 %    93.625 ±  0.066 %
 135       6.1970 ±    0.0404       0.01328 ±    0.00071       0.02376 ±    0.00028     4.535 ±  0.049 %    93.622 ±  0.066 %
 136       6.1766 ±    0.0401       0.01325 ±    0.00071       0.02373 ±    0.00028     4.533 ±  0.049 %    93.631 ±  0.065 %
 137       6.1453 ±    0.0397       0.01311 ±    0.00071       0.02368 ±    0.00028     4.527 ±  0.049 %    93.642 ±  0.065 %
 138       6.1537 ±    0.0396       0.01330 ±    0.00071       0.02381 ±    0.00029     4.530 ±  0.049 %    93.642 ±  0.065 %
 139       6.1687 ±    0.0396       0.01325 ±    0.00070       0.02377 ±    0.00029     4.525 ±  0.048 %    93.654 ±  0.065 %
 140       6.1952 ±    0.0397       0.01325 ±    0.00070       0.02375 ±    0.00028     4.520 ±  0.048 %    93.659 ±  0.064 %
 141       6.1815 ±    0.0394       0.01320 ±    0.00070       0.02386 ±    0.00028     4.538 ±  0.048 %    93.650 ±  0.064 %
 142       6.1831 ±    0.0393       0.01321 ±    0.00070       0.02389 ±    0.00028     4.539 ±  0.048 %    93.655 ±  0.064 %
 143       6.1838 ±    0.0392       0.01320 ±    0.00069       0.02384 ±    0.00028     4.534 ±  0.047 %    93.659 ±  0.064 %
 144       6.1957 ±    0.0391       0.01323 ±    0.00069       0.02385 ±    0.00028     4.529 ±  0.047 %    93.650 ±  0.064 %
 145       6.1878 ±    0.0390       0.01313 ±    0.00069       0.02389 ±    0.00028     4.533 ±  0.047 %    93.652 ±  0.063 %

====== Perplexity statistics ======
Mean PPL(Q)                   :   6.187837 ±   0.038951
Mean PPL(base)                :   6.107128 ±   0.038226
Cor(ln(PPL(Q)), ln(PPL(base))):  99.40%
Mean ln(PPL(Q)/PPL(base))     :   0.013129 ±   0.000687
Mean PPL(Q)/PPL(base)         :   1.013216 ±   0.000696
Mean PPL(Q)-PPL(base)         :   0.080709 ±   0.004280

====== KL divergence statistics ======
Mean    KLD:   0.023888 ±   0.000280
Maximum KLD:  20.456678
99.9%   KLD:   0.989055
99.0%   KLD:   0.223514
95.0%   KLD:   0.081267
90.0%   KLD:   0.049523
Median  KLD:   0.008874
10.0%   KLD:   0.000177
 5.0%   KLD:   0.000046
 1.0%   KLD:   0.000005
 0.1%   KLD:  -0.000000
Minimum KLD:  -0.000064

====== Token probability statistics ======
Mean    Δp: -0.196 ± 0.012 %
Maximum Δp: 99.900%
99.9%   Δp: 29.731%
99.0%   Δp: 12.091%
95.0%   Δp:  5.014%
90.0%   Δp:  2.811%
75.0%   Δp:  0.534%
Median  Δp: -0.004%
25.0%   Δp: -0.749%
10.0%   Δp: -3.284%
 5.0%   Δp: -5.849%
 1.0%   Δp: -14.321%
 0.1%   Δp: -37.481%
Minimum Δp: -97.892%
RMS Δp    :  4.533 ± 0.047 %
Same top p: 93.652 ± 0.063 %

------------------------------
llama-perplexity --kl-divergence-base /tmp/logits.dat --ctx-size 2048 -f sample-data/wiki.test.raw -hf byteshape/Qwen3.6-35B-A3B-MTP-GGUF:Qwen3.6-35B-A3B-IQ4_XS-3.97bpw -fa on -ngl 99 --cpu-moe -ctk q4_0 -ctv q4_0 --kl-divergence
0.00.531.514 I common_init_result: fitting params to device memory ...
0.00.531.517 I common_init_result: (for bugs during this step try to reproduce them with -fit off, or provide --verbose logs if the bug only occurs with -fit on)
0.02.799.482 W llama_model_loader: tensor overrides to CPU are used with mmap enabled - consider using --no-mmap for better performance
0.05.539.992 W llama_context: n_ctx_seq (2048) < n_ctx_train (262144) -- the full capacity of the model will not be utilized
0.05.570.399 I common_init_from_params: warming up the model with an empty run - please wait ... (--no-warmup to disable)
0.05.656.241 I 
0.05.656.315 I system_info: n_threads = 16 (n_threads_batch = 16) / 32 | CUDA : ARCHS = 500,610,700,750,800,860,890,900 | USE_GRAPHS = 1 | PEER_MAX_BATCH_SIZE = 128 | CPU : SSE3 = 1 | SSSE3 = 1 | AVX = 1 | AVX2 = 1 | F16C = 1 | FMA = 1 | BMI2 = 1 | LLAMAFILE = 1 | OPENMP = 1 | REPACK = 1 | 
0.05.888.294 I kl_divergence: computing over 145 chunks, n_ctx=2048, batch_size=2048, n_seq=1
0.11.044.448 I kl_divergence: 5.16 seconds per pass - ETA 12.45 minutes

chunk             PPL               ln(PPL(Q)/PPL(base))          KL Divergence              Δp RMS            Same top p
   1       4.8155 ±    0.3473       0.01232 ±    0.00644       0.01485 ±    0.00118     4.384 ±  0.442 %    95.015 ±  0.681 %
   2       6.0357 ±    0.3193       0.00927 ±    0.00435       0.01307 ±    0.00065     3.697 ±  0.270 %    94.966 ±  0.484 %
   3       6.3923 ±    0.2790       0.01054 ±    0.00343       0.01257 ±    0.00062     3.665 ±  0.268 %    95.047 ±  0.392 %
   4       6.4361 ±    0.2458       0.01250 ±    0.00285       0.01201 ±    0.00051     3.582 ±  0.228 %    95.235 ±  0.333 %
   5       6.3247 ±    0.2178       0.00908 ±    0.00253       0.01185 ±    0.00043     3.471 ±  0.191 %    95.503 ±  0.290 %
   6       5.4685 ±    0.1670       0.00775 ±    0.00236       0.01209 ±    0.00044     3.452 ±  0.163 %    95.520 ±  0.264 %
   7       4.9695 ±    0.1365       0.00652 ±    0.00215       0.01190 ±    0.00039     3.516 ±  0.146 %    95.601 ±  0.242 %
   8       4.9771 ±    0.1276       0.00576 ±    0.00203       0.01221 ±    0.00041     3.619 ±  0.163 %    95.503 ±  0.229 %
   9       5.2403 ±    0.1273       0.00526 ±    0.00190       0.01233 ±    0.00037     3.555 ±  0.148 %    95.482 ±  0.216 %
  10       5.3673 ±    0.1252       0.00502 ±    0.00178       0.01214 ±    0.00034     3.495 ±  0.136 %    95.533 ±  0.204 %
  11       5.4646 ±    0.1215       0.00553 ±    0.00169       0.01182 ±    0.00031     3.419 ±  0.127 %    95.610 ±  0.193 %
  12       5.6987 ±    0.1226       0.00519 ±    0.00160       0.01170 ±    0.00029     3.365 ±  0.119 %    95.577 ±  0.186 %
  13       5.7542 ±    0.1190       0.00445 ±    0.00153       0.01172 ±    0.00027     3.342 ±  0.111 %    95.533 ±  0.179 %
  14       5.8505 ±    0.1169       0.00441 ±    0.00147       0.01187 ±    0.00027     3.332 ±  0.106 %    95.538 ±  0.173 %
  15       5.9241 ±    0.1148       0.00430 ±    0.00143       0.01196 ±    0.00026     3.340 ±  0.100 %    95.438 ±  0.168 %
  16       6.0990 ±    0.1150       0.00372 ±    0.00137       0.01190 ±    0.00025     3.299 ±  0.095 %    95.351 ±  0.165 %
  17       6.1625 ±    0.1125       0.00393 ±    0.00133       0.01180 ±    0.00023     3.261 ±  0.091 %    95.314 ±  0.160 %
  18       6.2652 ±    0.1115       0.00394 ±    0.00129       0.01180 ±    0.00022     3.260 ±  0.088 %    95.319 ±  0.156 %
  19       6.2113 ±    0.1078       0.00367 ±    0.00125       0.01162 ±    0.00022     3.221 ±  0.084 %    95.380 ±  0.151 %
  20       5.9359 ±    0.0998       0.00411 ±    0.00127       0.01263 ±    0.00033     3.477 ±  0.095 %    95.406 ±  0.146 %
  21       5.9576 ±    0.0977       0.00431 ±    0.00124       0.01267 ±    0.00032     3.459 ±  0.092 %    95.368 ±  0.143 %
  22       5.9880 ±    0.0961       0.00413 ±    0.00120       0.01265 ±    0.00031     3.454 ±  0.089 %    95.335 ±  0.141 %
  23       6.0387 ±    0.0948       0.00382 ±    0.00119       0.01262 ±    0.00030     3.431 ±  0.086 %    95.304 ±  0.138 %
  24       6.0523 ±    0.0928       0.00366 ±    0.00116       0.01258 ±    0.00028     3.413 ±  0.083 %    95.239 ±  0.136 %
  25       6.1001 ±    0.0919       0.00364 ±    0.00113       0.01250 ±    0.00027     3.389 ±  0.081 %    95.241 ±  0.133 %
  26       6.0833 ±    0.0898       0.00351 ±    0.00111       0.01249 ±    0.00027     3.390 ±  0.078 %    95.267 ±  0.130 %
  27       6.2287 ±    0.0907       0.00374 ±    0.00109       0.01235 ±    0.00026     3.356 ±  0.076 %    95.243 ±  0.128 %
  28       6.3096 ±    0.0906       0.00371 ±    0.00106       0.01231 ±    0.00025     3.336 ±  0.074 %    95.252 ±  0.126 %
  29       6.2793 ±    0.0886       0.00398 ±    0.00105       0.01231 ±    0.00024     3.341 ±  0.072 %    95.274 ±  0.123 %
  30       6.2459 ±    0.0865       0.00392 ±    0.00103       0.01238 ±    0.00025     3.341 ±  0.071 %    95.243 ±  0.122 %
  31       6.1668 ±    0.0838       0.00374 ±    0.00100       0.01227 ±    0.00024     3.321 ±  0.069 %    95.254 ±  0.119 %
  32       6.0642 ±    0.0809       0.00367 ±    0.00099       0.01219 ±    0.00024     3.309 ±  0.067 %    95.280 ±  0.117 %
  33       6.0266 ±    0.0790       0.00328 ±    0.00101       0.01270 ±    0.00059     3.345 ±  0.077 %    95.293 ±  0.115 %
  34       6.0236 ±    0.0777       0.00314 ±    0.00099       0.01259 ±    0.00057     3.324 ±  0.076 %    95.331 ±  0.113 %
  35       6.0401 ±    0.0769       0.00312 ±    0.00098       0.01270 ±    0.00056     3.333 ±  0.074 %    95.353 ±  0.111 %
  36       6.0578 ±    0.0761       0.00306 ±    0.00096       0.01265 ±    0.00054     3.316 ±  0.072 %    95.343 ±  0.110 %
  37       5.9705 ±    0.0737       0.00298 ±    0.00094       0.01251 ±    0.00053     3.298 ±  0.071 %    95.374 ±  0.108 %
  38       5.9061 ±    0.0717       0.00282 ±    0.00093       0.01242 ±    0.00051     3.297 ±  0.070 %    95.393 ±  0.106 %
  39       5.8348 ±    0.0697       0.00271 ±    0.00091       0.01235 ±    0.00050     3.295 ±  0.068 %    95.388 ±  0.105 %
  40       5.7565 ±    0.0675       0.00259 ±    0.00090       0.01226 ±    0.00049     3.295 ±  0.067 %    95.396 ±  0.104 %
  41       5.7136 ±    0.0660       0.00288 ±    0.00089       0.01221 ±    0.00048     3.297 ±  0.066 %    95.391 ±  0.102 %
  42       5.7478 ±    0.0657       0.00281 ±    0.00088       0.01215 ±    0.00047     3.280 ±  0.065 %    95.392 ±  0.101 %
  43       5.8803 ±    0.0670       0.00278 ±    0.00087       0.01218 ±    0.00046     3.294 ±  0.067 %    95.369 ±  0.100 %
  44       5.9869 ±    0.0678       0.00279 ±    0.00086       0.01217 ±    0.00045     3.278 ±  0.066 %    95.361 ±  0.099 %
  45       5.9644 ±    0.0667       0.00303 ±    0.00086       0.01242 ±    0.00044     3.327 ±  0.065 %    95.336 ±  0.098 %
  46       5.9835 ±    0.0662       0.00354 ±    0.00086       0.01252 ±    0.00043     3.346 ±  0.064 %    95.310 ±  0.097 %
  47       6.0134 ±    0.0659       0.00357 ±    0.00085       0.01247 ±    0.00042     3.335 ±  0.063 %    95.316 ±  0.096 %
  48       6.0274 ±    0.0653       0.00369 ±    0.00084       0.01251 ±    0.00041     3.342 ±  0.063 %    95.306 ±  0.095 %
  49       6.0715 ±    0.0652       0.00351 ±    0.00083       0.01254 ±    0.00041     3.338 ±  0.062 %    95.290 ±  0.095 %
  50       6.0470 ±    0.0642       0.00346 ±    0.00082       0.01248 ±    0.00040     3.327 ±  0.061 %    95.308 ±  0.094 %
  51       6.0838 ±    0.0640       0.00347 ±    0.00081       0.01239 ±    0.00039     3.310 ±  0.060 %    95.306 ±  0.093 %
  52       6.0389 ±    0.0629       0.00363 ±    0.00080       0.01238 ±    0.00039     3.328 ±  0.060 %    95.317 ±  0.092 %
  53       6.0238 ±    0.0620       0.00389 ±    0.00079       0.01235 ±    0.00038     3.322 ±  0.060 %    95.317 ±  0.091 %
  54       6.0064 ±    0.0612       0.00411 ±    0.00079       0.01237 ±    0.00038     3.335 ±  0.063 %    95.326 ±  0.090 %
  55       5.9671 ±    0.0601       0.00422 ±    0.00078       0.01228 ±    0.00037     3.323 ±  0.062 %    95.345 ±  0.089 %
  56       5.9528 ±    0.0594       0.00408 ±    0.00078       0.01234 ±    0.00038     3.338 ±  0.065 %    95.364 ±  0.088 %
  57       5.9020 ±    0.0582       0.00403 ±    0.00077       0.01228 ±    0.00037     3.328 ±  0.065 %    95.387 ±  0.087 %
  58       5.8899 ±    0.0575       0.00374 ±    0.00076       0.01231 ±    0.00037     3.327 ±  0.064 %    95.387 ±  0.086 %
  59       5.8660 ±    0.0567       0.00376 ±    0.00076       0.01241 ±    0.00036     3.342 ±  0.062 %    95.382 ±  0.085 %
  60       5.8628 ±    0.0563       0.00365 ±    0.00075       0.01235 ±    0.00036     3.330 ±  0.062 %    95.380 ±  0.085 %
  61       5.8822 ±    0.0561       0.00367 ±    0.00074       0.01232 ±    0.00035     3.322 ±  0.061 %    95.369 ±  0.084 %
  62       5.9157 ±    0.0560       0.00372 ±    0.00073       0.01228 ±    0.00035     3.312 ±  0.060 %    95.349 ±  0.084 %
  63       5.9534 ±    0.0560       0.00378 ±    0.00073       0.01227 ±    0.00034     3.315 ±  0.060 %    95.341 ±  0.083 %
  64       5.9867 ±    0.0560       0.00381 ±    0.00072       0.01224 ±    0.00034     3.301 ±  0.059 %    95.355 ±  0.082 %
  65       5.9401 ±    0.0550       0.00377 ±    0.00072       0.01221 ±    0.00033     3.305 ±  0.058 %    95.379 ±  0.081 %
  66       5.9630 ±    0.0549       0.00386 ±    0.00071       0.01220 ±    0.00033     3.298 ±  0.058 %    95.372 ±  0.081 %
  67       5.9536 ±    0.0543       0.00382 ±    0.00070       0.01217 ±    0.00032     3.291 ±  0.057 %    95.358 ±  0.080 %
  68       5.9353 ±    0.0537       0.00377 ±    0.00070       0.01220 ±    0.00032     3.292 ±  0.056 %    95.342 ±  0.080 %
  69       5.9287 ±    0.0532       0.00366 ±    0.00070       0.01217 ±    0.00031     3.285 ±  0.056 %    95.325 ±  0.079 %
  70       5.9247 ±    0.0528       0.00382 ±    0.00069       0.01217 ±    0.00031     3.281 ±  0.055 %    95.325 ±  0.079 %
  71       5.9011 ±    0.0521       0.00372 ±    0.00069       0.01221 ±    0.00030     3.285 ±  0.054 %    95.324 ±  0.078 %
  72       5.9030 ±    0.0518       0.00368 ±    0.00068       0.01220 ±    0.00030     3.284 ±  0.054 %    95.326 ±  0.078 %
  73       5.9286 ±    0.0518       0.00357 ±    0.00068       0.01222 ±    0.00030     3.282 ±  0.053 %    95.312 ±  0.077 %
  74       5.9576 ±    0.0517       0.00370 ±    0.00068       0.01219 ±    0.00029     3.272 ±  0.053 %    95.315 ±  0.077 %
  75       5.9464 ±    0.0512       0.00374 ±    0.00067       0.01213 ±    0.00029     3.261 ±  0.052 %    95.325 ±  0.076 %
  76       5.9681 ±    0.0511       0.00361 ±    0.00066       0.01213 ±    0.00029     3.259 ±  0.052 %    95.326 ±  0.076 %
  77       5.9639 ±    0.0507       0.00368 ±    0.00066       0.01213 ±    0.00028     3.257 ±  0.051 %    95.318 ±  0.075 %
  78       5.9562 ±    0.0502       0.00370 ±    0.00065       0.01213 ±    0.00028     3.257 ±  0.051 %    95.328 ±  0.075 %
  79       5.9839 ±    0.0502       0.00377 ±    0.00065       0.01211 ±    0.00028     3.250 ±  0.050 %    95.330 ±  0.074 %
  80       5.9435 ±    0.0495       0.00360 ±    0.00065       0.01226 ±    0.00027     3.293 ±  0.050 %    95.327 ±  0.074 %
  81       5.9544 ±    0.0493       0.00389 ±    0.00065       0.01236 ±    0.00027     3.300 ±  0.049 %    95.298 ±  0.074 %
  82       5.9284 ±    0.0488       0.00380 ±    0.00064       0.01237 ±    0.00027     3.298 ±  0.049 %    95.307 ±  0.073 %
  83       5.9208 ±    0.0484       0.00359 ±    0.00064       0.01234 ±    0.00027     3.296 ±  0.049 %    95.304 ±  0.073 %
  84       5.9036 ±    0.0479       0.00352 ±    0.00064       0.01231 ±    0.00026     3.293 ±  0.048 %    95.300 ±  0.072 %
  85       5.8874 ±    0.0475       0.00340 ±    0.00063       0.01227 ±    0.00026     3.290 ±  0.048 %    95.309 ±  0.072 %
  86       5.9012 ±    0.0473       0.00335 ±    0.00063       0.01226 ±    0.00026     3.284 ±  0.047 %    95.281 ±  0.071 %
  87       5.8822 ±    0.0468       0.00328 ±    0.00062       0.01222 ±    0.00025     3.279 ±  0.047 %    95.275 ±  0.071 %
  88       5.8775 ±    0.0465       0.00340 ±    0.00062       0.01224 ±    0.00025     3.292 ±  0.049 %    95.275 ±  0.071 %
  89       5.8969 ±    0.0465       0.00342 ±    0.00062       0.01228 ±    0.00026     3.293 ±  0.048 %    95.283 ±  0.070 %
  90       5.9041 ±    0.0462       0.00343 ±    0.00061       0.01228 ±    0.00025     3.294 ±  0.048 %    95.285 ±  0.070 %
  91       5.9533 ±    0.0465       0.00357 ±    0.00061       0.01230 ±    0.00025     3.289 ±  0.048 %    95.263 ±  0.070 %
  92       5.9920 ±    0.0466       0.00357 ±    0.00061       0.01229 ±    0.00025     3.283 ±  0.047 %    95.257 ±  0.069 %
  93       6.0221 ±    0.0467       0.00356 ±    0.00060       0.01228 ±    0.00025     3.278 ±  0.047 %    95.249 ±  0.069 %
  94       6.0463 ±    0.0466       0.00359 ±    0.00060       0.01228 ±    0.00024     3.271 ±  0.046 %    95.242 ±  0.069 %
  95       6.0801 ±    0.0467       0.00363 ±    0.00060       0.01228 ±    0.00024     3.263 ±  0.046 %    95.227 ±  0.068 %
  96       6.1222 ±    0.0469       0.00362 ±    0.00059       0.01227 ±    0.00024     3.258 ±  0.046 %    95.217 ±  0.068 %
  97       6.1739 ±    0.0472       0.00364 ±    0.00059       0.01234 ±    0.00024     3.256 ±  0.045 %    95.206 ±  0.068 %
  98       6.1679 ±    0.0469       0.00368 ±    0.00059       0.01234 ±    0.00024     3.262 ±  0.045 %    95.209 ±  0.067 %
  99       6.1760 ±    0.0467       0.00370 ±    0.00059       0.01231 ±    0.00023     3.253 ±  0.045 %    95.204 ±  0.067 %
 100       6.1846 ±    0.0465       0.00370 ±    0.00058       0.01231 ±    0.00023     3.256 ±  0.045 %    95.193 ±  0.067 %
 101       6.1603 ±    0.0461       0.00367 ±    0.00058       0.01238 ±    0.00023     3.272 ±  0.044 %    95.177 ±  0.067 %
 102       6.1640 ±    0.0459       0.00365 ±    0.00058       0.01240 ±    0.00023     3.268 ±  0.044 %    95.169 ±  0.066 %
 103       6.1625 ±    0.0456       0.00351 ±    0.00058       0.01246 ±    0.00023     3.276 ±  0.043 %    95.151 ±  0.066 %
 104       6.1618 ±    0.0454       0.00348 ±    0.00058       0.01271 ±    0.00023     3.305 ±  0.044 %    95.129 ±  0.066 %
 105       6.1547 ±    0.0451       0.00346 ±    0.00058       0.01280 ±    0.00023     3.317 ±  0.043 %    95.115 ±  0.066 %
 106       6.1387 ±    0.0447       0.00361 ±    0.00058       0.01287 ±    0.00023     3.323 ±  0.043 %    95.107 ±  0.066 %
 107       6.1516 ±    0.0447       0.00361 ±    0.00058       0.01289 ±    0.00023     3.331 ±  0.043 %    95.120 ±  0.065 %
 108       6.1445 ±    0.0444       0.00369 ±    0.00058       0.01289 ±    0.00023     3.335 ±  0.043 %    95.125 ±  0.065 %
 109       6.1497 ±    0.0442       0.00363 ±    0.00057       0.01288 ±    0.00022     3.339 ±  0.042 %    95.122 ±  0.065 %
 110       6.1494 ±    0.0440       0.00360 ±    0.00057       0.01287 ±    0.00022     3.340 ±  0.042 %    95.127 ±  0.064 %
 111       6.1342 ±    0.0437       0.00350 ±    0.00057       0.01301 ±    0.00025     3.359 ±  0.043 %    95.123 ±  0.064 %
 112       6.1210 ±    0.0434       0.00353 ±    0.00057       0.01299 ±    0.00024     3.356 ±  0.043 %    95.131 ±  0.064 %
 113       6.0987 ±    0.0430       0.00367 ±    0.00056       0.01298 ±    0.00024     3.362 ±  0.043 %    95.134 ±  0.063 %
 114       6.1267 ±    0.0431       0.00374 ±    0.00056       0.01297 ±    0.00024     3.359 ±  0.042 %    95.139 ±  0.063 %
 115       6.1318 ±    0.0429       0.00370 ±    0.00056       0.01296 ±    0.00024     3.355 ±  0.042 %    95.152 ±  0.063 %
 116       6.1412 ±    0.0428       0.00365 ±    0.00055       0.01296 ±    0.00024     3.350 ±  0.042 %    95.149 ±  0.062 %
 117       6.1507 ±    0.0427       0.00369 ±    0.00055       0.01300 ±    0.00023     3.348 ±  0.042 %    95.134 ±  0.062 %
 118       6.1468 ±    0.0425       0.00366 ±    0.00055       0.01310 ±    0.00024     3.377 ±  0.043 %    95.123 ±  0.062 %
 119       6.1274 ±    0.0422       0.00365 ±    0.00055       0.01318 ±    0.00024     3.400 ±  0.044 %    95.121 ±  0.062 %
 120       6.1346 ±    0.0421       0.00371 ±    0.00055       0.01316 ±    0.00024     3.397 ±  0.044 %    95.122 ±  0.061 %
 121       6.1320 ±    0.0419       0.00377 ±    0.00055       0.01313 ±    0.00024     3.395 ±  0.043 %    95.129 ±  0.061 %
 122       6.1270 ±    0.0417       0.00379 ±    0.00054       0.01310 ±    0.00023     3.390 ±  0.043 %    95.136 ±  0.061 %
 123       6.1176 ±    0.0415       0.00370 ±    0.00054       0.01307 ±    0.00023     3.390 ±  0.043 %    95.128 ±  0.061 %
 124       6.1141 ±    0.0413       0.00376 ±    0.00054       0.01305 ±    0.00023     3.390 ±  0.043 %    95.137 ±  0.060 %
 125       6.1289 ±    0.0413       0.00375 ±    0.00053       0.01305 ±    0.00023     3.387 ±  0.043 %    95.141 ±  0.060 %
 126       6.1245 ±    0.0411       0.00381 ±    0.00053       0.01301 ±    0.00023     3.382 ±  0.042 %    95.149 ±  0.060 %
 127       6.1353 ±    0.0410       0.00379 ±    0.00053       0.01298 ±    0.00022     3.376 ±  0.042 %    95.139 ±  0.060 %
 128       6.1247 ±    0.0408       0.00377 ±    0.00053       0.01296 ±    0.00022     3.373 ±  0.042 %    95.132 ±  0.059 %
 129       6.1230 ±    0.0406       0.00379 ±    0.00052       0.01295 ±    0.00022     3.371 ±  0.042 %    95.137 ±  0.059 %
 130       6.1121 ±    0.0403       0.00372 ±    0.00052       0.01293 ±    0.00022     3.371 ±  0.041 %    95.139 ±  0.059 %
 131       6.1175 ±    0.0402       0.00368 ±    0.00052       0.01291 ±    0.00022     3.366 ±  0.041 %    95.145 ±  0.059 %
 132       6.1192 ±    0.0401       0.00368 ±    0.00052       0.01293 ±    0.00022     3.367 ±  0.041 %    95.140 ±  0.059 %
 133       6.1289 ±    0.0400       0.00365 ±    0.00052       0.01294 ±    0.00021     3.365 ±  0.041 %    95.129 ±  0.058 %
 134       6.1421 ±    0.0400       0.00372 ±    0.00051       0.01296 ±    0.00021     3.372 ±  0.041 %    95.126 ±  0.058 %
 135       6.1384 ±    0.0398       0.00377 ±    0.00051       0.01295 ±    0.00021     3.369 ±  0.040 %    95.123 ±  0.058 %
 136       6.1179 ±    0.0395       0.00370 ±    0.00051       0.01293 ±    0.00021     3.366 ±  0.040 %    95.129 ±  0.058 %
 137       6.0878 ±    0.0391       0.00370 ±    0.00051       0.01291 ±    0.00021     3.363 ±  0.040 %    95.132 ±  0.057 %
 138       6.0943 ±    0.0390       0.00360 ±    0.00051       0.01295 ±    0.00021     3.367 ±  0.040 %    95.132 ±  0.057 %
 139       6.1096 ±    0.0390       0.00364 ±    0.00050       0.01293 ±    0.00021     3.364 ±  0.040 %    95.136 ±  0.057 %
 140       6.1357 ±    0.0391       0.00360 ±    0.00050       0.01292 ±    0.00021     3.359 ±  0.039 %    95.140 ±  0.057 %
 141       6.1226 ±    0.0388       0.00363 ±    0.00050       0.01296 ±    0.00021     3.373 ±  0.039 %    95.133 ±  0.057 %
 142       6.1243 ±    0.0387       0.00365 ±    0.00050       0.01296 ±    0.00021     3.371 ±  0.039 %    95.127 ±  0.056 %
 143       6.1254 ±    0.0386       0.00372 ±    0.00050       0.01294 ±    0.00020     3.368 ±  0.039 %    95.127 ±  0.056 %
 144       6.1371 ±    0.0385       0.00373 ±    0.00049       0.01294 ±    0.00020     3.366 ±  0.039 %    95.116 ±  0.056 %
 145       6.1297 ±    0.0384       0.00370 ±    0.00049       0.01297 ±    0.00021     3.368 ±  0.039 %    95.116 ±  0.056 %

====== Perplexity statistics ======
Mean PPL(Q)                   :   6.129739 ±   0.038366
Mean PPL(base)                :   6.107128 ±   0.038226
Cor(ln(PPL(Q)), ln(PPL(base))):  99.69%
Mean ln(PPL(Q)/PPL(base))     :   0.003695 ±   0.000493
Mean PPL(Q)/PPL(base)         :   1.003702 ±   0.000495
Mean PPL(Q)-PPL(base)         :   0.022610 ±   0.003019

====== KL divergence statistics ======
Mean    KLD:   0.012967 ±   0.000205
Maximum KLD:  18.208681
99.9%   KLD:   0.428446
99.0%   KLD:   0.108302
95.0%   KLD:   0.041539
90.0%   KLD:   0.026519
Median  KLD:   0.005640
10.0%   KLD:   0.000120
 5.0%   KLD:   0.000033
 1.0%   KLD:   0.000004
 0.1%   KLD:  -0.000001
Minimum KLD:  -0.000053

====== Token probability statistics ======
Mean    Δp: -0.143 ± 0.009 %
Maximum Δp: 97.764%
99.9%   Δp: 23.096%
99.0%   Δp:  9.392%
95.0%   Δp:  3.984%
90.0%   Δp:  2.226%
75.0%   Δp:  0.390%
Median  Δp: -0.004%
25.0%   Δp: -0.649%
10.0%   Δp: -2.730%
 5.0%   Δp: -4.575%
 1.0%   Δp: -10.041%
 0.1%   Δp: -23.780%
Minimum Δp: -99.254%
RMS Δp    :  3.368 ± 0.039 %
Same top p: 95.116 ± 0.056 %

------------------------------
llama-perplexity --kl-divergence-base /tmp/logits.dat --ctx-size 2048 -f sample-data/wiki.test.raw -hf byteshape/Qwen3.6-35B-A3B-MTP-GGUF:Qwen3.6-35B-A3B-IQ4_XS-3.97bpw -fa on -ngl 99 --cpu-moe -ctk turbo4 -ctv turbo3 --kl-divergence
0.00.541.653 I common_init_result: fitting params to device memory ...
0.00.541.657 I common_init_result: (for bugs during this step try to reproduce them with -fit off, or provide --verbose logs if the bug only occurs with -fit on)
0.02.768.073 W llama_model_loader: tensor overrides to CPU are used with mmap enabled - consider using --no-mmap for better performance
0.05.475.736 W llama_context: n_ctx_seq (2048) < n_ctx_train (262144) -- the full capacity of the model will not be utilized
0.05.506.419 I common_init_from_params: warming up the model with an empty run - please wait ... (--no-warmup to disable)
0.05.589.778 I 
0.05.589.853 I system_info: n_threads = 16 (n_threads_batch = 16) / 32 | CUDA : ARCHS = 500,610,700,750,800,860,890,900 | USE_GRAPHS = 1 | PEER_MAX_BATCH_SIZE = 128 | CPU : SSE3 = 1 | SSSE3 = 1 | AVX = 1 | AVX2 = 1 | F16C = 1 | FMA = 1 | BMI2 = 1 | LLAMAFILE = 1 | OPENMP = 1 | REPACK = 1 | 
0.05.817.244 I kl_divergence: computing over 145 chunks, n_ctx=2048, batch_size=2048, n_seq=1
0.10.953.294 I kl_divergence: 5.14 seconds per pass - ETA 12.40 minutes

chunk             PPL               ln(PPL(Q)/PPL(base))          KL Divergence              Δp RMS            Same top p
   1       4.7901 ±    0.3439       0.00703 ±    0.00774       0.01894 ±    0.00131     4.372 ±  0.311 %    93.157 ±  0.790 %
   2       5.9961 ±    0.3162       0.00269 ±    0.00526       0.01929 ±    0.00095     4.128 ±  0.212 %    92.669 ±  0.576 %
   3       6.3815 ±    0.2778       0.00885 ±    0.00410       0.01822 ±    0.00073     4.147 ±  0.196 %    93.157 ±  0.456 %
   4       6.4136 ±    0.2443       0.00900 ±    0.00335       0.01767 ±    0.00077     3.974 ±  0.160 %    93.548 ±  0.384 %
   5       6.3340 ±    0.2178       0.01056 ±    0.00297       0.01735 ±    0.00064     3.905 ±  0.136 %    93.900 ±  0.335 %
   6       5.4883 ±    0.1674       0.01135 ±    0.00290       0.01842 ±    0.00072     4.285 ±  0.158 %    94.070 ±  0.301 %
   7       4.9875 ±    0.1369       0.01015 ±    0.00265       0.01804 ±    0.00064     4.293 ±  0.142 %    94.149 ±  0.277 %
   8       4.9943 ±    0.1280       0.00921 ±    0.00250       0.01817 ±    0.00057     4.262 ±  0.128 %    94.074 ±  0.261 %
   9       5.2512 ±    0.1276       0.00734 ±    0.00236       0.01850 ±    0.00052     4.208 ±  0.117 %    93.809 ±  0.251 %
  10       5.3826 ±    0.1256       0.00786 ±    0.00221       0.01823 ±    0.00048     4.154 ±  0.108 %    93.891 ±  0.237 %
  11       5.4762 ±    0.1218       0.00766 ±    0.00209       0.01790 ±    0.00044     4.097 ±  0.101 %    93.922 ±  0.225 %
  12       5.7153 ±    0.1230       0.00809 ±    0.00201       0.01793 ±    0.00043     4.034 ±  0.095 %    93.923 ±  0.216 %
  13       5.7754 ±    0.1195       0.00812 ±    0.00193       0.01797 ±    0.00040     4.023 ±  0.090 %    93.857 ±  0.208 %
  14       5.8733 ±    0.1175       0.00830 ±    0.00186       0.01812 ±    0.00038     4.000 ±  0.085 %    93.814 ±  0.201 %
  15       5.9442 ±    0.1152       0.00769 ±    0.00181       0.01824 ±    0.00036     4.003 ±  0.081 %    93.731 ±  0.196 %
  16       6.1236 ±    0.1155       0.00775 ±    0.00175       0.01815 ±    0.00034     3.963 ±  0.077 %    93.664 ±  0.190 %
  17       6.1892 ±    0.1131       0.00826 ±    0.00170       0.01806 ±    0.00033     3.931 ±  0.074 %    93.755 ±  0.183 %
  18       6.2939 ±    0.1120       0.00852 ±    0.00164       0.01797 ±    0.00032     3.913 ±  0.072 %    93.744 ±  0.178 %
  19       6.2400 ±    0.1084       0.00829 ±    0.00159       0.01778 ±    0.00030     3.879 ±  0.070 %    93.816 ±  0.173 %
  20       5.9655 ±    0.1004       0.00908 ±    0.00159       0.01876 ±    0.00035     4.155 ±  0.088 %    93.847 ±  0.168 %
  21       5.9863 ±    0.0982       0.00912 ±    0.00155       0.01883 ±    0.00034     4.150 ±  0.085 %    93.851 ±  0.164 %
  22       6.0148 ±    0.0965       0.00859 ±    0.00150       0.01868 ±    0.00032     4.125 ±  0.082 %    93.908 ±  0.159 %
  23       6.0677 ±    0.0953       0.00861 ±    0.00147       0.01864 ±    0.00031     4.105 ±  0.079 %    93.897 ±  0.156 %
  24       6.0859 ±    0.0934       0.00920 ±    0.00143       0.01870 ±    0.00030     4.093 ±  0.078 %    93.874 ±  0.153 %
  25       6.1369 ±    0.0925       0.00965 ±    0.00140       0.01860 ±    0.00029     4.065 ±  0.076 %    93.892 ±  0.150 %
  26       6.1210 ±    0.0905       0.00969 ±    0.00137       0.01851 ±    0.00028     4.058 ±  0.074 %    93.973 ±  0.146 %
  27       6.2658 ±    0.0913       0.00969 ±    0.00134       0.01836 ±    0.00027     4.023 ±  0.072 %    93.957 ±  0.143 %
  28       6.3440 ±    0.0911       0.00915 ±    0.00131       0.01832 ±    0.00027     4.004 ±  0.070 %    93.946 ±  0.141 %
  29       6.3128 ±    0.0891       0.00931 ±    0.00129       0.01837 ±    0.00026     4.028 ±  0.068 %    93.960 ±  0.138 %
  30       6.2808 ±    0.0870       0.00950 ±    0.00127       0.01839 ±    0.00026     4.017 ±  0.067 %    93.959 ±  0.136 %
  31       6.2052 ±    0.0843       0.00995 ±    0.00124       0.01830 ±    0.00025     4.015 ±  0.066 %    93.933 ±  0.134 %
  32       6.1012 ±    0.0814       0.00975 ±    0.00122       0.01818 ±    0.00025     4.004 ±  0.064 %    94.004 ±  0.131 %
  33       6.0625 ±    0.0795       0.00922 ±    0.00123       0.01880 ±    0.00069     4.024 ±  0.072 %    93.972 ±  0.130 %
  34       6.0615 ±    0.0783       0.00941 ±    0.00121       0.01865 ±    0.00067     4.002 ±  0.071 %    93.960 ±  0.128 %
  35       6.0764 ±    0.0774       0.00910 ±    0.00120       0.01888 ±    0.00068     4.025 ±  0.071 %    93.965 ±  0.126 %
  36       6.0937 ±    0.0766       0.00896 ±    0.00119       0.01888 ±    0.00066     4.016 ±  0.070 %    93.967 ±  0.124 %
  37       6.0067 ±    0.0742       0.00902 ±    0.00116       0.01869 ±    0.00064     4.005 ±  0.069 %    94.013 ±  0.122 %
  38       5.9432 ±    0.0722       0.00908 ±    0.00115       0.01853 ±    0.00063     3.993 ±  0.067 %    94.024 ±  0.120 %
  39       5.8721 ±    0.0702       0.00908 ±    0.00113       0.01842 ±    0.00061     3.986 ±  0.066 %    94.017 ±  0.119 %
  40       5.7938 ±    0.0680       0.00905 ±    0.00112       0.01828 ±    0.00060     3.980 ±  0.065 %    94.032 ±  0.117 %
  41       5.7489 ±    0.0665       0.00904 ±    0.00110       0.01820 ±    0.00058     3.991 ±  0.065 %    94.035 ±  0.116 %
  42       5.7840 ±    0.0662       0.00909 ±    0.00108       0.01815 ±    0.00057     3.975 ±  0.063 %    94.019 ±  0.114 %
  43       5.9172 ±    0.0675       0.00904 ±    0.00107       0.01824 ±    0.00056     3.990 ±  0.066 %    93.983 ±  0.113 %
  44       6.0242 ±    0.0683       0.00900 ±    0.00106       0.01825 ±    0.00055     3.972 ±  0.065 %    93.933 ±  0.113 %
  45       6.0019 ±    0.0672       0.00929 ±    0.00105       0.01858 ±    0.00054     4.022 ±  0.064 %    93.915 ±  0.111 %
  46       6.0201 ±    0.0667       0.00963 ±    0.00105       0.01864 ±    0.00053     4.028 ±  0.064 %    93.897 ±  0.110 %
  47       6.0501 ±    0.0663       0.00966 ±    0.00103       0.01863 ±    0.00052     4.036 ±  0.064 %    93.879 ±  0.109 %
  48       6.0647 ±    0.0658       0.00986 ±    0.00102       0.01867 ±    0.00051     4.047 ±  0.063 %    93.856 ±  0.108 %
  49       6.1077 ±    0.0656       0.00944 ±    0.00102       0.01882 ±    0.00050     4.064 ±  0.064 %    93.814 ±  0.108 %
  50       6.0846 ±    0.0647       0.00966 ±    0.00101       0.01881 ±    0.00049     4.061 ±  0.063 %    93.846 ±  0.106 %
  51       6.1213 ±    0.0645       0.00963 ±    0.00100       0.01870 ±    0.00048     4.045 ±  0.062 %    93.859 ±  0.105 %
  52       6.0749 ±    0.0633       0.00958 ±    0.00099       0.01877 ±    0.00049     4.062 ±  0.063 %    93.859 ±  0.104 %
  53       6.0584 ±    0.0624       0.00962 ±    0.00098       0.01872 ±    0.00048     4.051 ±  0.062 %    93.867 ±  0.103 %
  54       6.0399 ±    0.0616       0.00967 ±    0.00097       0.01863 ±    0.00047     4.040 ±  0.061 %    93.887 ±  0.102 %
  55       5.9996 ±    0.0605       0.00967 ±    0.00095       0.01853 ±    0.00046     4.027 ±  0.060 %    93.913 ±  0.101 %
  56       5.9857 ±    0.0598       0.00959 ±    0.00094       0.01848 ±    0.00045     4.021 ±  0.059 %    93.941 ±  0.100 %
  57       5.9344 ±    0.0586       0.00951 ±    0.00093       0.01836 ±    0.00045     4.008 ±  0.059 %    93.958 ±  0.099 %
  58       5.9232 ±    0.0579       0.00937 ±    0.00093       0.01839 ±    0.00044     4.000 ±  0.058 %    93.971 ±  0.098 %
  59       5.9007 ±    0.0571       0.00965 ±    0.00092       0.01866 ±    0.00044     4.047 ±  0.058 %    93.951 ±  0.097 %
  60       5.8967 ±    0.0567       0.00941 ±    0.00091       0.01855 ±    0.00043     4.031 ±  0.057 %    93.985 ±  0.096 %
  61       5.9161 ±    0.0565       0.00943 ±    0.00090       0.01852 ±    0.00042     4.022 ±  0.057 %    93.978 ±  0.095 %
  62       5.9488 ±    0.0564       0.00930 ±    0.00090       0.01851 ±    0.00042     4.012 ±  0.056 %    93.960 ±  0.095 %
  63       5.9858 ±    0.0563       0.00921 ±    0.00089       0.01848 ±    0.00041     4.001 ±  0.055 %    93.953 ±  0.094 %
  64       6.0185 ±    0.0563       0.00911 ±    0.00088       0.01844 ±    0.00040     3.988 ±  0.055 %    93.946 ±  0.093 %
  65       5.9722 ±    0.0553       0.00915 ±    0.00087       0.01838 ±    0.00040     3.990 ±  0.054 %    93.974 ±  0.092 %
  66       5.9942 ±    0.0552       0.00908 ±    0.00087       0.01840 ±    0.00039     3.986 ±  0.053 %    93.976 ±  0.092 %
  67       5.9846 ±    0.0546       0.00901 ±    0.00086       0.01836 ±    0.00039     3.981 ±  0.053 %    93.967 ±  0.091 %
  68       5.9670 ±    0.0540       0.00909 ±    0.00085       0.01839 ±    0.00038     3.984 ±  0.052 %    93.981 ±  0.090 %
  69       5.9597 ±    0.0535       0.00888 ±    0.00084       0.01831 ±    0.00038     3.973 ±  0.052 %    93.965 ±  0.090 %
  70       5.9554 ±    0.0531       0.00898 ±    0.00084       0.01831 ±    0.00037     3.968 ±  0.051 %    93.965 ±  0.089 %
  71       5.9324 ±    0.0525       0.00901 ±    0.00083       0.01840 ±    0.00037     3.979 ±  0.050 %    93.955 ±  0.088 %
  72       5.9338 ±    0.0521       0.00889 ±    0.00083       0.01840 ±    0.00036     3.977 ±  0.050 %    93.969 ±  0.088 %
  73       5.9600 ±    0.0521       0.00884 ±    0.00083       0.01846 ±    0.00036     3.976 ±  0.049 %    93.963 ±  0.087 %
  74       5.9896 ±    0.0521       0.00907 ±    0.00082       0.01843 ±    0.00035     3.972 ±  0.049 %    93.968 ±  0.087 %
  75       5.9786 ±    0.0516       0.00914 ±    0.00081       0.01836 ±    0.00035     3.966 ±  0.049 %    93.971 ±  0.086 %
  76       6.0006 ±    0.0514       0.00905 ±    0.00081       0.01836 ±    0.00035     3.966 ±  0.048 %    93.970 ±  0.085 %
  77       5.9967 ±    0.0510       0.00916 ±    0.00080       0.01834 ±    0.00034     3.965 ±  0.048 %    93.974 ±  0.085 %
  78       5.9890 ±    0.0506       0.00919 ±    0.00080       0.01834 ±    0.00034     3.968 ±  0.048 %    93.976 ±  0.084 %
  79       6.0172 ±    0.0506       0.00932 ±    0.00079       0.01833 ±    0.00033     3.961 ±  0.047 %    93.967 ±  0.084 %
  80       5.9766 ±    0.0498       0.00915 ±    0.00079       0.01858 ±    0.00033     4.015 ±  0.047 %    93.960 ±  0.083 %
  81       5.9877 ±    0.0496       0.00945 ±    0.00079       0.01874 ±    0.00033     4.023 ±  0.047 %    93.930 ±  0.083 %
  82       5.9621 ±    0.0491       0.00947 ±    0.00079       0.01874 ±    0.00033     4.032 ±  0.047 %    93.954 ±  0.082 %
  83       5.9559 ±    0.0487       0.00950 ±    0.00078       0.01871 ±    0.00032     4.030 ±  0.047 %    93.962 ±  0.082 %
  84       5.9394 ±    0.0483       0.00957 ±    0.00078       0.01869 ±    0.00032     4.035 ±  0.047 %    93.966 ±  0.081 %
  85       5.9232 ±    0.0478       0.00947 ±    0.00077       0.01864 ±    0.00031     4.029 ±  0.046 %    93.981 ±  0.081 %
  86       5.9380 ±    0.0477       0.00956 ±    0.00077       0.01863 ±    0.00031     4.027 ±  0.046 %    93.978 ±  0.080 %
  87       5.9195 ±    0.0472       0.00960 ±    0.00076       0.01857 ±    0.00031     4.021 ±  0.045 %    93.963 ±  0.080 %
  88       5.9143 ±    0.0469       0.00964 ±    0.00075       0.01852 ±    0.00030     4.019 ±  0.045 %    93.949 ±  0.079 %
  89       5.9334 ±    0.0468       0.00959 ±    0.00075       0.01864 ±    0.00031     4.023 ±  0.045 %    93.948 ±  0.079 %
  90       5.9410 ±    0.0466       0.00966 ±    0.00075       0.01862 ±    0.00031     4.018 ±  0.044 %    93.955 ±  0.079 %
  91       5.9903 ±    0.0468       0.00976 ±    0.00074       0.01865 ±    0.00031     4.015 ±  0.044 %    93.928 ±  0.078 %
  92       6.0285 ±    0.0470       0.00964 ±    0.00074       0.01868 ±    0.00030     4.014 ±  0.044 %    93.918 ±  0.078 %
  93       6.0583 ±    0.0470       0.00956 ±    0.00074       0.01867 ±    0.00030     4.006 ±  0.043 %    93.906 ±  0.078 %
  94       6.0827 ±    0.0470       0.00960 ±    0.00073       0.01868 ±    0.00030     4.002 ±  0.043 %    93.889 ±  0.077 %
  95       6.1163 ±    0.0470       0.00957 ±    0.00073       0.01866 ±    0.00029     3.993 ±  0.043 %    93.879 ±  0.077 %
  96       6.1583 ±    0.0472       0.00949 ±    0.00072       0.01869 ±    0.00029     3.993 ±  0.042 %    93.865 ±  0.077 %
  97       6.2107 ±    0.0475       0.00959 ±    0.00072       0.01883 ±    0.00029     3.992 ±  0.042 %    93.854 ±  0.076 %
  98       6.2040 ±    0.0472       0.00952 ±    0.00072       0.01885 ±    0.00029     4.003 ±  0.042 %    93.859 ±  0.076 %
  99       6.2130 ±    0.0470       0.00968 ±    0.00072       0.01883 ±    0.00029     3.996 ±  0.042 %    93.856 ±  0.075 %
 100       6.2226 ±    0.0469       0.00984 ±    0.00072       0.01890 ±    0.00029     4.003 ±  0.042 %    93.851 ±  0.075 %
 101       6.1982 ±    0.0464       0.00979 ±    0.00071       0.01899 ±    0.00028     4.019 ±  0.042 %    93.843 ±  0.075 %
 102       6.2010 ±    0.0462       0.00963 ±    0.00071       0.01903 ±    0.00028     4.021 ±  0.041 %    93.825 ±  0.075 %
 103       6.2003 ±    0.0460       0.00963 ±    0.00071       0.01910 ±    0.00028     4.028 ±  0.041 %    93.805 ±  0.074 %
 104       6.1998 ±    0.0457       0.00963 ±    0.00071       0.01936 ±    0.00028     4.051 ±  0.041 %    93.795 ±  0.074 %
 105       6.1928 ±    0.0454       0.00963 ±    0.00071       0.01945 ±    0.00028     4.064 ±  0.040 %    93.777 ±  0.074 %
 106       6.1762 ±    0.0451       0.00970 ±    0.00071       0.01957 ±    0.00027     4.086 ±  0.041 %    93.764 ±  0.073 %
 107       6.1882 ±    0.0450       0.00955 ±    0.00070       0.01959 ±    0.00027     4.090 ±  0.041 %    93.763 ±  0.073 %
 108       6.1813 ±    0.0447       0.00966 ±    0.00070       0.01959 ±    0.00027     4.091 ±  0.041 %    93.763 ±  0.073 %
 109       6.1864 ±    0.0445       0.00957 ±    0.00070       0.01956 ±    0.00027     4.091 ±  0.040 %    93.762 ±  0.072 %
 110       6.1864 ±    0.0444       0.00960 ±    0.00069       0.01955 ±    0.00027     4.093 ±  0.040 %    93.770 ±  0.072 %
 111       6.1715 ±    0.0440       0.00956 ±    0.00069       0.01965 ±    0.00029     4.100 ±  0.041 %    93.761 ±  0.072 %
 112       6.1580 ±    0.0437       0.00956 ±    0.00069       0.01961 ±    0.00029     4.096 ±  0.040 %    93.785 ±  0.071 %
 113       6.1345 ±    0.0433       0.00952 ±    0.00069       0.01960 ±    0.00028     4.097 ±  0.040 %    93.795 ±  0.071 %
 114       6.1620 ±    0.0434       0.00948 ±    0.00068       0.01959 ±    0.00028     4.092 ±  0.040 %    93.792 ±  0.071 %
 115       6.1666 ±    0.0432       0.00936 ±    0.00068       0.01958 ±    0.00028     4.089 ±  0.040 %    93.804 ±  0.070 %
 116       6.1769 ±    0.0431       0.00944 ±    0.00068       0.01959 ±    0.00028     4.084 ±  0.039 %    93.805 ±  0.070 %
 117       6.1864 ±    0.0430       0.00947 ±    0.00067       0.01962 ±    0.00028     4.084 ±  0.039 %    93.796 ±  0.070 %
 118       6.1830 ±    0.0428       0.00953 ±    0.00067       0.01980 ±    0.00029     4.091 ±  0.039 %    93.794 ±  0.069 %
 119       6.1647 ±    0.0425       0.00971 ±    0.00068       0.02003 ±    0.00031     4.132 ±  0.041 %    93.787 ±  0.069 %
 120       6.1720 ±    0.0424       0.00979 ±    0.00068       0.02000 ±    0.00030     4.129 ±  0.041 %    93.793 ±  0.069 %
 121       6.1688 ±    0.0422       0.00976 ±    0.00067       0.01993 ±    0.00030     4.120 ±  0.040 %    93.800 ±  0.069 %
 122       6.1635 ±    0.0420       0.00972 ±    0.00067       0.01989 ±    0.00030     4.118 ±  0.040 %    93.804 ±  0.068 %
 123       6.1544 ±    0.0418       0.00970 ±    0.00066       0.01984 ±    0.00030     4.116 ±  0.040 %    93.805 ±  0.068 %
 124       6.1506 ±    0.0416       0.00972 ±    0.00066       0.01981 ±    0.00030     4.115 ±  0.040 %    93.812 ±  0.068 %
 125       6.1659 ±    0.0416       0.00978 ±    0.00066       0.01983 ±    0.00029     4.117 ±  0.040 %    93.809 ±  0.067 %
 126       6.1612 ±    0.0414       0.00980 ±    0.00065       0.01977 ±    0.00029     4.112 ±  0.039 %    93.821 ±  0.067 %
 127       6.1720 ±    0.0413       0.00976 ±    0.00065       0.01972 ±    0.00029     4.104 ±  0.039 %    93.824 ±  0.067 %
 128       6.1609 ±    0.0410       0.00966 ±    0.00065       0.01971 ±    0.00029     4.106 ±  0.039 %    93.827 ±  0.067 %
 129       6.1597 ±    0.0409       0.00975 ±    0.00065       0.01969 ±    0.00028     4.106 ±  0.039 %    93.835 ±  0.066 %
 130       6.1491 ±    0.0406       0.00975 ±    0.00064       0.01967 ±    0.00028     4.101 ±  0.038 %    93.840 ±  0.066 %
 131       6.1547 ±    0.0405       0.00974 ±    0.00064       0.01963 ±    0.00028     4.095 ±  0.038 %    93.842 ±  0.066 %
 132       6.1567 ±    0.0404       0.00979 ±    0.00064       0.01967 ±    0.00028     4.102 ±  0.039 %    93.841 ±  0.065 %
 133       6.1667 ±    0.0403       0.00982 ±    0.00064       0.01971 ±    0.00028     4.106 ±  0.039 %    93.837 ±  0.065 %
 134       6.1805 ±    0.0403       0.00996 ±    0.00064       0.01974 ±    0.00028     4.114 ±  0.039 %    93.831 ±  0.065 %
 135       6.1766 ±    0.0401       0.00997 ±    0.00063       0.01973 ±    0.00027     4.110 ±  0.039 %    93.832 ±  0.065 %
 136       6.1558 ±    0.0398       0.00988 ±    0.00063       0.01969 ±    0.00027     4.107 ±  0.039 %    93.845 ±  0.064 %
 137       6.1254 ±    0.0394       0.00987 ±    0.00063       0.01963 ±    0.00027     4.102 ±  0.038 %    93.855 ±  0.064 %
 138       6.1328 ±    0.0393       0.00990 ±    0.00063       0.01974 ±    0.00028     4.108 ±  0.039 %    93.857 ±  0.064 %
 139       6.1478 ±    0.0393       0.00987 ±    0.00062       0.01972 ±    0.00027     4.104 ±  0.038 %    93.865 ±  0.064 %
 140       6.1739 ±    0.0394       0.00981 ±    0.00062       0.01969 ±    0.00027     4.097 ±  0.038 %    93.860 ±  0.063 %
 141       6.1606 ±    0.0391       0.00981 ±    0.00062       0.01976 ±    0.00027     4.118 ±  0.038 %    93.860 ±  0.063 %
 142       6.1624 ±    0.0390       0.00986 ±    0.00062       0.01979 ±    0.00027     4.121 ±  0.038 %    93.865 ±  0.063 %
 143       6.1628 ±    0.0389       0.00981 ±    0.00061       0.01976 ±    0.00027     4.121 ±  0.038 %    93.864 ±  0.063 %
 144       6.1742 ±    0.0388       0.00975 ±    0.00061       0.01975 ±    0.00027     4.118 ±  0.038 %    93.858 ±  0.063 %
 145       6.1667 ±    0.0387       0.00971 ±    0.00061       0.01979 ±    0.00027     4.128 ±  0.038 %    93.861 ±  0.062 %

====== Perplexity statistics ======
Mean PPL(Q)                   :   6.166732 ±   0.038651
Mean PPL(base)                :   6.107128 ±   0.038226
Cor(ln(PPL(Q)), ln(PPL(base))):  99.53%
Mean ln(PPL(Q)/PPL(base))     :   0.009712 ±   0.000610
Mean PPL(Q)/PPL(base)         :   1.009760 ±   0.000616
Mean PPL(Q)-PPL(base)         :   0.059604 ±   0.003767

====== KL divergence statistics ======
Mean    KLD:   0.019790 ±   0.000268
Maximum KLD:  21.896795
99.9%   KLD:   0.676423
99.0%   KLD:   0.163454
95.0%   KLD:   0.063482
90.0%   KLD:   0.041134
Median  KLD:   0.008890
10.0%   KLD:   0.000199
 5.0%   KLD:   0.000056
 1.0%   KLD:   0.000007
 0.1%   KLD:   0.000000
Minimum KLD:  -0.000027

====== Token probability statistics ======
Mean    Δp: -0.245 ± 0.011 %
Maximum Δp: 99.948%
99.9%   Δp: 26.862%
99.0%   Δp: 11.376%
95.0%   Δp:  4.932%
90.0%   Δp:  2.738%
75.0%   Δp:  0.472%
Median  Δp: -0.006%
25.0%   Δp: -0.842%
10.0%   Δp: -3.550%
 5.0%   Δp: -5.941%
 1.0%   Δp: -13.017%
 0.1%   Δp: -30.679%
Minimum Δp: -92.787%
RMS Δp    :  4.128 ± 0.038 %
Same top p: 93.861 ± 0.062 %

------------------------------
llama-perplexity --kl-divergence-base /tmp/logits.dat --ctx-size 2048 -f sample-data/wiki.test.raw -hf byteshape/Qwen3.6-35B-A3B-MTP-GGUF:Qwen3.6-35B-A3B-IQ4_XS-3.97bpw -fa on -ngl 99 --cpu-moe -ctk turbo4 -ctv turbo2 --kl-divergence
0.00.541.186 I common_init_result: fitting params to device memory ...
0.00.541.190 I common_init_result: (for bugs during this step try to reproduce them with -fit off, or provide --verbose logs if the bug only occurs with -fit on)
0.02.808.325 W llama_model_loader: tensor overrides to CPU are used with mmap enabled - consider using --no-mmap for better performance
0.05.529.159 W llama_context: n_ctx_seq (2048) < n_ctx_train (262144) -- the full capacity of the model will not be utilized
0.05.558.620 I common_init_from_params: warming up the model with an empty run - please wait ... (--no-warmup to disable)
0.05.644.406 I 
0.05.644.478 I system_info: n_threads = 16 (n_threads_batch = 16) / 32 | CUDA : ARCHS = 500,610,700,750,800,860,890,900 | USE_GRAPHS = 1 | PEER_MAX_BATCH_SIZE = 128 | CPU : SSE3 = 1 | SSSE3 = 1 | AVX = 1 | AVX2 = 1 | F16C = 1 | FMA = 1 | BMI2 = 1 | LLAMAFILE = 1 | OPENMP = 1 | REPACK = 1 | 
0.05.868.052 I kl_divergence: computing over 145 chunks, n_ctx=2048, batch_size=2048, n_seq=1
0.11.028.702 I kl_divergence: 5.16 seconds per pass - ETA 12.47 minutes

chunk             PPL               ln(PPL(Q)/PPL(base))          KL Divergence              Δp RMS            Same top p
   1       4.7929 ±    0.3447       0.00763 ±    0.01052       0.03065 ±    0.00249     6.017 ±  0.414 %    93.451 ±  0.774 %
   2       6.0452 ±    0.3189       0.01083 ±    0.00691       0.02822 ±    0.00147     5.197 ±  0.261 %    92.766 ±  0.573 %
   3       6.4394 ±    0.2809       0.01788 ±    0.00528       0.02620 ±    0.00123     5.111 ±  0.276 %    93.190 ±  0.455 %
   4       6.4648 ±    0.2464       0.01695 ±    0.00424       0.02395 ±    0.00096     4.851 ±  0.234 %    93.744 ±  0.379 %
   5       6.3796 ±    0.2194       0.01772 ±    0.00376       0.02357 ±    0.00081     4.774 ±  0.199 %    93.861 ±  0.336 %
   6       5.5157 ±    0.1684       0.01633 ±    0.00348       0.02368 ±    0.00082     4.816 ±  0.174 %    94.233 ±  0.298 %
   7       5.0250 ±    0.1380       0.01763 ±    0.00323       0.02446 ±    0.00084     4.959 ±  0.164 %    94.191 ±  0.276 %
   8       5.0267 ±    0.1288       0.01568 ±    0.00313       0.02533 ±    0.00081     5.039 ±  0.163 %    94.159 ±  0.259 %
   9       5.2866 ±    0.1285       0.01406 ±    0.00296       0.02583 ±    0.00074     4.958 ±  0.149 %    93.896 ±  0.250 %
  10       5.4186 ±    0.1266       0.01453 ±    0.00278       0.02546 ±    0.00069     4.917 ±  0.140 %    93.861 ±  0.237 %
  11       5.5114 ±    0.1227       0.01407 ±    0.00261       0.02501 ±    0.00066     4.904 ±  0.138 %    93.833 ±  0.227 %
  12       5.7446 ±    0.1237       0.01320 ±    0.00248       0.02516 ±    0.00067     4.846 ±  0.131 %    93.785 ±  0.218 %
  13       5.8040 ±    0.1202       0.01307 ±    0.00238       0.02533 ±    0.00065     4.856 ±  0.133 %    93.781 ±  0.209 %
  14       5.9102 ±    0.1184       0.01456 ±    0.00230       0.02543 ±    0.00062     4.824 ±  0.126 %    93.702 ±  0.203 %
  15       5.9904 ±    0.1164       0.01542 ±    0.00223       0.02573 ±    0.00059     4.844 ±  0.120 %    93.627 ±  0.197 %
  16       6.1660 ±    0.1166       0.01464 ±    0.00216       0.02567 ±    0.00056     4.834 ±  0.117 %    93.609 ±  0.191 %
  17       6.2280 ±    0.1141       0.01450 ±    0.00214       0.02560 ±    0.00057     4.792 ±  0.112 %    93.658 ±  0.185 %
  18       6.3270 ±    0.1129       0.01376 ±    0.00206       0.02536 ±    0.00055     4.740 ±  0.108 %    93.679 ±  0.179 %
  19       6.2691 ±    0.1091       0.01294 ±    0.00199       0.02489 ±    0.00052     4.681 ±  0.104 %    93.785 ±  0.173 %
  20       5.9914 ±    0.1010       0.01342 ±    0.00199       0.02664 ±    0.00066     4.934 ±  0.107 %    93.817 ±  0.168 %
  21       6.0129 ±    0.0988       0.01354 ±    0.00194       0.02661 ±    0.00063     4.904 ±  0.103 %    93.800 ±  0.165 %
  22       6.0354 ±    0.0970       0.01200 ±    0.00188       0.02641 ±    0.00061     4.863 ±  0.100 %    93.828 ±  0.160 %
  23       6.0879 ±    0.0958       0.01194 ±    0.00186       0.02647 ±    0.00060     4.857 ±  0.104 %    93.820 ±  0.157 %
  24       6.1042 ±    0.0939       0.01221 ±    0.00180       0.02632 ±    0.00058     4.826 ±  0.101 %    93.772 ±  0.154 %
  25       6.1547 ±    0.0930       0.01254 ±    0.00176       0.02613 ±    0.00056     4.796 ±  0.099 %    93.771 ±  0.151 %
  26       6.1408 ±    0.0909       0.01292 ±    0.00172       0.02603 ±    0.00054     4.789 ±  0.096 %    93.785 ±  0.148 %
  27       6.2863 ±    0.0918       0.01295 ±    0.00167       0.02573 ±    0.00052     4.739 ±  0.094 %    93.737 ±  0.146 %
  28       6.3658 ±    0.0916       0.01259 ±    0.00163       0.02564 ±    0.00051     4.718 ±  0.092 %    93.716 ±  0.143 %
  29       6.3353 ±    0.0896       0.01286 ±    0.00161       0.02591 ±    0.00050     4.800 ±  0.091 %    93.741 ±  0.141 %
  30       6.3050 ±    0.0875       0.01335 ±    0.00159       0.02596 ±    0.00049     4.814 ±  0.090 %    93.695 ±  0.139 %
  31       6.2290 ±    0.0848       0.01378 ±    0.00155       0.02579 ±    0.00048     4.791 ±  0.088 %    93.665 ±  0.137 %
  32       6.1214 ±    0.0819       0.01306 ±    0.00153       0.02573 ±    0.00047     4.791 ±  0.086 %    93.695 ±  0.134 %
  33       6.0832 ±    0.0800       0.01264 ±    0.00155       0.02670 ±    0.00082     4.878 ±  0.097 %    93.637 ±  0.133 %
  34       6.0803 ±    0.0787       0.01252 ±    0.00152       0.02646 ±    0.00079     4.850 ±  0.094 %    93.617 ±  0.131 %
  35       6.0964 ±    0.0778       0.01239 ±    0.00150       0.02666 ±    0.00079     4.874 ±  0.095 %    93.629 ±  0.129 %
  36       6.1127 ±    0.0770       0.01208 ±    0.00147       0.02656 ±    0.00077     4.849 ±  0.093 %    93.649 ±  0.127 %
  37       6.0234 ±    0.0746       0.01180 ±    0.00144       0.02628 ±    0.00075     4.820 ±  0.091 %    93.683 ±  0.125 %
  38       5.9583 ±    0.0725       0.01161 ±    0.00142       0.02603 ±    0.00073     4.802 ±  0.090 %    93.698 ±  0.123 %
  39       5.8877 ±    0.0705       0.01173 ±    0.00140       0.02597 ±    0.00071     4.811 ±  0.089 %    93.724 ±  0.121 %
  40       5.8102 ±    0.0684       0.01187 ±    0.00138       0.02577 ±    0.00070     4.803 ±  0.087 %    93.732 ±  0.120 %
  41       5.7655 ±    0.0668       0.01192 ±    0.00136       0.02577 ±    0.00068     4.842 ±  0.087 %    93.720 ±  0.118 %
  42       5.7998 ±    0.0665       0.01182 ±    0.00134       0.02564 ±    0.00067     4.812 ±  0.086 %    93.702 ±  0.117 %
  43       5.9356 ±    0.0678       0.01214 ±    0.00133       0.02576 ±    0.00066     4.795 ±  0.085 %    93.658 ±  0.116 %
  44       6.0444 ±    0.0687       0.01234 ±    0.00131       0.02567 ±    0.00065     4.765 ±  0.084 %    93.637 ±  0.115 %
  45       6.0225 ±    0.0676       0.01272 ±    0.00130       0.02618 ±    0.00064     4.822 ±  0.082 %    93.605 ±  0.114 %
  46       6.0383 ±    0.0671       0.01266 ±    0.00129       0.02630 ±    0.00063     4.821 ±  0.081 %    93.585 ±  0.113 %
  47       6.0687 ±    0.0667       0.01274 ±    0.00127       0.02621 ±    0.00061     4.811 ±  0.080 %    93.578 ±  0.112 %
  48       6.0810 ±    0.0661       0.01254 ±    0.00126       0.02630 ±    0.00060     4.818 ±  0.079 %    93.563 ±  0.111 %
  49       6.1277 ±    0.0660       0.01272 ±    0.00125       0.02650 ±    0.00060     4.841 ±  0.080 %    93.530 ±  0.110 %
  50       6.1052 ±    0.0651       0.01304 ±    0.00125       0.02644 ±    0.00059     4.829 ±  0.079 %    93.554 ±  0.109 %
  51       6.1436 ±    0.0649       0.01325 ±    0.00123       0.02626 ±    0.00058     4.805 ±  0.078 %    93.558 ±  0.107 %
  52       6.0955 ±    0.0637       0.01297 ±    0.00122       0.02623 ±    0.00057     4.798 ±  0.077 %    93.578 ±  0.106 %
  53       6.0796 ±    0.0628       0.01311 ±    0.00120       0.02617 ±    0.00056     4.795 ±  0.076 %    93.574 ±  0.105 %
  54       6.0600 ±    0.0620       0.01300 ±    0.00118       0.02604 ±    0.00056     4.777 ±  0.075 %    93.590 ±  0.104 %
  55       6.0205 ±    0.0609       0.01314 ±    0.00117       0.02588 ±    0.00055     4.762 ±  0.074 %    93.603 ±  0.103 %
  56       6.0087 ±    0.0602       0.01342 ±    0.00116       0.02582 ±    0.00054     4.763 ±  0.073 %    93.625 ±  0.102 %
  57       5.9563 ±    0.0590       0.01319 ±    0.00114       0.02565 ±    0.00053     4.749 ±  0.072 %    93.653 ±  0.101 %
  58       5.9473 ±    0.0583       0.01342 ±    0.00113       0.02567 ±    0.00052     4.743 ±  0.071 %    93.643 ±  0.100 %
  59       5.9241 ±    0.0576       0.01362 ±    0.00113       0.02594 ±    0.00052     4.769 ±  0.070 %    93.626 ±  0.099 %
  60       5.9202 ±    0.0571       0.01339 ±    0.00111       0.02576 ±    0.00051     4.749 ±  0.070 %    93.645 ±  0.098 %
  61       5.9392 ±    0.0569       0.01332 ±    0.00110       0.02568 ±    0.00050     4.731 ±  0.069 %    93.638 ±  0.098 %
  62       5.9726 ±    0.0568       0.01329 ±    0.00110       0.02566 ±    0.00049     4.719 ±  0.068 %    93.627 ±  0.097 %
  63       6.0111 ±    0.0568       0.01341 ±    0.00109       0.02558 ±    0.00048     4.703 ±  0.067 %    93.590 ±  0.096 %
  64       6.0449 ±    0.0568       0.01347 ±    0.00108       0.02552 ±    0.00048     4.693 ±  0.067 %    93.573 ±  0.096 %
  65       5.9985 ±    0.0558       0.01354 ±    0.00106       0.02547 ±    0.00047     4.695 ±  0.066 %    93.594 ±  0.095 %
  66       6.0202 ±    0.0556       0.01341 ±    0.00106       0.02549 ±    0.00046     4.693 ±  0.065 %    93.594 ±  0.094 %
  67       6.0099 ±    0.0551       0.01323 ±    0.00105       0.02543 ±    0.00046     4.685 ±  0.064 %    93.576 ±  0.094 %
  68       5.9919 ±    0.0544       0.01327 ±    0.00104       0.02549 ±    0.00045     4.692 ±  0.063 %    93.558 ±  0.093 %
  69       5.9845 ±    0.0539       0.01303 ±    0.00103       0.02542 ±    0.00045     4.688 ±  0.063 %    93.560 ±  0.092 %
  70       5.9801 ±    0.0535       0.01312 ±    0.00102       0.02538 ±    0.00044     4.682 ±  0.062 %    93.555 ±  0.092 %
  71       5.9565 ±    0.0529       0.01307 ±    0.00102       0.02554 ±    0.00044     4.704 ±  0.062 %    93.561 ±  0.091 %
  72       5.9591 ±    0.0525       0.01315 ±    0.00101       0.02562 ±    0.00044     4.720 ±  0.063 %    93.552 ±  0.090 %
  73       5.9864 ±    0.0525       0.01326 ±    0.00101       0.02565 ±    0.00043     4.715 ±  0.062 %    93.544 ±  0.090 %
  74       6.0158 ±    0.0525       0.01343 ±    0.00100       0.02562 ±    0.00043     4.707 ±  0.062 %    93.539 ±  0.089 %
  75       6.0042 ±    0.0520       0.01341 ±    0.00099       0.02548 ±    0.00042     4.690 ±  0.061 %    93.537 ±  0.089 %
  76       6.0261 ±    0.0518       0.01328 ±    0.00098       0.02542 ±    0.00042     4.680 ±  0.061 %    93.539 ±  0.088 %
  77       6.0230 ±    0.0514       0.01354 ±    0.00098       0.02537 ±    0.00041     4.674 ±  0.060 %    93.548 ±  0.088 %
  78       6.0137 ±    0.0509       0.01329 ±    0.00097       0.02539 ±    0.00041     4.670 ±  0.059 %    93.557 ±  0.087 %
  79       6.0421 ±    0.0510       0.01345 ±    0.00096       0.02537 ±    0.00040     4.661 ±  0.059 %    93.563 ±  0.086 %
  80       6.0019 ±    0.0502       0.01337 ±    0.00096       0.02572 ±    0.00040     4.725 ±  0.059 %    93.534 ±  0.086 %
  81       6.0128 ±    0.0500       0.01363 ±    0.00096       0.02596 ±    0.00040     4.733 ±  0.058 %    93.495 ±  0.086 %
  82       5.9895 ±    0.0495       0.01405 ±    0.00096       0.02614 ±    0.00040     4.780 ±  0.060 %    93.496 ±  0.085 %
  83       5.9840 ±    0.0491       0.01419 ±    0.00095       0.02613 ±    0.00040     4.792 ±  0.060 %    93.491 ±  0.085 %
  84       5.9679 ±    0.0487       0.01436 ±    0.00094       0.02609 ±    0.00039     4.792 ±  0.059 %    93.490 ±  0.084 %
  85       5.9516 ±    0.0482       0.01425 ±    0.00094       0.02602 ±    0.00039     4.793 ±  0.059 %    93.492 ±  0.084 %
  86       5.9655 ±    0.0481       0.01419 ±    0.00093       0.02598 ±    0.00038     4.789 ±  0.058 %    93.473 ±  0.083 %
  87       5.9459 ±    0.0476       0.01405 ±    0.00092       0.02589 ±    0.00038     4.782 ±  0.058 %    93.471 ±  0.083 %
  88       5.9413 ±    0.0473       0.01420 ±    0.00092       0.02584 ±    0.00038     4.784 ±  0.057 %    93.454 ±  0.082 %
  89       5.9605 ±    0.0472       0.01414 ±    0.00091       0.02587 ±    0.00037     4.780 ±  0.057 %    93.442 ±  0.082 %
  90       5.9695 ±    0.0470       0.01445 ±    0.00091       0.02587 ±    0.00037     4.784 ±  0.057 %    93.434 ±  0.082 %
  91       6.0188 ±    0.0472       0.01451 ±    0.00091       0.02595 ±    0.00037     4.786 ±  0.057 %    93.400 ±  0.081 %
  92       6.0568 ±    0.0474       0.01432 ±    0.00090       0.02595 ±    0.00037     4.779 ±  0.056 %    93.406 ±  0.081 %
  93       6.0886 ±    0.0474       0.01454 ±    0.00090       0.02600 ±    0.00036     4.769 ±  0.056 %    93.376 ±  0.081 %
  94       6.1134 ±    0.0474       0.01462 ±    0.00089       0.02597 ±    0.00036     4.758 ±  0.055 %    93.364 ±  0.080 %
  95       6.1479 ±    0.0475       0.01473 ±    0.00089       0.02596 ±    0.00036     4.748 ±  0.055 %    93.353 ±  0.080 %
  96       6.1902 ±    0.0476       0.01466 ±    0.00088       0.02595 ±    0.00035     4.738 ±  0.055 %    93.350 ±  0.080 %
  97       6.2414 ±    0.0479       0.01451 ±    0.00088       0.02606 ±    0.00035     4.739 ±  0.054 %    93.328 ±  0.079 %
  98       6.2353 ±    0.0476       0.01456 ±    0.00087       0.02606 ±    0.00035     4.738 ±  0.054 %    93.330 ±  0.079 %
  99       6.2445 ±    0.0474       0.01473 ±    0.00087       0.02603 ±    0.00035     4.729 ±  0.054 %    93.335 ±  0.078 %
 100       6.2540 ±    0.0473       0.01487 ±    0.00087       0.02610 ±    0.00034     4.739 ±  0.054 %    93.314 ±  0.078 %
 101       6.2299 ±    0.0468       0.01490 ±    0.00086       0.02628 ±    0.00034     4.765 ±  0.053 %    93.296 ±  0.078 %
 102       6.2330 ±    0.0466       0.01478 ±    0.00086       0.02633 ±    0.00034     4.768 ±  0.053 %    93.285 ±  0.077 %
 103       6.2320 ±    0.0464       0.01473 ±    0.00086       0.02642 ±    0.00034     4.772 ±  0.053 %    93.261 ±  0.077 %
 104       6.2309 ±    0.0461       0.01464 ±    0.00086       0.02680 ±    0.00034     4.798 ±  0.052 %    93.230 ±  0.077 %
 105       6.2243 ±    0.0458       0.01470 ±    0.00086       0.02691 ±    0.00033     4.806 ±  0.052 %    93.221 ±  0.077 %
 106       6.2077 ±    0.0455       0.01478 ±    0.00086       0.02713 ±    0.00033     4.829 ±  0.052 %    93.204 ±  0.076 %
 107       6.2219 ±    0.0454       0.01498 ±    0.00085       0.02728 ±    0.00036     4.830 ±  0.052 %    93.199 ±  0.076 %
 108       6.2150 ±    0.0451       0.01510 ±    0.00085       0.02728 ±    0.00036     4.836 ±  0.052 %    93.207 ±  0.076 %
 109       6.2200 ±    0.0450       0.01499 ±    0.00084       0.02724 ±    0.00035     4.834 ±  0.051 %    93.217 ±  0.075 %
 110       6.2212 ±    0.0448       0.01522 ±    0.00084       0.02727 ±    0.00035     4.838 ±  0.051 %    93.227 ±  0.075 %
 111       6.2061 ±    0.0444       0.01516 ±    0.00084       0.02741 ±    0.00038     4.847 ±  0.052 %    93.229 ±  0.075 %
 112       6.1926 ±    0.0441       0.01517 ±    0.00084       0.02735 ±    0.00037     4.842 ±  0.051 %    93.244 ±  0.074 %
 113       6.1689 ±    0.0437       0.01512 ±    0.00083       0.02734 ±    0.00037     4.848 ±  0.051 %    93.245 ±  0.074 %
 114       6.1972 ±    0.0438       0.01519 ±    0.00083       0.02731 ±    0.00037     4.842 ±  0.051 %    93.245 ±  0.073 %
 115       6.2009 ±    0.0436       0.01489 ±    0.00082       0.02731 ±    0.00036     4.837 ±  0.051 %    93.246 ±  0.073 %
 116       6.2105 ±    0.0435       0.01487 ±    0.00082       0.02730 ±    0.00036     4.829 ±  0.050 %    93.259 ±  0.073 %
 117       6.2197 ±    0.0434       0.01483 ±    0.00082       0.02737 ±    0.00036     4.830 ±  0.050 %    93.240 ±  0.073 %
 118       6.2168 ±    0.0432       0.01499 ±    0.00081       0.02760 ±    0.00036     4.861 ±  0.051 %    93.225 ±  0.072 %
 119       6.1984 ±    0.0429       0.01517 ±    0.00082       0.02781 ±    0.00038     4.884 ±  0.051 %    93.222 ±  0.072 %
 120       6.2063 ±    0.0428       0.01532 ±    0.00082       0.02776 ±    0.00038     4.880 ±  0.051 %    93.223 ±  0.072 %
 121       6.2031 ±    0.0426       0.01529 ±    0.00081       0.02765 ±    0.00037     4.869 ±  0.051 %    93.243 ±  0.071 %
 122       6.1978 ±    0.0424       0.01527 ±    0.00081       0.02758 ±    0.00037     4.863 ±  0.051 %    93.254 ±  0.071 %
 123       6.1883 ±    0.0422       0.01520 ±    0.00080       0.02748 ±    0.00037     4.855 ±  0.050 %    93.262 ±  0.071 %
 124       6.1845 ±    0.0420       0.01521 ±    0.00080       0.02740 ±    0.00037     4.846 ±  0.050 %    93.271 ±  0.070 %
 125       6.2003 ±    0.0420       0.01534 ±    0.00079       0.02742 ±    0.00036     4.844 ±  0.050 %    93.270 ±  0.070 %
 126       6.1956 ±    0.0418       0.01535 ±    0.00079       0.02734 ±    0.00036     4.838 ±  0.049 %    93.293 ±  0.070 %
 127       6.2073 ±    0.0417       0.01547 ±    0.00078       0.02727 ±    0.00036     4.828 ±  0.049 %    93.293 ±  0.069 %
 128       6.1967 ±    0.0415       0.01546 ±    0.00078       0.02727 ±    0.00035     4.830 ±  0.049 %    93.298 ±  0.069 %
 129       6.1952 ±    0.0413       0.01549 ±    0.00078       0.02722 ±    0.00035     4.823 ±  0.049 %    93.309 ±  0.069 %
 130       6.1839 ±    0.0410       0.01540 ±    0.00078       0.02719 ±    0.00035     4.822 ±  0.048 %    93.320 ±  0.068 %
 131       6.1888 ±    0.0409       0.01526 ±    0.00077       0.02714 ±    0.00035     4.815 ±  0.048 %    93.319 ±  0.068 %
 132       6.1905 ±    0.0408       0.01526 ±    0.00077       0.02727 ±    0.00035     4.822 ±  0.048 %    93.308 ±  0.068 %
 133       6.2021 ±    0.0407       0.01553 ±    0.00077       0.02742 ±    0.00035     4.838 ±  0.049 %    93.288 ±  0.068 %
 134       6.2153 ±    0.0407       0.01558 ±    0.00077       0.02745 ±    0.00035     4.840 ±  0.048 %    93.298 ±  0.068 %
 135       6.2106 ±    0.0405       0.01547 ±    0.00077       0.02742 ±    0.00035     4.836 ±  0.048 %    93.296 ±  0.067 %
 136       6.1897 ±    0.0402       0.01537 ±    0.00076       0.02738 ±    0.00035     4.835 ±  0.048 %    93.305 ±  0.067 %
 137       6.1586 ±    0.0398       0.01527 ±    0.00076       0.02734 ±    0.00034     4.832 ±  0.048 %    93.311 ±  0.067 %
 138       6.1668 ±    0.0397       0.01542 ±    0.00075       0.02736 ±    0.00034     4.832 ±  0.048 %    93.302 ±  0.067 %
 139       6.1819 ±    0.0397       0.01540 ±    0.00075       0.02731 ±    0.00034     4.825 ±  0.047 %    93.311 ±  0.066 %
 140       6.2086 ±    0.0398       0.01541 ±    0.00075       0.02727 ±    0.00034     4.816 ±  0.047 %    93.314 ±  0.066 %
 141       6.1948 ±    0.0395       0.01535 ±    0.00075       0.02738 ±    0.00034     4.836 ±  0.047 %    93.309 ±  0.066 %
 142       6.1963 ±    0.0394       0.01534 ±    0.00074       0.02741 ±    0.00033     4.836 ±  0.047 %    93.307 ±  0.066 %
 143       6.1972 ±    0.0393       0.01537 ±    0.00074       0.02736 ±    0.00033     4.832 ±  0.047 %    93.310 ±  0.065 %
 144       6.2088 ±    0.0392       0.01535 ±    0.00074       0.02734 ±    0.00033     4.825 ±  0.046 %    93.299 ±  0.065 %
 145       6.2010 ±    0.0390       0.01526 ±    0.00074       0.02738 ±    0.00033     4.834 ±  0.046 %    93.302 ±  0.065 %

====== Perplexity statistics ======
Mean PPL(Q)                   :   6.201039 ±   0.039035
Mean PPL(base)                :   6.107128 ±   0.038226
Cor(ln(PPL(Q)), ln(PPL(base))):  99.32%
Mean ln(PPL(Q)/PPL(base))     :   0.015260 ±   0.000735
Mean PPL(Q)/PPL(base)         :   1.015377 ±   0.000746
Mean PPL(Q)-PPL(base)         :   0.093911 ±   0.004590

====== KL divergence statistics ======
Mean    KLD:   0.027381 ±   0.000331
Maximum KLD:  21.591734
99.9%   KLD:   1.088601
99.0%   KLD:   0.255465
95.0%   KLD:   0.092638
90.0%   KLD:   0.057249
Median  KLD:   0.010202
10.0%   KLD:   0.000193
 5.0%   KLD:   0.000050
 1.0%   KLD:   0.000006
 0.1%   KLD:  -0.000000
Minimum KLD:  -0.000067

====== Token probability statistics ======
Mean    Δp: -0.258 ± 0.013 %
Maximum Δp: 99.960%
99.9%   Δp: 32.249%
99.0%   Δp: 12.847%
95.0%   Δp:  5.320%
90.0%   Δp:  2.939%
75.0%   Δp:  0.546%
Median  Δp: -0.004%
25.0%   Δp: -0.830%
10.0%   Δp: -3.641%
 5.0%   Δp: -6.512%
 1.0%   Δp: -15.706%
 0.1%   Δp: -39.236%
Minimum Δp: -98.392%
RMS Δp    :  4.834 ± 0.046 %
Same top p: 93.302 ± 0.065 %

------------------------------
llama-perplexity --kl-divergence-base /tmp/logits.dat --ctx-size 2048 -f sample-data/wiki.test.raw -hf byteshape/Qwen3.6-35B-A3B-MTP-GGUF:Qwen3.6-35B-A3B-IQ4_XS-3.97bpw -fa on -ngl 99 --cpu-moe -ctk turbo3 -ctv turbo2 --kl-divergence
0.00.609.791 I common_init_result: fitting params to device memory ...
0.00.609.795 I common_init_result: (for bugs during this step try to reproduce them with -fit off, or provide --verbose logs if the bug only occurs with -fit on)
0.02.904.624 W llama_model_loader: tensor overrides to CPU are used with mmap enabled - consider using --no-mmap for better performance
0.05.621.755 W llama_context: n_ctx_seq (2048) < n_ctx_train (262144) -- the full capacity of the model will not be utilized
0.05.651.787 I common_init_from_params: warming up the model with an empty run - please wait ... (--no-warmup to disable)
0.05.738.314 I 
0.05.738.403 I system_info: n_threads = 16 (n_threads_batch = 16) / 32 | CUDA : ARCHS = 500,610,700,750,800,860,890,900 | USE_GRAPHS = 1 | PEER_MAX_BATCH_SIZE = 128 | CPU : SSE3 = 1 | SSSE3 = 1 | AVX = 1 | AVX2 = 1 | F16C = 1 | FMA = 1 | BMI2 = 1 | LLAMAFILE = 1 | OPENMP = 1 | REPACK = 1 | 
0.05.981.557 I kl_divergence: computing over 145 chunks, n_ctx=2048, batch_size=2048, n_seq=1
0.11.162.948 I kl_divergence: 5.18 seconds per pass - ETA 12.52 minutes

chunk             PPL               ln(PPL(Q)/PPL(base))          KL Divergence              Δp RMS            Same top p
   1       4.8121 ±    0.3455       0.01162 ±    0.00985       0.03048 ±    0.00269     6.189 ±  0.466 %    93.744 ±  0.758 %
   2       6.0561 ±    0.3204       0.01264 ±    0.00714       0.03153 ±    0.00240     5.810 ±  0.449 %    92.815 ±  0.571 %
   3       6.4428 ±    0.2814       0.01841 ±    0.00585       0.02922 ±    0.00175     5.518 ±  0.362 %    92.962 ±  0.462 %
   4       6.4738 ±    0.2471       0.01835 ±    0.00471       0.02786 ±    0.00154     5.234 ±  0.294 %    93.280 ±  0.391 %
   5       6.3773 ±    0.2194       0.01736 ±    0.00405       0.02704 ±    0.00127     5.092 ±  0.248 %    93.607 ±  0.342 %
   6       5.5163 ±    0.1684       0.01644 ±    0.00367       0.02752 ±    0.00118     5.219 ±  0.225 %    93.662 ±  0.311 %
   7       5.0328 ±    0.1383       0.01918 ±    0.00336       0.02747 ±    0.00106     5.328 ±  0.208 %    93.702 ±  0.287 %
   8       5.0419 ±    0.1295       0.01869 ±    0.00328       0.02834 ±    0.00096     5.380 ±  0.191 %    93.585 ±  0.271 %
   9       5.3028 ±    0.1291       0.01712 ±    0.00309       0.02904 ±    0.00088     5.303 ±  0.179 %    93.309 ±  0.260 %
  10       5.4327 ±    0.1271       0.01713 ±    0.00289       0.02865 ±    0.00083     5.292 ±  0.173 %    93.372 ±  0.246 %
  11       5.5237 ±    0.1232       0.01628 ±    0.00270       0.02784 ±    0.00076     5.211 ±  0.161 %    93.371 ±  0.235 %
  12       5.7604 ±    0.1243       0.01595 ±    0.00256       0.02763 ±    0.00078     5.101 ±  0.153 %    93.263 ±  0.226 %
  13       5.8114 ±    0.1205       0.01435 ±    0.00247       0.02785 ±    0.00075     5.123 ±  0.154 %    93.315 ±  0.217 %
  14       5.9124 ±    0.1185       0.01493 ±    0.00237       0.02790 ±    0.00071     5.073 ±  0.146 %    93.311 ±  0.209 %
  15       5.9857 ±    0.1162       0.01465 ±    0.00231       0.02817 ±    0.00068     5.083 ±  0.139 %    93.164 ±  0.204 %
  16       6.1628 ±    0.1165       0.01412 ±    0.00223       0.02795 ±    0.00064     5.038 ±  0.133 %    93.066 ±  0.199 %
  17       6.2268 ±    0.1140       0.01431 ±    0.00220       0.02780 ±    0.00063     4.982 ±  0.127 %    93.134 ±  0.192 %
  18       6.3262 ±    0.1128       0.01363 ±    0.00213       0.02768 ±    0.00060     4.931 ±  0.122 %    93.103 ±  0.187 %
  19       6.2753 ±    0.1092       0.01392 ±    0.00206       0.02715 ±    0.00058     4.878 ±  0.117 %    93.214 ±  0.180 %
  20       5.9984 ±    0.1012       0.01458 ±    0.00206       0.02870 ±    0.00066     5.108 ±  0.114 %    93.289 ±  0.175 %
  21       6.0218 ±    0.0991       0.01503 ±    0.00201       0.02881 ±    0.00064     5.077 ±  0.110 %    93.306 ±  0.171 %
  22       6.0461 ±    0.0972       0.01378 ±    0.00195       0.02866 ±    0.00061     5.030 ±  0.106 %    93.335 ±  0.166 %
  23       6.0983 ±    0.0960       0.01364 ±    0.00191       0.02869 ±    0.00059     5.002 ±  0.103 %    93.268 ±  0.163 %
  24       6.1131 ±    0.0941       0.01366 ±    0.00185       0.02864 ±    0.00057     4.979 ±  0.100 %    93.271 ±  0.160 %
  25       6.1628 ±    0.0932       0.01387 ±    0.00181       0.02850 ±    0.00055     4.955 ±  0.100 %    93.259 ±  0.157 %
  26       6.1534 ±    0.0912       0.01497 ±    0.00178       0.02852 ±    0.00054     4.962 ±  0.098 %    93.259 ±  0.154 %
  27       6.3008 ±    0.0921       0.01525 ±    0.00173       0.02823 ±    0.00052     4.914 ±  0.096 %    93.219 ±  0.151 %
  28       6.3803 ±    0.0919       0.01486 ±    0.00169       0.02821 ±    0.00051     4.879 ±  0.094 %    93.217 ±  0.149 %
  29       6.3472 ±    0.0898       0.01474 ±    0.00167       0.02844 ±    0.00050     4.939 ±  0.092 %    93.215 ±  0.146 %
  30       6.3149 ±    0.0877       0.01492 ±    0.00169       0.02892 ±    0.00059     4.987 ±  0.096 %    93.190 ±  0.144 %
  31       6.2384 ±    0.0850       0.01528 ±    0.00165       0.02879 ±    0.00057     4.977 ±  0.094 %    93.157 ±  0.142 %
  32       6.1347 ±    0.0821       0.01523 ±    0.00162       0.02866 ±    0.00056     4.983 ±  0.092 %    93.209 ±  0.139 %
  33       6.0971 ±    0.0803       0.01492 ±    0.00163       0.02974 ±    0.00095     5.058 ±  0.099 %    93.196 ±  0.137 %
  34       6.0937 ±    0.0789       0.01471 ±    0.00160       0.02952 ±    0.00092     5.030 ±  0.097 %    93.186 ±  0.135 %
  35       6.1086 ±    0.0780       0.01439 ±    0.00157       0.02972 ±    0.00091     5.032 ±  0.096 %    93.233 ±  0.133 %
  36       6.1269 ±    0.0773       0.01439 ±    0.00155       0.02967 ±    0.00089     5.015 ±  0.094 %    93.244 ±  0.131 %
  37       6.0373 ±    0.0748       0.01409 ±    0.00152       0.02934 ±    0.00086     4.989 ±  0.092 %    93.276 ±  0.129 %
  38       5.9721 ±    0.0728       0.01392 ±    0.00149       0.02910 ±    0.00084     4.989 ±  0.090 %    93.278 ±  0.127 %
  39       5.8993 ±    0.0707       0.01370 ±    0.00146       0.02890 ±    0.00082     4.978 ±  0.088 %    93.305 ±  0.125 %
  40       5.8225 ±    0.0686       0.01399 ±    0.00144       0.02872 ±    0.00080     4.978 ±  0.086 %    93.328 ±  0.123 %
  41       5.7782 ±    0.0670       0.01412 ±    0.00143       0.02873 ±    0.00078     5.028 ±  0.086 %    93.322 ±  0.122 %
  42       5.8128 ±    0.0668       0.01406 ±    0.00140       0.02849 ±    0.00077     4.990 ±  0.085 %    93.323 ±  0.120 %
  43       5.9503 ±    0.0681       0.01462 ±    0.00140       0.02877 ±    0.00077     5.000 ±  0.087 %    93.269 ±  0.119 %
  44       6.0582 ±    0.0689       0.01463 ±    0.00138       0.02867 ±    0.00076     4.968 ±  0.085 %    93.242 ±  0.118 %
  45       6.0356 ±    0.0678       0.01488 ±    0.00137       0.02926 ±    0.00074     5.029 ±  0.083 %    93.205 ±  0.117 %
  46       6.0508 ±    0.0673       0.01472 ±    0.00136       0.02942 ±    0.00073     5.041 ±  0.083 %    93.166 ±  0.116 %
  47       6.0815 ±    0.0669       0.01484 ±    0.00134       0.02933 ±    0.00072     5.027 ±  0.081 %    93.184 ±  0.115 %
  48       6.0934 ±    0.0663       0.01459 ±    0.00133       0.02939 ±    0.00071     5.028 ±  0.080 %    93.155 ±  0.114 %
  49       6.1413 ±    0.0663       0.01494 ±    0.00132       0.02960 ±    0.00070     5.038 ±  0.081 %    93.106 ±  0.113 %
  50       6.1173 ±    0.0653       0.01502 ±    0.00131       0.02957 ±    0.00069     5.025 ±  0.080 %    93.136 ±  0.112 %
  51       6.1557 ±    0.0651       0.01523 ±    0.00129       0.02941 ±    0.00068     5.006 ±  0.079 %    93.138 ±  0.111 %
  52       6.1100 ±    0.0639       0.01534 ±    0.00128       0.02934 ±    0.00067     5.006 ±  0.078 %    93.161 ±  0.109 %
  53       6.0937 ±    0.0630       0.01543 ±    0.00127       0.02929 ±    0.00066     4.993 ±  0.077 %    93.154 ±  0.108 %
  54       6.0741 ±    0.0622       0.01533 ±    0.00125       0.02908 ±    0.00065     4.976 ±  0.076 %    93.181 ±  0.107 %
  55       6.0347 ±    0.0611       0.01550 ±    0.00123       0.02891 ±    0.00064     4.957 ±  0.075 %    93.200 ±  0.106 %
  56       6.0202 ±    0.0603       0.01533 ±    0.00122       0.02889 ±    0.00063     4.978 ±  0.075 %    93.211 ±  0.105 %
  57       5.9678 ±    0.0591       0.01513 ±    0.00120       0.02876 ±    0.00062     4.967 ±  0.074 %    93.231 ±  0.104 %
  58       5.9594 ±    0.0585       0.01545 ±    0.00119       0.02878 ±    0.00061     4.964 ±  0.073 %    93.226 ±  0.103 %
  59       5.9364 ±    0.0577       0.01568 ±    0.00119       0.02904 ±    0.00060     5.006 ±  0.073 %    93.225 ±  0.102 %
  60       5.9320 ±    0.0573       0.01538 ±    0.00117       0.02885 ±    0.00059     4.985 ±  0.072 %    93.237 ±  0.101 %
  61       5.9521 ±    0.0571       0.01548 ±    0.00116       0.02876 ±    0.00058     4.969 ±  0.071 %    93.231 ±  0.101 %
  62       5.9854 ±    0.0570       0.01544 ±    0.00115       0.02871 ±    0.00057     4.952 ±  0.070 %    93.217 ±  0.100 %
  63       6.0243 ±    0.0570       0.01561 ±    0.00114       0.02866 ±    0.00057     4.944 ±  0.069 %    93.205 ±  0.099 %
  64       6.0574 ±    0.0569       0.01555 ±    0.00113       0.02859 ±    0.00056     4.931 ±  0.069 %    93.200 ±  0.098 %
  65       6.0103 ±    0.0559       0.01551 ±    0.00112       0.02852 ±    0.00055     4.940 ±  0.068 %    93.246 ±  0.097 %
  66       6.0317 ±    0.0558       0.01532 ±    0.00111       0.02851 ±    0.00054     4.932 ±  0.067 %    93.248 ±  0.097 %
  67       6.0225 ±    0.0552       0.01532 ±    0.00110       0.02849 ±    0.00053     4.926 ±  0.067 %    93.230 ±  0.096 %
  68       6.0042 ±    0.0546       0.01532 ±    0.00110       0.02854 ±    0.00053     4.927 ±  0.066 %    93.219 ±  0.095 %
  69       5.9967 ±    0.0541       0.01507 ±    0.00109       0.02844 ±    0.00052     4.920 ±  0.065 %    93.204 ±  0.095 %
  70       5.9934 ±    0.0537       0.01534 ±    0.00108       0.02838 ±    0.00051     4.910 ±  0.065 %    93.201 ±  0.094 %
  71       5.9702 ±    0.0530       0.01535 ±    0.00107       0.02854 ±    0.00051     4.936 ±  0.064 %    93.190 ±  0.093 %
  72       5.9721 ±    0.0527       0.01533 ±    0.00107       0.02862 ±    0.00050     4.941 ±  0.064 %    93.183 ±  0.093 %
  73       5.9993 ±    0.0527       0.01543 ±    0.00106       0.02863 ±    0.00050     4.931 ±  0.063 %    93.173 ±  0.092 %
  74       6.0293 ±    0.0526       0.01566 ±    0.00106       0.02860 ±    0.00049     4.919 ±  0.063 %    93.148 ±  0.092 %
  75       6.0176 ±    0.0521       0.01564 ±    0.00105       0.02844 ±    0.00048     4.902 ±  0.062 %    93.155 ±  0.091 %
  76       6.0397 ±    0.0520       0.01554 ±    0.00104       0.02838 ±    0.00048     4.893 ±  0.062 %    93.155 ±  0.091 %
  77       6.0365 ±    0.0516       0.01578 ±    0.00103       0.02835 ±    0.00047     4.892 ±  0.061 %    93.154 ±  0.090 %
  78       6.0276 ±    0.0511       0.01561 ±    0.00102       0.02835 ±    0.00047     4.891 ±  0.060 %    93.154 ±  0.089 %
  79       6.0559 ±    0.0511       0.01574 ±    0.00102       0.02829 ±    0.00046     4.879 ±  0.060 %    93.165 ±  0.089 %
  80       6.0153 ±    0.0504       0.01560 ±    0.00102       0.02868 ±    0.00046     4.952 ±  0.060 %    93.127 ±  0.088 %
  81       6.0280 ±    0.0502       0.01616 ±    0.00102       0.02904 ±    0.00046     4.967 ±  0.059 %    93.073 ±  0.088 %
  82       6.0043 ±    0.0497       0.01653 ±    0.00101       0.02912 ±    0.00046     4.993 ±  0.060 %    93.080 ±  0.088 %
  83       5.9988 ±    0.0493       0.01667 ±    0.00100       0.02910 ±    0.00045     4.997 ±  0.060 %    93.071 ±  0.087 %
  84       5.9817 ±    0.0488       0.01667 ±    0.00100       0.02905 ±    0.00045     4.998 ±  0.059 %    93.062 ±  0.087 %
  85       5.9653 ±    0.0484       0.01656 ±    0.00099       0.02895 ±    0.00044     4.994 ±  0.059 %    93.069 ±  0.086 %
  86       5.9794 ±    0.0482       0.01651 ±    0.00098       0.02889 ±    0.00044     4.985 ±  0.059 %    93.058 ±  0.086 %
  87       5.9608 ±    0.0478       0.01655 ±    0.00098       0.02882 ±    0.00043     4.984 ±  0.058 %    93.046 ±  0.085 %
  88       5.9563 ±    0.0474       0.01671 ±    0.00097       0.02879 ±    0.00043     4.988 ±  0.058 %    93.037 ±  0.085 %
  89       5.9751 ±    0.0474       0.01659 ±    0.00097       0.02880 ±    0.00043     4.988 ±  0.058 %    93.029 ±  0.084 %
  90       5.9839 ±    0.0472       0.01686 ±    0.00096       0.02885 ±    0.00042     4.993 ±  0.057 %    93.022 ±  0.084 %
  91       6.0336 ±    0.0474       0.01696 ±    0.00096       0.02899 ±    0.00042     4.999 ±  0.058 %    92.976 ±  0.084 %
  92       6.0729 ±    0.0475       0.01698 ±    0.00096       0.02901 ±    0.00042     4.998 ±  0.057 %    92.976 ±  0.083 %
  93       6.1034 ±    0.0476       0.01698 ±    0.00095       0.02902 ±    0.00042     4.989 ±  0.057 %    92.948 ±  0.083 %
  94       6.1285 ±    0.0476       0.01710 ±    0.00095       0.02902 ±    0.00041     4.978 ±  0.056 %    92.933 ±  0.083 %
  95       6.1628 ±    0.0476       0.01715 ±    0.00094       0.02899 ±    0.00041     4.966 ±  0.056 %    92.930 ±  0.082 %
  96       6.2060 ±    0.0478       0.01721 ±    0.00093       0.02896 ±    0.00040     4.954 ±  0.056 %    92.934 ±  0.082 %
  97       6.2599 ±    0.0481       0.01749 ±    0.00094       0.02922 ±    0.00043     4.959 ±  0.056 %    92.924 ±  0.081 %
  98       6.2541 ±    0.0478       0.01756 ±    0.00093       0.02922 ±    0.00042     4.957 ±  0.056 %    92.915 ±  0.081 %
  99       6.2631 ±    0.0477       0.01771 ±    0.00092       0.02919 ±    0.00042     4.948 ±  0.055 %    92.913 ±  0.081 %
 100       6.2718 ±    0.0475       0.01772 ±    0.00092       0.02926 ±    0.00042     4.957 ±  0.055 %    92.888 ±  0.080 %
 101       6.2473 ±    0.0470       0.01768 ±    0.00092       0.02943 ±    0.00041     4.982 ±  0.054 %    92.868 ±  0.080 %
 102       6.2508 ±    0.0468       0.01763 ±    0.00091       0.02945 ±    0.00041     4.975 ±  0.054 %    92.861 ±  0.080 %
 103       6.2498 ±    0.0466       0.01758 ±    0.00091       0.02953 ±    0.00041     4.980 ±  0.054 %    92.839 ±  0.079 %
 104       6.2488 ±    0.0463       0.01751 ±    0.00091       0.02991 ±    0.00040     5.007 ±  0.053 %    92.811 ±  0.079 %
 105       6.2412 ±    0.0460       0.01742 ±    0.00090       0.03000 ±    0.00040     5.018 ±  0.053 %    92.803 ±  0.079 %
 106       6.2240 ±    0.0457       0.01741 ±    0.00091       0.03022 ±    0.00040     5.044 ±  0.052 %    92.800 ±  0.078 %
 107       6.2376 ±    0.0456       0.01750 ±    0.00090       0.03032 ±    0.00042     5.046 ±  0.052 %    92.816 ±  0.078 %
 108       6.2307 ±    0.0453       0.01762 ±    0.00090       0.03029 ±    0.00041     5.045 ±  0.052 %    92.827 ±  0.078 %
 109       6.2358 ±    0.0451       0.01754 ±    0.00089       0.03022 ±    0.00041     5.038 ±  0.052 %    92.841 ±  0.077 %
 110       6.2360 ±    0.0450       0.01759 ±    0.00089       0.03023 ±    0.00041     5.042 ±  0.052 %    92.857 ±  0.077 %
 111       6.2209 ±    0.0446       0.01753 ±    0.00088       0.03030 ±    0.00041     5.043 ±  0.052 %    92.850 ±  0.076 %
 112       6.2075 ±    0.0443       0.01757 ±    0.00088       0.03023 ±    0.00041     5.039 ±  0.051 %    92.875 ±  0.076 %
 113       6.1846 ±    0.0439       0.01765 ±    0.00088       0.03023 ±    0.00040     5.050 ±  0.051 %    92.868 ±  0.076 %
 114       6.2140 ±    0.0440       0.01789 ±    0.00087       0.03022 ±    0.00040     5.048 ±  0.051 %    92.868 ±  0.075 %
 115       6.2177 ±    0.0438       0.01761 ±    0.00087       0.03022 ±    0.00040     5.043 ±  0.051 %    92.878 ±  0.075 %
 116       6.2270 ±    0.0437       0.01752 ±    0.00086       0.03022 ±    0.00039     5.037 ±  0.050 %    92.886 ±  0.075 %
 117       6.2364 ±    0.0436       0.01752 ±    0.00086       0.03028 ±    0.00039     5.040 ±  0.050 %    92.857 ±  0.074 %
 118       6.2334 ±    0.0434       0.01766 ±    0.00086       0.03038 ±    0.00040     5.040 ±  0.050 %    92.850 ±  0.074 %
 119       6.2155 ±    0.0431       0.01791 ±    0.00086       0.03051 ±    0.00040     5.055 ±  0.050 %    92.847 ±  0.074 %
 120       6.2230 ±    0.0430       0.01801 ±    0.00086       0.03048 ±    0.00040     5.054 ±  0.050 %    92.846 ±  0.074 %
 121       6.2200 ±    0.0428       0.01802 ±    0.00085       0.03036 ±    0.00040     5.044 ±  0.050 %    92.858 ±  0.073 %
 122       6.2159 ±    0.0426       0.01820 ±    0.00085       0.03034 ±    0.00039     5.050 ±  0.050 %    92.861 ±  0.073 %
 123       6.2064 ±    0.0423       0.01811 ±    0.00084       0.03024 ±    0.00039     5.045 ±  0.050 %    92.870 ±  0.073 %
 124       6.2020 ±    0.0422       0.01803 ±    0.00084       0.03016 ±    0.00039     5.039 ±  0.049 %    92.874 ±  0.072 %
 125       6.2178 ±    0.0421       0.01816 ±    0.00083       0.03020 ±    0.00039     5.042 ±  0.049 %    92.873 ±  0.072 %
 126       6.2127 ±    0.0420       0.01811 ±    0.00083       0.03009 ±    0.00038     5.031 ±  0.049 %    92.891 ±  0.072 %
 127       6.2237 ±    0.0419       0.01810 ±    0.00082       0.03000 ±    0.00038     5.020 ±  0.049 %    92.891 ±  0.071 %
 128       6.2130 ±    0.0416       0.01809 ±    0.00082       0.03005 ±    0.00038     5.026 ±  0.049 %    92.891 ±  0.071 %
 129       6.2116 ±    0.0414       0.01814 ±    0.00082       0.03001 ±    0.00038     5.021 ±  0.048 %    92.891 ±  0.071 %
 130       6.2007 ±    0.0412       0.01811 ±    0.00081       0.02997 ±    0.00037     5.018 ±  0.048 %    92.901 ±  0.070 %
 131       6.2059 ±    0.0411       0.01803 ±    0.00081       0.02990 ±    0.00037     5.011 ±  0.048 %    92.909 ±  0.070 %
 132       6.2077 ±    0.0409       0.01804 ±    0.00081       0.02995 ±    0.00037     5.017 ±  0.048 %    92.900 ±  0.070 %
 133       6.2185 ±    0.0409       0.01818 ±    0.00081       0.03001 ±    0.00037     5.023 ±  0.048 %    92.877 ±  0.070 %
 134       6.2318 ±    0.0409       0.01823 ±    0.00080       0.03003 ±    0.00036     5.022 ±  0.048 %    92.877 ±  0.069 %
 135       6.2268 ±    0.0407       0.01808 ±    0.00080       0.03001 ±    0.00036     5.018 ±  0.047 %    92.876 ±  0.069 %
 136       6.2065 ±    0.0404       0.01807 ±    0.00079       0.02995 ±    0.00036     5.011 ±  0.047 %    92.884 ±  0.069 %
 137       6.1753 ±    0.0400       0.01798 ±    0.00079       0.02991 ±    0.00036     5.011 ±  0.047 %    92.896 ±  0.069 %
 138       6.1824 ±    0.0399       0.01795 ±    0.00079       0.02996 ±    0.00036     5.013 ±  0.047 %    92.896 ±  0.068 %
 139       6.1974 ±    0.0399       0.01791 ±    0.00078       0.02992 ±    0.00035     5.007 ±  0.046 %    92.901 ±  0.068 %
 140       6.2242 ±    0.0399       0.01793 ±    0.00078       0.02987 ±    0.00035     4.998 ±  0.046 %    92.900 ±  0.068 %
 141       6.2110 ±    0.0397       0.01796 ±    0.00078       0.02997 ±    0.00035     5.014 ±  0.046 %    92.895 ±  0.068 %
 142       6.2126 ±    0.0395       0.01797 ±    0.00078       0.03001 ±    0.00035     5.015 ±  0.046 %    92.891 ±  0.067 %
 143       6.2134 ±    0.0394       0.01799 ±    0.00077       0.02996 ±    0.00035     5.008 ±  0.045 %    92.894 ±  0.067 %
 144       6.2249 ±    0.0394       0.01794 ±    0.00077       0.02997 ±    0.00034     5.004 ±  0.045 %    92.885 ±  0.067 %
 145       6.2174 ±    0.0392       0.01790 ±    0.00077       0.03003 ±    0.00035     5.014 ±  0.045 %    92.890 ±  0.067 %

====== Perplexity statistics ======
Mean PPL(Q)                   :   6.217419 ±   0.039189
Mean PPL(base)                :   6.107128 ±   0.038226
Cor(ln(PPL(Q)), ln(PPL(base))):  99.26%
Mean ln(PPL(Q)/PPL(base))     :   0.017898 ±   0.000768
Mean PPL(Q)/PPL(base)         :   1.018059 ±   0.000782
Mean PPL(Q)-PPL(base)         :   0.110290 ±   0.004820

====== KL divergence statistics ======
Mean    KLD:   0.030031 ±   0.000346
Maximum KLD:  24.289259
99.9%   KLD:   1.115492
99.0%   KLD:   0.280692
95.0%   KLD:   0.103132
90.0%   KLD:   0.064047
Median  KLD:   0.011332
10.0%   KLD:   0.000215
 5.0%   KLD:   0.000056
 1.0%   KLD:   0.000006
 0.1%   KLD:   0.000000
Minimum KLD:  -0.000045

====== Token probability statistics ======
Mean    Δp: -0.271 ± 0.013 %
Maximum Δp: 99.884%
99.9%   Δp: 33.198%
99.0%   Δp: 13.465%
95.0%   Δp:  5.533%
90.0%   Δp:  3.077%
75.0%   Δp:  0.559%
Median  Δp: -0.006%
25.0%   Δp: -0.870%
10.0%   Δp: -3.832%
 5.0%   Δp: -6.710%
 1.0%   Δp: -16.373%
 0.1%   Δp: -42.632%
Minimum Δp: -99.874%
RMS Δp    :  5.014 ± 0.045 %
Same top p: 92.890 ± 0.067 %

------------------------------
llama-perplexity --kl-divergence-base /tmp/logits.dat --ctx-size 2048 -f sample-data/wiki.test.raw -hf byteshape/Qwen3.6-35B-A3B-MTP-GGUF:Qwen3.6-35B-A3B-IQ4_XS-3.97bpw -fa on -ngl 99 --cpu-moe -ctk f16 -ctv f16
0.00.709.266 I common_init_result: fitting params to device memory ...
0.00.709.269 I common_init_result: (for bugs during this step try to reproduce them with -fit off, or provide --verbose logs if the bug only occurs with -fit on)
0.02.994.986 W llama_model_loader: tensor overrides to CPU are used with mmap enabled - consider using --no-mmap for better performance
0.04.991.561 W llama_context: n_ctx_seq (2048) < n_ctx_train (262144) -- the full capacity of the model will not be utilized
0.05.020.085 I common_init_from_params: warming up the model with an empty run - please wait ... (--no-warmup to disable)
0.05.110.868 I 
0.05.110.948 I system_info: n_threads = 16 (n_threads_batch = 16) / 32 | CUDA : ARCHS = 500,610,700,750,800,860,890,900 | USE_GRAPHS = 1 | PEER_MAX_BATCH_SIZE = 128 | CPU : SSE3 = 1 | SSSE3 = 1 | AVX = 1 | AVX2 = 1 | F16C = 1 | FMA = 1 | BMI2 = 1 | LLAMAFILE = 1 | OPENMP = 1 | REPACK = 1 | 
0.05.111.022 I perplexity: saving all logits to /tmp/logits.dat
0.05.111.029 I perplexity: tokenizing the input ..
0.05.677.374 I perplexity: tokenization took 566.337 ms
0.05.677.553 I perplexity: calculating perplexity over 145 chunks, n_ctx=2048, batch_size=2048, n_seq=1
0.12.591.287 I perplexity: 6.48 seconds per pass - ETA 15.65 minutes
[1]4.7565,[2]5.9800,[3]6.3253,[4]6.3561,[5]6.2675,[6]5.4268,[7]4.9375,[8]4.9488,[9]5.2131,[10]5.3414,[11]5.4360,[12]5.6712,[13]5.7305,[14]5.8265,[15]5.9004,[16]6.0780,[17]6.1399,[18]6.2420,[19]6.1899,[20]5.9136,[21]5.9339,[22]5.9652,[23]6.0174,[24]6.0319,[25]6.0796,[26]6.0636,[27]6.2070,[28]6.2877,[29]6.2559,[30]6.2230,[31]6.1453,[32]6.0434,[33]6.0085,[34]6.0063,[35]6.0230,[36]6.0409,[37]5.9543,[38]5.8909,[39]5.8204,[40]5.7430,[41]5.6985,[42]5.7333,[43]5.8656,[44]5.9724,[45]5.9485,[46]5.9648,[47]5.9943,[48]6.0075,[49]6.0526,[50]6.0284,[51]6.0649,[52]6.0192,[53]6.0026,[54]5.9838,[55]5.9439,[56]5.9306,[57]5.8801,[58]5.8699,[59]5.8460,[60]5.8434,[61]5.8626,[62]5.8956,[63]5.9329,[64]5.9658,[65]5.9197,[66]5.9419,[67]5.9328,[68]5.9148,[69]5.9088,[70]5.9040,[71]5.8810,[72]5.8831,[73]5.9093,[74]5.9373,[75]5.9260,[76]5.9483,[77]5.9437,[78]5.9359,[79]5.9630,[80]5.9239,[81]5.9332,[82]5.9077,[83]5.9014,[84]5.8846,[85]5.8692,[86]5.8833,[87]5.8647,[88]5.8593,[89]5.8788,[90]5.8858,[91]5.9340,[92]5.9726,[93]6.0026,[94]6.0265,[95]6.0599,[96]6.1020,[97]6.1533,[98]6.1472,[99]6.1551,[100]6.1636,[101]6.1397,[102]6.1434,[103]6.1427,[104]6.1422,[105]6.1353,[106]6.1187,[107]6.1316,[108]6.1240,[109]6.1296,[110]6.1296,[111]6.1151,[112]6.1017,[113]6.0786,[114]6.1061,[115]6.1114,[116]6.1210,[117]6.1303,[118]6.1265,[119]6.1073,[120]6.1143,[121]6.1113,[122]6.1062,[123]6.0973,[124]6.0935,[125]6.1082,[126]6.1035,[127]6.1144,[128]6.1039,[129]6.1022,[130]6.0917,[131]6.0973,[132]6.0990,[133]6.1088,[134]6.1215,[135]6.1175,[136]6.0975,[137]6.0674,[138]6.0746,[139]6.0896,[140]6.1158,[141]6.1026,[142]6.1041,[143]6.1048,[144]6.1164,[145]6.1092,
15.02.301.473 I Final estimate: PPL = 6.1092 +/- 0.03828

------------------------------
llama-perplexity --kl-divergence-base /tmp/logits.dat --ctx-size 2048 -f sample-data/wiki.test.raw -hf byteshape/Qwen3.6-35B-A3B-MTP-GGUF:Qwen3.6-35B-A3B-IQ4_XS-3.97bpw -fa on -ngl 99 --cpu-moe -ctk q8_0 -ctv f16 --kl-divergence
0.00.559.217 I common_init_result: fitting params to device memory ...
0.00.559.220 I common_init_result: (for bugs during this step try to reproduce them with -fit off, or provide --verbose logs if the bug only occurs with -fit on)
0.02.781.822 W llama_model_loader: tensor overrides to CPU are used with mmap enabled - consider using --no-mmap for better performance
0.04.768.820 W llama_context: n_ctx_seq (2048) < n_ctx_train (262144) -- the full capacity of the model will not be utilized
0.04.797.092 I common_init_from_params: warming up the model with an empty run - please wait ... (--no-warmup to disable)
0.04.897.594 I 
0.04.897.679 I system_info: n_threads = 16 (n_threads_batch = 16) / 32 | CUDA : ARCHS = 500,610,700,750,800,860,890,900 | USE_GRAPHS = 1 | PEER_MAX_BATCH_SIZE = 128 | CPU : SSE3 = 1 | SSSE3 = 1 | AVX = 1 | AVX2 = 1 | F16C = 1 | FMA = 1 | BMI2 = 1 | LLAMAFILE = 1 | OPENMP = 1 | REPACK = 1 | 
0.05.116.735 I kl_divergence: computing over 145 chunks, n_ctx=2048, batch_size=2048, n_seq=1
0.11.523.939 I kl_divergence: 6.41 seconds per pass - ETA 15.48 minutes

chunk             PPL               ln(PPL(Q)/PPL(base))          KL Divergence              Δp RMS            Same top p
   1       4.7612 ±    0.3422       0.00099 ±    0.00452       0.00609 ±    0.00053     2.456 ±  0.230 %    96.383 ±  0.584 %
   2       5.9811 ±    0.3164       0.00018 ±    0.00307       0.00541 ±    0.00030     2.149 ±  0.140 %    96.432 ±  0.410 %
   3       6.3376 ±    0.2764       0.00195 ±    0.00225       0.00482 ±    0.00023     1.995 ±  0.112 %    96.579 ±  0.328 %
   4       6.3726 ±    0.2428       0.00258 ±    0.00181       0.00504 ±    0.00065     1.959 ±  0.108 %    96.970 ±  0.268 %
   5       6.2773 ±    0.2157       0.00157 ±    0.00161       0.00489 ±    0.00052     1.893 ±  0.091 %    97.224 ±  0.230 %
   6       5.4405 ±    0.1659       0.00260 ±    0.00154       0.00588 ±    0.00068     2.188 ±  0.157 %    97.067 ±  0.215 %
   7       4.9464 ±    0.1357       0.00187 ±    0.00139       0.00565 ±    0.00059     2.211 ±  0.140 %    97.123 ±  0.198 %
   8       4.9575 ±    0.1270       0.00181 ±    0.00132       0.00554 ±    0.00052     2.191 ±  0.125 %    97.202 ±  0.182 %
   9       5.2146 ±    0.1266       0.00036 ±    0.00124       0.00552 ±    0.00046     2.175 ±  0.114 %    97.143 ±  0.174 %
  10       5.3455 ±    0.1247       0.00095 ±    0.00116       0.00526 ±    0.00042     2.108 ±  0.106 %    97.283 ±  0.161 %
  11       5.4411 ±    0.1211       0.00123 ±    0.00110       0.00505 ±    0.00038     2.056 ±  0.099 %    97.290 ±  0.153 %
  12       5.6754 ±    0.1222       0.00109 ±    0.00106       0.00492 ±    0.00035     2.028 ±  0.092 %    97.271 ±  0.147 %
  13       5.7321 ±    0.1186       0.00060 ±    0.00104       0.00506 ±    0.00037     2.151 ±  0.156 %    97.301 ±  0.141 %
  14       5.8276 ±    0.1166       0.00050 ±    0.00099       0.00494 ±    0.00035     2.104 ±  0.149 %    97.340 ±  0.134 %
  15       5.9009 ±    0.1145       0.00038 ±    0.00096       0.00490 ±    0.00033     2.098 ±  0.139 %    97.335 ±  0.130 %
  16       6.0793 ±    0.1148       0.00049 ±    0.00093       0.00484 ±    0.00031     2.078 ±  0.133 %    97.281 ±  0.127 %
  17       6.1398 ±    0.1122       0.00023 ±    0.00089       0.00475 ±    0.00029     2.054 ±  0.126 %    97.343 ±  0.122 %
  18       6.2429 ±    0.1112       0.00039 ±    0.00085       0.00470 ±    0.00027     2.028 ±  0.121 %    97.361 ±  0.118 %
  19       6.1892 ±    0.1075       0.00010 ±    0.00082       0.00459 ±    0.00026     1.993 ±  0.117 %    97.376 ±  0.115 %
  20       5.9134 ±    0.0995       0.00032 ±    0.00086       0.00518 ±    0.00031     2.291 ±  0.142 %    97.380 ±  0.112 %
  21       5.9338 ±    0.0974       0.00032 ±    0.00083       0.00519 ±    0.00029     2.276 ±  0.136 %    97.342 ±  0.110 %
  22       5.9640 ±    0.0957       0.00010 ±    0.00080       0.00515 ±    0.00028     2.252 ±  0.132 %    97.343 ±  0.107 %
  23       6.0154 ±    0.0945      -0.00003 ±    0.00079       0.00512 ±    0.00027     2.224 ±  0.127 %    97.305 ±  0.106 %
  24       6.0306 ±    0.0926       0.00007 ±    0.00076       0.00510 ±    0.00026     2.210 ±  0.123 %    97.312 ±  0.103 %
  25       6.0777 ±    0.0916      -0.00005 ±    0.00075       0.00506 ±    0.00025     2.192 ±  0.119 %    97.302 ±  0.101 %
  26       6.0625 ±    0.0896       0.00009 ±    0.00073       0.00503 ±    0.00024     2.182 ±  0.115 %    97.312 ±  0.099 %
  27       6.2059 ±    0.0904       0.00007 ±    0.00071       0.00495 ±    0.00023     2.152 ±  0.113 %    97.277 ±  0.098 %
  28       6.2870 ±    0.0903       0.00013 ±    0.00069       0.00491 ±    0.00022     2.130 ±  0.110 %    97.280 ±  0.096 %
  29       6.2553 ±    0.0883       0.00015 ±    0.00068       0.00495 ±    0.00022     2.146 ±  0.106 %    97.270 ±  0.095 %
  30       6.2234 ±    0.0862       0.00033 ±    0.00067       0.00495 ±    0.00021     2.149 ±  0.103 %    97.273 ±  0.093 %
  31       6.1456 ±    0.0835       0.00029 ±    0.00065       0.00489 ±    0.00020     2.130 ±  0.100 %    97.276 ±  0.091 %
  32       6.0433 ±    0.0807       0.00022 ±    0.00064       0.00483 ±    0.00020     2.120 ±  0.098 %    97.293 ±  0.090 %
  33       6.0077 ±    0.0789       0.00015 ±    0.00064       0.00513 ±    0.00038     2.113 ±  0.095 %    97.293 ±  0.088 %
  34       6.0057 ±    0.0776       0.00017 ±    0.00063       0.00505 ±    0.00036     2.094 ±  0.093 %    97.303 ±  0.087 %
  35       6.0225 ±    0.0767       0.00018 ±    0.00062       0.00506 ±    0.00036     2.092 ±  0.091 %    97.299 ±  0.086 %
  36       6.0396 ±    0.0760       0.00003 ±    0.00061       0.00502 ±    0.00035     2.082 ±  0.089 %    97.315 ±  0.084 %
  37       5.9529 ±    0.0736       0.00003 ±    0.00060       0.00494 ±    0.00034     2.067 ±  0.087 %    97.337 ±  0.083 %
  38       5.8893 ±    0.0716      -0.00003 ±    0.00058       0.00490 ±    0.00033     2.065 ±  0.085 %    97.363 ±  0.081 %
  39       5.8192 ±    0.0696       0.00004 ±    0.00057       0.00486 ±    0.00032     2.058 ±  0.083 %    97.366 ±  0.080 %
  40       5.7420 ±    0.0675       0.00006 ±    0.00057       0.00481 ±    0.00031     2.050 ±  0.082 %    97.390 ±  0.079 %
  41       5.6979 ±    0.0659       0.00012 ±    0.00056       0.00476 ±    0.00030     2.045 ±  0.080 %    97.389 ±  0.078 %
  42       5.7328 ±    0.0656       0.00020 ±    0.00055       0.00473 ±    0.00030     2.032 ±  0.079 %    97.410 ±  0.077 %
  43       5.8640 ±    0.0669       0.00000 ±    0.00055       0.00474 ±    0.00029     2.027 ±  0.077 %    97.408 ±  0.076 %
  44       5.9707 ±    0.0677       0.00007 ±    0.00055       0.00472 ±    0.00028     2.017 ±  0.076 %    97.390 ±  0.075 %
  45       5.9472 ±    0.0666       0.00013 ±    0.00054       0.00485 ±    0.00028     2.047 ±  0.074 %    97.369 ±  0.075 %
  46       5.9642 ±    0.0661       0.00031 ±    0.00054       0.00486 ±    0.00027     2.054 ±  0.073 %    97.356 ±  0.074 %
  47       5.9939 ±    0.0657       0.00032 ±    0.00053       0.00483 ±    0.00027     2.047 ±  0.071 %    97.361 ±  0.073 %
  48       6.0074 ±    0.0652       0.00038 ±    0.00053       0.00482 ±    0.00026     2.045 ±  0.070 %    97.353 ±  0.072 %
  49       6.0517 ±    0.0651       0.00024 ±    0.00052       0.00481 ±    0.00026     2.037 ±  0.069 %    97.339 ±  0.072 %
  50       6.0278 ±    0.0641       0.00027 ±    0.00051       0.00480 ±    0.00025     2.031 ±  0.068 %    97.322 ±  0.071 %
  51       6.0644 ±    0.0639       0.00028 ±    0.00051       0.00476 ±    0.00025     2.023 ±  0.067 %    97.326 ±  0.071 %
  52       6.0188 ±    0.0627       0.00030 ±    0.00050       0.00474 ±    0.00024     2.018 ±  0.066 %    97.342 ±  0.070 %
  53       6.0030 ±    0.0619       0.00042 ±    0.00049       0.00473 ±    0.00024     2.017 ±  0.065 %    97.337 ±  0.069 %
  54       5.9844 ±    0.0610       0.00044 ±    0.00049       0.00469 ±    0.00023     2.006 ±  0.064 %    97.346 ±  0.068 %
  55       5.9450 ±    0.0599       0.00051 ±    0.00048       0.00467 ±    0.00023     2.001 ±  0.063 %    97.341 ±  0.068 %
  56       5.9315 ±    0.0592       0.00049 ±    0.00048       0.00465 ±    0.00022     2.005 ±  0.062 %    97.347 ±  0.067 %
  57       5.8812 ±    0.0581       0.00051 ±    0.00047       0.00462 ±    0.00022     1.998 ±  0.061 %    97.357 ±  0.066 %
  58       5.8701 ±    0.0574       0.00036 ±    0.00047       0.00464 ±    0.00022     1.993 ±  0.061 %    97.352 ±  0.066 %
  59       5.8465 ±    0.0566       0.00044 ±    0.00048       0.00477 ±    0.00022     2.027 ±  0.059 %    97.339 ±  0.066 %
  60       5.8442 ±    0.0562       0.00048 ±    0.00047       0.00474 ±    0.00021     2.018 ±  0.058 %    97.348 ±  0.065 %
  61       5.8637 ±    0.0560       0.00052 ±    0.00047       0.00472 ±    0.00021     2.013 ±  0.058 %    97.341 ±  0.064 %
  62       5.8971 ±    0.0559       0.00057 ±    0.00046       0.00470 ±    0.00021     2.005 ±  0.057 %    97.343 ±  0.064 %
  63       5.9344 ±    0.0559       0.00059 ±    0.00046       0.00468 ±    0.00020     1.996 ±  0.056 %    97.351 ±  0.063 %
  64       5.9675 ±    0.0559       0.00060 ±    0.00045       0.00466 ±    0.00020     1.989 ±  0.056 %    97.352 ±  0.063 %
  65       5.9209 ±    0.0549       0.00051 ±    0.00045       0.00465 ±    0.00020     1.988 ±  0.055 %    97.362 ±  0.062 %
  66       5.9434 ±    0.0548       0.00057 ±    0.00044       0.00464 ±    0.00019     1.984 ±  0.054 %    97.361 ±  0.062 %
  67       5.9347 ±    0.0542       0.00064 ±    0.00044       0.00463 ±    0.00019     1.979 ±  0.053 %    97.355 ±  0.061 %
  68       5.9163 ±    0.0536       0.00057 ±    0.00044       0.00463 ±    0.00019     1.976 ±  0.053 %    97.359 ±  0.061 %
  69       5.9103 ±    0.0531       0.00056 ±    0.00043       0.00461 ±    0.00019     1.971 ±  0.052 %    97.349 ±  0.060 %
  70       5.9055 ±    0.0527       0.00057 ±    0.00043       0.00462 ±    0.00018     1.972 ±  0.052 %    97.341 ±  0.060 %
  71       5.8819 ±    0.0520       0.00046 ±    0.00043       0.00465 ±    0.00018     1.976 ±  0.051 %    97.332 ±  0.060 %
  72       5.8841 ±    0.0517       0.00047 ±    0.00043       0.00464 ±    0.00018     1.972 ±  0.050 %    97.339 ±  0.059 %
  73       5.9103 ±    0.0517       0.00047 ±    0.00042       0.00464 ±    0.00018     1.971 ±  0.050 %    97.341 ±  0.059 %
  74       5.9391 ±    0.0516       0.00059 ±    0.00043       0.00463 ±    0.00017     1.965 ±  0.049 %    97.345 ±  0.058 %
  75       5.9277 ±    0.0511       0.00059 ±    0.00042       0.00460 ±    0.00017     1.958 ±  0.049 %    97.352 ±  0.058 %
  76       5.9500 ±    0.0510       0.00058 ±    0.00042       0.00461 ±    0.00017     1.958 ±  0.048 %    97.336 ±  0.058 %
  77       5.9456 ±    0.0506       0.00060 ±    0.00042       0.00460 ±    0.00017     1.959 ±  0.048 %    97.328 ±  0.057 %
  78       5.9372 ±    0.0501       0.00050 ±    0.00041       0.00459 ±    0.00017     1.959 ±  0.047 %    97.328 ±  0.057 %
  79       5.9647 ±    0.0501       0.00055 ±    0.00041       0.00457 ±    0.00016     1.953 ±  0.047 %    97.329 ±  0.057 %
  80       5.9250 ±    0.0494       0.00049 ±    0.00041       0.00464 ±    0.00016     1.979 ±  0.046 %    97.325 ±  0.056 %
  81       5.9347 ±    0.0492       0.00057 ±    0.00041       0.00469 ±    0.00016     1.988 ±  0.045 %    97.302 ±  0.056 %
  82       5.9094 ±    0.0487       0.00059 ±    0.00041       0.00468 ±    0.00016     1.987 ±  0.045 %    97.320 ±  0.056 %
  83       5.9030 ±    0.0483       0.00057 ±    0.00040       0.00466 ±    0.00016     1.985 ±  0.044 %    97.309 ±  0.056 %
  84       5.8862 ±    0.0478       0.00058 ±    0.00040       0.00465 ±    0.00015     1.988 ±  0.044 %    97.306 ±  0.055 %
  85       5.8709 ±    0.0474       0.00060 ±    0.00040       0.00463 ±    0.00015     1.983 ±  0.044 %    97.308 ±  0.055 %
  86       5.8847 ±    0.0473       0.00054 ±    0.00039       0.00463 ±    0.00015     1.979 ±  0.043 %    97.295 ±  0.055 %
  87       5.8664 ±    0.0468       0.00059 ±    0.00039       0.00460 ±    0.00015     1.973 ±  0.043 %    97.299 ±  0.054 %
  88       5.8613 ±    0.0464       0.00064 ±    0.00039       0.00459 ±    0.00015     1.974 ±  0.043 %    97.296 ±  0.054 %
  89       5.8802 ±    0.0464       0.00059 ±    0.00039       0.00463 ±    0.00015     1.978 ±  0.042 %    97.292 ±  0.054 %
  90       5.8871 ±    0.0462       0.00055 ±    0.00039       0.00463 ±    0.00015     1.983 ±  0.042 %    97.292 ±  0.053 %
  91       5.9354 ±    0.0464       0.00056 ±    0.00038       0.00462 ±    0.00014     1.977 ±  0.042 %    97.284 ±  0.053 %
  92       5.9735 ±    0.0465       0.00046 ±    0.00038       0.00462 ±    0.00014     1.974 ±  0.041 %    97.283 ±  0.053 %
  93       6.0033 ±    0.0466       0.00044 ±    0.00038       0.00461 ±    0.00014     1.969 ±  0.041 %    97.277 ±  0.053 %
  94       6.0276 ±    0.0465       0.00049 ±    0.00038       0.00461 ±    0.00014     1.965 ±  0.041 %    97.271 ±  0.053 %
  95       6.0609 ±    0.0466       0.00047 ±    0.00037       0.00461 ±    0.00014     1.963 ±  0.040 %    97.264 ±  0.052 %
  96       6.1034 ±    0.0468       0.00054 ±    0.00037       0.00460 ±    0.00014     1.960 ±  0.040 %    97.266 ±  0.052 %
  97       6.1553 ±    0.0471       0.00063 ±    0.00037       0.00463 ±    0.00014     1.959 ±  0.040 %    97.257 ±  0.052 %
  98       6.1490 ±    0.0468       0.00062 ±    0.00037       0.00462 ±    0.00013     1.959 ±  0.039 %    97.259 ±  0.052 %
  99       6.1569 ±    0.0466       0.00060 ±    0.00037       0.00461 ±    0.00013     1.954 ±  0.039 %    97.253 ±  0.051 %
 100       6.1657 ±    0.0464       0.00065 ±    0.00036       0.00461 ±    0.00013     1.954 ±  0.039 %    97.251 ±  0.051 %
 101       6.1418 ±    0.0460       0.00066 ±    0.00036       0.00464 ±    0.00013     1.960 ±  0.038 %    97.250 ±  0.051 %
 102       6.1455 ±    0.0458       0.00064 ±    0.00036       0.00465 ±    0.00013     1.960 ±  0.038 %    97.239 ±  0.051 %
 103       6.1445 ±    0.0455       0.00059 ±    0.00036       0.00471 ±    0.00013     1.976 ±  0.037 %    97.219 ±  0.051 %
 104       6.1436 ±    0.0453       0.00052 ±    0.00036       0.00485 ±    0.00013     1.994 ±  0.037 %    97.196 ±  0.051 %
 105       6.1361 ±    0.0450       0.00043 ±    0.00036       0.00490 ±    0.00013     2.013 ±  0.037 %    97.175 ±  0.051 %
 106       6.1194 ±    0.0446       0.00046 ±    0.00037       0.00496 ±    0.00013     2.030 ±  0.037 %    97.162 ±  0.050 %
 107       6.1320 ±    0.0446       0.00042 ±    0.00037       0.00499 ±    0.00013     2.045 ±  0.037 %    97.161 ±  0.050 %
 108       6.1242 ±    0.0443       0.00037 ±    0.00036       0.00499 ±    0.00013     2.046 ±  0.037 %    97.167 ±  0.050 %
 109       6.1293 ±    0.0441       0.00031 ±    0.00036       0.00498 ±    0.00012     2.047 ±  0.037 %    97.172 ±  0.050 %
 110       6.1293 ±    0.0440       0.00033 ±    0.00036       0.00497 ±    0.00012     2.045 ±  0.036 %    97.179 ±  0.049 %
 111       6.1156 ±    0.0436       0.00046 ±    0.00037       0.00507 ±    0.00015     2.067 ±  0.041 %    97.167 ±  0.049 %
 112       6.1024 ±    0.0433       0.00048 ±    0.00037       0.00506 ±    0.00015     2.065 ±  0.041 %    97.177 ±  0.049 %
 113       6.0793 ±    0.0429       0.00048 ±    0.00037       0.00504 ±    0.00015     2.061 ±  0.041 %    97.186 ±  0.049 %
 114       6.1071 ±    0.0430       0.00052 ±    0.00037       0.00502 ±    0.00015     2.057 ±  0.040 %    97.188 ±  0.048 %
 115       6.1122 ±    0.0429       0.00050 ±    0.00036       0.00502 ±    0.00015     2.055 ±  0.040 %    97.193 ±  0.048 %
 116       6.1217 ±    0.0427       0.00047 ±    0.00036       0.00502 ±    0.00015     2.052 ±  0.040 %    97.194 ±  0.048 %
 117       6.1310 ±    0.0426       0.00047 ±    0.00036       0.00502 ±    0.00014     2.050 ±  0.040 %    97.184 ±  0.048 %
 118       6.1273 ±    0.0424       0.00048 ±    0.00036       0.00505 ±    0.00014     2.057 ±  0.039 %    97.181 ±  0.048 %
 119       6.1079 ±    0.0421       0.00046 ±    0.00036       0.00511 ±    0.00015     2.086 ±  0.043 %    97.182 ±  0.047 %
 120       6.1149 ±    0.0420       0.00049 ±    0.00036       0.00510 ±    0.00015     2.087 ±  0.043 %    97.181 ±  0.047 %
 121       6.1120 ±    0.0418       0.00050 ±    0.00036       0.00508 ±    0.00014     2.086 ±  0.042 %    97.191 ±  0.047 %
 122       6.1067 ±    0.0416       0.00047 ±    0.00036       0.00507 ±    0.00014     2.085 ±  0.042 %    97.192 ±  0.047 %
 123       6.0977 ±    0.0414       0.00044 ±    0.00035       0.00505 ±    0.00014     2.083 ±  0.042 %    97.194 ±  0.047 %
 124       6.0937 ±    0.0412       0.00041 ±    0.00035       0.00504 ±    0.00014     2.082 ±  0.042 %    97.201 ±  0.046 %
 125       6.1085 ±    0.0412       0.00043 ±    0.00035       0.00504 ±    0.00014     2.080 ±  0.041 %    97.206 ±  0.046 %
 126       6.1038 ±    0.0410       0.00043 ±    0.00035       0.00502 ±    0.00014     2.079 ±  0.041 %    97.213 ±  0.046 %
 127       6.1147 ±    0.0409       0.00043 ±    0.00035       0.00501 ±    0.00014     2.074 ±  0.041 %    97.215 ±  0.046 %
 128       6.1039 ±    0.0407       0.00037 ±    0.00034       0.00499 ±    0.00014     2.072 ±  0.041 %    97.215 ±  0.045 %
 129       6.1020 ±    0.0405       0.00035 ±    0.00034       0.00498 ±    0.00014     2.070 ±  0.041 %    97.212 ±  0.045 %
 130       6.0916 ±    0.0402       0.00035 ±    0.00034       0.00498 ±    0.00014     2.068 ±  0.040 %    97.214 ±  0.045 %
 131       6.0973 ±    0.0401       0.00036 ±    0.00034       0.00497 ±    0.00013     2.064 ±  0.040 %    97.214 ±  0.045 %
 132       6.0987 ±    0.0400       0.00032 ±    0.00034       0.00498 ±    0.00013     2.064 ±  0.040 %    97.214 ±  0.045 %
 133       6.1087 ±    0.0399       0.00036 ±    0.00034       0.00498 ±    0.00013     2.066 ±  0.040 %    97.209 ±  0.045 %
 134       6.1217 ±    0.0399       0.00040 ±    0.00034       0.00502 ±    0.00013     2.092 ±  0.041 %    97.203 ±  0.045 %
 135       6.1179 ±    0.0397       0.00043 ±    0.00034       0.00501 ±    0.00013     2.091 ±  0.041 %    97.199 ±  0.044 %
 136       6.0978 ±    0.0394       0.00040 ±    0.00033       0.00500 ±    0.00013     2.087 ±  0.041 %    97.203 ±  0.044 %
 137       6.0676 ±    0.0390       0.00039 ±    0.00033       0.00498 ±    0.00013     2.083 ±  0.040 %    97.204 ±  0.044 %
 138       6.0747 ±    0.0390       0.00037 ±    0.00033       0.00499 ±    0.00013     2.084 ±  0.040 %    97.199 ±  0.044 %
 139       6.0897 ±    0.0389       0.00037 ±    0.00033       0.00498 ±    0.00013     2.082 ±  0.040 %    97.199 ±  0.044 %
 140       6.1162 ±    0.0390       0.00042 ±    0.00033       0.00497 ±    0.00013     2.077 ±  0.040 %    97.198 ±  0.044 %
 141       6.1027 ±    0.0388       0.00038 ±    0.00033       0.00500 ±    0.00013     2.085 ±  0.039 %    97.199 ±  0.043 %
 142       6.1043 ±    0.0386       0.00039 ±    0.00033       0.00501 ±    0.00013     2.087 ±  0.039 %    97.197 ±  0.043 %
 143       6.1050 ±    0.0385       0.00038 ±    0.00032       0.00500 ±    0.00012     2.085 ±  0.039 %    97.197 ±  0.043 %
 144       6.1166 ±    0.0384       0.00039 ±    0.00032       0.00499 ±    0.00012     2.082 ±  0.039 %    97.198 ±  0.043 %
 145       6.1093 ±    0.0383       0.00036 ±    0.00032       0.00499 ±    0.00012     2.086 ±  0.039 %    97.200 ±  0.043 %

====== Perplexity statistics ======
Mean PPL(Q)                   :   6.109297 ±   0.038280
Mean PPL(base)                :   6.107128 ±   0.038226
Cor(ln(PPL(Q)), ln(PPL(base))):  99.87%
Mean ln(PPL(Q)/PPL(base))     :   0.000355 ±   0.000322
Mean PPL(Q)/PPL(base)         :   1.000355 ±   0.000322
Mean PPL(Q)-PPL(base)         :   0.002169 ±   0.001969

====== KL divergence statistics ======
Mean    KLD:   0.004988 ±   0.000123
Maximum KLD:  10.872638
99.9%   KLD:   0.216221
99.0%   KLD:   0.048715
95.0%   KLD:   0.015889
90.0%   KLD:   0.009441
Median  KLD:   0.001670
10.0%   KLD:   0.000034
 5.0%   KLD:   0.000008
 1.0%   KLD:   0.000000
 0.1%   KLD:  -0.000007
Minimum KLD:  -0.000153

====== Token probability statistics ======
Mean    Δp: -0.000 ± 0.005 %
Maximum Δp: 87.581%
99.9%   Δp: 15.912%
99.0%   Δp:  5.737%
95.0%   Δp:  2.351%
90.0%   Δp:  1.322%
75.0%   Δp:  0.281%
Median  Δp:  0.000%
25.0%   Δp: -0.275%
10.0%   Δp: -1.333%
 5.0%   Δp: -2.356%
 1.0%   Δp: -5.732%
 0.1%   Δp: -15.024%
Minimum Δp: -98.776%
RMS Δp    :  2.086 ± 0.039 %
Same top p: 97.200 ± 0.043 %

------------------------------
llama-perplexity --kl-divergence-base /tmp/logits.dat --ctx-size 2048 -f sample-data/wiki.test.raw -hf byteshape/Qwen3.6-35B-A3B-MTP-GGUF:Qwen3.6-35B-A3B-IQ4_XS-3.97bpw -fa on -ngl 99 --cpu-moe -ctk q4_0 -ctv f16 --kl-divergence
0.00.568.952 I common_init_result: fitting params to device memory ...
0.00.568.956 I common_init_result: (for bugs during this step try to reproduce them with -fit off, or provide --verbose logs if the bug only occurs with -fit on)
0.02.784.672 W llama_model_loader: tensor overrides to CPU are used with mmap enabled - consider using --no-mmap for better performance
0.04.784.775 W llama_context: n_ctx_seq (2048) < n_ctx_train (262144) -- the full capacity of the model will not be utilized
0.04.825.219 I common_init_from_params: warming up the model with an empty run - please wait ... (--no-warmup to disable)
0.04.917.880 I 
0.04.917.945 I system_info: n_threads = 16 (n_threads_batch = 16) / 32 | CUDA : ARCHS = 500,610,700,750,800,860,890,900 | USE_GRAPHS = 1 | PEER_MAX_BATCH_SIZE = 128 | CPU : SSE3 = 1 | SSSE3 = 1 | AVX = 1 | AVX2 = 1 | F16C = 1 | FMA = 1 | BMI2 = 1 | LLAMAFILE = 1 | OPENMP = 1 | REPACK = 1 | 
0.05.144.446 I kl_divergence: computing over 145 chunks, n_ctx=2048, batch_size=2048, n_seq=1
0.13.271.090 I kl_divergence: 8.13 seconds per pass - ETA 19.63 minutes

chunk             PPL               ln(PPL(Q)/PPL(base))          KL Divergence              Δp RMS            Same top p
   1       4.7724 ±    0.3434       0.00334 ±    0.00705       0.01058 ±    0.00106     3.314 ±  0.273 %    95.015 ±  0.681 %
   2       5.9956 ±    0.3164       0.00260 ±    0.00436       0.00932 ±    0.00057     2.779 ±  0.169 %    95.259 ±  0.470 %
   3       6.3624 ±    0.2771       0.00586 ±    0.00315       0.00864 ±    0.00045     2.751 ±  0.186 %    95.178 ±  0.387 %
   4       6.4072 ±    0.2442       0.00800 ±    0.00252       0.00807 ±    0.00036     2.593 ±  0.151 %    95.650 ±  0.319 %
   5       6.3017 ±    0.2165       0.00544 ±    0.00227       0.00810 ±    0.00032     2.531 ±  0.127 %    95.973 ±  0.275 %
   6       5.4429 ±    0.1657       0.00304 ±    0.00214       0.00936 ±    0.00065     2.805 ±  0.134 %    96.041 ±  0.249 %
   7       4.9525 ±    0.1357       0.00310 ±    0.00192       0.00906 ±    0.00056     2.815 ±  0.118 %    96.048 ±  0.230 %
   8       4.9621 ±    0.1270       0.00274 ±    0.00183       0.00916 ±    0.00051     2.897 ±  0.136 %    96.114 ±  0.214 %
   9       5.2307 ±    0.1270       0.00344 ±    0.00171       0.00933 ±    0.00046     2.882 ±  0.124 %    95.829 ±  0.208 %
  10       5.3613 ±    0.1250       0.00390 ±    0.00160       0.00911 ±    0.00041     2.836 ±  0.114 %    95.865 ±  0.197 %
  11       5.4587 ±    0.1214       0.00446 ±    0.00152       0.00880 ±    0.00038     2.756 ±  0.107 %    95.930 ±  0.186 %
  12       5.6922 ±    0.1225       0.00405 ±    0.00144       0.00863 ±    0.00035     2.711 ±  0.100 %    96.000 ±  0.177 %
  13       5.7492 ±    0.1189       0.00359 ±    0.00140       0.00883 ±    0.00040     2.809 ±  0.142 %    96.037 ±  0.169 %
  14       5.8436 ±    0.1168       0.00324 ±    0.00134       0.00882 ±    0.00037     2.779 ±  0.134 %    96.097 ±  0.162 %
  15       5.9177 ±    0.1147       0.00322 ±    0.00129       0.00884 ±    0.00035     2.788 ±  0.126 %    96.064 ±  0.157 %
  16       6.0962 ±    0.1150       0.00325 ±    0.00124       0.00877 ±    0.00033     2.754 ±  0.120 %    96.029 ±  0.153 %
  17       6.1555 ±    0.1125       0.00279 ±    0.00120       0.00871 ±    0.00031     2.753 ±  0.114 %    95.998 ±  0.149 %
  18       6.2586 ±    0.1114       0.00290 ±    0.00116       0.00869 ±    0.00029     2.750 ±  0.109 %    95.938 ±  0.145 %
  19       6.2059 ±    0.1077       0.00280 ±    0.00111       0.00848 ±    0.00028     2.704 ±  0.105 %    95.961 ±  0.141 %
  20       5.9260 ±    0.0997       0.00243 ±    0.00111       0.00935 ±    0.00038     2.966 ±  0.112 %    95.963 ±  0.138 %
  21       5.9475 ±    0.0975       0.00261 ±    0.00109       0.00937 ±    0.00037     2.936 ±  0.107 %    95.964 ±  0.134 %
  22       5.9768 ±    0.0959       0.00225 ±    0.00106       0.00930 ±    0.00035     2.918 ±  0.103 %    95.979 ±  0.131 %
  23       6.0273 ±    0.0946       0.00193 ±    0.00104       0.00929 ±    0.00034     2.898 ±  0.100 %    95.992 ±  0.128 %
  24       6.0449 ±    0.0928       0.00245 ±    0.00101       0.00925 ±    0.00032     2.885 ±  0.096 %    95.996 ±  0.125 %
  25       6.0924 ±    0.0918       0.00236 ±    0.00099       0.00917 ±    0.00031     2.854 ±  0.094 %    96.000 ±  0.123 %
  26       6.0766 ±    0.0897       0.00241 ±    0.00097       0.00915 ±    0.00030     2.852 ±  0.091 %    96.034 ±  0.120 %
  27       6.2196 ±    0.0906       0.00228 ±    0.00094       0.00903 ±    0.00029     2.821 ±  0.088 %    95.996 ±  0.118 %
  28       6.3007 ±    0.0905       0.00230 ±    0.00092       0.00899 ±    0.00028     2.798 ±  0.086 %    96.010 ±  0.116 %
  29       6.2687 ±    0.0884       0.00230 ±    0.00090       0.00900 ±    0.00027     2.809 ±  0.083 %    96.060 ±  0.113 %
  30       6.2358 ±    0.0864       0.00231 ±    0.00089       0.00900 ±    0.00026     2.822 ±  0.082 %    96.051 ±  0.111 %
  31       6.1587 ±    0.0837       0.00243 ±    0.00087       0.00892 ±    0.00026     2.806 ±  0.080 %    96.039 ±  0.110 %
  32       6.0553 ±    0.0808       0.00221 ±    0.00086       0.00884 ±    0.00025     2.802 ±  0.078 %    96.078 ±  0.107 %
  33       6.0166 ±    0.0789       0.00164 ±    0.00089       0.00934 ±    0.00058     2.843 ±  0.091 %    96.096 ±  0.105 %
  34       6.0141 ±    0.0776       0.00158 ±    0.00087       0.00922 ±    0.00056     2.819 ±  0.089 %    96.110 ±  0.104 %
  35       6.0312 ±    0.0768       0.00163 ±    0.00088       0.00943 ±    0.00058     2.823 ±  0.087 %    96.137 ±  0.102 %
  36       6.0490 ±    0.0761       0.00160 ±    0.00087       0.00942 ±    0.00057     2.812 ±  0.085 %    96.144 ±  0.100 %
  37       5.9621 ±    0.0736       0.00157 ±    0.00085       0.00928 ±    0.00055     2.792 ±  0.084 %    96.169 ±  0.099 %
  38       5.8985 ±    0.0716       0.00153 ±    0.00083       0.00920 ±    0.00054     2.790 ±  0.082 %    96.170 ±  0.097 %
  39       5.8273 ±    0.0696       0.00143 ±    0.00082       0.00912 ±    0.00052     2.784 ±  0.080 %    96.188 ±  0.096 %
  40       5.7508 ±    0.0675       0.00159 ±    0.00081       0.00903 ±    0.00051     2.776 ±  0.079 %    96.212 ±  0.094 %
  41       5.7069 ±    0.0660       0.00170 ±    0.00079       0.00898 ±    0.00050     2.787 ±  0.078 %    96.192 ±  0.093 %
  42       5.7421 ±    0.0657       0.00182 ±    0.00078       0.00893 ±    0.00049     2.776 ±  0.076 %    96.181 ±  0.092 %
  43       5.8734 ±    0.0669       0.00161 ±    0.00078       0.00905 ±    0.00049     2.816 ±  0.082 %    96.185 ±  0.091 %
  44       5.9797 ±    0.0678       0.00159 ±    0.00077       0.00904 ±    0.00047     2.803 ±  0.080 %    96.145 ±  0.091 %
  45       5.9576 ±    0.0667       0.00187 ±    0.00077       0.00924 ±    0.00047     2.836 ±  0.079 %    96.125 ±  0.090 %
  46       5.9754 ±    0.0662       0.00218 ±    0.00077       0.00928 ±    0.00046     2.842 ±  0.077 %    96.135 ±  0.089 %
  47       6.0052 ±    0.0658       0.00222 ±    0.00076       0.00923 ±    0.00045     2.833 ±  0.076 %    96.129 ±  0.088 %
  48       6.0192 ±    0.0653       0.00233 ±    0.00075       0.00924 ±    0.00044     2.840 ±  0.077 %    96.118 ±  0.087 %
  49       6.0641 ±    0.0652       0.00229 ±    0.00074       0.00926 ±    0.00043     2.840 ±  0.076 %    96.078 ±  0.087 %
  50       6.0396 ±    0.0642       0.00224 ±    0.00073       0.00922 ±    0.00042     2.830 ±  0.074 %    96.092 ±  0.086 %
  51       6.0766 ±    0.0640       0.00229 ±    0.00072       0.00917 ±    0.00041     2.817 ±  0.074 %    96.109 ±  0.085 %
  52       6.0313 ±    0.0628       0.00238 ±    0.00071       0.00911 ±    0.00041     2.810 ±  0.072 %    96.118 ±  0.084 %
  53       6.0152 ±    0.0620       0.00245 ±    0.00070       0.00908 ±    0.00040     2.804 ±  0.071 %    96.095 ±  0.083 %
  54       5.9967 ±    0.0611       0.00250 ±    0.00069       0.00903 ±    0.00039     2.800 ±  0.070 %    96.112 ±  0.082 %
  55       5.9575 ±    0.0600       0.00262 ±    0.00068       0.00897 ±    0.00038     2.790 ±  0.069 %    96.117 ±  0.081 %
  56       5.9427 ±    0.0593       0.00238 ±    0.00068       0.00895 ±    0.00038     2.783 ±  0.068 %    96.120 ±  0.081 %
  57       5.8924 ±    0.0581       0.00241 ±    0.00067       0.00890 ±    0.00037     2.776 ±  0.067 %    96.126 ±  0.080 %
  58       5.8803 ±    0.0575       0.00209 ±    0.00067       0.00891 ±    0.00037     2.774 ±  0.066 %    96.135 ±  0.079 %
  59       5.8568 ±    0.0567       0.00219 ±    0.00067       0.00902 ±    0.00036     2.813 ±  0.066 %    96.128 ±  0.079 %
  60       5.8544 ±    0.0563       0.00222 ±    0.00066       0.00896 ±    0.00036     2.800 ±  0.065 %    96.149 ±  0.078 %
  61       5.8745 ±    0.0561       0.00237 ±    0.00065       0.00895 ±    0.00035     2.798 ±  0.064 %    96.138 ±  0.077 %
  62       5.9071 ±    0.0560       0.00226 ±    0.00065       0.00894 ±    0.00034     2.789 ±  0.063 %    96.140 ±  0.076 %
  63       5.9447 ±    0.0560       0.00231 ±    0.00064       0.00893 ±    0.00034     2.794 ±  0.064 %    96.140 ±  0.076 %
  64       5.9775 ±    0.0559       0.00226 ±    0.00063       0.00890 ±    0.00033     2.785 ±  0.063 %    96.149 ±  0.075 %
  65       5.9307 ±    0.0549       0.00218 ±    0.00063       0.00889 ±    0.00033     2.791 ±  0.062 %    96.165 ±  0.074 %
  66       5.9528 ±    0.0548       0.00215 ±    0.00062       0.00889 ±    0.00032     2.785 ±  0.062 %    96.167 ±  0.074 %
  67       5.9438 ±    0.0543       0.00217 ±    0.00062       0.00887 ±    0.00032     2.779 ±  0.061 %    96.145 ±  0.074 %
  68       5.9264 ±    0.0537       0.00228 ±    0.00062       0.00889 ±    0.00032     2.778 ±  0.060 %    96.142 ±  0.073 %
  69       5.9200 ±    0.0532       0.00220 ±    0.00061       0.00887 ±    0.00031     2.774 ±  0.059 %    96.124 ±  0.073 %
  70       5.9152 ±    0.0527       0.00222 ±    0.00060       0.00887 ±    0.00031     2.772 ±  0.059 %    96.121 ±  0.072 %
  71       5.8913 ±    0.0521       0.00206 ±    0.00060       0.00891 ±    0.00030     2.775 ±  0.058 %    96.120 ±  0.072 %
  72       5.8932 ±    0.0518       0.00202 ±    0.00060       0.00890 ±    0.00030     2.772 ±  0.057 %    96.129 ±  0.071 %
  73       5.9195 ±    0.0517       0.00203 ±    0.00059       0.00891 ±    0.00030     2.767 ±  0.056 %    96.117 ±  0.071 %
  74       5.9488 ±    0.0517       0.00222 ±    0.00059       0.00889 ±    0.00029     2.759 ±  0.056 %    96.115 ±  0.070 %
  75       5.9374 ±    0.0512       0.00222 ±    0.00059       0.00885 ±    0.00029     2.752 ±  0.055 %    96.111 ±  0.070 %
  76       5.9596 ±    0.0511       0.00218 ±    0.00058       0.00885 ±    0.00028     2.751 ±  0.055 %    96.104 ±  0.069 %
  77       5.9551 ±    0.0507       0.00220 ±    0.00058       0.00884 ±    0.00028     2.750 ±  0.054 %    96.114 ±  0.069 %
  78       5.9467 ±    0.0502       0.00209 ±    0.00057       0.00884 ±    0.00028     2.751 ±  0.054 %    96.124 ±  0.068 %
  79       5.9742 ±    0.0502       0.00214 ±    0.00057       0.00881 ±    0.00027     2.743 ±  0.053 %    96.126 ±  0.068 %
  80       5.9352 ±    0.0495       0.00220 ±    0.00057       0.00891 ±    0.00027     2.774 ±  0.052 %    96.113 ±  0.068 %
  81       5.9453 ±    0.0493       0.00236 ±    0.00057       0.00899 ±    0.00027     2.778 ±  0.052 %    96.088 ±  0.067 %
  82       5.9199 ±    0.0487       0.00236 ±    0.00056       0.00897 ±    0.00027     2.777 ±  0.051 %    96.092 ±  0.067 %
  83       5.9126 ±    0.0483       0.00219 ±    0.00056       0.00896 ±    0.00026     2.779 ±  0.051 %    96.085 ±  0.067 %
  84       5.8956 ±    0.0479       0.00218 ±    0.00055       0.00895 ±    0.00026     2.777 ±  0.051 %    96.084 ±  0.066 %
  85       5.8794 ±    0.0474       0.00205 ±    0.00055       0.00893 ±    0.00026     2.779 ±  0.050 %    96.092 ±  0.066 %
  86       5.8933 ±    0.0473       0.00200 ±    0.00055       0.00890 ±    0.00025     2.772 ±  0.050 %    96.072 ±  0.065 %
  87       5.8746 ±    0.0468       0.00200 ±    0.00054       0.00887 ±    0.00025     2.767 ±  0.049 %    96.063 ±  0.065 %
  88       5.8697 ±    0.0465       0.00207 ±    0.00054       0.00886 ±    0.00025     2.766 ±  0.049 %    96.060 ±  0.065 %
  89       5.8882 ±    0.0464       0.00195 ±    0.00054       0.00892 ±    0.00025     2.770 ±  0.049 %    96.068 ±  0.064 %
  90       5.8956 ±    0.0462       0.00199 ±    0.00053       0.00891 ±    0.00025     2.772 ±  0.048 %    96.073 ±  0.064 %
  91       5.9444 ±    0.0464       0.00207 ±    0.00053       0.00893 ±    0.00024     2.771 ±  0.048 %    96.052 ±  0.064 %
  92       5.9830 ±    0.0466       0.00207 ±    0.00053       0.00892 ±    0.00024     2.768 ±  0.048 %    96.048 ±  0.064 %
  93       6.0135 ±    0.0466       0.00213 ±    0.00053       0.00893 ±    0.00024     2.764 ±  0.047 %    96.039 ±  0.063 %
  94       6.0380 ±    0.0466       0.00221 ±    0.00052       0.00895 ±    0.00024     2.761 ±  0.047 %    96.041 ±  0.063 %
  95       6.0714 ±    0.0467       0.00221 ±    0.00052       0.00893 ±    0.00023     2.755 ±  0.046 %    96.032 ±  0.063 %
  96       6.1136 ±    0.0468       0.00221 ±    0.00052       0.00892 ±    0.00023     2.750 ±  0.046 %    96.038 ±  0.062 %
  97       6.1658 ±    0.0472       0.00233 ±    0.00052       0.00901 ±    0.00023     2.748 ±  0.046 %    96.033 ±  0.062 %
  98       6.1600 ±    0.0469       0.00240 ±    0.00052       0.00900 ±    0.00023     2.748 ±  0.045 %    96.029 ±  0.062 %
  99       6.1682 ±    0.0467       0.00245 ±    0.00051       0.00898 ±    0.00023     2.741 ±  0.045 %    96.012 ±  0.061 %
 100       6.1773 ±    0.0465       0.00254 ±    0.00051       0.00902 ±    0.00023     2.755 ±  0.045 %    96.003 ±  0.061 %
 101       6.1530 ±    0.0461       0.00248 ±    0.00051       0.00907 ±    0.00022     2.769 ±  0.044 %    95.997 ±  0.061 %
 102       6.1567 ±    0.0459       0.00246 ±    0.00051       0.00907 ±    0.00022     2.765 ±  0.044 %    95.993 ±  0.061 %
 103       6.1558 ±    0.0456       0.00243 ±    0.00051       0.00913 ±    0.00022     2.774 ±  0.044 %    95.954 ±  0.061 %
 104       6.1546 ±    0.0454       0.00232 ±    0.00051       0.00929 ±    0.00022     2.789 ±  0.043 %    95.933 ±  0.061 %
 105       6.1471 ±    0.0451       0.00222 ±    0.00051       0.00936 ±    0.00022     2.806 ±  0.043 %    95.925 ±  0.060 %
 106       6.1305 ±    0.0447       0.00227 ±    0.00051       0.00945 ±    0.00022     2.830 ±  0.043 %    95.918 ±  0.060 %
 107       6.1432 ±    0.0447       0.00225 ±    0.00051       0.00945 ±    0.00021     2.834 ±  0.043 %    95.919 ±  0.060 %
 108       6.1360 ±    0.0444       0.00231 ±    0.00050       0.00944 ±    0.00021     2.835 ±  0.043 %    95.925 ±  0.059 %
 109       6.1411 ±    0.0442       0.00223 ±    0.00050       0.00943 ±    0.00021     2.836 ±  0.043 %    95.939 ±  0.059 %
 110       6.1408 ±    0.0440       0.00221 ±    0.00050       0.00942 ±    0.00021     2.834 ±  0.042 %    95.944 ±  0.059 %
 111       6.1257 ±    0.0437       0.00211 ±    0.00050       0.00956 ±    0.00024     2.855 ±  0.044 %    95.943 ±  0.059 %
 112       6.1125 ±    0.0434       0.00215 ±    0.00050       0.00954 ±    0.00023     2.853 ±  0.044 %    95.954 ±  0.058 %
 113       6.0899 ±    0.0430       0.00222 ±    0.00049       0.00955 ±    0.00023     2.864 ±  0.044 %    95.950 ±  0.058 %
 114       6.1175 ±    0.0431       0.00223 ±    0.00049       0.00954 ±    0.00023     2.858 ±  0.044 %    95.948 ±  0.058 %
 115       6.1230 ±    0.0429       0.00225 ±    0.00049       0.00952 ±    0.00023     2.853 ±  0.044 %    95.956 ±  0.057 %
 116       6.1324 ±    0.0428       0.00221 ±    0.00049       0.00952 ±    0.00023     2.850 ±  0.043 %    95.965 ±  0.057 %
 117       6.1418 ±    0.0427       0.00223 ±    0.00048       0.00952 ±    0.00023     2.847 ±  0.043 %    95.951 ±  0.057 %
 118       6.1387 ±    0.0425       0.00234 ±    0.00048       0.00975 ±    0.00024     2.895 ±  0.048 %    95.943 ±  0.057 %
 119       6.1190 ±    0.0422       0.00227 ±    0.00048       0.00981 ±    0.00024     2.911 ±  0.048 %    95.941 ±  0.057 %
 120       6.1263 ±    0.0421       0.00234 ±    0.00048       0.00979 ±    0.00024     2.911 ±  0.048 %    95.946 ±  0.056 %
 121       6.1234 ±    0.0419       0.00237 ±    0.00048       0.00976 ±    0.00024     2.910 ±  0.047 %    95.951 ±  0.056 %
 122       6.1182 ±    0.0417       0.00235 ±    0.00048       0.00975 ±    0.00024     2.911 ±  0.047 %    95.949 ±  0.056 %
 123       6.1088 ±    0.0414       0.00227 ±    0.00047       0.00971 ±    0.00024     2.907 ±  0.047 %    95.949 ±  0.056 %
 124       6.1051 ±    0.0413       0.00228 ±    0.00047       0.00969 ±    0.00023     2.904 ±  0.047 %    95.954 ±  0.055 %
 125       6.1200 ±    0.0412       0.00231 ±    0.00047       0.00969 ±    0.00023     2.902 ±  0.046 %    95.957 ±  0.055 %
 126       6.1154 ±    0.0410       0.00232 ±    0.00047       0.00965 ±    0.00023     2.895 ±  0.046 %    95.966 ±  0.055 %
 127       6.1265 ±    0.0410       0.00237 ±    0.00046       0.00963 ±    0.00023     2.891 ±  0.046 %    95.962 ±  0.055 %
 128       6.1160 ±    0.0407       0.00235 ±    0.00046       0.00962 ±    0.00023     2.888 ±  0.045 %    95.962 ±  0.054 %
 129       6.1143 ±    0.0406       0.00236 ±    0.00046       0.00960 ±    0.00023     2.888 ±  0.045 %    95.965 ±  0.054 %
 130       6.1039 ±    0.0403       0.00237 ±    0.00046       0.00959 ±    0.00022     2.886 ±  0.045 %    95.968 ±  0.054 %
 131       6.1096 ±    0.0402       0.00238 ±    0.00046       0.00957 ±    0.00022     2.880 ±  0.045 %    95.972 ±  0.054 %
 132       6.1116 ±    0.0401       0.00245 ±    0.00045       0.00959 ±    0.00022     2.880 ±  0.044 %    95.973 ±  0.053 %
 133       6.1215 ±    0.0400       0.00246 ±    0.00045       0.00960 ±    0.00022     2.885 ±  0.044 %    95.961 ±  0.053 %
 134       6.1343 ±    0.0400       0.00246 ±    0.00045       0.00965 ±    0.00022     2.901 ±  0.045 %    95.954 ±  0.053 %
 135       6.1304 ±    0.0398       0.00248 ±    0.00045       0.00963 ±    0.00022     2.898 ±  0.045 %    95.956 ±  0.053 %
 136       6.1103 ±    0.0395       0.00245 ±    0.00045       0.00961 ±    0.00022     2.894 ±  0.045 %    95.966 ±  0.053 %
 137       6.0801 ±    0.0391       0.00244 ±    0.00045       0.00959 ±    0.00021     2.890 ±  0.045 %    95.968 ±  0.053 %
 138       6.0871 ±    0.0390       0.00242 ±    0.00044       0.00962 ±    0.00021     2.895 ±  0.044 %    95.967 ±  0.052 %
 139       6.1022 ±    0.0390       0.00242 ±    0.00044       0.00960 ±    0.00021     2.892 ±  0.044 %    95.971 ±  0.052 %
 140       6.1286 ±    0.0391       0.00244 ±    0.00044       0.00958 ±    0.00021     2.886 ±  0.044 %    95.969 ±  0.052 %
 141       6.1155 ±    0.0388       0.00247 ±    0.00044       0.00960 ±    0.00021     2.894 ±  0.044 %    95.971 ±  0.052 %
 142       6.1168 ±    0.0387       0.00242 ±    0.00044       0.00960 ±    0.00021     2.893 ±  0.043 %    95.965 ±  0.052 %
 143       6.1176 ±    0.0386       0.00245 ±    0.00043       0.00958 ±    0.00021     2.891 ±  0.043 %    95.970 ±  0.051 %
 144       6.1291 ±    0.0385       0.00243 ±    0.00043       0.00957 ±    0.00020     2.887 ±  0.043 %    95.963 ±  0.051 %
 145       6.1218 ±    0.0384       0.00239 ±    0.00043       0.00958 ±    0.00020     2.895 ±  0.043 %    95.962 ±  0.051 %

====== Perplexity statistics ======
Mean PPL(Q)                   :   6.121765 ±   0.038355
Mean PPL(base)                :   6.107128 ±   0.038226
Cor(ln(PPL(Q)), ln(PPL(base))):  99.76%
Mean ln(PPL(Q)/PPL(base))     :   0.002394 ±   0.000432
Mean PPL(Q)/PPL(base)         :   1.002397 ±   0.000433
Mean PPL(Q)-PPL(base)         :   0.014637 ±   0.002643

====== KL divergence statistics ======
Mean    KLD:   0.009576 ±   0.000204
Maximum KLD:  17.822048
99.9%   KLD:   0.358767
99.0%   KLD:   0.086144
95.0%   KLD:   0.030892
90.0%   KLD:   0.018862
Median  KLD:   0.003398
10.0%   KLD:   0.000069
 5.0%   KLD:   0.000018
 1.0%   KLD:   0.000002
 0.1%   KLD:  -0.000002
Minimum KLD:  -0.000166

====== Token probability statistics ======
Mean    Δp: -0.048 ± 0.008 %
Maximum Δp: 99.912%
99.9%   Δp: 21.563%
99.0%   Δp:  8.019%
95.0%   Δp:  3.257%
90.0%   Δp:  1.817%
75.0%   Δp:  0.348%
Median  Δp: -0.001%
25.0%   Δp: -0.434%
10.0%   Δp: -1.972%
 5.0%   Δp: -3.468%
 1.0%   Δp: -8.276%
 0.1%   Δp: -20.754%
Minimum Δp: -97.754%
RMS Δp    :  2.895 ± 0.043 %
Same top p: 95.962 ± 0.051 %

------------------------------
llama-perplexity --kl-divergence-base /tmp/logits.dat --ctx-size 2048 -f sample-data/wiki.test.raw -hf byteshape/Qwen3.6-35B-A3B-MTP-GGUF:Qwen3.6-35B-A3B-IQ4_XS-3.97bpw -fa on -ngl 99 --cpu-moe -ctk q4_0 -ctv q8_0 --kl-divergence
0.00.573.379 I common_init_result: fitting params to device memory ...
0.00.573.383 I common_init_result: (for bugs during this step try to reproduce them with -fit off, or provide --verbose logs if the bug only occurs with -fit on)
0.02.844.492 W llama_model_loader: tensor overrides to CPU are used with mmap enabled - consider using --no-mmap for better performance
0.04.843.449 W llama_context: n_ctx_seq (2048) < n_ctx_train (262144) -- the full capacity of the model will not be utilized
0.04.882.017 I common_init_from_params: warming up the model with an empty run - please wait ... (--no-warmup to disable)
0.04.975.149 I 
0.04.975.221 I system_info: n_threads = 16 (n_threads_batch = 16) / 32 | CUDA : ARCHS = 500,610,700,750,800,860,890,900 | USE_GRAPHS = 1 | PEER_MAX_BATCH_SIZE = 128 | CPU : SSE3 = 1 | SSSE3 = 1 | AVX = 1 | AVX2 = 1 | F16C = 1 | FMA = 1 | BMI2 = 1 | LLAMAFILE = 1 | OPENMP = 1 | REPACK = 1 | 
0.05.199.025 I kl_divergence: computing over 145 chunks, n_ctx=2048, batch_size=2048, n_seq=1
0.13.796.704 I kl_divergence: 8.60 seconds per pass - ETA 20.77 minutes

chunk             PPL               ln(PPL(Q)/PPL(base))          KL Divergence              Δp RMS            Same top p
   1       4.7787 ±    0.3423       0.00465 ±    0.00552       0.01129 ±    0.00097     3.556 ±  0.330 %    95.210 ±  0.668 %
   2       6.0019 ±    0.3159       0.00364 ±    0.00368       0.01074 ±    0.00079     3.082 ±  0.207 %    94.526 ±  0.503 %
   3       6.3536 ±    0.2763       0.00447 ±    0.00275       0.00921 ±    0.00055     2.847 ±  0.168 %    95.047 ±  0.392 %
   4       6.4088 ±    0.2441       0.00824 ±    0.00232       0.00890 ±    0.00047     2.856 ±  0.166 %    95.455 ±  0.326 %
   5       6.3102 ±    0.2169       0.00679 ±    0.00207       0.00862 ±    0.00039     2.758 ±  0.140 %    95.836 ±  0.279 %
   6       5.4540 ±    0.1662       0.00508 ±    0.00213       0.00930 ±    0.00061     2.900 ±  0.130 %    95.943 ±  0.252 %
   7       4.9583 ±    0.1360       0.00426 ±    0.00191       0.00906 ±    0.00054     2.986 ±  0.145 %    95.908 ±  0.234 %
   8       4.9693 ±    0.1272       0.00418 ±    0.00181       0.00904 ±    0.00048     2.947 ±  0.130 %    95.931 ±  0.218 %
   9       5.2376 ±    0.1273       0.00476 ±    0.00171       0.00929 ±    0.00044     2.958 ±  0.122 %    95.666 ±  0.212 %
  10       5.3709 ±    0.1254       0.00569 ±    0.00160       0.00910 ±    0.00039     2.914 ±  0.112 %    95.718 ±  0.200 %
  11       5.4653 ±    0.1217       0.00565 ±    0.00150       0.00875 ±    0.00036     2.829 ±  0.105 %    95.797 ±  0.189 %
  12       5.6980 ±    0.1227       0.00507 ±    0.00142       0.00855 ±    0.00033     2.773 ±  0.099 %    95.772 ±  0.182 %
  13       5.7536 ±    0.1191       0.00434 ±    0.00138       0.00878 ±    0.00038     2.864 ±  0.137 %    95.812 ±  0.174 %
  14       5.8479 ±    0.1170       0.00396 ±    0.00133       0.00881 ±    0.00035     2.847 ±  0.130 %    95.880 ±  0.166 %
  15       5.9195 ±    0.1148       0.00352 ±    0.00129       0.00884 ±    0.00033     2.869 ±  0.122 %    95.868 ±  0.161 %
  16       6.0969 ±    0.1151       0.00338 ±    0.00124       0.00875 ±    0.00031     2.837 ±  0.116 %    95.833 ±  0.156 %
  17       6.1566 ±    0.1125       0.00297 ±    0.00119       0.00866 ±    0.00030     2.801 ±  0.111 %    95.825 ±  0.152 %
  18       6.2589 ±    0.1114       0.00294 ±    0.00115       0.00857 ±    0.00028     2.770 ±  0.106 %    95.856 ±  0.147 %
  19       6.2058 ±    0.1078       0.00278 ±    0.00110       0.00840 ±    0.00027     2.738 ±  0.102 %    95.910 ±  0.142 %
  20       5.9303 ±    0.0998       0.00316 ±    0.00113       0.00925 ±    0.00036     2.953 ±  0.101 %    95.875 ±  0.139 %
  21       5.9493 ±    0.0976       0.00291 ±    0.00110       0.00925 ±    0.00034     2.925 ±  0.097 %    95.834 ±  0.136 %
  22       5.9802 ±    0.0960       0.00282 ±    0.00107       0.00920 ±    0.00033     2.902 ±  0.094 %    95.850 ±  0.133 %
  23       6.0301 ±    0.0948       0.00240 ±    0.00106       0.00917 ±    0.00032     2.905 ±  0.092 %    95.831 ±  0.130 %
  24       6.0466 ±    0.0929       0.00272 ±    0.00103       0.00914 ±    0.00030     2.894 ±  0.089 %    95.813 ±  0.128 %
  25       6.0950 ±    0.0919       0.00280 ±    0.00100       0.00906 ±    0.00029     2.861 ±  0.086 %    95.797 ±  0.125 %
  26       6.0794 ±    0.0899       0.00287 ±    0.00098       0.00901 ±    0.00028     2.847 ±  0.084 %    95.823 ±  0.123 %
  27       6.2221 ±    0.0907       0.00269 ±    0.00095       0.00888 ±    0.00027     2.814 ±  0.082 %    95.804 ±  0.121 %
  28       6.3014 ±    0.0905       0.00242 ±    0.00093       0.00881 ±    0.00026     2.792 ±  0.080 %    95.818 ±  0.118 %
  29       6.2692 ±    0.0885       0.00237 ±    0.00092       0.00886 ±    0.00026     2.829 ±  0.079 %    95.861 ±  0.116 %
  30       6.2370 ±    0.0864       0.00251 ±    0.00090       0.00881 ±    0.00025     2.811 ±  0.077 %    95.868 ±  0.114 %
  31       6.1576 ±    0.0837       0.00224 ±    0.00088       0.00871 ±    0.00024     2.789 ±  0.075 %    95.894 ±  0.111 %
  32       6.0539 ±    0.0808       0.00198 ±    0.00086       0.00864 ±    0.00023     2.781 ±  0.073 %    95.922 ±  0.109 %
  33       6.0156 ±    0.0789       0.00145 ±    0.00089       0.00916 ±    0.00058     2.824 ±  0.087 %    95.933 ±  0.108 %
  34       6.0133 ±    0.0776       0.00143 ±    0.00087       0.00905 ±    0.00057     2.802 ±  0.085 %    95.929 ±  0.106 %
  35       6.0291 ±    0.0768       0.00128 ±    0.00086       0.00912 ±    0.00055     2.809 ±  0.083 %    95.934 ±  0.104 %
  36       6.0460 ±    0.0760       0.00110 ±    0.00085       0.00909 ±    0.00054     2.795 ±  0.081 %    95.960 ±  0.103 %
  37       5.9592 ±    0.0736       0.00108 ±    0.00083       0.00895 ±    0.00052     2.776 ±  0.080 %    95.982 ±  0.101 %
  38       5.8950 ±    0.0716       0.00094 ±    0.00081       0.00889 ±    0.00051     2.784 ±  0.079 %    95.995 ±  0.099 %
  39       5.8239 ±    0.0696       0.00084 ±    0.00080       0.00884 ±    0.00050     2.778 ±  0.077 %    96.002 ±  0.098 %
  40       5.7462 ±    0.0675       0.00080 ±    0.00079       0.00875 ±    0.00049     2.771 ±  0.075 %    96.041 ±  0.096 %
  41       5.7023 ±    0.0659       0.00091 ±    0.00078       0.00871 ±    0.00047     2.779 ±  0.075 %    96.037 ±  0.095 %
  42       5.7374 ±    0.0657       0.00101 ±    0.00077       0.00865 ±    0.00046     2.763 ±  0.074 %    96.046 ±  0.094 %
  43       5.8699 ±    0.0669       0.00102 ±    0.00076       0.00869 ±    0.00045     2.771 ±  0.074 %    96.040 ±  0.093 %
  44       5.9768 ±    0.0678       0.00111 ±    0.00076       0.00869 ±    0.00044     2.760 ±  0.073 %    96.028 ±  0.092 %
  45       5.9534 ±    0.0666       0.00118 ±    0.00075       0.00887 ±    0.00043     2.795 ±  0.071 %    96.003 ±  0.091 %
  46       5.9712 ±    0.0661       0.00148 ±    0.00075       0.00895 ±    0.00043     2.811 ±  0.070 %    96.011 ±  0.090 %
  47       6.0009 ±    0.0658       0.00149 ±    0.00074       0.00891 ±    0.00042     2.801 ±  0.069 %    96.011 ±  0.089 %
  48       6.0144 ±    0.0652       0.00154 ±    0.00073       0.00893 ±    0.00041     2.808 ±  0.068 %    96.000 ±  0.088 %
  49       6.0587 ±    0.0651       0.00139 ±    0.00072       0.00895 ±    0.00040     2.804 ±  0.067 %    95.976 ±  0.088 %
  50       6.0347 ±    0.0641       0.00142 ±    0.00072       0.00891 ±    0.00039     2.794 ±  0.066 %    95.990 ±  0.087 %
  51       6.0713 ±    0.0640       0.00142 ±    0.00070       0.00885 ±    0.00039     2.776 ±  0.065 %    96.015 ±  0.086 %
  52       6.0258 ±    0.0628       0.00145 ±    0.00069       0.00882 ±    0.00038     2.768 ±  0.064 %    96.045 ±  0.085 %
  53       6.0096 ±    0.0619       0.00153 ±    0.00069       0.00880 ±    0.00037     2.760 ±  0.063 %    96.024 ±  0.084 %
  54       5.9917 ±    0.0611       0.00166 ±    0.00068       0.00878 ±    0.00037     2.773 ±  0.066 %    96.039 ±  0.083 %
  55       5.9525 ±    0.0600       0.00178 ±    0.00067       0.00872 ±    0.00036     2.766 ±  0.065 %    96.051 ±  0.082 %
  56       5.9376 ±    0.0593       0.00152 ±    0.00067       0.00870 ±    0.00036     2.760 ±  0.064 %    96.060 ±  0.081 %
  57       5.8873 ±    0.0581       0.00155 ±    0.00066       0.00866 ±    0.00035     2.755 ±  0.063 %    96.080 ±  0.080 %
  58       5.8758 ±    0.0574       0.00132 ±    0.00066       0.00869 ±    0.00035     2.756 ±  0.063 %    96.078 ±  0.080 %
  59       5.8531 ±    0.0567       0.00155 ±    0.00065       0.00882 ±    0.00034     2.789 ±  0.062 %    96.070 ±  0.079 %
  60       5.8502 ±    0.0562       0.00151 ±    0.00065       0.00876 ±    0.00033     2.777 ±  0.062 %    96.103 ±  0.078 %
  61       5.8697 ±    0.0560       0.00155 ±    0.00064       0.00873 ±    0.00033     2.771 ±  0.061 %    96.109 ±  0.077 %
  62       5.9030 ±    0.0559       0.00158 ±    0.00063       0.00871 ±    0.00032     2.763 ±  0.060 %    96.112 ±  0.077 %
  63       5.9410 ±    0.0559       0.00170 ±    0.00063       0.00869 ±    0.00032     2.767 ±  0.061 %    96.109 ±  0.076 %
  64       5.9742 ±    0.0559       0.00171 ±    0.00062       0.00866 ±    0.00031     2.754 ±  0.060 %    96.130 ±  0.075 %
  65       5.9273 ±    0.0549       0.00161 ±    0.00061       0.00863 ±    0.00031     2.758 ±  0.059 %    96.141 ±  0.075 %
  66       5.9489 ±    0.0548       0.00150 ±    0.00061       0.00864 ±    0.00031     2.755 ±  0.058 %    96.139 ±  0.074 %
  67       5.9402 ±    0.0542       0.00157 ±    0.00061       0.00862 ±    0.00030     2.746 ±  0.058 %    96.128 ±  0.074 %
  68       5.9225 ±    0.0536       0.00162 ±    0.00060       0.00865 ±    0.00030     2.750 ±  0.057 %    96.123 ±  0.073 %
  69       5.9160 ±    0.0531       0.00153 ±    0.00059       0.00861 ±    0.00029     2.742 ±  0.056 %    96.120 ±  0.073 %
  70       5.9119 ±    0.0527       0.00165 ±    0.00059       0.00862 ±    0.00029     2.742 ±  0.056 %    96.104 ±  0.072 %
  71       5.8888 ±    0.0521       0.00162 ±    0.00059       0.00867 ±    0.00029     2.753 ±  0.055 %    96.104 ±  0.072 %
  72       5.8915 ±    0.0518       0.00173 ±    0.00058       0.00866 ±    0.00028     2.748 ±  0.054 %    96.114 ±  0.071 %
  73       5.9175 ±    0.0517       0.00169 ±    0.00058       0.00867 ±    0.00028     2.745 ±  0.054 %    96.097 ±  0.071 %
  74       5.9461 ±    0.0517       0.00177 ±    0.00058       0.00864 ±    0.00027     2.740 ±  0.053 %    96.095 ±  0.070 %
  75       5.9350 ±    0.0512       0.00182 ±    0.00057       0.00860 ±    0.00027     2.733 ±  0.053 %    96.093 ±  0.070 %
  76       5.9567 ±    0.0511       0.00171 ±    0.00057       0.00860 ±    0.00027     2.731 ±  0.052 %    96.093 ±  0.069 %
  77       5.9522 ±    0.0506       0.00172 ±    0.00056       0.00859 ±    0.00026     2.729 ±  0.052 %    96.100 ±  0.069 %
  78       5.9439 ±    0.0502       0.00162 ±    0.00056       0.00858 ±    0.00026     2.729 ±  0.051 %    96.106 ±  0.068 %
  79       5.9716 ±    0.0502       0.00172 ±    0.00055       0.00857 ±    0.00026     2.723 ±  0.051 %    96.106 ±  0.068 %
  80       5.9318 ±    0.0495       0.00162 ±    0.00055       0.00866 ±    0.00026     2.754 ±  0.050 %    96.091 ±  0.068 %
  81       5.9424 ±    0.0492       0.00186 ±    0.00055       0.00872 ±    0.00025     2.755 ±  0.049 %    96.065 ±  0.068 %
  82       5.9169 ±    0.0487       0.00186 ±    0.00055       0.00871 ±    0.00025     2.751 ±  0.049 %    96.076 ±  0.067 %
  83       5.9101 ±    0.0483       0.00178 ±    0.00054       0.00869 ±    0.00025     2.750 ±  0.048 %    96.081 ±  0.067 %
  84       5.8934 ±    0.0479       0.00180 ±    0.00054       0.00868 ±    0.00024     2.746 ±  0.048 %    96.079 ±  0.066 %
  85       5.8774 ±    0.0474       0.00171 ±    0.00054       0.00865 ±    0.00024     2.744 ±  0.047 %    96.086 ±  0.066 %
  86       5.8909 ±    0.0473       0.00160 ±    0.00053       0.00863 ±    0.00024     2.738 ±  0.047 %    96.083 ±  0.065 %
  87       5.8723 ±    0.0468       0.00160 ±    0.00053       0.00860 ±    0.00024     2.733 ±  0.047 %    96.076 ±  0.065 %
  88       5.8674 ±    0.0465       0.00168 ±    0.00053       0.00859 ±    0.00023     2.732 ±  0.046 %    96.070 ±  0.065 %
  89       5.8865 ±    0.0464       0.00164 ±    0.00052       0.00864 ±    0.00024     2.737 ±  0.046 %    96.079 ±  0.064 %
  90       5.8937 ±    0.0462       0.00167 ±    0.00052       0.00863 ±    0.00023     2.740 ±  0.046 %    96.091 ±  0.064 %
  91       5.9427 ±    0.0464       0.00178 ±    0.00052       0.00863 ±    0.00023     2.735 ±  0.046 %    96.075 ±  0.064 %
  92       5.9810 ±    0.0466       0.00172 ±    0.00051       0.00862 ±    0.00023     2.729 ±  0.045 %    96.075 ±  0.063 %
  93       6.0115 ±    0.0466       0.00181 ±    0.00051       0.00862 ±    0.00023     2.723 ±  0.045 %    96.064 ±  0.063 %
  94       6.0361 ±    0.0466       0.00190 ±    0.00051       0.00862 ±    0.00022     2.719 ±  0.045 %    96.050 ±  0.063 %
  95       6.0692 ±    0.0467       0.00184 ±    0.00051       0.00862 ±    0.00022     2.712 ±  0.044 %    96.044 ±  0.063 %
  96       6.1116 ±    0.0468       0.00189 ±    0.00050       0.00861 ±    0.00022     2.711 ±  0.044 %    96.051 ±  0.062 %
  97       6.1636 ±    0.0471       0.00197 ±    0.00051       0.00867 ±    0.00022     2.710 ±  0.044 %    96.044 ±  0.062 %
  98       6.1575 ±    0.0468       0.00200 ±    0.00050       0.00868 ±    0.00022     2.712 ±  0.043 %    96.040 ±  0.062 %
  99       6.1657 ±    0.0467       0.00203 ±    0.00050       0.00866 ±    0.00021     2.705 ±  0.043 %    96.029 ±  0.061 %
 100       6.1747 ±    0.0465       0.00211 ±    0.00050       0.00870 ±    0.00021     2.719 ±  0.043 %    96.019 ±  0.061 %
 101       6.1508 ±    0.0461       0.00212 ±    0.00050       0.00875 ±    0.00021     2.735 ±  0.043 %    96.010 ±  0.061 %
 102       6.1545 ±    0.0459       0.00210 ±    0.00049       0.00876 ±    0.00021     2.733 ±  0.042 %    96.002 ±  0.061 %
 103       6.1535 ±    0.0456       0.00206 ±    0.00049       0.00882 ±    0.00021     2.741 ±  0.042 %    95.978 ±  0.061 %
 104       6.1521 ±    0.0454       0.00191 ±    0.00049       0.00898 ±    0.00021     2.755 ±  0.041 %    95.955 ±  0.060 %
 105       6.1442 ±    0.0451       0.00176 ±    0.00049       0.00903 ±    0.00020     2.767 ±  0.041 %    95.951 ±  0.060 %
 106       6.1274 ±    0.0447       0.00178 ±    0.00050       0.00911 ±    0.00020     2.785 ±  0.041 %    95.949 ±  0.060 %
 107       6.1407 ±    0.0446       0.00184 ±    0.00049       0.00912 ±    0.00020     2.789 ±  0.041 %    95.949 ±  0.060 %
 108       6.1336 ±    0.0444       0.00191 ±    0.00049       0.00911 ±    0.00020     2.788 ±  0.041 %    95.963 ±  0.059 %
 109       6.1387 ±    0.0442       0.00184 ±    0.00049       0.00911 ±    0.00020     2.794 ±  0.041 %    95.968 ±  0.059 %
 110       6.1385 ±    0.0440       0.00182 ±    0.00049       0.00909 ±    0.00020     2.793 ±  0.040 %    95.977 ±  0.059 %
 111       6.1233 ±    0.0437       0.00171 ±    0.00049       0.00925 ±    0.00023     2.813 ±  0.042 %    95.982 ±  0.058 %
 112       6.1102 ±    0.0433       0.00176 ±    0.00048       0.00923 ±    0.00023     2.809 ±  0.041 %    95.994 ±  0.058 %
 113       6.0875 ±    0.0430       0.00183 ±    0.00048       0.00923 ±    0.00023     2.818 ±  0.042 %    95.992 ±  0.058 %
 114       6.1154 ±    0.0430       0.00188 ±    0.00048       0.00922 ±    0.00023     2.812 ±  0.042 %    95.998 ±  0.057 %
 115       6.1205 ±    0.0429       0.00184 ±    0.00048       0.00920 ±    0.00023     2.807 ±  0.041 %    95.998 ±  0.057 %
 116       6.1300 ±    0.0428       0.00182 ±    0.00047       0.00920 ±    0.00022     2.804 ±  0.041 %    95.994 ±  0.057 %
 117       6.1393 ±    0.0427       0.00183 ±    0.00047       0.00920 ±    0.00022     2.801 ±  0.041 %    95.987 ±  0.057 %
 118       6.1358 ±    0.0425       0.00187 ±    0.00047       0.00938 ±    0.00024     2.840 ±  0.045 %    95.981 ±  0.057 %
 119       6.1159 ±    0.0422       0.00177 ±    0.00047       0.00947 ±    0.00024     2.869 ±  0.046 %    95.974 ±  0.056 %
 120       6.1234 ±    0.0421       0.00187 ±    0.00047       0.00945 ±    0.00023     2.867 ±  0.046 %    95.971 ±  0.056 %
 121       6.1205 ±    0.0419       0.00190 ±    0.00047       0.00943 ±    0.00023     2.866 ±  0.045 %    95.978 ±  0.056 %
 122       6.1153 ±    0.0417       0.00187 ±    0.00047       0.00940 ±    0.00023     2.864 ±  0.045 %    95.975 ±  0.056 %
 123       6.1062 ±    0.0414       0.00183 ±    0.00046       0.00937 ±    0.00023     2.863 ±  0.045 %    95.979 ±  0.055 %
 124       6.1024 ±    0.0412       0.00185 ±    0.00046       0.00936 ±    0.00023     2.866 ±  0.045 %    95.985 ±  0.055 %
 125       6.1174 ±    0.0412       0.00188 ±    0.00046       0.00936 ±    0.00023     2.863 ±  0.044 %    95.992 ±  0.055 %
 126       6.1127 ±    0.0410       0.00189 ±    0.00046       0.00932 ±    0.00022     2.856 ±  0.044 %    96.005 ±  0.055 %
 127       6.1240 ±    0.0410       0.00194 ±    0.00045       0.00930 ±    0.00022     2.851 ±  0.044 %    96.001 ±  0.054 %
 128       6.1135 ±    0.0407       0.00194 ±    0.00045       0.00928 ±    0.00022     2.847 ±  0.044 %    96.002 ±  0.054 %
 129       6.1118 ±    0.0405       0.00194 ±    0.00045       0.00927 ±    0.00022     2.847 ±  0.043 %    96.009 ±  0.054 %
 130       6.1012 ±    0.0403       0.00193 ±    0.00045       0.00926 ±    0.00022     2.845 ±  0.043 %    96.003 ±  0.054 %
 131       6.1067 ±    0.0402       0.00190 ±    0.00045       0.00924 ±    0.00022     2.840 ±  0.043 %    96.006 ±  0.053 %
 132       6.1084 ±    0.0401       0.00191 ±    0.00044       0.00925 ±    0.00021     2.839 ±  0.043 %    96.004 ±  0.053 %
 133       6.1188 ±    0.0400       0.00201 ±    0.00044       0.00927 ±    0.00021     2.842 ±  0.042 %    95.994 ±  0.053 %
 134       6.1315 ±    0.0400       0.00199 ±    0.00044       0.00933 ±    0.00021     2.855 ±  0.043 %    95.987 ±  0.053 %
 135       6.1275 ±    0.0398       0.00200 ±    0.00044       0.00932 ±    0.00021     2.851 ±  0.043 %    95.986 ±  0.053 %
 136       6.1074 ±    0.0395       0.00198 ±    0.00044       0.00930 ±    0.00021     2.848 ±  0.043 %    95.993 ±  0.053 %
 137       6.0773 ±    0.0391       0.00198 ±    0.00043       0.00929 ±    0.00021     2.847 ±  0.043 %    95.993 ±  0.052 %
 138       6.0843 ±    0.0390       0.00195 ±    0.00043       0.00932 ±    0.00021     2.849 ±  0.042 %    95.990 ±  0.052 %
 139       6.0994 ±    0.0390       0.00196 ±    0.00043       0.00930 ±    0.00021     2.845 ±  0.042 %    95.992 ±  0.052 %
 140       6.1258 ±    0.0391       0.00199 ±    0.00043       0.00929 ±    0.00021     2.839 ±  0.042 %    95.991 ±  0.052 %
 141       6.1124 ±    0.0388       0.00196 ±    0.00043       0.00931 ±    0.00021     2.850 ±  0.042 %    95.985 ±  0.052 %
 142       6.1137 ±    0.0387       0.00192 ±    0.00043       0.00932 ±    0.00020     2.849 ±  0.041 %    95.987 ±  0.051 %
 143       6.1147 ±    0.0386       0.00197 ±    0.00042       0.00929 ±    0.00020     2.846 ±  0.041 %    95.989 ±  0.051 %
 144       6.1262 ±    0.0385       0.00196 ±    0.00042       0.00929 ±    0.00020     2.841 ±  0.041 %    95.980 ±  0.051 %
 145       6.1190 ±    0.0383       0.00194 ±    0.00042       0.00928 ±    0.00020     2.841 ±  0.041 %    95.977 ±  0.051 %

====== Perplexity statistics ======
Mean PPL(Q)                   :   6.118968 ±   0.038342
Mean PPL(base)                :   6.107128 ±   0.038226
Cor(ln(PPL(Q)), ln(PPL(base))):  99.77%
Mean ln(PPL(Q)/PPL(base))     :   0.001937 ±   0.000422
Mean PPL(Q)/PPL(base)         :   1.001939 ±   0.000423
Mean PPL(Q)-PPL(base)         :   0.011839 ±   0.002582

====== KL divergence statistics ======
Mean    KLD:   0.009283 ±   0.000200
Maximum KLD:  18.156622
99.9%   KLD:   0.348554
99.0%   KLD:   0.085540
95.0%   KLD:   0.030667
90.0%   KLD:   0.018499
Median  KLD:   0.003278
10.0%   KLD:   0.000062
 5.0%   KLD:   0.000016
 1.0%   KLD:   0.000001
 0.1%   KLD:  -0.000003
Minimum KLD:  -0.000073

====== Token probability statistics ======
Mean    Δp: -0.035 ± 0.007 %
Maximum Δp: 99.486%
99.9%   Δp: 20.851%
99.0%   Δp:  7.911%
95.0%   Δp:  3.231%
90.0%   Δp:  1.808%
75.0%   Δp:  0.350%
Median  Δp: -0.000%
25.0%   Δp: -0.415%
10.0%   Δp: -1.923%
 5.0%   Δp: -3.404%
 1.0%   Δp: -8.190%
 0.1%   Δp: -20.775%
Minimum Δp: -98.007%
RMS Δp    :  2.841 ± 0.041 %
Same top p: 95.977 ± 0.051 %

------------------------------
llama-perplexity --kl-divergence-base /tmp/logits.dat --ctx-size 2048 -f sample-data/wiki.test.raw -hf byteshape/Qwen3.6-35B-A3B-MTP-GGUF:Qwen3.6-35B-A3B-IQ4_XS-3.97bpw -fa on -ngl 99 --cpu-moe -ctk q4_0 -ctv turbo4 --kl-divergence
0.00.557.883 I common_init_result: fitting params to device memory ...
0.00.557.887 I common_init_result: (for bugs during this step try to reproduce them with -fit off, or provide --verbose logs if the bug only occurs with -fit on)
0.02.733.135 W llama_model_loader: tensor overrides to CPU are used with mmap enabled - consider using --no-mmap for better performance
0.04.663.009 W llama_context: n_ctx_seq (2048) < n_ctx_train (262144) -- the full capacity of the model will not be utilized
0.04.701.598 I common_init_from_params: warming up the model with an empty run - please wait ... (--no-warmup to disable)
0.04.984.298 I 
0.04.984.395 I system_info: n_threads = 16 (n_threads_batch = 16) / 32 | CUDA : ARCHS = 500,610,700,750,800,860,890,900 | USE_GRAPHS = 1 | PEER_MAX_BATCH_SIZE = 128 | CPU : SSE3 = 1 | SSSE3 = 1 | AVX = 1 | AVX2 = 1 | F16C = 1 | FMA = 1 | BMI2 = 1 | LLAMAFILE = 1 | OPENMP = 1 | REPACK = 1 | 
0.05.208.325 I kl_divergence: computing over 145 chunks, n_ctx=2048, batch_size=2048, n_seq=1
0.17.761.871 I kl_divergence: 12.55 seconds per pass - ETA 30.33 minutes

chunk             PPL               ln(PPL(Q)/PPL(base))          KL Divergence              Δp RMS            Same top p
   1       4.7960 ±    0.3446       0.00826 ±    0.00782       0.01555 ±    0.00135     3.821 ±  0.377 %    94.721 ±  0.699 %
   2       6.0392 ±    0.3195       0.00984 ±    0.00497       0.01441 ±    0.00079     3.290 ±  0.227 %    93.744 ±  0.536 %
   3       6.4216 ±    0.2810       0.01511 ±    0.00377       0.01341 ±    0.00059     3.139 ±  0.168 %    94.070 ±  0.426 %
   4       6.4409 ±    0.2464       0.01324 ±    0.00305       0.01245 ±    0.00051     3.116 ±  0.165 %    94.526 ±  0.356 %
   5       6.3259 ±    0.2179       0.00928 ±    0.00273       0.01229 ±    0.00042     3.073 ±  0.136 %    94.761 ±  0.312 %
   6       5.4662 ±    0.1668       0.00731 ±    0.00257       0.01339 ±    0.00054     3.446 ±  0.146 %    94.803 ±  0.283 %
   7       4.9763 ±    0.1367       0.00789 ±    0.00239       0.01354 ±    0.00066     3.645 ±  0.213 %    94.973 ±  0.258 %
   8       4.9856 ±    0.1280       0.00746 ±    0.00225       0.01369 ±    0.00059     3.644 ±  0.195 %    95.015 ±  0.241 %
   9       5.2523 ±    0.1279       0.00756 ±    0.00211       0.01400 ±    0.00053     3.590 ±  0.177 %    94.776 ±  0.232 %
  10       5.3819 ±    0.1258       0.00772 ±    0.00197       0.01381 ±    0.00049     3.550 ±  0.162 %    94.790 ±  0.220 %
  11       5.4725 ±    0.1219       0.00698 ±    0.00185       0.01338 ±    0.00044     3.478 ±  0.151 %    94.872 ±  0.208 %
  12       5.7067 ±    0.1230       0.00659 ±    0.00174       0.01318 ±    0.00041     3.428 ±  0.142 %    94.941 ±  0.198 %
  13       5.7665 ±    0.1195       0.00659 ±    0.00167       0.01326 ±    0.00039     3.453 ±  0.132 %    94.932 ±  0.190 %
  14       5.8606 ±    0.1173       0.00614 ±    0.00159       0.01327 ±    0.00036     3.420 ±  0.124 %    94.917 ±  0.184 %
  15       5.9376 ±    0.1153       0.00657 ±    0.00155       0.01337 ±    0.00034     3.420 ±  0.117 %    94.884 ±  0.178 %
  16       6.1175 ±    0.1157       0.00674 ±    0.00149       0.01326 ±    0.00032     3.377 ±  0.111 %    94.844 ±  0.173 %
  17       6.1805 ±    0.1132       0.00685 ±    0.00144       0.01317 ±    0.00031     3.362 ±  0.106 %    94.808 ±  0.168 %
  18       6.2824 ±    0.1121       0.00669 ±    0.00140       0.01307 ±    0.00029     3.313 ±  0.102 %    94.846 ±  0.163 %
  19       6.2311 ±    0.1085       0.00686 ±    0.00135       0.01285 ±    0.00028     3.276 ±  0.098 %    94.901 ±  0.158 %
  20       5.9532 ±    0.1004       0.00702 ±    0.00135       0.01433 ±    0.00060     3.537 ±  0.100 %    94.922 ±  0.153 %
  21       5.9737 ±    0.0982       0.00701 ±    0.00131       0.01434 ±    0.00058     3.521 ±  0.096 %    94.894 ±  0.150 %
  22       6.0042 ±    0.0966       0.00683 ±    0.00128       0.01428 ±    0.00055     3.509 ±  0.093 %    94.890 ±  0.147 %
  23       6.0531 ±    0.0953       0.00621 ±    0.00126       0.01423 ±    0.00053     3.490 ±  0.089 %    94.887 ±  0.144 %
  24       6.0698 ±    0.0934       0.00654 ±    0.00123       0.01424 ±    0.00051     3.489 ±  0.086 %    94.872 ±  0.141 %
  25       6.1162 ±    0.0924       0.00626 ±    0.00120       0.01416 ±    0.00049     3.470 ±  0.084 %    94.890 ±  0.138 %
  26       6.0998 ±    0.0903       0.00621 ±    0.00118       0.01414 ±    0.00047     3.485 ±  0.082 %    94.924 ±  0.135 %
  27       6.2426 ±    0.0911       0.00597 ±    0.00115       0.01400 ±    0.00045     3.450 ±  0.080 %    94.899 ±  0.132 %
  28       6.3237 ±    0.0910       0.00595 ±    0.00113       0.01397 ±    0.00044     3.423 ±  0.078 %    94.889 ±  0.130 %
  29       6.2924 ±    0.0890       0.00607 ±    0.00111       0.01396 ±    0.00043     3.425 ±  0.076 %    94.937 ±  0.127 %
  30       6.2580 ±    0.0869       0.00587 ±    0.00109       0.01396 ±    0.00041     3.420 ±  0.074 %    94.933 ±  0.125 %
  31       6.1800 ±    0.0841       0.00588 ±    0.00107       0.01386 ±    0.00040     3.407 ±  0.072 %    94.917 ±  0.123 %
  32       6.0768 ±    0.0812       0.00575 ±    0.00106       0.01377 ±    0.00039     3.404 ±  0.070 %    94.920 ±  0.121 %
  33       6.0415 ±    0.0794       0.00576 ±    0.00107       0.01396 ±    0.00042     3.447 ±  0.077 %    94.893 ±  0.120 %
  34       6.0401 ±    0.0782       0.00589 ±    0.00105       0.01389 ±    0.00041     3.442 ±  0.077 %    94.897 ±  0.118 %
  35       6.0580 ±    0.0773       0.00607 ±    0.00105       0.01411 ±    0.00043     3.477 ±  0.084 %    94.903 ±  0.116 %
  36       6.0740 ±    0.0766       0.00572 ±    0.00103       0.01409 ±    0.00042     3.473 ±  0.082 %    94.911 ±  0.115 %
  37       5.9863 ±    0.0741       0.00562 ±    0.00101       0.01392 ±    0.00041     3.451 ±  0.080 %    94.951 ±  0.113 %
  38       5.9223 ±    0.0721       0.00555 ±    0.00099       0.01380 ±    0.00040     3.444 ±  0.079 %    94.961 ±  0.111 %
  39       5.8502 ±    0.0701       0.00534 ±    0.00098       0.01370 ±    0.00039     3.440 ±  0.077 %    94.970 ±  0.109 %
  40       5.7723 ±    0.0679       0.00532 ±    0.00096       0.01357 ±    0.00038     3.433 ±  0.076 %    94.993 ±  0.108 %
  41       5.7281 ±    0.0664       0.00541 ±    0.00095       0.01349 ±    0.00037     3.430 ±  0.074 %    95.008 ±  0.106 %
  42       5.7635 ±    0.0661       0.00555 ±    0.00093       0.01347 ±    0.00036     3.418 ±  0.073 %    94.987 ±  0.105 %
  43       5.8983 ±    0.0674       0.00583 ±    0.00092       0.01354 ±    0.00036     3.429 ±  0.074 %    94.956 ±  0.104 %
  44       6.0034 ±    0.0682       0.00555 ±    0.00092       0.01352 ±    0.00035     3.412 ±  0.073 %    94.919 ±  0.104 %
  45       5.9810 ±    0.0671       0.00580 ±    0.00091       0.01381 ±    0.00035     3.472 ±  0.071 %    94.904 ±  0.102 %
  46       5.9976 ±    0.0666       0.00589 ±    0.00091       0.01387 ±    0.00034     3.472 ±  0.070 %    94.902 ±  0.101 %
  47       6.0269 ±    0.0662       0.00582 ±    0.00089       0.01383 ±    0.00033     3.463 ±  0.069 %    94.892 ±  0.100 %
  48       6.0404 ±    0.0657       0.00584 ±    0.00088       0.01390 ±    0.00033     3.489 ±  0.070 %    94.870 ±  0.100 %
  49       6.0863 ±    0.0656       0.00594 ±    0.00087       0.01397 ±    0.00032     3.490 ±  0.068 %    94.841 ±  0.099 %
  50       6.0615 ±    0.0646       0.00586 ±    0.00087       0.01398 ±    0.00032     3.485 ±  0.067 %    94.841 ±  0.098 %
  51       6.0984 ±    0.0644       0.00588 ±    0.00085       0.01389 ±    0.00031     3.469 ±  0.066 %    94.875 ±  0.097 %
  52       6.0530 ±    0.0632       0.00596 ±    0.00084       0.01384 ±    0.00031     3.466 ±  0.065 %    94.898 ±  0.095 %
  53       6.0371 ±    0.0624       0.00609 ±    0.00083       0.01382 ±    0.00030     3.461 ±  0.064 %    94.874 ±  0.095 %
  54       6.0189 ±    0.0615       0.00619 ±    0.00083       0.01377 ±    0.00030     3.470 ±  0.065 %    94.872 ±  0.094 %
  55       5.9799 ±    0.0604       0.00638 ±    0.00081       0.01368 ±    0.00029     3.461 ±  0.064 %    94.887 ±  0.093 %
  56       5.9658 ±    0.0597       0.00626 ±    0.00081       0.01363 ±    0.00029     3.452 ±  0.064 %    94.892 ±  0.092 %
  57       5.9146 ±    0.0585       0.00617 ±    0.00080       0.01356 ±    0.00028     3.445 ±  0.063 %    94.919 ±  0.091 %
  58       5.9030 ±    0.0579       0.00595 ±    0.00079       0.01358 ±    0.00028     3.453 ±  0.062 %    94.922 ±  0.090 %
  59       5.8797 ±    0.0571       0.00609 ±    0.00079       0.01375 ±    0.00028     3.484 ±  0.061 %    94.927 ±  0.089 %
  60       5.8773 ±    0.0566       0.00612 ±    0.00078       0.01369 ±    0.00027     3.476 ±  0.061 %    94.935 ±  0.089 %
  61       5.8976 ±    0.0564       0.00628 ±    0.00077       0.01373 ±    0.00027     3.490 ±  0.061 %    94.923 ±  0.088 %
  62       5.9297 ±    0.0563       0.00609 ±    0.00077       0.01373 ±    0.00027     3.479 ±  0.060 %    94.918 ±  0.087 %
  63       5.9675 ±    0.0563       0.00615 ±    0.00076       0.01371 ±    0.00026     3.471 ±  0.060 %    94.897 ±  0.087 %
  64       6.0011 ±    0.0563       0.00620 ±    0.00075       0.01368 ±    0.00026     3.456 ±  0.059 %    94.902 ±  0.086 %
  65       5.9546 ±    0.0553       0.00620 ±    0.00075       0.01363 ±    0.00025     3.460 ±  0.058 %    94.932 ±  0.085 %
  66       5.9770 ±    0.0552       0.00621 ±    0.00074       0.01364 ±    0.00025     3.455 ±  0.057 %    94.920 ±  0.085 %
  67       5.9678 ±    0.0546       0.00621 ±    0.00073       0.01360 ±    0.00025     3.449 ±  0.057 %    94.910 ±  0.084 %
  68       5.9491 ±    0.0540       0.00610 ±    0.00073       0.01360 ±    0.00024     3.447 ±  0.056 %    94.917 ±  0.083 %
  69       5.9431 ±    0.0535       0.00609 ±    0.00072       0.01357 ±    0.00024     3.441 ±  0.055 %    94.928 ±  0.083 %
  70       5.9383 ±    0.0531       0.00610 ±    0.00072       0.01357 ±    0.00024     3.437 ±  0.055 %    94.922 ±  0.082 %
  71       5.9158 ±    0.0525       0.00620 ±    0.00071       0.01366 ±    0.00024     3.452 ±  0.054 %    94.916 ±  0.082 %
  72       5.9172 ±    0.0521       0.00608 ±    0.00071       0.01367 ±    0.00024     3.450 ±  0.054 %    94.917 ±  0.081 %
  73       5.9440 ±    0.0521       0.00615 ±    0.00070       0.01370 ±    0.00023     3.448 ±  0.053 %    94.909 ±  0.080 %
  74       5.9735 ±    0.0521       0.00637 ±    0.00070       0.01368 ±    0.00023     3.440 ±  0.053 %    94.902 ±  0.080 %
  75       5.9631 ±    0.0516       0.00654 ±    0.00069       0.01362 ±    0.00023     3.432 ±  0.052 %    94.901 ±  0.079 %
  76       5.9855 ±    0.0515       0.00653 ±    0.00069       0.01360 ±    0.00023     3.428 ±  0.052 %    94.894 ±  0.079 %
  77       5.9818 ±    0.0510       0.00667 ±    0.00068       0.01360 ±    0.00022     3.430 ±  0.051 %    94.897 ±  0.078 %
  78       5.9735 ±    0.0506       0.00659 ±    0.00068       0.01358 ±    0.00022     3.425 ±  0.051 %    94.887 ±  0.078 %
  79       6.0015 ±    0.0506       0.00671 ±    0.00067       0.01356 ±    0.00022     3.420 ±  0.050 %    94.886 ±  0.077 %
  80       5.9615 ±    0.0499       0.00662 ±    0.00067       0.01370 ±    0.00022     3.450 ±  0.049 %    94.891 ±  0.077 %
  81       5.9728 ±    0.0496       0.00696 ±    0.00067       0.01382 ±    0.00021     3.457 ±  0.049 %    94.873 ±  0.077 %
  82       5.9468 ±    0.0491       0.00690 ±    0.00067       0.01381 ±    0.00021     3.456 ±  0.048 %    94.898 ±  0.076 %
  83       5.9397 ±    0.0487       0.00677 ±    0.00066       0.01379 ±    0.00021     3.461 ±  0.048 %    94.898 ±  0.076 %
  84       5.9229 ±    0.0482       0.00680 ±    0.00066       0.01377 ±    0.00021     3.461 ±  0.048 %    94.898 ±  0.075 %
  85       5.9073 ±    0.0478       0.00677 ±    0.00066       0.01375 ±    0.00021     3.461 ±  0.047 %    94.911 ±  0.075 %
  86       5.9217 ±    0.0477       0.00681 ±    0.00065       0.01373 ±    0.00020     3.459 ±  0.047 %    94.900 ±  0.074 %
  87       5.9031 ±    0.0472       0.00683 ±    0.00065       0.01368 ±    0.00020     3.458 ±  0.047 %    94.909 ±  0.074 %
  88       5.8980 ±    0.0469       0.00688 ±    0.00064       0.01370 ±    0.00020     3.475 ±  0.048 %    94.888 ±  0.073 %
  89       5.9171 ±    0.0468       0.00684 ±    0.00064       0.01374 ±    0.00020     3.487 ±  0.049 %    94.881 ±  0.073 %
  90       5.9239 ±    0.0466       0.00679 ±    0.00064       0.01374 ±    0.00020     3.489 ±  0.049 %    94.892 ±  0.073 %
  91       5.9733 ±    0.0468       0.00692 ±    0.00063       0.01376 ±    0.00020     3.485 ±  0.048 %    94.867 ±  0.072 %
  92       6.0114 ±    0.0470       0.00680 ±    0.00063       0.01374 ±    0.00020     3.478 ±  0.048 %    94.864 ±  0.072 %
  93       6.0425 ±    0.0470       0.00694 ±    0.00063       0.01376 ±    0.00019     3.473 ±  0.047 %    94.841 ±  0.072 %
  94       6.0668 ±    0.0470       0.00697 ±    0.00062       0.01377 ±    0.00019     3.467 ±  0.047 %    94.840 ±  0.071 %
  95       6.1002 ±    0.0470       0.00694 ±    0.00062       0.01378 ±    0.00019     3.462 ±  0.047 %    94.820 ±  0.071 %
  96       6.1425 ±    0.0472       0.00693 ±    0.00062       0.01379 ±    0.00019     3.466 ±  0.046 %    94.822 ±  0.071 %
  97       6.1946 ±    0.0475       0.00699 ±    0.00062       0.01385 ±    0.00019     3.463 ±  0.046 %    94.822 ±  0.070 %
  98       6.1888 ±    0.0472       0.00707 ±    0.00061       0.01385 ±    0.00019     3.470 ±  0.046 %    94.828 ±  0.070 %
  99       6.1966 ±    0.0470       0.00703 ±    0.00061       0.01381 ±    0.00018     3.461 ±  0.046 %    94.826 ±  0.070 %
 100       6.2061 ±    0.0469       0.00718 ±    0.00061       0.01386 ±    0.00018     3.475 ±  0.046 %    94.816 ±  0.069 %
 101       6.1818 ±    0.0464       0.00715 ±    0.00060       0.01393 ±    0.00018     3.489 ±  0.045 %    94.801 ±  0.069 %
 102       6.1853 ±    0.0462       0.00709 ±    0.00060       0.01395 ±    0.00018     3.487 ±  0.045 %    94.797 ±  0.069 %
 103       6.1850 ±    0.0460       0.00717 ±    0.00060       0.01402 ±    0.00018     3.496 ±  0.045 %    94.770 ±  0.069 %
 104       6.1843 ±    0.0457       0.00713 ±    0.00060       0.01422 ±    0.00018     3.509 ±  0.044 %    94.743 ±  0.068 %
 105       6.1772 ±    0.0454       0.00711 ±    0.00060       0.01430 ±    0.00018     3.519 ±  0.044 %    94.725 ±  0.068 %
 106       6.1609 ±    0.0451       0.00722 ±    0.00060       0.01441 ±    0.00018     3.544 ±  0.044 %    94.715 ±  0.068 %
 107       6.1737 ±    0.0450       0.00720 ±    0.00060       0.01441 ±    0.00018     3.543 ±  0.044 %    94.724 ±  0.068 %
 108       6.1663 ±    0.0447       0.00723 ±    0.00060       0.01441 ±    0.00017     3.548 ±  0.044 %    94.736 ±  0.067 %
 109       6.1712 ±    0.0446       0.00711 ±    0.00059       0.01439 ±    0.00017     3.548 ±  0.044 %    94.742 ±  0.067 %
 110       6.1709 ±    0.0444       0.00709 ±    0.00059       0.01439 ±    0.00017     3.551 ±  0.044 %    94.749 ±  0.066 %
 111       6.1558 ±    0.0440       0.00701 ±    0.00059       0.01449 ±    0.00020     3.561 ±  0.044 %    94.743 ±  0.066 %
 112       6.1420 ±    0.0437       0.00695 ±    0.00059       0.01445 ±    0.00019     3.555 ±  0.044 %    94.753 ±  0.066 %
 113       6.1189 ±    0.0433       0.00697 ±    0.00058       0.01444 ±    0.00019     3.563 ±  0.044 %    94.759 ±  0.066 %
 114       6.1466 ±    0.0434       0.00698 ±    0.00058       0.01443 ±    0.00019     3.558 ±  0.044 %    94.763 ±  0.065 %
 115       6.1514 ±    0.0432       0.00689 ±    0.00058       0.01441 ±    0.00019     3.552 ±  0.043 %    94.765 ±  0.065 %
 116       6.1614 ±    0.0431       0.00693 ±    0.00057       0.01442 ±    0.00019     3.548 ±  0.043 %    94.769 ±  0.065 %
 117       6.1710 ±    0.0430       0.00697 ±    0.00057       0.01445 ±    0.00019     3.546 ±  0.043 %    94.753 ±  0.064 %
 118       6.1681 ±    0.0428       0.00713 ±    0.00057       0.01462 ±    0.00020     3.574 ±  0.045 %    94.752 ±  0.064 %
 119       6.1490 ±    0.0425       0.00717 ±    0.00058       0.01473 ±    0.00021     3.601 ±  0.046 %    94.749 ±  0.064 %
 120       6.1563 ±    0.0424       0.00724 ±    0.00058       0.01471 ±    0.00020     3.600 ±  0.045 %    94.756 ±  0.064 %
 121       6.1536 ±    0.0422       0.00729 ±    0.00057       0.01466 ±    0.00020     3.596 ±  0.045 %    94.759 ±  0.063 %
 122       6.1486 ±    0.0420       0.00730 ±    0.00057       0.01463 ±    0.00020     3.592 ±  0.045 %    94.757 ±  0.063 %
 123       6.1393 ±    0.0418       0.00725 ±    0.00057       0.01458 ±    0.00020     3.588 ±  0.045 %    94.766 ±  0.063 %
 124       6.1355 ±    0.0416       0.00725 ±    0.00056       0.01456 ±    0.00020     3.585 ±  0.044 %    94.773 ±  0.062 %
 125       6.1505 ±    0.0416       0.00728 ±    0.00056       0.01456 ±    0.00020     3.581 ±  0.044 %    94.775 ±  0.062 %
 126       6.1456 ±    0.0414       0.00726 ±    0.00056       0.01452 ±    0.00020     3.575 ±  0.044 %    94.788 ±  0.062 %
 127       6.1565 ±    0.0413       0.00724 ±    0.00055       0.01448 ±    0.00019     3.569 ±  0.044 %    94.791 ±  0.062 %
 128       6.1462 ±    0.0411       0.00728 ±    0.00055       0.01446 ±    0.00019     3.566 ±  0.043 %    94.798 ±  0.061 %
 129       6.1450 ±    0.0409       0.00736 ±    0.00055       0.01445 ±    0.00019     3.565 ±  0.043 %    94.809 ±  0.061 %
 130       6.1342 ±    0.0406       0.00732 ±    0.00055       0.01442 ±    0.00019     3.562 ±  0.043 %    94.812 ±  0.061 %
 131       6.1400 ±    0.0406       0.00735 ±    0.00054       0.01440 ±    0.00019     3.556 ±  0.043 %    94.815 ±  0.061 %
 132       6.1417 ±    0.0404       0.00735 ±    0.00054       0.01442 ±    0.00019     3.557 ±  0.042 %    94.806 ±  0.060 %
 133       6.1518 ±    0.0403       0.00740 ±    0.00054       0.01448 ±    0.00019     3.570 ±  0.043 %    94.792 ±  0.060 %
 134       6.1650 ±    0.0403       0.00745 ±    0.00054       0.01455 ±    0.00019     3.587 ±  0.044 %    94.788 ±  0.060 %
 135       6.1610 ±    0.0401       0.00746 ±    0.00054       0.01455 ±    0.00019     3.586 ±  0.044 %    94.782 ±  0.060 %
 136       6.1403 ±    0.0398       0.00735 ±    0.00054       0.01451 ±    0.00019     3.582 ±  0.044 %    94.793 ±  0.060 %
 137       6.1099 ±    0.0394       0.00733 ±    0.00053       0.01448 ±    0.00019     3.578 ±  0.043 %    94.799 ±  0.059 %
 138       6.1182 ±    0.0394       0.00752 ±    0.00053       0.01452 ±    0.00019     3.579 ±  0.043 %    94.800 ±  0.059 %
 139       6.1333 ±    0.0393       0.00751 ±    0.00053       0.01450 ±    0.00018     3.574 ±  0.043 %    94.802 ±  0.059 %
 140       6.1600 ±    0.0394       0.00755 ±    0.00053       0.01448 ±    0.00018     3.567 ±  0.043 %    94.799 ±  0.059 %
 141       6.1465 ±    0.0392       0.00753 ±    0.00053       0.01453 ±    0.00018     3.586 ±  0.043 %    94.795 ±  0.058 %
 142       6.1481 ±    0.0390       0.00754 ±    0.00052       0.01454 ±    0.00018     3.586 ±  0.042 %    94.795 ±  0.058 %
 143       6.1490 ±    0.0389       0.00756 ±    0.00052       0.01451 ±    0.00018     3.584 ±  0.042 %    94.794 ±  0.058 %
 144       6.1607 ±    0.0388       0.00756 ±    0.00052       0.01450 ±    0.00018     3.579 ±  0.042 %    94.781 ±  0.058 %
 145       6.1534 ±    0.0387       0.00755 ±    0.00052       0.01449 ±    0.00018     3.579 ±  0.042 %    94.785 ±  0.058 %

====== Perplexity statistics ======
Mean PPL(Q)                   :   6.153409 ±   0.038676
Mean PPL(base)                :   6.107128 ±   0.038226
Cor(ln(PPL(Q)), ln(PPL(base))):  99.66%
Mean ln(PPL(Q)/PPL(base))     :   0.007550 ±   0.000518
Mean PPL(Q)/PPL(base)         :   1.007578 ±   0.000522
Mean PPL(Q)-PPL(base)         :   0.046281 ±   0.003203

====== KL divergence statistics ======
Mean    KLD:   0.014492 ±   0.000177
Maximum KLD:  10.540776
99.9%   KLD:   0.495283
99.0%   KLD:   0.124574
95.0%   KLD:   0.047534
90.0%   KLD:   0.030213
Median  KLD:   0.006170
10.0%   KLD:   0.000139
 5.0%   KLD:   0.000038
 1.0%   KLD:   0.000005
 0.1%   KLD:  -0.000000
Minimum KLD:  -0.000039

====== Token probability statistics ======
Mean    Δp: -0.075 ± 0.009 %
Maximum Δp: 90.925%
99.9%   Δp: 23.826%
99.0%   Δp: 10.036%
95.0%   Δp:  4.307%
90.0%   Δp:  2.498%
75.0%   Δp:  0.485%
Median  Δp: -0.002%
25.0%   Δp: -0.587%
10.0%   Δp: -2.653%
 5.0%   Δp: -4.601%
 1.0%   Δp: -10.577%
 0.1%   Δp: -26.662%
Minimum Δp: -99.495%
RMS Δp    :  3.579 ± 0.042 %
Same top p: 94.785 ± 0.058 %

------------------------------
llama-perplexity --kl-divergence-base /tmp/logits.dat --ctx-size 2048 -f sample-data/wiki.test.raw -hf byteshape/Qwen3.6-35B-A3B-MTP-GGUF:Qwen3.6-35B-A3B-IQ4_XS-3.97bpw -fa on -ngl 99 --cpu-moe -ctk q4_0 -ctv turbo3 --kl-divergence
0.00.555.099 I common_init_result: fitting params to device memory ...
0.00.555.103 I common_init_result: (for bugs during this step try to reproduce them with -fit off, or provide --verbose logs if the bug only occurs with -fit on)
0.02.749.721 W llama_model_loader: tensor overrides to CPU are used with mmap enabled - consider using --no-mmap for better performance
0.04.752.310 W llama_context: n_ctx_seq (2048) < n_ctx_train (262144) -- the full capacity of the model will not be utilized
0.04.790.229 I common_init_from_params: warming up the model with an empty run - please wait ... (--no-warmup to disable)
0.04.875.012 I 
0.04.875.088 I system_info: n_threads = 16 (n_threads_batch = 16) / 32 | CUDA : ARCHS = 500,610,700,750,800,860,890,900 | USE_GRAPHS = 1 | PEER_MAX_BATCH_SIZE = 128 | CPU : SSE3 = 1 | SSSE3 = 1 | AVX = 1 | AVX2 = 1 | F16C = 1 | FMA = 1 | BMI2 = 1 | LLAMAFILE = 1 | OPENMP = 1 | REPACK = 1 | 
0.05.105.536 I kl_divergence: computing over 145 chunks, n_ctx=2048, batch_size=2048, n_seq=1
0.21.297.944 I kl_divergence: 16.19 seconds per pass - ETA 39.12 minutes

chunk             PPL               ln(PPL(Q)/PPL(base))          KL Divergence              Δp RMS            Same top p
   1       4.8132 ±    0.3459       0.01184 ±    0.00830       0.01958 ±    0.00138     4.293 ±  0.324 %    92.962 ±  0.800 %
   2       6.0332 ±    0.3184       0.00886 ±    0.00582       0.02003 ±    0.00134     4.460 ±  0.461 %    92.620 ±  0.578 %
   3       6.3950 ±    0.2785       0.01097 ±    0.00471       0.01879 ±    0.00100     4.286 ±  0.353 %    93.125 ±  0.457 %
   4       6.4305 ±    0.2449       0.01162 ±    0.00378       0.01733 ±    0.00077     4.037 ±  0.283 %    93.671 ±  0.381 %
   5       6.3282 ±    0.2174       0.00964 ±    0.00326       0.01680 ±    0.00063     3.964 ±  0.233 %    94.076 ±  0.330 %
   6       5.4761 ±    0.1668       0.00914 ±    0.00296       0.01738 ±    0.00064     4.155 ±  0.199 %    94.428 ±  0.293 %
   7       4.9783 ±    0.1364       0.00829 ±    0.00268       0.01702 ±    0.00057     4.156 ±  0.174 %    94.498 ±  0.269 %
   8       4.9930 ±    0.1278       0.00895 ±    0.00249       0.01731 ±    0.00051     4.135 ±  0.157 %    94.453 ±  0.253 %
   9       5.2572 ±    0.1276       0.00849 ±    0.00234       0.01769 ±    0.00047     4.061 ±  0.143 %    94.146 ±  0.245 %
  10       5.3854 ±    0.1255       0.00838 ±    0.00219       0.01737 ±    0.00043     3.978 ±  0.132 %    94.242 ±  0.230 %
  11       5.4779 ±    0.1217       0.00796 ±    0.00208       0.01705 ±    0.00041     3.904 ±  0.123 %    94.242 ±  0.220 %
  12       5.7096 ±    0.1227       0.00709 ±    0.00197       0.01696 ±    0.00039     3.896 ±  0.118 %    94.143 ±  0.212 %
  13       5.7695 ±    0.1192       0.00712 ±    0.00189       0.01705 ±    0.00036     3.899 ±  0.110 %    94.225 ±  0.202 %
  14       5.8616 ±    0.1169       0.00630 ±    0.00180       0.01704 ±    0.00034     3.865 ±  0.104 %    94.163 ±  0.196 %
  15       5.9390 ±    0.1149       0.00682 ±    0.00174       0.01708 ±    0.00033     3.885 ±  0.098 %    94.115 ±  0.190 %
  16       6.1204 ±    0.1153       0.00722 ±    0.00168       0.01693 ±    0.00031     3.837 ±  0.094 %    94.110 ±  0.184 %
  17       6.1819 ±    0.1128       0.00707 ±    0.00162       0.01680 ±    0.00029     3.812 ±  0.090 %    94.123 ±  0.178 %
  18       6.2861 ±    0.1117       0.00728 ±    0.00157       0.01674 ±    0.00028     3.778 ±  0.086 %    94.129 ±  0.173 %
  19       6.2322 ±    0.1081       0.00702 ±    0.00152       0.01659 ±    0.00027     3.757 ±  0.082 %    94.181 ±  0.168 %
  20       5.9550 ±    0.1000       0.00732 ±    0.00152       0.01771 ±    0.00034     4.026 ±  0.086 %    94.174 ±  0.164 %
  21       5.9732 ±    0.0978       0.00692 ±    0.00148       0.01775 ±    0.00033     4.014 ±  0.083 %    94.121 ±  0.160 %
  22       6.0050 ±    0.0962       0.00696 ±    0.00144       0.01769 ±    0.00032     3.995 ±  0.080 %    94.144 ±  0.157 %
  23       6.0583 ±    0.0950       0.00706 ±    0.00142       0.01764 ±    0.00030     3.966 ±  0.078 %    94.135 ±  0.153 %
  24       6.0766 ±    0.0932       0.00767 ±    0.00139       0.01768 ±    0.00029     3.955 ±  0.075 %    94.115 ±  0.150 %
  25       6.1258 ±    0.0923       0.00783 ±    0.00135       0.01756 ±    0.00028     3.929 ±  0.073 %    94.115 ±  0.147 %
  26       6.1098 ±    0.0902       0.00786 ±    0.00133       0.01751 ±    0.00027     3.927 ±  0.072 %    94.154 ±  0.144 %
  27       6.2545 ±    0.0911       0.00787 ±    0.00130       0.01738 ±    0.00027     3.900 ±  0.070 %    94.139 ±  0.141 %
  28       6.3342 ±    0.0909       0.00761 ±    0.00127       0.01736 ±    0.00026     3.881 ±  0.068 %    94.100 ±  0.139 %
  29       6.3037 ±    0.0889       0.00787 ±    0.00125       0.01752 ±    0.00026     3.935 ±  0.068 %    94.145 ±  0.136 %
  30       6.2715 ±    0.0868       0.00802 ±    0.00124       0.01765 ±    0.00029     3.961 ±  0.076 %    94.135 ±  0.134 %
  31       6.1959 ±    0.0841       0.00844 ±    0.00121       0.01756 ±    0.00029     3.952 ±  0.074 %    94.116 ±  0.132 %
  32       6.0920 ±    0.0812       0.00824 ±    0.00120       0.01744 ±    0.00028     3.946 ±  0.072 %    94.172 ±  0.129 %
  33       6.0537 ±    0.0794       0.00778 ±    0.00120       0.01767 ±    0.00037     3.944 ±  0.071 %    94.156 ±  0.128 %
  34       6.0509 ±    0.0781       0.00767 ±    0.00118       0.01752 ±    0.00036     3.925 ±  0.069 %    94.164 ±  0.126 %
  35       6.0670 ±    0.0772       0.00755 ±    0.00116       0.01769 ±    0.00037     3.918 ±  0.067 %    94.194 ±  0.124 %
  36       6.0842 ±    0.0765       0.00739 ±    0.00114       0.01766 ±    0.00036     3.901 ±  0.066 %    94.227 ±  0.122 %
  37       5.9964 ±    0.0740       0.00730 ±    0.00112       0.01746 ±    0.00035     3.878 ±  0.065 %    94.264 ±  0.120 %
  38       5.9329 ±    0.0720       0.00734 ±    0.00110       0.01734 ±    0.00034     3.881 ±  0.064 %    94.300 ±  0.118 %
  39       5.8604 ±    0.0700       0.00710 ±    0.00108       0.01724 ±    0.00033     3.875 ±  0.062 %    94.300 ±  0.116 %
  40       5.7826 ±    0.0678       0.00711 ±    0.00106       0.01712 ±    0.00033     3.871 ±  0.061 %    94.326 ±  0.114 %
  41       5.7375 ±    0.0663       0.00705 ±    0.00105       0.01705 ±    0.00032     3.878 ±  0.061 %    94.333 ±  0.113 %
  42       5.7731 ±    0.0660       0.00721 ±    0.00103       0.01699 ±    0.00031     3.860 ±  0.060 %    94.330 ±  0.112 %
  43       5.9076 ±    0.0673       0.00742 ±    0.00102       0.01712 ±    0.00032     3.885 ±  0.065 %    94.285 ±  0.111 %
  44       6.0145 ±    0.0681       0.00739 ±    0.00101       0.01711 ±    0.00031     3.867 ±  0.064 %    94.268 ±  0.110 %
  45       5.9908 ±    0.0670       0.00744 ±    0.00101       0.01742 ±    0.00031     3.912 ±  0.063 %    94.241 ±  0.109 %
  46       6.0080 ±    0.0665       0.00762 ±    0.00100       0.01754 ±    0.00031     3.927 ±  0.062 %    94.220 ±  0.108 %
  47       6.0389 ±    0.0662       0.00782 ±    0.00099       0.01751 ±    0.00030     3.923 ±  0.061 %    94.214 ±  0.106 %
  48       6.0519 ±    0.0656       0.00775 ±    0.00098       0.01758 ±    0.00030     3.941 ±  0.061 %    94.208 ±  0.105 %
  49       6.0959 ±    0.0655       0.00751 ±    0.00097       0.01763 ±    0.00029     3.934 ±  0.060 %    94.181 ±  0.105 %
  50       6.0718 ±    0.0645       0.00755 ±    0.00096       0.01760 ±    0.00029     3.928 ±  0.059 %    94.203 ±  0.103 %
  51       6.1097 ±    0.0644       0.00773 ±    0.00095       0.01754 ±    0.00028     3.918 ±  0.059 %    94.223 ±  0.102 %
  52       6.0637 ±    0.0631       0.00774 ±    0.00094       0.01745 ±    0.00028     3.910 ±  0.058 %    94.231 ±  0.101 %
  53       6.0475 ±    0.0623       0.00782 ±    0.00093       0.01743 ±    0.00027     3.903 ±  0.057 %    94.218 ±  0.100 %
  54       6.0298 ±    0.0615       0.00799 ±    0.00092       0.01737 ±    0.00027     3.909 ±  0.059 %    94.225 ±  0.099 %
  55       5.9900 ±    0.0603       0.00806 ±    0.00091       0.01728 ±    0.00027     3.899 ±  0.058 %    94.231 ±  0.098 %
  56       5.9744 ±    0.0596       0.00770 ±    0.00090       0.01722 ±    0.00026     3.890 ±  0.057 %    94.261 ±  0.097 %
  57       5.9241 ±    0.0584       0.00777 ±    0.00088       0.01712 ±    0.00026     3.874 ±  0.056 %    94.274 ±  0.096 %
  58       5.9135 ±    0.0578       0.00773 ±    0.00088       0.01712 ±    0.00025     3.869 ±  0.055 %    94.278 ±  0.095 %
  59       5.8918 ±    0.0570       0.00815 ±    0.00088       0.01729 ±    0.00025     3.891 ±  0.055 %    94.269 ±  0.095 %
  60       5.8886 ±    0.0566       0.00803 ±    0.00087       0.01720 ±    0.00025     3.875 ±  0.054 %    94.296 ±  0.094 %
  61       5.9099 ±    0.0564       0.00838 ±    0.00087       0.01739 ±    0.00029     3.900 ±  0.057 %    94.294 ±  0.093 %
  62       5.9430 ±    0.0563       0.00833 ±    0.00086       0.01739 ±    0.00028     3.890 ±  0.056 %    94.275 ±  0.092 %
  63       5.9791 ±    0.0563       0.00808 ±    0.00086       0.01737 ±    0.00028     3.882 ±  0.055 %    94.254 ±  0.092 %
  64       6.0115 ±    0.0562       0.00794 ±    0.00085       0.01732 ±    0.00027     3.868 ±  0.055 %    94.245 ±  0.091 %
  65       5.9651 ±    0.0553       0.00796 ±    0.00084       0.01732 ±    0.00027     3.878 ±  0.054 %    94.255 ±  0.090 %
  66       5.9878 ±    0.0551       0.00801 ±    0.00084       0.01733 ±    0.00027     3.875 ±  0.054 %    94.249 ±  0.090 %
  67       5.9790 ±    0.0546       0.00807 ±    0.00083       0.01730 ±    0.00026     3.871 ±  0.053 %    94.240 ±  0.089 %
  68       5.9616 ±    0.0540       0.00820 ±    0.00082       0.01733 ±    0.00026     3.872 ±  0.052 %    94.246 ±  0.088 %
  69       5.9553 ±    0.0535       0.00815 ±    0.00082       0.01731 ±    0.00026     3.861 ±  0.052 %    94.234 ±  0.088 %
  70       5.9511 ±    0.0531       0.00825 ±    0.00081       0.01733 ±    0.00025     3.861 ±  0.051 %    94.235 ±  0.087 %
  71       5.9278 ±    0.0524       0.00824 ±    0.00081       0.01744 ±    0.00026     3.865 ±  0.051 %    94.240 ±  0.086 %
  72       5.9297 ±    0.0521       0.00819 ±    0.00080       0.01746 ±    0.00025     3.868 ±  0.050 %    94.237 ±  0.086 %
  73       5.9564 ±    0.0521       0.00824 ±    0.00080       0.01749 ±    0.00025     3.864 ±  0.050 %    94.230 ±  0.085 %
  74       5.9857 ±    0.0520       0.00842 ±    0.00079       0.01748 ±    0.00025     3.859 ±  0.049 %    94.215 ±  0.085 %
  75       5.9752 ±    0.0515       0.00858 ±    0.00079       0.01741 ±    0.00024     3.852 ±  0.049 %    94.214 ±  0.084 %
  76       5.9966 ±    0.0514       0.00838 ±    0.00078       0.01744 ±    0.00025     3.855 ±  0.048 %    94.209 ±  0.084 %
  77       5.9920 ±    0.0510       0.00837 ±    0.00078       0.01742 ±    0.00024     3.853 ±  0.048 %    94.214 ±  0.083 %
  78       5.9839 ±    0.0505       0.00833 ±    0.00077       0.01742 ±    0.00024     3.857 ±  0.048 %    94.208 ±  0.083 %
  79       6.0115 ±    0.0505       0.00836 ±    0.00076       0.01739 ±    0.00024     3.847 ±  0.047 %    94.222 ±  0.082 %
  80       5.9712 ±    0.0498       0.00824 ±    0.00076       0.01759 ±    0.00024     3.897 ±  0.047 %    94.216 ±  0.082 %
  81       5.9823 ±    0.0496       0.00856 ±    0.00076       0.01776 ±    0.00024     3.911 ±  0.047 %    94.180 ±  0.081 %
  82       5.9573 ±    0.0490       0.00866 ±    0.00076       0.01780 ±    0.00024     3.919 ±  0.048 %    94.196 ±  0.081 %
  83       5.9510 ±    0.0487       0.00867 ±    0.00076       0.01777 ±    0.00024     3.917 ±  0.047 %    94.202 ±  0.080 %
  84       5.9342 ±    0.0482       0.00870 ±    0.00075       0.01775 ±    0.00024     3.919 ±  0.047 %    94.193 ±  0.080 %
  85       5.9190 ±    0.0478       0.00876 ±    0.00075       0.01769 ±    0.00024     3.915 ±  0.047 %    94.217 ±  0.079 %
  86       5.9337 ±    0.0476       0.00884 ±    0.00074       0.01767 ±    0.00023     3.912 ±  0.046 %    94.204 ±  0.079 %
  87       5.9151 ±    0.0472       0.00887 ±    0.00074       0.01761 ±    0.00023     3.907 ±  0.046 %    94.193 ±  0.078 %
  88       5.9107 ±    0.0468       0.00903 ±    0.00073       0.01758 ±    0.00023     3.909 ±  0.046 %    94.187 ±  0.078 %
  89       5.9297 ±    0.0468       0.00896 ±    0.00073       0.01765 ±    0.00023     3.919 ±  0.046 %    94.178 ±  0.078 %
  90       5.9365 ±    0.0466       0.00892 ±    0.00072       0.01764 ±    0.00023     3.918 ±  0.046 %    94.181 ±  0.077 %
  91       5.9855 ±    0.0468       0.00896 ±    0.00072       0.01769 ±    0.00023     3.915 ±  0.045 %    94.148 ±  0.077 %
  92       6.0239 ±    0.0469       0.00888 ±    0.00072       0.01769 ±    0.00023     3.910 ±  0.045 %    94.142 ±  0.077 %
  93       6.0547 ±    0.0470       0.00896 ±    0.00071       0.01770 ±    0.00022     3.906 ±  0.045 %    94.136 ±  0.076 %
  94       6.0796 ±    0.0470       0.00908 ±    0.00071       0.01772 ±    0.00022     3.899 ±  0.044 %    94.127 ±  0.076 %
  95       6.1133 ±    0.0470       0.00908 ±    0.00071       0.01772 ±    0.00022     3.890 ±  0.044 %    94.113 ±  0.076 %
  96       6.1552 ±    0.0472       0.00899 ±    0.00070       0.01773 ±    0.00022     3.887 ±  0.044 %    94.112 ±  0.075 %
  97       6.2064 ±    0.0475       0.00890 ±    0.00070       0.01785 ±    0.00022     3.885 ±  0.043 %    94.102 ±  0.075 %
  98       6.2003 ±    0.0472       0.00892 ±    0.00070       0.01787 ±    0.00022     3.888 ±  0.043 %    94.099 ±  0.074 %
  99       6.2084 ±    0.0470       0.00894 ±    0.00070       0.01785 ±    0.00022     3.880 ±  0.043 %    94.088 ±  0.074 %
 100       6.2180 ±    0.0469       0.00909 ±    0.00069       0.01791 ±    0.00022     3.893 ±  0.043 %    94.072 ±  0.074 %
 101       6.1941 ±    0.0464       0.00913 ±    0.00069       0.01801 ±    0.00021     3.913 ±  0.043 %    94.058 ±  0.074 %
 102       6.1974 ±    0.0462       0.00905 ±    0.00069       0.01803 ±    0.00021     3.911 ±  0.042 %    94.040 ±  0.073 %
 103       6.1961 ±    0.0459       0.00896 ±    0.00069       0.01810 ±    0.00021     3.914 ±  0.042 %    94.022 ±  0.073 %
 104       6.1956 ±    0.0457       0.00895 ±    0.00069       0.01838 ±    0.00022     3.937 ±  0.042 %    94.000 ±  0.073 %
 105       6.1882 ±    0.0454       0.00888 ±    0.00068       0.01847 ±    0.00022     3.945 ±  0.042 %    93.992 ±  0.073 %
 106       6.1712 ±    0.0450       0.00889 ±    0.00068       0.01859 ±    0.00022     3.972 ±  0.042 %    93.986 ±  0.072 %
 107       6.1839 ±    0.0450       0.00885 ±    0.00068       0.01860 ±    0.00022     3.972 ±  0.042 %    93.984 ±  0.072 %
 108       6.1768 ±    0.0447       0.00894 ±    0.00068       0.01861 ±    0.00021     3.978 ±  0.042 %    93.994 ±  0.071 %
 109       6.1819 ±    0.0445       0.00885 ±    0.00067       0.01857 ±    0.00021     3.973 ±  0.041 %    93.991 ±  0.071 %
 110       6.1821 ±    0.0443       0.00890 ±    0.00067       0.01855 ±    0.00021     3.971 ±  0.041 %    94.003 ±  0.071 %
 111       6.1671 ±    0.0440       0.00885 ±    0.00067       0.01857 ±    0.00021     3.977 ±  0.041 %    93.996 ±  0.070 %
 112       6.1534 ±    0.0437       0.00880 ±    0.00067       0.01853 ±    0.00021     3.973 ±  0.041 %    94.025 ±  0.070 %
 113       6.1300 ±    0.0433       0.00879 ±    0.00066       0.01852 ±    0.00021     3.975 ±  0.041 %    94.039 ±  0.070 %
 114       6.1583 ±    0.0434       0.00888 ±    0.00066       0.01850 ±    0.00021     3.970 ±  0.040 %    94.028 ±  0.069 %
 115       6.1624 ±    0.0432       0.00867 ±    0.00066       0.01849 ±    0.00020     3.968 ±  0.040 %    94.036 ±  0.069 %
 116       6.1722 ±    0.0431       0.00868 ±    0.00065       0.01851 ±    0.00020     3.964 ±  0.040 %    94.037 ±  0.069 %
 117       6.1823 ±    0.0430       0.00881 ±    0.00065       0.01853 ±    0.00020     3.963 ±  0.040 %    94.019 ±  0.069 %
 118       6.1785 ±    0.0428       0.00881 ±    0.00065       0.01872 ±    0.00022     3.986 ±  0.040 %    94.011 ±  0.068 %
 119       6.1604 ±    0.0425       0.00902 ±    0.00065       0.01892 ±    0.00023     4.026 ±  0.043 %    94.016 ±  0.068 %
 120       6.1685 ±    0.0424       0.00922 ±    0.00065       0.01891 ±    0.00023     4.024 ±  0.043 %    94.018 ±  0.068 %
 121       6.1656 ±    0.0422       0.00923 ±    0.00065       0.01885 ±    0.00023     4.018 ±  0.042 %    94.023 ±  0.067 %
 122       6.1603 ±    0.0420       0.00921 ±    0.00064       0.01880 ±    0.00023     4.015 ±  0.042 %    94.027 ±  0.067 %
 123       6.1510 ±    0.0417       0.00914 ±    0.00064       0.01876 ±    0.00023     4.011 ±  0.042 %    94.028 ±  0.067 %
 124       6.1473 ±    0.0416       0.00917 ±    0.00064       0.01873 ±    0.00022     4.009 ±  0.042 %    94.030 ±  0.067 %
 125       6.1618 ±    0.0415       0.00912 ±    0.00063       0.01874 ±    0.00022     4.006 ±  0.041 %    94.035 ±  0.066 %
 126       6.1570 ±    0.0413       0.00910 ±    0.00063       0.01868 ±    0.00022     4.000 ±  0.041 %    94.044 ±  0.066 %
 127       6.1678 ±    0.0413       0.00908 ±    0.00063       0.01865 ±    0.00022     3.992 ±  0.041 %    94.046 ±  0.066 %
 128       6.1572 ±    0.0410       0.00906 ±    0.00062       0.01863 ±    0.00022     3.992 ±  0.041 %    94.050 ±  0.065 %
 129       6.1557 ±    0.0408       0.00911 ±    0.00062       0.01860 ±    0.00022     3.989 ±  0.040 %    94.055 ±  0.065 %
 130       6.1451 ±    0.0406       0.00910 ±    0.00062       0.01857 ±    0.00021     3.986 ±  0.040 %    94.063 ±  0.065 %
 131       6.1506 ±    0.0405       0.00907 ±    0.00062       0.01855 ±    0.00021     3.981 ±  0.040 %    94.068 ±  0.065 %
 132       6.1520 ±    0.0404       0.00904 ±    0.00061       0.01856 ±    0.00021     3.979 ±  0.040 %    94.068 ±  0.064 %
 133       6.1619 ±    0.0403       0.00903 ±    0.00061       0.01859 ±    0.00021     3.979 ±  0.039 %    94.065 ±  0.064 %
 134       6.1752 ±    0.0403       0.00909 ±    0.00061       0.01865 ±    0.00021     3.995 ±  0.040 %    94.058 ±  0.064 %
 135       6.1713 ±    0.0401       0.00912 ±    0.00061       0.01864 ±    0.00021     3.995 ±  0.040 %    94.055 ±  0.064 %
 136       6.1505 ±    0.0398       0.00900 ±    0.00061       0.01860 ±    0.00021     3.992 ±  0.040 %    94.067 ±  0.063 %
 137       6.1203 ±    0.0394       0.00903 ±    0.00060       0.01856 ±    0.00021     3.989 ±  0.039 %    94.077 ±  0.063 %
 138       6.1277 ±    0.0393       0.00906 ±    0.00060       0.01861 ±    0.00021     3.990 ±  0.039 %    94.081 ±  0.063 %
 139       6.1425 ±    0.0393       0.00900 ±    0.00060       0.01858 ±    0.00021     3.985 ±  0.039 %    94.083 ±  0.063 %
 140       6.1686 ±    0.0394       0.00895 ±    0.00060       0.01856 ±    0.00021     3.979 ±  0.039 %    94.079 ±  0.062 %
 141       6.1558 ±    0.0391       0.00903 ±    0.00059       0.01861 ±    0.00020     3.999 ±  0.039 %    94.069 ±  0.062 %
 142       6.1576 ±    0.0390       0.00907 ±    0.00059       0.01863 ±    0.00020     4.000 ±  0.039 %    94.067 ±  0.062 %
 143       6.1586 ±    0.0388       0.00912 ±    0.00059       0.01860 ±    0.00020     3.998 ±  0.038 %    94.067 ±  0.062 %
 144       6.1704 ±    0.0388       0.00914 ±    0.00059       0.01859 ±    0.00020     3.995 ±  0.038 %    94.064 ±  0.062 %
 145       6.1633 ±    0.0386       0.00916 ±    0.00058       0.01861 ±    0.00020     3.996 ±  0.038 %    94.068 ±  0.061 %

====== Perplexity statistics ======
Mean PPL(Q)                   :   6.163341 ±   0.038638
Mean PPL(base)                :   6.107128 ±   0.038226
Cor(ln(PPL(Q)), ln(PPL(base))):  99.57%
Mean ln(PPL(Q)/PPL(base))     :   0.009162 ±   0.000584
Mean PPL(Q)/PPL(base)         :   1.009204 ±   0.000590
Mean PPL(Q)-PPL(base)         :   0.056213 ±   0.003608

====== KL divergence statistics ======
Mean    KLD:   0.018608 ±   0.000202
Maximum KLD:   9.086525
99.9%   KLD:   0.575080
99.0%   KLD:   0.152974
95.0%   KLD:   0.060096
90.0%   KLD:   0.038974
Median  KLD:   0.008648
10.0%   KLD:   0.000202
 5.0%   KLD:   0.000058
 1.0%   KLD:   0.000007
 0.1%   KLD:   0.000000
Minimum KLD:  -0.000025

====== Token probability statistics ======
Mean    Δp: -0.227 ± 0.010 %
Maximum Δp: 89.300%
99.9%   Δp: 25.026%
99.0%   Δp: 10.989%
95.0%   Δp:  4.852%
90.0%   Δp:  2.732%
75.0%   Δp:  0.479%
Median  Δp: -0.007%
25.0%   Δp: -0.833%
10.0%   Δp: -3.451%
 5.0%   Δp: -5.768%
 1.0%   Δp: -12.651%
 0.1%   Δp: -29.568%
Minimum Δp: -99.950%
RMS Δp    :  3.996 ± 0.038 %
Same top p: 94.068 ± 0.061 %

------------------------------
llama-perplexity --kl-divergence-base /tmp/logits.dat --ctx-size 2048 -f sample-data/wiki.test.raw -hf byteshape/Qwen3.6-35B-A3B-MTP-GGUF:Qwen3.6-35B-A3B-IQ4_XS-3.97bpw -fa on -ngl 99 --cpu-moe -ctk q4_0 -ctv turbo2 --kl-divergence
0.00.553.585 I common_init_result: fitting params to device memory ...
0.00.553.589 I common_init_result: (for bugs during this step try to reproduce them with -fit off, or provide --verbose logs if the bug only occurs with -fit on)
0.02.735.853 W llama_model_loader: tensor overrides to CPU are used with mmap enabled - consider using --no-mmap for better performance
0.04.657.422 W llama_context: n_ctx_seq (2048) < n_ctx_train (262144) -- the full capacity of the model will not be utilized
0.04.694.610 I common_init_from_params: warming up the model with an empty run - please wait ... (--no-warmup to disable)
0.04.780.973 I 
0.04.781.055 I system_info: n_threads = 16 (n_threads_batch = 16) / 32 | CUDA : ARCHS = 500,610,700,750,800,860,890,900 | USE_GRAPHS = 1 | PEER_MAX_BATCH_SIZE = 128 | CPU : SSE3 = 1 | SSSE3 = 1 | AVX = 1 | AVX2 = 1 | F16C = 1 | FMA = 1 | BMI2 = 1 | LLAMAFILE = 1 | OPENMP = 1 | REPACK = 1 | 
0.05.006.171 I kl_divergence: computing over 145 chunks, n_ctx=2048, batch_size=2048, n_seq=1
0.17.171.323 I kl_divergence: 12.17 seconds per pass - ETA 29.38 minutes

chunk             PPL               ln(PPL(Q)/PPL(base))          KL Divergence              Δp RMS            Same top p
   1       4.8281 ±    0.3470       0.01493 ±    0.01138       0.03065 ±    0.00251     5.926 ±  0.471 %    93.548 ±  0.768 %
   2       6.0679 ±    0.3205       0.01458 ±    0.00706       0.02866 ±    0.00146     5.168 ±  0.295 %    92.864 ±  0.569 %
   3       6.4776 ±    0.2840       0.02380 ±    0.00538       0.02653 ±    0.00114     5.018 ±  0.261 %    93.125 ±  0.457 %
   4       6.5043 ±    0.2492       0.02304 ±    0.00439       0.02577 ±    0.00120     4.851 ±  0.224 %    93.377 ±  0.389 %
   5       6.4127 ±    0.2217       0.02290 ±    0.00386       0.02480 ±    0.00100     4.662 ±  0.194 %    93.627 ±  0.342 %
   6       5.5434 ±    0.1701       0.02134 ±    0.00356       0.02535 ±    0.00103     4.797 ±  0.180 %    93.858 ±  0.306 %
   7       5.0481 ±    0.1394       0.02221 ±    0.00326       0.02534 ±    0.00093     4.884 ±  0.162 %    93.939 ±  0.282 %
   8       5.0461 ±    0.1300       0.01953 ±    0.00314       0.02568 ±    0.00084     4.860 ±  0.148 %    93.891 ±  0.265 %
   9       5.3070 ±    0.1296       0.01792 ±    0.00293       0.02604 ±    0.00077     4.783 ±  0.136 %    93.635 ±  0.254 %
  10       5.4358 ±    0.1274       0.01769 ±    0.00276       0.02572 ±    0.00072     4.796 ±  0.129 %    93.666 ±  0.241 %
  11       5.5297 ±    0.1236       0.01737 ±    0.00258       0.02490 ±    0.00066     4.735 ±  0.122 %    93.735 ±  0.228 %
  12       5.7618 ±    0.1245       0.01619 ±    0.00243       0.02462 ±    0.00064     4.691 ±  0.124 %    93.662 ±  0.220 %
  13       5.8208 ±    0.1210       0.01596 ±    0.00233       0.02473 ±    0.00060     4.659 ±  0.116 %    93.654 ±  0.211 %
  14       5.9189 ±    0.1189       0.01603 ±    0.00224       0.02477 ±    0.00058     4.618 ±  0.111 %    93.646 ±  0.204 %
  15       5.9997 ±    0.1169       0.01698 ±    0.00220       0.02521 ±    0.00056     4.696 ±  0.110 %    93.535 ±  0.199 %
  16       6.1773 ±    0.1171       0.01647 ±    0.00211       0.02498 ±    0.00053     4.647 ±  0.106 %    93.512 ±  0.193 %
  17       6.2379 ±    0.1146       0.01609 ±    0.00208       0.02484 ±    0.00053     4.612 ±  0.102 %    93.606 ±  0.186 %
  18       6.3411 ±    0.1134       0.01598 ±    0.00202       0.02468 ±    0.00050     4.557 ±  0.098 %    93.603 ±  0.180 %
  19       6.2864 ±    0.1097       0.01569 ±    0.00195       0.02421 ±    0.00048     4.507 ±  0.095 %    93.636 ±  0.175 %
  20       6.0074 ±    0.1016       0.01608 ±    0.00194       0.02587 ±    0.00057     4.802 ±  0.098 %    93.646 ±  0.171 %
  21       6.0295 ±    0.0994       0.01630 ±    0.00189       0.02595 ±    0.00055     4.785 ±  0.095 %    93.595 ±  0.167 %
  22       6.0550 ±    0.0976       0.01524 ±    0.00183       0.02572 ±    0.00053     4.736 ±  0.092 %    93.615 ±  0.163 %
  23       6.1051 ±    0.0963       0.01476 ±    0.00180       0.02575 ±    0.00054     4.730 ±  0.097 %    93.553 ±  0.160 %
  24       6.1216 ±    0.0944       0.01505 ±    0.00175       0.02559 ±    0.00052     4.709 ±  0.094 %    93.573 ±  0.157 %
  25       6.1695 ±    0.0934       0.01494 ±    0.00171       0.02539 ±    0.00050     4.682 ±  0.093 %    93.591 ±  0.153 %
  26       6.1551 ±    0.0913       0.01525 ±    0.00167       0.02530 ±    0.00048     4.684 ±  0.090 %    93.624 ±  0.150 %
  27       6.2989 ±    0.0922       0.01495 ±    0.00163       0.02504 ±    0.00047     4.638 ±  0.088 %    93.592 ±  0.147 %
  28       6.3777 ±    0.0920       0.01445 ±    0.00161       0.02491 ±    0.00045     4.603 ±  0.086 %    93.566 ±  0.145 %
  29       6.3462 ±    0.0899       0.01459 ±    0.00157       0.02511 ±    0.00045     4.670 ±  0.086 %    93.599 ±  0.142 %
  30       6.3140 ±    0.0878       0.01478 ±    0.00155       0.02510 ±    0.00044     4.654 ±  0.084 %    93.610 ±  0.140 %
  31       6.2375 ±    0.0851       0.01514 ±    0.00152       0.02500 ±    0.00043     4.643 ±  0.082 %    93.599 ±  0.137 %
  32       6.1310 ±    0.0822       0.01463 ±    0.00150       0.02500 ±    0.00043     4.653 ±  0.080 %    93.613 ±  0.135 %
  33       6.0936 ±    0.0803       0.01435 ±    0.00151       0.02569 ±    0.00074     4.694 ±  0.086 %    93.614 ±  0.133 %
  34       6.0897 ±    0.0790       0.01406 ±    0.00148       0.02544 ±    0.00072     4.659 ±  0.084 %    93.643 ±  0.131 %
  35       6.1061 ±    0.0781       0.01398 ±    0.00146       0.02555 ±    0.00070     4.655 ±  0.083 %    93.641 ±  0.129 %
  36       6.1224 ±    0.0773       0.01366 ±    0.00143       0.02546 ±    0.00069     4.637 ±  0.081 %    93.660 ±  0.127 %
  37       6.0316 ±    0.0748       0.01316 ±    0.00141       0.02521 ±    0.00067     4.614 ±  0.080 %    93.667 ±  0.125 %
  38       5.9663 ±    0.0728       0.01297 ±    0.00138       0.02502 ±    0.00065     4.605 ±  0.078 %    93.674 ±  0.123 %
  39       5.8950 ±    0.0707       0.01297 ±    0.00136       0.02494 ±    0.00064     4.616 ±  0.079 %    93.666 ±  0.122 %
  40       5.8167 ±    0.0686       0.01299 ±    0.00134       0.02475 ±    0.00063     4.603 ±  0.077 %    93.685 ±  0.120 %
  41       5.7714 ±    0.0670       0.01294 ±    0.00132       0.02481 ±    0.00062     4.657 ±  0.079 %    93.684 ±  0.119 %
  42       5.8064 ±    0.0667       0.01296 ±    0.00130       0.02466 ±    0.00060     4.636 ±  0.078 %    93.686 ±  0.117 %
  43       5.9441 ±    0.0681       0.01357 ±    0.00129       0.02468 ±    0.00059     4.613 ±  0.077 %    93.651 ±  0.116 %
  44       6.0518 ±    0.0689       0.01358 ±    0.00127       0.02461 ±    0.00058     4.590 ±  0.075 %    93.642 ±  0.115 %
  45       6.0299 ±    0.0678       0.01394 ±    0.00127       0.02520 ±    0.00057     4.652 ±  0.074 %    93.603 ±  0.114 %
  46       6.0452 ±    0.0673       0.01380 ±    0.00126       0.02537 ±    0.00056     4.676 ±  0.075 %    93.589 ±  0.113 %
  47       6.0750 ±    0.0669       0.01376 ±    0.00124       0.02527 ±    0.00055     4.665 ±  0.074 %    93.594 ±  0.112 %
  48       6.0882 ±    0.0663       0.01373 ±    0.00123       0.02539 ±    0.00054     4.674 ±  0.074 %    93.575 ±  0.111 %
  49       6.1340 ±    0.0662       0.01374 ±    0.00122       0.02546 ±    0.00053     4.677 ±  0.073 %    93.528 ±  0.110 %
  50       6.1099 ±    0.0652       0.01381 ±    0.00121       0.02542 ±    0.00052     4.662 ±  0.072 %    93.554 ±  0.109 %
  51       6.1477 ±    0.0651       0.01392 ±    0.00119       0.02524 ±    0.00051     4.640 ±  0.071 %    93.568 ±  0.107 %
  52       6.1013 ±    0.0638       0.01391 ±    0.00118       0.02523 ±    0.00051     4.644 ±  0.070 %    93.580 ±  0.106 %
  53       6.0864 ±    0.0630       0.01422 ±    0.00116       0.02519 ±    0.00050     4.638 ±  0.069 %    93.561 ±  0.105 %
  54       6.0674 ±    0.0621       0.01422 ±    0.00115       0.02504 ±    0.00049     4.630 ±  0.070 %    93.581 ±  0.104 %
  55       6.0270 ±    0.0610       0.01421 ±    0.00113       0.02488 ±    0.00049     4.616 ±  0.069 %    93.603 ±  0.103 %
  56       6.0123 ±    0.0603       0.01402 ±    0.00112       0.02479 ±    0.00048     4.616 ±  0.068 %    93.627 ±  0.102 %
  57       5.9599 ±    0.0591       0.01380 ±    0.00111       0.02469 ±    0.00047     4.610 ±  0.067 %    93.653 ±  0.101 %
  58       5.9528 ±    0.0585       0.01435 ±    0.00110       0.02472 ±    0.00046     4.610 ±  0.066 %    93.636 ±  0.100 %
  59       5.9302 ±    0.0577       0.01464 ±    0.00110       0.02500 ±    0.00046     4.655 ±  0.066 %    93.625 ±  0.099 %
  60       5.9273 ±    0.0572       0.01459 ±    0.00109       0.02486 ±    0.00045     4.641 ±  0.066 %    93.659 ±  0.098 %
  61       5.9477 ±    0.0570       0.01476 ±    0.00108       0.02484 ±    0.00045     4.636 ±  0.065 %    93.661 ±  0.098 %
  62       5.9809 ±    0.0570       0.01468 ±    0.00107       0.02481 ±    0.00044     4.619 ±  0.064 %    93.656 ±  0.097 %
  63       6.0198 ±    0.0569       0.01488 ±    0.00106       0.02477 ±    0.00043     4.613 ±  0.064 %    93.637 ±  0.096 %
  64       6.0531 ±    0.0569       0.01484 ±    0.00105       0.02468 ±    0.00043     4.596 ±  0.063 %    93.651 ±  0.095 %
  65       6.0052 ±    0.0559       0.01466 ±    0.00104       0.02463 ±    0.00042     4.608 ±  0.062 %    93.669 ±  0.094 %
  66       6.0267 ±    0.0558       0.01449 ±    0.00103       0.02463 ±    0.00042     4.597 ±  0.062 %    93.682 ±  0.094 %
  67       6.0164 ±    0.0552       0.01432 ±    0.00102       0.02458 ±    0.00041     4.592 ±  0.061 %    93.671 ±  0.093 %
  68       5.9976 ±    0.0546       0.01422 ±    0.00102       0.02462 ±    0.00041     4.595 ±  0.060 %    93.655 ±  0.092 %
  69       5.9895 ±    0.0540       0.01387 ±    0.00101       0.02453 ±    0.00040     4.586 ±  0.060 %    93.659 ±  0.092 %
  70       5.9868 ±    0.0536       0.01424 ±    0.00100       0.02451 ±    0.00040     4.588 ±  0.060 %    93.659 ±  0.091 %
  71       5.9624 ±    0.0530       0.01406 ±    0.00100       0.02465 ±    0.00039     4.613 ±  0.059 %    93.643 ±  0.091 %
  72       5.9638 ±    0.0527       0.01394 ±    0.00099       0.02472 ±    0.00039     4.614 ±  0.059 %    93.643 ±  0.090 %
  73       5.9913 ±    0.0526       0.01408 ±    0.00099       0.02475 ±    0.00038     4.607 ±  0.058 %    93.637 ±  0.089 %
  74       6.0214 ±    0.0526       0.01435 ±    0.00098       0.02471 ±    0.00038     4.595 ±  0.058 %    93.625 ±  0.089 %
  75       6.0097 ±    0.0521       0.01433 ±    0.00097       0.02459 ±    0.00037     4.585 ±  0.057 %    93.630 ±  0.088 %
  76       6.0318 ±    0.0520       0.01424 ±    0.00096       0.02458 ±    0.00037     4.581 ±  0.057 %    93.629 ±  0.088 %
  77       6.0278 ±    0.0515       0.01434 ±    0.00096       0.02455 ±    0.00037     4.578 ±  0.056 %    93.635 ±  0.087 %
  78       6.0197 ±    0.0511       0.01429 ±    0.00095       0.02455 ±    0.00036     4.578 ±  0.056 %    93.649 ±  0.086 %
  79       6.0476 ±    0.0511       0.01437 ±    0.00094       0.02451 ±    0.00036     4.569 ±  0.055 %    93.665 ±  0.086 %
  80       6.0076 ±    0.0503       0.01433 ±    0.00094       0.02483 ±    0.00036     4.628 ±  0.055 %    93.642 ±  0.085 %
  81       6.0205 ±    0.0501       0.01491 ±    0.00094       0.02512 ±    0.00036     4.647 ±  0.054 %    93.592 ±  0.085 %
  82       5.9958 ±    0.0496       0.01510 ±    0.00093       0.02513 ±    0.00035     4.659 ±  0.055 %    93.601 ±  0.085 %
  83       5.9898 ±    0.0492       0.01516 ±    0.00093       0.02509 ±    0.00035     4.659 ±  0.055 %    93.604 ±  0.084 %
  84       5.9737 ±    0.0488       0.01533 ±    0.00092       0.02507 ±    0.00035     4.663 ±  0.054 %    93.603 ±  0.083 %
  85       5.9573 ±    0.0483       0.01521 ±    0.00092       0.02501 ±    0.00034     4.663 ±  0.054 %    93.610 ±  0.083 %
  86       5.9722 ±    0.0482       0.01530 ±    0.00091       0.02497 ±    0.00034     4.660 ±  0.053 %    93.597 ±  0.083 %
  87       5.9532 ±    0.0477       0.01528 ±    0.00090       0.02489 ±    0.00034     4.656 ±  0.053 %    93.590 ±  0.082 %
  88       5.9488 ±    0.0474       0.01544 ±    0.00090       0.02487 ±    0.00033     4.663 ±  0.053 %    93.578 ±  0.082 %
  89       5.9679 ±    0.0473       0.01539 ±    0.00089       0.02494 ±    0.00033     4.658 ±  0.052 %    93.571 ±  0.081 %
  90       5.9760 ±    0.0471       0.01554 ±    0.00089       0.02493 ±    0.00033     4.660 ±  0.052 %    93.569 ±  0.081 %
  91       6.0258 ±    0.0473       0.01566 ±    0.00089       0.02504 ±    0.00033     4.663 ±  0.053 %    93.524 ±  0.081 %
  92       6.0647 ±    0.0475       0.01562 ±    0.00088       0.02505 ±    0.00033     4.660 ±  0.052 %    93.521 ±  0.080 %
  93       6.0958 ±    0.0475       0.01573 ±    0.00088       0.02510 ±    0.00033     4.650 ±  0.052 %    93.499 ±  0.080 %
  94       6.1203 ±    0.0475       0.01575 ±    0.00087       0.02510 ±    0.00032     4.640 ±  0.051 %    93.494 ±  0.080 %
  95       6.1541 ±    0.0476       0.01573 ±    0.00087       0.02509 ±    0.00032     4.629 ±  0.051 %    93.488 ±  0.079 %
  96       6.1968 ±    0.0477       0.01573 ±    0.00086       0.02508 ±    0.00032     4.619 ±  0.051 %    93.477 ±  0.079 %
  97       6.2488 ±    0.0480       0.01570 ±    0.00086       0.02534 ±    0.00035     4.620 ±  0.051 %    93.473 ±  0.078 %
  98       6.2430 ±    0.0477       0.01578 ±    0.00086       0.02535 ±    0.00035     4.625 ±  0.051 %    93.477 ±  0.078 %
  99       6.2523 ±    0.0476       0.01597 ±    0.00085       0.02529 ±    0.00035     4.614 ±  0.051 %    93.472 ±  0.078 %
 100       6.2621 ±    0.0474       0.01616 ±    0.00085       0.02538 ±    0.00034     4.620 ±  0.050 %    93.453 ±  0.077 %
 101       6.2387 ±    0.0470       0.01631 ±    0.00085       0.02554 ±    0.00034     4.648 ±  0.050 %    93.423 ±  0.077 %
 102       6.2421 ±    0.0468       0.01624 ±    0.00085       0.02559 ±    0.00034     4.646 ±  0.050 %    93.401 ±  0.077 %
 103       6.2413 ±    0.0465       0.01622 ±    0.00084       0.02569 ±    0.00034     4.660 ±  0.049 %    93.372 ±  0.077 %
 104       6.2397 ±    0.0462       0.01605 ±    0.00084       0.02605 ±    0.00034     4.682 ±  0.049 %    93.335 ±  0.076 %
 105       6.2324 ±    0.0460       0.01600 ±    0.00084       0.02617 ±    0.00033     4.697 ±  0.049 %    93.320 ±  0.076 %
 106       6.2146 ±    0.0456       0.01590 ±    0.00084       0.02639 ±    0.00033     4.721 ±  0.048 %    93.315 ±  0.076 %
 107       6.2291 ±    0.0455       0.01613 ±    0.00084       0.02643 ±    0.00033     4.729 ±  0.049 %    93.303 ±  0.076 %
 108       6.2221 ±    0.0452       0.01624 ±    0.00083       0.02643 ±    0.00033     4.732 ±  0.048 %    93.312 ±  0.075 %
 109       6.2267 ±    0.0451       0.01607 ±    0.00083       0.02638 ±    0.00033     4.725 ±  0.048 %    93.319 ±  0.075 %
 110       6.2275 ±    0.0449       0.01622 ±    0.00083       0.02634 ±    0.00032     4.723 ±  0.048 %    93.334 ±  0.074 %
 111       6.2123 ±    0.0445       0.01615 ±    0.00082       0.02649 ±    0.00034     4.734 ±  0.048 %    93.329 ±  0.074 %
 112       6.1983 ±    0.0442       0.01609 ±    0.00082       0.02645 ±    0.00034     4.733 ±  0.048 %    93.338 ±  0.074 %
 113       6.1749 ±    0.0438       0.01609 ±    0.00082       0.02643 ±    0.00034     4.736 ±  0.048 %    93.338 ±  0.073 %
 114       6.2037 ±    0.0439       0.01623 ±    0.00081       0.02641 ±    0.00034     4.731 ±  0.048 %    93.346 ±  0.073 %
 115       6.2080 ±    0.0437       0.01605 ±    0.00081       0.02642 ±    0.00033     4.730 ±  0.047 %    93.348 ±  0.073 %
 116       6.2164 ±    0.0436       0.01582 ±    0.00080       0.02643 ±    0.00033     4.723 ±  0.047 %    93.353 ±  0.072 %
 117       6.2256 ±    0.0435       0.01579 ±    0.00080       0.02646 ±    0.00033     4.721 ±  0.047 %    93.340 ±  0.072 %
 118       6.2236 ±    0.0433       0.01609 ±    0.00080       0.02682 ±    0.00034     4.761 ±  0.048 %    93.318 ±  0.072 %
 119       6.2046 ±    0.0430       0.01616 ±    0.00080       0.02706 ±    0.00036     4.801 ±  0.050 %    93.313 ±  0.072 %
 120       6.2117 ±    0.0429       0.01619 ±    0.00080       0.02703 ±    0.00036     4.800 ±  0.049 %    93.306 ±  0.071 %
 121       6.2083 ±    0.0427       0.01615 ±    0.00079       0.02693 ±    0.00035     4.791 ±  0.049 %    93.323 ±  0.071 %
 122       6.2032 ±    0.0425       0.01615 ±    0.00079       0.02686 ±    0.00035     4.788 ±  0.049 %    93.327 ±  0.071 %
 123       6.1937 ±    0.0422       0.01607 ±    0.00078       0.02676 ±    0.00035     4.782 ±  0.049 %    93.343 ±  0.070 %
 124       6.1893 ±    0.0421       0.01598 ±    0.00078       0.02669 ±    0.00034     4.775 ±  0.048 %    93.360 ±  0.070 %
 125       6.2043 ±    0.0420       0.01599 ±    0.00078       0.02672 ±    0.00034     4.777 ±  0.048 %    93.357 ±  0.070 %
 126       6.1991 ±    0.0418       0.01592 ±    0.00077       0.02663 ±    0.00034     4.767 ±  0.048 %    93.374 ±  0.069 %
 127       6.2110 ±    0.0418       0.01605 ±    0.00077       0.02657 ±    0.00034     4.756 ±  0.048 %    93.373 ±  0.069 %
 128       6.2001 ±    0.0415       0.01601 ±    0.00076       0.02655 ±    0.00034     4.754 ±  0.047 %    93.377 ±  0.069 %
 129       6.1985 ±    0.0413       0.01603 ±    0.00076       0.02650 ±    0.00033     4.747 ±  0.047 %    93.378 ±  0.068 %
 130       6.1875 ±    0.0411       0.01598 ±    0.00076       0.02645 ±    0.00033     4.741 ±  0.047 %    93.390 ±  0.068 %
 131       6.1928 ±    0.0410       0.01590 ±    0.00075       0.02639 ±    0.00033     4.734 ±  0.047 %    93.402 ±  0.068 %
 132       6.1940 ±    0.0408       0.01583 ±    0.00075       0.02644 ±    0.00033     4.738 ±  0.046 %    93.394 ±  0.068 %
 133       6.2044 ±    0.0408       0.01591 ±    0.00075       0.02649 ±    0.00032     4.738 ±  0.046 %    93.369 ±  0.067 %
 134       6.2175 ±    0.0407       0.01592 ±    0.00074       0.02655 ±    0.00032     4.742 ±  0.046 %    93.364 ±  0.067 %
 135       6.2130 ±    0.0406       0.01585 ±    0.00074       0.02654 ±    0.00032     4.741 ±  0.046 %    93.359 ±  0.067 %
 136       6.1924 ±    0.0402       0.01580 ±    0.00074       0.02649 ±    0.00032     4.734 ±  0.046 %    93.371 ±  0.067 %
 137       6.1610 ±    0.0398       0.01567 ±    0.00073       0.02644 ±    0.00032     4.731 ±  0.046 %    93.379 ±  0.066 %
 138       6.1681 ±    0.0398       0.01563 ±    0.00073       0.02652 ±    0.00032     4.733 ±  0.046 %    93.376 ±  0.066 %
 139       6.1837 ±    0.0397       0.01568 ±    0.00073       0.02649 ±    0.00032     4.729 ±  0.045 %    93.382 ±  0.066 %
 140       6.2098 ±    0.0398       0.01561 ±    0.00072       0.02645 ±    0.00032     4.720 ±  0.045 %    93.383 ±  0.066 %
 141       6.1963 ±    0.0396       0.01559 ±    0.00072       0.02657 ±    0.00032     4.741 ±  0.045 %    93.370 ±  0.066 %
 142       6.1982 ±    0.0394       0.01566 ±    0.00072       0.02661 ±    0.00031     4.740 ±  0.045 %    93.371 ±  0.065 %
 143       6.1990 ±    0.0393       0.01566 ±    0.00072       0.02656 ±    0.00031     4.735 ±  0.044 %    93.382 ±  0.065 %
 144       6.2104 ±    0.0392       0.01560 ±    0.00072       0.02654 ±    0.00031     4.729 ±  0.044 %    93.373 ±  0.065 %
 145       6.2027 ±    0.0391       0.01553 ±    0.00071       0.02659 ±    0.00031     4.738 ±  0.044 %    93.374 ±  0.065 %

====== Perplexity statistics ======
Mean PPL(Q)                   :   6.202720 ±   0.039065
Mean PPL(base)                :   6.107128 ±   0.038226
Cor(ln(PPL(Q)), ln(PPL(base))):  99.36%
Mean ln(PPL(Q)/PPL(base))     :   0.015531 ±   0.000713
Mean PPL(Q)/PPL(base)         :   1.015653 ±   0.000724
Mean PPL(Q)-PPL(base)         :   0.095592 ±   0.004462

====== KL divergence statistics ======
Mean    KLD:   0.026590 ±   0.000312
Maximum KLD:  20.480679
99.9%   KLD:   1.019813
99.0%   KLD:   0.249744
95.0%   KLD:   0.091866
90.0%   KLD:   0.056011
Median  KLD:   0.010025
10.0%   KLD:   0.000193
 5.0%   KLD:   0.000051
 1.0%   KLD:   0.000006
 0.1%   KLD:  -0.000000
Minimum KLD:  -0.000034

====== Token probability statistics ======
Mean    Δp: -0.237 ± 0.012 %
Maximum Δp: 99.949%
99.9%   Δp: 34.553%
99.0%   Δp: 12.603%
95.0%   Δp:  5.222%
90.0%   Δp:  2.921%
75.0%   Δp:  0.533%
Median  Δp: -0.006%
25.0%   Δp: -0.824%
10.0%   Δp: -3.557%
 5.0%   Δp: -6.286%
 1.0%   Δp: -15.330%
 0.1%   Δp: -38.330%
Minimum Δp: -96.867%
RMS Δp    :  4.738 ± 0.044 %
Same top p: 93.374 ± 0.065 %

------------------------------
llama-perplexity --kl-divergence-base /tmp/logits.dat --ctx-size 2048 -f sample-data/wiki.test.raw -hf byteshape/Qwen3.6-35B-A3B-MTP-GGUF:Qwen3.6-35B-A3B-IQ4_XS-3.97bpw -fa on -ngl 99 --cpu-moe -ctk turbo4 -ctv f16 --kl-divergence
0.00.550.298 I common_init_result: fitting params to device memory ...
0.00.550.303 I common_init_result: (for bugs during this step try to reproduce them with -fit off, or provide --verbose logs if the bug only occurs with -fit on)
0.02.792.388 W llama_model_loader: tensor overrides to CPU are used with mmap enabled - consider using --no-mmap for better performance
0.04.782.352 W llama_context: n_ctx_seq (2048) < n_ctx_train (262144) -- the full capacity of the model will not be utilized
0.04.812.960 I common_init_from_params: warming up the model with an empty run - please wait ... (--no-warmup to disable)
0.04.905.747 I 
0.04.905.818 I system_info: n_threads = 16 (n_threads_batch = 16) / 32 | CUDA : ARCHS = 500,610,700,750,800,860,890,900 | USE_GRAPHS = 1 | PEER_MAX_BATCH_SIZE = 128 | CPU : SSE3 = 1 | SSSE3 = 1 | AVX = 1 | AVX2 = 1 | F16C = 1 | FMA = 1 | BMI2 = 1 | LLAMAFILE = 1 | OPENMP = 1 | REPACK = 1 | 
0.05.131.994 I kl_divergence: computing over 145 chunks, n_ctx=2048, batch_size=2048, n_seq=1
0.11.746.793 I kl_divergence: 6.61 seconds per pass - ETA 15.98 minutes

chunk             PPL               ln(PPL(Q)/PPL(base))          KL Divergence              Δp RMS            Same top p
   1       4.7995 ±    0.3455       0.00900 ±    0.00629       0.01055 ±    0.00098     3.119 ±  0.241 %    96.090 ±  0.606 %
   2       5.9996 ±    0.3167       0.00326 ±    0.00433       0.01086 ±    0.00118     2.935 ±  0.167 %    95.552 ±  0.456 %
   3       6.3474 ±    0.2761       0.00350 ±    0.00315       0.00937 ±    0.00080     2.709 ±  0.128 %    95.601 ±  0.370 %
   4       6.3865 ±    0.2430       0.00477 ±    0.00255       0.00871 ±    0.00061     2.684 ±  0.115 %    96.090 ±  0.303 %
   5       6.2921 ±    0.2161       0.00392 ±    0.00227       0.00855 ±    0.00051     2.661 ±  0.108 %    96.207 ±  0.267 %
   6       5.4515 ±    0.1660       0.00463 ±    0.00217       0.00944 ±    0.00055     2.938 ±  0.129 %    96.285 ±  0.241 %
   7       4.9554 ±    0.1357       0.00368 ±    0.00200       0.00934 ±    0.00049     2.988 ±  0.120 %    96.453 ±  0.219 %
   8       4.9704 ±    0.1272       0.00440 ±    0.00196       0.00976 ±    0.00046     3.127 ±  0.125 %    96.359 ±  0.207 %
   9       5.2266 ±    0.1268       0.00265 ±    0.00183       0.00989 ±    0.00042     3.127 ±  0.128 %    96.231 ±  0.198 %
  10       5.3567 ±    0.1249       0.00305 ±    0.00169       0.00964 ±    0.00038     3.069 ±  0.118 %    96.295 ±  0.187 %
  11       5.4505 ±    0.1212       0.00295 ±    0.00160       0.00929 ±    0.00035     3.000 ±  0.111 %    96.285 ±  0.178 %
  12       5.6836 ±    0.1223       0.00252 ±    0.00151       0.00921 ±    0.00032     2.942 ±  0.104 %    96.269 ±  0.171 %
  13       5.7416 ±    0.1187       0.00227 ±    0.00143       0.00913 ±    0.00030     2.918 ±  0.097 %    96.353 ±  0.163 %
  14       5.8382 ±    0.1167       0.00230 ±    0.00139       0.00920 ±    0.00029     2.902 ±  0.094 %    96.320 ±  0.157 %
  15       5.9125 ±    0.1146       0.00234 ±    0.00134       0.00926 ±    0.00027     2.912 ±  0.088 %    96.227 ±  0.154 %
  16       6.0926 ±    0.1150       0.00266 ±    0.00130       0.00924 ±    0.00026     2.897 ±  0.086 %    96.169 ±  0.150 %
  17       6.1526 ±    0.1124       0.00232 ±    0.00126       0.00915 ±    0.00024     2.870 ±  0.082 %    96.170 ±  0.146 %
  18       6.2547 ±    0.1113       0.00227 ±    0.00122       0.00912 ±    0.00023     2.836 ±  0.079 %    96.133 ±  0.142 %
  19       6.2030 ±    0.1077       0.00234 ±    0.00118       0.00895 ±    0.00022     2.803 ±  0.076 %    96.162 ±  0.138 %
  20       5.9264 ±    0.0997       0.00250 ±    0.00118       0.00972 ±    0.00026     3.085 ±  0.094 %    96.119 ±  0.135 %
  21       5.9477 ±    0.0976       0.00265 ±    0.00115       0.00975 ±    0.00025     3.064 ±  0.090 %    96.085 ±  0.132 %
  22       5.9740 ±    0.0959       0.00178 ±    0.00112       0.00970 ±    0.00024     3.038 ±  0.087 %    96.103 ±  0.129 %
  23       6.0272 ±    0.0947       0.00192 ±    0.00110       0.00967 ±    0.00023     3.014 ±  0.084 %    96.081 ±  0.127 %
  24       6.0420 ±    0.0927       0.00197 ±    0.00107       0.00963 ±    0.00022     3.004 ±  0.082 %    96.029 ±  0.125 %
  25       6.0896 ±    0.0918       0.00190 ±    0.00104       0.00960 ±    0.00022     2.984 ±  0.080 %    96.051 ±  0.122 %
  26       6.0735 ±    0.0897       0.00189 ±    0.00102       0.00957 ±    0.00021     2.972 ±  0.078 %    96.049 ±  0.119 %
  27       6.2175 ±    0.0906       0.00194 ±    0.00100       0.00946 ±    0.00020     2.941 ±  0.076 %    96.018 ±  0.118 %
  28       6.2975 ±    0.0904       0.00180 ±    0.00097       0.00940 ±    0.00020     2.912 ±  0.074 %    96.031 ±  0.115 %
  29       6.2646 ±    0.0884       0.00165 ±    0.00096       0.00943 ±    0.00019     2.938 ±  0.072 %    96.046 ±  0.113 %
  30       6.2322 ±    0.0863       0.00173 ±    0.00094       0.00939 ±    0.00019     2.931 ±  0.070 %    96.015 ±  0.112 %
  31       6.1567 ±    0.0837       0.00210 ±    0.00092       0.00934 ±    0.00018     2.915 ±  0.068 %    96.008 ±  0.110 %
  32       6.0539 ±    0.0808       0.00197 ±    0.00090       0.00925 ±    0.00018     2.908 ±  0.067 %    96.038 ±  0.108 %
  33       6.0159 ±    0.0789       0.00152 ±    0.00092       0.00992 ±    0.00067     2.952 ±  0.082 %    96.031 ±  0.106 %
  34       6.0143 ±    0.0777       0.00160 ±    0.00090       0.00982 ±    0.00065     2.930 ±  0.080 %    96.044 ±  0.105 %
  35       6.0298 ±    0.0768       0.00140 ±    0.00089       0.00997 ±    0.00064     2.928 ±  0.078 %    96.037 ±  0.103 %
  36       6.0478 ±    0.0760       0.00140 ±    0.00087       0.00994 ±    0.00063     2.913 ±  0.077 %    96.044 ±  0.102 %
  37       5.9608 ±    0.0736       0.00134 ±    0.00085       0.00980 ±    0.00061     2.892 ±  0.075 %    96.100 ±  0.100 %
  38       5.8953 ±    0.0716       0.00099 ±    0.00084       0.00971 ±    0.00059     2.887 ±  0.073 %    96.116 ±  0.098 %
  39       5.8257 ±    0.0696       0.00116 ±    0.00083       0.00967 ±    0.00058     2.891 ±  0.072 %    96.110 ±  0.097 %
  40       5.7494 ±    0.0675       0.00135 ±    0.00082       0.00958 ±    0.00056     2.883 ±  0.071 %    96.114 ±  0.096 %
  41       5.7043 ±    0.0659       0.00124 ±    0.00081       0.00954 ±    0.00055     2.894 ±  0.070 %    96.107 ±  0.094 %
  42       5.7388 ±    0.0657       0.00124 ±    0.00079       0.00948 ±    0.00054     2.879 ±  0.068 %    96.097 ±  0.093 %
  43       5.8706 ±    0.0669       0.00113 ±    0.00079       0.00952 ±    0.00053     2.886 ±  0.069 %    96.079 ±  0.093 %
  44       5.9765 ±    0.0677       0.00105 ±    0.00078       0.00949 ±    0.00052     2.868 ±  0.068 %    96.061 ±  0.092 %
  45       5.9543 ±    0.0666       0.00133 ±    0.00078       0.00971 ±    0.00051     2.908 ±  0.067 %    96.020 ±  0.091 %
  46       5.9723 ±    0.0661       0.00167 ±    0.00077       0.00974 ±    0.00049     2.910 ±  0.066 %    96.011 ±  0.090 %
  47       6.0031 ±    0.0658       0.00186 ±    0.00076       0.00971 ±    0.00048     2.901 ±  0.065 %    95.994 ±  0.089 %
  48       6.0166 ±    0.0652       0.00189 ±    0.00076       0.00979 ±    0.00048     2.931 ±  0.066 %    95.978 ±  0.089 %
  49       6.0603 ±    0.0651       0.00165 ±    0.00075       0.00984 ±    0.00047     2.936 ±  0.065 %    95.940 ±  0.088 %
  50       6.0367 ±    0.0642       0.00175 ±    0.00074       0.00983 ±    0.00046     2.931 ±  0.064 %    95.957 ±  0.087 %
  51       6.0740 ±    0.0640       0.00187 ±    0.00073       0.00977 ±    0.00045     2.921 ±  0.063 %    95.986 ±  0.086 %
  52       6.0285 ±    0.0628       0.00191 ±    0.00072       0.00971 ±    0.00044     2.913 ±  0.062 %    96.003 ±  0.085 %
  53       6.0125 ±    0.0619       0.00201 ±    0.00072       0.00971 ±    0.00043     2.912 ±  0.062 %    95.992 ±  0.084 %
  54       5.9941 ±    0.0611       0.00206 ±    0.00071       0.00966 ±    0.00043     2.907 ±  0.061 %    95.999 ±  0.083 %
  55       5.9545 ±    0.0600       0.00212 ±    0.00070       0.00960 ±    0.00042     2.902 ±  0.060 %    96.017 ±  0.082 %
  56       5.9409 ±    0.0593       0.00207 ±    0.00069       0.00961 ±    0.00041     2.919 ±  0.062 %    96.027 ±  0.082 %
  57       5.8901 ±    0.0581       0.00202 ±    0.00068       0.00956 ±    0.00041     2.911 ±  0.061 %    96.033 ±  0.081 %
  58       5.8786 ±    0.0574       0.00180 ±    0.00068       0.00958 ±    0.00040     2.908 ±  0.060 %    96.029 ±  0.080 %
  59       5.8556 ±    0.0567       0.00199 ±    0.00068       0.00974 ±    0.00039     2.939 ±  0.061 %    96.014 ±  0.080 %
  60       5.8529 ±    0.0562       0.00195 ±    0.00067       0.00967 ±    0.00039     2.927 ±  0.060 %    96.031 ±  0.079 %
  61       5.8726 ±    0.0560       0.00204 ±    0.00067       0.00964 ±    0.00038     2.920 ±  0.059 %    96.018 ±  0.078 %
  62       5.9053 ±    0.0559       0.00197 ±    0.00066       0.00963 ±    0.00038     2.911 ±  0.058 %    96.003 ±  0.078 %
  63       5.9435 ±    0.0559       0.00211 ±    0.00066       0.00963 ±    0.00037     2.908 ±  0.058 %    95.977 ±  0.077 %
  64       5.9774 ±    0.0559       0.00225 ±    0.00065       0.00960 ±    0.00036     2.895 ±  0.057 %    95.988 ±  0.077 %
  65       5.9309 ±    0.0549       0.00221 ±    0.00065       0.00959 ±    0.00036     2.901 ±  0.057 %    95.997 ±  0.076 %
  66       5.9529 ±    0.0548       0.00217 ±    0.00064       0.00959 ±    0.00035     2.895 ±  0.056 %    95.986 ±  0.076 %
  67       5.9427 ±    0.0543       0.00198 ±    0.00064       0.00957 ±    0.00035     2.891 ±  0.055 %    95.975 ±  0.075 %
  68       5.9245 ±    0.0536       0.00196 ±    0.00063       0.00958 ±    0.00034     2.892 ±  0.055 %    95.981 ±  0.074 %
  69       5.9187 ±    0.0532       0.00198 ±    0.00063       0.00957 ±    0.00034     2.887 ±  0.054 %    95.977 ±  0.074 %
  70       5.9142 ±    0.0527       0.00204 ±    0.00062       0.00958 ±    0.00033     2.896 ±  0.054 %    95.974 ±  0.073 %
  71       5.8911 ±    0.0521       0.00203 ±    0.00062       0.00962 ±    0.00033     2.899 ±  0.053 %    95.980 ±  0.073 %
  72       5.8928 ±    0.0518       0.00196 ±    0.00062       0.00961 ±    0.00033     2.896 ±  0.053 %    95.994 ±  0.072 %
  73       5.9203 ±    0.0517       0.00217 ±    0.00062       0.00965 ±    0.00032     2.898 ±  0.052 %    95.976 ±  0.072 %
  74       5.9486 ±    0.0517       0.00219 ±    0.00062       0.00963 ±    0.00032     2.890 ±  0.052 %    95.968 ±  0.071 %
  75       5.9370 ±    0.0512       0.00216 ±    0.00061       0.00958 ±    0.00031     2.882 ±  0.051 %    95.977 ±  0.071 %
  76       5.9590 ±    0.0511       0.00208 ±    0.00060       0.00958 ±    0.00031     2.877 ±  0.051 %    95.970 ±  0.071 %
  77       5.9556 ±    0.0507       0.00228 ±    0.00060       0.00958 ±    0.00031     2.879 ±  0.050 %    95.976 ±  0.070 %
  78       5.9475 ±    0.0502       0.00223 ±    0.00060       0.00957 ±    0.00030     2.879 ±  0.050 %    95.977 ±  0.070 %
  79       5.9750 ±    0.0502       0.00228 ±    0.00059       0.00955 ±    0.00030     2.872 ±  0.049 %    95.977 ±  0.069 %
  80       5.9350 ±    0.0495       0.00217 ±    0.00059       0.00966 ±    0.00030     2.909 ±  0.049 %    95.974 ±  0.069 %
  81       5.9444 ±    0.0493       0.00220 ±    0.00059       0.00976 ±    0.00029     2.918 ±  0.048 %    95.946 ±  0.069 %
  82       5.9192 ±    0.0487       0.00225 ±    0.00059       0.00977 ±    0.00029     2.919 ±  0.047 %    95.956 ±  0.068 %
  83       5.9124 ±    0.0483       0.00216 ±    0.00058       0.00974 ±    0.00029     2.913 ±  0.047 %    95.954 ±  0.068 %
  84       5.8957 ±    0.0479       0.00219 ±    0.00058       0.00973 ±    0.00028     2.919 ±  0.047 %    95.957 ±  0.067 %
  85       5.8798 ±    0.0475       0.00212 ±    0.00057       0.00971 ±    0.00028     2.922 ±  0.047 %    95.955 ±  0.067 %
  86       5.8933 ±    0.0473       0.00201 ±    0.00057       0.00969 ±    0.00028     2.917 ±  0.046 %    95.943 ±  0.067 %
  87       5.8745 ±    0.0468       0.00197 ±    0.00056       0.00965 ±    0.00027     2.911 ±  0.046 %    95.939 ±  0.066 %
  88       5.8692 ±    0.0465       0.00197 ±    0.00056       0.00963 ±    0.00027     2.910 ±  0.046 %    95.938 ±  0.066 %
  89       5.8885 ±    0.0464       0.00200 ±    0.00056       0.00966 ±    0.00027     2.912 ±  0.045 %    95.932 ±  0.065 %
  90       5.8960 ±    0.0462       0.00206 ±    0.00056       0.00967 ±    0.00027     2.915 ±  0.045 %    95.932 ±  0.065 %
  91       5.9448 ±    0.0465       0.00214 ±    0.00055       0.00967 ±    0.00026     2.908 ±  0.045 %    95.909 ±  0.065 %
  92       5.9835 ±    0.0466       0.00214 ±    0.00055       0.00967 ±    0.00026     2.905 ±  0.044 %    95.911 ±  0.065 %
  93       6.0135 ±    0.0466       0.00213 ±    0.00055       0.00967 ±    0.00026     2.898 ±  0.044 %    95.890 ±  0.064 %
  94       6.0374 ±    0.0466       0.00212 ±    0.00054       0.00966 ±    0.00025     2.893 ±  0.044 %    95.883 ±  0.064 %
  95       6.0708 ±    0.0467       0.00211 ±    0.00054       0.00964 ±    0.00025     2.885 ±  0.043 %    95.878 ±  0.064 %
  96       6.1130 ±    0.0468       0.00211 ±    0.00054       0.00962 ±    0.00025     2.878 ±  0.043 %    95.872 ±  0.063 %
  97       6.1652 ±    0.0472       0.00224 ±    0.00054       0.00969 ±    0.00025     2.889 ±  0.043 %    95.863 ±  0.063 %
  98       6.1592 ±    0.0469       0.00228 ±    0.00053       0.00970 ±    0.00025     2.896 ±  0.043 %    95.867 ±  0.063 %
  99       6.1678 ±    0.0467       0.00237 ±    0.00053       0.00968 ±    0.00024     2.890 ±  0.043 %    95.866 ±  0.063 %
 100       6.1761 ±    0.0465       0.00233 ±    0.00053       0.00970 ±    0.00024     2.893 ±  0.043 %    95.864 ±  0.062 %
 101       6.1522 ±    0.0461       0.00235 ±    0.00053       0.00977 ±    0.00024     2.902 ±  0.042 %    95.856 ±  0.062 %
 102       6.1553 ±    0.0459       0.00223 ±    0.00052       0.00979 ±    0.00024     2.901 ±  0.042 %    95.847 ±  0.062 %
 103       6.1543 ±    0.0456       0.00219 ±    0.00052       0.00985 ±    0.00024     2.909 ±  0.041 %    95.824 ±  0.062 %
 104       6.1531 ±    0.0454       0.00208 ±    0.00052       0.01007 ±    0.00024     2.938 ±  0.042 %    95.808 ±  0.061 %
 105       6.1458 ±    0.0451       0.00201 ±    0.00052       0.01015 ±    0.00024     2.949 ±  0.042 %    95.799 ±  0.061 %
 106       6.1295 ±    0.0447       0.00211 ±    0.00053       0.01027 ±    0.00023     2.973 ±  0.042 %    95.792 ±  0.061 %
 107       6.1430 ±    0.0447       0.00221 ±    0.00053       0.01028 ±    0.00023     2.971 ±  0.042 %    95.793 ±  0.061 %
 108       6.1354 ±    0.0444       0.00221 ±    0.00052       0.01027 ±    0.00023     2.973 ±  0.041 %    95.805 ±  0.060 %
 109       6.1403 ±    0.0442       0.00210 ±    0.00052       0.01024 ±    0.00023     2.970 ±  0.041 %    95.810 ±  0.060 %
 110       6.1405 ±    0.0440       0.00215 ±    0.00052       0.01022 ±    0.00023     2.970 ±  0.041 %    95.814 ±  0.060 %
 111       6.1257 ±    0.0437       0.00211 ±    0.00052       0.01036 ±    0.00025     2.982 ±  0.042 %    95.809 ±  0.059 %
 112       6.1123 ±    0.0434       0.00210 ±    0.00051       0.01033 ±    0.00025     2.979 ±  0.041 %    95.823 ±  0.059 %
 113       6.0897 ±    0.0430       0.00220 ±    0.00051       0.01034 ±    0.00025     2.986 ±  0.041 %    95.818 ±  0.059 %
 114       6.1175 ±    0.0431       0.00223 ±    0.00051       0.01033 ±    0.00024     2.983 ±  0.041 %    95.807 ±  0.059 %
 115       6.1221 ±    0.0429       0.00211 ±    0.00050       0.01032 ±    0.00024     2.980 ±  0.041 %    95.815 ±  0.058 %
 116       6.1322 ±    0.0428       0.00218 ±    0.00050       0.01032 ±    0.00024     2.975 ±  0.041 %    95.818 ±  0.058 %
 117       6.1415 ±    0.0427       0.00218 ±    0.00050       0.01034 ±    0.00024     2.976 ±  0.040 %    95.798 ±  0.058 %
 118       6.1380 ±    0.0425       0.00224 ±    0.00050       0.01046 ±    0.00025     2.984 ±  0.041 %    95.793 ±  0.058 %
 119       6.1186 ±    0.0422       0.00220 ±    0.00050       0.01055 ±    0.00025     3.013 ±  0.042 %    95.787 ±  0.058 %
 120       6.1257 ±    0.0421       0.00226 ±    0.00050       0.01054 ±    0.00025     3.012 ±  0.042 %    95.785 ±  0.057 %
 121       6.1227 ±    0.0419       0.00225 ±    0.00050       0.01049 ±    0.00025     3.005 ±  0.042 %    95.793 ±  0.057 %
 122       6.1177 ±    0.0417       0.00227 ±    0.00049       0.01046 ±    0.00024     3.000 ±  0.042 %    95.793 ±  0.057 %
 123       6.1084 ±    0.0414       0.00220 ±    0.00049       0.01042 ±    0.00024     2.995 ±  0.041 %    95.799 ±  0.057 %
 124       6.1048 ±    0.0413       0.00224 ±    0.00049       0.01040 ±    0.00024     2.991 ±  0.041 %    95.798 ±  0.056 %
 125       6.1196 ±    0.0412       0.00224 ±    0.00048       0.01039 ±    0.00024     2.989 ±  0.041 %    95.807 ±  0.056 %
 126       6.1154 ±    0.0411       0.00233 ±    0.00048       0.01037 ±    0.00024     2.985 ±  0.041 %    95.812 ±  0.056 %
 127       6.1270 ±    0.0410       0.00243 ±    0.00048       0.01033 ±    0.00023     2.978 ±  0.040 %    95.809 ±  0.056 %
 128       6.1163 ±    0.0407       0.00241 ±    0.00048       0.01032 ±    0.00023     2.979 ±  0.040 %    95.810 ±  0.055 %
 129       6.1146 ±    0.0406       0.00241 ±    0.00048       0.01031 ±    0.00023     2.978 ±  0.040 %    95.816 ±  0.055 %
 130       6.1039 ±    0.0403       0.00237 ±    0.00047       0.01029 ±    0.00023     2.976 ±  0.040 %    95.819 ±  0.055 %
 131       6.1091 ±    0.0402       0.00230 ±    0.00047       0.01028 ±    0.00023     2.970 ±  0.039 %    95.816 ±  0.055 %
 132       6.1106 ±    0.0401       0.00227 ±    0.00047       0.01032 ±    0.00023     2.978 ±  0.039 %    95.806 ±  0.055 %
 133       6.1203 ±    0.0400       0.00226 ±    0.00047       0.01033 ±    0.00022     2.976 ±  0.039 %    95.793 ±  0.054 %
 134       6.1336 ±    0.0400       0.00234 ±    0.00047       0.01042 ±    0.00023     2.997 ±  0.040 %    95.786 ±  0.054 %
 135       6.1297 ±    0.0398       0.00236 ±    0.00047       0.01041 ±    0.00023     2.994 ±  0.040 %    95.787 ±  0.054 %
 136       6.1094 ±    0.0395       0.00231 ±    0.00046       0.01039 ±    0.00023     2.991 ±  0.040 %    95.798 ±  0.054 %
 137       6.0795 ±    0.0391       0.00234 ±    0.00046       0.01037 ±    0.00022     2.992 ±  0.040 %    95.801 ±  0.054 %
 138       6.0875 ±    0.0390       0.00248 ±    0.00046       0.01042 ±    0.00023     2.995 ±  0.040 %    95.795 ±  0.053 %
 139       6.1026 ±    0.0390       0.00248 ±    0.00046       0.01040 ±    0.00022     2.991 ±  0.040 %    95.807 ±  0.053 %
 140       6.1288 ±    0.0391       0.00248 ±    0.00046       0.01038 ±    0.00022     2.984 ±  0.039 %    95.811 ±  0.053 %
 141       6.1156 ±    0.0389       0.00248 ±    0.00046       0.01041 ±    0.00022     2.990 ±  0.039 %    95.808 ±  0.053 %
 142       6.1174 ±    0.0387       0.00253 ±    0.00046       0.01043 ±    0.00022     2.993 ±  0.039 %    95.806 ±  0.053 %
 143       6.1183 ±    0.0386       0.00256 ±    0.00045       0.01041 ±    0.00022     2.992 ±  0.039 %    95.811 ±  0.052 %
 144       6.1297 ±    0.0385       0.00253 ±    0.00045       0.01040 ±    0.00022     2.989 ±  0.038 %    95.808 ±  0.052 %
 145       6.1227 ±    0.0384       0.00255 ±    0.00045       0.01044 ±    0.00022     3.002 ±  0.039 %    95.811 ±  0.052 %

====== Perplexity statistics ======
Mean PPL(Q)                   :   6.122713 ±   0.038371
Mean PPL(base)                :   6.107128 ±   0.038226
Cor(ln(PPL(Q)), ln(PPL(base))):  99.74%
Mean ln(PPL(Q)/PPL(base))     :   0.002549 ±   0.000450
Mean PPL(Q)/PPL(base)         :   1.002552 ±   0.000451
Mean PPL(Q)-PPL(base)         :   0.015585 ±   0.002753

====== KL divergence statistics ======
Mean    KLD:   0.010439 ±   0.000218
Maximum KLD:  21.675146
99.9%   KLD:   0.440076
99.0%   KLD:   0.097596
95.0%   KLD:   0.034231
90.0%   KLD:   0.020964
Median  KLD:   0.003642
10.0%   KLD:   0.000066
 5.0%   KLD:   0.000016
 1.0%   KLD:   0.000001
 0.1%   KLD:  -0.000004
Minimum KLD:  -0.000073

====== Token probability statistics ======
Mean    Δp: -0.054 ± 0.008 %
Maximum Δp: 99.905%
99.9%   Δp: 23.003%
99.0%   Δp:  8.304%
95.0%   Δp:  3.377%
90.0%   Δp:  1.883%
75.0%   Δp:  0.361%
Median  Δp: -0.000%
25.0%   Δp: -0.453%
10.0%   Δp: -2.070%
 5.0%   Δp: -3.657%
 1.0%   Δp: -8.871%
 0.1%   Δp: -22.712%
Minimum Δp: -93.678%
RMS Δp    :  3.002 ± 0.039 %
Same top p: 95.811 ± 0.052 %

------------------------------
llama-perplexity --kl-divergence-base /tmp/logits.dat --ctx-size 2048 -f sample-data/wiki.test.raw -hf byteshape/Qwen3.6-35B-A3B-MTP-GGUF:Qwen3.6-35B-A3B-IQ4_XS-3.97bpw -fa on -ngl 99 --cpu-moe -ctk turbo4 -ctv q8_0 --kl-divergence
0.00.556.140 I common_init_result: fitting params to device memory ...
0.00.556.144 I common_init_result: (for bugs during this step try to reproduce them with -fit off, or provide --verbose logs if the bug only occurs with -fit on)
0.02.740.752 W llama_model_loader: tensor overrides to CPU are used with mmap enabled - consider using --no-mmap for better performance
0.04.746.612 W llama_context: n_ctx_seq (2048) < n_ctx_train (262144) -- the full capacity of the model will not be utilized
0.04.777.092 I common_init_from_params: warming up the model with an empty run - please wait ... (--no-warmup to disable)
0.04.876.925 I 
0.04.876.999 I system_info: n_threads = 16 (n_threads_batch = 16) / 32 | CUDA : ARCHS = 500,610,700,750,800,860,890,900 | USE_GRAPHS = 1 | PEER_MAX_BATCH_SIZE = 128 | CPU : SSE3 = 1 | SSSE3 = 1 | AVX = 1 | AVX2 = 1 | F16C = 1 | FMA = 1 | BMI2 = 1 | LLAMAFILE = 1 | OPENMP = 1 | REPACK = 1 | 
0.05.107.979 I kl_divergence: computing over 145 chunks, n_ctx=2048, batch_size=2048, n_seq=1
0.11.624.550 I kl_divergence: 6.52 seconds per pass - ETA 15.73 minutes

chunk             PPL               ln(PPL(Q)/PPL(base))          KL Divergence              Δp RMS            Same top p
   1       4.7854 ±    0.3443       0.00605 ±    0.00574       0.01033 ±    0.00079     3.236 ±  0.273 %    95.992 ±  0.614 %
   2       6.0051 ±    0.3170       0.00418 ±    0.00389       0.00993 ±    0.00071     2.860 ±  0.168 %    95.699 ±  0.449 %
   3       6.3538 ±    0.2765       0.00450 ±    0.00289       0.00882 ±    0.00051     2.744 ±  0.153 %    95.960 ±  0.355 %
   4       6.3866 ±    0.2430       0.00478 ±    0.00235       0.00834 ±    0.00040     2.703 ±  0.128 %    96.237 ±  0.298 %
   5       6.2877 ±    0.2158       0.00322 ±    0.00208       0.00822 ±    0.00035     2.640 ±  0.112 %    96.403 ±  0.260 %
   6       5.4509 ±    0.1659       0.00451 ±    0.00210       0.00948 ±    0.00068     2.789 ±  0.107 %    96.383 ±  0.238 %
   7       4.9565 ±    0.1357       0.00390 ±    0.00194       0.00943 ±    0.00059     2.912 ±  0.101 %    96.425 ±  0.219 %
   8       4.9738 ±    0.1273       0.00509 ±    0.00191       0.00984 ±    0.00053     3.062 ±  0.108 %    96.310 ±  0.208 %
   9       5.2348 ±    0.1271       0.00422 ±    0.00179       0.00999 ±    0.00049     3.058 ±  0.111 %    96.199 ±  0.199 %
  10       5.3643 ±    0.1251       0.00445 ±    0.00166       0.00974 ±    0.00044     3.001 ±  0.103 %    96.237 ±  0.188 %
  11       5.4582 ±    0.1214       0.00437 ±    0.00156       0.00940 ±    0.00040     2.931 ±  0.096 %    96.170 ±  0.181 %
  12       5.6915 ±    0.1224       0.00392 ±    0.00147       0.00931 ±    0.00037     2.887 ±  0.090 %    96.057 ±  0.176 %
  13       5.7510 ±    0.1190       0.00390 ±    0.00140       0.00929 ±    0.00035     2.872 ±  0.084 %    96.060 ±  0.169 %
  14       5.8471 ±    0.1169       0.00383 ±    0.00137       0.00950 ±    0.00035     2.936 ±  0.109 %    96.048 ±  0.163 %
  15       5.9189 ±    0.1147       0.00342 ±    0.00132       0.00956 ±    0.00033     2.949 ±  0.103 %    95.986 ±  0.158 %
  16       6.0983 ±    0.1151       0.00359 ±    0.00127       0.00951 ±    0.00031     2.936 ±  0.099 %    95.962 ±  0.154 %
  17       6.1598 ±    0.1126       0.00350 ±    0.00123       0.00941 ±    0.00029     2.908 ±  0.095 %    96.015 ±  0.148 %
  18       6.2599 ±    0.1114       0.00310 ±    0.00118       0.00935 ±    0.00028     2.871 ±  0.091 %    96.019 ±  0.144 %
  19       6.2077 ±    0.1078       0.00310 ±    0.00115       0.00916 ±    0.00026     2.827 ±  0.087 %    96.038 ±  0.140 %
  20       5.9313 ±    0.0998       0.00333 ±    0.00116       0.01002 ±    0.00033     3.149 ±  0.110 %    96.026 ±  0.137 %
  21       5.9525 ±    0.0976       0.00345 ±    0.00114       0.01006 ±    0.00031     3.134 ±  0.106 %    95.983 ±  0.134 %
  22       5.9808 ±    0.0960       0.00292 ±    0.00110       0.01001 ±    0.00030     3.113 ±  0.102 %    95.952 ±  0.131 %
  23       6.0326 ±    0.0948       0.00282 ±    0.00108       0.00999 ±    0.00029     3.085 ±  0.099 %    95.954 ±  0.128 %
  24       6.0468 ±    0.0928       0.00275 ±    0.00105       0.00994 ±    0.00028     3.064 ±  0.097 %    95.911 ±  0.126 %
  25       6.0943 ±    0.0919       0.00268 ±    0.00103       0.00989 ±    0.00027     3.032 ±  0.094 %    95.918 ±  0.124 %
  26       6.0785 ±    0.0898       0.00272 ±    0.00101       0.00985 ±    0.00026     3.028 ±  0.091 %    95.936 ±  0.121 %
  27       6.2217 ±    0.0906       0.00261 ±    0.00098       0.00973 ±    0.00025     3.000 ±  0.089 %    95.927 ±  0.119 %
  28       6.3017 ±    0.0905       0.00246 ±    0.00096       0.00969 ±    0.00024     2.974 ±  0.087 %    95.933 ±  0.117 %
  29       6.2689 ±    0.0884       0.00233 ±    0.00095       0.00975 ±    0.00024     3.003 ±  0.084 %    95.942 ±  0.115 %
  30       6.2389 ±    0.0864       0.00281 ±    0.00094       0.00978 ±    0.00023     3.006 ±  0.082 %    95.937 ±  0.113 %
  31       6.1631 ±    0.0838       0.00313 ±    0.00092       0.00973 ±    0.00023     2.992 ±  0.080 %    95.939 ±  0.111 %
  32       6.0594 ±    0.0809       0.00289 ±    0.00090       0.00963 ±    0.00022     2.985 ±  0.078 %    95.956 ±  0.109 %
  33       6.0201 ±    0.0790       0.00221 ±    0.00093       0.01026 ±    0.00066     3.027 ±  0.089 %    95.948 ±  0.107 %
  34       6.0185 ±    0.0777       0.00229 ±    0.00091       0.01015 ±    0.00064     3.008 ±  0.087 %    95.940 ±  0.106 %
  35       6.0342 ±    0.0768       0.00213 ±    0.00090       0.01032 ±    0.00064     3.009 ±  0.086 %    95.928 ±  0.104 %
  36       6.0516 ±    0.0761       0.00202 ±    0.00088       0.01031 ±    0.00062     2.996 ±  0.084 %    95.949 ±  0.103 %
  37       5.9652 ±    0.0737       0.00208 ±    0.00086       0.01017 ±    0.00061     2.977 ±  0.082 %    95.997 ±  0.101 %
  38       5.9009 ±    0.0717       0.00193 ±    0.00085       0.01007 ±    0.00059     2.973 ±  0.081 %    96.005 ±  0.099 %
  39       5.8303 ±    0.0697       0.00194 ±    0.00083       0.01000 ±    0.00058     2.969 ±  0.079 %    96.005 ±  0.098 %
  40       5.7544 ±    0.0676       0.00223 ±    0.00082       0.00991 ±    0.00056     2.965 ±  0.077 %    96.017 ±  0.097 %
  41       5.7093 ±    0.0660       0.00212 ±    0.00081       0.00985 ±    0.00055     2.975 ±  0.076 %    96.021 ±  0.095 %
  42       5.7439 ±    0.0657       0.00214 ±    0.00080       0.00979 ±    0.00053     2.959 ±  0.075 %    96.008 ±  0.094 %
  43       5.8763 ±    0.0670       0.00211 ±    0.00079       0.00979 ±    0.00052     2.947 ±  0.074 %    96.013 ±  0.093 %
  44       5.9823 ±    0.0678       0.00202 ±    0.00079       0.00977 ±    0.00051     2.937 ±  0.072 %    95.992 ±  0.092 %
  45       5.9595 ±    0.0667       0.00220 ±    0.00078       0.00996 ±    0.00050     2.963 ±  0.071 %    95.975 ±  0.092 %
  46       5.9776 ±    0.0662       0.00255 ±    0.00078       0.00999 ±    0.00049     2.960 ±  0.070 %    95.950 ±  0.091 %
  47       6.0073 ±    0.0659       0.00256 ±    0.00077       0.00997 ±    0.00048     2.960 ±  0.069 %    95.928 ±  0.090 %
  48       6.0203 ±    0.0653       0.00251 ±    0.00076       0.01007 ±    0.00047     3.005 ±  0.072 %    95.917 ±  0.089 %
  49       6.0643 ±    0.0652       0.00231 ±    0.00076       0.01010 ±    0.00046     3.001 ±  0.070 %    95.900 ±  0.089 %
  50       6.0408 ±    0.0642       0.00243 ±    0.00075       0.01007 ±    0.00045     2.996 ±  0.069 %    95.904 ±  0.088 %
  51       6.0783 ±    0.0640       0.00257 ±    0.00074       0.01001 ±    0.00045     2.980 ±  0.068 %    95.929 ±  0.087 %
  52       6.0322 ±    0.0628       0.00251 ±    0.00073       0.00996 ±    0.00044     2.973 ±  0.067 %    95.949 ±  0.085 %
  53       6.0165 ±    0.0620       0.00267 ±    0.00072       0.00994 ±    0.00043     2.973 ±  0.066 %    95.933 ±  0.085 %
  54       5.9978 ±    0.0611       0.00267 ±    0.00071       0.00989 ±    0.00042     2.968 ±  0.065 %    95.954 ±  0.084 %
  55       5.9579 ±    0.0600       0.00269 ±    0.00071       0.00983 ±    0.00041     2.958 ±  0.065 %    95.969 ±  0.083 %
  56       5.9441 ±    0.0593       0.00261 ±    0.00070       0.00979 ±    0.00041     2.949 ±  0.064 %    95.976 ±  0.082 %
  57       5.8935 ±    0.0582       0.00259 ±    0.00069       0.00973 ±    0.00040     2.941 ±  0.063 %    95.997 ±  0.081 %
  58       5.8814 ±    0.0575       0.00228 ±    0.00069       0.00976 ±    0.00039     2.941 ±  0.062 %    95.999 ±  0.080 %
  59       5.8576 ±    0.0567       0.00233 ±    0.00069       0.00996 ±    0.00039     2.996 ±  0.063 %    95.981 ±  0.080 %
  60       5.8557 ±    0.0563       0.00244 ±    0.00068       0.00989 ±    0.00038     2.983 ±  0.062 %    95.999 ±  0.079 %
  61       5.8750 ±    0.0561       0.00245 ±    0.00067       0.00985 ±    0.00038     2.973 ±  0.061 %    96.005 ±  0.078 %
  62       5.9077 ±    0.0560       0.00237 ±    0.00067       0.00983 ±    0.00037     2.964 ±  0.060 %    95.986 ±  0.078 %
  63       5.9454 ±    0.0560       0.00243 ±    0.00066       0.00984 ±    0.00037     2.969 ±  0.061 %    95.966 ±  0.078 %
  64       5.9792 ±    0.0559       0.00255 ±    0.00066       0.00982 ±    0.00036     2.963 ±  0.060 %    95.971 ±  0.077 %
  65       5.9328 ±    0.0550       0.00254 ±    0.00065       0.00980 ±    0.00036     2.967 ±  0.060 %    95.982 ±  0.076 %
  66       5.9548 ±    0.0548       0.00249 ±    0.00065       0.00981 ±    0.00035     2.962 ±  0.059 %    95.976 ±  0.076 %
  67       5.9444 ±    0.0543       0.00228 ±    0.00064       0.00978 ±    0.00035     2.954 ±  0.058 %    95.975 ±  0.075 %
  68       5.9269 ±    0.0537       0.00235 ±    0.00064       0.00979 ±    0.00034     2.953 ±  0.058 %    95.969 ±  0.075 %
  69       5.9211 ±    0.0532       0.00238 ±    0.00063       0.00977 ±    0.00034     2.947 ±  0.057 %    95.962 ±  0.074 %
  70       5.9167 ±    0.0528       0.00246 ±    0.00063       0.00978 ±    0.00033     2.947 ±  0.056 %    95.966 ±  0.074 %
  71       5.8936 ±    0.0521       0.00244 ±    0.00063       0.00980 ±    0.00033     2.954 ±  0.056 %    95.970 ±  0.073 %
  72       5.8953 ±    0.0518       0.00238 ±    0.00062       0.00980 ±    0.00032     2.951 ±  0.055 %    95.972 ±  0.072 %
  73       5.9223 ±    0.0518       0.00250 ±    0.00062       0.00982 ±    0.00032     2.950 ±  0.055 %    95.972 ±  0.072 %
  74       5.9510 ±    0.0517       0.00260 ±    0.00062       0.00980 ±    0.00031     2.947 ±  0.054 %    95.971 ±  0.071 %
  75       5.9395 ±    0.0512       0.00258 ±    0.00061       0.00975 ±    0.00031     2.939 ±  0.054 %    95.988 ±  0.071 %
  76       5.9614 ±    0.0511       0.00249 ±    0.00061       0.00977 ±    0.00031     2.938 ±  0.053 %    95.979 ±  0.070 %
  77       5.9578 ±    0.0507       0.00265 ±    0.00060       0.00977 ±    0.00031     2.938 ±  0.053 %    95.986 ±  0.070 %
  78       5.9497 ±    0.0502       0.00259 ±    0.00060       0.00974 ±    0.00030     2.934 ±  0.052 %    95.991 ±  0.069 %
  79       5.9773 ±    0.0502       0.00266 ±    0.00059       0.00972 ±    0.00030     2.924 ±  0.052 %    95.993 ±  0.069 %
  80       5.9371 ±    0.0495       0.00252 ±    0.00059       0.00981 ±    0.00029     2.953 ±  0.051 %    95.980 ±  0.069 %
  81       5.9466 ±    0.0493       0.00257 ±    0.00059       0.00990 ±    0.00029     2.960 ±  0.050 %    95.957 ±  0.068 %
  82       5.9212 ±    0.0487       0.00259 ±    0.00059       0.00990 ±    0.00029     2.963 ±  0.050 %    95.961 ±  0.068 %
  83       5.9146 ±    0.0484       0.00254 ±    0.00058       0.00988 ±    0.00028     2.958 ±  0.050 %    95.965 ±  0.068 %
  84       5.8977 ±    0.0479       0.00253 ±    0.00058       0.00986 ±    0.00028     2.956 ±  0.049 %    95.968 ±  0.067 %
  85       5.8818 ±    0.0475       0.00246 ±    0.00057       0.00983 ±    0.00028     2.951 ±  0.049 %    95.969 ±  0.067 %
  86       5.8957 ±    0.0473       0.00242 ±    0.00057       0.00981 ±    0.00027     2.945 ±  0.048 %    95.959 ±  0.066 %
  87       5.8767 ±    0.0468       0.00234 ±    0.00056       0.00977 ±    0.00027     2.940 ±  0.048 %    95.954 ±  0.066 %
  88       5.8718 ±    0.0465       0.00242 ±    0.00056       0.00978 ±    0.00027     2.954 ±  0.051 %    95.951 ±  0.066 %
  89       5.8909 ±    0.0465       0.00240 ±    0.00056       0.00985 ±    0.00027     2.958 ±  0.050 %    95.948 ±  0.065 %
  90       5.8984 ±    0.0462       0.00248 ±    0.00056       0.00985 ±    0.00027     2.960 ±  0.050 %    95.944 ±  0.065 %
  91       5.9473 ±    0.0465       0.00256 ±    0.00055       0.00986 ±    0.00027     2.953 ±  0.049 %    95.918 ±  0.065 %
  92       5.9861 ±    0.0466       0.00257 ±    0.00055       0.00985 ±    0.00027     2.949 ±  0.049 %    95.931 ±  0.064 %
  93       6.0161 ±    0.0467       0.00257 ±    0.00055       0.00986 ±    0.00026     2.943 ±  0.049 %    95.899 ±  0.064 %
  94       6.0401 ±    0.0466       0.00256 ±    0.00054       0.00984 ±    0.00026     2.937 ±  0.048 %    95.901 ±  0.064 %
  95       6.0735 ±    0.0467       0.00255 ±    0.00054       0.00983 ±    0.00026     2.929 ±  0.048 %    95.893 ±  0.064 %
  96       6.1155 ±    0.0469       0.00252 ±    0.00054       0.00983 ±    0.00026     2.925 ±  0.048 %    95.896 ±  0.063 %
  97       6.1676 ±    0.0472       0.00263 ±    0.00054       0.00990 ±    0.00025     2.924 ±  0.047 %    95.882 ±  0.063 %
  98       6.1616 ±    0.0469       0.00265 ±    0.00054       0.00990 ±    0.00025     2.929 ±  0.047 %    95.880 ±  0.063 %
  99       6.1700 ±    0.0467       0.00273 ±    0.00054       0.00988 ±    0.00025     2.921 ±  0.046 %    95.873 ±  0.063 %
 100       6.1785 ±    0.0465       0.00273 ±    0.00053       0.00991 ±    0.00025     2.928 ±  0.046 %    95.871 ±  0.062 %
 101       6.1541 ±    0.0461       0.00265 ±    0.00053       0.00996 ±    0.00025     2.940 ±  0.046 %    95.858 ±  0.062 %
 102       6.1574 ±    0.0459       0.00257 ±    0.00053       0.00998 ±    0.00024     2.939 ±  0.045 %    95.845 ±  0.062 %
 103       6.1565 ±    0.0456       0.00255 ±    0.00053       0.01003 ±    0.00024     2.946 ±  0.045 %    95.821 ±  0.062 %
 104       6.1551 ±    0.0454       0.00240 ±    0.00053       0.01019 ±    0.00024     2.956 ±  0.044 %    95.808 ±  0.061 %
 105       6.1477 ±    0.0451       0.00232 ±    0.00053       0.01026 ±    0.00024     2.968 ±  0.044 %    95.794 ±  0.061 %
 106       6.1312 ±    0.0447       0.00240 ±    0.00053       0.01034 ±    0.00024     2.980 ±  0.044 %    95.784 ±  0.061 %
 107       6.1447 ±    0.0447       0.00250 ±    0.00053       0.01049 ±    0.00027     2.990 ±  0.044 %    95.787 ±  0.061 %
 108       6.1371 ±    0.0444       0.00249 ±    0.00052       0.01048 ±    0.00027     2.992 ±  0.044 %    95.796 ±  0.060 %
 109       6.1422 ±    0.0442       0.00241 ±    0.00052       0.01045 ±    0.00027     2.990 ±  0.044 %    95.803 ±  0.060 %
 110       6.1419 ±    0.0440       0.00238 ±    0.00052       0.01043 ±    0.00027     2.987 ±  0.043 %    95.807 ±  0.060 %
 111       6.1272 ±    0.0437       0.00235 ±    0.00052       0.01059 ±    0.00029     2.993 ±  0.043 %    95.803 ±  0.060 %
 112       6.1137 ±    0.0434       0.00235 ±    0.00051       0.01056 ±    0.00029     2.990 ±  0.043 %    95.819 ±  0.059 %
 113       6.0908 ±    0.0430       0.00238 ±    0.00051       0.01055 ±    0.00028     2.990 ±  0.043 %    95.829 ±  0.059 %
 114       6.1187 ±    0.0431       0.00243 ±    0.00051       0.01053 ±    0.00028     2.986 ±  0.043 %    95.821 ±  0.059 %
 115       6.1232 ±    0.0429       0.00229 ±    0.00050       0.01053 ±    0.00028     2.985 ±  0.042 %    95.826 ±  0.058 %
 116       6.1326 ±    0.0428       0.00225 ±    0.00050       0.01052 ±    0.00028     2.979 ±  0.042 %    95.829 ±  0.058 %
 117       6.1416 ±    0.0427       0.00219 ±    0.00050       0.01055 ±    0.00027     2.978 ±  0.042 %    95.811 ±  0.058 %
 118       6.1381 ±    0.0425       0.00224 ±    0.00050       0.01067 ±    0.00028     2.986 ±  0.042 %    95.798 ±  0.058 %
 119       6.1187 ±    0.0422       0.00222 ±    0.00050       0.01075 ±    0.00028     3.013 ±  0.043 %    95.793 ±  0.058 %
 120       6.1259 ±    0.0421       0.00228 ±    0.00050       0.01074 ±    0.00028     3.012 ±  0.043 %    95.789 ±  0.057 %
 121       6.1228 ±    0.0419       0.00227 ±    0.00049       0.01069 ±    0.00028     3.004 ±  0.043 %    95.803 ±  0.057 %
 122       6.1180 ±    0.0417       0.00232 ±    0.00049       0.01067 ±    0.00028     3.000 ±  0.042 %    95.804 ±  0.057 %
 123       6.1088 ±    0.0414       0.00227 ±    0.00049       0.01063 ±    0.00027     2.999 ±  0.042 %    95.807 ±  0.057 %
 124       6.1056 ±    0.0413       0.00238 ±    0.00049       0.01061 ±    0.00027     2.995 ±  0.042 %    95.808 ±  0.056 %
 125       6.1204 ±    0.0412       0.00237 ±    0.00048       0.01060 ±    0.00027     2.993 ±  0.042 %    95.808 ±  0.056 %
 126       6.1163 ±    0.0410       0.00248 ±    0.00048       0.01056 ±    0.00027     2.986 ±  0.041 %    95.815 ±  0.056 %
 127       6.1277 ±    0.0410       0.00255 ±    0.00048       0.01053 ±    0.00027     2.979 ±  0.041 %    95.816 ±  0.056 %
 128       6.1173 ±    0.0407       0.00257 ±    0.00048       0.01052 ±    0.00026     2.981 ±  0.041 %    95.819 ±  0.055 %
 129       6.1159 ±    0.0406       0.00261 ±    0.00047       0.01050 ±    0.00026     2.980 ±  0.041 %    95.825 ±  0.055 %
 130       6.1052 ±    0.0403       0.00259 ±    0.00047       0.01048 ±    0.00026     2.979 ±  0.040 %    95.823 ±  0.055 %
 131       6.1105 ±    0.0402       0.00253 ±    0.00047       0.01047 ±    0.00026     2.973 ±  0.040 %    95.826 ±  0.055 %
 132       6.1119 ±    0.0401       0.00248 ±    0.00047       0.01049 ±    0.00026     2.976 ±  0.040 %    95.814 ±  0.054 %
 133       6.1221 ±    0.0400       0.00255 ±    0.00047       0.01053 ±    0.00026     2.990 ±  0.041 %    95.804 ±  0.054 %
 134       6.1352 ±    0.0400       0.00260 ±    0.00047       0.01058 ±    0.00025     3.010 ±  0.042 %    95.789 ±  0.054 %
 135       6.1311 ±    0.0398       0.00259 ±    0.00047       0.01056 ±    0.00025     3.007 ±  0.042 %    95.793 ±  0.054 %
 136       6.1109 ±    0.0395       0.00256 ±    0.00046       0.01054 ±    0.00025     3.004 ±  0.041 %    95.802 ±  0.054 %
 137       6.0810 ±    0.0391       0.00260 ±    0.00046       0.01052 ±    0.00025     3.003 ±  0.041 %    95.805 ±  0.054 %
 138       6.0883 ±    0.0390       0.00261 ±    0.00046       0.01058 ±    0.00025     3.008 ±  0.041 %    95.809 ±  0.053 %
 139       6.1034 ±    0.0390       0.00262 ±    0.00046       0.01056 ±    0.00025     3.004 ±  0.041 %    95.816 ±  0.053 %
 140       6.1295 ±    0.0391       0.00259 ±    0.00046       0.01054 ±    0.00025     2.997 ±  0.041 %    95.817 ±  0.053 %
 141       6.1167 ±    0.0388       0.00266 ±    0.00045       0.01058 ±    0.00025     3.009 ±  0.040 %    95.814 ±  0.053 %
 142       6.1182 ±    0.0387       0.00266 ±    0.00045       0.01059 ±    0.00024     3.011 ±  0.040 %    95.810 ±  0.053 %
 143       6.1193 ±    0.0386       0.00273 ±    0.00045       0.01057 ±    0.00024     3.007 ±  0.040 %    95.810 ±  0.052 %
 144       6.1309 ±    0.0385       0.00273 ±    0.00045       0.01056 ±    0.00024     3.004 ±  0.040 %    95.803 ±  0.052 %
 145       6.1239 ±    0.0384       0.00275 ±    0.00045       0.01059 ±    0.00024     3.012 ±  0.040 %    95.807 ±  0.052 %

====== Perplexity statistics ======
Mean PPL(Q)                   :   6.123936 ±   0.038369
Mean PPL(base)                :   6.107128 ±   0.038226
Cor(ln(PPL(Q)), ln(PPL(base))):  99.74%
Mean ln(PPL(Q)/PPL(base))     :   0.002748 ±   0.000449
Mean PPL(Q)/PPL(base)         :   1.002752 ±   0.000450
Mean PPL(Q)-PPL(base)         :   0.016808 ±   0.002747

====== KL divergence statistics ======
Mean    KLD:   0.010588 ±   0.000242
Maximum KLD:  21.009060
99.9%   KLD:   0.428559
99.0%   KLD:   0.097069
95.0%   KLD:   0.034113
90.0%   KLD:   0.020731
Median  KLD:   0.003634
10.0%   KLD:   0.000067
 5.0%   KLD:   0.000017
 1.0%   KLD:   0.000001
 0.1%   KLD:  -0.000003
Minimum KLD:  -0.000076

====== Token probability statistics ======
Mean    Δp: -0.062 ± 0.008 %
Maximum Δp: 99.970%
99.9%   Δp: 23.023%
99.0%   Δp:  8.306%
95.0%   Δp:  3.364%
90.0%   Δp:  1.859%
75.0%   Δp:  0.365%
Median  Δp: -0.000%
25.0%   Δp: -0.458%
10.0%   Δp: -2.071%
 5.0%   Δp: -3.647%
 1.0%   Δp: -8.804%
 0.1%   Δp: -23.106%
Minimum Δp: -98.034%
RMS Δp    :  3.012 ± 0.040 %
Same top p: 95.807 ± 0.052 %

------------------------------
llama-perplexity --kl-divergence-base /tmp/logits.dat --ctx-size 2048 -f sample-data/wiki.test.raw -hf byteshape/Qwen3.6-35B-A3B-MTP-GGUF:Qwen3.6-35B-A3B-IQ4_XS-3.97bpw -fa on -ngl 99 --cpu-moe -ctk turbo4 -ctv q4_0 --kl-divergence
0.00.558.465 I common_init_result: fitting params to device memory ...
0.00.558.469 I common_init_result: (for bugs during this step try to reproduce them with -fit off, or provide --verbose logs if the bug only occurs with -fit on)
0.02.984.870 W llama_model_loader: tensor overrides to CPU are used with mmap enabled - consider using --no-mmap for better performance
0.05.002.005 W llama_context: n_ctx_seq (2048) < n_ctx_train (262144) -- the full capacity of the model will not be utilized
0.05.040.256 I common_init_from_params: warming up the model with an empty run - please wait ... (--no-warmup to disable)
0.05.363.033 I 
0.05.363.116 I system_info: n_threads = 16 (n_threads_batch = 16) / 32 | CUDA : ARCHS = 500,610,700,750,800,860,890,900 | USE_GRAPHS = 1 | PEER_MAX_BATCH_SIZE = 128 | CPU : SSE3 = 1 | SSSE3 = 1 | AVX = 1 | AVX2 = 1 | F16C = 1 | FMA = 1 | BMI2 = 1 | LLAMAFILE = 1 | OPENMP = 1 | REPACK = 1 | 
0.05.598.314 I kl_divergence: computing over 145 chunks, n_ctx=2048, batch_size=2048, n_seq=1
0.24.150.868 I kl_divergence: 18.55 seconds per pass - ETA 44.83 minutes

chunk             PPL               ln(PPL(Q)/PPL(base))          KL Divergence              Δp RMS            Same top p
   1       4.7860 ±    0.3450       0.00617 ±    0.00611       0.01362 ±    0.00113     3.798 ±  0.379 %    94.819 ±  0.693 %
   2       6.0222 ±    0.3188       0.00703 ±    0.00432       0.01345 ±    0.00071     3.473 ±  0.226 %    94.917 ±  0.486 %
   3       6.3680 ±    0.2773       0.00674 ±    0.00341       0.01286 ±    0.00062     3.542 ±  0.243 %    95.112 ±  0.389 %
   4       6.4017 ±    0.2437       0.00714 ±    0.00286       0.01221 ±    0.00048     3.419 ±  0.195 %    95.577 ±  0.321 %
   5       6.3074 ±    0.2164       0.00635 ±    0.00254       0.01195 ±    0.00041     3.327 ±  0.163 %    95.836 ±  0.279 %
   6       5.4622 ±    0.1662       0.00659 ±    0.00242       0.01322 ±    0.00083     3.558 ±  0.156 %    95.878 ±  0.254 %
   7       4.9656 ±    0.1359       0.00574 ±    0.00221       0.01294 ±    0.00073     3.588 ±  0.141 %    95.908 ±  0.234 %
   8       4.9789 ±    0.1273       0.00613 ±    0.00215       0.01331 ±    0.00068     3.710 ±  0.163 %    95.882 ±  0.220 %
   9       5.2370 ±    0.1270       0.00463 ±    0.00202       0.01349 ±    0.00062     3.700 ±  0.163 %    95.655 ±  0.212 %
  10       5.3652 ±    0.1249       0.00463 ±    0.00189       0.01319 ±    0.00056     3.643 ±  0.150 %    95.699 ±  0.201 %
  11       5.4598 ±    0.1213       0.00466 ±    0.00178       0.01278 ±    0.00051     3.559 ±  0.140 %    95.699 ±  0.191 %
  12       5.6980 ±    0.1225       0.00505 ±    0.00169       0.01273 ±    0.00048     3.486 ±  0.131 %    95.585 ±  0.185 %
  13       5.7545 ±    0.1189       0.00451 ±    0.00161       0.01272 ±    0.00045     3.462 ±  0.123 %    95.579 ±  0.178 %
  14       5.8548 ±    0.1169       0.00515 ±    0.00155       0.01284 ±    0.00042     3.435 ±  0.116 %    95.580 ±  0.172 %
  15       5.9293 ±    0.1148       0.00518 ±    0.00152       0.01292 ±    0.00040     3.448 ±  0.109 %    95.523 ±  0.167 %
  16       6.1057 ±    0.1151       0.00481 ±    0.00146       0.01288 ±    0.00038     3.426 ±  0.104 %    95.461 ±  0.163 %
  17       6.1643 ±    0.1125       0.00423 ±    0.00143       0.01281 ±    0.00036     3.398 ±  0.099 %    95.429 ±  0.158 %
  18       6.2659 ±    0.1114       0.00407 ±    0.00138       0.01275 ±    0.00034     3.366 ±  0.095 %    95.427 ±  0.154 %
  19       6.2111 ±    0.1077       0.00364 ±    0.00133       0.01254 ±    0.00032     3.333 ±  0.091 %    95.473 ±  0.149 %
  20       5.9362 ±    0.0997       0.00415 ±    0.00134       0.01382 ±    0.00040     3.744 ±  0.123 %    95.459 ±  0.146 %
  21       5.9582 ±    0.0976       0.00441 ±    0.00131       0.01385 ±    0.00039     3.729 ±  0.119 %    95.368 ±  0.143 %
  22       5.9861 ±    0.0959       0.00380 ±    0.00127       0.01380 ±    0.00037     3.706 ±  0.114 %    95.348 ±  0.140 %
  23       6.0392 ±    0.0948       0.00391 ±    0.00124       0.01373 ±    0.00036     3.674 ±  0.110 %    95.384 ±  0.137 %
  24       6.0534 ±    0.0928       0.00384 ±    0.00121       0.01367 ±    0.00034     3.653 ±  0.107 %    95.308 ±  0.135 %
  25       6.0986 ±    0.0918       0.00338 ±    0.00119       0.01358 ±    0.00033     3.622 ±  0.103 %    95.312 ±  0.132 %
  26       6.0829 ±    0.0898       0.00345 ±    0.00116       0.01351 ±    0.00032     3.604 ±  0.100 %    95.319 ±  0.130 %
  27       6.2278 ±    0.0906       0.00360 ±    0.00114       0.01338 ±    0.00031     3.568 ±  0.098 %    95.290 ±  0.127 %
  28       6.3076 ±    0.0905       0.00340 ±    0.00111       0.01335 ±    0.00030     3.544 ±  0.095 %    95.308 ±  0.125 %
  29       6.2757 ±    0.0884       0.00341 ±    0.00109       0.01333 ±    0.00029     3.539 ±  0.092 %    95.335 ±  0.122 %
  30       6.2454 ±    0.0864       0.00385 ±    0.00109       0.01345 ±    0.00030     3.574 ±  0.097 %    95.305 ±  0.121 %
  31       6.1679 ±    0.0837       0.00391 ±    0.00107       0.01338 ±    0.00029     3.560 ±  0.094 %    95.302 ±  0.119 %
  32       6.0654 ±    0.0808       0.00386 ±    0.00105       0.01328 ±    0.00028     3.551 ±  0.092 %    95.314 ±  0.117 %
  33       6.0293 ±    0.0790       0.00374 ±    0.00107       0.01398 ±    0.00075     3.578 ±  0.098 %    95.314 ±  0.115 %
  34       6.0276 ±    0.0778       0.00381 ±    0.00105       0.01386 ±    0.00073     3.557 ±  0.096 %    95.302 ±  0.113 %
  35       6.0430 ±    0.0769       0.00359 ±    0.00104       0.01403 ±    0.00072     3.555 ±  0.094 %    95.308 ±  0.112 %
  36       6.0608 ±    0.0762       0.00354 ±    0.00102       0.01398 ±    0.00071     3.540 ±  0.092 %    95.313 ±  0.110 %
  37       5.9735 ±    0.0737       0.00348 ±    0.00100       0.01381 ±    0.00069     3.518 ±  0.090 %    95.350 ±  0.108 %
  38       5.9089 ±    0.0717       0.00329 ±    0.00098       0.01368 ±    0.00067     3.510 ±  0.088 %    95.367 ±  0.107 %
  39       5.8386 ±    0.0697       0.00335 ±    0.00097       0.01360 ±    0.00065     3.509 ±  0.086 %    95.386 ±  0.105 %
  40       5.7618 ±    0.0676       0.00351 ±    0.00095       0.01347 ±    0.00064     3.496 ±  0.085 %    95.393 ±  0.104 %
  41       5.7164 ±    0.0660       0.00337 ±    0.00094       0.01341 ±    0.00062     3.507 ±  0.084 %    95.372 ±  0.103 %
  42       5.7506 ±    0.0657       0.00330 ±    0.00093       0.01336 ±    0.00061     3.494 ±  0.082 %    95.364 ±  0.101 %
  43       5.8823 ±    0.0670       0.00312 ±    0.00092       0.01358 ±    0.00063     3.514 ±  0.086 %    95.340 ±  0.101 %
  44       5.9893 ±    0.0678       0.00319 ±    0.00091       0.01353 ±    0.00062     3.492 ±  0.084 %    95.323 ±  0.100 %
  45       5.9651 ±    0.0667       0.00314 ±    0.00090       0.01377 ±    0.00061     3.525 ±  0.082 %    95.284 ±  0.099 %
  46       5.9832 ±    0.0662       0.00348 ±    0.00090       0.01384 ±    0.00059     3.534 ±  0.081 %    95.259 ±  0.098 %
  47       6.0127 ±    0.0658       0.00345 ±    0.00089       0.01380 ±    0.00058     3.526 ±  0.079 %    95.248 ±  0.097 %
  48       6.0262 ±    0.0653       0.00350 ±    0.00088       0.01381 ±    0.00057     3.523 ±  0.078 %    95.220 ±  0.096 %
  49       6.0703 ±    0.0652       0.00331 ±    0.00087       0.01384 ±    0.00056     3.520 ±  0.077 %    95.180 ±  0.096 %
  50       6.0475 ±    0.0642       0.00354 ±    0.00086       0.01381 ±    0.00055     3.511 ±  0.075 %    95.196 ±  0.095 %
  51       6.0847 ±    0.0640       0.00362 ±    0.00085       0.01373 ±    0.00054     3.495 ±  0.074 %    95.206 ±  0.094 %
  52       6.0393 ±    0.0628       0.00370 ±    0.00084       0.01365 ±    0.00053     3.488 ±  0.073 %    95.218 ±  0.093 %
  53       6.0235 ±    0.0620       0.00384 ±    0.00083       0.01362 ±    0.00052     3.481 ±  0.072 %    95.195 ±  0.092 %
  54       6.0056 ±    0.0611       0.00399 ±    0.00082       0.01361 ±    0.00051     3.492 ±  0.074 %    95.205 ±  0.091 %
  55       5.9659 ±    0.0600       0.00404 ±    0.00081       0.01352 ±    0.00050     3.478 ±  0.073 %    95.235 ±  0.090 %
  56       5.9515 ±    0.0593       0.00386 ±    0.00081       0.01352 ±    0.00050     3.491 ±  0.074 %    95.245 ±  0.089 %
  57       5.9004 ±    0.0582       0.00377 ±    0.00080       0.01345 ±    0.00049     3.483 ±  0.073 %    95.250 ±  0.088 %
  58       5.8884 ±    0.0575       0.00348 ±    0.00079       0.01345 ±    0.00048     3.478 ±  0.072 %    95.252 ±  0.087 %
  59       5.8656 ±    0.0567       0.00369 ±    0.00079       0.01363 ±    0.00047     3.511 ±  0.070 %    95.247 ±  0.087 %
  60       5.8635 ±    0.0563       0.00377 ±    0.00078       0.01354 ±    0.00046     3.497 ±  0.070 %    95.262 ±  0.086 %
  61       5.8837 ±    0.0561       0.00393 ±    0.00078       0.01351 ±    0.00046     3.491 ±  0.069 %    95.253 ±  0.085 %
  62       5.9168 ±    0.0560       0.00392 ±    0.00077       0.01348 ±    0.00045     3.478 ±  0.068 %    95.231 ±  0.085 %
  63       5.9551 ±    0.0560       0.00407 ±    0.00076       0.01347 ±    0.00044     3.472 ±  0.067 %    95.218 ±  0.084 %
  64       5.9891 ±    0.0560       0.00421 ±    0.00075       0.01343 ±    0.00044     3.459 ±  0.066 %    95.212 ±  0.083 %
  65       5.9426 ±    0.0550       0.00418 ±    0.00075       0.01340 ±    0.00043     3.460 ±  0.065 %    95.216 ±  0.083 %
  66       5.9645 ±    0.0549       0.00412 ±    0.00074       0.01340 ±    0.00042     3.453 ±  0.064 %    95.216 ±  0.082 %
  67       5.9550 ±    0.0543       0.00405 ±    0.00073       0.01336 ±    0.00042     3.444 ±  0.064 %    95.220 ±  0.081 %
  68       5.9373 ±    0.0537       0.00411 ±    0.00073       0.01336 ±    0.00041     3.442 ±  0.063 %    95.216 ±  0.081 %
  69       5.9310 ±    0.0532       0.00406 ±    0.00072       0.01331 ±    0.00041     3.431 ±  0.062 %    95.206 ±  0.080 %
  70       5.9265 ±    0.0528       0.00411 ±    0.00072       0.01330 ±    0.00040     3.428 ±  0.061 %    95.193 ±  0.080 %
  71       5.9035 ±    0.0521       0.00412 ±    0.00071       0.01332 ±    0.00039     3.435 ±  0.061 %    95.187 ±  0.079 %
  72       5.9054 ±    0.0518       0.00409 ±    0.00071       0.01331 ±    0.00039     3.431 ±  0.060 %    95.193 ±  0.079 %
  73       5.9322 ±    0.0518       0.00417 ±    0.00070       0.01333 ±    0.00038     3.425 ±  0.059 %    95.178 ±  0.078 %
  74       5.9606 ±    0.0517       0.00421 ±    0.00070       0.01331 ±    0.00038     3.420 ±  0.059 %    95.176 ±  0.078 %
  75       5.9491 ±    0.0512       0.00420 ±    0.00069       0.01326 ±    0.00037     3.410 ±  0.058 %    95.191 ±  0.077 %
  76       5.9708 ±    0.0511       0.00407 ±    0.00069       0.01325 ±    0.00037     3.410 ±  0.058 %    95.201 ±  0.077 %
  77       5.9673 ±    0.0507       0.00425 ±    0.00068       0.01325 ±    0.00037     3.410 ±  0.057 %    95.182 ±  0.076 %
  78       5.9597 ±    0.0503       0.00428 ±    0.00068       0.01324 ±    0.00036     3.413 ±  0.056 %    95.186 ±  0.076 %
  79       5.9865 ±    0.0502       0.00421 ±    0.00067       0.01322 ±    0.00036     3.406 ±  0.056 %    95.177 ±  0.075 %
  80       5.9464 ±    0.0495       0.00408 ±    0.00067       0.01336 ±    0.00035     3.449 ±  0.055 %    95.164 ±  0.075 %
  81       5.9564 ±    0.0493       0.00421 ±    0.00067       0.01346 ±    0.00035     3.455 ±  0.054 %    95.129 ±  0.075 %
  82       5.9311 ±    0.0488       0.00426 ±    0.00066       0.01347 ±    0.00035     3.463 ±  0.054 %    95.143 ±  0.074 %
  83       5.9246 ±    0.0484       0.00423 ±    0.00066       0.01345 ±    0.00034     3.458 ±  0.054 %    95.141 ±  0.074 %
  84       5.9087 ±    0.0479       0.00439 ±    0.00066       0.01343 ±    0.00034     3.463 ±  0.054 %    95.145 ±  0.073 %
  85       5.8930 ±    0.0475       0.00436 ±    0.00065       0.01339 ±    0.00033     3.456 ±  0.053 %    95.152 ±  0.073 %
  86       5.9074 ±    0.0474       0.00439 ±    0.00065       0.01337 ±    0.00033     3.451 ±  0.053 %    95.147 ±  0.072 %
  87       5.8889 ±    0.0469       0.00443 ±    0.00064       0.01333 ±    0.00033     3.446 ±  0.052 %    95.137 ±  0.072 %
  88       5.8838 ±    0.0466       0.00446 ±    0.00064       0.01329 ±    0.00032     3.441 ±  0.052 %    95.134 ±  0.072 %
  89       5.9030 ±    0.0465       0.00444 ±    0.00063       0.01335 ±    0.00032     3.445 ±  0.051 %    95.121 ±  0.071 %
  90       5.9102 ±    0.0463       0.00446 ±    0.00063       0.01334 ±    0.00032     3.445 ±  0.051 %    95.130 ±  0.071 %
  91       5.9600 ±    0.0465       0.00469 ±    0.00063       0.01335 ±    0.00031     3.438 ±  0.051 %    95.116 ±  0.071 %
  92       5.9991 ±    0.0467       0.00475 ±    0.00062       0.01335 ±    0.00031     3.435 ±  0.050 %    95.111 ±  0.070 %
  93       6.0293 ±    0.0467       0.00476 ±    0.00062       0.01335 ±    0.00031     3.429 ±  0.050 %    95.101 ±  0.070 %
  94       6.0535 ±    0.0467       0.00478 ±    0.00062       0.01335 ±    0.00030     3.423 ±  0.049 %    95.107 ±  0.070 %
  95       6.0870 ±    0.0467       0.00477 ±    0.00061       0.01334 ±    0.00030     3.416 ±  0.049 %    95.091 ±  0.069 %
  96       6.1293 ±    0.0469       0.00478 ±    0.00061       0.01333 ±    0.00030     3.408 ±  0.048 %    95.087 ±  0.069 %
  97       6.1813 ±    0.0472       0.00485 ±    0.00061       0.01341 ±    0.00030     3.404 ±  0.048 %    95.066 ±  0.069 %
  98       6.1748 ±    0.0469       0.00480 ±    0.00061       0.01341 ±    0.00029     3.408 ±  0.048 %    95.067 ±  0.068 %
  99       6.1830 ±    0.0467       0.00484 ±    0.00060       0.01338 ±    0.00029     3.402 ±  0.047 %    95.054 ±  0.068 %
 100       6.1917 ±    0.0466       0.00485 ±    0.00060       0.01340 ±    0.00029     3.401 ±  0.047 %    95.048 ±  0.068 %
 101       6.1672 ±    0.0461       0.00479 ±    0.00060       0.01347 ±    0.00029     3.414 ±  0.047 %    95.025 ±  0.068 %
 102       6.1710 ±    0.0459       0.00478 ±    0.00060       0.01350 ±    0.00028     3.416 ±  0.046 %    95.013 ±  0.067 %
 103       6.1702 ±    0.0457       0.00477 ±    0.00060       0.01356 ±    0.00028     3.421 ±  0.046 %    94.992 ±  0.067 %
 104       6.1696 ±    0.0454       0.00475 ±    0.00060       0.01376 ±    0.00028     3.436 ±  0.045 %    94.963 ±  0.067 %
 105       6.1629 ±    0.0452       0.00479 ±    0.00060       0.01383 ±    0.00028     3.446 ±  0.045 %    94.953 ±  0.067 %
 106       6.1469 ±    0.0448       0.00495 ±    0.00060       0.01392 ±    0.00027     3.462 ±  0.045 %    94.937 ±  0.067 %
 107       6.1602 ±    0.0447       0.00501 ±    0.00060       0.01395 ±    0.00027     3.467 ±  0.045 %    94.939 ±  0.066 %
 108       6.1528 ±    0.0445       0.00503 ±    0.00059       0.01395 ±    0.00027     3.473 ±  0.044 %    94.943 ±  0.066 %
 109       6.1575 ±    0.0443       0.00490 ±    0.00059       0.01393 ±    0.00027     3.475 ±  0.044 %    94.953 ±  0.066 %
 110       6.1574 ±    0.0441       0.00490 ±    0.00059       0.01390 ±    0.00027     3.472 ±  0.044 %    94.960 ±  0.065 %
 111       6.1425 ±    0.0438       0.00484 ±    0.00058       0.01409 ±    0.00029     3.482 ±  0.044 %    94.955 ±  0.065 %
 112       6.1291 ±    0.0434       0.00486 ±    0.00058       0.01405 ±    0.00028     3.479 ±  0.044 %    94.975 ±  0.065 %
 113       6.1062 ±    0.0431       0.00490 ±    0.00058       0.01403 ±    0.00028     3.476 ±  0.043 %    94.982 ±  0.064 %
 114       6.1341 ±    0.0431       0.00494 ±    0.00057       0.01401 ±    0.00028     3.471 ±  0.043 %    94.981 ±  0.064 %
 115       6.1388 ±    0.0430       0.00484 ±    0.00057       0.01401 ±    0.00028     3.471 ±  0.043 %    94.987 ±  0.064 %
 116       6.1487 ±    0.0429       0.00487 ±    0.00057       0.01401 ±    0.00028     3.466 ±  0.042 %    94.989 ±  0.063 %
 117       6.1580 ±    0.0428       0.00486 ±    0.00057       0.01406 ±    0.00027     3.466 ±  0.042 %    94.963 ±  0.063 %
 118       6.1546 ±    0.0426       0.00493 ±    0.00056       0.01417 ±    0.00028     3.468 ±  0.042 %    94.954 ±  0.063 %
 119       6.1359 ±    0.0423       0.00503 ±    0.00057       0.01430 ±    0.00029     3.503 ±  0.044 %    94.954 ±  0.063 %
 120       6.1427 ±    0.0422       0.00503 ±    0.00056       0.01428 ±    0.00028     3.500 ±  0.043 %    94.954 ±  0.062 %
 121       6.1397 ±    0.0420       0.00502 ±    0.00056       0.01423 ±    0.00028     3.495 ±  0.043 %    94.969 ±  0.062 %
 122       6.1343 ±    0.0418       0.00497 ±    0.00056       0.01421 ±    0.00028     3.493 ±  0.043 %    94.971 ±  0.062 %
 123       6.1251 ±    0.0415       0.00493 ±    0.00055       0.01417 ±    0.00028     3.493 ±  0.043 %    94.974 ±  0.062 %
 124       6.1220 ±    0.0413       0.00505 ±    0.00055       0.01415 ±    0.00028     3.490 ±  0.043 %    94.980 ±  0.061 %
 125       6.1369 ±    0.0413       0.00506 ±    0.00055       0.01416 ±    0.00027     3.489 ±  0.042 %    94.987 ±  0.061 %
 126       6.1325 ±    0.0411       0.00512 ±    0.00055       0.01411 ±    0.00027     3.483 ±  0.042 %    94.996 ±  0.061 %
 127       6.1432 ±    0.0411       0.00508 ±    0.00054       0.01407 ±    0.00027     3.476 ±  0.042 %    94.990 ±  0.061 %
 128       6.1326 ±    0.0408       0.00507 ±    0.00054       0.01406 ±    0.00027     3.477 ±  0.042 %    94.990 ±  0.060 %
 129       6.1309 ±    0.0406       0.00506 ±    0.00054       0.01405 ±    0.00027     3.475 ±  0.041 %    94.992 ±  0.060 %
 130       6.1204 ±    0.0404       0.00508 ±    0.00054       0.01403 ±    0.00026     3.472 ±  0.041 %    94.989 ±  0.060 %
 131       6.1258 ±    0.0403       0.00504 ±    0.00054       0.01399 ±    0.00026     3.466 ±  0.041 %    94.989 ±  0.060 %
 132       6.1266 ±    0.0401       0.00490 ±    0.00053       0.01402 ±    0.00026     3.469 ±  0.041 %    94.989 ±  0.059 %
 133       6.1363 ±    0.0401       0.00486 ±    0.00053       0.01403 ±    0.00026     3.466 ±  0.040 %    94.979 ±  0.059 %
 134       6.1498 ±    0.0401       0.00498 ±    0.00053       0.01407 ±    0.00026     3.482 ±  0.041 %    94.974 ±  0.059 %
 135       6.1459 ±    0.0399       0.00500 ±    0.00053       0.01406 ±    0.00025     3.479 ±  0.041 %    94.971 ±  0.059 %
 136       6.1256 ±    0.0396       0.00496 ±    0.00053       0.01403 ±    0.00025     3.476 ±  0.040 %    94.979 ±  0.059 %
 137       6.0959 ±    0.0392       0.00504 ±    0.00052       0.01401 ±    0.00025     3.476 ±  0.040 %    94.978 ±  0.058 %
 138       6.1038 ±    0.0391       0.00515 ±    0.00052       0.01410 ±    0.00025     3.479 ±  0.040 %    94.971 ±  0.058 %
 139       6.1190 ±    0.0391       0.00518 ±    0.00052       0.01408 ±    0.00025     3.476 ±  0.040 %    94.977 ±  0.058 %
 140       6.1450 ±    0.0392       0.00512 ±    0.00052       0.01406 ±    0.00025     3.470 ±  0.040 %    94.979 ±  0.058 %
 141       6.1320 ±    0.0389       0.00517 ±    0.00052       0.01410 ±    0.00025     3.474 ±  0.039 %    94.978 ±  0.058 %
 142       6.1333 ±    0.0388       0.00513 ±    0.00052       0.01411 ±    0.00025     3.476 ±  0.039 %    94.976 ±  0.057 %
 143       6.1342 ±    0.0386       0.00516 ±    0.00051       0.01409 ±    0.00025     3.474 ±  0.039 %    94.983 ±  0.057 %
 144       6.1461 ±    0.0386       0.00519 ±    0.00051       0.01409 ±    0.00024     3.471 ±  0.039 %    94.974 ±  0.057 %
 145       6.1386 ±    0.0384       0.00514 ±    0.00051       0.01411 ±    0.00024     3.478 ±  0.039 %    94.982 ±  0.057 %

====== Perplexity statistics ======
Mean PPL(Q)                   :   6.138595 ±   0.038435
Mean PPL(base)                :   6.107128 ±   0.038226
Cor(ln(PPL(Q)), ln(PPL(base))):  99.67%
Mean ln(PPL(Q)/PPL(base))     :   0.005139 ±   0.000509
Mean PPL(Q)/PPL(base)         :   1.005152 ±   0.000512
Mean PPL(Q)-PPL(base)         :   0.031467 ±   0.003126

====== KL divergence statistics ======
Mean    KLD:   0.014109 ±   0.000245
Maximum KLD:  23.527206
99.9%   KLD:   0.503321
99.0%   KLD:   0.119355
95.0%   KLD:   0.044997
90.0%   KLD:   0.028728
Median  KLD:   0.005949
10.0%   KLD:   0.000126
 5.0%   KLD:   0.000033
 1.0%   KLD:   0.000004
 0.1%   KLD:  -0.000001
Minimum KLD:  -0.000075

====== Token probability statistics ======
Mean    Δp: -0.172 ± 0.009 %
Maximum Δp: 99.966%
99.9%   Δp: 24.859%
99.0%   Δp:  9.698%
95.0%   Δp:  4.058%
90.0%   Δp:  2.231%
75.0%   Δp:  0.388%
Median  Δp: -0.004%
25.0%   Δp: -0.698%
10.0%   Δp: -2.853%
 5.0%   Δp: -4.797%
 1.0%   Δp: -10.532%
 0.1%   Δp: -24.117%
Minimum Δp: -93.257%
RMS Δp    :  3.478 ± 0.039 %
Same top p: 94.982 ± 0.057 %

------------------------------
llama-perplexity --kl-divergence-base /tmp/logits.dat --ctx-size 2048 -f sample-data/wiki.test.raw -hf byteshape/Qwen3.6-35B-A3B-MTP-GGUF:Qwen3.6-35B-A3B-IQ4_XS-3.97bpw -fa on -ngl 99 --cpu-moe -ctk turbo4 -ctv turbo4 --kl-divergence
0.00.532.975 I common_init_result: fitting params to device memory ...
0.00.532.979 I common_init_result: (for bugs during this step try to reproduce them with -fit off, or provide --verbose logs if the bug only occurs with -fit on)
0.02.804.172 W llama_model_loader: tensor overrides to CPU are used with mmap enabled - consider using --no-mmap for better performance
0.04.767.467 W llama_context: n_ctx_seq (2048) < n_ctx_train (262144) -- the full capacity of the model will not be utilized
0.04.797.073 I common_init_from_params: warming up the model with an empty run - please wait ... (--no-warmup to disable)
0.04.893.790 I 
0.04.893.871 I system_info: n_threads = 16 (n_threads_batch = 16) / 32 | CUDA : ARCHS = 500,610,700,750,800,860,890,900 | USE_GRAPHS = 1 | PEER_MAX_BATCH_SIZE = 128 | CPU : SSE3 = 1 | SSSE3 = 1 | AVX = 1 | AVX2 = 1 | F16C = 1 | FMA = 1 | BMI2 = 1 | LLAMAFILE = 1 | OPENMP = 1 | REPACK = 1 | 
0.05.123.796 I kl_divergence: computing over 145 chunks, n_ctx=2048, batch_size=2048, n_seq=1
0.11.659.375 I kl_divergence: 6.54 seconds per pass - ETA 15.78 minutes

chunk             PPL               ln(PPL(Q)/PPL(base))          KL Divergence              Δp RMS            Same top p
   1       4.8268 ±    0.3483       0.01466 ±    0.00758       0.01585 ±    0.00138     4.140 ±  0.467 %    94.819 ±  0.693 %
   2       6.0641 ±    0.3218       0.01397 ±    0.00508       0.01497 ±    0.00081     3.655 ±  0.275 %    93.744 ±  0.536 %
   3       6.4365 ±    0.2819       0.01743 ±    0.00379       0.01374 ±    0.00058     3.465 ±  0.204 %    94.135 ±  0.424 %
   4       6.4510 ±    0.2470       0.01481 ±    0.00309       0.01309 ±    0.00057     3.291 ±  0.166 %    94.721 ±  0.350 %
   5       6.3458 ±    0.2189       0.01242 ±    0.00274       0.01297 ±    0.00049     3.252 ±  0.147 %    94.917 ±  0.307 %
   6       5.4831 ±    0.1674       0.01040 ±    0.00264       0.01376 ±    0.00056     3.436 ±  0.132 %    94.982 ±  0.279 %
   7       4.9901 ±    0.1372       0.01066 ±    0.00242       0.01399 ±    0.00052     3.589 ±  0.125 %    95.029 ±  0.257 %
   8       5.0009 ±    0.1284       0.01053 ±    0.00234       0.01451 ±    0.00048     3.673 ±  0.121 %    95.039 ±  0.240 %
   9       5.2603 ±    0.1280       0.00908 ±    0.00220       0.01475 ±    0.00044     3.634 ±  0.112 %    94.841 ±  0.231 %
  10       5.3884 ±    0.1259       0.00895 ±    0.00205       0.01449 ±    0.00041     3.599 ±  0.104 %    94.888 ±  0.218 %
  11       5.4790 ±    0.1221       0.00817 ±    0.00192       0.01402 ±    0.00037     3.520 ±  0.098 %    95.041 ±  0.205 %
  12       5.7092 ±    0.1230       0.00703 ±    0.00182       0.01433 ±    0.00056     3.548 ±  0.120 %    95.064 ±  0.196 %
  13       5.7676 ±    0.1195       0.00679 ±    0.00174       0.01438 ±    0.00052     3.536 ±  0.112 %    95.075 ±  0.188 %
  14       5.8616 ±    0.1174       0.00631 ±    0.00167       0.01457 ±    0.00049     3.527 ±  0.107 %    94.987 ±  0.182 %
  15       5.9399 ±    0.1153       0.00696 ±    0.00163       0.01473 ±    0.00047     3.582 ±  0.103 %    94.858 ±  0.178 %
  16       6.1217 ±    0.1157       0.00743 ±    0.00157       0.01464 ±    0.00044     3.538 ±  0.098 %    94.764 ±  0.174 %
  17       6.1826 ±    0.1132       0.00718 ±    0.00151       0.01454 ±    0.00042     3.514 ±  0.094 %    94.767 ±  0.169 %
  18       6.2848 ±    0.1121       0.00707 ±    0.00146       0.01442 ±    0.00040     3.480 ±  0.090 %    94.770 ±  0.164 %
  19       6.2324 ±    0.1084       0.00707 ±    0.00141       0.01416 ±    0.00038     3.439 ±  0.086 %    94.840 ±  0.159 %
  20       5.9573 ±    0.1004       0.00770 ±    0.00142       0.01505 ±    0.00039     3.701 ±  0.095 %    94.844 ±  0.155 %
  21       5.9809 ±    0.0983       0.00821 ±    0.00139       0.01504 ±    0.00037     3.681 ±  0.091 %    94.759 ±  0.152 %
  22       6.0082 ±    0.0966       0.00749 ±    0.00135       0.01495 ±    0.00035     3.656 ±  0.088 %    94.784 ±  0.148 %
  23       6.0612 ±    0.0954       0.00754 ±    0.00131       0.01487 ±    0.00034     3.623 ±  0.085 %    94.772 ±  0.145 %
  24       6.0761 ±    0.0935       0.00759 ±    0.00128       0.01485 ±    0.00033     3.612 ±  0.083 %    94.762 ±  0.142 %
  25       6.1232 ±    0.0925       0.00741 ±    0.00125       0.01478 ±    0.00032     3.602 ±  0.083 %    94.784 ±  0.139 %
  26       6.1046 ±    0.0904       0.00701 ±    0.00122       0.01472 ±    0.00031     3.596 ±  0.081 %    94.808 ±  0.136 %
  27       6.2503 ±    0.0913       0.00720 ±    0.00119       0.01458 ±    0.00030     3.564 ±  0.079 %    94.787 ±  0.134 %
  28       6.3301 ±    0.0911       0.00696 ±    0.00117       0.01455 ±    0.00029     3.540 ±  0.077 %    94.781 ±  0.131 %
  29       6.3001 ±    0.0891       0.00729 ±    0.00115       0.01455 ±    0.00028     3.559 ±  0.075 %    94.809 ±  0.129 %
  30       6.2700 ±    0.0871       0.00778 ±    0.00115       0.01470 ±    0.00031     3.598 ±  0.083 %    94.783 ±  0.127 %
  31       6.1930 ±    0.0843       0.00798 ±    0.00112       0.01459 ±    0.00030     3.580 ±  0.081 %    94.775 ±  0.125 %
  32       6.0888 ±    0.0814       0.00772 ±    0.00110       0.01447 ±    0.00029     3.566 ±  0.079 %    94.819 ±  0.123 %
  33       6.0533 ±    0.0796       0.00771 ±    0.00112       0.01492 ±    0.00055     3.604 ±  0.086 %    94.798 ±  0.121 %
  34       6.0515 ±    0.0783       0.00777 ±    0.00109       0.01478 ±    0.00053     3.575 ±  0.084 %    94.819 ±  0.119 %
  35       6.0687 ±    0.0775       0.00783 ±    0.00108       0.01503 ±    0.00054     3.583 ±  0.082 %    94.830 ±  0.117 %
  36       6.0867 ±    0.0767       0.00781 ±    0.00106       0.01499 ±    0.00052     3.566 ±  0.080 %    94.825 ±  0.115 %
  37       5.9993 ±    0.0743       0.00778 ±    0.00104       0.01481 ±    0.00051     3.545 ±  0.079 %    94.875 ±  0.113 %
  38       5.9350 ±    0.0723       0.00770 ±    0.00102       0.01466 ±    0.00050     3.528 ±  0.077 %    94.889 ±  0.112 %
  39       5.8630 ±    0.0702       0.00753 ±    0.00100       0.01457 ±    0.00048     3.526 ±  0.076 %    94.894 ±  0.110 %
  40       5.7844 ±    0.0681       0.00741 ±    0.00099       0.01444 ±    0.00047     3.517 ±  0.074 %    94.924 ±  0.109 %
  41       5.7383 ±    0.0665       0.00719 ±    0.00097       0.01436 ±    0.00046     3.523 ±  0.073 %    94.919 ±  0.107 %
  42       5.7729 ±    0.0662       0.00718 ±    0.00096       0.01431 ±    0.00045     3.514 ±  0.072 %    94.912 ±  0.106 %
  43       5.9053 ±    0.0675       0.00703 ±    0.00095       0.01445 ±    0.00046     3.534 ±  0.076 %    94.903 ±  0.105 %
  44       6.0116 ±    0.0683       0.00690 ±    0.00094       0.01444 ±    0.00045     3.521 ±  0.075 %    94.886 ±  0.104 %
  45       5.9885 ±    0.0672       0.00706 ±    0.00094       0.01471 ±    0.00044     3.567 ±  0.073 %    94.860 ±  0.103 %
  46       6.0053 ±    0.0667       0.00717 ±    0.00093       0.01476 ±    0.00043     3.559 ±  0.072 %    94.830 ±  0.102 %
  47       6.0355 ±    0.0663       0.00725 ±    0.00092       0.01472 ±    0.00042     3.553 ±  0.071 %    94.819 ±  0.101 %
  48       6.0485 ±    0.0658       0.00719 ±    0.00091       0.01479 ±    0.00041     3.562 ±  0.070 %    94.801 ±  0.100 %
  49       6.0933 ±    0.0656       0.00709 ±    0.00090       0.01486 ±    0.00041     3.568 ±  0.069 %    94.763 ±  0.099 %
  50       6.0702 ±    0.0647       0.00729 ±    0.00090       0.01488 ±    0.00040     3.566 ±  0.068 %    94.772 ±  0.098 %
  51       6.1075 ±    0.0645       0.00736 ±    0.00088       0.01477 ±    0.00039     3.550 ±  0.067 %    94.773 ±  0.097 %
  52       6.0615 ±    0.0633       0.00737 ±    0.00087       0.01472 ±    0.00038     3.548 ±  0.066 %    94.797 ±  0.096 %
  53       6.0459 ±    0.0625       0.00755 ±    0.00086       0.01470 ±    0.00038     3.544 ±  0.065 %    94.788 ±  0.095 %
  54       6.0266 ±    0.0616       0.00748 ±    0.00085       0.01459 ±    0.00037     3.529 ±  0.064 %    94.787 ±  0.095 %
  55       5.9872 ±    0.0605       0.00759 ±    0.00084       0.01451 ±    0.00036     3.520 ±  0.063 %    94.810 ±  0.094 %
  56       5.9756 ±    0.0598       0.00789 ±    0.00084       0.01454 ±    0.00037     3.529 ±  0.065 %    94.828 ±  0.093 %
  57       5.9244 ±    0.0587       0.00783 ±    0.00083       0.01446 ±    0.00036     3.520 ±  0.064 %    94.848 ±  0.092 %
  58       5.9136 ±    0.0580       0.00775 ±    0.00082       0.01446 ±    0.00036     3.516 ±  0.063 %    94.846 ±  0.091 %
  59       5.8906 ±    0.0572       0.00793 ±    0.00082       0.01464 ±    0.00035     3.553 ±  0.063 %    94.847 ±  0.090 %
  60       5.8875 ±    0.0568       0.00786 ±    0.00081       0.01455 ±    0.00035     3.541 ±  0.062 %    94.858 ±  0.089 %
  61       5.9066 ±    0.0565       0.00781 ±    0.00080       0.01451 ±    0.00034     3.533 ±  0.061 %    94.842 ±  0.089 %
  62       5.9400 ±    0.0565       0.00783 ±    0.00080       0.01451 ±    0.00034     3.525 ±  0.061 %    94.827 ±  0.088 %
  63       5.9774 ±    0.0565       0.00781 ±    0.00079       0.01448 ±    0.00033     3.516 ±  0.060 %    94.801 ±  0.087 %
  64       6.0114 ±    0.0564       0.00793 ±    0.00078       0.01443 ±    0.00033     3.504 ±  0.059 %    94.807 ±  0.087 %
  65       5.9647 ±    0.0554       0.00789 ±    0.00077       0.01440 ±    0.00032     3.503 ±  0.058 %    94.819 ±  0.086 %
  66       5.9875 ±    0.0553       0.00796 ±    0.00077       0.01442 ±    0.00032     3.501 ±  0.058 %    94.818 ±  0.085 %
  67       5.9776 ±    0.0548       0.00785 ±    0.00076       0.01439 ±    0.00031     3.495 ±  0.057 %    94.815 ±  0.085 %
  68       5.9593 ±    0.0541       0.00781 ±    0.00076       0.01442 ±    0.00031     3.499 ±  0.056 %    94.815 ±  0.084 %
  69       5.9534 ±    0.0536       0.00783 ±    0.00075       0.01439 ±    0.00030     3.494 ±  0.056 %    94.809 ±  0.083 %
  70       5.9493 ±    0.0532       0.00796 ±    0.00075       0.01441 ±    0.00030     3.500 ±  0.055 %    94.809 ±  0.083 %
  71       5.9269 ±    0.0526       0.00808 ±    0.00075       0.01452 ±    0.00030     3.522 ±  0.055 %    94.793 ±  0.082 %
  72       5.9286 ±    0.0523       0.00801 ±    0.00075       0.01454 ±    0.00030     3.529 ±  0.055 %    94.797 ±  0.082 %
  73       5.9554 ±    0.0522       0.00807 ±    0.00074       0.01456 ±    0.00029     3.529 ±  0.054 %    94.784 ±  0.081 %
  74       5.9847 ±    0.0522       0.00824 ±    0.00074       0.01455 ±    0.00029     3.524 ±  0.053 %    94.790 ±  0.081 %
  75       5.9741 ±    0.0517       0.00838 ±    0.00073       0.01449 ±    0.00028     3.516 ±  0.053 %    94.792 ±  0.080 %
  76       5.9961 ±    0.0516       0.00829 ±    0.00073       0.01447 ±    0.00028     3.512 ±  0.052 %    94.782 ±  0.080 %
  77       5.9929 ±    0.0512       0.00852 ±    0.00072       0.01446 ±    0.00028     3.511 ±  0.052 %    94.781 ±  0.079 %
  78       5.9853 ±    0.0507       0.00857 ±    0.00072       0.01445 ±    0.00027     3.510 ±  0.051 %    94.767 ±  0.079 %
  79       6.0128 ±    0.0507       0.00859 ±    0.00071       0.01442 ±    0.00027     3.505 ±  0.051 %    94.773 ±  0.078 %
  80       5.9720 ±    0.0500       0.00839 ±    0.00071       0.01457 ±    0.00027     3.545 ±  0.050 %    94.768 ±  0.078 %
  81       5.9820 ±    0.0497       0.00850 ±    0.00071       0.01467 ±    0.00027     3.547 ±  0.050 %    94.743 ±  0.078 %
  82       5.9570 ±    0.0492       0.00861 ±    0.00070       0.01475 ±    0.00027     3.590 ±  0.052 %    94.750 ±  0.077 %
  83       5.9501 ±    0.0488       0.00851 ±    0.00070       0.01471 ±    0.00026     3.585 ±  0.052 %    94.753 ±  0.077 %
  84       5.9327 ±    0.0484       0.00845 ±    0.00069       0.01470 ±    0.00026     3.588 ±  0.052 %    94.756 ±  0.076 %
  85       5.9172 ±    0.0479       0.00846 ±    0.00069       0.01466 ±    0.00026     3.584 ±  0.051 %    94.762 ±  0.076 %
  86       5.9314 ±    0.0478       0.00844 ±    0.00068       0.01464 ±    0.00026     3.583 ±  0.051 %    94.756 ±  0.075 %
  87       5.9129 ±    0.0473       0.00850 ±    0.00068       0.01460 ±    0.00025     3.578 ±  0.050 %    94.756 ±  0.075 %
  88       5.9080 ±    0.0470       0.00857 ±    0.00068       0.01463 ±    0.00025     3.596 ±  0.052 %    94.751 ±  0.074 %
  89       5.9278 ±    0.0469       0.00864 ±    0.00067       0.01468 ±    0.00025     3.600 ±  0.051 %    94.753 ±  0.074 %
  90       5.9355 ±    0.0467       0.00874 ±    0.00067       0.01467 ±    0.00025     3.598 ±  0.051 %    94.758 ±  0.073 %
  91       5.9843 ±    0.0469       0.00876 ±    0.00067       0.01469 ±    0.00025     3.593 ±  0.051 %    94.717 ±  0.073 %
  92       6.0226 ±    0.0471       0.00866 ±    0.00066       0.01470 ±    0.00025     3.591 ±  0.050 %    94.716 ±  0.073 %
  93       6.0531 ±    0.0471       0.00870 ±    0.00066       0.01471 ±    0.00024     3.584 ±  0.050 %    94.695 ±  0.073 %
  94       6.0767 ±    0.0471       0.00861 ±    0.00065       0.01471 ±    0.00024     3.578 ±  0.049 %    94.686 ±  0.072 %
  95       6.1105 ±    0.0471       0.00863 ±    0.00065       0.01471 ±    0.00024     3.574 ±  0.049 %    94.667 ±  0.072 %
  96       6.1525 ±    0.0473       0.00856 ±    0.00065       0.01472 ±    0.00024     3.571 ±  0.049 %    94.655 ±  0.072 %
  97       6.2051 ±    0.0476       0.00868 ±    0.00065       0.01481 ±    0.00023     3.580 ±  0.049 %    94.637 ±  0.072 %
  98       6.1992 ±    0.0473       0.00875 ±    0.00065       0.01480 ±    0.00023     3.579 ±  0.049 %    94.632 ±  0.071 %
  99       6.2073 ±    0.0471       0.00876 ±    0.00064       0.01477 ±    0.00023     3.570 ±  0.048 %    94.628 ±  0.071 %
 100       6.2164 ±    0.0470       0.00884 ±    0.00064       0.01481 ±    0.00023     3.582 ±  0.048 %    94.620 ±  0.071 %
 101       6.1915 ±    0.0465       0.00872 ±    0.00064       0.01490 ±    0.00023     3.603 ±  0.048 %    94.604 ±  0.070 %
 102       6.1946 ±    0.0463       0.00860 ±    0.00064       0.01491 ±    0.00023     3.602 ±  0.047 %    94.595 ±  0.070 %
 103       6.1937 ±    0.0461       0.00856 ±    0.00063       0.01498 ±    0.00022     3.610 ±  0.047 %    94.571 ±  0.070 %
 104       6.1936 ±    0.0458       0.00862 ±    0.00064       0.01521 ±    0.00022     3.626 ±  0.047 %    94.551 ±  0.070 %
 105       6.1864 ±    0.0455       0.00859 ±    0.00063       0.01529 ±    0.00022     3.636 ±  0.046 %    94.536 ±  0.069 %
 106       6.1702 ±    0.0452       0.00874 ±    0.00063       0.01541 ±    0.00022     3.655 ±  0.046 %    94.526 ±  0.069 %
 107       6.1831 ±    0.0451       0.00872 ±    0.00063       0.01553 ±    0.00025     3.667 ±  0.046 %    94.536 ±  0.069 %
 108       6.1753 ±    0.0448       0.00869 ±    0.00063       0.01552 ±    0.00024     3.670 ±  0.046 %    94.541 ±  0.068 %
 109       6.1809 ±    0.0447       0.00869 ±    0.00063       0.01551 ±    0.00024     3.676 ±  0.046 %    94.551 ±  0.068 %
 110       6.1815 ±    0.0445       0.00881 ±    0.00062       0.01550 ±    0.00024     3.681 ±  0.046 %    94.566 ±  0.068 %
 111       6.1668 ±    0.0441       0.00879 ±    0.00062       0.01567 ±    0.00028     3.681 ±  0.046 %    94.556 ±  0.067 %
 112       6.1530 ±    0.0438       0.00874 ±    0.00062       0.01563 ±    0.00027     3.675 ±  0.045 %    94.571 ±  0.067 %
 113       6.1306 ±    0.0434       0.00888 ±    0.00062       0.01567 ±    0.00028     3.687 ±  0.046 %    94.573 ±  0.067 %
 114       6.1581 ±    0.0435       0.00885 ±    0.00061       0.01566 ±    0.00028     3.682 ±  0.046 %    94.572 ±  0.066 %
 115       6.1627 ±    0.0434       0.00873 ±    0.00061       0.01564 ±    0.00027     3.677 ±  0.046 %    94.580 ±  0.066 %
 116       6.1723 ±    0.0433       0.00870 ±    0.00061       0.01564 ±    0.00027     3.672 ±  0.045 %    94.585 ±  0.066 %
 117       6.1815 ±    0.0432       0.00867 ±    0.00060       0.01568 ±    0.00027     3.671 ±  0.045 %    94.567 ±  0.066 %
 118       6.1782 ±    0.0429       0.00877 ±    0.00060       0.01586 ±    0.00028     3.684 ±  0.046 %    94.552 ±  0.065 %
 119       6.1597 ±    0.0426       0.00890 ±    0.00060       0.01598 ±    0.00029     3.709 ±  0.047 %    94.553 ±  0.065 %
 120       6.1670 ±    0.0425       0.00896 ±    0.00060       0.01596 ±    0.00029     3.707 ±  0.046 %    94.552 ±  0.065 %
 121       6.1639 ±    0.0423       0.00896 ±    0.00060       0.01590 ±    0.00028     3.699 ±  0.046 %    94.564 ±  0.064 %
 122       6.1588 ±    0.0421       0.00897 ±    0.00059       0.01586 ±    0.00028     3.695 ±  0.046 %    94.562 ±  0.064 %
 123       6.1494 ±    0.0419       0.00888 ±    0.00059       0.01581 ±    0.00028     3.689 ±  0.046 %    94.573 ±  0.064 %
 124       6.1457 ±    0.0417       0.00892 ±    0.00059       0.01578 ±    0.00028     3.685 ±  0.045 %    94.579 ±  0.064 %
 125       6.1609 ±    0.0417       0.00897 ±    0.00059       0.01578 ±    0.00028     3.684 ±  0.045 %    94.578 ±  0.063 %
 126       6.1566 ±    0.0415       0.00904 ±    0.00058       0.01573 ±    0.00027     3.677 ±  0.045 %    94.594 ±  0.063 %
 127       6.1674 ±    0.0414       0.00901 ±    0.00058       0.01568 ±    0.00027     3.670 ±  0.044 %    94.599 ±  0.063 %
 128       6.1568 ±    0.0412       0.00901 ±    0.00058       0.01567 ±    0.00027     3.671 ±  0.044 %    94.598 ±  0.062 %
 129       6.1555 ±    0.0410       0.00907 ±    0.00057       0.01565 ±    0.00027     3.668 ±  0.044 %    94.601 ±  0.062 %
 130       6.1448 ±    0.0407       0.00906 ±    0.00057       0.01562 ±    0.00026     3.663 ±  0.044 %    94.609 ±  0.062 %
 131       6.1503 ±    0.0406       0.00902 ±    0.00057       0.01561 ±    0.00026     3.659 ±  0.043 %    94.608 ±  0.062 %
 132       6.1515 ±    0.0405       0.00895 ±    0.00057       0.01563 ±    0.00026     3.661 ±  0.043 %    94.604 ±  0.061 %
 133       6.1615 ±    0.0404       0.00897 ±    0.00057       0.01566 ±    0.00026     3.663 ±  0.043 %    94.597 ±  0.061 %
 134       6.1747 ±    0.0404       0.00901 ±    0.00057       0.01570 ±    0.00026     3.669 ±  0.043 %    94.595 ±  0.061 %
 135       6.1705 ±    0.0402       0.00899 ±    0.00056       0.01567 ±    0.00026     3.664 ±  0.043 %    94.595 ±  0.061 %
 136       6.1499 ±    0.0399       0.00891 ±    0.00056       0.01563 ±    0.00025     3.659 ±  0.042 %    94.602 ±  0.061 %
 137       6.1198 ±    0.0395       0.00895 ±    0.00056       0.01560 ±    0.00025     3.654 ±  0.042 %    94.611 ±  0.060 %
 138       6.1276 ±    0.0394       0.00904 ±    0.00056       0.01574 ±    0.00026     3.665 ±  0.043 %    94.607 ±  0.060 %
 139       6.1427 ±    0.0394       0.00903 ±    0.00055       0.01571 ±    0.00026     3.660 ±  0.042 %    94.615 ±  0.060 %
 140       6.1692 ±    0.0395       0.00904 ±    0.00055       0.01569 ±    0.00026     3.655 ±  0.042 %    94.619 ±  0.060 %
 141       6.1561 ±    0.0392       0.00909 ±    0.00055       0.01573 ±    0.00026     3.667 ±  0.042 %    94.615 ±  0.059 %
 142       6.1573 ±    0.0391       0.00903 ±    0.00055       0.01574 ±    0.00026     3.669 ±  0.042 %    94.615 ±  0.059 %
 143       6.1581 ±    0.0390       0.00905 ±    0.00055       0.01572 ±    0.00026     3.668 ±  0.041 %    94.613 ±  0.059 %
 144       6.1697 ±    0.0389       0.00902 ±    0.00054       0.01571 ±    0.00025     3.664 ±  0.041 %    94.605 ±  0.059 %
 145       6.1625 ±    0.0388       0.00903 ±    0.00054       0.01572 ±    0.00025     3.670 ±  0.041 %    94.607 ±  0.059 %

====== Perplexity statistics ======
Mean PPL(Q)                   :   6.162518 ±   0.038755
Mean PPL(base)                :   6.107128 ±   0.038226
Cor(ln(PPL(Q)), ln(PPL(base))):  99.63%
Mean ln(PPL(Q)/PPL(base))     :   0.009029 ±   0.000542
Mean PPL(Q)/PPL(base)         :   1.009070 ±   0.000547
Mean PPL(Q)-PPL(base)         :   0.055389 ±   0.003360

====== KL divergence statistics ======
Mean    KLD:   0.015724 ±   0.000254
Maximum KLD:  15.698735
99.9%   KLD:   0.547249
99.0%   KLD:   0.131010
95.0%   KLD:   0.050485
90.0%   KLD:   0.032133
Median  KLD:   0.006542
10.0%   KLD:   0.000141
 5.0%   KLD:   0.000040
 1.0%   KLD:   0.000005
 0.1%   KLD:  -0.000000
Minimum KLD:  -0.000035

====== Token probability statistics ======
Mean    Δp: -0.087 ± 0.010 %
Maximum Δp: 98.593%
99.9%   Δp: 24.292%
99.0%   Δp: 10.334%
95.0%   Δp:  4.460%
90.0%   Δp:  2.508%
75.0%   Δp:  0.493%
Median  Δp: -0.002%
25.0%   Δp: -0.618%
10.0%   Δp: -2.752%
 5.0%   Δp: -4.776%
 1.0%   Δp: -11.137%
 0.1%   Δp: -27.452%
Minimum Δp: -98.538%
RMS Δp    :  3.670 ± 0.041 %
Same top p: 94.607 ± 0.059 %

------------------------------
llama-perplexity --kl-divergence-base /tmp/logits.dat --ctx-size 2048 -f sample-data/wiki.test.raw -hf byteshape/Qwen3.6-35B-A3B-MTP-GGUF:Qwen3.6-35B-A3B-IQ4_XS-3.97bpw -fa on -ngl 99 --cpu-moe -ctk turbo3 -ctv f16 --kl-divergence
0.00.527.739 I common_init_result: fitting params to device memory ...
0.00.527.742 I common_init_result: (for bugs during this step try to reproduce them with -fit off, or provide --verbose logs if the bug only occurs with -fit on)
0.02.800.280 W llama_model_loader: tensor overrides to CPU are used with mmap enabled - consider using --no-mmap for better performance
0.04.822.594 W llama_context: n_ctx_seq (2048) < n_ctx_train (262144) -- the full capacity of the model will not be utilized
0.04.851.161 I common_init_from_params: warming up the model with an empty run - please wait ... (--no-warmup to disable)
0.04.947.444 I 
0.04.947.518 I system_info: n_threads = 16 (n_threads_batch = 16) / 32 | CUDA : ARCHS = 500,610,700,750,800,860,890,900 | USE_GRAPHS = 1 | PEER_MAX_BATCH_SIZE = 128 | CPU : SSE3 = 1 | SSSE3 = 1 | AVX = 1 | AVX2 = 1 | F16C = 1 | FMA = 1 | BMI2 = 1 | LLAMAFILE = 1 | OPENMP = 1 | REPACK = 1 | 
0.05.180.736 I kl_divergence: computing over 145 chunks, n_ctx=2048, batch_size=2048, n_seq=1
0.11.745.730 I kl_divergence: 6.56 seconds per pass - ETA 15.85 minutes

chunk             PPL               ln(PPL(Q)/PPL(base))          KL Divergence              Δp RMS            Same top p
   1       4.7645 ±    0.3422       0.00167 ±    0.00647       0.01258 ±    0.00076     3.373 ±  0.212 %    94.917 ±  0.687 %
   2       5.9801 ±    0.3150       0.00002 ±    0.00504       0.01288 ±    0.00059     3.352 ±  0.189 %    94.477 ±  0.505 %
   3       6.3452 ±    0.2757       0.00315 ±    0.00386       0.01242 ±    0.00063     3.515 ±  0.277 %    94.526 ±  0.411 %
   4       6.3887 ±    0.2429       0.00510 ±    0.00320       0.01260 ±    0.00078     3.801 ±  0.331 %    95.210 ±  0.334 %
   5       6.2931 ±    0.2158       0.00408 ±    0.00280       0.01235 ±    0.00064     3.633 ±  0.278 %    95.308 ±  0.296 %
   6       5.4337 ±    0.1650       0.00135 ±    0.00270       0.01292 ±    0.00068     3.702 ±  0.249 %    95.324 ±  0.269 %
   7       4.9461 ±    0.1352       0.00180 ±    0.00245       0.01269 ±    0.00060     3.728 ±  0.221 %    95.392 ±  0.248 %
   8       4.9626 ±    0.1269       0.00285 ±    0.00235       0.01313 ±    0.00059     3.804 ±  0.221 %    95.369 ±  0.232 %
   9       5.2222 ±    0.1266       0.00181 ±    0.00219       0.01347 ±    0.00054     3.755 ±  0.200 %    95.069 ±  0.226 %
  10       5.3518 ±    0.1247       0.00213 ±    0.00205       0.01320 ±    0.00049     3.686 ±  0.184 %    95.132 ±  0.213 %
  11       5.4522 ±    0.1212       0.00326 ±    0.00193       0.01275 ±    0.00045     3.581 ±  0.173 %    95.184 ±  0.202 %
  12       5.6873 ±    0.1224       0.00317 ±    0.00184       0.01266 ±    0.00042     3.509 ±  0.162 %    95.218 ±  0.193 %
  13       5.7440 ±    0.1188       0.00268 ±    0.00177       0.01301 ±    0.00050     3.570 ±  0.171 %    95.233 ±  0.185 %
  14       5.8466 ±    0.1170       0.00374 ±    0.00172       0.01325 ±    0.00051     3.618 ±  0.177 %    95.259 ±  0.178 %
  15       5.9187 ±    0.1148       0.00339 ±    0.00167       0.01341 ±    0.00048     3.614 ±  0.167 %    95.282 ±  0.171 %
  16       6.0961 ±    0.1151       0.00324 ±    0.00160       0.01333 ±    0.00045     3.591 ±  0.159 %    95.210 ±  0.167 %
  17       6.1574 ±    0.1126       0.00310 ±    0.00153       0.01324 ±    0.00043     3.550 ±  0.151 %    95.262 ±  0.161 %
  18       6.2589 ±    0.1115       0.00294 ±    0.00148       0.01312 ±    0.00040     3.504 ±  0.145 %    95.248 ±  0.157 %
  19       6.2077 ±    0.1079       0.00309 ±    0.00142       0.01284 ±    0.00038     3.454 ±  0.139 %    95.303 ±  0.152 %
  20       5.9304 ±    0.0998       0.00319 ±    0.00142       0.01448 ±    0.00077     3.668 ±  0.134 %    95.313 ±  0.148 %
  21       5.9516 ±    0.0977       0.00330 ±    0.00139       0.01452 ±    0.00073     3.669 ±  0.129 %    95.299 ±  0.144 %
  22       5.9840 ±    0.0961       0.00345 ±    0.00135       0.01442 ±    0.00070     3.647 ±  0.124 %    95.290 ±  0.141 %
  23       6.0345 ±    0.0949       0.00313 ±    0.00134       0.01459 ±    0.00070     3.687 ±  0.132 %    95.261 ±  0.139 %
  24       6.0491 ±    0.0929       0.00314 ±    0.00131       0.01458 ±    0.00067     3.678 ±  0.127 %    95.218 ±  0.136 %
  25       6.0979 ±    0.0920       0.00328 ±    0.00128       0.01449 ±    0.00065     3.645 ±  0.124 %    95.214 ±  0.133 %
  26       6.0812 ±    0.0899       0.00317 ±    0.00125       0.01438 ±    0.00062     3.634 ±  0.120 %    95.244 ±  0.131 %
  27       6.2257 ±    0.0908       0.00326 ±    0.00121       0.01420 ±    0.00060     3.591 ±  0.117 %    95.210 ±  0.128 %
  28       6.3071 ±    0.0906       0.00332 ±    0.00118       0.01411 ±    0.00058     3.560 ±  0.114 %    95.221 ±  0.126 %
  29       6.2767 ±    0.0886       0.00357 ±    0.00116       0.01409 ±    0.00056     3.567 ±  0.110 %    95.230 ±  0.124 %
  30       6.2446 ±    0.0866       0.00371 ±    0.00114       0.01407 ±    0.00054     3.553 ±  0.107 %    95.210 ±  0.122 %
  31       6.1700 ±    0.0839       0.00426 ±    0.00112       0.01401 ±    0.00053     3.563 ±  0.107 %    95.223 ±  0.120 %
  32       6.0665 ±    0.0810       0.00405 ±    0.00110       0.01389 ±    0.00051     3.557 ±  0.104 %    95.244 ±  0.118 %
  33       6.0289 ±    0.0792       0.00367 ±    0.00111       0.01448 ±    0.00081     3.582 ±  0.109 %    95.240 ±  0.116 %
  34       6.0256 ±    0.0778       0.00348 ±    0.00109       0.01437 ±    0.00079     3.554 ±  0.106 %    95.239 ±  0.114 %
  35       6.0414 ±    0.0770       0.00333 ±    0.00107       0.01453 ±    0.00078     3.555 ±  0.104 %    95.272 ±  0.112 %
  36       6.0592 ±    0.0762       0.00329 ±    0.00105       0.01444 ±    0.00076     3.542 ±  0.102 %    95.289 ±  0.110 %
  37       5.9727 ±    0.0738       0.00333 ±    0.00103       0.01421 ±    0.00074     3.513 ±  0.100 %    95.334 ±  0.108 %
  38       5.9089 ±    0.0718       0.00330 ±    0.00101       0.01405 ±    0.00072     3.501 ±  0.098 %    95.375 ±  0.107 %
  39       5.8391 ±    0.0698       0.00344 ±    0.00099       0.01391 ±    0.00070     3.484 ±  0.096 %    95.378 ±  0.105 %
  40       5.7629 ±    0.0677       0.00370 ±    0.00097       0.01379 ±    0.00068     3.483 ±  0.094 %    95.381 ±  0.104 %
  41       5.7192 ±    0.0662       0.00385 ±    0.00096       0.01371 ±    0.00066     3.495 ±  0.092 %    95.375 ±  0.103 %
  42       5.7535 ±    0.0659       0.00380 ±    0.00095       0.01363 ±    0.00065     3.478 ±  0.090 %    95.392 ±  0.101 %
  43       5.8862 ±    0.0671       0.00378 ±    0.00094       0.01377 ±    0.00065     3.508 ±  0.093 %    95.381 ±  0.100 %
  44       5.9938 ±    0.0680       0.00394 ±    0.00093       0.01377 ±    0.00063     3.498 ±  0.091 %    95.341 ±  0.099 %
  45       5.9694 ±    0.0669       0.00385 ±    0.00093       0.01396 ±    0.00062     3.529 ±  0.089 %    95.323 ±  0.098 %
  46       5.9863 ±    0.0664       0.00401 ±    0.00092       0.01395 ±    0.00061     3.517 ±  0.087 %    95.321 ±  0.097 %
  47       6.0165 ±    0.0660       0.00410 ±    0.00091       0.01388 ±    0.00059     3.501 ±  0.086 %    95.325 ±  0.096 %
  48       6.0291 ±    0.0654       0.00397 ±    0.00090       0.01389 ±    0.00058     3.510 ±  0.085 %    95.302 ±  0.095 %
  49       6.0726 ±    0.0653       0.00369 ±    0.00089       0.01391 ±    0.00057     3.501 ±  0.083 %    95.290 ±  0.095 %
  50       6.0489 ±    0.0643       0.00377 ±    0.00088       0.01387 ±    0.00056     3.494 ±  0.082 %    95.304 ±  0.094 %
  51       6.0854 ±    0.0642       0.00373 ±    0.00087       0.01376 ±    0.00055     3.476 ±  0.081 %    95.318 ±  0.092 %
  52       6.0400 ±    0.0630       0.00382 ±    0.00086       0.01369 ±    0.00054     3.473 ±  0.080 %    95.344 ±  0.091 %
  53       6.0251 ±    0.0621       0.00410 ±    0.00085       0.01370 ±    0.00053     3.471 ±  0.078 %    95.336 ±  0.091 %
  54       6.0070 ±    0.0613       0.00421 ±    0.00084       0.01362 ±    0.00052     3.460 ±  0.077 %    95.351 ±  0.090 %
  55       5.9683 ±    0.0602       0.00443 ±    0.00083       0.01356 ±    0.00051     3.452 ±  0.076 %    95.363 ±  0.089 %
  56       5.9541 ±    0.0595       0.00430 ±    0.00083       0.01353 ±    0.00050     3.458 ±  0.075 %    95.364 ±  0.088 %
  57       5.9036 ±    0.0583       0.00431 ±    0.00082       0.01346 ±    0.00049     3.447 ±  0.074 %    95.368 ±  0.087 %
  58       5.8930 ±    0.0576       0.00426 ±    0.00081       0.01349 ±    0.00049     3.445 ±  0.073 %    95.362 ±  0.086 %
  59       5.8691 ±    0.0569       0.00428 ±    0.00081       0.01367 ±    0.00048     3.481 ±  0.072 %    95.349 ±  0.086 %
  60       5.8661 ±    0.0564       0.00421 ±    0.00080       0.01359 ±    0.00047     3.465 ±  0.072 %    95.358 ±  0.085 %
  61       5.8854 ±    0.0562       0.00422 ±    0.00079       0.01355 ±    0.00046     3.458 ±  0.071 %    95.361 ±  0.084 %
  62       5.9186 ±    0.0561       0.00422 ±    0.00079       0.01351 ±    0.00046     3.444 ±  0.070 %    95.350 ±  0.084 %
  63       5.9565 ±    0.0561       0.00430 ±    0.00078       0.01352 ±    0.00045     3.447 ±  0.070 %    95.336 ±  0.083 %
  64       5.9902 ±    0.0561       0.00440 ±    0.00077       0.01346 ±    0.00044     3.433 ±  0.069 %    95.329 ±  0.082 %
  65       5.9436 ±    0.0551       0.00435 ±    0.00076       0.01342 ±    0.00044     3.434 ±  0.068 %    95.350 ±  0.082 %
  66       5.9659 ±    0.0550       0.00435 ±    0.00076       0.01342 ±    0.00043     3.430 ±  0.067 %    95.342 ±  0.081 %
  67       5.9562 ±    0.0544       0.00426 ±    0.00075       0.01339 ±    0.00042     3.422 ±  0.066 %    95.337 ±  0.081 %
  68       5.9386 ±    0.0538       0.00432 ±    0.00075       0.01341 ±    0.00042     3.418 ±  0.065 %    95.322 ±  0.080 %
  69       5.9321 ±    0.0533       0.00424 ±    0.00074       0.01337 ±    0.00041     3.410 ±  0.065 %    95.321 ±  0.079 %
  70       5.9279 ±    0.0529       0.00436 ±    0.00074       0.01341 ±    0.00041     3.406 ±  0.064 %    95.323 ±  0.079 %
  71       5.9046 ±    0.0523       0.00430 ±    0.00073       0.01344 ±    0.00041     3.407 ±  0.063 %    95.323 ±  0.078 %
  72       5.9065 ±    0.0519       0.00427 ±    0.00073       0.01344 ±    0.00040     3.405 ±  0.062 %    95.328 ±  0.078 %
  73       5.9332 ±    0.0519       0.00433 ±    0.00072       0.01345 ±    0.00040     3.399 ±  0.062 %    95.311 ±  0.077 %
  74       5.9622 ±    0.0519       0.00447 ±    0.00072       0.01343 ±    0.00039     3.395 ±  0.061 %    95.305 ±  0.077 %
  75       5.9510 ±    0.0514       0.00452 ±    0.00071       0.01336 ±    0.00038     3.385 ±  0.061 %    95.314 ±  0.076 %
  76       5.9728 ±    0.0512       0.00440 ±    0.00070       0.01340 ±    0.00038     3.390 ±  0.060 %    95.299 ±  0.076 %
  77       5.9691 ±    0.0508       0.00454 ±    0.00070       0.01339 ±    0.00038     3.388 ±  0.060 %    95.291 ±  0.075 %
  78       5.9609 ±    0.0504       0.00448 ±    0.00069       0.01339 ±    0.00037     3.385 ±  0.059 %    95.290 ±  0.075 %
  79       5.9888 ±    0.0504       0.00458 ±    0.00069       0.01336 ±    0.00037     3.376 ±  0.058 %    95.286 ±  0.075 %
  80       5.9485 ±    0.0497       0.00445 ±    0.00069       0.01350 ±    0.00037     3.417 ±  0.057 %    95.268 ±  0.074 %
  81       5.9589 ±    0.0494       0.00463 ±    0.00069       0.01361 ±    0.00036     3.425 ±  0.057 %    95.232 ±  0.074 %
  82       5.9331 ±    0.0489       0.00460 ±    0.00068       0.01361 ±    0.00036     3.419 ±  0.056 %    95.244 ±  0.073 %
  83       5.9270 ±    0.0485       0.00463 ±    0.00068       0.01358 ±    0.00035     3.418 ±  0.056 %    95.236 ±  0.073 %
  84       5.9101 ±    0.0481       0.00462 ±    0.00067       0.01354 ±    0.00035     3.410 ±  0.055 %    95.230 ±  0.073 %
  85       5.8949 ±    0.0476       0.00468 ±    0.00067       0.01349 ±    0.00035     3.404 ±  0.055 %    95.246 ±  0.072 %
  86       5.9085 ±    0.0475       0.00459 ±    0.00066       0.01345 ±    0.00034     3.400 ±  0.054 %    95.239 ±  0.072 %
  87       5.8897 ±    0.0470       0.00456 ±    0.00066       0.01342 ±    0.00034     3.393 ±  0.054 %    95.228 ±  0.071 %
  88       5.8842 ±    0.0467       0.00453 ±    0.00065       0.01338 ±    0.00033     3.391 ±  0.053 %    95.204 ±  0.071 %
  89       5.9029 ±    0.0466       0.00444 ±    0.00065       0.01341 ±    0.00033     3.399 ±  0.053 %    95.212 ±  0.071 %
  90       5.9102 ±    0.0464       0.00447 ±    0.00065       0.01339 ±    0.00033     3.396 ±  0.053 %    95.211 ±  0.070 %
  91       5.9595 ±    0.0466       0.00461 ±    0.00065       0.01347 ±    0.00033     3.402 ±  0.053 %    95.193 ±  0.070 %
  92       5.9984 ±    0.0468       0.00462 ±    0.00064       0.01347 ±    0.00033     3.398 ±  0.053 %    95.195 ±  0.070 %
  93       6.0281 ±    0.0468       0.00456 ±    0.00064       0.01346 ±    0.00032     3.389 ±  0.052 %    95.183 ±  0.069 %
  94       6.0524 ±    0.0468       0.00461 ±    0.00063       0.01345 ±    0.00032     3.381 ±  0.052 %    95.183 ±  0.069 %
  95       6.0861 ±    0.0468       0.00463 ±    0.00063       0.01344 ±    0.00032     3.374 ±  0.052 %    95.169 ±  0.069 %
  96       6.1286 ±    0.0470       0.00466 ±    0.00063       0.01342 ±    0.00031     3.368 ±  0.051 %    95.177 ±  0.068 %
  97       6.1816 ±    0.0473       0.00489 ±    0.00063       0.01361 ±    0.00032     3.395 ±  0.054 %    95.169 ±  0.068 %
  98       6.1756 ±    0.0470       0.00492 ±    0.00063       0.01361 ±    0.00031     3.398 ±  0.053 %    95.169 ±  0.068 %
  99       6.1835 ±    0.0468       0.00492 ±    0.00062       0.01358 ±    0.00031     3.389 ±  0.053 %    95.161 ±  0.067 %
 100       6.1915 ±    0.0467       0.00483 ±    0.00062       0.01361 ±    0.00031     3.392 ±  0.053 %    95.154 ±  0.067 %
 101       6.1672 ±    0.0462       0.00479 ±    0.00062       0.01368 ±    0.00031     3.412 ±  0.052 %    95.134 ±  0.067 %
 102       6.1709 ±    0.0460       0.00477 ±    0.00062       0.01371 ±    0.00030     3.410 ±  0.052 %    95.119 ±  0.067 %
 103       6.1697 ±    0.0458       0.00469 ±    0.00061       0.01376 ±    0.00030     3.416 ±  0.051 %    95.088 ±  0.067 %
 104       6.1690 ±    0.0455       0.00465 ±    0.00061       0.01395 ±    0.00030     3.426 ±  0.051 %    95.064 ±  0.066 %
 105       6.1614 ±    0.0452       0.00455 ±    0.00061       0.01401 ±    0.00030     3.434 ±  0.050 %    95.052 ±  0.066 %
 106       6.1448 ±    0.0449       0.00460 ±    0.00061       0.01410 ±    0.00029     3.452 ±  0.050 %    95.042 ±  0.066 %
 107       6.1573 ±    0.0448       0.00454 ±    0.00061       0.01428 ±    0.00032     3.469 ±  0.051 %    95.046 ±  0.066 %
 108       6.1491 ±    0.0445       0.00444 ±    0.00061       0.01425 ±    0.00032     3.466 ±  0.050 %    95.060 ±  0.065 %
 109       6.1542 ±    0.0443       0.00435 ±    0.00060       0.01421 ±    0.00032     3.465 ±  0.050 %    95.066 ±  0.065 %
 110       6.1536 ±    0.0442       0.00428 ±    0.00060       0.01420 ±    0.00031     3.465 ±  0.050 %    95.076 ±  0.065 %
 111       6.1382 ±    0.0438       0.00415 ±    0.00060       0.01436 ±    0.00032     3.478 ±  0.050 %    95.076 ±  0.064 %
 112       6.1249 ±    0.0435       0.00417 ±    0.00060       0.01432 ±    0.00032     3.472 ±  0.049 %    95.091 ±  0.064 %
 113       6.1023 ±    0.0431       0.00426 ±    0.00059       0.01430 ±    0.00032     3.477 ±  0.049 %    95.086 ±  0.064 %
 114       6.1307 ±    0.0432       0.00439 ±    0.00059       0.01429 ±    0.00031     3.472 ±  0.049 %    95.087 ±  0.063 %
 115       6.1356 ±    0.0430       0.00432 ±    0.00059       0.01427 ±    0.00031     3.468 ±  0.049 %    95.096 ±  0.063 %
 116       6.1455 ±    0.0429       0.00435 ±    0.00058       0.01427 ±    0.00031     3.464 ±  0.048 %    95.098 ±  0.063 %
 117       6.1545 ±    0.0428       0.00429 ±    0.00058       0.01432 ±    0.00031     3.466 ±  0.048 %    95.082 ±  0.063 %
 118       6.1510 ±    0.0426       0.00435 ±    0.00058       0.01436 ±    0.00031     3.471 ±  0.048 %    95.079 ±  0.062 %
 119       6.1325 ±    0.0423       0.00448 ±    0.00059       0.01449 ±    0.00032     3.484 ±  0.049 %    95.079 ±  0.062 %
 120       6.1398 ±    0.0422       0.00455 ±    0.00059       0.01446 ±    0.00032     3.479 ±  0.048 %    95.075 ±  0.062 %
 121       6.1370 ±    0.0420       0.00459 ±    0.00058       0.01440 ±    0.00032     3.471 ±  0.048 %    95.083 ±  0.061 %
 122       6.1321 ±    0.0418       0.00462 ±    0.00058       0.01438 ±    0.00031     3.473 ±  0.048 %    95.084 ±  0.061 %
 123       6.1230 ±    0.0416       0.00459 ±    0.00057       0.01433 ±    0.00031     3.469 ±  0.048 %    95.092 ±  0.061 %
 124       6.1195 ±    0.0414       0.00464 ±    0.00057       0.01429 ±    0.00031     3.463 ±  0.047 %    95.100 ±  0.061 %
 125       6.1344 ±    0.0414       0.00466 ±    0.00057       0.01429 ±    0.00031     3.459 ±  0.047 %    95.102 ±  0.060 %
 126       6.1300 ±    0.0412       0.00471 ±    0.00057       0.01424 ±    0.00030     3.454 ±  0.047 %    95.116 ±  0.060 %
 127       6.1413 ±    0.0411       0.00477 ±    0.00056       0.01420 ±    0.00030     3.447 ±  0.047 %    95.117 ±  0.060 %
 128       6.1304 ±    0.0409       0.00471 ±    0.00056       0.01419 ±    0.00030     3.452 ±  0.046 %    95.115 ±  0.060 %
 129       6.1289 ±    0.0407       0.00475 ±    0.00056       0.01418 ±    0.00030     3.449 ±  0.046 %    95.116 ±  0.059 %
 130       6.1184 ±    0.0404       0.00474 ±    0.00056       0.01416 ±    0.00029     3.450 ±  0.046 %    95.118 ±  0.059 %
 131       6.1238 ±    0.0404       0.00471 ±    0.00055       0.01413 ±    0.00029     3.444 ±  0.046 %    95.124 ±  0.059 %
 132       6.1252 ±    0.0402       0.00467 ±    0.00055       0.01416 ±    0.00029     3.445 ±  0.045 %    95.115 ±  0.059 %
 133       6.1354 ±    0.0401       0.00472 ±    0.00055       0.01417 ±    0.00029     3.442 ±  0.045 %    95.106 ±  0.058 %
 134       6.1486 ±    0.0401       0.00479 ±    0.00055       0.01423 ±    0.00029     3.463 ±  0.046 %    95.099 ±  0.058 %
 135       6.1448 ±    0.0399       0.00482 ±    0.00054       0.01422 ±    0.00029     3.461 ±  0.046 %    95.103 ±  0.058 %
 136       6.1247 ±    0.0396       0.00480 ±    0.00054       0.01418 ±    0.00028     3.457 ±  0.045 %    95.111 ±  0.058 %
 137       6.0946 ±    0.0392       0.00483 ±    0.00054       0.01416 ±    0.00028     3.453 ±  0.045 %    95.109 ±  0.058 %
 138       6.1021 ±    0.0392       0.00488 ±    0.00054       0.01416 ±    0.00028     3.452 ±  0.045 %    95.104 ±  0.057 %
 139       6.1168 ±    0.0391       0.00481 ±    0.00053       0.01413 ±    0.00028     3.447 ±  0.045 %    95.109 ±  0.057 %
 140       6.1432 ±    0.0392       0.00483 ±    0.00053       0.01411 ±    0.00028     3.440 ±  0.044 %    95.110 ±  0.057 %
 141       6.1307 ±    0.0390       0.00494 ±    0.00053       0.01413 ±    0.00027     3.448 ±  0.044 %    95.102 ±  0.057 %
 142       6.1317 ±    0.0388       0.00487 ±    0.00053       0.01414 ±    0.00027     3.448 ±  0.044 %    95.106 ±  0.057 %
 143       6.1326 ±    0.0387       0.00489 ±    0.00053       0.01411 ±    0.00027     3.444 ±  0.044 %    95.110 ±  0.056 %
 144       6.1439 ±    0.0387       0.00484 ±    0.00052       0.01410 ±    0.00027     3.440 ±  0.043 %    95.106 ±  0.056 %
 145       6.1368 ±    0.0385       0.00485 ±    0.00052       0.01413 ±    0.00027     3.448 ±  0.043 %    95.110 ±  0.056 %

====== Perplexity statistics ======
Mean PPL(Q)                   :   6.136829 ±   0.038491
Mean PPL(base)                :   6.107128 ±   0.038226
Cor(ln(PPL(Q)), ln(PPL(base))):  99.65%
Mean ln(PPL(Q)/PPL(base))     :   0.004851 ±   0.000521
Mean PPL(Q)/PPL(base)         :   1.004863 ±   0.000524
Mean PPL(Q)-PPL(base)         :   0.029700 ±   0.003202

====== KL divergence statistics ======
Mean    KLD:   0.014133 ±   0.000269
Maximum KLD:  21.566368
99.9%   KLD:   0.583150
99.0%   KLD:   0.125155
95.0%   KLD:   0.046999
90.0%   KLD:   0.028948
Median  KLD:   0.004973
10.0%   KLD:   0.000088
 5.0%   KLD:   0.000023
 1.0%   KLD:   0.000002
 0.1%   KLD:  -0.000002
Minimum KLD:  -0.000051

====== Token probability statistics ======
Mean    Δp: -0.086 ± 0.009 %
Maximum Δp: 99.813%
99.9%   Δp: 23.815%
99.0%   Δp:  9.495%
95.0%   Δp:  3.917%
90.0%   Δp:  2.172%
75.0%   Δp:  0.412%
Median  Δp: -0.001%
25.0%   Δp: -0.536%
10.0%   Δp: -2.435%
 5.0%   Δp: -4.264%
 1.0%   Δp: -10.338%
 0.1%   Δp: -25.772%
Minimum Δp: -98.734%
RMS Δp    :  3.448 ± 0.043 %
Same top p: 95.110 ± 0.056 %

------------------------------
llama-perplexity --kl-divergence-base /tmp/logits.dat --ctx-size 2048 -f sample-data/wiki.test.raw -hf byteshape/Qwen3.6-35B-A3B-MTP-GGUF:Qwen3.6-35B-A3B-IQ4_XS-3.97bpw -fa on -ngl 99 --cpu-moe -ctk turbo3 -ctv q8_0 --kl-divergence
0.00.530.199 I common_init_result: fitting params to device memory ...
0.00.530.204 I common_init_result: (for bugs during this step try to reproduce them with -fit off, or provide --verbose logs if the bug only occurs with -fit on)
0.02.750.820 W llama_model_loader: tensor overrides to CPU are used with mmap enabled - consider using --no-mmap for better performance
0.04.727.906 W llama_context: n_ctx_seq (2048) < n_ctx_train (262144) -- the full capacity of the model will not be utilized
0.04.757.602 I common_init_from_params: warming up the model with an empty run - please wait ... (--no-warmup to disable)
0.04.849.231 I 
0.04.849.307 I system_info: n_threads = 16 (n_threads_batch = 16) / 32 | CUDA : ARCHS = 500,610,700,750,800,860,890,900 | USE_GRAPHS = 1 | PEER_MAX_BATCH_SIZE = 128 | CPU : SSE3 = 1 | SSSE3 = 1 | AVX = 1 | AVX2 = 1 | F16C = 1 | FMA = 1 | BMI2 = 1 | LLAMAFILE = 1 | OPENMP = 1 | REPACK = 1 | 
0.05.080.425 I kl_divergence: computing over 145 chunks, n_ctx=2048, batch_size=2048, n_seq=1
0.11.490.583 I kl_divergence: 6.41 seconds per pass - ETA 15.48 minutes

chunk             PPL               ln(PPL(Q)/PPL(base))          KL Divergence              Δp RMS            Same top p
   1       4.7676 ±    0.3436       0.00232 ±    0.00641       0.01286 ±    0.00090     3.348 ±  0.287 %    94.624 ±  0.706 %
   2       5.9824 ±    0.3156       0.00040 ±    0.00515       0.01308 ±    0.00065     3.353 ±  0.231 %    94.477 ±  0.505 %
   3       6.3496 ±    0.2763       0.00383 ±    0.00385       0.01257 ±    0.00065     3.381 ±  0.212 %    94.526 ±  0.411 %
   4       6.3838 ±    0.2429       0.00435 ±    0.00311       0.01211 ±    0.00058     3.337 ±  0.177 %    95.064 ±  0.339 %
   5       6.2938 ±    0.2161       0.00419 ±    0.00271       0.01176 ±    0.00048     3.229 ±  0.149 %    95.386 ±  0.293 %
   6       5.4464 ±    0.1658       0.00368 ±    0.00257       0.01223 ±    0.00050     3.305 ±  0.132 %    95.503 ±  0.265 %
   7       4.9557 ±    0.1357       0.00375 ±    0.00235       0.01243 ±    0.00048     3.496 ±  0.147 %    95.657 ±  0.241 %
   8       4.9738 ±    0.1274       0.00509 ±    0.00227       0.01276 ±    0.00043     3.549 ±  0.134 %    95.711 ±  0.224 %
   9       5.2327 ±    0.1271       0.00381 ±    0.00212       0.01306 ±    0.00041     3.529 ±  0.129 %    95.536 ±  0.215 %
  10       5.3623 ±    0.1251       0.00408 ±    0.00199       0.01292 ±    0.00038     3.516 ±  0.120 %    95.543 ±  0.204 %
  11       5.4584 ±    0.1215       0.00440 ±    0.00187       0.01251 ±    0.00035     3.436 ±  0.113 %    95.486 ±  0.196 %
  12       5.6927 ±    0.1226       0.00413 ±    0.00178       0.01242 ±    0.00033     3.380 ±  0.106 %    95.430 ±  0.188 %
  13       5.7516 ±    0.1191       0.00400 ±    0.00172       0.01260 ±    0.00036     3.432 ±  0.128 %    95.481 ±  0.180 %
  14       5.8517 ±    0.1172       0.00461 ±    0.00166       0.01274 ±    0.00036     3.442 ±  0.137 %    95.503 ±  0.173 %
  15       5.9272 ±    0.1151       0.00482 ±    0.00162       0.01294 ±    0.00034     3.462 ±  0.128 %    95.464 ±  0.168 %
  16       6.1054 ±    0.1154       0.00476 ±    0.00156       0.01288 ±    0.00033     3.449 ±  0.123 %    95.296 ±  0.166 %
  17       6.1684 ±    0.1129       0.00488 ±    0.00150       0.01279 ±    0.00031     3.427 ±  0.117 %    95.308 ±  0.160 %
  18       6.2682 ±    0.1117       0.00443 ±    0.00144       0.01271 ±    0.00030     3.393 ±  0.112 %    95.319 ±  0.156 %
  19       6.2162 ±    0.1081       0.00446 ±    0.00139       0.01246 ±    0.00028     3.352 ±  0.108 %    95.365 ±  0.151 %
  20       5.9379 ±    0.1000       0.00444 ±    0.00139       0.01412 ±    0.00072     3.612 ±  0.110 %    95.391 ±  0.147 %
  21       5.9587 ±    0.0979       0.00449 ±    0.00137       0.01417 ±    0.00068     3.595 ±  0.106 %    95.350 ±  0.144 %
  22       5.9902 ±    0.0962       0.00450 ±    0.00133       0.01410 ±    0.00065     3.587 ±  0.102 %    95.357 ±  0.140 %
  23       6.0414 ±    0.0950       0.00428 ±    0.00130       0.01406 ±    0.00063     3.582 ±  0.101 %    95.355 ±  0.137 %
  24       6.0556 ±    0.0930       0.00421 ±    0.00127       0.01402 ±    0.00060     3.565 ±  0.098 %    95.275 ±  0.135 %
  25       6.1036 ±    0.0921       0.00420 ±    0.00124       0.01393 ±    0.00058     3.534 ±  0.095 %    95.312 ±  0.132 %
  26       6.0873 ±    0.0900       0.00417 ±    0.00121       0.01382 ±    0.00056     3.517 ±  0.093 %    95.338 ±  0.129 %
  27       6.2313 ±    0.0909       0.00415 ±    0.00118       0.01369 ±    0.00054     3.475 ±  0.090 %    95.286 ±  0.128 %
  28       6.3122 ±    0.0908       0.00413 ±    0.00115       0.01356 ±    0.00052     3.438 ±  0.088 %    95.311 ±  0.125 %
  29       6.2810 ±    0.0888       0.00425 ±    0.00113       0.01355 ±    0.00050     3.443 ±  0.085 %    95.325 ±  0.123 %
  30       6.2492 ±    0.0867       0.00445 ±    0.00111       0.01358 ±    0.00049     3.453 ±  0.085 %    95.298 ±  0.121 %
  31       6.1742 ±    0.0840       0.00493 ±    0.00109       0.01351 ±    0.00047     3.441 ±  0.083 %    95.308 ±  0.119 %
  32       6.0696 ±    0.0811       0.00456 ±    0.00107       0.01341 ±    0.00046     3.441 ±  0.081 %    95.317 ±  0.117 %
  33       6.0324 ±    0.0793       0.00425 ±    0.00109       0.01383 ±    0.00064     3.467 ±  0.087 %    95.302 ±  0.115 %
  34       6.0298 ±    0.0780       0.00417 ±    0.00106       0.01373 ±    0.00062     3.444 ±  0.085 %    95.288 ±  0.114 %
  35       6.0448 ±    0.0771       0.00388 ±    0.00105       0.01387 ±    0.00061     3.452 ±  0.083 %    95.294 ±  0.112 %
  36       6.0624 ±    0.0764       0.00381 ±    0.00103       0.01381 ±    0.00060     3.440 ±  0.082 %    95.302 ±  0.110 %
  37       5.9758 ±    0.0739       0.00386 ±    0.00101       0.01363 ±    0.00058     3.432 ±  0.081 %    95.358 ±  0.108 %
  38       5.9122 ±    0.0719       0.00385 ±    0.00099       0.01349 ±    0.00057     3.420 ±  0.079 %    95.390 ±  0.106 %
  39       5.8426 ±    0.0699       0.00405 ±    0.00097       0.01335 ±    0.00055     3.409 ±  0.078 %    95.413 ±  0.105 %
  40       5.7658 ±    0.0678       0.00420 ±    0.00096       0.01324 ±    0.00054     3.408 ±  0.076 %    95.420 ±  0.103 %
  41       5.7209 ±    0.0662       0.00415 ±    0.00095       0.01317 ±    0.00053     3.420 ±  0.075 %    95.410 ±  0.102 %
  42       5.7550 ±    0.0660       0.00407 ±    0.00093       0.01310 ±    0.00051     3.400 ±  0.074 %    95.413 ±  0.101 %
  43       5.8870 ±    0.0672       0.00392 ±    0.00092       0.01321 ±    0.00051     3.415 ±  0.076 %    95.394 ±  0.100 %
  44       5.9942 ±    0.0680       0.00401 ±    0.00092       0.01320 ±    0.00050     3.398 ±  0.075 %    95.363 ±  0.099 %
  45       5.9699 ±    0.0669       0.00394 ±    0.00091       0.01345 ±    0.00049     3.426 ±  0.073 %    95.338 ±  0.098 %
  46       5.9870 ±    0.0664       0.00412 ±    0.00091       0.01349 ±    0.00048     3.423 ±  0.072 %    95.331 ±  0.097 %
  47       6.0172 ±    0.0661       0.00420 ±    0.00090       0.01341 ±    0.00047     3.410 ±  0.071 %    95.331 ±  0.096 %
  48       6.0304 ±    0.0655       0.00420 ±    0.00089       0.01344 ±    0.00046     3.426 ±  0.071 %    95.336 ±  0.095 %
  49       6.0748 ±    0.0654       0.00405 ±    0.00088       0.01348 ±    0.00045     3.425 ±  0.070 %    95.308 ±  0.094 %
  50       6.0509 ±    0.0644       0.00411 ±    0.00087       0.01345 ±    0.00044     3.417 ±  0.068 %    95.304 ±  0.094 %
  51       6.0877 ±    0.0642       0.00412 ±    0.00086       0.01339 ±    0.00044     3.406 ±  0.068 %    95.319 ±  0.092 %
  52       6.0421 ±    0.0630       0.00417 ±    0.00085       0.01330 ±    0.00043     3.399 ±  0.067 %    95.329 ±  0.091 %
  53       6.0272 ±    0.0622       0.00445 ±    0.00084       0.01329 ±    0.00042     3.397 ±  0.066 %    95.312 ±  0.091 %
  54       6.0092 ±    0.0613       0.00457 ±    0.00083       0.01324 ±    0.00042     3.405 ±  0.067 %    95.312 ±  0.090 %
  55       5.9704 ±    0.0602       0.00478 ±    0.00082       0.01319 ±    0.00041     3.404 ±  0.066 %    95.311 ±  0.089 %
  56       5.9566 ±    0.0595       0.00471 ±    0.00081       0.01320 ±    0.00040     3.422 ±  0.067 %    95.303 ±  0.088 %
  57       5.9056 ±    0.0584       0.00465 ±    0.00080       0.01314 ±    0.00040     3.418 ±  0.066 %    95.313 ±  0.088 %
  58       5.8951 ±    0.0577       0.00460 ±    0.00080       0.01314 ±    0.00039     3.411 ±  0.065 %    95.315 ±  0.087 %
  59       5.8717 ±    0.0569       0.00472 ±    0.00079       0.01328 ±    0.00039     3.442 ±  0.064 %    95.301 ±  0.086 %
  60       5.8682 ±    0.0565       0.00456 ±    0.00078       0.01319 ±    0.00038     3.427 ±  0.064 %    95.327 ±  0.085 %
  61       5.8870 ±    0.0562       0.00450 ±    0.00078       0.01316 ±    0.00037     3.419 ±  0.063 %    95.334 ±  0.084 %
  62       5.9207 ±    0.0562       0.00457 ±    0.00077       0.01311 ±    0.00037     3.405 ±  0.062 %    95.335 ±  0.084 %
  63       5.9586 ±    0.0562       0.00465 ±    0.00076       0.01313 ±    0.00036     3.405 ±  0.062 %    95.313 ±  0.083 %
  64       5.9919 ±    0.0561       0.00468 ±    0.00075       0.01309 ±    0.00036     3.393 ±  0.061 %    95.303 ±  0.083 %
  65       5.9453 ±    0.0551       0.00464 ±    0.00075       0.01305 ±    0.00035     3.391 ±  0.060 %    95.312 ±  0.082 %
  66       5.9673 ±    0.0550       0.00458 ±    0.00074       0.01306 ±    0.00035     3.387 ±  0.060 %    95.311 ±  0.081 %
  67       5.9575 ±    0.0545       0.00448 ±    0.00074       0.01303 ±    0.00034     3.380 ±  0.059 %    95.298 ±  0.081 %
  68       5.9396 ±    0.0538       0.00450 ±    0.00073       0.01307 ±    0.00034     3.380 ±  0.058 %    95.294 ±  0.080 %
  69       5.9335 ±    0.0533       0.00448 ±    0.00073       0.01303 ±    0.00033     3.375 ±  0.058 %    95.298 ±  0.080 %
  70       5.9297 ±    0.0529       0.00465 ±    0.00072       0.01304 ±    0.00033     3.376 ±  0.057 %    95.297 ±  0.079 %
  71       5.9074 ±    0.0523       0.00478 ±    0.00072       0.01314 ±    0.00033     3.381 ±  0.056 %    95.285 ±  0.079 %
  72       5.9088 ±    0.0520       0.00467 ±    0.00071       0.01315 ±    0.00032     3.385 ±  0.056 %    95.279 ±  0.078 %
  73       5.9357 ±    0.0519       0.00475 ±    0.00071       0.01317 ±    0.00032     3.382 ±  0.056 %    95.270 ±  0.078 %
  74       5.9651 ±    0.0519       0.00497 ±    0.00071       0.01315 ±    0.00032     3.375 ±  0.055 %    95.278 ±  0.077 %
  75       5.9543 ±    0.0514       0.00506 ±    0.00070       0.01308 ±    0.00031     3.365 ±  0.054 %    95.278 ±  0.077 %
  76       5.9759 ±    0.0513       0.00492 ±    0.00070       0.01310 ±    0.00031     3.365 ±  0.054 %    95.276 ±  0.076 %
  77       5.9719 ±    0.0509       0.00501 ±    0.00069       0.01311 ±    0.00031     3.367 ±  0.054 %    95.262 ±  0.076 %
  78       5.9637 ±    0.0504       0.00495 ±    0.00069       0.01311 ±    0.00030     3.370 ±  0.053 %    95.252 ±  0.075 %
  79       5.9918 ±    0.0504       0.00509 ±    0.00068       0.01309 ±    0.00030     3.361 ±  0.052 %    95.244 ±  0.075 %
  80       5.9516 ±    0.0497       0.00496 ±    0.00068       0.01323 ±    0.00030     3.402 ±  0.052 %    95.233 ±  0.074 %
  81       5.9614 ±    0.0495       0.00506 ±    0.00068       0.01336 ±    0.00029     3.410 ±  0.051 %    95.202 ±  0.074 %
  82       5.9360 ±    0.0489       0.00507 ±    0.00068       0.01337 ±    0.00029     3.416 ±  0.051 %    95.216 ±  0.074 %
  83       5.9298 ±    0.0485       0.00510 ±    0.00067       0.01334 ±    0.00029     3.414 ±  0.051 %    95.216 ±  0.073 %
  84       5.9125 ±    0.0481       0.00504 ±    0.00067       0.01332 ±    0.00028     3.412 ±  0.050 %    95.214 ±  0.073 %
  85       5.8973 ±    0.0477       0.00509 ±    0.00066       0.01327 ±    0.00028     3.411 ±  0.050 %    95.233 ±  0.072 %
  86       5.9111 ±    0.0475       0.00502 ±    0.00066       0.01324 ±    0.00028     3.405 ±  0.049 %    95.233 ±  0.072 %
  87       5.8926 ±    0.0470       0.00505 ±    0.00065       0.01320 ±    0.00027     3.397 ±  0.049 %    95.226 ±  0.071 %
  88       5.8873 ±    0.0467       0.00506 ±    0.00065       0.01318 ±    0.00027     3.404 ±  0.050 %    95.206 ±  0.071 %
  89       5.9066 ±    0.0466       0.00505 ±    0.00065       0.01318 ±    0.00027     3.403 ±  0.049 %    95.215 ±  0.071 %
  90       5.9141 ±    0.0464       0.00514 ±    0.00064       0.01316 ±    0.00027     3.398 ±  0.049 %    95.224 ±  0.070 %
  91       5.9635 ±    0.0467       0.00528 ±    0.00064       0.01322 ±    0.00027     3.402 ±  0.050 %    95.203 ±  0.070 %
  92       6.0027 ±    0.0468       0.00534 ±    0.00064       0.01322 ±    0.00026     3.396 ±  0.049 %    95.194 ±  0.070 %
  93       6.0321 ±    0.0468       0.00522 ±    0.00063       0.01321 ±    0.00026     3.387 ±  0.049 %    95.182 ±  0.069 %
  94       6.0562 ±    0.0468       0.00522 ±    0.00063       0.01321 ±    0.00026     3.381 ±  0.048 %    95.170 ±  0.069 %
  95       6.0896 ±    0.0469       0.00520 ±    0.00063       0.01321 ±    0.00026     3.375 ±  0.048 %    95.161 ±  0.069 %
  96       6.1320 ±    0.0470       0.00521 ±    0.00062       0.01318 ±    0.00025     3.369 ±  0.048 %    95.156 ±  0.069 %
  97       6.1850 ±    0.0474       0.00545 ±    0.00062       0.01331 ±    0.00025     3.391 ±  0.050 %    95.142 ±  0.068 %
  98       6.1791 ±    0.0471       0.00550 ±    0.00062       0.01331 ±    0.00025     3.394 ±  0.049 %    95.139 ±  0.068 %
  99       6.1872 ±    0.0469       0.00551 ±    0.00062       0.01329 ±    0.00025     3.385 ±  0.049 %    95.138 ±  0.068 %
 100       6.1954 ±    0.0467       0.00546 ±    0.00061       0.01334 ±    0.00025     3.392 ±  0.049 %    95.129 ±  0.067 %
 101       6.1707 ±    0.0463       0.00536 ±    0.00061       0.01341 ±    0.00025     3.410 ±  0.049 %    95.107 ±  0.067 %
 102       6.1743 ±    0.0461       0.00531 ±    0.00061       0.01343 ±    0.00024     3.408 ±  0.048 %    95.096 ±  0.067 %
 103       6.1731 ±    0.0458       0.00524 ±    0.00061       0.01350 ±    0.00024     3.416 ±  0.048 %    95.067 ±  0.067 %
 104       6.1727 ±    0.0456       0.00526 ±    0.00061       0.01369 ±    0.00024     3.430 ±  0.047 %    95.050 ±  0.066 %
 105       6.1652 ±    0.0453       0.00516 ±    0.00061       0.01376 ±    0.00024     3.445 ±  0.047 %    95.043 ±  0.066 %
 106       6.1489 ±    0.0449       0.00527 ±    0.00061       0.01387 ±    0.00024     3.468 ±  0.046 %    95.032 ±  0.066 %
 107       6.1612 ±    0.0448       0.00517 ±    0.00060       0.01391 ±    0.00024     3.473 ±  0.046 %    95.029 ±  0.066 %
 108       6.1535 ±    0.0446       0.00514 ±    0.00060       0.01389 ±    0.00023     3.476 ±  0.046 %    95.042 ±  0.065 %
 109       6.1585 ±    0.0444       0.00506 ±    0.00060       0.01387 ±    0.00023     3.476 ±  0.046 %    95.042 ±  0.065 %
 110       6.1576 ±    0.0442       0.00494 ±    0.00060       0.01385 ±    0.00023     3.471 ±  0.045 %    95.053 ±  0.065 %
 111       6.1429 ±    0.0438       0.00491 ±    0.00060       0.01393 ±    0.00024     3.488 ±  0.047 %    95.045 ±  0.064 %
 112       6.1295 ±    0.0435       0.00492 ±    0.00060       0.01389 ±    0.00023     3.481 ±  0.046 %    95.062 ±  0.064 %
 113       6.1067 ±    0.0431       0.00498 ±    0.00059       0.01388 ±    0.00023     3.487 ±  0.046 %    95.061 ±  0.064 %
 114       6.1347 ±    0.0432       0.00504 ±    0.00059       0.01387 ±    0.00023     3.482 ±  0.046 %    95.062 ±  0.063 %
 115       6.1393 ±    0.0431       0.00492 ±    0.00059       0.01386 ±    0.00023     3.478 ±  0.046 %    95.073 ±  0.063 %
 116       6.1493 ±    0.0430       0.00496 ±    0.00058       0.01386 ±    0.00023     3.472 ±  0.045 %    95.076 ±  0.063 %
 117       6.1583 ±    0.0429       0.00492 ±    0.00058       0.01389 ±    0.00022     3.470 ±  0.045 %    95.061 ±  0.063 %
 118       6.1552 ±    0.0427       0.00504 ±    0.00058       0.01401 ±    0.00023     3.481 ±  0.045 %    95.053 ±  0.062 %
 119       6.1360 ±    0.0423       0.00505 ±    0.00059       0.01414 ±    0.00025     3.497 ±  0.046 %    95.054 ±  0.062 %
 120       6.1433 ±    0.0422       0.00513 ±    0.00058       0.01413 ±    0.00025     3.493 ±  0.046 %    95.051 ±  0.062 %
 121       6.1405 ±    0.0421       0.00516 ±    0.00058       0.01407 ±    0.00025     3.486 ±  0.046 %    95.060 ±  0.062 %
 122       6.1357 ±    0.0418       0.00520 ±    0.00058       0.01404 ±    0.00024     3.482 ±  0.045 %    95.060 ±  0.061 %
 123       6.1266 ±    0.0416       0.00517 ±    0.00057       0.01399 ±    0.00024     3.476 ±  0.045 %    95.067 ±  0.061 %
 124       6.1224 ±    0.0414       0.00512 ±    0.00057       0.01394 ±    0.00024     3.470 ±  0.045 %    95.071 ±  0.061 %
 125       6.1377 ±    0.0414       0.00520 ±    0.00057       0.01395 ±    0.00024     3.468 ±  0.044 %    95.074 ±  0.061 %
 126       6.1332 ±    0.0412       0.00523 ±    0.00057       0.01390 ±    0.00024     3.460 ±  0.044 %    95.083 ±  0.060 %
 127       6.1443 ±    0.0411       0.00525 ±    0.00056       0.01386 ±    0.00023     3.453 ±  0.044 %    95.084 ±  0.060 %
 128       6.1336 ±    0.0409       0.00523 ±    0.00056       0.01384 ±    0.00023     3.451 ±  0.044 %    95.084 ±  0.060 %
 129       6.1320 ±    0.0407       0.00525 ±    0.00056       0.01384 ±    0.00023     3.450 ±  0.043 %    95.092 ±  0.059 %
 130       6.1218 ±    0.0405       0.00530 ±    0.00056       0.01382 ±    0.00023     3.451 ±  0.043 %    95.096 ±  0.059 %
 131       6.1272 ±    0.0404       0.00526 ±    0.00055       0.01380 ±    0.00023     3.446 ±  0.043 %    95.103 ±  0.059 %
 132       6.1284 ±    0.0402       0.00519 ±    0.00055       0.01382 ±    0.00023     3.446 ±  0.043 %    95.098 ±  0.059 %
 133       6.1384 ±    0.0402       0.00522 ±    0.00055       0.01386 ±    0.00023     3.447 ±  0.043 %    95.091 ±  0.059 %
 134       6.1523 ±    0.0401       0.00539 ±    0.00055       0.01393 ±    0.00023     3.467 ±  0.044 %    95.089 ±  0.058 %
 135       6.1483 ±    0.0400       0.00538 ±    0.00055       0.01392 ±    0.00022     3.465 ±  0.043 %    95.097 ±  0.058 %
 136       6.1280 ±    0.0397       0.00534 ±    0.00054       0.01390 ±    0.00022     3.462 ±  0.043 %    95.102 ±  0.058 %
 137       6.0979 ±    0.0393       0.00537 ±    0.00054       0.01387 ±    0.00022     3.458 ±  0.043 %    95.105 ±  0.058 %
 138       6.1050 ±    0.0392       0.00536 ±    0.00054       0.01395 ±    0.00023     3.465 ±  0.043 %    95.102 ±  0.057 %
 139       6.1198 ±    0.0392       0.00530 ±    0.00054       0.01393 ±    0.00023     3.462 ±  0.043 %    95.112 ±  0.057 %
 140       6.1462 ±    0.0392       0.00531 ±    0.00053       0.01390 ±    0.00022     3.455 ±  0.042 %    95.117 ±  0.057 %
 141       6.1332 ±    0.0390       0.00536 ±    0.00053       0.01395 ±    0.00022     3.473 ±  0.042 %    95.110 ±  0.057 %
 142       6.1346 ±    0.0389       0.00533 ±    0.00053       0.01396 ±    0.00022     3.473 ±  0.042 %    95.117 ±  0.057 %
 143       6.1353 ±    0.0387       0.00534 ±    0.00053       0.01394 ±    0.00022     3.469 ±  0.042 %    95.125 ±  0.056 %
 144       6.1469 ±    0.0387       0.00532 ±    0.00053       0.01394 ±    0.00022     3.465 ±  0.041 %    95.111 ±  0.056 %
 145       6.1402 ±    0.0385       0.00541 ±    0.00053       0.01395 ±    0.00022     3.469 ±  0.041 %    95.118 ±  0.056 %

====== Perplexity statistics ======
Mean PPL(Q)                   :   6.140249 ±   0.038519
Mean PPL(base)                :   6.107128 ±   0.038226
Cor(ln(PPL(Q)), ln(PPL(base))):  99.65%
Mean ln(PPL(Q)/PPL(base))     :   0.005409 ±   0.000525
Mean PPL(Q)/PPL(base)         :   1.005423 ±   0.000528
Mean PPL(Q)-PPL(base)         :   0.033120 ±   0.003230

====== KL divergence statistics ======
Mean    KLD:   0.013954 ±   0.000218
Maximum KLD:  15.608852
99.9%   KLD:   0.538216
99.0%   KLD:   0.128947
95.0%   KLD:   0.046935
90.0%   KLD:   0.028925
Median  KLD:   0.004978
10.0%   KLD:   0.000090
 5.0%   KLD:   0.000023
 1.0%   KLD:   0.000002
 0.1%   KLD:  -0.000003
Minimum KLD:  -0.000143

====== Token probability statistics ======
Mean    Δp: -0.094 ± 0.009 %
Maximum Δp: 93.411%
99.9%   Δp: 24.025%
99.0%   Δp:  9.624%
95.0%   Δp:  3.923%
90.0%   Δp:  2.169%
75.0%   Δp:  0.418%
Median  Δp: -0.001%
25.0%   Δp: -0.533%
10.0%   Δp: -2.423%
 5.0%   Δp: -4.314%
 1.0%   Δp: -10.576%
 0.1%   Δp: -27.682%
Minimum Δp: -95.337%
RMS Δp    :  3.469 ± 0.041 %
Same top p: 95.118 ± 0.056 %

------------------------------
llama-perplexity --kl-divergence-base /tmp/logits.dat --ctx-size 2048 -f sample-data/wiki.test.raw -hf byteshape/Qwen3.6-35B-A3B-MTP-GGUF:Qwen3.6-35B-A3B-IQ4_XS-3.97bpw -fa on -ngl 99 --cpu-moe -ctk turbo3 -ctv q4_0 --kl-divergence
0.00.532.797 I common_init_result: fitting params to device memory ...
0.00.532.801 I common_init_result: (for bugs during this step try to reproduce them with -fit off, or provide --verbose logs if the bug only occurs with -fit on)
0.02.821.497 W llama_model_loader: tensor overrides to CPU are used with mmap enabled - consider using --no-mmap for better performance
0.04.806.031 W llama_context: n_ctx_seq (2048) < n_ctx_train (262144) -- the full capacity of the model will not be utilized
0.04.843.496 I common_init_from_params: warming up the model with an empty run - please wait ... (--no-warmup to disable)
0.04.934.012 I 
0.04.934.088 I system_info: n_threads = 16 (n_threads_batch = 16) / 32 | CUDA : ARCHS = 500,610,700,750,800,860,890,900 | USE_GRAPHS = 1 | PEER_MAX_BATCH_SIZE = 128 | CPU : SSE3 = 1 | SSSE3 = 1 | AVX = 1 | AVX2 = 1 | F16C = 1 | FMA = 1 | BMI2 = 1 | LLAMAFILE = 1 | OPENMP = 1 | REPACK = 1 | 
0.05.161.208 I kl_divergence: computing over 145 chunks, n_ctx=2048, batch_size=2048, n_seq=1
0.27.150.179 I kl_divergence: 21.99 seconds per pass - ETA 53.13 minutes

chunk             PPL               ln(PPL(Q)/PPL(base))          KL Divergence              Δp RMS            Same top p
   1       4.7656 ±    0.3408       0.00191 ±    0.00750       0.01637 ±    0.00114     3.889 ±  0.285 %    94.428 ±  0.718 %
   2       5.9991 ±    0.3157       0.00317 ±    0.00520       0.01635 ±    0.00074     3.652 ±  0.169 %    94.037 ±  0.524 %
   3       6.3512 ±    0.2754       0.00409 ±    0.00408       0.01607 ±    0.00079     3.801 ±  0.241 %    94.037 ±  0.428 %
   4       6.3844 ±    0.2423       0.00444 ±    0.00333       0.01524 ±    0.00063     3.775 ±  0.208 %    94.526 ±  0.356 %
   5       6.2974 ±    0.2158       0.00476 ±    0.00298       0.01527 ±    0.00056     3.762 ±  0.192 %    94.663 ±  0.314 %
   6       5.4495 ±    0.1656       0.00425 ±    0.00275       0.01615 ±    0.00082     3.816 ±  0.167 %    94.705 ±  0.286 %
   7       4.9601 ±    0.1356       0.00463 ±    0.00249       0.01583 ±    0.00073     3.852 ±  0.152 %    94.833 ±  0.262 %
   8       4.9740 ±    0.1272       0.00513 ±    0.00246       0.01615 ±    0.00066     3.911 ±  0.144 %    94.819 ±  0.245 %
   9       5.2349 ±    0.1269       0.00423 ±    0.00230       0.01650 ±    0.00060     3.866 ±  0.131 %    94.613 ±  0.235 %
  10       5.3639 ±    0.1249       0.00438 ±    0.00215       0.01613 ±    0.00054     3.806 ±  0.121 %    94.702 ±  0.221 %
  11       5.4572 ±    0.1211       0.00418 ±    0.00202       0.01558 ±    0.00049     3.722 ±  0.113 %    94.748 ±  0.210 %
  12       5.6927 ±    0.1223       0.00413 ±    0.00192       0.01546 ±    0.00046     3.682 ±  0.106 %    94.738 ±  0.202 %
  13       5.7510 ±    0.1187       0.00390 ±    0.00183       0.01558 ±    0.00043     3.691 ±  0.100 %    94.736 ±  0.194 %
  14       5.8502 ±    0.1168       0.00435 ±    0.00178       0.01593 ±    0.00044     3.760 ±  0.116 %    94.624 ±  0.188 %
  15       5.9246 ±    0.1146       0.00438 ±    0.00172       0.01605 ±    0.00041     3.757 ±  0.110 %    94.572 ±  0.183 %
  16       6.1038 ±    0.1150       0.00451 ±    0.00167       0.01611 ±    0.00040     3.756 ±  0.106 %    94.501 ±  0.178 %
  17       6.1660 ±    0.1125       0.00449 ±    0.00162       0.01605 ±    0.00038     3.732 ±  0.101 %    94.497 ±  0.173 %
  18       6.2655 ±    0.1114       0.00400 ±    0.00157       0.01595 ±    0.00036     3.704 ±  0.097 %    94.488 ±  0.168 %
  19       6.2138 ±    0.1077       0.00407 ±    0.00151       0.01572 ±    0.00034     3.674 ±  0.093 %    94.552 ±  0.163 %
  20       5.9405 ±    0.0998       0.00488 ±    0.00150       0.01725 ±    0.00069     3.946 ±  0.099 %    94.594 ±  0.158 %
  21       5.9613 ±    0.0977       0.00494 ±    0.00146       0.01729 ±    0.00066     3.937 ±  0.095 %    94.531 ±  0.155 %
  22       5.9928 ±    0.0961       0.00493 ±    0.00142       0.01718 ±    0.00063     3.928 ±  0.092 %    94.566 ±  0.151 %
  23       6.0457 ±    0.0949       0.00498 ±    0.00139       0.01716 ±    0.00060     3.929 ±  0.094 %    94.543 ±  0.148 %
  24       6.0611 ±    0.0929       0.00512 ±    0.00136       0.01713 ±    0.00058     3.910 ±  0.091 %    94.457 ±  0.146 %
  25       6.1101 ±    0.0920       0.00526 ±    0.00133       0.01709 ±    0.00056     3.895 ±  0.089 %    94.495 ±  0.143 %
  26       6.0937 ±    0.0899       0.00522 ±    0.00131       0.01705 ±    0.00054     3.893 ±  0.087 %    94.500 ±  0.140 %
  27       6.2402 ±    0.0909       0.00559 ±    0.00127       0.01690 ±    0.00052     3.857 ±  0.085 %    94.421 ±  0.138 %
  28       6.3214 ±    0.0907       0.00559 ±    0.00125       0.01677 ±    0.00050     3.821 ±  0.082 %    94.442 ±  0.135 %
  29       6.2930 ±    0.0888       0.00617 ±    0.00123       0.01680 ±    0.00049     3.827 ±  0.080 %    94.432 ±  0.133 %
  30       6.2619 ±    0.0867       0.00649 ±    0.00121       0.01681 ±    0.00047     3.829 ±  0.079 %    94.435 ±  0.131 %
  31       6.1855 ±    0.0840       0.00676 ±    0.00118       0.01676 ±    0.00046     3.824 ±  0.077 %    94.428 ±  0.129 %
  32       6.0803 ±    0.0811       0.00632 ±    0.00116       0.01665 ±    0.00045     3.815 ±  0.076 %    94.456 ±  0.126 %
  33       6.0451 ±    0.0793       0.00635 ±    0.00118       0.01724 ±    0.00072     3.860 ±  0.083 %    94.464 ±  0.124 %
  34       6.0418 ±    0.0780       0.00616 ±    0.00115       0.01711 ±    0.00070     3.837 ±  0.081 %    94.445 ±  0.123 %
  35       6.0560 ±    0.0771       0.00573 ±    0.00113       0.01717 ±    0.00069     3.842 ±  0.080 %    94.453 ±  0.121 %
  36       6.0731 ±    0.0764       0.00557 ±    0.00112       0.01712 ±    0.00067     3.837 ±  0.078 %    94.455 ±  0.119 %
  37       5.9851 ±    0.0739       0.00542 ±    0.00109       0.01687 ±    0.00065     3.810 ±  0.077 %    94.515 ±  0.117 %
  38       5.9208 ±    0.0719       0.00530 ±    0.00107       0.01673 ±    0.00063     3.805 ±  0.075 %    94.539 ±  0.115 %
  39       5.8499 ±    0.0699       0.00529 ±    0.00106       0.01659 ±    0.00062     3.793 ±  0.074 %    94.546 ±  0.114 %
  40       5.7719 ±    0.0678       0.00526 ±    0.00104       0.01644 ±    0.00060     3.787 ±  0.072 %    94.545 ±  0.112 %
  41       5.7269 ±    0.0662       0.00520 ±    0.00103       0.01637 ±    0.00059     3.800 ±  0.072 %    94.550 ±  0.111 %
  42       5.7608 ±    0.0659       0.00507 ±    0.00101       0.01630 ±    0.00057     3.782 ±  0.070 %    94.547 ±  0.110 %
  43       5.8946 ±    0.0672       0.00521 ±    0.00100       0.01631 ±    0.00056     3.768 ±  0.069 %    94.535 ±  0.108 %
  44       6.0028 ±    0.0680       0.00544 ±    0.00099       0.01631 ±    0.00055     3.757 ±  0.068 %    94.495 ±  0.108 %
  45       5.9797 ±    0.0669       0.00559 ±    0.00099       0.01661 ±    0.00054     3.790 ±  0.067 %    94.472 ±  0.107 %
  46       5.9964 ±    0.0664       0.00569 ±    0.00098       0.01670 ±    0.00053     3.794 ±  0.066 %    94.469 ±  0.105 %
  47       6.0257 ±    0.0660       0.00563 ±    0.00097       0.01665 ±    0.00052     3.788 ±  0.065 %    94.466 ±  0.104 %
  48       6.0399 ±    0.0655       0.00576 ±    0.00096       0.01669 ±    0.00051     3.794 ±  0.063 %    94.446 ±  0.103 %
  49       6.0842 ±    0.0654       0.00559 ±    0.00095       0.01676 ±    0.00050     3.791 ±  0.062 %    94.434 ±  0.102 %
  50       6.0598 ±    0.0644       0.00557 ±    0.00094       0.01673 ±    0.00049     3.788 ±  0.061 %    94.446 ±  0.101 %
  51       6.0965 ±    0.0642       0.00555 ±    0.00093       0.01661 ±    0.00048     3.770 ±  0.061 %    94.438 ±  0.100 %
  52       6.0511 ±    0.0630       0.00565 ±    0.00092       0.01655 ±    0.00047     3.779 ±  0.060 %    94.441 ±  0.099 %
  53       6.0361 ±    0.0622       0.00594 ±    0.00091       0.01656 ±    0.00046     3.777 ±  0.060 %    94.430 ±  0.098 %
  54       6.0178 ±    0.0613       0.00602 ±    0.00090       0.01650 ±    0.00045     3.780 ±  0.061 %    94.441 ±  0.097 %
  55       5.9788 ±    0.0602       0.00619 ±    0.00089       0.01640 ±    0.00045     3.768 ±  0.060 %    94.467 ±  0.096 %
  56       5.9654 ±    0.0595       0.00620 ±    0.00088       0.01641 ±    0.00044     3.783 ±  0.061 %    94.481 ±  0.095 %
  57       5.9146 ±    0.0584       0.00617 ±    0.00087       0.01636 ±    0.00044     3.778 ±  0.060 %    94.497 ±  0.094 %
  58       5.9037 ±    0.0577       0.00606 ±    0.00087       0.01636 ±    0.00043     3.770 ±  0.060 %    94.502 ±  0.094 %
  59       5.8792 ±    0.0569       0.00600 ±    0.00086       0.01656 ±    0.00042     3.807 ±  0.059 %    94.491 ±  0.093 %
  60       5.8751 ±    0.0564       0.00575 ±    0.00085       0.01646 ±    0.00042     3.792 ±  0.058 %    94.523 ±  0.092 %
  61       5.8941 ±    0.0562       0.00570 ±    0.00085       0.01641 ±    0.00041     3.783 ±  0.057 %    94.521 ±  0.091 %
  62       5.9270 ±    0.0561       0.00563 ±    0.00084       0.01637 ±    0.00040     3.768 ±  0.057 %    94.523 ±  0.090 %
  63       5.9645 ±    0.0561       0.00565 ±    0.00083       0.01639 ±    0.00040     3.763 ±  0.056 %    94.513 ±  0.090 %
  64       5.9986 ±    0.0561       0.00579 ±    0.00082       0.01635 ±    0.00039     3.751 ±  0.055 %    94.500 ±  0.089 %
  65       5.9515 ±    0.0551       0.00568 ±    0.00082       0.01631 ±    0.00039     3.751 ±  0.055 %    94.521 ±  0.088 %
  66       5.9733 ±    0.0550       0.00560 ±    0.00081       0.01631 ±    0.00038     3.749 ±  0.054 %    94.518 ±  0.088 %
  67       5.9634 ±    0.0544       0.00547 ±    0.00080       0.01628 ±    0.00038     3.746 ±  0.053 %    94.504 ±  0.087 %
  68       5.9462 ±    0.0538       0.00561 ±    0.00080       0.01629 ±    0.00037     3.742 ±  0.053 %    94.507 ±  0.086 %
  69       5.9397 ±    0.0533       0.00552 ±    0.00079       0.01623 ±    0.00037     3.732 ±  0.052 %    94.507 ±  0.086 %
  70       5.9369 ±    0.0529       0.00587 ±    0.00079       0.01625 ±    0.00036     3.726 ±  0.052 %    94.518 ±  0.085 %
  71       5.9136 ±    0.0523       0.00583 ±    0.00078       0.01632 ±    0.00036     3.738 ±  0.051 %    94.511 ±  0.085 %
  72       5.9152 ±    0.0520       0.00575 ±    0.00077       0.01633 ±    0.00035     3.742 ±  0.051 %    94.522 ±  0.084 %
  73       5.9416 ±    0.0519       0.00576 ±    0.00077       0.01632 ±    0.00035     3.734 ±  0.051 %    94.514 ±  0.083 %
  74       5.9708 ±    0.0519       0.00592 ±    0.00077       0.01633 ±    0.00034     3.738 ±  0.051 %    94.498 ±  0.083 %
  75       5.9596 ±    0.0514       0.00595 ±    0.00076       0.01626 ±    0.00034     3.729 ±  0.050 %    94.506 ±  0.082 %
  76       5.9814 ±    0.0513       0.00584 ±    0.00075       0.01625 ±    0.00034     3.728 ±  0.050 %    94.503 ±  0.082 %
  77       5.9777 ±    0.0508       0.00599 ±    0.00075       0.01625 ±    0.00033     3.726 ±  0.050 %    94.494 ±  0.081 %
  78       5.9690 ±    0.0504       0.00583 ±    0.00074       0.01624 ±    0.00033     3.726 ±  0.049 %    94.501 ±  0.081 %
  79       5.9968 ±    0.0504       0.00593 ±    0.00074       0.01622 ±    0.00032     3.720 ±  0.049 %    94.500 ±  0.080 %
  80       5.9566 ±    0.0497       0.00579 ±    0.00074       0.01642 ±    0.00032     3.771 ±  0.048 %    94.497 ±  0.080 %
  81       5.9660 ±    0.0494       0.00583 ±    0.00074       0.01656 ±    0.00032     3.785 ±  0.048 %    94.461 ±  0.079 %
  82       5.9415 ±    0.0489       0.00601 ±    0.00073       0.01663 ±    0.00032     3.799 ±  0.049 %    94.479 ±  0.079 %
  83       5.9353 ±    0.0485       0.00602 ±    0.00073       0.01663 ±    0.00032     3.812 ±  0.049 %    94.476 ±  0.078 %
  84       5.9179 ±    0.0481       0.00595 ±    0.00073       0.01662 ±    0.00032     3.812 ±  0.049 %    94.474 ±  0.078 %
  85       5.9025 ±    0.0476       0.00597 ±    0.00072       0.01658 ±    0.00031     3.814 ±  0.049 %    94.472 ±  0.077 %
  86       5.9166 ±    0.0475       0.00594 ±    0.00072       0.01655 ±    0.00031     3.807 ±  0.048 %    94.463 ±  0.077 %
  87       5.8976 ±    0.0470       0.00590 ±    0.00071       0.01651 ±    0.00031     3.803 ±  0.048 %    94.447 ±  0.077 %
  88       5.8925 ±    0.0467       0.00594 ±    0.00071       0.01646 ±    0.00030     3.799 ±  0.047 %    94.450 ±  0.076 %
  89       5.9116 ±    0.0466       0.00590 ±    0.00070       0.01651 ±    0.00030     3.801 ±  0.047 %    94.455 ±  0.076 %
  90       5.9194 ±    0.0464       0.00602 ±    0.00070       0.01651 ±    0.00030     3.803 ±  0.047 %    94.439 ±  0.076 %
  91       5.9689 ±    0.0466       0.00618 ±    0.00070       0.01656 ±    0.00030     3.799 ±  0.046 %    94.412 ±  0.075 %
  92       6.0081 ±    0.0468       0.00625 ±    0.00069       0.01656 ±    0.00030     3.793 ±  0.046 %    94.413 ±  0.075 %
  93       6.0382 ±    0.0468       0.00623 ±    0.00069       0.01656 ±    0.00029     3.784 ±  0.046 %    94.400 ±  0.075 %
  94       6.0625 ±    0.0468       0.00626 ±    0.00068       0.01657 ±    0.00029     3.777 ±  0.045 %    94.392 ±  0.074 %
  95       6.0964 ±    0.0469       0.00631 ±    0.00068       0.01656 ±    0.00029     3.769 ±  0.045 %    94.386 ±  0.074 %
  96       6.1387 ±    0.0470       0.00632 ±    0.00068       0.01652 ±    0.00028     3.760 ±  0.045 %    94.402 ±  0.073 %
  97       6.1920 ±    0.0474       0.00657 ±    0.00068       0.01668 ±    0.00029     3.771 ±  0.046 %    94.381 ±  0.073 %
  98       6.1859 ±    0.0471       0.00660 ±    0.00068       0.01670 ±    0.00029     3.783 ±  0.046 %    94.381 ±  0.073 %
  99       6.1935 ±    0.0469       0.00653 ±    0.00067       0.01666 ±    0.00028     3.774 ±  0.046 %    94.383 ±  0.072 %
 100       6.2017 ±    0.0467       0.00648 ±    0.00067       0.01667 ±    0.00028     3.773 ±  0.045 %    94.373 ±  0.072 %
 101       6.1770 ±    0.0463       0.00637 ±    0.00067       0.01672 ±    0.00028     3.778 ±  0.045 %    94.362 ±  0.072 %
 102       6.1813 ±    0.0461       0.00645 ±    0.00067       0.01675 ±    0.00028     3.779 ±  0.044 %    94.351 ±  0.071 %
 103       6.1806 ±    0.0458       0.00644 ±    0.00066       0.01683 ±    0.00027     3.786 ±  0.044 %    94.320 ±  0.071 %
 104       6.1795 ±    0.0456       0.00636 ±    0.00066       0.01704 ±    0.00027     3.802 ±  0.044 %    94.292 ±  0.071 %
 105       6.1726 ±    0.0453       0.00636 ±    0.00066       0.01713 ±    0.00027     3.811 ±  0.043 %    94.267 ±  0.071 %
 106       6.1566 ±    0.0449       0.00652 ±    0.00066       0.01726 ±    0.00027     3.830 ±  0.043 %    94.249 ±  0.071 %
 107       6.1695 ±    0.0449       0.00652 ±    0.00066       0.01744 ±    0.00030     3.844 ±  0.044 %    94.258 ±  0.070 %
 108       6.1617 ±    0.0446       0.00648 ±    0.00066       0.01742 ±    0.00029     3.842 ±  0.043 %    94.264 ±  0.070 %
 109       6.1666 ±    0.0444       0.00637 ±    0.00066       0.01739 ±    0.00029     3.842 ±  0.043 %    94.272 ±  0.070 %
 110       6.1658 ±    0.0442       0.00626 ±    0.00065       0.01736 ±    0.00029     3.838 ±  0.043 %    94.279 ±  0.069 %
 111       6.1504 ±    0.0439       0.00613 ±    0.00065       0.01747 ±    0.00029     3.847 ±  0.043 %    94.275 ±  0.069 %
 112       6.1376 ±    0.0435       0.00624 ±    0.00065       0.01744 ±    0.00029     3.844 ±  0.043 %    94.287 ±  0.069 %
 113       6.1152 ±    0.0432       0.00637 ±    0.00064       0.01745 ±    0.00029     3.857 ±  0.043 %    94.286 ±  0.068 %
 114       6.1437 ±    0.0432       0.00650 ±    0.00064       0.01744 ±    0.00029     3.853 ±  0.042 %    94.288 ±  0.068 %
 115       6.1485 ±    0.0431       0.00641 ±    0.00064       0.01743 ±    0.00029     3.848 ±  0.042 %    94.297 ±  0.068 %
 116       6.1577 ±    0.0430       0.00633 ±    0.00064       0.01743 ±    0.00028     3.844 ±  0.042 %    94.300 ±  0.067 %
 117       6.1675 ±    0.0429       0.00640 ±    0.00063       0.01748 ±    0.00028     3.845 ±  0.042 %    94.276 ±  0.067 %
 118       6.1646 ±    0.0427       0.00655 ±    0.00063       0.01772 ±    0.00029     3.891 ±  0.044 %    94.272 ±  0.067 %
 119       6.1457 ±    0.0424       0.00663 ±    0.00063       0.01778 ±    0.00029     3.907 ±  0.045 %    94.274 ±  0.067 %
 120       6.1527 ±    0.0423       0.00666 ±    0.00063       0.01776 ±    0.00029     3.903 ±  0.044 %    94.267 ±  0.066 %
 121       6.1499 ±    0.0421       0.00669 ±    0.00063       0.01769 ±    0.00029     3.895 ±  0.044 %    94.286 ±  0.066 %
 122       6.1451 ±    0.0419       0.00674 ±    0.00062       0.01766 ±    0.00029     3.889 ±  0.044 %    94.283 ±  0.066 %
 123       6.1357 ±    0.0416       0.00667 ±    0.00062       0.01761 ±    0.00028     3.888 ±  0.044 %    94.295 ±  0.065 %
 124       6.1320 ±    0.0414       0.00669 ±    0.00062       0.01757 ±    0.00028     3.883 ±  0.043 %    94.303 ±  0.065 %
 125       6.1472 ±    0.0414       0.00675 ±    0.00061       0.01757 ±    0.00028     3.882 ±  0.043 %    94.305 ±  0.065 %
 126       6.1431 ±    0.0412       0.00684 ±    0.00061       0.01751 ±    0.00028     3.875 ±  0.043 %    94.316 ±  0.064 %
 127       6.1537 ±    0.0412       0.00679 ±    0.00061       0.01746 ±    0.00028     3.869 ±  0.043 %    94.317 ±  0.064 %
 128       6.1427 ±    0.0409       0.00670 ±    0.00060       0.01746 ±    0.00027     3.869 ±  0.042 %    94.314 ±  0.064 %
 129       6.1409 ±    0.0407       0.00669 ±    0.00060       0.01744 ±    0.00027     3.865 ±  0.042 %    94.314 ±  0.064 %
 130       6.1302 ±    0.0405       0.00667 ±    0.00060       0.01743 ±    0.00027     3.866 ±  0.042 %    94.317 ±  0.063 %
 131       6.1357 ±    0.0404       0.00664 ±    0.00060       0.01740 ±    0.00027     3.860 ±  0.042 %    94.318 ±  0.063 %
 132       6.1366 ±    0.0402       0.00653 ±    0.00059       0.01743 ±    0.00027     3.863 ±  0.041 %    94.314 ±  0.063 %
 133       6.1462 ±    0.0402       0.00649 ±    0.00059       0.01744 ±    0.00026     3.861 ±  0.041 %    94.309 ±  0.063 %
 134       6.1601 ±    0.0402       0.00666 ±    0.00059       0.01753 ±    0.00026     3.886 ±  0.042 %    94.303 ±  0.063 %
 135       6.1564 ±    0.0400       0.00671 ±    0.00059       0.01753 ±    0.00026     3.887 ±  0.042 %    94.308 ±  0.062 %
 136       6.1361 ±    0.0397       0.00666 ±    0.00059       0.01750 ±    0.00026     3.884 ±  0.042 %    94.311 ±  0.062 %
 137       6.1059 ±    0.0393       0.00667 ±    0.00059       0.01747 ±    0.00026     3.885 ±  0.041 %    94.316 ±  0.062 %
 138       6.1125 ±    0.0392       0.00658 ±    0.00058       0.01758 ±    0.00027     3.895 ±  0.042 %    94.316 ±  0.062 %
 139       6.1273 ±    0.0392       0.00652 ±    0.00058       0.01755 ±    0.00027     3.890 ±  0.042 %    94.323 ±  0.061 %
 140       6.1536 ±    0.0392       0.00652 ±    0.00058       0.01753 ±    0.00027     3.882 ±  0.042 %    94.328 ±  0.061 %
 141       6.1410 ±    0.0390       0.00663 ±    0.00058       0.01756 ±    0.00026     3.891 ±  0.041 %    94.323 ±  0.061 %
 142       6.1420 ±    0.0389       0.00654 ±    0.00057       0.01755 ±    0.00026     3.890 ±  0.041 %    94.325 ±  0.061 %
 143       6.1432 ±    0.0387       0.00661 ±    0.00057       0.01752 ±    0.00026     3.886 ±  0.041 %    94.332 ±  0.060 %
 144       6.1546 ±    0.0387       0.00658 ±    0.00057       0.01752 ±    0.00026     3.883 ±  0.041 %    94.323 ±  0.060 %
 145       6.1477 ±    0.0385       0.00662 ±    0.00057       0.01754 ±    0.00026     3.884 ±  0.040 %    94.327 ±  0.060 %

====== Perplexity statistics ======
Mean PPL(Q)                   :   6.147676 ±   0.038522
Mean PPL(base)                :   6.107128 ±   0.038226
Cor(ln(PPL(Q)), ln(PPL(base))):  99.59%
Mean ln(PPL(Q)/PPL(base))     :   0.006617 ±   0.000567
Mean PPL(Q)/PPL(base)         :   1.006639 ±   0.000571
Mean PPL(Q)-PPL(base)         :   0.040547 ±   0.003486

====== KL divergence statistics ======
Mean    KLD:   0.017540 ±   0.000259
Maximum KLD:  19.523243
99.9%   KLD:   0.647189
99.0%   KLD:   0.148924
95.0%   KLD:   0.057534
90.0%   KLD:   0.036404
Median  KLD:   0.007266
10.0%   KLD:   0.000147
 5.0%   KLD:   0.000041
 1.0%   KLD:   0.000005
 0.1%   KLD:  -0.000000
Minimum KLD:  -0.000034

====== Token probability statistics ======
Mean    Δp: -0.192 ± 0.010 %
Maximum Δp: 99.834%
99.9%   Δp: 25.941%
99.0%   Δp: 10.640%
95.0%   Δp:  4.506%
90.0%   Δp:  2.502%
75.0%   Δp:  0.437%
Median  Δp: -0.005%
25.0%   Δp: -0.757%
10.0%   Δp: -3.133%
 5.0%   Δp: -5.307%
 1.0%   Δp: -11.928%
 0.1%   Δp: -28.599%
Minimum Δp: -99.165%
RMS Δp    :  3.884 ± 0.040 %
Same top p: 94.327 ± 0.060 %

------------------------------
llama-perplexity --kl-divergence-base /tmp/logits.dat --ctx-size 2048 -f sample-data/wiki.test.raw -hf byteshape/Qwen3.6-35B-A3B-MTP-GGUF:Qwen3.6-35B-A3B-IQ4_XS-3.97bpw -fa on -ngl 99 --cpu-moe -ctk turbo3 -ctv turbo4 --kl-divergence
0.00.495.784 I common_init_result: fitting params to device memory ...
0.00.495.788 I common_init_result: (for bugs during this step try to reproduce them with -fit off, or provide --verbose logs if the bug only occurs with -fit on)
0.02.730.750 W llama_model_loader: tensor overrides to CPU are used with mmap enabled - consider using --no-mmap for better performance
0.04.752.881 W llama_context: n_ctx_seq (2048) < n_ctx_train (262144) -- the full capacity of the model will not be utilized
0.04.781.945 I common_init_from_params: warming up the model with an empty run - please wait ... (--no-warmup to disable)
0.04.872.814 I 
0.04.872.894 I system_info: n_threads = 16 (n_threads_batch = 16) / 32 | CUDA : ARCHS = 500,610,700,750,800,860,890,900 | USE_GRAPHS = 1 | PEER_MAX_BATCH_SIZE = 128 | CPU : SSE3 = 1 | SSSE3 = 1 | AVX = 1 | AVX2 = 1 | F16C = 1 | FMA = 1 | BMI2 = 1 | LLAMAFILE = 1 | OPENMP = 1 | REPACK = 1 | 
0.05.107.342 I kl_divergence: computing over 145 chunks, n_ctx=2048, batch_size=2048, n_seq=1
0.11.546.604 I kl_divergence: 6.44 seconds per pass - ETA 15.55 minutes

chunk             PPL               ln(PPL(Q)/PPL(base))          KL Divergence              Δp RMS            Same top p
   1       4.8302 ±    0.3498       0.01537 ±    0.00671       0.01831 ±    0.00123     4.575 ±  0.377 %    93.842 ±  0.752 %
   2       6.0441 ±    0.3199       0.01066 ±    0.00509       0.01816 ±    0.00079     4.076 ±  0.230 %    93.548 ±  0.543 %
   3       6.4299 ±    0.2812       0.01640 ±    0.00399       0.01691 ±    0.00063     3.997 ±  0.225 %    93.744 ±  0.437 %
   4       6.4641 ±    0.2474       0.01684 ±    0.00342       0.01678 ±    0.00073     4.037 ±  0.236 %    94.306 ±  0.362 %
   5       6.3593 ±    0.2195       0.01454 ±    0.00300       0.01646 ±    0.00061     3.881 ±  0.199 %    94.389 ±  0.322 %
   6       5.4927 ±    0.1680       0.01215 ±    0.00278       0.01703 ±    0.00067     3.973 ±  0.176 %    94.624 ±  0.288 %
   7       4.9955 ±    0.1375       0.01175 ±    0.00254       0.01674 ±    0.00059     4.000 ±  0.156 %    94.819 ±  0.262 %
   8       5.0094 ±    0.1289       0.01223 ±    0.00251       0.01724 ±    0.00058     4.065 ±  0.166 %    94.783 ±  0.246 %
   9       5.2705 ±    0.1285       0.01102 ±    0.00238       0.01788 ±    0.00055     4.094 ±  0.163 %    94.569 ±  0.236 %
  10       5.4048 ±    0.1266       0.01199 ±    0.00224       0.01780 ±    0.00051     4.075 ±  0.149 %    94.575 ±  0.224 %
  11       5.4951 ±    0.1227       0.01111 ±    0.00210       0.01719 ±    0.00047     3.993 ±  0.139 %    94.695 ±  0.211 %
  12       5.7286 ±    0.1237       0.01042 ±    0.00199       0.01699 ±    0.00044     3.916 ±  0.130 %    94.681 ±  0.203 %
  13       5.7864 ±    0.1201       0.01003 ±    0.00190       0.01710 ±    0.00041     3.918 ±  0.123 %    94.699 ±  0.194 %
  14       5.8866 ±    0.1181       0.01056 ±    0.00184       0.01732 ±    0.00040     3.954 ±  0.124 %    94.652 ±  0.188 %
  15       5.9589 ±    0.1159       0.01015 ±    0.00178       0.01749 ±    0.00038     3.984 ±  0.120 %    94.598 ±  0.183 %
  16       6.1447 ±    0.1164       0.01118 ±    0.00174       0.01747 ±    0.00036     3.953 ±  0.114 %    94.501 ±  0.178 %
  17       6.2058 ±    0.1138       0.01094 ±    0.00167       0.01738 ±    0.00034     3.924 ±  0.109 %    94.417 ±  0.174 %
  18       6.3100 ±    0.1127       0.01107 ±    0.00162       0.01722 ±    0.00033     3.874 ±  0.104 %    94.406 ±  0.169 %
  19       6.2566 ±    0.1091       0.01094 ±    0.00156       0.01694 ±    0.00031     3.828 ±  0.100 %    94.459 ±  0.164 %
  20       5.9774 ±    0.1010       0.01108 ±    0.00158       0.01856 ±    0.00069     4.090 ±  0.113 %    94.482 ±  0.160 %
  21       6.0006 ±    0.0988       0.01149 ±    0.00155       0.01858 ±    0.00066     4.068 ±  0.109 %    94.433 ±  0.156 %
  22       6.0309 ±    0.0972       0.01127 ±    0.00151       0.01851 ±    0.00064     4.065 ±  0.108 %    94.468 ±  0.152 %
  23       6.0807 ±    0.0959       0.01076 ±    0.00150       0.01865 ±    0.00062     4.100 ±  0.114 %    94.432 ±  0.149 %
  24       6.0986 ±    0.0940       0.01128 ±    0.00147       0.01870 ±    0.00060     4.091 ±  0.110 %    94.347 ±  0.147 %
  25       6.1462 ±    0.0931       0.01117 ±    0.00143       0.01857 ±    0.00058     4.056 ±  0.106 %    94.338 ±  0.145 %
  26       6.1295 ±    0.0909       0.01107 ±    0.00140       0.01851 ±    0.00056     4.052 ±  0.103 %    94.387 ±  0.141 %
  27       6.2745 ±    0.0918       0.01106 ±    0.00136       0.01836 ±    0.00054     4.012 ±  0.100 %    94.334 ±  0.139 %
  28       6.3569 ±    0.0917       0.01119 ±    0.00133       0.01829 ±    0.00052     3.976 ±  0.098 %    94.309 ±  0.137 %
  29       6.3268 ±    0.0896       0.01153 ±    0.00131       0.01836 ±    0.00050     4.006 ±  0.095 %    94.351 ±  0.134 %
  30       6.2943 ±    0.0875       0.01164 ±    0.00130       0.01849 ±    0.00050     4.033 ±  0.098 %    94.308 ±  0.132 %
  31       6.2164 ±    0.0848       0.01175 ±    0.00127       0.01835 ±    0.00048     4.019 ±  0.096 %    94.302 ±  0.130 %
  32       6.1099 ±    0.0819       0.01119 ±    0.00125       0.01821 ±    0.00047     4.009 ±  0.093 %    94.343 ±  0.128 %
  33       6.0741 ±    0.0800       0.01113 ±    0.00126       0.01879 ±    0.00075     4.048 ±  0.097 %    94.330 ±  0.126 %
  34       6.0714 ±    0.0787       0.01105 ±    0.00123       0.01869 ±    0.00073     4.044 ±  0.098 %    94.342 ±  0.124 %
  35       6.0883 ±    0.0778       0.01105 ±    0.00121       0.01885 ±    0.00072     4.056 ±  0.096 %    94.358 ±  0.122 %
  36       6.1053 ±    0.0771       0.01086 ±    0.00119       0.01874 ±    0.00070     4.036 ±  0.094 %    94.401 ±  0.120 %
  37       6.0171 ±    0.0746       0.01075 ±    0.00117       0.01848 ±    0.00068     4.013 ±  0.092 %    94.465 ±  0.118 %
  38       5.9527 ±    0.0726       0.01067 ±    0.00115       0.01830 ±    0.00066     3.995 ±  0.090 %    94.477 ±  0.116 %
  39       5.8808 ±    0.0706       0.01057 ±    0.00113       0.01816 ±    0.00064     3.989 ±  0.088 %    94.488 ±  0.114 %
  40       5.8041 ±    0.0684       0.01083 ±    0.00111       0.01800 ±    0.00063     3.986 ±  0.086 %    94.526 ±  0.112 %
  41       5.7582 ±    0.0669       0.01065 ±    0.00109       0.01795 ±    0.00061     3.996 ±  0.085 %    94.512 ±  0.111 %
  42       5.7933 ±    0.0666       0.01071 ±    0.00108       0.01787 ±    0.00060     3.977 ±  0.083 %    94.528 ±  0.110 %
  43       5.9262 ±    0.0678       0.01055 ±    0.00107       0.01799 ±    0.00059     3.990 ±  0.084 %    94.512 ±  0.109 %
  44       6.0339 ±    0.0687       0.01062 ±    0.00106       0.01800 ±    0.00058     3.989 ±  0.085 %    94.473 ±  0.108 %
  45       6.0092 ±    0.0675       0.01050 ±    0.00105       0.01829 ±    0.00057     4.022 ±  0.083 %    94.443 ±  0.107 %
  46       6.0262 ±    0.0670       0.01064 ±    0.00105       0.01838 ±    0.00056     4.019 ±  0.081 %    94.428 ±  0.106 %
  47       6.0562 ±    0.0667       0.01067 ±    0.00103       0.01832 ±    0.00055     4.009 ±  0.080 %    94.418 ±  0.105 %
  48       6.0701 ±    0.0661       0.01075 ±    0.00102       0.01839 ±    0.00054     4.028 ±  0.079 %    94.387 ±  0.104 %
  49       6.1168 ±    0.0660       0.01093 ±    0.00101       0.01852 ±    0.00053     4.042 ±  0.079 %    94.374 ±  0.103 %
  50       6.0924 ±    0.0650       0.01094 ±    0.00100       0.01851 ±    0.00052     4.036 ±  0.078 %    94.391 ±  0.102 %
  51       6.1293 ±    0.0648       0.01093 ±    0.00099       0.01840 ±    0.00051     4.021 ±  0.077 %    94.388 ±  0.101 %
  52       6.0836 ±    0.0636       0.01100 ±    0.00098       0.01831 ±    0.00050     4.013 ±  0.076 %    94.404 ±  0.100 %
  53       6.0687 ±    0.0628       0.01132 ±    0.00097       0.01836 ±    0.00049     4.012 ±  0.075 %    94.373 ±  0.099 %
  54       6.0496 ±    0.0619       0.01127 ±    0.00096       0.01824 ±    0.00048     4.001 ±  0.074 %    94.394 ±  0.098 %
  55       6.0097 ±    0.0608       0.01134 ±    0.00095       0.01814 ±    0.00048     3.989 ±  0.073 %    94.410 ±  0.097 %
  56       5.9979 ±    0.0601       0.01163 ±    0.00095       0.01825 ±    0.00049     4.001 ±  0.073 %    94.414 ±  0.096 %
  57       5.9461 ±    0.0590       0.01149 ±    0.00094       0.01814 ±    0.00048     3.993 ±  0.072 %    94.432 ±  0.095 %
  58       5.9353 ±    0.0583       0.01141 ±    0.00093       0.01817 ±    0.00047     3.987 ±  0.071 %    94.445 ±  0.094 %
  59       5.9111 ±    0.0575       0.01141 ±    0.00093       0.01839 ±    0.00047     4.017 ±  0.070 %    94.428 ±  0.093 %
  60       5.9074 ±    0.0570       0.01122 ±    0.00092       0.01829 ±    0.00046     4.004 ±  0.069 %    94.448 ±  0.092 %
  61       5.9252 ±    0.0568       0.01096 ±    0.00091       0.01825 ±    0.00045     3.998 ±  0.068 %    94.439 ±  0.092 %
  62       5.9582 ±    0.0567       0.01088 ±    0.00090       0.01823 ±    0.00045     3.988 ±  0.067 %    94.425 ±  0.091 %
  63       5.9956 ±    0.0567       0.01084 ±    0.00089       0.01822 ±    0.00044     3.989 ±  0.067 %    94.403 ±  0.091 %
  64       6.0298 ±    0.0567       0.01098 ±    0.00088       0.01817 ±    0.00043     3.975 ±  0.067 %    94.387 ±  0.090 %
  65       5.9829 ±    0.0557       0.01093 ±    0.00088       0.01810 ±    0.00043     3.971 ±  0.066 %    94.410 ±  0.089 %
  66       6.0056 ±    0.0556       0.01099 ±    0.00087       0.01811 ±    0.00042     3.967 ±  0.065 %    94.390 ±  0.089 %
  67       5.9949 ±    0.0550       0.01073 ±    0.00086       0.01806 ±    0.00041     3.962 ±  0.064 %    94.367 ±  0.088 %
  68       5.9771 ±    0.0544       0.01079 ±    0.00086       0.01808 ±    0.00041     3.961 ±  0.063 %    94.375 ±  0.087 %
  69       5.9702 ±    0.0539       0.01063 ±    0.00085       0.01805 ±    0.00040     3.968 ±  0.063 %    94.373 ±  0.087 %
  70       5.9672 ±    0.0535       0.01096 ±    0.00085       0.01816 ±    0.00040     3.982 ±  0.063 %    94.370 ±  0.086 %
  71       5.9438 ±    0.0528       0.01093 ±    0.00084       0.01833 ±    0.00040     4.001 ±  0.063 %    94.359 ±  0.086 %
  72       5.9454 ±    0.0525       0.01085 ±    0.00084       0.01834 ±    0.00040     4.008 ±  0.063 %    94.360 ±  0.085 %
  73       5.9723 ±    0.0524       0.01090 ±    0.00083       0.01837 ±    0.00039     4.006 ±  0.062 %    94.348 ±  0.085 %
  74       6.0015 ±    0.0524       0.01104 ±    0.00083       0.01835 ±    0.00039     4.004 ±  0.062 %    94.344 ±  0.084 %
  75       5.9907 ±    0.0519       0.01115 ±    0.00082       0.01827 ±    0.00038     3.992 ±  0.061 %    94.355 ±  0.083 %
  76       6.0125 ±    0.0518       0.01103 ±    0.00081       0.01824 ±    0.00038     3.986 ±  0.061 %    94.341 ±  0.083 %
  77       6.0096 ±    0.0514       0.01130 ±    0.00081       0.01822 ±    0.00038     3.984 ±  0.060 %    94.334 ±  0.082 %
  78       6.0015 ±    0.0509       0.01127 ±    0.00080       0.01820 ±    0.00037     3.980 ±  0.059 %    94.344 ±  0.082 %
  79       6.0290 ±    0.0509       0.01128 ±    0.00080       0.01817 ±    0.00037     3.971 ±  0.059 %    94.333 ±  0.081 %
  80       5.9881 ±    0.0502       0.01107 ±    0.00079       0.01830 ±    0.00036     4.001 ±  0.058 %    94.324 ±  0.081 %
  81       5.9987 ±    0.0499       0.01129 ±    0.00079       0.01842 ±    0.00036     4.006 ±  0.057 %    94.286 ±  0.081 %
  82       5.9729 ±    0.0494       0.01127 ±    0.00079       0.01843 ±    0.00036     4.007 ±  0.057 %    94.298 ±  0.080 %
  83       5.9673 ±    0.0490       0.01140 ±    0.00078       0.01840 ±    0.00035     4.005 ±  0.056 %    94.295 ±  0.080 %
  84       5.9509 ±    0.0486       0.01151 ±    0.00078       0.01838 ±    0.00035     4.004 ±  0.056 %    94.291 ±  0.079 %
  85       5.9358 ±    0.0481       0.01159 ±    0.00077       0.01834 ±    0.00034     4.003 ±  0.056 %    94.301 ±  0.079 %
  86       5.9497 ±    0.0480       0.01153 ±    0.00076       0.01832 ±    0.00034     4.000 ±  0.055 %    94.297 ±  0.078 %
  87       5.9308 ±    0.0475       0.01151 ±    0.00076       0.01830 ±    0.00034     3.995 ±  0.055 %    94.290 ±  0.078 %
  88       5.9258 ±    0.0472       0.01158 ±    0.00076       0.01828 ±    0.00033     4.002 ±  0.055 %    94.286 ±  0.077 %
  89       5.9450 ±    0.0471       0.01155 ±    0.00075       0.01832 ±    0.00033     4.013 ±  0.056 %    94.284 ±  0.077 %
  90       5.9527 ±    0.0469       0.01163 ±    0.00075       0.01833 ±    0.00033     4.011 ±  0.055 %    94.291 ±  0.076 %
  91       6.0022 ±    0.0471       0.01174 ±    0.00075       0.01840 ±    0.00033     4.013 ±  0.055 %    94.248 ±  0.076 %
  92       6.0411 ±    0.0473       0.01173 ±    0.00074       0.01841 ±    0.00033     4.007 ±  0.055 %    94.241 ±  0.076 %
  93       6.0718 ±    0.0473       0.01179 ±    0.00074       0.01843 ±    0.00032     4.003 ±  0.054 %    94.220 ±  0.076 %
  94       6.0960 ±    0.0473       0.01178 ±    0.00073       0.01843 ±    0.00032     3.994 ±  0.054 %    94.213 ±  0.075 %
  95       6.1298 ±    0.0474       0.01178 ±    0.00073       0.01844 ±    0.00032     3.990 ±  0.053 %    94.190 ±  0.075 %
  96       6.1728 ±    0.0475       0.01184 ±    0.00073       0.01845 ±    0.00031     3.992 ±  0.053 %    94.182 ±  0.075 %
  97       6.2252 ±    0.0479       0.01193 ±    0.00073       0.01873 ±    0.00035     4.012 ±  0.054 %    94.164 ±  0.074 %
  98       6.2196 ±    0.0476       0.01202 ±    0.00073       0.01872 ±    0.00035     4.012 ±  0.054 %    94.161 ±  0.074 %
  99       6.2275 ±    0.0474       0.01200 ±    0.00072       0.01868 ±    0.00034     4.001 ±  0.054 %    94.154 ±  0.074 %
 100       6.2357 ±    0.0472       0.01194 ±    0.00072       0.01871 ±    0.00034     4.002 ±  0.053 %    94.141 ±  0.073 %
 101       6.2104 ±    0.0467       0.01176 ±    0.00072       0.01878 ±    0.00034     4.018 ±  0.053 %    94.124 ±  0.073 %
 102       6.2136 ±    0.0465       0.01166 ±    0.00071       0.01879 ±    0.00033     4.016 ±  0.052 %    94.126 ±  0.073 %
 103       6.2128 ±    0.0463       0.01164 ±    0.00071       0.01886 ±    0.00033     4.025 ±  0.052 %    94.106 ±  0.073 %
 104       6.2122 ±    0.0460       0.01164 ±    0.00071       0.01908 ±    0.00033     4.036 ±  0.051 %    94.093 ±  0.072 %
 105       6.2047 ±    0.0457       0.01155 ±    0.00071       0.01913 ±    0.00033     4.044 ±  0.051 %    94.078 ±  0.072 %
 106       6.1878 ±    0.0454       0.01158 ±    0.00071       0.01925 ±    0.00033     4.062 ±  0.050 %    94.062 ±  0.072 %
 107       6.2007 ±    0.0453       0.01156 ±    0.00071       0.01927 ±    0.00032     4.063 ±  0.050 %    94.065 ±  0.071 %
 108       6.1925 ±    0.0450       0.01146 ±    0.00070       0.01926 ±    0.00032     4.072 ±  0.050 %    94.078 ±  0.071 %
 109       6.1979 ±    0.0448       0.01144 ±    0.00070       0.01924 ±    0.00032     4.074 ±  0.049 %    94.072 ±  0.071 %
 110       6.1973 ±    0.0446       0.01136 ±    0.00069       0.01922 ±    0.00031     4.072 ±  0.049 %    94.082 ±  0.070 %
 111       6.1821 ±    0.0443       0.01128 ±    0.00069       0.01927 ±    0.00032     4.073 ±  0.049 %    94.073 ±  0.070 %
 112       6.1684 ±    0.0440       0.01125 ±    0.00069       0.01921 ±    0.00031     4.067 ±  0.049 %    94.088 ±  0.070 %
 113       6.1457 ±    0.0436       0.01135 ±    0.00069       0.01923 ±    0.00031     4.074 ±  0.049 %    94.091 ±  0.069 %
 114       6.1735 ±    0.0437       0.01135 ±    0.00068       0.01923 ±    0.00031     4.073 ±  0.048 %    94.092 ±  0.069 %
 115       6.1779 ±    0.0435       0.01119 ±    0.00068       0.01921 ±    0.00031     4.068 ±  0.048 %    94.105 ±  0.069 %
 116       6.1881 ±    0.0434       0.01126 ±    0.00068       0.01923 ±    0.00031     4.066 ±  0.048 %    94.112 ±  0.068 %
 117       6.1974 ±    0.0433       0.01124 ±    0.00067       0.01926 ±    0.00030     4.065 ±  0.047 %    94.096 ±  0.068 %
 118       6.1942 ±    0.0431       0.01135 ±    0.00067       0.01935 ±    0.00030     4.082 ±  0.048 %    94.092 ±  0.068 %
 119       6.1759 ±    0.0428       0.01152 ±    0.00067       0.01947 ±    0.00031     4.103 ±  0.048 %    94.092 ±  0.068 %
 120       6.1830 ±    0.0427       0.01157 ±    0.00067       0.01945 ±    0.00031     4.099 ±  0.048 %    94.088 ±  0.067 %
 121       6.1803 ±    0.0425       0.01161 ±    0.00067       0.01939 ±    0.00031     4.094 ±  0.048 %    94.092 ±  0.067 %
 122       6.1757 ±    0.0423       0.01170 ±    0.00066       0.01935 ±    0.00030     4.091 ±  0.047 %    94.091 ±  0.067 %
 123       6.1662 ±    0.0420       0.01162 ±    0.00066       0.01928 ±    0.00030     4.084 ±  0.047 %    94.102 ±  0.066 %
 124       6.1622 ±    0.0418       0.01159 ±    0.00066       0.01923 ±    0.00030     4.081 ±  0.047 %    94.108 ±  0.066 %
 125       6.1775 ±    0.0418       0.01165 ±    0.00065       0.01924 ±    0.00030     4.081 ±  0.047 %    94.110 ±  0.066 %
 126       6.1727 ±    0.0416       0.01165 ±    0.00065       0.01918 ±    0.00030     4.074 ±  0.046 %    94.133 ±  0.065 %
 127       6.1836 ±    0.0416       0.01164 ±    0.00065       0.01912 ±    0.00029     4.067 ±  0.046 %    94.141 ±  0.065 %
 128       6.1730 ±    0.0413       0.01164 ±    0.00064       0.01914 ±    0.00029     4.070 ±  0.046 %    94.139 ±  0.065 %
 129       6.1713 ±    0.0411       0.01164 ±    0.00064       0.01912 ±    0.00029     4.068 ±  0.046 %    94.145 ±  0.065 %
 130       6.1612 ±    0.0409       0.01172 ±    0.00064       0.01910 ±    0.00029     4.066 ±  0.046 %    94.148 ±  0.064 %
 131       6.1670 ±    0.0408       0.01173 ±    0.00064       0.01907 ±    0.00029     4.060 ±  0.045 %    94.151 ±  0.064 %
 132       6.1678 ±    0.0406       0.01160 ±    0.00063       0.01909 ±    0.00028     4.063 ±  0.045 %    94.155 ±  0.064 %
 133       6.1779 ±    0.0406       0.01163 ±    0.00063       0.01912 ±    0.00028     4.064 ±  0.045 %    94.144 ±  0.064 %
 134       6.1919 ±    0.0406       0.01181 ±    0.00063       0.01917 ±    0.00028     4.072 ±  0.045 %    94.139 ±  0.063 %
 135       6.1879 ±    0.0404       0.01181 ±    0.00063       0.01916 ±    0.00028     4.069 ±  0.045 %    94.145 ±  0.063 %
 136       6.1673 ±    0.0400       0.01173 ±    0.00063       0.01911 ±    0.00028     4.064 ±  0.044 %    94.146 ±  0.063 %
 137       6.1371 ±    0.0397       0.01177 ±    0.00062       0.01907 ±    0.00028     4.061 ±  0.044 %    94.158 ±  0.063 %
 138       6.1446 ±    0.0396       0.01182 ±    0.00062       0.01919 ±    0.00028     4.066 ±  0.044 %    94.155 ±  0.062 %
 139       6.1594 ±    0.0396       0.01175 ±    0.00062       0.01916 ±    0.00028     4.062 ±  0.044 %    94.160 ±  0.062 %
 140       6.1858 ±    0.0396       0.01173 ±    0.00062       0.01913 ±    0.00028     4.056 ±  0.044 %    94.161 ±  0.062 %
 141       6.1725 ±    0.0394       0.01174 ±    0.00061       0.01918 ±    0.00028     4.070 ±  0.044 %    94.156 ±  0.062 %
 142       6.1731 ±    0.0392       0.01159 ±    0.00061       0.01917 ±    0.00028     4.070 ±  0.043 %    94.160 ±  0.062 %
 143       6.1738 ±    0.0391       0.01159 ±    0.00061       0.01915 ±    0.00027     4.066 ±  0.043 %    94.157 ±  0.061 %
 144       6.1851 ±    0.0390       0.01152 ±    0.00061       0.01915 ±    0.00027     4.061 ±  0.043 %    94.150 ±  0.061 %
 145       6.1783 ±    0.0389       0.01159 ±    0.00060       0.01916 ±    0.00027     4.061 ±  0.043 %    94.158 ±  0.061 %

====== Perplexity statistics ======
Mean PPL(Q)                   :   6.178309 ±   0.038892
Mean PPL(base)                :   6.107128 ±   0.038226
Cor(ln(PPL(Q)), ln(PPL(base))):  99.54%
Mean ln(PPL(Q)/PPL(base))     :   0.011588 ±   0.000605
Mean PPL(Q)/PPL(base)         :   1.011655 ±   0.000612
Mean PPL(Q)-PPL(base)         :   0.071181 ±   0.003768

====== KL divergence statistics ======
Mean    KLD:   0.019158 ±   0.000272
Maximum KLD:  20.072746
99.9%   KLD:   0.725503
99.0%   KLD:   0.165753
95.0%   KLD:   0.062967
90.0%   KLD:   0.039828
Median  KLD:   0.007811
10.0%   KLD:   0.000167
 5.0%   KLD:   0.000046
 1.0%   KLD:   0.000006
 0.1%   KLD:  -0.000000
Minimum KLD:  -0.000037

====== Token probability statistics ======
Mean    Δp: -0.122 ± 0.011 %
Maximum Δp: 99.599%
99.9%   Δp: 27.732%
99.0%   Δp: 11.278%
95.0%   Δp:  4.846%
90.0%   Δp:  2.748%
75.0%   Δp:  0.527%
Median  Δp: -0.003%
25.0%   Δp: -0.686%
10.0%   Δp: -3.051%
 5.0%   Δp: -5.322%
 1.0%   Δp: -12.537%
 0.1%   Δp: -31.332%
Minimum Δp: -93.871%
RMS Δp    :  4.061 ± 0.043 %
Same top p: 94.158 ± 0.061 %

------------------------------
llama-perplexity --kl-divergence-base /tmp/logits.dat --ctx-size 2048 -f sample-data/wiki.test.raw -hf byteshape/Qwen3.6-35B-A3B-MTP-GGUF:Qwen3.6-35B-A3B-IQ4_XS-3.97bpw -fa on -ngl 99 --cpu-moe -ctk turbo3 -ctv turbo3 --kl-divergence
0.00.481.499 I common_init_result: fitting params to device memory ...
0.00.481.503 I common_init_result: (for bugs during this step try to reproduce them with -fit off, or provide --verbose logs if the bug only occurs with -fit on)
0.02.763.466 W llama_model_loader: tensor overrides to CPU are used with mmap enabled - consider using --no-mmap for better performance
0.04.757.682 W llama_context: n_ctx_seq (2048) < n_ctx_train (262144) -- the full capacity of the model will not be utilized
0.04.787.586 I common_init_from_params: warming up the model with an empty run - please wait ... (--no-warmup to disable)
0.04.880.064 I 
0.04.880.148 I system_info: n_threads = 16 (n_threads_batch = 16) / 32 | CUDA : ARCHS = 500,610,700,750,800,860,890,900 | USE_GRAPHS = 1 | PEER_MAX_BATCH_SIZE = 128 | CPU : SSE3 = 1 | SSSE3 = 1 | AVX = 1 | AVX2 = 1 | F16C = 1 | FMA = 1 | BMI2 = 1 | LLAMAFILE = 1 | OPENMP = 1 | REPACK = 1 | 
0.05.117.356 I kl_divergence: computing over 145 chunks, n_ctx=2048, batch_size=2048, n_seq=1
0.11.943.427 I kl_divergence: 6.83 seconds per pass - ETA 16.48 minutes

chunk             PPL               ln(PPL(Q)/PPL(base))          KL Divergence              Δp RMS            Same top p
   1       4.8188 ±    0.3462       0.01302 ±    0.00849       0.02142 ±    0.00132     4.430 ±  0.241 %    93.060 ±  0.795 %
   2       6.0807 ±    0.3214       0.01669 ±    0.00575       0.02145 ±    0.00089     4.211 ±  0.206 %    92.522 ±  0.582 %
   3       6.4221 ±    0.2796       0.01520 ±    0.00441       0.02075 ±    0.00089     4.430 ±  0.264 %    92.962 ±  0.462 %
   4       6.4476 ±    0.2450       0.01429 ±    0.00369       0.02024 ±    0.00084     4.469 ±  0.253 %    93.524 ±  0.385 %
   5       6.3465 ±    0.2175       0.01253 ±    0.00325       0.01990 ±    0.00072     4.430 ±  0.220 %    93.744 ±  0.339 %
   6       5.4864 ±    0.1669       0.01102 ±    0.00310       0.02087 ±    0.00076     4.643 ±  0.194 %    93.972 ±  0.304 %
   7       4.9958 ±    0.1369       0.01181 ±    0.00292       0.02128 ±    0.00091     4.777 ±  0.218 %    93.898 ±  0.283 %
   8       5.0052 ±    0.1281       0.01140 ±    0.00279       0.02154 ±    0.00082     4.759 ±  0.197 %    93.915 ±  0.264 %
   9       5.2676 ±    0.1278       0.01046 ±    0.00261       0.02199 ±    0.00075     4.678 ±  0.180 %    93.700 ±  0.253 %
  10       5.3939 ±    0.1257       0.00995 ±    0.00243       0.02150 ±    0.00068     4.604 ±  0.166 %    93.773 ±  0.239 %
  11       5.4933 ±    0.1221       0.01076 ±    0.00229       0.02091 ±    0.00062     4.504 ±  0.155 %    93.735 ±  0.228 %
  12       5.7324 ±    0.1233       0.01108 ±    0.00217       0.02082 ±    0.00059     4.446 ±  0.145 %    93.508 ±  0.222 %
  13       5.7916 ±    0.1198       0.01094 ±    0.00208       0.02090 ±    0.00055     4.439 ±  0.136 %    93.511 ±  0.214 %
  14       5.8936 ±    0.1179       0.01175 ±    0.00201       0.02099 ±    0.00052     4.415 ±  0.129 %    93.513 ±  0.206 %
  15       5.9671 ±    0.1157       0.01152 ±    0.00195       0.02136 ±    0.00049     4.449 ±  0.122 %    93.477 ±  0.199 %
  16       6.1505 ±    0.1162       0.01212 ±    0.00189       0.02134 ±    0.00047     4.417 ±  0.116 %    93.390 ±  0.194 %
  17       6.2105 ±    0.1136       0.01169 ±    0.00182       0.02119 ±    0.00044     4.392 ±  0.111 %    93.439 ±  0.188 %
  18       6.3143 ±    0.1125       0.01176 ±    0.00177       0.02112 ±    0.00042     4.347 ±  0.106 %    93.413 ±  0.183 %
  19       6.2625 ±    0.1089       0.01187 ±    0.00171       0.02080 ±    0.00040     4.299 ±  0.102 %    93.476 ±  0.177 %
  20       5.9876 ±    0.1008       0.01278 ±    0.00169       0.02221 ±    0.00051     4.532 ±  0.102 %    93.563 ±  0.172 %
  21       6.0051 ±    0.0986       0.01224 ±    0.00165       0.02220 ±    0.00049     4.507 ±  0.099 %    93.474 ±  0.169 %
  22       6.0339 ±    0.0969       0.01175 ±    0.00161       0.02207 ±    0.00047     4.482 ±  0.095 %    93.504 ±  0.164 %
  23       6.0855 ±    0.0957       0.01154 ±    0.00158       0.02213 ±    0.00046     4.480 ±  0.095 %    93.417 ±  0.162 %
  24       6.1028 ±    0.0938       0.01197 ±    0.00155       0.02219 ±    0.00044     4.480 ±  0.093 %    93.410 ±  0.158 %
  25       6.1544 ±    0.0929       0.01249 ±    0.00151       0.02208 ±    0.00043     4.444 ±  0.090 %    93.419 ±  0.155 %
  26       6.1360 ±    0.0908       0.01213 ±    0.00149       0.02203 ±    0.00041     4.438 ±  0.088 %    93.462 ±  0.152 %
  27       6.2815 ±    0.0916       0.01218 ±    0.00145       0.02185 ±    0.00040     4.393 ±  0.085 %    93.429 ±  0.149 %
  28       6.3639 ±    0.0915       0.01228 ±    0.00142       0.02183 ±    0.00039     4.366 ±  0.083 %    93.440 ±  0.146 %
  29       6.3348 ±    0.0895       0.01279 ±    0.00140       0.02189 ±    0.00038     4.406 ±  0.084 %    93.464 ±  0.143 %
  30       6.3018 ±    0.0874       0.01284 ±    0.00138       0.02191 ±    0.00037     4.408 ±  0.082 %    93.431 ±  0.141 %
  31       6.2245 ±    0.0847       0.01306 ±    0.00135       0.02179 ±    0.00036     4.402 ±  0.080 %    93.422 ±  0.139 %
  32       6.1209 ±    0.0818       0.01297 ±    0.00132       0.02168 ±    0.00035     4.405 ±  0.078 %    93.457 ±  0.137 %
  33       6.0836 ±    0.0799       0.01271 ±    0.00133       0.02236 ±    0.00073     4.432 ±  0.083 %    93.457 ±  0.135 %
  34       6.0813 ±    0.0786       0.01268 ±    0.00131       0.02220 ±    0.00071     4.408 ±  0.081 %    93.439 ±  0.133 %
  35       6.0962 ±    0.0777       0.01235 ±    0.00128       0.02232 ±    0.00069     4.411 ±  0.080 %    93.459 ±  0.131 %
  36       6.1128 ±    0.0770       0.01208 ±    0.00126       0.02224 ±    0.00068     4.400 ±  0.078 %    93.491 ±  0.129 %
  37       6.0245 ±    0.0745       0.01197 ±    0.00124       0.02198 ±    0.00066     4.384 ±  0.077 %    93.562 ±  0.126 %
  38       5.9598 ±    0.0725       0.01187 ±    0.00122       0.02181 ±    0.00064     4.382 ±  0.076 %    93.587 ±  0.124 %
  39       5.8870 ±    0.0704       0.01161 ±    0.00120       0.02163 ±    0.00063     4.369 ±  0.074 %    93.588 ±  0.123 %
  40       5.8091 ±    0.0683       0.01169 ±    0.00118       0.02149 ±    0.00061     4.365 ±  0.073 %    93.622 ±  0.121 %
  41       5.7652 ±    0.0668       0.01186 ±    0.00117       0.02145 ±    0.00060     4.394 ±  0.073 %    93.601 ±  0.120 %
  42       5.7994 ±    0.0665       0.01176 ±    0.00115       0.02135 ±    0.00059     4.373 ±  0.072 %    93.590 ±  0.118 %
  43       5.9318 ±    0.0677       0.01150 ±    0.00114       0.02177 ±    0.00064     4.409 ±  0.077 %    93.539 ±  0.117 %
  44       6.0392 ±    0.0685       0.01149 ±    0.00113       0.02175 ±    0.00063     4.390 ±  0.076 %    93.477 ±  0.116 %
  45       6.0144 ±    0.0674       0.01138 ±    0.00112       0.02202 ±    0.00061     4.415 ±  0.074 %    93.453 ±  0.115 %
  46       6.0318 ±    0.0669       0.01157 ±    0.00112       0.02213 ±    0.00060     4.428 ±  0.074 %    93.415 ±  0.114 %
  47       6.0623 ±    0.0666       0.01167 ±    0.00110       0.02209 ±    0.00059     4.417 ±  0.072 %    93.409 ±  0.113 %
  48       6.0766 ±    0.0660       0.01181 ±    0.00109       0.02211 ±    0.00058     4.418 ±  0.071 %    93.406 ±  0.112 %
  49       6.1216 ±    0.0659       0.01172 ±    0.00109       0.02229 ±    0.00057     4.434 ±  0.072 %    93.377 ±  0.111 %
  50       6.0979 ±    0.0649       0.01184 ±    0.00108       0.02226 ±    0.00056     4.426 ±  0.071 %    93.400 ±  0.110 %
  51       6.1347 ±    0.0647       0.01181 ±    0.00107       0.02212 ±    0.00055     4.408 ±  0.070 %    93.426 ±  0.109 %
  52       6.0888 ±    0.0635       0.01186 ±    0.00105       0.02204 ±    0.00054     4.411 ±  0.069 %    93.451 ±  0.107 %
  53       6.0723 ±    0.0626       0.01190 ±    0.00104       0.02200 ±    0.00053     4.399 ±  0.068 %    93.438 ±  0.106 %
  54       6.0537 ±    0.0618       0.01196 ±    0.00103       0.02190 ±    0.00052     4.401 ±  0.068 %    93.461 ±  0.105 %
  55       6.0132 ±    0.0607       0.01193 ±    0.00102       0.02177 ±    0.00051     4.389 ±  0.067 %    93.486 ±  0.104 %
  56       6.0007 ±    0.0600       0.01209 ±    0.00101       0.02187 ±    0.00051     4.414 ±  0.068 %    93.503 ±  0.103 %
  57       5.9501 ±    0.0588       0.01215 ±    0.00100       0.02174 ±    0.00050     4.402 ±  0.067 %    93.528 ±  0.102 %
  58       5.9386 ±    0.0581       0.01196 ±    0.00099       0.02176 ±    0.00050     4.395 ±  0.066 %    93.526 ±  0.101 %
  59       5.9176 ±    0.0574       0.01251 ±    0.00099       0.02202 ±    0.00049     4.431 ±  0.066 %    93.502 ±  0.100 %
  60       5.9136 ±    0.0569       0.01227 ±    0.00098       0.02191 ±    0.00049     4.417 ±  0.066 %    93.530 ±  0.099 %
  61       5.9331 ±    0.0567       0.01229 ±    0.00097       0.02185 ±    0.00048     4.405 ±  0.065 %    93.524 ±  0.099 %
  62       5.9653 ±    0.0566       0.01208 ±    0.00096       0.02180 ±    0.00047     4.391 ±  0.064 %    93.520 ±  0.098 %
  63       6.0023 ±    0.0566       0.01196 ±    0.00095       0.02181 ±    0.00047     4.392 ±  0.065 %    93.503 ±  0.097 %
  64       6.0353 ±    0.0565       0.01190 ±    0.00094       0.02176 ±    0.00046     4.380 ±  0.064 %    93.490 ±  0.096 %
  65       5.9871 ±    0.0555       0.01164 ±    0.00094       0.02175 ±    0.00045     4.387 ±  0.063 %    93.529 ±  0.095 %
  66       6.0100 ±    0.0554       0.01171 ±    0.00093       0.02176 ±    0.00045     4.380 ±  0.062 %    93.526 ±  0.095 %
  67       6.0005 ±    0.0549       0.01167 ±    0.00092       0.02171 ±    0.00044     4.372 ±  0.062 %    93.527 ±  0.094 %
  68       5.9823 ±    0.0542       0.01167 ±    0.00092       0.02173 ±    0.00044     4.372 ±  0.061 %    93.533 ±  0.093 %
  69       5.9746 ±    0.0537       0.01138 ±    0.00091       0.02167 ±    0.00043     4.363 ±  0.060 %    93.529 ±  0.093 %
  70       5.9703 ±    0.0533       0.01149 ±    0.00090       0.02165 ±    0.00042     4.361 ±  0.060 %    93.546 ±  0.092 %
  71       5.9478 ±    0.0527       0.01159 ±    0.00090       0.02177 ±    0.00042     4.380 ±  0.059 %    93.539 ±  0.091 %
  72       5.9489 ±    0.0523       0.01143 ±    0.00089       0.02176 ±    0.00041     4.378 ±  0.058 %    93.540 ±  0.091 %
  73       5.9758 ±    0.0523       0.01149 ±    0.00089       0.02178 ±    0.00041     4.371 ±  0.058 %    93.531 ±  0.090 %
  74       6.0050 ±    0.0522       0.01163 ±    0.00088       0.02174 ±    0.00040     4.367 ±  0.057 %    93.534 ±  0.089 %
  75       5.9938 ±    0.0517       0.01168 ±    0.00087       0.02165 ±    0.00040     4.357 ±  0.057 %    93.533 ±  0.089 %
  76       6.0155 ±    0.0516       0.01153 ±    0.00087       0.02165 ±    0.00040     4.358 ±  0.056 %    93.527 ±  0.088 %
  77       6.0111 ±    0.0512       0.01156 ±    0.00086       0.02162 ±    0.00039     4.354 ±  0.056 %    93.517 ±  0.088 %
  78       6.0030 ±    0.0507       0.01152 ±    0.00085       0.02160 ±    0.00039     4.351 ±  0.055 %    93.532 ±  0.087 %
  79       6.0310 ±    0.0507       0.01161 ±    0.00085       0.02158 ±    0.00038     4.341 ±  0.055 %    93.531 ±  0.087 %
  80       5.9919 ±    0.0500       0.01170 ±    0.00085       0.02184 ±    0.00038     4.401 ±  0.055 %    93.512 ±  0.086 %
  81       6.0030 ±    0.0498       0.01202 ±    0.00085       0.02204 ±    0.00038     4.411 ±  0.055 %    93.460 ±  0.086 %
  82       5.9777 ±    0.0493       0.01208 ±    0.00084       0.02204 ±    0.00037     4.418 ±  0.055 %    93.492 ±  0.085 %
  83       5.9720 ±    0.0489       0.01218 ±    0.00084       0.02201 ±    0.00037     4.416 ±  0.055 %    93.490 ±  0.085 %
  84       5.9555 ±    0.0484       0.01227 ±    0.00083       0.02199 ±    0.00037     4.414 ±  0.055 %    93.486 ±  0.084 %
  85       5.9398 ±    0.0480       0.01226 ±    0.00082       0.02193 ±    0.00036     4.407 ±  0.054 %    93.502 ±  0.084 %
  86       5.9544 ±    0.0479       0.01233 ±    0.00082       0.02192 ±    0.00036     4.407 ±  0.054 %    93.477 ±  0.083 %
  87       5.9355 ±    0.0474       0.01231 ±    0.00081       0.02187 ±    0.00036     4.403 ±  0.053 %    93.453 ±  0.083 %
  88       5.9306 ±    0.0470       0.01239 ±    0.00081       0.02184 ±    0.00035     4.410 ±  0.054 %    93.450 ±  0.082 %
  89       5.9487 ±    0.0470       0.01217 ±    0.00081       0.02190 ±    0.00035     4.408 ±  0.053 %    93.456 ±  0.082 %
  90       5.9559 ±    0.0468       0.01217 ±    0.00080       0.02188 ±    0.00035     4.403 ±  0.053 %    93.459 ±  0.081 %
  91       6.0053 ±    0.0470       0.01227 ±    0.00080       0.02190 ±    0.00034     4.397 ±  0.052 %    93.423 ±  0.081 %
  92       6.0437 ±    0.0471       0.01215 ±    0.00079       0.02192 ±    0.00034     4.394 ±  0.052 %    93.421 ±  0.081 %
  93       6.0743 ±    0.0472       0.01220 ±    0.00079       0.02191 ±    0.00034     4.385 ±  0.052 %    93.409 ±  0.080 %
  94       6.0994 ±    0.0472       0.01233 ±    0.00079       0.02192 ±    0.00033     4.378 ±  0.051 %    93.408 ±  0.080 %
  95       6.1338 ±    0.0472       0.01243 ±    0.00078       0.02191 ±    0.00033     4.369 ±  0.051 %    93.393 ±  0.080 %
  96       6.1767 ±    0.0474       0.01249 ±    0.00078       0.02190 ±    0.00033     4.369 ±  0.051 %    93.394 ±  0.079 %
  97       6.2300 ±    0.0477       0.01268 ±    0.00078       0.02202 ±    0.00033     4.364 ±  0.051 %    93.387 ±  0.079 %
  98       6.2242 ±    0.0474       0.01277 ±    0.00077       0.02205 ±    0.00032     4.375 ±  0.050 %    93.386 ±  0.078 %
  99       6.2325 ±    0.0472       0.01281 ±    0.00077       0.02201 ±    0.00032     4.367 ±  0.050 %    93.382 ±  0.078 %
 100       6.2410 ±    0.0471       0.01279 ±    0.00077       0.02206 ±    0.00032     4.372 ±  0.050 %    93.371 ±  0.078 %
 101       6.2163 ±    0.0466       0.01272 ±    0.00076       0.02216 ±    0.00032     4.395 ±  0.049 %    93.362 ±  0.077 %
 102       6.2199 ±    0.0464       0.01268 ±    0.00076       0.02217 ±    0.00031     4.391 ±  0.049 %    93.353 ±  0.077 %
 103       6.2192 ±    0.0462       0.01268 ±    0.00076       0.02227 ±    0.00031     4.401 ±  0.048 %    93.329 ±  0.077 %
 104       6.2187 ±    0.0459       0.01268 ±    0.00076       0.02250 ±    0.00031     4.409 ±  0.048 %    93.315 ±  0.077 %
 105       6.2112 ±    0.0456       0.01260 ±    0.00076       0.02259 ±    0.00031     4.418 ±  0.048 %    93.302 ±  0.076 %
 106       6.1943 ±    0.0453       0.01262 ±    0.00076       0.02273 ±    0.00031     4.444 ±  0.048 %    93.293 ±  0.076 %
 107       6.2070 ±    0.0452       0.01258 ±    0.00075       0.02286 ±    0.00033     4.449 ±  0.048 %    93.295 ±  0.076 %
 108       6.1997 ±    0.0449       0.01263 ±    0.00075       0.02285 ±    0.00032     4.455 ±  0.048 %    93.305 ±  0.075 %
 109       6.2051 ±    0.0447       0.01259 ±    0.00075       0.02281 ±    0.00032     4.453 ±  0.047 %    93.298 ±  0.075 %
 110       6.2044 ±    0.0446       0.01251 ±    0.00074       0.02278 ±    0.00032     4.450 ±  0.047 %    93.313 ±  0.074 %
 111       6.1897 ±    0.0442       0.01250 ±    0.00074       0.02281 ±    0.00032     4.457 ±  0.047 %    93.308 ±  0.074 %
 112       6.1760 ±    0.0439       0.01248 ±    0.00074       0.02277 ±    0.00031     4.454 ±  0.047 %    93.324 ±  0.074 %
 113       6.1533 ±    0.0435       0.01258 ±    0.00073       0.02279 ±    0.00031     4.463 ±  0.047 %    93.321 ±  0.073 %
 114       6.1819 ±    0.0436       0.01270 ±    0.00073       0.02277 ±    0.00031     4.460 ±  0.046 %    93.320 ±  0.073 %
 115       6.1867 ±    0.0434       0.01260 ±    0.00073       0.02276 ±    0.00031     4.457 ±  0.046 %    93.325 ±  0.073 %
 116       6.1963 ±    0.0433       0.01258 ±    0.00072       0.02277 ±    0.00030     4.453 ±  0.046 %    93.334 ±  0.072 %
 117       6.2061 ±    0.0432       0.01264 ±    0.00072       0.02281 ±    0.00030     4.451 ±  0.045 %    93.310 ±  0.072 %
 118       6.2034 ±    0.0430       0.01283 ±    0.00072       0.02292 ±    0.00031     4.452 ±  0.045 %    93.314 ±  0.072 %
 119       6.1859 ±    0.0427       0.01315 ±    0.00073       0.02310 ±    0.00032     4.476 ±  0.046 %    93.307 ±  0.072 %
 120       6.1937 ±    0.0426       0.01329 ±    0.00072       0.02310 ±    0.00032     4.476 ±  0.046 %    93.316 ±  0.071 %
 121       6.1906 ±    0.0424       0.01329 ±    0.00072       0.02303 ±    0.00032     4.471 ±  0.045 %    93.322 ±  0.071 %
 122       6.1854 ±    0.0422       0.01327 ±    0.00072       0.02299 ±    0.00031     4.469 ±  0.045 %    93.324 ±  0.071 %
 123       6.1761 ±    0.0420       0.01322 ±    0.00071       0.02292 ±    0.00031     4.465 ±  0.045 %    93.327 ±  0.070 %
 124       6.1719 ±    0.0418       0.01316 ±    0.00071       0.02287 ±    0.00031     4.460 ±  0.045 %    93.330 ±  0.070 %
 125       6.1874 ±    0.0418       0.01326 ±    0.00071       0.02290 ±    0.00031     4.462 ±  0.044 %    93.326 ±  0.070 %
 126       6.1825 ±    0.0416       0.01324 ±    0.00070       0.02282 ±    0.00031     4.452 ±  0.044 %    93.339 ±  0.069 %
 127       6.1935 ±    0.0415       0.01323 ±    0.00070       0.02277 ±    0.00030     4.445 ±  0.044 %    93.342 ±  0.069 %
 128       6.1826 ±    0.0413       0.01318 ±    0.00070       0.02277 ±    0.00030     4.448 ±  0.044 %    93.335 ±  0.069 %
 129       6.1808 ±    0.0411       0.01318 ±    0.00069       0.02276 ±    0.00030     4.445 ±  0.044 %    93.343 ±  0.069 %
 130       6.1709 ±    0.0408       0.01328 ±    0.00069       0.02275 ±    0.00030     4.447 ±  0.043 %    93.351 ±  0.068 %
 131       6.1768 ±    0.0407       0.01333 ±    0.00069       0.02271 ±    0.00029     4.440 ±  0.043 %    93.361 ±  0.068 %
 132       6.1782 ±    0.0406       0.01328 ±    0.00069       0.02274 ±    0.00029     4.444 ±  0.043 %    93.348 ±  0.068 %
 133       6.1877 ±    0.0405       0.01321 ±    0.00068       0.02277 ±    0.00029     4.442 ±  0.043 %    93.345 ±  0.068 %
 134       6.2008 ±    0.0405       0.01324 ±    0.00068       0.02282 ±    0.00029     4.448 ±  0.043 %    93.345 ±  0.067 %
 135       6.1968 ±    0.0403       0.01325 ±    0.00068       0.02281 ±    0.00029     4.449 ±  0.043 %    93.347 ±  0.067 %
 136       6.1764 ±    0.0400       0.01321 ±    0.00068       0.02276 ±    0.00029     4.442 ±  0.042 %    93.354 ±  0.067 %
 137       6.1461 ±    0.0396       0.01325 ±    0.00067       0.02271 ±    0.00028     4.438 ±  0.042 %    93.370 ±  0.066 %
 138       6.1544 ±    0.0395       0.01341 ±    0.00067       0.02278 ±    0.00029     4.441 ±  0.042 %    93.374 ±  0.066 %
 139       6.1694 ±    0.0395       0.01337 ±    0.00067       0.02275 ±    0.00029     4.438 ±  0.042 %    93.379 ±  0.066 %
 140       6.1955 ±    0.0396       0.01331 ±    0.00066       0.02272 ±    0.00028     4.431 ±  0.042 %    93.379 ±  0.066 %
 141       6.1824 ±    0.0393       0.01334 ±    0.00066       0.02280 ±    0.00028     4.448 ±  0.041 %    93.374 ±  0.065 %
 142       6.1843 ±    0.0392       0.01340 ±    0.00066       0.02283 ±    0.00028     4.450 ±  0.041 %    93.367 ±  0.065 %
 143       6.1849 ±    0.0391       0.01338 ±    0.00066       0.02280 ±    0.00028     4.448 ±  0.041 %    93.369 ±  0.065 %
 144       6.1967 ±    0.0390       0.01340 ±    0.00066       0.02280 ±    0.00028     4.444 ±  0.041 %    93.366 ±  0.065 %
 145       6.1897 ±    0.0389       0.01342 ±    0.00065       0.02281 ±    0.00028     4.446 ±  0.041 %    93.371 ±  0.065 %

====== Perplexity statistics ======
Mean PPL(Q)                   :   6.189666 ±   0.038859
Mean PPL(base)                :   6.107128 ±   0.038226
Cor(ln(PPL(Q)), ln(PPL(base))):  99.46%
Mean ln(PPL(Q)/PPL(base))     :   0.013424 ±   0.000654
Mean PPL(Q)/PPL(base)         :   1.013515 ±   0.000663
Mean PPL(Q)-PPL(base)         :   0.082538 ±   0.004068

====== KL divergence statistics ======
Mean    KLD:   0.022813 ±   0.000277
Maximum KLD:  21.582071
99.9%   KLD:   0.736062
99.0%   KLD:   0.190382
95.0%   KLD:   0.074529
90.0%   KLD:   0.048377
Median  KLD:   0.010171
10.0%   KLD:   0.000230
 5.0%   KLD:   0.000063
 1.0%   KLD:   0.000008
 0.1%   KLD:   0.000000
Minimum KLD:  -0.000022

====== Token probability statistics ======
Mean    Δp: -0.293 ± 0.012 %
Maximum Δp: 99.905%
99.9%   Δp: 28.310%
99.0%   Δp: 12.096%
95.0%   Δp:  5.215%
90.0%   Δp:  2.865%
75.0%   Δp:  0.489%
Median  Δp: -0.009%
25.0%   Δp: -0.922%
10.0%   Δp: -3.805%
 5.0%   Δp: -6.426%
 1.0%   Δp: -14.289%
 0.1%   Δp: -34.046%
Minimum Δp: -98.236%
RMS Δp    :  4.446 ± 0.041 %
Same top p: 93.371 ± 0.065 %

------------------------------
llama-perplexity --kl-divergence-base /tmp/logits.dat --ctx-size 2048 -f sample-data/wiki.test.raw -hf byteshape/Qwen3.6-35B-A3B-MTP-GGUF:Qwen3.6-35B-A3B-IQ4_XS-3.97bpw -fa on -ngl 99 --cpu-moe -ctk turbo2 -ctv f16 --kl-divergence
0.00.482.380 I common_init_result: fitting params to device memory ...
0.00.482.383 I common_init_result: (for bugs during this step try to reproduce them with -fit off, or provide --verbose logs if the bug only occurs with -fit on)
0.02.846.653 W llama_model_loader: tensor overrides to CPU are used with mmap enabled - consider using --no-mmap for better performance
0.04.926.295 W llama_context: n_ctx_seq (2048) < n_ctx_train (262144) -- the full capacity of the model will not be utilized
0.04.957.833 I common_init_from_params: warming up the model with an empty run - please wait ... (--no-warmup to disable)
0.05.065.810 I 
0.05.065.886 I system_info: n_threads = 16 (n_threads_batch = 16) / 32 | CUDA : ARCHS = 500,610,700,750,800,860,890,900 | USE_GRAPHS = 1 | PEER_MAX_BATCH_SIZE = 128 | CPU : SSE3 = 1 | SSSE3 = 1 | AVX = 1 | AVX2 = 1 | F16C = 1 | FMA = 1 | BMI2 = 1 | LLAMAFILE = 1 | OPENMP = 1 | REPACK = 1 | 
0.05.295.424 I kl_divergence: computing over 145 chunks, n_ctx=2048, batch_size=2048, n_seq=1
0.12.299.893 I kl_divergence: 7.00 seconds per pass - ETA 16.92 minutes

chunk             PPL               ln(PPL(Q)/PPL(base))          KL Divergence              Δp RMS            Same top p
   1       4.8394 ±    0.3468       0.01727 ±    0.00955       0.02827 ±    0.00215     5.618 ±  0.447 %    93.744 ±  0.758 %
   2       6.0831 ±    0.3218       0.01708 ±    0.00696       0.02946 ±    0.00176     5.089 ±  0.296 %    92.326 ±  0.589 %
   3       6.4285 ±    0.2796       0.01619 ±    0.00571       0.02958 ±    0.00164     5.391 ±  0.365 %    92.278 ±  0.482 %
   4       6.4358 ±    0.2441       0.01246 ±    0.00484       0.02873 ±    0.00142     5.158 ±  0.293 %    92.766 ±  0.405 %
   5       6.3545 ±    0.2179       0.01379 ±    0.00423       0.02752 ±    0.00116     4.975 ±  0.246 %    93.333 ±  0.349 %
   6       5.5018 ±    0.1673       0.01381 ±    0.00388       0.02938 ±    0.00140     5.273 ±  0.228 %    93.500 ±  0.315 %
   7       5.0079 ±    0.1371       0.01422 ±    0.00361       0.02942 ±    0.00132     5.363 ±  0.213 %    93.660 ±  0.288 %
   8       5.0161 ±    0.1283       0.01356 ±    0.00347       0.03032 ±    0.00118     5.447 ±  0.193 %    93.475 ±  0.273 %
   9       5.2927 ±    0.1286       0.01522 ±    0.00328       0.03172 ±    0.00111     5.439 ±  0.186 %    93.136 ±  0.264 %
  10       5.4221 ±    0.1265       0.01517 ±    0.00306       0.03101 ±    0.00101     5.379 ±  0.172 %    93.138 ±  0.250 %
  11       5.5207 ±    0.1229       0.01575 ±    0.00286       0.03000 ±    0.00092     5.250 ±  0.161 %    93.148 ±  0.238 %
  12       5.7536 ±    0.1240       0.01478 ±    0.00269       0.02962 ±    0.00085     5.159 ±  0.152 %    92.978 ±  0.231 %
  13       5.8161 ±    0.1205       0.01516 ±    0.00259       0.02988 ±    0.00080     5.150 ±  0.142 %    92.977 ±  0.222 %
  14       5.9111 ±    0.1183       0.01472 ±    0.00256       0.03047 ±    0.00077     5.125 ±  0.134 %    92.801 ±  0.216 %
  15       5.9839 ±    0.1161       0.01435 ±    0.00250       0.03082 ±    0.00073     5.143 ±  0.128 %    92.721 ±  0.210 %
  16       6.1648 ±    0.1165       0.01445 ±    0.00241       0.03074 ±    0.00069     5.102 ±  0.122 %    92.632 ±  0.204 %
  17       6.2252 ±    0.1139       0.01405 ±    0.00232       0.03065 ±    0.00065     5.107 ±  0.116 %    92.605 ±  0.198 %
  18       6.3273 ±    0.1128       0.01382 ±    0.00224       0.03040 ±    0.00062     5.044 ±  0.112 %    92.620 ±  0.193 %
  19       6.2761 ±    0.1091       0.01406 ±    0.00215       0.02983 ±    0.00059     4.994 ±  0.107 %    92.710 ±  0.186 %
  20       6.0071 ±    0.1012       0.01603 ±    0.00217       0.03237 ±    0.00097     5.365 ±  0.124 %    92.737 ±  0.181 %
  21       6.0241 ±    0.0989       0.01542 ±    0.00212       0.03244 ±    0.00093     5.326 ±  0.119 %    92.715 ±  0.177 %
  22       6.0561 ±    0.0973       0.01543 ±    0.00206       0.03247 ±    0.00089     5.332 ±  0.116 %    92.722 ±  0.173 %
  23       6.1119 ±    0.0962       0.01588 ±    0.00201       0.03242 ±    0.00085     5.319 ±  0.114 %    92.643 ±  0.170 %
  24       6.1295 ±    0.0943       0.01634 ±    0.00197       0.03241 ±    0.00082     5.316 ±  0.110 %    92.616 ±  0.167 %
  25       6.1794 ±    0.0934       0.01654 ±    0.00192       0.03222 ±    0.00079     5.275 ±  0.107 %    92.626 ±  0.163 %
  26       6.1663 ±    0.0914       0.01706 ±    0.00188       0.03211 ±    0.00077     5.273 ±  0.104 %    92.624 ±  0.160 %
  27       6.3127 ±    0.0922       0.01714 ±    0.00183       0.03193 ±    0.00074     5.229 ±  0.101 %    92.574 ±  0.158 %
  28       6.3954 ±    0.0921       0.01723 ±    0.00179       0.03185 ±    0.00072     5.208 ±  0.099 %    92.564 ±  0.155 %
  29       6.3633 ±    0.0901       0.01728 ±    0.00176       0.03178 ±    0.00069     5.216 ±  0.096 %    92.571 ±  0.152 %
  30       6.3381 ±    0.0881       0.01857 ±    0.00174       0.03206 ±    0.00069     5.264 ±  0.099 %    92.603 ±  0.149 %
  31       6.2587 ±    0.0853       0.01853 ±    0.00170       0.03189 ±    0.00067     5.246 ±  0.096 %    92.612 ±  0.147 %
  32       6.1503 ±    0.0824       0.01778 ±    0.00167       0.03173 ±    0.00066     5.246 ±  0.095 %    92.635 ±  0.144 %
  33       6.1123 ±    0.0805       0.01741 ±    0.00168       0.03259 ±    0.00095     5.285 ±  0.099 %    92.624 ±  0.142 %
  34       6.1104 ±    0.0791       0.01745 ±    0.00165       0.03240 ±    0.00092     5.257 ±  0.097 %    92.637 ±  0.140 %
  35       6.1262 ±    0.0783       0.01726 ±    0.00162       0.03263 ±    0.00091     5.263 ±  0.096 %    92.630 ±  0.138 %
  36       6.1415 ±    0.0775       0.01676 ±    0.00159       0.03252 ±    0.00088     5.243 ±  0.094 %    92.669 ±  0.136 %
  37       6.0523 ±    0.0750       0.01658 ±    0.00156       0.03213 ±    0.00086     5.225 ±  0.092 %    92.682 ±  0.134 %
  38       5.9872 ±    0.0729       0.01646 ±    0.00153       0.03179 ±    0.00084     5.204 ±  0.090 %    92.692 ±  0.132 %
  39       5.9159 ±    0.0709       0.01652 ±    0.00151       0.03171 ±    0.00082     5.219 ±  0.091 %    92.706 ±  0.130 %
  40       5.8386 ±    0.0688       0.01675 ±    0.00149       0.03149 ±    0.00080     5.207 ±  0.089 %    92.715 ±  0.128 %
  41       5.7931 ±    0.0672       0.01669 ±    0.00147       0.03136 ±    0.00079     5.218 ±  0.088 %    92.697 ±  0.127 %
  42       5.8285 ±    0.0669       0.01676 ±    0.00145       0.03129 ±    0.00077     5.223 ±  0.089 %    92.713 ±  0.125 %
  43       5.9626 ±    0.0682       0.01668 ±    0.00143       0.03154 ±    0.00078     5.240 ±  0.091 %    92.687 ±  0.124 %
  44       6.0698 ±    0.0690       0.01653 ±    0.00142       0.03151 ±    0.00077     5.214 ±  0.089 %    92.653 ±  0.123 %
  45       6.0439 ±    0.0679       0.01626 ±    0.00141       0.03183 ±    0.00075     5.243 ±  0.088 %    92.603 ±  0.122 %
  46       6.0612 ±    0.0673       0.01644 ±    0.00140       0.03193 ±    0.00074     5.242 ±  0.086 %    92.564 ±  0.121 %
  47       6.0917 ±    0.0670       0.01651 ±    0.00138       0.03188 ±    0.00073     5.240 ±  0.086 %    92.575 ±  0.120 %
  48       6.1069 ±    0.0665       0.01679 ±    0.00137       0.03213 ±    0.00072     5.269 ±  0.085 %    92.544 ±  0.119 %
  49       6.1528 ±    0.0664       0.01681 ±    0.00136       0.03234 ±    0.00070     5.284 ±  0.084 %    92.503 ±  0.118 %
  50       6.1305 ±    0.0654       0.01717 ±    0.00135       0.03235 ±    0.00069     5.287 ±  0.083 %    92.504 ±  0.116 %
  51       6.1683 ±    0.0652       0.01727 ±    0.00133       0.03210 ±    0.00068     5.263 ±  0.081 %    92.511 ±  0.115 %
  52       6.1209 ±    0.0640       0.01712 ±    0.00132       0.03190 ±    0.00067     5.244 ±  0.080 %    92.541 ±  0.114 %
  53       6.1058 ±    0.0631       0.01742 ±    0.00130       0.03189 ±    0.00066     5.240 ±  0.079 %    92.516 ±  0.113 %
  54       6.0874 ±    0.0623       0.01751 ±    0.00129       0.03185 ±    0.00065     5.258 ±  0.081 %    92.531 ±  0.112 %
  55       6.0484 ±    0.0612       0.01776 ±    0.00127       0.03178 ±    0.00064     5.251 ±  0.080 %    92.560 ±  0.111 %
  56       6.0379 ±    0.0605       0.01827 ±    0.00127       0.03193 ±    0.00063     5.283 ±  0.080 %    92.545 ±  0.110 %
  57       5.9860 ±    0.0593       0.01818 ±    0.00126       0.03184 ±    0.00062     5.279 ±  0.079 %    92.528 ±  0.109 %
  58       5.9765 ±    0.0587       0.01832 ±    0.00125       0.03186 ±    0.00061     5.274 ±  0.078 %    92.530 ±  0.108 %
  59       5.9534 ±    0.0579       0.01855 ±    0.00124       0.03212 ±    0.00061     5.298 ±  0.076 %    92.544 ±  0.107 %
  60       5.9510 ±    0.0574       0.01858 ±    0.00123       0.03199 ±    0.00060     5.294 ±  0.076 %    92.550 ±  0.106 %
  61       5.9702 ±    0.0572       0.01852 ±    0.00122       0.03197 ±    0.00059     5.286 ±  0.075 %    92.564 ±  0.105 %
  62       6.0037 ±    0.0571       0.01850 ±    0.00121       0.03194 ±    0.00058     5.269 ±  0.074 %    92.535 ±  0.104 %
  63       6.0421 ±    0.0571       0.01857 ±    0.00120       0.03198 ±    0.00057     5.263 ±  0.073 %    92.526 ±  0.104 %
  64       6.0759 ±    0.0571       0.01859 ±    0.00118       0.03188 ±    0.00056     5.242 ±  0.072 %    92.540 ±  0.103 %
  65       6.0279 ±    0.0561       0.01843 ±    0.00117       0.03178 ±    0.00056     5.241 ±  0.071 %    92.572 ±  0.102 %
  66       6.0527 ±    0.0560       0.01880 ±    0.00116       0.03183 ±    0.00055     5.239 ±  0.070 %    92.568 ±  0.101 %
  67       6.0417 ±    0.0554       0.01851 ±    0.00116       0.03171 ±    0.00054     5.226 ±  0.070 %    92.571 ±  0.100 %
  68       6.0244 ±    0.0548       0.01867 ±    0.00115       0.03176 ±    0.00053     5.225 ±  0.069 %    92.564 ±  0.099 %
  69       6.0170 ±    0.0543       0.01844 ±    0.00114       0.03172 ±    0.00053     5.232 ±  0.069 %    92.545 ±  0.099 %
  70       6.0127 ±    0.0539       0.01856 ±    0.00113       0.03166 ±    0.00052     5.228 ±  0.068 %    92.554 ±  0.098 %
  71       5.9891 ±    0.0532       0.01851 ±    0.00112       0.03182 ±    0.00052     5.240 ±  0.067 %    92.536 ±  0.098 %
  72       5.9903 ±    0.0529       0.01837 ±    0.00112       0.03189 ±    0.00052     5.248 ±  0.067 %    92.529 ±  0.097 %
  73       6.0172 ±    0.0528       0.01840 ±    0.00111       0.03198 ±    0.00051     5.242 ±  0.067 %    92.508 ±  0.096 %
  74       6.0452 ±    0.0528       0.01830 ±    0.00110       0.03194 ±    0.00050     5.232 ±  0.066 %    92.517 ±  0.096 %
  75       6.0338 ±    0.0523       0.01834 ±    0.00109       0.03181 ±    0.00050     5.223 ±  0.066 %    92.536 ±  0.095 %
  76       6.0564 ±    0.0521       0.01830 ±    0.00108       0.03176 ±    0.00049     5.215 ±  0.065 %    92.519 ±  0.094 %
  77       6.0526 ±    0.0517       0.01843 ±    0.00108       0.03174 ±    0.00049     5.213 ±  0.065 %    92.520 ±  0.094 %
  78       6.0457 ±    0.0512       0.01861 ±    0.00107       0.03174 ±    0.00048     5.214 ±  0.064 %    92.499 ±  0.093 %
  79       6.0727 ±    0.0512       0.01850 ±    0.00106       0.03166 ±    0.00048     5.197 ±  0.063 %    92.499 ±  0.093 %
  80       6.0315 ±    0.0505       0.01829 ±    0.00106       0.03198 ±    0.00047     5.259 ±  0.063 %    92.477 ±  0.092 %
  81       6.0407 ±    0.0503       0.01827 ±    0.00106       0.03225 ±    0.00047     5.276 ±  0.062 %    92.439 ±  0.092 %
  82       6.0140 ±    0.0497       0.01813 ±    0.00105       0.03227 ±    0.00046     5.280 ±  0.062 %    92.445 ±  0.091 %
  83       6.0076 ±    0.0493       0.01814 ±    0.00104       0.03226 ±    0.00046     5.287 ±  0.061 %    92.438 ±  0.091 %
  84       5.9912 ±    0.0489       0.01826 ±    0.00104       0.03222 ±    0.00046     5.288 ±  0.061 %    92.430 ±  0.090 %
  85       5.9749 ±    0.0484       0.01816 ±    0.00103       0.03220 ±    0.00045     5.297 ±  0.061 %    92.449 ±  0.090 %
  86       5.9881 ±    0.0483       0.01797 ±    0.00102       0.03214 ±    0.00045     5.287 ±  0.061 %    92.462 ±  0.089 %
  87       5.9685 ±    0.0478       0.01785 ±    0.00102       0.03205 ±    0.00044     5.279 ±  0.060 %    92.452 ±  0.089 %
  88       5.9638 ±    0.0474       0.01798 ±    0.00101       0.03197 ±    0.00044     5.277 ±  0.060 %    92.442 ±  0.088 %
  89       5.9824 ±    0.0474       0.01782 ±    0.00100       0.03203 ±    0.00044     5.285 ±  0.060 %    92.430 ±  0.088 %
  90       5.9905 ±    0.0472       0.01797 ±    0.00100       0.03200 ±    0.00043     5.280 ±  0.060 %    92.424 ±  0.087 %
  91       6.0414 ±    0.0474       0.01826 ±    0.00100       0.03213 ±    0.00043     5.280 ±  0.059 %    92.387 ±  0.087 %
  92       6.0814 ±    0.0476       0.01838 ±    0.00099       0.03215 ±    0.00043     5.271 ±  0.059 %    92.363 ±  0.087 %
  93       6.1119 ±    0.0476       0.01837 ±    0.00099       0.03211 ±    0.00042     5.259 ±  0.058 %    92.348 ±  0.086 %
  94       6.1381 ±    0.0476       0.01866 ±    0.00098       0.03210 ±    0.00042     5.249 ±  0.058 %    92.338 ±  0.086 %
  95       6.1736 ±    0.0477       0.01890 ±    0.00098       0.03204 ±    0.00041     5.234 ±  0.058 %    92.326 ±  0.085 %
  96       6.2172 ±    0.0479       0.01901 ±    0.00097       0.03199 ±    0.00041     5.221 ±  0.057 %    92.323 ±  0.085 %
  97       6.2710 ±    0.0482       0.01924 ±    0.00097       0.03216 ±    0.00041     5.216 ±  0.057 %    92.305 ±  0.085 %
  98       6.2647 ±    0.0479       0.01925 ±    0.00097       0.03215 ±    0.00041     5.217 ±  0.056 %    92.319 ±  0.084 %
  99       6.2728 ±    0.0477       0.01926 ±    0.00096       0.03208 ±    0.00040     5.204 ±  0.056 %    92.309 ±  0.084 %
 100       6.2821 ±    0.0475       0.01936 ±    0.00096       0.03225 ±    0.00040     5.211 ±  0.056 %    92.304 ±  0.083 %
 101       6.2566 ±    0.0471       0.01918 ±    0.00095       0.03238 ±    0.00040     5.236 ±  0.055 %    92.281 ±  0.083 %
 102       6.2597 ±    0.0469       0.01905 ±    0.00095       0.03241 ±    0.00040     5.232 ±  0.055 %    92.271 ±  0.083 %
 103       6.2583 ±    0.0466       0.01894 ±    0.00095       0.03249 ±    0.00039     5.239 ±  0.054 %    92.245 ±  0.082 %
 104       6.2578 ±    0.0463       0.01894 ±    0.00095       0.03288 ±    0.00040     5.263 ±  0.054 %    92.224 ±  0.082 %
 105       6.2513 ±    0.0461       0.01903 ±    0.00094       0.03296 ±    0.00039     5.266 ±  0.054 %    92.229 ±  0.082 %
 106       6.2345 ±    0.0457       0.01910 ±    0.00094       0.03314 ±    0.00039     5.294 ±  0.054 %    92.219 ±  0.081 %
 107       6.2477 ±    0.0456       0.01911 ±    0.00094       0.03318 ±    0.00039     5.299 ±  0.054 %    92.236 ±  0.081 %
 108       6.2398 ±    0.0453       0.01907 ±    0.00093       0.03311 ±    0.00039     5.298 ±  0.053 %    92.259 ±  0.080 %
 109       6.2448 ±    0.0452       0.01898 ±    0.00092       0.03302 ±    0.00039     5.297 ±  0.053 %    92.274 ±  0.080 %
 110       6.2440 ±    0.0450       0.01887 ±    0.00092       0.03297 ±    0.00038     5.289 ±  0.053 %    92.289 ±  0.080 %
 111       6.2289 ±    0.0446       0.01881 ±    0.00092       0.03314 ±    0.00040     5.292 ±  0.053 %    92.285 ±  0.079 %
 112       6.2149 ±    0.0443       0.01876 ±    0.00091       0.03304 ±    0.00040     5.283 ±  0.052 %    92.302 ±  0.079 %
 113       6.1919 ±    0.0439       0.01883 ±    0.00091       0.03307 ±    0.00040     5.293 ±  0.052 %    92.300 ±  0.078 %
 114       6.2197 ±    0.0440       0.01880 ±    0.00090       0.03310 ±    0.00039     5.298 ±  0.052 %    92.302 ±  0.078 %
 115       6.2238 ±    0.0438       0.01859 ±    0.00090       0.03311 ±    0.00039     5.296 ±  0.052 %    92.303 ±  0.078 %
 116       6.2335 ±    0.0437       0.01856 ±    0.00089       0.03315 ±    0.00039     5.300 ±  0.052 %    92.302 ±  0.077 %
 117       6.2421 ±    0.0436       0.01844 ±    0.00089       0.03322 ±    0.00039     5.297 ±  0.051 %    92.282 ±  0.077 %
 118       6.2398 ±    0.0434       0.01869 ±    0.00090       0.03350 ±    0.00040     5.323 ±  0.052 %    92.275 ±  0.077 %
 119       6.2210 ±    0.0431       0.01880 ±    0.00089       0.03365 ±    0.00041     5.344 ±  0.052 %    92.267 ±  0.077 %
 120       6.2275 ±    0.0430       0.01873 ±    0.00089       0.03360 ±    0.00040     5.340 ±  0.052 %    92.263 ±  0.076 %
 121       6.2245 ±    0.0428       0.01875 ±    0.00089       0.03352 ±    0.00040     5.335 ±  0.052 %    92.274 ±  0.076 %
 122       6.2192 ±    0.0425       0.01872 ±    0.00088       0.03345 ±    0.00040     5.329 ±  0.051 %    92.278 ±  0.076 %
 123       6.2097 ±    0.0423       0.01865 ±    0.00088       0.03335 ±    0.00039     5.325 ±  0.051 %    92.293 ±  0.075 %
 124       6.2061 ±    0.0421       0.01870 ±    0.00087       0.03328 ±    0.00039     5.325 ±  0.051 %    92.309 ±  0.075 %
 125       6.2217 ±    0.0421       0.01879 ±    0.00087       0.03331 ±    0.00039     5.322 ±  0.051 %    92.300 ±  0.075 %
 126       6.2175 ±    0.0419       0.01889 ±    0.00086       0.03320 ±    0.00039     5.314 ±  0.051 %    92.321 ±  0.074 %
 127       6.2287 ±    0.0418       0.01890 ±    0.00086       0.03311 ±    0.00038     5.302 ±  0.050 %    92.325 ±  0.074 %
 128       6.2182 ±    0.0416       0.01892 ±    0.00086       0.03317 ±    0.00038     5.313 ±  0.050 %    92.298 ±  0.074 %
 129       6.2168 ±    0.0414       0.01898 ±    0.00085       0.03316 ±    0.00038     5.310 ±  0.050 %    92.303 ±  0.073 %
 130       6.2057 ±    0.0412       0.01891 ±    0.00085       0.03313 ±    0.00038     5.306 ±  0.050 %    92.310 ±  0.073 %
 131       6.2116 ±    0.0411       0.01894 ±    0.00085       0.03306 ±    0.00037     5.295 ±  0.049 %    92.317 ±  0.073 %
 132       6.2127 ±    0.0409       0.01884 ±    0.00084       0.03312 ±    0.00037     5.295 ±  0.049 %    92.311 ±  0.073 %
 133       6.2236 ±    0.0409       0.01900 ±    0.00084       0.03319 ±    0.00037     5.301 ±  0.049 %    92.300 ±  0.072 %
 134       6.2358 ±    0.0408       0.01887 ±    0.00084       0.03326 ±    0.00037     5.314 ±  0.049 %    92.295 ±  0.072 %
 135       6.2318 ±    0.0406       0.01888 ±    0.00084       0.03326 ±    0.00037     5.317 ±  0.049 %    92.289 ±  0.072 %
 136       6.2112 ±    0.0403       0.01883 ±    0.00083       0.03320 ±    0.00036     5.313 ±  0.049 %    92.299 ±  0.071 %
 137       6.1802 ±    0.0399       0.01877 ±    0.00083       0.03314 ±    0.00036     5.310 ±  0.048 %    92.310 ±  0.071 %
 138       6.1883 ±    0.0399       0.01891 ±    0.00083       0.03322 ±    0.00036     5.308 ±  0.048 %    92.306 ±  0.071 %
 139       6.2034 ±    0.0398       0.01887 ±    0.00082       0.03317 ±    0.00036     5.302 ±  0.048 %    92.304 ±  0.071 %
 140       6.2297 ±    0.0399       0.01881 ±    0.00082       0.03311 ±    0.00036     5.291 ±  0.048 %    92.306 ±  0.070 %
 141       6.2174 ±    0.0397       0.01900 ±    0.00082       0.03321 ±    0.00036     5.312 ±  0.048 %    92.306 ±  0.070 %
 142       6.2185 ±    0.0395       0.01892 ±    0.00081       0.03317 ±    0.00035     5.307 ±  0.047 %    92.318 ±  0.070 %
 143       6.2195 ±    0.0394       0.01896 ±    0.00081       0.03309 ±    0.00035     5.299 ±  0.047 %    92.324 ±  0.070 %
 144       6.2308 ±    0.0393       0.01888 ±    0.00081       0.03313 ±    0.00035     5.299 ±  0.047 %    92.306 ±  0.069 %
 145       6.2245 ±    0.0392       0.01903 ±    0.00080       0.03315 ±    0.00035     5.303 ±  0.047 %    92.319 ±  0.069 %

====== Perplexity statistics ======
Mean PPL(Q)                   :   6.224490 ±   0.039179
Mean PPL(base)                :   6.107128 ±   0.038226
Cor(ln(PPL(Q)), ln(PPL(base))):  99.18%
Mean ln(PPL(Q)/PPL(base))     :   0.019035 ±   0.000804
Mean PPL(Q)/PPL(base)         :   1.019217 ±   0.000820
Mean PPL(Q)-PPL(base)         :   0.117362 ±   0.005046

====== KL divergence statistics ======
Mean    KLD:   0.033147 ±   0.000349
Maximum KLD:  22.117853
99.9%   KLD:   1.236767
99.0%   KLD:   0.308916
95.0%   KLD:   0.116992
90.0%   KLD:   0.072772
Median  KLD:   0.012090
10.0%   KLD:   0.000198
 5.0%   KLD:   0.000051
 1.0%   KLD:   0.000005
 0.1%   KLD:  -0.000000
Minimum KLD:  -0.000072

====== Token probability statistics ======
Mean    Δp: -0.335 ± 0.014 %
Maximum Δp: 99.977%
99.9%   Δp: 33.550%
99.0%   Δp: 14.259%
95.0%   Δp:  5.858%
90.0%   Δp:  3.178%
75.0%   Δp:  0.556%
Median  Δp: -0.006%
25.0%   Δp: -0.948%
10.0%   Δp: -4.108%
 5.0%   Δp: -7.275%
 1.0%   Δp: -17.719%
 0.1%   Δp: -42.768%
Minimum Δp: -99.402%
RMS Δp    :  5.303 ± 0.047 %
Same top p: 92.319 ± 0.069 %

------------------------------
llama-perplexity --kl-divergence-base /tmp/logits.dat --ctx-size 2048 -f sample-data/wiki.test.raw -hf byteshape/Qwen3.6-35B-A3B-MTP-GGUF:Qwen3.6-35B-A3B-IQ4_XS-3.97bpw -fa on -ngl 99 --cpu-moe -ctk turbo2 -ctv q8_0 --kl-divergence
0.00.485.338 I common_init_result: fitting params to device memory ...
0.00.485.342 I common_init_result: (for bugs during this step try to reproduce them with -fit off, or provide --verbose logs if the bug only occurs with -fit on)
0.02.885.845 W llama_model_loader: tensor overrides to CPU are used with mmap enabled - consider using --no-mmap for better performance
0.04.950.321 W llama_context: n_ctx_seq (2048) < n_ctx_train (262144) -- the full capacity of the model will not be utilized
0.04.980.598 I common_init_from_params: warming up the model with an empty run - please wait ... (--no-warmup to disable)
0.05.082.432 I 
0.05.082.509 I system_info: n_threads = 16 (n_threads_batch = 16) / 32 | CUDA : ARCHS = 500,610,700,750,800,860,890,900 | USE_GRAPHS = 1 | PEER_MAX_BATCH_SIZE = 128 | CPU : SSE3 = 1 | SSSE3 = 1 | AVX = 1 | AVX2 = 1 | F16C = 1 | FMA = 1 | BMI2 = 1 | LLAMAFILE = 1 | OPENMP = 1 | REPACK = 1 | 
0.05.316.423 I kl_divergence: computing over 145 chunks, n_ctx=2048, batch_size=2048, n_seq=1
0.12.361.211 I kl_divergence: 7.04 seconds per pass - ETA 17.02 minutes

chunk             PPL               ln(PPL(Q)/PPL(base))          KL Divergence              Δp RMS            Same top p
   1       4.8784 ±    0.3531       0.02530 ±    0.00918       0.02976 ±    0.00217     5.918 ±  0.458 %    92.473 ±  0.825 %
   2       6.1324 ±    0.3259       0.02516 ±    0.00693       0.03070 ±    0.00219     5.115 ±  0.288 %    91.984 ±  0.600 %
   3       6.4779 ±    0.2834       0.02384 ±    0.00534       0.02946 ±    0.00177     5.357 ±  0.359 %    92.147 ±  0.486 %
   4       6.4517 ±    0.2454       0.01492 ±    0.00465       0.02874 ±    0.00157     5.178 ±  0.289 %    92.351 ±  0.416 %
   5       6.3593 ±    0.2184       0.01454 ±    0.00402       0.02770 ±    0.00128     4.972 ±  0.243 %    92.786 ±  0.362 %
   6       5.5058 ±    0.1675       0.01454 ±    0.00372       0.02884 ±    0.00148     5.195 ±  0.219 %    93.076 ±  0.324 %
   7       5.0079 ±    0.1370       0.01423 ±    0.00345       0.02903 ±    0.00140     5.273 ±  0.206 %    93.311 ±  0.295 %
   8       5.0228 ±    0.1286       0.01490 ±    0.00334       0.03051 ±    0.00128     5.599 ±  0.207 %    93.145 ±  0.279 %
   9       5.2945 ±    0.1287       0.01556 ±    0.00316       0.03175 ±    0.00118     5.563 ±  0.193 %    92.810 ±  0.269 %
  10       5.4263 ±    0.1267       0.01595 ±    0.00297       0.03132 ±    0.00107     5.554 ±  0.178 %    92.962 ±  0.253 %
  11       5.5213 ±    0.1229       0.01586 ±    0.00279       0.03048 ±    0.00099     5.429 ±  0.167 %    93.060 ±  0.240 %
  12       5.7563 ±    0.1240       0.01524 ±    0.00264       0.03010 ±    0.00091     5.323 ±  0.157 %    92.897 ±  0.232 %
  13       5.8186 ±    0.1205       0.01558 ±    0.00254       0.03043 ±    0.00086     5.311 ±  0.148 %    92.932 ±  0.222 %
  14       5.9190 ±    0.1185       0.01605 ±    0.00251       0.03104 ±    0.00082     5.267 ±  0.140 %    92.773 ±  0.216 %
  15       5.9927 ±    0.1163       0.01582 ±    0.00243       0.03130 ±    0.00078     5.262 ±  0.132 %    92.727 ±  0.210 %
  16       6.1743 ±    0.1166       0.01598 ±    0.00236       0.03114 ±    0.00073     5.202 ±  0.126 %    92.669 ±  0.204 %
  17       6.2352 ±    0.1141       0.01566 ±    0.00228       0.03102 ±    0.00070     5.197 ±  0.120 %    92.617 ±  0.198 %
  18       6.3385 ±    0.1130       0.01557 ±    0.00222       0.03091 ±    0.00067     5.168 ±  0.118 %    92.636 ±  0.192 %
  19       6.2863 ±    0.1094       0.01568 ±    0.00213       0.03031 ±    0.00064     5.120 ±  0.113 %    92.766 ±  0.186 %
  20       6.0113 ±    0.1013       0.01672 ±    0.00211       0.03230 ±    0.00091     5.460 ±  0.126 %    92.791 ±  0.181 %
  21       6.0274 ±    0.0990       0.01595 ±    0.00206       0.03242 ±    0.00087     5.425 ±  0.121 %    92.762 ±  0.177 %
  22       6.0618 ±    0.0974       0.01637 ±    0.00201       0.03255 ±    0.00084     5.425 ±  0.117 %    92.766 ±  0.173 %
  23       6.1164 ±    0.0962       0.01662 ±    0.00197       0.03245 ±    0.00080     5.383 ±  0.114 %    92.737 ±  0.169 %
  24       6.1327 ±    0.0943       0.01686 ±    0.00192       0.03244 ±    0.00077     5.388 ±  0.110 %    92.730 ±  0.166 %
  25       6.1831 ±    0.0934       0.01714 ±    0.00187       0.03220 ±    0.00074     5.337 ±  0.107 %    92.712 ±  0.163 %
  26       6.1709 ±    0.0914       0.01780 ±    0.00183       0.03203 ±    0.00072     5.326 ±  0.104 %    92.755 ±  0.159 %
  27       6.3152 ±    0.0922       0.01753 ±    0.00179       0.03184 ±    0.00069     5.276 ±  0.102 %    92.698 ±  0.157 %
  28       6.4004 ±    0.0922       0.01801 ±    0.00175       0.03188 ±    0.00068     5.268 ±  0.100 %    92.704 ±  0.154 %
  29       6.3715 ±    0.0902       0.01856 ±    0.00173       0.03191 ±    0.00066     5.303 ±  0.098 %    92.706 ±  0.151 %
  30       6.3453 ±    0.0882       0.01971 ±    0.00172       0.03210 ±    0.00066     5.318 ±  0.100 %    92.711 ±  0.148 %
  31       6.2672 ±    0.0855       0.01989 ±    0.00168       0.03193 ±    0.00064     5.296 ±  0.097 %    92.697 ±  0.146 %
  32       6.1587 ±    0.0825       0.01914 ±    0.00166       0.03180 ±    0.00063     5.309 ±  0.098 %    92.748 ±  0.143 %
  33       6.1224 ±    0.0806       0.01906 ±    0.00166       0.03256 ±    0.00086     5.339 ±  0.100 %    92.704 ±  0.142 %
  34       6.1197 ±    0.0793       0.01897 ±    0.00163       0.03240 ±    0.00084     5.315 ±  0.098 %    92.651 ±  0.140 %
  35       6.1346 ±    0.0784       0.01863 ±    0.00161       0.03251 ±    0.00082     5.315 ±  0.096 %    92.671 ±  0.138 %
  36       6.1498 ±    0.0776       0.01813 ±    0.00158       0.03236 ±    0.00080     5.293 ±  0.094 %    92.701 ±  0.136 %
  37       6.0605 ±    0.0751       0.01794 ±    0.00154       0.03196 ±    0.00078     5.263 ±  0.093 %    92.753 ±  0.133 %
  38       5.9947 ±    0.0730       0.01770 ±    0.00151       0.03163 ±    0.00076     5.249 ±  0.091 %    92.782 ±  0.131 %
  39       5.9230 ±    0.0710       0.01772 ±    0.00149       0.03156 ±    0.00075     5.269 ±  0.092 %    92.791 ±  0.129 %
  40       5.8453 ±    0.0689       0.01790 ±    0.00147       0.03135 ±    0.00073     5.264 ±  0.090 %    92.791 ±  0.128 %
  41       5.7992 ±    0.0673       0.01775 ±    0.00145       0.03125 ±    0.00072     5.279 ±  0.089 %    92.771 ±  0.126 %
  42       5.8340 ±    0.0670       0.01770 ±    0.00143       0.03110 ±    0.00070     5.248 ±  0.088 %    92.785 ±  0.125 %
  43       5.9690 ±    0.0683       0.01775 ±    0.00142       0.03147 ±    0.00073     5.269 ±  0.090 %    92.753 ±  0.124 %
  44       6.0767 ±    0.0691       0.01767 ±    0.00140       0.03139 ±    0.00071     5.239 ±  0.089 %    92.720 ±  0.122 %
  45       6.0510 ±    0.0680       0.01744 ±    0.00140       0.03173 ±    0.00070     5.264 ±  0.087 %    92.675 ±  0.121 %
  46       6.0685 ±    0.0675       0.01764 ±    0.00139       0.03185 ±    0.00069     5.267 ±  0.085 %    92.662 ±  0.120 %
  47       6.0988 ±    0.0671       0.01768 ±    0.00137       0.03182 ±    0.00068     5.269 ±  0.085 %    92.669 ±  0.119 %
  48       6.1136 ±    0.0665       0.01789 ±    0.00136       0.03202 ±    0.00067     5.287 ±  0.085 %    92.644 ±  0.118 %
  49       6.1588 ±    0.0664       0.01779 ±    0.00135       0.03225 ±    0.00066     5.309 ±  0.084 %    92.629 ±  0.117 %
  50       6.1361 ±    0.0655       0.01809 ±    0.00133       0.03225 ±    0.00065     5.309 ±  0.082 %    92.651 ±  0.115 %
  51       6.1729 ±    0.0653       0.01801 ±    0.00131       0.03202 ±    0.00064     5.287 ±  0.081 %    92.648 ±  0.114 %
  52       6.1266 ±    0.0640       0.01805 ±    0.00130       0.03186 ±    0.00062     5.280 ±  0.080 %    92.672 ±  0.113 %
  53       6.1105 ±    0.0632       0.01819 ±    0.00129       0.03183 ±    0.00061     5.276 ±  0.079 %    92.661 ±  0.112 %
  54       6.0919 ±    0.0623       0.01824 ±    0.00127       0.03175 ±    0.00061     5.278 ±  0.079 %    92.654 ±  0.111 %
  55       6.0535 ±    0.0612       0.01860 ±    0.00126       0.03168 ±    0.00060     5.273 ±  0.078 %    92.678 ±  0.110 %
  56       6.0425 ±    0.0605       0.01903 ±    0.00125       0.03184 ±    0.00059     5.301 ±  0.078 %    92.660 ±  0.109 %
  57       5.9902 ±    0.0593       0.01887 ±    0.00124       0.03172 ±    0.00058     5.297 ±  0.077 %    92.662 ±  0.108 %
  58       5.9812 ±    0.0587       0.01912 ±    0.00123       0.03174 ±    0.00057     5.294 ±  0.076 %    92.672 ±  0.107 %
  59       5.9576 ±    0.0579       0.01926 ±    0.00122       0.03189 ±    0.00057     5.310 ±  0.075 %    92.684 ±  0.106 %
  60       5.9546 ±    0.0575       0.01919 ±    0.00121       0.03173 ±    0.00056     5.293 ±  0.074 %    92.695 ±  0.105 %
  61       5.9733 ±    0.0572       0.01905 ±    0.00120       0.03165 ±    0.00055     5.280 ±  0.073 %    92.710 ±  0.104 %
  62       6.0081 ±    0.0572       0.01923 ±    0.00119       0.03166 ±    0.00054     5.266 ±  0.072 %    92.680 ±  0.103 %
  63       6.0474 ±    0.0572       0.01945 ±    0.00118       0.03171 ±    0.00053     5.269 ±  0.072 %    92.664 ±  0.103 %
  64       6.0807 ±    0.0571       0.01939 ±    0.00117       0.03162 ±    0.00053     5.247 ±  0.071 %    92.663 ±  0.102 %
  65       6.0326 ±    0.0561       0.01921 ±    0.00116       0.03152 ±    0.00052     5.251 ±  0.071 %    92.687 ±  0.101 %
  66       6.0574 ±    0.0560       0.01957 ±    0.00115       0.03158 ±    0.00051     5.249 ±  0.070 %    92.669 ±  0.100 %
  67       6.0465 ±    0.0554       0.01930 ±    0.00114       0.03150 ±    0.00051     5.246 ±  0.069 %    92.667 ±  0.100 %
  68       6.0285 ±    0.0548       0.01936 ±    0.00114       0.03155 ±    0.00050     5.242 ±  0.068 %    92.660 ±  0.099 %
  69       6.0208 ±    0.0543       0.01909 ±    0.00113       0.03154 ±    0.00050     5.251 ±  0.068 %    92.662 ±  0.098 %
  70       6.0172 ±    0.0539       0.01931 ±    0.00112       0.03157 ±    0.00049     5.248 ±  0.068 %    92.657 ±  0.097 %
  71       5.9942 ±    0.0532       0.01938 ±    0.00111       0.03178 ±    0.00049     5.273 ±  0.067 %    92.634 ±  0.097 %
  72       5.9953 ±    0.0529       0.01920 ±    0.00111       0.03188 ±    0.00049     5.278 ±  0.067 %    92.633 ±  0.096 %
  73       6.0228 ±    0.0529       0.01933 ±    0.00111       0.03198 ±    0.00049     5.269 ±  0.066 %    92.620 ±  0.096 %
  74       6.0515 ±    0.0528       0.01934 ±    0.00110       0.03196 ±    0.00048     5.267 ±  0.066 %    92.618 ±  0.095 %
  75       6.0396 ±    0.0523       0.01930 ±    0.00109       0.03182 ±    0.00048     5.255 ±  0.066 %    92.631 ±  0.094 %
  76       6.0618 ±    0.0522       0.01920 ±    0.00108       0.03180 ±    0.00047     5.249 ±  0.065 %    92.612 ±  0.094 %
  77       6.0583 ±    0.0518       0.01939 ±    0.00107       0.03176 ±    0.00047     5.247 ±  0.064 %    92.610 ±  0.093 %
  78       6.0508 ±    0.0513       0.01946 ±    0.00106       0.03174 ±    0.00046     5.245 ±  0.064 %    92.598 ±  0.093 %
  79       6.0782 ±    0.0513       0.01941 ±    0.00105       0.03167 ±    0.00045     5.231 ±  0.063 %    92.596 ±  0.092 %
  80       6.0359 ±    0.0505       0.01902 ±    0.00105       0.03195 ±    0.00045     5.289 ±  0.063 %    92.565 ±  0.092 %
  81       6.0449 ±    0.0503       0.01897 ±    0.00105       0.03220 ±    0.00045     5.302 ±  0.062 %    92.536 ±  0.091 %
  82       6.0181 ±    0.0497       0.01882 ±    0.00104       0.03224 ±    0.00044     5.314 ±  0.062 %    92.543 ±  0.091 %
  83       6.0119 ±    0.0494       0.01884 ±    0.00104       0.03220 ±    0.00044     5.314 ±  0.061 %    92.539 ±  0.090 %
  84       5.9957 ±    0.0489       0.01901 ±    0.00103       0.03214 ±    0.00043     5.314 ±  0.061 %    92.519 ±  0.090 %
  85       5.9793 ±    0.0485       0.01890 ±    0.00102       0.03206 ±    0.00043     5.313 ±  0.060 %    92.527 ±  0.089 %
  86       5.9932 ±    0.0483       0.01882 ±    0.00102       0.03203 ±    0.00043     5.307 ±  0.060 %    92.531 ±  0.089 %
  87       5.9733 ±    0.0478       0.01866 ±    0.00101       0.03195 ±    0.00042     5.301 ±  0.059 %    92.524 ±  0.088 %
  88       5.9680 ±    0.0475       0.01867 ±    0.00100       0.03188 ±    0.00042     5.296 ±  0.059 %    92.505 ±  0.088 %
  89       5.9865 ±    0.0474       0.01849 ±    0.00100       0.03194 ±    0.00042     5.299 ±  0.059 %    92.491 ±  0.087 %
  90       5.9940 ±    0.0472       0.01854 ±    0.00099       0.03193 ±    0.00041     5.298 ±  0.059 %    92.485 ±  0.087 %
  91       6.0449 ±    0.0474       0.01883 ±    0.00099       0.03205 ±    0.00041     5.305 ±  0.059 %    92.438 ±  0.087 %
  92       6.0848 ±    0.0476       0.01893 ±    0.00098       0.03207 ±    0.00041     5.294 ±  0.058 %    92.411 ±  0.086 %
  93       6.1158 ±    0.0476       0.01900 ±    0.00098       0.03205 ±    0.00040     5.281 ±  0.058 %    92.392 ±  0.086 %
  94       6.1413 ±    0.0476       0.01918 ±    0.00097       0.03202 ±    0.00040     5.269 ±  0.057 %    92.381 ±  0.086 %
  95       6.1761 ±    0.0477       0.01931 ±    0.00097       0.03197 ±    0.00039     5.255 ±  0.057 %    92.371 ±  0.085 %
  96       6.2199 ±    0.0479       0.01945 ±    0.00096       0.03192 ±    0.00039     5.244 ±  0.056 %    92.368 ±  0.085 %
  97       6.2732 ±    0.0482       0.01960 ±    0.00096       0.03210 ±    0.00039     5.243 ±  0.056 %    92.351 ±  0.084 %
  98       6.2664 ±    0.0479       0.01953 ±    0.00096       0.03210 ±    0.00039     5.241 ±  0.056 %    92.360 ±  0.084 %
  99       6.2742 ±    0.0477       0.01947 ±    0.00095       0.03202 ±    0.00039     5.229 ±  0.055 %    92.357 ±  0.083 %
 100       6.2838 ±    0.0475       0.01962 ±    0.00095       0.03218 ±    0.00038     5.238 ±  0.055 %    92.355 ±  0.083 %
 101       6.2588 ±    0.0471       0.01953 ±    0.00095       0.03230 ±    0.00038     5.258 ±  0.055 %    92.335 ±  0.083 %
 102       6.2616 ±    0.0469       0.01936 ±    0.00095       0.03235 ±    0.00038     5.257 ±  0.054 %    92.324 ±  0.082 %
 103       6.2605 ±    0.0466       0.01929 ±    0.00094       0.03244 ±    0.00038     5.264 ±  0.054 %    92.301 ±  0.082 %
 104       6.2596 ±    0.0463       0.01924 ±    0.00094       0.03273 ±    0.00037     5.276 ±  0.053 %    92.280 ±  0.082 %
 105       6.2525 ±    0.0461       0.01923 ±    0.00094       0.03280 ±    0.00037     5.279 ±  0.053 %    92.270 ±  0.081 %
 106       6.2361 ±    0.0457       0.01935 ±    0.00094       0.03298 ±    0.00037     5.306 ±  0.053 %    92.268 ±  0.081 %
 107       6.2484 ±    0.0456       0.01922 ±    0.00093       0.03299 ±    0.00037     5.301 ±  0.052 %    92.283 ±  0.081 %
 108       6.2410 ±    0.0453       0.01927 ±    0.00093       0.03292 ±    0.00036     5.302 ±  0.052 %    92.297 ±  0.080 %
 109       6.2463 ±    0.0452       0.01922 ±    0.00092       0.03283 ±    0.00036     5.296 ±  0.052 %    92.317 ±  0.080 %
 110       6.2450 ±    0.0450       0.01902 ±    0.00092       0.03283 ±    0.00036     5.291 ±  0.052 %    92.342 ±  0.079 %
 111       6.2300 ±    0.0446       0.01899 ±    0.00091       0.03298 ±    0.00038     5.291 ±  0.051 %    92.337 ±  0.079 %
 112       6.2163 ±    0.0443       0.01899 ±    0.00091       0.03288 ±    0.00038     5.283 ±  0.051 %    92.356 ±  0.078 %
 113       6.1936 ±    0.0439       0.01911 ±    0.00091       0.03290 ±    0.00037     5.298 ±  0.051 %    92.358 ±  0.078 %
 114       6.2213 ±    0.0440       0.01906 ±    0.00090       0.03290 ±    0.00037     5.298 ±  0.051 %    92.353 ±  0.078 %
 115       6.2255 ±    0.0438       0.01887 ±    0.00090       0.03290 ±    0.00037     5.294 ±  0.050 %    92.360 ±  0.077 %
 116       6.2353 ±    0.0437       0.01885 ±    0.00089       0.03294 ±    0.00037     5.295 ±  0.050 %    92.352 ±  0.077 %
 117       6.2446 ±    0.0436       0.01883 ±    0.00089       0.03300 ±    0.00036     5.292 ±  0.050 %    92.344 ±  0.077 %
 118       6.2415 ±    0.0434       0.01896 ±    0.00089       0.03326 ±    0.00038     5.305 ±  0.050 %    92.335 ±  0.077 %
 119       6.2226 ±    0.0431       0.01905 ±    0.00089       0.03337 ±    0.00038     5.321 ±  0.050 %    92.329 ±  0.076 %
 120       6.2293 ±    0.0430       0.01901 ±    0.00089       0.03333 ±    0.00038     5.320 ±  0.050 %    92.326 ±  0.076 %
 121       6.2262 ±    0.0428       0.01902 ±    0.00088       0.03323 ±    0.00038     5.312 ±  0.050 %    92.325 ±  0.076 %
 122       6.2208 ±    0.0426       0.01899 ±    0.00088       0.03316 ±    0.00037     5.303 ±  0.049 %    92.333 ±  0.075 %
 123       6.2110 ±    0.0423       0.01887 ±    0.00087       0.03306 ±    0.00037     5.298 ±  0.049 %    92.344 ±  0.075 %
 124       6.2077 ±    0.0421       0.01896 ±    0.00087       0.03301 ±    0.00037     5.301 ±  0.049 %    92.358 ±  0.075 %
 125       6.2232 ±    0.0421       0.01903 ±    0.00086       0.03304 ±    0.00037     5.295 ±  0.049 %    92.353 ±  0.074 %
 126       6.2189 ±    0.0419       0.01911 ±    0.00086       0.03294 ±    0.00036     5.288 ±  0.049 %    92.378 ±  0.074 %
 127       6.2304 ±    0.0419       0.01918 ±    0.00086       0.03285 ±    0.00036     5.277 ±  0.048 %    92.378 ±  0.074 %
 128       6.2203 ±    0.0416       0.01925 ±    0.00085       0.03291 ±    0.00036     5.282 ±  0.048 %    92.361 ±  0.073 %
 129       6.2186 ±    0.0414       0.01928 ±    0.00085       0.03289 ±    0.00036     5.279 ±  0.048 %    92.362 ±  0.073 %
 130       6.2078 ±    0.0412       0.01925 ±    0.00085       0.03286 ±    0.00035     5.276 ±  0.048 %    92.369 ±  0.073 %
 131       6.2141 ±    0.0411       0.01934 ±    0.00084       0.03279 ±    0.00035     5.267 ±  0.047 %    92.375 ±  0.072 %
 132       6.2152 ±    0.0409       0.01924 ±    0.00084       0.03283 ±    0.00035     5.265 ±  0.047 %    92.373 ±  0.072 %
 133       6.2258 ±    0.0409       0.01934 ±    0.00084       0.03287 ±    0.00035     5.267 ±  0.047 %    92.364 ±  0.072 %
 134       6.2380 ±    0.0408       0.01921 ±    0.00083       0.03290 ±    0.00035     5.270 ±  0.047 %    92.361 ±  0.072 %
 135       6.2336 ±    0.0406       0.01916 ±    0.00083       0.03287 ±    0.00034     5.268 ±  0.047 %    92.359 ±  0.071 %
 136       6.2129 ±    0.0403       0.01910 ±    0.00083       0.03281 ±    0.00034     5.264 ±  0.046 %    92.365 ±  0.071 %
 137       6.1828 ±    0.0399       0.01919 ±    0.00082       0.03275 ±    0.00034     5.262 ±  0.046 %    92.376 ±  0.071 %
 138       6.1907 ±    0.0399       0.01929 ±    0.00082       0.03283 ±    0.00034     5.264 ±  0.046 %    92.370 ±  0.071 %
 139       6.2056 ±    0.0398       0.01922 ±    0.00082       0.03277 ±    0.00034     5.258 ±  0.046 %    92.375 ±  0.070 %
 140       6.2322 ±    0.0399       0.01920 ±    0.00081       0.03272 ±    0.00033     5.247 ±  0.045 %    92.372 ±  0.070 %
 141       6.2194 ±    0.0397       0.01932 ±    0.00081       0.03280 ±    0.00033     5.259 ±  0.045 %    92.372 ±  0.070 %
 142       6.2204 ±    0.0395       0.01923 ±    0.00081       0.03277 ±    0.00033     5.256 ±  0.045 %    92.376 ±  0.070 %
 143       6.2214 ±    0.0394       0.01926 ±    0.00080       0.03270 ±    0.00033     5.252 ±  0.045 %    92.383 ±  0.069 %
 144       6.2328 ±    0.0393       0.01920 ±    0.00080       0.03273 ±    0.00033     5.251 ±  0.045 %    92.373 ±  0.069 %
 145       6.2262 ±    0.0392       0.01931 ±    0.00080       0.03273 ±    0.00033     5.255 ±  0.044 %    92.388 ±  0.069 %

====== Perplexity statistics ======
Mean PPL(Q)                   :   6.226222 ±   0.039190
Mean PPL(base)                :   6.107128 ±   0.038226
Cor(ln(PPL(Q)), ln(PPL(base))):  99.19%
Mean ln(PPL(Q)/PPL(base))     :   0.019313 ±   0.000800
Mean PPL(Q)/PPL(base)         :   1.019501 ±   0.000816
Mean PPL(Q)-PPL(base)         :   0.119093 ±   0.005024

====== KL divergence statistics ======
Mean    KLD:   0.032735 ±   0.000325
Maximum KLD:  19.690256
99.9%   KLD:   1.186815
99.0%   KLD:   0.305948
95.0%   KLD:   0.115945
90.0%   KLD:   0.072201
Median  KLD:   0.012040
10.0%   KLD:   0.000197
 5.0%   KLD:   0.000050
 1.0%   KLD:   0.000005
 0.1%   KLD:  -0.000000
Minimum KLD:  -0.000019

====== Token probability statistics ======
Mean    Δp: -0.339 ± 0.014 %
Maximum Δp: 99.973%
99.9%   Δp: 34.007%
99.0%   Δp: 14.415%
95.0%   Δp:  5.762%
90.0%   Δp:  3.176%
75.0%   Δp:  0.555%
Median  Δp: -0.006%
25.0%   Δp: -0.960%
10.0%   Δp: -4.112%
 5.0%   Δp: -7.272%
 1.0%   Δp: -17.627%
 0.1%   Δp: -42.777%
Minimum Δp: -99.472%
RMS Δp    :  5.255 ± 0.044 %
Same top p: 92.388 ± 0.069 %

------------------------------
llama-perplexity --kl-divergence-base /tmp/logits.dat --ctx-size 2048 -f sample-data/wiki.test.raw -hf byteshape/Qwen3.6-35B-A3B-MTP-GGUF:Qwen3.6-35B-A3B-IQ4_XS-3.97bpw -fa on -ngl 99 --cpu-moe -ctk turbo2 -ctv q4_0 --kl-divergence
0.00.483.741 I common_init_result: fitting params to device memory ...
0.00.483.744 I common_init_result: (for bugs during this step try to reproduce them with -fit off, or provide --verbose logs if the bug only occurs with -fit on)
0.02.923.552 W llama_model_loader: tensor overrides to CPU are used with mmap enabled - consider using --no-mmap for better performance
0.04.990.104 W llama_context: n_ctx_seq (2048) < n_ctx_train (262144) -- the full capacity of the model will not be utilized
0.05.030.661 I common_init_from_params: warming up the model with an empty run - please wait ... (--no-warmup to disable)
0.05.133.247 I 
0.05.133.317 I system_info: n_threads = 16 (n_threads_batch = 16) / 32 | CUDA : ARCHS = 500,610,700,750,800,860,890,900 | USE_GRAPHS = 1 | PEER_MAX_BATCH_SIZE = 128 | CPU : SSE3 = 1 | SSSE3 = 1 | AVX = 1 | AVX2 = 1 | F16C = 1 | FMA = 1 | BMI2 = 1 | LLAMAFILE = 1 | OPENMP = 1 | REPACK = 1 | 
0.05.371.725 I kl_divergence: computing over 145 chunks, n_ctx=2048, batch_size=2048, n_seq=1
0.25.261.514 I kl_divergence: 19.89 seconds per pass - ETA 48.07 minutes

chunk             PPL               ln(PPL(Q)/PPL(base))          KL Divergence              Δp RMS            Same top p
   1       4.8716 ±    0.3519       0.02391 ±    0.00946       0.03164 ±    0.00212     5.857 ±  0.393 %    92.864 ±  0.805 %
   2       6.0964 ±    0.3218       0.01927 ±    0.00714       0.03408 ±    0.00230     5.230 ±  0.249 %    91.447 ±  0.618 %
   3       6.4422 ±    0.2803       0.01832 ±    0.00553       0.03251 ±    0.00196     5.405 ±  0.344 %    91.593 ±  0.501 %
   4       6.4559 ±    0.2450       0.01557 ±    0.00468       0.03252 ±    0.00176     5.487 ±  0.322 %    92.229 ±  0.419 %
   5       6.3712 ±    0.2185       0.01641 ±    0.00419       0.03134 ±    0.00143     5.294 ±  0.270 %    92.727 ±  0.363 %
   6       5.5116 ±    0.1675       0.01558 ±    0.00392       0.03271 ±    0.00158     5.523 ±  0.241 %    92.880 ±  0.328 %
   7       5.0155 ±    0.1371       0.01573 ±    0.00364       0.03276 ±    0.00149     5.736 ±  0.236 %    92.920 ±  0.303 %
   8       5.0319 ±    0.1286       0.01670 ±    0.00347       0.03361 ±    0.00134     5.815 ±  0.214 %    92.901 ±  0.284 %
   9       5.3050 ±    0.1286       0.01754 ±    0.00329       0.03489 ±    0.00123     5.806 ±  0.204 %    92.506 ±  0.274 %
  10       5.4359 ±    0.1266       0.01772 ±    0.00308       0.03429 ±    0.00112     5.733 ±  0.188 %    92.551 ±  0.260 %
  11       5.5310 ±    0.1229       0.01762 ±    0.00289       0.03314 ±    0.00102     5.609 ±  0.177 %    92.686 ±  0.245 %
  12       5.7599 ±    0.1237       0.01587 ±    0.00275       0.03273 ±    0.00095     5.493 ±  0.166 %    92.579 ±  0.237 %
  13       5.8210 ±    0.1202       0.01600 ±    0.00266       0.03303 ±    0.00089     5.492 ±  0.155 %    92.593 ±  0.227 %
  14       5.9135 ±    0.1180       0.01511 ±    0.00259       0.03353 ±    0.00085     5.437 ±  0.147 %    92.459 ±  0.221 %
  15       5.9858 ±    0.1158       0.01466 ±    0.00253       0.03386 ±    0.00080     5.441 ±  0.139 %    92.421 ±  0.214 %
  16       6.1671 ±    0.1162       0.01481 ±    0.00244       0.03367 ±    0.00076     5.379 ±  0.132 %    92.363 ±  0.208 %
  17       6.2284 ±    0.1136       0.01456 ±    0.00236       0.03362 ±    0.00072     5.390 ±  0.126 %    92.375 ±  0.201 %
  18       6.3312 ±    0.1125       0.01443 ±    0.00229       0.03344 ±    0.00068     5.351 ±  0.121 %    92.354 ±  0.196 %
  19       6.2781 ±    0.1089       0.01436 ±    0.00220       0.03287 ±    0.00065     5.312 ±  0.116 %    92.427 ±  0.190 %
  20       6.0078 ±    0.1010       0.01615 ±    0.00221       0.03476 ±    0.00077     5.647 ±  0.126 %    92.458 ±  0.185 %
  21       6.0277 ±    0.0988       0.01600 ±    0.00216       0.03488 ±    0.00074     5.609 ±  0.121 %    92.366 ±  0.181 %
  22       6.0625 ±    0.0972       0.01649 ±    0.00211       0.03509 ±    0.00072     5.634 ±  0.119 %    92.366 ±  0.177 %
  23       6.1194 ±    0.0961       0.01709 ±    0.00207       0.03499 ±    0.00069     5.613 ±  0.116 %    92.375 ±  0.173 %
  24       6.1377 ±    0.0942       0.01768 ±    0.00202       0.03493 ±    0.00067     5.601 ±  0.113 %    92.306 ±  0.170 %
  25       6.1879 ±    0.0933       0.01792 ±    0.00197       0.03471 ±    0.00064     5.560 ±  0.110 %    92.313 ±  0.167 %
  26       6.1757 ±    0.0913       0.01858 ±    0.00192       0.03445 ±    0.00062     5.540 ±  0.107 %    92.364 ±  0.163 %
  27       6.3209 ±    0.0922       0.01843 ±    0.00189       0.03435 ±    0.00060     5.499 ±  0.104 %    92.292 ±  0.160 %
  28       6.4050 ±    0.0921       0.01873 ±    0.00184       0.03434 ±    0.00058     5.482 ±  0.101 %    92.285 ±  0.158 %
  29       6.3749 ±    0.0901       0.01910 ±    0.00181       0.03440 ±    0.00057     5.507 ±  0.099 %    92.271 ±  0.155 %
  30       6.3491 ±    0.0881       0.02032 ±    0.00182       0.03476 ±    0.00064     5.547 ±  0.100 %    92.287 ±  0.152 %
  31       6.2698 ±    0.0854       0.02030 ±    0.00178       0.03457 ±    0.00062     5.530 ±  0.098 %    92.293 ±  0.150 %
  32       6.1599 ±    0.0824       0.01933 ±    0.00176       0.03453 ±    0.00062     5.566 ±  0.099 %    92.336 ±  0.147 %
  33       6.1245 ±    0.0805       0.01941 ±    0.00175       0.03508 ±    0.00089     5.580 ±  0.100 %    92.331 ±  0.145 %
  34       6.1242 ±    0.0793       0.01971 ±    0.00172       0.03489 ±    0.00087     5.552 ±  0.098 %    92.312 ±  0.143 %
  35       6.1398 ±    0.0784       0.01948 ±    0.00169       0.03507 ±    0.00085     5.589 ±  0.099 %    92.325 ±  0.141 %
  36       6.1559 ±    0.0776       0.01912 ±    0.00167       0.03508 ±    0.00084     5.566 ±  0.097 %    92.354 ±  0.138 %
  37       6.0668 ±    0.0751       0.01898 ±    0.00163       0.03470 ±    0.00082     5.550 ±  0.096 %    92.391 ±  0.136 %
llama-perplexity --kl-divergence-base /tmp/logits.dat --ctx-size 2048 -f sample-data/wiki.test.raw -hf byteshape/Qwen3.6-35B-A3B-MTP-GGUF:Qwen3.6-35B-A3B-IQ4_XS-3.97bpw -fa on -ngl 99 --cpu-moe -ctk turbo2 -ctv turbo4 --kl-divergence
0.00.514.467 I common_init_result: fitting params to device memory ...
0.00.514.471 I common_init_result: (for bugs during this step try to reproduce them with -fit off, or provide --verbose logs if the bug only occurs with -fit on)
0.02.832.803 W llama_model_loader: tensor overrides to CPU are used with mmap enabled - consider using --no-mmap for better performance
0.04.907.704 W llama_context: n_ctx_seq (2048) < n_ctx_train (262144) -- the full capacity of the model will not be utilized
0.04.937.574 I common_init_from_params: warming up the model with an empty run - please wait ... (--no-warmup to disable)
0.05.036.991 I 
0.05.037.073 I system_info: n_threads = 16 (n_threads_batch = 16) / 32 | CUDA : ARCHS = 500,610,700,750,800,860,890,900 | USE_GRAPHS = 1 | PEER_MAX_BATCH_SIZE = 128 | CPU : SSE3 = 1 | SSSE3 = 1 | AVX = 1 | AVX2 = 1 | F16C = 1 | FMA = 1 | BMI2 = 1 | LLAMAFILE = 1 | OPENMP = 1 | REPACK = 1 | 
0.05.261.572 I kl_divergence: computing over 145 chunks, n_ctx=2048, batch_size=2048, n_seq=1
0.11.981.229 I kl_divergence: 6.72 seconds per pass - ETA 16.23 minutes

chunk             PPL               ln(PPL(Q)/PPL(base))          KL Divergence              Δp RMS            Same top p
   1       4.8649 ±    0.3538       0.02254 ±    0.00970       0.03222 ±    0.00200     5.913 ±  0.361 %    93.060 ±  0.795 %
   2       6.1245 ±    0.3266       0.02387 ±    0.00761       0.03465 ±    0.00221     5.645 ±  0.287 %    91.398 ±  0.620 %
   3       6.5017 ±    0.2862       0.02751 ±    0.00580       0.03253 ±    0.00160     5.510 ±  0.263 %    91.430 ±  0.505 %
   4       6.4863 ±    0.2486       0.02028 ±    0.00491       0.03216 ±    0.00146     5.394 ±  0.214 %    91.911 ±  0.426 %
   5       6.3832 ±    0.2204       0.01829 ±    0.00431       0.03085 ±    0.00120     5.183 ±  0.183 %    92.278 ±  0.373 %
   6       5.5202 ±    0.1689       0.01716 ±    0.00396       0.03152 ±    0.00133     5.297 ±  0.169 %    92.441 ±  0.337 %
   7       5.0352 ±    0.1386       0.01966 ±    0.00368       0.03207 ±    0.00128     5.477 ±  0.167 %    92.585 ±  0.310 %
   8       5.0508 ±    0.1300       0.02045 ±    0.00355       0.03337 ±    0.00117     5.638 ±  0.161 %    92.546 ±  0.290 %
   9       5.3236 ±    0.1300       0.02105 ±    0.00336       0.03499 ±    0.00110     5.649 ±  0.157 %    92.245 ±  0.279 %
  10       5.4545 ±    0.1278       0.02114 ±    0.00315       0.03449 ±    0.00101     5.617 ±  0.145 %    92.268 ±  0.264 %
  11       5.5439 ±    0.1239       0.01994 ±    0.00296       0.03347 ±    0.00093     5.484 ±  0.136 %    92.340 ±  0.251 %
  12       5.7768 ±    0.1248       0.01879 ±    0.00279       0.03322 ±    0.00087     5.380 ±  0.128 %    92.188 ±  0.242 %
  13       5.8358 ±    0.1212       0.01854 ±    0.00268       0.03363 ±    0.00082     5.375 ±  0.122 %    92.165 ±  0.233 %
  14       5.9364 ±    0.1191       0.01898 ±    0.00262       0.03437 ±    0.00078     5.360 ±  0.116 %    92.082 ±  0.226 %
  15       6.0128 ±    0.1170       0.01917 ±    0.00256       0.03489 ±    0.00075     5.402 ±  0.112 %    92.023 ±  0.219 %
  16       6.1963 ±    0.1174       0.01955 ±    0.00249       0.03486 ±    0.00071     5.367 ±  0.107 %    91.905 ±  0.213 %
  17       6.2588 ±    0.1148       0.01943 ±    0.00240       0.03479 ±    0.00068     5.370 ±  0.103 %    91.829 ±  0.208 %
  18       6.3656 ±    0.1138       0.01985 ±    0.00233       0.03465 ±    0.00065     5.334 ±  0.101 %    91.854 ±  0.202 %
  19       6.3163 ±    0.1102       0.02044 ±    0.00226       0.03412 ±    0.00062     5.292 ±  0.097 %    91.917 ±  0.196 %
  20       6.0382 ±    0.1020       0.02119 ±    0.00223       0.03594 ±    0.00072     5.659 ±  0.117 %    91.955 ±  0.190 %
  21       6.0586 ±    0.0998       0.02112 ±    0.00218       0.03609 ±    0.00069     5.648 ±  0.113 %    91.868 ±  0.186 %
  22       6.0910 ±    0.0981       0.02118 ±    0.00213       0.03615 ±    0.00067     5.645 ±  0.109 %    91.895 ±  0.182 %
  23       6.1450 ±    0.0969       0.02127 ±    0.00208       0.03606 ±    0.00064     5.600 ±  0.106 %    91.836 ±  0.179 %
  24       6.1603 ±    0.0950       0.02136 ±    0.00202       0.03598 ±    0.00062     5.586 ±  0.102 %    91.801 ±  0.175 %
  25       6.2109 ±    0.0941       0.02164 ±    0.00198       0.03583 ±    0.00060     5.551 ±  0.099 %    91.785 ±  0.172 %
  26       6.1979 ±    0.0921       0.02217 ±    0.00194       0.03566 ±    0.00058     5.546 ±  0.098 %    91.860 ±  0.168 %
  27       6.3427 ±    0.0929       0.02188 ±    0.00190       0.03555 ±    0.00056     5.505 ±  0.096 %    91.796 ±  0.165 %
  28       6.4238 ±    0.0928       0.02166 ±    0.00186       0.03547 ±    0.00055     5.483 ±  0.093 %    91.778 ±  0.162 %
  29       6.3938 ±    0.0907       0.02206 ±    0.00183       0.03540 ±    0.00053     5.513 ±  0.091 %    91.823 ±  0.159 %
  30       6.3651 ±    0.0887       0.02283 ±    0.00180       0.03554 ±    0.00054     5.523 ±  0.093 %    91.848 ±  0.156 %
  31       6.2864 ±    0.0859       0.02295 ±    0.00176       0.03536 ±    0.00053     5.510 ±  0.091 %    91.849 ±  0.154 %
  32       6.1794 ±    0.0829       0.02249 ±    0.00173       0.03522 ±    0.00052     5.503 ±  0.090 %    91.902 ±  0.151 %
  33       6.1429 ±    0.0811       0.02241 ±    0.00173       0.03595 ±    0.00081     5.520 ±  0.091 %    91.887 ±  0.149 %
  34       6.1401 ±    0.0797       0.02229 ±    0.00170       0.03573 ±    0.00079     5.489 ±  0.089 %    91.898 ±  0.146 %
  35       6.1551 ±    0.0788       0.02197 ±    0.00168       0.03598 ±    0.00078     5.517 ±  0.089 %    91.912 ±  0.144 %
  36       6.1709 ±    0.0780       0.02154 ±    0.00165       0.03586 ±    0.00077     5.495 ±  0.088 %    91.946 ±  0.142 %
  37       6.0816 ±    0.0756       0.02141 ±    0.00161       0.03547 ±    0.00075     5.482 ±  0.087 %    92.013 ±  0.139 %
  38       6.0159 ±    0.0735       0.02124 ±    0.00159       0.03515 ±    0.00073     5.467 ±  0.085 %    92.044 ±  0.137 %
  39       5.9444 ±    0.0714       0.02132 ±    0.00157       0.03505 ±    0.00072     5.494 ±  0.086 %    92.062 ±  0.135 %
  40       5.8663 ±    0.0693       0.02148 ±    0.00154       0.03486 ±    0.00070     5.489 ±  0.085 %    92.092 ±  0.133 %
  41       5.8200 ±    0.0677       0.02133 ±    0.00152       0.03479 ±    0.00069     5.512 ±  0.084 %    92.089 ±  0.132 %
  42       5.8560 ±    0.0674       0.02146 ±    0.00150       0.03468 ±    0.00067     5.491 ±  0.082 %    92.087 ±  0.130 %
  43       5.9910 ±    0.0687       0.02143 ±    0.00148       0.03517 ±    0.00073     5.509 ±  0.084 %    92.039 ±  0.129 %
  44       6.0979 ±    0.0695       0.02115 ±    0.00147       0.03511 ±    0.00072     5.482 ±  0.083 %    91.989 ±  0.128 %
  45       6.0744 ±    0.0684       0.02130 ±    0.00146       0.03546 ±    0.00070     5.509 ±  0.081 %    91.934 ±  0.127 %
  46       6.0924 ±    0.0679       0.02158 ±    0.00145       0.03555 ±    0.00069     5.510 ±  0.080 %    91.899 ±  0.126 %
  47       6.1245 ±    0.0676       0.02189 ±    0.00143       0.03555 ±    0.00068     5.513 ±  0.080 %    91.868 ±  0.125 %
  48       6.1408 ±    0.0670       0.02232 ±    0.00143       0.03588 ±    0.00067     5.556 ±  0.081 %    91.840 ±  0.124 %
  49       6.1865 ±    0.0669       0.02226 ±    0.00142       0.03612 ±    0.00067     5.573 ±  0.081 %    91.809 ±  0.122 %
  50       6.1639 ±    0.0660       0.02261 ±    0.00141       0.03617 ±    0.00066     5.576 ±  0.080 %    91.806 ±  0.121 %
  51       6.2013 ±    0.0658       0.02261 ±    0.00139       0.03599 ±    0.00065     5.561 ±  0.079 %    91.798 ±  0.120 %
  52       6.1545 ±    0.0645       0.02259 ±    0.00137       0.03586 ±    0.00064     5.558 ±  0.078 %    91.836 ±  0.119 %
  53       6.1383 ±    0.0637       0.02271 ±    0.00136       0.03584 ±    0.00063     5.556 ±  0.077 %    91.824 ±  0.118 %
  54       6.1170 ±    0.0628       0.02237 ±    0.00134       0.03568 ±    0.00062     5.536 ±  0.076 %    91.823 ±  0.117 %
  55       6.0787 ±    0.0617       0.02276 ±    0.00132       0.03561 ±    0.00060     5.535 ±  0.074 %    91.855 ±  0.115 %
  56       6.0670 ±    0.0610       0.02308 ±    0.00131       0.03566 ±    0.00060     5.546 ±  0.074 %    91.838 ±  0.114 %
  57       6.0145 ±    0.0598       0.02292 ±    0.00130       0.03559 ±    0.00059     5.539 ±  0.073 %    91.857 ±  0.113 %
  58       6.0081 ±    0.0592       0.02360 ±    0.00130       0.03568 ±    0.00058     5.535 ±  0.072 %    91.844 ±  0.112 %
  59       5.9845 ±    0.0584       0.02375 ±    0.00129       0.03595 ±    0.00058     5.573 ±  0.072 %    91.853 ±  0.111 %
  60       5.9825 ±    0.0580       0.02386 ±    0.00128       0.03580 ±    0.00057     5.564 ±  0.071 %    91.878 ±  0.110 %
  61       6.0018 ±    0.0577       0.02380 ±    0.00127       0.03574 ±    0.00056     5.556 ±  0.070 %    91.875 ±  0.109 %
  62       6.0367 ±    0.0577       0.02397 ±    0.00126       0.03579 ±    0.00055     5.542 ±  0.069 %    91.833 ±  0.109 %
  63       6.0742 ±    0.0576       0.02386 ±    0.00125       0.03585 ±    0.00055     5.544 ±  0.069 %    91.797 ±  0.108 %
  64       6.1078 ±    0.0576       0.02383 ±    0.00124       0.03577 ±    0.00054     5.526 ±  0.068 %    91.789 ±  0.107 %
  65       6.0596 ±    0.0566       0.02368 ±    0.00122       0.03567 ±    0.00053     5.528 ±  0.068 %    91.835 ±  0.106 %
  66       6.0841 ±    0.0565       0.02397 ±    0.00122       0.03574 ±    0.00052     5.529 ±  0.067 %    91.844 ±  0.105 %
  67       6.0735 ±    0.0559       0.02376 ±    0.00121       0.03567 ±    0.00052     5.519 ±  0.066 %    91.838 ±  0.105 %
  68       6.0556 ±    0.0553       0.02384 ±    0.00120       0.03567 ±    0.00051     5.520 ±  0.065 %    91.852 ±  0.104 %
  69       6.0485 ±    0.0548       0.02366 ±    0.00119       0.03562 ±    0.00051     5.526 ±  0.065 %    91.844 ±  0.103 %
  70       6.0439 ±    0.0543       0.02373 ±    0.00118       0.03563 ±    0.00050     5.517 ±  0.065 %    91.849 ±  0.102 %
  71       6.0207 ±    0.0537       0.02378 ±    0.00118       0.03590 ±    0.00051     5.532 ±  0.064 %    91.837 ±  0.102 %
  72       6.0208 ±    0.0533       0.02345 ±    0.00117       0.03591 ±    0.00051     5.527 ±  0.063 %    91.832 ±  0.101 %
  73       6.0480 ±    0.0533       0.02351 ±    0.00116       0.03605 ±    0.00050     5.521 ±  0.063 %    91.821 ±  0.100 %
  74       6.0781 ±    0.0532       0.02373 ±    0.00116       0.03602 ±    0.00049     5.510 ±  0.062 %    91.821 ±  0.100 %
  75       6.0668 ±    0.0527       0.02379 ±    0.00115       0.03586 ±    0.00049     5.500 ±  0.062 %    91.840 ±  0.099 %
  76       6.0895 ±    0.0526       0.02375 ±    0.00114       0.03581 ±    0.00048     5.494 ±  0.061 %    91.824 ±  0.098 %
  77       6.0862 ±    0.0522       0.02397 ±    0.00113       0.03577 ±    0.00048     5.492 ±  0.061 %    91.824 ±  0.098 %
  78       6.0789 ±    0.0517       0.02408 ±    0.00112       0.03574 ±    0.00047     5.493 ±  0.060 %    91.805 ±  0.097 %
  79       6.1061 ±    0.0517       0.02399 ±    0.00111       0.03567 ±    0.00047     5.477 ±  0.059 %    91.807 ±  0.096 %
  80       6.0645 ±    0.0510       0.02376 ±    0.00111       0.03601 ±    0.00046     5.543 ±  0.059 %    91.795 ±  0.096 %
  81       6.0743 ±    0.0507       0.02381 ±    0.00111       0.03627 ±    0.00046     5.561 ±  0.059 %    91.745 ±  0.096 %
  82       6.0477 ±    0.0502       0.02372 ±    0.00110       0.03630 ±    0.00046     5.565 ±  0.058 %    91.752 ±  0.095 %
  83       6.0417 ±    0.0498       0.02380 ±    0.00109       0.03628 ±    0.00045     5.573 ±  0.058 %    91.746 ±  0.094 %
  84       6.0246 ±    0.0493       0.02382 ±    0.00109       0.03621 ±    0.00045     5.567 ±  0.057 %    91.741 ±  0.094 %
  85       6.0084 ±    0.0489       0.02375 ±    0.00108       0.03613 ±    0.00044     5.567 ±  0.057 %    91.770 ±  0.093 %
  86       6.0230 ±    0.0487       0.02378 ±    0.00107       0.03611 ±    0.00044     5.567 ±  0.057 %    91.762 ±  0.093 %
  87       6.0033 ±    0.0482       0.02367 ±    0.00107       0.03602 ±    0.00043     5.561 ±  0.056 %    91.764 ±  0.092 %
  88       5.9995 ±    0.0479       0.02394 ±    0.00106       0.03604 ±    0.00043     5.578 ±  0.057 %    91.742 ±  0.092 %
  89       6.0183 ±    0.0479       0.02380 ±    0.00106       0.03610 ±    0.00043     5.575 ±  0.056 %    91.728 ±  0.091 %
  90       6.0259 ±    0.0476       0.02386 ±    0.00105       0.03607 ±    0.00043     5.574 ±  0.056 %    91.729 ±  0.091 %
  91       6.0773 ±    0.0479       0.02418 ±    0.00105       0.03623 ±    0.00042     5.584 ±  0.056 %    91.681 ±  0.091 %
  92       6.1168 ±    0.0480       0.02418 ±    0.00104       0.03628 ±    0.00042     5.577 ±  0.056 %    91.655 ±  0.090 %
  93       6.1482 ±    0.0481       0.02429 ±    0.00104       0.03630 ±    0.00042     5.568 ±  0.055 %    91.621 ±  0.090 %
  94       6.1744 ±    0.0481       0.02455 ±    0.00103       0.03628 ±    0.00041     5.560 ±  0.055 %    91.621 ±  0.089 %
  95       6.2098 ±    0.0481       0.02475 ±    0.00103       0.03626 ±    0.00041     5.550 ±  0.054 %    91.602 ±  0.089 %
  96       6.2540 ±    0.0483       0.02491 ±    0.00102       0.03622 ±    0.00040     5.542 ±  0.054 %    91.581 ±  0.089 %
  97       6.3087 ±    0.0487       0.02525 ±    0.00102       0.03643 ±    0.00041     5.543 ±  0.054 %    91.572 ±  0.088 %
  98       6.3018 ±    0.0484       0.02516 ±    0.00101       0.03643 ±    0.00040     5.540 ±  0.054 %    91.582 ±  0.088 %
  99       6.3106 ±    0.0482       0.02527 ±    0.00101       0.03639 ±    0.00040     5.531 ±  0.053 %    91.583 ±  0.087 %
 100       6.3198 ±    0.0480       0.02534 ±    0.00101       0.03657 ±    0.00040     5.545 ±  0.053 %    91.577 ±  0.087 %
 101       6.2954 ±    0.0475       0.02536 ±    0.00101       0.03678 ±    0.00040     5.581 ±  0.053 %    91.550 ±  0.087 %
 102       6.2988 ±    0.0473       0.02529 ±    0.00100       0.03682 ±    0.00039     5.581 ±  0.053 %    91.537 ±  0.086 %
 103       6.2975 ±    0.0471       0.02519 ±    0.00100       0.03691 ±    0.00039     5.587 ±  0.052 %    91.512 ±  0.086 %
 104       6.2970 ±    0.0468       0.02520 ±    0.00100       0.03723 ±    0.00039     5.599 ±  0.052 %    91.490 ±  0.086 %
 105       6.2893 ±    0.0465       0.02510 ±    0.00099       0.03731 ±    0.00039     5.600 ±  0.051 %    91.479 ±  0.085 %
 106       6.2730 ±    0.0462       0.02526 ±    0.00099       0.03750 ±    0.00038     5.629 ±  0.051 %    91.470 ±  0.085 %
 107       6.2865 ±    0.0461       0.02531 ±    0.00099       0.03754 ±    0.00038     5.636 ±  0.052 %    91.482 ±  0.084 %
 108       6.2793 ±    0.0458       0.02539 ±    0.00098       0.03748 ±    0.00038     5.636 ±  0.051 %    91.497 ±  0.084 %
 109       6.2841 ±    0.0456       0.02524 ±    0.00098       0.03739 ±    0.00038     5.631 ±  0.051 %    91.505 ±  0.083 %
 110       6.2828 ±    0.0454       0.02506 ±    0.00097       0.03733 ±    0.00037     5.623 ±  0.051 %    91.529 ±  0.083 %
 111       6.2691 ±    0.0451       0.02525 ±    0.00097       0.03750 ±    0.00039     5.629 ±  0.051 %    91.528 ±  0.083 %
 112       6.2547 ±    0.0447       0.02514 ±    0.00097       0.03739 ±    0.00039     5.620 ±  0.051 %    91.549 ±  0.082 %
 113       6.2317 ±    0.0444       0.02524 ±    0.00096       0.03742 ±    0.00039     5.630 ±  0.050 %    91.548 ±  0.082 %
 114       6.2601 ±    0.0444       0.02528 ±    0.00096       0.03739 ±    0.00039     5.628 ±  0.050 %    91.548 ±  0.081 %
 115       6.2644 ±    0.0443       0.02509 ±    0.00096       0.03743 ±    0.00038     5.628 ±  0.050 %    91.553 ±  0.081 %
 116       6.2741 ±    0.0442       0.02505 ±    0.00095       0.03747 ±    0.00038     5.633 ±  0.050 %    91.560 ±  0.081 %
 117       6.2839 ±    0.0441       0.02510 ±    0.00095       0.03757 ±    0.00038     5.633 ±  0.049 %    91.548 ±  0.080 %
 118       6.2806 ±    0.0439       0.02520 ±    0.00095       0.03784 ±    0.00041     5.646 ±  0.050 %    91.551 ±  0.080 %
 119       6.2630 ±    0.0435       0.02553 ±    0.00095       0.03806 ±    0.00041     5.671 ±  0.050 %    91.552 ±  0.080 %
 120       6.2702 ±    0.0434       0.02556 ±    0.00095       0.03802 ±    0.00041     5.668 ±  0.050 %    91.553 ±  0.079 %
 121       6.2674 ±    0.0432       0.02561 ±    0.00094       0.03793 ±    0.00041     5.660 ±  0.050 %    91.561 ±  0.079 %
 122       6.2622 ±    0.0430       0.02561 ±    0.00094       0.03785 ±    0.00041     5.654 ±  0.049 %    91.568 ±  0.079 %
 123       6.2527 ±    0.0428       0.02555 ±    0.00093       0.03775 ±    0.00040     5.649 ±  0.049 %    91.586 ±  0.078 %
 124       6.2491 ±    0.0426       0.02560 ±    0.00093       0.03766 ±    0.00040     5.650 ±  0.049 %    91.603 ±  0.078 %
 125       6.2649 ±    0.0426       0.02571 ±    0.00092       0.03768 ±    0.00040     5.647 ±  0.049 %    91.596 ±  0.078 %
 126       6.2606 ±    0.0424       0.02579 ±    0.00092       0.03758 ±    0.00039     5.640 ±  0.049 %    91.614 ±  0.077 %
 127       6.2719 ±    0.0423       0.02582 ±    0.00091       0.03748 ±    0.00039     5.630 ±  0.048 %    91.622 ±  0.077 %
 128       6.2610 ±    0.0421       0.02578 ±    0.00091       0.03753 ±    0.00039     5.637 ±  0.048 %    91.613 ±  0.077 %
 129       6.2600 ±    0.0419       0.02590 ±    0.00091       0.03752 ±    0.00039     5.638 ±  0.048 %    91.612 ±  0.076 %
 130       6.2494 ±    0.0416       0.02593 ±    0.00090       0.03749 ±    0.00038     5.637 ±  0.048 %    91.617 ±  0.076 %
 131       6.2551 ±    0.0415       0.02592 ±    0.00090       0.03740 ±    0.00038     5.626 ±  0.047 %    91.634 ±  0.076 %
 132       6.2559 ±    0.0414       0.02578 ±    0.00090       0.03744 ±    0.00038     5.625 ±  0.047 %    91.627 ±  0.075 %
 133       6.2668 ±    0.0413       0.02591 ±    0.00089       0.03744 ±    0.00038     5.624 ±  0.047 %    91.626 ±  0.075 %
 134       6.2789 ±    0.0413       0.02575 ±    0.00089       0.03752 ±    0.00038     5.641 ±  0.048 %    91.624 ±  0.075 %
 135       6.2746 ±    0.0411       0.02573 ±    0.00089       0.03749 ±    0.00037     5.639 ±  0.047 %    91.624 ±  0.075 %
 136       6.2538 ±    0.0408       0.02567 ±    0.00088       0.03743 ±    0.00037     5.634 ±  0.047 %    91.629 ±  0.074 %
 137       6.2228 ±    0.0404       0.02565 ±    0.00088       0.03738 ±    0.00037     5.632 ±  0.047 %    91.645 ±  0.074 %
 138       6.2299 ±    0.0403       0.02561 ±    0.00088       0.03751 ±    0.00037     5.634 ±  0.047 %    91.643 ±  0.074 %
 139       6.2449 ±    0.0403       0.02554 ±    0.00087       0.03745 ±    0.00037     5.627 ±  0.046 %    91.641 ±  0.073 %
 140       6.2719 ±    0.0403       0.02556 ±    0.00087       0.03743 ±    0.00037     5.622 ±  0.046 %    91.641 ±  0.073 %
 141       6.2592 ±    0.0401       0.02569 ±    0.00087       0.03752 ±    0.00037     5.637 ±  0.046 %    91.649 ±  0.073 %
 142       6.2599 ±    0.0399       0.02556 ±    0.00086       0.03747 ±    0.00037     5.631 ±  0.046 %    91.654 ±  0.073 %
 143       6.2604 ±    0.0398       0.02551 ±    0.00086       0.03741 ±    0.00036     5.628 ±  0.046 %    91.660 ±  0.072 %
 144       6.2720 ±    0.0398       0.02547 ±    0.00086       0.03744 ±    0.00036     5.625 ±  0.045 %    91.647 ±  0.072 %
 145       6.2652 ±    0.0396       0.02555 ±    0.00085       0.03742 ±    0.00036     5.626 ±  0.045 %    91.659 ±  0.072 %

====== Perplexity statistics ======
Mean PPL(Q)                   :   6.265186 ±   0.039595
Mean PPL(base)                :   6.107128 ±   0.038226
Cor(ln(PPL(Q)), ln(PPL(base))):  99.09%
Mean ln(PPL(Q)/PPL(base))     :   0.025552 ±   0.000852
Mean PPL(Q)/PPL(base)         :   1.025881 ±   0.000874
Mean PPL(Q)-PPL(base)         :   0.158058 ±   0.005433

====== KL divergence statistics ======
Mean    KLD:   0.037415 ±   0.000360
Maximum KLD:  20.837461
99.9%   KLD:   1.265674
99.0%   KLD:   0.336845
95.0%   KLD:   0.131225
90.0%   KLD:   0.082550
Median  KLD:   0.014796
10.0%   KLD:   0.000280
 5.0%   KLD:   0.000074
 1.0%   KLD:   0.000009
 0.1%   KLD:   0.000001
Minimum KLD:  -0.000048

====== Token probability statistics ======
Mean    Δp: -0.365 ± 0.015 %
Maximum Δp: 99.970%
99.9%   Δp: 35.609%
99.0%   Δp: 15.250%
95.0%   Δp:  6.385%
90.0%   Δp:  3.561%
75.0%   Δp:  0.633%
Median  Δp: -0.009%
25.0%   Δp: -1.067%
10.0%   Δp: -4.546%
 5.0%   Δp: -8.010%
 1.0%   Δp: -19.141%
 0.1%   Δp: -44.639%
Minimum Δp: -99.534%
RMS Δp    :  5.626 ± 0.045 %
Same top p: 91.659 ± 0.072 %

------------------------------
llama-perplexity --kl-divergence-base /tmp/logits.dat --ctx-size 2048 -f sample-data/wiki.test.raw -hf byteshape/Qwen3.6-35B-A3B-MTP-GGUF:Qwen3.6-35B-A3B-IQ4_XS-3.97bpw -fa on -ngl 99 --cpu-moe -ctk turbo2 -ctv turbo3 --kl-divergence
0.00.583.470 I common_init_result: fitting params to device memory ...
0.00.583.474 I common_init_result: (for bugs during this step try to reproduce them with -fit off, or provide --verbose logs if the bug only occurs with -fit on)
0.02.898.184 W llama_model_loader: tensor overrides to CPU are used with mmap enabled - consider using --no-mmap for better performance
0.04.924.484 W llama_context: n_ctx_seq (2048) < n_ctx_train (262144) -- the full capacity of the model will not be utilized
0.04.954.772 I common_init_from_params: warming up the model with an empty run - please wait ... (--no-warmup to disable)
0.05.050.962 I 
0.05.051.044 I system_info: n_threads = 16 (n_threads_batch = 16) / 32 | CUDA : ARCHS = 500,610,700,750,800,860,890,900 | USE_GRAPHS = 1 | PEER_MAX_BATCH_SIZE = 128 | CPU : SSE3 = 1 | SSSE3 = 1 | AVX = 1 | AVX2 = 1 | F16C = 1 | FMA = 1 | BMI2 = 1 | LLAMAFILE = 1 | OPENMP = 1 | REPACK = 1 | 
0.05.284.597 I kl_divergence: computing over 145 chunks, n_ctx=2048, batch_size=2048, n_seq=1
0.11.954.069 I kl_divergence: 6.67 seconds per pass - ETA 16.12 minutes

chunk             PPL               ln(PPL(Q)/PPL(base))          KL Divergence              Δp RMS            Same top p
   1       4.8805 ±    0.3527       0.02573 ±    0.00998       0.03379 ±    0.00201     5.937 ±  0.344 %    93.255 ±  0.785 %
   2       6.1365 ±    0.3246       0.02583 ±    0.00754       0.03571 ±    0.00156     5.446 ±  0.220 %    91.349 ±  0.622 %
   3       6.5134 ±    0.2845       0.02930 ±    0.00585       0.03536 ±    0.00142     5.643 ±  0.276 %    91.398 ±  0.506 %
   4       6.4847 ±    0.2462       0.02002 ±    0.00495       0.03565 ±    0.00140     5.630 ±  0.227 %    91.496 ±  0.436 %
   5       6.3938 ±    0.2196       0.01996 ±    0.00438       0.03423 ±    0.00115     5.428 ±  0.192 %    91.808 ±  0.383 %
   6       5.5364 ±    0.1687       0.02009 ±    0.00404       0.03536 ±    0.00128     5.719 ±  0.175 %    92.017 ±  0.346 %
   7       5.0390 ±    0.1381       0.02042 ±    0.00377       0.03568 ±    0.00123     5.900 ±  0.174 %    92.180 ±  0.317 %
   8       5.0503 ±    0.1294       0.02036 ±    0.00361       0.03665 ±    0.00112     5.957 ±  0.161 %    92.058 ±  0.299 %
   9       5.3285 ±    0.1297       0.02196 ±    0.00342       0.03790 ±    0.00104     5.899 ±  0.150 %    91.811 ±  0.286 %
  10       5.4577 ±    0.1274       0.02171 ±    0.00323       0.03756 ±    0.00095     5.871 ±  0.140 %    91.896 ±  0.270 %
  11       5.5508 ±    0.1236       0.02119 ±    0.00304       0.03659 ±    0.00088     5.758 ±  0.131 %    91.949 ±  0.257 %
  12       5.7910 ±    0.1248       0.02125 ±    0.00290       0.03644 ±    0.00083     5.659 ±  0.123 %    91.895 ±  0.246 %
  13       5.8506 ±    0.1212       0.02107 ±    0.00279       0.03705 ±    0.00078     5.689 ±  0.116 %    91.932 ±  0.236 %
  14       5.9534 ±    0.1192       0.02185 ±    0.00278       0.03802 ±    0.00078     5.671 ±  0.112 %    91.796 ±  0.229 %
  15       6.0246 ±    0.1169       0.02112 ±    0.00271       0.03829 ±    0.00074     5.690 ±  0.107 %    91.750 ±  0.222 %
  16       6.2059 ±    0.1173       0.02109 ±    0.00262       0.03813 ±    0.00070     5.635 ±  0.102 %    91.685 ±  0.216 %
  17       6.2718 ±    0.1148       0.02152 ±    0.00253       0.03809 ±    0.00067     5.647 ±  0.101 %    91.634 ±  0.210 %
  18       6.3751 ±    0.1136       0.02133 ±    0.00246       0.03792 ±    0.00064     5.595 ±  0.097 %    91.604 ±  0.204 %
  19       6.3253 ±    0.1101       0.02186 ±    0.00238       0.03732 ±    0.00061     5.575 ±  0.096 %    91.691 ±  0.198 %
  20       6.0485 ±    0.1020       0.02289 ±    0.00238       0.03958 ±    0.00078     5.962 ±  0.111 %    91.760 ±  0.192 %
  21       6.0664 ±    0.0997       0.02241 ±    0.00233       0.03978 ±    0.00075     5.931 ±  0.107 %    91.677 ±  0.188 %
  22       6.0971 ±    0.0980       0.02218 ±    0.00226       0.03975 ±    0.00073     5.927 ±  0.104 %    91.691 ±  0.184 %
  23       6.1517 ±    0.0968       0.02237 ±    0.00220       0.03971 ±    0.00071     5.927 ±  0.104 %    91.627 ±  0.181 %
  24       6.1689 ±    0.0948       0.02275 ±    0.00215       0.03979 ±    0.00068     5.925 ±  0.101 %    91.638 ±  0.177 %
  25       6.2197 ±    0.0939       0.02306 ±    0.00210       0.03958 ±    0.00066     5.892 ±  0.098 %    91.660 ±  0.173 %
  26       6.2042 ±    0.0918       0.02319 ±    0.00206       0.03931 ±    0.00064     5.870 ±  0.095 %    91.680 ±  0.169 %
  27       6.3525 ±    0.0928       0.02342 ±    0.00201       0.03912 ±    0.00062     5.825 ±  0.093 %    91.633 ±  0.167 %
  28       6.4347 ±    0.0926       0.02335 ±    0.00196       0.03911 ±    0.00060     5.809 ±  0.091 %    91.572 ±  0.164 %
  29       6.4067 ±    0.0906       0.02407 ±    0.00193       0.03926 ±    0.00059     5.879 ±  0.092 %    91.546 ±  0.162 %
  30       6.3751 ±    0.0885       0.02441 ±    0.00190       0.03959 ±    0.00060     5.928 ±  0.094 %    91.551 ±  0.159 %
  31       6.2955 ±    0.0857       0.02439 ±    0.00187       0.03942 ±    0.00058     5.919 ±  0.091 %    91.530 ±  0.156 %
  32       6.1869 ±    0.0827       0.02370 ±    0.00183       0.03918 ±    0.00057     5.910 ±  0.089 %    91.578 ±  0.153 %
  33       6.1504 ±    0.0809       0.02363 ±    0.00184       0.03999 ±    0.00080     5.955 ±  0.094 %    91.543 ±  0.151 %
  34       6.1493 ±    0.0796       0.02381 ±    0.00180       0.03976 ±    0.00078     5.931 ±  0.092 %    91.550 ±  0.149 %
  35       6.1634 ±    0.0786       0.02332 ±    0.00177       0.03992 ±    0.00077     5.931 ±  0.091 %    91.565 ±  0.147 %
  36       6.1790 ±    0.0779       0.02286 ±    0.00175       0.03982 ±    0.00075     5.914 ±  0.089 %    91.580 ±  0.145 %
  37       6.0895 ±    0.0754       0.02270 ±    0.00171       0.03942 ±    0.00073     5.898 ±  0.088 %    91.638 ±  0.142 %
  38       6.0244 ±    0.0733       0.02265 ±    0.00168       0.03909 ±    0.00072     5.880 ±  0.086 %    91.673 ±  0.140 %
  39       5.9516 ±    0.0713       0.02254 ±    0.00165       0.03899 ±    0.00071     5.898 ±  0.087 %    91.686 ±  0.138 %
  40       5.8740 ±    0.0691       0.02280 ±    0.00163       0.03874 ±    0.00069     5.901 ±  0.085 %    91.718 ±  0.136 %
  41       5.8293 ±    0.0676       0.02292 ±    0.00161       0.03871 ±    0.00068     5.930 ±  0.085 %    91.705 ±  0.135 %
  42       5.8646 ±    0.0673       0.02294 ±    0.00158       0.03858 ±    0.00066     5.904 ±  0.084 %    91.686 ±  0.133 %
  43       6.0006 ±    0.0686       0.02304 ±    0.00157       0.03892 ±    0.00069     5.919 ±  0.086 %    91.639 ±  0.132 %
  44       6.1077 ±    0.0694       0.02277 ±    0.00155       0.03887 ±    0.00067     5.891 ±  0.085 %    91.582 ±  0.131 %
  45       6.0832 ±    0.0682       0.02274 ±    0.00154       0.03932 ±    0.00066     5.917 ±  0.083 %    91.530 ±  0.130 %
  46       6.1011 ±    0.0677       0.02301 ±    0.00153       0.03955 ±    0.00066     5.933 ±  0.083 %    91.513 ±  0.128 %
  47       6.1330 ±    0.0674       0.02327 ±    0.00151       0.03950 ±    0.00064     5.927 ±  0.082 %    91.494 ±  0.127 %
  48       6.1477 ±    0.0668       0.02345 ±    0.00150       0.03972 ±    0.00064     5.947 ±  0.082 %    91.479 ±  0.126 %
  49       6.1914 ±    0.0667       0.02306 ±    0.00149       0.04000 ±    0.00063     5.958 ±  0.081 %    91.428 ±  0.125 %
  50       6.1695 ±    0.0658       0.02351 ±    0.00148       0.03997 ±    0.00062     5.956 ±  0.080 %    91.451 ±  0.124 %
  51       6.2068 ±    0.0656       0.02350 ±    0.00146       0.03973 ±    0.00061     5.934 ±  0.079 %    91.480 ±  0.122 %
  52       6.1598 ±    0.0643       0.02346 ±    0.00144       0.03954 ±    0.00060     5.925 ±  0.078 %    91.497 ±  0.121 %
  53       6.1437 ±    0.0635       0.02360 ±    0.00143       0.03951 ±    0.00059     5.917 ±  0.077 %    91.475 ±  0.120 %
  54       6.1248 ±    0.0626       0.02363 ±    0.00141       0.03935 ±    0.00058     5.900 ±  0.076 %    91.506 ±  0.119 %
  55       6.0856 ±    0.0615       0.02390 ±    0.00139       0.03930 ±    0.00057     5.904 ±  0.076 %    91.540 ±  0.117 %
  56       6.0759 ±    0.0608       0.02454 ±    0.00138       0.03942 ±    0.00057     5.931 ±  0.075 %    91.532 ±  0.116 %
  57       6.0228 ±    0.0596       0.02430 ±    0.00137       0.03929 ±    0.00056     5.924 ±  0.075 %    91.545 ±  0.115 %
  58       6.0172 ±    0.0591       0.02511 ±    0.00136       0.03941 ±    0.00056     5.919 ±  0.074 %    91.546 ±  0.114 %
  59       5.9934 ±    0.0583       0.02524 ±    0.00136       0.03971 ±    0.00055     5.948 ±  0.073 %    91.565 ±  0.113 %
  60       5.9906 ±    0.0578       0.02522 ±    0.00134       0.03958 ±    0.00054     5.938 ±  0.072 %    91.585 ±  0.112 %
  61       6.0096 ±    0.0576       0.02510 ±    0.00133       0.03953 ±    0.00054     5.929 ±  0.071 %    91.590 ±  0.111 %
  62       6.0447 ±    0.0575       0.02529 ±    0.00132       0.03955 ±    0.00053     5.915 ±  0.070 %    91.554 ±  0.110 %
  63       6.0820 ±    0.0575       0.02514 ±    0.00131       0.03957 ±    0.00052     5.913 ±  0.070 %    91.539 ±  0.110 %
  64       6.1159 ±    0.0575       0.02515 ±    0.00130       0.03950 ±    0.00052     5.889 ±  0.069 %    91.528 ±  0.109 %
  65       6.0675 ±    0.0564       0.02499 ±    0.00128       0.03936 ±    0.00051     5.888 ±  0.068 %    91.545 ±  0.108 %
  66       6.0930 ±    0.0564       0.02542 ±    0.00128       0.03936 ±    0.00050     5.883 ±  0.068 %    91.544 ±  0.107 %
  67       6.0815 ±    0.0558       0.02508 ±    0.00127       0.03930 ±    0.00050     5.871 ±  0.067 %    91.544 ±  0.106 %
  68       6.0641 ±    0.0551       0.02524 ±    0.00126       0.03934 ±    0.00049     5.874 ±  0.066 %    91.565 ±  0.105 %
  69       6.0561 ±    0.0546       0.02493 ±    0.00125       0.03930 ±    0.00049     5.883 ±  0.067 %    91.566 ±  0.105 %
  70       6.0530 ±    0.0542       0.02525 ±    0.00125       0.03937 ±    0.00049     5.887 ±  0.066 %    91.561 ±  0.104 %
  71       6.0302 ±    0.0536       0.02535 ±    0.00124       0.03967 ±    0.00050     5.906 ±  0.066 %    91.551 ±  0.103 %
  72       6.0313 ±    0.0532       0.02519 ±    0.00123       0.03974 ±    0.00049     5.915 ±  0.065 %    91.542 ±  0.103 %
  73       6.0592 ±    0.0532       0.02536 ±    0.00123       0.03985 ±    0.00049     5.906 ±  0.064 %    91.530 ±  0.102 %
  74       6.0882 ±    0.0531       0.02540 ±    0.00122       0.03984 ±    0.00048     5.906 ±  0.064 %    91.535 ±  0.101 %
  75       6.0771 ±    0.0527       0.02549 ±    0.00121       0.03968 ±    0.00048     5.897 ±  0.064 %    91.540 ±  0.100 %
  76       6.0982 ±    0.0525       0.02518 ±    0.00120       0.03965 ±    0.00048     5.891 ±  0.063 %    91.534 ±  0.100 %
  77       6.0942 ±    0.0521       0.02529 ±    0.00119       0.03960 ±    0.00047     5.890 ±  0.063 %    91.536 ±  0.099 %
  78       6.0862 ±    0.0516       0.02528 ±    0.00118       0.03957 ±    0.00047     5.886 ±  0.062 %    91.524 ±  0.099 %
  79       6.1135 ±    0.0516       0.02520 ±    0.00117       0.03956 ±    0.00046     5.881 ±  0.062 %    91.513 ±  0.098 %
  80       6.0716 ±    0.0508       0.02491 ±    0.00117       0.03991 ±    0.00046     5.944 ±  0.061 %    91.492 ±  0.098 %
  81       6.0837 ±    0.0506       0.02537 ±    0.00116       0.04020 ±    0.00045     5.957 ±  0.061 %    91.458 ±  0.097 %
  82       6.0564 ±    0.0501       0.02516 ±    0.00116       0.04021 ±    0.00045     5.964 ±  0.060 %    91.455 ±  0.097 %
  83       6.0513 ±    0.0497       0.02538 ±    0.00115       0.04017 ±    0.00044     5.966 ±  0.060 %    91.453 ±  0.096 %
  84       6.0336 ±    0.0492       0.02531 ±    0.00114       0.04005 ±    0.00044     5.953 ±  0.059 %    91.455 ±  0.095 %
  85       6.0171 ±    0.0488       0.02520 ±    0.00113       0.03994 ±    0.00044     5.949 ±  0.059 %    91.460 ±  0.095 %
  86       6.0325 ±    0.0486       0.02535 ±    0.00113       0.03993 ±    0.00043     5.945 ±  0.058 %    91.449 ±  0.094 %
  87       6.0135 ±    0.0481       0.02537 ±    0.00112       0.03985 ±    0.00043     5.937 ±  0.058 %    91.429 ±  0.094 %
  88       6.0087 ±    0.0478       0.02546 ±    0.00111       0.03980 ±    0.00042     5.940 ±  0.058 %    91.415 ±  0.093 %
  89       6.0270 ±    0.0478       0.02524 ±    0.00111       0.03987 ±    0.00042     5.935 ±  0.057 %    91.398 ±  0.093 %
  90       6.0346 ±    0.0475       0.02531 ±    0.00110       0.03984 ±    0.00042     5.931 ±  0.057 %    91.404 ±  0.092 %
  91       6.0858 ±    0.0478       0.02558 ±    0.00110       0.03999 ±    0.00042     5.932 ±  0.057 %    91.356 ±  0.092 %
  92       6.1258 ±    0.0479       0.02565 ±    0.00109       0.03999 ±    0.00041     5.919 ±  0.057 %    91.340 ±  0.092 %
  93       6.1573 ±    0.0480       0.02577 ±    0.00109       0.03997 ±    0.00041     5.906 ±  0.056 %    91.315 ±  0.091 %
  94       6.1832 ±    0.0480       0.02598 ±    0.00108       0.03996 ±    0.00041     5.897 ±  0.056 %    91.305 ±  0.091 %
  95       6.2184 ±    0.0480       0.02613 ±    0.00108       0.03990 ±    0.00040     5.884 ±  0.055 %    91.293 ±  0.090 %
  96       6.2614 ±    0.0482       0.02610 ±    0.00107       0.03987 ±    0.00040     5.872 ±  0.055 %    91.291 ±  0.090 %
  97       6.3169 ±    0.0486       0.02654 ±    0.00107       0.04006 ±    0.00040     5.870 ±  0.055 %    91.274 ±  0.090 %
  98       6.3099 ±    0.0482       0.02645 ±    0.00106       0.04009 ±    0.00040     5.869 ±  0.054 %    91.281 ±  0.089 %
  99       6.3192 ±    0.0481       0.02662 ±    0.00106       0.04003 ±    0.00039     5.858 ±  0.054 %    91.275 ±  0.089 %
 100       6.3286 ±    0.0479       0.02673 ±    0.00106       0.04024 ±    0.00039     5.869 ±  0.054 %    91.255 ±  0.088 %
 101       6.3041 ±    0.0474       0.02673 ±    0.00105       0.04040 ±    0.00039     5.902 ±  0.054 %    91.236 ±  0.088 %
 102       6.3070 ±    0.0472       0.02659 ±    0.00105       0.04041 ±    0.00039     5.896 ±  0.053 %    91.224 ±  0.088 %
 103       6.3060 ±    0.0470       0.02654 ±    0.00104       0.04050 ±    0.00038     5.903 ±  0.053 %    91.200 ±  0.087 %
 104       6.3056 ±    0.0467       0.02655 ±    0.00104       0.04087 ±    0.00038     5.919 ±  0.052 %    91.177 ±  0.087 %
 105       6.2984 ±    0.0464       0.02654 ±    0.00104       0.04097 ±    0.00038     5.926 ±  0.052 %    91.153 ±  0.087 %
 106       6.2821 ±    0.0461       0.02670 ±    0.00104       0.04119 ±    0.00038     5.959 ±  0.052 %    91.147 ±  0.086 %
 107       6.2943 ±    0.0460       0.02655 ±    0.00103       0.04119 ±    0.00038     5.961 ±  0.052 %    91.147 ±  0.086 %
 108       6.2865 ±    0.0457       0.02653 ±    0.00103       0.04112 ±    0.00038     5.961 ±  0.052 %    91.156 ±  0.085 %
 109       6.2917 ±    0.0455       0.02645 ±    0.00102       0.04102 ±    0.00037     5.955 ±  0.052 %    91.157 ±  0.085 %
 110       6.2917 ±    0.0453       0.02648 ±    0.00101       0.04095 ±    0.00037     5.946 ±  0.051 %    91.177 ±  0.085 %
 111       6.2767 ±    0.0450       0.02646 ±    0.00101       0.04115 ±    0.00040     5.958 ±  0.052 %    91.170 ±  0.084 %
 112       6.2627 ±    0.0446       0.02642 ±    0.00101       0.04104 ±    0.00040     5.953 ±  0.051 %    91.186 ±  0.084 %
 113       6.2403 ±    0.0443       0.02662 ±    0.00100       0.04109 ±    0.00039     5.964 ±  0.051 %    91.190 ±  0.083 %
 114       6.2686 ±    0.0443       0.02663 ±    0.00100       0.04110 ±    0.00039     5.965 ±  0.051 %    91.181 ±  0.083 %
 115       6.2729 ±    0.0442       0.02644 ±    0.00099       0.04113 ±    0.00039     5.963 ±  0.050 %    91.185 ±  0.083 %
 116       6.2829 ±    0.0441       0.02646 ±    0.00099       0.04117 ±    0.00039     5.961 ±  0.050 %    91.182 ±  0.082 %
 117       6.2919 ±    0.0440       0.02637 ±    0.00099       0.04125 ±    0.00039     5.960 ±  0.050 %    91.175 ±  0.082 %
 118       6.2881 ±    0.0438       0.02640 ±    0.00098       0.04143 ±    0.00039     5.959 ±  0.050 %    91.173 ±  0.082 %
 119       6.2694 ±    0.0434       0.02655 ±    0.00098       0.04157 ±    0.00040     5.981 ±  0.050 %    91.169 ±  0.081 %
 120       6.2772 ±    0.0433       0.02668 ±    0.00097       0.04156 ±    0.00039     5.986 ±  0.049 %    91.175 ±  0.081 %
 121       6.2741 ±    0.0431       0.02668 ±    0.00097       0.04147 ±    0.00039     5.978 ±  0.049 %    91.185 ±  0.081 %
 122       6.2690 ±    0.0429       0.02670 ±    0.00096       0.04137 ±    0.00039     5.972 ±  0.049 %    91.195 ±  0.080 %
 123       6.2588 ±    0.0427       0.02653 ±    0.00096       0.04125 ±    0.00038     5.964 ±  0.049 %    91.207 ±  0.080 %
 124       6.2551 ±    0.0425       0.02656 ±    0.00095       0.04120 ±    0.00038     5.967 ±  0.049 %    91.220 ±  0.079 %
 125       6.2712 ±    0.0425       0.02671 ±    0.00095       0.04124 ±    0.00038     5.966 ±  0.048 %    91.216 ±  0.079 %
 126       6.2671 ±    0.0423       0.02682 ±    0.00095       0.04111 ±    0.00038     5.956 ±  0.048 %    91.239 ±  0.079 %
 127       6.2782 ±    0.0422       0.02682 ±    0.00094       0.04101 ±    0.00037     5.945 ±  0.048 %    91.241 ±  0.078 %
 128       6.2674 ±    0.0420       0.02680 ±    0.00094       0.04106 ±    0.00037     5.952 ±  0.048 %    91.231 ±  0.078 %
 129       6.2663 ±    0.0418       0.02692 ±    0.00093       0.04105 ±    0.00037     5.950 ±  0.047 %    91.234 ±  0.078 %
 130       6.2552 ±    0.0415       0.02686 ±    0.00093       0.04100 ±    0.00037     5.946 ±  0.047 %    91.243 ±  0.078 %
 131       6.2610 ±    0.0414       0.02687 ±    0.00093       0.04091 ±    0.00036     5.935 ±  0.047 %    91.255 ±  0.077 %
 132       6.2629 ±    0.0413       0.02689 ±    0.00092       0.04097 ±    0.00036     5.936 ±  0.046 %    91.251 ±  0.077 %
 133       6.2745 ±    0.0412       0.02714 ±    0.00092       0.04104 ±    0.00036     5.940 ±  0.046 %    91.241 ±  0.077 %
 134       6.2866 ±    0.0412       0.02698 ±    0.00092       0.04109 ±    0.00036     5.942 ±  0.046 %    91.234 ±  0.076 %
 135       6.2814 ±    0.0410       0.02680 ±    0.00091       0.04104 ±    0.00036     5.941 ±  0.046 %    91.237 ±  0.076 %
 136       6.2602 ±    0.0407       0.02669 ±    0.00091       0.04099 ±    0.00036     5.940 ±  0.046 %    91.248 ±  0.076 %
 137       6.2290 ±    0.0403       0.02663 ±    0.00090       0.04092 ±    0.00035     5.937 ±  0.046 %    91.261 ±  0.075 %
 138       6.2365 ±    0.0402       0.02666 ±    0.00090       0.04099 ±    0.00035     5.936 ±  0.045 %    91.260 ±  0.075 %
 139       6.2517 ±    0.0402       0.02662 ±    0.00090       0.04093 ±    0.00035     5.929 ±  0.045 %    91.270 ±  0.075 %
 140       6.2782 ±    0.0402       0.02656 ±    0.00089       0.04087 ±    0.00035     5.919 ±  0.045 %    91.269 ±  0.075 %
 141       6.2656 ±    0.0400       0.02672 ±    0.00089       0.04098 ±    0.00035     5.938 ±  0.045 %    91.264 ±  0.074 %
 142       6.2670 ±    0.0399       0.02669 ±    0.00089       0.04098 ±    0.00035     5.939 ±  0.045 %    91.269 ±  0.074 %
 143       6.2673 ±    0.0397       0.02662 ±    0.00088       0.04091 ±    0.00035     5.932 ±  0.044 %    91.275 ±  0.074 %
 144       6.2788 ±    0.0397       0.02656 ±    0.00088       0.04093 ±    0.00034     5.929 ±  0.044 %    91.261 ±  0.074 %
 145       6.2719 ±    0.0395       0.02662 ±    0.00088       0.04094 ±    0.00034     5.932 ±  0.044 %    91.268 ±  0.073 %

====== Perplexity statistics ======
Mean PPL(Q)                   :   6.271908 ±   0.039502
Mean PPL(base)                :   6.107128 ±   0.038226
Cor(ln(PPL(Q)), ln(PPL(base))):  99.03%
Mean ln(PPL(Q)/PPL(base))     :   0.026624 ±   0.000877
Mean PPL(Q)/PPL(base)         :   1.026982 ±   0.000901
Mean PPL(Q)-PPL(base)         :   0.164780 ±   0.005573

====== KL divergence statistics ======
Mean    KLD:   0.040943 ±   0.000344
Maximum KLD:  18.056534
99.9%   KLD:   1.363242
99.0%   KLD:   0.362088
95.0%   KLD:   0.142073
90.0%   KLD:   0.090450
Median  KLD:   0.017195
10.0%   KLD:   0.000346
 5.0%   KLD:   0.000091
 1.0%   KLD:   0.000012
 0.1%   KLD:   0.000001
Minimum KLD:  -0.000025

====== Token probability statistics ======
Mean    Δp: -0.541 ± 0.015 %
Maximum Δp: 99.693%
99.9%   Δp: 37.063%
99.0%   Δp: 15.583%
95.0%   Δp:  6.625%
90.0%   Δp:  3.568%
75.0%   Δp:  0.565%
Median  Δp: -0.017%
25.0%   Δp: -1.310%
10.0%   Δp: -5.225%
 5.0%   Δp: -8.927%
 1.0%   Δp: -20.571%
 0.1%   Δp: -47.971%
Minimum Δp: -95.715%
RMS Δp    :  5.932 ± 0.044 %
Same top p: 91.268 ± 0.073 %

------------------------------
llama-perplexity --kl-divergence-base /tmp/logits.dat --ctx-size 2048 -f sample-data/wiki.test.raw -hf byteshape/Qwen3.6-35B-A3B-MTP-GGUF:Qwen3.6-35B-A3B-IQ4_XS-3.97bpw -fa on -ngl 99 --cpu-moe -ctk turbo2 -ctv turbo2 --kl-divergence
0.00.497.467 I common_init_result: fitting params to device memory ...
0.00.497.471 I common_init_result: (for bugs during this step try to reproduce them with -fit off, or provide --verbose logs if the bug only occurs with -fit on)
0.02.960.884 W llama_model_loader: tensor overrides to CPU are used with mmap enabled - consider using --no-mmap for better performance
0.05.026.709 W llama_context: n_ctx_seq (2048) < n_ctx_train (262144) -- the full capacity of the model will not be utilized
0.05.057.920 I common_init_from_params: warming up the model with an empty run - please wait ... (--no-warmup to disable)
0.05.164.759 I 
0.05.164.864 I system_info: n_threads = 16 (n_threads_batch = 16) / 32 | CUDA : ARCHS = 500,610,700,750,800,860,890,900 | USE_GRAPHS = 1 | PEER_MAX_BATCH_SIZE = 128 | CPU : SSE3 = 1 | SSSE3 = 1 | AVX = 1 | AVX2 = 1 | F16C = 1 | FMA = 1 | BMI2 = 1 | LLAMAFILE = 1 | OPENMP = 1 | REPACK = 1 | 
0.05.404.426 I kl_divergence: computing over 145 chunks, n_ctx=2048, batch_size=2048, n_seq=1
0.12.434.004 I kl_divergence: 7.03 seconds per pass - ETA 16.98 minutes

chunk             PPL               ln(PPL(Q)/PPL(base))          KL Divergence              Δp RMS            Same top p
   1       4.9094 ±    0.3551       0.03163 ±    0.01283       0.04338 ±    0.00290     7.228 ±  0.461 %    92.278 ±  0.835 %
   2       6.1384 ±    0.3254       0.02614 ±    0.00850       0.04405 ±    0.00228     6.402 ±  0.350 %    91.544 ±  0.615 %
   3       6.5251 ±    0.2855       0.03111 ±    0.00647       0.04239 ±    0.00197     6.478 ±  0.340 %    91.430 ±  0.505 %
   4       6.5446 ±    0.2505       0.02921 ±    0.00545       0.04159 ±    0.00172     6.402 ±  0.305 %    91.740 ±  0.430 %
   5       6.4510 ±    0.2228       0.02885 ±    0.00481       0.04001 ±    0.00143     6.194 ±  0.260 %    91.848 ±  0.383 %
   6       5.5854 ±    0.1713       0.02888 ±    0.00445       0.04122 ±    0.00143     6.426 ±  0.248 %    92.164 ±  0.343 %
   7       5.0986 ±    0.1408       0.03217 ±    0.00412       0.04156 ±    0.00136     6.562 ±  0.231 %    92.347 ±  0.314 %
   8       5.0989 ±    0.1314       0.02994 ±    0.00402       0.04313 ±    0.00126     6.708 ±  0.217 %    92.351 ±  0.294 %
   9       5.3708 ±    0.1315       0.02987 ±    0.00383       0.04435 ±    0.00116     6.563 ±  0.199 %    92.050 ±  0.282 %
  10       5.5011 ±    0.1294       0.02963 ±    0.00359       0.04374 ±    0.00108     6.480 ±  0.185 %    92.023 ±  0.268 %
  11       5.5915 ±    0.1253       0.02849 ±    0.00335       0.04222 ±    0.00099     6.330 ±  0.173 %    92.011 ±  0.256 %
  12       5.8259 ±    0.1262       0.02727 ±    0.00317       0.04210 ±    0.00098     6.229 ±  0.167 %    91.830 ±  0.247 %
  13       5.8876 ±    0.1226       0.02738 ±    0.00307       0.04264 ±    0.00096     6.263 ±  0.161 %    91.826 ±  0.238 %
  14       5.9931 ±    0.1207       0.02849 ±    0.00296       0.04360 ±    0.00093     6.239 ±  0.153 %    91.698 ±  0.231 %
  15       6.0633 ±    0.1183       0.02753 ±    0.00287       0.04396 ±    0.00089     6.253 ±  0.145 %    91.587 ±  0.224 %
  16       6.2424 ±    0.1185       0.02695 ±    0.00278       0.04391 ±    0.00084     6.209 ±  0.138 %    91.520 ±  0.218 %
  17       6.3096 ±    0.1161       0.02752 ±    0.00273       0.04367 ±    0.00081     6.180 ±  0.133 %    91.496 ±  0.212 %
  18       6.4126 ±    0.1150       0.02720 ±    0.00264       0.04331 ±    0.00078     6.112 ±  0.128 %    91.517 ±  0.205 %
  19       6.3641 ±    0.1114       0.02797 ±    0.00257       0.04272 ±    0.00075     6.055 ±  0.123 %    91.624 ±  0.199 %
  20       6.0814 ±    0.1031       0.02832 ±    0.00254       0.04516 ±    0.00088     6.375 ±  0.124 %    91.637 ±  0.194 %
  21       6.0986 ±    0.1008       0.02769 ±    0.00247       0.04520 ±    0.00084     6.324 ±  0.119 %    91.621 ±  0.189 %
  22       6.1246 ±    0.0990       0.02669 ±    0.00240       0.04494 ±    0.00081     6.272 ±  0.115 %    91.598 ±  0.185 %
  23       6.1796 ±    0.0978       0.02690 ±    0.00236       0.04497 ±    0.00079     6.231 ±  0.112 %    91.559 ±  0.181 %
  24       6.1947 ±    0.0957       0.02691 ±    0.00230       0.04478 ±    0.00076     6.213 ±  0.108 %    91.549 ±  0.178 %
  25       6.2459 ±    0.0948       0.02725 ±    0.00224       0.04461 ±    0.00074     6.187 ±  0.106 %    91.527 ±  0.174 %
  26       6.2324 ±    0.0927       0.02772 ±    0.00219       0.04437 ±    0.00071     6.173 ±  0.103 %    91.544 ±  0.171 %
  27       6.3817 ±    0.0937       0.02801 ±    0.00214       0.04414 ±    0.00069     6.121 ±  0.101 %    91.452 ±  0.168 %
  28       6.4592 ±    0.0934       0.02715 ±    0.00210       0.04419 ±    0.00067     6.126 ±  0.100 %    91.387 ±  0.166 %
  29       6.4302 ±    0.0914       0.02773 ±    0.00206       0.04444 ±    0.00067     6.215 ±  0.100 %    91.378 ±  0.163 %
  30       6.3994 ±    0.0893       0.02821 ±    0.00204       0.04449 ±    0.00066     6.214 ±  0.099 %    91.385 ±  0.160 %
  31       6.3237 ±    0.0866       0.02886 ±    0.00200       0.04450 ±    0.00064     6.215 ±  0.097 %    91.376 ±  0.158 %
  32       6.2128 ±    0.0835       0.02789 ±    0.00197       0.04432 ±    0.00063     6.233 ±  0.096 %    91.431 ±  0.155 %
  33       6.1746 ±    0.0816       0.02755 ±    0.00197       0.04574 ±    0.00106     6.329 ±  0.104 %    91.416 ±  0.152 %
  34       6.1723 ±    0.0803       0.02754 ±    0.00193       0.04537 ±    0.00103     6.292 ±  0.102 %    91.409 ±  0.150 %
  35       6.1867 ±    0.0793       0.02709 ±    0.00190       0.04550 ±    0.00101     6.299 ±  0.100 %    91.403 ±  0.148 %
  36       6.2042 ±    0.0786       0.02693 ±    0.00186       0.04536 ±    0.00098     6.278 ±  0.098 %    91.422 ±  0.146 %
  37       6.1152 ±    0.0761       0.02692 ±    0.00183       0.04489 ±    0.00096     6.242 ±  0.096 %    91.488 ±  0.143 %
  38       6.0490 ±    0.0740       0.02673 ±    0.00180       0.04465 ±    0.00094     6.231 ±  0.094 %    91.501 ±  0.141 %
  39       5.9777 ±    0.0719       0.02690 ±    0.00177       0.04461 ±    0.00093     6.257 ±  0.095 %    91.518 ±  0.139 %
  40       5.8983 ±    0.0698       0.02692 ±    0.00175       0.04434 ±    0.00090     6.247 ±  0.093 %    91.508 ±  0.138 %
  41       5.8547 ±    0.0682       0.02727 ±    0.00173       0.04428 ±    0.00089     6.289 ±  0.093 %    91.493 ±  0.136 %
  42       5.8899 ±    0.0679       0.02725 ±    0.00170       0.04410 ±    0.00087     6.266 ±  0.092 %    91.512 ±  0.134 %
  43       6.0278 ±    0.0692       0.02757 ±    0.00169       0.04447 ±    0.00089     6.264 ±  0.093 %    91.466 ±  0.133 %
  44       6.1380 ±    0.0701       0.02772 ±    0.00167       0.04457 ±    0.00087     6.240 ±  0.092 %    91.411 ±  0.132 %
  45       6.1144 ±    0.0690       0.02785 ±    0.00166       0.04519 ±    0.00086     6.286 ±  0.090 %    91.402 ±  0.131 %
  46       6.1318 ±    0.0685       0.02802 ±    0.00165       0.04540 ±    0.00085     6.298 ±  0.090 %    91.387 ±  0.129 %
  47       6.1622 ±    0.0681       0.02801 ±    0.00163       0.04526 ±    0.00083     6.274 ±  0.088 %    91.367 ±  0.128 %
  48       6.1764 ±    0.0675       0.02811 ±    0.00162       0.04549 ±    0.00082     6.288 ±  0.087 %    91.357 ±  0.127 %
  49       6.2208 ±    0.0674       0.02780 ±    0.00160       0.04568 ±    0.00080     6.305 ±  0.087 %    91.326 ±  0.126 %
  50       6.1971 ±    0.0664       0.02798 ±    0.00159       0.04568 ±    0.00079     6.304 ±  0.086 %    91.337 ±  0.124 %
  51       6.2356 ±    0.0662       0.02813 ±    0.00157       0.04542 ±    0.00078     6.279 ±  0.085 %    91.358 ±  0.123 %
  52       6.1859 ±    0.0649       0.02768 ±    0.00156       0.04530 ±    0.00077     6.283 ±  0.084 %    91.385 ±  0.122 %
  53       6.1683 ±    0.0640       0.02760 ±    0.00154       0.04521 ±    0.00075     6.269 ±  0.083 %    91.361 ±  0.121 %
  54       6.1490 ±    0.0631       0.02758 ±    0.00152       0.04499 ±    0.00074     6.252 ±  0.082 %    91.373 ±  0.119 %
  55       6.1104 ±    0.0620       0.02796 ±    0.00150       0.04489 ±    0.00073     6.256 ±  0.081 %    91.373 ±  0.118 %
  56       6.0983 ±    0.0613       0.02823 ±    0.00148       0.04485 ±    0.00072     6.262 ±  0.080 %    91.359 ±  0.117 %
  57       6.0467 ±    0.0601       0.02825 ±    0.00147       0.04476 ±    0.00071     6.260 ±  0.079 %    91.388 ±  0.116 %
  58       6.0398 ±    0.0595       0.02885 ±    0.00146       0.04481 ±    0.00070     6.270 ±  0.078 %    91.373 ±  0.115 %
  59       6.0174 ±    0.0587       0.02924 ±    0.00146       0.04519 ±    0.00069     6.309 ±  0.078 %    91.385 ±  0.114 %
  60       6.0139 ±    0.0583       0.02909 ±    0.00144       0.04502 ±    0.00068     6.295 ±  0.077 %    91.396 ±  0.113 %
  61       6.0337 ±    0.0581       0.02911 ±    0.00143       0.04495 ±    0.00067     6.280 ±  0.076 %    91.379 ±  0.112 %
  62       6.0680 ±    0.0580       0.02914 ±    0.00142       0.04494 ±    0.00066     6.260 ±  0.075 %    91.349 ±  0.112 %
  63       6.1082 ±    0.0580       0.02944 ±    0.00141       0.04491 ±    0.00065     6.239 ±  0.074 %    91.308 ±  0.111 %
  64       6.1425 ±    0.0580       0.02950 ±    0.00140       0.04481 ±    0.00064     6.220 ±  0.074 %    91.302 ±  0.110 %
  65       6.0942 ±    0.0569       0.02938 ±    0.00139       0.04472 ±    0.00064     6.220 ±  0.073 %    91.332 ±  0.109 %
  66       6.1175 ±    0.0568       0.02944 ±    0.00138       0.04481 ±    0.00063     6.228 ±  0.073 %    91.322 ±  0.108 %
  67       6.1072 ±    0.0562       0.02930 ±    0.00137       0.04481 ±    0.00062     6.237 ±  0.073 %    91.315 ±  0.108 %
  68       6.0905 ±    0.0556       0.02958 ±    0.00136       0.04488 ±    0.00062     6.245 ±  0.072 %    91.317 ±  0.107 %
  69       6.0813 ±    0.0551       0.02908 ±    0.00135       0.04477 ±    0.00061     6.247 ±  0.072 %    91.307 ±  0.106 %
  70       6.0784 ±    0.0547       0.02942 ±    0.00134       0.04482 ±    0.00061     6.245 ±  0.072 %    91.303 ±  0.105 %
  71       6.0556 ±    0.0540       0.02957 ±    0.00134       0.04512 ±    0.00061     6.268 ±  0.071 %    91.292 ±  0.105 %
  72       6.0579 ±    0.0537       0.02958 ±    0.00133       0.04527 ±    0.00060     6.278 ±  0.071 %    91.289 ±  0.104 %
  73       6.0855 ±    0.0537       0.02968 ±    0.00132       0.04535 ±    0.00060     6.274 ±  0.070 %    91.269 ±  0.103 %
  74       6.1140 ±    0.0536       0.02962 ±    0.00131       0.04525 ±    0.00059     6.253 ±  0.070 %    91.275 ±  0.103 %
  75       6.1029 ±    0.0531       0.02971 ±    0.00130       0.04505 ±    0.00058     6.237 ±  0.069 %    91.294 ±  0.102 %
  76       6.1236 ±    0.0530       0.02933 ±    0.00129       0.04501 ±    0.00058     6.224 ±  0.068 %    91.299 ±  0.101 %
  77       6.1206 ±    0.0525       0.02961 ±    0.00128       0.04496 ±    0.00057     6.214 ±  0.068 %    91.303 ±  0.100 %
  78       6.1124 ±    0.0521       0.02959 ±    0.00127       0.04501 ±    0.00057     6.215 ±  0.067 %    91.294 ±  0.100 %
  79       6.1403 ±    0.0520       0.02957 ±    0.00126       0.04492 ±    0.00056     6.198 ±  0.066 %    91.296 ±  0.099 %
  80       6.0998 ±    0.0513       0.02956 ±    0.00126       0.04533 ±    0.00056     6.260 ±  0.066 %    91.288 ±  0.099 %
  81       6.1109 ±    0.0511       0.02982 ±    0.00126       0.04571 ±    0.00056     6.278 ±  0.065 %    91.234 ±  0.098 %
  82       6.0854 ±    0.0505       0.02993 ±    0.00125       0.04572 ±    0.00055     6.280 ±  0.065 %    91.243 ±  0.098 %
  83       6.0798 ±    0.0502       0.03009 ±    0.00124       0.04571 ±    0.00055     6.291 ±  0.064 %    91.224 ±  0.097 %
  84       6.0643 ±    0.0497       0.03039 ±    0.00124       0.04568 ±    0.00054     6.287 ±  0.064 %    91.214 ±  0.097 %
  85       6.0474 ±    0.0493       0.03022 ±    0.00123       0.04557 ±    0.00054     6.287 ±  0.064 %    91.225 ±  0.096 %
  86       6.0608 ±    0.0491       0.03004 ±    0.00122       0.04548 ±    0.00053     6.275 ±  0.063 %    91.226 ±  0.095 %
  87       6.0412 ±    0.0486       0.02996 ±    0.00121       0.04538 ±    0.00053     6.272 ±  0.063 %    91.200 ±  0.095 %
  88       6.0363 ±    0.0483       0.03005 ±    0.00120       0.04532 ±    0.00052     6.273 ±  0.063 %    91.192 ±  0.094 %
  89       6.0544 ±    0.0482       0.02978 ±    0.00120       0.04536 ±    0.00052     6.268 ±  0.062 %    91.178 ±  0.094 %
  90       6.0622 ±    0.0480       0.02986 ±    0.00119       0.04530 ±    0.00051     6.264 ±  0.062 %    91.189 ±  0.093 %
  91       6.1132 ±    0.0482       0.03008 ±    0.00119       0.04555 ±    0.00051     6.272 ±  0.062 %    91.134 ±  0.093 %
  92       6.1530 ±    0.0484       0.03008 ±    0.00118       0.04561 ±    0.00051     6.266 ±  0.061 %    91.114 ±  0.093 %
  93       6.1848 ±    0.0484       0.03022 ±    0.00118       0.04561 ±    0.00051     6.257 ±  0.061 %    91.090 ±  0.092 %
  94       6.2118 ±    0.0484       0.03059 ±    0.00117       0.04561 ±    0.00050     6.246 ±  0.061 %    91.086 ±  0.092 %
  95       6.2489 ±    0.0485       0.03103 ±    0.00117       0.04555 ±    0.00050     6.232 ±  0.060 %    91.073 ±  0.091 %
  96       6.2922 ±    0.0487       0.03101 ±    0.00116       0.04551 ±    0.00049     6.217 ±  0.060 %    91.069 ±  0.091 %
  97       6.3475 ±    0.0490       0.03138 ±    0.00116       0.04581 ±    0.00051     6.218 ±  0.060 %    91.054 ±  0.091 %
  98       6.3414 ±    0.0487       0.03143 ±    0.00115       0.04582 ±    0.00051     6.218 ±  0.059 %    91.062 ±  0.090 %
  99       6.3502 ±    0.0485       0.03151 ±    0.00115       0.04576 ±    0.00050     6.209 ±  0.059 %    91.060 ±  0.090 %
 100       6.3594 ±    0.0484       0.03158 ±    0.00114       0.04592 ±    0.00050     6.223 ±  0.059 %    91.042 ±  0.089 %
 101       6.3350 ±    0.0479       0.03162 ±    0.00114       0.04619 ±    0.00050     6.263 ±  0.059 %    91.029 ±  0.089 %
 102       6.3379 ±    0.0477       0.03147 ±    0.00113       0.04623 ±    0.00050     6.255 ±  0.058 %    91.024 ±  0.088 %
 103       6.3363 ±    0.0474       0.03132 ±    0.00113       0.04633 ±    0.00049     6.263 ±  0.058 %    90.992 ±  0.088 %
 104       6.3355 ±    0.0472       0.03128 ±    0.00113       0.04686 ±    0.00049     6.292 ±  0.058 %    90.961 ±  0.088 %
 105       6.3280 ±    0.0469       0.03123 ±    0.00112       0.04694 ±    0.00049     6.295 ±  0.057 %    90.951 ±  0.088 %
 106       6.3109 ±    0.0465       0.03128 ±    0.00112       0.04721 ±    0.00049     6.324 ±  0.057 %    90.937 ±  0.087 %
 107       6.3248 ±    0.0464       0.03138 ±    0.00112       0.04735 ±    0.00050     6.328 ±  0.057 %    90.941 ±  0.087 %
 108       6.3178 ±    0.0462       0.03151 ±    0.00111       0.04729 ±    0.00050     6.322 ±  0.056 %    90.951 ±  0.086 %
 109       6.3216 ±    0.0459       0.03120 ±    0.00110       0.04715 ±    0.00050     6.313 ±  0.056 %    90.966 ±  0.086 %
 110       6.3221 ±    0.0458       0.03129 ±    0.00110       0.04714 ±    0.00049     6.314 ±  0.056 %    90.985 ±  0.085 %
 111       6.3073 ±    0.0454       0.03132 ±    0.00109       0.04717 ±    0.00050     6.318 ±  0.056 %    90.983 ±  0.085 %
 112       6.2935 ±    0.0451       0.03132 ±    0.00109       0.04705 ±    0.00049     6.312 ±  0.056 %    91.009 ±  0.085 %
 113       6.2693 ±    0.0447       0.03126 ±    0.00108       0.04705 ±    0.00049     6.316 ±  0.055 %    91.000 ±  0.084 %
 114       6.2982 ±    0.0448       0.03135 ±    0.00108       0.04703 ±    0.00048     6.312 ±  0.055 %    90.992 ±  0.084 %
 115       6.3016 ±    0.0446       0.03101 ±    0.00107       0.04706 ±    0.00048     6.307 ±  0.055 %    90.993 ±  0.083 %
 116       6.3101 ±    0.0445       0.03078 ±    0.00107       0.04709 ±    0.00048     6.301 ±  0.054 %    91.005 ±  0.083 %
 117       6.3202 ±    0.0444       0.03086 ±    0.00107       0.04721 ±    0.00048     6.307 ±  0.054 %    90.979 ±  0.083 %
 118       6.3176 ±    0.0442       0.03108 ±    0.00106       0.04762 ±    0.00050     6.322 ±  0.054 %    90.977 ±  0.082 %
 119       6.3001 ±    0.0439       0.03143 ±    0.00106       0.04785 ±    0.00051     6.343 ±  0.055 %    90.978 ±  0.082 %
 120       6.3081 ±    0.0438       0.03160 ±    0.00106       0.04779 ±    0.00051     6.340 ±  0.054 %    90.969 ±  0.082 %
 121       6.3045 ±    0.0436       0.03152 ±    0.00105       0.04766 ±    0.00050     6.331 ±  0.054 %    90.982 ±  0.081 %
 122       6.2991 ±    0.0433       0.03149 ±    0.00105       0.04756 ±    0.00050     6.325 ±  0.054 %    90.989 ±  0.081 %
 123       6.2892 ±    0.0431       0.03136 ±    0.00104       0.04742 ±    0.00049     6.319 ±  0.053 %    91.012 ±  0.081 %
 124       6.2851 ±    0.0429       0.03134 ±    0.00104       0.04733 ±    0.00049     6.320 ±  0.053 %    91.016 ±  0.080 %
 125       6.3009 ±    0.0429       0.03144 ±    0.00103       0.04736 ±    0.00049     6.323 ±  0.053 %    91.013 ±  0.080 %
 126       6.2968 ±    0.0427       0.03156 ±    0.00103       0.04723 ±    0.00048     6.315 ±  0.053 %    91.035 ±  0.080 %
 127       6.3083 ±    0.0426       0.03160 ±    0.00102       0.04709 ±    0.00048     6.302 ±  0.052 %    91.039 ±  0.079 %
 128       6.2983 ±    0.0424       0.03172 ±    0.00102       0.04715 ±    0.00048     6.308 ±  0.052 %    91.024 ±  0.079 %
 129       6.2970 ±    0.0422       0.03180 ±    0.00102       0.04712 ±    0.00047     6.302 ±  0.052 %    91.018 ±  0.079 %
 130       6.2857 ±    0.0419       0.03171 ±    0.00101       0.04707 ±    0.00047     6.301 ±  0.052 %    91.020 ±  0.078 %
 131       6.2910 ±    0.0418       0.03164 ±    0.00101       0.04699 ±    0.00047     6.292 ±  0.051 %    91.025 ±  0.078 %
 132       6.2929 ±    0.0417       0.03167 ±    0.00101       0.04707 ±    0.00047     6.297 ±  0.051 %    91.012 ±  0.078 %
 133       6.3050 ±    0.0416       0.03199 ±    0.00100       0.04720 ±    0.00047     6.304 ±  0.051 %    90.994 ±  0.078 %
 134       6.3167 ±    0.0416       0.03176 ±    0.00100       0.04725 ±    0.00046     6.308 ±  0.051 %    90.996 ±  0.077 %
 135       6.3113 ±    0.0414       0.03156 ±    0.00100       0.04720 ±    0.00046     6.307 ±  0.051 %    90.996 ±  0.077 %
 136       6.2901 ±    0.0410       0.03146 ±    0.00099       0.04713 ±    0.00046     6.303 ±  0.051 %    91.003 ±  0.077 %
 137       6.2584 ±    0.0406       0.03134 ±    0.00099       0.04704 ±    0.00046     6.301 ±  0.050 %    91.008 ±  0.076 %
 138       6.2668 ±    0.0406       0.03151 ±    0.00098       0.04714 ±    0.00046     6.305 ±  0.050 %    91.003 ±  0.076 %
 139       6.2820 ±    0.0406       0.03145 ±    0.00098       0.04707 ±    0.00046     6.297 ±  0.050 %    91.010 ±  0.076 %
 140       6.3094 ±    0.0406       0.03151 ±    0.00098       0.04701 ±    0.00045     6.286 ±  0.050 %    91.012 ±  0.076 %
 141       6.2965 ±    0.0404       0.03164 ±    0.00097       0.04712 ±    0.00045     6.308 ±  0.050 %    91.005 ±  0.075 %
 142       6.2975 ±    0.0402       0.03154 ±    0.00097       0.04711 ±    0.00045     6.307 ±  0.050 %    91.002 ±  0.075 %
 143       6.2981 ±    0.0401       0.03152 ±    0.00096       0.04702 ±    0.00045     6.302 ±  0.049 %    91.005 ±  0.075 %
 144       6.3096 ±    0.0400       0.03145 ±    0.00096       0.04707 ±    0.00044     6.303 ±  0.049 %    90.991 ±  0.075 %
 145       6.3020 ±    0.0399       0.03141 ±    0.00096       0.04707 ±    0.00044     6.307 ±  0.049 %    90.999 ±  0.074 %

====== Perplexity statistics ======
Mean PPL(Q)                   :   6.302002 ±   0.039871
Mean PPL(base)                :   6.107128 ±   0.038226
Cor(ln(PPL(Q)), ln(PPL(base))):  98.84%
Mean ln(PPL(Q)/PPL(base))     :   0.031411 ±   0.000959
Mean PPL(Q)/PPL(base)         :   1.031909 ±   0.000990
Mean PPL(Q)-PPL(base)         :   0.194874 ±   0.006159

====== KL divergence statistics ======
Mean    KLD:   0.047066 ±   0.000442
Maximum KLD:  21.307659
99.9%   KLD:   1.745415
99.0%   KLD:   0.437554
95.0%   KLD:   0.166297
90.0%   KLD:   0.103438
Median  KLD:   0.017744
10.0%   KLD:   0.000314
 5.0%   KLD:   0.000082
 1.0%   KLD:   0.000009
 0.1%   KLD:   0.000000
Minimum KLD:  -0.000029

====== Token probability statistics ======
Mean    Δp: -0.501 ± 0.016 %
Maximum Δp: 99.870%
99.9%   Δp: 40.872%
99.0%   Δp: 16.557%
95.0%   Δp:  6.712%
90.0%   Δp:  3.698%
75.0%   Δp:  0.614%
Median  Δp: -0.012%
25.0%   Δp: -1.237%
10.0%   Δp: -5.072%
 5.0%   Δp: -8.977%
 1.0%   Δp: -22.257%
 0.1%   Δp: -51.770%
Minimum Δp: -97.487%
RMS Δp    :  6.307 ± 0.049 %
Same top p: 90.999 ± 0.074 %

------------------------------
