# llama-perplexity: version: 0.4.7-dev (build 11840, commit a740376d8-dirty) | built with GNU 15.3.0 for Linux x86_64
# model: <unresolved>
llama-perplexity --kl-divergence-base /tmp/logits.dat --ctx-size 32768 -f sample-data/wiki.test.head-2.4k.raw -fa on --hf-repo openbmb/MiniCPM5-2B-GGUF:F16 --cache-type-k f16 --cache-type-v f16
1.10.533.517 I cmn          init: llama threadpool init, n_threads = 16
1.10.578.652 I 
1.10.578.730 I system_info: n_threads = 16 (n_threads_batch = 16) / 32 | CUDA : ARCHS = 750,800,860,890,900,1000,1030,1200,1210 | USE_GRAPHS = 1 | FA_ALL_QUANTS = 1 | CPU : SSE3 = 1 | SSSE3 = 1 | AVX = 1 | AVX2 = 1 | F16C = 1 | FMA = 1 | BMI2 = 1 | LLAMAFILE = 1 | OPENMP = 1 | REPACK = 1 | 
1.10.578.806 I perplexity: saving all logits to /tmp/logits.dat
1.10.578.809 I perplexity: tokenizing the input ..
1.10.745.088 I perplexity: tokenization took 166.271 ms
1.10.745.206 I perplexity: calculating perplexity over 5 chunks, n_ctx=32768, batch_size=2048, n_seq=1
1.21.853.033 I perplexity: 10.88 seconds per pass - ETA 0.90 minutes
[1]12.7808,[2]11.9593,[3]13.0052,[4]12.5834,[5]11.9748,
2.03.811.570 I Final estimate: PPL = 11.9748 +/- 0.11952

# llama-perplexity: version: 0.4.7-dev (build 11840, commit a740376d8-dirty) | built with GNU 15.3.0 for Linux x86_64
# model: /home/crusaderky/.cache/huggingface/hub/models--openbmb--MiniCPM5-2B-GGUF/snapshots/2079a22f3beaa4e306449978533478fe0522f4b3/MiniCPM5-2B-F16.gguf size=5039006688 mtime=2026-09-14T23:21:48+00:00 sha256/1048576B=22abcab6d0373043feb8bb7f09d1d075f80eb2ac98d903623e16013d07e6f7c3
------------------------------
# llama-perplexity: version: 0.4.7-dev (build 11840, commit a740376d8-dirty) | built with GNU 15.3.0 for Linux x86_64
# model: /home/crusaderky/.cache/huggingface/hub/models--openbmb--MiniCPM5-2B-GGUF/snapshots/2079a22f3beaa4e306449978533478fe0522f4b3/MiniCPM5-2B-F16.gguf size=5039006688 mtime=2026-09-14T23:21:48+00:00 sha256/1048576B=22abcab6d0373043feb8bb7f09d1d075f80eb2ac98d903623e16013d07e6f7c3
llama-perplexity --kl-divergence-base /tmp/logits.dat --ctx-size 32768 -f sample-data/wiki.test.head-2.4k.raw -fa on --hf-repo openbmb/MiniCPM5-2B-GGUF:F16 --cache-type-k f16 --cache-type-v f16 --kl-divergence
0.02.106.535 I cmn          init: llama threadpool init, n_threads = 16
0.02.150.441 I 
0.02.150.522 I system_info: n_threads = 16 (n_threads_batch = 16) / 32 | CUDA : ARCHS = 750,800,860,890,900,1000,1030,1200,1210 | USE_GRAPHS = 1 | FA_ALL_QUANTS = 1 | CPU : SSE3 = 1 | SSSE3 = 1 | AVX = 1 | AVX2 = 1 | F16C = 1 | FMA = 1 | BMI2 = 1 | LLAMAFILE = 1 | OPENMP = 1 | REPACK = 1 | 
0.02.426.752 I kl_divergence: computing over 5 chunks, n_ctx=32768, batch_size=2048, n_seq=1
0.09.964.187 I kl_divergence: 7.54 seconds per pass - ETA 0.62 minutes

chunk             PPL               ln(PPL(Q)/PPL(base))          KL Divergence              Δp RMS            Same top p        Same sampled p
   1      12.7808 ±    0.2821       0.00040 ±    0.00025      -0.00001 ±    0.00000     0.000 ±  0.000 %    100.000 ±  0.000 %    40.832 ±  0.258 %
   2      11.9593 ±    0.1886       0.00042 ±    0.00019      -0.00001 ±    0.00000     0.000 ±  0.000 %    100.000 ±  0.000 %    42.646 ±  0.186 %
   3      13.0052 ±    0.1693       0.00043 ±    0.00015      -0.00001 ±    0.00000     0.000 ±  0.000 %    100.000 ±  0.000 %    41.101 ±  0.150 %
   4      12.5834 ±    0.1419       0.00039 ±    0.00011      -0.00001 ±    0.00000     0.000 ±  0.000 %    100.000 ±  0.000 %    41.900 ±  0.131 %
   5      11.9748 ±    0.1195       0.00034 ±    0.00009      -0.00001 ±    0.00000     0.000 ±  0.000 %    100.000 ±  0.000 %    42.460 ±  0.117 %

====== Perplexity statistics ======
Mean PPL(Q)                   :  11.974788 ±   0.119516
Mean PPL(base)                :  11.970705 ±   0.119397
Cor(ln(PPL(Q)), ln(PPL(base))): 100.00%
Mean ln(PPL(Q)/PPL(base))     :   0.000341 ±   0.000094
Mean PPL(Q)/PPL(base)         :   1.000341 ±   0.000094
Mean PPL(Q)-PPL(base)         :   0.004083 ±   0.001132

====== KL divergence statistics ======
Mean    KLD:  -0.000013 ±   0.000000
Maximum KLD:   0.000005
99.9%   KLD:   0.000001
99.0%   KLD:   0.000000
95.0%   KLD:   0.000000
90.0%   KLD:  -0.000000
Median  KLD:  -0.000013
10.0%   KLD:  -0.000026
 5.0%   KLD:  -0.000029
 1.0%   KLD:  -0.000035
 0.1%   KLD:  -0.000042
Minimum KLD:  -0.000060

====== Token probability statistics ======
Mean    Δp:  0.000 ± 0.000 %
Maximum Δp:  0.000%
99.9%   Δp:  0.000%
99.0%   Δp:  0.000%
95.0%   Δp:  0.000%
90.0%   Δp:  0.000%
75.0%   Δp:  0.000%
Median  Δp:  0.000%
25.0%   Δp:  0.000%
10.0%   Δp:  0.000%
 5.0%   Δp: -0.000%
 1.0%   Δp: -0.000%
 0.1%   Δp: -0.000%
Minimum Δp: -0.000%
RMS Δp    :  0.000 ± 0.000 %
Same top p: 100.000 ± 0.000 %
Same sampled p: 42.460 ± 0.117 %

------------------------------
# llama-perplexity: version: 0.4.7-dev (build 11840, commit a740376d8-dirty) | built with GNU 15.3.0 for Linux x86_64
# model: <unresolved>
llama-perplexity --kl-divergence-base /tmp/logits.dat --ctx-size 32768 -f sample-data/wiki.test.head-2.4k.raw -fa on --hf-repo openbmb/MiniCPM5-2B-GGUF:Q8_0 --cache-type-k f16 --cache-type-v f16 --kl-divergence
0.35.737.183 I cmn          init: llama threadpool init, n_threads = 16
0.35.795.235 I 
0.35.795.300 I system_info: n_threads = 16 (n_threads_batch = 16) / 32 | CUDA : ARCHS = 750,800,860,890,900,1000,1030,1200,1210 | USE_GRAPHS = 1 | FA_ALL_QUANTS = 1 | CPU : SSE3 = 1 | SSSE3 = 1 | AVX = 1 | AVX2 = 1 | F16C = 1 | FMA = 1 | BMI2 = 1 | LLAMAFILE = 1 | OPENMP = 1 | REPACK = 1 | 
0.36.301.901 I kl_divergence: computing over 5 chunks, n_ctx=32768, batch_size=2048, n_seq=1
0.46.041.217 I kl_divergence: 9.74 seconds per pass - ETA 0.80 minutes

chunk             PPL               ln(PPL(Q)/PPL(base))          KL Divergence              Δp RMS            Same top p        Same sampled p
   1      12.7795 ±    0.2819       0.00030 ±    0.00059       0.00176 ±    0.00002     1.042 ±  0.017 %    97.522 ±  0.121 %    40.776 ±  0.258 %
   2      11.9638 ±    0.1885       0.00079 ±    0.00043       0.00193 ±    0.00003     1.121 ±  0.021 %    97.549 ±  0.085 %    42.589 ±  0.186 %
   3      13.0168 ±    0.1694       0.00133 ±    0.00035       0.00197 ±    0.00003     1.099 ±  0.015 %    97.467 ±  0.071 %    41.046 ±  0.150 %
   4      12.5905 ±    0.1419       0.00095 ±    0.00030       0.00201 ±    0.00003     1.134 ±  0.019 %    97.491 ±  0.061 %    41.846 ±  0.131 %
   5      11.9803 ±    0.1195       0.00080 ±    0.00027       0.00204 ±    0.00004     1.133 ±  0.017 %    97.539 ±  0.054 %    42.405 ±  0.117 %

====== Perplexity statistics ======
Mean PPL(Q)                   :  11.980259 ±   0.119498
Mean PPL(base)                :  11.970705 ±   0.119397
Cor(ln(PPL(Q)), ln(PPL(base))):  99.96%
Mean ln(PPL(Q)/PPL(base))     :   0.000798 ±   0.000271
Mean PPL(Q)/PPL(base)         :   1.000798 ±   0.000271
Mean PPL(Q)-PPL(base)         :   0.009554 ±   0.003249

====== KL divergence statistics ======
Mean    KLD:   0.002043 ±   0.000035
Maximum KLD:   1.962977
99.9%   KLD:   0.072083
99.0%   KLD:   0.013352
95.0%   KLD:   0.005408
90.0%   KLD:   0.003783
Median  KLD:   0.001254
10.0%   KLD:   0.000039
 5.0%   KLD:   0.000007
 1.0%   KLD:  -0.000001
 0.1%   KLD:  -0.000014
Minimum KLD:  -0.000095

====== Token probability statistics ======
Mean    Δp: -0.040 ± 0.004 %
Maximum Δp: 41.152%
99.9%   Δp:  6.580%
99.0%   Δp:  3.214%
95.0%   Δp:  1.540%
90.0%   Δp:  0.886%
75.0%   Δp:  0.156%
Median  Δp: -0.000%
25.0%   Δp: -0.218%
10.0%   Δp: -1.037%
 5.0%   Δp: -1.730%
 1.0%   Δp: -3.462%
 0.1%   Δp: -6.906%
Minimum Δp: -25.824%
RMS Δp    :  1.133 ± 0.017 %
Same top p: 97.539 ± 0.054 %
Same sampled p: 42.405 ± 0.117 %

# llama-perplexity: version: 0.4.7-dev (build 11840, commit a740376d8-dirty) | built with GNU 15.3.0 for Linux x86_64
# model: /home/crusaderky/.cache/huggingface/hub/models--openbmb--MiniCPM5-2B-GGUF/snapshots/2079a22f3beaa4e306449978533478fe0522f4b3/MiniCPM5-2B-Q8_0.gguf size=2679710688 mtime=2026-09-14T23:23:57+00:00 sha256/1048576B=018b34af2ab51bfc3b2e9a3f5eaa826499b008f1bfc971adde40487692321f11
------------------------------
# llama-perplexity: version: 0.4.7-dev (build 11840, commit a740376d8-dirty) | built with GNU 15.3.0 for Linux x86_64
# model: <unresolved>
llama-perplexity --kl-divergence-base /tmp/logits.dat --ctx-size 32768 -f sample-data/wiki.test.head-2.4k.raw -fa on --hf-repo openbmb/MiniCPM5-2B-GGUF:Q4_K_M --cache-type-k f16 --cache-type-v f16 --kl-divergence
0.23.122.751 I cmn          init: llama threadpool init, n_threads = 16
0.23.176.018 I 
0.23.176.097 I system_info: n_threads = 16 (n_threads_batch = 16) / 32 | CUDA : ARCHS = 750,800,860,890,900,1000,1030,1200,1210 | USE_GRAPHS = 1 | FA_ALL_QUANTS = 1 | CPU : SSE3 = 1 | SSSE3 = 1 | AVX = 1 | AVX2 = 1 | F16C = 1 | FMA = 1 | BMI2 = 1 | LLAMAFILE = 1 | OPENMP = 1 | REPACK = 1 | 
0.23.486.476 I kl_divergence: computing over 5 chunks, n_ctx=32768, batch_size=2048, n_seq=1
0.31.387.669 I kl_divergence: 7.90 seconds per pass - ETA 0.65 minutes

chunk             PPL               ln(PPL(Q)/PPL(base))          KL Divergence              Δp RMS            Same top p        Same sampled p
   1      13.3934 ±    0.2973       0.04722 ±    0.00371       0.07879 ±    0.00080     6.462 ±  0.096 %    86.224 ±  0.269 %    39.681 ±  0.259 %
   2      12.5692 ±    0.1999       0.05015 ±    0.00267       0.08176 ±    0.00064     6.776 ±  0.078 %    86.361 ±  0.190 %    41.558 ±  0.187 %
   3      13.6856 ±    0.1791       0.05143 ±    0.00220       0.08421 ±    0.00053     6.870 ±  0.066 %    85.680 ±  0.158 %    39.942 ±  0.150 %
   4      13.2567 ±    0.1505       0.05251 ±    0.00193       0.08670 ±    0.00052     7.060 ±  0.059 %    85.650 ±  0.137 %    40.730 ±  0.131 %
   5      12.5895 ±    0.1266       0.05040 ±    0.00171       0.08615 ±    0.00050     7.060 ±  0.053 %    85.859 ±  0.122 %    41.296 ±  0.117 %

====== Perplexity statistics ======
Mean PPL(Q)                   :  12.589546 ±   0.126567
Mean PPL(base)                :  11.970705 ±   0.119397
Cor(ln(PPL(Q)), ln(PPL(base))):  98.54%
Mean ln(PPL(Q)/PPL(base))     :   0.050404 ±   0.001710
Mean PPL(Q)/PPL(base)         :   1.051696 ±   0.001799
Mean PPL(Q)-PPL(base)         :   0.618840 ±   0.022167

====== KL divergence statistics ======
Mean    KLD:   0.086150 ±   0.000496
Maximum KLD:  11.253676
99.9%   KLD:   1.407468
99.0%   KLD:   0.559665
95.0%   KLD:   0.265634
90.0%   KLD:   0.185002
Median  KLD:   0.056021
10.0%   KLD:   0.001879
 5.0%   KLD:   0.000351
 1.0%   KLD:   0.000036
 0.1%   KLD:   0.000005
Minimum KLD:  -0.000011

====== Token probability statistics ======
Mean    Δp: -0.733 ± 0.025 %
Maximum Δp: 79.022%
99.9%   Δp: 38.143%
99.0%   Δp: 19.129%
95.0%   Δp:  8.741%
90.0%   Δp:  4.728%
75.0%   Δp:  0.684%
Median  Δp: -0.011%
25.0%   Δp: -1.774%
10.0%   Δp: -7.193%
 5.0%   Δp: -11.750%
 1.0%   Δp: -24.978%
 0.1%   Δp: -51.443%
Minimum Δp: -96.082%
RMS Δp    :  7.060 ± 0.053 %
Same top p: 85.859 ± 0.122 %
Same sampled p: 41.296 ± 0.117 %

# llama-perplexity: version: 0.4.7-dev (build 11840, commit a740376d8-dirty) | built with GNU 15.3.0 for Linux x86_64
# model: /home/crusaderky/.cache/huggingface/hub/models--openbmb--MiniCPM5-2B-GGUF/snapshots/2079a22f3beaa4e306449978533478fe0522f4b3/MiniCPM5-2B-Q4_K_M.gguf size=1561318368 mtime=2026-09-14T23:25:09+00:00 sha256/1048576B=018b34af2ab51bfc3b2e9a3f5eaa826499b008f1bfc971adde40487692321f11
------------------------------
# llama-perplexity: version: 0.4.7-dev (build 11840, commit a740376d8-dirty) | built with GNU 15.3.0 for Linux x86_64
# model: <unresolved>
llama-perplexity --kl-divergence-base /tmp/logits.dat --ctx-size 32768 -f sample-data/wiki.test.head-2.4k.raw -fa on --hf-repo bartowski/MiniCPM5-2B-GGUF:Q6_K_L --cache-type-k f16 --cache-type-v f16 --kl-divergence
0.31.637.725 I cmn          init: llama threadpool init, n_threads = 16
0.31.684.001 I 
0.31.684.074 I system_info: n_threads = 16 (n_threads_batch = 16) / 32 | CUDA : ARCHS = 750,800,860,890,900,1000,1030,1200,1210 | USE_GRAPHS = 1 | FA_ALL_QUANTS = 1 | CPU : SSE3 = 1 | SSSE3 = 1 | AVX = 1 | AVX2 = 1 | F16C = 1 | FMA = 1 | BMI2 = 1 | LLAMAFILE = 1 | OPENMP = 1 | REPACK = 1 | 
0.31.977.631 I kl_divergence: computing over 5 chunks, n_ctx=32768, batch_size=2048, n_seq=1
0.41.937.389 I kl_divergence: 9.96 seconds per pass - ETA 0.82 minutes

chunk             PPL               ln(PPL(Q)/PPL(base))          KL Divergence              Δp RMS            Same top p        Same sampled p
   1      12.8126 ±    0.2828       0.00288 ±    0.00087       0.00410 ±    0.00009     1.657 ±  0.097 %    96.234 ±  0.149 %    40.761 ±  0.258 %
   2      11.9853 ±    0.1890       0.00258 ±    0.00062       0.00429 ±    0.00006     1.691 ±  0.051 %    96.341 ±  0.104 %    42.570 ±  0.186 %
   3      13.0351 ±    0.1697       0.00273 ±    0.00051       0.00443 ±    0.00006     1.651 ±  0.036 %    96.264 ±  0.086 %    41.030 ±  0.150 %
   4      12.6108 ±    0.1422       0.00256 ±    0.00047       0.00458 ±    0.00007     1.703 ±  0.030 %    96.301 ±  0.074 %    41.836 ±  0.131 %
   5      12.0028 ±    0.1198       0.00268 ±    0.00041       0.00460 ±    0.00006     1.706 ±  0.025 %    96.393 ±  0.065 %    42.397 ±  0.117 %

====== Perplexity statistics ======
Mean PPL(Q)                   :  12.002775 ±   0.119826
Mean PPL(base)                :  11.970705 ±   0.119397
Cor(ln(PPL(Q)), ln(PPL(base))):  99.91%
Mean ln(PPL(Q)/PPL(base))     :   0.002675 ±   0.000412
Mean PPL(Q)/PPL(base)         :   1.002679 ±   0.000413
Mean PPL(Q)-PPL(base)         :   0.032070 ±   0.004951

====== KL divergence statistics ======
Mean    KLD:   0.004600 ±   0.000064
Maximum KLD:   3.328050
99.9%   KLD:   0.110991
99.0%   KLD:   0.028403
95.0%   KLD:   0.012488
90.0%   KLD:   0.008880
Median  KLD:   0.003055
10.0%   KLD:   0.000090
 5.0%   KLD:   0.000017
 1.0%   KLD:   0.000001
 0.1%   KLD:  -0.000010
Minimum KLD:  -0.000073

====== Token probability statistics ======
Mean    Δp: -0.030 ± 0.006 %
Maximum Δp: 39.773%
99.9%   Δp: 10.322%
99.0%   Δp:  4.993%
95.0%   Δp:  2.451%
90.0%   Δp:  1.418%
75.0%   Δp:  0.263%
Median  Δp: -0.000%
25.0%   Δp: -0.304%
10.0%   Δp: -1.531%
 5.0%   Δp: -2.563%
 1.0%   Δp: -5.132%
 0.1%   Δp: -10.572%
Minimum Δp: -71.819%
RMS Δp    :  1.706 ± 0.025 %
Same top p: 96.393 ± 0.065 %
Same sampled p: 42.397 ± 0.117 %

# llama-perplexity: version: 0.4.7-dev (build 11840, commit a740376d8-dirty) | built with GNU 15.3.0 for Linux x86_64
# model: /home/crusaderky/.cache/huggingface/hub/models--bartowski--MiniCPM5-2B-GGUF/snapshots/31fee0334c4ed9f1e079afe586ba30cb83e0f883/MiniCPM5-2B-Q6_K_L.gguf size=2278976736 mtime=2026-09-14T23:26:19+00:00 sha256/1048576B=7696d4515c9f04f092e9933de7be053bdacb6f5c865cd2e98cd7ca68d6d7f395
------------------------------
# llama-perplexity: version: 0.4.7-dev (build 11840, commit a740376d8-dirty) | built with GNU 15.3.0 for Linux x86_64
# model: /home/crusaderky/.cache/huggingface/hub/models--bartowski--MiniCPM5-2B-GGUF/snapshots/31fee0334c4ed9f1e079afe586ba30cb83e0f883/MiniCPM5-2B-Q6_K.gguf size=2107305184 mtime=2026-09-14T18:13:41+00:00 sha256/1048576B=7696d4515c9f04f092e9933de7be053bdacb6f5c865cd2e98cd7ca68d6d7f395
llama-perplexity --kl-divergence-base /tmp/logits.dat --ctx-size 32768 -f sample-data/wiki.test.head-2.4k.raw -fa on --hf-repo bartowski/MiniCPM5-2B-GGUF:Q6_K --cache-type-k f16 --cache-type-v f16 --kl-divergence
0.02.760.356 I cmn          init: llama threadpool init, n_threads = 16
0.02.806.141 I 
0.02.806.223 I system_info: n_threads = 16 (n_threads_batch = 16) / 32 | CUDA : ARCHS = 750,800,860,890,900,1000,1030,1200,1210 | USE_GRAPHS = 1 | FA_ALL_QUANTS = 1 | CPU : SSE3 = 1 | SSSE3 = 1 | AVX = 1 | AVX2 = 1 | F16C = 1 | FMA = 1 | BMI2 = 1 | LLAMAFILE = 1 | OPENMP = 1 | REPACK = 1 | 
0.03.095.073 I kl_divergence: computing over 5 chunks, n_ctx=32768, batch_size=2048, n_seq=1
0.11.878.057 I kl_divergence: 8.78 seconds per pass - ETA 0.72 minutes

chunk             PPL               ln(PPL(Q)/PPL(base))          KL Divergence              Δp RMS            Same top p        Same sampled p
   1      12.8232 ±    0.2830       0.00371 ±    0.00100       0.00558 ±    0.00006     1.787 ±  0.027 %    95.733 ±  0.158 %    40.722 ±  0.258 %
   2      11.9803 ±    0.1889       0.00216 ±    0.00073       0.00601 ±    0.00010     1.953 ±  0.040 %    95.752 ±  0.111 %    42.544 ±  0.186 %
   3      13.0300 ±    0.1696       0.00234 ±    0.00060       0.00610 ±    0.00007     1.908 ±  0.029 %    95.780 ±  0.091 %    41.000 ±  0.150 %
   4      12.6063 ±    0.1421       0.00221 ±    0.00052       0.00626 ±    0.00008     1.985 ±  0.038 %    95.791 ±  0.078 %    41.810 ±  0.131 %
   5      11.9971 ±    0.1198       0.00220 ±    0.00047       0.00631 ±    0.00007     1.984 ±  0.031 %    95.909 ±  0.069 %    42.374 ±  0.117 %

====== Perplexity statistics ======
Mean PPL(Q)                   :  11.997078 ±   0.119756
Mean PPL(base)                :  11.970705 ±   0.119397
Cor(ln(PPL(Q)), ln(PPL(base))):  99.89%
Mean ln(PPL(Q)/PPL(base))     :   0.002201 ±   0.000469
Mean PPL(Q)/PPL(base)         :   1.002203 ±   0.000470
Mean PPL(Q)-PPL(base)         :   0.026372 ±   0.005627

====== KL divergence statistics ======
Mean    KLD:   0.006310 ±   0.000071
Maximum KLD:   2.784482
99.9%   KLD:   0.141340
99.0%   KLD:   0.041318
95.0%   KLD:   0.017910
90.0%   KLD:   0.012518
Median  KLD:   0.004041
10.0%   KLD:   0.000126
 5.0%   KLD:   0.000023
 1.0%   KLD:   0.000002
 0.1%   KLD:  -0.000010
Minimum KLD:  -0.000102

====== Token probability statistics ======
Mean    Δp: -0.033 ± 0.007 %
Maximum Δp: 75.814%
99.9%   Δp: 11.360%
99.0%   Δp:  5.769%
95.0%   Δp:  2.806%
90.0%   Δp:  1.635%
75.0%   Δp:  0.304%
Median  Δp: -0.000%
25.0%   Δp: -0.346%
10.0%   Δp: -1.754%
 5.0%   Δp: -2.935%
 1.0%   Δp: -6.041%
 0.1%   Δp: -12.868%
Minimum Δp: -54.421%
RMS Δp    :  1.984 ± 0.031 %
Same top p: 95.909 ± 0.069 %
Same sampled p: 42.374 ± 0.117 %

------------------------------
# llama-perplexity: version: 0.4.7-dev (build 11840, commit a740376d8-dirty) | built with GNU 15.3.0 for Linux x86_64
# model: <unresolved>
llama-perplexity --kl-divergence-base /tmp/logits.dat --ctx-size 32768 -f sample-data/wiki.test.head-2.4k.raw -fa on --hf-repo bartowski/MiniCPM5-2B-GGUF:Q5_K_M --cache-type-k f16 --cache-type-v f16 --kl-divergence
0.29.419.944 I cmn          init: llama threadpool init, n_threads = 16
0.29.466.373 I 
0.29.466.460 I system_info: n_threads = 16 (n_threads_batch = 16) / 32 | CUDA : ARCHS = 750,800,860,890,900,1000,1030,1200,1210 | USE_GRAPHS = 1 | FA_ALL_QUANTS = 1 | CPU : SSE3 = 1 | SSSE3 = 1 | AVX = 1 | AVX2 = 1 | F16C = 1 | FMA = 1 | BMI2 = 1 | LLAMAFILE = 1 | OPENMP = 1 | REPACK = 1 | 
0.29.777.508 I kl_divergence: computing over 5 chunks, n_ctx=32768, batch_size=2048, n_seq=1
0.37.662.784 I kl_divergence: 7.89 seconds per pass - ETA 0.65 minutes

chunk             PPL               ln(PPL(Q)/PPL(base))          KL Divergence              Δp RMS            Same top p        Same sampled p
   1      12.9317 ±    0.2863       0.01213 ±    0.00155       0.01344 ±    0.00015     2.774 ±  0.047 %    93.713 ±  0.190 %    40.696 ±  0.258 %
   2      12.0618 ±    0.1902       0.00895 ±    0.00111       0.01435 ±    0.00016     2.963 ±  0.044 %    93.850 ±  0.133 %    42.415 ±  0.186 %
   3      13.0975 ±    0.1703       0.00751 ±    0.00091       0.01464 ±    0.00012     2.941 ±  0.035 %    93.654 ±  0.110 %    40.842 ±  0.150 %
   4      12.6626 ±    0.1426       0.00666 ±    0.00080       0.01512 ±    0.00015     2.999 ±  0.035 %    93.658 ±  0.095 %    41.658 ±  0.131 %
   5      12.0495 ±    0.1202       0.00656 ±    0.00071       0.01494 ±    0.00013     2.986 ±  0.031 %    93.877 ±  0.084 %    42.222 ±  0.117 %

====== Perplexity statistics ======
Mean PPL(Q)                   :  12.049459 ±   0.120161
Mean PPL(base)                :  11.970705 ±   0.119397
Cor(ln(PPL(Q)), ln(PPL(base))):  99.75%
Mean ln(PPL(Q)/PPL(base))     :   0.006557 ±   0.000709
Mean PPL(Q)/PPL(base)         :   1.006579 ±   0.000714
Mean PPL(Q)-PPL(base)         :   0.078754 ±   0.008552

====== KL divergence statistics ======
Mean    KLD:   0.014935 ±   0.000132
Maximum KLD:   6.588018
99.9%   KLD:   0.316029
99.0%   KLD:   0.108206
95.0%   KLD:   0.045843
90.0%   KLD:   0.030974
Median  KLD:   0.008981
10.0%   KLD:   0.000326
 5.0%   KLD:   0.000068
 1.0%   KLD:   0.000008
 0.1%   KLD:  -0.000000
Minimum KLD:  -0.000036

====== Token probability statistics ======
Mean    Δp: -0.128 ± 0.010 %
Maximum Δp: 85.415%
99.9%   Δp: 18.563%
99.0%   Δp:  8.623%
95.0%   Δp:  3.942%
90.0%   Δp:  2.203%
75.0%   Δp:  0.382%
Median  Δp: -0.001%
25.0%   Δp: -0.590%
10.0%   Δp: -2.656%
 5.0%   Δp: -4.463%
 1.0%   Δp: -9.618%
 0.1%   Δp: -20.916%
Minimum Δp: -56.182%
RMS Δp    :  2.986 ± 0.031 %
Same top p: 93.877 ± 0.084 %
Same sampled p: 42.222 ± 0.117 %

# llama-perplexity: version: 0.4.7-dev (build 11840, commit a740376d8-dirty) | built with GNU 15.3.0 for Linux x86_64
# model: /home/crusaderky/.cache/huggingface/hub/models--bartowski--MiniCPM5-2B-GGUF/snapshots/31fee0334c4ed9f1e079afe586ba30cb83e0f883/MiniCPM5-2B-Q5_K_M.gguf size=1920175328 mtime=2026-09-14T23:28:21+00:00 sha256/1048576B=7696d4515c9f04f092e9933de7be053bdacb6f5c865cd2e98cd7ca68d6d7f395
------------------------------
# llama-perplexity: version: 0.4.7-dev (build 11840, commit a740376d8-dirty) | built with GNU 15.3.0 for Linux x86_64
# model: <unresolved>
llama-perplexity --kl-divergence-base /tmp/logits.dat --ctx-size 32768 -f sample-data/wiki.test.head-2.4k.raw -fa on --hf-repo bartowski/MiniCPM5-2B-GGUF:Q5_K_S --cache-type-k f16 --cache-type-v f16 --kl-divergence
0.27.883.376 I cmn          init: llama threadpool init, n_threads = 16
0.27.932.016 I 
0.27.932.087 I system_info: n_threads = 16 (n_threads_batch = 16) / 32 | CUDA : ARCHS = 750,800,860,890,900,1000,1030,1200,1210 | USE_GRAPHS = 1 | FA_ALL_QUANTS = 1 | CPU : SSE3 = 1 | SSSE3 = 1 | AVX = 1 | AVX2 = 1 | F16C = 1 | FMA = 1 | BMI2 = 1 | LLAMAFILE = 1 | OPENMP = 1 | REPACK = 1 | 
0.28.233.683 I kl_divergence: computing over 5 chunks, n_ctx=32768, batch_size=2048, n_seq=1
0.36.076.156 I kl_divergence: 7.84 seconds per pass - ETA 0.65 minutes

chunk             PPL               ln(PPL(Q)/PPL(base))          KL Divergence              Δp RMS            Same top p        Same sampled p
   1      12.9140 ±    0.2867       0.01077 ±    0.00177       0.01786 ±    0.00022     3.239 ±  0.059 %    92.791 ±  0.202 %    40.680 ±  0.258 %
   2      12.0654 ±    0.1906       0.00924 ±    0.00128       0.01899 ±    0.00024     3.470 ±  0.067 %    92.877 ±  0.142 %    42.399 ±  0.186 %
   3      13.1113 ±    0.1708       0.00856 ±    0.00104       0.01927 ±    0.00017     3.395 ±  0.049 %    92.779 ±  0.117 %    40.824 ±  0.150 %
   4      12.6873 ±    0.1432       0.00861 ±    0.00092       0.01992 ±    0.00016     3.479 ±  0.043 %    92.752 ±  0.101 %    41.638 ±  0.131 %
   5      12.0741 ±    0.1206       0.00860 ±    0.00082       0.01973 ±    0.00015     3.453 ±  0.038 %    92.921 ±  0.090 %    42.203 ±  0.117 %

====== Perplexity statistics ======
Mean PPL(Q)                   :  12.074098 ±   0.120627
Mean PPL(base)                :  11.970705 ±   0.119397
Cor(ln(PPL(Q)), ln(PPL(base))):  99.66%
Mean ln(PPL(Q)/PPL(base))     :   0.008600 ±   0.000823
Mean PPL(Q)/PPL(base)         :   1.008637 ±   0.000830
Mean PPL(Q)-PPL(base)         :   0.103393 ±   0.009966

====== KL divergence statistics ======
Mean    KLD:   0.019729 ±   0.000154
Maximum KLD:   4.454311
99.9%   KLD:   0.417236
99.0%   KLD:   0.138760
95.0%   KLD:   0.060463
90.0%   KLD:   0.041530
Median  KLD:   0.011882
10.0%   KLD:   0.000412
 5.0%   KLD:   0.000082
 1.0%   KLD:   0.000008
 0.1%   KLD:  -0.000000
Minimum KLD:  -0.000052

====== Token probability statistics ======
Mean    Δp: -0.113 ± 0.012 %
Maximum Δp: 82.380%
99.9%   Δp: 20.755%
99.0%   Δp: 10.014%
95.0%   Δp:  4.611%
90.0%   Δp:  2.636%
75.0%   Δp:  0.485%
Median  Δp: -0.001%
25.0%   Δp: -0.633%
10.0%   Δp: -3.017%
 5.0%   Δp: -5.116%
 1.0%   Δp: -10.992%
 0.1%   Δp: -23.903%
Minimum Δp: -98.207%
RMS Δp    :  3.453 ± 0.038 %
Same top p: 92.921 ± 0.090 %
Same sampled p: 42.203 ± 0.117 %

# llama-perplexity: version: 0.4.7-dev (build 11840, commit a740376d8-dirty) | built with GNU 15.3.0 for Linux x86_64
# model: /home/crusaderky/.cache/huggingface/hub/models--bartowski--MiniCPM5-2B-GGUF/snapshots/31fee0334c4ed9f1e079afe586ba30cb83e0f883/MiniCPM5-2B-Q5_K_S.gguf size=1816530144 mtime=2026-09-14T23:29:28+00:00 sha256/1048576B=7696d4515c9f04f092e9933de7be053bdacb6f5c865cd2e98cd7ca68d6d7f395
------------------------------
# llama-perplexity: version: 0.4.7-dev (build 11840, commit a740376d8-dirty) | built with GNU 15.3.0 for Linux x86_64
# model: <unresolved>
llama-perplexity --kl-divergence-base /tmp/logits.dat --ctx-size 32768 -f sample-data/wiki.test.head-2.4k.raw -fa on --hf-repo bartowski/MiniCPM5-2B-GGUF:Q4_K_L --cache-type-k f16 --cache-type-v f16 --kl-divergence
0.28.322.480 I cmn          init: llama threadpool init, n_threads = 16
0.28.367.721 I 
0.28.367.798 I system_info: n_threads = 16 (n_threads_batch = 16) / 32 | CUDA : ARCHS = 750,800,860,890,900,1000,1030,1200,1210 | USE_GRAPHS = 1 | FA_ALL_QUANTS = 1 | CPU : SSE3 = 1 | SSSE3 = 1 | AVX = 1 | AVX2 = 1 | F16C = 1 | FMA = 1 | BMI2 = 1 | LLAMAFILE = 1 | OPENMP = 1 | REPACK = 1 | 
0.28.656.908 I kl_divergence: computing over 5 chunks, n_ctx=32768, batch_size=2048, n_seq=1
0.36.530.221 I kl_divergence: 7.87 seconds per pass - ETA 0.65 minutes

chunk             PPL               ln(PPL(Q)/PPL(base))          KL Divergence              Δp RMS            Same top p        Same sampled p
   1      13.0513 ±    0.2867       0.02134 ±    0.00252       0.03555 ±    0.00046     4.463 ±  0.072 %    90.136 ±  0.233 %    40.031 ±  0.258 %
   2      12.2231 ±    0.1918       0.02223 ±    0.00184       0.03693 ±    0.00040     4.708 ±  0.065 %    90.447 ±  0.162 %    41.833 ±  0.187 %
   3      13.2847 ±    0.1719       0.02170 ±    0.00149       0.03771 ±    0.00030     4.698 ±  0.052 %    90.132 ±  0.135 %    40.266 ±  0.150 %
   4      12.8422 ±    0.1440       0.02075 ±    0.00130       0.03888 ±    0.00032     4.824 ±  0.050 %    90.147 ±  0.116 %    41.062 ±  0.131 %
   5      12.2098 ±    0.1213       0.01977 ±    0.00115       0.03826 ±    0.00030     4.775 ±  0.043 %    90.396 ±  0.103 %    41.645 ±  0.117 %

====== Perplexity statistics ======
Mean PPL(Q)                   :  12.209773 ±   0.121293
Mean PPL(base)                :  11.970705 ±   0.119397
Cor(ln(PPL(Q)), ln(PPL(base))):  99.33%
Mean ln(PPL(Q)/PPL(base))     :   0.019774 ±   0.001154
Mean PPL(Q)/PPL(base)         :   1.019971 ±   0.001177
Mean PPL(Q)-PPL(base)         :   0.239067 ±   0.014070

====== KL divergence statistics ======
Mean    KLD:   0.038264 ±   0.000301
Maximum KLD:   9.542866
99.9%   KLD:   0.689444
99.0%   KLD:   0.257284
95.0%   KLD:   0.117560
90.0%   KLD:   0.081250
Median  KLD:   0.023921
10.0%   KLD:   0.000826
 5.0%   KLD:   0.000163
 1.0%   KLD:   0.000016
 0.1%   KLD:   0.000001
Minimum KLD:  -0.000023

====== Token probability statistics ======
Mean    Δp: -0.593 ± 0.017 %
Maximum Δp: 78.932%
99.9%   Δp: 27.353%
99.0%   Δp: 12.545%
95.0%   Δp:  5.410%
90.0%   Δp:  2.876%
75.0%   Δp:  0.387%
Median  Δp: -0.010%
25.0%   Δp: -1.307%
10.0%   Δp: -4.979%
 5.0%   Δp: -8.032%
 1.0%   Δp: -16.444%
 0.1%   Δp: -33.036%
Minimum Δp: -97.514%
RMS Δp    :  4.775 ± 0.043 %
Same top p: 90.396 ± 0.103 %
Same sampled p: 41.645 ± 0.117 %

# llama-perplexity: version: 0.4.7-dev (build 11840, commit a740376d8-dirty) | built with GNU 15.3.0 for Linux x86_64
# model: /home/crusaderky/.cache/huggingface/hub/models--bartowski--MiniCPM5-2B-GGUF/snapshots/31fee0334c4ed9f1e079afe586ba30cb83e0f883/MiniCPM5-2B-Q4_K_L.gguf size=1714719968 mtime=2026-09-14T23:30:37+00:00 sha256/1048576B=7696d4515c9f04f092e9933de7be053bdacb6f5c865cd2e98cd7ca68d6d7f395
------------------------------
# llama-perplexity: version: 0.4.7-dev (build 11840, commit a740376d8-dirty) | built with GNU 15.3.0 for Linux x86_64
# model: <unresolved>
llama-perplexity --kl-divergence-base /tmp/logits.dat --ctx-size 32768 -f sample-data/wiki.test.head-2.4k.raw -fa on --hf-repo bartowski/MiniCPM5-2B-GGUF:Q4_K_M --cache-type-k f16 --cache-type-v f16 --kl-divergence
0.24.847.181 I cmn          init: llama threadpool init, n_threads = 16
0.24.893.411 I 
0.24.893.484 I system_info: n_threads = 16 (n_threads_batch = 16) / 32 | CUDA : ARCHS = 750,800,860,890,900,1000,1030,1200,1210 | USE_GRAPHS = 1 | FA_ALL_QUANTS = 1 | CPU : SSE3 = 1 | SSSE3 = 1 | AVX = 1 | AVX2 = 1 | F16C = 1 | FMA = 1 | BMI2 = 1 | LLAMAFILE = 1 | OPENMP = 1 | REPACK = 1 | 
0.25.179.934 I kl_divergence: computing over 5 chunks, n_ctx=32768, batch_size=2048, n_seq=1
0.33.030.247 I kl_divergence: 7.85 seconds per pass - ETA 0.65 minutes

chunk             PPL               ln(PPL(Q)/PPL(base))          KL Divergence              Δp RMS            Same top p        Same sampled p
   1      13.0977 ±    0.2898       0.02489 ±    0.00276       0.04334 ±    0.00054     4.918 ±  0.089 %    89.178 ±  0.243 %    40.218 ±  0.258 %
   2      12.2760 ±    0.1939       0.02655 ±    0.00200       0.04547 ±    0.00040     5.183 ±  0.066 %    89.465 ±  0.170 %    41.974 ±  0.187 %
   3      13.3478 ±    0.1738       0.02644 ±    0.00162       0.04632 ±    0.00032     5.124 ±  0.051 %    89.206 ±  0.140 %    40.405 ±  0.150 %
   4      12.9092 ±    0.1456       0.02595 ±    0.00142       0.04773 ±    0.00035     5.253 ±  0.049 %    89.105 ±  0.122 %    41.204 ±  0.131 %
   5      12.2715 ±    0.1226       0.02482 ±    0.00126       0.04680 ±    0.00030     5.228 ±  0.044 %    89.354 ±  0.108 %    41.800 ±  0.117 %

====== Perplexity statistics ======
Mean PPL(Q)                   :  12.271525 ±   0.122645
Mean PPL(base)                :  11.970705 ±   0.119397
Cor(ln(PPL(Q)), ln(PPL(base))):  99.20%
Mean ln(PPL(Q)/PPL(base))     :   0.024819 ±   0.001263
Mean PPL(Q)/PPL(base)         :   1.025130 ±   0.001294
Mean PPL(Q)-PPL(base)         :   0.300820 ±   0.015643

====== KL divergence statistics ======
Mean    KLD:   0.046800 ±   0.000301
Maximum KLD:   9.786512
99.9%   KLD:   0.816453
99.0%   KLD:   0.331436
95.0%   KLD:   0.148098
90.0%   KLD:   0.100090
Median  KLD:   0.028816
10.0%   KLD:   0.001002
 5.0%   KLD:   0.000201
 1.0%   KLD:   0.000021
 0.1%   KLD:   0.000002
Minimum KLD:  -0.000024

====== Token probability statistics ======
Mean    Δp: -0.402 ± 0.018 %
Maximum Δp: 78.505%
99.9%   Δp: 30.576%
99.0%   Δp: 14.658%
95.0%   Δp:  6.553%
90.0%   Δp:  3.684%
75.0%   Δp:  0.594%
Median  Δp: -0.003%
25.0%   Δp: -1.166%
10.0%   Δp: -4.992%
 5.0%   Δp: -8.310%
 1.0%   Δp: -17.932%
 0.1%   Δp: -36.227%
Minimum Δp: -96.992%
RMS Δp    :  5.228 ± 0.044 %
Same top p: 89.354 ± 0.108 %
Same sampled p: 41.800 ± 0.117 %

# llama-perplexity: version: 0.4.7-dev (build 11840, commit a740376d8-dirty) | built with GNU 15.3.0 for Linux x86_64
# model: /home/crusaderky/.cache/huggingface/hub/models--bartowski--MiniCPM5-2B-GGUF/snapshots/31fee0334c4ed9f1e079afe586ba30cb83e0f883/MiniCPM5-2B-Q4_K_M.gguf size=1615826144 mtime=2026-09-14T23:31:39+00:00 sha256/1048576B=7696d4515c9f04f092e9933de7be053bdacb6f5c865cd2e98cd7ca68d6d7f395
------------------------------
# llama-perplexity: version: 0.4.7-dev (build 11840, commit a740376d8-dirty) | built with GNU 15.3.0 for Linux x86_64
# model: <unresolved>
llama-perplexity --kl-divergence-base /tmp/logits.dat --ctx-size 32768 -f sample-data/wiki.test.head-2.4k.raw -fa on --hf-repo bartowski/MiniCPM5-2B-GGUF:Q4_K_S --cache-type-k f16 --cache-type-v f16 --kl-divergence
0.26.392.196 I cmn          init: llama threadpool init, n_threads = 16
0.26.439.052 I 
0.26.439.134 I system_info: n_threads = 16 (n_threads_batch = 16) / 32 | CUDA : ARCHS = 750,800,860,890,900,1000,1030,1200,1210 | USE_GRAPHS = 1 | FA_ALL_QUANTS = 1 | CPU : SSE3 = 1 | SSSE3 = 1 | AVX = 1 | AVX2 = 1 | F16C = 1 | FMA = 1 | BMI2 = 1 | LLAMAFILE = 1 | OPENMP = 1 | REPACK = 1 | 
0.26.716.784 I kl_divergence: computing over 5 chunks, n_ctx=32768, batch_size=2048, n_seq=1
0.34.431.064 I kl_divergence: 7.71 seconds per pass - ETA 0.63 minutes

chunk             PPL               ln(PPL(Q)/PPL(base))          KL Divergence              Δp RMS            Same top p        Same sampled p
   1      13.2130 ±    0.2900       0.03365 ±    0.00327       0.06020 ±    0.00069     5.803 ±  0.104 %    87.682 ±  0.257 %    39.608 ±  0.259 %
   2      12.4459 ±    0.1959       0.04029 ±    0.00234       0.06200 ±    0.00053     6.061 ±  0.075 %    87.905 ±  0.180 %    41.452 ±  0.187 %
   3      13.5117 ±    0.1756       0.03864 ±    0.00188       0.06235 ±    0.00041     5.953 ±  0.058 %    87.621 ±  0.149 %    39.952 ±  0.150 %
   4      13.0807 ±    0.1473       0.03914 ±    0.00167       0.06400 ±    0.00046     6.080 ±  0.053 %    87.560 ±  0.129 %    40.728 ±  0.131 %
   5      12.4244 ±    0.1239       0.03720 ±    0.00148       0.06312 ±    0.00040     6.061 ±  0.047 %    87.793 ±  0.114 %    41.302 ±  0.117 %

====== Perplexity statistics ======
Mean PPL(Q)                   :  12.424450 ±   0.123878
Mean PPL(base)                :  11.970705 ±   0.119397
Cor(ln(PPL(Q)), ln(PPL(base))):  98.90%
Mean ln(PPL(Q)/PPL(base))     :   0.037204 ±   0.001482
Mean PPL(Q)/PPL(base)         :   1.037905 ±   0.001538
Mean PPL(Q)-PPL(base)         :   0.453745 ±   0.018616

====== KL divergence statistics ======
Mean    KLD:   0.063121 ±   0.000402
Maximum KLD:  13.669057
99.9%   KLD:   0.993245
99.0%   KLD:   0.424620
95.0%   KLD:   0.196910
90.0%   KLD:   0.136570
Median  KLD:   0.039660
10.0%   KLD:   0.001389
 5.0%   KLD:   0.000265
 1.0%   KLD:   0.000029
 0.1%   KLD:   0.000004
Minimum KLD:  -0.000023

====== Token probability statistics ======
Mean    Δp: -0.823 ± 0.021 %
Maximum Δp: 78.880%
99.9%   Δp: 32.770%
99.0%   Δp: 15.486%
95.0%   Δp:  6.812%
90.0%   Δp:  3.688%
75.0%   Δp:  0.483%
Median  Δp: -0.019%
25.0%   Δp: -1.685%
10.0%   Δp: -6.453%
 5.0%   Δp: -10.591%
 1.0%   Δp: -21.884%
 0.1%   Δp: -42.288%
Minimum Δp: -97.685%
RMS Δp    :  6.061 ± 0.047 %
Same top p: 87.793 ± 0.114 %
Same sampled p: 41.302 ± 0.117 %

# llama-perplexity: version: 0.4.7-dev (build 11840, commit a740376d8-dirty) | built with GNU 15.3.0 for Linux x86_64
# model: /home/crusaderky/.cache/huggingface/hub/models--bartowski--MiniCPM5-2B-GGUF/snapshots/31fee0334c4ed9f1e079afe586ba30cb83e0f883/MiniCPM5-2B-Q4_K_S.gguf size=1534004448 mtime=2026-09-14T23:32:43+00:00 sha256/1048576B=7696d4515c9f04f092e9933de7be053bdacb6f5c865cd2e98cd7ca68d6d7f395
------------------------------
# llama-perplexity: version: 0.4.7-dev (build 11840, commit a740376d8-dirty) | built with GNU 15.3.0 for Linux x86_64
# model: <unresolved>
llama-perplexity --kl-divergence-base /tmp/logits.dat --ctx-size 32768 -f sample-data/wiki.test.head-2.4k.raw -fa on --hf-repo bartowski/MiniCPM5-2B-GGUF:IQ4_XS --cache-type-k f16 --cache-type-v f16 --kl-divergence
0.24.183.340 I cmn          init: llama threadpool init, n_threads = 16
0.24.230.626 I 
0.24.230.702 I system_info: n_threads = 16 (n_threads_batch = 16) / 32 | CUDA : ARCHS = 750,800,860,890,900,1000,1030,1200,1210 | USE_GRAPHS = 1 | FA_ALL_QUANTS = 1 | CPU : SSE3 = 1 | SSSE3 = 1 | AVX = 1 | AVX2 = 1 | F16C = 1 | FMA = 1 | BMI2 = 1 | LLAMAFILE = 1 | OPENMP = 1 | REPACK = 1 | 
0.24.526.884 I kl_divergence: computing over 5 chunks, n_ctx=32768, batch_size=2048, n_seq=1
0.32.114.802 I kl_divergence: 7.59 seconds per pass - ETA 0.62 minutes

chunk             PPL               ln(PPL(Q)/PPL(base))          KL Divergence              Δp RMS            Same top p        Same sampled p
   1      13.3372 ±    0.2949       0.04301 ±    0.00345       0.06843 ±    0.00075     6.207 ±  0.095 %    86.169 ±  0.270 %    39.674 ±  0.258 %
   2      12.4815 ±    0.1968       0.04315 ±    0.00245       0.07111 ±    0.00058     6.490 ±  0.077 %    86.758 ±  0.187 %    41.324 ±  0.186 %
   3      13.5903 ±    0.1768       0.04444 ±    0.00203       0.07334 ±    0.00050     6.470 ±  0.063 %    86.488 ±  0.154 %    39.777 ±  0.150 %
   4      13.1561 ±    0.1483       0.04489 ±    0.00178       0.07472 ±    0.00045     6.610 ±  0.056 %    86.471 ±  0.134 %    40.559 ±  0.131 %
   5      12.4910 ±    0.1246       0.04254 ±    0.00157       0.07355 ±    0.00042     6.537 ±  0.050 %    86.764 ±  0.118 %    41.138 ±  0.117 %

====== Perplexity statistics ======
Mean PPL(Q)                   :  12.490960 ±   0.124630
Mean PPL(base)                :  11.970705 ±   0.119397
Cor(ln(PPL(Q)), ln(PPL(base))):  98.76%
Mean ln(PPL(Q)/PPL(base))     :   0.042543 ±   0.001574
Mean PPL(Q)/PPL(base)         :   1.043461 ±   0.001642
Mean PPL(Q)-PPL(base)         :   0.520255 ±   0.019941

====== KL divergence statistics ======
Mean    KLD:   0.073545 ±   0.000418
Maximum KLD:   7.924648
99.9%   KLD:   1.257484
99.0%   KLD:   0.496622
95.0%   KLD:   0.229558
90.0%   KLD:   0.158459
Median  KLD:   0.046306
10.0%   KLD:   0.001749
 5.0%   KLD:   0.000343
 1.0%   KLD:   0.000041
 0.1%   KLD:   0.000005
Minimum KLD:  -0.000000

====== Token probability statistics ======
Mean    Δp: -0.941 ± 0.023 %
Maximum Δp: 77.663%
99.9%   Δp: 33.047%
99.0%   Δp: 16.759%
95.0%   Δp:  7.303%
90.0%   Δp:  3.968%
75.0%   Δp:  0.471%
Median  Δp: -0.035%
25.0%   Δp: -1.896%
10.0%   Δp: -6.993%
 5.0%   Δp: -11.399%
 1.0%   Δp: -23.451%
 0.1%   Δp: -46.140%
Minimum Δp: -98.859%
RMS Δp    :  6.537 ± 0.050 %
Same top p: 86.764 ± 0.118 %
Same sampled p: 41.138 ± 0.117 %

# llama-perplexity: version: 0.4.7-dev (build 11840, commit a740376d8-dirty) | built with GNU 15.3.0 for Linux x86_64
# model: /home/crusaderky/.cache/huggingface/hub/models--bartowski--MiniCPM5-2B-GGUF/snapshots/31fee0334c4ed9f1e079afe586ba30cb83e0f883/MiniCPM5-2B-IQ4_XS.gguf size=1463942368 mtime=2026-09-14T23:33:44+00:00 sha256/1048576B=7696d4515c9f04f092e9933de7be053bdacb6f5c865cd2e98cd7ca68d6d7f395
------------------------------
# llama-perplexity: version: 0.4.7-dev (build 11840, commit a740376d8-dirty) | built with GNU 15.3.0 for Linux x86_64
# model: <unresolved>
llama-perplexity --kl-divergence-base /tmp/logits.dat --ctx-size 32768 -f sample-data/wiki.test.head-2.4k.raw -fa on --hf-repo bartowski/MiniCPM5-2B-GGUF:IQ3_M --cache-type-k f16 --cache-type-v f16 --kl-divergence
0.49.850.203 I cmn          init: llama threadpool init, n_threads = 16
0.49.896.208 I 
0.49.896.285 I system_info: n_threads = 16 (n_threads_batch = 16) / 32 | CUDA : ARCHS = 750,800,860,890,900,1000,1030,1200,1210 | USE_GRAPHS = 1 | FA_ALL_QUANTS = 1 | CPU : SSE3 = 1 | SSSE3 = 1 | AVX = 1 | AVX2 = 1 | F16C = 1 | FMA = 1 | BMI2 = 1 | LLAMAFILE = 1 | OPENMP = 1 | REPACK = 1 | 
0.50.187.502 I kl_divergence: computing over 5 chunks, n_ctx=32768, batch_size=2048, n_seq=1
0.57.923.532 I kl_divergence: 7.74 seconds per pass - ETA 0.63 minutes

chunk             PPL               ln(PPL(Q)/PPL(base))          KL Divergence              Δp RMS            Same top p        Same sampled p
   1      14.5904 ±    0.3298       0.13282 ±    0.00499       0.14445 ±    0.00145     9.252 ±  0.135 %    80.352 ±  0.310 %    38.587 ±  0.257 %
   2      13.6910 ±    0.2213       0.13564 ±    0.00364       0.15188 ±    0.00118     9.605 ±  0.099 %    80.797 ±  0.218 %    40.431 ±  0.186 %
   3      14.8623 ±    0.1978       0.13392 ±    0.00298       0.15389 ±    0.00094     9.508 ±  0.080 %    80.297 ±  0.179 %    38.880 ±  0.149 %
   4      14.3299 ±    0.1652       0.13036 ±    0.00262       0.15743 ±    0.00089     9.672 ±  0.070 %    80.265 ±  0.155 %    39.630 ±  0.130 %
   5      13.5962 ±    0.1389       0.12733 ±    0.00231       0.15388 ±    0.00077     9.575 ±  0.062 %    80.696 ±  0.138 %    40.240 ±  0.117 %

====== Perplexity statistics ======
Mean PPL(Q)                   :  13.596221 ±   0.138862
Mean PPL(base)                :  11.970705 ±   0.119397
Cor(ln(PPL(Q)), ln(PPL(base))):  97.41%
Mean ln(PPL(Q)/PPL(base))     :   0.127329 ±   0.002308
Mean PPL(Q)/PPL(base)         :   1.135791 ±   0.002621
Mean PPL(Q)-PPL(base)         :   1.625516 ±   0.035160

====== KL divergence statistics ======
Mean    KLD:   0.153877 ±   0.000774
Maximum KLD:  13.299969
99.9%   KLD:   2.184764
99.0%   KLD:   0.968139
95.0%   KLD:   0.476706
90.0%   KLD:   0.336066
Median  KLD:   0.101019
10.0%   KLD:   0.004194
 5.0%   KLD:   0.000874
 1.0%   KLD:   0.000099
 0.1%   KLD:   0.000016
Minimum KLD:  -0.000000

====== Token probability statistics ======
Mean    Δp: -1.728 ± 0.033 %
Maximum Δp: 78.810%
99.9%   Δp: 44.521%
99.0%   Δp: 22.591%
95.0%   Δp: 10.228%
90.0%   Δp:  5.472%
75.0%   Δp:  0.545%
Median  Δp: -0.093%
25.0%   Δp: -3.102%
10.0%   Δp: -10.922%
 5.0%   Δp: -17.910%
 1.0%   Δp: -36.833%
 0.1%   Δp: -65.292%
Minimum Δp: -97.685%
RMS Δp    :  9.575 ± 0.062 %
Same top p: 80.696 ± 0.138 %
Same sampled p: 40.240 ± 0.117 %

# llama-perplexity: version: 0.4.7-dev (build 11840, commit a740376d8-dirty) | built with GNU 15.3.0 for Linux x86_64
# model: /home/crusaderky/.cache/huggingface/hub/models--bartowski--MiniCPM5-2B-GGUF/snapshots/31fee0334c4ed9f1e079afe586ba30cb83e0f883/MiniCPM5-2B-IQ3_M.gguf size=1362734304 mtime=2026-09-14T23:35:10+00:00 sha256/1048576B=7696d4515c9f04f092e9933de7be053bdacb6f5c865cd2e98cd7ca68d6d7f395
------------------------------
# llama-perplexity: version: 0.4.7-dev (build 11840, commit a740376d8-dirty) | built with GNU 15.3.0 for Linux x86_64
# model: <unresolved>
llama-perplexity --kl-divergence-base /tmp/logits.dat --ctx-size 32768 -f sample-data/wiki.test.head-2.4k.raw -fa on --hf-repo bartowski/MiniCPM5-2B-GGUF:Q3_K_L --cache-type-k f16 --cache-type-v f16 --kl-divergence
0.25.612.316 I cmn          init: llama threadpool init, n_threads = 16
0.25.658.425 I 
0.25.658.501 I system_info: n_threads = 16 (n_threads_batch = 16) / 32 | CUDA : ARCHS = 750,800,860,890,900,1000,1030,1200,1210 | USE_GRAPHS = 1 | FA_ALL_QUANTS = 1 | CPU : SSE3 = 1 | SSSE3 = 1 | AVX = 1 | AVX2 = 1 | F16C = 1 | FMA = 1 | BMI2 = 1 | LLAMAFILE = 1 | OPENMP = 1 | REPACK = 1 | 
0.25.948.287 I kl_divergence: computing over 5 chunks, n_ctx=32768, batch_size=2048, n_seq=1
0.33.884.552 I kl_divergence: 7.94 seconds per pass - ETA 0.65 minutes

chunk             PPL               ln(PPL(Q)/PPL(base))          KL Divergence              Δp RMS            Same top p        Same sampled p
   1      14.7876 ±    0.3346       0.14624 ±    0.00543       0.17092 ±    0.00161     9.636 ±  0.133 %    79.125 ±  0.318 %    38.326 ±  0.258 %
   2      13.8390 ±    0.2234       0.14639 ±    0.00394       0.17619 ±    0.00128    10.146 ±  0.103 %    79.726 ±  0.222 %    39.971 ±  0.186 %
   3      15.0656 ±    0.2005       0.14751 ±    0.00322       0.17970 ±    0.00104    10.104 ±  0.083 %    79.074 ±  0.183 %    38.459 ±  0.149 %
   4      14.6123 ±    0.1687       0.14987 ±    0.00284       0.18308 ±    0.00097    10.280 ±  0.073 %    79.036 ±  0.159 %    39.204 ±  0.130 %
   5      13.8532 ±    0.1415       0.14605 ±    0.00251       0.18079 ±    0.00088    10.243 ±  0.064 %    79.415 ±  0.141 %    39.787 ±  0.117 %

====== Perplexity statistics ======
Mean PPL(Q)                   :  13.853161 ±   0.141521
Mean PPL(base)                :  11.970705 ±   0.119397
Cor(ln(PPL(Q)), ln(PPL(base))):  96.95%
Mean ln(PPL(Q)/PPL(base))     :   0.146051 ±   0.002507
Mean PPL(Q)/PPL(base)         :   1.157255 ±   0.002901
Mean PPL(Q)-PPL(base)         :   1.882455 ±   0.039008

====== KL divergence statistics ======
Mean    KLD:   0.180785 ±   0.000875
Maximum KLD:  15.310287
99.9%   KLD:   2.523265
99.0%   KLD:   1.094664
95.0%   KLD:   0.553090
90.0%   KLD:   0.393454
Median  KLD:   0.121509
10.0%   KLD:   0.004515
 5.0%   KLD:   0.000911
 1.0%   KLD:   0.000102
 0.1%   KLD:   0.000017
Minimum KLD:  -0.000001

====== Token probability statistics ======
Mean    Δp: -2.052 ± 0.035 %
Maximum Δp: 78.978%
99.9%   Δp: 45.936%
99.0%   Δp: 23.941%
95.0%   Δp: 10.731%
90.0%   Δp:  5.427%
75.0%   Δp:  0.478%
Median  Δp: -0.113%
25.0%   Δp: -3.662%
10.0%   Δp: -12.343%
 5.0%   Δp: -19.610%
 1.0%   Δp: -38.578%
 0.1%   Δp: -69.038%
Minimum Δp: -97.685%
RMS Δp    : 10.243 ± 0.064 %
Same top p: 79.415 ± 0.141 %
Same sampled p: 39.787 ± 0.117 %

# llama-perplexity: version: 0.4.7-dev (build 11840, commit a740376d8-dirty) | built with GNU 15.3.0 for Linux x86_64
# model: /home/crusaderky/.cache/huggingface/hub/models--bartowski--MiniCPM5-2B-GGUF/snapshots/31fee0334c4ed9f1e079afe586ba30cb83e0f883/MiniCPM5-2B-Q3_K_L.gguf size=1287011552 mtime=2026-09-14T23:36:13+00:00 sha256/1048576B=7696d4515c9f04f092e9933de7be053bdacb6f5c865cd2e98cd7ca68d6d7f395
------------------------------
# llama-perplexity: version: 0.4.7-dev (build 11840, commit a740376d8-dirty) | built with GNU 15.3.0 for Linux x86_64
# model: <unresolved>
llama-perplexity --kl-divergence-base /tmp/logits.dat --ctx-size 32768 -f sample-data/wiki.test.head-2.4k.raw -fa on --hf-repo bartowski/MiniCPM5-2B-GGUF:Q3_K_M --cache-type-k f16 --cache-type-v f16 --kl-divergence
0.21.120.550 I cmn          init: llama threadpool init, n_threads = 16
0.21.166.520 I 
0.21.166.597 I system_info: n_threads = 16 (n_threads_batch = 16) / 32 | CUDA : ARCHS = 750,800,860,890,900,1000,1030,1200,1210 | USE_GRAPHS = 1 | FA_ALL_QUANTS = 1 | CPU : SSE3 = 1 | SSSE3 = 1 | AVX = 1 | AVX2 = 1 | F16C = 1 | FMA = 1 | BMI2 = 1 | LLAMAFILE = 1 | OPENMP = 1 | REPACK = 1 | 
0.21.454.538 I kl_divergence: computing over 5 chunks, n_ctx=32768, batch_size=2048, n_seq=1
0.29.447.782 I kl_divergence: 7.99 seconds per pass - ETA 0.65 minutes

chunk             PPL               ln(PPL(Q)/PPL(base))          KL Divergence              Δp RMS            Same top p        Same sampled p
   1      15.1237 ±    0.3431       0.16872 ±    0.00578       0.19578 ±    0.00184    10.437 ±  0.145 %    78.185 ±  0.323 %    38.064 ±  0.258 %
   2      14.1650 ±    0.2290       0.16968 ±    0.00422       0.20326 ±    0.00149    11.032 ±  0.111 %    78.453 ±  0.227 %    39.602 ±  0.186 %
   3      15.4097 ±    0.2053       0.17008 ±    0.00346       0.20730 ±    0.00122    10.992 ±  0.090 %    77.875 ±  0.187 %    38.059 ±  0.149 %
   4      14.9672 ±    0.1732       0.17387 ±    0.00307       0.21174 ±    0.00112    11.213 ±  0.080 %    77.818 ±  0.162 %    38.791 ±  0.130 %
   5      14.1861 ±    0.1452       0.16980 ±    0.00271       0.20890 ±    0.00100    11.172 ±  0.070 %    78.147 ±  0.144 %    39.359 ±  0.117 %

====== Perplexity statistics ======
Mean PPL(Q)                   :  14.186089 ±   0.145227
Mean PPL(base)                :  11.970705 ±   0.119397
Cor(ln(PPL(Q)), ln(PPL(base))):  96.45%
Mean ln(PPL(Q)/PPL(base))     :   0.169799 ±   0.002706
Mean PPL(Q)/PPL(base)         :   1.185067 ±   0.003206
Mean PPL(Q)-PPL(base)         :   2.215384 ±   0.043571

====== KL divergence statistics ======
Mean    KLD:   0.208900 ±   0.001002
Maximum KLD:  15.241679
99.9%   KLD:   2.958542
99.0%   KLD:   1.320380
95.0%   KLD:   0.643363
90.0%   KLD:   0.452489
Median  KLD:   0.139270
10.0%   KLD:   0.005432
 5.0%   KLD:   0.001100
 1.0%   KLD:   0.000130
 0.1%   KLD:   0.000022
Minimum KLD:  -0.000002

====== Token probability statistics ======
Mean    Δp: -2.398 ± 0.038 %
Maximum Δp: 81.209%
99.9%   Δp: 47.632%
99.0%   Δp: 24.838%
95.0%   Δp: 11.134%
90.0%   Δp:  5.592%
75.0%   Δp:  0.469%
Median  Δp: -0.140%
25.0%   Δp: -4.032%
10.0%   Δp: -13.576%
 5.0%   Δp: -21.715%
 1.0%   Δp: -43.381%
 0.1%   Δp: -76.860%
Minimum Δp: -98.502%
RMS Δp    : 11.172 ± 0.070 %
Same top p: 78.147 ± 0.144 %
Same sampled p: 39.359 ± 0.117 %

# llama-perplexity: version: 0.4.7-dev (build 11840, commit a740376d8-dirty) | built with GNU 15.3.0 for Linux x86_64
# model: /home/crusaderky/.cache/huggingface/hub/models--bartowski--MiniCPM5-2B-GGUF/snapshots/31fee0334c4ed9f1e079afe586ba30cb83e0f883/MiniCPM5-2B-Q3_K_M.gguf size=1236085984 mtime=2026-09-14T23:37:15+00:00 sha256/1048576B=7696d4515c9f04f092e9933de7be053bdacb6f5c865cd2e98cd7ca68d6d7f395
------------------------------
# llama-perplexity: version: 0.4.7-dev (build 11840, commit a740376d8-dirty) | built with GNU 15.3.0 for Linux x86_64
# model: <unresolved>
llama-perplexity --kl-divergence-base /tmp/logits.dat --ctx-size 32768 -f sample-data/wiki.test.head-2.4k.raw -fa on --hf-repo bartowski/MiniCPM5-2B-GGUF:IQ3_XS --cache-type-k f16 --cache-type-v f16 --kl-divergence
1.09.120.295 I cmn          init: llama threadpool init, n_threads = 16
1.09.166.236 I 
1.09.166.311 I system_info: n_threads = 16 (n_threads_batch = 16) / 32 | CUDA : ARCHS = 750,800,860,890,900,1000,1030,1200,1210 | USE_GRAPHS = 1 | FA_ALL_QUANTS = 1 | CPU : SSE3 = 1 | SSSE3 = 1 | AVX = 1 | AVX2 = 1 | F16C = 1 | FMA = 1 | BMI2 = 1 | LLAMAFILE = 1 | OPENMP = 1 | REPACK = 1 | 
1.09.460.054 I kl_divergence: computing over 5 chunks, n_ctx=32768, batch_size=2048, n_seq=1
1.17.143.729 I kl_divergence: 7.68 seconds per pass - ETA 0.63 minutes

chunk             PPL               ln(PPL(Q)/PPL(base))          KL Divergence              Δp RMS            Same top p        Same sampled p
   1      15.7247 ±    0.3522       0.20769 ±    0.00621       0.23232 ±    0.00226    11.787 ±  0.155 %    76.018 ±  0.334 %    36.658 ±  0.255 %
   2      14.6491 ±    0.2340       0.20328 ±    0.00448       0.24234 ±    0.00176    12.384 ±  0.117 %    76.610 ±  0.234 %    38.257 ±  0.184 %
   3      15.8749 ±    0.2088       0.19983 ±    0.00367       0.24464 ±    0.00143    12.233 ±  0.094 %    76.010 ±  0.193 %    36.756 ±  0.148 %
   4      15.2943 ±    0.1742       0.19549 ±    0.00326       0.25278 ±    0.00134    12.479 ±  0.084 %    75.884 ±  0.167 %    37.420 ±  0.129 %
   5      14.4665 ±    0.1459       0.18937 ±    0.00286       0.24585 ±    0.00117    12.349 ±  0.074 %    76.532 ±  0.148 %    38.054 ±  0.116 %

====== Perplexity statistics ======
Mean PPL(Q)                   :  14.466513 ±   0.145918
Mean PPL(base)                :  11.970705 ±   0.119397
Cor(ln(PPL(Q)), ln(PPL(base))):  95.94%
Mean ln(PPL(Q)/PPL(base))     :   0.189374 ±   0.002861
Mean PPL(Q)/PPL(base)         :   1.208493 ±   0.003457
Mean PPL(Q)-PPL(base)         :   2.495808 ±   0.046027

====== KL divergence statistics ======
Mean    KLD:   0.245848 ±   0.001171
Maximum KLD:  16.334896
99.9%   KLD:   3.471702
99.0%   KLD:   1.552889
95.0%   KLD:   0.760239
90.0%   KLD:   0.533722
Median  KLD:   0.162468
10.0%   KLD:   0.008832
 5.0%   KLD:   0.002029
 1.0%   KLD:   0.000276
 0.1%   KLD:   0.000049
Minimum KLD:   0.000002

====== Token probability statistics ======
Mean    Δp: -3.562 ± 0.041 %
Maximum Δp: 98.555%
99.9%   Δp: 46.346%
99.0%   Δp: 23.777%
95.0%   Δp:  9.839%
90.0%   Δp:  4.556%
75.0%   Δp:  0.193%
Median  Δp: -0.381%
25.0%   Δp: -5.600%
10.0%   Δp: -16.453%
 5.0%   Δp: -25.325%
 1.0%   Δp: -48.454%
 0.1%   Δp: -81.103%
Minimum Δp: -98.783%
RMS Δp    : 12.349 ± 0.074 %
Same top p: 76.532 ± 0.148 %
Same sampled p: 38.054 ± 0.116 %

# llama-perplexity: version: 0.4.7-dev (build 11840, commit a740376d8-dirty) | built with GNU 15.3.0 for Linux x86_64
# model: /home/crusaderky/.cache/huggingface/hub/models--bartowski--MiniCPM5-2B-GGUF/snapshots/31fee0334c4ed9f1e079afe586ba30cb83e0f883/MiniCPM5-2B-IQ3_XS.gguf size=1193749728 mtime=2026-09-14T23:39:03+00:00 sha256/1048576B=7696d4515c9f04f092e9933de7be053bdacb6f5c865cd2e98cd7ca68d6d7f395
------------------------------
# llama-perplexity: version: 0.4.7-dev (build 11840, commit a740376d8-dirty) | built with GNU 15.3.0 for Linux x86_64
# model: <unresolved>
llama-perplexity --kl-divergence-base /tmp/logits.dat --ctx-size 32768 -f sample-data/wiki.test.head-2.4k.raw -fa on --hf-repo bartowski/MiniCPM5-2B-GGUF:IQ3_XXS --cache-type-k f16 --cache-type-v f16 --kl-divergence
0.36.577.418 I cmn          init: llama threadpool init, n_threads = 16
0.36.622.790 I 
0.36.622.868 I system_info: n_threads = 16 (n_threads_batch = 16) / 32 | CUDA : ARCHS = 750,800,860,890,900,1000,1030,1200,1210 | USE_GRAPHS = 1 | FA_ALL_QUANTS = 1 | CPU : SSE3 = 1 | SSSE3 = 1 | AVX = 1 | AVX2 = 1 | F16C = 1 | FMA = 1 | BMI2 = 1 | LLAMAFILE = 1 | OPENMP = 1 | REPACK = 1 | 
0.36.927.101 I kl_divergence: computing over 5 chunks, n_ctx=32768, batch_size=2048, n_seq=1
0.44.578.445 I kl_divergence: 7.65 seconds per pass - ETA 0.63 minutes

chunk             PPL               ln(PPL(Q)/PPL(base))          KL Divergence              Δp RMS            Same top p        Same sampled p
   1      16.3245 ±    0.3711       0.24512 ±    0.00695       0.29069 ±    0.00266    12.811 ±  0.162 %    73.833 ±  0.343 %    36.279 ±  0.256 %
   2      15.3327 ±    0.2478       0.24889 ±    0.00499       0.29990 ±    0.00211    13.652 ±  0.125 %    74.492 ±  0.241 %    37.674 ±  0.185 %
   3      16.6797 ±    0.2217       0.24928 ±    0.00409       0.30478 ±    0.00173    13.505 ±  0.101 %    73.989 ±  0.198 %    36.166 ±  0.148 %
   4      16.1778 ±    0.1863       0.25165 ±    0.00362       0.31506 ±    0.00159    13.910 ±  0.089 %    73.733 ±  0.172 %    36.734 ±  0.129 %
   5      15.2731 ±    0.1557       0.24363 ±    0.00319       0.30717 ±    0.00140    13.754 ±  0.079 %    74.275 ±  0.153 %    37.359 ±  0.116 %

====== Perplexity statistics ======
Mean PPL(Q)                   :  15.273129 ±   0.155670
Mean PPL(base)                :  11.970705 ±   0.119397
Cor(ln(PPL(Q)), ln(PPL(base))):  95.00%
Mean ln(PPL(Q)/PPL(base))     :   0.243633 ±   0.003195
Mean PPL(Q)/PPL(base)         :   1.275875 ±   0.004076
Mean PPL(Q)-PPL(base)         :   3.302424 ±   0.056329

====== KL divergence statistics ======
Mean    KLD:   0.307171 ±   0.001401
Maximum KLD:  16.106380
99.9%   KLD:   4.059887
99.0%   KLD:   1.882324
95.0%   KLD:   0.934034
90.0%   KLD:   0.659802
Median  KLD:   0.208915
10.0%   KLD:   0.012226
 5.0%   KLD:   0.003094
 1.0%   KLD:   0.000371
 0.1%   KLD:   0.000055
Minimum KLD:   0.000005

====== Token probability statistics ======
Mean    Δp: -4.145 ± 0.046 %
Maximum Δp: 92.212%
99.9%   Δp: 53.802%
99.0%   Δp: 26.451%
95.0%   Δp: 10.824%
90.0%   Δp:  4.920%
75.0%   Δp:  0.154%
Median  Δp: -0.538%
25.0%   Δp: -6.629%
10.0%   Δp: -18.699%
 5.0%   Δp: -28.306%
 1.0%   Δp: -54.348%
 0.1%   Δp: -86.310%
Minimum Δp: -99.972%
RMS Δp    : 13.754 ± 0.079 %
Same top p: 74.275 ± 0.153 %
Same sampled p: 37.359 ± 0.116 %

# llama-perplexity: version: 0.4.7-dev (build 11840, commit a740376d8-dirty) | built with GNU 15.3.0 for Linux x86_64
# model: /home/crusaderky/.cache/huggingface/hub/models--bartowski--MiniCPM5-2B-GGUF/snapshots/31fee0334c4ed9f1e079afe586ba30cb83e0f883/MiniCPM5-2B-IQ3_XXS.gguf size=1143844064 mtime=2026-09-14T23:40:16+00:00 sha256/1048576B=7696d4515c9f04f092e9933de7be053bdacb6f5c865cd2e98cd7ca68d6d7f395
------------------------------
# llama-perplexity: version: 0.4.7-dev (build 11840, commit a740376d8-dirty) | built with GNU 15.3.0 for Linux x86_64
# model: <unresolved>
llama-perplexity --kl-divergence-base /tmp/logits.dat --ctx-size 32768 -f sample-data/wiki.test.head-2.4k.raw -fa on --hf-repo NANI-Nithin/MiniCPM5-2B-GGUF:Q6_K --cache-type-k f16 --cache-type-v f16 --kl-divergence
0.26.448.015 I cmn          init: llama threadpool init, n_threads = 16
0.26.493.037 I 
0.26.493.113 I system_info: n_threads = 16 (n_threads_batch = 16) / 32 | CUDA : ARCHS = 750,800,860,890,900,1000,1030,1200,1210 | USE_GRAPHS = 1 | FA_ALL_QUANTS = 1 | CPU : SSE3 = 1 | SSSE3 = 1 | AVX = 1 | AVX2 = 1 | F16C = 1 | FMA = 1 | BMI2 = 1 | LLAMAFILE = 1 | OPENMP = 1 | REPACK = 1 | 
0.26.808.705 I kl_divergence: computing over 5 chunks, n_ctx=32768, batch_size=2048, n_seq=1
0.34.927.456 I kl_divergence: 8.12 seconds per pass - ETA 0.67 minutes

chunk             PPL               ln(PPL(Q)/PPL(base))          KL Divergence              Δp RMS            Same top p        Same sampled p
   1      12.8485 ±    0.2831       0.00568 ±    0.00121       0.00836 ±    0.00010     2.179 ±  0.035 %    94.983 ±  0.171 %    40.616 ±  0.258 %
   2      11.9973 ±    0.1887       0.00358 ±    0.00089       0.00915 ±    0.00014     2.410 ±  0.049 %    94.992 ±  0.120 %    42.418 ±  0.187 %
   3      13.0450 ±    0.1694       0.00349 ±    0.00073       0.00934 ±    0.00010     2.360 ±  0.036 %    94.863 ±  0.100 %    40.874 ±  0.150 %
   4      12.6238 ±    0.1420       0.00359 ±    0.00064       0.00964 ±    0.00010     2.399 ±  0.034 %    94.815 ±  0.087 %    41.696 ±  0.131 %
   5      12.0055 ±    0.1196       0.00290 ±    0.00058       0.00978 ±    0.00011     2.416 ±  0.030 %    94.929 ±  0.077 %    42.254 ±  0.117 %

====== Perplexity statistics ======
Mean PPL(Q)                   :  12.005495 ±   0.119607
Mean PPL(base)                :  11.970705 ±   0.119397
Cor(ln(PPL(Q)), ln(PPL(base))):  99.83%
Mean ln(PPL(Q)/PPL(base))     :   0.002902 ±   0.000578
Mean PPL(Q)/PPL(base)         :   1.002906 ±   0.000579
Mean PPL(Q)-PPL(base)         :   0.034789 ±   0.006927

====== KL divergence statistics ======
Mean    KLD:   0.009777 ±   0.000107
Maximum KLD:   2.959318
99.9%   KLD:   0.260537
99.0%   KLD:   0.067499
95.0%   KLD:   0.027858
90.0%   KLD:   0.019052
Median  KLD:   0.006141
10.0%   KLD:   0.000191
 5.0%   KLD:   0.000037
 1.0%   KLD:   0.000003
 0.1%   KLD:  -0.000004
Minimum KLD:  -0.000100

====== Token probability statistics ======
Mean    Δp: -0.130 ± 0.008 %
Maximum Δp: 76.118%
99.9%   Δp: 13.534%
99.0%   Δp:  6.782%
95.0%   Δp:  3.192%
90.0%   Δp:  1.792%
75.0%   Δp:  0.308%
Median  Δp: -0.000%
25.0%   Δp: -0.500%
10.0%   Δp: -2.279%
 5.0%   Δp: -3.788%
 1.0%   Δp: -7.496%
 0.1%   Δp: -16.610%
Minimum Δp: -61.601%
RMS Δp    :  2.416 ± 0.030 %
Same top p: 94.929 ± 0.077 %
Same sampled p: 42.254 ± 0.117 %

# llama-perplexity: version: 0.4.7-dev (build 11840, commit a740376d8-dirty) | built with GNU 15.3.0 for Linux x86_64
# model: /home/crusaderky/.cache/huggingface/hub/models--NANI-Nithin--MiniCPM5-2B-GGUF/snapshots/eb12985b999c83da2c982e76c503813be5476ead/MiniCPM5-2B-Q6_K.gguf size=2070225888 mtime=2026-09-14T23:41:19+00:00 sha256/1048576B=018b34af2ab51bfc3b2e9a3f5eaa826499b008f1bfc971adde40487692321f11
------------------------------
# llama-perplexity: version: 0.4.7-dev (build 11840, commit a740376d8-dirty) | built with GNU 15.3.0 for Linux x86_64
# model: <unresolved>
llama-perplexity --kl-divergence-base /tmp/logits.dat --ctx-size 32768 -f sample-data/wiki.test.head-2.4k.raw -fa on --hf-repo NANI-Nithin/MiniCPM5-2B-GGUF:Q5_K_M --cache-type-k f16 --cache-type-v f16 --kl-divergence
1.11.799.265 I cmn          init: llama threadpool init, n_threads = 16
1.11.843.218 I 
1.11.843.300 I system_info: n_threads = 16 (n_threads_batch = 16) / 32 | CUDA : ARCHS = 750,800,860,890,900,1000,1030,1200,1210 | USE_GRAPHS = 1 | FA_ALL_QUANTS = 1 | CPU : SSE3 = 1 | SSSE3 = 1 | AVX = 1 | AVX2 = 1 | F16C = 1 | FMA = 1 | BMI2 = 1 | LLAMAFILE = 1 | OPENMP = 1 | REPACK = 1 | 
1.12.122.052 I kl_divergence: computing over 5 chunks, n_ctx=32768, batch_size=2048, n_seq=1
1.20.018.504 I kl_divergence: 7.90 seconds per pass - ETA 0.65 minutes

chunk             PPL               ln(PPL(Q)/PPL(base))          KL Divergence              Δp RMS            Same top p        Same sampled p
   1      13.0126 ±    0.2880       0.01837 ±    0.00192       0.02022 ±    0.00027     3.384 ±  0.069 %    92.279 ±  0.209 %    40.497 ±  0.258 %
   2      12.1453 ±    0.1918       0.01584 ±    0.00137       0.02105 ±    0.00021     3.556 ±  0.052 %    92.477 ±  0.146 %    42.319 ±  0.187 %
   3      13.2040 ±    0.1719       0.01561 ±    0.00112       0.02155 ±    0.00017     3.534 ±  0.040 %    92.250 ±  0.121 %    40.744 ±  0.150 %
   4      12.7893 ±    0.1444       0.01662 ±    0.00100       0.02253 ±    0.00022     3.660 ±  0.039 %    92.169 ±  0.105 %    41.562 ±  0.131 %
   5      12.1690 ±    0.1217       0.01643 ±    0.00090       0.02242 ±    0.00023     3.670 ±  0.036 %    92.369 ±  0.093 %    42.118 ±  0.117 %

====== Perplexity statistics ======
Mean PPL(Q)                   :  12.168978 ±   0.121663
Mean PPL(base)                :  11.970705 ±   0.119397
Cor(ln(PPL(Q)), ln(PPL(base))):  99.59%
Mean ln(PPL(Q)/PPL(base))     :   0.016427 ±   0.000904
Mean PPL(Q)/PPL(base)         :   1.016563 ±   0.000918
Mean PPL(Q)-PPL(base)         :   0.198273 ±   0.011134

====== KL divergence statistics ======
Mean    KLD:   0.022424 ±   0.000227
Maximum KLD:  10.158826
99.9%   KLD:   0.464411
99.0%   KLD:   0.156282
95.0%   KLD:   0.068542
90.0%   KLD:   0.046820
Median  KLD:   0.013571
10.0%   KLD:   0.000455
 5.0%   KLD:   0.000090
 1.0%   KLD:   0.000009
 0.1%   KLD:  -0.000001
Minimum KLD:  -0.000046

====== Token probability statistics ======
Mean    Δp: -0.241 ± 0.013 %
Maximum Δp: 81.489%
99.9%   Δp: 21.832%
99.0%   Δp: 10.404%
95.0%   Δp:  4.649%
90.0%   Δp:  2.598%
75.0%   Δp:  0.411%
Median  Δp: -0.002%
25.0%   Δp: -0.796%
10.0%   Δp: -3.440%
 5.0%   Δp: -5.749%
 1.0%   Δp: -11.981%
 0.1%   Δp: -25.463%
Minimum Δp: -77.307%
RMS Δp    :  3.670 ± 0.036 %
Same top p: 92.369 ± 0.093 %
Same sampled p: 42.118 ± 0.117 %

# llama-perplexity: version: 0.4.7-dev (build 11840, commit a740376d8-dirty) | built with GNU 15.3.0 for Linux x86_64
# model: /home/crusaderky/.cache/huggingface/hub/models--NANI-Nithin--MiniCPM5-2B-GGUF/snapshots/eb12985b999c83da2c982e76c503813be5476ead/MiniCPM5-2B-Q5_K_M.gguf size=1808061696 mtime=2026-09-14T23:43:09+00:00 sha256/1048576B=3262e58edb6011d9d5c2e18ddfdbb0f5330283aa6656fa7c4852f37b3ae26f32
------------------------------
# llama-perplexity: version: 0.4.7-dev (build 11840, commit a740376d8-dirty) | built with GNU 15.3.0 for Linux x86_64
# model: <unresolved>
llama-perplexity --kl-divergence-base /tmp/logits.dat --ctx-size 32768 -f sample-data/wiki.test.head-2.4k.raw -fa on --hf-repo NANI-Nithin/MiniCPM5-2B-GGUF:Q5_K_S --cache-type-k f16 --cache-type-v f16 --kl-divergence
0.37.149.836 I cmn          init: llama threadpool init, n_threads = 16
0.37.195.544 I 
0.37.195.618 I system_info: n_threads = 16 (n_threads_batch = 16) / 32 | CUDA : ARCHS = 750,800,860,890,900,1000,1030,1200,1210 | USE_GRAPHS = 1 | FA_ALL_QUANTS = 1 | CPU : SSE3 = 1 | SSSE3 = 1 | AVX = 1 | AVX2 = 1 | F16C = 1 | FMA = 1 | BMI2 = 1 | LLAMAFILE = 1 | OPENMP = 1 | REPACK = 1 | 
0.37.476.036 I kl_divergence: computing over 5 chunks, n_ctx=32768, batch_size=2048, n_seq=1
0.45.245.980 I kl_divergence: 7.77 seconds per pass - ETA 0.63 minutes

chunk             PPL               ln(PPL(Q)/PPL(base))          KL Divergence              Δp RMS            Same top p        Same sampled p
   1      13.0150 ±    0.2885       0.01856 ±    0.00200       0.02269 ±    0.00028     3.565 ±  0.061 %    91.986 ±  0.212 %    40.597 ±  0.258 %
   2      12.1561 ±    0.1924       0.01673 ±    0.00143       0.02372 ±    0.00024     3.765 ±  0.052 %    92.034 ±  0.150 %    42.386 ±  0.186 %
   3      13.2392 ±    0.1729       0.01827 ±    0.00118       0.02433 ±    0.00019     3.765 ±  0.041 %    91.756 ±  0.124 %    40.814 ±  0.150 %
   4      12.8237 ±    0.1452       0.01930 ±    0.00105       0.02547 ±    0.00024     3.897 ±  0.040 %    91.764 ±  0.107 %    41.617 ±  0.131 %
   5      12.1961 ±    0.1222       0.01866 ±    0.00094       0.02531 ±    0.00026     3.885 ±  0.035 %    91.939 ±  0.095 %    42.167 ±  0.117 %

====== Perplexity statistics ======
Mean PPL(Q)                   :  12.196135 ±   0.122200
Mean PPL(base)                :  11.970705 ±   0.119397
Cor(ln(PPL(Q)), ln(PPL(base))):  99.55%
Mean ln(PPL(Q)/PPL(base))     :   0.018657 ±   0.000945
Mean PPL(Q)/PPL(base)         :   1.018832 ±   0.000963
Mean PPL(Q)-PPL(base)         :   0.225430 ±   0.011743

====== KL divergence statistics ======
Mean    KLD:   0.025312 ±   0.000258
Maximum KLD:  10.476197
99.9%   KLD:   0.508810
99.0%   KLD:   0.170073
95.0%   KLD:   0.076819
90.0%   KLD:   0.052819
Median  KLD:   0.015487
10.0%   KLD:   0.000525
 5.0%   KLD:   0.000102
 1.0%   KLD:   0.000010
 0.1%   KLD:  -0.000000
Minimum KLD:  -0.000039

====== Token probability statistics ======
Mean    Δp: -0.184 ± 0.014 %
Maximum Δp: 86.411%
99.9%   Δp: 22.867%
99.0%   Δp: 11.123%
95.0%   Δp:  5.236%
90.0%   Δp:  2.964%
75.0%   Δp:  0.493%
Median  Δp: -0.002%
25.0%   Δp: -0.791%
10.0%   Δp: -3.579%
 5.0%   Δp: -6.069%
 1.0%   Δp: -12.631%
 0.1%   Δp: -25.770%
Minimum Δp: -66.947%
RMS Δp    :  3.885 ± 0.035 %
Same top p: 91.939 ± 0.095 %
Same sampled p: 42.167 ± 0.117 %

# llama-perplexity: version: 0.4.7-dev (build 11840, commit a740376d8-dirty) | built with GNU 15.3.0 for Linux x86_64
# model: /home/crusaderky/.cache/huggingface/hub/models--NANI-Nithin--MiniCPM5-2B-GGUF/snapshots/eb12985b999c83da2c982e76c503813be5476ead/MiniCPM5-2B-Q5_K_S.gguf size=1771504896 mtime=2026-09-14T23:44:24+00:00 sha256/1048576B=3262e58edb6011d9d5c2e18ddfdbb0f5330283aa6656fa7c4852f37b3ae26f32
------------------------------
# llama-perplexity: version: 0.4.7-dev (build 11840, commit a740376d8-dirty) | built with GNU 15.3.0 for Linux x86_64
# model: <unresolved>
llama-perplexity --kl-divergence-base /tmp/logits.dat --ctx-size 32768 -f sample-data/wiki.test.head-2.4k.raw -fa on --hf-repo NANI-Nithin/MiniCPM5-2B-GGUF:Q4_K_M --cache-type-k f16 --cache-type-v f16 --kl-divergence
0.29.096.299 I cmn          init: llama threadpool init, n_threads = 16
0.29.141.015 I 
0.29.141.092 I system_info: n_threads = 16 (n_threads_batch = 16) / 32 | CUDA : ARCHS = 750,800,860,890,900,1000,1030,1200,1210 | USE_GRAPHS = 1 | FA_ALL_QUANTS = 1 | CPU : SSE3 = 1 | SSSE3 = 1 | AVX = 1 | AVX2 = 1 | F16C = 1 | FMA = 1 | BMI2 = 1 | LLAMAFILE = 1 | OPENMP = 1 | REPACK = 1 | 
0.29.437.452 I kl_divergence: computing over 5 chunks, n_ctx=32768, batch_size=2048, n_seq=1
0.37.261.429 I kl_divergence: 7.82 seconds per pass - ETA 0.65 minutes

chunk             PPL               ln(PPL(Q)/PPL(base))          KL Divergence              Δp RMS            Same top p        Same sampled p
   1      13.2564 ±    0.2922       0.03694 ±    0.00351       0.07117 ±    0.00071     6.233 ±  0.097 %    86.663 ±  0.266 %    39.675 ±  0.259 %
   2      12.4526 ±    0.1962       0.04084 ±    0.00252       0.07058 ±    0.00057     6.453 ±  0.073 %    87.035 ±  0.186 %    41.457 ±  0.187 %
   3      13.5438 ±    0.1762       0.04101 ±    0.00205       0.07181 ±    0.00046     6.378 ±  0.058 %    86.724 ±  0.153 %    39.933 ±  0.150 %
   4      13.0949 ±    0.1477       0.04023 ±    0.00179       0.07345 ±    0.00045     6.517 ±  0.053 %    86.692 ±  0.133 %    40.754 ±  0.131 %
   5      12.4388 ±    0.1242       0.03836 ±    0.00158       0.07225 ±    0.00040     6.490 ±  0.046 %    86.961 ±  0.118 %    41.346 ±  0.117 %

====== Perplexity statistics ======
Mean PPL(Q)                   :  12.438794 ±   0.124239
Mean PPL(base)                :  11.970705 ±   0.119397
Cor(ln(PPL(Q)), ln(PPL(base))):  98.74%
Mean ln(PPL(Q)/PPL(base))     :   0.038358 ±   0.001582
Mean PPL(Q)/PPL(base)         :   1.039103 ±   0.001643
Mean PPL(Q)-PPL(base)         :   0.468089 ±   0.019896

====== KL divergence statistics ======
Mean    KLD:   0.072250 ±   0.000400
Maximum KLD:  11.040662
99.9%   KLD:   1.130457
99.0%   KLD:   0.459102
95.0%   KLD:   0.222266
90.0%   KLD:   0.155933
Median  KLD:   0.047465
10.0%   KLD:   0.001555
 5.0%   KLD:   0.000275
 1.0%   KLD:   0.000027
 0.1%   KLD:   0.000003
Minimum KLD:  -0.000017

====== Token probability statistics ======
Mean    Δp: -0.703 ± 0.023 %
Maximum Δp: 78.967%
99.9%   Δp: 34.889%
99.0%   Δp: 17.027%
95.0%   Δp:  8.059%
90.0%   Δp:  4.457%
75.0%   Δp:  0.629%
Median  Δp: -0.011%
25.0%   Δp: -1.648%
10.0%   Δp: -6.784%
 5.0%   Δp: -11.117%
 1.0%   Δp: -22.929%
 0.1%   Δp: -45.851%
Minimum Δp: -95.198%
RMS Δp    :  6.490 ± 0.046 %
Same top p: 86.961 ± 0.118 %
Same sampled p: 41.346 ± 0.117 %

# llama-perplexity: version: 0.4.7-dev (build 11840, commit a740376d8-dirty) | built with GNU 15.3.0 for Linux x86_64
# model: /home/crusaderky/.cache/huggingface/hub/models--NANI-Nithin--MiniCPM5-2B-GGUF/snapshots/eb12985b999c83da2c982e76c503813be5476ead/MiniCPM5-2B-Q4_K_M.gguf size=1561318656 mtime=2026-09-14T23:45:30+00:00 sha256/1048576B=3262e58edb6011d9d5c2e18ddfdbb0f5330283aa6656fa7c4852f37b3ae26f32
------------------------------
# llama-perplexity: version: 0.4.7-dev (build 11840, commit a740376d8-dirty) | built with GNU 15.3.0 for Linux x86_64
# model: <unresolved>
llama-perplexity --kl-divergence-base /tmp/logits.dat --ctx-size 32768 -f sample-data/wiki.test.head-2.4k.raw -fa on --hf-repo NANI-Nithin/MiniCPM5-2B-GGUF:Q4_K_S --cache-type-k f16 --cache-type-v f16 --kl-divergence
0.31.974.678 I cmn          init: llama threadpool init, n_threads = 16
0.32.022.180 I 
0.32.022.251 I system_info: n_threads = 16 (n_threads_batch = 16) / 32 | CUDA : ARCHS = 750,800,860,890,900,1000,1030,1200,1210 | USE_GRAPHS = 1 | FA_ALL_QUANTS = 1 | CPU : SSE3 = 1 | SSSE3 = 1 | AVX = 1 | AVX2 = 1 | F16C = 1 | FMA = 1 | BMI2 = 1 | LLAMAFILE = 1 | OPENMP = 1 | REPACK = 1 | 
0.32.309.999 I kl_divergence: computing over 5 chunks, n_ctx=32768, batch_size=2048, n_seq=1
0.40.042.765 I kl_divergence: 7.73 seconds per pass - ETA 0.63 minutes

chunk             PPL               ln(PPL(Q)/PPL(base))          KL Divergence              Δp RMS            Same top p        Same sampled p
   1      13.3670 ±    0.2946       0.04524 ±    0.00371       0.07905 ±    0.00080     6.558 ±  0.097 %    85.607 ±  0.274 %    39.522 ±  0.259 %
   2      12.5466 ±    0.1977       0.04835 ±    0.00263       0.07893 ±    0.00063     6.823 ±  0.078 %    86.086 ±  0.191 %    41.277 ±  0.187 %
   3      13.6375 ±    0.1774       0.04791 ±    0.00215       0.08034 ±    0.00050     6.762 ±  0.061 %    85.672 ±  0.158 %    39.756 ±  0.150 %
   4      13.1863 ±    0.1487       0.04719 ±    0.00188       0.08233 ±    0.00049     6.910 ±  0.056 %    85.783 ±  0.136 %    40.564 ±  0.131 %
   5      12.5232 ±    0.1251       0.04512 ±    0.00167       0.08124 ±    0.00044     6.884 ±  0.049 %    86.066 ±  0.121 %    41.154 ±  0.117 %

====== Perplexity statistics ======
Mean PPL(Q)                   :  12.523166 ±   0.125051
Mean PPL(base)                :  11.970705 ±   0.119397
Cor(ln(PPL(Q)), ln(PPL(base))):  98.60%
Mean ln(PPL(Q)/PPL(base))     :   0.045118 ±   0.001667
Mean PPL(Q)/PPL(base)         :   1.046151 ±   0.001744
Mean PPL(Q)-PPL(base)         :   0.552461 ±   0.021181

====== KL divergence statistics ======
Mean    KLD:   0.081245 ±   0.000443
Maximum KLD:  10.449996
99.9%   KLD:   1.267279
99.0%   KLD:   0.516724
95.0%   KLD:   0.245706
90.0%   KLD:   0.174944
Median  KLD:   0.054065
10.0%   KLD:   0.001811
 5.0%   KLD:   0.000333
 1.0%   KLD:   0.000034
 0.1%   KLD:   0.000004
Minimum KLD:  -0.000022

====== Token probability statistics ======
Mean    Δp: -0.861 ± 0.024 %
Maximum Δp: 78.973%
99.9%   Δp: 34.983%
99.0%   Δp: 17.753%
95.0%   Δp:  8.395%
90.0%   Δp:  4.607%
75.0%   Δp:  0.599%
Median  Δp: -0.022%
25.0%   Δp: -1.907%
10.0%   Δp: -7.414%
 5.0%   Δp: -11.998%
 1.0%   Δp: -24.424%
 0.1%   Δp: -48.738%
Minimum Δp: -96.915%
RMS Δp    :  6.884 ± 0.049 %
Same top p: 86.066 ± 0.121 %
Same sampled p: 41.154 ± 0.117 %

# llama-perplexity: version: 0.4.7-dev (build 11840, commit a740376d8-dirty) | built with GNU 15.3.0 for Linux x86_64
# model: /home/crusaderky/.cache/huggingface/hub/models--NANI-Nithin--MiniCPM5-2B-GGUF/snapshots/eb12985b999c83da2c982e76c503813be5476ead/MiniCPM5-2B-Q4_K_S.gguf size=1498481920 mtime=2026-09-14T23:46:39+00:00 sha256/1048576B=3262e58edb6011d9d5c2e18ddfdbb0f5330283aa6656fa7c4852f37b3ae26f32
------------------------------
# llama-perplexity: version: 0.4.7-dev (build 11840, commit a740376d8-dirty) | built with GNU 15.3.0 for Linux x86_64
# model: <unresolved>
llama-perplexity --kl-divergence-base /tmp/logits.dat --ctx-size 32768 -f sample-data/wiki.test.head-2.4k.raw -fa on --hf-repo NANI-Nithin/MiniCPM5-2B-GGUF:IQ4_XS --cache-type-k f16 --cache-type-v f16 --kl-divergence
0.50.130.182 I cmn          init: llama threadpool init, n_threads = 16
0.50.179.329 I 
0.50.179.403 I system_info: n_threads = 16 (n_threads_batch = 16) / 32 | CUDA : ARCHS = 750,800,860,890,900,1000,1030,1200,1210 | USE_GRAPHS = 1 | FA_ALL_QUANTS = 1 | CPU : SSE3 = 1 | SSSE3 = 1 | AVX = 1 | AVX2 = 1 | F16C = 1 | FMA = 1 | BMI2 = 1 | LLAMAFILE = 1 | OPENMP = 1 | REPACK = 1 | 
0.50.466.646 I kl_divergence: computing over 5 chunks, n_ctx=32768, batch_size=2048, n_seq=1
0.58.136.990 I kl_divergence: 7.67 seconds per pass - ETA 0.63 minutes

chunk             PPL               ln(PPL(Q)/PPL(base))          KL Divergence              Δp RMS            Same top p        Same sampled p
   1      13.6244 ±    0.3035       0.06432 ±    0.00380       0.08324 ±    0.00089     6.991 ±  0.102 %    85.058 ±  0.279 %    39.627 ±  0.257 %
   2      12.7359 ±    0.2027       0.06332 ±    0.00268       0.08442 ±    0.00069     7.197 ±  0.083 %    85.848 ±  0.193 %    41.417 ±  0.186 %
   3      13.8368 ±    0.1815       0.06242 ±    0.00221       0.08629 ±    0.00058     7.078 ±  0.066 %    85.395 ±  0.159 %    39.892 ±  0.150 %
   4      13.4136 ±    0.1525       0.06427 ±    0.00195       0.08818 ±    0.00051     7.217 ±  0.057 %    85.442 ±  0.138 %    40.648 ±  0.131 %
   5      12.7461 ±    0.1284       0.06277 ±    0.00174       0.08734 ±    0.00050     7.157 ±  0.051 %    85.685 ±  0.122 %    41.231 ±  0.117 %

====== Perplexity statistics ======
Mean PPL(Q)                   :  12.746145 ±   0.128358
Mean PPL(base)                :  11.970705 ±   0.119397
Cor(ln(PPL(Q)), ln(PPL(base))):  98.49%
Mean ln(PPL(Q)/PPL(base))     :   0.062766 ±   0.001743
Mean PPL(Q)/PPL(base)         :   1.064778 ±   0.001856
Mean PPL(Q)-PPL(base)         :   0.775440 ±   0.023292

====== KL divergence statistics ======
Mean    KLD:   0.087341 ±   0.000500
Maximum KLD:  11.575217
99.9%   KLD:   1.439743
99.0%   KLD:   0.579949
95.0%   KLD:   0.274941
90.0%   KLD:   0.190593
Median  KLD:   0.054949
10.0%   KLD:   0.001991
 5.0%   KLD:   0.000413
 1.0%   KLD:   0.000050
 0.1%   KLD:   0.000006
Minimum KLD:  -0.000001

====== Token probability statistics ======
Mean    Δp: -0.879 ± 0.025 %
Maximum Δp: 90.769%
99.9%   Δp: 35.477%
99.0%   Δp: 18.757%
95.0%   Δp:  8.683%
90.0%   Δp:  4.745%
75.0%   Δp:  0.603%
Median  Δp: -0.031%
25.0%   Δp: -1.898%
10.0%   Δp: -7.600%
 5.0%   Δp: -12.495%
 1.0%   Δp: -25.821%
 0.1%   Δp: -50.652%
Minimum Δp: -93.401%
RMS Δp    :  7.157 ± 0.051 %
Same top p: 85.685 ± 0.122 %
Same sampled p: 41.231 ± 0.117 %

# llama-perplexity: version: 0.4.7-dev (build 11840, commit a740376d8-dirty) | built with GNU 15.3.0 for Linux x86_64
# model: /home/crusaderky/.cache/huggingface/hub/models--NANI-Nithin--MiniCPM5-2B-GGUF/snapshots/eb12985b999c83da2c982e76c503813be5476ead/MiniCPM5-2B-IQ4_XS.gguf size=1423508736 mtime=2026-09-14T23:48:06+00:00 sha256/1048576B=3262e58edb6011d9d5c2e18ddfdbb0f5330283aa6656fa7c4852f37b3ae26f32
------------------------------
# llama-perplexity: version: 0.4.7-dev (build 11840, commit a740376d8-dirty) | built with GNU 15.3.0 for Linux x86_64
# model: <unresolved>
llama-perplexity --kl-divergence-base /tmp/logits.dat --ctx-size 32768 -f sample-data/wiki.test.head-2.4k.raw -fa on --hf-repo NANI-Nithin/MiniCPM5-2B-GGUF:Q3_K_L --cache-type-k f16 --cache-type-v f16 --kl-divergence
0.58.064.565 I cmn          init: llama threadpool init, n_threads = 16
0.58.109.497 I 
0.58.109.576 I system_info: n_threads = 16 (n_threads_batch = 16) / 32 | CUDA : ARCHS = 750,800,860,890,900,1000,1030,1200,1210 | USE_GRAPHS = 1 | FA_ALL_QUANTS = 1 | CPU : SSE3 = 1 | SSSE3 = 1 | AVX = 1 | AVX2 = 1 | F16C = 1 | FMA = 1 | BMI2 = 1 | LLAMAFILE = 1 | OPENMP = 1 | REPACK = 1 | 
0.58.389.604 I kl_divergence: computing over 5 chunks, n_ctx=32768, batch_size=2048, n_seq=1
1.06.637.128 I kl_divergence: 8.25 seconds per pass - ETA 0.68 minutes

chunk             PPL               ln(PPL(Q)/PPL(base))          KL Divergence              Δp RMS            Same top p        Same sampled p
   1      14.9946 ±    0.3431       0.16014 ±    0.00545       0.16697 ±    0.00189     9.755 ±  0.140 %    79.814 ±  0.314 %    38.755 ±  0.258 %
   2      14.0179 ±    0.2284       0.15924 ±    0.00398       0.17428 ±    0.00145    10.341 ±  0.105 %    79.836 ±  0.222 %    40.279 ±  0.186 %
   3      15.2903 ±    0.2054       0.16230 ±    0.00328       0.17900 ±    0.00117    10.336 ±  0.086 %    79.192 ±  0.183 %    38.715 ±  0.150 %
   4      14.8355 ±    0.1731       0.16503 ±    0.00291       0.18384 ±    0.00109    10.557 ±  0.076 %    79.138 ±  0.159 %    39.460 ±  0.131 %
   5      14.0301 ±    0.1447       0.15874 ±    0.00255       0.17972 ±    0.00097    10.450 ±  0.068 %    79.554 ±  0.141 %    40.045 ±  0.117 %

====== Perplexity statistics ======
Mean PPL(Q)                   :  14.030094 ±   0.144723
Mean PPL(base)                :  11.970705 ±   0.119397
Cor(ln(PPL(Q)), ln(PPL(base))):  96.89%
Mean ln(PPL(Q)/PPL(base))     :   0.158742 ±   0.002553
Mean PPL(Q)/PPL(base)         :   1.172036 ±   0.002992
Mean PPL(Q)-PPL(base)         :   2.059388 ±   0.041428

====== KL divergence statistics ======
Mean    KLD:   0.179715 ±   0.000966
Maximum KLD:  14.050778
99.9%   KLD:   2.888529
99.0%   KLD:   1.229415
95.0%   KLD:   0.578252
90.0%   KLD:   0.393843
Median  KLD:   0.112046
10.0%   KLD:   0.004215
 5.0%   KLD:   0.000827
 1.0%   KLD:   0.000084
 0.1%   KLD:   0.000011
Minimum KLD:   0.000000

====== Token probability statistics ======
Mean    Δp: -1.915 ± 0.036 %
Maximum Δp: 84.960%
99.9%   Δp: 48.723%
99.0%   Δp: 25.228%
95.0%   Δp: 11.007%
90.0%   Δp:  5.611%
75.0%   Δp:  0.548%
Median  Δp: -0.081%
25.0%   Δp: -3.412%
10.0%   Δp: -12.121%
 5.0%   Δp: -19.388%
 1.0%   Δp: -39.758%
 0.1%   Δp: -71.644%
Minimum Δp: -99.465%
RMS Δp    : 10.450 ± 0.068 %
Same top p: 79.554 ± 0.141 %
Same sampled p: 40.045 ± 0.117 %

# llama-perplexity: version: 0.4.7-dev (build 11840, commit a740376d8-dirty) | built with GNU 15.3.0 for Linux x86_64
# model: /home/crusaderky/.cache/huggingface/hub/models--NANI-Nithin--MiniCPM5-2B-GGUF/snapshots/eb12985b999c83da2c982e76c503813be5476ead/MiniCPM5-2B-Q3_K_L.gguf size=1378977024 mtime=2026-09-14T23:49:40+00:00 sha256/1048576B=3262e58edb6011d9d5c2e18ddfdbb0f5330283aa6656fa7c4852f37b3ae26f32
------------------------------
# llama-perplexity: version: 0.4.7-dev (build 11840, commit a740376d8-dirty) | built with GNU 15.3.0 for Linux x86_64
# model: <unresolved>
llama-perplexity --kl-divergence-base /tmp/logits.dat --ctx-size 32768 -f sample-data/wiki.test.head-2.4k.raw -fa on --hf-repo NANI-Nithin/MiniCPM5-2B-GGUF:Q3_K_M --cache-type-k f16 --cache-type-v f16 --kl-divergence
0.34.264.219 I cmn          init: llama threadpool init, n_threads = 16
0.34.310.470 I 
0.34.310.544 I system_info: n_threads = 16 (n_threads_batch = 16) / 32 | CUDA : ARCHS = 750,800,860,890,900,1000,1030,1200,1210 | USE_GRAPHS = 1 | FA_ALL_QUANTS = 1 | CPU : SSE3 = 1 | SSSE3 = 1 | AVX = 1 | AVX2 = 1 | F16C = 1 | FMA = 1 | BMI2 = 1 | LLAMAFILE = 1 | OPENMP = 1 | REPACK = 1 | 
0.34.594.094 I kl_divergence: computing over 5 chunks, n_ctx=32768, batch_size=2048, n_seq=1
0.43.219.821 I kl_divergence: 8.63 seconds per pass - ETA 0.72 minutes

chunk             PPL               ln(PPL(Q)/PPL(base))          KL Divergence              Δp RMS            Same top p        Same sampled p
   1      15.2168 ±    0.3471       0.17485 ±    0.00590       0.19498 ±    0.00201    10.425 ±  0.146 %    78.533 ±  0.321 %    38.172 ±  0.258 %
   2      14.2081 ±    0.2308       0.17272 ±    0.00425       0.19954 ±    0.00157    10.984 ±  0.110 %    78.755 ±  0.226 %    39.681 ±  0.186 %
   3      15.4683 ±    0.2071       0.17388 ±    0.00348       0.20418 ±    0.00129    11.007 ±  0.090 %    78.069 ±  0.187 %    38.155 ±  0.149 %
   4      14.9662 ±    0.1739       0.17380 ±    0.00308       0.20821 ±    0.00118    11.227 ±  0.079 %    78.043 ±  0.162 %    38.909 ±  0.130 %
   5      14.1535 ±    0.1455       0.16750 ±    0.00271       0.20377 ±    0.00104    11.090 ±  0.070 %    78.457 ±  0.144 %    39.510 ±  0.117 %

====== Perplexity statistics ======
Mean PPL(Q)                   :  14.153543 ±   0.145474
Mean PPL(base)                :  11.970705 ±   0.119397
Cor(ln(PPL(Q)), ln(PPL(base))):  96.48%
Mean ln(PPL(Q)/PPL(base))     :   0.167503 ±   0.002706
Mean PPL(Q)/PPL(base)         :   1.182348 ±   0.003199
Mean PPL(Q)-PPL(base)         :   2.182838 ±   0.043641

====== KL divergence statistics ======
Mean    KLD:   0.203768 ±   0.001041
Maximum KLD:  14.487597
99.9%   KLD:   3.158394
99.0%   KLD:   1.358555
95.0%   KLD:   0.648184
90.0%   KLD:   0.446728
Median  KLD:   0.129383
10.0%   KLD:   0.005077
 5.0%   KLD:   0.001024
 1.0%   KLD:   0.000106
 0.1%   KLD:   0.000015
Minimum KLD:   0.000001

====== Token probability statistics ======
Mean    Δp: -2.272 ± 0.038 %
Maximum Δp: 91.540%
99.9%   Δp: 48.919%
99.0%   Δp: 25.747%
95.0%   Δp: 11.122%
90.0%   Δp:  5.680%
75.0%   Δp:  0.492%
Median  Δp: -0.118%
25.0%   Δp: -3.910%
10.0%   Δp: -13.390%
 5.0%   Δp: -21.094%
 1.0%   Δp: -42.163%
 0.1%   Δp: -75.487%
Minimum Δp: -99.457%
RMS Δp    : 11.090 ± 0.070 %
Same top p: 78.457 ± 0.144 %
Same sampled p: 39.510 ± 0.117 %

# llama-perplexity: version: 0.4.7-dev (build 11840, commit a740376d8-dirty) | built with GNU 15.3.0 for Linux x86_64
# model: /home/crusaderky/.cache/huggingface/hub/models--NANI-Nithin--MiniCPM5-2B-GGUF/snapshots/eb12985b999c83da2c982e76c503813be5476ead/MiniCPM5-2B-Q3_K_M.gguf size=1291420928 mtime=2026-09-14T23:50:53+00:00 sha256/1048576B=3262e58edb6011d9d5c2e18ddfdbb0f5330283aa6656fa7c4852f37b3ae26f32
------------------------------
# llama-perplexity: version: 0.4.7-dev (build 11840, commit a740376d8-dirty) | built with GNU 15.3.0 for Linux x86_64
# model: <unresolved>
llama-perplexity --kl-divergence-base /tmp/logits.dat --ctx-size 32768 -f sample-data/wiki.test.head-2.4k.raw -fa on --hf-repo NANI-Nithin/MiniCPM5-2B-GGUF:IQ3_M --cache-type-k f16 --cache-type-v f16 --kl-divergence
0.52.059.944 I cmn          init: llama threadpool init, n_threads = 16
0.52.106.163 I 
0.52.106.242 I system_info: n_threads = 16 (n_threads_batch = 16) / 32 | CUDA : ARCHS = 750,800,860,890,900,1000,1030,1200,1210 | USE_GRAPHS = 1 | FA_ALL_QUANTS = 1 | CPU : SSE3 = 1 | SSSE3 = 1 | AVX = 1 | AVX2 = 1 | F16C = 1 | FMA = 1 | BMI2 = 1 | LLAMAFILE = 1 | OPENMP = 1 | REPACK = 1 | 
0.52.400.356 I kl_divergence: computing over 5 chunks, n_ctx=32768, batch_size=2048, n_seq=1
1.00.309.629 I kl_divergence: 7.91 seconds per pass - ETA 0.65 minutes

chunk             PPL               ln(PPL(Q)/PPL(base))          KL Divergence              Δp RMS            Same top p        Same sampled p
   1      15.1464 ±    0.3347       0.17022 ±    0.00589       0.20652 ±    0.00196    11.395 ±  0.153 %    77.196 ±  0.328 %    36.624 ±  0.255 %
   2      14.1672 ±    0.2235       0.16983 ±    0.00422       0.21344 ±    0.00157    11.901 ±  0.113 %    77.889 ±  0.229 %    38.190 ±  0.184 %
   3      15.3879 ±    0.1997       0.16867 ±    0.00348       0.21629 ±    0.00127    11.812 ±  0.090 %    77.387 ±  0.189 %    36.630 ±  0.148 %
   4      14.8122 ±    0.1663       0.16346 ±    0.00306       0.22343 ±    0.00120    12.141 ±  0.081 %    77.228 ±  0.164 %    37.272 ±  0.129 %
   5      14.0377 ±    0.1396       0.15928 ±    0.00268       0.21730 ±    0.00105    12.024 ±  0.072 %    77.682 ±  0.145 %    37.894 ±  0.116 %

====== Perplexity statistics ======
Mean PPL(Q)                   :  14.037673 ±   0.139558
Mean PPL(base)                :  11.970705 ±   0.119397
Cor(ln(PPL(Q)), ln(PPL(base))):  96.37%
Mean ln(PPL(Q)/PPL(base))     :   0.159282 ±   0.002683
Mean PPL(Q)/PPL(base)         :   1.172669 ±   0.003146
Mean PPL(Q)-PPL(base)         :   2.066968 ±   0.040200

====== KL divergence statistics ======
Mean    KLD:   0.217296 ±   0.001046
Maximum KLD:  11.425670
99.9%   KLD:   2.924707
99.0%   KLD:   1.404992
95.0%   KLD:   0.674078
90.0%   KLD:   0.469726
Median  KLD:   0.142365
10.0%   KLD:   0.008355
 5.0%   KLD:   0.001909
 1.0%   KLD:   0.000223
 0.1%   KLD:   0.000027
Minimum KLD:   0.000003

====== Token probability statistics ======
Mean    Δp: -3.733 ± 0.040 %
Maximum Δp: 99.330%
99.9%   Δp: 46.754%
99.0%   Δp: 22.280%
95.0%   Δp:  8.758%
90.0%   Δp:  3.947%
75.0%   Δp:  0.132%
Median  Δp: -0.452%
25.0%   Δp: -6.000%
10.0%   Δp: -16.437%
 5.0%   Δp: -24.939%
 1.0%   Δp: -46.788%
 0.1%   Δp: -77.515%
Minimum Δp: -99.740%
RMS Δp    : 12.024 ± 0.072 %
Same top p: 77.682 ± 0.145 %
Same sampled p: 37.894 ± 0.116 %

# llama-perplexity: version: 0.4.7-dev (build 11840, commit a740376d8-dirty) | built with GNU 15.3.0 for Linux x86_64
# model: /home/crusaderky/.cache/huggingface/hub/models--NANI-Nithin--MiniCPM5-2B-GGUF/snapshots/eb12985b999c83da2c982e76c503813be5476ead/MiniCPM5-2B-IQ3_M.gguf size=1226310912 mtime=2026-09-14T23:52:24+00:00 sha256/1048576B=3262e58edb6011d9d5c2e18ddfdbb0f5330283aa6656fa7c4852f37b3ae26f32
------------------------------
# llama-perplexity: version: 0.4.7-dev (build 11840, commit a740376d8-dirty) | built with GNU 15.3.0 for Linux x86_64
# model: <unresolved>
llama-perplexity --kl-divergence-base /tmp/logits.dat --ctx-size 32768 -f sample-data/wiki.test.head-2.4k.raw -fa on --hf-repo NANI-Nithin/MiniCPM5-2B-GGUF:IQ3_XXS --cache-type-k f16 --cache-type-v f16 --kl-divergence
0.43.988.406 I cmn          init: llama threadpool init, n_threads = 16
0.44.033.325 I 
0.44.033.396 I system_info: n_threads = 16 (n_threads_batch = 16) / 32 | CUDA : ARCHS = 750,800,860,890,900,1000,1030,1200,1210 | USE_GRAPHS = 1 | FA_ALL_QUANTS = 1 | CPU : SSE3 = 1 | SSSE3 = 1 | AVX = 1 | AVX2 = 1 | F16C = 1 | FMA = 1 | BMI2 = 1 | LLAMAFILE = 1 | OPENMP = 1 | REPACK = 1 | 
0.44.310.276 I kl_divergence: computing over 5 chunks, n_ctx=32768, batch_size=2048, n_seq=1
0.52.117.413 I kl_divergence: 7.81 seconds per pass - ETA 0.65 minutes

chunk             PPL               ln(PPL(Q)/PPL(base))          KL Divergence              Δp RMS            Same top p        Same sampled p
   1      19.2013 ±    0.4272       0.40743 ±    0.00874       0.49020 ±    0.00398    18.219 ±  0.193 %    67.875 ±  0.365 %    31.512 ±  0.244 %
   2      18.1675 ±    0.2897       0.41854 ±    0.00636       0.50895 ±    0.00310    18.844 ±  0.140 %    68.354 ±  0.257 %    32.964 ±  0.177 %
   3      19.8678 ±    0.2611       0.42419 ±    0.00526       0.51881 ±    0.00258    18.680 ±  0.115 %    67.658 ±  0.211 %    31.584 ±  0.142 %
   4      19.2501 ±    0.2193       0.42552 ±    0.00461       0.53009 ±    0.00231    18.960 ±  0.100 %    67.326 ±  0.183 %    32.190 ±  0.124 %
   5      18.3220 ±    0.1849       0.42564 ±    0.00409       0.52612 ±    0.00208    18.933 ±  0.089 %    67.659 ±  0.163 %    32.709 ±  0.112 %

====== Perplexity statistics ======
Mean PPL(Q)                   :  18.322021 ±   0.184929
Mean PPL(base)                :  11.970705 ±   0.119397
Cor(ln(PPL(Q)), ln(PPL(base))):  91.69%
Mean ln(PPL(Q)/PPL(base))     :   0.425641 ±   0.004091
Mean PPL(Q)/PPL(base)         :   1.530572 ±   0.006262
Mean PPL(Q)-PPL(base)         :   6.351315 ±   0.089233

====== KL divergence statistics ======
Mean    KLD:   0.526115 ±   0.002078
Maximum KLD:  13.563012
99.9%   KLD:   5.429799
99.0%   KLD:   2.891861
95.0%   KLD:   1.559568
90.0%   KLD:   1.143964
Median  KLD:   0.369271
10.0%   KLD:   0.038109
 5.0%   KLD:   0.010575
 1.0%   KLD:   0.001368
 0.1%   KLD:   0.000196
Minimum KLD:   0.000007

====== Token probability statistics ======
Mean    Δp: -8.249 ± 0.060 %
Maximum Δp: 94.982%
99.9%   Δp: 51.616%
99.0%   Δp: 24.933%
95.0%   Δp:  8.674%
90.0%   Δp:  2.907%
75.0%   Δp:  0.002%
Median  Δp: -1.969%
25.0%   Δp: -12.911%
10.0%   Δp: -30.091%
 5.0%   Δp: -43.314%
 1.0%   Δp: -72.304%
 0.1%   Δp: -94.501%
Minimum Δp: -99.991%
RMS Δp    : 18.933 ± 0.089 %
Same top p: 67.659 ± 0.163 %
Same sampled p: 32.709 ± 0.112 %

# llama-perplexity: version: 0.4.7-dev (build 11840, commit a740376d8-dirty) | built with GNU 15.3.0 for Linux x86_64
# model: /home/crusaderky/.cache/huggingface/hub/models--NANI-Nithin--MiniCPM5-2B-GGUF/snapshots/eb12985b999c83da2c982e76c503813be5476ead/MiniCPM5-2B-IQ3_XXS.gguf size=1063052544 mtime=2026-09-14T23:53:45+00:00 sha256/1048576B=3262e58edb6011d9d5c2e18ddfdbb0f5330283aa6656fa7c4852f37b3ae26f32
------------------------------
# llama-perplexity: version: 0.4.7-dev (build 11840, commit a740376d8-dirty) | built with GNU 15.3.0 for Linux x86_64
# model: <unresolved>
llama-perplexity --kl-divergence-base /tmp/logits.dat --ctx-size 32768 -f sample-data/wiki.test.head-2.4k.raw -fa on --hf-repo Abiray/MiniCPM5-2B-heretic-abliterated-GGUF:Q8_0 --cache-type-k f16 --cache-type-v f16 --kl-divergence
0.34.058.779 I cmn          init: llama threadpool init, n_threads = 16
0.34.105.836 I 
0.34.105.916 I system_info: n_threads = 16 (n_threads_batch = 16) / 32 | CUDA : ARCHS = 750,800,860,890,900,1000,1030,1200,1210 | USE_GRAPHS = 1 | FA_ALL_QUANTS = 1 | CPU : SSE3 = 1 | SSSE3 = 1 | AVX = 1 | AVX2 = 1 | F16C = 1 | FMA = 1 | BMI2 = 1 | LLAMAFILE = 1 | OPENMP = 1 | REPACK = 1 | 
0.34.402.010 I kl_divergence: computing over 5 chunks, n_ctx=32768, batch_size=2048, n_seq=1
0.41.998.875 I kl_divergence: 7.60 seconds per pass - ETA 0.62 minutes

chunk             PPL               ln(PPL(Q)/PPL(base))          KL Divergence              Δp RMS            Same top p        Same sampled p
   1      12.9660 ±    0.2879       0.01479 ±    0.00148       0.01320 ±    0.00019     2.424 ±  0.055 %    94.226 ±  0.182 %    40.680 ±  0.258 %
   2      12.1692 ±    0.1931       0.01781 ±    0.00113       0.01603 ±    0.00018     2.707 ±  0.038 %    93.832 ±  0.133 %    42.462 ±  0.186 %
   3      13.2507 ±    0.1737       0.01914 ±    0.00094       0.01711 ±    0.00015     2.754 ±  0.034 %    93.536 ±  0.111 %    40.926 ±  0.150 %
   4      12.8003 ±    0.1452       0.01748 ±    0.00082       0.01644 ±    0.00016     2.734 ±  0.030 %    93.675 ±  0.095 %    41.724 ±  0.131 %
   5      12.1822 ±    0.1223       0.01751 ±    0.00075       0.01696 ±    0.00020     2.787 ±  0.036 %    93.737 ±  0.085 %    42.276 ±  0.117 %

====== Perplexity statistics ======
Mean PPL(Q)                   :  12.182205 ±   0.122340
Mean PPL(base)                :  11.970705 ±   0.119397
Cor(ln(PPL(Q)), ln(PPL(base))):  99.72%
Mean ln(PPL(Q)/PPL(base))     :   0.017514 ±   0.000749
Mean PPL(Q)/PPL(base)         :   1.017668 ±   0.000762
Mean PPL(Q)-PPL(base)         :   0.211500 ±   0.009472

====== KL divergence statistics ======
Mean    KLD:   0.016960 ±   0.000200
Maximum KLD:   8.792000
99.9%   KLD:   0.383621
99.0%   KLD:   0.099503
95.0%   KLD:   0.049209
90.0%   KLD:   0.035895
Median  KLD:   0.010569
10.0%   KLD:   0.000260
 5.0%   KLD:   0.000049
 1.0%   KLD:   0.000004
 0.1%   KLD:  -0.000002
Minimum KLD:  -0.000037

====== Token probability statistics ======
Mean    Δp: -0.147 ± 0.010 %
Maximum Δp: 57.246%
99.9%   Δp: 16.856%
99.0%   Δp:  7.805%
95.0%   Δp:  3.698%
90.0%   Δp:  2.079%
75.0%   Δp:  0.355%
Median  Δp: -0.004%
25.0%   Δp: -0.591%
10.0%   Δp: -2.610%
 5.0%   Δp: -4.359%
 1.0%   Δp: -8.730%
 0.1%   Δp: -17.840%
Minimum Δp: -94.206%
RMS Δp    :  2.787 ± 0.036 %
Same top p: 93.737 ± 0.085 %
Same sampled p: 42.276 ± 0.117 %

# llama-perplexity: version: 0.4.7-dev (build 11840, commit a740376d8-dirty) | built with GNU 15.3.0 for Linux x86_64
# model: /home/crusaderky/.cache/huggingface/hub/models--Abiray--MiniCPM5-2B-heretic-abliterated-GGUF/snapshots/c153cc60bed0471d7d26feb02f999a887851a81b/MiniCPM5-2B-heretic-abliterated-Q8_0.gguf size=2679712672 mtime=2026-09-14T23:54:57+00:00 sha256/1048576B=b89fbc4f165c548a5ff8add090027133974656c16fc071096e6636fddb9e7638
------------------------------
# llama-perplexity: version: 0.4.7-dev (build 11840, commit a740376d8-dirty) | built with GNU 15.3.0 for Linux x86_64
# model: <unresolved>
llama-perplexity --kl-divergence-base /tmp/logits.dat --ctx-size 32768 -f sample-data/wiki.test.head-2.4k.raw -fa on --hf-repo Abiray/MiniCPM5-2B-heretic-abliterated-GGUF:Q6_K --cache-type-k f16 --cache-type-v f16 --kl-divergence
0.29.767.061 I cmn          init: llama threadpool init, n_threads = 16
0.29.812.979 I 
0.29.813.056 I system_info: n_threads = 16 (n_threads_batch = 16) / 32 | CUDA : ARCHS = 750,800,860,890,900,1000,1030,1200,1210 | USE_GRAPHS = 1 | FA_ALL_QUANTS = 1 | CPU : SSE3 = 1 | SSSE3 = 1 | AVX = 1 | AVX2 = 1 | F16C = 1 | FMA = 1 | BMI2 = 1 | LLAMAFILE = 1 | OPENMP = 1 | REPACK = 1 | 
0.30.116.879 I kl_divergence: computing over 5 chunks, n_ctx=32768, batch_size=2048, n_seq=1
0.38.146.806 I kl_divergence: 8.03 seconds per pass - ETA 0.67 minutes

chunk             PPL               ln(PPL(Q)/PPL(base))          KL Divergence              Δp RMS            Same top p        Same sampled p
   1      13.0078 ±    0.2885       0.01800 ±    0.00176       0.01873 ±    0.00026     3.039 ±  0.059 %    92.950 ±  0.200 %    40.537 ±  0.258 %
   2      12.1947 ±    0.1933       0.01991 ±    0.00132       0.02166 ±    0.00021     3.288 ±  0.044 %    92.678 ±  0.144 %    42.333 ±  0.186 %
   3      13.2779 ±    0.1738       0.02119 ±    0.00110       0.02285 ±    0.00017     3.310 ±  0.036 %    92.346 ±  0.120 %    40.801 ±  0.150 %
   4      12.8215 ±    0.1453       0.01913 ±    0.00097       0.02245 ±    0.00022     3.315 ±  0.036 %    92.483 ±  0.103 %    41.606 ±  0.131 %
   5      12.2005 ±    0.1224       0.01901 ±    0.00087       0.02277 ±    0.00021     3.341 ±  0.032 %    92.617 ±  0.091 %    42.158 ±  0.117 %

====== Perplexity statistics ======
Mean PPL(Q)                   :  12.200493 ±   0.122417
Mean PPL(base)                :  11.970705 ±   0.119397
Cor(ln(PPL(Q)), ln(PPL(base))):  99.62%
Mean ln(PPL(Q)/PPL(base))     :   0.019014 ±   0.000872
Mean PPL(Q)/PPL(base)         :   1.019196 ±   0.000888
Mean PPL(Q)-PPL(base)         :   0.229787 ±   0.010933

====== KL divergence statistics ======
Mean    KLD:   0.022768 ±   0.000207
Maximum KLD:   7.247363
99.9%   KLD:   0.400211
99.0%   KLD:   0.132869
95.0%   KLD:   0.067353
90.0%   KLD:   0.048380
Median  KLD:   0.014783
10.0%   KLD:   0.000431
 5.0%   KLD:   0.000082
 1.0%   KLD:   0.000007
 0.1%   KLD:  -0.000000
Minimum KLD:  -0.000043

====== Token probability statistics ======
Mean    Δp: -0.206 ± 0.012 %
Maximum Δp: 86.098%
99.9%   Δp: 20.289%
99.0%   Δp:  9.486%
95.0%   Δp:  4.407%
90.0%   Δp:  2.482%
75.0%   Δp:  0.415%
Median  Δp: -0.004%
25.0%   Δp: -0.738%
10.0%   Δp: -3.246%
 5.0%   Δp: -5.303%
 1.0%   Δp: -10.790%
 0.1%   Δp: -20.770%
Minimum Δp: -62.492%
RMS Δp    :  3.341 ± 0.032 %
Same top p: 92.617 ± 0.091 %
Same sampled p: 42.158 ± 0.117 %

# llama-perplexity: version: 0.4.7-dev (build 11840, commit a740376d8-dirty) | built with GNU 15.3.0 for Linux x86_64
# model: /home/crusaderky/.cache/huggingface/hub/models--Abiray--MiniCPM5-2B-heretic-abliterated-GGUF/snapshots/c153cc60bed0471d7d26feb02f999a887851a81b/MiniCPM5-2B-heretic-abliterated-Q6_K.gguf size=2070227872 mtime=2026-09-14T23:56:03+00:00 sha256/1048576B=b89fbc4f165c548a5ff8add090027133974656c16fc071096e6636fddb9e7638
------------------------------
# llama-perplexity: version: 0.4.7-dev (build 11840, commit a740376d8-dirty) | built with GNU 15.3.0 for Linux x86_64
# model: <unresolved>
llama-perplexity --kl-divergence-base /tmp/logits.dat --ctx-size 32768 -f sample-data/wiki.test.head-2.4k.raw -fa on --hf-repo Abiray/MiniCPM5-2B-heretic-abliterated-GGUF:Q4_K_S --cache-type-k f16 --cache-type-v f16 --kl-divergence
0.20.423.349 I cmn          init: llama threadpool init, n_threads = 16
0.20.468.395 I 
0.20.468.474 I system_info: n_threads = 16 (n_threads_batch = 16) / 32 | CUDA : ARCHS = 750,800,860,890,900,1000,1030,1200,1210 | USE_GRAPHS = 1 | FA_ALL_QUANTS = 1 | CPU : SSE3 = 1 | SSSE3 = 1 | AVX = 1 | AVX2 = 1 | F16C = 1 | FMA = 1 | BMI2 = 1 | LLAMAFILE = 1 | OPENMP = 1 | REPACK = 1 | 
0.20.762.029 I kl_divergence: computing over 5 chunks, n_ctx=32768, batch_size=2048, n_seq=1
0.28.434.409 I kl_divergence: 7.67 seconds per pass - ETA 0.63 minutes

chunk             PPL               ln(PPL(Q)/PPL(base))          KL Divergence              Δp RMS            Same top p        Same sampled p
   1      13.8212 ±    0.3039       0.07866 ±    0.00434       0.11053 ±    0.00104     8.034 ±  0.113 %    82.921 ±  0.294 %    38.391 ±  0.258 %
   2      12.9413 ±    0.2038       0.07932 ±    0.00311       0.11479 ±    0.00081     8.236 ±  0.085 %    83.144 ±  0.207 %    40.231 ±  0.187 %
   3      14.1386 ±    0.1834       0.08400 ±    0.00258       0.11967 ±    0.00070     8.340 ±  0.071 %    82.565 ±  0.171 %    38.619 ±  0.150 %
   4      13.6642 ±    0.1536       0.08279 ±    0.00225       0.12086 ±    0.00065     8.428 ±  0.062 %    82.668 ±  0.148 %    39.388 ±  0.131 %
   5      13.0031 ±    0.1295       0.08272 ±    0.00200       0.12035 ±    0.00061     8.438 ±  0.055 %    83.018 ±  0.131 %    39.942 ±  0.117 %

====== Perplexity statistics ======
Mean PPL(Q)                   :  13.003069 ±   0.129533
Mean PPL(base)                :  11.970705 ±   0.119397
Cor(ln(PPL(Q)), ln(PPL(base))):  97.98%
Mean ln(PPL(Q)/PPL(base))     :   0.082723 ±   0.002002
Mean PPL(Q)/PPL(base)         :   1.086241 ±   0.002175
Mean PPL(Q)-PPL(base)         :   1.032364 ±   0.026961

====== KL divergence statistics ======
Mean    KLD:   0.120346 ±   0.000612
Maximum KLD:  10.146605
99.9%   KLD:   1.694394
99.0%   KLD:   0.717058
95.0%   KLD:   0.357301
90.0%   KLD:   0.256290
Median  KLD:   0.083580
10.0%   KLD:   0.002998
 5.0%   KLD:   0.000574
 1.0%   KLD:   0.000066
 0.1%   KLD:   0.000008
Minimum KLD:  -0.000011

====== Token probability statistics ======
Mean    Δp: -1.986 ± 0.029 %
Maximum Δp: 78.951%
99.9%   Δp: 40.002%
99.0%   Δp: 18.980%
95.0%   Δp:  7.886%
90.0%   Δp:  3.778%
75.0%   Δp:  0.277%
Median  Δp: -0.118%
25.0%   Δp: -3.487%
10.0%   Δp: -10.765%
 5.0%   Δp: -16.440%
 1.0%   Δp: -30.576%
 0.1%   Δp: -58.401%
Minimum Δp: -99.467%
RMS Δp    :  8.438 ± 0.055 %
Same top p: 83.018 ± 0.131 %
Same sampled p: 39.942 ± 0.117 %

# llama-perplexity: version: 0.4.7-dev (build 11840, commit a740376d8-dirty) | built with GNU 15.3.0 for Linux x86_64
# model: /home/crusaderky/.cache/huggingface/hub/models--Abiray--MiniCPM5-2B-heretic-abliterated-GGUF/snapshots/c153cc60bed0471d7d26feb02f999a887851a81b/MiniCPM5-2B-heretic-abliterated-Q4_K_S.gguf size=1498483616 mtime=2026-09-14T23:57:05+00:00 sha256/1048576B=b89fbc4f165c548a5ff8add090027133974656c16fc071096e6636fddb9e7638
------------------------------
# llama-perplexity: version: 0.4.7-dev (build 11840, commit a740376d8-dirty) | built with GNU 15.3.0 for Linux x86_64
# model: <unresolved>
llama-perplexity --kl-divergence-base /tmp/logits.dat --ctx-size 32768 -f sample-data/wiki.test.head-2.4k.raw -fa on --hf-repo mradermacher/MiniCPM5-2B-i1-GGUF:i1-Q6_K --cache-type-k f16 --cache-type-v f16 --kl-divergence
0.42.621.041 I cmn          init: llama threadpool init, n_threads = 16
0.42.671.607 I 
0.42.671.684 I system_info: n_threads = 16 (n_threads_batch = 16) / 32 | CUDA : ARCHS = 750,800,860,890,900,1000,1030,1200,1210 | USE_GRAPHS = 1 | FA_ALL_QUANTS = 1 | CPU : SSE3 = 1 | SSSE3 = 1 | AVX = 1 | AVX2 = 1 | F16C = 1 | FMA = 1 | BMI2 = 1 | LLAMAFILE = 1 | OPENMP = 1 | REPACK = 1 | 
0.42.965.979 I kl_divergence: computing over 5 chunks, n_ctx=32768, batch_size=2048, n_seq=1
0.51.021.180 I kl_divergence: 8.06 seconds per pass - ETA 0.67 minutes

chunk             PPL               ln(PPL(Q)/PPL(base))          KL Divergence              Δp RMS            Same top p        Same sampled p
   1      12.8899 ±    0.2836       0.00890 ±    0.00111       0.00718 ±    0.00008     2.053 ±  0.028 %    95.184 ±  0.167 %    40.508 ±  0.258 %
   2      12.0402 ±    0.1893       0.00715 ±    0.00081       0.00759 ±    0.00009     2.228 ±  0.032 %    95.260 ±  0.117 %    42.330 ±  0.186 %
   3      13.0863 ±    0.1698       0.00665 ±    0.00066       0.00770 ±    0.00007     2.184 ±  0.024 %    95.194 ±  0.096 %    40.791 ±  0.150 %
   4      12.6623 ±    0.1423       0.00663 ±    0.00057       0.00799 ±    0.00012     2.271 ±  0.035 %    95.251 ±  0.083 %    41.597 ±  0.131 %
   5      12.0439 ±    0.1198       0.00610 ±    0.00052       0.00802 ±    0.00011     2.273 ±  0.030 %    95.392 ±  0.073 %    42.163 ±  0.117 %

====== Perplexity statistics ======
Mean PPL(Q)                   :  12.043919 ±   0.119846
Mean PPL(base)                :  11.970705 ±   0.119397
Cor(ln(PPL(Q)), ln(PPL(base))):  99.87%
Mean ln(PPL(Q)/PPL(base))     :   0.006097 ±   0.000516
Mean PPL(Q)/PPL(base)         :   1.006116 ±   0.000519
Mean PPL(Q)-PPL(base)         :   0.073214 ±   0.006205

====== KL divergence statistics ======
Mean    KLD:   0.008023 ±   0.000112
Maximum KLD:   6.803784
99.9%   KLD:   0.215254
99.0%   KLD:   0.050489
95.0%   KLD:   0.022106
90.0%   KLD:   0.015645
Median  KLD:   0.005161
10.0%   KLD:   0.000174
 5.0%   KLD:   0.000035
 1.0%   KLD:   0.000003
 0.1%   KLD:  -0.000002
Minimum KLD:  -0.000049

====== Token probability statistics ======
Mean    Δp: -0.263 ± 0.008 %
Maximum Δp: 81.046%
99.9%   Δp: 12.529%
99.0%   Δp:  5.855%
95.0%   Δp:  2.653%
90.0%   Δp:  1.408%
75.0%   Δp:  0.179%
Median  Δp: -0.005%
25.0%   Δp: -0.596%
10.0%   Δp: -2.396%
 5.0%   Δp: -3.809%
 1.0%   Δp: -7.312%
 0.1%   Δp: -15.531%
Minimum Δp: -53.428%
RMS Δp    :  2.273 ± 0.030 %
Same top p: 95.392 ± 0.073 %
Same sampled p: 42.163 ± 0.117 %

# llama-perplexity: version: 0.4.7-dev (build 11840, commit a740376d8-dirty) | built with GNU 15.3.0 for Linux x86_64
# model: /home/crusaderky/.cache/huggingface/hub/models--mradermacher--MiniCPM5-2B-i1-GGUF/snapshots/feaa62932d8a59abb003f023eeb4db85219bd1e9/MiniCPM5-2B.i1-Q6_K.gguf size=2070228608 mtime=2026-09-14T23:58:26+00:00 sha256/1048576B=2b8e3fecd9b6cee236190859b1d99f96319e056f5f40b6de9f53ae99dd7a4c88
------------------------------
# llama-perplexity: version: 0.4.7-dev (build 11840, commit a740376d8-dirty) | built with GNU 15.3.0 for Linux x86_64
# model: <unresolved>
llama-perplexity --kl-divergence-base /tmp/logits.dat --ctx-size 32768 -f sample-data/wiki.test.head-2.4k.raw -fa on --hf-repo mradermacher/MiniCPM5-2B-i1-GGUF:i1-Q5_K_M --cache-type-k f16 --cache-type-v f16 --kl-divergence
0.59.618.792 I cmn          init: llama threadpool init, n_threads = 16
0.59.664.639 I 
0.59.664.715 I system_info: n_threads = 16 (n_threads_batch = 16) / 32 | CUDA : ARCHS = 750,800,860,890,900,1000,1030,1200,1210 | USE_GRAPHS = 1 | FA_ALL_QUANTS = 1 | CPU : SSE3 = 1 | SSSE3 = 1 | AVX = 1 | AVX2 = 1 | F16C = 1 | FMA = 1 | BMI2 = 1 | LLAMAFILE = 1 | OPENMP = 1 | REPACK = 1 | 
0.59.965.843 I kl_divergence: computing over 5 chunks, n_ctx=32768, batch_size=2048, n_seq=1
1.07.804.519 I kl_divergence: 7.84 seconds per pass - ETA 0.65 minutes

chunk             PPL               ln(PPL(Q)/PPL(base))          KL Divergence              Δp RMS            Same top p        Same sampled p
   1      13.0202 ±    0.2882       0.01895 ±    0.00187       0.02039 ±    0.00024     3.382 ±  0.053 %    92.163 ±  0.210 %    40.453 ±  0.258 %
   2      12.1666 ±    0.1921       0.01760 ±    0.00138       0.02195 ±    0.00033     3.599 ±  0.047 %    92.364 ±  0.147 %    42.244 ±  0.186 %
   3      13.2493 ±    0.1726       0.01904 ±    0.00113       0.02261 ±    0.00024     3.590 ±  0.038 %    92.136 ±  0.121 %    40.672 ±  0.150 %
   4      12.8242 ±    0.1448       0.01934 ±    0.00101       0.02334 ±    0.00023     3.684 ±  0.036 %    92.126 ±  0.105 %    41.498 ±  0.131 %
   5      12.2062 ±    0.1220       0.01948 ±    0.00090       0.02306 ±    0.00020     3.679 ±  0.033 %    92.319 ±  0.093 %    42.054 ±  0.117 %

====== Perplexity statistics ======
Mean PPL(Q)                   :  12.206173 ±   0.122026
Mean PPL(base)                :  11.970705 ±   0.119397
Cor(ln(PPL(Q)), ln(PPL(base))):  99.60%
Mean ln(PPL(Q)/PPL(base))     :   0.019479 ±   0.000897
Mean PPL(Q)/PPL(base)         :   1.019670 ±   0.000915
Mean PPL(Q)-PPL(base)         :   0.235468 ±   0.011153

====== KL divergence statistics ======
Mean    KLD:   0.023064 ±   0.000200
Maximum KLD:   7.412299
99.9%   KLD:   0.471769
99.0%   KLD:   0.159986
95.0%   KLD:   0.070761
90.0%   KLD:   0.048334
Median  KLD:   0.014024
10.0%   KLD:   0.000479
 5.0%   KLD:   0.000095
 1.0%   KLD:   0.000010
 0.1%   KLD:   0.000000
Minimum KLD:  -0.000028

====== Token probability statistics ======
Mean    Δp: -0.335 ± 0.013 %
Maximum Δp: 82.552%
99.9%   Δp: 21.352%
99.0%   Δp: 10.025%
95.0%   Δp:  4.534%
90.0%   Δp:  2.478%
75.0%   Δp:  0.363%
Median  Δp: -0.005%
25.0%   Δp: -0.888%
10.0%   Δp: -3.637%
 5.0%   Δp: -5.984%
 1.0%   Δp: -12.483%
 0.1%   Δp: -25.490%
Minimum Δp: -75.148%
RMS Δp    :  3.679 ± 0.033 %
Same top p: 92.319 ± 0.093 %
Same sampled p: 42.054 ± 0.117 %

# llama-perplexity: version: 0.4.7-dev (build 11840, commit a740376d8-dirty) | built with GNU 15.3.0 for Linux x86_64
# model: /home/crusaderky/.cache/huggingface/hub/models--mradermacher--MiniCPM5-2B-i1-GGUF/snapshots/feaa62932d8a59abb003f023eeb4db85219bd1e9/MiniCPM5-2B.i1-Q5_K_M.gguf size=1808064128 mtime=2026-09-15T00:00:04+00:00 sha256/1048576B=2b8e3fecd9b6cee236190859b1d99f96319e056f5f40b6de9f53ae99dd7a4c88
------------------------------
# llama-perplexity: version: 0.4.7-dev (build 11840, commit a740376d8-dirty) | built with GNU 15.3.0 for Linux x86_64
# model: <unresolved>
llama-perplexity --kl-divergence-base /tmp/logits.dat --ctx-size 32768 -f sample-data/wiki.test.head-2.4k.raw -fa on --hf-repo mradermacher/MiniCPM5-2B-i1-GGUF:i1-Q4_K_M --cache-type-k f16 --cache-type-v f16 --kl-divergence
0.31.726.182 I cmn          init: llama threadpool init, n_threads = 16
0.31.771.638 I 
0.31.771.718 I system_info: n_threads = 16 (n_threads_batch = 16) / 32 | CUDA : ARCHS = 750,800,860,890,900,1000,1030,1200,1210 | USE_GRAPHS = 1 | FA_ALL_QUANTS = 1 | CPU : SSE3 = 1 | SSSE3 = 1 | AVX = 1 | AVX2 = 1 | F16C = 1 | FMA = 1 | BMI2 = 1 | LLAMAFILE = 1 | OPENMP = 1 | REPACK = 1 | 
0.32.054.690 I kl_divergence: computing over 5 chunks, n_ctx=32768, batch_size=2048, n_seq=1
0.39.867.721 I kl_divergence: 7.81 seconds per pass - ETA 0.65 minutes

chunk             PPL               ln(PPL(Q)/PPL(base))          KL Divergence              Δp RMS            Same top p        Same sampled p
   1      13.2374 ±    0.2898       0.03550 ±    0.00356       0.07058 ±    0.00079     6.324 ±  0.104 %    86.712 ±  0.265 %    39.340 ±  0.259 %
   2      12.4626 ±    0.1957       0.04163 ±    0.00254       0.07119 ±    0.00060     6.523 ±  0.079 %    86.965 ±  0.186 %    41.217 ±  0.187 %
   3      13.5577 ±    0.1757       0.04204 ±    0.00207       0.07234 ±    0.00050     6.440 ±  0.061 %    86.573 ±  0.154 %    39.691 ±  0.150 %
   4      13.1037 ±    0.1472       0.04090 ±    0.00181       0.07354 ±    0.00047     6.540 ±  0.054 %    86.610 ±  0.133 %    40.505 ±  0.131 %
   5      12.4425 ±    0.1238       0.03865 ±    0.00159       0.07209 ±    0.00041     6.492 ±  0.047 %    86.923 ±  0.118 %    41.098 ±  0.117 %

====== Perplexity statistics ======
Mean PPL(Q)                   :  12.442461 ±   0.123800
Mean PPL(base)                :  11.970705 ±   0.119397
Cor(ln(PPL(Q)), ln(PPL(base))):  98.72%
Mean ln(PPL(Q)/PPL(base))     :   0.038652 ±   0.001594
Mean PPL(Q)/PPL(base)         :   1.039409 ±   0.001657
Mean PPL(Q)-PPL(base)         :   0.471756 ±   0.019943

====== KL divergence statistics ======
Mean    KLD:   0.072093 ±   0.000412
Maximum KLD:  10.932187
99.9%   KLD:   1.161929
99.0%   KLD:   0.468906
95.0%   KLD:   0.222829
90.0%   KLD:   0.156451
Median  KLD:   0.046474
10.0%   KLD:   0.001545
 5.0%   KLD:   0.000303
 1.0%   KLD:   0.000031
 0.1%   KLD:   0.000004
Minimum KLD:  -0.000013

====== Token probability statistics ======
Mean    Δp: -0.951 ± 0.022 %
Maximum Δp: 91.775%
99.9%   Δp: 34.367%
99.0%   Δp: 16.534%
95.0%   Δp:  7.382%
90.0%   Δp:  3.911%
75.0%   Δp:  0.484%
Median  Δp: -0.020%
25.0%   Δp: -1.961%
10.0%   Δp: -7.341%
 5.0%   Δp: -11.498%
 1.0%   Δp: -22.896%
 0.1%   Δp: -44.539%
Minimum Δp: -84.641%
RMS Δp    :  6.492 ± 0.047 %
Same top p: 86.923 ± 0.118 %
Same sampled p: 41.098 ± 0.117 %

# llama-perplexity: version: 0.4.7-dev (build 11840, commit a740376d8-dirty) | built with GNU 15.3.0 for Linux x86_64
# model: /home/crusaderky/.cache/huggingface/hub/models--mradermacher--MiniCPM5-2B-i1-GGUF/snapshots/feaa62932d8a59abb003f023eeb4db85219bd1e9/MiniCPM5-2B.i1-Q4_K_M.gguf size=1561321088 mtime=2026-09-15T00:01:15+00:00 sha256/1048576B=2b8e3fecd9b6cee236190859b1d99f96319e056f5f40b6de9f53ae99dd7a4c88
------------------------------
# llama-perplexity: version: 0.4.7-dev (build 11840, commit a740376d8-dirty) | built with GNU 15.3.0 for Linux x86_64
# model: <unresolved>
llama-perplexity --kl-divergence-base /tmp/logits.dat --ctx-size 32768 -f sample-data/wiki.test.head-2.4k.raw -fa on --hf-repo mradermacher/MiniCPM5-2B-i1-GGUF:i1-Q4_K_S --cache-type-k f16 --cache-type-v f16 --kl-divergence
0.15.437.139 E common_pull_file: download failed: Failed to read connection (status: -1)
0.15.437.152 W common_download_file_single_online: retrying after 2 seconds...
0.55.246.808 I cmn          init: llama threadpool init, n_threads = 16
0.55.292.585 I 
0.55.292.668 I system_info: n_threads = 16 (n_threads_batch = 16) / 32 | CUDA : ARCHS = 750,800,860,890,900,1000,1030,1200,1210 | USE_GRAPHS = 1 | FA_ALL_QUANTS = 1 | CPU : SSE3 = 1 | SSSE3 = 1 | AVX = 1 | AVX2 = 1 | F16C = 1 | FMA = 1 | BMI2 = 1 | LLAMAFILE = 1 | OPENMP = 1 | REPACK = 1 | 
0.55.577.681 I kl_divergence: computing over 5 chunks, n_ctx=32768, batch_size=2048, n_seq=1
1.03.199.049 I kl_divergence: 7.62 seconds per pass - ETA 0.63 minutes

chunk             PPL               ln(PPL(Q)/PPL(base))          KL Divergence              Δp RMS            Same top p        Same sampled p
   1      13.3410 ±    0.2927       0.04330 ±    0.00369       0.07753 ±    0.00090     6.509 ±  0.101 %    86.022 ±  0.271 %    39.263 ±  0.258 %
   2      12.5829 ±    0.1983       0.05124 ±    0.00267       0.07934 ±    0.00067     6.837 ±  0.082 %    86.083 ±  0.191 %    41.156 ±  0.187 %
   3      13.6625 ±    0.1776       0.04975 ±    0.00217       0.08033 ±    0.00054     6.760 ±  0.064 %    85.760 ±  0.158 %    39.642 ±  0.150 %
   4      13.1954 ±    0.1486       0.04787 ±    0.00189       0.08159 ±    0.00051     6.863 ±  0.055 %    85.801 ±  0.136 %    40.429 ±  0.131 %
   5      12.5344 ±    0.1250       0.04601 ±    0.00167       0.08021 ±    0.00046     6.824 ±  0.048 %    86.075 ±  0.121 %    41.019 ±  0.117 %

====== Perplexity statistics ======
Mean PPL(Q)                   :  12.534354 ±   0.125038
Mean PPL(base)                :  11.970705 ±   0.119397
Cor(ln(PPL(Q)), ln(PPL(base))):  98.61%
Mean ln(PPL(Q)/PPL(base))     :   0.046011 ±   0.001666
Mean PPL(Q)/PPL(base)         :   1.047086 ±   0.001744
Mean PPL(Q)-PPL(base)         :   0.563648 ±   0.021173

====== KL divergence statistics ======
Mean    KLD:   0.080208 ±   0.000458
Maximum KLD:  10.564951
99.9%   KLD:   1.224409
99.0%   KLD:   0.520103
95.0%   KLD:   0.247231
90.0%   KLD:   0.174309
Median  KLD:   0.051867
10.0%   KLD:   0.001793
 5.0%   KLD:   0.000362
 1.0%   KLD:   0.000040
 0.1%   KLD:   0.000006
Minimum KLD:  -0.000006

====== Token probability statistics ======
Mean    Δp: -1.021 ± 0.024 %
Maximum Δp: 79.496%
99.9%   Δp: 34.069%
99.0%   Δp: 17.336%
95.0%   Δp:  7.776%
90.0%   Δp:  4.193%
75.0%   Δp:  0.513%
Median  Δp: -0.028%
25.0%   Δp: -2.106%
10.0%   Δp: -7.651%
 5.0%   Δp: -12.277%
 1.0%   Δp: -24.516%
 0.1%   Δp: -47.962%
Minimum Δp: -91.855%
RMS Δp    :  6.824 ± 0.048 %
Same top p: 86.075 ± 0.121 %
Same sampled p: 41.019 ± 0.117 %

# llama-perplexity: version: 0.4.7-dev (build 11840, commit a740376d8-dirty) | built with GNU 15.3.0 for Linux x86_64
# model: /home/crusaderky/.cache/huggingface/hub/models--mradermacher--MiniCPM5-2B-i1-GGUF/snapshots/feaa62932d8a59abb003f023eeb4db85219bd1e9/MiniCPM5-2B.i1-Q4_K_S.gguf size=1498484352 mtime=2026-09-15T00:02:47+00:00 sha256/1048576B=2b8e3fecd9b6cee236190859b1d99f96319e056f5f40b6de9f53ae99dd7a4c88
------------------------------
# llama-perplexity: version: 0.4.7-dev (build 11840, commit a740376d8-dirty) | built with GNU 15.3.0 for Linux x86_64
# model: <unresolved>
llama-perplexity --kl-divergence-base /tmp/logits.dat --ctx-size 32768 -f sample-data/wiki.test.head-2.4k.raw -fa on --hf-repo mradermacher/MiniCPM5-2B-i1-GGUF:i1-IQ4_XS --cache-type-k f16 --cache-type-v f16 --kl-divergence
0.37.164.987 I cmn          init: llama threadpool init, n_threads = 16
0.37.210.929 I 
0.37.211.011 I system_info: n_threads = 16 (n_threads_batch = 16) / 32 | CUDA : ARCHS = 750,800,860,890,900,1000,1030,1200,1210 | USE_GRAPHS = 1 | FA_ALL_QUANTS = 1 | CPU : SSE3 = 1 | SSSE3 = 1 | AVX = 1 | AVX2 = 1 | F16C = 1 | FMA = 1 | BMI2 = 1 | LLAMAFILE = 1 | OPENMP = 1 | REPACK = 1 | 
0.37.512.444 I kl_divergence: computing over 5 chunks, n_ctx=32768, batch_size=2048, n_seq=1
0.45.176.430 I kl_divergence: 7.66 seconds per pass - ETA 0.63 minutes

chunk             PPL               ln(PPL(Q)/PPL(base))          KL Divergence              Δp RMS            Same top p        Same sampled p
   1      13.6750 ±    0.3040       0.06803 ±    0.00371       0.08347 ±    0.00089     7.047 ±  0.104 %    84.966 ±  0.279 %    39.509 ±  0.257 %
   2      12.7377 ±    0.2020       0.06347 ±    0.00263       0.08434 ±    0.00067     7.132 ±  0.078 %    85.665 ±  0.194 %    41.249 ±  0.186 %
   3      13.8291 ±    0.1808       0.06186 ±    0.00219       0.08707 ±    0.00059     7.095 ±  0.064 %    85.233 ±  0.160 %    39.717 ±  0.150 %
   4      13.4048 ±    0.1520       0.06362 ±    0.00194       0.08919 ±    0.00055     7.275 ±  0.056 %    85.244 ±  0.139 %    40.468 ±  0.131 %
   5      12.7239 ±    0.1277       0.06102 ±    0.00173       0.08804 ±    0.00052     7.209 ±  0.051 %    85.478 ±  0.123 %    41.047 ±  0.117 %

====== Perplexity statistics ======
Mean PPL(Q)                   :  12.723912 ±   0.127686
Mean PPL(base)                :  11.970705 ±   0.119397
Cor(ln(PPL(Q)), ln(PPL(base))):  98.51%
Mean ln(PPL(Q)/PPL(base))     :   0.061021 ±   0.001729
Mean PPL(Q)/PPL(base)         :   1.062921 ±   0.001838
Mean PPL(Q)-PPL(base)         :   0.753207 ±   0.022885

====== KL divergence statistics ======
Mean    KLD:   0.088036 ±   0.000517
Maximum KLD:  11.802176
99.9%   KLD:   1.550729
99.0%   KLD:   0.579469
95.0%   KLD:   0.279035
90.0%   KLD:   0.191831
Median  KLD:   0.055080
10.0%   KLD:   0.002147
 5.0%   KLD:   0.000462
 1.0%   KLD:   0.000057
 0.1%   KLD:   0.000008
Minimum KLD:  -0.000003

====== Token probability statistics ======
Mean    Δp: -1.042 ± 0.025 %
Maximum Δp: 81.694%
99.9%   Δp: 34.463%
99.0%   Δp: 18.638%
95.0%   Δp:  8.317%
90.0%   Δp:  4.439%
75.0%   Δp:  0.511%
Median  Δp: -0.046%
25.0%   Δp: -2.087%
10.0%   Δp: -7.868%
 5.0%   Δp: -12.897%
 1.0%   Δp: -26.289%
 0.1%   Δp: -49.641%
Minimum Δp: -94.598%
RMS Δp    :  7.209 ± 0.051 %
Same top p: 85.478 ± 0.123 %
Same sampled p: 41.047 ± 0.117 %

# llama-perplexity: version: 0.4.7-dev (build 11840, commit a740376d8-dirty) | built with GNU 15.3.0 for Linux x86_64
# model: /home/crusaderky/.cache/huggingface/hub/models--mradermacher--MiniCPM5-2B-i1-GGUF/snapshots/feaa62932d8a59abb003f023eeb4db85219bd1e9/MiniCPM5-2B.i1-IQ4_XS.gguf size=1423511168 mtime=2026-09-15T00:04:01+00:00 sha256/1048576B=2b8e3fecd9b6cee236190859b1d99f96319e056f5f40b6de9f53ae99dd7a4c88
------------------------------
# llama-perplexity: version: 0.4.7-dev (build 11840, commit a740376d8-dirty) | built with GNU 15.3.0 for Linux x86_64
# model: <unresolved>
llama-perplexity --kl-divergence-base /tmp/logits.dat --ctx-size 32768 -f sample-data/wiki.test.head-2.4k.raw -fa on --hf-repo mradermacher/MiniCPM5-2B-i1-GGUF:i1-Q3_K_L --cache-type-k f16 --cache-type-v f16 --kl-divergence
0.51.879.341 I cmn          init: llama threadpool init, n_threads = 16
0.51.924.744 I 
0.51.924.820 I system_info: n_threads = 16 (n_threads_batch = 16) / 32 | CUDA : ARCHS = 750,800,860,890,900,1000,1030,1200,1210 | USE_GRAPHS = 1 | FA_ALL_QUANTS = 1 | CPU : SSE3 = 1 | SSSE3 = 1 | AVX = 1 | AVX2 = 1 | F16C = 1 | FMA = 1 | BMI2 = 1 | LLAMAFILE = 1 | OPENMP = 1 | REPACK = 1 | 
0.52.215.989 I kl_divergence: computing over 5 chunks, n_ctx=32768, batch_size=2048, n_seq=1
1.00.131.678 I kl_divergence: 7.92 seconds per pass - ETA 0.65 minutes

chunk             PPL               ln(PPL(Q)/PPL(base))          KL Divergence              Δp RMS            Same top p        Same sampled p
   1      15.0182 ±    0.3431       0.16172 ±    0.00550       0.16794 ±    0.00193     9.869 ±  0.144 %    79.851 ±  0.313 %    38.646 ±  0.258 %
   2      13.9544 ±    0.2263       0.15470 ±    0.00401       0.17375 ±    0.00146    10.356 ±  0.107 %    79.885 ±  0.221 %    40.152 ±  0.186 %
   3      15.2784 ±    0.2044       0.16153 ±    0.00330       0.17941 ±    0.00119    10.343 ±  0.087 %    79.279 ±  0.183 %    38.580 ±  0.150 %
   4      14.8409 ±    0.1725       0.16539 ±    0.00293       0.18492 ±    0.00110    10.554 ±  0.077 %    79.201 ±  0.159 %    39.328 ±  0.131 %
   5      14.0334 ±    0.1442       0.15898 ±    0.00257       0.18070 ±    0.00098    10.473 ±  0.068 %    79.593 ±  0.141 %    39.893 ±  0.117 %

====== Perplexity statistics ======
Mean PPL(Q)                   :  14.033365 ±   0.144236
Mean PPL(base)                :  11.970705 ±   0.119397
Cor(ln(PPL(Q)), ln(PPL(base))):  96.82%
Mean ln(PPL(Q)/PPL(base))     :   0.158975 ±   0.002572
Mean PPL(Q)/PPL(base)         :   1.172309 ±   0.003015
Mean PPL(Q)-PPL(base)         :   2.062660 ±   0.041386

====== KL divergence statistics ======
Mean    KLD:   0.180705 ±   0.000979
Maximum KLD:  14.341516
99.9%   KLD:   2.876321
99.0%   KLD:   1.232420
95.0%   KLD:   0.583333
90.0%   KLD:   0.396295
Median  KLD:   0.112085
10.0%   KLD:   0.004396
 5.0%   KLD:   0.000907
 1.0%   KLD:   0.000091
 0.1%   KLD:   0.000014
Minimum KLD:  -0.000009

====== Token probability statistics ======
Mean    Δp: -2.076 ± 0.036 %
Maximum Δp: 87.672%
99.9%   Δp: 46.761%
99.0%   Δp: 24.367%
95.0%   Δp: 10.716%
90.0%   Δp:  5.487%
75.0%   Δp:  0.467%
Median  Δp: -0.104%
25.0%   Δp: -3.577%
10.0%   Δp: -12.399%
 5.0%   Δp: -19.885%
 1.0%   Δp: -39.760%
 0.1%   Δp: -73.260%
Minimum Δp: -99.465%
RMS Δp    : 10.473 ± 0.068 %
Same top p: 79.593 ± 0.141 %
Same sampled p: 39.893 ± 0.117 %

# llama-perplexity: version: 0.4.7-dev (build 11840, commit a740376d8-dirty) | built with GNU 15.3.0 for Linux x86_64
# model: /home/crusaderky/.cache/huggingface/hub/models--mradermacher--MiniCPM5-2B-i1-GGUF/snapshots/feaa62932d8a59abb003f023eeb4db85219bd1e9/MiniCPM5-2B.i1-Q3_K_L.gguf size=1378979456 mtime=2026-09-15T00:05:29+00:00 sha256/1048576B=2b8e3fecd9b6cee236190859b1d99f96319e056f5f40b6de9f53ae99dd7a4c88
------------------------------
# llama-perplexity: version: 0.4.7-dev (build 11840, commit a740376d8-dirty) | built with GNU 15.3.0 for Linux x86_64
# model: <unresolved>
llama-perplexity --kl-divergence-base /tmp/logits.dat --ctx-size 32768 -f sample-data/wiki.test.head-2.4k.raw -fa on --hf-repo mradermacher/MiniCPM5-2B-i1-GGUF:i1-Q3_K_M --cache-type-k f16 --cache-type-v f16 --kl-divergence
0.39.381.179 I cmn          init: llama threadpool init, n_threads = 16
0.39.426.351 I 
0.39.426.433 I system_info: n_threads = 16 (n_threads_batch = 16) / 32 | CUDA : ARCHS = 750,800,860,890,900,1000,1030,1200,1210 | USE_GRAPHS = 1 | FA_ALL_QUANTS = 1 | CPU : SSE3 = 1 | SSSE3 = 1 | AVX = 1 | AVX2 = 1 | F16C = 1 | FMA = 1 | BMI2 = 1 | LLAMAFILE = 1 | OPENMP = 1 | REPACK = 1 | 
0.39.707.563 I kl_divergence: computing over 5 chunks, n_ctx=32768, batch_size=2048, n_seq=1
0.47.680.210 I kl_divergence: 7.97 seconds per pass - ETA 0.65 minutes

chunk             PPL               ln(PPL(Q)/PPL(base))          KL Divergence              Δp RMS            Same top p        Same sampled p
   1      15.1491 ±    0.3445       0.17040 ±    0.00579       0.19048 ±    0.00205    10.460 ±  0.151 %    78.380 ±  0.322 %    38.055 ±  0.257 %
   2      14.1613 ±    0.2295       0.16942 ±    0.00425       0.19710 ±    0.00160    11.007 ±  0.110 %    78.774 ±  0.226 %    39.659 ±  0.186 %
   3      15.4594 ±    0.2065       0.17331 ±    0.00347       0.20254 ±    0.00131    11.012 ±  0.091 %    78.154 ±  0.186 %    38.092 ±  0.149 %
   4      14.9519 ±    0.1733       0.17285 ±    0.00309       0.20748 ±    0.00119    11.213 ±  0.079 %    78.078 ±  0.162 %    38.828 ±  0.130 %
   5      14.1442 ±    0.1450       0.16684 ±    0.00271       0.20321 ±    0.00105    11.126 ±  0.070 %    78.457 ±  0.144 %    39.391 ±  0.117 %

====== Perplexity statistics ======
Mean PPL(Q)                   :  14.144205 ±   0.145024
Mean PPL(base)                :  11.970705 ±   0.119397
Cor(ln(PPL(Q)), ln(PPL(base))):  96.44%
Mean ln(PPL(Q)/PPL(base))     :   0.166843 ±   0.002713
Mean PPL(Q)/PPL(base)         :   1.181568 ±   0.003206
Mean PPL(Q)-PPL(base)         :   2.173500 ±   0.043474

====== KL divergence statistics ======
Mean    KLD:   0.203209 ±   0.001049
Maximum KLD:  14.512042
99.9%   KLD:   3.078109
99.0%   KLD:   1.359331
95.0%   KLD:   0.645512
90.0%   KLD:   0.443376
Median  KLD:   0.129035
10.0%   KLD:   0.005239
 5.0%   KLD:   0.001102
 1.0%   KLD:   0.000120
 0.1%   KLD:   0.000019
Minimum KLD:   0.000001

====== Token probability statistics ======
Mean    Δp: -2.420 ± 0.038 %
Maximum Δp: 91.827%
99.9%   Δp: 49.522%
99.0%   Δp: 24.774%
95.0%   Δp: 10.952%
90.0%   Δp:  5.472%
75.0%   Δp:  0.455%
Median  Δp: -0.139%
25.0%   Δp: -4.069%
10.0%   Δp: -13.637%
 5.0%   Δp: -21.647%
 1.0%   Δp: -42.375%
 0.1%   Δp: -75.829%
Minimum Δp: -99.455%
RMS Δp    : 11.126 ± 0.070 %
Same top p: 78.457 ± 0.144 %
Same sampled p: 39.391 ± 0.117 %

# llama-perplexity: version: 0.4.7-dev (build 11840, commit a740376d8-dirty) | built with GNU 15.3.0 for Linux x86_64
# model: /home/crusaderky/.cache/huggingface/hub/models--mradermacher--MiniCPM5-2B-i1-GGUF/snapshots/feaa62932d8a59abb003f023eeb4db85219bd1e9/MiniCPM5-2B.i1-Q3_K_M.gguf size=1291423360 mtime=2026-09-15T00:06:47+00:00 sha256/1048576B=2b8e3fecd9b6cee236190859b1d99f96319e056f5f40b6de9f53ae99dd7a4c88
------------------------------
# llama-perplexity: version: 0.4.7-dev (build 11840, commit a740376d8-dirty) | built with GNU 15.3.0 for Linux x86_64
# model: <unresolved>
llama-perplexity --kl-divergence-base /tmp/logits.dat --ctx-size 32768 -f sample-data/wiki.test.head-2.4k.raw -fa on --hf-repo mradermacher/MiniCPM5-2B-i1-GGUF:i1-IQ3_M --cache-type-k f16 --cache-type-v f16 --kl-divergence
0.41.170.067 I cmn          init: llama threadpool init, n_threads = 16
0.41.215.985 I 
0.41.216.065 I system_info: n_threads = 16 (n_threads_batch = 16) / 32 | CUDA : ARCHS = 750,800,860,890,900,1000,1030,1200,1210 | USE_GRAPHS = 1 | FA_ALL_QUANTS = 1 | CPU : SSE3 = 1 | SSSE3 = 1 | AVX = 1 | AVX2 = 1 | F16C = 1 | FMA = 1 | BMI2 = 1 | LLAMAFILE = 1 | OPENMP = 1 | REPACK = 1 | 
0.41.502.043 I kl_divergence: computing over 5 chunks, n_ctx=32768, batch_size=2048, n_seq=1
0.49.403.051 I kl_divergence: 7.90 seconds per pass - ETA 0.65 minutes

chunk             PPL               ln(PPL(Q)/PPL(base))          KL Divergence              Δp RMS            Same top p        Same sampled p
   1      15.0893 ±    0.3321       0.16644 ±    0.00593       0.21397 ±    0.00211    11.569 ±  0.162 %    76.830 ±  0.330 %    36.476 ±  0.255 %
   2      14.1772 ±    0.2235       0.17054 ±    0.00431       0.22243 ±    0.00170    12.090 ±  0.119 %    77.599 ±  0.230 %    38.112 ±  0.184 %
   3      15.4467 ±    0.2006       0.17248 ±    0.00354       0.22570 ±    0.00138    12.031 ±  0.095 %    77.163 ±  0.189 %    36.553 ±  0.148 %
   4      14.8499 ±    0.1668       0.16600 ±    0.00310       0.23066 ±    0.00127    12.227 ±  0.083 %    77.181 ±  0.164 %    37.229 ±  0.129 %
   5      14.0877 ±    0.1402       0.16284 ±    0.00273       0.22518 ±    0.00111    12.115 ±  0.073 %    77.587 ±  0.146 %    37.854 ±  0.116 %

====== Perplexity statistics ======
Mean PPL(Q)                   :  14.087746 ±   0.140228
Mean PPL(base)                :  11.970705 ±   0.119397
Cor(ln(PPL(Q)), ln(PPL(base))):  96.26%
Mean ln(PPL(Q)/PPL(base))     :   0.162843 ±   0.002726
Mean PPL(Q)/PPL(base)         :   1.176852 ±   0.003208
Mean PPL(Q)-PPL(base)         :   2.117041 ±   0.041075

====== KL divergence statistics ======
Mean    KLD:   0.225181 ±   0.001114
Maximum KLD:  14.133184
99.9%   KLD:   3.243518
99.0%   KLD:   1.478054
95.0%   KLD:   0.702147
90.0%   KLD:   0.486724
Median  KLD:   0.145308
10.0%   KLD:   0.009129
 5.0%   KLD:   0.002129
 1.0%   KLD:   0.000247
 0.1%   KLD:   0.000034
Minimum KLD:   0.000004

====== Token probability statistics ======
Mean    Δp: -3.724 ± 0.040 %
Maximum Δp: 96.643%
99.9%   Δp: 46.620%
99.0%   Δp: 22.070%
95.0%   Δp:  8.941%
90.0%   Δp:  4.024%
75.0%   Δp:  0.140%
Median  Δp: -0.445%
25.0%   Δp: -5.892%
10.0%   Δp: -16.400%
 5.0%   Δp: -25.013%
 1.0%   Δp: -47.331%
 0.1%   Δp: -80.046%
Minimum Δp: -97.896%
RMS Δp    : 12.115 ± 0.073 %
Same top p: 77.587 ± 0.146 %
Same sampled p: 37.854 ± 0.116 %

# llama-perplexity: version: 0.4.7-dev (build 11840, commit a740376d8-dirty) | built with GNU 15.3.0 for Linux x86_64
# model: /home/crusaderky/.cache/huggingface/hub/models--mradermacher--MiniCPM5-2B-i1-GGUF/snapshots/feaa62932d8a59abb003f023eeb4db85219bd1e9/MiniCPM5-2B.i1-IQ3_M.gguf size=1226313344 mtime=2026-09-15T00:08:06+00:00 sha256/1048576B=2b8e3fecd9b6cee236190859b1d99f96319e056f5f40b6de9f53ae99dd7a4c88
------------------------------
# llama-perplexity: version: 0.4.7-dev (build 11840, commit a740376d8-dirty) | built with GNU 15.3.0 for Linux x86_64
# model: <unresolved>
llama-perplexity --kl-divergence-base /tmp/logits.dat --ctx-size 32768 -f sample-data/wiki.test.head-2.4k.raw -fa on --hf-repo mradermacher/MiniCPM5-2B-i1-GGUF:i1-IQ3_S --cache-type-k f16 --cache-type-v f16 --kl-divergence
0.45.664.438 I cmn          init: llama threadpool init, n_threads = 16
0.45.708.733 I 
0.45.708.808 I system_info: n_threads = 16 (n_threads_batch = 16) / 32 | CUDA : ARCHS = 750,800,860,890,900,1000,1030,1200,1210 | USE_GRAPHS = 1 | FA_ALL_QUANTS = 1 | CPU : SSE3 = 1 | SSSE3 = 1 | AVX = 1 | AVX2 = 1 | F16C = 1 | FMA = 1 | BMI2 = 1 | LLAMAFILE = 1 | OPENMP = 1 | REPACK = 1 | 
0.45.987.377 I kl_divergence: computing over 5 chunks, n_ctx=32768, batch_size=2048, n_seq=1
0.53.819.077 I kl_divergence: 7.83 seconds per pass - ETA 0.65 minutes

chunk             PPL               ln(PPL(Q)/PPL(base))          KL Divergence              Δp RMS            Same top p        Same sampled p
   1      15.8986 ±    0.3512       0.21868 ±    0.00653       0.26241 ±    0.00244    13.127 ±  0.170 %    75.365 ±  0.337 %    35.650 ±  0.252 %
   2      14.8467 ±    0.2348       0.21668 ±    0.00472       0.26847 ±    0.00193    13.449 ±  0.123 %    76.024 ±  0.236 %    37.302 ±  0.183 %
   3      16.1424 ±    0.2103       0.21654 ±    0.00386       0.27200 ±    0.00157    13.314 ±  0.098 %    75.377 ±  0.194 %    35.750 ±  0.147 %
   4      15.5431 ±    0.1754       0.21163 ±    0.00339       0.27923 ±    0.00143    13.559 ±  0.087 %    75.349 ±  0.168 %    36.426 ±  0.128 %
   5      14.7508 ±    0.1475       0.20884 ±    0.00299       0.27385 ±    0.00127    13.495 ±  0.077 %    75.714 ±  0.150 %    37.028 ±  0.115 %

====== Perplexity statistics ======
Mean PPL(Q)                   :  14.750834 ±   0.147486
Mean PPL(base)                :  11.970705 ±   0.119397
Cor(ln(PPL(Q)), ln(PPL(base))):  95.51%
Mean ln(PPL(Q)/PPL(base))     :   0.208837 ±   0.002993
Mean PPL(Q)/PPL(base)         :   1.232244 ±   0.003688
Mean PPL(Q)-PPL(base)         :   2.780129 ±   0.048689

====== KL divergence statistics ======
Mean    KLD:   0.273851 ±   0.001269
Maximum KLD:  12.781071
99.9%   KLD:   3.540977
99.0%   KLD:   1.721066
95.0%   KLD:   0.841625
90.0%   KLD:   0.592331
Median  KLD:   0.180577
10.0%   KLD:   0.012724
 5.0%   KLD:   0.002913
 1.0%   KLD:   0.000334
 0.1%   KLD:   0.000044
Minimum KLD:   0.000003

====== Token probability statistics ======
Mean    Δp: -4.415 ± 0.045 %
Maximum Δp: 94.981%
99.9%   Δp: 49.313%
99.0%   Δp: 24.176%
95.0%   Δp:  9.358%
90.0%   Δp:  4.039%
75.0%   Δp:  0.102%
Median  Δp: -0.588%
25.0%   Δp: -6.876%
10.0%   Δp: -18.769%
 5.0%   Δp: -28.613%
 1.0%   Δp: -53.236%
 0.1%   Δp: -84.924%
Minimum Δp: -99.498%
RMS Δp    : 13.495 ± 0.077 %
Same top p: 75.714 ± 0.150 %
Same sampled p: 37.028 ± 0.115 %

# llama-perplexity: version: 0.4.7-dev (build 11840, commit a740376d8-dirty) | built with GNU 15.3.0 for Linux x86_64
# model: /home/crusaderky/.cache/huggingface/hub/models--mradermacher--MiniCPM5-2B-i1-GGUF/snapshots/feaa62932d8a59abb003f023eeb4db85219bd1e9/MiniCPM5-2B.i1-IQ3_S.gguf size=1194561152 mtime=2026-09-15T00:09:29+00:00 sha256/1048576B=2b8e3fecd9b6cee236190859b1d99f96319e056f5f40b6de9f53ae99dd7a4c88
------------------------------
# llama-perplexity: version: 0.4.7-dev (build 11840, commit a740376d8-dirty) | built with GNU 15.3.0 for Linux x86_64
# model: <unresolved>
llama-perplexity --kl-divergence-base /tmp/logits.dat --ctx-size 32768 -f sample-data/wiki.test.head-2.4k.raw -fa on --hf-repo mradermacher/MiniCPM5-2B-i1-GGUF:i1-IQ3_XS --cache-type-k f16 --cache-type-v f16 --kl-divergence
0.35.642.557 I cmn          init: llama threadpool init, n_threads = 16
0.35.687.603 I 
0.35.687.682 I system_info: n_threads = 16 (n_threads_batch = 16) / 32 | CUDA : ARCHS = 750,800,860,890,900,1000,1030,1200,1210 | USE_GRAPHS = 1 | FA_ALL_QUANTS = 1 | CPU : SSE3 = 1 | SSSE3 = 1 | AVX = 1 | AVX2 = 1 | F16C = 1 | FMA = 1 | BMI2 = 1 | LLAMAFILE = 1 | OPENMP = 1 | REPACK = 1 | 
0.35.965.695 I kl_divergence: computing over 5 chunks, n_ctx=32768, batch_size=2048, n_seq=1
0.43.790.097 I kl_divergence: 7.82 seconds per pass - ETA 0.65 minutes

chunk             PPL               ln(PPL(Q)/PPL(base))          KL Divergence              Δp RMS            Same top p        Same sampled p
   1      17.2400 ±    0.3845       0.29969 ±    0.00765       0.35683 ±    0.00320    15.051 ±  0.178 %    71.238 ±  0.354 %    34.292 ±  0.252 %
   2      16.2436 ±    0.2592       0.30660 ±    0.00549       0.36538 ±    0.00243    15.760 ±  0.131 %    72.111 ±  0.248 %    35.655 ±  0.182 %
   3      17.6590 ±    0.2313       0.30633 ±    0.00449       0.37238 ±    0.00197    15.695 ±  0.105 %    71.413 ±  0.204 %    34.008 ±  0.145 %
   4      17.0998 ±    0.1938       0.30707 ±    0.00395       0.38203 ±    0.00178    16.027 ±  0.092 %    71.216 ±  0.177 %    34.541 ±  0.127 %
   5      16.2206 ±    0.1632       0.30382 ±    0.00350       0.37626 ±    0.00159    15.953 ±  0.083 %    71.815 ±  0.157 %    35.186 ±  0.114 %

====== Perplexity statistics ======
Mean PPL(Q)                   :  16.220642 ±   0.163173
Mean PPL(base)                :  11.970705 ±   0.119397
Cor(ln(PPL(Q)), ln(PPL(base))):  93.90%
Mean ln(PPL(Q)/PPL(base))     :   0.303822 ±   0.003499
Mean PPL(Q)/PPL(base)         :   1.355028 ±   0.004741
Mean PPL(Q)-PPL(base)         :   4.249936 ±   0.065513

====== KL divergence statistics ======
Mean    KLD:   0.376257 ±   0.001593
Maximum KLD:  15.242552
99.9%   KLD:   4.348873
99.0%   KLD:   2.153714
95.0%   KLD:   1.135012
90.0%   KLD:   0.807509
Median  KLD:   0.260973
10.0%   KLD:   0.018768
 5.0%   KLD:   0.004178
 1.0%   KLD:   0.000432
 0.1%   KLD:   0.000060
Minimum KLD:   0.000005

====== Token probability statistics ======
Mean    Δp: -6.122 ± 0.051 %
Maximum Δp: 83.805%
99.9%   Δp: 50.915%
99.0%   Δp: 24.866%
95.0%   Δp:  8.961%
90.0%   Δp:  3.551%
75.0%   Δp:  0.033%
Median  Δp: -1.040%
25.0%   Δp: -9.542%
10.0%   Δp: -24.208%
 5.0%   Δp: -35.193%
 1.0%   Δp: -62.243%
 0.1%   Δp: -91.522%
Minimum Δp: -99.988%
RMS Δp    : 15.953 ± 0.083 %
Same top p: 71.815 ± 0.157 %
Same sampled p: 35.186 ± 0.114 %

# llama-perplexity: version: 0.4.7-dev (build 11840, commit a740376d8-dirty) | built with GNU 15.3.0 for Linux x86_64
# model: /home/crusaderky/.cache/huggingface/hub/models--mradermacher--MiniCPM5-2B-i1-GGUF/snapshots/feaa62932d8a59abb003f023eeb4db85219bd1e9/MiniCPM5-2B.i1-IQ3_XS.gguf size=1148702336 mtime=2026-09-15T00:10:42+00:00 sha256/1048576B=2b8e3fecd9b6cee236190859b1d99f96319e056f5f40b6de9f53ae99dd7a4c88
------------------------------
# llama-perplexity: version: 0.4.7-dev (build 11840, commit a740376d8-dirty) | built with GNU 15.3.0 for Linux x86_64
# model: <unresolved>
llama-perplexity --kl-divergence-base /tmp/logits.dat --ctx-size 32768 -f sample-data/wiki.test.head-2.4k.raw -fa on --hf-repo mradermacher/MiniCPM5-2B-i1-GGUF:i1-IQ3_XXS --cache-type-k f16 --cache-type-v f16 --kl-divergence
0.51.063.245 I cmn          init: llama threadpool init, n_threads = 16
0.51.108.223 I 
0.51.108.297 I system_info: n_threads = 16 (n_threads_batch = 16) / 32 | CUDA : ARCHS = 750,800,860,890,900,1000,1030,1200,1210 | USE_GRAPHS = 1 | FA_ALL_QUANTS = 1 | CPU : SSE3 = 1 | SSSE3 = 1 | AVX = 1 | AVX2 = 1 | F16C = 1 | FMA = 1 | BMI2 = 1 | LLAMAFILE = 1 | OPENMP = 1 | REPACK = 1 | 
0.51.388.017 I kl_divergence: computing over 5 chunks, n_ctx=32768, batch_size=2048, n_seq=1
0.59.243.448 I kl_divergence: 7.86 seconds per pass - ETA 0.65 minutes

chunk             PPL               ln(PPL(Q)/PPL(base))          KL Divergence              Δp RMS            Same top p        Same sampled p
   1      19.7850 ±    0.4479       0.43738 ±    0.00905       0.50919 ±    0.00422    18.365 ±  0.199 %    66.960 ±  0.367 %    31.965 ±  0.246 %
   2      18.6193 ±    0.3018       0.44310 ±    0.00653       0.52486 ±    0.00322    18.984 ±  0.144 %    67.323 ±  0.259 %    33.408 ±  0.178 %
   3      20.4291 ±    0.2733       0.45205 ±    0.00540       0.53580 ±    0.00267    18.752 ±  0.117 %    66.565 ±  0.213 %    32.052 ±  0.142 %
   4      19.8218 ±    0.2297       0.45479 ±    0.00474       0.54799 ±    0.00240    19.103 ±  0.102 %    66.314 ±  0.185 %    32.590 ±  0.125 %
   5      18.7971 ±    0.1932       0.45124 ±    0.00420       0.54095 ±    0.00214    18.980 ±  0.090 %    66.858 ±  0.164 %    33.171 ±  0.112 %

====== Perplexity statistics ======
Mean PPL(Q)                   :  18.797084 ±   0.193159
Mean PPL(base)                :  11.970705 ±   0.119397
Cor(ln(PPL(Q)), ln(PPL(base))):  91.44%
Mean ln(PPL(Q)/PPL(base))     :   0.451239 ±   0.004199
Mean PPL(Q)/PPL(base)         :   1.570257 ±   0.006594
Mean PPL(Q)-PPL(base)         :   6.826379 ±   0.096894

====== KL divergence statistics ======
Mean    KLD:   0.540953 ±   0.002143
Maximum KLD:  15.014814
99.9%   KLD:   5.422420
99.0%   KLD:   2.957235
95.0%   KLD:   1.628792
90.0%   KLD:   1.185382
Median  KLD:   0.373318
10.0%   KLD:   0.035383
 5.0%   KLD:   0.009561
 1.0%   KLD:   0.001127
 0.1%   KLD:   0.000126
Minimum KLD:   0.000005

====== Token probability statistics ======
Mean    Δp: -7.861 ± 0.060 %
Maximum Δp: 91.014%
99.9%   Δp: 53.092%
99.0%   Δp: 26.456%
95.0%   Δp: 10.011%
90.0%   Δp:  3.646%
75.0%   Δp:  0.003%
Median  Δp: -1.710%
25.0%   Δp: -12.108%
10.0%   Δp: -29.590%
 5.0%   Δp: -43.731%
 1.0%   Δp: -73.261%
 0.1%   Δp: -94.687%
Minimum Δp: -99.991%
RMS Δp    : 18.980 ± 0.090 %
Same top p: 66.858 ± 0.164 %
Same sampled p: 33.171 ± 0.112 %

# llama-perplexity: version: 0.4.7-dev (build 11840, commit a740376d8-dirty) | built with GNU 15.3.0 for Linux x86_64
# model: /home/crusaderky/.cache/huggingface/hub/models--mradermacher--MiniCPM5-2B-i1-GGUF/snapshots/feaa62932d8a59abb003f023eeb4db85219bd1e9/MiniCPM5-2B.i1-IQ3_XXS.gguf size=1063054976 mtime=2026-09-15T00:12:11+00:00 sha256/1048576B=2b8e3fecd9b6cee236190859b1d99f96319e056f5f40b6de9f53ae99dd7a4c88
------------------------------
# llama-perplexity: version: 0.4.7-dev (build 11840, commit a740376d8-dirty) | built with GNU 15.3.0 for Linux x86_64
# model: <unresolved>
llama-perplexity --kl-divergence-base /tmp/logits.dat --ctx-size 32768 -f sample-data/wiki.test.head-2.4k.raw -fa on --hf-repo Abiray/MiniCPM5-2B-heretic-abliterated-GGUF:Q5_K_M --cache-type-k f16 --cache-type-v f16 --kl-divergence
0.36.489.432 I cmn          init: llama threadpool init, n_threads = 16
0.36.539.355 I 
0.36.539.436 I system_info: n_threads = 16 (n_threads_batch = 16) / 32 | CUDA : ARCHS = 750,800,860,890,900,1000,1030,1200,1210 | USE_GRAPHS = 1 | FA_ALL_QUANTS = 1 | CPU : SSE3 = 1 | SSSE3 = 1 | AVX = 1 | AVX2 = 1 | F16C = 1 | FMA = 1 | BMI2 = 1 | LLAMAFILE = 1 | OPENMP = 1 | REPACK = 1 | 
0.36.850.571 I kl_divergence: computing over 5 chunks, n_ctx=32768, batch_size=2048, n_seq=1
0.45.083.090 I kl_divergence: 8.23 seconds per pass - ETA 0.68 minutes

chunk             PPL               ln(PPL(Q)/PPL(base))          KL Divergence              Δp RMS            Same top p        Same sampled p
   1      13.1001 ±    0.2921       0.02507 ±    0.00254       0.03648 ±    0.00045     4.416 ±  0.083 %    89.794 ±  0.237 %    40.471 ±  0.258 %
   2      12.2792 ±    0.1957       0.02681 ±    0.00183       0.03922 ±    0.00033     4.630 ±  0.063 %    89.864 ±  0.167 %    42.245 ±  0.186 %
   3      13.3516 ±    0.1757       0.02672 ±    0.00151       0.04049 ±    0.00027     4.587 ±  0.050 %    89.691 ±  0.137 %    40.712 ±  0.150 %
   4      12.8965 ±    0.1468       0.02496 ±    0.00130       0.04013 ±    0.00024     4.597 ±  0.041 %    89.890 ±  0.118 %    41.495 ±  0.131 %
   5      12.2655 ±    0.1236       0.02433 ±    0.00117       0.04041 ±    0.00028     4.615 ±  0.038 %    90.064 ±  0.105 %    42.051 ±  0.117 %

====== Perplexity statistics ======
Mean PPL(Q)                   :  12.265507 ±   0.123618
Mean PPL(base)                :  11.970705 ±   0.119397
Cor(ln(PPL(Q)), ln(PPL(base))):  99.32%
Mean ln(PPL(Q)/PPL(base))     :   0.024329 ±   0.001170
Mean PPL(Q)/PPL(base)         :   1.024627 ±   0.001199
Mean PPL(Q)-PPL(base)         :   0.294801 ±   0.014738

====== KL divergence statistics ======
Mean    KLD:   0.040408 ±   0.000280
Maximum KLD:  11.312076
99.9%   KLD:   0.679954
99.0%   KLD:   0.246459
95.0%   KLD:   0.120943
90.0%   KLD:   0.086439
Median  KLD:   0.026954
10.0%   KLD:   0.000788
 5.0%   KLD:   0.000156
 1.0%   KLD:   0.000018
 0.1%   KLD:   0.000002
Minimum KLD:  -0.000023

====== Token probability statistics ======
Mean    Δp: -0.178 ± 0.016 %
Maximum Δp: 62.014%
99.9%   Δp: 27.709%
99.0%   Δp: 13.323%
95.0%   Δp:  6.466%
90.0%   Δp:  3.757%
75.0%   Δp:  0.670%
Median  Δp: -0.004%
25.0%   Δp: -0.935%
10.0%   Δp: -4.274%
 5.0%   Δp: -7.195%
 1.0%   Δp: -15.137%
 0.1%   Δp: -29.699%
Minimum Δp: -88.502%
RMS Δp    :  4.615 ± 0.038 %
Same top p: 90.064 ± 0.105 %
Same sampled p: 42.051 ± 0.117 %

# llama-perplexity: version: 0.4.7-dev (build 11840, commit a740376d8-dirty) | built with GNU 15.3.0 for Linux x86_64
# model: /home/crusaderky/.cache/huggingface/hub/models--Abiray--MiniCPM5-2B-heretic-abliterated-GGUF/snapshots/c153cc60bed0471d7d26feb02f999a887851a81b/MiniCPM5-2B-heretic-abliterated-Q5_K_M.gguf size=1808063392 mtime=2026-09-15T07:11:59+00:00 sha256/1048576B=b89fbc4f165c548a5ff8add090027133974656c16fc071096e6636fddb9e7638
------------------------------
# llama-perplexity: version: 0.4.7-dev (build 11840, commit a740376d8-dirty) | built with GNU 15.3.0 for Linux x86_64
# model: <unresolved>
llama-perplexity --kl-divergence-base /tmp/logits.dat --ctx-size 32768 -f sample-data/wiki.test.head-2.4k.raw -fa on --hf-repo Abiray/MiniCPM5-2B-heretic-abliterated-GGUF:Q4_K_M --cache-type-k f16 --cache-type-v f16 --kl-divergence
0.25.163.393 I cmn          init: llama threadpool init, n_threads = 16
0.25.208.666 I 
0.25.208.747 I system_info: n_threads = 16 (n_threads_batch = 16) / 32 | CUDA : ARCHS = 750,800,860,890,900,1000,1030,1200,1210 | USE_GRAPHS = 1 | FA_ALL_QUANTS = 1 | CPU : SSE3 = 1 | SSSE3 = 1 | AVX = 1 | AVX2 = 1 | F16C = 1 | FMA = 1 | BMI2 = 1 | LLAMAFILE = 1 | OPENMP = 1 | REPACK = 1 | 
0.25.496.241 I kl_divergence: computing over 5 chunks, n_ctx=32768, batch_size=2048, n_seq=1
0.33.400.243 I kl_divergence: 7.90 seconds per pass - ETA 0.65 minutes

chunk             PPL               ln(PPL(Q)/PPL(base))          KL Divergence              Δp RMS            Same top p        Same sampled p
   1      13.5436 ±    0.3022       0.05837 ±    0.00390       0.08664 ±    0.00085     6.726 ±  0.100 %    85.253 ±  0.277 %    39.563 ±  0.258 %
   2      12.7014 ±    0.2025       0.06062 ±    0.00281       0.09063 ±    0.00067     7.053 ±  0.079 %    85.354 ±  0.195 %    41.340 ±  0.187 %
   3      13.8588 ±    0.1820       0.06401 ±    0.00232       0.09393 ±    0.00057     7.118 ±  0.066 %    84.840 ±  0.162 %    39.745 ±  0.150 %
   4      13.3969 ±    0.1526       0.06303 ±    0.00205       0.09590 ±    0.00057     7.252 ±  0.059 %    84.919 ±  0.140 %    40.534 ±  0.131 %
   5      12.7482 ±    0.1286       0.06293 ±    0.00182       0.09544 ±    0.00052     7.268 ±  0.053 %    85.146 ±  0.124 %    41.107 ±  0.117 %

====== Perplexity statistics ======
Mean PPL(Q)                   :  12.748205 ±   0.128641
Mean PPL(base)                :  11.970705 ±   0.119397
Cor(ln(PPL(Q)), ln(PPL(base))):  98.36%
Mean ln(PPL(Q)/PPL(base))     :   0.062928 ±   0.001819
Mean PPL(Q)/PPL(base)         :   1.064950 ±   0.001937
Mean PPL(Q)-PPL(base)         :   0.777499 ±   0.024253

====== KL divergence statistics ======
Mean    KLD:   0.095436 ±   0.000518
Maximum KLD:  10.446686
99.9%   KLD:   1.443715
99.0%   KLD:   0.607522
95.0%   KLD:   0.294033
90.0%   KLD:   0.206515
Median  KLD:   0.062680
10.0%   KLD:   0.002122
 5.0%   KLD:   0.000410
 1.0%   KLD:   0.000042
 0.1%   KLD:   0.000005
Minimum KLD:  -0.000009

====== Token probability statistics ======
Mean    Δp: -0.886 ± 0.025 %
Maximum Δp: 79.007%
99.9%   Δp: 37.969%
99.0%   Δp: 18.795%
95.0%   Δp:  8.571%
90.0%   Δp:  4.696%
75.0%   Δp:  0.626%
Median  Δp: -0.023%
25.0%   Δp: -1.942%
10.0%   Δp: -7.595%
 5.0%   Δp: -12.459%
 1.0%   Δp: -25.907%
 0.1%   Δp: -52.170%
Minimum Δp: -96.971%
RMS Δp    :  7.268 ± 0.053 %
Same top p: 85.146 ± 0.124 %
Same sampled p: 41.107 ± 0.117 %

# llama-perplexity: version: 0.4.7-dev (build 11840, commit a740376d8-dirty) | built with GNU 15.3.0 for Linux x86_64
# model: /home/crusaderky/.cache/huggingface/hub/models--Abiray--MiniCPM5-2B-heretic-abliterated-GGUF/snapshots/c153cc60bed0471d7d26feb02f999a887851a81b/MiniCPM5-2B-heretic-abliterated-Q4_K_M.gguf size=1561320352 mtime=2026-09-15T07:13:03+00:00 sha256/1048576B=b89fbc4f165c548a5ff8add090027133974656c16fc071096e6636fddb9e7638
------------------------------
# llama-perplexity: version: 0.4.7-dev (build 11840, commit a740376d8-dirty) | built with GNU 15.3.0 for Linux x86_64
# model: <unresolved>
llama-perplexity --kl-divergence-base /tmp/logits.dat --ctx-size 32768 -f sample-data/wiki.test.head-2.4k.raw -fa on --hf-repo Abiray/MiniCPM5-2B-heretic-abliterated-GGUF:Q3_K_M --cache-type-k f16 --cache-type-v f16 --kl-divergence
1.27.815.926 I cmn          init: llama threadpool init, n_threads = 16
1.27.862.788 I 
1.27.862.871 I system_info: n_threads = 16 (n_threads_batch = 16) / 32 | CUDA : ARCHS = 750,800,860,890,900,1000,1030,1200,1210 | USE_GRAPHS = 1 | FA_ALL_QUANTS = 1 | CPU : SSE3 = 1 | SSSE3 = 1 | AVX = 1 | AVX2 = 1 | F16C = 1 | FMA = 1 | BMI2 = 1 | LLAMAFILE = 1 | OPENMP = 1 | REPACK = 1 | 
1.28.154.828 I kl_divergence: computing over 5 chunks, n_ctx=32768, batch_size=2048, n_seq=1
1.36.387.081 I kl_divergence: 8.23 seconds per pass - ETA 0.68 minutes

chunk             PPL               ln(PPL(Q)/PPL(base))          KL Divergence              Δp RMS            Same top p        Same sampled p
   1      16.9861 ±    0.3866       0.28485 ±    0.00748       0.32039 ±    0.00305    13.656 ±  0.170 %    72.648 ±  0.348 %    35.599 ±  0.257 %
   2      15.8758 ±    0.2591       0.28370 ±    0.00532       0.32017 ±    0.00229    14.103 ±  0.125 %    73.241 ±  0.245 %    37.311 ±  0.186 %
   3      17.3627 ±    0.2332       0.28941 ±    0.00438       0.32953 ±    0.00190    14.024 ±  0.101 %    72.526 ±  0.201 %    35.752 ±  0.149 %
   4      16.7253 ±    0.1944       0.28493 ±    0.00382       0.33167 ±    0.00171    14.134 ±  0.088 %    72.728 ±  0.174 %    36.514 ±  0.130 %
   5      15.8493 ±    0.1633       0.28066 ±    0.00339       0.32716 ±    0.00154    14.047 ±  0.078 %    73.156 ±  0.155 %    37.104 ±  0.117 %

====== Perplexity statistics ======
Mean PPL(Q)                   :  15.849302 ±   0.163307
Mean PPL(base)                :  11.970705 ±   0.119397
Cor(ln(PPL(Q)), ln(PPL(base))):  94.48%
Mean ln(PPL(Q)/PPL(base))     :   0.280663 ±   0.003385
Mean PPL(Q)/PPL(base)         :   1.324007 ±   0.004482
Mean PPL(Q)-PPL(base)         :   3.878596 ±   0.063889

====== KL divergence statistics ======
Mean    KLD:   0.327162 ±   0.001540
Maximum KLD:  14.762609
99.9%   KLD:   4.567117
99.0%   KLD:   2.025065
95.0%   KLD:   1.009830
90.0%   KLD:   0.711416
Median  KLD:   0.219548
10.0%   KLD:   0.009895
 5.0%   KLD:   0.001828
 1.0%   KLD:   0.000173
 0.1%   KLD:   0.000029
Minimum KLD:   0.000004

====== Token probability statistics ======
Mean    Δp: -4.483 ± 0.047 %
Maximum Δp: 90.280%
99.9%   Δp: 51.800%
99.0%   Δp: 26.175%
95.0%   Δp: 10.466%
90.0%   Δp:  4.480%
75.0%   Δp:  0.119%
Median  Δp: -0.511%
25.0%   Δp: -7.226%
10.0%   Δp: -19.946%
 5.0%   Δp: -29.476%
 1.0%   Δp: -54.375%
 0.1%   Δp: -88.203%
Minimum Δp: -99.930%
RMS Δp    : 14.047 ± 0.078 %
Same top p: 73.156 ± 0.155 %
Same sampled p: 37.104 ± 0.117 %

# llama-perplexity: version: 0.4.7-dev (build 11840, commit a740376d8-dirty) | built with GNU 15.3.0 for Linux x86_64
# model: /home/crusaderky/.cache/huggingface/hub/models--Abiray--MiniCPM5-2B-heretic-abliterated-GGUF/snapshots/c153cc60bed0471d7d26feb02f999a887851a81b/MiniCPM5-2B-heretic-abliterated-Q3_K_M.gguf size=1291422624 mtime=2026-09-15T07:15:09+00:00 sha256/1048576B=b89fbc4f165c548a5ff8add090027133974656c16fc071096e6636fddb9e7638
------------------------------
# llama-perplexity: version: 0.4.7-dev (build 11840, commit a740376d8-dirty) | built with GNU 15.3.0 for Linux x86_64
# model: <unresolved>
llama-perplexity --kl-divergence-base /tmp/logits.dat --ctx-size 32768 -f sample-data/wiki.test.head-2.4k.raw -fa on --hf-repo mradermacher/MiniCPM5-2B-i1-GGUF:i1-Q5_K_S --cache-type-k f16 --cache-type-v f16 --kl-divergence
1.34.584.575 I cmn          init: llama threadpool init, n_threads = 16
1.34.629.635 I 
1.34.629.712 I system_info: n_threads = 16 (n_threads_batch = 16) / 32 | CUDA : ARCHS = 750,800,860,890,900,1000,1030,1200,1210 | USE_GRAPHS = 1 | FA_ALL_QUANTS = 1 | CPU : SSE3 = 1 | SSSE3 = 1 | AVX = 1 | AVX2 = 1 | F16C = 1 | FMA = 1 | BMI2 = 1 | LLAMAFILE = 1 | OPENMP = 1 | REPACK = 1 | 
1.34.939.944 I kl_divergence: computing over 5 chunks, n_ctx=32768, batch_size=2048, n_seq=1
1.42.905.784 I kl_divergence: 7.97 seconds per pass - ETA 0.65 minutes

chunk             PPL               ln(PPL(Q)/PPL(base))          KL Divergence              Δp RMS            Same top p        Same sampled p
   1      13.0424 ±    0.2891       0.02066 ±    0.00194       0.02278 ±    0.00026     3.618 ±  0.066 %    91.723 ±  0.215 %    40.519 ±  0.258 %
   2      12.1819 ±    0.1926       0.01886 ±    0.00145       0.02465 ±    0.00031     3.866 ±  0.053 %    91.702 ±  0.152 %    42.285 ±  0.186 %
   3      13.2787 ±    0.1732       0.02125 ±    0.00120       0.02550 ±    0.00023     3.862 ±  0.043 %    91.597 ±  0.125 %    40.713 ±  0.150 %
   4      12.8531 ±    0.1453       0.02159 ±    0.00106       0.02624 ±    0.00023     3.949 ±  0.040 %    91.564 ±  0.109 %    41.523 ±  0.131 %
   5      12.2234 ±    0.1223       0.02089 ±    0.00095       0.02602 ±    0.00026     3.919 ±  0.035 %    91.772 ±  0.096 %    42.083 ±  0.117 %

====== Perplexity statistics ======
Mean PPL(Q)                   :  12.223371 ±   0.122296
Mean PPL(base)                :  11.970705 ±   0.119397
Cor(ln(PPL(Q)), ln(PPL(base))):  99.55%
Mean ln(PPL(Q)/PPL(base))     :   0.020887 ±   0.000947
Mean PPL(Q)/PPL(base)         :   1.021107 ±   0.000967
Mean PPL(Q)-PPL(base)         :   0.252666 ±   0.011807

====== KL divergence statistics ======
Mean    KLD:   0.026023 ±   0.000259
Maximum KLD:  10.001250
99.9%   KLD:   0.506313
99.0%   KLD:   0.179906
95.0%   KLD:   0.079592
90.0%   KLD:   0.054375
Median  KLD:   0.015916
10.0%   KLD:   0.000521
 5.0%   KLD:   0.000106
 1.0%   KLD:   0.000011
 0.1%   KLD:   0.000000
Minimum KLD:  -0.000035

====== Token probability statistics ======
Mean    Δp: -0.299 ± 0.014 %
Maximum Δp: 85.860%
99.9%   Δp: 22.377%
99.0%   Δp: 10.842%
95.0%   Δp:  5.042%
90.0%   Δp:  2.823%
75.0%   Δp:  0.430%
Median  Δp: -0.004%
25.0%   Δp: -0.876%
10.0%   Δp: -3.800%
 5.0%   Δp: -6.427%
 1.0%   Δp: -13.156%
 0.1%   Δp: -26.267%
Minimum Δp: -75.142%
RMS Δp    :  3.919 ± 0.035 %
Same top p: 91.772 ± 0.096 %
Same sampled p: 42.083 ± 0.117 %

# llama-perplexity: version: 0.4.7-dev (build 11840, commit a740376d8-dirty) | built with GNU 15.3.0 for Linux x86_64
# model: /home/crusaderky/.cache/huggingface/hub/models--mradermacher--MiniCPM5-2B-i1-GGUF/snapshots/feaa62932d8a59abb003f023eeb4db85219bd1e9/MiniCPM5-2B.i1-Q5_K_S.gguf size=1771507328 mtime=2026-09-15T07:17:23+00:00 sha256/1048576B=2b8e3fecd9b6cee236190859b1d99f96319e056f5f40b6de9f53ae99dd7a4c88
------------------------------
# llama-perplexity: version: 0.4.7-dev (build 11840, commit a740376d8-dirty) | built with GNU 15.3.0 for Linux x86_64
# model: /home/crusaderky/.cache/huggingface/hub/models--bartowski--MiniCPM5-2B-GGUF/snapshots/31fee0334c4ed9f1e079afe586ba30cb83e0f883/MiniCPM5-2B-Q6_K.gguf size=2107305184 mtime=2026-09-14T18:13:41+00:00 sha256/1048576B=7696d4515c9f04f092e9933de7be053bdacb6f5c865cd2e98cd7ca68d6d7f395
llama-perplexity --kl-divergence-base /tmp/logits.dat --ctx-size 32768 -f sample-data/wiki.test.head-2.4k.raw -fa on --hf-repo bartowski/MiniCPM5-2B-GGUF:Q6_K --cache-type-k q8_0 --cache-type-v q8_0 --kl-divergence
0.01.629.958 I cmn          init: llama threadpool init, n_threads = 16
0.01.687.152 I 
0.01.687.228 I system_info: n_threads = 16 (n_threads_batch = 16) / 32 | CUDA : ARCHS = 750,800,860,890,900,1000,1030,1200,1210 | USE_GRAPHS = 1 | FA_ALL_QUANTS = 1 | CPU : SSE3 = 1 | SSSE3 = 1 | AVX = 1 | AVX2 = 1 | F16C = 1 | FMA = 1 | BMI2 = 1 | LLAMAFILE = 1 | OPENMP = 1 | REPACK = 1 | 
0.01.967.339 I kl_divergence: computing over 5 chunks, n_ctx=32768, batch_size=2048, n_seq=1
0.10.267.153 I kl_divergence: 8.30 seconds per pass - ETA 0.68 minutes

chunk             PPL               ln(PPL(Q)/PPL(base))          KL Divergence              Δp RMS            Same top p        Same sampled p
   1      12.8274 ±    0.2831       0.00404 ±    0.00104       0.00592 ±    0.00007     1.842 ±  0.028 %    95.428 ±  0.163 %    40.726 ±  0.258 %
   2      11.9888 ±    0.1890       0.00288 ±    0.00077       0.00642 ±    0.00014     2.022 ±  0.045 %    95.608 ±  0.113 %    42.548 ±  0.186 %
   3      13.0379 ±    0.1697       0.00295 ±    0.00062       0.00653 ±    0.00010     1.971 ±  0.032 %    95.569 ±  0.093 %    41.006 ±  0.150 %
   4      12.6195 ±    0.1423       0.00325 ±    0.00054       0.00667 ±    0.00009     2.048 ±  0.038 %    95.598 ±  0.080 %    41.815 ±  0.131 %
   5      12.0104 ±    0.1199       0.00331 ±    0.00048       0.00669 ±    0.00008     2.054 ±  0.033 %    95.746 ±  0.071 %    42.378 ±  0.117 %

====== Perplexity statistics ======
Mean PPL(Q)                   :  12.010411 ±   0.119935
Mean PPL(base)                :  11.970705 ±   0.119397
Cor(ln(PPL(Q)), ln(PPL(base))):  99.88%
Mean ln(PPL(Q)/PPL(base))     :   0.003311 ±   0.000480
Mean PPL(Q)/PPL(base)         :   1.003317 ±   0.000482
Mean PPL(Q)-PPL(base)         :   0.039705 ±   0.005782

====== KL divergence statistics ======
Mean    KLD:   0.006688 ±   0.000080
Maximum KLD:   3.425627
99.9%   KLD:   0.151975
99.0%   KLD:   0.044489
95.0%   KLD:   0.019204
90.0%   KLD:   0.013210
Median  KLD:   0.004211
10.0%   KLD:   0.000134
 5.0%   KLD:   0.000024
 1.0%   KLD:   0.000002
 0.1%   KLD:  -0.000010
Minimum KLD:  -0.000070

====== Token probability statistics ======
Mean    Δp: -0.037 ± 0.007 %
Maximum Δp: 80.148%
99.9%   Δp: 11.798%
99.0%   Δp:  5.904%
95.0%   Δp:  2.862%
90.0%   Δp:  1.656%
75.0%   Δp:  0.315%
Median  Δp: -0.000%
25.0%   Δp: -0.357%
10.0%   Δp: -1.786%
 5.0%   Δp: -2.998%
 1.0%   Δp: -6.264%
 0.1%   Δp: -13.674%
Minimum Δp: -55.932%
RMS Δp    :  2.054 ± 0.033 %
Same top p: 95.746 ± 0.071 %
Same sampled p: 42.378 ± 0.117 %

------------------------------
# llama-perplexity: version: 0.4.7-dev (build 11840, commit a740376d8-dirty) | built with GNU 15.3.0 for Linux x86_64
# model: /home/crusaderky/.cache/huggingface/hub/models--bartowski--MiniCPM5-2B-GGUF/snapshots/31fee0334c4ed9f1e079afe586ba30cb83e0f883/MiniCPM5-2B-Q6_K.gguf size=2107305184 mtime=2026-09-14T18:13:41+00:00 sha256/1048576B=7696d4515c9f04f092e9933de7be053bdacb6f5c865cd2e98cd7ca68d6d7f395
llama-perplexity --kl-divergence-base /tmp/logits.dat --ctx-size 32768 -f sample-data/wiki.test.head-2.4k.raw -fa on --hf-repo bartowski/MiniCPM5-2B-GGUF:Q6_K --cache-type-k q8_0 --cache-type-v q6_0 --kl-divergence
0.01.588.357 I cmn          init: llama threadpool init, n_threads = 16
0.01.638.354 I 
0.01.638.421 I system_info: n_threads = 16 (n_threads_batch = 16) / 32 | CUDA : ARCHS = 750,800,860,890,900,1000,1030,1200,1210 | USE_GRAPHS = 1 | FA_ALL_QUANTS = 1 | CPU : SSE3 = 1 | SSSE3 = 1 | AVX = 1 | AVX2 = 1 | F16C = 1 | FMA = 1 | BMI2 = 1 | LLAMAFILE = 1 | OPENMP = 1 | REPACK = 1 | 
0.01.927.427 I kl_divergence: computing over 5 chunks, n_ctx=32768, batch_size=2048, n_seq=1
0.10.228.471 I kl_divergence: 8.30 seconds per pass - ETA 0.68 minutes

chunk             PPL               ln(PPL(Q)/PPL(base))          KL Divergence              Δp RMS            Same top p        Same sampled p
   1      12.8445 ±    0.2835       0.00537 ±    0.00104       0.00610 ±    0.00007     1.887 ±  0.030 %    95.446 ±  0.163 %    40.722 ±  0.258 %
   2      11.9996 ±    0.1892       0.00377 ±    0.00078       0.00664 ±    0.00011     2.078 ±  0.042 %    95.566 ±  0.114 %    42.539 ±  0.186 %
   3      13.0479 ±    0.1698       0.00372 ±    0.00063       0.00676 ±    0.00008     2.037 ±  0.030 %    95.479 ±  0.094 %    41.003 ±  0.150 %
   4      12.6252 ±    0.1424       0.00370 ±    0.00055       0.00695 ±    0.00010     2.111 ±  0.040 %    95.530 ±  0.081 %    41.814 ±  0.131 %
   5      12.0159 ±    0.1200       0.00377 ±    0.00049       0.00698 ±    0.00009     2.097 ±  0.033 %    95.660 ±  0.071 %    42.379 ±  0.117 %

====== Perplexity statistics ======
Mean PPL(Q)                   :  12.015919 ±   0.119995
Mean PPL(base)                :  11.970705 ±   0.119397
Cor(ln(PPL(Q)), ln(PPL(base))):  99.88%
Mean ln(PPL(Q)/PPL(base))     :   0.003770 ±   0.000491
Mean PPL(Q)/PPL(base)         :   1.003777 ±   0.000493
Mean PPL(Q)-PPL(base)         :   0.045213 ±   0.005914

====== KL divergence statistics ======
Mean    KLD:   0.006980 ±   0.000089
Maximum KLD:   4.248550
99.9%   KLD:   0.171075
99.0%   KLD:   0.046939
95.0%   KLD:   0.019936
90.0%   KLD:   0.013799
Median  KLD:   0.004356
10.0%   KLD:   0.000138
 5.0%   KLD:   0.000027
 1.0%   KLD:   0.000002
 0.1%   KLD:  -0.000009
Minimum KLD:  -0.000072

====== Token probability statistics ======
Mean    Δp: -0.039 ± 0.007 %
Maximum Δp: 78.571%
99.9%   Δp: 12.450%
99.0%   Δp:  6.044%
95.0%   Δp:  2.894%
90.0%   Δp:  1.678%
75.0%   Δp:  0.315%
Median  Δp: -0.000%
25.0%   Δp: -0.368%
10.0%   Δp: -1.790%
 5.0%   Δp: -3.082%
 1.0%   Δp: -6.424%
 0.1%   Δp: -13.638%
Minimum Δp: -53.671%
RMS Δp    :  2.097 ± 0.033 %
Same top p: 95.660 ± 0.071 %
Same sampled p: 42.379 ± 0.117 %

------------------------------
# llama-perplexity: version: 0.4.7-dev (build 11840, commit a740376d8-dirty) | built with GNU 15.3.0 for Linux x86_64
# model: /home/crusaderky/.cache/huggingface/hub/models--bartowski--MiniCPM5-2B-GGUF/snapshots/31fee0334c4ed9f1e079afe586ba30cb83e0f883/MiniCPM5-2B-Q6_K.gguf size=2107305184 mtime=2026-09-14T18:13:41+00:00 sha256/1048576B=7696d4515c9f04f092e9933de7be053bdacb6f5c865cd2e98cd7ca68d6d7f395
llama-perplexity --kl-divergence-base /tmp/logits.dat --ctx-size 32768 -f sample-data/wiki.test.head-2.4k.raw -fa on --hf-repo bartowski/MiniCPM5-2B-GGUF:Q6_K --cache-type-k q8_0 --cache-type-v q5_1 --kl-divergence
0.01.606.532 I cmn          init: llama threadpool init, n_threads = 16
0.01.656.538 I 
0.01.656.615 I system_info: n_threads = 16 (n_threads_batch = 16) / 32 | CUDA : ARCHS = 750,800,860,890,900,1000,1030,1200,1210 | USE_GRAPHS = 1 | FA_ALL_QUANTS = 1 | CPU : SSE3 = 1 | SSSE3 = 1 | AVX = 1 | AVX2 = 1 | F16C = 1 | FMA = 1 | BMI2 = 1 | LLAMAFILE = 1 | OPENMP = 1 | REPACK = 1 | 
0.01.942.770 I kl_divergence: computing over 5 chunks, n_ctx=32768, batch_size=2048, n_seq=1
0.10.240.136 I kl_divergence: 8.30 seconds per pass - ETA 0.68 minutes

chunk             PPL               ln(PPL(Q)/PPL(base))          KL Divergence              Δp RMS            Same top p        Same sampled p
   1      12.8347 ±    0.2833       0.00460 ±    0.00110       0.00665 ±    0.00008     1.960 ±  0.031 %    95.178 ±  0.167 %    40.702 ±  0.258 %
   2      11.9847 ±    0.1889       0.00253 ±    0.00081       0.00710 ±    0.00009     2.133 ±  0.044 %    95.306 ±  0.117 %    42.523 ±  0.186 %
   3      13.0349 ±    0.1696       0.00272 ±    0.00066       0.00726 ±    0.00007     2.104 ±  0.031 %    95.233 ±  0.096 %    40.982 ±  0.150 %
   4      12.6124 ±    0.1422       0.00269 ±    0.00057       0.00749 ±    0.00010     2.176 ±  0.036 %    95.257 ±  0.083 %    41.789 ±  0.131 %
   5      11.9980 ±    0.1197       0.00227 ±    0.00052       0.00760 ±    0.00011     2.197 ±  0.033 %    95.400 ±  0.073 %    42.348 ±  0.117 %

====== Perplexity statistics ======
Mean PPL(Q)                   :  11.997961 ±   0.119725
Mean PPL(base)                :  11.970705 ±   0.119397
Cor(ln(PPL(Q)), ln(PPL(base))):  99.87%
Mean ln(PPL(Q)/PPL(base))     :   0.002274 ±   0.000517
Mean PPL(Q)/PPL(base)         :   1.002277 ±   0.000518
Mean PPL(Q)-PPL(base)         :   0.027255 ±   0.006206

====== KL divergence statistics ======
Mean    KLD:   0.007601 ±   0.000110
Maximum KLD:   5.236761
99.9%   KLD:   0.175550
99.0%   KLD:   0.051719
95.0%   KLD:   0.021984
90.0%   KLD:   0.015010
Median  KLD:   0.004687
10.0%   KLD:   0.000151
 5.0%   KLD:   0.000029
 1.0%   KLD:   0.000002
 0.1%   KLD:  -0.000010
Minimum KLD:  -0.000082

====== Token probability statistics ======
Mean    Δp: -0.047 ± 0.008 %
Maximum Δp: 84.170%
99.9%   Δp: 13.036%
99.0%   Δp:  6.379%
95.0%   Δp:  3.003%
90.0%   Δp:  1.728%
75.0%   Δp:  0.324%
Median  Δp: -0.000%
25.0%   Δp: -0.387%
10.0%   Δp: -1.887%
 5.0%   Δp: -3.226%
 1.0%   Δp: -6.729%
 0.1%   Δp: -14.867%
Minimum Δp: -57.535%
RMS Δp    :  2.197 ± 0.033 %
Same top p: 95.400 ± 0.073 %
Same sampled p: 42.348 ± 0.117 %

------------------------------
# llama-perplexity: version: 0.4.7-dev (build 11840, commit a740376d8-dirty) | built with GNU 15.3.0 for Linux x86_64
# model: /home/crusaderky/.cache/huggingface/hub/models--bartowski--MiniCPM5-2B-GGUF/snapshots/31fee0334c4ed9f1e079afe586ba30cb83e0f883/MiniCPM5-2B-Q6_K.gguf size=2107305184 mtime=2026-09-14T18:13:41+00:00 sha256/1048576B=7696d4515c9f04f092e9933de7be053bdacb6f5c865cd2e98cd7ca68d6d7f395
llama-perplexity --kl-divergence-base /tmp/logits.dat --ctx-size 32768 -f sample-data/wiki.test.head-2.4k.raw -fa on --hf-repo bartowski/MiniCPM5-2B-GGUF:Q6_K --cache-type-k q8_0 --cache-type-v q5_0 --kl-divergence
0.01.592.918 I cmn          init: llama threadpool init, n_threads = 16
0.01.642.412 I 
0.01.642.487 I system_info: n_threads = 16 (n_threads_batch = 16) / 32 | CUDA : ARCHS = 750,800,860,890,900,1000,1030,1200,1210 | USE_GRAPHS = 1 | FA_ALL_QUANTS = 1 | CPU : SSE3 = 1 | SSSE3 = 1 | AVX = 1 | AVX2 = 1 | F16C = 1 | FMA = 1 | BMI2 = 1 | LLAMAFILE = 1 | OPENMP = 1 | REPACK = 1 | 
0.01.929.731 I kl_divergence: computing over 5 chunks, n_ctx=32768, batch_size=2048, n_seq=1
0.10.233.274 I kl_divergence: 8.30 seconds per pass - ETA 0.68 minutes

chunk             PPL               ln(PPL(Q)/PPL(base))          KL Divergence              Δp RMS            Same top p        Same sampled p
   1      12.8650 ±    0.2839       0.00697 ±    0.00113       0.00690 ±    0.00008     1.989 ±  0.032 %    95.245 ±  0.166 %    40.671 ±  0.258 %
   2      12.0160 ±    0.1895       0.00514 ±    0.00083       0.00743 ±    0.00011     2.176 ±  0.044 %    95.215 ±  0.118 %    42.511 ±  0.186 %
   3      13.0651 ±    0.1700       0.00503 ±    0.00067       0.00760 ±    0.00008     2.143 ±  0.032 %    95.194 ±  0.096 %    40.968 ±  0.150 %
   4      12.6414 ±    0.1425       0.00499 ±    0.00058       0.00776 ±    0.00007     2.205 ±  0.028 %    95.265 ±  0.083 %    41.783 ±  0.131 %
   5      12.0251 ±    0.1200       0.00453 ±    0.00052       0.00778 ±    0.00007     2.203 ±  0.025 %    95.426 ±  0.073 %    42.342 ±  0.117 %

====== Perplexity statistics ======
Mean PPL(Q)                   :  12.025069 ±   0.120039
Mean PPL(base)                :  11.970705 ±   0.119397
Cor(ln(PPL(Q)), ln(PPL(base))):  99.86%
Mean ln(PPL(Q)/PPL(base))     :   0.004531 ±   0.000524
Mean PPL(Q)/PPL(base)         :   1.004541 ±   0.000526
Mean PPL(Q)-PPL(base)         :   0.054363 ±   0.006320

====== KL divergence statistics ======
Mean    KLD:   0.007779 ±   0.000070
Maximum KLD:   1.995157
99.9%   KLD:   0.201670
99.0%   KLD:   0.053904
95.0%   KLD:   0.022693
90.0%   KLD:   0.015572
Median  KLD:   0.004867
10.0%   KLD:   0.000157
 5.0%   KLD:   0.000031
 1.0%   KLD:   0.000002
 0.1%   KLD:  -0.000011
Minimum KLD:  -0.000078

====== Token probability statistics ======
Mean    Δp: -0.075 ± 0.008 %
Maximum Δp: 58.421%
99.9%   Δp: 13.366%
99.0%   Δp:  6.227%
95.0%   Δp:  2.962%
90.0%   Δp:  1.710%
75.0%   Δp:  0.299%
Median  Δp: -0.001%
25.0%   Δp: -0.413%
10.0%   Δp: -1.929%
 5.0%   Δp: -3.286%
 1.0%   Δp: -6.853%
 0.1%   Δp: -15.132%
Minimum Δp: -55.651%
RMS Δp    :  2.203 ± 0.025 %
Same top p: 95.426 ± 0.073 %
Same sampled p: 42.342 ± 0.117 %

------------------------------
# llama-perplexity: version: 0.4.7-dev (build 11840, commit a740376d8-dirty) | built with GNU 15.3.0 for Linux x86_64
# model: /home/crusaderky/.cache/huggingface/hub/models--bartowski--MiniCPM5-2B-GGUF/snapshots/31fee0334c4ed9f1e079afe586ba30cb83e0f883/MiniCPM5-2B-Q6_K.gguf size=2107305184 mtime=2026-09-14T18:13:41+00:00 sha256/1048576B=7696d4515c9f04f092e9933de7be053bdacb6f5c865cd2e98cd7ca68d6d7f395
llama-perplexity --kl-divergence-base /tmp/logits.dat --ctx-size 32768 -f sample-data/wiki.test.head-2.4k.raw -fa on --hf-repo bartowski/MiniCPM5-2B-GGUF:Q6_K --cache-type-k q8_0 --cache-type-v q4_1 --kl-divergence
0.01.646.084 I cmn          init: llama threadpool init, n_threads = 16
0.01.695.872 I 
0.01.695.942 I system_info: n_threads = 16 (n_threads_batch = 16) / 32 | CUDA : ARCHS = 750,800,860,890,900,1000,1030,1200,1210 | USE_GRAPHS = 1 | FA_ALL_QUANTS = 1 | CPU : SSE3 = 1 | SSSE3 = 1 | AVX = 1 | AVX2 = 1 | F16C = 1 | FMA = 1 | BMI2 = 1 | LLAMAFILE = 1 | OPENMP = 1 | REPACK = 1 | 
0.01.994.509 I kl_divergence: computing over 5 chunks, n_ctx=32768, batch_size=2048, n_seq=1
0.10.309.498 I kl_divergence: 8.31 seconds per pass - ETA 0.68 minutes

chunk             PPL               ln(PPL(Q)/PPL(base))          KL Divergence              Δp RMS            Same top p        Same sampled p
   1      12.8753 ±    0.2844       0.00777 ±    0.00128       0.00918 ±    0.00012     2.351 ±  0.047 %    94.671 ±  0.175 %    40.676 ±  0.258 %
   2      12.0255 ±    0.1896       0.00593 ±    0.00095       0.01008 ±    0.00017     2.553 ±  0.048 %    94.580 ±  0.125 %    42.458 ±  0.186 %
   3      13.0728 ±    0.1701       0.00562 ±    0.00078       0.01038 ±    0.00013     2.492 ±  0.035 %    94.517 ±  0.103 %    40.912 ±  0.150 %
   4      12.6457 ±    0.1425       0.00533 ±    0.00068       0.01079 ±    0.00019     2.601 ±  0.044 %    94.593 ±  0.088 %    41.722 ±  0.131 %
   5      12.0368 ±    0.1201       0.00550 ±    0.00061       0.01070 ±    0.00016     2.591 ±  0.038 %    94.736 ±  0.078 %    42.290 ±  0.117 %

====== Perplexity statistics ======
Mean PPL(Q)                   :  12.036752 ±   0.120130
Mean PPL(base)                :  11.970705 ±   0.119397
Cor(ln(PPL(Q)), ln(PPL(base))):  99.82%
Mean ln(PPL(Q)/PPL(base))     :   0.005502 ±   0.000606
Mean PPL(Q)/PPL(base)         :   1.005517 ±   0.000609
Mean PPL(Q)-PPL(base)         :   0.066047 ±   0.007305

====== KL divergence statistics ======
Mean    KLD:   0.010698 ±   0.000156
Maximum KLD:   7.587971
99.9%   KLD:   0.269549
99.0%   KLD:   0.076693
95.0%   KLD:   0.031790
90.0%   KLD:   0.021310
Median  KLD:   0.006249
10.0%   KLD:   0.000220
 5.0%   KLD:   0.000043
 1.0%   KLD:   0.000004
 0.1%   KLD:  -0.000005
Minimum KLD:  -0.000073

====== Token probability statistics ======
Mean    Δp: -0.110 ± 0.009 %
Maximum Δp: 81.982%
99.9%   Δp: 15.465%
99.0%   Δp:  7.143%
95.0%   Δp:  3.392%
90.0%   Δp:  1.907%
75.0%   Δp:  0.338%
Median  Δp: -0.001%
25.0%   Δp: -0.487%
10.0%   Δp: -2.261%
 5.0%   Δp: -3.820%
 1.0%   Δp: -8.161%
 0.1%   Δp: -18.134%
Minimum Δp: -77.745%
RMS Δp    :  2.591 ± 0.038 %
Same top p: 94.736 ± 0.078 %
Same sampled p: 42.290 ± 0.117 %

------------------------------
# llama-perplexity: version: 0.4.7-dev (build 11840, commit a740376d8-dirty) | built with GNU 15.3.0 for Linux x86_64
# model: /home/crusaderky/.cache/huggingface/hub/models--bartowski--MiniCPM5-2B-GGUF/snapshots/31fee0334c4ed9f1e079afe586ba30cb83e0f883/MiniCPM5-2B-Q6_K.gguf size=2107305184 mtime=2026-09-14T18:13:41+00:00 sha256/1048576B=7696d4515c9f04f092e9933de7be053bdacb6f5c865cd2e98cd7ca68d6d7f395
llama-perplexity --kl-divergence-base /tmp/logits.dat --ctx-size 32768 -f sample-data/wiki.test.head-2.4k.raw -fa on --hf-repo bartowski/MiniCPM5-2B-GGUF:Q6_K --cache-type-k q8_0 --cache-type-v q4_0 --kl-divergence
0.01.601.429 I cmn          init: llama threadpool init, n_threads = 16
0.01.651.066 I 
0.01.651.141 I system_info: n_threads = 16 (n_threads_batch = 16) / 32 | CUDA : ARCHS = 750,800,860,890,900,1000,1030,1200,1210 | USE_GRAPHS = 1 | FA_ALL_QUANTS = 1 | CPU : SSE3 = 1 | SSSE3 = 1 | AVX = 1 | AVX2 = 1 | F16C = 1 | FMA = 1 | BMI2 = 1 | LLAMAFILE = 1 | OPENMP = 1 | REPACK = 1 | 
0.01.940.104 I kl_divergence: computing over 5 chunks, n_ctx=32768, batch_size=2048, n_seq=1
0.10.229.081 I kl_divergence: 8.29 seconds per pass - ETA 0.68 minutes

chunk             PPL               ln(PPL(Q)/PPL(base))          KL Divergence              Δp RMS            Same top p        Same sampled p
   1      12.8465 ±    0.2832       0.00552 ±    0.00133       0.00993 ±    0.00012     2.440 ±  0.044 %    94.226 ±  0.182 %    40.570 ±  0.258 %
   2      12.0195 ±    0.1893       0.00543 ±    0.00098       0.01078 ±    0.00013     2.622 ±  0.042 %    94.320 ±  0.128 %    42.397 ±  0.186 %
   3      13.0582 ±    0.1697       0.00450 ±    0.00080       0.01104 ±    0.00012     2.565 ±  0.032 %    94.285 ±  0.105 %    40.843 ±  0.150 %
   4      12.6363 ±    0.1422       0.00458 ±    0.00070       0.01153 ±    0.00022     2.647 ±  0.039 %    94.302 ±  0.091 %    41.645 ±  0.131 %
   5      12.0294 ±    0.1199       0.00489 ±    0.00063       0.01155 ±    0.00019     2.673 ±  0.039 %    94.464 ±  0.080 %    42.212 ±  0.117 %

====== Perplexity statistics ======
Mean PPL(Q)                   :  12.029397 ±   0.119929
Mean PPL(base)                :  11.970705 ±   0.119397
Cor(ln(PPL(Q)), ln(PPL(base))):  99.80%
Mean ln(PPL(Q)/PPL(base))     :   0.004891 ±   0.000628
Mean PPL(Q)/PPL(base)         :   1.004903 ±   0.000631
Mean PPL(Q)-PPL(base)         :   0.058691 ±   0.007558

====== KL divergence statistics ======
Mean    KLD:   0.011548 ±   0.000190
Maximum KLD:  10.649229
99.9%   KLD:   0.300626
99.0%   KLD:   0.086162
95.0%   KLD:   0.034430
90.0%   KLD:   0.022896
Median  KLD:   0.006589
10.0%   KLD:   0.000242
 5.0%   KLD:   0.000049
 1.0%   KLD:   0.000005
 0.1%   KLD:  -0.000003
Minimum KLD:  -0.000076

====== Token probability statistics ======
Mean    Δp: -0.168 ± 0.009 %
Maximum Δp: 85.355%
99.9%   Δp: 16.013%
99.0%   Δp:  7.363%
95.0%   Δp:  3.320%
90.0%   Δp:  1.843%
75.0%   Δp:  0.292%
Median  Δp: -0.003%
25.0%   Δp: -0.556%
10.0%   Δp: -2.416%
 5.0%   Δp: -4.039%
 1.0%   Δp: -8.471%
 0.1%   Δp: -18.157%
Minimum Δp: -93.683%
RMS Δp    :  2.673 ± 0.039 %
Same top p: 94.464 ± 0.080 %
Same sampled p: 42.212 ± 0.117 %

------------------------------
# llama-perplexity: version: 0.4.7-dev (build 11840, commit a740376d8-dirty) | built with GNU 15.3.0 for Linux x86_64
# model: /home/crusaderky/.cache/huggingface/hub/models--bartowski--MiniCPM5-2B-GGUF/snapshots/31fee0334c4ed9f1e079afe586ba30cb83e0f883/MiniCPM5-2B-Q6_K.gguf size=2107305184 mtime=2026-09-14T18:13:41+00:00 sha256/1048576B=7696d4515c9f04f092e9933de7be053bdacb6f5c865cd2e98cd7ca68d6d7f395
llama-perplexity --kl-divergence-base /tmp/logits.dat --ctx-size 32768 -f sample-data/wiki.test.head-2.4k.raw -fa on --hf-repo bartowski/MiniCPM5-2B-GGUF:Q6_K --cache-type-k q8_0 --cache-type-v q3_1 --kl-divergence
0.01.574.374 I cmn          init: llama threadpool init, n_threads = 16
0.01.622.489 I 
0.01.622.557 I system_info: n_threads = 16 (n_threads_batch = 16) / 32 | CUDA : ARCHS = 750,800,860,890,900,1000,1030,1200,1210 | USE_GRAPHS = 1 | FA_ALL_QUANTS = 1 | CPU : SSE3 = 1 | SSSE3 = 1 | AVX = 1 | AVX2 = 1 | F16C = 1 | FMA = 1 | BMI2 = 1 | LLAMAFILE = 1 | OPENMP = 1 | REPACK = 1 | 
0.01.902.735 I kl_divergence: computing over 5 chunks, n_ctx=32768, batch_size=2048, n_seq=1
0.10.221.369 I kl_divergence: 8.32 seconds per pass - ETA 0.68 minutes

chunk             PPL               ln(PPL(Q)/PPL(base))          KL Divergence              Δp RMS            Same top p        Same sampled p
   1      12.9492 ±    0.2850       0.01349 ±    0.00195       0.02122 ±    0.00029     3.543 ±  0.065 %    92.260 ±  0.209 %    40.320 ±  0.258 %
   2      12.0914 ±    0.1901       0.01140 ±    0.00144       0.02279 ±    0.00024     3.763 ±  0.055 %    92.422 ±  0.146 %    42.143 ±  0.186 %
   3      13.1492 ±    0.1706       0.01145 ±    0.00118       0.02359 ±    0.00021     3.741 ±  0.045 %    92.142 ±  0.121 %    40.597 ±  0.150 %
   4      12.7326 ±    0.1432       0.01217 ±    0.00103       0.02425 ±    0.00022     3.866 ±  0.045 %    92.132 ±  0.105 %    41.388 ±  0.131 %
   5      12.1194 ±    0.1207       0.01235 ±    0.00092       0.02416 ±    0.00023     3.871 ±  0.040 %    92.364 ±  0.093 %    41.946 ±  0.117 %

====== Perplexity statistics ======
Mean PPL(Q)                   :  12.119416 ±   0.120683
Mean PPL(base)                :  11.970705 ±   0.119397
Cor(ln(PPL(Q)), ln(PPL(base))):  99.57%
Mean ln(PPL(Q)/PPL(base))     :   0.012346 ±   0.000921
Mean PPL(Q)/PPL(base)         :   1.012423 ±   0.000933
Mean PPL(Q)-PPL(base)         :   0.148710 ±   0.011171

====== KL divergence statistics ======
Mean    KLD:   0.024157 ±   0.000228
Maximum KLD:   9.429403
99.9%   KLD:   0.580274
99.0%   KLD:   0.185668
95.0%   KLD:   0.076336
90.0%   KLD:   0.050553
Median  KLD:   0.013591
10.0%   KLD:   0.000571
 5.0%   KLD:   0.000121
 1.0%   KLD:   0.000014
 0.1%   KLD:   0.000001
Minimum KLD:  -0.000032

====== Token probability statistics ======
Mean    Δp: -0.372 ± 0.013 %
Maximum Δp: 86.583%
99.9%   Δp: 22.379%
99.0%   Δp: 10.394%
95.0%   Δp:  4.481%
90.0%   Δp:  2.449%
75.0%   Δp:  0.353%
Median  Δp: -0.010%
25.0%   Δp: -0.925%
10.0%   Δp: -3.662%
 5.0%   Δp: -6.149%
 1.0%   Δp: -13.001%
 0.1%   Δp: -28.312%
Minimum Δp: -84.504%
RMS Δp    :  3.871 ± 0.040 %
Same top p: 92.364 ± 0.093 %
Same sampled p: 41.946 ± 0.117 %

------------------------------
# llama-perplexity: version: 0.4.7-dev (build 11840, commit a740376d8-dirty) | built with GNU 15.3.0 for Linux x86_64
# model: /home/crusaderky/.cache/huggingface/hub/models--bartowski--MiniCPM5-2B-GGUF/snapshots/31fee0334c4ed9f1e079afe586ba30cb83e0f883/MiniCPM5-2B-Q6_K.gguf size=2107305184 mtime=2026-09-14T18:13:41+00:00 sha256/1048576B=7696d4515c9f04f092e9933de7be053bdacb6f5c865cd2e98cd7ca68d6d7f395
llama-perplexity --kl-divergence-base /tmp/logits.dat --ctx-size 32768 -f sample-data/wiki.test.head-2.4k.raw -fa on --hf-repo bartowski/MiniCPM5-2B-GGUF:Q6_K --cache-type-k q8_0 --cache-type-v q3_0 --kl-divergence
0.01.567.593 I cmn          init: llama threadpool init, n_threads = 16
0.01.616.692 I 
0.01.616.768 I system_info: n_threads = 16 (n_threads_batch = 16) / 32 | CUDA : ARCHS = 750,800,860,890,900,1000,1030,1200,1210 | USE_GRAPHS = 1 | FA_ALL_QUANTS = 1 | CPU : SSE3 = 1 | SSSE3 = 1 | AVX = 1 | AVX2 = 1 | F16C = 1 | FMA = 1 | BMI2 = 1 | LLAMAFILE = 1 | OPENMP = 1 | REPACK = 1 | 
0.01.902.314 I kl_divergence: computing over 5 chunks, n_ctx=32768, batch_size=2048, n_seq=1
0.10.231.746 I kl_divergence: 8.33 seconds per pass - ETA 0.68 minutes

chunk             PPL               ln(PPL(Q)/PPL(base))          KL Divergence              Δp RMS            Same top p        Same sampled p
   1      13.0363 ±    0.2882       0.02019 ±    0.00204       0.02311 ±    0.00033     3.709 ±  0.070 %    91.906 ±  0.213 %    40.370 ±  0.258 %
   2      12.1652 ±    0.1920       0.01748 ±    0.00148       0.02473 ±    0.00029     3.937 ±  0.065 %    92.016 ±  0.150 %    42.177 ±  0.186 %
   3      13.2250 ±    0.1723       0.01720 ±    0.00123       0.02549 ±    0.00024     3.885 ±  0.049 %    91.731 ±  0.124 %    40.656 ±  0.150 %
   4      12.8102 ±    0.1446       0.01825 ±    0.00108       0.02652 ±    0.00027     4.035 ±  0.046 %    91.767 ±  0.107 %    41.441 ±  0.131 %
   5      12.1743 ±    0.1216       0.01687 ±    0.00097       0.02641 ±    0.00030     4.040 ±  0.042 %    92.000 ±  0.095 %    41.984 ±  0.117 %

====== Perplexity statistics ======
Mean PPL(Q)                   :  12.174309 ±   0.121637
Mean PPL(base)                :  11.970705 ±   0.119397
Cor(ln(PPL(Q)), ln(PPL(base))):  99.53%
Mean ln(PPL(Q)/PPL(base))     :   0.016865 ±   0.000965
Mean PPL(Q)/PPL(base)         :   1.017008 ±   0.000982
Mean PPL(Q)-PPL(base)         :   0.203604 ±   0.011866

====== KL divergence statistics ======
Mean    KLD:   0.026412 ±   0.000300
Maximum KLD:  10.730068
99.9%   KLD:   0.640250
99.0%   KLD:   0.201053
95.0%   KLD:   0.083368
90.0%   KLD:   0.054763
Median  KLD:   0.014434
10.0%   KLD:   0.000570
 5.0%   KLD:   0.000119
 1.0%   KLD:   0.000013
 0.1%   KLD:   0.000001
Minimum KLD:  -0.000060

====== Token probability statistics ======
Mean    Δp: -0.332 ± 0.014 %
Maximum Δp: 83.362%
99.9%   Δp: 24.065%
99.0%   Δp: 10.774%
95.0%   Δp:  4.803%
90.0%   Δp:  2.621%
75.0%   Δp:  0.399%
Median  Δp: -0.007%
25.0%   Δp: -0.872%
10.0%   Δp: -3.737%
 5.0%   Δp: -6.295%
 1.0%   Δp: -13.610%
 0.1%   Δp: -29.299%
Minimum Δp: -90.053%
RMS Δp    :  4.040 ± 0.042 %
Same top p: 92.000 ± 0.095 %
Same sampled p: 41.984 ± 0.117 %

------------------------------
# llama-perplexity: version: 0.4.7-dev (build 11840, commit a740376d8-dirty) | built with GNU 15.3.0 for Linux x86_64
# model: /home/crusaderky/.cache/huggingface/hub/models--bartowski--MiniCPM5-2B-GGUF/snapshots/31fee0334c4ed9f1e079afe586ba30cb83e0f883/MiniCPM5-2B-Q6_K.gguf size=2107305184 mtime=2026-09-14T18:13:41+00:00 sha256/1048576B=7696d4515c9f04f092e9933de7be053bdacb6f5c865cd2e98cd7ca68d6d7f395
llama-perplexity --kl-divergence-base /tmp/logits.dat --ctx-size 32768 -f sample-data/wiki.test.head-2.4k.raw -fa on --hf-repo bartowski/MiniCPM5-2B-GGUF:Q6_K --cache-type-k q6_0 --cache-type-v q6_0 --kl-divergence
0.01.591.125 I cmn          init: llama threadpool init, n_threads = 16
0.01.640.440 I 
0.01.640.512 I system_info: n_threads = 16 (n_threads_batch = 16) / 32 | CUDA : ARCHS = 750,800,860,890,900,1000,1030,1200,1210 | USE_GRAPHS = 1 | FA_ALL_QUANTS = 1 | CPU : SSE3 = 1 | SSSE3 = 1 | AVX = 1 | AVX2 = 1 | F16C = 1 | FMA = 1 | BMI2 = 1 | LLAMAFILE = 1 | OPENMP = 1 | REPACK = 1 | 
0.01.929.258 I kl_divergence: computing over 5 chunks, n_ctx=32768, batch_size=2048, n_seq=1
0.10.281.855 I kl_divergence: 8.35 seconds per pass - ETA 0.68 minutes

chunk             PPL               ln(PPL(Q)/PPL(base))          KL Divergence              Δp RMS            Same top p        Same sampled p
   1      12.8307 ±    0.2831       0.00430 ±    0.00113       0.00752 ±    0.00010     2.152 ±  0.043 %    95.025 ±  0.170 %    40.689 ±  0.258 %
   2      11.9975 ±    0.1891       0.00360 ±    0.00086       0.00827 ±    0.00016     2.319 ±  0.042 %    95.056 ±  0.120 %    42.511 ±  0.186 %
   3      13.0470 ±    0.1698       0.00365 ±    0.00070       0.00836 ±    0.00012     2.258 ±  0.031 %    94.981 ±  0.098 %    40.972 ±  0.150 %
   4      12.6286 ±    0.1424       0.00397 ±    0.00061       0.00865 ±    0.00014     2.339 ±  0.040 %    95.001 ±  0.085 %    41.786 ±  0.131 %
   5      12.0166 ±    0.1200       0.00383 ±    0.00055       0.00862 ±    0.00012     2.341 ±  0.034 %    95.156 ±  0.075 %    42.347 ±  0.117 %

====== Perplexity statistics ======
Mean PPL(Q)                   :  12.016626 ±   0.119985
Mean PPL(base)                :  11.970705 ±   0.119397
Cor(ln(PPL(Q)), ln(PPL(base))):  99.85%
Mean ln(PPL(Q)/PPL(base))     :   0.003829 ±   0.000545
Mean PPL(Q)/PPL(base)         :   1.003836 ±   0.000548
Mean PPL(Q)-PPL(base)         :   0.045921 ±   0.006567

====== KL divergence statistics ======
Mean    KLD:   0.008623 ±   0.000115
Maximum KLD:   5.513830
99.9%   KLD:   0.233386
99.0%   KLD:   0.060582
95.0%   KLD:   0.025238
90.0%   KLD:   0.016999
Median  KLD:   0.005099
10.0%   KLD:   0.000168
 5.0%   KLD:   0.000034
 1.0%   KLD:   0.000002
 0.1%   KLD:  -0.000008
Minimum KLD:  -0.000065

====== Token probability statistics ======
Mean    Δp: -0.053 ± 0.008 %
Maximum Δp: 85.952%
99.9%   Δp: 13.944%
99.0%   Δp:  6.704%
95.0%   Δp:  3.134%
90.0%   Δp:  1.815%
75.0%   Δp:  0.333%
Median  Δp: -0.000%
25.0%   Δp: -0.407%
10.0%   Δp: -1.976%
 5.0%   Δp: -3.363%
 1.0%   Δp: -7.052%
 0.1%   Δp: -15.534%
Minimum Δp: -58.346%
RMS Δp    :  2.341 ± 0.034 %
Same top p: 95.156 ± 0.075 %
Same sampled p: 42.347 ± 0.117 %

------------------------------
# llama-perplexity: version: 0.4.7-dev (build 11840, commit a740376d8-dirty) | built with GNU 15.3.0 for Linux x86_64
# model: /home/crusaderky/.cache/huggingface/hub/models--bartowski--MiniCPM5-2B-GGUF/snapshots/31fee0334c4ed9f1e079afe586ba30cb83e0f883/MiniCPM5-2B-Q6_K.gguf size=2107305184 mtime=2026-09-14T18:13:41+00:00 sha256/1048576B=7696d4515c9f04f092e9933de7be053bdacb6f5c865cd2e98cd7ca68d6d7f395
llama-perplexity --kl-divergence-base /tmp/logits.dat --ctx-size 32768 -f sample-data/wiki.test.head-2.4k.raw -fa on --hf-repo bartowski/MiniCPM5-2B-GGUF:Q6_K --cache-type-k q6_0 --cache-type-v q5_1 --kl-divergence
0.01.559.983 I cmn          init: llama threadpool init, n_threads = 16
0.01.609.407 I 
0.01.609.476 I system_info: n_threads = 16 (n_threads_batch = 16) / 32 | CUDA : ARCHS = 750,800,860,890,900,1000,1030,1200,1210 | USE_GRAPHS = 1 | FA_ALL_QUANTS = 1 | CPU : SSE3 = 1 | SSSE3 = 1 | AVX = 1 | AVX2 = 1 | F16C = 1 | FMA = 1 | BMI2 = 1 | LLAMAFILE = 1 | OPENMP = 1 | REPACK = 1 | 
0.01.892.327 I kl_divergence: computing over 5 chunks, n_ctx=32768, batch_size=2048, n_seq=1
0.10.241.747 I kl_divergence: 8.35 seconds per pass - ETA 0.68 minutes

chunk             PPL               ln(PPL(Q)/PPL(base))          KL Divergence              Δp RMS            Same top p        Same sampled p
   1      12.8414 ±    0.2833       0.00513 ±    0.00118       0.00800 ±    0.00009     2.201 ±  0.043 %    95.019 ±  0.170 %    40.657 ±  0.258 %
   2      11.9941 ±    0.1890       0.00332 ±    0.00087       0.00859 ±    0.00014     2.336 ±  0.038 %    95.047 ±  0.120 %    42.484 ±  0.186 %
   3      13.0471 ±    0.1697       0.00365 ±    0.00071       0.00884 ±    0.00011     2.306 ±  0.029 %    94.934 ±  0.099 %    40.940 ±  0.150 %
   4      12.6244 ±    0.1423       0.00364 ±    0.00062       0.00917 ±    0.00014     2.392 ±  0.038 %    94.970 ±  0.085 %    41.747 ±  0.131 %
   5      12.0116 ±    0.1199       0.00341 ±    0.00056       0.00922 ±    0.00013     2.379 ±  0.032 %    95.078 ±  0.076 %    42.311 ±  0.117 %

====== Perplexity statistics ======
Mean PPL(Q)                   :  12.011569 ±   0.119860
Mean PPL(base)                :  11.970705 ±   0.119397
Cor(ln(PPL(Q)), ln(PPL(base))):  99.84%
Mean ln(PPL(Q)/PPL(base))     :   0.003408 ±   0.000564
Mean PPL(Q)/PPL(base)         :   1.003414 ±   0.000566
Mean PPL(Q)-PPL(base)         :   0.040864 ±   0.006778

====== KL divergence statistics ======
Mean    KLD:   0.009220 ±   0.000132
Maximum KLD:   5.941271
99.9%   KLD:   0.241711
99.0%   KLD:   0.064689
95.0%   KLD:   0.026997
90.0%   KLD:   0.018167
Median  KLD:   0.005411
10.0%   KLD:   0.000189
 5.0%   KLD:   0.000037
 1.0%   KLD:   0.000003
 0.1%   KLD:  -0.000008
Minimum KLD:  -0.000060

====== Token probability statistics ======
Mean    Δp: -0.075 ± 0.008 %
Maximum Δp: 83.573%
99.9%   Δp: 14.198%
99.0%   Δp:  6.798%
95.0%   Δp:  3.169%
90.0%   Δp:  1.817%
75.0%   Δp:  0.328%
Median  Δp: -0.001%
25.0%   Δp: -0.437%
10.0%   Δp: -2.071%
 5.0%   Δp: -3.508%
 1.0%   Δp: -7.351%
 0.1%   Δp: -16.203%
Minimum Δp: -51.621%
RMS Δp    :  2.379 ± 0.032 %
Same top p: 95.078 ± 0.076 %
Same sampled p: 42.311 ± 0.117 %

------------------------------
# llama-perplexity: version: 0.4.7-dev (build 11840, commit a740376d8-dirty) | built with GNU 15.3.0 for Linux x86_64
# model: /home/crusaderky/.cache/huggingface/hub/models--bartowski--MiniCPM5-2B-GGUF/snapshots/31fee0334c4ed9f1e079afe586ba30cb83e0f883/MiniCPM5-2B-Q6_K.gguf size=2107305184 mtime=2026-09-14T18:13:41+00:00 sha256/1048576B=7696d4515c9f04f092e9933de7be053bdacb6f5c865cd2e98cd7ca68d6d7f395
llama-perplexity --kl-divergence-base /tmp/logits.dat --ctx-size 32768 -f sample-data/wiki.test.head-2.4k.raw -fa on --hf-repo bartowski/MiniCPM5-2B-GGUF:Q6_K --cache-type-k q6_0 --cache-type-v q5_0 --kl-divergence
0.01.601.360 I cmn          init: llama threadpool init, n_threads = 16
0.01.651.019 I 
0.01.651.098 I system_info: n_threads = 16 (n_threads_batch = 16) / 32 | CUDA : ARCHS = 750,800,860,890,900,1000,1030,1200,1210 | USE_GRAPHS = 1 | FA_ALL_QUANTS = 1 | CPU : SSE3 = 1 | SSSE3 = 1 | AVX = 1 | AVX2 = 1 | F16C = 1 | FMA = 1 | BMI2 = 1 | LLAMAFILE = 1 | OPENMP = 1 | REPACK = 1 | 
0.01.938.412 I kl_divergence: computing over 5 chunks, n_ctx=32768, batch_size=2048, n_seq=1
0.10.318.729 I kl_divergence: 8.38 seconds per pass - ETA 0.68 minutes

chunk             PPL               ln(PPL(Q)/PPL(base))          KL Divergence              Δp RMS            Same top p        Same sampled p
   1      12.8468 ±    0.2833       0.00555 ±    0.00120       0.00830 ±    0.00010     2.215 ±  0.039 %    94.836 ±  0.173 %    40.655 ±  0.258 %
   2      12.0098 ±    0.1893       0.00463 ±    0.00089       0.00879 ±    0.00011     2.361 ±  0.035 %    94.928 ±  0.121 %    42.489 ±  0.186 %
   3      13.0544 ±    0.1698       0.00422 ±    0.00073       0.00902 ±    0.00008     2.326 ±  0.028 %    94.763 ±  0.100 %    40.944 ±  0.150 %
   4      12.6386 ±    0.1425       0.00476 ±    0.00066       0.00950 ±    0.00020     2.409 ±  0.039 %    94.819 ±  0.087 %    41.756 ±  0.131 %
   5      12.0248 ±    0.1200       0.00451 ±    0.00059       0.00950 ±    0.00017     2.413 ±  0.033 %    94.955 ±  0.076 %    42.311 ±  0.117 %

====== Perplexity statistics ======
Mean PPL(Q)                   :  12.024825 ±   0.119996
Mean PPL(base)                :  11.970705 ±   0.119397
Cor(ln(PPL(Q)), ln(PPL(base))):  99.83%
Mean ln(PPL(Q)/PPL(base))     :   0.004511 ±   0.000587
Mean PPL(Q)/PPL(base)         :   1.004521 ±   0.000589
Mean PPL(Q)-PPL(base)         :   0.054120 ±   0.007064

====== KL divergence statistics ======
Mean    KLD:   0.009501 ±   0.000170
Maximum KLD:   8.807908
99.9%   KLD:   0.235278
99.0%   KLD:   0.068034
95.0%   KLD:   0.028096
90.0%   KLD:   0.018829
Median  KLD:   0.005618
10.0%   KLD:   0.000189
 5.0%   KLD:   0.000038
 1.0%   KLD:   0.000003
 0.1%   KLD:  -0.000005
Minimum KLD:  -0.000074

====== Token probability statistics ======
Mean    Δp: -0.087 ± 0.008 %
Maximum Δp: 86.437%
99.9%   Δp: 14.759%
99.0%   Δp:  6.828%
95.0%   Δp:  3.226%
90.0%   Δp:  1.846%
75.0%   Δp:  0.322%
Median  Δp: -0.001%
25.0%   Δp: -0.450%
10.0%   Δp: -2.132%
 5.0%   Δp: -3.605%
 1.0%   Δp: -7.493%
 0.1%   Δp: -16.602%
Minimum Δp: -51.171%
RMS Δp    :  2.413 ± 0.033 %
Same top p: 94.955 ± 0.076 %
Same sampled p: 42.311 ± 0.117 %

------------------------------
# llama-perplexity: version: 0.4.7-dev (build 11840, commit a740376d8-dirty) | built with GNU 15.3.0 for Linux x86_64
# model: /home/crusaderky/.cache/huggingface/hub/models--bartowski--MiniCPM5-2B-GGUF/snapshots/31fee0334c4ed9f1e079afe586ba30cb83e0f883/MiniCPM5-2B-Q6_K.gguf size=2107305184 mtime=2026-09-14T18:13:41+00:00 sha256/1048576B=7696d4515c9f04f092e9933de7be053bdacb6f5c865cd2e98cd7ca68d6d7f395
llama-perplexity --kl-divergence-base /tmp/logits.dat --ctx-size 32768 -f sample-data/wiki.test.head-2.4k.raw -fa on --hf-repo bartowski/MiniCPM5-2B-GGUF:Q6_K --cache-type-k q6_0 --cache-type-v q4_1 --kl-divergence
0.01.605.235 I cmn          init: llama threadpool init, n_threads = 16
0.01.654.781 I 
0.01.654.866 I system_info: n_threads = 16 (n_threads_batch = 16) / 32 | CUDA : ARCHS = 750,800,860,890,900,1000,1030,1200,1210 | USE_GRAPHS = 1 | FA_ALL_QUANTS = 1 | CPU : SSE3 = 1 | SSSE3 = 1 | AVX = 1 | AVX2 = 1 | F16C = 1 | FMA = 1 | BMI2 = 1 | LLAMAFILE = 1 | OPENMP = 1 | REPACK = 1 | 
0.01.941.595 I kl_divergence: computing over 5 chunks, n_ctx=32768, batch_size=2048, n_seq=1
0.10.309.600 I kl_divergence: 8.37 seconds per pass - ETA 0.68 minutes

chunk             PPL               ln(PPL(Q)/PPL(base))          KL Divergence              Δp RMS            Same top p        Same sampled p
   1      12.8724 ±    0.2845       0.00754 ±    0.00139       0.01062 ±    0.00016     2.477 ±  0.047 %    94.037 ±  0.185 %    40.672 ±  0.258 %
   2      12.0256 ±    0.1897       0.00594 ±    0.00101       0.01129 ±    0.00014     2.655 ±  0.042 %    94.223 ±  0.129 %    42.450 ±  0.186 %
   3      13.0779 ±    0.1702       0.00601 ±    0.00083       0.01172 ±    0.00011     2.640 ±  0.032 %    94.169 ±  0.106 %    40.900 ±  0.150 %
   4      12.6509 ±    0.1426       0.00574 ±    0.00073       0.01211 ±    0.00012     2.741 ±  0.038 %    94.229 ±  0.091 %    41.708 ±  0.131 %
   5      12.0346 ±    0.1201       0.00533 ±    0.00066       0.01209 ±    0.00012     2.737 ±  0.033 %    94.411 ±  0.080 %    42.270 ±  0.117 %

====== Perplexity statistics ======
Mean PPL(Q)                   :  12.034634 ±   0.120130
Mean PPL(base)                :  11.970705 ±   0.119397
Cor(ln(PPL(Q)), ln(PPL(base))):  99.78%
Mean ln(PPL(Q)/PPL(base))     :   0.005326 ±   0.000657
Mean PPL(Q)/PPL(base)         :   1.005340 ±   0.000660
Mean PPL(Q)-PPL(base)         :   0.063928 ±   0.007917

====== KL divergence statistics ======
Mean    KLD:   0.012095 ±   0.000124
Maximum KLD:   4.156451
99.9%   KLD:   0.312533
99.0%   KLD:   0.089791
95.0%   KLD:   0.036913
90.0%   KLD:   0.024433
Median  KLD:   0.006936
10.0%   KLD:   0.000247
 5.0%   KLD:   0.000049
 1.0%   KLD:   0.000004
 0.1%   KLD:  -0.000004
Minimum KLD:  -0.000062

====== Token probability statistics ======
Mean    Δp: -0.108 ± 0.010 %
Maximum Δp: 75.716%
99.9%   Δp: 16.917%
99.0%   Δp:  7.683%
95.0%   Δp:  3.568%
90.0%   Δp:  2.038%
75.0%   Δp:  0.353%
Median  Δp: -0.001%
25.0%   Δp: -0.515%
10.0%   Δp: -2.354%
 5.0%   Δp: -4.010%
 1.0%   Δp: -8.578%
 0.1%   Δp: -20.175%
Minimum Δp: -83.301%
RMS Δp    :  2.737 ± 0.033 %
Same top p: 94.411 ± 0.080 %
Same sampled p: 42.270 ± 0.117 %

------------------------------
# llama-perplexity: version: 0.4.7-dev (build 11840, commit a740376d8-dirty) | built with GNU 15.3.0 for Linux x86_64
# model: /home/crusaderky/.cache/huggingface/hub/models--bartowski--MiniCPM5-2B-GGUF/snapshots/31fee0334c4ed9f1e079afe586ba30cb83e0f883/MiniCPM5-2B-Q6_K.gguf size=2107305184 mtime=2026-09-14T18:13:41+00:00 sha256/1048576B=7696d4515c9f04f092e9933de7be053bdacb6f5c865cd2e98cd7ca68d6d7f395
llama-perplexity --kl-divergence-base /tmp/logits.dat --ctx-size 32768 -f sample-data/wiki.test.head-2.4k.raw -fa on --hf-repo bartowski/MiniCPM5-2B-GGUF:Q6_K --cache-type-k q6_0 --cache-type-v q4_0 --kl-divergence
0.01.596.742 I cmn          init: llama threadpool init, n_threads = 16
0.01.645.954 I 
0.01.646.022 I system_info: n_threads = 16 (n_threads_batch = 16) / 32 | CUDA : ARCHS = 750,800,860,890,900,1000,1030,1200,1210 | USE_GRAPHS = 1 | FA_ALL_QUANTS = 1 | CPU : SSE3 = 1 | SSSE3 = 1 | AVX = 1 | AVX2 = 1 | F16C = 1 | FMA = 1 | BMI2 = 1 | LLAMAFILE = 1 | OPENMP = 1 | REPACK = 1 | 
0.01.926.370 I kl_divergence: computing over 5 chunks, n_ctx=32768, batch_size=2048, n_seq=1
0.10.259.929 I kl_divergence: 8.33 seconds per pass - ETA 0.68 minutes

chunk             PPL               ln(PPL(Q)/PPL(base))          KL Divergence              Δp RMS            Same top p        Same sampled p
   1      12.8783 ±    0.2839       0.00800 ±    0.00140       0.01119 ±    0.00015     2.623 ±  0.055 %    94.378 ±  0.180 %    40.545 ±  0.258 %
   2      12.0406 ±    0.1897       0.00719 ±    0.00104       0.01227 ±    0.00025     2.787 ±  0.050 %    94.296 ±  0.128 %    42.376 ±  0.186 %
   3      13.0887 ±    0.1702       0.00683 ±    0.00086       0.01261 ±    0.00018     2.745 ±  0.037 %    94.195 ±  0.105 %    40.824 ±  0.150 %
   4      12.6642 ±    0.1427       0.00679 ±    0.00076       0.01314 ±    0.00023     2.836 ±  0.040 %    94.125 ±  0.092 %    41.638 ±  0.131 %
   5      12.0548 ±    0.1203       0.00700 ±    0.00068       0.01312 ±    0.00020     2.856 ±  0.037 %    94.234 ±  0.081 %    42.198 ±  0.117 %

====== Perplexity statistics ======
Mean PPL(Q)                   :  12.054833 ±   0.120266
Mean PPL(base)                :  11.970705 ±   0.119397
Cor(ln(PPL(Q)), ln(PPL(base))):  99.77%
Mean ln(PPL(Q)/PPL(base))     :   0.007003 ±   0.000678
Mean PPL(Q)/PPL(base)         :   1.007028 ±   0.000683
Mean PPL(Q)-PPL(base)         :   0.084128 ±   0.008194

====== KL divergence statistics ======
Mean    KLD:   0.013122 ±   0.000200
Maximum KLD:   9.120392
99.9%   KLD:   0.348890
99.0%   KLD:   0.100203
95.0%   KLD:   0.039592
90.0%   KLD:   0.026121
Median  KLD:   0.007366
10.0%   KLD:   0.000278
 5.0%   KLD:   0.000058
 1.0%   KLD:   0.000006
 0.1%   KLD:  -0.000003
Minimum KLD:  -0.000069

====== Token probability statistics ======
Mean    Δp: -0.184 ± 0.010 %
Maximum Δp: 85.766%
99.9%   Δp: 16.750%
99.0%   Δp:  7.998%
95.0%   Δp:  3.533%
90.0%   Δp:  1.938%
75.0%   Δp:  0.308%
Median  Δp: -0.004%
25.0%   Δp: -0.596%
10.0%   Δp: -2.563%
 5.0%   Δp: -4.290%
 1.0%   Δp: -9.188%
 0.1%   Δp: -20.629%
Minimum Δp: -76.972%
RMS Δp    :  2.856 ± 0.037 %
Same top p: 94.234 ± 0.081 %
Same sampled p: 42.198 ± 0.117 %

------------------------------
# llama-perplexity: version: 0.4.7-dev (build 11840, commit a740376d8-dirty) | built with GNU 15.3.0 for Linux x86_64
# model: /home/crusaderky/.cache/huggingface/hub/models--bartowski--MiniCPM5-2B-GGUF/snapshots/31fee0334c4ed9f1e079afe586ba30cb83e0f883/MiniCPM5-2B-Q6_K.gguf size=2107305184 mtime=2026-09-14T18:13:41+00:00 sha256/1048576B=7696d4515c9f04f092e9933de7be053bdacb6f5c865cd2e98cd7ca68d6d7f395
llama-perplexity --kl-divergence-base /tmp/logits.dat --ctx-size 32768 -f sample-data/wiki.test.head-2.4k.raw -fa on --hf-repo bartowski/MiniCPM5-2B-GGUF:Q6_K --cache-type-k q6_0 --cache-type-v q3_1 --kl-divergence
0.01.580.629 I cmn          init: llama threadpool init, n_threads = 16
0.01.630.969 I 
0.01.631.029 I system_info: n_threads = 16 (n_threads_batch = 16) / 32 | CUDA : ARCHS = 750,800,860,890,900,1000,1030,1200,1210 | USE_GRAPHS = 1 | FA_ALL_QUANTS = 1 | CPU : SSE3 = 1 | SSSE3 = 1 | AVX = 1 | AVX2 = 1 | F16C = 1 | FMA = 1 | BMI2 = 1 | LLAMAFILE = 1 | OPENMP = 1 | REPACK = 1 | 
0.01.922.655 I kl_divergence: computing over 5 chunks, n_ctx=32768, batch_size=2048, n_seq=1
0.10.324.323 I kl_divergence: 8.40 seconds per pass - ETA 0.70 minutes

chunk             PPL               ln(PPL(Q)/PPL(base))          KL Divergence              Δp RMS            Same top p        Same sampled p
   1      12.9634 ±    0.2852       0.01459 ±    0.00201       0.02286 ±    0.00030     3.728 ±  0.074 %    92.157 ±  0.210 %    40.258 ±  0.257 %
   2      12.1133 ±    0.1904       0.01320 ±    0.00147       0.02436 ±    0.00026     3.902 ±  0.057 %    92.227 ±  0.148 %    42.088 ±  0.186 %
   3      13.1844 ±    0.1711       0.01412 ±    0.00121       0.02513 ±    0.00022     3.874 ±  0.045 %    92.041 ±  0.122 %    40.544 ±  0.150 %
   4      12.7518 ±    0.1434       0.01368 ±    0.00106       0.02587 ±    0.00020     4.023 ±  0.045 %    92.005 ±  0.106 %    41.351 ±  0.131 %
   5      12.1376 ±    0.1209       0.01384 ±    0.00095       0.02579 ±    0.00025     4.001 ±  0.039 %    92.144 ±  0.094 %    41.907 ±  0.117 %

====== Perplexity statistics ======
Mean PPL(Q)                   :  12.137573 ±   0.120890
Mean PPL(base)                :  11.970705 ±   0.119397
Cor(ln(PPL(Q)), ln(PPL(base))):  99.55%
Mean ln(PPL(Q)/PPL(base))     :   0.013843 ±   0.000947
Mean PPL(Q)/PPL(base)         :   1.013940 ±   0.000960
Mean PPL(Q)-PPL(base)         :   0.166868 ±   0.011510

====== KL divergence statistics ======
Mean    KLD:   0.025788 ±   0.000246
Maximum KLD:  10.872160
99.9%   KLD:   0.619581
99.0%   KLD:   0.199064
95.0%   KLD:   0.082387
90.0%   KLD:   0.053973
Median  KLD:   0.014476
10.0%   KLD:   0.000604
 5.0%   KLD:   0.000129
 1.0%   KLD:   0.000016
 0.1%   KLD:   0.000001
Minimum KLD:  -0.000019

====== Token probability statistics ======
Mean    Δp: -0.405 ± 0.014 %
Maximum Δp: 82.462%
99.9%   Δp: 23.196%
99.0%   Δp: 10.397%
95.0%   Δp:  4.605%
90.0%   Δp:  2.521%
75.0%   Δp:  0.355%
Median  Δp: -0.011%
25.0%   Δp: -0.953%
10.0%   Δp: -3.832%
 5.0%   Δp: -6.374%
 1.0%   Δp: -13.688%
 0.1%   Δp: -29.825%
Minimum Δp: -73.299%
RMS Δp    :  4.001 ± 0.039 %
Same top p: 92.144 ± 0.094 %
Same sampled p: 41.907 ± 0.117 %

------------------------------
# llama-perplexity: version: 0.4.7-dev (build 11840, commit a740376d8-dirty) | built with GNU 15.3.0 for Linux x86_64
# model: /home/crusaderky/.cache/huggingface/hub/models--bartowski--MiniCPM5-2B-GGUF/snapshots/31fee0334c4ed9f1e079afe586ba30cb83e0f883/MiniCPM5-2B-Q6_K.gguf size=2107305184 mtime=2026-09-14T18:13:41+00:00 sha256/1048576B=7696d4515c9f04f092e9933de7be053bdacb6f5c865cd2e98cd7ca68d6d7f395
llama-perplexity --kl-divergence-base /tmp/logits.dat --ctx-size 32768 -f sample-data/wiki.test.head-2.4k.raw -fa on --hf-repo bartowski/MiniCPM5-2B-GGUF:Q6_K --cache-type-k q6_0 --cache-type-v q3_0 --kl-divergence
0.01.587.021 I cmn          init: llama threadpool init, n_threads = 16
0.01.637.246 I 
0.01.637.318 I system_info: n_threads = 16 (n_threads_batch = 16) / 32 | CUDA : ARCHS = 750,800,860,890,900,1000,1030,1200,1210 | USE_GRAPHS = 1 | FA_ALL_QUANTS = 1 | CPU : SSE3 = 1 | SSSE3 = 1 | AVX = 1 | AVX2 = 1 | F16C = 1 | FMA = 1 | BMI2 = 1 | LLAMAFILE = 1 | OPENMP = 1 | REPACK = 1 | 
0.01.922.796 I kl_divergence: computing over 5 chunks, n_ctx=32768, batch_size=2048, n_seq=1
0.10.307.697 I kl_divergence: 8.38 seconds per pass - ETA 0.68 minutes

chunk             PPL               ln(PPL(Q)/PPL(base))          KL Divergence              Δp RMS            Same top p        Same sampled p
   1      12.9860 ±    0.2868       0.01633 ±    0.00213       0.02437 ±    0.00034     3.821 ±  0.068 %    91.802 ±  0.214 %    40.336 ±  0.258 %
   2      12.1372 ±    0.1915       0.01517 ±    0.00152       0.02592 ±    0.00028     3.989 ±  0.057 %    91.885 ±  0.151 %    42.165 ±  0.186 %
   3      13.2191 ±    0.1721       0.01675 ±    0.00126       0.02680 ±    0.00023     3.995 ±  0.049 %    91.634 ±  0.125 %    40.628 ±  0.150 %
   4      12.8057 ±    0.1446       0.01790 ±    0.00111       0.02786 ±    0.00027     4.125 ±  0.046 %    91.479 ±  0.109 %    41.426 ±  0.131 %
   5      12.1750 ±    0.1217       0.01693 ±    0.00100       0.02769 ±    0.00028     4.139 ±  0.043 %    91.735 ±  0.096 %    41.976 ±  0.117 %

====== Perplexity statistics ======
Mean PPL(Q)                   :  12.175043 ±   0.121659
Mean PPL(base)                :  11.970705 ±   0.119397
Cor(ln(PPL(Q)), ln(PPL(base))):  99.50%
Mean ln(PPL(Q)/PPL(base))     :   0.016926 ±   0.000996
Mean PPL(Q)/PPL(base)         :   1.017070 ±   0.001013
Mean PPL(Q)-PPL(base)         :   0.204337 ±   0.012235

====== KL divergence statistics ======
Mean    KLD:   0.027691 ±   0.000276
Maximum KLD:   8.398983
99.9%   KLD:   0.661210
99.0%   KLD:   0.212706
95.0%   KLD:   0.089453
90.0%   KLD:   0.058174
Median  KLD:   0.015109
10.0%   KLD:   0.000584
 5.0%   KLD:   0.000125
 1.0%   KLD:   0.000013
 0.1%   KLD:   0.000001
Minimum KLD:  -0.000043

====== Token probability statistics ======
Mean    Δp: -0.330 ± 0.014 %
Maximum Δp: 86.093%
99.9%   Δp: 25.308%
99.0%   Δp: 11.370%
95.0%   Δp:  4.944%
90.0%   Δp:  2.702%
75.0%   Δp:  0.405%
Median  Δp: -0.007%
25.0%   Δp: -0.911%
10.0%   Δp: -3.826%
 5.0%   Δp: -6.408%
 1.0%   Δp: -13.885%
 0.1%   Δp: -29.569%
Minimum Δp: -83.597%
RMS Δp    :  4.139 ± 0.043 %
Same top p: 91.735 ± 0.096 %
Same sampled p: 41.976 ± 0.117 %

------------------------------
# llama-perplexity: version: 0.4.7-dev (build 11840, commit a740376d8-dirty) | built with GNU 15.3.0 for Linux x86_64
# model: /home/crusaderky/.cache/huggingface/hub/models--bartowski--MiniCPM5-2B-GGUF/snapshots/31fee0334c4ed9f1e079afe586ba30cb83e0f883/MiniCPM5-2B-Q6_K.gguf size=2107305184 mtime=2026-09-14T18:13:41+00:00 sha256/1048576B=7696d4515c9f04f092e9933de7be053bdacb6f5c865cd2e98cd7ca68d6d7f395
llama-perplexity --kl-divergence-base /tmp/logits.dat --ctx-size 32768 -f sample-data/wiki.test.head-2.4k.raw -fa on --hf-repo bartowski/MiniCPM5-2B-GGUF:Q6_K --cache-type-k q5_1 --cache-type-v q5_1 --kl-divergence
0.01.586.034 I cmn          init: llama threadpool init, n_threads = 16
0.01.635.544 I 
0.01.635.618 I system_info: n_threads = 16 (n_threads_batch = 16) / 32 | CUDA : ARCHS = 750,800,860,890,900,1000,1030,1200,1210 | USE_GRAPHS = 1 | FA_ALL_QUANTS = 1 | CPU : SSE3 = 1 | SSSE3 = 1 | AVX = 1 | AVX2 = 1 | F16C = 1 | FMA = 1 | BMI2 = 1 | LLAMAFILE = 1 | OPENMP = 1 | REPACK = 1 | 
0.01.926.281 I kl_divergence: computing over 5 chunks, n_ctx=32768, batch_size=2048, n_seq=1
0.10.286.771 I kl_divergence: 8.36 seconds per pass - ETA 0.68 minutes

chunk             PPL               ln(PPL(Q)/PPL(base))          KL Divergence              Δp RMS            Same top p        Same sampled p
   1      12.8600 ±    0.2838       0.00658 ±    0.00146       0.01133 ±    0.00016     2.597 ±  0.055 %    94.244 ±  0.182 %    40.615 ±  0.258 %
   2      12.0131 ±    0.1893       0.00490 ±    0.00104       0.01213 ±    0.00020     2.791 ±  0.047 %    94.131 ±  0.130 %    42.447 ±  0.186 %
   3      13.0748 ±    0.1702       0.00577 ±    0.00086       0.01241 ±    0.00015     2.747 ±  0.035 %    94.071 ±  0.107 %    40.891 ±  0.150 %
   4      12.6528 ±    0.1426       0.00589 ±    0.00075       0.01277 ±    0.00018     2.848 ±  0.043 %    94.085 ±  0.092 %    41.693 ±  0.131 %
   5      12.0350 ±    0.1201       0.00536 ±    0.00067       0.01283 ±    0.00016     2.855 ±  0.037 %    94.228 ±  0.081 %    42.254 ±  0.117 %

====== Perplexity statistics ======
Mean PPL(Q)                   :  12.035033 ±   0.120112
Mean PPL(base)                :  11.970705 ±   0.119397
Cor(ln(PPL(Q)), ln(PPL(base))):  99.77%
Mean ln(PPL(Q)/PPL(base))     :   0.005359 ±   0.000671
Mean PPL(Q)/PPL(base)         :   1.005374 ±   0.000674
Mean PPL(Q)-PPL(base)         :   0.064328 ±   0.008084

====== KL divergence statistics ======
Mean    KLD:   0.012832 ±   0.000164
Maximum KLD:   6.203835
99.9%   KLD:   0.357414
99.0%   KLD:   0.095235
95.0%   KLD:   0.038593
90.0%   KLD:   0.025533
Median  KLD:   0.007249
10.0%   KLD:   0.000253
 5.0%   KLD:   0.000049
 1.0%   KLD:   0.000005
 0.1%   KLD:  -0.000003
Minimum KLD:  -0.000092

====== Token probability statistics ======
Mean    Δp: -0.113 ± 0.010 %
Maximum Δp: 83.103%
99.9%   Δp: 17.687%
99.0%   Δp:  8.151%
95.0%   Δp:  3.663%
90.0%   Δp:  2.086%
75.0%   Δp:  0.365%
Median  Δp: -0.001%
25.0%   Δp: -0.530%
10.0%   Δp: -2.437%
 5.0%   Δp: -4.155%
 1.0%   Δp: -9.048%
 0.1%   Δp: -19.016%
Minimum Δp: -79.293%
RMS Δp    :  2.855 ± 0.037 %
Same top p: 94.228 ± 0.081 %
Same sampled p: 42.254 ± 0.117 %

------------------------------
# llama-perplexity: version: 0.4.7-dev (build 11840, commit a740376d8-dirty) | built with GNU 15.3.0 for Linux x86_64
# model: /home/crusaderky/.cache/huggingface/hub/models--bartowski--MiniCPM5-2B-GGUF/snapshots/31fee0334c4ed9f1e079afe586ba30cb83e0f883/MiniCPM5-2B-Q6_K.gguf size=2107305184 mtime=2026-09-14T18:13:41+00:00 sha256/1048576B=7696d4515c9f04f092e9933de7be053bdacb6f5c865cd2e98cd7ca68d6d7f395
llama-perplexity --kl-divergence-base /tmp/logits.dat --ctx-size 32768 -f sample-data/wiki.test.head-2.4k.raw -fa on --hf-repo bartowski/MiniCPM5-2B-GGUF:Q6_K --cache-type-k q5_1 --cache-type-v q5_0 --kl-divergence
0.01.571.857 I cmn          init: llama threadpool init, n_threads = 16
0.01.620.326 I 
0.01.620.381 I system_info: n_threads = 16 (n_threads_batch = 16) / 32 | CUDA : ARCHS = 750,800,860,890,900,1000,1030,1200,1210 | USE_GRAPHS = 1 | FA_ALL_QUANTS = 1 | CPU : SSE3 = 1 | SSSE3 = 1 | AVX = 1 | AVX2 = 1 | F16C = 1 | FMA = 1 | BMI2 = 1 | LLAMAFILE = 1 | OPENMP = 1 | REPACK = 1 | 
0.01.903.895 I kl_divergence: computing over 5 chunks, n_ctx=32768, batch_size=2048, n_seq=1
0.10.307.164 I kl_divergence: 8.40 seconds per pass - ETA 0.70 minutes

chunk             PPL               ln(PPL(Q)/PPL(base))          KL Divergence              Δp RMS            Same top p        Same sampled p
   1      12.8832 ±    0.2843       0.00838 ±    0.00141       0.01147 ±    0.00015     2.638 ±  0.048 %    93.853 ±  0.188 %    40.594 ±  0.258 %
   2      12.0307 ±    0.1897       0.00636 ±    0.00103       0.01223 ±    0.00016     2.811 ±  0.047 %    94.058 ±  0.131 %    42.437 ±  0.186 %
   3      13.0773 ±    0.1701       0.00596 ±    0.00085       0.01262 ±    0.00014     2.791 ±  0.036 %    93.963 ±  0.107 %    40.892 ±  0.150 %
   4      12.6596 ±    0.1427       0.00643 ±    0.00075       0.01308 ±    0.00021     2.870 ±  0.036 %    93.962 ±  0.093 %    41.700 ±  0.131 %
   5      12.0469 ±    0.1202       0.00635 ±    0.00068       0.01313 ±    0.00022     2.852 ±  0.032 %    94.126 ±  0.082 %    42.259 ±  0.117 %

====== Perplexity statistics ======
Mean PPL(Q)                   :  12.046926 ±   0.120244
Mean PPL(base)                :  11.970705 ±   0.119397
Cor(ln(PPL(Q)), ln(PPL(base))):  99.77%
Mean ln(PPL(Q)/PPL(base))     :   0.006347 ±   0.000679
Mean PPL(Q)/PPL(base)         :   1.006367 ±   0.000684
Mean PPL(Q)-PPL(base)         :   0.076221 ±   0.008200

====== KL divergence statistics ======
Mean    KLD:   0.013133 ±   0.000217
Maximum KLD:  10.993943
99.9%   KLD:   0.316980
99.0%   KLD:   0.100570
95.0%   KLD:   0.039610
90.0%   KLD:   0.026299
Median  KLD:   0.007396
10.0%   KLD:   0.000266
 5.0%   KLD:   0.000051
 1.0%   KLD:   0.000005
 0.1%   KLD:  -0.000003
Minimum KLD:  -0.000054

====== Token probability statistics ======
Mean    Δp: -0.110 ± 0.010 %
Maximum Δp: 78.810%
99.9%   Δp: 19.470%
99.0%   Δp:  8.106%
95.0%   Δp:  3.722%
90.0%   Δp:  2.098%
75.0%   Δp:  0.365%
Median  Δp: -0.001%
25.0%   Δp: -0.540%
10.0%   Δp: -2.506%
 5.0%   Δp: -4.228%
 1.0%   Δp: -8.932%
 0.1%   Δp: -19.208%
Minimum Δp: -56.076%
RMS Δp    :  2.852 ± 0.032 %
Same top p: 94.126 ± 0.082 %
Same sampled p: 42.259 ± 0.117 %

------------------------------
# llama-perplexity: version: 0.4.7-dev (build 11840, commit a740376d8-dirty) | built with GNU 15.3.0 for Linux x86_64
# model: /home/crusaderky/.cache/huggingface/hub/models--bartowski--MiniCPM5-2B-GGUF/snapshots/31fee0334c4ed9f1e079afe586ba30cb83e0f883/MiniCPM5-2B-Q6_K.gguf size=2107305184 mtime=2026-09-14T18:13:41+00:00 sha256/1048576B=7696d4515c9f04f092e9933de7be053bdacb6f5c865cd2e98cd7ca68d6d7f395
llama-perplexity --kl-divergence-base /tmp/logits.dat --ctx-size 32768 -f sample-data/wiki.test.head-2.4k.raw -fa on --hf-repo bartowski/MiniCPM5-2B-GGUF:Q6_K --cache-type-k q5_1 --cache-type-v q4_1 --kl-divergence
0.01.611.280 I cmn          init: llama threadpool init, n_threads = 16
0.01.661.621 I 
0.01.661.682 I system_info: n_threads = 16 (n_threads_batch = 16) / 32 | CUDA : ARCHS = 750,800,860,890,900,1000,1030,1200,1210 | USE_GRAPHS = 1 | FA_ALL_QUANTS = 1 | CPU : SSE3 = 1 | SSSE3 = 1 | AVX = 1 | AVX2 = 1 | F16C = 1 | FMA = 1 | BMI2 = 1 | LLAMAFILE = 1 | OPENMP = 1 | REPACK = 1 | 
0.01.952.339 I kl_divergence: computing over 5 chunks, n_ctx=32768, batch_size=2048, n_seq=1
0.10.338.011 I kl_divergence: 8.39 seconds per pass - ETA 0.68 minutes

chunk             PPL               ln(PPL(Q)/PPL(base))          KL Divergence              Δp RMS            Same top p        Same sampled p
   1      12.9075 ±    0.2849       0.01027 ±    0.00155       0.01405 ±    0.00020     2.907 ±  0.060 %    93.597 ±  0.191 %    40.558 ±  0.258 %
   2      12.0408 ±    0.1897       0.00720 ±    0.00114       0.01491 ±    0.00018     3.069 ±  0.048 %    93.701 ±  0.134 %    42.381 ±  0.186 %
   3      13.0904 ±    0.1702       0.00697 ±    0.00093       0.01522 ±    0.00015     3.030 ±  0.038 %    93.646 ±  0.110 %    40.823 ±  0.150 %
   4      12.6715 ±    0.1428       0.00736 ±    0.00084       0.01584 ±    0.00020     3.160 ±  0.047 %    93.647 ±  0.095 %    41.628 ±  0.131 %
   5      12.0586 ±    0.1203       0.00732 ±    0.00076       0.01597 ±    0.00024     3.142 ±  0.040 %    93.786 ±  0.084 %    42.190 ±  0.117 %

====== Perplexity statistics ======
Mean PPL(Q)                   :  12.058645 ±   0.120320
Mean PPL(base)                :  11.970705 ±   0.119397
Cor(ln(PPL(Q)), ln(PPL(base))):  99.71%
Mean ln(PPL(Q)/PPL(base))     :   0.007319 ±   0.000762
Mean PPL(Q)/PPL(base)         :   1.007346 ±   0.000767
Mean PPL(Q)-PPL(base)         :   0.087940 ±   0.009196

====== KL divergence statistics ======
Mean    KLD:   0.015972 ±   0.000244
Maximum KLD:  10.844916
99.9%   KLD:   0.417298
99.0%   KLD:   0.117983
95.0%   KLD:   0.048870
90.0%   KLD:   0.032181
Median  KLD:   0.008765
10.0%   KLD:   0.000330
 5.0%   KLD:   0.000068
 1.0%   KLD:   0.000007
 0.1%   KLD:  -0.000002
Minimum KLD:  -0.000091

====== Token probability statistics ======
Mean    Δp: -0.170 ± 0.011 %
Maximum Δp: 78.378%
99.9%   Δp: 18.418%
99.0%   Δp:  8.641%
95.0%   Δp:  3.930%
90.0%   Δp:  2.227%
75.0%   Δp:  0.375%
Median  Δp: -0.002%
25.0%   Δp: -0.609%
10.0%   Δp: -2.766%
 5.0%   Δp: -4.703%
 1.0%   Δp: -10.095%
 0.1%   Δp: -22.584%
Minimum Δp: -97.005%
RMS Δp    :  3.142 ± 0.040 %
Same top p: 93.786 ± 0.084 %
Same sampled p: 42.190 ± 0.117 %

------------------------------
# llama-perplexity: version: 0.4.7-dev (build 11840, commit a740376d8-dirty) | built with GNU 15.3.0 for Linux x86_64
# model: /home/crusaderky/.cache/huggingface/hub/models--bartowski--MiniCPM5-2B-GGUF/snapshots/31fee0334c4ed9f1e079afe586ba30cb83e0f883/MiniCPM5-2B-Q6_K.gguf size=2107305184 mtime=2026-09-14T18:13:41+00:00 sha256/1048576B=7696d4515c9f04f092e9933de7be053bdacb6f5c865cd2e98cd7ca68d6d7f395
llama-perplexity --kl-divergence-base /tmp/logits.dat --ctx-size 32768 -f sample-data/wiki.test.head-2.4k.raw -fa on --hf-repo bartowski/MiniCPM5-2B-GGUF:Q6_K --cache-type-k q5_1 --cache-type-v q4_0 --kl-divergence
0.01.576.864 I cmn          init: llama threadpool init, n_threads = 16
0.01.624.954 I 
0.01.625.024 I system_info: n_threads = 16 (n_threads_batch = 16) / 32 | CUDA : ARCHS = 750,800,860,890,900,1000,1030,1200,1210 | USE_GRAPHS = 1 | FA_ALL_QUANTS = 1 | CPU : SSE3 = 1 | SSSE3 = 1 | AVX = 1 | AVX2 = 1 | F16C = 1 | FMA = 1 | BMI2 = 1 | LLAMAFILE = 1 | OPENMP = 1 | REPACK = 1 | 
0.01.909.215 I kl_divergence: computing over 5 chunks, n_ctx=32768, batch_size=2048, n_seq=1
0.10.262.079 I kl_divergence: 8.35 seconds per pass - ETA 0.68 minutes

chunk             PPL               ln(PPL(Q)/PPL(base))          KL Divergence              Δp RMS            Same top p        Same sampled p
   1      12.8824 ±    0.2836       0.00832 ±    0.00160       0.01433 ±    0.00020     3.018 ±  0.060 %    93.451 ±  0.193 %    40.500 ±  0.258 %
   2      12.0469 ±    0.1896       0.00771 ±    0.00119       0.01585 ±    0.00023     3.220 ±  0.050 %    93.512 ±  0.136 %    42.311 ±  0.186 %
   3      13.0889 ±    0.1699       0.00685 ±    0.00098       0.01617 ±    0.00017     3.166 ±  0.039 %    93.361 ±  0.112 %    40.748 ±  0.150 %
   4      12.6623 ±    0.1424       0.00664 ±    0.00085       0.01666 ±    0.00023     3.247 ±  0.041 %    93.304 ±  0.098 %    41.563 ±  0.131 %
   5      12.0521 ±    0.1201       0.00678 ±    0.00077       0.01674 ±    0.00024     3.235 ±  0.036 %    93.507 ±  0.086 %    42.127 ±  0.117 %

====== Perplexity statistics ======
Mean PPL(Q)                   :  12.052083 ±   0.120059
Mean PPL(base)                :  11.970705 ±   0.119397
Cor(ln(PPL(Q)), ln(PPL(base))):  99.70%
Mean ln(PPL(Q)/PPL(base))     :   0.006775 ±   0.000766
Mean PPL(Q)/PPL(base)         :   1.006798 ±   0.000771
Mean PPL(Q)-PPL(base)         :   0.081378 ±   0.009224

====== KL divergence statistics ======
Mean    KLD:   0.016741 ±   0.000238
Maximum KLD:  10.815582
99.9%   KLD:   0.468725
99.0%   KLD:   0.126543
95.0%   KLD:   0.051267
90.0%   KLD:   0.034011
Median  KLD:   0.009104
10.0%   KLD:   0.000352
 5.0%   KLD:   0.000073
 1.0%   KLD:   0.000008
 0.1%   KLD:  -0.000001
Minimum KLD:  -0.000077

====== Token probability statistics ======
Mean    Δp: -0.218 ± 0.011 %
Maximum Δp: 85.806%
99.9%   Δp: 20.573%
99.0%   Δp:  8.963%
95.0%   Δp:  3.889%
90.0%   Δp:  2.161%
75.0%   Δp:  0.340%
Median  Δp: -0.004%
25.0%   Δp: -0.685%
10.0%   Δp: -2.920%
 5.0%   Δp: -4.905%
 1.0%   Δp: -10.543%
 0.1%   Δp: -22.634%
Minimum Δp: -54.255%
RMS Δp    :  3.235 ± 0.036 %
Same top p: 93.507 ± 0.086 %
Same sampled p: 42.127 ± 0.117 %

------------------------------
# llama-perplexity: version: 0.4.7-dev (build 11840, commit a740376d8-dirty) | built with GNU 15.3.0 for Linux x86_64
# model: /home/crusaderky/.cache/huggingface/hub/models--bartowski--MiniCPM5-2B-GGUF/snapshots/31fee0334c4ed9f1e079afe586ba30cb83e0f883/MiniCPM5-2B-Q6_K.gguf size=2107305184 mtime=2026-09-14T18:13:41+00:00 sha256/1048576B=7696d4515c9f04f092e9933de7be053bdacb6f5c865cd2e98cd7ca68d6d7f395
llama-perplexity --kl-divergence-base /tmp/logits.dat --ctx-size 32768 -f sample-data/wiki.test.head-2.4k.raw -fa on --hf-repo bartowski/MiniCPM5-2B-GGUF:Q6_K --cache-type-k q5_1 --cache-type-v q3_1 --kl-divergence
0.01.602.847 I cmn          init: llama threadpool init, n_threads = 16
0.01.653.754 I 
0.01.653.825 I system_info: n_threads = 16 (n_threads_batch = 16) / 32 | CUDA : ARCHS = 750,800,860,890,900,1000,1030,1200,1210 | USE_GRAPHS = 1 | FA_ALL_QUANTS = 1 | CPU : SSE3 = 1 | SSSE3 = 1 | AVX = 1 | AVX2 = 1 | F16C = 1 | FMA = 1 | BMI2 = 1 | LLAMAFILE = 1 | OPENMP = 1 | REPACK = 1 | 
0.01.943.853 I kl_divergence: computing over 5 chunks, n_ctx=32768, batch_size=2048, n_seq=1
0.10.337.837 I kl_divergence: 8.39 seconds per pass - ETA 0.68 minutes

chunk             PPL               ln(PPL(Q)/PPL(base))          KL Divergence              Δp RMS            Same top p        Same sampled p
   1      12.9776 ±    0.2856       0.01568 ±    0.00211       0.02573 ±    0.00036     3.927 ±  0.078 %    91.772 ±  0.215 %    40.221 ±  0.258 %
   2      12.1208 ±    0.1904       0.01383 ±    0.00155       0.02721 ±    0.00028     4.127 ±  0.056 %    91.809 ±  0.152 %    42.051 ±  0.186 %
   3      13.1830 ±    0.1710       0.01402 ±    0.00128       0.02828 ±    0.00023     4.146 ±  0.047 %    91.440 ±  0.126 %    40.485 ±  0.150 %
   4      12.7713 ±    0.1436       0.01521 ±    0.00112       0.02915 ±    0.00022     4.255 ±  0.044 %    91.403 ±  0.110 %    41.272 ±  0.131 %
   5      12.1455 ±    0.1209       0.01450 ±    0.00101       0.02901 ±    0.00026     4.247 ±  0.039 %    91.603 ±  0.097 %    41.839 ±  0.117 %

====== Perplexity statistics ======
Mean PPL(Q)                   :  12.145532 ±   0.120901
Mean PPL(base)                :  11.970705 ±   0.119397
Cor(ln(PPL(Q)), ln(PPL(base))):  99.49%
Mean ln(PPL(Q)/PPL(base))     :   0.014499 ±   0.001008
Mean PPL(Q)/PPL(base)         :   1.014605 ±   0.001022
Mean PPL(Q)-PPL(base)         :   0.174827 ±   0.012240

====== KL divergence statistics ======
Mean    KLD:   0.029015 ±   0.000259
Maximum KLD:   9.504049
99.9%   KLD:   0.696009
99.0%   KLD:   0.220780
95.0%   KLD:   0.092581
90.0%   KLD:   0.061041
Median  KLD:   0.016292
10.0%   KLD:   0.000691
 5.0%   KLD:   0.000150
 1.0%   KLD:   0.000017
 0.1%   KLD:   0.000002
Minimum KLD:  -0.000012

====== Token probability statistics ======
Mean    Δp: -0.452 ± 0.015 %
Maximum Δp: 61.800%
99.9%   Δp: 24.806%
99.0%   Δp: 10.973%
95.0%   Δp:  4.908%
90.0%   Δp:  2.671%
75.0%   Δp:  0.376%
Median  Δp: -0.014%
25.0%   Δp: -1.050%
10.0%   Δp: -4.143%
 5.0%   Δp: -6.916%
 1.0%   Δp: -14.516%
 0.1%   Δp: -31.087%
Minimum Δp: -81.671%
RMS Δp    :  4.247 ± 0.039 %
Same top p: 91.603 ± 0.097 %
Same sampled p: 41.839 ± 0.117 %

------------------------------
# llama-perplexity: version: 0.4.7-dev (build 11840, commit a740376d8-dirty) | built with GNU 15.3.0 for Linux x86_64
# model: /home/crusaderky/.cache/huggingface/hub/models--bartowski--MiniCPM5-2B-GGUF/snapshots/31fee0334c4ed9f1e079afe586ba30cb83e0f883/MiniCPM5-2B-Q6_K.gguf size=2107305184 mtime=2026-09-14T18:13:41+00:00 sha256/1048576B=7696d4515c9f04f092e9933de7be053bdacb6f5c865cd2e98cd7ca68d6d7f395
llama-perplexity --kl-divergence-base /tmp/logits.dat --ctx-size 32768 -f sample-data/wiki.test.head-2.4k.raw -fa on --hf-repo bartowski/MiniCPM5-2B-GGUF:Q6_K --cache-type-k q5_1 --cache-type-v q3_0 --kl-divergence
0.01.576.962 I cmn          init: llama threadpool init, n_threads = 16
0.01.627.477 I 
0.01.627.544 I system_info: n_threads = 16 (n_threads_batch = 16) / 32 | CUDA : ARCHS = 750,800,860,890,900,1000,1030,1200,1210 | USE_GRAPHS = 1 | FA_ALL_QUANTS = 1 | CPU : SSE3 = 1 | SSSE3 = 1 | AVX = 1 | AVX2 = 1 | F16C = 1 | FMA = 1 | BMI2 = 1 | LLAMAFILE = 1 | OPENMP = 1 | REPACK = 1 | 
0.01.914.135 I kl_divergence: computing over 5 chunks, n_ctx=32768, batch_size=2048, n_seq=1
0.10.299.455 I kl_divergence: 8.39 seconds per pass - ETA 0.68 minutes

chunk             PPL               ln(PPL(Q)/PPL(base))          KL Divergence              Δp RMS            Same top p        Same sampled p
   1      12.9929 ±    0.2867       0.01686 ±    0.00219       0.02755 ±    0.00039     4.208 ±  0.086 %    91.149 ±  0.222 %    40.286 ±  0.258 %
   2      12.1511 ±    0.1914       0.01632 ±    0.00159       0.02877 ±    0.00030     4.299 ±  0.064 %    91.363 ±  0.155 %    42.097 ±  0.186 %
   3      13.2310 ±    0.1721       0.01765 ±    0.00132       0.02962 ±    0.00025     4.228 ±  0.049 %    91.174 ±  0.128 %    40.551 ±  0.150 %
   4      12.8060 ±    0.1444       0.01792 ±    0.00116       0.03079 ±    0.00030     4.355 ±  0.046 %    91.139 ±  0.111 %    41.340 ±  0.131 %
   5      12.1923 ±    0.1217       0.01834 ±    0.00104       0.03077 ±    0.00033     4.372 ±  0.043 %    91.372 ±  0.098 %    41.895 ±  0.117 %

====== Perplexity statistics ======
Mean PPL(Q)                   :  12.192276 ±   0.121708
Mean PPL(base)                :  11.970705 ±   0.119397
Cor(ln(PPL(Q)), ln(PPL(base))):  99.46%
Mean ln(PPL(Q)/PPL(base))     :   0.018340 ±   0.001037
Mean PPL(Q)/PPL(base)         :   1.018509 ±   0.001056
Mean PPL(Q)-PPL(base)         :   0.221571 ±   0.012736

====== KL divergence statistics ======
Mean    KLD:   0.030773 ±   0.000332
Maximum KLD:  12.044954
99.9%   KLD:   0.710948
99.0%   KLD:   0.238623
95.0%   KLD:   0.097745
90.0%   KLD:   0.064671
Median  KLD:   0.016968
10.0%   KLD:   0.000676
 5.0%   KLD:   0.000142
 1.0%   KLD:   0.000016
 0.1%   KLD:   0.000001
Minimum KLD:  -0.000035

====== Token probability statistics ======
Mean    Δp: -0.389 ± 0.015 %
Maximum Δp: 85.203%
99.9%   Δp: 26.657%
99.0%   Δp: 11.605%
95.0%   Δp:  5.164%
90.0%   Δp:  2.827%
75.0%   Δp:  0.421%
Median  Δp: -0.009%
25.0%   Δp: -0.994%
10.0%   Δp: -4.101%
 5.0%   Δp: -6.875%
 1.0%   Δp: -14.847%
 0.1%   Δp: -32.290%
Minimum Δp: -79.743%
RMS Δp    :  4.372 ± 0.043 %
Same top p: 91.372 ± 0.098 %
Same sampled p: 41.895 ± 0.117 %

------------------------------
# llama-perplexity: version: 0.4.7-dev (build 11840, commit a740376d8-dirty) | built with GNU 15.3.0 for Linux x86_64
# model: /home/crusaderky/.cache/huggingface/hub/models--bartowski--MiniCPM5-2B-GGUF/snapshots/31fee0334c4ed9f1e079afe586ba30cb83e0f883/MiniCPM5-2B-Q6_K.gguf size=2107305184 mtime=2026-09-14T18:13:41+00:00 sha256/1048576B=7696d4515c9f04f092e9933de7be053bdacb6f5c865cd2e98cd7ca68d6d7f395
llama-perplexity --kl-divergence-base /tmp/logits.dat --ctx-size 32768 -f sample-data/wiki.test.head-2.4k.raw -fa on --hf-repo bartowski/MiniCPM5-2B-GGUF:Q6_K --cache-type-k q5_0 --cache-type-v q5_0 --kl-divergence
0.01.618.173 I cmn          init: llama threadpool init, n_threads = 16
0.01.667.966 I 
0.01.668.036 I system_info: n_threads = 16 (n_threads_batch = 16) / 32 | CUDA : ARCHS = 750,800,860,890,900,1000,1030,1200,1210 | USE_GRAPHS = 1 | FA_ALL_QUANTS = 1 | CPU : SSE3 = 1 | SSSE3 = 1 | AVX = 1 | AVX2 = 1 | F16C = 1 | FMA = 1 | BMI2 = 1 | LLAMAFILE = 1 | OPENMP = 1 | REPACK = 1 | 
0.01.957.691 I kl_divergence: computing over 5 chunks, n_ctx=32768, batch_size=2048, n_seq=1
0.10.343.350 I kl_divergence: 8.39 seconds per pass - ETA 0.68 minutes

chunk             PPL               ln(PPL(Q)/PPL(base))          KL Divergence              Δp RMS            Same top p        Same sampled p
   1      12.9049 ±    0.2847       0.01006 ±    0.00149       0.01266 ±    0.00016     2.744 ±  0.046 %    93.768 ±  0.189 %    40.582 ±  0.258 %
   2      12.0413 ±    0.1898       0.00724 ±    0.00109       0.01343 ±    0.00015     2.965 ±  0.046 %    93.936 ±  0.132 %    42.420 ±  0.186 %
   3      13.1017 ±    0.1705       0.00783 ±    0.00090       0.01391 ±    0.00013     2.948 ±  0.039 %    93.831 ±  0.109 %    40.881 ±  0.150 %
   4      12.6780 ±    0.1429       0.00788 ±    0.00079       0.01440 ±    0.00020     3.034 ±  0.037 %    93.779 ±  0.094 %    41.682 ±  0.131 %
   5      12.0599 ±    0.1204       0.00742 ±    0.00072       0.01458 ±    0.00021     3.044 ±  0.035 %    93.891 ±  0.084 %    42.231 ±  0.117 %

====== Perplexity statistics ======
Mean PPL(Q)                   :  12.059861 ±   0.120375
Mean PPL(base)                :  11.970705 ±   0.119397
Cor(ln(PPL(Q)), ln(PPL(base))):  99.74%
Mean ln(PPL(Q)/PPL(base))     :   0.007420 ±   0.000722
Mean PPL(Q)/PPL(base)         :   1.007448 ±   0.000727
Mean PPL(Q)-PPL(base)         :   0.089155 ±   0.008730

====== KL divergence statistics ======
Mean    KLD:   0.014581 ±   0.000211
Maximum KLD:  10.215936
99.9%   KLD:   0.425032
99.0%   KLD:   0.111957
95.0%   KLD:   0.044116
90.0%   KLD:   0.029349
Median  KLD:   0.008103
10.0%   KLD:   0.000288
 5.0%   KLD:   0.000058
 1.0%   KLD:   0.000006
 0.1%   KLD:  -0.000003
Minimum KLD:  -0.000059

====== Token probability statistics ======
Mean    Δp: -0.144 ± 0.011 %
Maximum Δp: 78.658%
99.9%   Δp: 18.584%
99.0%   Δp:  8.482%
95.0%   Δp:  3.886%
90.0%   Δp:  2.208%
75.0%   Δp:  0.373%
Median  Δp: -0.002%
25.0%   Δp: -0.574%
10.0%   Δp: -2.669%
 5.0%   Δp: -4.505%
 1.0%   Δp: -9.645%
 0.1%   Δp: -22.031%
Minimum Δp: -53.871%
RMS Δp    :  3.044 ± 0.035 %
Same top p: 93.891 ± 0.084 %
Same sampled p: 42.231 ± 0.117 %

------------------------------
# llama-perplexity: version: 0.4.7-dev (build 11840, commit a740376d8-dirty) | built with GNU 15.3.0 for Linux x86_64
# model: /home/crusaderky/.cache/huggingface/hub/models--bartowski--MiniCPM5-2B-GGUF/snapshots/31fee0334c4ed9f1e079afe586ba30cb83e0f883/MiniCPM5-2B-Q6_K.gguf size=2107305184 mtime=2026-09-14T18:13:41+00:00 sha256/1048576B=7696d4515c9f04f092e9933de7be053bdacb6f5c865cd2e98cd7ca68d6d7f395
llama-perplexity --kl-divergence-base /tmp/logits.dat --ctx-size 32768 -f sample-data/wiki.test.head-2.4k.raw -fa on --hf-repo bartowski/MiniCPM5-2B-GGUF:Q6_K --cache-type-k q5_0 --cache-type-v q4_1 --kl-divergence
0.01.629.483 I cmn          init: llama threadpool init, n_threads = 16
0.01.678.420 I 
0.01.678.484 I system_info: n_threads = 16 (n_threads_batch = 16) / 32 | CUDA : ARCHS = 750,800,860,890,900,1000,1030,1200,1210 | USE_GRAPHS = 1 | FA_ALL_QUANTS = 1 | CPU : SSE3 = 1 | SSSE3 = 1 | AVX = 1 | AVX2 = 1 | F16C = 1 | FMA = 1 | BMI2 = 1 | LLAMAFILE = 1 | OPENMP = 1 | REPACK = 1 | 
0.01.959.868 I kl_divergence: computing over 5 chunks, n_ctx=32768, batch_size=2048, n_seq=1
0.10.434.447 I kl_divergence: 8.47 seconds per pass - ETA 0.70 minutes

chunk             PPL               ln(PPL(Q)/PPL(base))          KL Divergence              Δp RMS            Same top p        Same sampled p
   1      12.9356 ±    0.2858       0.01244 ±    0.00158       0.01468 ±    0.00017     2.893 ±  0.047 %    93.487 ±  0.193 %    40.563 ±  0.258 %
   2      12.0746 ±    0.1904       0.01001 ±    0.00118       0.01602 ±    0.00027     3.185 ±  0.066 %    93.524 ±  0.136 %    42.345 ±  0.186 %
   3      13.1178 ±    0.1707       0.00906 ±    0.00099       0.01653 ±    0.00020     3.176 ±  0.050 %    93.392 ±  0.112 %    40.805 ±  0.150 %
   4      12.6961 ±    0.1432       0.00931 ±    0.00089       0.01721 ±    0.00025     3.248 ±  0.044 %    93.397 ±  0.097 %    41.610 ±  0.131 %
   5      12.0800 ±    0.1206       0.00908 ±    0.00079       0.01710 ±    0.00021     3.255 ±  0.039 %    93.534 ±  0.086 %    42.171 ±  0.117 %

====== Perplexity statistics ======
Mean PPL(Q)                   :  12.079951 ±   0.120596
Mean PPL(base)                :  11.970705 ±   0.119397
Cor(ln(PPL(Q)), ln(PPL(base))):  99.69%
Mean ln(PPL(Q)/PPL(base))     :   0.009085 ±   0.000789
Mean PPL(Q)/PPL(base)         :   1.009126 ±   0.000796
Mean PPL(Q)-PPL(base)         :   0.109246 ±   0.009562

====== KL divergence statistics ======
Mean    KLD:   0.017100 ±   0.000214
Maximum KLD:  10.826688
99.9%   KLD:   0.442162
99.0%   KLD:   0.134415
95.0%   KLD:   0.053309
90.0%   KLD:   0.034893
Median  KLD:   0.009425
10.0%   KLD:   0.000342
 5.0%   KLD:   0.000070
 1.0%   KLD:   0.000007
 0.1%   KLD:  -0.000001
Minimum KLD:  -0.000050

====== Token probability statistics ======
Mean    Δp: -0.193 ± 0.011 %
Maximum Δp: 78.693%
99.9%   Δp: 20.716%
99.0%   Δp:  9.019%
95.0%   Δp:  3.994%
90.0%   Δp:  2.286%
75.0%   Δp:  0.382%
Median  Δp: -0.003%
25.0%   Δp: -0.651%
10.0%   Δp: -2.876%
 5.0%   Δp: -4.858%
 1.0%   Δp: -10.594%
 0.1%   Δp: -23.810%
Minimum Δp: -99.868%
RMS Δp    :  3.255 ± 0.039 %
Same top p: 93.534 ± 0.086 %
Same sampled p: 42.171 ± 0.117 %

------------------------------
# llama-perplexity: version: 0.4.7-dev (build 11840, commit a740376d8-dirty) | built with GNU 15.3.0 for Linux x86_64
# model: /home/crusaderky/.cache/huggingface/hub/models--bartowski--MiniCPM5-2B-GGUF/snapshots/31fee0334c4ed9f1e079afe586ba30cb83e0f883/MiniCPM5-2B-Q6_K.gguf size=2107305184 mtime=2026-09-14T18:13:41+00:00 sha256/1048576B=7696d4515c9f04f092e9933de7be053bdacb6f5c865cd2e98cd7ca68d6d7f395
llama-perplexity --kl-divergence-base /tmp/logits.dat --ctx-size 32768 -f sample-data/wiki.test.head-2.4k.raw -fa on --hf-repo bartowski/MiniCPM5-2B-GGUF:Q6_K --cache-type-k q5_0 --cache-type-v q4_0 --kl-divergence
0.01.560.186 I cmn          init: llama threadpool init, n_threads = 16
0.01.610.112 I 
0.01.610.182 I system_info: n_threads = 16 (n_threads_batch = 16) / 32 | CUDA : ARCHS = 750,800,860,890,900,1000,1030,1200,1210 | USE_GRAPHS = 1 | FA_ALL_QUANTS = 1 | CPU : SSE3 = 1 | SSSE3 = 1 | AVX = 1 | AVX2 = 1 | F16C = 1 | FMA = 1 | BMI2 = 1 | LLAMAFILE = 1 | OPENMP = 1 | REPACK = 1 | 
0.01.898.114 I kl_divergence: computing over 5 chunks, n_ctx=32768, batch_size=2048, n_seq=1
0.10.206.381 I kl_divergence: 8.31 seconds per pass - ETA 0.68 minutes

chunk             PPL               ln(PPL(Q)/PPL(base))          KL Divergence              Δp RMS            Same top p        Same sampled p
   1      12.9055 ±    0.2841       0.01010 ±    0.00164       0.01554 ±    0.00023     3.073 ±  0.054 %    93.298 ±  0.195 %    40.447 ±  0.258 %
   2      12.0578 ±    0.1897       0.00862 ±    0.00122       0.01671 ±    0.00021     3.226 ±  0.041 %    93.521 ±  0.136 %    42.265 ±  0.186 %
   3      13.1057 ±    0.1702       0.00813 ±    0.00101       0.01730 ±    0.00018     3.226 ±  0.035 %    93.261 ±  0.113 %    40.726 ±  0.150 %
   4      12.6917 ±    0.1428       0.00896 ±    0.00092       0.01812 ±    0.00029     3.318 ±  0.038 %    93.254 ±  0.098 %    41.531 ±  0.131 %
   5      12.0816 ±    0.1204       0.00922 ±    0.00083       0.01818 ±    0.00028     3.347 ±  0.038 %    93.391 ±  0.087 %    42.095 ±  0.117 %

====== Perplexity statistics ======
Mean PPL(Q)                   :  12.081642 ±   0.120438
Mean PPL(base)                :  11.970705 ±   0.119397
Cor(ln(PPL(Q)), ln(PPL(base))):  99.65%
Mean ln(PPL(Q)/PPL(base))     :   0.009225 ±   0.000833
Mean PPL(Q)/PPL(base)         :   1.009267 ±   0.000841
Mean PPL(Q)-PPL(base)         :   0.110937 ±   0.010072

====== KL divergence statistics ======
Mean    KLD:   0.018179 ±   0.000279
Maximum KLD:  10.790664
99.9%   KLD:   0.460910
99.0%   KLD:   0.140168
95.0%   KLD:   0.056070
90.0%   KLD:   0.036577
Median  KLD:   0.009801
10.0%   KLD:   0.000376
 5.0%   KLD:   0.000082
 1.0%   KLD:   0.000009
 0.1%   KLD:  -0.000001
Minimum KLD:  -0.000051

====== Token probability statistics ======
Mean    Δp: -0.260 ± 0.012 %
Maximum Δp: 86.034%
99.9%   Δp: 20.390%
99.0%   Δp:  9.076%
95.0%   Δp:  3.997%
90.0%   Δp:  2.201%
75.0%   Δp:  0.328%
Median  Δp: -0.005%
25.0%   Δp: -0.729%
10.0%   Δp: -3.085%
 5.0%   Δp: -5.118%
 1.0%   Δp: -11.245%
 0.1%   Δp: -24.635%
Minimum Δp: -82.981%
RMS Δp    :  3.347 ± 0.038 %
Same top p: 93.391 ± 0.087 %
Same sampled p: 42.095 ± 0.117 %

------------------------------
# llama-perplexity: version: 0.4.7-dev (build 11840, commit a740376d8-dirty) | built with GNU 15.3.0 for Linux x86_64
# model: /home/crusaderky/.cache/huggingface/hub/models--bartowski--MiniCPM5-2B-GGUF/snapshots/31fee0334c4ed9f1e079afe586ba30cb83e0f883/MiniCPM5-2B-Q6_K.gguf size=2107305184 mtime=2026-09-14T18:13:41+00:00 sha256/1048576B=7696d4515c9f04f092e9933de7be053bdacb6f5c865cd2e98cd7ca68d6d7f395
llama-perplexity --kl-divergence-base /tmp/logits.dat --ctx-size 32768 -f sample-data/wiki.test.head-2.4k.raw -fa on --hf-repo bartowski/MiniCPM5-2B-GGUF:Q6_K --cache-type-k q5_0 --cache-type-v q3_1 --kl-divergence
0.01.576.803 I cmn          init: llama threadpool init, n_threads = 16
0.01.626.376 I 
0.01.626.451 I system_info: n_threads = 16 (n_threads_batch = 16) / 32 | CUDA : ARCHS = 750,800,860,890,900,1000,1030,1200,1210 | USE_GRAPHS = 1 | FA_ALL_QUANTS = 1 | CPU : SSE3 = 1 | SSSE3 = 1 | AVX = 1 | AVX2 = 1 | F16C = 1 | FMA = 1 | BMI2 = 1 | LLAMAFILE = 1 | OPENMP = 1 | REPACK = 1 | 
0.01.914.125 I kl_divergence: computing over 5 chunks, n_ctx=32768, batch_size=2048, n_seq=1
0.10.250.193 I kl_divergence: 8.34 seconds per pass - ETA 0.68 minutes

chunk             PPL               ln(PPL(Q)/PPL(base))          KL Divergence              Δp RMS            Same top p        Same sampled p
   1      13.0075 ±    0.2863       0.01798 ±    0.00223       0.02743 ±    0.00039     3.950 ±  0.063 %    91.168 ±  0.222 %    40.184 ±  0.257 %
   2      12.1407 ±    0.1909       0.01547 ±    0.00160       0.02879 ±    0.00030     4.237 ±  0.059 %    91.445 ±  0.155 %    42.022 ±  0.186 %
   3      13.2039 ±    0.1713       0.01560 ±    0.00132       0.02968 ±    0.00025     4.224 ±  0.047 %    91.210 ±  0.128 %    40.472 ±  0.150 %
   4      12.7929 ±    0.1439       0.01690 ±    0.00117       0.03081 ±    0.00026     4.397 ±  0.047 %    91.250 ±  0.110 %    41.254 ±  0.130 %
   5      12.1783 ±    0.1213       0.01719 ±    0.00105       0.03076 ±    0.00027     4.379 ±  0.041 %    91.434 ±  0.098 %    41.816 ±  0.117 %

====== Perplexity statistics ======
Mean PPL(Q)                   :  12.178278 ±   0.121323
Mean PPL(base)                :  11.970705 ±   0.119397
Cor(ln(PPL(Q)), ln(PPL(base))):  99.44%
Mean ln(PPL(Q)/PPL(base))     :   0.017191 ±   0.001050
Mean PPL(Q)/PPL(base)         :   1.017340 ±   0.001069
Mean PPL(Q)-PPL(base)         :   0.207573 ±   0.012826

====== KL divergence statistics ======
Mean    KLD:   0.030759 ±   0.000269
Maximum KLD:   8.795573
99.9%   KLD:   0.727272
99.0%   KLD:   0.236412
95.0%   KLD:   0.098765
90.0%   KLD:   0.064666
Median  KLD:   0.017108
10.0%   KLD:   0.000703
 5.0%   KLD:   0.000160
 1.0%   KLD:   0.000019
 0.1%   KLD:   0.000002
Minimum KLD:  -0.000033

====== Token probability statistics ======
Mean    Δp: -0.475 ± 0.015 %
Maximum Δp: 83.356%
99.9%   Δp: 25.114%
99.0%   Δp: 11.404%
95.0%   Δp:  5.009%
90.0%   Δp:  2.702%
75.0%   Δp:  0.372%
Median  Δp: -0.015%
25.0%   Δp: -1.079%
10.0%   Δp: -4.233%
 5.0%   Δp: -7.109%
 1.0%   Δp: -15.003%
 0.1%   Δp: -31.731%
Minimum Δp: -79.017%
RMS Δp    :  4.379 ± 0.041 %
Same top p: 91.434 ± 0.098 %
Same sampled p: 41.816 ± 0.117 %

------------------------------
# llama-perplexity: version: 0.4.7-dev (build 11840, commit a740376d8-dirty) | built with GNU 15.3.0 for Linux x86_64
# model: /home/crusaderky/.cache/huggingface/hub/models--bartowski--MiniCPM5-2B-GGUF/snapshots/31fee0334c4ed9f1e079afe586ba30cb83e0f883/MiniCPM5-2B-Q6_K.gguf size=2107305184 mtime=2026-09-14T18:13:41+00:00 sha256/1048576B=7696d4515c9f04f092e9933de7be053bdacb6f5c865cd2e98cd7ca68d6d7f395
llama-perplexity --kl-divergence-base /tmp/logits.dat --ctx-size 32768 -f sample-data/wiki.test.head-2.4k.raw -fa on --hf-repo bartowski/MiniCPM5-2B-GGUF:Q6_K --cache-type-k q5_0 --cache-type-v q3_0 --kl-divergence
0.01.577.080 I cmn          init: llama threadpool init, n_threads = 16
0.01.627.077 I 
0.01.627.136 I system_info: n_threads = 16 (n_threads_batch = 16) / 32 | CUDA : ARCHS = 750,800,860,890,900,1000,1030,1200,1210 | USE_GRAPHS = 1 | FA_ALL_QUANTS = 1 | CPU : SSE3 = 1 | SSSE3 = 1 | AVX = 1 | AVX2 = 1 | F16C = 1 | FMA = 1 | BMI2 = 1 | LLAMAFILE = 1 | OPENMP = 1 | REPACK = 1 | 
0.01.919.673 I kl_divergence: computing over 5 chunks, n_ctx=32768, batch_size=2048, n_seq=1
0.10.252.817 I kl_divergence: 8.33 seconds per pass - ETA 0.68 minutes

chunk             PPL               ln(PPL(Q)/PPL(base))          KL Divergence              Δp RMS            Same top p        Same sampled p
   1      13.0377 ±    0.2878       0.02030 ±    0.00224       0.02845 ±    0.00037     4.204 ±  0.077 %    91.284 ±  0.220 %    40.224 ±  0.258 %
   2      12.1518 ±    0.1915       0.01638 ±    0.00164       0.03040 ±    0.00035     4.411 ±  0.063 %    91.241 ±  0.156 %    42.055 ±  0.186 %
   3      13.2231 ±    0.1720       0.01705 ±    0.00136       0.03151 ±    0.00028     4.417 ±  0.052 %    91.076 ±  0.129 %    40.508 ±  0.150 %
   4      12.8084 ±    0.1444       0.01811 ±    0.00120       0.03271 ±    0.00028     4.564 ±  0.050 %    91.006 ±  0.112 %    41.296 ±  0.131 %
   5      12.1847 ±    0.1216       0.01772 ±    0.00107       0.03260 ±    0.00032     4.536 ±  0.045 %    91.218 ±  0.099 %    41.853 ±  0.117 %

====== Perplexity statistics ======
Mean PPL(Q)                   :  12.184723 ±   0.121608
Mean PPL(base)                :  11.970705 ±   0.119397
Cor(ln(PPL(Q)), ln(PPL(base))):  99.42%
Mean ln(PPL(Q)/PPL(base))     :   0.017721 ±   0.001072
Mean PPL(Q)/PPL(base)         :   1.017878 ±   0.001092
Mean PPL(Q)-PPL(base)         :   0.214018 ±   0.013138

====== KL divergence statistics ======
Mean    KLD:   0.032601 ±   0.000321
Maximum KLD:  11.444247
99.9%   KLD:   0.824268
99.0%   KLD:   0.255545
95.0%   KLD:   0.104513
90.0%   KLD:   0.068202
Median  KLD:   0.017598
10.0%   KLD:   0.000738
 5.0%   KLD:   0.000161
 1.0%   KLD:   0.000018
 0.1%   KLD:   0.000001
Minimum KLD:  -0.000025

====== Token probability statistics ======
Mean    Δp: -0.423 ± 0.016 %
Maximum Δp: 84.800%
99.9%   Δp: 27.209%
99.0%   Δp: 12.016%
95.0%   Δp:  5.188%
90.0%   Δp:  2.856%
75.0%   Δp:  0.412%
Median  Δp: -0.010%
25.0%   Δp: -1.020%
10.0%   Δp: -4.196%
 5.0%   Δp: -7.125%
 1.0%   Δp: -15.433%
 0.1%   Δp: -33.879%
Minimum Δp: -83.916%
RMS Δp    :  4.536 ± 0.045 %
Same top p: 91.218 ± 0.099 %
Same sampled p: 41.853 ± 0.117 %

------------------------------
# llama-perplexity: version: 0.4.7-dev (build 11840, commit a740376d8-dirty) | built with GNU 15.3.0 for Linux x86_64
# model: /home/crusaderky/.cache/huggingface/hub/models--bartowski--MiniCPM5-2B-GGUF/snapshots/31fee0334c4ed9f1e079afe586ba30cb83e0f883/MiniCPM5-2B-Q6_K.gguf size=2107305184 mtime=2026-09-14T18:13:41+00:00 sha256/1048576B=7696d4515c9f04f092e9933de7be053bdacb6f5c865cd2e98cd7ca68d6d7f395
llama-perplexity --kl-divergence-base /tmp/logits.dat --ctx-size 32768 -f sample-data/wiki.test.head-2.4k.raw -fa on --hf-repo bartowski/MiniCPM5-2B-GGUF:Q6_K --cache-type-k q4_1 --cache-type-v q4_1 --kl-divergence
0.01.552.618 I cmn          init: llama threadpool init, n_threads = 16
0.01.600.706 I 
0.01.600.782 I system_info: n_threads = 16 (n_threads_batch = 16) / 32 | CUDA : ARCHS = 750,800,860,890,900,1000,1030,1200,1210 | USE_GRAPHS = 1 | FA_ALL_QUANTS = 1 | CPU : SSE3 = 1 | SSSE3 = 1 | AVX = 1 | AVX2 = 1 | F16C = 1 | FMA = 1 | BMI2 = 1 | LLAMAFILE = 1 | OPENMP = 1 | REPACK = 1 | 
0.01.879.308 I kl_divergence: computing over 5 chunks, n_ctx=32768, batch_size=2048, n_seq=1
0.10.171.760 I kl_divergence: 8.29 seconds per pass - ETA 0.68 minutes

chunk             PPL               ln(PPL(Q)/PPL(base))          KL Divergence              Δp RMS            Same top p        Same sampled p
   1      13.0197 ±    0.2876       0.01892 ±    0.00227       0.02876 ±    0.00041     4.124 ±  0.077 %    90.917 ±  0.225 %    40.316 ±  0.258 %
   2      12.1476 ±    0.1914       0.01603 ±    0.00165       0.02996 ±    0.00034     4.457 ±  0.066 %    91.140 ±  0.157 %    42.074 ±  0.186 %
   3      13.2337 ±    0.1722       0.01786 ±    0.00136       0.03084 ±    0.00027     4.400 ±  0.052 %    91.107 ±  0.128 %    40.536 ±  0.150 %
   4      12.8043 ±    0.1443       0.01779 ±    0.00121       0.03210 ±    0.00029     4.575 ±  0.052 %    91.047 ±  0.112 %    41.318 ±  0.131 %
   5      12.1732 ±    0.1215       0.01678 ±    0.00109       0.03220 ±    0.00029     4.598 ±  0.047 %    91.198 ±  0.099 %    41.879 ±  0.117 %

====== Perplexity statistics ======
Mean PPL(Q)                   :  12.173216 ±   0.121458
Mean PPL(base)                :  11.970705 ±   0.119397
Cor(ln(PPL(Q)), ln(PPL(base))):  99.41%
Mean ln(PPL(Q)/PPL(base))     :   0.016776 ±   0.001086
Mean PPL(Q)/PPL(base)         :   1.016917 ±   0.001105
Mean PPL(Q)-PPL(base)         :   0.202511 ±   0.013273

====== KL divergence statistics ======
Mean    KLD:   0.032199 ±   0.000293
Maximum KLD:   8.799955
99.9%   KLD:   0.816430
99.0%   KLD:   0.250746
95.0%   KLD:   0.104229
90.0%   KLD:   0.068158
Median  KLD:   0.017265
10.0%   KLD:   0.000673
 5.0%   KLD:   0.000146
 1.0%   KLD:   0.000017
 0.1%   KLD:   0.000001
Minimum KLD:  -0.000038

====== Token probability statistics ======
Mean    Δp: -0.387 ± 0.016 %
Maximum Δp: 84.763%
99.9%   Δp: 28.485%
99.0%   Δp: 12.289%
95.0%   Δp:  5.313%
90.0%   Δp:  2.912%
75.0%   Δp:  0.430%
Median  Δp: -0.010%
25.0%   Δp: -0.981%
10.0%   Δp: -4.147%
 5.0%   Δp: -6.939%
 1.0%   Δp: -15.701%
 0.1%   Δp: -35.089%
Minimum Δp: -97.624%
RMS Δp    :  4.598 ± 0.047 %
Same top p: 91.198 ± 0.099 %
Same sampled p: 41.879 ± 0.117 %

------------------------------
# llama-perplexity: version: 0.4.7-dev (build 11840, commit a740376d8-dirty) | built with GNU 15.3.0 for Linux x86_64
# model: /home/crusaderky/.cache/huggingface/hub/models--bartowski--MiniCPM5-2B-GGUF/snapshots/31fee0334c4ed9f1e079afe586ba30cb83e0f883/MiniCPM5-2B-Q6_K.gguf size=2107305184 mtime=2026-09-14T18:13:41+00:00 sha256/1048576B=7696d4515c9f04f092e9933de7be053bdacb6f5c865cd2e98cd7ca68d6d7f395
llama-perplexity --kl-divergence-base /tmp/logits.dat --ctx-size 32768 -f sample-data/wiki.test.head-2.4k.raw -fa on --hf-repo bartowski/MiniCPM5-2B-GGUF:Q6_K --cache-type-k q4_1 --cache-type-v q4_0 --kl-divergence
0.01.577.910 I cmn          init: llama threadpool init, n_threads = 16
0.01.628.294 I 
0.01.628.366 I system_info: n_threads = 16 (n_threads_batch = 16) / 32 | CUDA : ARCHS = 750,800,860,890,900,1000,1030,1200,1210 | USE_GRAPHS = 1 | FA_ALL_QUANTS = 1 | CPU : SSE3 = 1 | SSSE3 = 1 | AVX = 1 | AVX2 = 1 | F16C = 1 | FMA = 1 | BMI2 = 1 | LLAMAFILE = 1 | OPENMP = 1 | REPACK = 1 | 
0.01.919.059 I kl_divergence: computing over 5 chunks, n_ctx=32768, batch_size=2048, n_seq=1
0.10.213.960 I kl_divergence: 8.29 seconds per pass - ETA 0.68 minutes

chunk             PPL               ln(PPL(Q)/PPL(base))          KL Divergence              Δp RMS            Same top p        Same sampled p
   1      13.0706 ±    0.2888       0.02282 ±    0.00232       0.02955 ±    0.00045     4.294 ±  0.099 %    90.783 ±  0.226 %    40.189 ±  0.258 %
   2      12.1979 ±    0.1923       0.02016 ±    0.00166       0.03041 ±    0.00033     4.428 ±  0.068 %    90.978 ±  0.158 %    42.028 ±  0.186 %
   3      13.2416 ±    0.1722       0.01845 ±    0.00138       0.03144 ±    0.00028     4.413 ±  0.053 %    90.926 ±  0.130 %    40.479 ±  0.150 %
   4      12.8104 ±    0.1444       0.01826 ±    0.00122       0.03252 ±    0.00030     4.580 ±  0.053 %    90.864 ±  0.113 %    41.274 ±  0.131 %
   5      12.1970 ±    0.1217       0.01873 ±    0.00110       0.03252 ±    0.00032     4.572 ±  0.047 %    91.118 ±  0.099 %    41.824 ±  0.117 %

====== Perplexity statistics ======
Mean PPL(Q)                   :  12.196973 ±   0.121712
Mean PPL(base)                :  11.970705 ±   0.119397
Cor(ln(PPL(Q)), ln(PPL(base))):  99.39%
Mean ln(PPL(Q)/PPL(base))     :   0.018725 ±   0.001100
Mean PPL(Q)/PPL(base)         :   1.018902 ±   0.001120
Mean PPL(Q)-PPL(base)         :   0.226268 ±   0.013487

====== KL divergence statistics ======
Mean    KLD:   0.032518 ±   0.000320
Maximum KLD:  10.700335
99.9%   KLD:   0.831458
99.0%   KLD:   0.252343
95.0%   KLD:   0.104504
90.0%   KLD:   0.069144
Median  KLD:   0.017549
10.0%   KLD:   0.000729
 5.0%   KLD:   0.000159
 1.0%   KLD:   0.000019
 0.1%   KLD:   0.000002
Minimum KLD:  -0.000028

====== Token probability statistics ======
Mean    Δp: -0.443 ± 0.016 %
Maximum Δp: 90.968%
99.9%   Δp: 28.062%
99.0%   Δp: 12.171%
95.0%   Δp:  5.228%
90.0%   Δp:  2.824%
75.0%   Δp:  0.396%
Median  Δp: -0.014%
25.0%   Δp: -1.070%
10.0%   Δp: -4.271%
 5.0%   Δp: -7.124%
 1.0%   Δp: -15.334%
 0.1%   Δp: -35.238%
Minimum Δp: -92.881%
RMS Δp    :  4.572 ± 0.047 %
Same top p: 91.118 ± 0.099 %
Same sampled p: 41.824 ± 0.117 %

------------------------------
# llama-perplexity: version: 0.4.7-dev (build 11840, commit a740376d8-dirty) | built with GNU 15.3.0 for Linux x86_64
# model: /home/crusaderky/.cache/huggingface/hub/models--bartowski--MiniCPM5-2B-GGUF/snapshots/31fee0334c4ed9f1e079afe586ba30cb83e0f883/MiniCPM5-2B-Q6_K.gguf size=2107305184 mtime=2026-09-14T18:13:41+00:00 sha256/1048576B=7696d4515c9f04f092e9933de7be053bdacb6f5c865cd2e98cd7ca68d6d7f395
llama-perplexity --kl-divergence-base /tmp/logits.dat --ctx-size 32768 -f sample-data/wiki.test.head-2.4k.raw -fa on --hf-repo bartowski/MiniCPM5-2B-GGUF:Q6_K --cache-type-k q4_1 --cache-type-v q3_1 --kl-divergence
0.01.573.808 I cmn          init: llama threadpool init, n_threads = 16
0.01.622.601 I 
0.01.622.671 I system_info: n_threads = 16 (n_threads_batch = 16) / 32 | CUDA : ARCHS = 750,800,860,890,900,1000,1030,1200,1210 | USE_GRAPHS = 1 | FA_ALL_QUANTS = 1 | CPU : SSE3 = 1 | SSSE3 = 1 | AVX = 1 | AVX2 = 1 | F16C = 1 | FMA = 1 | BMI2 = 1 | LLAMAFILE = 1 | OPENMP = 1 | REPACK = 1 | 
0.01.907.486 I kl_divergence: computing over 5 chunks, n_ctx=32768, batch_size=2048, n_seq=1
0.10.204.498 I kl_divergence: 8.30 seconds per pass - ETA 0.68 minutes

chunk             PPL               ln(PPL(Q)/PPL(base))          KL Divergence              Δp RMS            Same top p        Same sampled p
   1      13.2195 ±    0.2917       0.03415 ±    0.00273       0.04122 ±    0.00058     5.064 ±  0.103 %    89.385 ±  0.241 %    39.926 ±  0.257 %
   2      12.3013 ±    0.1937       0.02861 ±    0.00198       0.04320 ±    0.00045     5.263 ±  0.073 %    89.575 ±  0.169 %    41.754 ±  0.186 %
   3      13.3453 ±    0.1732       0.02625 ±    0.00163       0.04469 ±    0.00037     5.270 ±  0.058 %    89.408 ±  0.139 %    40.179 ±  0.150 %
   4      12.9168 ±    0.1453       0.02654 ±    0.00143       0.04575 ±    0.00036     5.400 ±  0.053 %    89.369 ±  0.120 %    40.956 ±  0.130 %
   5      12.2858 ±    0.1224       0.02598 ±    0.00127       0.04554 ±    0.00036     5.398 ±  0.048 %    89.622 ±  0.107 %    41.524 ±  0.117 %

====== Perplexity statistics ======
Mean PPL(Q)                   :  12.285778 ±   0.122384
Mean PPL(base)                :  11.970705 ±   0.119397
Cor(ln(PPL(Q)), ln(PPL(base))):  99.19%
Mean ln(PPL(Q)/PPL(base))     :   0.025980 ±   0.001272
Mean PPL(Q)/PPL(base)         :   1.026320 ±   0.001305
Mean PPL(Q)-PPL(base)         :   0.315073 ±   0.015709

====== KL divergence statistics ======
Mean    KLD:   0.045537 ±   0.000364
Maximum KLD:  11.443871
99.9%   KLD:   1.126884
99.0%   KLD:   0.348463
95.0%   KLD:   0.148160
90.0%   KLD:   0.097543
Median  KLD:   0.025003
10.0%   KLD:   0.001103
 5.0%   KLD:   0.000250
 1.0%   KLD:   0.000032
 0.1%   KLD:   0.000003
Minimum KLD:  -0.000022

====== Token probability statistics ======
Mean    Δp: -0.676 ± 0.019 %
Maximum Δp: 83.403%
99.9%   Δp: 31.125%
99.0%   Δp: 13.732%
95.0%   Δp:  5.834%
90.0%   Δp:  3.095%
75.0%   Δp:  0.410%
Median  Δp: -0.026%
25.0%   Δp: -1.397%
10.0%   Δp: -5.387%
 5.0%   Δp: -8.873%
 1.0%   Δp: -19.005%
 0.1%   Δp: -39.798%
Minimum Δp: -79.631%
RMS Δp    :  5.398 ± 0.048 %
Same top p: 89.622 ± 0.107 %
Same sampled p: 41.524 ± 0.117 %

------------------------------
# llama-perplexity: version: 0.4.7-dev (build 11840, commit a740376d8-dirty) | built with GNU 15.3.0 for Linux x86_64
# model: /home/crusaderky/.cache/huggingface/hub/models--bartowski--MiniCPM5-2B-GGUF/snapshots/31fee0334c4ed9f1e079afe586ba30cb83e0f883/MiniCPM5-2B-Q6_K.gguf size=2107305184 mtime=2026-09-14T18:13:41+00:00 sha256/1048576B=7696d4515c9f04f092e9933de7be053bdacb6f5c865cd2e98cd7ca68d6d7f395
llama-perplexity --kl-divergence-base /tmp/logits.dat --ctx-size 32768 -f sample-data/wiki.test.head-2.4k.raw -fa on --hf-repo bartowski/MiniCPM5-2B-GGUF:Q6_K --cache-type-k q4_1 --cache-type-v q3_0 --kl-divergence
0.01.561.876 I cmn          init: llama threadpool init, n_threads = 16
0.01.610.834 I 
0.01.610.900 I system_info: n_threads = 16 (n_threads_batch = 16) / 32 | CUDA : ARCHS = 750,800,860,890,900,1000,1030,1200,1210 | USE_GRAPHS = 1 | FA_ALL_QUANTS = 1 | CPU : SSE3 = 1 | SSSE3 = 1 | AVX = 1 | AVX2 = 1 | F16C = 1 | FMA = 1 | BMI2 = 1 | LLAMAFILE = 1 | OPENMP = 1 | REPACK = 1 | 
0.01.892.135 I kl_divergence: computing over 5 chunks, n_ctx=32768, batch_size=2048, n_seq=1
0.10.192.568 I kl_divergence: 8.30 seconds per pass - ETA 0.68 minutes

chunk             PPL               ln(PPL(Q)/PPL(base))          KL Divergence              Δp RMS            Same top p        Same sampled p
   1      13.2168 ±    0.2924       0.03394 ±    0.00278       0.04252 ±    0.00058     5.134 ±  0.101 %    89.245 ±  0.242 %    39.958 ±  0.257 %
   2      12.3038 ±    0.1940       0.02881 ±    0.00200       0.04439 ±    0.00045     5.361 ±  0.075 %    89.288 ±  0.171 %    41.776 ±  0.186 %
   3      13.3673 ±    0.1739       0.02790 ±    0.00166       0.04567 ±    0.00037     5.305 ±  0.060 %    88.936 ±  0.141 %    40.255 ±  0.150 %
   4      12.9428 ±    0.1459       0.02855 ±    0.00147       0.04728 ±    0.00037     5.436 ±  0.056 %    88.998 ±  0.122 %    41.024 ±  0.131 %
   5      12.3074 ±    0.1228       0.02774 ±    0.00131       0.04671 ±    0.00035     5.423 ±  0.049 %    89.282 ±  0.108 %    41.585 ±  0.117 %

====== Perplexity statistics ======
Mean PPL(Q)                   :  12.307383 ±   0.122832
Mean PPL(base)                :  11.970705 ±   0.119397
Cor(ln(PPL(Q)), ln(PPL(base))):  99.14%
Mean ln(PPL(Q)/PPL(base))     :   0.027737 ±   0.001308
Mean PPL(Q)/PPL(base)         :   1.028125 ±   0.001345
Mean PPL(Q)-PPL(base)         :   0.336677 ±   0.016242

====== KL divergence statistics ======
Mean    KLD:   0.046709 ±   0.000351
Maximum KLD:   9.278833
99.9%   KLD:   1.083534
99.0%   KLD:   0.358874
95.0%   KLD:   0.154687
90.0%   KLD:   0.101547
Median  KLD:   0.025314
10.0%   KLD:   0.001088
 5.0%   KLD:   0.000237
 1.0%   KLD:   0.000028
 0.1%   KLD:   0.000003
Minimum KLD:  -0.000053

====== Token probability statistics ======
Mean    Δp: -0.611 ± 0.019 %
Maximum Δp: 80.019%
99.9%   Δp: 31.453%
99.0%   Δp: 14.392%
95.0%   Δp:  6.125%
90.0%   Δp:  3.260%
75.0%   Δp:  0.426%
Median  Δp: -0.021%
25.0%   Δp: -1.362%
10.0%   Δp: -5.228%
 5.0%   Δp: -8.773%
 1.0%   Δp: -19.061%
 0.1%   Δp: -39.986%
Minimum Δp: -96.802%
RMS Δp    :  5.423 ± 0.049 %
Same top p: 89.282 ± 0.108 %
Same sampled p: 41.585 ± 0.117 %

------------------------------
# llama-perplexity: version: 0.4.7-dev (build 11840, commit a740376d8-dirty) | built with GNU 15.3.0 for Linux x86_64
# model: /home/crusaderky/.cache/huggingface/hub/models--bartowski--MiniCPM5-2B-GGUF/snapshots/31fee0334c4ed9f1e079afe586ba30cb83e0f883/MiniCPM5-2B-Q6_K.gguf size=2107305184 mtime=2026-09-14T18:13:41+00:00 sha256/1048576B=7696d4515c9f04f092e9933de7be053bdacb6f5c865cd2e98cd7ca68d6d7f395
llama-perplexity --kl-divergence-base /tmp/logits.dat --ctx-size 32768 -f sample-data/wiki.test.head-2.4k.raw -fa on --hf-repo bartowski/MiniCPM5-2B-GGUF:Q6_K --cache-type-k q4_0 --cache-type-v q4_0 --kl-divergence
0.01.585.134 I cmn          init: llama threadpool init, n_threads = 16
0.01.634.759 I 
0.01.634.828 I system_info: n_threads = 16 (n_threads_batch = 16) / 32 | CUDA : ARCHS = 750,800,860,890,900,1000,1030,1200,1210 | USE_GRAPHS = 1 | FA_ALL_QUANTS = 1 | CPU : SSE3 = 1 | SSSE3 = 1 | AVX = 1 | AVX2 = 1 | F16C = 1 | FMA = 1 | BMI2 = 1 | LLAMAFILE = 1 | OPENMP = 1 | REPACK = 1 | 
0.01.921.890 I kl_divergence: computing over 5 chunks, n_ctx=32768, batch_size=2048, n_seq=1
0.10.201.578 I kl_divergence: 8.28 seconds per pass - ETA 0.68 minutes

chunk             PPL               ln(PPL(Q)/PPL(base))          KL Divergence              Δp RMS            Same top p        Same sampled p
   1      12.9925 ±    0.2860       0.01683 ±    0.00247       0.03250 ±    0.00045     4.429 ±  0.083 %    90.637 ±  0.228 %    40.145 ±  0.258 %
   2      12.1832 ±    0.1919       0.01896 ±    0.00176       0.03447 ±    0.00039     4.668 ±  0.075 %    90.652 ±  0.161 %    41.990 ±  0.186 %
   3      13.2560 ±    0.1723       0.01954 ±    0.00145       0.03569 ±    0.00032     4.637 ±  0.058 %    90.397 ±  0.133 %    40.436 ±  0.150 %
   4      12.8333 ±    0.1446       0.02005 ±    0.00128       0.03680 ±    0.00033     4.744 ±  0.051 %    90.360 ±  0.115 %    41.242 ±  0.131 %
   5      12.2072 ±    0.1218       0.01956 ±    0.00115       0.03674 ±    0.00034     4.735 ±  0.045 %    90.578 ±  0.102 %    41.793 ±  0.117 %

====== Perplexity statistics ======
Mean PPL(Q)                   :  12.207183 ±   0.121751
Mean PPL(base)                :  11.970705 ±   0.119397
Cor(ln(PPL(Q)), ln(PPL(base))):  99.33%
Mean ln(PPL(Q)/PPL(base))     :   0.019562 ±   0.001151
Mean PPL(Q)/PPL(base)         :   1.019755 ±   0.001174
Mean PPL(Q)-PPL(base)         :   0.236477 ±   0.014111

====== KL divergence statistics ======
Mean    KLD:   0.036744 ±   0.000344
Maximum KLD:  11.572109
99.9%   KLD:   0.920926
99.0%   KLD:   0.285182
95.0%   KLD:   0.120055
90.0%   KLD:   0.077648
Median  KLD:   0.019585
10.0%   KLD:   0.000794
 5.0%   KLD:   0.000172
 1.0%   KLD:   0.000020
 0.1%   KLD:   0.000002
Minimum KLD:  -0.000008

====== Token probability statistics ======
Mean    Δp: -0.456 ± 0.016 %
Maximum Δp: 82.236%
99.9%   Δp: 28.419%
99.0%   Δp: 12.889%
95.0%   Δp:  5.519%
90.0%   Δp:  2.996%
75.0%   Δp:  0.414%
Median  Δp: -0.014%
25.0%   Δp: -1.106%
10.0%   Δp: -4.494%
 5.0%   Δp: -7.579%
 1.0%   Δp: -16.286%
 0.1%   Δp: -33.821%
Minimum Δp: -92.536%
RMS Δp    :  4.735 ± 0.045 %
Same top p: 90.578 ± 0.102 %
Same sampled p: 41.793 ± 0.117 %

------------------------------
# llama-perplexity: version: 0.4.7-dev (build 11840, commit a740376d8-dirty) | built with GNU 15.3.0 for Linux x86_64
# model: /home/crusaderky/.cache/huggingface/hub/models--bartowski--MiniCPM5-2B-GGUF/snapshots/31fee0334c4ed9f1e079afe586ba30cb83e0f883/MiniCPM5-2B-Q6_K.gguf size=2107305184 mtime=2026-09-14T18:13:41+00:00 sha256/1048576B=7696d4515c9f04f092e9933de7be053bdacb6f5c865cd2e98cd7ca68d6d7f395
llama-perplexity --kl-divergence-base /tmp/logits.dat --ctx-size 32768 -f sample-data/wiki.test.head-2.4k.raw -fa on --hf-repo bartowski/MiniCPM5-2B-GGUF:Q6_K --cache-type-k q4_0 --cache-type-v q3_1 --kl-divergence
0.01.595.883 I cmn          init: llama threadpool init, n_threads = 16
0.01.646.267 I 
0.01.646.337 I system_info: n_threads = 16 (n_threads_batch = 16) / 32 | CUDA : ARCHS = 750,800,860,890,900,1000,1030,1200,1210 | USE_GRAPHS = 1 | FA_ALL_QUANTS = 1 | CPU : SSE3 = 1 | SSSE3 = 1 | AVX = 1 | AVX2 = 1 | F16C = 1 | FMA = 1 | BMI2 = 1 | LLAMAFILE = 1 | OPENMP = 1 | REPACK = 1 | 
0.01.933.435 I kl_divergence: computing over 5 chunks, n_ctx=32768, batch_size=2048, n_seq=1
0.10.242.831 I kl_divergence: 8.31 seconds per pass - ETA 0.68 minutes

chunk             PPL               ln(PPL(Q)/PPL(base))          KL Divergence              Δp RMS            Same top p        Same sampled p
   1      13.2179 ±    0.2919       0.03403 ±    0.00291       0.04499 ±    0.00064     5.280 ±  0.100 %    89.214 ±  0.242 %    39.898 ±  0.257 %
   2      12.3374 ±    0.1945       0.03154 ±    0.00208       0.04719 ±    0.00054     5.508 ±  0.079 %    89.340 ±  0.170 %    41.712 ±  0.186 %
   3      13.4167 ±    0.1745       0.03159 ±    0.00172       0.04901 ±    0.00045     5.534 ±  0.062 %    88.901 ±  0.142 %    40.159 ±  0.150 %
   4      12.9753 ±    0.1462       0.03106 ±    0.00151       0.05035 ±    0.00040     5.641 ±  0.055 %    88.908 ±  0.123 %    40.937 ±  0.130 %
   5      12.3333 ±    0.1230       0.02984 ±    0.00135       0.05006 ±    0.00041     5.612 ±  0.049 %    89.156 ±  0.109 %    41.499 ±  0.117 %

====== Perplexity statistics ======
Mean PPL(Q)                   :  12.333258 ±   0.122970
Mean PPL(base)                :  11.970705 ±   0.119397
Cor(ln(PPL(Q)), ln(PPL(base))):  99.08%
Mean ln(PPL(Q)/PPL(base))     :   0.029837 ±   0.001350
Mean PPL(Q)/PPL(base)         :   1.030287 ±   0.001391
Mean PPL(Q)-PPL(base)         :   0.362552 ±   0.016792

====== KL divergence statistics ======
Mean    KLD:   0.050056 ±   0.000406
Maximum KLD:  10.676762
99.9%   KLD:   1.254448
99.0%   KLD:   0.378433
95.0%   KLD:   0.161893
90.0%   KLD:   0.107228
Median  KLD:   0.027582
10.0%   KLD:   0.001199
 5.0%   KLD:   0.000285
 1.0%   KLD:   0.000036
 0.1%   KLD:   0.000003
Minimum KLD:  -0.000027

====== Token probability statistics ======
Mean    Δp: -0.697 ± 0.019 %
Maximum Δp: 90.663%
99.9%   Δp: 30.806%
99.0%   Δp: 14.448%
95.0%   Δp:  6.259%
90.0%   Δp:  3.316%
75.0%   Δp:  0.420%
Median  Δp: -0.028%
25.0%   Δp: -1.453%
10.0%   Δp: -5.573%
 5.0%   Δp: -9.307%
 1.0%   Δp: -20.011%
 0.1%   Δp: -42.662%
Minimum Δp: -88.605%
RMS Δp    :  5.612 ± 0.049 %
Same top p: 89.156 ± 0.109 %
Same sampled p: 41.499 ± 0.117 %

------------------------------
# llama-perplexity: version: 0.4.7-dev (build 11840, commit a740376d8-dirty) | built with GNU 15.3.0 for Linux x86_64
# model: /home/crusaderky/.cache/huggingface/hub/models--bartowski--MiniCPM5-2B-GGUF/snapshots/31fee0334c4ed9f1e079afe586ba30cb83e0f883/MiniCPM5-2B-Q6_K.gguf size=2107305184 mtime=2026-09-14T18:13:41+00:00 sha256/1048576B=7696d4515c9f04f092e9933de7be053bdacb6f5c865cd2e98cd7ca68d6d7f395
llama-perplexity --kl-divergence-base /tmp/logits.dat --ctx-size 32768 -f sample-data/wiki.test.head-2.4k.raw -fa on --hf-repo bartowski/MiniCPM5-2B-GGUF:Q6_K --cache-type-k q4_0 --cache-type-v q3_0 --kl-divergence
0.01.594.326 I cmn          init: llama threadpool init, n_threads = 16
0.01.643.928 I 
0.01.644.004 I system_info: n_threads = 16 (n_threads_batch = 16) / 32 | CUDA : ARCHS = 750,800,860,890,900,1000,1030,1200,1210 | USE_GRAPHS = 1 | FA_ALL_QUANTS = 1 | CPU : SSE3 = 1 | SSSE3 = 1 | AVX = 1 | AVX2 = 1 | F16C = 1 | FMA = 1 | BMI2 = 1 | LLAMAFILE = 1 | OPENMP = 1 | REPACK = 1 | 
0.01.927.542 I kl_divergence: computing over 5 chunks, n_ctx=32768, batch_size=2048, n_seq=1
0.10.229.382 I kl_divergence: 8.30 seconds per pass - ETA 0.68 minutes

chunk             PPL               ln(PPL(Q)/PPL(base))          KL Divergence              Δp RMS            Same top p        Same sampled p
   1      13.2378 ±    0.2935       0.03553 ±    0.00291       0.04697 ±    0.00069     5.409 ±  0.109 %    89.037 ±  0.244 %    40.026 ±  0.257 %
   2      12.3503 ±    0.1952       0.03258 ±    0.00207       0.04821 ±    0.00050     5.543 ±  0.078 %    89.159 ±  0.172 %    41.769 ±  0.186 %
   3      13.4616 ±    0.1757       0.03493 ±    0.00171       0.04997 ±    0.00042     5.537 ±  0.063 %    88.773 ±  0.142 %    40.238 ±  0.150 %
   4      13.0176 ±    0.1472       0.03431 ±    0.00151       0.05145 ±    0.00043     5.630 ±  0.056 %    88.743 ±  0.123 %    41.027 ±  0.131 %
   5      12.3752 ±    0.1238       0.03323 ±    0.00135       0.05120 ±    0.00045     5.651 ±  0.050 %    88.981 ±  0.109 %    41.573 ±  0.117 %

====== Perplexity statistics ======
Mean PPL(Q)                   :  12.375207 ±   0.123838
Mean PPL(base)                :  11.970705 ±   0.119397
Cor(ln(PPL(Q)), ln(PPL(base))):  99.09%
Mean ln(PPL(Q)/PPL(base))     :   0.033233 ±   0.001347
Mean PPL(Q)/PPL(base)         :   1.033791 ±   0.001393
Mean PPL(Q)-PPL(base)         :   0.404502 ±   0.016981

====== KL divergence statistics ======
Mean    KLD:   0.051199 ±   0.000447
Maximum KLD:  12.307809
99.9%   KLD:   1.237228
99.0%   KLD:   0.387248
95.0%   KLD:   0.168647
90.0%   KLD:   0.110250
Median  KLD:   0.027508
10.0%   KLD:   0.001161
 5.0%   KLD:   0.000253
 1.0%   KLD:   0.000030
 0.1%   KLD:   0.000003
Minimum KLD:  -0.000015

====== Token probability statistics ======
Mean    Δp: -0.623 ± 0.020 %
Maximum Δp: 86.891%
99.9%   Δp: 32.695%
99.0%   Δp: 14.858%
95.0%   Δp:  6.422%
90.0%   Δp:  3.429%
75.0%   Δp:  0.456%
Median  Δp: -0.021%
25.0%   Δp: -1.400%
10.0%   Δp: -5.395%
 5.0%   Δp: -9.182%
 1.0%   Δp: -19.805%
 0.1%   Δp: -41.486%
Minimum Δp: -86.758%
RMS Δp    :  5.651 ± 0.050 %
Same top p: 88.981 ± 0.109 %
Same sampled p: 41.573 ± 0.117 %

------------------------------
# llama-perplexity: version: 0.4.7-dev (build 11840, commit a740376d8-dirty) | built with GNU 15.3.0 for Linux x86_64
# model: /home/crusaderky/.cache/huggingface/hub/models--bartowski--MiniCPM5-2B-GGUF/snapshots/31fee0334c4ed9f1e079afe586ba30cb83e0f883/MiniCPM5-2B-Q6_K.gguf size=2107305184 mtime=2026-09-14T18:13:41+00:00 sha256/1048576B=7696d4515c9f04f092e9933de7be053bdacb6f5c865cd2e98cd7ca68d6d7f395
llama-perplexity --kl-divergence-base /tmp/logits.dat --ctx-size 32768 -f sample-data/wiki.test.head-2.4k.raw -fa on --hf-repo bartowski/MiniCPM5-2B-GGUF:Q6_K --cache-type-k q3_1 --cache-type-v q3_1 --kl-divergence
0.01.600.996 I cmn          init: llama threadpool init, n_threads = 16
0.01.649.393 I 
0.01.649.458 I system_info: n_threads = 16 (n_threads_batch = 16) / 32 | CUDA : ARCHS = 750,800,860,890,900,1000,1030,1200,1210 | USE_GRAPHS = 1 | FA_ALL_QUANTS = 1 | CPU : SSE3 = 1 | SSSE3 = 1 | AVX = 1 | AVX2 = 1 | F16C = 1 | FMA = 1 | BMI2 = 1 | LLAMAFILE = 1 | OPENMP = 1 | REPACK = 1 | 
0.01.932.995 I kl_divergence: computing over 5 chunks, n_ctx=32768, batch_size=2048, n_seq=1
0.10.226.826 I kl_divergence: 8.29 seconds per pass - ETA 0.68 minutes

chunk             PPL               ln(PPL(Q)/PPL(base))          KL Divergence              Δp RMS            Same top p        Same sampled p
   1      13.8751 ±    0.3048       0.08255 ±    0.00462       0.11640 ±    0.00142     8.891 ±  0.148 %    83.214 ±  0.292 %    38.219 ±  0.255 %
   2      12.9198 ±    0.2026       0.07766 ±    0.00334       0.12105 ±    0.00110     9.127 ±  0.104 %    83.233 ±  0.206 %    40.026 ±  0.185 %
   3      14.0558 ±    0.1819       0.07812 ±    0.00273       0.12426 ±    0.00090     9.036 ±  0.083 %    82.732 ±  0.170 %    38.529 ±  0.148 %
   4      13.6205 ±    0.1528       0.07959 ±    0.00242       0.12796 ±    0.00087     9.242 ±  0.075 %    82.726 ±  0.148 %    39.246 ±  0.130 %
   5      12.9474 ±    0.1286       0.07843 ±    0.00215       0.12708 ±    0.00080     9.209 ±  0.067 %    82.982 ±  0.131 %    39.826 ±  0.116 %

====== Perplexity statistics ======
Mean PPL(Q)                   :  12.947427 ±   0.128575
Mean PPL(base)                :  11.970705 ±   0.119397
Cor(ln(PPL(Q)), ln(PPL(base))):  97.67%
Mean ln(PPL(Q)/PPL(base))     :   0.078435 ±   0.002149
Mean PPL(Q)/PPL(base)         :   1.081593 ±   0.002325
Mean PPL(Q)-PPL(base)         :   0.976722 ±   0.028282

====== KL divergence statistics ======
Mean    KLD:   0.127084 ±   0.000805
Maximum KLD:  11.900364
99.9%   KLD:   2.574458
99.0%   KLD:   0.934344
95.0%   KLD:   0.414899
90.0%   KLD:   0.279845
Median  KLD:   0.071781
10.0%   KLD:   0.004522
 5.0%   KLD:   0.001321
 1.0%   KLD:   0.000191
 0.1%   KLD:   0.000022
Minimum KLD:   0.000000

====== Token probability statistics ======
Mean    Δp: -2.008 ± 0.031 %
Maximum Δp: 89.662%
99.9%   Δp: 42.982%
99.0%   Δp: 20.007%
95.0%   Δp:  8.300%
90.0%   Δp:  4.108%
75.0%   Δp:  0.317%
Median  Δp: -0.183%
25.0%   Δp: -3.300%
10.0%   Δp: -10.543%
 5.0%   Δp: -16.925%
 1.0%   Δp: -36.024%
 0.1%   Δp: -68.404%
Minimum Δp: -98.911%
RMS Δp    :  9.209 ± 0.067 %
Same top p: 82.982 ± 0.131 %
Same sampled p: 39.826 ± 0.116 %

------------------------------
# llama-perplexity: version: 0.4.7-dev (build 11840, commit a740376d8-dirty) | built with GNU 15.3.0 for Linux x86_64
# model: /home/crusaderky/.cache/huggingface/hub/models--bartowski--MiniCPM5-2B-GGUF/snapshots/31fee0334c4ed9f1e079afe586ba30cb83e0f883/MiniCPM5-2B-Q6_K.gguf size=2107305184 mtime=2026-09-14T18:13:41+00:00 sha256/1048576B=7696d4515c9f04f092e9933de7be053bdacb6f5c865cd2e98cd7ca68d6d7f395
llama-perplexity --kl-divergence-base /tmp/logits.dat --ctx-size 32768 -f sample-data/wiki.test.head-2.4k.raw -fa on --hf-repo bartowski/MiniCPM5-2B-GGUF:Q6_K --cache-type-k q3_1 --cache-type-v q3_0 --kl-divergence
0.01.599.137 I cmn          init: llama threadpool init, n_threads = 16
0.01.648.935 I 
0.01.649.014 I system_info: n_threads = 16 (n_threads_batch = 16) / 32 | CUDA : ARCHS = 750,800,860,890,900,1000,1030,1200,1210 | USE_GRAPHS = 1 | FA_ALL_QUANTS = 1 | CPU : SSE3 = 1 | SSSE3 = 1 | AVX = 1 | AVX2 = 1 | F16C = 1 | FMA = 1 | BMI2 = 1 | LLAMAFILE = 1 | OPENMP = 1 | REPACK = 1 | 
0.01.937.738 I kl_divergence: computing over 5 chunks, n_ctx=32768, batch_size=2048, n_seq=1
0.10.279.935 I kl_divergence: 8.34 seconds per pass - ETA 0.68 minutes

chunk             PPL               ln(PPL(Q)/PPL(base))          KL Divergence              Δp RMS            Same top p        Same sampled p
   1      13.8809 ±    0.3062       0.08297 ±    0.00462       0.11680 ±    0.00142     8.771 ±  0.140 %    82.824 ±  0.295 %    38.400 ±  0.256 %
   2      12.9386 ±    0.2038       0.07911 ±    0.00333       0.12014 ±    0.00110     8.970 ±  0.102 %    83.394 ±  0.206 %    40.156 ±  0.185 %
   3      14.1190 ±    0.1835       0.08261 ±    0.00278       0.12487 ±    0.00094     8.983 ±  0.082 %    82.842 ±  0.170 %    38.627 ±  0.148 %
   4      13.6702 ±    0.1540       0.08323 ±    0.00245       0.12880 ±    0.00089     9.198 ±  0.074 %    82.824 ±  0.147 %    39.344 ±  0.130 %
   5      13.0014 ±    0.1297       0.08260 ±    0.00215       0.12658 ±    0.00080     9.165 ±  0.066 %    83.115 ±  0.131 %    39.914 ±  0.116 %

====== Perplexity statistics ======
Mean PPL(Q)                   :  13.001444 ±   0.129683
Mean PPL(base)                :  11.970705 ±   0.119397
Cor(ln(PPL(Q)), ln(PPL(base))):  97.67%
Mean ln(PPL(Q)/PPL(base))     :   0.082598 ±   0.002155
Mean PPL(Q)/PPL(base)         :   1.086105 ±   0.002340
Mean PPL(Q)-PPL(base)         :   1.030739 ±   0.028779

====== KL divergence statistics ======
Mean    KLD:   0.126583 ±   0.000805
Maximum KLD:  12.170328
99.9%   KLD:   2.553615
99.0%   KLD:   0.943417
95.0%   KLD:   0.418672
90.0%   KLD:   0.276260
Median  KLD:   0.070727
10.0%   KLD:   0.004193
 5.0%   KLD:   0.001214
 1.0%   KLD:   0.000149
 0.1%   KLD:   0.000016
Minimum KLD:   0.000000

====== Token probability statistics ======
Mean    Δp: -1.939 ± 0.031 %
Maximum Δp: 91.721%
99.9%   Δp: 45.307%
99.0%   Δp: 20.592%
95.0%   Δp:  8.407%
90.0%   Δp:  4.202%
75.0%   Δp:  0.337%
Median  Δp: -0.166%
25.0%   Δp: -3.211%
10.0%   Δp: -10.517%
 5.0%   Δp: -16.971%
 1.0%   Δp: -35.418%
 0.1%   Δp: -66.715%
Minimum Δp: -98.792%
RMS Δp    :  9.165 ± 0.066 %
Same top p: 83.115 ± 0.131 %
Same sampled p: 39.914 ± 0.116 %

------------------------------
# llama-perplexity: version: 0.4.7-dev (build 11840, commit a740376d8-dirty) | built with GNU 15.3.0 for Linux x86_64
# model: /home/crusaderky/.cache/huggingface/hub/models--bartowski--MiniCPM5-2B-GGUF/snapshots/31fee0334c4ed9f1e079afe586ba30cb83e0f883/MiniCPM5-2B-Q6_K.gguf size=2107305184 mtime=2026-09-14T18:13:41+00:00 sha256/1048576B=7696d4515c9f04f092e9933de7be053bdacb6f5c865cd2e98cd7ca68d6d7f395
llama-perplexity --kl-divergence-base /tmp/logits.dat --ctx-size 32768 -f sample-data/wiki.test.head-2.4k.raw -fa on --hf-repo bartowski/MiniCPM5-2B-GGUF:Q6_K --cache-type-k q3_0 --cache-type-v q3_0 --kl-divergence
0.01.566.661 I cmn          init: llama threadpool init, n_threads = 16
0.01.616.348 I 
0.01.616.415 I system_info: n_threads = 16 (n_threads_batch = 16) / 32 | CUDA : ARCHS = 750,800,860,890,900,1000,1030,1200,1210 | USE_GRAPHS = 1 | FA_ALL_QUANTS = 1 | CPU : SSE3 = 1 | SSSE3 = 1 | AVX = 1 | AVX2 = 1 | F16C = 1 | FMA = 1 | BMI2 = 1 | LLAMAFILE = 1 | OPENMP = 1 | REPACK = 1 | 
0.01.902.377 I kl_divergence: computing over 5 chunks, n_ctx=32768, batch_size=2048, n_seq=1
0.10.379.051 I kl_divergence: 8.48 seconds per pass - ETA 0.70 minutes

chunk             PPL               ln(PPL(Q)/PPL(base))          KL Divergence              Δp RMS            Same top p        Same sampled p
   1      14.0412 ±    0.3099       0.09445 ±    0.00491       0.13429 ±    0.00172     9.678 ±  0.161 %    81.774 ±  0.302 %    38.109 ±  0.255 %
   2      13.1356 ±    0.2070       0.09423 ±    0.00349       0.13725 ±    0.00127     9.797 ±  0.113 %    82.369 ±  0.211 %    39.900 ±  0.185 %
   3      14.2841 ±    0.1859       0.09423 ±    0.00290       0.13991 ±    0.00102     9.594 ±  0.089 %    81.776 ±  0.174 %    38.419 ±  0.148 %
   4      13.8008 ±    0.1555       0.09274 ±    0.00253       0.14108 ±    0.00090     9.641 ±  0.077 %    81.855 ±  0.151 %    39.196 ±  0.130 %
   5      13.1538 ±    0.1313       0.09425 ±    0.00226       0.13982 ±    0.00082     9.627 ±  0.069 %    82.200 ±  0.134 %    39.771 ±  0.116 %

====== Perplexity statistics ======
Mean PPL(Q)                   :  13.153811 ±   0.131343
Mean PPL(base)                :  11.970705 ±   0.119397
Cor(ln(PPL(Q)), ln(PPL(base))):  97.43%
Mean ln(PPL(Q)/PPL(base))     :   0.094249 ±   0.002262
Mean PPL(Q)/PPL(base)         :   1.098833 ±   0.002485
Mean PPL(Q)-PPL(base)         :   1.183106 ±   0.030792

====== KL divergence statistics ======
Mean    KLD:   0.139817 ±   0.000821
Maximum KLD:   9.981068
99.9%   KLD:   2.646043
99.0%   KLD:   1.057390
95.0%   KLD:   0.466134
90.0%   KLD:   0.306420
Median  KLD:   0.079241
10.0%   KLD:   0.004605
 5.0%   KLD:   0.001303
 1.0%   KLD:   0.000176
 0.1%   KLD:   0.000018
Minimum KLD:   0.000001

====== Token probability statistics ======
Mean    Δp: -2.074 ± 0.033 %
Maximum Δp: 86.436%
99.9%   Δp: 44.273%
99.0%   Δp: 21.080%
95.0%   Δp:  8.768%
90.0%   Δp:  4.362%
75.0%   Δp:  0.344%
Median  Δp: -0.175%
25.0%   Δp: -3.363%
10.0%   Δp: -10.930%
 5.0%   Δp: -18.014%
 1.0%   Δp: -37.497%
 0.1%   Δp: -71.344%
Minimum Δp: -97.946%
RMS Δp    :  9.627 ± 0.069 %
Same top p: 82.200 ± 0.134 %
Same sampled p: 39.771 ± 0.116 %

------------------------------
# llama-perplexity: version: 0.4.7-dev (build 11840, commit a740376d8-dirty) | built with GNU 15.3.0 for Linux x86_64
# model: /home/crusaderky/.cache/huggingface/hub/models--bartowski--MiniCPM5-2B-GGUF/snapshots/31fee0334c4ed9f1e079afe586ba30cb83e0f883/MiniCPM5-2B-Q4_K_M.gguf size=1615826144 mtime=2026-09-14T23:31:39+00:00 sha256/1048576B=7696d4515c9f04f092e9933de7be053bdacb6f5c865cd2e98cd7ca68d6d7f395
llama-perplexity --kl-divergence-base /tmp/logits.dat --ctx-size 32768 -f sample-data/wiki.test.head-2.4k.raw -fa on --hf-repo bartowski/MiniCPM5-2B-GGUF:Q4_K_M --cache-type-k q8_0 --cache-type-v q8_0 --kl-divergence
0.02.343.230 I cmn          init: llama threadpool init, n_threads = 16
0.02.393.279 I 
0.02.393.351 I system_info: n_threads = 16 (n_threads_batch = 16) / 32 | CUDA : ARCHS = 750,800,860,890,900,1000,1030,1200,1210 | USE_GRAPHS = 1 | FA_ALL_QUANTS = 1 | CPU : SSE3 = 1 | SSSE3 = 1 | AVX = 1 | AVX2 = 1 | F16C = 1 | FMA = 1 | BMI2 = 1 | LLAMAFILE = 1 | OPENMP = 1 | REPACK = 1 | 
0.02.711.272 I kl_divergence: computing over 5 chunks, n_ctx=32768, batch_size=2048, n_seq=1
0.10.968.430 I kl_divergence: 8.26 seconds per pass - ETA 0.68 minutes

chunk             PPL               ln(PPL(Q)/PPL(base))          KL Divergence              Δp RMS            Same top p        Same sampled p
   1      13.0985 ±    0.2900       0.02495 ±    0.00278       0.04347 ±    0.00050     4.867 ±  0.081 %    89.147 ±  0.243 %    40.226 ±  0.258 %
   2      12.2793 ±    0.1940       0.02682 ±    0.00200       0.04569 ±    0.00039     5.165 ±  0.063 %    89.413 ±  0.170 %    41.976 ±  0.187 %
   3      13.3578 ±    0.1740       0.02719 ±    0.00163       0.04661 ±    0.00032     5.135 ±  0.050 %    89.111 ±  0.141 %    40.408 ±  0.150 %
   4      12.9226 ±    0.1458       0.02699 ±    0.00143       0.04809 ±    0.00035     5.288 ±  0.049 %    89.039 ±  0.122 %    41.202 ±  0.131 %
   5      12.2851 ±    0.1228       0.02593 ±    0.00127       0.04727 ±    0.00031     5.262 ±  0.043 %    89.288 ±  0.108 %    41.796 ±  0.117 %

====== Perplexity statistics ======
Mean PPL(Q)                   :  12.285114 ±   0.122830
Mean PPL(base)                :  11.970705 ±   0.119397
Cor(ln(PPL(Q)), ln(PPL(base))):  99.19%
Mean ln(PPL(Q)/PPL(base))     :   0.025926 ±   0.001271
Mean PPL(Q)/PPL(base)         :   1.026265 ±   0.001305
Mean PPL(Q)-PPL(base)         :   0.314409 ±   0.015793

====== KL divergence statistics ======
Mean    KLD:   0.047275 ±   0.000314
Maximum KLD:   9.793357
99.9%   KLD:   0.835066
99.0%   KLD:   0.334095
95.0%   KLD:   0.148924
90.0%   KLD:   0.101111
Median  KLD:   0.028914
10.0%   KLD:   0.001007
 5.0%   KLD:   0.000202
 1.0%   KLD:   0.000022
 0.1%   KLD:   0.000003
Minimum KLD:  -0.000015

====== Token probability statistics ======
Mean    Δp: -0.412 ± 0.018 %
Maximum Δp: 78.619%
99.9%   Δp: 30.413%
99.0%   Δp: 14.709%
95.0%   Δp:  6.499%
90.0%   Δp:  3.681%
75.0%   Δp:  0.597%
Median  Δp: -0.003%
25.0%   Δp: -1.169%
10.0%   Δp: -5.023%
 5.0%   Δp: -8.403%
 1.0%   Δp: -18.305%
 0.1%   Δp: -36.941%
Minimum Δp: -97.021%
RMS Δp    :  5.262 ± 0.043 %
Same top p: 89.288 ± 0.108 %
Same sampled p: 41.796 ± 0.117 %

------------------------------
# llama-perplexity: version: 0.4.7-dev (build 11840, commit a740376d8-dirty) | built with GNU 15.3.0 for Linux x86_64
# model: /home/crusaderky/.cache/huggingface/hub/models--bartowski--MiniCPM5-2B-GGUF/snapshots/31fee0334c4ed9f1e079afe586ba30cb83e0f883/MiniCPM5-2B-Q4_K_M.gguf size=1615826144 mtime=2026-09-14T23:31:39+00:00 sha256/1048576B=7696d4515c9f04f092e9933de7be053bdacb6f5c865cd2e98cd7ca68d6d7f395
llama-perplexity --kl-divergence-base /tmp/logits.dat --ctx-size 32768 -f sample-data/wiki.test.head-2.4k.raw -fa on --hf-repo bartowski/MiniCPM5-2B-GGUF:Q4_K_M --cache-type-k q8_0 --cache-type-v q6_0 --kl-divergence
0.01.528.041 I cmn          init: llama threadpool init, n_threads = 16
0.01.579.315 I 
0.01.579.391 I system_info: n_threads = 16 (n_threads_batch = 16) / 32 | CUDA : ARCHS = 750,800,860,890,900,1000,1030,1200,1210 | USE_GRAPHS = 1 | FA_ALL_QUANTS = 1 | CPU : SSE3 = 1 | SSSE3 = 1 | AVX = 1 | AVX2 = 1 | F16C = 1 | FMA = 1 | BMI2 = 1 | LLAMAFILE = 1 | OPENMP = 1 | REPACK = 1 | 
0.01.884.146 I kl_divergence: computing over 5 chunks, n_ctx=32768, batch_size=2048, n_seq=1
0.10.276.636 I kl_divergence: 8.39 seconds per pass - ETA 0.68 minutes

chunk             PPL               ln(PPL(Q)/PPL(base))          KL Divergence              Δp RMS            Same top p        Same sampled p
   1      13.1216 ±    0.2905       0.02671 ±    0.00280       0.04387 ±    0.00052     4.895 ±  0.082 %    89.172 ±  0.243 %    40.205 ±  0.258 %
   2      12.2920 ±    0.1942       0.02785 ±    0.00204       0.04604 ±    0.00041     5.197 ±  0.065 %    89.446 ±  0.170 %    41.972 ±  0.187 %
   3      13.3607 ±    0.1741       0.02741 ±    0.00164       0.04683 ±    0.00033     5.145 ±  0.051 %    89.162 ±  0.140 %    40.409 ±  0.150 %
   4      12.9252 ±    0.1459       0.02719 ±    0.00144       0.04831 ±    0.00036     5.285 ±  0.049 %    89.071 ±  0.122 %    41.206 ±  0.131 %
   5      12.2855 ±    0.1229       0.02595 ±    0.00128       0.04757 ±    0.00033     5.261 ±  0.044 %    89.324 ±  0.108 %    41.797 ±  0.117 %

====== Perplexity statistics ======
Mean PPL(Q)                   :  12.285472 ±   0.122865
Mean PPL(base)                :  11.970705 ±   0.119397
Cor(ln(PPL(Q)), ln(PPL(base))):  99.18%
Mean ln(PPL(Q)/PPL(base))     :   0.025955 ±   0.001278
Mean PPL(Q)/PPL(base)         :   1.026295 ±   0.001311
Mean PPL(Q)-PPL(base)         :   0.314766 ±   0.015873

====== KL divergence statistics ======
Mean    KLD:   0.047574 ±   0.000331
Maximum KLD:  10.141473
99.9%   KLD:   0.842154
99.0%   KLD:   0.336355
95.0%   KLD:   0.149376
90.0%   KLD:   0.101507
Median  KLD:   0.029074
10.0%   KLD:   0.001012
 5.0%   KLD:   0.000205
 1.0%   KLD:   0.000022
 0.1%   KLD:   0.000002
Minimum KLD:  -0.000024

====== Token probability statistics ======
Mean    Δp: -0.406 ± 0.018 %
Maximum Δp: 78.510%
99.9%   Δp: 30.732%
99.0%   Δp: 14.392%
95.0%   Δp:  6.551%
90.0%   Δp:  3.678%
75.0%   Δp:  0.606%
Median  Δp: -0.003%
25.0%   Δp: -1.155%
10.0%   Δp: -5.034%
 5.0%   Δp: -8.425%
 1.0%   Δp: -17.967%
 0.1%   Δp: -36.678%
Minimum Δp: -97.048%
RMS Δp    :  5.261 ± 0.044 %
Same top p: 89.324 ± 0.108 %
Same sampled p: 41.797 ± 0.117 %

------------------------------
# llama-perplexity: version: 0.4.7-dev (build 11840, commit a740376d8-dirty) | built with GNU 15.3.0 for Linux x86_64
# model: /home/crusaderky/.cache/huggingface/hub/models--bartowski--MiniCPM5-2B-GGUF/snapshots/31fee0334c4ed9f1e079afe586ba30cb83e0f883/MiniCPM5-2B-Q4_K_M.gguf size=1615826144 mtime=2026-09-14T23:31:39+00:00 sha256/1048576B=7696d4515c9f04f092e9933de7be053bdacb6f5c865cd2e98cd7ca68d6d7f395
llama-perplexity --kl-divergence-base /tmp/logits.dat --ctx-size 32768 -f sample-data/wiki.test.head-2.4k.raw -fa on --hf-repo bartowski/MiniCPM5-2B-GGUF:Q4_K_M --cache-type-k q8_0 --cache-type-v q5_1 --kl-divergence
0.01.532.679 I cmn          init: llama threadpool init, n_threads = 16
0.01.583.704 I 
0.01.583.780 I system_info: n_threads = 16 (n_threads_batch = 16) / 32 | CUDA : ARCHS = 750,800,860,890,900,1000,1030,1200,1210 | USE_GRAPHS = 1 | FA_ALL_QUANTS = 1 | CPU : SSE3 = 1 | SSSE3 = 1 | AVX = 1 | AVX2 = 1 | F16C = 1 | FMA = 1 | BMI2 = 1 | LLAMAFILE = 1 | OPENMP = 1 | REPACK = 1 | 
0.01.876.977 I kl_divergence: computing over 5 chunks, n_ctx=32768, batch_size=2048, n_seq=1
0.10.128.500 I kl_divergence: 8.25 seconds per pass - ETA 0.68 minutes

chunk             PPL               ln(PPL(Q)/PPL(base))          KL Divergence              Δp RMS            Same top p        Same sampled p
   1      13.0964 ±    0.2896       0.02479 ±    0.00280       0.04429 ±    0.00051     5.013 ±  0.091 %    89.221 ±  0.242 %    40.187 ±  0.258 %
   2      12.2824 ±    0.1940       0.02707 ±    0.00203       0.04658 ±    0.00040     5.260 ±  0.066 %    89.349 ±  0.170 %    41.951 ±  0.187 %
   3      13.3483 ±    0.1738       0.02648 ±    0.00164       0.04739 ±    0.00032     5.186 ±  0.051 %    89.060 ±  0.141 %    40.382 ±  0.150 %
   4      12.9144 ±    0.1457       0.02635 ±    0.00144       0.04888 ±    0.00035     5.323 ±  0.050 %    88.973 ±  0.122 %    41.175 ±  0.131 %
   5      12.2731 ±    0.1227       0.02495 ±    0.00128       0.04799 ±    0.00031     5.296 ±  0.044 %    89.192 ±  0.108 %    41.777 ±  0.117 %

====== Perplexity statistics ======
Mean PPL(Q)                   :  12.273113 ±   0.122666
Mean PPL(base)                :  11.970705 ±   0.119397
Cor(ln(PPL(Q)), ln(PPL(base))):  99.18%
Mean ln(PPL(Q)/PPL(base))     :   0.024949 ±   0.001281
Mean PPL(Q)/PPL(base)         :   1.025262 ±   0.001313
Mean PPL(Q)-PPL(base)         :   0.302408 ±   0.015866

====== KL divergence statistics ======
Mean    KLD:   0.047994 ±   0.000309
Maximum KLD:  10.233381
99.9%   KLD:   0.810810
99.0%   KLD:   0.340364
95.0%   KLD:   0.151841
90.0%   KLD:   0.103229
Median  KLD:   0.029513
10.0%   KLD:   0.001029
 5.0%   KLD:   0.000206
 1.0%   KLD:   0.000022
 0.1%   KLD:   0.000002
Minimum KLD:  -0.000028

====== Token probability statistics ======
Mean    Δp: -0.411 ± 0.018 %
Maximum Δp: 78.592%
99.9%   Δp: 30.491%
99.0%   Δp: 14.842%
95.0%   Δp:  6.574%
90.0%   Δp:  3.702%
75.0%   Δp:  0.608%
Median  Δp: -0.003%
25.0%   Δp: -1.174%
10.0%   Δp: -5.054%
 5.0%   Δp: -8.455%
 1.0%   Δp: -18.242%
 0.1%   Δp: -37.381%
Minimum Δp: -97.507%
RMS Δp    :  5.296 ± 0.044 %
Same top p: 89.192 ± 0.108 %
Same sampled p: 41.777 ± 0.117 %

------------------------------
# llama-perplexity: version: 0.4.7-dev (build 11840, commit a740376d8-dirty) | built with GNU 15.3.0 for Linux x86_64
# model: /home/crusaderky/.cache/huggingface/hub/models--bartowski--MiniCPM5-2B-GGUF/snapshots/31fee0334c4ed9f1e079afe586ba30cb83e0f883/MiniCPM5-2B-Q4_K_M.gguf size=1615826144 mtime=2026-09-14T23:31:39+00:00 sha256/1048576B=7696d4515c9f04f092e9933de7be053bdacb6f5c865cd2e98cd7ca68d6d7f395
llama-perplexity --kl-divergence-base /tmp/logits.dat --ctx-size 32768 -f sample-data/wiki.test.head-2.4k.raw -fa on --hf-repo bartowski/MiniCPM5-2B-GGUF:Q4_K_M --cache-type-k q8_0 --cache-type-v q5_0 --kl-divergence
0.01.483.615 I cmn          init: llama threadpool init, n_threads = 16
0.01.535.120 I 
0.01.535.193 I system_info: n_threads = 16 (n_threads_batch = 16) / 32 | CUDA : ARCHS = 750,800,860,890,900,1000,1030,1200,1210 | USE_GRAPHS = 1 | FA_ALL_QUANTS = 1 | CPU : SSE3 = 1 | SSSE3 = 1 | AVX = 1 | AVX2 = 1 | F16C = 1 | FMA = 1 | BMI2 = 1 | LLAMAFILE = 1 | OPENMP = 1 | REPACK = 1 | 
0.01.828.115 I kl_divergence: computing over 5 chunks, n_ctx=32768, batch_size=2048, n_seq=1
0.10.082.050 I kl_divergence: 8.25 seconds per pass - ETA 0.68 minutes

chunk             PPL               ln(PPL(Q)/PPL(base))          KL Divergence              Δp RMS            Same top p        Same sampled p
   1      13.1162 ±    0.2900       0.02631 ±    0.00282       0.04459 ±    0.00056     5.015 ±  0.101 %    88.928 ±  0.245 %    40.168 ±  0.258 %
   2      12.2866 ±    0.1940       0.02741 ±    0.00207       0.04700 ±    0.00052     5.240 ±  0.070 %    89.217 ±  0.171 %    41.942 ±  0.187 %
   3      13.3627 ±    0.1740       0.02756 ±    0.00167       0.04777 ±    0.00039     5.212 ±  0.054 %    88.962 ±  0.141 %    40.375 ±  0.150 %
   4      12.9285 ±    0.1459       0.02745 ±    0.00147       0.04925 ±    0.00041     5.358 ±  0.052 %    88.978 ±  0.122 %    41.176 ±  0.131 %
   5      12.2911 ±    0.1229       0.02641 ±    0.00130       0.04840 ±    0.00036     5.322 ±  0.046 %    89.228 ±  0.108 %    41.769 ±  0.117 %

====== Perplexity statistics ======
Mean PPL(Q)                   :  12.291065 ±   0.122878
Mean PPL(base)                :  11.970705 ±   0.119397
Cor(ln(PPL(Q)), ln(PPL(base))):  99.15%
Mean ln(PPL(Q)/PPL(base))     :   0.026410 ±   0.001301
Mean PPL(Q)/PPL(base)         :   1.026762 ±   0.001336
Mean PPL(Q)-PPL(base)         :   0.320360 ±   0.016162

====== KL divergence statistics ======
Mean    KLD:   0.048397 ±   0.000362
Maximum KLD:  10.693246
99.9%   KLD:   0.858545
99.0%   KLD:   0.340838
95.0%   KLD:   0.151176
90.0%   KLD:   0.102756
Median  KLD:   0.029393
10.0%   KLD:   0.001046
 5.0%   KLD:   0.000208
 1.0%   KLD:   0.000022
 0.1%   KLD:   0.000002
Minimum KLD:  -0.000017

====== Token probability statistics ======
Mean    Δp: -0.428 ± 0.019 %
Maximum Δp: 78.681%
99.9%   Δp: 31.290%
99.0%   Δp: 14.533%
95.0%   Δp:  6.578%
90.0%   Δp:  3.705%
75.0%   Δp:  0.584%
Median  Δp: -0.004%
25.0%   Δp: -1.188%
10.0%   Δp: -5.053%
 5.0%   Δp: -8.506%
 1.0%   Δp: -18.179%
 0.1%   Δp: -37.884%
Minimum Δp: -97.683%
RMS Δp    :  5.322 ± 0.046 %
Same top p: 89.228 ± 0.108 %
Same sampled p: 41.769 ± 0.117 %

------------------------------
# llama-perplexity: version: 0.4.7-dev (build 11840, commit a740376d8-dirty) | built with GNU 15.3.0 for Linux x86_64
# model: /home/crusaderky/.cache/huggingface/hub/models--bartowski--MiniCPM5-2B-GGUF/snapshots/31fee0334c4ed9f1e079afe586ba30cb83e0f883/MiniCPM5-2B-Q4_K_M.gguf size=1615826144 mtime=2026-09-14T23:31:39+00:00 sha256/1048576B=7696d4515c9f04f092e9933de7be053bdacb6f5c865cd2e98cd7ca68d6d7f395
llama-perplexity --kl-divergence-base /tmp/logits.dat --ctx-size 32768 -f sample-data/wiki.test.head-2.4k.raw -fa on --hf-repo bartowski/MiniCPM5-2B-GGUF:Q4_K_M --cache-type-k q8_0 --cache-type-v q4_1 --kl-divergence
0.01.513.440 I cmn          init: llama threadpool init, n_threads = 16
0.01.564.219 I 
0.01.564.295 I system_info: n_threads = 16 (n_threads_batch = 16) / 32 | CUDA : ARCHS = 750,800,860,890,900,1000,1030,1200,1210 | USE_GRAPHS = 1 | FA_ALL_QUANTS = 1 | CPU : SSE3 = 1 | SSSE3 = 1 | AVX = 1 | AVX2 = 1 | F16C = 1 | FMA = 1 | BMI2 = 1 | LLAMAFILE = 1 | OPENMP = 1 | REPACK = 1 | 
0.01.858.628 I kl_divergence: computing over 5 chunks, n_ctx=32768, batch_size=2048, n_seq=1
0.10.029.418 I kl_divergence: 8.17 seconds per pass - ETA 0.67 minutes

chunk             PPL               ln(PPL(Q)/PPL(base))          KL Divergence              Δp RMS            Same top p        Same sampled p
   1      13.1316 ±    0.2906       0.02748 ±    0.00289       0.04688 ±    0.00054     5.122 ±  0.092 %    88.781 ±  0.247 %    40.142 ±  0.258 %
   2      12.3000 ±    0.1942       0.02850 ±    0.00207       0.04893 ±    0.00042     5.372 ±  0.066 %    88.943 ±  0.173 %    41.896 ±  0.187 %
   3      13.3669 ±    0.1739       0.02787 ±    0.00168       0.05013 ±    0.00034     5.345 ±  0.052 %    88.610 ±  0.143 %    40.320 ±  0.150 %
   4      12.9351 ±    0.1459       0.02795 ±    0.00148       0.05174 ±    0.00037     5.498 ±  0.051 %    88.578 ±  0.124 %    41.114 ±  0.131 %
   5      12.2984 ±    0.1229       0.02701 ±    0.00131       0.05069 ±    0.00033     5.463 ±  0.045 %    88.868 ±  0.110 %    41.705 ±  0.117 %

====== Perplexity statistics ======
Mean PPL(Q)                   :  12.298449 ±   0.122873
Mean PPL(base)                :  11.970705 ±   0.119397
Cor(ln(PPL(Q)), ln(PPL(base))):  99.14%
Mean ln(PPL(Q)/PPL(base))     :   0.027011 ±   0.001310
Mean PPL(Q)/PPL(base)         :   1.027379 ±   0.001346
Mean PPL(Q)-PPL(base)         :   0.327744 ±   0.016269

====== KL divergence statistics ======
Mean    KLD:   0.050694 ±   0.000328
Maximum KLD:  10.748746
99.9%   KLD:   0.893208
99.0%   KLD:   0.364116
95.0%   KLD:   0.160292
90.0%   KLD:   0.109052
Median  KLD:   0.031011
10.0%   KLD:   0.001082
 5.0%   KLD:   0.000218
 1.0%   KLD:   0.000025
 0.1%   KLD:   0.000003
Minimum KLD:  -0.000026

====== Token probability statistics ======
Mean    Δp: -0.483 ± 0.019 %
Maximum Δp: 78.878%
99.9%   Δp: 30.949%
99.0%   Δp: 14.831%
95.0%   Δp:  6.640%
90.0%   Δp:  3.698%
75.0%   Δp:  0.589%
Median  Δp: -0.005%
25.0%   Δp: -1.241%
10.0%   Δp: -5.276%
 5.0%   Δp: -8.889%
 1.0%   Δp: -19.024%
 0.1%   Δp: -37.970%
Minimum Δp: -97.463%
RMS Δp    :  5.463 ± 0.045 %
Same top p: 88.868 ± 0.110 %
Same sampled p: 41.705 ± 0.117 %

------------------------------
# llama-perplexity: version: 0.4.7-dev (build 11840, commit a740376d8-dirty) | built with GNU 15.3.0 for Linux x86_64
# model: /home/crusaderky/.cache/huggingface/hub/models--bartowski--MiniCPM5-2B-GGUF/snapshots/31fee0334c4ed9f1e079afe586ba30cb83e0f883/MiniCPM5-2B-Q4_K_M.gguf size=1615826144 mtime=2026-09-14T23:31:39+00:00 sha256/1048576B=7696d4515c9f04f092e9933de7be053bdacb6f5c865cd2e98cd7ca68d6d7f395
llama-perplexity --kl-divergence-base /tmp/logits.dat --ctx-size 32768 -f sample-data/wiki.test.head-2.4k.raw -fa on --hf-repo bartowski/MiniCPM5-2B-GGUF:Q4_K_M --cache-type-k q8_0 --cache-type-v q4_0 --kl-divergence
0.01.498.261 I cmn          init: llama threadpool init, n_threads = 16
0.01.548.619 I 
0.01.548.689 I system_info: n_threads = 16 (n_threads_batch = 16) / 32 | CUDA : ARCHS = 750,800,860,890,900,1000,1030,1200,1210 | USE_GRAPHS = 1 | FA_ALL_QUANTS = 1 | CPU : SSE3 = 1 | SSSE3 = 1 | AVX = 1 | AVX2 = 1 | F16C = 1 | FMA = 1 | BMI2 = 1 | LLAMAFILE = 1 | OPENMP = 1 | REPACK = 1 | 
0.01.837.708 I kl_divergence: computing over 5 chunks, n_ctx=32768, batch_size=2048, n_seq=1
0.10.010.242 I kl_divergence: 8.17 seconds per pass - ETA 0.67 minutes

chunk             PPL               ln(PPL(Q)/PPL(base))          KL Divergence              Δp RMS            Same top p        Same sampled p
   1      13.1707 ±    0.2911       0.03045 ±    0.00289       0.04753 ±    0.00054     5.143 ±  0.086 %    88.689 ±  0.247 %    40.036 ±  0.258 %
   2      12.3146 ±    0.1942       0.02969 ±    0.00208       0.04981 ±    0.00043     5.415 ±  0.065 %    88.894 ±  0.174 %    41.811 ±  0.187 %
   3      13.3781 ±    0.1738       0.02871 ±    0.00170       0.05087 ±    0.00035     5.393 ±  0.052 %    88.551 ±  0.144 %    40.229 ±  0.150 %
   4      12.9424 ±    0.1458       0.02851 ±    0.00149       0.05231 ±    0.00037     5.518 ±  0.049 %    88.570 ±  0.124 %    41.031 ±  0.131 %
   5      12.3075 ±    0.1228       0.02775 ±    0.00133       0.05143 ±    0.00034     5.480 ±  0.043 %    88.826 ±  0.110 %    41.631 ±  0.117 %

====== Perplexity statistics ======
Mean PPL(Q)                   :  12.307526 ±   0.122831
Mean PPL(base)                :  11.970705 ±   0.119397
Cor(ln(PPL(Q)), ln(PPL(base))):  99.12%
Mean ln(PPL(Q)/PPL(base))     :   0.027749 ±   0.001326
Mean PPL(Q)/PPL(base)         :   1.028137 ±   0.001364
Mean PPL(Q)-PPL(base)         :   0.336821 ±   0.016463

====== KL divergence statistics ======
Mean    KLD:   0.051428 ±   0.000341
Maximum KLD:  10.468977
99.9%   KLD:   0.941251
99.0%   KLD:   0.359792
95.0%   KLD:   0.161998
90.0%   KLD:   0.110079
Median  KLD:   0.031283
10.0%   KLD:   0.001136
 5.0%   KLD:   0.000224
 1.0%   KLD:   0.000025
 0.1%   KLD:   0.000003
Minimum KLD:  -0.000025

====== Token probability statistics ======
Mean    Δp: -0.551 ± 0.019 %
Maximum Δp: 78.729%
99.9%   Δp: 30.231%
99.0%   Δp: 14.940%
95.0%   Δp:  6.595%
90.0%   Δp:  3.586%
75.0%   Δp:  0.529%
Median  Δp: -0.008%
25.0%   Δp: -1.338%
10.0%   Δp: -5.437%
 5.0%   Δp: -9.032%
 1.0%   Δp: -19.310%
 0.1%   Δp: -38.778%
Minimum Δp: -96.784%
RMS Δp    :  5.480 ± 0.043 %
Same top p: 88.826 ± 0.110 %
Same sampled p: 41.631 ± 0.117 %

------------------------------
# llama-perplexity: version: 0.4.7-dev (build 11840, commit a740376d8-dirty) | built with GNU 15.3.0 for Linux x86_64
# model: /home/crusaderky/.cache/huggingface/hub/models--bartowski--MiniCPM5-2B-GGUF/snapshots/31fee0334c4ed9f1e079afe586ba30cb83e0f883/MiniCPM5-2B-Q4_K_M.gguf size=1615826144 mtime=2026-09-14T23:31:39+00:00 sha256/1048576B=7696d4515c9f04f092e9933de7be053bdacb6f5c865cd2e98cd7ca68d6d7f395
llama-perplexity --kl-divergence-base /tmp/logits.dat --ctx-size 32768 -f sample-data/wiki.test.head-2.4k.raw -fa on --hf-repo bartowski/MiniCPM5-2B-GGUF:Q4_K_M --cache-type-k q8_0 --cache-type-v q3_1 --kl-divergence
0.01.570.789 I cmn          init: llama threadpool init, n_threads = 16
0.01.621.577 I 
0.01.621.658 I system_info: n_threads = 16 (n_threads_batch = 16) / 32 | CUDA : ARCHS = 750,800,860,890,900,1000,1030,1200,1210 | USE_GRAPHS = 1 | FA_ALL_QUANTS = 1 | CPU : SSE3 = 1 | SSSE3 = 1 | AVX = 1 | AVX2 = 1 | F16C = 1 | FMA = 1 | BMI2 = 1 | LLAMAFILE = 1 | OPENMP = 1 | REPACK = 1 | 
0.01.914.898 I kl_divergence: computing over 5 chunks, n_ctx=32768, batch_size=2048, n_seq=1
0.10.200.002 I kl_divergence: 8.29 seconds per pass - ETA 0.68 minutes

chunk             PPL               ln(PPL(Q)/PPL(base))          KL Divergence              Δp RMS            Same top p        Same sampled p
   1      13.1976 ±    0.2916       0.03249 ±    0.00319       0.05795 ±    0.00066     5.769 ±  0.094 %    87.762 ±  0.256 %    39.875 ±  0.258 %
   2      12.3837 ±    0.1953       0.03528 ±    0.00232       0.06082 ±    0.00052     6.032 ±  0.072 %    88.046 ±  0.179 %    41.608 ±  0.186 %
   3      13.4798 ±    0.1752       0.03628 ±    0.00190       0.06250 ±    0.00042     6.001 ±  0.058 %    87.554 ±  0.149 %    40.032 ±  0.150 %
   4      13.0542 ±    0.1470       0.03712 ±    0.00166       0.06427 ±    0.00042     6.159 ±  0.053 %    87.513 ±  0.129 %    40.795 ±  0.131 %
   5      12.3997 ±    0.1237       0.03521 ±    0.00147       0.06322 ±    0.00039     6.138 ±  0.048 %    87.776 ±  0.114 %    41.389 ±  0.117 %

====== Perplexity statistics ======
Mean PPL(Q)                   :  12.399732 ±   0.123701
Mean PPL(base)                :  11.970705 ±   0.119397
Cor(ln(PPL(Q)), ln(PPL(base))):  98.92%
Mean ln(PPL(Q)/PPL(base))     :   0.035212 ±   0.001469
Mean PPL(Q)/PPL(base)         :   1.035840 ±   0.001521
Mean PPL(Q)-PPL(base)         :   0.429027 ±   0.018402

====== KL divergence statistics ======
Mean    KLD:   0.063224 ±   0.000394
Maximum KLD:  10.366575
99.9%   KLD:   1.153044
99.0%   KLD:   0.452526
95.0%   KLD:   0.202405
90.0%   KLD:   0.137166
Median  KLD:   0.038284
10.0%   KLD:   0.001439
 5.0%   KLD:   0.000290
 1.0%   KLD:   0.000036
 0.1%   KLD:   0.000004
Minimum KLD:  -0.000003

====== Token probability statistics ======
Mean    Δp: -0.741 ± 0.021 %
Maximum Δp: 78.680%
99.9%   Δp: 34.312%
99.0%   Δp: 15.771%
95.0%   Δp:  6.993%
90.0%   Δp:  3.847%
75.0%   Δp:  0.530%
Median  Δp: -0.016%
25.0%   Δp: -1.594%
10.0%   Δp: -6.263%
 5.0%   Δp: -10.288%
 1.0%   Δp: -22.305%
 0.1%   Δp: -44.907%
Minimum Δp: -96.876%
RMS Δp    :  6.138 ± 0.048 %
Same top p: 87.776 ± 0.114 %
Same sampled p: 41.389 ± 0.117 %

------------------------------
# llama-perplexity: version: 0.4.7-dev (build 11840, commit a740376d8-dirty) | built with GNU 15.3.0 for Linux x86_64
# model: /home/crusaderky/.cache/huggingface/hub/models--bartowski--MiniCPM5-2B-GGUF/snapshots/31fee0334c4ed9f1e079afe586ba30cb83e0f883/MiniCPM5-2B-Q4_K_M.gguf size=1615826144 mtime=2026-09-14T23:31:39+00:00 sha256/1048576B=7696d4515c9f04f092e9933de7be053bdacb6f5c865cd2e98cd7ca68d6d7f395
llama-perplexity --kl-divergence-base /tmp/logits.dat --ctx-size 32768 -f sample-data/wiki.test.head-2.4k.raw -fa on --hf-repo bartowski/MiniCPM5-2B-GGUF:Q4_K_M --cache-type-k q8_0 --cache-type-v q3_0 --kl-divergence
0.01.505.850 I cmn          init: llama threadpool init, n_threads = 16
0.01.554.401 I 
0.01.554.478 I system_info: n_threads = 16 (n_threads_batch = 16) / 32 | CUDA : ARCHS = 750,800,860,890,900,1000,1030,1200,1210 | USE_GRAPHS = 1 | FA_ALL_QUANTS = 1 | CPU : SSE3 = 1 | SSSE3 = 1 | AVX = 1 | AVX2 = 1 | F16C = 1 | FMA = 1 | BMI2 = 1 | LLAMAFILE = 1 | OPENMP = 1 | REPACK = 1 | 
0.01.834.123 I kl_divergence: computing over 5 chunks, n_ctx=32768, batch_size=2048, n_seq=1
0.10.068.371 I kl_divergence: 8.23 seconds per pass - ETA 0.68 minutes

chunk             PPL               ln(PPL(Q)/PPL(base))          KL Divergence              Δp RMS            Same top p        Same sampled p
   1      13.2389 ±    0.2931       0.03562 ±    0.00326       0.06005 ±    0.00073     5.883 ±  0.105 %    87.511 ±  0.258 %    39.918 ±  0.258 %
   2      12.4150 ±    0.1961       0.03781 ±    0.00235       0.06289 ±    0.00055     6.144 ±  0.076 %    87.701 ±  0.181 %    41.644 ±  0.187 %
   3      13.5028 ±    0.1758       0.03798 ±    0.00192       0.06405 ±    0.00044     6.053 ±  0.060 %    87.341 ±  0.150 %    40.065 ±  0.150 %
   4      13.0852 ±    0.1477       0.03949 ±    0.00169       0.06627 ±    0.00045     6.224 ±  0.056 %    87.350 ±  0.130 %    40.830 ±  0.131 %
   5      12.4291 ±    0.1242       0.03758 ±    0.00149       0.06492 ±    0.00043     6.189 ±  0.050 %    87.616 ±  0.115 %    41.419 ±  0.117 %

====== Perplexity statistics ======
Mean PPL(Q)                   :  12.429108 ±   0.124242
Mean PPL(base)                :  11.970705 ±   0.119397
Cor(ln(PPL(Q)), ln(PPL(base))):  98.88%
Mean ln(PPL(Q)/PPL(base))     :   0.037579 ±   0.001491
Mean PPL(Q)/PPL(base)         :   1.038294 ±   0.001548
Mean PPL(Q)-PPL(base)         :   0.458403 ±   0.018823

====== KL divergence statistics ======
Mean    KLD:   0.064924 ±   0.000434
Maximum KLD:  11.121134
99.9%   KLD:   1.243843
99.0%   KLD:   0.453009
95.0%   KLD:   0.206704
90.0%   KLD:   0.139788
Median  KLD:   0.039315
10.0%   KLD:   0.001445
 5.0%   KLD:   0.000295
 1.0%   KLD:   0.000033
 0.1%   KLD:   0.000003
Minimum KLD:  -0.000011

====== Token probability statistics ======
Mean    Δp: -0.721 ± 0.021 %
Maximum Δp: 81.955%
99.9%   Δp: 35.205%
99.0%   Δp: 16.144%
95.0%   Δp:  7.076%
90.0%   Δp:  3.886%
75.0%   Δp:  0.544%
Median  Δp: -0.013%
25.0%   Δp: -1.571%
10.0%   Δp: -6.281%
 5.0%   Δp: -10.438%
 1.0%   Δp: -22.069%
 0.1%   Δp: -43.871%
Minimum Δp: -97.680%
RMS Δp    :  6.189 ± 0.050 %
Same top p: 87.616 ± 0.115 %
Same sampled p: 41.419 ± 0.117 %

------------------------------
# llama-perplexity: version: 0.4.7-dev (build 11840, commit a740376d8-dirty) | built with GNU 15.3.0 for Linux x86_64
# model: /home/crusaderky/.cache/huggingface/hub/models--bartowski--MiniCPM5-2B-GGUF/snapshots/31fee0334c4ed9f1e079afe586ba30cb83e0f883/MiniCPM5-2B-Q4_K_M.gguf size=1615826144 mtime=2026-09-14T23:31:39+00:00 sha256/1048576B=7696d4515c9f04f092e9933de7be053bdacb6f5c865cd2e98cd7ca68d6d7f395
llama-perplexity --kl-divergence-base /tmp/logits.dat --ctx-size 32768 -f sample-data/wiki.test.head-2.4k.raw -fa on --hf-repo bartowski/MiniCPM5-2B-GGUF:Q4_K_M --cache-type-k q6_0 --cache-type-v q6_0 --kl-divergence
0.01.539.080 I cmn          init: llama threadpool init, n_threads = 16
0.01.587.899 I 
0.01.587.966 I system_info: n_threads = 16 (n_threads_batch = 16) / 32 | CUDA : ARCHS = 750,800,860,890,900,1000,1030,1200,1210 | USE_GRAPHS = 1 | FA_ALL_QUANTS = 1 | CPU : SSE3 = 1 | SSSE3 = 1 | AVX = 1 | AVX2 = 1 | F16C = 1 | FMA = 1 | BMI2 = 1 | LLAMAFILE = 1 | OPENMP = 1 | REPACK = 1 | 
0.01.870.649 I kl_divergence: computing over 5 chunks, n_ctx=32768, batch_size=2048, n_seq=1
0.10.147.379 I kl_divergence: 8.28 seconds per pass - ETA 0.68 minutes

chunk             PPL               ln(PPL(Q)/PPL(base))          KL Divergence              Δp RMS            Same top p        Same sampled p
   1      13.1440 ±    0.2910       0.02842 ±    0.00281       0.04501 ±    0.00051     5.016 ±  0.086 %    88.903 ±  0.245 %    40.165 ±  0.258 %
   2      12.3054 ±    0.1945       0.02894 ±    0.00206       0.04746 ±    0.00045     5.273 ±  0.065 %    89.138 ±  0.172 %    41.921 ±  0.187 %
   3      13.3698 ±    0.1742       0.02809 ±    0.00166       0.04808 ±    0.00035     5.222 ±  0.051 %    88.911 ±  0.142 %    40.369 ±  0.150 %
   4      12.9314 ±    0.1459       0.02767 ±    0.00146       0.04952 ±    0.00036     5.368 ±  0.049 %    88.842 ±  0.123 %    41.170 ±  0.131 %
   5      12.2937 ±    0.1229       0.02662 ±    0.00129       0.04872 ±    0.00034     5.333 ±  0.043 %    89.127 ±  0.109 %    41.766 ±  0.117 %

====== Perplexity statistics ======
Mean PPL(Q)                   :  12.293700 ±   0.122913
Mean PPL(base)                :  11.970705 ±   0.119397
Cor(ln(PPL(Q)), ln(PPL(base))):  99.16%
Mean ln(PPL(Q)/PPL(base))     :   0.026625 ±   0.001294
Mean PPL(Q)/PPL(base)         :   1.026982 ±   0.001329
Mean PPL(Q)-PPL(base)         :   0.322995 ±   0.016088

====== KL divergence statistics ======
Mean    KLD:   0.048721 ±   0.000342
Maximum KLD:  10.526035
99.9%   KLD:   0.895030
99.0%   KLD:   0.342375
95.0%   KLD:   0.153374
90.0%   KLD:   0.103986
Median  KLD:   0.029735
10.0%   KLD:   0.001046
 5.0%   KLD:   0.000208
 1.0%   KLD:   0.000023
 0.1%   KLD:   0.000003
Minimum KLD:  -0.000007

====== Token probability statistics ======
Mean    Δp: -0.433 ± 0.019 %
Maximum Δp: 78.536%
99.9%   Δp: 30.214%
99.0%   Δp: 14.959%
95.0%   Δp:  6.602%
90.0%   Δp:  3.699%
75.0%   Δp:  0.600%
Median  Δp: -0.004%
25.0%   Δp: -1.213%
10.0%   Δp: -5.095%
 5.0%   Δp: -8.533%
 1.0%   Δp: -18.474%
 0.1%   Δp: -37.518%
Minimum Δp: -96.753%
RMS Δp    :  5.333 ± 0.043 %
Same top p: 89.127 ± 0.109 %
Same sampled p: 41.766 ± 0.117 %

------------------------------
# llama-perplexity: version: 0.4.7-dev (build 11840, commit a740376d8-dirty) | built with GNU 15.3.0 for Linux x86_64
# model: /home/crusaderky/.cache/huggingface/hub/models--bartowski--MiniCPM5-2B-GGUF/snapshots/31fee0334c4ed9f1e079afe586ba30cb83e0f883/MiniCPM5-2B-Q4_K_M.gguf size=1615826144 mtime=2026-09-14T23:31:39+00:00 sha256/1048576B=7696d4515c9f04f092e9933de7be053bdacb6f5c865cd2e98cd7ca68d6d7f395
llama-perplexity --kl-divergence-base /tmp/logits.dat --ctx-size 32768 -f sample-data/wiki.test.head-2.4k.raw -fa on --hf-repo bartowski/MiniCPM5-2B-GGUF:Q4_K_M --cache-type-k q6_0 --cache-type-v q5_1 --kl-divergence
0.01.513.999 I cmn          init: llama threadpool init, n_threads = 16
0.01.563.161 I 
0.01.563.231 I system_info: n_threads = 16 (n_threads_batch = 16) / 32 | CUDA : ARCHS = 750,800,860,890,900,1000,1030,1200,1210 | USE_GRAPHS = 1 | FA_ALL_QUANTS = 1 | CPU : SSE3 = 1 | SSSE3 = 1 | AVX = 1 | AVX2 = 1 | F16C = 1 | FMA = 1 | BMI2 = 1 | LLAMAFILE = 1 | OPENMP = 1 | REPACK = 1 | 
0.01.846.727 I kl_divergence: computing over 5 chunks, n_ctx=32768, batch_size=2048, n_seq=1
0.10.020.593 I kl_divergence: 8.17 seconds per pass - ETA 0.67 minutes

chunk             PPL               ln(PPL(Q)/PPL(base))          KL Divergence              Δp RMS            Same top p        Same sampled p
   1      13.1190 ±    0.2902       0.02652 ±    0.00281       0.04542 ±    0.00052     5.022 ±  0.089 %    88.958 ±  0.245 %    40.178 ±  0.258 %
   2      12.2962 ±    0.1941       0.02820 ±    0.00204       0.04772 ±    0.00043     5.280 ±  0.067 %    89.098 ±  0.172 %    41.928 ±  0.187 %
   3      13.3717 ±    0.1741       0.02823 ±    0.00165       0.04849 ±    0.00034     5.214 ±  0.051 %    88.862 ±  0.142 %    40.363 ±  0.150 %
   4      12.9287 ±    0.1458       0.02746 ±    0.00145       0.05005 ±    0.00035     5.358 ±  0.049 %    88.841 ±  0.123 %    41.150 ±  0.131 %
   5      12.2948 ±    0.1229       0.02671 ±    0.00129       0.04914 ±    0.00031     5.331 ±  0.044 %    89.119 ±  0.109 %    41.744 ±  0.117 %

====== Perplexity statistics ======
Mean PPL(Q)                   :  12.294776 ±   0.122875
Mean PPL(base)                :  11.970705 ±   0.119397
Cor(ln(PPL(Q)), ln(PPL(base))):  99.17%
Mean ln(PPL(Q)/PPL(base))     :   0.026712 ±   0.001290
Mean PPL(Q)/PPL(base)         :   1.027072 ±   0.001325
Mean PPL(Q)-PPL(base)         :   0.324070 ±   0.016029

====== KL divergence statistics ======
Mean    KLD:   0.049143 ±   0.000312
Maximum KLD:   9.849156
99.9%   KLD:   0.874784
99.0%   KLD:   0.347750
95.0%   KLD:   0.154377
90.0%   KLD:   0.105082
Median  KLD:   0.030200
10.0%   KLD:   0.001064
 5.0%   KLD:   0.000210
 1.0%   KLD:   0.000023
 0.1%   KLD:   0.000002
Minimum KLD:  -0.000016

====== Token probability statistics ======
Mean    Δp: -0.453 ± 0.019 %
Maximum Δp: 78.771%
99.9%   Δp: 30.408%
99.0%   Δp: 14.692%
95.0%   Δp:  6.556%
90.0%   Δp:  3.667%
75.0%   Δp:  0.584%
Median  Δp: -0.005%
25.0%   Δp: -1.218%
10.0%   Δp: -5.183%
 5.0%   Δp: -8.595%
 1.0%   Δp: -18.427%
 0.1%   Δp: -36.901%
Minimum Δp: -96.771%
RMS Δp    :  5.331 ± 0.044 %
Same top p: 89.119 ± 0.109 %
Same sampled p: 41.744 ± 0.117 %

------------------------------
# llama-perplexity: version: 0.4.7-dev (build 11840, commit a740376d8-dirty) | built with GNU 15.3.0 for Linux x86_64
# model: /home/crusaderky/.cache/huggingface/hub/models--bartowski--MiniCPM5-2B-GGUF/snapshots/31fee0334c4ed9f1e079afe586ba30cb83e0f883/MiniCPM5-2B-Q4_K_M.gguf size=1615826144 mtime=2026-09-14T23:31:39+00:00 sha256/1048576B=7696d4515c9f04f092e9933de7be053bdacb6f5c865cd2e98cd7ca68d6d7f395
llama-perplexity --kl-divergence-base /tmp/logits.dat --ctx-size 32768 -f sample-data/wiki.test.head-2.4k.raw -fa on --hf-repo bartowski/MiniCPM5-2B-GGUF:Q4_K_M --cache-type-k q6_0 --cache-type-v q5_0 --kl-divergence
0.01.525.883 I cmn          init: llama threadpool init, n_threads = 16
0.01.575.644 I 
0.01.575.711 I system_info: n_threads = 16 (n_threads_batch = 16) / 32 | CUDA : ARCHS = 750,800,860,890,900,1000,1030,1200,1210 | USE_GRAPHS = 1 | FA_ALL_QUANTS = 1 | CPU : SSE3 = 1 | SSSE3 = 1 | AVX = 1 | AVX2 = 1 | F16C = 1 | FMA = 1 | BMI2 = 1 | LLAMAFILE = 1 | OPENMP = 1 | REPACK = 1 | 
0.01.858.468 I kl_divergence: computing over 5 chunks, n_ctx=32768, batch_size=2048, n_seq=1
0.10.015.020 I kl_divergence: 8.16 seconds per pass - ETA 0.67 minutes

chunk             PPL               ln(PPL(Q)/PPL(base))          KL Divergence              Δp RMS            Same top p        Same sampled p
   1      13.1390 ±    0.2908       0.02804 ±    0.00282       0.04562 ±    0.00052     5.012 ±  0.093 %    88.879 ±  0.246 %    40.151 ±  0.258 %
   2      12.3123 ±    0.1944       0.02950 ±    0.00205       0.04810 ±    0.00042     5.296 ±  0.066 %    89.117 ±  0.172 %    41.902 ±  0.187 %
   3      13.3865 ±    0.1743       0.02934 ±    0.00166       0.04885 ±    0.00033     5.230 ±  0.051 %    88.854 ±  0.142 %    40.331 ±  0.150 %
   4      12.9484 ±    0.1461       0.02898 ±    0.00146       0.05035 ±    0.00036     5.385 ±  0.048 %    88.822 ±  0.123 %    41.132 ±  0.131 %
   5      12.3085 ±    0.1230       0.02783 ±    0.00130       0.04949 ±    0.00033     5.358 ±  0.043 %    89.075 ±  0.109 %    41.729 ±  0.117 %

====== Perplexity statistics ======
Mean PPL(Q)                   :  12.308548 ±   0.123036
Mean PPL(base)                :  11.970705 ±   0.119397
Cor(ln(PPL(Q)), ln(PPL(base))):  99.16%
Mean ln(PPL(Q)/PPL(base))     :   0.027832 ±   0.001297
Mean PPL(Q)/PPL(base)         :   1.028222 ±   0.001333
Mean PPL(Q)-PPL(base)         :   0.337843 ±   0.016154

====== KL divergence statistics ======
Mean    KLD:   0.049486 ±   0.000331
Maximum KLD:  10.271250
99.9%   KLD:   0.862934
99.0%   KLD:   0.351031
95.0%   KLD:   0.156185
90.0%   KLD:   0.105840
Median  KLD:   0.030320
10.0%   KLD:   0.001074
 5.0%   KLD:   0.000214
 1.0%   KLD:   0.000024
 0.1%   KLD:   0.000002
Minimum KLD:  -0.000026

====== Token probability statistics ======
Mean    Δp: -0.468 ± 0.019 %
Maximum Δp: 78.727%
99.9%   Δp: 30.618%
99.0%   Δp: 14.838%
95.0%   Δp:  6.599%
90.0%   Δp:  3.658%
75.0%   Δp:  0.580%
Median  Δp: -0.005%
25.0%   Δp: -1.246%
10.0%   Δp: -5.208%
 5.0%   Δp: -8.601%
 1.0%   Δp: -18.659%
 0.1%   Δp: -38.227%
Minimum Δp: -97.651%
RMS Δp    :  5.358 ± 0.043 %
Same top p: 89.075 ± 0.109 %
Same sampled p: 41.729 ± 0.117 %

------------------------------
# llama-perplexity: version: 0.4.7-dev (build 11840, commit a740376d8-dirty) | built with GNU 15.3.0 for Linux x86_64
# model: /home/crusaderky/.cache/huggingface/hub/models--bartowski--MiniCPM5-2B-GGUF/snapshots/31fee0334c4ed9f1e079afe586ba30cb83e0f883/MiniCPM5-2B-Q4_K_M.gguf size=1615826144 mtime=2026-09-14T23:31:39+00:00 sha256/1048576B=7696d4515c9f04f092e9933de7be053bdacb6f5c865cd2e98cd7ca68d6d7f395
llama-perplexity --kl-divergence-base /tmp/logits.dat --ctx-size 32768 -f sample-data/wiki.test.head-2.4k.raw -fa on --hf-repo bartowski/MiniCPM5-2B-GGUF:Q4_K_M --cache-type-k q6_0 --cache-type-v q4_1 --kl-divergence
0.01.689.051 I cmn          init: llama threadpool init, n_threads = 16
0.01.739.792 I 
0.01.739.866 I system_info: n_threads = 16 (n_threads_batch = 16) / 32 | CUDA : ARCHS = 750,800,860,890,900,1000,1030,1200,1210 | USE_GRAPHS = 1 | FA_ALL_QUANTS = 1 | CPU : SSE3 = 1 | SSSE3 = 1 | AVX = 1 | AVX2 = 1 | F16C = 1 | FMA = 1 | BMI2 = 1 | LLAMAFILE = 1 | OPENMP = 1 | REPACK = 1 | 
0.02.022.289 I kl_divergence: computing over 5 chunks, n_ctx=32768, batch_size=2048, n_seq=1
0.10.917.190 I kl_divergence: 8.89 seconds per pass - ETA 0.73 minutes

chunk             PPL               ln(PPL(Q)/PPL(base))          KL Divergence              Δp RMS            Same top p        Same sampled p
   1      13.1544 ±    0.2912       0.02921 ±    0.00292       0.04845 ±    0.00056     5.232 ±  0.094 %    88.574 ±  0.249 %    40.127 ±  0.258 %
   2      12.3324 ±    0.1948       0.03113 ±    0.00213       0.05058 ±    0.00050     5.471 ±  0.069 %    88.824 ±  0.174 %    41.848 ±  0.187 %
   3      13.4085 ±    0.1745       0.03097 ±    0.00173       0.05177 ±    0.00039     5.453 ±  0.055 %    88.458 ±  0.144 %    40.277 ±  0.150 %
   4      12.9705 ±    0.1463       0.03069 ±    0.00151       0.05330 ±    0.00040     5.591 ±  0.052 %    88.426 ±  0.125 %    41.078 ±  0.131 %
   5      12.3298 ±    0.1232       0.02956 ±    0.00134       0.05212 ±    0.00034     5.555 ±  0.047 %    88.726 ±  0.111 %    41.666 ±  0.117 %

====== Perplexity statistics ======
Mean PPL(Q)                   :  12.329834 ±   0.123209
Mean PPL(base)                :  11.970705 ±   0.119397
Cor(ln(PPL(Q)), ln(PPL(base))):  99.10%
Mean ln(PPL(Q)/PPL(base))     :   0.029559 ±   0.001337
Mean PPL(Q)/PPL(base)         :   1.030001 ±   0.001378
Mean PPL(Q)-PPL(base)         :   0.359129 ±   0.016688

====== KL divergence statistics ======
Mean    KLD:   0.052117 ±   0.000340
Maximum KLD:  10.102556
99.9%   KLD:   0.915189
99.0%   KLD:   0.374781
95.0%   KLD:   0.165573
90.0%   KLD:   0.111746
Median  KLD:   0.031788
10.0%   KLD:   0.001118
 5.0%   KLD:   0.000224
 1.0%   KLD:   0.000026
 0.1%   KLD:   0.000003
Minimum KLD:  -0.000028

====== Token probability statistics ======
Mean    Δp: -0.523 ± 0.019 %
Maximum Δp: 78.509%
99.9%   Δp: 31.312%
99.0%   Δp: 14.923%
95.0%   Δp:  6.671%
90.0%   Δp:  3.711%
75.0%   Δp:  0.575%
Median  Δp: -0.006%
25.0%   Δp: -1.305%
10.0%   Δp: -5.417%
 5.0%   Δp: -9.046%
 1.0%   Δp: -19.374%
 0.1%   Δp: -40.548%
Minimum Δp: -97.661%
RMS Δp    :  5.555 ± 0.047 %
Same top p: 88.726 ± 0.111 %
Same sampled p: 41.666 ± 0.117 %

------------------------------
# llama-perplexity: version: 0.4.7-dev (build 11840, commit a740376d8-dirty) | built with GNU 15.3.0 for Linux x86_64
# model: /home/crusaderky/.cache/huggingface/hub/models--bartowski--MiniCPM5-2B-GGUF/snapshots/31fee0334c4ed9f1e079afe586ba30cb83e0f883/MiniCPM5-2B-Q4_K_M.gguf size=1615826144 mtime=2026-09-14T23:31:39+00:00 sha256/1048576B=7696d4515c9f04f092e9933de7be053bdacb6f5c865cd2e98cd7ca68d6d7f395
llama-perplexity --kl-divergence-base /tmp/logits.dat --ctx-size 32768 -f sample-data/wiki.test.head-2.4k.raw -fa on --hf-repo bartowski/MiniCPM5-2B-GGUF:Q4_K_M --cache-type-k q6_0 --cache-type-v q4_0 --kl-divergence
0.01.509.584 I cmn          init: llama threadpool init, n_threads = 16
0.01.559.110 I 
0.01.559.177 I system_info: n_threads = 16 (n_threads_batch = 16) / 32 | CUDA : ARCHS = 750,800,860,890,900,1000,1030,1200,1210 | USE_GRAPHS = 1 | FA_ALL_QUANTS = 1 | CPU : SSE3 = 1 | SSSE3 = 1 | AVX = 1 | AVX2 = 1 | F16C = 1 | FMA = 1 | BMI2 = 1 | LLAMAFILE = 1 | OPENMP = 1 | REPACK = 1 | 
0.01.841.593 I kl_divergence: computing over 5 chunks, n_ctx=32768, batch_size=2048, n_seq=1
0.09.958.344 I kl_divergence: 8.12 seconds per pass - ETA 0.67 minutes

chunk             PPL               ln(PPL(Q)/PPL(base))          KL Divergence              Δp RMS            Same top p        Same sampled p
   1      13.1692 ±    0.2910       0.03034 ±    0.00293       0.04897 ±    0.00057     5.287 ±  0.100 %    88.812 ±  0.246 %    40.028 ±  0.258 %
   2      12.3328 ±    0.1945       0.03116 ±    0.00214       0.05142 ±    0.00049     5.543 ±  0.073 %    88.934 ±  0.173 %    41.769 ±  0.187 %
   3      13.3958 ±    0.1741       0.03003 ±    0.00173       0.05220 ±    0.00038     5.466 ±  0.057 %    88.598 ±  0.143 %    40.200 ±  0.150 %
   4      12.9566 ±    0.1459       0.02961 ±    0.00152       0.05370 ±    0.00039     5.594 ±  0.053 %    88.538 ±  0.124 %    40.999 ±  0.131 %
   5      12.3177 ±    0.1229       0.02857 ±    0.00135       0.05280 ±    0.00036     5.564 ±  0.047 %    88.809 ±  0.110 %    41.598 ±  0.117 %

====== Perplexity statistics ======
Mean PPL(Q)                   :  12.317676 ±   0.122910
Mean PPL(base)                :  11.970705 ±   0.119397
Cor(ln(PPL(Q)), ln(PPL(base))):  99.09%
Mean ln(PPL(Q)/PPL(base))     :   0.028573 ±   0.001346
Mean PPL(Q)/PPL(base)         :   1.028985 ±   0.001385
Mean PPL(Q)-PPL(base)         :   0.346970 ±   0.016713

====== KL divergence statistics ======
Mean    KLD:   0.052800 ±   0.000362
Maximum KLD:  10.327909
99.9%   KLD:   0.972994
99.0%   KLD:   0.372151
95.0%   KLD:   0.166213
90.0%   KLD:   0.113265
Median  KLD:   0.031995
10.0%   KLD:   0.001151
 5.0%   KLD:   0.000229
 1.0%   KLD:   0.000025
 0.1%   KLD:   0.000003
Minimum KLD:  -0.000009

====== Token probability statistics ======
Mean    Δp: -0.584 ± 0.019 %
Maximum Δp: 78.876%
99.9%   Δp: 30.197%
99.0%   Δp: 14.746%
95.0%   Δp:  6.589%
90.0%   Δp:  3.629%
75.0%   Δp:  0.542%
Median  Δp: -0.009%
25.0%   Δp: -1.365%
10.0%   Δp: -5.577%
 5.0%   Δp: -9.102%
 1.0%   Δp: -19.318%
 0.1%   Δp: -40.367%
Minimum Δp: -97.607%
RMS Δp    :  5.564 ± 0.047 %
Same top p: 88.809 ± 0.110 %
Same sampled p: 41.598 ± 0.117 %

------------------------------
# llama-perplexity: version: 0.4.7-dev (build 11840, commit a740376d8-dirty) | built with GNU 15.3.0 for Linux x86_64
# model: /home/crusaderky/.cache/huggingface/hub/models--bartowski--MiniCPM5-2B-GGUF/snapshots/31fee0334c4ed9f1e079afe586ba30cb83e0f883/MiniCPM5-2B-Q4_K_M.gguf size=1615826144 mtime=2026-09-14T23:31:39+00:00 sha256/1048576B=7696d4515c9f04f092e9933de7be053bdacb6f5c865cd2e98cd7ca68d6d7f395
llama-perplexity --kl-divergence-base /tmp/logits.dat --ctx-size 32768 -f sample-data/wiki.test.head-2.4k.raw -fa on --hf-repo bartowski/MiniCPM5-2B-GGUF:Q4_K_M --cache-type-k q6_0 --cache-type-v q3_1 --kl-divergence
0.01.528.286 I cmn          init: llama threadpool init, n_threads = 16
0.01.577.771 I 
0.01.577.838 I system_info: n_threads = 16 (n_threads_batch = 16) / 32 | CUDA : ARCHS = 750,800,860,890,900,1000,1030,1200,1210 | USE_GRAPHS = 1 | FA_ALL_QUANTS = 1 | CPU : SSE3 = 1 | SSSE3 = 1 | AVX = 1 | AVX2 = 1 | F16C = 1 | FMA = 1 | BMI2 = 1 | LLAMAFILE = 1 | OPENMP = 1 | REPACK = 1 | 
0.01.865.908 I kl_divergence: computing over 5 chunks, n_ctx=32768, batch_size=2048, n_seq=1
0.10.397.884 I kl_divergence: 8.53 seconds per pass - ETA 0.70 minutes

chunk             PPL               ln(PPL(Q)/PPL(base))          KL Divergence              Δp RMS            Same top p        Same sampled p
   1      13.2331 ±    0.2922       0.03518 ±    0.00321       0.06000 ±    0.00073     5.832 ±  0.095 %    87.548 ±  0.258 %    39.818 ±  0.258 %
   2      12.4193 ±    0.1958       0.03815 ±    0.00235       0.06269 ±    0.00059     6.144 ±  0.076 %    87.740 ±  0.181 %    41.568 ±  0.186 %
   3      13.5052 ±    0.1755       0.03817 ±    0.00192       0.06411 ±    0.00047     6.124 ±  0.061 %    87.402 ±  0.150 %    40.002 ±  0.150 %
   4      13.0620 ±    0.1471       0.03771 ±    0.00168       0.06596 ±    0.00045     6.298 ±  0.056 %    87.353 ±  0.130 %    40.770 ±  0.131 %
   5      12.4181 ±    0.1239       0.03669 ±    0.00148       0.06486 ±    0.00041     6.265 ±  0.050 %    87.581 ±  0.115 %    41.368 ±  0.117 %

====== Perplexity statistics ======
Mean PPL(Q)                   :  12.418119 ±   0.123887
Mean PPL(base)                :  11.970705 ±   0.119397
Cor(ln(PPL(Q)), ln(PPL(base))):  98.89%
Mean ln(PPL(Q)/PPL(base))     :   0.036694 ±   0.001484
Mean PPL(Q)/PPL(base)         :   1.037376 ±   0.001539
Mean PPL(Q)-PPL(base)         :   0.447414 ±   0.018639

====== KL divergence statistics ======
Mean    KLD:   0.064858 ±   0.000407
Maximum KLD:   9.860509
99.9%   KLD:   1.161493
99.0%   KLD:   0.464335
95.0%   KLD:   0.208604
90.0%   KLD:   0.140518
Median  KLD:   0.039272
10.0%   KLD:   0.001495
 5.0%   KLD:   0.000293
 1.0%   KLD:   0.000036
 0.1%   KLD:   0.000005
Minimum KLD:  -0.000010

====== Token probability statistics ======
Mean    Δp: -0.770 ± 0.022 %
Maximum Δp: 82.271%
99.9%   Δp: 34.646%
99.0%   Δp: 16.142%
95.0%   Δp:  7.006%
90.0%   Δp:  3.832%
75.0%   Δp:  0.533%
Median  Δp: -0.018%
25.0%   Δp: -1.613%
10.0%   Δp: -6.412%
 5.0%   Δp: -10.563%
 1.0%   Δp: -22.545%
 0.1%   Δp: -45.003%
Minimum Δp: -92.790%
RMS Δp    :  6.265 ± 0.050 %
Same top p: 87.581 ± 0.115 %
Same sampled p: 41.368 ± 0.117 %

------------------------------
# llama-perplexity: version: 0.4.7-dev (build 11840, commit a740376d8-dirty) | built with GNU 15.3.0 for Linux x86_64
# model: /home/crusaderky/.cache/huggingface/hub/models--bartowski--MiniCPM5-2B-GGUF/snapshots/31fee0334c4ed9f1e079afe586ba30cb83e0f883/MiniCPM5-2B-Q4_K_M.gguf size=1615826144 mtime=2026-09-14T23:31:39+00:00 sha256/1048576B=7696d4515c9f04f092e9933de7be053bdacb6f5c865cd2e98cd7ca68d6d7f395
llama-perplexity --kl-divergence-base /tmp/logits.dat --ctx-size 32768 -f sample-data/wiki.test.head-2.4k.raw -fa on --hf-repo bartowski/MiniCPM5-2B-GGUF:Q4_K_M --cache-type-k q6_0 --cache-type-v q3_0 --kl-divergence
0.01.538.131 I cmn          init: llama threadpool init, n_threads = 16
0.01.588.578 I 
0.01.588.645 I system_info: n_threads = 16 (n_threads_batch = 16) / 32 | CUDA : ARCHS = 750,800,860,890,900,1000,1030,1200,1210 | USE_GRAPHS = 1 | FA_ALL_QUANTS = 1 | CPU : SSE3 = 1 | SSSE3 = 1 | AVX = 1 | AVX2 = 1 | F16C = 1 | FMA = 1 | BMI2 = 1 | LLAMAFILE = 1 | OPENMP = 1 | REPACK = 1 | 
0.01.882.432 I kl_divergence: computing over 5 chunks, n_ctx=32768, batch_size=2048, n_seq=1
0.10.593.722 I kl_divergence: 8.71 seconds per pass - ETA 0.72 minutes

chunk             PPL               ln(PPL(Q)/PPL(base))          KL Divergence              Δp RMS            Same top p        Same sampled p
   1      13.2709 ±    0.2937       0.03803 ±    0.00330       0.06092 ±    0.00076     5.983 ±  0.110 %    87.493 ±  0.258 %    39.848 ±  0.258 %
   2      12.4338 ±    0.1963       0.03932 ±    0.00240       0.06429 ±    0.00058     6.256 ±  0.080 %    87.557 ±  0.182 %    41.593 ±  0.187 %
   3      13.5093 ±    0.1758       0.03847 ±    0.00195       0.06542 ±    0.00046     6.174 ±  0.062 %    87.190 ±  0.151 %    40.021 ±  0.150 %
   4      13.0790 ±    0.1475       0.03902 ±    0.00172       0.06748 ±    0.00045     6.357 ±  0.057 %    87.212 ±  0.130 %    40.802 ±  0.131 %
   5      12.4308 ±    0.1242       0.03772 ±    0.00152       0.06633 ±    0.00043     6.297 ±  0.051 %    87.488 ±  0.116 %    41.393 ±  0.117 %

====== Perplexity statistics ======
Mean PPL(Q)                   :  12.430829 ±   0.124181
Mean PPL(base)                :  11.970705 ±   0.119397
Cor(ln(PPL(Q)), ln(PPL(base))):  98.84%
Mean ln(PPL(Q)/PPL(base))     :   0.037717 ±   0.001522
Mean PPL(Q)/PPL(base)         :   1.038437 ±   0.001581
Mean PPL(Q)-PPL(base)         :   0.460124 ±   0.019177

====== KL divergence statistics ======
Mean    KLD:   0.066330 ±   0.000434
Maximum KLD:  10.801342
99.9%   KLD:   1.218268
99.0%   KLD:   0.473209
95.0%   KLD:   0.211268
90.0%   KLD:   0.141689
Median  KLD:   0.039991
10.0%   KLD:   0.001514
 5.0%   KLD:   0.000304
 1.0%   KLD:   0.000035
 0.1%   KLD:   0.000004
Minimum KLD:  -0.000018

====== Token probability statistics ======
Mean    Δp: -0.736 ± 0.022 %
Maximum Δp: 84.069%
99.9%   Δp: 34.497%
99.0%   Δp: 16.449%
95.0%   Δp:  7.182%
90.0%   Δp:  3.919%
75.0%   Δp:  0.554%
Median  Δp: -0.014%
25.0%   Δp: -1.593%
10.0%   Δp: -6.348%
 5.0%   Δp: -10.594%
 1.0%   Δp: -22.490%
 0.1%   Δp: -46.263%
Minimum Δp: -96.108%
RMS Δp    :  6.297 ± 0.051 %
Same top p: 87.488 ± 0.116 %
Same sampled p: 41.393 ± 0.117 %

------------------------------
# llama-perplexity: version: 0.4.7-dev (build 11840, commit a740376d8-dirty) | built with GNU 15.3.0 for Linux x86_64
# model: /home/crusaderky/.cache/huggingface/hub/models--bartowski--MiniCPM5-2B-GGUF/snapshots/31fee0334c4ed9f1e079afe586ba30cb83e0f883/MiniCPM5-2B-Q4_K_M.gguf size=1615826144 mtime=2026-09-14T23:31:39+00:00 sha256/1048576B=7696d4515c9f04f092e9933de7be053bdacb6f5c865cd2e98cd7ca68d6d7f395
llama-perplexity --kl-divergence-base /tmp/logits.dat --ctx-size 32768 -f sample-data/wiki.test.head-2.4k.raw -fa on --hf-repo bartowski/MiniCPM5-2B-GGUF:Q4_K_M --cache-type-k q5_1 --cache-type-v q5_1 --kl-divergence
0.01.534.978 I cmn          init: llama threadpool init, n_threads = 16
0.01.584.583 I 
0.01.584.659 I system_info: n_threads = 16 (n_threads_batch = 16) / 32 | CUDA : ARCHS = 750,800,860,890,900,1000,1030,1200,1210 | USE_GRAPHS = 1 | FA_ALL_QUANTS = 1 | CPU : SSE3 = 1 | SSSE3 = 1 | AVX = 1 | AVX2 = 1 | F16C = 1 | FMA = 1 | BMI2 = 1 | LLAMAFILE = 1 | OPENMP = 1 | REPACK = 1 | 
0.01.873.788 I kl_divergence: computing over 5 chunks, n_ctx=32768, batch_size=2048, n_seq=1
0.10.230.505 I kl_divergence: 8.36 seconds per pass - ETA 0.68 minutes

chunk             PPL               ln(PPL(Q)/PPL(base))          KL Divergence              Δp RMS            Same top p        Same sampled p
   1      13.1396 ±    0.2910       0.02809 ±    0.00289       0.04839 ±    0.00055     5.156 ±  0.089 %    88.592 ±  0.248 %    40.123 ±  0.258 %
   2      12.3207 ±    0.1947       0.03018 ±    0.00213       0.05141 ±    0.00055     5.445 ±  0.072 %    88.744 ±  0.175 %    41.861 ±  0.187 %
   3      13.3969 ±    0.1746       0.03011 ±    0.00174       0.05235 ±    0.00042     5.416 ±  0.056 %    88.567 ±  0.144 %    40.300 ±  0.150 %
   4      12.9538 ±    0.1462       0.02940 ±    0.00153       0.05369 ±    0.00041     5.569 ±  0.052 %    88.543 ±  0.124 %    41.087 ±  0.131 %
   5      12.3164 ±    0.1232       0.02847 ±    0.00135       0.05278 ±    0.00036     5.536 ±  0.046 %    88.801 ±  0.110 %    41.687 ±  0.117 %

====== Perplexity statistics ======
Mean PPL(Q)                   :  12.316383 ±   0.123159
Mean PPL(base)                :  11.970705 ±   0.119397
Cor(ln(PPL(Q)), ln(PPL(base))):  99.08%
Mean ln(PPL(Q)/PPL(base))     :   0.028468 ±   0.001352
Mean PPL(Q)/PPL(base)         :   1.028877 ±   0.001391
Mean PPL(Q)-PPL(base)         :   0.345678 ±   0.016837

====== KL divergence statistics ======
Mean    KLD:   0.052781 ±   0.000360
Maximum KLD:  10.264301
99.9%   KLD:   0.966643
99.0%   KLD:   0.368447
95.0%   KLD:   0.166270
90.0%   KLD:   0.112942
Median  KLD:   0.032225
10.0%   KLD:   0.001146
 5.0%   KLD:   0.000220
 1.0%   KLD:   0.000026
 0.1%   KLD:   0.000003
Minimum KLD:  -0.000027

====== Token probability statistics ======
Mean    Δp: -0.478 ± 0.019 %
Maximum Δp: 78.772%
99.9%   Δp: 31.600%
99.0%   Δp: 15.255%
95.0%   Δp:  6.813%
90.0%   Δp:  3.767%
75.0%   Δp:  0.590%
Median  Δp: -0.006%
25.0%   Δp: -1.287%
10.0%   Δp: -5.385%
 5.0%   Δp: -8.888%
 1.0%   Δp: -19.050%
 0.1%   Δp: -38.872%
Minimum Δp: -97.657%
RMS Δp    :  5.536 ± 0.046 %
Same top p: 88.801 ± 0.110 %
Same sampled p: 41.687 ± 0.117 %

------------------------------
# llama-perplexity: version: 0.4.7-dev (build 11840, commit a740376d8-dirty) | built with GNU 15.3.0 for Linux x86_64
# model: /home/crusaderky/.cache/huggingface/hub/models--bartowski--MiniCPM5-2B-GGUF/snapshots/31fee0334c4ed9f1e079afe586ba30cb83e0f883/MiniCPM5-2B-Q4_K_M.gguf size=1615826144 mtime=2026-09-14T23:31:39+00:00 sha256/1048576B=7696d4515c9f04f092e9933de7be053bdacb6f5c865cd2e98cd7ca68d6d7f395
llama-perplexity --kl-divergence-base /tmp/logits.dat --ctx-size 32768 -f sample-data/wiki.test.head-2.4k.raw -fa on --hf-repo bartowski/MiniCPM5-2B-GGUF:Q4_K_M --cache-type-k q5_1 --cache-type-v q5_0 --kl-divergence
0.01.494.250 I cmn          init: llama threadpool init, n_threads = 16
0.01.542.113 I 
0.01.542.186 I system_info: n_threads = 16 (n_threads_batch = 16) / 32 | CUDA : ARCHS = 750,800,860,890,900,1000,1030,1200,1210 | USE_GRAPHS = 1 | FA_ALL_QUANTS = 1 | CPU : SSE3 = 1 | SSSE3 = 1 | AVX = 1 | AVX2 = 1 | F16C = 1 | FMA = 1 | BMI2 = 1 | LLAMAFILE = 1 | OPENMP = 1 | REPACK = 1 | 
0.01.819.521 I kl_divergence: computing over 5 chunks, n_ctx=32768, batch_size=2048, n_seq=1
0.09.953.155 I kl_divergence: 8.13 seconds per pass - ETA 0.67 minutes

chunk             PPL               ln(PPL(Q)/PPL(base))          KL Divergence              Δp RMS            Same top p        Same sampled p
   1      13.1797 ±    0.2916       0.03113 ±    0.00290       0.04858 ±    0.00053     5.273 ±  0.091 %    88.488 ±  0.249 %    40.087 ±  0.258 %
   2      12.3454 ±    0.1950       0.03218 ±    0.00212       0.05142 ±    0.00050     5.517 ±  0.068 %    88.857 ±  0.174 %    41.861 ±  0.187 %
   3      13.4141 ±    0.1747       0.03140 ±    0.00173       0.05243 ±    0.00039     5.472 ±  0.053 %    88.574 ±  0.144 %    40.287 ±  0.150 %
   4      12.9745 ±    0.1464       0.03099 ±    0.00152       0.05390 ±    0.00038     5.608 ±  0.049 %    88.512 ±  0.125 %    41.077 ±  0.131 %
   5      12.3296 ±    0.1233       0.02954 ±    0.00135       0.05288 ±    0.00035     5.573 ±  0.043 %    88.776 ±  0.110 %    41.678 ±  0.117 %

====== Perplexity statistics ======
Mean PPL(Q)                   :  12.329622 ±   0.123264
Mean PPL(base)                :  11.970705 ±   0.119397
Cor(ln(PPL(Q)), ln(PPL(base))):  99.09%
Mean ln(PPL(Q)/PPL(base))     :   0.029542 ±   0.001346
Mean PPL(Q)/PPL(base)         :   1.029983 ±   0.001386
Mean PPL(Q)-PPL(base)         :   0.358916 ±   0.016795

====== KL divergence statistics ======
Mean    KLD:   0.052883 ±   0.000345
Maximum KLD:  10.346656
99.9%   KLD:   0.931321
99.0%   KLD:   0.370381
95.0%   KLD:   0.167376
90.0%   KLD:   0.113903
Median  KLD:   0.032180
10.0%   KLD:   0.001133
 5.0%   KLD:   0.000225
 1.0%   KLD:   0.000025
 0.1%   KLD:   0.000002
Minimum KLD:  -0.000016

====== Token probability statistics ======
Mean    Δp: -0.503 ± 0.019 %
Maximum Δp: 81.968%
99.9%   Δp: 31.656%
99.0%   Δp: 15.037%
95.0%   Δp:  6.821%
90.0%   Δp:  3.779%
75.0%   Δp:  0.581%
Median  Δp: -0.006%
25.0%   Δp: -1.279%
10.0%   Δp: -5.403%
 5.0%   Δp: -9.099%
 1.0%   Δp: -19.502%
 0.1%   Δp: -40.595%
Minimum Δp: -83.834%
RMS Δp    :  5.573 ± 0.043 %
Same top p: 88.776 ± 0.110 %
Same sampled p: 41.678 ± 0.117 %

------------------------------
# llama-perplexity: version: 0.4.7-dev (build 11840, commit a740376d8-dirty) | built with GNU 15.3.0 for Linux x86_64
# model: /home/crusaderky/.cache/huggingface/hub/models--bartowski--MiniCPM5-2B-GGUF/snapshots/31fee0334c4ed9f1e079afe586ba30cb83e0f883/MiniCPM5-2B-Q4_K_M.gguf size=1615826144 mtime=2026-09-14T23:31:39+00:00 sha256/1048576B=7696d4515c9f04f092e9933de7be053bdacb6f5c865cd2e98cd7ca68d6d7f395
llama-perplexity --kl-divergence-base /tmp/logits.dat --ctx-size 32768 -f sample-data/wiki.test.head-2.4k.raw -fa on --hf-repo bartowski/MiniCPM5-2B-GGUF:Q4_K_M --cache-type-k q5_1 --cache-type-v q4_1 --kl-divergence
0.01.589.135 I cmn          init: llama threadpool init, n_threads = 16
0.01.639.333 I 
0.01.639.404 I system_info: n_threads = 16 (n_threads_batch = 16) / 32 | CUDA : ARCHS = 750,800,860,890,900,1000,1030,1200,1210 | USE_GRAPHS = 1 | FA_ALL_QUANTS = 1 | CPU : SSE3 = 1 | SSSE3 = 1 | AVX = 1 | AVX2 = 1 | F16C = 1 | FMA = 1 | BMI2 = 1 | LLAMAFILE = 1 | OPENMP = 1 | REPACK = 1 | 
0.01.927.099 I kl_divergence: computing over 5 chunks, n_ctx=32768, batch_size=2048, n_seq=1
0.10.692.012 I kl_divergence: 8.76 seconds per pass - ETA 0.72 minutes

chunk             PPL               ln(PPL(Q)/PPL(base))          KL Divergence              Δp RMS            Same top p        Same sampled p
   1      13.1813 ±    0.2918       0.03126 ±    0.00298       0.05087 ±    0.00057     5.443 ±  0.094 %    88.390 ±  0.250 %    40.063 ±  0.258 %
   2      12.3547 ±    0.1952       0.03293 ±    0.00217       0.05308 ±    0.00045     5.644 ±  0.067 %    88.653 ±  0.175 %    41.805 ±  0.187 %
   3      13.4098 ±    0.1745       0.03107 ±    0.00177       0.05442 ±    0.00037     5.605 ±  0.055 %    88.313 ±  0.145 %    40.228 ±  0.150 %
   4      12.9742 ±    0.1463       0.03097 ±    0.00156       0.05636 ±    0.00039     5.767 ±  0.052 %    88.219 ±  0.126 %    41.013 ±  0.131 %
   5      12.3376 ±    0.1233       0.03019 ±    0.00139       0.05543 ±    0.00036     5.735 ±  0.047 %    88.465 ±  0.112 %    41.606 ±  0.117 %

====== Perplexity statistics ======
Mean PPL(Q)                   :  12.337590 ±   0.123258
Mean PPL(base)                :  11.970705 ±   0.119397
Cor(ln(PPL(Q)), ln(PPL(base))):  99.03%
Mean ln(PPL(Q)/PPL(base))     :   0.030188 ±   0.001390
Mean PPL(Q)/PPL(base)         :   1.030649 ±   0.001433
Mean PPL(Q)-PPL(base)         :   0.366885 ±   0.017331

====== KL divergence statistics ======
Mean    KLD:   0.055433 ±   0.000356
Maximum KLD:   9.266253
99.9%   KLD:   1.010957
99.0%   KLD:   0.397144
95.0%   KLD:   0.176493
90.0%   KLD:   0.119263
Median  KLD:   0.033618
10.0%   KLD:   0.001200
 5.0%   KLD:   0.000239
 1.0%   KLD:   0.000027
 0.1%   KLD:   0.000003
Minimum KLD:  -0.000003

====== Token probability statistics ======
Mean    Δp: -0.562 ± 0.020 %
Maximum Δp: 80.376%
99.9%   Δp: 31.786%
99.0%   Δp: 15.345%
95.0%   Δp:  6.848%
90.0%   Δp:  3.776%
75.0%   Δp:  0.577%
Median  Δp: -0.007%
25.0%   Δp: -1.353%
10.0%   Δp: -5.608%
 5.0%   Δp: -9.320%
 1.0%   Δp: -20.405%
 0.1%   Δp: -40.487%
Minimum Δp: -97.646%
RMS Δp    :  5.735 ± 0.047 %
Same top p: 88.465 ± 0.112 %
Same sampled p: 41.606 ± 0.117 %

------------------------------
# llama-perplexity: version: 0.4.7-dev (build 11840, commit a740376d8-dirty) | built with GNU 15.3.0 for Linux x86_64
# model: /home/crusaderky/.cache/huggingface/hub/models--bartowski--MiniCPM5-2B-GGUF/snapshots/31fee0334c4ed9f1e079afe586ba30cb83e0f883/MiniCPM5-2B-Q4_K_M.gguf size=1615826144 mtime=2026-09-14T23:31:39+00:00 sha256/1048576B=7696d4515c9f04f092e9933de7be053bdacb6f5c865cd2e98cd7ca68d6d7f395
llama-perplexity --kl-divergence-base /tmp/logits.dat --ctx-size 32768 -f sample-data/wiki.test.head-2.4k.raw -fa on --hf-repo bartowski/MiniCPM5-2B-GGUF:Q4_K_M --cache-type-k q5_1 --cache-type-v q4_0 --kl-divergence
0.01.497.072 I cmn          init: llama threadpool init, n_threads = 16
0.01.547.072 I 
0.01.547.146 I system_info: n_threads = 16 (n_threads_batch = 16) / 32 | CUDA : ARCHS = 750,800,860,890,900,1000,1030,1200,1210 | USE_GRAPHS = 1 | FA_ALL_QUANTS = 1 | CPU : SSE3 = 1 | SSSE3 = 1 | AVX = 1 | AVX2 = 1 | F16C = 1 | FMA = 1 | BMI2 = 1 | LLAMAFILE = 1 | OPENMP = 1 | REPACK = 1 | 
0.01.824.913 I kl_divergence: computing over 5 chunks, n_ctx=32768, batch_size=2048, n_seq=1
0.09.884.476 I kl_divergence: 8.06 seconds per pass - ETA 0.67 minutes

chunk             PPL               ln(PPL(Q)/PPL(base))          KL Divergence              Δp RMS            Same top p        Same sampled p
   1      13.2231 ±    0.2926       0.03442 ±    0.00299       0.05119 ±    0.00058     5.403 ±  0.097 %    88.598 ±  0.248 %    39.993 ±  0.258 %
   2      12.3632 ±    0.1952       0.03362 ±    0.00216       0.05371 ±    0.00050     5.651 ±  0.071 %    88.592 ±  0.176 %    41.754 ±  0.187 %
   3      13.4353 ±    0.1748       0.03297 ±    0.00176       0.05503 ±    0.00040     5.593 ±  0.056 %    88.258 ±  0.145 %    40.175 ±  0.150 %
   4      12.9972 ±    0.1465       0.03275 ±    0.00155       0.05672 ±    0.00039     5.749 ±  0.052 %    88.206 ±  0.126 %    40.964 ±  0.131 %
   5      12.3526 ±    0.1233       0.03141 ±    0.00138       0.05577 ±    0.00035     5.715 ±  0.046 %    88.505 ±  0.111 %    41.569 ±  0.117 %

====== Perplexity statistics ======
Mean PPL(Q)                   :  12.352629 ±   0.123347
Mean PPL(base)                :  11.970705 ±   0.119397
Cor(ln(PPL(Q)), ln(PPL(base))):  99.05%
Mean ln(PPL(Q)/PPL(base))     :   0.031406 ±   0.001376
Mean PPL(Q)/PPL(base)         :   1.031905 ±   0.001420
Mean PPL(Q)-PPL(base)         :   0.381924 ±   0.017196

====== KL divergence statistics ======
Mean    KLD:   0.055767 ±   0.000351
Maximum KLD:  10.648707
99.9%   KLD:   0.972854
99.0%   KLD:   0.400445
95.0%   KLD:   0.177456
90.0%   KLD:   0.120102
Median  KLD:   0.033952
10.0%   KLD:   0.001249
 5.0%   KLD:   0.000237
 1.0%   KLD:   0.000028
 0.1%   KLD:   0.000003
Minimum KLD:  -0.000009

====== Token probability statistics ======
Mean    Δp: -0.600 ± 0.020 %
Maximum Δp: 78.822%
99.9%   Δp: 31.537%
99.0%   Δp: 15.406%
95.0%   Δp:  6.695%
90.0%   Δp:  3.699%
75.0%   Δp:  0.544%
Median  Δp: -0.010%
25.0%   Δp: -1.391%
10.0%   Δp: -5.732%
 5.0%   Δp: -9.372%
 1.0%   Δp: -19.939%
 0.1%   Δp: -40.905%
Minimum Δp: -96.118%
RMS Δp    :  5.715 ± 0.046 %
Same top p: 88.505 ± 0.111 %
Same sampled p: 41.569 ± 0.117 %

------------------------------
# llama-perplexity: version: 0.4.7-dev (build 11840, commit a740376d8-dirty) | built with GNU 15.3.0 for Linux x86_64
# model: /home/crusaderky/.cache/huggingface/hub/models--bartowski--MiniCPM5-2B-GGUF/snapshots/31fee0334c4ed9f1e079afe586ba30cb83e0f883/MiniCPM5-2B-Q4_K_M.gguf size=1615826144 mtime=2026-09-14T23:31:39+00:00 sha256/1048576B=7696d4515c9f04f092e9933de7be053bdacb6f5c865cd2e98cd7ca68d6d7f395
llama-perplexity --kl-divergence-base /tmp/logits.dat --ctx-size 32768 -f sample-data/wiki.test.head-2.4k.raw -fa on --hf-repo bartowski/MiniCPM5-2B-GGUF:Q4_K_M --cache-type-k q5_1 --cache-type-v q3_1 --kl-divergence
0.01.688.336 I cmn          init: llama threadpool init, n_threads = 16
0.01.739.547 I 
0.01.739.616 I system_info: n_threads = 16 (n_threads_batch = 16) / 32 | CUDA : ARCHS = 750,800,860,890,900,1000,1030,1200,1210 | USE_GRAPHS = 1 | FA_ALL_QUANTS = 1 | CPU : SSE3 = 1 | SSSE3 = 1 | AVX = 1 | AVX2 = 1 | F16C = 1 | FMA = 1 | BMI2 = 1 | LLAMAFILE = 1 | OPENMP = 1 | REPACK = 1 | 
0.02.028.393 I kl_divergence: computing over 5 chunks, n_ctx=32768, batch_size=2048, n_seq=1
0.10.171.979 I kl_divergence: 8.14 seconds per pass - ETA 0.67 minutes

chunk             PPL               ln(PPL(Q)/PPL(base))          KL Divergence              Δp RMS            Same top p        Same sampled p
   1      13.3069 ±    0.2942       0.04074 ±    0.00331       0.06315 ±    0.00073     6.118 ±  0.104 %    87.121 ±  0.262 %    39.749 ±  0.258 %
   2      12.4579 ±    0.1966       0.04126 ±    0.00241       0.06554 ±    0.00056     6.301 ±  0.073 %    87.392 ±  0.183 %    41.519 ±  0.186 %
   3      13.5363 ±    0.1759       0.04046 ±    0.00197       0.06723 ±    0.00046     6.275 ±  0.059 %    87.119 ±  0.151 %    39.924 ±  0.150 %
   4      13.0965 ±    0.1475       0.04035 ±    0.00172       0.06918 ±    0.00043     6.417 ±  0.053 %    87.014 ±  0.131 %    40.711 ±  0.131 %
   5      12.4575 ±    0.1243       0.03986 ±    0.00153       0.06831 ±    0.00043     6.397 ±  0.048 %    87.262 ±  0.116 %    41.308 ±  0.117 %

====== Perplexity statistics ======
Mean PPL(Q)                   :  12.457503 ±   0.124319
Mean PPL(base)                :  11.970705 ±   0.119397
Cor(ln(PPL(Q)), ln(PPL(base))):  98.83%
Mean ln(PPL(Q)/PPL(base))     :   0.039861 ±   0.001528
Mean PPL(Q)/PPL(base)         :   1.040666 ±   0.001591
Mean PPL(Q)-PPL(base)         :   0.486797 ±   0.019302

====== KL divergence statistics ======
Mean    KLD:   0.068307 ±   0.000432
Maximum KLD:  11.008597
99.9%   KLD:   1.223082
99.0%   KLD:   0.481818
95.0%   KLD:   0.220512
90.0%   KLD:   0.147826
Median  KLD:   0.041411
10.0%   KLD:   0.001558
 5.0%   KLD:   0.000313
 1.0%   KLD:   0.000039
 0.1%   KLD:   0.000005
Minimum KLD:  -0.000003

====== Token probability statistics ======
Mean    Δp: -0.817 ± 0.022 %
Maximum Δp: 85.079%
99.9%   Δp: 34.781%
99.0%   Δp: 16.675%
95.0%   Δp:  7.187%
90.0%   Δp:  3.884%
75.0%   Δp:  0.511%
Median  Δp: -0.022%
25.0%   Δp: -1.738%
10.0%   Δp: -6.582%
 5.0%   Δp: -10.820%
 1.0%   Δp: -23.125%
 0.1%   Δp: -46.075%
Minimum Δp: -85.948%
RMS Δp    :  6.397 ± 0.048 %
Same top p: 87.262 ± 0.116 %
Same sampled p: 41.308 ± 0.117 %

------------------------------
# llama-perplexity: version: 0.4.7-dev (build 11840, commit a740376d8-dirty) | built with GNU 15.3.0 for Linux x86_64
# model: /home/crusaderky/.cache/huggingface/hub/models--bartowski--MiniCPM5-2B-GGUF/snapshots/31fee0334c4ed9f1e079afe586ba30cb83e0f883/MiniCPM5-2B-Q4_K_M.gguf size=1615826144 mtime=2026-09-14T23:31:39+00:00 sha256/1048576B=7696d4515c9f04f092e9933de7be053bdacb6f5c865cd2e98cd7ca68d6d7f395
llama-perplexity --kl-divergence-base /tmp/logits.dat --ctx-size 32768 -f sample-data/wiki.test.head-2.4k.raw -fa on --hf-repo bartowski/MiniCPM5-2B-GGUF:Q4_K_M --cache-type-k q5_1 --cache-type-v q3_0 --kl-divergence
0.01.573.021 I cmn          init: llama threadpool init, n_threads = 16
0.01.622.968 I 
0.01.623.044 I system_info: n_threads = 16 (n_threads_batch = 16) / 32 | CUDA : ARCHS = 750,800,860,890,900,1000,1030,1200,1210 | USE_GRAPHS = 1 | FA_ALL_QUANTS = 1 | CPU : SSE3 = 1 | SSSE3 = 1 | AVX = 1 | AVX2 = 1 | F16C = 1 | FMA = 1 | BMI2 = 1 | LLAMAFILE = 1 | OPENMP = 1 | REPACK = 1 | 
0.01.913.886 I kl_divergence: computing over 5 chunks, n_ctx=32768, batch_size=2048, n_seq=1
0.10.103.263 I kl_divergence: 8.19 seconds per pass - ETA 0.67 minutes

chunk             PPL               ln(PPL(Q)/PPL(base))          KL Divergence              Δp RMS            Same top p        Same sampled p
   1      13.2812 ±    0.2939       0.03881 ±    0.00337       0.06393 ±    0.00081     5.989 ±  0.103 %    87.170 ±  0.261 %    39.798 ±  0.258 %
   2      12.4615 ±    0.1967       0.04155 ±    0.00244       0.06746 ±    0.00063     6.338 ±  0.078 %    87.319 ±  0.184 %    41.520 ±  0.187 %
   3      13.5352 ±    0.1761       0.04038 ±    0.00199       0.06894 ±    0.00050     6.264 ±  0.062 %    86.991 ±  0.152 %    39.941 ±  0.150 %
   4      13.1038 ±    0.1478       0.04091 ±    0.00176       0.07107 ±    0.00052     6.442 ±  0.056 %    86.951 ±  0.132 %    40.721 ±  0.131 %
   5      12.4487 ±    0.1244       0.03915 ±    0.00155       0.06962 ±    0.00047     6.406 ±  0.050 %    87.211 ±  0.117 %    41.317 ±  0.117 %

====== Perplexity statistics ======
Mean PPL(Q)                   :  12.448703 ±   0.124356
Mean PPL(base)                :  11.970705 ±   0.119397
Cor(ln(PPL(Q)), ln(PPL(base))):  98.79%
Mean ln(PPL(Q)/PPL(base))     :   0.039154 ±   0.001553
Mean PPL(Q)/PPL(base)         :   1.039931 ±   0.001615
Mean PPL(Q)-PPL(base)         :   0.477998 ±   0.019591

====== KL divergence statistics ======
Mean    KLD:   0.069618 ±   0.000474
Maximum KLD:  14.129577
99.9%   KLD:   1.248288
99.0%   KLD:   0.492241
95.0%   KLD:   0.223816
90.0%   KLD:   0.149830
Median  KLD:   0.041788
10.0%   KLD:   0.001576
 5.0%   KLD:   0.000315
 1.0%   KLD:   0.000037
 0.1%   KLD:   0.000004
Minimum KLD:  -0.000005

====== Token probability statistics ======
Mean    Δp: -0.783 ± 0.022 %
Maximum Δp: 81.156%
99.9%   Δp: 35.808%
99.0%   Δp: 16.670%
95.0%   Δp:  7.334%
90.0%   Δp:  3.961%
75.0%   Δp:  0.555%
Median  Δp: -0.017%
25.0%   Δp: -1.669%
10.0%   Δp: -6.565%
 5.0%   Δp: -10.843%
 1.0%   Δp: -22.864%
 0.1%   Δp: -46.169%
Minimum Δp: -97.685%
RMS Δp    :  6.406 ± 0.050 %
Same top p: 87.211 ± 0.117 %
Same sampled p: 41.317 ± 0.117 %

------------------------------
# llama-perplexity: version: 0.4.7-dev (build 11840, commit a740376d8-dirty) | built with GNU 15.3.0 for Linux x86_64
# model: /home/crusaderky/.cache/huggingface/hub/models--bartowski--MiniCPM5-2B-GGUF/snapshots/31fee0334c4ed9f1e079afe586ba30cb83e0f883/MiniCPM5-2B-Q4_K_M.gguf size=1615826144 mtime=2026-09-14T23:31:39+00:00 sha256/1048576B=7696d4515c9f04f092e9933de7be053bdacb6f5c865cd2e98cd7ca68d6d7f395
llama-perplexity --kl-divergence-base /tmp/logits.dat --ctx-size 32768 -f sample-data/wiki.test.head-2.4k.raw -fa on --hf-repo bartowski/MiniCPM5-2B-GGUF:Q4_K_M --cache-type-k q5_0 --cache-type-v q5_0 --kl-divergence
0.01.543.309 I cmn          init: llama threadpool init, n_threads = 16
0.01.592.990 I 
0.01.593.060 I system_info: n_threads = 16 (n_threads_batch = 16) / 32 | CUDA : ARCHS = 750,800,860,890,900,1000,1030,1200,1210 | USE_GRAPHS = 1 | FA_ALL_QUANTS = 1 | CPU : SSE3 = 1 | SSSE3 = 1 | AVX = 1 | AVX2 = 1 | F16C = 1 | FMA = 1 | BMI2 = 1 | LLAMAFILE = 1 | OPENMP = 1 | REPACK = 1 | 
0.01.880.696 I kl_divergence: computing over 5 chunks, n_ctx=32768, batch_size=2048, n_seq=1
0.10.018.329 I kl_divergence: 8.14 seconds per pass - ETA 0.67 minutes

chunk             PPL               ln(PPL(Q)/PPL(base))          KL Divergence              Δp RMS            Same top p        Same sampled p
   1      13.1565 ±    0.2914       0.02937 ±    0.00297       0.04989 ±    0.00062     5.283 ±  0.091 %    88.244 ±  0.252 %    40.067 ±  0.258 %
   2      12.3211 ±    0.1947       0.03022 ±    0.00215       0.05221 ±    0.00046     5.531 ±  0.067 %    88.516 ±  0.176 %    41.845 ±  0.187 %
   3      13.4018 ±    0.1745       0.03048 ±    0.00174       0.05315 ±    0.00037     5.466 ±  0.052 %    88.287 ±  0.145 %    40.282 ±  0.150 %
   4      12.9669 ±    0.1464       0.03041 ±    0.00153       0.05477 ±    0.00040     5.616 ±  0.050 %    88.271 ±  0.126 %    41.081 ±  0.131 %
   5      12.3288 ±    0.1233       0.02948 ±    0.00136       0.05392 ±    0.00037     5.595 ±  0.045 %    88.561 ±  0.111 %    41.674 ±  0.117 %

====== Perplexity statistics ======
Mean PPL(Q)                   :  12.328842 ±   0.123296
Mean PPL(base)                :  11.970705 ±   0.119397
Cor(ln(PPL(Q)), ln(PPL(base))):  99.08%
Mean ln(PPL(Q)/PPL(base))     :   0.029479 ±   0.001357
Mean PPL(Q)/PPL(base)         :   1.029918 ±   0.001398
Mean PPL(Q)-PPL(base)         :   0.358137 ±   0.016939

====== KL divergence statistics ======
Mean    KLD:   0.053921 ±   0.000372
Maximum KLD:  10.406565
99.9%   KLD:   1.015474
99.0%   KLD:   0.384136
95.0%   KLD:   0.168795
90.0%   KLD:   0.115828
Median  KLD:   0.032871
10.0%   KLD:   0.001143
 5.0%   KLD:   0.000229
 1.0%   KLD:   0.000025
 0.1%   KLD:   0.000002
Minimum KLD:  -0.000012

====== Token probability statistics ======
Mean    Δp: -0.494 ± 0.019 %
Maximum Δp: 78.803%
99.9%   Δp: 32.149%
99.0%   Δp: 15.346%
95.0%   Δp:  6.788%
90.0%   Δp:  3.802%
75.0%   Δp:  0.592%
Median  Δp: -0.005%
25.0%   Δp: -1.286%
10.0%   Δp: -5.411%
 5.0%   Δp: -9.128%
 1.0%   Δp: -19.708%
 0.1%   Δp: -38.995%
Minimum Δp: -97.649%
RMS Δp    :  5.595 ± 0.045 %
Same top p: 88.561 ± 0.111 %
Same sampled p: 41.674 ± 0.117 %

------------------------------
# llama-perplexity: version: 0.4.7-dev (build 11840, commit a740376d8-dirty) | built with GNU 15.3.0 for Linux x86_64
# model: /home/crusaderky/.cache/huggingface/hub/models--bartowski--MiniCPM5-2B-GGUF/snapshots/31fee0334c4ed9f1e079afe586ba30cb83e0f883/MiniCPM5-2B-Q4_K_M.gguf size=1615826144 mtime=2026-09-14T23:31:39+00:00 sha256/1048576B=7696d4515c9f04f092e9933de7be053bdacb6f5c865cd2e98cd7ca68d6d7f395
llama-perplexity --kl-divergence-base /tmp/logits.dat --ctx-size 32768 -f sample-data/wiki.test.head-2.4k.raw -fa on --hf-repo bartowski/MiniCPM5-2B-GGUF:Q4_K_M --cache-type-k q5_0 --cache-type-v q4_1 --kl-divergence
0.01.543.174 I cmn          init: llama threadpool init, n_threads = 16
0.01.593.726 I 
0.01.593.804 I system_info: n_threads = 16 (n_threads_batch = 16) / 32 | CUDA : ARCHS = 750,800,860,890,900,1000,1030,1200,1210 | USE_GRAPHS = 1 | FA_ALL_QUANTS = 1 | CPU : SSE3 = 1 | SSSE3 = 1 | AVX = 1 | AVX2 = 1 | F16C = 1 | FMA = 1 | BMI2 = 1 | LLAMAFILE = 1 | OPENMP = 1 | REPACK = 1 | 
0.01.883.153 I kl_divergence: computing over 5 chunks, n_ctx=32768, batch_size=2048, n_seq=1
0.10.058.108 I kl_divergence: 8.17 seconds per pass - ETA 0.67 minutes

chunk             PPL               ln(PPL(Q)/PPL(base))          KL Divergence              Δp RMS            Same top p        Same sampled p
   1      13.2390 ±    0.2932       0.03562 ±    0.00304       0.05284 ±    0.00062     5.560 ±  0.106 %    88.287 ±  0.251 %    40.046 ±  0.258 %
   2      12.3818 ±    0.1957       0.03513 ±    0.00220       0.05488 ±    0.00048     5.747 ±  0.072 %    88.479 ±  0.176 %    41.777 ±  0.187 %
   3      13.4483 ±    0.1751       0.03394 ±    0.00179       0.05612 ±    0.00039     5.700 ±  0.057 %    88.114 ±  0.146 %    40.206 ±  0.150 %
   4      12.9981 ±    0.1466       0.03281 ±    0.00157       0.05768 ±    0.00040     5.832 ±  0.052 %    88.065 ±  0.127 %    40.998 ±  0.131 %
   5      12.3527 ±    0.1234       0.03141 ±    0.00139       0.05680 ±    0.00038     5.800 ±  0.047 %    88.337 ±  0.112 %    41.597 ±  0.117 %

====== Perplexity statistics ======
Mean PPL(Q)                   :  12.352680 ±   0.123426
Mean PPL(base)                :  11.970705 ±   0.119397
Cor(ln(PPL(Q)), ln(PPL(base))):  99.03%
Mean ln(PPL(Q)/PPL(base))     :   0.031411 ±   0.001394
Mean PPL(Q)/PPL(base)         :   1.031909 ±   0.001438
Mean PPL(Q)-PPL(base)         :   0.381975 ±   0.017422

====== KL divergence statistics ======
Mean    KLD:   0.056800 ±   0.000381
Maximum KLD:  10.935810
99.9%   KLD:   1.055454
99.0%   KLD:   0.406616
95.0%   KLD:   0.180249
90.0%   KLD:   0.121652
Median  KLD:   0.034302
10.0%   KLD:   0.001238
 5.0%   KLD:   0.000241
 1.0%   KLD:   0.000027
 0.1%   KLD:   0.000003
Minimum KLD:  -0.000012

====== Token probability statistics ======
Mean    Δp: -0.571 ± 0.020 %
Maximum Δp: 78.844%
99.9%   Δp: 32.573%
99.0%   Δp: 15.430%
95.0%   Δp:  6.905%
90.0%   Δp:  3.802%
75.0%   Δp:  0.566%
Median  Δp: -0.008%
25.0%   Δp: -1.363%
10.0%   Δp: -5.711%
 5.0%   Δp: -9.439%
 1.0%   Δp: -20.056%
 0.1%   Δp: -41.823%
Minimum Δp: -86.931%
RMS Δp    :  5.800 ± 0.047 %
Same top p: 88.337 ± 0.112 %
Same sampled p: 41.597 ± 0.117 %

------------------------------
# llama-perplexity: version: 0.4.7-dev (build 11840, commit a740376d8-dirty) | built with GNU 15.3.0 for Linux x86_64
# model: /home/crusaderky/.cache/huggingface/hub/models--bartowski--MiniCPM5-2B-GGUF/snapshots/31fee0334c4ed9f1e079afe586ba30cb83e0f883/MiniCPM5-2B-Q4_K_M.gguf size=1615826144 mtime=2026-09-14T23:31:39+00:00 sha256/1048576B=7696d4515c9f04f092e9933de7be053bdacb6f5c865cd2e98cd7ca68d6d7f395
llama-perplexity --kl-divergence-base /tmp/logits.dat --ctx-size 32768 -f sample-data/wiki.test.head-2.4k.raw -fa on --hf-repo bartowski/MiniCPM5-2B-GGUF:Q4_K_M --cache-type-k q5_0 --cache-type-v q4_0 --kl-divergence
0.01.532.449 I cmn          init: llama threadpool init, n_threads = 16
0.01.584.733 I 
0.01.584.807 I system_info: n_threads = 16 (n_threads_batch = 16) / 32 | CUDA : ARCHS = 750,800,860,890,900,1000,1030,1200,1210 | USE_GRAPHS = 1 | FA_ALL_QUANTS = 1 | CPU : SSE3 = 1 | SSSE3 = 1 | AVX = 1 | AVX2 = 1 | F16C = 1 | FMA = 1 | BMI2 = 1 | LLAMAFILE = 1 | OPENMP = 1 | REPACK = 1 | 
0.01.883.881 I kl_divergence: computing over 5 chunks, n_ctx=32768, batch_size=2048, n_seq=1
0.10.150.673 I kl_divergence: 8.27 seconds per pass - ETA 0.68 minutes

chunk             PPL               ln(PPL(Q)/PPL(base))          KL Divergence              Δp RMS            Same top p        Same sampled p
   1      13.2138 ±    0.2922       0.03372 ±    0.00300       0.05223 ±    0.00058     5.424 ±  0.089 %    88.073 ±  0.253 %    39.948 ±  0.258 %
   2      12.3684 ±    0.1951       0.03405 ±    0.00219       0.05505 ±    0.00051     5.709 ±  0.072 %    88.372 ±  0.177 %    41.701 ±  0.187 %
   3      13.4252 ±    0.1745       0.03222 ±    0.00179       0.05650 ±    0.00042     5.683 ±  0.058 %    88.112 ±  0.146 %    40.131 ±  0.150 %
   4      12.9983 ±    0.1465       0.03283 ±    0.00157       0.05811 ±    0.00041     5.832 ±  0.053 %    88.044 ±  0.127 %    40.943 ±  0.131 %
   5      12.3550 ±    0.1234       0.03160 ±    0.00140       0.05726 ±    0.00038     5.797 ±  0.047 %    88.366 ±  0.112 %    41.546 ±  0.117 %

====== Perplexity statistics ======
Mean PPL(Q)                   :  12.355049 ±   0.123360
Mean PPL(base)                :  11.970705 ±   0.119397
Cor(ln(PPL(Q)), ln(PPL(base))):  99.02%
Mean ln(PPL(Q)/PPL(base))     :   0.031602 ±   0.001398
Mean PPL(Q)/PPL(base)         :   1.032107 ±   0.001443
Mean PPL(Q)-PPL(base)         :   0.384344 ±   0.017456

====== KL divergence statistics ======
Mean    KLD:   0.057261 ±   0.000379
Maximum KLD:   9.179795
99.9%   KLD:   1.081720
99.0%   KLD:   0.407282
95.0%   KLD:   0.181296
90.0%   KLD:   0.123570
Median  KLD:   0.034691
10.0%   KLD:   0.001252
 5.0%   KLD:   0.000245
 1.0%   KLD:   0.000028
 0.1%   KLD:   0.000003
Minimum KLD:  -0.000025

====== Token probability statistics ======
Mean    Δp: -0.622 ± 0.020 %
Maximum Δp: 77.841%
99.9%   Δp: 32.427%
99.0%   Δp: 15.653%
95.0%   Δp:  6.824%
90.0%   Δp:  3.691%
75.0%   Δp:  0.535%
Median  Δp: -0.011%
25.0%   Δp: -1.455%
10.0%   Δp: -5.784%
 5.0%   Δp: -9.559%
 1.0%   Δp: -20.233%
 0.1%   Δp: -41.263%
Minimum Δp: -96.963%
RMS Δp    :  5.797 ± 0.047 %
Same top p: 88.366 ± 0.112 %
Same sampled p: 41.546 ± 0.117 %

------------------------------
# llama-perplexity: version: 0.4.7-dev (build 11840, commit a740376d8-dirty) | built with GNU 15.3.0 for Linux x86_64
# model: /home/crusaderky/.cache/huggingface/hub/models--bartowski--MiniCPM5-2B-GGUF/snapshots/31fee0334c4ed9f1e079afe586ba30cb83e0f883/MiniCPM5-2B-Q4_K_M.gguf size=1615826144 mtime=2026-09-14T23:31:39+00:00 sha256/1048576B=7696d4515c9f04f092e9933de7be053bdacb6f5c865cd2e98cd7ca68d6d7f395
llama-perplexity --kl-divergence-base /tmp/logits.dat --ctx-size 32768 -f sample-data/wiki.test.head-2.4k.raw -fa on --hf-repo bartowski/MiniCPM5-2B-GGUF:Q4_K_M --cache-type-k q5_0 --cache-type-v q3_1 --kl-divergence
0.01.598.365 I cmn          init: llama threadpool init, n_threads = 16
0.01.649.855 I 
0.01.649.931 I system_info: n_threads = 16 (n_threads_batch = 16) / 32 | CUDA : ARCHS = 750,800,860,890,900,1000,1030,1200,1210 | USE_GRAPHS = 1 | FA_ALL_QUANTS = 1 | CPU : SSE3 = 1 | SSSE3 = 1 | AVX = 1 | AVX2 = 1 | F16C = 1 | FMA = 1 | BMI2 = 1 | LLAMAFILE = 1 | OPENMP = 1 | REPACK = 1 | 
0.01.940.763 I kl_divergence: computing over 5 chunks, n_ctx=32768, batch_size=2048, n_seq=1
0.10.062.146 I kl_divergence: 8.12 seconds per pass - ETA 0.67 minutes

chunk             PPL               ln(PPL(Q)/PPL(base))          KL Divergence              Δp RMS            Same top p        Same sampled p
   1      13.2918 ±    0.2936       0.03960 ±    0.00336       0.06395 ±    0.00072     6.127 ±  0.104 %    87.371 ±  0.260 %    39.700 ±  0.258 %
   2      12.4447 ±    0.1963       0.04020 ±    0.00241       0.06619 ±    0.00056     6.309 ±  0.074 %    87.661 ±  0.182 %    41.491 ±  0.186 %
   3      13.5191 ±    0.1757       0.03919 ±    0.00197       0.06807 ±    0.00046     6.305 ±  0.061 %    87.200 ±  0.151 %    39.915 ±  0.150 %
   4      13.0818 ±    0.1474       0.03923 ±    0.00174       0.07037 ±    0.00051     6.497 ±  0.057 %    87.102 ±  0.131 %    40.691 ±  0.131 %
   5      12.4334 ±    0.1241       0.03793 ±    0.00154       0.06941 ±    0.00046     6.470 ±  0.051 %    87.278 ±  0.116 %    41.275 ±  0.117 %

====== Perplexity statistics ======
Mean PPL(Q)                   :  12.433420 ±   0.124065
Mean PPL(base)                :  11.970705 ±   0.119397
Cor(ln(PPL(Q)), ln(PPL(base))):  98.80%
Mean ln(PPL(Q)/PPL(base))     :   0.037926 ±   0.001544
Mean PPL(Q)/PPL(base)         :   1.038654 ±   0.001604
Mean PPL(Q)-PPL(base)         :   0.462715 ±   0.019407

====== KL divergence statistics ======
Mean    KLD:   0.069409 ±   0.000457
Maximum KLD:  13.918904
99.9%   KLD:   1.201236
99.0%   KLD:   0.495904
95.0%   KLD:   0.222134
90.0%   KLD:   0.150009
Median  KLD:   0.041714
10.0%   KLD:   0.001619
 5.0%   KLD:   0.000311
 1.0%   KLD:   0.000039
 0.1%   KLD:   0.000005
Minimum KLD:  -0.000004

====== Token probability statistics ======
Mean    Δp: -0.815 ± 0.022 %
Maximum Δp: 85.364%
99.9%   Δp: 35.014%
99.0%   Δp: 16.794%
95.0%   Δp:  7.240%
90.0%   Δp:  3.933%
75.0%   Δp:  0.530%
Median  Δp: -0.021%
25.0%   Δp: -1.706%
10.0%   Δp: -6.656%
 5.0%   Δp: -10.803%
 1.0%   Δp: -23.355%
 0.1%   Δp: -46.951%
Minimum Δp: -97.685%
RMS Δp    :  6.470 ± 0.051 %
Same top p: 87.278 ± 0.116 %
Same sampled p: 41.275 ± 0.117 %

------------------------------
# llama-perplexity: version: 0.4.7-dev (build 11840, commit a740376d8-dirty) | built with GNU 15.3.0 for Linux x86_64
# model: /home/crusaderky/.cache/huggingface/hub/models--bartowski--MiniCPM5-2B-GGUF/snapshots/31fee0334c4ed9f1e079afe586ba30cb83e0f883/MiniCPM5-2B-Q4_K_M.gguf size=1615826144 mtime=2026-09-14T23:31:39+00:00 sha256/1048576B=7696d4515c9f04f092e9933de7be053bdacb6f5c865cd2e98cd7ca68d6d7f395
llama-perplexity --kl-divergence-base /tmp/logits.dat --ctx-size 32768 -f sample-data/wiki.test.head-2.4k.raw -fa on --hf-repo bartowski/MiniCPM5-2B-GGUF:Q4_K_M --cache-type-k q5_0 --cache-type-v q3_0 --kl-divergence
0.01.586.423 I cmn          init: llama threadpool init, n_threads = 16
0.01.636.707 I 
0.01.636.780 I system_info: n_threads = 16 (n_threads_batch = 16) / 32 | CUDA : ARCHS = 750,800,860,890,900,1000,1030,1200,1210 | USE_GRAPHS = 1 | FA_ALL_QUANTS = 1 | CPU : SSE3 = 1 | SSSE3 = 1 | AVX = 1 | AVX2 = 1 | F16C = 1 | FMA = 1 | BMI2 = 1 | LLAMAFILE = 1 | OPENMP = 1 | REPACK = 1 | 
0.01.923.761 I kl_divergence: computing over 5 chunks, n_ctx=32768, batch_size=2048, n_seq=1
0.10.240.145 I kl_divergence: 8.32 seconds per pass - ETA 0.68 minutes

chunk             PPL               ln(PPL(Q)/PPL(base))          KL Divergence              Δp RMS            Same top p        Same sampled p
   1      13.3049 ±    0.2947       0.04059 ±    0.00335       0.06436 ±    0.00074     6.162 ±  0.110 %    86.779 ±  0.265 %    39.807 ±  0.258 %
   2      12.4601 ±    0.1967       0.04143 ±    0.00243       0.06779 ±    0.00058     6.413 ±  0.077 %    87.026 ±  0.186 %    41.519 ±  0.187 %
   3      13.5379 ±    0.1761       0.04058 ±    0.00199       0.06948 ±    0.00048     6.341 ±  0.062 %    86.799 ±  0.153 %    39.949 ±  0.150 %
   4      13.0999 ±    0.1476       0.04061 ±    0.00175       0.07194 ±    0.00048     6.534 ±  0.057 %    86.719 ±  0.133 %    40.700 ±  0.131 %
   5      12.4474 ±    0.1243       0.03905 ±    0.00155       0.07067 ±    0.00045     6.510 ±  0.052 %    86.980 ±  0.118 %    41.294 ±  0.117 %

====== Perplexity statistics ======
Mean PPL(Q)                   :  12.447391 ±   0.124257
Mean PPL(base)                :  11.970705 ±   0.119397
Cor(ln(PPL(Q)), ln(PPL(base))):  98.79%
Mean ln(PPL(Q)/PPL(base))     :   0.039049 ±   0.001554
Mean PPL(Q)/PPL(base)         :   1.039821 ±   0.001616
Mean PPL(Q)-PPL(base)         :   0.476685 ±   0.019580

====== KL divergence statistics ======
Mean    KLD:   0.070668 ±   0.000448
Maximum KLD:   9.308654
99.9%   KLD:   1.314116
99.0%   KLD:   0.510175
95.0%   KLD:   0.226625
90.0%   KLD:   0.152259
Median  KLD:   0.042390
10.0%   KLD:   0.001639
 5.0%   KLD:   0.000320
 1.0%   KLD:   0.000037
 0.1%   KLD:   0.000004
Minimum KLD:  -0.000004

====== Token probability statistics ======
Mean    Δp: -0.796 ± 0.023 %
Maximum Δp: 87.650%
99.9%   Δp: 36.142%
99.0%   Δp: 16.848%
95.0%   Δp:  7.361%
90.0%   Δp:  4.010%
75.0%   Δp:  0.549%
Median  Δp: -0.018%
25.0%   Δp: -1.701%
10.0%   Δp: -6.631%
 5.0%   Δp: -10.900%
 1.0%   Δp: -23.369%
 0.1%   Δp: -47.701%
Minimum Δp: -86.110%
RMS Δp    :  6.510 ± 0.052 %
Same top p: 86.980 ± 0.118 %
Same sampled p: 41.294 ± 0.117 %

------------------------------
# llama-perplexity: version: 0.4.7-dev (build 11840, commit a740376d8-dirty) | built with GNU 15.3.0 for Linux x86_64
# model: /home/crusaderky/.cache/huggingface/hub/models--bartowski--MiniCPM5-2B-GGUF/snapshots/31fee0334c4ed9f1e079afe586ba30cb83e0f883/MiniCPM5-2B-Q4_K_M.gguf size=1615826144 mtime=2026-09-14T23:31:39+00:00 sha256/1048576B=7696d4515c9f04f092e9933de7be053bdacb6f5c865cd2e98cd7ca68d6d7f395
llama-perplexity --kl-divergence-base /tmp/logits.dat --ctx-size 32768 -f sample-data/wiki.test.head-2.4k.raw -fa on --hf-repo bartowski/MiniCPM5-2B-GGUF:Q4_K_M --cache-type-k q4_1 --cache-type-v q4_1 --kl-divergence
0.01.539.278 I cmn          init: llama threadpool init, n_threads = 16
0.01.590.267 I 
0.01.590.341 I system_info: n_threads = 16 (n_threads_batch = 16) / 32 | CUDA : ARCHS = 750,800,860,890,900,1000,1030,1200,1210 | USE_GRAPHS = 1 | FA_ALL_QUANTS = 1 | CPU : SSE3 = 1 | SSSE3 = 1 | AVX = 1 | AVX2 = 1 | F16C = 1 | FMA = 1 | BMI2 = 1 | LLAMAFILE = 1 | OPENMP = 1 | REPACK = 1 | 
0.01.882.077 I kl_divergence: computing over 5 chunks, n_ctx=32768, batch_size=2048, n_seq=1
0.10.142.787 I kl_divergence: 8.26 seconds per pass - ETA 0.68 minutes

chunk             PPL               ln(PPL(Q)/PPL(base))          KL Divergence              Δp RMS            Same top p        Same sampled p
   1      13.3640 ±    0.2969       0.04502 ±    0.00344       0.06543 ±    0.00074     6.119 ±  0.102 %    87.041 ±  0.262 %    39.831 ±  0.258 %
   2      12.5280 ±    0.1985       0.04687 ±    0.00247       0.06843 ±    0.00059     6.423 ±  0.076 %    87.240 ±  0.184 %    41.548 ±  0.187 %
   3      13.5882 ±    0.1772       0.04429 ±    0.00203       0.07029 ±    0.00051     6.382 ±  0.061 %    86.814 ±  0.153 %    39.948 ±  0.150 %
   4      13.1361 ±    0.1484       0.04337 ±    0.00178       0.07211 ±    0.00050     6.514 ±  0.057 %    86.808 ±  0.132 %    40.738 ±  0.131 %
   5      12.4889 ±    0.1250       0.04238 ±    0.00158       0.07120 ±    0.00046     6.513 ±  0.051 %    87.084 ±  0.117 %    41.340 ±  0.117 %

====== Perplexity statistics ======
Mean PPL(Q)                   :  12.488918 ±   0.125007
Mean PPL(base)                :  11.970705 ±   0.119397
Cor(ln(PPL(Q)), ln(PPL(base))):  98.74%
Mean ln(PPL(Q)/PPL(base))     :   0.042379 ±   0.001585
Mean PPL(Q)/PPL(base)         :   1.043290 ±   0.001653
Mean PPL(Q)-PPL(base)         :   0.518213 ±   0.020166

====== KL divergence statistics ======
Mean    KLD:   0.071204 ±   0.000460
Maximum KLD:  10.354627
99.9%   KLD:   1.324004
99.0%   KLD:   0.512605
95.0%   KLD:   0.227423
90.0%   KLD:   0.154442
Median  KLD:   0.042626
10.0%   KLD:   0.001550
 5.0%   KLD:   0.000311
 1.0%   KLD:   0.000036
 0.1%   KLD:   0.000005
Minimum KLD:  -0.000002

====== Token probability statistics ======
Mean    Δp: -0.741 ± 0.023 %
Maximum Δp: 81.309%
99.9%   Δp: 34.874%
99.0%   Δp: 17.418%
95.0%   Δp:  7.597%
90.0%   Δp:  4.087%
75.0%   Δp:  0.558%
Median  Δp: -0.017%
25.0%   Δp: -1.672%
10.0%   Δp: -6.565%
 5.0%   Δp: -10.800%
 1.0%   Δp: -22.813%
 0.1%   Δp: -47.289%
Minimum Δp: -97.607%
RMS Δp    :  6.513 ± 0.051 %
Same top p: 87.084 ± 0.117 %
Same sampled p: 41.340 ± 0.117 %

------------------------------
# llama-perplexity: version: 0.4.7-dev (build 11840, commit a740376d8-dirty) | built with GNU 15.3.0 for Linux x86_64
# model: /home/crusaderky/.cache/huggingface/hub/models--bartowski--MiniCPM5-2B-GGUF/snapshots/31fee0334c4ed9f1e079afe586ba30cb83e0f883/MiniCPM5-2B-Q4_K_M.gguf size=1615826144 mtime=2026-09-14T23:31:39+00:00 sha256/1048576B=7696d4515c9f04f092e9933de7be053bdacb6f5c865cd2e98cd7ca68d6d7f395
llama-perplexity --kl-divergence-base /tmp/logits.dat --ctx-size 32768 -f sample-data/wiki.test.head-2.4k.raw -fa on --hf-repo bartowski/MiniCPM5-2B-GGUF:Q4_K_M --cache-type-k q4_1 --cache-type-v q4_0 --kl-divergence
0.01.537.023 I cmn          init: llama threadpool init, n_threads = 16
0.01.589.516 I 
0.01.589.598 I system_info: n_threads = 16 (n_threads_batch = 16) / 32 | CUDA : ARCHS = 750,800,860,890,900,1000,1030,1200,1210 | USE_GRAPHS = 1 | FA_ALL_QUANTS = 1 | CPU : SSE3 = 1 | SSSE3 = 1 | AVX = 1 | AVX2 = 1 | F16C = 1 | FMA = 1 | BMI2 = 1 | LLAMAFILE = 1 | OPENMP = 1 | REPACK = 1 | 
0.01.878.906 I kl_divergence: computing over 5 chunks, n_ctx=32768, batch_size=2048, n_seq=1
0.10.125.287 I kl_divergence: 8.25 seconds per pass - ETA 0.68 minutes

chunk             PPL               ln(PPL(Q)/PPL(base))          KL Divergence              Δp RMS            Same top p        Same sampled p
   1      13.3444 ±    0.2959       0.04355 ±    0.00351       0.06700 ±    0.00082     6.258 ±  0.104 %    86.626 ±  0.266 %    39.684 ±  0.258 %
   2      12.5013 ±    0.1976       0.04473 ±    0.00249       0.06933 ±    0.00062     6.557 ±  0.081 %    87.112 ±  0.185 %    41.438 ±  0.186 %
   3      13.5780 ±    0.1767       0.04354 ±    0.00204       0.07094 ±    0.00051     6.474 ±  0.063 %    86.718 ±  0.153 %    39.857 ±  0.150 %
   4      13.1343 ±    0.1481       0.04323 ±    0.00179       0.07253 ±    0.00047     6.629 ±  0.056 %    86.584 ±  0.133 %    40.638 ±  0.131 %
   5      12.4915 ±    0.1248       0.04258 ±    0.00159       0.07175 ±    0.00044     6.583 ±  0.050 %    86.863 ±  0.118 %    41.237 ±  0.117 %

====== Perplexity statistics ======
Mean PPL(Q)                   :  12.491452 ±   0.124784
Mean PPL(base)                :  11.970705 ±   0.119397
Cor(ln(PPL(Q)), ln(PPL(base))):  98.73%
Mean ln(PPL(Q)/PPL(base))     :   0.042582 ±   0.001591
Mean PPL(Q)/PPL(base)         :   1.043502 ±   0.001660
Mean PPL(Q)-PPL(base)         :   0.520746 ±   0.020187

====== KL divergence statistics ======
Mean    KLD:   0.071753 ±   0.000443
Maximum KLD:   9.963679
99.9%   KLD:   1.359912
99.0%   KLD:   0.512883
95.0%   KLD:   0.231030
90.0%   KLD:   0.155556
Median  KLD:   0.043122
10.0%   KLD:   0.001626
 5.0%   KLD:   0.000328
 1.0%   KLD:   0.000038
 0.1%   KLD:   0.000005
Minimum KLD:  -0.000002

====== Token probability statistics ======
Mean    Δp: -0.846 ± 0.023 %
Maximum Δp: 79.920%
99.9%   Δp: 36.480%
99.0%   Δp: 17.244%
95.0%   Δp:  7.381%
90.0%   Δp:  3.935%
75.0%   Δp:  0.519%
Median  Δp: -0.024%
25.0%   Δp: -1.763%
10.0%   Δp: -6.797%
 5.0%   Δp: -11.263%
 1.0%   Δp: -24.022%
 0.1%   Δp: -46.590%
Minimum Δp: -89.377%
RMS Δp    :  6.583 ± 0.050 %
Same top p: 86.863 ± 0.118 %
Same sampled p: 41.237 ± 0.117 %

------------------------------
# llama-perplexity: version: 0.4.7-dev (build 11840, commit a740376d8-dirty) | built with GNU 15.3.0 for Linux x86_64
# model: /home/crusaderky/.cache/huggingface/hub/models--bartowski--MiniCPM5-2B-GGUF/snapshots/31fee0334c4ed9f1e079afe586ba30cb83e0f883/MiniCPM5-2B-Q4_K_M.gguf size=1615826144 mtime=2026-09-14T23:31:39+00:00 sha256/1048576B=7696d4515c9f04f092e9933de7be053bdacb6f5c865cd2e98cd7ca68d6d7f395
llama-perplexity --kl-divergence-base /tmp/logits.dat --ctx-size 32768 -f sample-data/wiki.test.head-2.4k.raw -fa on --hf-repo bartowski/MiniCPM5-2B-GGUF:Q4_K_M --cache-type-k q4_1 --cache-type-v q3_1 --kl-divergence
0.01.488.973 I cmn          init: llama threadpool init, n_threads = 16
0.01.539.597 I 
0.01.539.672 I system_info: n_threads = 16 (n_threads_batch = 16) / 32 | CUDA : ARCHS = 750,800,860,890,900,1000,1030,1200,1210 | USE_GRAPHS = 1 | FA_ALL_QUANTS = 1 | CPU : SSE3 = 1 | SSSE3 = 1 | AVX = 1 | AVX2 = 1 | F16C = 1 | FMA = 1 | BMI2 = 1 | LLAMAFILE = 1 | OPENMP = 1 | REPACK = 1 | 
0.01.838.861 I kl_divergence: computing over 5 chunks, n_ctx=32768, batch_size=2048, n_seq=1
0.10.064.410 I kl_divergence: 8.23 seconds per pass - ETA 0.68 minutes

chunk             PPL               ln(PPL(Q)/PPL(base))          KL Divergence              Δp RMS            Same top p        Same sampled p
   1      13.4256 ±    0.2969       0.04962 ±    0.00370       0.07745 ±    0.00092     6.769 ±  0.122 %    85.998 ±  0.271 %    39.458 ±  0.258 %
   2      12.5722 ±    0.1985       0.05039 ±    0.00266       0.08043 ±    0.00069     6.995 ±  0.085 %    86.150 ±  0.191 %    41.210 ±  0.186 %
   3      13.6817 ±    0.1780       0.05114 ±    0.00219       0.08273 ±    0.00057     6.973 ±  0.068 %    85.739 ±  0.158 %    39.633 ±  0.150 %
   4      13.2380 ±    0.1492       0.05110 ±    0.00192       0.08492 ±    0.00054     7.128 ±  0.061 %    85.615 ±  0.137 %    40.411 ±  0.131 %
   5      12.5834 ±    0.1257       0.04991 ±    0.00170       0.08361 ±    0.00048     7.110 ±  0.054 %    85.937 ±  0.121 %    40.998 ±  0.117 %

====== Perplexity statistics ======
Mean PPL(Q)                   :  12.583385 ±   0.125687
Mean PPL(base)                :  11.970705 ±   0.119397
Cor(ln(PPL(Q)), ln(PPL(base))):  98.54%
Mean ln(PPL(Q)/PPL(base))     :   0.049915 ±   0.001704
Mean PPL(Q)/PPL(base)         :   1.051182 ±   0.001791
Mean PPL(Q)-PPL(base)         :   0.612679 ±   0.021836

====== KL divergence statistics ======
Mean    KLD:   0.083610 ±   0.000483
Maximum KLD:   9.722902
99.9%   KLD:   1.522035
99.0%   KLD:   0.602211
95.0%   KLD:   0.269148
90.0%   KLD:   0.182503
Median  KLD:   0.050334
10.0%   KLD:   0.002008
 5.0%   KLD:   0.000405
 1.0%   KLD:   0.000052
 0.1%   KLD:   0.000007
Minimum KLD:  -0.000001

====== Token probability statistics ======
Mean    Δp: -1.031 ± 0.025 %
Maximum Δp: 85.077%
99.9%   Δp: 37.098%
99.0%   Δp: 17.989%
95.0%   Δp:  7.614%
90.0%   Δp:  4.143%
75.0%   Δp:  0.525%
Median  Δp: -0.036%
25.0%   Δp: -2.007%
10.0%   Δp: -7.484%
 5.0%   Δp: -12.287%
 1.0%   Δp: -26.244%
 0.1%   Δp: -52.896%
Minimum Δp: -93.550%
RMS Δp    :  7.110 ± 0.054 %
Same top p: 85.937 ± 0.121 %
Same sampled p: 40.998 ± 0.117 %

------------------------------
# llama-perplexity: version: 0.4.7-dev (build 11840, commit a740376d8-dirty) | built with GNU 15.3.0 for Linux x86_64
# model: /home/crusaderky/.cache/huggingface/hub/models--bartowski--MiniCPM5-2B-GGUF/snapshots/31fee0334c4ed9f1e079afe586ba30cb83e0f883/MiniCPM5-2B-Q4_K_M.gguf size=1615826144 mtime=2026-09-14T23:31:39+00:00 sha256/1048576B=7696d4515c9f04f092e9933de7be053bdacb6f5c865cd2e98cd7ca68d6d7f395
llama-perplexity --kl-divergence-base /tmp/logits.dat --ctx-size 32768 -f sample-data/wiki.test.head-2.4k.raw -fa on --hf-repo bartowski/MiniCPM5-2B-GGUF:Q4_K_M --cache-type-k q4_1 --cache-type-v q3_0 --kl-divergence
0.01.528.897 I cmn          init: llama threadpool init, n_threads = 16
0.01.578.809 I 
0.01.578.878 I system_info: n_threads = 16 (n_threads_batch = 16) / 32 | CUDA : ARCHS = 750,800,860,890,900,1000,1030,1200,1210 | USE_GRAPHS = 1 | FA_ALL_QUANTS = 1 | CPU : SSE3 = 1 | SSSE3 = 1 | AVX = 1 | AVX2 = 1 | F16C = 1 | FMA = 1 | BMI2 = 1 | LLAMAFILE = 1 | OPENMP = 1 | REPACK = 1 | 
0.01.872.780 I kl_divergence: computing over 5 chunks, n_ctx=32768, batch_size=2048, n_seq=1
0.10.366.680 I kl_divergence: 8.49 seconds per pass - ETA 0.70 minutes

chunk             PPL               ln(PPL(Q)/PPL(base))          KL Divergence              Δp RMS            Same top p        Same sampled p
   1      13.4421 ±    0.2978       0.05085 ±    0.00377       0.07853 ±    0.00093     6.852 ±  0.114 %    85.839 ±  0.272 %    39.445 ±  0.258 %
   2      12.6116 ±    0.1993       0.05352 ±    0.00272       0.08249 ±    0.00073     7.183 ±  0.086 %    86.111 ±  0.191 %    41.182 ±  0.186 %
   3      13.7030 ±    0.1784       0.05270 ±    0.00222       0.08467 ±    0.00059     7.112 ±  0.068 %    85.591 ±  0.158 %    39.621 ±  0.150 %
   4      13.2620 ±    0.1496       0.05291 ±    0.00196       0.08691 ±    0.00059     7.270 ±  0.061 %    85.590 ±  0.137 %    40.401 ±  0.131 %
   5      12.6091 ±    0.1260       0.05196 ±    0.00173       0.08545 ±    0.00053     7.248 ±  0.055 %    85.890 ±  0.122 %    41.003 ±  0.117 %

====== Perplexity statistics ======
Mean PPL(Q)                   :  12.609141 ±   0.126037
Mean PPL(base)                :  11.970705 ±   0.119397
Cor(ln(PPL(Q)), ln(PPL(base))):  98.50%
Mean ln(PPL(Q)/PPL(base))     :   0.051960 ±   0.001729
Mean PPL(Q)/PPL(base)         :   1.053333 ±   0.001821
Mean PPL(Q)-PPL(base)         :   0.638436 ±   0.022251

====== KL divergence statistics ======
Mean    KLD:   0.085453 ±   0.000530
Maximum KLD:  13.863919
99.9%   KLD:   1.599811
99.0%   KLD:   0.598764
95.0%   KLD:   0.277630
90.0%   KLD:   0.188036
Median  KLD:   0.051042
10.0%   KLD:   0.002007
 5.0%   KLD:   0.000397
 1.0%   KLD:   0.000047
 0.1%   KLD:   0.000006
Minimum KLD:  -0.000006

====== Token probability statistics ======
Mean    Δp: -1.032 ± 0.025 %
Maximum Δp: 82.813%
99.9%   Δp: 38.562%
99.0%   Δp: 18.608%
95.0%   Δp:  7.855%
90.0%   Δp:  4.231%
75.0%   Δp:  0.502%
Median  Δp: -0.034%
25.0%   Δp: -2.027%
10.0%   Δp: -7.579%
 5.0%   Δp: -12.504%
 1.0%   Δp: -26.426%
 0.1%   Δp: -53.483%
Minimum Δp: -97.685%
RMS Δp    :  7.248 ± 0.055 %
Same top p: 85.890 ± 0.122 %
Same sampled p: 41.003 ± 0.117 %

------------------------------
# llama-perplexity: version: 0.4.7-dev (build 11840, commit a740376d8-dirty) | built with GNU 15.3.0 for Linux x86_64
# model: /home/crusaderky/.cache/huggingface/hub/models--bartowski--MiniCPM5-2B-GGUF/snapshots/31fee0334c4ed9f1e079afe586ba30cb83e0f883/MiniCPM5-2B-Q4_K_M.gguf size=1615826144 mtime=2026-09-14T23:31:39+00:00 sha256/1048576B=7696d4515c9f04f092e9933de7be053bdacb6f5c865cd2e98cd7ca68d6d7f395
llama-perplexity --kl-divergence-base /tmp/logits.dat --ctx-size 32768 -f sample-data/wiki.test.head-2.4k.raw -fa on --hf-repo bartowski/MiniCPM5-2B-GGUF:Q4_K_M --cache-type-k q4_0 --cache-type-v q4_0 --kl-divergence
0.01.547.399 I cmn          init: llama threadpool init, n_threads = 16
0.01.596.840 I 
0.01.596.911 I system_info: n_threads = 16 (n_threads_batch = 16) / 32 | CUDA : ARCHS = 750,800,860,890,900,1000,1030,1200,1210 | USE_GRAPHS = 1 | FA_ALL_QUANTS = 1 | CPU : SSE3 = 1 | SSSE3 = 1 | AVX = 1 | AVX2 = 1 | F16C = 1 | FMA = 1 | BMI2 = 1 | LLAMAFILE = 1 | OPENMP = 1 | REPACK = 1 | 
0.01.881.029 I kl_divergence: computing over 5 chunks, n_ctx=32768, batch_size=2048, n_seq=1
0.10.158.314 I kl_divergence: 8.28 seconds per pass - ETA 0.68 minutes

chunk             PPL               ln(PPL(Q)/PPL(base))          KL Divergence              Δp RMS            Same top p        Same sampled p
   1      13.3361 ±    0.2948       0.04293 ±    0.00361       0.06980 ±    0.00089     6.417 ±  0.111 %    86.639 ±  0.266 %    39.627 ±  0.258 %
   2      12.5061 ±    0.1974       0.04512 ±    0.00256       0.07265 ±    0.00066     6.690 ±  0.083 %    86.794 ±  0.187 %    41.380 ±  0.187 %
   3      13.5930 ±    0.1769       0.04464 ±    0.00209       0.07460 ±    0.00054     6.665 ±  0.067 %    86.425 ±  0.155 %    39.814 ±  0.150 %
   4      13.1545 ±    0.1484       0.04477 ±    0.00183       0.07668 ±    0.00051     6.797 ±  0.059 %    86.352 ±  0.134 %    40.616 ±  0.131 %
   5      12.5020 ±    0.1250       0.04342 ±    0.00163       0.07566 ±    0.00047     6.794 ±  0.053 %    86.689 ±  0.119 %    41.215 ±  0.117 %

====== Perplexity statistics ======
Mean PPL(Q)                   :  12.501954 ±   0.124954
Mean PPL(base)                :  11.970705 ±   0.119397
Cor(ln(PPL(Q)), ln(PPL(base))):  98.67%
Mean ln(PPL(Q)/PPL(base))     :   0.043422 ±   0.001628
Mean PPL(Q)/PPL(base)         :   1.044379 ±   0.001701
Mean PPL(Q)-PPL(base)         :   0.531248 ±   0.020681

====== KL divergence statistics ======
Mean    KLD:   0.075655 ±   0.000469
Maximum KLD:   9.083001
99.9%   KLD:   1.387143
99.0%   KLD:   0.541074
95.0%   KLD:   0.243384
90.0%   KLD:   0.164502
Median  KLD:   0.045034
10.0%   KLD:   0.001700
 5.0%   KLD:   0.000338
 1.0%   KLD:   0.000040
 0.1%   KLD:   0.000004
Minimum KLD:  -0.000005

====== Token probability statistics ======
Mean    Δp: -0.843 ± 0.024 %
Maximum Δp: 80.821%
99.9%   Δp: 38.083%
99.0%   Δp: 17.443%
95.0%   Δp:  7.677%
90.0%   Δp:  4.110%
75.0%   Δp:  0.551%
Median  Δp: -0.022%
25.0%   Δp: -1.789%
10.0%   Δp: -6.921%
 5.0%   Δp: -11.372%
 1.0%   Δp: -24.365%
 0.1%   Δp: -50.061%
Minimum Δp: -90.910%
RMS Δp    :  6.794 ± 0.053 %
Same top p: 86.689 ± 0.119 %
Same sampled p: 41.215 ± 0.117 %

------------------------------
# llama-perplexity: version: 0.4.7-dev (build 11840, commit a740376d8-dirty) | built with GNU 15.3.0 for Linux x86_64
# model: /home/crusaderky/.cache/huggingface/hub/models--bartowski--MiniCPM5-2B-GGUF/snapshots/31fee0334c4ed9f1e079afe586ba30cb83e0f883/MiniCPM5-2B-Q4_K_M.gguf size=1615826144 mtime=2026-09-14T23:31:39+00:00 sha256/1048576B=7696d4515c9f04f092e9933de7be053bdacb6f5c865cd2e98cd7ca68d6d7f395
llama-perplexity --kl-divergence-base /tmp/logits.dat --ctx-size 32768 -f sample-data/wiki.test.head-2.4k.raw -fa on --hf-repo bartowski/MiniCPM5-2B-GGUF:Q4_K_M --cache-type-k q4_0 --cache-type-v q3_1 --kl-divergence
0.01.525.249 I cmn          init: llama threadpool init, n_threads = 16
0.01.576.945 I 
0.01.577.010 I system_info: n_threads = 16 (n_threads_batch = 16) / 32 | CUDA : ARCHS = 750,800,860,890,900,1000,1030,1200,1210 | USE_GRAPHS = 1 | FA_ALL_QUANTS = 1 | CPU : SSE3 = 1 | SSSE3 = 1 | AVX = 1 | AVX2 = 1 | F16C = 1 | FMA = 1 | BMI2 = 1 | LLAMAFILE = 1 | OPENMP = 1 | REPACK = 1 | 
0.01.871.362 I kl_divergence: computing over 5 chunks, n_ctx=32768, batch_size=2048, n_seq=1
0.10.169.464 I kl_divergence: 8.30 seconds per pass - ETA 0.68 minutes

chunk             PPL               ln(PPL(Q)/PPL(base))          KL Divergence              Δp RMS            Same top p        Same sampled p
   1      13.4677 ±    0.2978       0.05275 ±    0.00378       0.08062 ±    0.00104     6.908 ±  0.122 %    85.924 ±  0.272 %    39.473 ±  0.258 %
   2      12.5987 ±    0.1989       0.05249 ±    0.00276       0.08404 ±    0.00079     7.218 ±  0.089 %    85.982 ±  0.192 %    41.238 ±  0.186 %
   3      13.7082 ±    0.1783       0.05308 ±    0.00225       0.08644 ±    0.00064     7.207 ±  0.071 %    85.583 ±  0.158 %    39.642 ±  0.150 %
   4      13.2544 ±    0.1493       0.05234 ±    0.00197       0.08852 ±    0.00058     7.365 ±  0.063 %    85.543 ±  0.137 %    40.403 ±  0.131 %
   5      12.6071 ±    0.1258       0.05180 ±    0.00175       0.08755 ±    0.00055     7.343 ±  0.056 %    85.763 ±  0.122 %    40.968 ±  0.117 %

====== Perplexity statistics ======
Mean PPL(Q)                   :  12.607127 ±   0.125836
Mean PPL(base)                :  11.970705 ±   0.119397
Cor(ln(PPL(Q)), ln(PPL(base))):  98.46%
Mean ln(PPL(Q)/PPL(base))     :   0.051800 ±   0.001751
Mean PPL(Q)/PPL(base)         :   1.053165 ±   0.001844
Mean PPL(Q)-PPL(base)         :   0.636421 ±   0.022449

====== KL divergence statistics ======
Mean    KLD:   0.087550 ±   0.000547
Maximum KLD:  10.587941
99.9%   KLD:   1.640677
99.0%   KLD:   0.620770
95.0%   KLD:   0.281778
90.0%   KLD:   0.190336
Median  KLD:   0.052232
10.0%   KLD:   0.002067
 5.0%   KLD:   0.000435
 1.0%   KLD:   0.000055
 0.1%   KLD:   0.000008
Minimum KLD:  -0.000006

====== Token probability statistics ======
Mean    Δp: -1.067 ± 0.025 %
Maximum Δp: 85.926%
99.9%   Δp: 39.535%
99.0%   Δp: 18.525%
95.0%   Δp:  7.897%
90.0%   Δp:  4.164%
75.0%   Δp:  0.503%
Median  Δp: -0.039%
25.0%   Δp: -2.087%
10.0%   Δp: -7.753%
 5.0%   Δp: -12.699%
 1.0%   Δp: -26.760%
 0.1%   Δp: -52.491%
Minimum Δp: -98.399%
RMS Δp    :  7.343 ± 0.056 %
Same top p: 85.763 ± 0.122 %
Same sampled p: 40.968 ± 0.117 %

------------------------------
# llama-perplexity: version: 0.4.7-dev (build 11840, commit a740376d8-dirty) | built with GNU 15.3.0 for Linux x86_64
# model: /home/crusaderky/.cache/huggingface/hub/models--bartowski--MiniCPM5-2B-GGUF/snapshots/31fee0334c4ed9f1e079afe586ba30cb83e0f883/MiniCPM5-2B-Q4_K_M.gguf size=1615826144 mtime=2026-09-14T23:31:39+00:00 sha256/1048576B=7696d4515c9f04f092e9933de7be053bdacb6f5c865cd2e98cd7ca68d6d7f395
llama-perplexity --kl-divergence-base /tmp/logits.dat --ctx-size 32768 -f sample-data/wiki.test.head-2.4k.raw -fa on --hf-repo bartowski/MiniCPM5-2B-GGUF:Q4_K_M --cache-type-k q4_0 --cache-type-v q3_0 --kl-divergence
0.01.609.178 I cmn          init: llama threadpool init, n_threads = 16
0.01.663.230 I 
0.01.663.298 I system_info: n_threads = 16 (n_threads_batch = 16) / 32 | CUDA : ARCHS = 750,800,860,890,900,1000,1030,1200,1210 | USE_GRAPHS = 1 | FA_ALL_QUANTS = 1 | CPU : SSE3 = 1 | SSSE3 = 1 | AVX = 1 | AVX2 = 1 | F16C = 1 | FMA = 1 | BMI2 = 1 | LLAMAFILE = 1 | OPENMP = 1 | REPACK = 1 | 
0.01.951.648 I kl_divergence: computing over 5 chunks, n_ctx=32768, batch_size=2048, n_seq=1
0.10.153.309 I kl_divergence: 8.20 seconds per pass - ETA 0.68 minutes

chunk             PPL               ln(PPL(Q)/PPL(base))          KL Divergence              Δp RMS            Same top p        Same sampled p
   1      13.4902 ±    0.2990       0.05442 ±    0.00390       0.08373 ±    0.00102     7.143 ±  0.119 %    85.229 ±  0.277 %    39.427 ±  0.258 %
   2      12.6312 ±    0.1997       0.05507 ±    0.00280       0.08682 ±    0.00078     7.317 ±  0.087 %    85.650 ±  0.194 %    41.180 ±  0.186 %
   3      13.7524 ±    0.1793       0.05630 ±    0.00228       0.08883 ±    0.00063     7.260 ±  0.071 %    85.184 ±  0.160 %    39.631 ±  0.150 %
   4      13.3031 ±    0.1502       0.05600 ±    0.00202       0.09116 ±    0.00058     7.415 ±  0.063 %    85.190 ±  0.139 %    40.405 ±  0.131 %
   5      12.6396 ±    0.1264       0.05437 ±    0.00178       0.08950 ±    0.00052     7.376 ±  0.056 %    85.475 ±  0.123 %    40.995 ±  0.117 %

====== Perplexity statistics ======
Mean PPL(Q)                   :  12.639551 ±   0.126405
Mean PPL(base)                :  11.970705 ±   0.119397
Cor(ln(PPL(Q)), ln(PPL(base))):  98.41%
Mean ln(PPL(Q)/PPL(base))     :   0.054368 ±   0.001782
Mean PPL(Q)/PPL(base)         :   1.055874 ±   0.001882
Mean PPL(Q)-PPL(base)         :   0.668846 ±   0.023012

====== KL divergence statistics ======
Mean    KLD:   0.089497 ±   0.000519
Maximum KLD:   7.877692
99.9%   KLD:   1.647847
99.0%   KLD:   0.651236
95.0%   KLD:   0.293497
90.0%   KLD:   0.194422
Median  KLD:   0.053096
10.0%   KLD:   0.002078
 5.0%   KLD:   0.000430
 1.0%   KLD:   0.000052
 0.1%   KLD:   0.000007
Minimum KLD:  -0.000000

====== Token probability statistics ======
Mean    Δp: -1.028 ± 0.026 %
Maximum Δp: 91.537%
99.9%   Δp: 39.642%
99.0%   Δp: 18.725%
95.0%   Δp:  8.168%
90.0%   Δp:  4.297%
75.0%   Δp:  0.545%
Median  Δp: -0.032%
25.0%   Δp: -2.017%
10.0%   Δp: -7.768%
 5.0%   Δp: -12.701%
 1.0%   Δp: -27.040%
 0.1%   Δp: -51.894%
Minimum Δp: -92.602%
RMS Δp    :  7.376 ± 0.056 %
Same top p: 85.475 ± 0.123 %
Same sampled p: 40.995 ± 0.117 %

------------------------------
# llama-perplexity: version: 0.4.7-dev (build 11840, commit a740376d8-dirty) | built with GNU 15.3.0 for Linux x86_64
# model: /home/crusaderky/.cache/huggingface/hub/models--bartowski--MiniCPM5-2B-GGUF/snapshots/31fee0334c4ed9f1e079afe586ba30cb83e0f883/MiniCPM5-2B-Q4_K_M.gguf size=1615826144 mtime=2026-09-14T23:31:39+00:00 sha256/1048576B=7696d4515c9f04f092e9933de7be053bdacb6f5c865cd2e98cd7ca68d6d7f395
llama-perplexity --kl-divergence-base /tmp/logits.dat --ctx-size 32768 -f sample-data/wiki.test.head-2.4k.raw -fa on --hf-repo bartowski/MiniCPM5-2B-GGUF:Q4_K_M --cache-type-k q3_1 --cache-type-v q3_1 --kl-divergence
0.01.494.939 I cmn          init: llama threadpool init, n_threads = 16
0.01.543.719 I 
0.01.543.789 I system_info: n_threads = 16 (n_threads_batch = 16) / 32 | CUDA : ARCHS = 750,800,860,890,900,1000,1030,1200,1210 | USE_GRAPHS = 1 | FA_ALL_QUANTS = 1 | CPU : SSE3 = 1 | SSSE3 = 1 | AVX = 1 | AVX2 = 1 | F16C = 1 | FMA = 1 | BMI2 = 1 | LLAMAFILE = 1 | OPENMP = 1 | REPACK = 1 | 
0.01.828.906 I kl_divergence: computing over 5 chunks, n_ctx=32768, batch_size=2048, n_seq=1
0.09.989.605 I kl_divergence: 8.16 seconds per pass - ETA 0.67 minutes

chunk             PPL               ln(PPL(Q)/PPL(base))          KL Divergence              Δp RMS            Same top p        Same sampled p
   1      14.3291 ±    0.3176       0.11475 ±    0.00539       0.15687 ±    0.00187    10.113 ±  0.155 %    80.437 ±  0.310 %    37.742 ±  0.255 %
   2      13.3776 ±    0.2113       0.11248 ±    0.00382       0.16032 ±    0.00134    10.359 ±  0.111 %    80.895 ±  0.217 %    39.521 ±  0.185 %
   3      14.5250 ±    0.1888       0.11096 ±    0.00313       0.16525 ±    0.00112    10.277 ±  0.089 %    80.323 ±  0.179 %    37.929 ±  0.149 %
   4      14.0061 ±    0.1577       0.10750 ±    0.00273       0.16720 ±    0.00102    10.334 ±  0.078 %    80.414 ±  0.155 %    38.717 ±  0.130 %
   5      13.3116 ±    0.1328       0.10617 ±    0.00241       0.16442 ±    0.00091    10.287 ±  0.069 %    80.715 ±  0.138 %    39.318 ±  0.116 %

====== Perplexity statistics ======
Mean PPL(Q)                   :  13.311582 ±   0.132752
Mean PPL(base)                :  11.970705 ±   0.119397
Cor(ln(PPL(Q)), ln(PPL(base))):  97.07%
Mean ln(PPL(Q)/PPL(base))     :   0.106172 ±   0.002414
Mean PPL(Q)/PPL(base)         :   1.112013 ±   0.002685
Mean PPL(Q)-PPL(base)         :   1.340876 ±   0.033277

====== KL divergence statistics ======
Mean    KLD:   0.164424 ±   0.000912
Maximum KLD:  11.850029
99.9%   KLD:   2.744126
99.0%   KLD:   1.128695
95.0%   KLD:   0.534427
90.0%   KLD:   0.364545
Median  KLD:   0.098676
10.0%   KLD:   0.005218
 5.0%   KLD:   0.001350
 1.0%   KLD:   0.000195
 0.1%   KLD:   0.000023
Minimum KLD:   0.000001

====== Token probability statistics ======
Mean    Δp: -2.404 ± 0.035 %
Maximum Δp: 92.047%
99.9%   Δp: 45.518%
99.0%   Δp: 22.326%
95.0%   Δp:  9.027%
90.0%   Δp:  4.454%
75.0%   Δp:  0.331%
Median  Δp: -0.198%
25.0%   Δp: -3.839%
10.0%   Δp: -12.390%
 5.0%   Δp: -19.810%
 1.0%   Δp: -40.383%
 0.1%   Δp: -72.535%
Minimum Δp: -99.714%
RMS Δp    : 10.287 ± 0.069 %
Same top p: 80.715 ± 0.138 %
Same sampled p: 39.318 ± 0.116 %

------------------------------
# llama-perplexity: version: 0.4.7-dev (build 11840, commit a740376d8-dirty) | built with GNU 15.3.0 for Linux x86_64
# model: /home/crusaderky/.cache/huggingface/hub/models--bartowski--MiniCPM5-2B-GGUF/snapshots/31fee0334c4ed9f1e079afe586ba30cb83e0f883/MiniCPM5-2B-Q4_K_M.gguf size=1615826144 mtime=2026-09-14T23:31:39+00:00 sha256/1048576B=7696d4515c9f04f092e9933de7be053bdacb6f5c865cd2e98cd7ca68d6d7f395
llama-perplexity --kl-divergence-base /tmp/logits.dat --ctx-size 32768 -f sample-data/wiki.test.head-2.4k.raw -fa on --hf-repo bartowski/MiniCPM5-2B-GGUF:Q4_K_M --cache-type-k q3_1 --cache-type-v q3_0 --kl-divergence
0.01.460.299 I cmn          init: llama threadpool init, n_threads = 16
0.01.508.941 I 
0.01.509.011 I system_info: n_threads = 16 (n_threads_batch = 16) / 32 | CUDA : ARCHS = 750,800,860,890,900,1000,1030,1200,1210 | USE_GRAPHS = 1 | FA_ALL_QUANTS = 1 | CPU : SSE3 = 1 | SSSE3 = 1 | AVX = 1 | AVX2 = 1 | F16C = 1 | FMA = 1 | BMI2 = 1 | LLAMAFILE = 1 | OPENMP = 1 | REPACK = 1 | 
0.01.789.447 I kl_divergence: computing over 5 chunks, n_ctx=32768, batch_size=2048, n_seq=1
0.10.047.584 I kl_divergence: 8.26 seconds per pass - ETA 0.68 minutes

chunk             PPL               ln(PPL(Q)/PPL(base))          KL Divergence              Δp RMS            Same top p        Same sampled p
   1      14.1958 ±    0.3134       0.10540 ±    0.00528       0.15126 ±    0.00175     9.872 ±  0.153 %    81.096 ±  0.306 %    37.845 ±  0.256 %
   2      13.3087 ±    0.2098       0.10732 ±    0.00383       0.15952 ±    0.00138    10.338 ±  0.114 %    81.130 ±  0.216 %    39.506 ±  0.185 %
   3      14.5189 ±    0.1886       0.11054 ±    0.00316       0.16544 ±    0.00115    10.279 ±  0.091 %    80.466 ±  0.179 %    37.934 ±  0.149 %
   4      14.0450 ±    0.1582       0.11028 ±    0.00276       0.16887 ±    0.00105    10.437 ±  0.079 %    80.481 ±  0.155 %    38.683 ±  0.130 %
   5      13.3366 ±    0.1330       0.10805 ±    0.00244       0.16550 ±    0.00093    10.358 ±  0.070 %    80.841 ±  0.138 %    39.290 ±  0.116 %

====== Perplexity statistics ======
Mean PPL(Q)                   :  13.336615 ±   0.133032
Mean PPL(base)                :  11.970705 ±   0.119397
Cor(ln(PPL(Q)), ln(PPL(base))):  97.01%
Mean ln(PPL(Q)/PPL(base))     :   0.108051 ±   0.002441
Mean PPL(Q)/PPL(base)         :   1.114104 ±   0.002720
Mean PPL(Q)-PPL(base)         :   1.365910 ±   0.033723

====== KL divergence statistics ======
Mean    KLD:   0.165497 ±   0.000933
Maximum KLD:  11.864608
99.9%   KLD:   2.981246
99.0%   KLD:   1.184157
95.0%   KLD:   0.540199
90.0%   KLD:   0.363862
Median  KLD:   0.098257
10.0%   KLD:   0.005221
 5.0%   KLD:   0.001336
 1.0%   KLD:   0.000192
 0.1%   KLD:   0.000026
Minimum KLD:   0.000000

====== Token probability statistics ======
Mean    Δp: -2.422 ± 0.035 %
Maximum Δp: 82.397%
99.9%   Δp: 45.480%
99.0%   Δp: 22.067%
95.0%   Δp:  9.222%
90.0%   Δp:  4.518%
75.0%   Δp:  0.333%
Median  Δp: -0.191%
25.0%   Δp: -3.825%
10.0%   Δp: -12.429%
 5.0%   Δp: -19.876%
 1.0%   Δp: -40.732%
 0.1%   Δp: -75.336%
Minimum Δp: -99.949%
RMS Δp    : 10.358 ± 0.070 %
Same top p: 80.841 ± 0.138 %
Same sampled p: 39.290 ± 0.116 %

------------------------------
# llama-perplexity: version: 0.4.7-dev (build 11840, commit a740376d8-dirty) | built with GNU 15.3.0 for Linux x86_64
# model: /home/crusaderky/.cache/huggingface/hub/models--bartowski--MiniCPM5-2B-GGUF/snapshots/31fee0334c4ed9f1e079afe586ba30cb83e0f883/MiniCPM5-2B-Q4_K_M.gguf size=1615826144 mtime=2026-09-14T23:31:39+00:00 sha256/1048576B=7696d4515c9f04f092e9933de7be053bdacb6f5c865cd2e98cd7ca68d6d7f395
llama-perplexity --kl-divergence-base /tmp/logits.dat --ctx-size 32768 -f sample-data/wiki.test.head-2.4k.raw -fa on --hf-repo bartowski/MiniCPM5-2B-GGUF:Q4_K_M --cache-type-k q3_0 --cache-type-v q3_0 --kl-divergence
0.01.486.772 I cmn          init: llama threadpool init, n_threads = 16
0.01.537.082 I 
0.01.537.152 I system_info: n_threads = 16 (n_threads_batch = 16) / 32 | CUDA : ARCHS = 750,800,860,890,900,1000,1030,1200,1210 | USE_GRAPHS = 1 | FA_ALL_QUANTS = 1 | CPU : SSE3 = 1 | SSSE3 = 1 | AVX = 1 | AVX2 = 1 | F16C = 1 | FMA = 1 | BMI2 = 1 | LLAMAFILE = 1 | OPENMP = 1 | REPACK = 1 | 
0.01.821.425 I kl_divergence: computing over 5 chunks, n_ctx=32768, batch_size=2048, n_seq=1
0.10.200.248 I kl_divergence: 8.38 seconds per pass - ETA 0.68 minutes

chunk             PPL               ln(PPL(Q)/PPL(base))          KL Divergence              Δp RMS            Same top p        Same sampled p
   1      14.3907 ±    0.3196       0.11903 ±    0.00554       0.17150 ±    0.00201    10.501 ±  0.156 %    79.540 ±  0.315 %    37.637 ±  0.255 %
   2      13.5333 ±    0.2148       0.12406 ±    0.00398       0.17527 ±    0.00155    10.750 ±  0.115 %    80.208 ±  0.220 %    39.436 ±  0.185 %
   3      14.6889 ±    0.1919       0.12218 ±    0.00324       0.17838 ±    0.00123    10.569 ±  0.091 %    79.772 ±  0.181 %    37.916 ±  0.149 %
   4      14.1806 ±    0.1605       0.11988 ±    0.00284       0.18071 ±    0.00109    10.688 ±  0.079 %    79.903 ±  0.157 %    38.687 ±  0.130 %
   5      13.4943 ±    0.1354       0.11980 ±    0.00251       0.17721 ±    0.00097    10.650 ±  0.071 %    80.179 ±  0.139 %    39.291 ±  0.116 %

====== Perplexity statistics ======
Mean PPL(Q)                   :  13.494266 ±   0.135372
Mean PPL(base)                :  11.970705 ±   0.119397
Cor(ln(PPL(Q)), ln(PPL(base))):  96.84%
Mean ln(PPL(Q)/PPL(base))     :   0.119802 ±   0.002514
Mean PPL(Q)/PPL(base)         :   1.127274 ±   0.002834
Mean PPL(Q)-PPL(base)         :   1.523561 ±   0.035720

====== KL divergence statistics ======
Mean    KLD:   0.177209 ±   0.000969
Maximum KLD:  11.127411
99.9%   KLD:   2.881844
99.0%   KLD:   1.250747
95.0%   KLD:   0.577718
90.0%   KLD:   0.392507
Median  KLD:   0.105296
10.0%   KLD:   0.005523
 5.0%   KLD:   0.001420
 1.0%   KLD:   0.000199
 0.1%   KLD:   0.000029
Minimum KLD:   0.000000

====== Token probability statistics ======
Mean    Δp: -2.385 ± 0.036 %
Maximum Δp: 88.247%
99.9%   Δp: 49.233%
99.0%   Δp: 23.376%
95.0%   Δp:  9.679%
90.0%   Δp:  4.836%
75.0%   Δp:  0.365%
Median  Δp: -0.190%
25.0%   Δp: -3.875%
10.0%   Δp: -12.674%
 5.0%   Δp: -20.285%
 1.0%   Δp: -42.077%
 0.1%   Δp: -74.922%
Minimum Δp: -98.539%
RMS Δp    : 10.650 ± 0.071 %
Same top p: 80.179 ± 0.139 %
Same sampled p: 39.291 ± 0.116 %

------------------------------
# llama-perplexity: version: 0.4.7-dev (build 11840, commit a740376d8-dirty) | built with GNU 15.3.0 for Linux x86_64
# model: /home/crusaderky/.cache/huggingface/hub/models--NANI-Nithin--MiniCPM5-2B-GGUF/snapshots/eb12985b999c83da2c982e76c503813be5476ead/MiniCPM5-2B-Q5_K_S.gguf size=1771504896 mtime=2026-09-14T23:44:24+00:00 sha256/1048576B=3262e58edb6011d9d5c2e18ddfdbb0f5330283aa6656fa7c4852f37b3ae26f32
llama-perplexity --kl-divergence-base /tmp/logits.dat --ctx-size 32768 -f sample-data/wiki.test.head-2.4k.raw -fa on --hf-repo NANI-Nithin/MiniCPM5-2B-GGUF:Q5_K_S --cache-type-k q8_0 --cache-type-v q8_0 --kl-divergence
0.02.533.979 I cmn          init: llama threadpool init, n_threads = 16
0.02.584.347 I 
0.02.584.423 I system_info: n_threads = 16 (n_threads_batch = 16) / 32 | CUDA : ARCHS = 750,800,860,890,900,1000,1030,1200,1210 | USE_GRAPHS = 1 | FA_ALL_QUANTS = 1 | CPU : SSE3 = 1 | SSSE3 = 1 | AVX = 1 | AVX2 = 1 | F16C = 1 | FMA = 1 | BMI2 = 1 | LLAMAFILE = 1 | OPENMP = 1 | REPACK = 1 | 
0.02.905.488 I kl_divergence: computing over 5 chunks, n_ctx=32768, batch_size=2048, n_seq=1
0.11.336.460 I kl_divergence: 8.43 seconds per pass - ETA 0.70 minutes

chunk             PPL               ln(PPL(Q)/PPL(base))          KL Divergence              Δp RMS            Same top p        Same sampled p
   1      13.0434 ±    0.2894       0.02073 ±    0.00198       0.02304 ±    0.00029     3.610 ±  0.068 %    91.790 ±  0.214 %    40.597 ±  0.258 %
   2      12.1747 ±    0.1928       0.01826 ±    0.00144       0.02431 ±    0.00030     3.777 ±  0.050 %    91.830 ±  0.151 %    42.394 ±  0.186 %
   3      13.2452 ±    0.1730       0.01873 ±    0.00118       0.02487 ±    0.00022     3.783 ±  0.039 %    91.603 ±  0.125 %    40.819 ±  0.150 %
   4      12.8232 ±    0.1452       0.01926 ±    0.00104       0.02585 ±    0.00025     3.902 ±  0.038 %    91.630 ±  0.108 %    41.626 ±  0.131 %
   5      12.1991 ±    0.1222       0.01890 ±    0.00094       0.02577 ±    0.00028     3.896 ±  0.035 %    91.815 ±  0.096 %    42.177 ±  0.117 %

====== Perplexity statistics ======
Mean PPL(Q)                   :  12.199129 ±   0.122246
Mean PPL(base)                :  11.970705 ±   0.119397
Cor(ln(PPL(Q)), ln(PPL(base))):  99.56%
Mean ln(PPL(Q)/PPL(base))     :   0.018902 ±   0.000944
Mean PPL(Q)/PPL(base)         :   1.019082 ±   0.000962
Mean PPL(Q)-PPL(base)         :   0.228423 ±   0.011742

====== KL divergence statistics ======
Mean    KLD:   0.025768 ±   0.000280
Maximum KLD:  10.776137
99.9%   KLD:   0.507786
99.0%   KLD:   0.176238
95.0%   KLD:   0.078554
90.0%   KLD:   0.053784
Median  KLD:   0.015646
10.0%   KLD:   0.000532
 5.0%   KLD:   0.000104
 1.0%   KLD:   0.000010
 0.1%   KLD:  -0.000000
Minimum KLD:  -0.000051

====== Token probability statistics ======
Mean    Δp: -0.172 ± 0.014 %
Maximum Δp: 83.144%
99.9%   Δp: 23.186%
99.0%   Δp: 11.254%
95.0%   Δp:  5.260%
90.0%   Δp:  2.986%
75.0%   Δp:  0.527%
Median  Δp: -0.001%
25.0%   Δp: -0.773%
10.0%   Δp: -3.559%
 5.0%   Δp: -6.080%
 1.0%   Δp: -12.767%
 0.1%   Δp: -26.333%
Minimum Δp: -76.678%
RMS Δp    :  3.896 ± 0.035 %
Same top p: 91.815 ± 0.096 %
Same sampled p: 42.177 ± 0.117 %

------------------------------
# llama-perplexity: version: 0.4.7-dev (build 11840, commit a740376d8-dirty) | built with GNU 15.3.0 for Linux x86_64
# model: /home/crusaderky/.cache/huggingface/hub/models--NANI-Nithin--MiniCPM5-2B-GGUF/snapshots/eb12985b999c83da2c982e76c503813be5476ead/MiniCPM5-2B-Q5_K_S.gguf size=1771504896 mtime=2026-09-14T23:44:24+00:00 sha256/1048576B=3262e58edb6011d9d5c2e18ddfdbb0f5330283aa6656fa7c4852f37b3ae26f32
llama-perplexity --kl-divergence-base /tmp/logits.dat --ctx-size 32768 -f sample-data/wiki.test.head-2.4k.raw -fa on --hf-repo NANI-Nithin/MiniCPM5-2B-GGUF:Q5_K_S --cache-type-k q8_0 --cache-type-v q6_0 --kl-divergence
0.01.533.546 I cmn          init: llama threadpool init, n_threads = 16
0.01.584.351 I 
0.01.584.413 I system_info: n_threads = 16 (n_threads_batch = 16) / 32 | CUDA : ARCHS = 750,800,860,890,900,1000,1030,1200,1210 | USE_GRAPHS = 1 | FA_ALL_QUANTS = 1 | CPU : SSE3 = 1 | SSSE3 = 1 | AVX = 1 | AVX2 = 1 | F16C = 1 | FMA = 1 | BMI2 = 1 | LLAMAFILE = 1 | OPENMP = 1 | REPACK = 1 | 
0.01.892.052 I kl_divergence: computing over 5 chunks, n_ctx=32768, batch_size=2048, n_seq=1
0.10.344.018 I kl_divergence: 8.45 seconds per pass - ETA 0.70 minutes

chunk             PPL               ln(PPL(Q)/PPL(base))          KL Divergence              Δp RMS            Same top p        Same sampled p
   1      13.0350 ±    0.2890       0.02010 ±    0.00204       0.02330 ±    0.00028     3.619 ±  0.057 %    91.809 ±  0.214 %    40.584 ±  0.258 %
   2      12.1761 ±    0.1927       0.01838 ±    0.00148       0.02452 ±    0.00024     3.823 ±  0.051 %    91.931 ±  0.150 %    42.379 ±  0.187 %
   3      13.2587 ±    0.1732       0.01974 ±    0.00121       0.02513 ±    0.00019     3.816 ±  0.041 %    91.682 ±  0.125 %    40.810 ±  0.150 %
   4      12.8350 ±    0.1453       0.02019 ±    0.00107       0.02617 ±    0.00025     3.948 ±  0.040 %    91.685 ±  0.108 %    41.622 ±  0.131 %
   5      12.2121 ±    0.1224       0.01996 ±    0.00097       0.02613 ±    0.00028     3.952 ±  0.037 %    91.875 ±  0.095 %    42.169 ±  0.117 %

====== Perplexity statistics ======
Mean PPL(Q)                   :  12.212087 ±   0.122378
Mean PPL(base)                :  11.970705 ±   0.119397
Cor(ln(PPL(Q)), ln(PPL(base))):  99.53%
Mean ln(PPL(Q)/PPL(base))     :   0.019964 ±   0.000970
Mean PPL(Q)/PPL(base)         :   1.020164 ±   0.000989
Mean PPL(Q)-PPL(base)         :   0.241382 ±   0.012085

====== KL divergence statistics ======
Mean    KLD:   0.026133 ±   0.000279
Maximum KLD:  10.506957
99.9%   KLD:   0.526615
99.0%   KLD:   0.178315
95.0%   KLD:   0.079606
90.0%   KLD:   0.054886
Median  KLD:   0.015846
10.0%   KLD:   0.000537
 5.0%   KLD:   0.000103
 1.0%   KLD:   0.000011
 0.1%   KLD:  -0.000000
Minimum KLD:  -0.000041

====== Token probability statistics ======
Mean    Δp: -0.188 ± 0.014 %
Maximum Δp: 84.488%
99.9%   Δp: 23.815%
99.0%   Δp: 11.408%
95.0%   Δp:  5.267%
90.0%   Δp:  2.993%
75.0%   Δp:  0.510%
Median  Δp: -0.001%
25.0%   Δp: -0.788%
10.0%   Δp: -3.620%
 5.0%   Δp: -6.179%
 1.0%   Δp: -12.857%
 0.1%   Δp: -26.516%
Minimum Δp: -79.254%
RMS Δp    :  3.952 ± 0.037 %
Same top p: 91.875 ± 0.095 %
Same sampled p: 42.169 ± 0.117 %

------------------------------
# llama-perplexity: version: 0.4.7-dev (build 11840, commit a740376d8-dirty) | built with GNU 15.3.0 for Linux x86_64
# model: /home/crusaderky/.cache/huggingface/hub/models--bartowski--MiniCPM5-2B-GGUF/snapshots/31fee0334c4ed9f1e079afe586ba30cb83e0f883/MiniCPM5-2B-Q6_K.gguf size=2107305184 mtime=2026-09-14T18:13:41+00:00 sha256/1048576B=7696d4515c9f04f092e9933de7be053bdacb6f5c865cd2e98cd7ca68d6d7f395
llama-perplexity --kl-divergence-base /tmp/logits.dat --ctx-size 32768 -f sample-data/wiki.test.head-2.4k.raw -fa on --hf-repo bartowski/MiniCPM5-2B-GGUF:Q6_K --cache-type-k q6_0 --cache-type-v q6_0 --kv-tail-tokens 128 --kl-divergence
0.01.981.623 I cmn          init: llama threadpool init, n_threads = 16
0.02.045.559 I 
0.02.045.629 I system_info: n_threads = 16 (n_threads_batch = 16) / 32 | CUDA : ARCHS = 750,800,860,890,900,1000,1030,1200,1210 | USE_GRAPHS = 1 | FA_ALL_QUANTS = 1 | CPU : SSE3 = 1 | SSSE3 = 1 | AVX = 1 | AVX2 = 1 | F16C = 1 | FMA = 1 | BMI2 = 1 | LLAMAFILE = 1 | OPENMP = 1 | REPACK = 1 | 
0.02.336.461 I kl_divergence: computing over 5 chunks, n_ctx=32768, batch_size=2048, n_seq=1
0.11.456.542 I kl_divergence: 9.12 seconds per pass - ETA 0.75 minutes

chunk             PPL               ln(PPL(Q)/PPL(base))          KL Divergence              Δp RMS            Same top p        Same sampled p
   1      12.8217 ±    0.2829       0.00359 ±    0.00102       0.00600 ±    0.00006     1.858 ±  0.029 %    95.465 ±  0.163 %    40.719 ±  0.258 %
   2      11.9888 ±    0.1890       0.00288 ±    0.00076       0.00645 ±    0.00009     2.053 ±  0.047 %    95.508 ±  0.114 %    42.541 ±  0.186 %
   3      13.0379 ±    0.1697       0.00295 ±    0.00062       0.00661 ±    0.00007     2.007 ±  0.034 %    95.493 ±  0.094 %    41.000 ±  0.150 %
   4      12.6172 ±    0.1423       0.00307 ±    0.00054       0.00679 ±    0.00008     2.085 ±  0.039 %    95.514 ±  0.081 %    41.809 ±  0.131 %
   5      12.0091 ±    0.1199       0.00320 ±    0.00048       0.00679 ±    0.00007     2.086 ±  0.035 %    95.655 ±  0.071 %    42.375 ±  0.117 %

====== Perplexity statistics ======
Mean PPL(Q)                   :  12.009066 ±   0.119903
Mean PPL(base)                :  11.970705 ±   0.119397
Cor(ln(PPL(Q)), ln(PPL(base))):  99.88%
Mean ln(PPL(Q)/PPL(base))     :   0.003199 ±   0.000485
Mean PPL(Q)/PPL(base)         :   1.003205 ±   0.000486
Mean PPL(Q)-PPL(base)         :   0.038361 ±   0.005834

====== KL divergence statistics ======
Mean    KLD:   0.006791 ±   0.000068
Maximum KLD:   2.554229
99.9%   KLD:   0.152933
99.0%   KLD:   0.045747
95.0%   KLD:   0.019619
90.0%   KLD:   0.013621
Median  KLD:   0.004294
10.0%   KLD:   0.000134
 5.0%   KLD:   0.000026
 1.0%   KLD:   0.000002
 0.1%   KLD:  -0.000010
Minimum KLD:  -0.000072

====== Token probability statistics ======
Mean    Δp: -0.036 ± 0.007 %
Maximum Δp: 75.044%
99.9%   Δp: 11.819%
99.0%   Δp:  6.078%
95.0%   Δp:  2.893%
90.0%   Δp:  1.664%
75.0%   Δp:  0.315%
Median  Δp: -0.000%
25.0%   Δp: -0.356%
10.0%   Δp: -1.785%
 5.0%   Δp: -3.049%
 1.0%   Δp: -6.355%
 0.1%   Δp: -13.426%
Minimum Δp: -68.771%
RMS Δp    :  2.086 ± 0.035 %
Same top p: 95.655 ± 0.071 %
Same sampled p: 42.375 ± 0.117 %

------------------------------
# llama-perplexity: version: 0.4.7-dev (build 11840, commit a740376d8-dirty) | built with GNU 15.3.0 for Linux x86_64
# model: /home/crusaderky/.cache/huggingface/hub/models--bartowski--MiniCPM5-2B-GGUF/snapshots/31fee0334c4ed9f1e079afe586ba30cb83e0f883/MiniCPM5-2B-Q6_K.gguf size=2107305184 mtime=2026-09-14T18:13:41+00:00 sha256/1048576B=7696d4515c9f04f092e9933de7be053bdacb6f5c865cd2e98cd7ca68d6d7f395
llama-perplexity --kl-divergence-base /tmp/logits.dat --ctx-size 32768 -f sample-data/wiki.test.head-2.4k.raw -fa on --hf-repo bartowski/MiniCPM5-2B-GGUF:Q6_K --cache-type-k q5_0 --cache-type-v q5_0 --kv-tail-tokens 128 --kl-divergence
0.02.024.910 I cmn          init: llama threadpool init, n_threads = 16
0.02.078.288 I 
0.02.078.358 I system_info: n_threads = 16 (n_threads_batch = 16) / 32 | CUDA : ARCHS = 750,800,860,890,900,1000,1030,1200,1210 | USE_GRAPHS = 1 | FA_ALL_QUANTS = 1 | CPU : SSE3 = 1 | SSSE3 = 1 | AVX = 1 | AVX2 = 1 | F16C = 1 | FMA = 1 | BMI2 = 1 | LLAMAFILE = 1 | OPENMP = 1 | REPACK = 1 | 
0.02.371.475 I kl_divergence: computing over 5 chunks, n_ctx=32768, batch_size=2048, n_seq=1
0.11.327.958 I kl_divergence: 8.96 seconds per pass - ETA 0.73 minutes

chunk             PPL               ln(PPL(Q)/PPL(base))          KL Divergence              Δp RMS            Same top p        Same sampled p
   1      12.8412 ±    0.2832       0.00511 ±    0.00113       0.00717 ±    0.00009     2.084 ±  0.040 %    95.135 ±  0.168 %    40.681 ±  0.258 %
   2      11.9950 ±    0.1890       0.00339 ±    0.00083       0.00762 ±    0.00014     2.249 ±  0.053 %    95.187 ±  0.118 %    42.515 ±  0.186 %
   3      13.0430 ±    0.1697       0.00334 ±    0.00067       0.00770 ±    0.00010     2.192 ±  0.038 %    95.237 ±  0.096 %    40.971 ±  0.150 %
   4      12.6245 ±    0.1423       0.00365 ±    0.00058       0.00781 ±    0.00010     2.256 ±  0.043 %    95.277 ±  0.083 %    41.783 ±  0.131 %
   5      12.0129 ±    0.1199       0.00352 ±    0.00053       0.00790 ±    0.00010     2.268 ±  0.036 %    95.394 ±  0.073 %    42.345 ±  0.117 %

====== Perplexity statistics ======
Mean PPL(Q)                   :  12.012909 ±   0.119890
Mean PPL(base)                :  11.970705 ±   0.119397
Cor(ln(PPL(Q)), ln(PPL(base))):  99.86%
Mean ln(PPL(Q)/PPL(base))     :   0.003519 ±   0.000526
Mean PPL(Q)/PPL(base)         :   1.003526 ±   0.000527
Mean PPL(Q)-PPL(base)         :   0.042203 ±   0.006321

====== KL divergence statistics ======
Mean    KLD:   0.007901 ±   0.000096
Maximum KLD:   3.322245
99.9%   KLD:   0.196447
99.0%   KLD:   0.053601
95.0%   KLD:   0.022720
90.0%   KLD:   0.015620
Median  KLD:   0.004814
10.0%   KLD:   0.000163
 5.0%   KLD:   0.000030
 1.0%   KLD:   0.000002
 0.1%   KLD:  -0.000007
Minimum KLD:  -0.000067

====== Token probability statistics ======
Mean    Δp: -0.063 ± 0.008 %
Maximum Δp: 83.742%
99.9%   Δp: 12.985%
99.0%   Δp:  6.355%
95.0%   Δp:  3.022%
90.0%   Δp:  1.742%
75.0%   Δp:  0.319%
Median  Δp: -0.001%
25.0%   Δp: -0.397%
10.0%   Δp: -1.923%
 5.0%   Δp: -3.286%
 1.0%   Δp: -6.951%
 0.1%   Δp: -15.516%
Minimum Δp: -62.401%
RMS Δp    :  2.268 ± 0.036 %
Same top p: 95.394 ± 0.073 %
Same sampled p: 42.345 ± 0.117 %

------------------------------
# llama-perplexity: version: 0.4.7-dev (build 11840, commit a740376d8-dirty) | built with GNU 15.3.0 for Linux x86_64
# model: /home/crusaderky/.cache/huggingface/hub/models--bartowski--MiniCPM5-2B-GGUF/snapshots/31fee0334c4ed9f1e079afe586ba30cb83e0f883/MiniCPM5-2B-Q6_K.gguf size=2107305184 mtime=2026-09-14T18:13:41+00:00 sha256/1048576B=7696d4515c9f04f092e9933de7be053bdacb6f5c865cd2e98cd7ca68d6d7f395
llama-perplexity --kl-divergence-base /tmp/logits.dat --ctx-size 32768 -f sample-data/wiki.test.head-2.4k.raw -fa on --hf-repo bartowski/MiniCPM5-2B-GGUF:Q6_K --cache-type-k q4_0 --cache-type-v q4_0 --kv-tail-tokens 128 --kl-divergence
0.01.917.403 I cmn          init: llama threadpool init, n_threads = 16
0.01.969.932 I 
0.01.970.001 I system_info: n_threads = 16 (n_threads_batch = 16) / 32 | CUDA : ARCHS = 750,800,860,890,900,1000,1030,1200,1210 | USE_GRAPHS = 1 | FA_ALL_QUANTS = 1 | CPU : SSE3 = 1 | SSSE3 = 1 | AVX = 1 | AVX2 = 1 | F16C = 1 | FMA = 1 | BMI2 = 1 | LLAMAFILE = 1 | OPENMP = 1 | REPACK = 1 | 
0.02.253.336 I kl_divergence: computing over 5 chunks, n_ctx=32768, batch_size=2048, n_seq=1
0.11.082.857 I kl_divergence: 8.83 seconds per pass - ETA 0.73 minutes

chunk             PPL               ln(PPL(Q)/PPL(base))          KL Divergence              Δp RMS            Same top p        Same sampled p
   1      12.8216 ±    0.2825       0.00359 ±    0.00138       0.01068 ±    0.00017     2.645 ±  0.074 %    94.439 ±  0.179 %    40.581 ±  0.258 %
   2      12.0188 ±    0.1894       0.00538 ±    0.00101       0.01128 ±    0.00016     2.788 ±  0.058 %    94.351 ±  0.128 %    42.422 ±  0.186 %
   3      13.0654 ±    0.1699       0.00506 ±    0.00082       0.01127 ±    0.00012     2.688 ±  0.042 %    94.354 ±  0.104 %    40.889 ±  0.150 %
   4      12.6469 ±    0.1425       0.00542 ±    0.00071       0.01169 ±    0.00018     2.762 ±  0.039 %    94.365 ±  0.090 %    41.696 ±  0.131 %
   5      12.0345 ±    0.1201       0.00532 ±    0.00065       0.01187 ±    0.00016     2.774 ±  0.034 %    94.483 ±  0.080 %    42.261 ±  0.117 %

====== Perplexity statistics ======
Mean PPL(Q)                   :  12.034537 ±   0.120093
Mean PPL(base)                :  11.970705 ±   0.119397
Cor(ln(PPL(Q)), ln(PPL(base))):  99.79%
Mean ln(PPL(Q)/PPL(base))     :   0.005318 ±   0.000645
Mean PPL(Q)/PPL(base)         :   1.005332 ±   0.000649
Mean PPL(Q)-PPL(base)         :   0.063832 ±   0.007775

====== KL divergence statistics ======
Mean    KLD:   0.011867 ±   0.000160
Maximum KLD:   9.749983
99.9%   KLD:   0.315854
99.0%   KLD:   0.092360
95.0%   KLD:   0.036318
90.0%   KLD:   0.023833
Median  KLD:   0.006532
10.0%   KLD:   0.000235
 5.0%   KLD:   0.000049
 1.0%   KLD:   0.000004
 0.1%   KLD:  -0.000004
Minimum KLD:  -0.000050

====== Token probability statistics ======
Mean    Δp: -0.113 ± 0.010 %
Maximum Δp: 78.726%
99.9%   Δp: 17.669%
99.0%   Δp:  7.886%
95.0%   Δp:  3.506%
90.0%   Δp:  1.967%
75.0%   Δp:  0.331%
Median  Δp: -0.002%
25.0%   Δp: -0.522%
10.0%   Δp: -2.343%
 5.0%   Δp: -3.958%
 1.0%   Δp: -8.631%
 0.1%   Δp: -19.664%
Minimum Δp: -70.294%
RMS Δp    :  2.774 ± 0.034 %
Same top p: 94.483 ± 0.080 %
Same sampled p: 42.261 ± 0.117 %

------------------------------
# llama-perplexity: version: 0.4.7-dev (build 11840, commit a740376d8-dirty) | built with GNU 15.3.0 for Linux x86_64
# model: /home/crusaderky/.cache/huggingface/hub/models--bartowski--MiniCPM5-2B-GGUF/snapshots/31fee0334c4ed9f1e079afe586ba30cb83e0f883/MiniCPM5-2B-Q6_K.gguf size=2107305184 mtime=2026-09-14T18:13:41+00:00 sha256/1048576B=7696d4515c9f04f092e9933de7be053bdacb6f5c865cd2e98cd7ca68d6d7f395
llama-perplexity --kl-divergence-base /tmp/logits.dat --ctx-size 32768 -f sample-data/wiki.test.head-2.4k.raw -fa on --hf-repo bartowski/MiniCPM5-2B-GGUF:Q6_K --cache-type-k q4_0 --cache-type-v q3_0 --kv-tail-tokens 128 --kl-divergence
0.01.954.660 I cmn          init: llama threadpool init, n_threads = 16
0.02.008.422 I 
0.02.008.479 I system_info: n_threads = 16 (n_threads_batch = 16) / 32 | CUDA : ARCHS = 750,800,860,890,900,1000,1030,1200,1210 | USE_GRAPHS = 1 | FA_ALL_QUANTS = 1 | CPU : SSE3 = 1 | SSSE3 = 1 | AVX = 1 | AVX2 = 1 | F16C = 1 | FMA = 1 | BMI2 = 1 | LLAMAFILE = 1 | OPENMP = 1 | REPACK = 1 | 
0.02.291.492 I kl_divergence: computing over 5 chunks, n_ctx=32768, batch_size=2048, n_seq=1
0.11.301.089 I kl_divergence: 9.01 seconds per pass - ETA 0.75 minutes

chunk             PPL               ln(PPL(Q)/PPL(base))          KL Divergence              Δp RMS            Same top p        Same sampled p
   1      12.9145 ±    0.2857       0.01081 ±    0.00154       0.01300 ±    0.00017     2.825 ±  0.057 %    93.744 ±  0.189 %    40.666 ±  0.258 %
   2      12.0605 ±    0.1905       0.00884 ±    0.00110       0.01380 ±    0.00024     2.991 ±  0.048 %    93.863 ±  0.133 %    42.475 ±  0.186 %
   3      13.1313 ±    0.1714       0.01009 ±    0.00090       0.01396 ±    0.00017     2.925 ±  0.038 %    93.725 ±  0.109 %    40.958 ±  0.150 %
   4      12.7121 ±    0.1438       0.01056 ±    0.00080       0.01444 ±    0.00018     2.998 ±  0.039 %    93.780 ±  0.094 %    41.761 ±  0.131 %
   5      12.0893 ±    0.1210       0.00986 ±    0.00072       0.01473 ±    0.00016     3.061 ±  0.035 %    93.901 ±  0.084 %    42.312 ±  0.117 %

====== Perplexity statistics ======
Mean PPL(Q)                   :  12.089281 ±   0.121024
Mean PPL(base)                :  11.970705 ±   0.119397
Cor(ln(PPL(Q)), ln(PPL(base))):  99.74%
Mean ln(PPL(Q)/PPL(base))     :   0.009857 ±   0.000722
Mean PPL(Q)/PPL(base)         :   1.009905 ±   0.000730
Mean PPL(Q)-PPL(base)         :   0.118575 ±   0.008831

====== KL divergence statistics ======
Mean    KLD:   0.014732 ±   0.000162
Maximum KLD:   6.780513
99.9%   KLD:   0.376061
99.0%   KLD:   0.113745
95.0%   KLD:   0.046164
90.0%   KLD:   0.030376
Median  KLD:   0.008127
10.0%   KLD:   0.000291
 5.0%   KLD:   0.000058
 1.0%   KLD:   0.000005
 0.1%   KLD:  -0.000004
Minimum KLD:  -0.000131

====== Token probability statistics ======
Mean    Δp: -0.079 ± 0.011 %
Maximum Δp: 78.653%
99.9%   Δp: 19.503%
99.0%   Δp:  8.617%
95.0%   Δp:  3.992%
90.0%   Δp:  2.299%
75.0%   Δp:  0.425%
Median  Δp: -0.000%
25.0%   Δp: -0.511%
10.0%   Δp: -2.500%
 5.0%   Δp: -4.361%
 1.0%   Δp: -9.797%
 0.1%   Δp: -22.073%
Minimum Δp: -61.675%
RMS Δp    :  3.061 ± 0.035 %
Same top p: 93.901 ± 0.084 %
Same sampled p: 42.312 ± 0.117 %

------------------------------
# llama-perplexity: version: 0.4.7-dev (build 11840, commit a740376d8-dirty) | built with GNU 15.3.0 for Linux x86_64
# model: /home/crusaderky/.cache/huggingface/hub/models--bartowski--MiniCPM5-2B-GGUF/snapshots/31fee0334c4ed9f1e079afe586ba30cb83e0f883/MiniCPM5-2B-Q6_K.gguf size=2107305184 mtime=2026-09-14T18:13:41+00:00 sha256/1048576B=7696d4515c9f04f092e9933de7be053bdacb6f5c865cd2e98cd7ca68d6d7f395
llama-perplexity --kl-divergence-base /tmp/logits.dat --ctx-size 32768 -f sample-data/wiki.test.head-2.4k.raw -fa on --hf-repo bartowski/MiniCPM5-2B-GGUF:Q6_K --cache-type-k q4_0 --cache-type-v q3_0 --kv-tail-tokens 1024 --kl-divergence
0.01.968.038 I cmn          init: llama threadpool init, n_threads = 16
0.02.023.736 I 
0.02.023.803 I system_info: n_threads = 16 (n_threads_batch = 16) / 32 | CUDA : ARCHS = 750,800,860,890,900,1000,1030,1200,1210 | USE_GRAPHS = 1 | FA_ALL_QUANTS = 1 | CPU : SSE3 = 1 | SSSE3 = 1 | AVX = 1 | AVX2 = 1 | F16C = 1 | FMA = 1 | BMI2 = 1 | LLAMAFILE = 1 | OPENMP = 1 | REPACK = 1 | 
0.02.314.673 I kl_divergence: computing over 5 chunks, n_ctx=32768, batch_size=2048, n_seq=1
0.11.548.013 I kl_divergence: 9.23 seconds per pass - ETA 0.77 minutes

chunk             PPL               ln(PPL(Q)/PPL(base))          KL Divergence              Δp RMS            Same top p        Same sampled p
   1      12.9034 ±    0.2856       0.00995 ±    0.00137       0.01072 ±    0.00022     2.650 ±  0.109 %    94.397 ±  0.180 %    40.718 ±  0.258 %
   2      12.0517 ±    0.1905       0.00811 ±    0.00100       0.01127 ±    0.00017     2.745 ±  0.063 %    94.418 ±  0.127 %    42.533 ±  0.186 %
   3      13.1207 ±    0.1713       0.00928 ±    0.00081       0.01147 ±    0.00012     2.685 ±  0.046 %    94.291 ±  0.105 %    41.011 ±  0.150 %
   4      12.7031 ±    0.1437       0.00986 ±    0.00072       0.01192 ±    0.00018     2.770 ±  0.045 %    94.345 ±  0.090 %    41.816 ±  0.131 %
   5      12.0792 ±    0.1210       0.00902 ±    0.00065       0.01202 ±    0.00015     2.795 ±  0.039 %    94.475 ±  0.080 %    42.369 ±  0.117 %

====== Perplexity statistics ======
Mean PPL(Q)                   :  12.079189 ±   0.120952
Mean PPL(base)                :  11.970705 ±   0.119397
Cor(ln(PPL(Q)), ln(PPL(base))):  99.79%
Mean ln(PPL(Q)/PPL(base))     :   0.009022 ±   0.000648
Mean PPL(Q)/PPL(base)         :   1.009062 ±   0.000653
Mean PPL(Q)-PPL(base)         :   0.108484 ±   0.007927

====== KL divergence statistics ======
Mean    KLD:   0.012024 ±   0.000155
Maximum KLD:   8.143156
99.9%   KLD:   0.298626
99.0%   KLD:   0.090873
95.0%   KLD:   0.036961
90.0%   KLD:   0.024321
Median  KLD:   0.006733
10.0%   KLD:   0.000232
 5.0%   KLD:   0.000043
 1.0%   KLD:   0.000003
 0.1%   KLD:  -0.000007
Minimum KLD:  -0.000126

====== Token probability statistics ======
Mean    Δp: -0.038 ± 0.010 %
Maximum Δp: 85.488%
99.9%   Δp: 17.506%
99.0%   Δp:  7.857%
95.0%   Δp:  3.704%
90.0%   Δp:  2.146%
75.0%   Δp:  0.415%
Median  Δp: -0.000%
25.0%   Δp: -0.427%
10.0%   Δp: -2.194%
 5.0%   Δp: -3.879%
 1.0%   Δp: -8.827%
 0.1%   Δp: -19.453%
Minimum Δp: -92.490%
RMS Δp    :  2.795 ± 0.039 %
Same top p: 94.475 ± 0.080 %
Same sampled p: 42.369 ± 0.117 %

------------------------------
# llama-perplexity: version: 0.4.7-dev (build 11840, commit a740376d8-dirty) | built with GNU 15.3.0 for Linux x86_64
# model: /home/crusaderky/.cache/huggingface/hub/models--bartowski--MiniCPM5-2B-GGUF/snapshots/31fee0334c4ed9f1e079afe586ba30cb83e0f883/MiniCPM5-2B-Q6_K.gguf size=2107305184 mtime=2026-09-14T18:13:41+00:00 sha256/1048576B=7696d4515c9f04f092e9933de7be053bdacb6f5c865cd2e98cd7ca68d6d7f395
llama-perplexity --kl-divergence-base /tmp/logits.dat --ctx-size 32768 -f sample-data/wiki.test.head-2.4k.raw -fa on --hf-repo bartowski/MiniCPM5-2B-GGUF:Q6_K --cache-type-k kvarn6 --cache-type-v kvarn6 --kl-divergence
0.01.912.179 I cmn          init: llama threadpool init, n_threads = 16
0.01.985.764 I 
0.01.985.831 I system_info: n_threads = 16 (n_threads_batch = 16) / 32 | CUDA : ARCHS = 750,800,860,890,900,1000,1030,1200,1210 | USE_GRAPHS = 1 | FA_ALL_QUANTS = 1 | CPU : SSE3 = 1 | SSSE3 = 1 | AVX = 1 | AVX2 = 1 | F16C = 1 | FMA = 1 | BMI2 = 1 | LLAMAFILE = 1 | OPENMP = 1 | REPACK = 1 | 
0.02.267.527 I kl_divergence: computing over 5 chunks, n_ctx=32768, batch_size=2048, n_seq=1
0.12.865.563 I kl_divergence: 10.60 seconds per pass - ETA 0.87 minutes

chunk             PPL               ln(PPL(Q)/PPL(base))          KL Divergence              Δp RMS            Same top p        Same sampled p
   1      12.8244 ±    0.2829       0.00380 ±    0.00100       0.00568 ±    0.00006     1.778 ±  0.025 %    95.654 ±  0.159 %    40.718 ±  0.258 %
   2      11.9864 ±    0.1890       0.00267 ±    0.00073       0.00602 ±    0.00006     1.955 ±  0.032 %    95.648 ±  0.113 %    42.539 ±  0.186 %
   3      13.0360 ±    0.1697       0.00280 ±    0.00060       0.00616 ±    0.00005     1.916 ±  0.024 %    95.611 ±  0.092 %    40.995 ±  0.150 %
   4      12.6107 ±    0.1422       0.00255 ±    0.00052       0.00632 ±    0.00006     2.001 ±  0.035 %    95.660 ±  0.080 %    41.802 ±  0.131 %
   5      11.9984 ±    0.1198       0.00231 ±    0.00047       0.00643 ±    0.00008     2.016 ±  0.030 %    95.793 ±  0.070 %    42.366 ±  0.117 %

====== Perplexity statistics ======
Mean PPL(Q)                   :  11.998408 ±   0.119768
Mean PPL(base)                :  11.970705 ±   0.119397
Cor(ln(PPL(Q)), ln(PPL(base))):  99.89%
Mean ln(PPL(Q)/PPL(base))     :   0.002312 ±   0.000472
Mean PPL(Q)/PPL(base)         :   1.002314 ±   0.000473
Mean PPL(Q)-PPL(base)         :   0.027703 ±   0.005667

====== KL divergence statistics ======
Mean    KLD:   0.006427 ±   0.000076
Maximum KLD:   2.532177
99.9%   KLD:   0.135332
99.0%   KLD:   0.042492
95.0%   KLD:   0.018375
90.0%   KLD:   0.012757
Median  KLD:   0.004100
10.0%   KLD:   0.000131
 5.0%   KLD:   0.000024
 1.0%   KLD:   0.000002
 0.1%   KLD:  -0.000010
Minimum KLD:  -0.000094

====== Token probability statistics ======
Mean    Δp: -0.039 ± 0.007 %
Maximum Δp: 75.726%
99.9%   Δp: 11.657%
99.0%   Δp:  5.838%
95.0%   Δp:  2.822%
90.0%   Δp:  1.625%
75.0%   Δp:  0.298%
Median  Δp: -0.000%
25.0%   Δp: -0.352%
10.0%   Δp: -1.741%
 5.0%   Δp: -2.976%
 1.0%   Δp: -6.231%
 0.1%   Δp: -12.748%
Minimum Δp: -51.236%
RMS Δp    :  2.016 ± 0.030 %
Same top p: 95.793 ± 0.070 %
Same sampled p: 42.366 ± 0.117 %

------------------------------
# llama-perplexity: version: 0.4.7-dev (build 11840, commit a740376d8-dirty) | built with GNU 15.3.0 for Linux x86_64
# model: /home/crusaderky/.cache/huggingface/hub/models--bartowski--MiniCPM5-2B-GGUF/snapshots/31fee0334c4ed9f1e079afe586ba30cb83e0f883/MiniCPM5-2B-Q6_K.gguf size=2107305184 mtime=2026-09-14T18:13:41+00:00 sha256/1048576B=7696d4515c9f04f092e9933de7be053bdacb6f5c865cd2e98cd7ca68d6d7f395
llama-perplexity --kl-divergence-base /tmp/logits.dat --ctx-size 32768 -f sample-data/wiki.test.head-2.4k.raw -fa on --hf-repo bartowski/MiniCPM5-2B-GGUF:Q6_K --cache-type-k kvarn5 --cache-type-v kvarn5 --kl-divergence
0.01.958.899 I cmn          init: llama threadpool init, n_threads = 16
0.02.033.882 I 
0.02.033.953 I system_info: n_threads = 16 (n_threads_batch = 16) / 32 | CUDA : ARCHS = 750,800,860,890,900,1000,1030,1200,1210 | USE_GRAPHS = 1 | FA_ALL_QUANTS = 1 | CPU : SSE3 = 1 | SSSE3 = 1 | AVX = 1 | AVX2 = 1 | F16C = 1 | FMA = 1 | BMI2 = 1 | LLAMAFILE = 1 | OPENMP = 1 | REPACK = 1 | 
0.02.316.024 I kl_divergence: computing over 5 chunks, n_ctx=32768, batch_size=2048, n_seq=1
0.12.842.174 I kl_divergence: 10.53 seconds per pass - ETA 0.87 minutes

chunk             PPL               ln(PPL(Q)/PPL(base))          KL Divergence              Δp RMS            Same top p        Same sampled p
   1      12.8321 ±    0.2832       0.00441 ±    0.00103       0.00595 ±    0.00006     1.833 ±  0.026 %    95.715 ±  0.158 %    40.715 ±  0.258 %
   2      11.9916 ±    0.1890       0.00310 ±    0.00076       0.00638 ±    0.00009     2.027 ±  0.038 %    95.715 ±  0.112 %    42.535 ±  0.186 %
   3      13.0399 ±    0.1697       0.00310 ±    0.00062       0.00649 ±    0.00006     1.976 ±  0.028 %    95.652 ±  0.092 %    40.993 ±  0.150 %
   4      12.6125 ±    0.1422       0.00270 ±    0.00054       0.00668 ±    0.00007     2.052 ±  0.036 %    95.675 ±  0.079 %    41.799 ±  0.131 %
   5      12.0000 ±    0.1198       0.00244 ±    0.00049       0.00678 ±    0.00009     2.066 ±  0.030 %    95.805 ±  0.070 %    42.366 ±  0.117 %

====== Perplexity statistics ======
Mean PPL(Q)                   :  11.999991 ±   0.119776
Mean PPL(base)                :  11.970705 ±   0.119397
Cor(ln(PPL(Q)), ln(PPL(base))):  99.88%
Mean ln(PPL(Q)/PPL(base))     :   0.002443 ±   0.000488
Mean PPL(Q)/PPL(base)         :   1.002446 ±   0.000489
Mean PPL(Q)-PPL(base)         :   0.029286 ±   0.005859

====== KL divergence statistics ======
Mean    KLD:   0.006780 ±   0.000094
Maximum KLD:   5.472743
99.9%   KLD:   0.161866
99.0%   KLD:   0.045031
95.0%   KLD:   0.019486
90.0%   KLD:   0.013384
Median  KLD:   0.004257
10.0%   KLD:   0.000138
 5.0%   KLD:   0.000026
 1.0%   KLD:   0.000002
 0.1%   KLD:  -0.000010
Minimum KLD:  -0.000088

====== Token probability statistics ======
Mean    Δp: -0.037 ± 0.007 %
Maximum Δp: 83.120%
99.9%   Δp: 12.499%
99.0%   Δp:  6.013%
95.0%   Δp:  2.858%
90.0%   Δp:  1.681%
75.0%   Δp:  0.308%
Median  Δp: -0.000%
25.0%   Δp: -0.360%
10.0%   Δp: -1.795%
 5.0%   Δp: -3.024%
 1.0%   Δp: -6.210%
 0.1%   Δp: -13.604%
Minimum Δp: -54.528%
RMS Δp    :  2.066 ± 0.030 %
Same top p: 95.805 ± 0.070 %
Same sampled p: 42.366 ± 0.117 %

------------------------------
# llama-perplexity: version: 0.4.7-dev (build 11840, commit a740376d8-dirty) | built with GNU 15.3.0 for Linux x86_64
# model: /home/crusaderky/.cache/huggingface/hub/models--bartowski--MiniCPM5-2B-GGUF/snapshots/31fee0334c4ed9f1e079afe586ba30cb83e0f883/MiniCPM5-2B-Q6_K.gguf size=2107305184 mtime=2026-09-14T18:13:41+00:00 sha256/1048576B=7696d4515c9f04f092e9933de7be053bdacb6f5c865cd2e98cd7ca68d6d7f395
llama-perplexity --kl-divergence-base /tmp/logits.dat --ctx-size 32768 -f sample-data/wiki.test.head-2.4k.raw -fa on --hf-repo bartowski/MiniCPM5-2B-GGUF:Q6_K --cache-type-k kvarn5 --cache-type-v kvarn5 --kv-tail-tokens 1024 --kl-divergence
0.01.983.717 I cmn          init: llama threadpool init, n_threads = 16
0.02.052.383 I 
0.02.052.451 I system_info: n_threads = 16 (n_threads_batch = 16) / 32 | CUDA : ARCHS = 750,800,860,890,900,1000,1030,1200,1210 | USE_GRAPHS = 1 | FA_ALL_QUANTS = 1 | CPU : SSE3 = 1 | SSSE3 = 1 | AVX = 1 | AVX2 = 1 | F16C = 1 | FMA = 1 | BMI2 = 1 | LLAMAFILE = 1 | OPENMP = 1 | REPACK = 1 | 
0.02.341.945 I kl_divergence: computing over 5 chunks, n_ctx=32768, batch_size=2048, n_seq=1
0.13.175.647 I kl_divergence: 10.83 seconds per pass - ETA 0.90 minutes

chunk             PPL               ln(PPL(Q)/PPL(base))          KL Divergence              Δp RMS            Same top p        Same sampled p
   1      12.8312 ±    0.2833       0.00433 ±    0.00100       0.00578 ±    0.00007     1.800 ±  0.026 %    95.611 ±  0.160 %    40.728 ±  0.258 %
   2      11.9846 ±    0.1890       0.00252 ±    0.00074       0.00615 ±    0.00007     1.981 ±  0.035 %    95.608 ±  0.113 %    42.548 ±  0.186 %
   3      13.0354 ±    0.1697       0.00276 ±    0.00061       0.00627 ±    0.00006     1.942 ±  0.026 %    95.613 ±  0.092 %    41.003 ±  0.150 %
   4      12.6104 ±    0.1422       0.00253 ±    0.00053       0.00648 ±    0.00008     2.028 ±  0.040 %    95.648 ±  0.080 %    41.809 ±  0.131 %
   5      12.0005 ±    0.1198       0.00248 ±    0.00048       0.00658 ±    0.00008     2.042 ±  0.034 %    95.791 ±  0.070 %    42.374 ±  0.117 %

====== Perplexity statistics ======
Mean PPL(Q)                   :  12.000480 ±   0.119799
Mean PPL(base)                :  11.970705 ±   0.119397
Cor(ln(PPL(Q)), ln(PPL(base))):  99.89%
Mean ln(PPL(Q)/PPL(base))     :   0.002484 ±   0.000477
Mean PPL(Q)/PPL(base)         :   1.002487 ±   0.000478
Mean PPL(Q)-PPL(base)         :   0.029775 ±   0.005727

====== KL divergence statistics ======
Mean    KLD:   0.006583 ±   0.000083
Maximum KLD:   3.154162
99.9%   KLD:   0.153763
99.0%   KLD:   0.043993
95.0%   KLD:   0.018679
90.0%   KLD:   0.013001
Median  KLD:   0.004126
10.0%   KLD:   0.000131
 5.0%   KLD:   0.000025
 1.0%   KLD:   0.000002
 0.1%   KLD:  -0.000011
Minimum KLD:  -0.000100

====== Token probability statistics ======
Mean    Δp: -0.033 ± 0.007 %
Maximum Δp: 81.433%
99.9%   Δp: 12.134%
99.0%   Δp:  5.856%
95.0%   Δp:  2.847%
90.0%   Δp:  1.654%
75.0%   Δp:  0.310%
Median  Δp: -0.000%
25.0%   Δp: -0.355%
10.0%   Δp: -1.749%
 5.0%   Δp: -2.967%
 1.0%   Δp: -6.134%
 0.1%   Δp: -13.626%
Minimum Δp: -46.731%
RMS Δp    :  2.042 ± 0.034 %
Same top p: 95.791 ± 0.070 %
Same sampled p: 42.374 ± 0.117 %

------------------------------
# llama-perplexity: version: 0.4.7-dev (build 11840, commit a740376d8-dirty) | built with GNU 15.3.0 for Linux x86_64
# model: /home/crusaderky/.cache/huggingface/hub/models--bartowski--MiniCPM5-2B-GGUF/snapshots/31fee0334c4ed9f1e079afe586ba30cb83e0f883/MiniCPM5-2B-Q6_K.gguf size=2107305184 mtime=2026-09-14T18:13:41+00:00 sha256/1048576B=7696d4515c9f04f092e9933de7be053bdacb6f5c865cd2e98cd7ca68d6d7f395
llama-perplexity --kl-divergence-base /tmp/logits.dat --ctx-size 32768 -f sample-data/wiki.test.head-2.4k.raw -fa on --hf-repo bartowski/MiniCPM5-2B-GGUF:Q6_K --cache-type-k kvarn4 --cache-type-v kvarn4 --kl-divergence
0.01.971.303 I cmn          init: llama threadpool init, n_threads = 16
0.02.039.241 I 
0.02.039.306 I system_info: n_threads = 16 (n_threads_batch = 16) / 32 | CUDA : ARCHS = 750,800,860,890,900,1000,1030,1200,1210 | USE_GRAPHS = 1 | FA_ALL_QUANTS = 1 | CPU : SSE3 = 1 | SSSE3 = 1 | AVX = 1 | AVX2 = 1 | F16C = 1 | FMA = 1 | BMI2 = 1 | LLAMAFILE = 1 | OPENMP = 1 | REPACK = 1 | 
0.02.333.611 I kl_divergence: computing over 5 chunks, n_ctx=32768, batch_size=2048, n_seq=1
0.12.885.889 I kl_divergence: 10.55 seconds per pass - ETA 0.87 minutes

chunk             PPL               ln(PPL(Q)/PPL(base))          KL Divergence              Δp RMS            Same top p        Same sampled p
   1      12.8535 ±    0.2836       0.00607 ±    0.00116       0.00750 ±    0.00009     2.156 ±  0.049 %    95.257 ±  0.166 %    40.678 ±  0.258 %
   2      12.0020 ±    0.1891       0.00398 ±    0.00084       0.00787 ±    0.00010     2.295 ±  0.043 %    95.312 ±  0.117 %    42.501 ±  0.186 %
   3      13.0461 ±    0.1697       0.00358 ±    0.00068       0.00796 ±    0.00008     2.235 ±  0.033 %    95.213 ±  0.096 %    40.955 ±  0.150 %
   4      12.6187 ±    0.1422       0.00318 ±    0.00060       0.00823 ±    0.00013     2.306 ±  0.039 %    95.234 ±  0.083 %    41.763 ±  0.131 %
   5      12.0078 ±    0.1198       0.00310 ±    0.00054       0.00836 ±    0.00012     2.332 ±  0.033 %    95.352 ±  0.074 %    42.325 ±  0.117 %

====== Perplexity statistics ======
Mean PPL(Q)                   :  12.007838 ±   0.119812
Mean PPL(base)                :  11.970705 ±   0.119397
Cor(ln(PPL(Q)), ln(PPL(base))):  99.85%
Mean ln(PPL(Q)/PPL(base))     :   0.003097 ±   0.000538
Mean PPL(Q)/PPL(base)         :   1.003102 ±   0.000540
Mean PPL(Q)-PPL(base)         :   0.037133 ±   0.006469

====== KL divergence statistics ======
Mean    KLD:   0.008359 ±   0.000115
Maximum KLD:   6.741871
99.9%   KLD:   0.204759
99.0%   KLD:   0.059318
95.0%   KLD:   0.024739
90.0%   KLD:   0.016712
Median  KLD:   0.005018
10.0%   KLD:   0.000173
 5.0%   KLD:   0.000034
 1.0%   KLD:   0.000003
 0.1%   KLD:  -0.000006
Minimum KLD:  -0.000067

====== Token probability statistics ======
Mean    Δp: -0.070 ± 0.008 %
Maximum Δp: 78.587%
99.9%   Δp: 14.539%
99.0%   Δp:  6.621%
95.0%   Δp:  3.076%
90.0%   Δp:  1.775%
75.0%   Δp:  0.320%
Median  Δp: -0.001%
25.0%   Δp: -0.413%
10.0%   Δp: -1.986%
 5.0%   Δp: -3.421%
 1.0%   Δp: -7.280%
 0.1%   Δp: -15.325%
Minimum Δp: -55.021%
RMS Δp    :  2.332 ± 0.033 %
Same top p: 95.352 ± 0.074 %
Same sampled p: 42.325 ± 0.117 %

------------------------------
# llama-perplexity: version: 0.4.7-dev (build 11840, commit a740376d8-dirty) | built with GNU 15.3.0 for Linux x86_64
# model: /home/crusaderky/.cache/huggingface/hub/models--bartowski--MiniCPM5-2B-GGUF/snapshots/31fee0334c4ed9f1e079afe586ba30cb83e0f883/MiniCPM5-2B-Q6_K.gguf size=2107305184 mtime=2026-09-14T18:13:41+00:00 sha256/1048576B=7696d4515c9f04f092e9933de7be053bdacb6f5c865cd2e98cd7ca68d6d7f395
llama-perplexity --kl-divergence-base /tmp/logits.dat --ctx-size 32768 -f sample-data/wiki.test.head-2.4k.raw -fa on --hf-repo bartowski/MiniCPM5-2B-GGUF:Q6_K --cache-type-k kvarn4 --cache-type-v kvarn4 --kv-tail-tokens 1024 --kl-divergence
0.01.972.895 I cmn          init: llama threadpool init, n_threads = 16
0.02.045.952 I 
0.02.046.017 I system_info: n_threads = 16 (n_threads_batch = 16) / 32 | CUDA : ARCHS = 750,800,860,890,900,1000,1030,1200,1210 | USE_GRAPHS = 1 | FA_ALL_QUANTS = 1 | CPU : SSE3 = 1 | SSSE3 = 1 | AVX = 1 | AVX2 = 1 | F16C = 1 | FMA = 1 | BMI2 = 1 | LLAMAFILE = 1 | OPENMP = 1 | REPACK = 1 | 
0.02.346.935 I kl_divergence: computing over 5 chunks, n_ctx=32768, batch_size=2048, n_seq=1
0.13.299.308 I kl_divergence: 10.95 seconds per pass - ETA 0.90 minutes

chunk             PPL               ln(PPL(Q)/PPL(base))          KL Divergence              Δp RMS            Same top p        Same sampled p
   1      12.8337 ±    0.2832       0.00453 ±    0.00107       0.00652 ±    0.00008     1.971 ±  0.035 %    95.477 ±  0.162 %    40.702 ±  0.258 %
   2      11.9981 ±    0.1892       0.00365 ±    0.00078       0.00689 ±    0.00009     2.137 ±  0.041 %    95.474 ±  0.115 %    42.532 ±  0.186 %
   3      13.0458 ±    0.1698       0.00356 ±    0.00064       0.00697 ±    0.00007     2.084 ±  0.030 %    95.465 ±  0.094 %    40.990 ±  0.150 %
   4      12.6164 ±    0.1422       0.00301 ±    0.00055       0.00720 ±    0.00008     2.194 ±  0.039 %    95.466 ±  0.081 %    41.796 ±  0.131 %
   5      12.0066 ±    0.1199       0.00299 ±    0.00050       0.00728 ±    0.00007     2.197 ±  0.033 %    95.620 ±  0.072 %    42.360 ±  0.117 %

====== Perplexity statistics ======
Mean PPL(Q)                   :  12.006593 ±   0.119857
Mean PPL(base)                :  11.970705 ±   0.119397
Cor(ln(PPL(Q)), ln(PPL(base))):  99.88%
Mean ln(PPL(Q)/PPL(base))     :   0.002993 ±   0.000498
Mean PPL(Q)/PPL(base)         :   1.002998 ±   0.000500
Mean PPL(Q)-PPL(base)         :   0.035888 ±   0.005993

====== KL divergence statistics ======
Mean    KLD:   0.007278 ±   0.000072
Maximum KLD:   2.908200
99.9%   KLD:   0.180921
99.0%   KLD:   0.051400
95.0%   KLD:   0.021276
90.0%   KLD:   0.014517
Median  KLD:   0.004452
10.0%   KLD:   0.000151
 5.0%   KLD:   0.000029
 1.0%   KLD:   0.000002
 0.1%   KLD:  -0.000009
Minimum KLD:  -0.000088

====== Token probability statistics ======
Mean    Δp: -0.046 ± 0.008 %
Maximum Δp: 82.051%
99.9%   Δp: 13.304%
99.0%   Δp:  6.157%
95.0%   Δp:  2.963%
90.0%   Δp:  1.724%
75.0%   Δp:  0.318%
Median  Δp: -0.000%
25.0%   Δp: -0.372%
10.0%   Δp: -1.840%
 5.0%   Δp: -3.139%
 1.0%   Δp: -6.681%
 0.1%   Δp: -15.461%
Minimum Δp: -52.787%
RMS Δp    :  2.197 ± 0.033 %
Same top p: 95.620 ± 0.072 %
Same sampled p: 42.360 ± 0.117 %

------------------------------
# llama-perplexity: version: 0.4.7-dev (build 11840, commit a740376d8-dirty) | built with GNU 15.3.0 for Linux x86_64
# model: /home/crusaderky/.cache/huggingface/hub/models--bartowski--MiniCPM5-2B-GGUF/snapshots/31fee0334c4ed9f1e079afe586ba30cb83e0f883/MiniCPM5-2B-Q4_K_M.gguf size=1615826144 mtime=2026-09-14T23:31:39+00:00 sha256/1048576B=7696d4515c9f04f092e9933de7be053bdacb6f5c865cd2e98cd7ca68d6d7f395
llama-perplexity --kl-divergence-base /tmp/logits.dat --ctx-size 32768 -f sample-data/wiki.test.head-2.4k.raw -fa on --hf-repo bartowski/MiniCPM5-2B-GGUF:Q4_K_M --cache-type-k q6_0 --cache-type-v q6_0 --kv-tail-tokens 128 --kl-divergence
0.01.850.485 I cmn          init: llama threadpool init, n_threads = 16
0.01.904.054 I 
0.01.904.123 I system_info: n_threads = 16 (n_threads_batch = 16) / 32 | CUDA : ARCHS = 750,800,860,890,900,1000,1030,1200,1210 | USE_GRAPHS = 1 | FA_ALL_QUANTS = 1 | CPU : SSE3 = 1 | SSSE3 = 1 | AVX = 1 | AVX2 = 1 | F16C = 1 | FMA = 1 | BMI2 = 1 | LLAMAFILE = 1 | OPENMP = 1 | REPACK = 1 | 
0.02.213.799 I kl_divergence: computing over 5 chunks, n_ctx=32768, batch_size=2048, n_seq=1
0.11.011.107 I kl_divergence: 8.80 seconds per pass - ETA 0.72 minutes

chunk             PPL               ln(PPL(Q)/PPL(base))          KL Divergence              Δp RMS            Same top p        Same sampled p
   1      13.1086 ±    0.2902       0.02572 ±    0.00278       0.04386 ±    0.00050     4.951 ±  0.086 %    89.025 ±  0.244 %    40.205 ±  0.258 %
   2      12.2848 ±    0.1940       0.02726 ±    0.00201       0.04603 ±    0.00040     5.190 ±  0.064 %    89.340 ±  0.170 %    41.961 ±  0.187 %
   3      13.3554 ±    0.1739       0.02701 ±    0.00163       0.04677 ±    0.00032     5.124 ±  0.050 %    89.086 ±  0.141 %    40.399 ±  0.150 %
   4      12.9196 ±    0.1458       0.02675 ±    0.00143       0.04815 ±    0.00034     5.273 ±  0.048 %    89.008 ±  0.122 %    41.195 ±  0.131 %
   5      12.2823 ±    0.1228       0.02570 ±    0.00127       0.04737 ±    0.00032     5.247 ±  0.043 %    89.297 ±  0.108 %    41.795 ±  0.117 %

====== Perplexity statistics ======
Mean PPL(Q)                   :  12.282327 ±   0.122771
Mean PPL(base)                :  11.970705 ±   0.119397
Cor(ln(PPL(Q)), ln(PPL(base))):  99.19%
Mean ln(PPL(Q)/PPL(base))     :   0.025699 ±   0.001271
Mean PPL(Q)/PPL(base)         :   1.026032 ±   0.001304
Mean PPL(Q)-PPL(base)         :   0.311622 ±   0.015771

====== KL divergence statistics ======
Mean    KLD:   0.047365 ±   0.000324
Maximum KLD:   9.960426
99.9%   KLD:   0.838998
99.0%   KLD:   0.332512
95.0%   KLD:   0.149753
90.0%   KLD:   0.100949
Median  KLD:   0.029011
10.0%   KLD:   0.001018
 5.0%   KLD:   0.000204
 1.0%   KLD:   0.000022
 0.1%   KLD:   0.000002
Minimum KLD:  -0.000021

====== Token probability statistics ======
Mean    Δp: -0.414 ± 0.018 %
Maximum Δp: 78.403%
99.9%   Δp: 30.622%
99.0%   Δp: 14.607%
95.0%   Δp:  6.492%
90.0%   Δp:  3.662%
75.0%   Δp:  0.594%
Median  Δp: -0.004%
25.0%   Δp: -1.171%
10.0%   Δp: -5.012%
 5.0%   Δp: -8.388%
 1.0%   Δp: -17.912%
 0.1%   Δp: -36.711%
Minimum Δp: -97.541%
RMS Δp    :  5.247 ± 0.043 %
Same top p: 89.297 ± 0.108 %
Same sampled p: 41.795 ± 0.117 %

------------------------------
# llama-perplexity: version: 0.4.7-dev (build 11840, commit a740376d8-dirty) | built with GNU 15.3.0 for Linux x86_64
# model: /home/crusaderky/.cache/huggingface/hub/models--bartowski--MiniCPM5-2B-GGUF/snapshots/31fee0334c4ed9f1e079afe586ba30cb83e0f883/MiniCPM5-2B-Q4_K_M.gguf size=1615826144 mtime=2026-09-14T23:31:39+00:00 sha256/1048576B=7696d4515c9f04f092e9933de7be053bdacb6f5c865cd2e98cd7ca68d6d7f395
llama-perplexity --kl-divergence-base /tmp/logits.dat --ctx-size 32768 -f sample-data/wiki.test.head-2.4k.raw -fa on --hf-repo bartowski/MiniCPM5-2B-GGUF:Q4_K_M --cache-type-k q5_0 --cache-type-v q5_0 --kv-tail-tokens 128 --kl-divergence
0.01.833.128 I cmn          init: llama threadpool init, n_threads = 16
0.01.887.254 I 
0.01.887.313 I system_info: n_threads = 16 (n_threads_batch = 16) / 32 | CUDA : ARCHS = 750,800,860,890,900,1000,1030,1200,1210 | USE_GRAPHS = 1 | FA_ALL_QUANTS = 1 | CPU : SSE3 = 1 | SSSE3 = 1 | AVX = 1 | AVX2 = 1 | F16C = 1 | FMA = 1 | BMI2 = 1 | LLAMAFILE = 1 | OPENMP = 1 | REPACK = 1 | 
0.02.186.169 I kl_divergence: computing over 5 chunks, n_ctx=32768, batch_size=2048, n_seq=1
0.11.022.155 I kl_divergence: 8.84 seconds per pass - ETA 0.73 minutes

chunk             PPL               ln(PPL(Q)/PPL(base))          KL Divergence              Δp RMS            Same top p        Same sampled p
   1      13.1102 ±    0.2899       0.02585 ±    0.00280       0.04451 ±    0.00051     5.019 ±  0.089 %    89.190 ±  0.243 %    40.161 ±  0.258 %
   2      12.2867 ±    0.1940       0.02742 ±    0.00203       0.04683 ±    0.00040     5.286 ±  0.065 %    89.300 ±  0.171 %    41.937 ±  0.187 %
   3      13.3653 ±    0.1741       0.02775 ±    0.00164       0.04763 ±    0.00033     5.217 ±  0.051 %    89.041 ±  0.141 %    40.380 ±  0.150 %
   4      12.9251 ±    0.1458       0.02718 ±    0.00145       0.04912 ±    0.00036     5.353 ±  0.049 %    88.944 ±  0.122 %    41.183 ±  0.131 %
   5      12.2858 ±    0.1228       0.02598 ±    0.00128       0.04832 ±    0.00033     5.320 ±  0.044 %    89.190 ±  0.108 %    41.770 ±  0.117 %

====== Perplexity statistics ======
Mean PPL(Q)                   :  12.285767 ±   0.122805
Mean PPL(base)                :  11.970705 ±   0.119397
Cor(ln(PPL(Q)), ln(PPL(base))):  99.18%
Mean ln(PPL(Q)/PPL(base))     :   0.025979 ±   0.001281
Mean PPL(Q)/PPL(base)         :   1.026319 ±   0.001315
Mean PPL(Q)-PPL(base)         :   0.315062 ±   0.015901

====== KL divergence statistics ======
Mean    KLD:   0.048324 ±   0.000328
Maximum KLD:  10.331058
99.9%   KLD:   0.849346
99.0%   KLD:   0.341750
95.0%   KLD:   0.152112
90.0%   KLD:   0.103480
Median  KLD:   0.029722
10.0%   KLD:   0.001020
 5.0%   KLD:   0.000208
 1.0%   KLD:   0.000023
 0.1%   KLD:   0.000002
Minimum KLD:  -0.000024

====== Token probability statistics ======
Mean    Δp: -0.424 ± 0.019 %
Maximum Δp: 78.685%
99.9%   Δp: 31.007%
99.0%   Δp: 14.759%
95.0%   Δp:  6.551%
90.0%   Δp:  3.720%
75.0%   Δp:  0.598%
Median  Δp: -0.003%
25.0%   Δp: -1.182%
10.0%   Δp: -5.081%
 5.0%   Δp: -8.535%
 1.0%   Δp: -18.202%
 0.1%   Δp: -37.541%
Minimum Δp: -97.062%
RMS Δp    :  5.320 ± 0.044 %
Same top p: 89.190 ± 0.108 %
Same sampled p: 41.770 ± 0.117 %

------------------------------
# llama-perplexity: version: 0.4.7-dev (build 11840, commit a740376d8-dirty) | built with GNU 15.3.0 for Linux x86_64
# model: /home/crusaderky/.cache/huggingface/hub/models--bartowski--MiniCPM5-2B-GGUF/snapshots/31fee0334c4ed9f1e079afe586ba30cb83e0f883/MiniCPM5-2B-Q4_K_M.gguf size=1615826144 mtime=2026-09-14T23:31:39+00:00 sha256/1048576B=7696d4515c9f04f092e9933de7be053bdacb6f5c865cd2e98cd7ca68d6d7f395
llama-perplexity --kl-divergence-base /tmp/logits.dat --ctx-size 32768 -f sample-data/wiki.test.head-2.4k.raw -fa on --hf-repo bartowski/MiniCPM5-2B-GGUF:Q4_K_M --cache-type-k q4_0 --cache-type-v q4_0 --kv-tail-tokens 128 --kl-divergence
0.01.874.236 I cmn          init: llama threadpool init, n_threads = 16
0.01.930.318 I 
0.01.930.383 I system_info: n_threads = 16 (n_threads_batch = 16) / 32 | CUDA : ARCHS = 750,800,860,890,900,1000,1030,1200,1210 | USE_GRAPHS = 1 | FA_ALL_QUANTS = 1 | CPU : SSE3 = 1 | SSSE3 = 1 | AVX = 1 | AVX2 = 1 | F16C = 1 | FMA = 1 | BMI2 = 1 | LLAMAFILE = 1 | OPENMP = 1 | REPACK = 1 | 
0.02.245.493 I kl_divergence: computing over 5 chunks, n_ctx=32768, batch_size=2048, n_seq=1
0.11.195.917 I kl_divergence: 8.95 seconds per pass - ETA 0.73 minutes

chunk             PPL               ln(PPL(Q)/PPL(base))          KL Divergence              Δp RMS            Same top p        Same sampled p
   1      13.1508 ±    0.2910       0.02893 ±    0.00289       0.04770 ±    0.00056     5.223 ±  0.096 %    88.732 ±  0.247 %    40.102 ±  0.258 %
   2      12.3320 ±    0.1948       0.03110 ±    0.00211       0.05018 ±    0.00045     5.535 ±  0.071 %    88.903 ±  0.174 %    41.860 ±  0.187 %
   3      13.3923 ±    0.1743       0.02977 ±    0.00170       0.05094 ±    0.00036     5.437 ±  0.055 %    88.649 ±  0.143 %    40.305 ±  0.150 %
   4      12.9586 ±    0.1462       0.02977 ±    0.00149       0.05227 ±    0.00036     5.546 ±  0.050 %    88.612 ±  0.124 %    41.097 ±  0.131 %
   5      12.3150 ±    0.1231       0.02836 ±    0.00133       0.05163 ±    0.00032     5.555 ±  0.046 %    88.849 ±  0.110 %    41.695 ±  0.117 %

====== Perplexity statistics ======
Mean PPL(Q)                   :  12.314994 ±   0.123068
Mean PPL(base)                :  11.970705 ±   0.119397
Cor(ln(PPL(Q)), ln(PPL(base))):  99.12%
Mean ln(PPL(Q)/PPL(base))     :   0.028355 ±   0.001328
Mean PPL(Q)/PPL(base)         :   1.028761 ±   0.001366
Mean PPL(Q)-PPL(base)         :   0.344289 ±   0.016532

====== KL divergence statistics ======
Mean    KLD:   0.051629 ±   0.000321
Maximum KLD:  10.283631
99.9%   KLD:   0.939634
99.0%   KLD:   0.365213
95.0%   KLD:   0.164387
90.0%   KLD:   0.111335
Median  KLD:   0.031329
10.0%   KLD:   0.001126
 5.0%   KLD:   0.000217
 1.0%   KLD:   0.000024
 0.1%   KLD:   0.000002
Minimum KLD:  -0.000027

====== Token probability statistics ======
Mean    Δp: -0.487 ± 0.019 %
Maximum Δp: 83.883%
99.9%   Δp: 32.176%
99.0%   Δp: 15.411%
95.0%   Δp:  6.707%
90.0%   Δp:  3.716%
75.0%   Δp:  0.582%
Median  Δp: -0.006%
25.0%   Δp: -1.283%
10.0%   Δp: -5.367%
 5.0%   Δp: -8.880%
 1.0%   Δp: -19.563%
 0.1%   Δp: -39.586%
Minimum Δp: -87.956%
RMS Δp    :  5.555 ± 0.046 %
Same top p: 88.849 ± 0.110 %
Same sampled p: 41.695 ± 0.117 %

------------------------------
# llama-perplexity: version: 0.4.7-dev (build 11840, commit a740376d8-dirty) | built with GNU 15.3.0 for Linux x86_64
# model: /home/crusaderky/.cache/huggingface/hub/models--bartowski--MiniCPM5-2B-GGUF/snapshots/31fee0334c4ed9f1e079afe586ba30cb83e0f883/MiniCPM5-2B-Q4_K_M.gguf size=1615826144 mtime=2026-09-14T23:31:39+00:00 sha256/1048576B=7696d4515c9f04f092e9933de7be053bdacb6f5c865cd2e98cd7ca68d6d7f395
llama-perplexity --kl-divergence-base /tmp/logits.dat --ctx-size 32768 -f sample-data/wiki.test.head-2.4k.raw -fa on --hf-repo bartowski/MiniCPM5-2B-GGUF:Q4_K_M --cache-type-k q4_0 --cache-type-v q3_0 --kv-tail-tokens 128 --kl-divergence
0.01.852.205 I cmn          init: llama threadpool init, n_threads = 16
0.01.907.796 I 
0.01.907.867 I system_info: n_threads = 16 (n_threads_batch = 16) / 32 | CUDA : ARCHS = 750,800,860,890,900,1000,1030,1200,1210 | USE_GRAPHS = 1 | FA_ALL_QUANTS = 1 | CPU : SSE3 = 1 | SSSE3 = 1 | AVX = 1 | AVX2 = 1 | F16C = 1 | FMA = 1 | BMI2 = 1 | LLAMAFILE = 1 | OPENMP = 1 | REPACK = 1 | 
0.02.216.834 I kl_divergence: computing over 5 chunks, n_ctx=32768, batch_size=2048, n_seq=1
0.10.973.471 I kl_divergence: 8.76 seconds per pass - ETA 0.72 minutes

chunk             PPL               ln(PPL(Q)/PPL(base))          KL Divergence              Δp RMS            Same top p        Same sampled p
   1      13.1834 ±    0.2925       0.03142 ±    0.00297       0.05049 ±    0.00058     5.440 ±  0.094 %    88.281 ±  0.251 %    40.146 ±  0.258 %
   2      12.3489 ±    0.1954       0.03247 ±    0.00214       0.05227 ±    0.00044     5.652 ±  0.069 %    88.586 ±  0.176 %    41.895 ±  0.187 %
   3      13.4079 ±    0.1750       0.03093 ±    0.00174       0.05320 ±    0.00036     5.558 ±  0.054 %    88.348 ±  0.145 %    40.360 ±  0.150 %
   4      12.9901 ±    0.1470       0.03219 ±    0.00153       0.05479 ±    0.00036     5.676 ±  0.049 %    88.281 ±  0.126 %    41.149 ±  0.131 %
   5      12.3488 ±    0.1238       0.03109 ±    0.00137       0.05442 ±    0.00035     5.686 ±  0.046 %    88.543 ±  0.111 %    41.732 ±  0.117 %

====== Perplexity statistics ======
Mean PPL(Q)                   :  12.348764 ±   0.123771
Mean PPL(base)                :  11.970705 ±   0.119397
Cor(ln(PPL(Q)), ln(PPL(base))):  99.07%
Mean ln(PPL(Q)/PPL(base))     :   0.031094 ±   0.001368
Mean PPL(Q)/PPL(base)         :   1.031582 ±   0.001411
Mean PPL(Q)-PPL(base)         :   0.378059 ±   0.017188

====== KL divergence statistics ======
Mean    KLD:   0.054418 ±   0.000351
Maximum KLD:  10.108856
99.9%   KLD:   0.926870
99.0%   KLD:   0.383118
95.0%   KLD:   0.174550
90.0%   KLD:   0.118122
Median  KLD:   0.033214
10.0%   KLD:   0.001190
 5.0%   KLD:   0.000230
 1.0%   KLD:   0.000025
 0.1%   KLD:   0.000002
Minimum KLD:  -0.000017

====== Token probability statistics ======
Mean    Δp: -0.443 ± 0.020 %
Maximum Δp: 79.050%
99.9%   Δp: 33.761%
99.0%   Δp: 15.807%
95.0%   Δp:  7.034%
90.0%   Δp:  3.906%
75.0%   Δp:  0.645%
Median  Δp: -0.003%
25.0%   Δp: -1.234%
10.0%   Δp: -5.400%
 5.0%   Δp: -9.000%
 1.0%   Δp: -19.732%
 0.1%   Δp: -39.931%
Minimum Δp: -86.916%
RMS Δp    :  5.686 ± 0.046 %
Same top p: 88.543 ± 0.111 %
Same sampled p: 41.732 ± 0.117 %

------------------------------
# llama-perplexity: version: 0.4.7-dev (build 11840, commit a740376d8-dirty) | built with GNU 15.3.0 for Linux x86_64
# model: /home/crusaderky/.cache/huggingface/hub/models--bartowski--MiniCPM5-2B-GGUF/snapshots/31fee0334c4ed9f1e079afe586ba30cb83e0f883/MiniCPM5-2B-Q6_K.gguf size=2107305184 mtime=2026-09-14T18:13:41+00:00 sha256/1048576B=7696d4515c9f04f092e9933de7be053bdacb6f5c865cd2e98cd7ca68d6d7f395
llama-perplexity --kl-divergence-base /tmp/logits.dat --ctx-size 32768 -f sample-data/wiki.test.head-2.4k.raw -fa on --hf-repo bartowski/MiniCPM5-2B-GGUF:Q6_K --cache-type-k q3_0 --cache-type-v q3_0 --kv-tail-tokens 128 --kl-divergence
0.01.941.642 I cmn          init: llama threadpool init, n_threads = 16
0.01.996.274 I 
0.01.996.339 I system_info: n_threads = 16 (n_threads_batch = 16) / 32 | CUDA : ARCHS = 750,800,860,890,900,1000,1030,1200,1210 | USE_GRAPHS = 1 | FA_ALL_QUANTS = 1 | CPU : SSE3 = 1 | SSSE3 = 1 | AVX = 1 | AVX2 = 1 | F16C = 1 | FMA = 1 | BMI2 = 1 | LLAMAFILE = 1 | OPENMP = 1 | REPACK = 1 | 
0.02.298.892 I kl_divergence: computing over 5 chunks, n_ctx=32768, batch_size=2048, n_seq=1
0.11.102.449 I kl_divergence: 8.80 seconds per pass - ETA 0.73 minutes

chunk             PPL               ln(PPL(Q)/PPL(base))          KL Divergence              Δp RMS            Same top p        Same sampled p
   1      13.1445 ±    0.2916       0.02846 ±    0.00230       0.02937 ±    0.00044     4.469 ±  0.109 %    91.180 ±  0.222 %    40.381 ±  0.258 %
   2      12.2488 ±    0.1940       0.02433 ±    0.00166       0.02955 ±    0.00033     4.599 ±  0.075 %    91.519 ±  0.154 %    42.219 ±  0.186 %
   3      13.3062 ±    0.1739       0.02332 ±    0.00133       0.02897 ±    0.00026     4.407 ±  0.058 %    91.424 ±  0.126 %    40.719 ±  0.150 %
   4      12.8700 ±    0.1458       0.02290 ±    0.00117       0.02967 ±    0.00025     4.479 ±  0.052 %    91.430 ±  0.109 %    41.523 ±  0.131 %
   5      12.2506 ±    0.1229       0.02311 ±    0.00106       0.03058 ±    0.00029     4.544 ±  0.047 %    91.490 ±  0.097 %    42.060 ±  0.117 %

====== Perplexity statistics ======
Mean PPL(Q)                   :  12.250553 ±   0.122898
Mean PPL(base)                :  11.970705 ±   0.119397
Cor(ln(PPL(Q)), ln(PPL(base))):  99.44%
Mean ln(PPL(Q)/PPL(base))     :   0.023109 ±   0.001059
Mean PPL(Q)/PPL(base)         :   1.023378 ±   0.001083
Mean PPL(Q)-PPL(base)         :   0.279848 ±   0.013270

====== KL divergence statistics ======
Mean    KLD:   0.030580 ±   0.000289
Maximum KLD:  11.256347
99.9%   KLD:   0.763086
99.0%   KLD:   0.254622
95.0%   KLD:   0.102410
90.0%   KLD:   0.066060
Median  KLD:   0.015513
10.0%   KLD:   0.000590
 5.0%   KLD:   0.000116
 1.0%   KLD:   0.000012
 0.1%   KLD:   0.000000
Minimum KLD:  -0.000025

====== Token probability statistics ======
Mean    Δp: -0.263 ± 0.016 %
Maximum Δp: 86.437%
99.9%   Δp: 29.069%
99.0%   Δp: 12.347%
95.0%   Δp:  5.315%
90.0%   Δp:  2.985%
75.0%   Δp:  0.516%
Median  Δp: -0.003%
25.0%   Δp: -0.789%
10.0%   Δp: -3.707%
 5.0%   Δp: -6.490%
 1.0%   Δp: -15.250%
 0.1%   Δp: -36.915%
Minimum Δp: -74.876%
RMS Δp    :  4.544 ± 0.047 %
Same top p: 91.490 ± 0.097 %
Same sampled p: 42.060 ± 0.117 %

------------------------------
# llama-perplexity: version: 0.4.7-dev (build 11840, commit a740376d8-dirty) | built with GNU 15.3.0 for Linux x86_64
# model: /home/crusaderky/.cache/huggingface/hub/models--bartowski--MiniCPM5-2B-GGUF/snapshots/31fee0334c4ed9f1e079afe586ba30cb83e0f883/MiniCPM5-2B-Q6_K.gguf size=2107305184 mtime=2026-09-14T18:13:41+00:00 sha256/1048576B=7696d4515c9f04f092e9933de7be053bdacb6f5c865cd2e98cd7ca68d6d7f395
llama-perplexity --kl-divergence-base /tmp/logits.dat --ctx-size 32768 -f sample-data/wiki.test.head-2.4k.raw -fa on --hf-repo bartowski/MiniCPM5-2B-GGUF:Q6_K --cache-type-k kvarn3 --cache-type-v kvarn3 --kl-divergence
0.01.932.825 I cmn          init: llama threadpool init, n_threads = 16
0.02.004.385 I 
0.02.004.455 I system_info: n_threads = 16 (n_threads_batch = 16) / 32 | CUDA : ARCHS = 750,800,860,890,900,1000,1030,1200,1210 | USE_GRAPHS = 1 | FA_ALL_QUANTS = 1 | CPU : SSE3 = 1 | SSSE3 = 1 | AVX = 1 | AVX2 = 1 | F16C = 1 | FMA = 1 | BMI2 = 1 | LLAMAFILE = 1 | OPENMP = 1 | REPACK = 1 | 
0.02.314.464 I kl_divergence: computing over 5 chunks, n_ctx=32768, batch_size=2048, n_seq=1
0.12.667.532 I kl_divergence: 10.35 seconds per pass - ETA 0.85 minutes

chunk             PPL               ln(PPL(Q)/PPL(base))          KL Divergence              Δp RMS            Same top p        Same sampled p
   1      12.9085 ±    0.2848       0.01034 ±    0.00169       0.01488 ±    0.00022     3.145 ±  0.073 %    93.640 ±  0.191 %    40.505 ±  0.258 %
   2      12.0570 ±    0.1900       0.00855 ±    0.00118       0.01558 ±    0.00029     3.348 ±  0.067 %    93.768 ±  0.134 %    42.327 ±  0.186 %
   3      13.1082 ±    0.1705       0.00832 ±    0.00096       0.01547 ±    0.00021     3.220 ±  0.051 %    93.768 ±  0.109 %    40.803 ±  0.150 %
   4      12.6816 ±    0.1429       0.00816 ±    0.00084       0.01589 ±    0.00019     3.300 ±  0.048 %    93.681 ±  0.095 %    41.602 ±  0.131 %
   5      12.0699 ±    0.1204       0.00825 ±    0.00076       0.01635 ±    0.00021     3.328 ±  0.043 %    93.747 ±  0.085 %    42.159 ±  0.117 %

====== Perplexity statistics ======
Mean PPL(Q)                   :  12.069897 ±   0.120443
Mean PPL(base)                :  11.970705 ±   0.119397
Cor(ln(PPL(Q)), ln(PPL(base))):  99.71%
Mean ln(PPL(Q)/PPL(base))     :   0.008252 ±   0.000764
Mean PPL(Q)/PPL(base)         :   1.008286 ±   0.000771
Mean PPL(Q)-PPL(base)         :   0.099192 ±   0.009245

====== KL divergence statistics ======
Mean    KLD:   0.016353 ±   0.000214
Maximum KLD:  10.408970
99.9%   KLD:   0.468527
99.0%   KLD:   0.134959
95.0%   KLD:   0.052239
90.0%   KLD:   0.033317
Median  KLD:   0.008336
10.0%   KLD:   0.000334
 5.0%   KLD:   0.000074
 1.0%   KLD:   0.000007
 0.1%   KLD:  -0.000001
Minimum KLD:  -0.000060

====== Token probability statistics ======
Mean    Δp: -0.183 ± 0.012 %
Maximum Δp: 77.113%
99.9%   Δp: 22.804%
99.0%   Δp:  9.137%
95.0%   Δp:  3.919%
90.0%   Δp:  2.137%
75.0%   Δp:  0.351%
Median  Δp: -0.003%
25.0%   Δp: -0.623%
10.0%   Δp: -2.739%
 5.0%   Δp: -4.628%
 1.0%   Δp: -10.640%
 0.1%   Δp: -24.969%
Minimum Δp: -87.525%
RMS Δp    :  3.328 ± 0.043 %
Same top p: 93.747 ± 0.085 %
Same sampled p: 42.159 ± 0.117 %

------------------------------
# llama-perplexity: version: 0.4.7-dev (build 11840, commit a740376d8-dirty) | built with GNU 15.3.0 for Linux x86_64
# model: /home/crusaderky/.cache/huggingface/hub/models--bartowski--MiniCPM5-2B-GGUF/snapshots/31fee0334c4ed9f1e079afe586ba30cb83e0f883/MiniCPM5-2B-Q4_K_M.gguf size=1615826144 mtime=2026-09-14T23:31:39+00:00 sha256/1048576B=7696d4515c9f04f092e9933de7be053bdacb6f5c865cd2e98cd7ca68d6d7f395
llama-perplexity --kl-divergence-base /tmp/logits.dat --ctx-size 32768 -f sample-data/wiki.test.head-2.4k.raw -fa on --hf-repo bartowski/MiniCPM5-2B-GGUF:Q4_K_M --cache-type-k q3_0 --cache-type-v q3_0 --kv-tail-tokens 128 --kl-divergence
0.01.844.469 I cmn          init: llama threadpool init, n_threads = 16
0.01.899.986 I 
0.01.900.056 I system_info: n_threads = 16 (n_threads_batch = 16) / 32 | CUDA : ARCHS = 750,800,860,890,900,1000,1030,1200,1210 | USE_GRAPHS = 1 | FA_ALL_QUANTS = 1 | CPU : SSE3 = 1 | SSSE3 = 1 | AVX = 1 | AVX2 = 1 | F16C = 1 | FMA = 1 | BMI2 = 1 | LLAMAFILE = 1 | OPENMP = 1 | REPACK = 1 | 
0.02.209.382 I kl_divergence: computing over 5 chunks, n_ctx=32768, batch_size=2048, n_seq=1
0.10.836.688 I kl_divergence: 8.63 seconds per pass - ETA 0.72 minutes

chunk             PPL               ln(PPL(Q)/PPL(base))          KL Divergence              Δp RMS            Same top p        Same sampled p
   1      13.3317 ±    0.2966       0.04260 ±    0.00353       0.06679 ±    0.00079     6.336 ±  0.115 %    86.474 ±  0.267 %    39.937 ±  0.258 %
   2      12.5000 ±    0.1983       0.04463 ±    0.00251       0.06847 ±    0.00060     6.537 ±  0.082 %    87.237 ±  0.184 %    41.667 ±  0.187 %
   3      13.5587 ±    0.1772       0.04212 ±    0.00201       0.06844 ±    0.00047     6.407 ±  0.065 %    87.082 ±  0.151 %    40.121 ±  0.150 %
   4      13.1392 ±    0.1489       0.04360 ±    0.00176       0.07013 ±    0.00046     6.534 ±  0.059 %    87.003 ±  0.131 %    40.903 ±  0.131 %
   5      12.4963 ±    0.1254       0.04297 ±    0.00157       0.07040 ±    0.00045     6.588 ±  0.053 %    87.138 ±  0.117 %    41.466 ±  0.117 %

====== Perplexity statistics ======
Mean PPL(Q)                   :  12.496278 ±   0.125448
Mean PPL(base)                :  11.970705 ±   0.119397
Cor(ln(PPL(Q)), ln(PPL(base))):  98.78%
Mean ln(PPL(Q)/PPL(base))     :   0.042968 ±   0.001566
Mean PPL(Q)/PPL(base)         :   1.043905 ±   0.001635
Mean PPL(Q)-PPL(base)         :   0.525573 ±   0.020069

====== KL divergence statistics ======
Mean    KLD:   0.070405 ±   0.000448
Maximum KLD:  10.107827
99.9%   KLD:   1.350504
99.0%   KLD:   0.502490
95.0%   KLD:   0.229759
90.0%   KLD:   0.153303
Median  KLD:   0.041575
10.0%   KLD:   0.001558
 5.0%   KLD:   0.000303
 1.0%   KLD:   0.000034
 0.1%   KLD:   0.000004
Minimum KLD:  -0.000007

====== Token probability statistics ======
Mean    Δp: -0.632 ± 0.023 %
Maximum Δp: 83.826%
99.9%   Δp: 38.119%
99.0%   Δp: 17.752%
95.0%   Δp:  7.629%
90.0%   Δp:  4.276%
75.0%   Δp:  0.648%
Median  Δp: -0.007%
25.0%   Δp: -1.476%
10.0%   Δp: -6.302%
 5.0%   Δp: -10.677%
 1.0%   Δp: -23.301%
 0.1%   Δp: -47.430%
Minimum Δp: -94.143%
RMS Δp    :  6.588 ± 0.053 %
Same top p: 87.138 ± 0.117 %
Same sampled p: 41.466 ± 0.117 %

------------------------------
# llama-perplexity: version: 0.4.7-dev (build 11840, commit a740376d8-dirty) | built with GNU 15.3.0 for Linux x86_64
# model: /home/crusaderky/.cache/huggingface/hub/models--bartowski--MiniCPM5-2B-GGUF/snapshots/31fee0334c4ed9f1e079afe586ba30cb83e0f883/MiniCPM5-2B-Q4_K_M.gguf size=1615826144 mtime=2026-09-14T23:31:39+00:00 sha256/1048576B=7696d4515c9f04f092e9933de7be053bdacb6f5c865cd2e98cd7ca68d6d7f395
llama-perplexity --kl-divergence-base /tmp/logits.dat --ctx-size 32768 -f sample-data/wiki.test.head-2.4k.raw -fa on --hf-repo bartowski/MiniCPM5-2B-GGUF:Q4_K_M --cache-type-k kvarn5 --cache-type-v kvarn5 --kl-divergence
0.02.009.174 I cmn          init: llama threadpool init, n_threads = 16
0.02.078.930 I 
0.02.078.991 I system_info: n_threads = 16 (n_threads_batch = 16) / 32 | CUDA : ARCHS = 750,800,860,890,900,1000,1030,1200,1210 | USE_GRAPHS = 1 | FA_ALL_QUANTS = 1 | CPU : SSE3 = 1 | SSSE3 = 1 | AVX = 1 | AVX2 = 1 | F16C = 1 | FMA = 1 | BMI2 = 1 | LLAMAFILE = 1 | OPENMP = 1 | REPACK = 1 | 
0.02.381.072 I kl_divergence: computing over 5 chunks, n_ctx=32768, batch_size=2048, n_seq=1
0.12.840.500 I kl_divergence: 10.46 seconds per pass - ETA 0.87 minutes

chunk             PPL               ln(PPL(Q)/PPL(base))          KL Divergence              Δp RMS            Same top p        Same sampled p
   1      13.0935 ±    0.2897       0.02457 ±    0.00277       0.04371 ±    0.00053     4.962 ±  0.092 %    89.111 ±  0.243 %    40.201 ±  0.258 %
   2      12.2775 ±    0.1939       0.02667 ±    0.00201       0.04579 ±    0.00040     5.217 ±  0.067 %    89.385 ±  0.170 %    41.956 ±  0.187 %
   3      13.3465 ±    0.1738       0.02634 ±    0.00163       0.04670 ±    0.00032     5.157 ±  0.051 %    89.060 ±  0.141 %    40.386 ±  0.150 %
   4      12.9075 ±    0.1456       0.02582 ±    0.00143       0.04808 ±    0.00035     5.295 ±  0.049 %    89.021 ±  0.122 %    41.187 ±  0.131 %
   5      12.2711 ±    0.1226       0.02478 ±    0.00127       0.04723 ±    0.00032     5.271 ±  0.044 %    89.288 ±  0.108 %    41.783 ±  0.117 %

====== Perplexity statistics ======
Mean PPL(Q)                   :  12.271086 ±   0.122629
Mean PPL(base)                :  11.970705 ±   0.119397
Cor(ln(PPL(Q)), ln(PPL(base))):  99.19%
Mean ln(PPL(Q)/PPL(base))     :   0.024783 ±   0.001270
Mean PPL(Q)/PPL(base)         :   1.025093 ±   0.001302
Mean PPL(Q)-PPL(base)         :   0.300380 ±   0.015724

====== KL divergence statistics ======
Mean    KLD:   0.047230 ±   0.000315
Maximum KLD:  10.357978
99.9%   KLD:   0.804450
99.0%   KLD:   0.336835
95.0%   KLD:   0.148438
90.0%   KLD:   0.101100
Median  KLD:   0.029087
10.0%   KLD:   0.001011
 5.0%   KLD:   0.000204
 1.0%   KLD:   0.000023
 0.1%   KLD:   0.000002
Minimum KLD:  -0.000010

====== Token probability statistics ======
Mean    Δp: -0.411 ± 0.018 %
Maximum Δp: 78.694%
99.9%   Δp: 30.415%
99.0%   Δp: 14.617%
95.0%   Δp:  6.579%
90.0%   Δp:  3.667%
75.0%   Δp:  0.600%
Median  Δp: -0.003%
25.0%   Δp: -1.160%
10.0%   Δp: -5.012%
 5.0%   Δp: -8.402%
 1.0%   Δp: -17.974%
 0.1%   Δp: -38.355%
Minimum Δp: -97.059%
RMS Δp    :  5.271 ± 0.044 %
Same top p: 89.288 ± 0.108 %
Same sampled p: 41.783 ± 0.117 %

------------------------------
# llama-perplexity: version: 0.4.7-dev (build 11840, commit a740376d8-dirty) | built with GNU 15.3.0 for Linux x86_64
# model: /home/crusaderky/.cache/huggingface/hub/models--bartowski--MiniCPM5-2B-GGUF/snapshots/31fee0334c4ed9f1e079afe586ba30cb83e0f883/MiniCPM5-2B-Q4_K_M.gguf size=1615826144 mtime=2026-09-14T23:31:39+00:00 sha256/1048576B=7696d4515c9f04f092e9933de7be053bdacb6f5c865cd2e98cd7ca68d6d7f395
llama-perplexity --kl-divergence-base /tmp/logits.dat --ctx-size 32768 -f sample-data/wiki.test.head-2.4k.raw -fa on --hf-repo bartowski/MiniCPM5-2B-GGUF:Q4_K_M --cache-type-k kvarn4 --cache-type-v kvarn4 --kl-divergence
0.01.878.619 I cmn          init: llama threadpool init, n_threads = 16
0.01.949.506 I 
0.01.949.574 I system_info: n_threads = 16 (n_threads_batch = 16) / 32 | CUDA : ARCHS = 750,800,860,890,900,1000,1030,1200,1210 | USE_GRAPHS = 1 | FA_ALL_QUANTS = 1 | CPU : SSE3 = 1 | SSSE3 = 1 | AVX = 1 | AVX2 = 1 | F16C = 1 | FMA = 1 | BMI2 = 1 | LLAMAFILE = 1 | OPENMP = 1 | REPACK = 1 | 
0.02.260.396 I kl_divergence: computing over 5 chunks, n_ctx=32768, batch_size=2048, n_seq=1
0.12.969.948 I kl_divergence: 10.71 seconds per pass - ETA 0.88 minutes

chunk             PPL               ln(PPL(Q)/PPL(base))          KL Divergence              Δp RMS            Same top p        Same sampled p
   1      13.1268 ±    0.2904       0.02711 ±    0.00282       0.04504 ±    0.00051     5.017 ±  0.088 %    88.854 ±  0.246 %    40.174 ±  0.258 %
   2      12.2948 ±    0.1941       0.02808 ±    0.00204       0.04715 ±    0.00040     5.260 ±  0.065 %    89.184 ±  0.172 %    41.925 ±  0.187 %
   3      13.3679 ±    0.1741       0.02794 ±    0.00166       0.04810 ±    0.00033     5.223 ±  0.051 %    88.930 ±  0.142 %    40.368 ±  0.150 %
   4      12.9311 ±    0.1459       0.02764 ±    0.00146       0.04955 ±    0.00037     5.370 ±  0.050 %    88.899 ±  0.123 %    41.161 ±  0.131 %
   5      12.2915 ±    0.1228       0.02645 ±    0.00129       0.04866 ±    0.00033     5.338 ±  0.044 %    89.149 ±  0.109 %    41.756 ±  0.117 %

====== Perplexity statistics ======
Mean PPL(Q)                   :  12.291545 ±   0.122849
Mean PPL(base)                :  11.970705 ±   0.119397
Cor(ln(PPL(Q)), ln(PPL(base))):  99.16%
Mean ln(PPL(Q)/PPL(base))     :   0.026449 ±   0.001291
Mean PPL(Q)/PPL(base)         :   1.026802 ±   0.001325
Mean PPL(Q)-PPL(base)         :   0.320839 ±   0.016031

====== KL divergence statistics ======
Mean    KLD:   0.048664 ±   0.000334
Maximum KLD:  10.155498
99.9%   KLD:   0.834091
99.0%   KLD:   0.344020
95.0%   KLD:   0.153555
90.0%   KLD:   0.103987
Median  KLD:   0.029992
10.0%   KLD:   0.001062
 5.0%   KLD:   0.000206
 1.0%   KLD:   0.000022
 0.1%   KLD:   0.000002
Minimum KLD:  -0.000018

====== Token probability statistics ======
Mean    Δp: -0.441 ± 0.019 %
Maximum Δp: 78.537%
99.9%   Δp: 30.806%
99.0%   Δp: 14.757%
95.0%   Δp:  6.566%
90.0%   Δp:  3.685%
75.0%   Δp:  0.585%
Median  Δp: -0.004%
25.0%   Δp: -1.201%
10.0%   Δp: -5.155%
 5.0%   Δp: -8.587%
 1.0%   Δp: -18.568%
 0.1%   Δp: -37.525%
Minimum Δp: -97.669%
RMS Δp    :  5.338 ± 0.044 %
Same top p: 89.149 ± 0.109 %
Same sampled p: 41.756 ± 0.117 %

------------------------------
# llama-perplexity: version: 0.4.7-dev (build 11840, commit a740376d8-dirty) | built with GNU 15.3.0 for Linux x86_64
# model: /home/crusaderky/.cache/huggingface/hub/models--bartowski--MiniCPM5-2B-GGUF/snapshots/31fee0334c4ed9f1e079afe586ba30cb83e0f883/MiniCPM5-2B-Q4_K_M.gguf size=1615826144 mtime=2026-09-14T23:31:39+00:00 sha256/1048576B=7696d4515c9f04f092e9933de7be053bdacb6f5c865cd2e98cd7ca68d6d7f395
llama-perplexity --kl-divergence-base /tmp/logits.dat --ctx-size 32768 -f sample-data/wiki.test.head-2.4k.raw -fa on --hf-repo bartowski/MiniCPM5-2B-GGUF:Q4_K_M --cache-type-k kvarn3 --cache-type-v kvarn3 --kl-divergence
0.01.848.833 I cmn          init: llama threadpool init, n_threads = 16
0.01.917.700 I 
0.01.917.775 I system_info: n_threads = 16 (n_threads_batch = 16) / 32 | CUDA : ARCHS = 750,800,860,890,900,1000,1030,1200,1210 | USE_GRAPHS = 1 | FA_ALL_QUANTS = 1 | CPU : SSE3 = 1 | SSSE3 = 1 | AVX = 1 | AVX2 = 1 | F16C = 1 | FMA = 1 | BMI2 = 1 | LLAMAFILE = 1 | OPENMP = 1 | REPACK = 1 | 
0.02.232.574 I kl_divergence: computing over 5 chunks, n_ctx=32768, batch_size=2048, n_seq=1
0.12.678.271 I kl_divergence: 10.45 seconds per pass - ETA 0.87 minutes

chunk             PPL               ln(PPL(Q)/PPL(base))          KL Divergence              Δp RMS            Same top p        Same sampled p
   1      13.1950 ±    0.2916       0.03229 ±    0.00308       0.05334 ±    0.00067     5.650 ±  0.104 %    88.165 ±  0.252 %    39.938 ±  0.258 %
   2      12.3645 ±    0.1952       0.03373 ±    0.00222       0.05513 ±    0.00050     5.881 ±  0.076 %    88.528 ±  0.176 %    41.735 ±  0.187 %
   3      13.4493 ±    0.1751       0.03402 ±    0.00179       0.05566 ±    0.00040     5.770 ±  0.058 %    88.075 ±  0.146 %    40.185 ±  0.150 %
   4      13.0124 ±    0.1468       0.03391 ±    0.00158       0.05725 ±    0.00040     5.881 ±  0.053 %    88.024 ±  0.127 %    40.971 ±  0.131 %
   5      12.3589 ±    0.1235       0.03192 ±    0.00140       0.05657 ±    0.00037     5.856 ±  0.047 %    88.294 ±  0.112 %    41.557 ±  0.117 %

====== Perplexity statistics ======
Mean PPL(Q)                   :  12.358915 ±   0.123486
Mean PPL(base)                :  11.970705 ±   0.119397
Cor(ln(PPL(Q)), ln(PPL(base))):  99.01%
Mean ln(PPL(Q)/PPL(base))     :   0.031915 ±   0.001402
Mean PPL(Q)/PPL(base)         :   1.032430 ±   0.001448
Mean PPL(Q)-PPL(base)         :   0.388210 ±   0.017540

====== KL divergence statistics ======
Mean    KLD:   0.056566 ±   0.000366
Maximum KLD:   9.894193
99.9%   KLD:   1.071482
99.0%   KLD:   0.399707
95.0%   KLD:   0.179187
90.0%   KLD:   0.122376
Median  KLD:   0.034069
10.0%   KLD:   0.001291
 5.0%   KLD:   0.000257
 1.0%   KLD:   0.000028
 0.1%   KLD:   0.000004
Minimum KLD:  -0.000020

====== Token probability statistics ======
Mean    Δp: -0.612 ± 0.020 %
Maximum Δp: 79.419%
99.9%   Δp: 33.420%
99.0%   Δp: 15.707%
95.0%   Δp:  6.806%
90.0%   Δp:  3.763%
75.0%   Δp:  0.569%
Median  Δp: -0.009%
25.0%   Δp: -1.421%
10.0%   Δp: -5.760%
 5.0%   Δp: -9.602%
 1.0%   Δp: -20.788%
 0.1%   Δp: -42.486%
Minimum Δp: -97.619%
RMS Δp    :  5.856 ± 0.047 %
Same top p: 88.294 ± 0.112 %
Same sampled p: 41.557 ± 0.117 %

------------------------------
# llama-perplexity: version: 0.4.7-dev (build 11840, commit a740376d8-dirty) | built with GNU 15.3.0 for Linux x86_64
# model: /home/crusaderky/.cache/huggingface/hub/models--NANI-Nithin--MiniCPM5-2B-GGUF/snapshots/eb12985b999c83da2c982e76c503813be5476ead/MiniCPM5-2B-Q5_K_S.gguf size=1771504896 mtime=2026-09-14T23:44:24+00:00 sha256/1048576B=3262e58edb6011d9d5c2e18ddfdbb0f5330283aa6656fa7c4852f37b3ae26f32
llama-perplexity --kl-divergence-base /tmp/logits.dat --ctx-size 32768 -f sample-data/wiki.test.head-2.4k.raw -fa on --hf-repo NANI-Nithin/MiniCPM5-2B-GGUF:Q5_K_S --cache-type-k q6_0 --cache-type-v q6_0 --kl-divergence
0.01.495.116 I cmn          init: llama threadpool init, n_threads = 16
0.01.545.845 I 
0.01.545.914 I system_info: n_threads = 16 (n_threads_batch = 16) / 32 | CUDA : ARCHS = 750,800,860,890,900,1000,1030,1200,1210 | USE_GRAPHS = 1 | FA_ALL_QUANTS = 1 | CPU : SSE3 = 1 | SSSE3 = 1 | AVX = 1 | AVX2 = 1 | F16C = 1 | FMA = 1 | BMI2 = 1 | LLAMAFILE = 1 | OPENMP = 1 | REPACK = 1 | 
0.01.841.718 I kl_divergence: computing over 5 chunks, n_ctx=32768, batch_size=2048, n_seq=1
0.10.023.508 I kl_divergence: 8.18 seconds per pass - ETA 0.67 minutes

chunk             PPL               ln(PPL(Q)/PPL(base))          KL Divergence              Δp RMS            Same top p        Same sampled p
   1      13.0512 ±    0.2893       0.02133 ±    0.00207       0.02452 ±    0.00034     3.710 ±  0.063 %    91.650 ±  0.216 %    40.544 ±  0.258 %
   2      12.1952 ±    0.1930       0.01994 ±    0.00152       0.02604 ±    0.00033     3.934 ±  0.050 %    91.744 ±  0.152 %    42.339 ±  0.186 %
   3      13.2679 ±    0.1732       0.02044 ±    0.00124       0.02659 ±    0.00025     3.931 ±  0.041 %    91.534 ±  0.126 %    40.771 ±  0.150 %
   4      12.8528 ±    0.1455       0.02157 ±    0.00111       0.02772 ±    0.00030     4.056 ±  0.039 %    91.459 ±  0.109 %    41.593 ±  0.131 %
   5      12.2238 ±    0.1225       0.02092 ±    0.00099       0.02745 ±    0.00027     4.055 ±  0.035 %    91.612 ±  0.097 %    42.146 ±  0.117 %

====== Perplexity statistics ======
Mean PPL(Q)                   :  12.223813 ±   0.122513
Mean PPL(base)                :  11.970705 ±   0.119397
Cor(ln(PPL(Q)), ln(PPL(base))):  99.51%
Mean ln(PPL(Q)/PPL(base))     :   0.020923 ±   0.000988
Mean PPL(Q)/PPL(base)         :   1.021144 ±   0.001009
Mean PPL(Q)-PPL(base)         :   0.253108 ±   0.012338

====== KL divergence statistics ======
Mean    KLD:   0.027455 ±   0.000269
Maximum KLD:   9.679236
99.9%   KLD:   0.580783
99.0%   KLD:   0.188722
95.0%   KLD:   0.083754
90.0%   KLD:   0.057522
Median  KLD:   0.016521
10.0%   KLD:   0.000561
 5.0%   KLD:   0.000114
 1.0%   KLD:   0.000012
 0.1%   KLD:   0.000000
Minimum KLD:  -0.000063

====== Token probability statistics ======
Mean    Δp: -0.205 ± 0.014 %
Maximum Δp: 78.817%
99.9%   Δp: 23.838%
99.0%   Δp: 11.795%
95.0%   Δp:  5.392%
90.0%   Δp:  3.064%
75.0%   Δp:  0.508%
Median  Δp: -0.002%
25.0%   Δp: -0.831%
10.0%   Δp: -3.709%
 5.0%   Δp: -6.312%
 1.0%   Δp: -13.147%
 0.1%   Δp: -28.095%
Minimum Δp: -63.285%
RMS Δp    :  4.055 ± 0.035 %
Same top p: 91.612 ± 0.097 %
Same sampled p: 42.146 ± 0.117 %

------------------------------
# llama-perplexity: version: 0.4.7-dev (build 11840, commit a740376d8-dirty) | built with GNU 15.3.0 for Linux x86_64
# model: /home/crusaderky/.cache/huggingface/hub/models--NANI-Nithin--MiniCPM5-2B-GGUF/snapshots/eb12985b999c83da2c982e76c503813be5476ead/MiniCPM5-2B-Q5_K_S.gguf size=1771504896 mtime=2026-09-14T23:44:24+00:00 sha256/1048576B=3262e58edb6011d9d5c2e18ddfdbb0f5330283aa6656fa7c4852f37b3ae26f32
llama-perplexity --kl-divergence-base /tmp/logits.dat --ctx-size 32768 -f sample-data/wiki.test.head-2.4k.raw -fa on --hf-repo NANI-Nithin/MiniCPM5-2B-GGUF:Q5_K_S --cache-type-k q6_0 --cache-type-v q6_0 --kv-tail-tokens 128 --kl-divergence
0.01.848.541 I cmn          init: llama threadpool init, n_threads = 16
0.01.902.592 I 
0.01.902.651 I system_info: n_threads = 16 (n_threads_batch = 16) / 32 | CUDA : ARCHS = 750,800,860,890,900,1000,1030,1200,1210 | USE_GRAPHS = 1 | FA_ALL_QUANTS = 1 | CPU : SSE3 = 1 | SSSE3 = 1 | AVX = 1 | AVX2 = 1 | F16C = 1 | FMA = 1 | BMI2 = 1 | LLAMAFILE = 1 | OPENMP = 1 | REPACK = 1 | 
0.02.200.352 I kl_divergence: computing over 5 chunks, n_ctx=32768, batch_size=2048, n_seq=1
0.10.874.508 I kl_divergence: 8.67 seconds per pass - ETA 0.72 minutes

chunk             PPL               ln(PPL(Q)/PPL(base))          KL Divergence              Δp RMS            Same top p        Same sampled p
   1      13.0375 ±    0.2892       0.02028 ±    0.00203       0.02335 ±    0.00031     3.633 ±  0.057 %    91.699 ±  0.216 %    40.588 ±  0.258 %
   2      12.1808 ±    0.1928       0.01877 ±    0.00146       0.02445 ±    0.00026     3.803 ±  0.048 %    91.900 ±  0.151 %    42.390 ±  0.187 %
   3      13.2608 ±    0.1732       0.01990 ±    0.00119       0.02500 ±    0.00020     3.786 ±  0.037 %    91.666 ±  0.125 %    40.815 ±  0.150 %
   4      12.8461 ±    0.1455       0.02105 ±    0.00105       0.02601 ±    0.00023     3.920 ±  0.037 %    91.650 ±  0.108 %    41.624 ±  0.131 %
   5      12.2170 ±    0.1225       0.02037 ±    0.00095       0.02592 ±    0.00025     3.908 ±  0.033 %    91.838 ±  0.096 %    42.179 ±  0.117 %

====== Perplexity statistics ======
Mean PPL(Q)                   :  12.217013 ±   0.122473
Mean PPL(base)                :  11.970705 ±   0.119397
Cor(ln(PPL(Q)), ln(PPL(base))):  99.55%
Mean ln(PPL(Q)/PPL(base))     :   0.020367 ±   0.000951
Mean PPL(Q)/PPL(base)         :   1.020576 ±   0.000970
Mean PPL(Q)-PPL(base)         :   0.246307 ±   0.011884

====== KL divergence statistics ======
Mean    KLD:   0.025920 ±   0.000250
Maximum KLD:  10.669453
99.9%   KLD:   0.527261
99.0%   KLD:   0.176542
95.0%   KLD:   0.079349
90.0%   KLD:   0.054341
Median  KLD:   0.015813
10.0%   KLD:   0.000532
 5.0%   KLD:   0.000106
 1.0%   KLD:   0.000011
 0.1%   KLD:   0.000000
Minimum KLD:  -0.000050

====== Token probability statistics ======
Mean    Δp: -0.179 ± 0.014 %
Maximum Δp: 82.249%
99.9%   Δp: 23.633%
99.0%   Δp: 11.294%
95.0%   Δp:  5.320%
90.0%   Δp:  3.025%
75.0%   Δp:  0.508%
Median  Δp: -0.002%
25.0%   Δp: -0.786%
10.0%   Δp: -3.604%
 5.0%   Δp: -6.144%
 1.0%   Δp: -12.567%
 0.1%   Δp: -26.435%
Minimum Δp: -54.027%
RMS Δp    :  3.908 ± 0.033 %
Same top p: 91.838 ± 0.096 %
Same sampled p: 42.179 ± 0.117 %

------------------------------
# llama-perplexity: version: 0.4.7-dev (build 11840, commit a740376d8-dirty) | built with GNU 15.3.0 for Linux x86_64
# model: /home/crusaderky/.cache/huggingface/hub/models--NANI-Nithin--MiniCPM5-2B-GGUF/snapshots/eb12985b999c83da2c982e76c503813be5476ead/MiniCPM5-2B-Q5_K_S.gguf size=1771504896 mtime=2026-09-14T23:44:24+00:00 sha256/1048576B=3262e58edb6011d9d5c2e18ddfdbb0f5330283aa6656fa7c4852f37b3ae26f32
llama-perplexity --kl-divergence-base /tmp/logits.dat --ctx-size 32768 -f sample-data/wiki.test.head-2.4k.raw -fa on --hf-repo NANI-Nithin/MiniCPM5-2B-GGUF:Q5_K_S --cache-type-k q6_0 --cache-type-v q5_0 --kl-divergence
0.01.517.195 I cmn          init: llama threadpool init, n_threads = 16
0.01.568.696 I 
0.01.568.753 I system_info: n_threads = 16 (n_threads_batch = 16) / 32 | CUDA : ARCHS = 750,800,860,890,900,1000,1030,1200,1210 | USE_GRAPHS = 1 | FA_ALL_QUANTS = 1 | CPU : SSE3 = 1 | SSSE3 = 1 | AVX = 1 | AVX2 = 1 | F16C = 1 | FMA = 1 | BMI2 = 1 | LLAMAFILE = 1 | OPENMP = 1 | REPACK = 1 | 
0.01.872.564 I kl_divergence: computing over 5 chunks, n_ctx=32768, batch_size=2048, n_seq=1
0.10.169.085 I kl_divergence: 8.30 seconds per pass - ETA 0.68 minutes

chunk             PPL               ln(PPL(Q)/PPL(base))          KL Divergence              Δp RMS            Same top p        Same sampled p
   1      13.0563 ±    0.2898       0.02172 ±    0.00213       0.02560 ±    0.00036     3.843 ±  0.089 %    91.455 ±  0.218 %    40.525 ±  0.258 %
   2      12.1843 ±    0.1930       0.01905 ±    0.00154       0.02683 ±    0.00027     4.017 ±  0.060 %    91.467 ±  0.154 %    42.342 ±  0.186 %
   3      13.2665 ±    0.1733       0.02033 ±    0.00126       0.02733 ±    0.00022     3.980 ±  0.045 %    91.269 ±  0.127 %    40.770 ±  0.150 %
   4      12.8553 ±    0.1456       0.02176 ±    0.00110       0.02847 ±    0.00026     4.129 ±  0.043 %    91.206 ±  0.111 %    41.575 ±  0.131 %
   5      12.2224 ±    0.1225       0.02081 ±    0.00100       0.02829 ±    0.00026     4.137 ±  0.039 %    91.408 ±  0.098 %    42.120 ±  0.117 %

====== Perplexity statistics ======
Mean PPL(Q)                   :  12.222370 ±   0.122481
Mean PPL(base)                :  11.970705 ±   0.119397
Cor(ln(PPL(Q)), ln(PPL(base))):  99.50%
Mean ln(PPL(Q)/PPL(base))     :   0.020805 ±   0.000997
Mean PPL(Q)/PPL(base)         :   1.021023 ±   0.001018
Mean PPL(Q)-PPL(base)         :   0.251665 ±   0.012436

====== KL divergence statistics ======
Mean    KLD:   0.028288 ±   0.000259
Maximum KLD:   9.795146
99.9%   KLD:   0.593479
99.0%   KLD:   0.197107
95.0%   KLD:   0.087412
90.0%   KLD:   0.059348
Median  KLD:   0.017094
10.0%   KLD:   0.000572
 5.0%   KLD:   0.000116
 1.0%   KLD:   0.000012
 0.1%   KLD:   0.000000
Minimum KLD:  -0.000059

====== Token probability statistics ======
Mean    Δp: -0.222 ± 0.014 %
Maximum Δp: 83.523%
99.9%   Δp: 24.614%
99.0%   Δp: 11.783%
95.0%   Δp:  5.475%
90.0%   Δp:  3.087%
75.0%   Δp:  0.508%
Median  Δp: -0.002%
25.0%   Δp: -0.840%
10.0%   Δp: -3.806%
 5.0%   Δp: -6.448%
 1.0%   Δp: -13.527%
 0.1%   Δp: -27.460%
Minimum Δp: -86.905%
RMS Δp    :  4.137 ± 0.039 %
Same top p: 91.408 ± 0.098 %
Same sampled p: 42.120 ± 0.117 %

------------------------------
# llama-perplexity: version: 0.4.7-dev (build 11840, commit a740376d8-dirty) | built with GNU 15.3.0 for Linux x86_64
# model: /home/crusaderky/.cache/huggingface/hub/models--NANI-Nithin--MiniCPM5-2B-GGUF/snapshots/eb12985b999c83da2c982e76c503813be5476ead/MiniCPM5-2B-Q5_K_S.gguf size=1771504896 mtime=2026-09-14T23:44:24+00:00 sha256/1048576B=3262e58edb6011d9d5c2e18ddfdbb0f5330283aa6656fa7c4852f37b3ae26f32
llama-perplexity --kl-divergence-base /tmp/logits.dat --ctx-size 32768 -f sample-data/wiki.test.head-2.4k.raw -fa on --hf-repo NANI-Nithin/MiniCPM5-2B-GGUF:Q5_K_S --cache-type-k q5_0 --cache-type-v q5_0 --kl-divergence
0.01.495.439 I cmn          init: llama threadpool init, n_threads = 16
0.01.546.535 I 
0.01.546.608 I system_info: n_threads = 16 (n_threads_batch = 16) / 32 | CUDA : ARCHS = 750,800,860,890,900,1000,1030,1200,1210 | USE_GRAPHS = 1 | FA_ALL_QUANTS = 1 | CPU : SSE3 = 1 | SSSE3 = 1 | AVX = 1 | AVX2 = 1 | F16C = 1 | FMA = 1 | BMI2 = 1 | LLAMAFILE = 1 | OPENMP = 1 | REPACK = 1 | 
0.01.845.865 I kl_divergence: computing over 5 chunks, n_ctx=32768, batch_size=2048, n_seq=1
0.10.209.146 I kl_divergence: 8.36 seconds per pass - ETA 0.68 minutes

chunk             PPL               ln(PPL(Q)/PPL(base))          KL Divergence              Δp RMS            Same top p        Same sampled p
   1      13.0664 ±    0.2896       0.02250 ±    0.00230       0.02942 ±    0.00036     4.180 ±  0.087 %    90.722 ±  0.227 %    40.464 ±  0.258 %
   2      12.2029 ±    0.1931       0.02058 ±    0.00166       0.03081 ±    0.00033     4.316 ±  0.059 %    90.835 ±  0.159 %    42.273 ±  0.187 %
   3      13.2934 ±    0.1736       0.02236 ±    0.00136       0.03182 ±    0.00027     4.317 ±  0.048 %    90.734 ±  0.131 %    40.708 ±  0.150 %
   4      12.8766 ±    0.1458       0.02342 ±    0.00121       0.03280 ±    0.00024     4.417 ±  0.041 %    90.702 ±  0.113 %    41.509 ±  0.131 %
   5      12.2440 ±    0.1227       0.02257 ±    0.00109       0.03270 ±    0.00030     4.411 ±  0.038 %    90.884 ±  0.101 %    42.061 ±  0.117 %

====== Perplexity statistics ======
Mean PPL(Q)                   :  12.243989 ±   0.122717
Mean PPL(base)                :  11.970705 ±   0.119397
Cor(ln(PPL(Q)), ln(PPL(base))):  99.41%
Mean ln(PPL(Q)/PPL(base))     :   0.022573 ±   0.001087
Mean PPL(Q)/PPL(base)         :   1.022829 ±   0.001112
Mean PPL(Q)-PPL(base)         :   0.273283 ±   0.013564

====== KL divergence statistics ======
Mean    KLD:   0.032702 ±   0.000301
Maximum KLD:  10.641109
99.9%   KLD:   0.662480
99.0%   KLD:   0.225968
95.0%   KLD:   0.102942
90.0%   KLD:   0.069129
Median  KLD:   0.019507
10.0%   KLD:   0.000677
 5.0%   KLD:   0.000132
 1.0%   KLD:   0.000014
 0.1%   KLD:   0.000001
Minimum KLD:  -0.000064

====== Token probability statistics ======
Mean    Δp: -0.248 ± 0.015 %
Maximum Δp: 67.585%
99.9%   Δp: 26.774%
99.0%   Δp: 12.510%
95.0%   Δp:  5.815%
90.0%   Δp:  3.295%
75.0%   Δp:  0.552%
Median  Δp: -0.002%
25.0%   Δp: -0.899%
10.0%   Δp: -4.119%
 5.0%   Δp: -6.967%
 1.0%   Δp: -14.454%
 0.1%   Δp: -30.477%
Minimum Δp: -82.912%
RMS Δp    :  4.411 ± 0.038 %
Same top p: 90.884 ± 0.101 %
Same sampled p: 42.061 ± 0.117 %

------------------------------
# llama-perplexity: version: 0.4.7-dev (build 11840, commit a740376d8-dirty) | built with GNU 15.3.0 for Linux x86_64
# model: /home/crusaderky/.cache/huggingface/hub/models--NANI-Nithin--MiniCPM5-2B-GGUF/snapshots/eb12985b999c83da2c982e76c503813be5476ead/MiniCPM5-2B-Q5_K_S.gguf size=1771504896 mtime=2026-09-14T23:44:24+00:00 sha256/1048576B=3262e58edb6011d9d5c2e18ddfdbb0f5330283aa6656fa7c4852f37b3ae26f32
llama-perplexity --kl-divergence-base /tmp/logits.dat --ctx-size 32768 -f sample-data/wiki.test.head-2.4k.raw -fa on --hf-repo NANI-Nithin/MiniCPM5-2B-GGUF:Q5_K_S --cache-type-k q5_0 --cache-type-v q5_0 --kv-tail-tokens 128 --kl-divergence
0.01.906.363 I cmn          init: llama threadpool init, n_threads = 16
0.01.961.491 I 
0.01.961.557 I system_info: n_threads = 16 (n_threads_batch = 16) / 32 | CUDA : ARCHS = 750,800,860,890,900,1000,1030,1200,1210 | USE_GRAPHS = 1 | FA_ALL_QUANTS = 1 | CPU : SSE3 = 1 | SSSE3 = 1 | AVX = 1 | AVX2 = 1 | F16C = 1 | FMA = 1 | BMI2 = 1 | LLAMAFILE = 1 | OPENMP = 1 | REPACK = 1 | 
0.02.258.151 I kl_divergence: computing over 5 chunks, n_ctx=32768, batch_size=2048, n_seq=1
0.11.149.590 I kl_divergence: 8.89 seconds per pass - ETA 0.73 minutes

chunk             PPL               ln(PPL(Q)/PPL(base))          KL Divergence              Δp RMS            Same top p        Same sampled p
   1      13.0302 ±    0.2890       0.01972 ±    0.00208       0.02430 ±    0.00030     3.736 ±  0.064 %    91.467 ±  0.218 %    40.552 ±  0.258 %
   2      12.1701 ±    0.1926       0.01788 ±    0.00149       0.02515 ±    0.00024     3.916 ±  0.051 %    91.714 ±  0.152 %    42.359 ±  0.186 %
   3      13.2499 ±    0.1730       0.01908 ±    0.00122       0.02566 ±    0.00020     3.892 ±  0.041 %    91.485 ±  0.126 %    40.798 ±  0.150 %
   4      12.8343 ±    0.1453       0.02013 ±    0.00107       0.02647 ±    0.00018     3.975 ±  0.035 %    91.447 ±  0.109 %    41.618 ±  0.131 %
   5      12.2085 ±    0.1224       0.01967 ±    0.00097       0.02640 ±    0.00020     3.982 ±  0.033 %    91.656 ±  0.097 %    42.172 ±  0.117 %

====== Perplexity statistics ======
Mean PPL(Q)                   :  12.208475 ±   0.122376
Mean PPL(base)                :  11.970705 ±   0.119397
Cor(ln(PPL(Q)), ln(PPL(base))):  99.53%
Mean ln(PPL(Q)/PPL(base))     :   0.019668 ±   0.000967
Mean PPL(Q)/PPL(base)         :   1.019863 ±   0.000986
Mean PPL(Q)-PPL(base)         :   0.237769 ±   0.012051

====== KL divergence statistics ======
Mean    KLD:   0.026396 ±   0.000202
Maximum KLD:   9.436929
99.9%   KLD:   0.525553
99.0%   KLD:   0.182171
95.0%   KLD:   0.081723
90.0%   KLD:   0.055874
Median  KLD:   0.016235
10.0%   KLD:   0.000558
 5.0%   KLD:   0.000112
 1.0%   KLD:   0.000011
 0.1%   KLD:   0.000000
Minimum KLD:  -0.000050

====== Token probability statistics ======
Mean    Δp: -0.183 ± 0.014 %
Maximum Δp: 62.591%
99.9%   Δp: 23.845%
99.0%   Δp: 11.557%
95.0%   Δp:  5.367%
90.0%   Δp:  3.046%
75.0%   Δp:  0.528%
Median  Δp: -0.001%
25.0%   Δp: -0.780%
10.0%   Δp: -3.657%
 5.0%   Δp: -6.297%
 1.0%   Δp: -12.942%
 0.1%   Δp: -27.098%
Minimum Δp: -83.554%
RMS Δp    :  3.982 ± 0.033 %
Same top p: 91.656 ± 0.097 %
Same sampled p: 42.172 ± 0.117 %

------------------------------
# llama-perplexity: version: 0.4.7-dev (build 11840, commit a740376d8-dirty) | built with GNU 15.3.0 for Linux x86_64
# model: /home/crusaderky/.cache/huggingface/hub/models--NANI-Nithin--MiniCPM5-2B-GGUF/snapshots/eb12985b999c83da2c982e76c503813be5476ead/MiniCPM5-2B-Q5_K_S.gguf size=1771504896 mtime=2026-09-14T23:44:24+00:00 sha256/1048576B=3262e58edb6011d9d5c2e18ddfdbb0f5330283aa6656fa7c4852f37b3ae26f32
llama-perplexity --kl-divergence-base /tmp/logits.dat --ctx-size 32768 -f sample-data/wiki.test.head-2.4k.raw -fa on --hf-repo NANI-Nithin/MiniCPM5-2B-GGUF:Q5_K_S --cache-type-k q5_0 --cache-type-v q4_1 --kl-divergence
0.01.560.225 I cmn          init: llama threadpool init, n_threads = 16
0.01.613.466 I 
0.01.613.539 I system_info: n_threads = 16 (n_threads_batch = 16) / 32 | CUDA : ARCHS = 750,800,860,890,900,1000,1030,1200,1210 | USE_GRAPHS = 1 | FA_ALL_QUANTS = 1 | CPU : SSE3 = 1 | SSSE3 = 1 | AVX = 1 | AVX2 = 1 | F16C = 1 | FMA = 1 | BMI2 = 1 | LLAMAFILE = 1 | OPENMP = 1 | REPACK = 1 | 
0.01.927.329 I kl_divergence: computing over 5 chunks, n_ctx=32768, batch_size=2048, n_seq=1
0.10.250.070 I kl_divergence: 8.32 seconds per pass - ETA 0.68 minutes

chunk             PPL               ln(PPL(Q)/PPL(base))          KL Divergence              Δp RMS            Same top p        Same sampled p
   1      13.0448 ±    0.2888       0.02084 ±    0.00233       0.03194 ±    0.00042     4.403 ±  0.078 %    90.240 ±  0.232 %    40.375 ±  0.258 %
   2      12.1982 ±    0.1929       0.02019 ±    0.00173       0.03363 ±    0.00046     4.588 ±  0.068 %    90.624 ±  0.161 %    42.182 ±  0.186 %
   3      13.2955 ±    0.1735       0.02251 ±    0.00142       0.03461 ±    0.00034     4.537 ±  0.052 %    90.266 ±  0.134 %    40.616 ±  0.150 %
   4      12.8817 ±    0.1457       0.02382 ±    0.00126       0.03568 ±    0.00030     4.652 ±  0.045 %    90.255 ±  0.116 %    41.420 ±  0.131 %
   5      12.2500 ±    0.1227       0.02306 ±    0.00113       0.03545 ±    0.00030     4.642 ±  0.042 %    90.516 ±  0.102 %    41.970 ±  0.117 %

====== Perplexity statistics ======
Mean PPL(Q)                   :  12.250010 ±   0.122656
Mean PPL(base)                :  11.970705 ±   0.119397
Cor(ln(PPL(Q)), ln(PPL(base))):  99.36%
Mean ln(PPL(Q)/PPL(base))     :   0.023064 ±   0.001132
Mean PPL(Q)/PPL(base)         :   1.023332 ±   0.001159
Mean PPL(Q)-PPL(base)         :   0.279305 ±   0.014086

====== KL divergence statistics ======
Mean    KLD:   0.035454 ±   0.000298
Maximum KLD:  10.442831
99.9%   KLD:   0.761309
99.0%   KLD:   0.256729
95.0%   KLD:   0.110895
90.0%   KLD:   0.074723
Median  KLD:   0.021038
10.0%   KLD:   0.000735
 5.0%   KLD:   0.000152
 1.0%   KLD:   0.000016
 0.1%   KLD:   0.000001
Minimum KLD:  -0.000056

====== Token probability statistics ======
Mean    Δp: -0.318 ± 0.016 %
Maximum Δp: 77.425%
99.9%   Δp: 27.963%
99.0%   Δp: 13.044%
95.0%   Δp:  5.902%
90.0%   Δp:  3.296%
75.0%   Δp:  0.525%
Median  Δp: -0.005%
25.0%   Δp: -0.983%
10.0%   Δp: -4.367%
 5.0%   Δp: -7.350%
 1.0%   Δp: -15.485%
 0.1%   Δp: -31.594%
Minimum Δp: -99.994%
RMS Δp    :  4.642 ± 0.042 %
Same top p: 90.516 ± 0.102 %
Same sampled p: 41.970 ± 0.117 %

------------------------------
# llama-perplexity: version: 0.4.7-dev (build 11840, commit a740376d8-dirty) | built with GNU 15.3.0 for Linux x86_64
# model: /home/crusaderky/.cache/huggingface/hub/models--NANI-Nithin--MiniCPM5-2B-GGUF/snapshots/eb12985b999c83da2c982e76c503813be5476ead/MiniCPM5-2B-Q5_K_S.gguf size=1771504896 mtime=2026-09-14T23:44:24+00:00 sha256/1048576B=3262e58edb6011d9d5c2e18ddfdbb0f5330283aa6656fa7c4852f37b3ae26f32
llama-perplexity --kl-divergence-base /tmp/logits.dat --ctx-size 32768 -f sample-data/wiki.test.head-2.4k.raw -fa on --hf-repo NANI-Nithin/MiniCPM5-2B-GGUF:Q5_K_S --cache-type-k q5_0 --cache-type-v q4_0 --kl-divergence
0.01.525.617 I cmn          init: llama threadpool init, n_threads = 16
0.01.577.642 I 
0.01.577.714 I system_info: n_threads = 16 (n_threads_batch = 16) / 32 | CUDA : ARCHS = 750,800,860,890,900,1000,1030,1200,1210 | USE_GRAPHS = 1 | FA_ALL_QUANTS = 1 | CPU : SSE3 = 1 | SSSE3 = 1 | AVX = 1 | AVX2 = 1 | F16C = 1 | FMA = 1 | BMI2 = 1 | LLAMAFILE = 1 | OPENMP = 1 | REPACK = 1 | 
0.01.889.742 I kl_divergence: computing over 5 chunks, n_ctx=32768, batch_size=2048, n_seq=1
0.10.291.230 I kl_divergence: 8.40 seconds per pass - ETA 0.70 minutes

chunk             PPL               ln(PPL(Q)/PPL(base))          KL Divergence              Δp RMS            Same top p        Same sampled p
   1      13.0955 ±    0.2900       0.02472 ±    0.00237       0.03263 ±    0.00046     4.265 ±  0.073 %    90.136 ±  0.233 %    40.324 ±  0.258 %
   2      12.2260 ±    0.1932       0.02247 ±    0.00173       0.03415 ±    0.00033     4.547 ±  0.060 %    90.557 ±  0.162 %    42.100 ±  0.186 %
   3      13.2930 ±    0.1731       0.02232 ±    0.00142       0.03484 ±    0.00027     4.517 ±  0.047 %    90.362 ±  0.133 %    40.538 ±  0.150 %
   4      12.8598 ±    0.1451       0.02212 ±    0.00125       0.03601 ±    0.00030     4.644 ±  0.044 %    90.292 ±  0.116 %    41.332 ±  0.131 %
   5      12.2391 ±    0.1223       0.02217 ±    0.00112       0.03584 ±    0.00029     4.660 ±  0.040 %    90.495 ±  0.102 %    41.882 ±  0.117 %

====== Perplexity statistics ======
Mean PPL(Q)                   :  12.239111 ±   0.122284
Mean PPL(base)                :  11.970705 ±   0.119397
Cor(ln(PPL(Q)), ln(PPL(base))):  99.37%
Mean ln(PPL(Q)/PPL(base))     :   0.022174 ±   0.001125
Mean PPL(Q)/PPL(base)         :   1.022422 ±   0.001150
Mean PPL(Q)-PPL(base)         :   0.268405 ±   0.013914

====== KL divergence statistics ======
Mean    KLD:   0.035840 ±   0.000293
Maximum KLD:  10.372225
99.9%   KLD:   0.776939
99.0%   KLD:   0.256353
95.0%   KLD:   0.112432
90.0%   KLD:   0.075798
Median  KLD:   0.021173
10.0%   KLD:   0.000767
 5.0%   KLD:   0.000152
 1.0%   KLD:   0.000016
 0.1%   KLD:   0.000001
Minimum KLD:  -0.000026

====== Token probability statistics ======
Mean    Δp: -0.399 ± 0.016 %
Maximum Δp: 84.303%
99.9%   Δp: 27.218%
99.0%   Δp: 12.928%
95.0%   Δp:  5.737%
90.0%   Δp:  3.186%
75.0%   Δp:  0.469%
Median  Δp: -0.006%
25.0%   Δp: -1.104%
10.0%   Δp: -4.491%
 5.0%   Δp: -7.534%
 1.0%   Δp: -15.684%
 0.1%   Δp: -33.148%
Minimum Δp: -80.031%
RMS Δp    :  4.660 ± 0.040 %
Same top p: 90.495 ± 0.102 %
Same sampled p: 41.882 ± 0.117 %

------------------------------
# llama-perplexity: version: 0.4.7-dev (build 11840, commit a740376d8-dirty) | built with GNU 15.3.0 for Linux x86_64
# model: /home/crusaderky/.cache/huggingface/hub/models--NANI-Nithin--MiniCPM5-2B-GGUF/snapshots/eb12985b999c83da2c982e76c503813be5476ead/MiniCPM5-2B-Q5_K_S.gguf size=1771504896 mtime=2026-09-14T23:44:24+00:00 sha256/1048576B=3262e58edb6011d9d5c2e18ddfdbb0f5330283aa6656fa7c4852f37b3ae26f32
llama-perplexity --kl-divergence-base /tmp/logits.dat --ctx-size 32768 -f sample-data/wiki.test.head-2.4k.raw -fa on --hf-repo NANI-Nithin/MiniCPM5-2B-GGUF:Q5_K_S --cache-type-k q5_0 --cache-type-v q3_0 --kl-divergence
0.01.515.466 I cmn          init: llama threadpool init, n_threads = 16
0.01.568.607 I 
0.01.568.680 I system_info: n_threads = 16 (n_threads_batch = 16) / 32 | CUDA : ARCHS = 750,800,860,890,900,1000,1030,1200,1210 | USE_GRAPHS = 1 | FA_ALL_QUANTS = 1 | CPU : SSE3 = 1 | SSSE3 = 1 | AVX = 1 | AVX2 = 1 | F16C = 1 | FMA = 1 | BMI2 = 1 | LLAMAFILE = 1 | OPENMP = 1 | REPACK = 1 | 
0.01.883.411 I kl_divergence: computing over 5 chunks, n_ctx=32768, batch_size=2048, n_seq=1
0.10.110.153 I kl_divergence: 8.23 seconds per pass - ETA 0.68 minutes

chunk             PPL               ln(PPL(Q)/PPL(base))          KL Divergence              Δp RMS            Same top p        Same sampled p
   1      13.2631 ±    0.2943       0.03744 ±    0.00292       0.04606 ±    0.00059     5.270 ±  0.091 %    88.677 ±  0.248 %    40.048 ±  0.258 %
   2      12.3458 ±    0.1952       0.03222 ±    0.00208       0.04842 ±    0.00047     5.510 ±  0.071 %    88.766 ±  0.174 %    41.844 ±  0.186 %
   3      13.4539 ±    0.1756       0.03436 ±    0.00171       0.04958 ±    0.00039     5.425 ±  0.058 %    88.529 ±  0.144 %    40.305 ±  0.150 %
   4      13.0363 ±    0.1476       0.03575 ±    0.00151       0.05126 ±    0.00040     5.548 ±  0.051 %    88.461 ±  0.125 %    41.094 ±  0.131 %
   5      12.3839 ±    0.1240       0.03393 ±    0.00134       0.05037 ±    0.00041     5.495 ±  0.045 %    88.835 ±  0.110 %    41.630 ±  0.117 %

====== Perplexity statistics ======
Mean PPL(Q)                   :  12.383870 ±   0.123993
Mean PPL(base)                :  11.970705 ±   0.119397
Cor(ln(PPL(Q)), ln(PPL(base))):  99.10%
Mean ln(PPL(Q)/PPL(base))     :   0.033932 ±   0.001340
Mean PPL(Q)/PPL(base)         :   1.034515 ±   0.001386
Mean PPL(Q)-PPL(base)         :   0.413164 ±   0.016939

====== KL divergence statistics ======
Mean    KLD:   0.050374 ±   0.000408
Maximum KLD:  11.441806
99.9%   KLD:   1.032348
99.0%   KLD:   0.371311
95.0%   KLD:   0.160473
90.0%   KLD:   0.107710
Median  KLD:   0.029007
10.0%   KLD:   0.001131
 5.0%   KLD:   0.000231
 1.0%   KLD:   0.000028
 0.1%   KLD:   0.000003
Minimum KLD:  -0.000022

====== Token probability statistics ======
Mean    Δp: -0.573 ± 0.019 %
Maximum Δp: 86.575%
99.9%   Δp: 30.945%
99.0%   Δp: 14.753%
95.0%   Δp:  6.455%
90.0%   Δp:  3.536%
75.0%   Δp:  0.490%
Median  Δp: -0.015%
25.0%   Δp: -1.354%
10.0%   Δp: -5.387%
 5.0%   Δp: -9.006%
 1.0%   Δp: -19.088%
 0.1%   Δp: -38.827%
Minimum Δp: -87.468%
RMS Δp    :  5.495 ± 0.045 %
Same top p: 88.835 ± 0.110 %
Same sampled p: 41.630 ± 0.117 %

------------------------------
# llama-perplexity: version: 0.4.7-dev (build 11840, commit a740376d8-dirty) | built with GNU 15.3.0 for Linux x86_64
# model: /home/crusaderky/.cache/huggingface/hub/models--NANI-Nithin--MiniCPM5-2B-GGUF/snapshots/eb12985b999c83da2c982e76c503813be5476ead/MiniCPM5-2B-Q5_K_S.gguf size=1771504896 mtime=2026-09-14T23:44:24+00:00 sha256/1048576B=3262e58edb6011d9d5c2e18ddfdbb0f5330283aa6656fa7c4852f37b3ae26f32
llama-perplexity --kl-divergence-base /tmp/logits.dat --ctx-size 32768 -f sample-data/wiki.test.head-2.4k.raw -fa on --hf-repo NANI-Nithin/MiniCPM5-2B-GGUF:Q5_K_S --cache-type-k q4_0 --cache-type-v q4_0 --kl-divergence
0.01.559.943 I cmn          init: llama threadpool init, n_threads = 16
0.01.612.093 I 
0.01.612.166 I system_info: n_threads = 16 (n_threads_batch = 16) / 32 | CUDA : ARCHS = 750,800,860,890,900,1000,1030,1200,1210 | USE_GRAPHS = 1 | FA_ALL_QUANTS = 1 | CPU : SSE3 = 1 | SSSE3 = 1 | AVX = 1 | AVX2 = 1 | F16C = 1 | FMA = 1 | BMI2 = 1 | LLAMAFILE = 1 | OPENMP = 1 | REPACK = 1 | 
0.01.913.298 I kl_divergence: computing over 5 chunks, n_ctx=32768, batch_size=2048, n_seq=1
0.10.189.430 I kl_divergence: 8.28 seconds per pass - ETA 0.68 minutes

chunk             PPL               ln(PPL(Q)/PPL(base))          KL Divergence              Δp RMS            Same top p        Same sampled p
   1      13.2546 ±    0.2932       0.03680 ±    0.00311       0.05108 ±    0.00078     5.425 ±  0.088 %    88.110 ±  0.253 %    39.950 ±  0.258 %
   2      12.3848 ±    0.1957       0.03537 ±    0.00218       0.05199 ±    0.00054     5.661 ±  0.070 %    88.625 ±  0.175 %    41.761 ±  0.186 %
   3      13.4868 ±    0.1758       0.03680 ±    0.00179       0.05368 ±    0.00043     5.642 ±  0.056 %    88.187 ±  0.146 %    40.184 ±  0.150 %
   4      13.0766 ±    0.1478       0.03883 ±    0.00157       0.05552 ±    0.00042     5.778 ±  0.050 %    88.200 ±  0.126 %    40.964 ±  0.131 %
   5      12.4321 ±    0.1244       0.03782 ±    0.00141       0.05519 ±    0.00042     5.798 ±  0.046 %    88.394 ±  0.112 %    41.508 ±  0.117 %

====== Perplexity statistics ======
Mean PPL(Q)                   :  12.432109 ±   0.124352
Mean PPL(base)                :  11.970705 ±   0.119397
Cor(ln(PPL(Q)), ln(PPL(base))):  99.01%
Mean ln(PPL(Q)/PPL(base))     :   0.037820 ±   0.001409
Mean PPL(Q)/PPL(base)         :   1.038544 ±   0.001463
Mean PPL(Q)-PPL(base)         :   0.461404 ±   0.017882

====== KL divergence statistics ======
Mean    KLD:   0.055195 ±   0.000425
Maximum KLD:  10.237829
99.9%   KLD:   1.112481
99.0%   KLD:   0.402035
95.0%   KLD:   0.177527
90.0%   KLD:   0.119387
Median  KLD:   0.031805
10.0%   KLD:   0.001194
 5.0%   KLD:   0.000248
 1.0%   KLD:   0.000029
 0.1%   KLD:   0.000004
Minimum KLD:  -0.000047

====== Token probability statistics ======
Mean    Δp: -0.697 ± 0.020 %
Maximum Δp: 83.767%
99.9%   Δp: 32.709%
99.0%   Δp: 15.168%
95.0%   Δp:  6.727%
90.0%   Δp:  3.625%
75.0%   Δp:  0.459%
Median  Δp: -0.022%
25.0%   Δp: -1.536%
10.0%   Δp: -5.928%
 5.0%   Δp: -9.748%
 1.0%   Δp: -20.380%
 0.1%   Δp: -40.828%
Minimum Δp: -93.475%
RMS Δp    :  5.798 ± 0.046 %
Same top p: 88.394 ± 0.112 %
Same sampled p: 41.508 ± 0.117 %

------------------------------
# llama-perplexity: version: 0.4.7-dev (build 11840, commit a740376d8-dirty) | built with GNU 15.3.0 for Linux x86_64
# model: /home/crusaderky/.cache/huggingface/hub/models--NANI-Nithin--MiniCPM5-2B-GGUF/snapshots/eb12985b999c83da2c982e76c503813be5476ead/MiniCPM5-2B-Q5_K_S.gguf size=1771504896 mtime=2026-09-14T23:44:24+00:00 sha256/1048576B=3262e58edb6011d9d5c2e18ddfdbb0f5330283aa6656fa7c4852f37b3ae26f32
llama-perplexity --kl-divergence-base /tmp/logits.dat --ctx-size 32768 -f sample-data/wiki.test.head-2.4k.raw -fa on --hf-repo NANI-Nithin/MiniCPM5-2B-GGUF:Q5_K_S --cache-type-k q4_0 --cache-type-v q4_0 --kv-tail-tokens 128 --kl-divergence
0.01.926.701 I cmn          init: llama threadpool init, n_threads = 16
0.01.982.106 I 
0.01.982.167 I system_info: n_threads = 16 (n_threads_batch = 16) / 32 | CUDA : ARCHS = 750,800,860,890,900,1000,1030,1200,1210 | USE_GRAPHS = 1 | FA_ALL_QUANTS = 1 | CPU : SSE3 = 1 | SSSE3 = 1 | AVX = 1 | AVX2 = 1 | F16C = 1 | FMA = 1 | BMI2 = 1 | LLAMAFILE = 1 | OPENMP = 1 | REPACK = 1 | 
0.02.283.938 I kl_divergence: computing over 5 chunks, n_ctx=32768, batch_size=2048, n_seq=1
0.11.106.530 I kl_divergence: 8.82 seconds per pass - ETA 0.73 minutes

chunk             PPL               ln(PPL(Q)/PPL(base))          KL Divergence              Δp RMS            Same top p        Same sampled p
   1      13.0733 ±    0.2896       0.02303 ±    0.00230       0.02857 ±    0.00041     4.108 ±  0.090 %    90.972 ±  0.224 %    40.402 ±  0.258 %
   2      12.2174 ±    0.1932       0.02176 ±    0.00165       0.02950 ±    0.00044     4.286 ±  0.073 %    91.180 ±  0.157 %    42.223 ±  0.186 %
   3      13.3036 ±    0.1736       0.02313 ±    0.00133       0.02990 ±    0.00033     4.245 ±  0.057 %    90.964 ±  0.129 %    40.671 ±  0.150 %
   4      12.8702 ±    0.1455       0.02293 ±    0.00116       0.03097 ±    0.00032     4.349 ±  0.049 %    90.949 ±  0.112 %    41.466 ±  0.131 %
   5      12.2318 ±    0.1224       0.02157 ±    0.00105       0.03087 ±    0.00029     4.356 ±  0.044 %    91.191 ±  0.099 %    42.021 ±  0.117 %

====== Perplexity statistics ======
Mean PPL(Q)                   :  12.231764 ±   0.122380
Mean PPL(base)                :  11.970705 ±   0.119397
Cor(ln(PPL(Q)), ln(PPL(base))):  99.45%
Mean ln(PPL(Q)/PPL(base))     :   0.021574 ±   0.001046
Mean PPL(Q)/PPL(base)         :   1.021808 ±   0.001069
Mean PPL(Q)-PPL(base)         :   0.261058 ±   0.013002

====== KL divergence statistics ======
Mean    KLD:   0.030867 ±   0.000295
Maximum KLD:  10.312607
99.9%   KLD:   0.648134
99.0%   KLD:   0.216002
95.0%   KLD:   0.095706
90.0%   KLD:   0.064963
Median  KLD:   0.018368
10.0%   KLD:   0.000639
 5.0%   KLD:   0.000127
 1.0%   KLD:   0.000014
 0.1%   KLD:   0.000000
Minimum KLD:  -0.000048

====== Token probability statistics ======
Mean    Δp: -0.307 ± 0.015 %
Maximum Δp: 85.423%
99.9%   Δp: 26.715%
99.0%   Δp: 12.023%
95.0%   Δp:  5.429%
90.0%   Δp:  3.060%
75.0%   Δp:  0.470%
Median  Δp: -0.004%
25.0%   Δp: -0.943%
10.0%   Δp: -4.072%
 5.0%   Δp: -6.890%
 1.0%   Δp: -14.143%
 0.1%   Δp: -29.758%
Minimum Δp: -97.151%
RMS Δp    :  4.356 ± 0.044 %
Same top p: 91.191 ± 0.099 %
Same sampled p: 42.021 ± 0.117 %

------------------------------
# llama-perplexity: version: 0.4.7-dev (build 11840, commit a740376d8-dirty) | built with GNU 15.3.0 for Linux x86_64
# model: /home/crusaderky/.cache/huggingface/hub/models--NANI-Nithin--MiniCPM5-2B-GGUF/snapshots/eb12985b999c83da2c982e76c503813be5476ead/MiniCPM5-2B-Q5_K_S.gguf size=1771504896 mtime=2026-09-14T23:44:24+00:00 sha256/1048576B=3262e58edb6011d9d5c2e18ddfdbb0f5330283aa6656fa7c4852f37b3ae26f32
llama-perplexity --kl-divergence-base /tmp/logits.dat --ctx-size 32768 -f sample-data/wiki.test.head-2.4k.raw -fa on --hf-repo NANI-Nithin/MiniCPM5-2B-GGUF:Q5_K_S --cache-type-k q4_0 --cache-type-v q3_0 --kl-divergence
0.01.530.249 I cmn          init: llama threadpool init, n_threads = 16
0.01.581.890 I 
0.01.581.965 I system_info: n_threads = 16 (n_threads_batch = 16) / 32 | CUDA : ARCHS = 750,800,860,890,900,1000,1030,1200,1210 | USE_GRAPHS = 1 | FA_ALL_QUANTS = 1 | CPU : SSE3 = 1 | SSSE3 = 1 | AVX = 1 | AVX2 = 1 | F16C = 1 | FMA = 1 | BMI2 = 1 | LLAMAFILE = 1 | OPENMP = 1 | REPACK = 1 | 
0.01.891.083 I kl_divergence: computing over 5 chunks, n_ctx=32768, batch_size=2048, n_seq=1
0.09.992.867 I kl_divergence: 8.10 seconds per pass - ETA 0.67 minutes

chunk             PPL               ln(PPL(Q)/PPL(base))          KL Divergence              Δp RMS            Same top p        Same sampled p
   1      13.3639 ±    0.2958       0.04502 ±    0.00343       0.06448 ±    0.00083     6.074 ±  0.088 %    86.761 ±  0.265 %    39.736 ±  0.258 %
   2      12.4647 ±    0.1967       0.04181 ±    0.00244       0.06619 ±    0.00063     6.354 ±  0.078 %    87.148 ±  0.185 %    41.487 ±  0.186 %
   3      13.5972 ±    0.1772       0.04495 ±    0.00202       0.06778 ±    0.00051     6.313 ±  0.062 %    86.738 ±  0.153 %    39.930 ±  0.150 %
   4      13.1686 ±    0.1488       0.04584 ±    0.00178       0.06993 ±    0.00048     6.479 ±  0.056 %    86.768 ±  0.132 %    40.716 ±  0.131 %
   5      12.5201 ±    0.1252       0.04488 ±    0.00158       0.06915 ±    0.00048     6.442 ±  0.049 %    86.997 ±  0.118 %    41.251 ±  0.117 %

====== Perplexity statistics ======
Mean PPL(Q)                   :  12.520130 ±   0.125195
Mean PPL(base)                :  11.970705 ±   0.119397
Cor(ln(PPL(Q)), ln(PPL(base))):  98.74%
Mean ln(PPL(Q)/PPL(base))     :   0.044875 ±   0.001584
Mean PPL(Q)/PPL(base)         :   1.045897 ±   0.001656
Mean PPL(Q)-PPL(base)         :   0.549425 ±   0.020233

====== KL divergence statistics ======
Mean    KLD:   0.069151 ±   0.000477
Maximum KLD:  10.644361
99.9%   KLD:   1.392846
99.0%   KLD:   0.507043
95.0%   KLD:   0.225720
90.0%   KLD:   0.149715
Median  KLD:   0.039930
10.0%   KLD:   0.001615
 5.0%   KLD:   0.000346
 1.0%   KLD:   0.000041
 0.1%   KLD:   0.000004
Minimum KLD:  -0.000023

====== Token probability statistics ======
Mean    Δp: -0.851 ± 0.022 %
Maximum Δp: 83.389%
99.9%   Δp: 38.194%
99.0%   Δp: 16.701%
95.0%   Δp:  7.276%
90.0%   Δp:  3.882%
75.0%   Δp:  0.470%
Median  Δp: -0.032%
25.0%   Δp: -1.822%
10.0%   Δp: -6.772%
 5.0%   Δp: -11.028%
 1.0%   Δp: -22.747%
 0.1%   Δp: -44.906%
Minimum Δp: -92.438%
RMS Δp    :  6.442 ± 0.049 %
Same top p: 86.997 ± 0.118 %
Same sampled p: 41.251 ± 0.117 %

------------------------------
# llama-perplexity: version: 0.4.7-dev (build 11840, commit a740376d8-dirty) | built with GNU 15.3.0 for Linux x86_64
# model: /home/crusaderky/.cache/huggingface/hub/models--NANI-Nithin--MiniCPM5-2B-GGUF/snapshots/eb12985b999c83da2c982e76c503813be5476ead/MiniCPM5-2B-Q5_K_S.gguf size=1771504896 mtime=2026-09-14T23:44:24+00:00 sha256/1048576B=3262e58edb6011d9d5c2e18ddfdbb0f5330283aa6656fa7c4852f37b3ae26f32
llama-perplexity --kl-divergence-base /tmp/logits.dat --ctx-size 32768 -f sample-data/wiki.test.head-2.4k.raw -fa on --hf-repo NANI-Nithin/MiniCPM5-2B-GGUF:Q5_K_S --cache-type-k q4_0 --cache-type-v q3_0 --kv-tail-tokens 128 --kl-divergence
0.01.876.530 I cmn          init: llama threadpool init, n_threads = 16
0.01.929.984 I 
0.01.930.047 I system_info: n_threads = 16 (n_threads_batch = 16) / 32 | CUDA : ARCHS = 750,800,860,890,900,1000,1030,1200,1210 | USE_GRAPHS = 1 | FA_ALL_QUANTS = 1 | CPU : SSE3 = 1 | SSSE3 = 1 | AVX = 1 | AVX2 = 1 | F16C = 1 | FMA = 1 | BMI2 = 1 | LLAMAFILE = 1 | OPENMP = 1 | REPACK = 1 | 
0.02.232.690 I kl_divergence: computing over 5 chunks, n_ctx=32768, batch_size=2048, n_seq=1
0.10.959.193 I kl_divergence: 8.73 seconds per pass - ETA 0.72 minutes

chunk             PPL               ln(PPL(Q)/PPL(base))          KL Divergence              Δp RMS            Same top p        Same sampled p
   1      13.0844 ±    0.2903       0.02388 ±    0.00236       0.03062 ±    0.00043     4.214 ±  0.070 %    90.777 ±  0.226 %    40.456 ±  0.258 %
   2      12.2222 ±    0.1935       0.02216 ±    0.00174       0.03253 ±    0.00054     4.490 ±  0.072 %    90.975 ±  0.158 %    42.234 ±  0.186 %
   3      13.3204 ±    0.1740       0.02439 ±    0.00141       0.03279 ±    0.00039     4.456 ±  0.058 %    90.734 ±  0.131 %    40.678 ±  0.150 %
   4      12.8896 ±    0.1459       0.02443 ±    0.00123       0.03384 ±    0.00038     4.562 ±  0.050 %    90.736 ±  0.113 %    41.465 ±  0.131 %
   5      12.2579 ±    0.1228       0.02371 ±    0.00110       0.03381 ±    0.00036     4.551 ±  0.043 %    90.924 ±  0.100 %    41.996 ±  0.117 %

====== Perplexity statistics ======
Mean PPL(Q)                   :  12.257886 ±   0.122782
Mean PPL(base)                :  11.970705 ±   0.119397
Cor(ln(PPL(Q)), ln(PPL(base))):  99.40%
Mean ln(PPL(Q)/PPL(base))     :   0.023707 ±   0.001097
Mean PPL(Q)/PPL(base)         :   1.023990 ±   0.001124
Mean PPL(Q)-PPL(base)         :   0.287181 ±   0.013708

====== KL divergence statistics ======
Mean    KLD:   0.033807 ±   0.000355
Maximum KLD:  12.462180
99.9%   KLD:   0.695633
99.0%   KLD:   0.235531
95.0%   KLD:   0.104815
90.0%   KLD:   0.070798
Median  KLD:   0.019986
10.0%   KLD:   0.000717
 5.0%   KLD:   0.000143
 1.0%   KLD:   0.000015
 0.1%   KLD:   0.000001
Minimum KLD:  -0.000038

====== Token probability statistics ======
Mean    Δp: -0.313 ± 0.016 %
Maximum Δp: 82.372%
99.9%   Δp: 27.089%
99.0%   Δp: 12.888%
95.0%   Δp:  5.739%
90.0%   Δp:  3.219%
75.0%   Δp:  0.505%
Median  Δp: -0.004%
25.0%   Δp: -0.980%
10.0%   Δp: -4.259%
 5.0%   Δp: -7.172%
 1.0%   Δp: -15.149%
 0.1%   Δp: -31.564%
Minimum Δp: -97.153%
RMS Δp    :  4.551 ± 0.043 %
Same top p: 90.924 ± 0.100 %
Same sampled p: 41.996 ± 0.117 %

------------------------------
# llama-perplexity: version: 0.4.7-dev (build 11840, commit a740376d8-dirty) | built with GNU 15.3.0 for Linux x86_64
# model: /home/crusaderky/.cache/huggingface/hub/models--NANI-Nithin--MiniCPM5-2B-GGUF/snapshots/eb12985b999c83da2c982e76c503813be5476ead/MiniCPM5-2B-Q5_K_S.gguf size=1771504896 mtime=2026-09-14T23:44:24+00:00 sha256/1048576B=3262e58edb6011d9d5c2e18ddfdbb0f5330283aa6656fa7c4852f37b3ae26f32
llama-perplexity --kl-divergence-base /tmp/logits.dat --ctx-size 32768 -f sample-data/wiki.test.head-2.4k.raw -fa on --hf-repo NANI-Nithin/MiniCPM5-2B-GGUF:Q5_K_S --cache-type-k q3_0 --cache-type-v q3_0 --kl-divergence
0.01.516.984 I cmn          init: llama threadpool init, n_threads = 16
0.01.568.816 I 
0.01.568.896 I system_info: n_threads = 16 (n_threads_batch = 16) / 32 | CUDA : ARCHS = 750,800,860,890,900,1000,1030,1200,1210 | USE_GRAPHS = 1 | FA_ALL_QUANTS = 1 | CPU : SSE3 = 1 | SSSE3 = 1 | AVX = 1 | AVX2 = 1 | F16C = 1 | FMA = 1 | BMI2 = 1 | LLAMAFILE = 1 | OPENMP = 1 | REPACK = 1 | 
0.01.871.584 I kl_divergence: computing over 5 chunks, n_ctx=32768, batch_size=2048, n_seq=1
0.10.253.271 I kl_divergence: 8.38 seconds per pass - ETA 0.68 minutes

chunk             PPL               ln(PPL(Q)/PPL(base))          KL Divergence              Δp RMS            Same top p        Same sampled p
   1      14.1457 ±    0.3136       0.10187 ±    0.00525       0.15109 ±    0.00194    10.044 ±  0.159 %    80.498 ±  0.310 %    37.985 ±  0.255 %
   2      13.2836 ±    0.2101       0.10543 ±    0.00374       0.15293 ±    0.00141    10.193 ±  0.112 %    81.227 ±  0.216 %    39.737 ±  0.185 %
   3      14.4742 ±    0.1888       0.10745 ±    0.00308       0.15612 ±    0.00113    10.016 ±  0.088 %    80.828 ±  0.178 %    38.232 ±  0.148 %
   4      13.9951 ±    0.1581       0.10671 ±    0.00269       0.15865 ±    0.00101    10.090 ±  0.077 %    80.890 ±  0.154 %    39.004 ±  0.130 %
   5      13.3182 ±    0.1332       0.10667 ±    0.00239       0.15674 ±    0.00091    10.088 ±  0.069 %    81.182 ±  0.137 %    39.545 ±  0.116 %

====== Perplexity statistics ======
Mean PPL(Q)                   :  13.318177 ±   0.133158
Mean PPL(base)                :  11.970705 ±   0.119397
Cor(ln(PPL(Q)), ln(PPL(base))):  97.13%
Mean ln(PPL(Q)/PPL(base))     :   0.106667 ±   0.002393
Mean PPL(Q)/PPL(base)         :   1.112564 ±   0.002662
Mean PPL(Q)-PPL(base)         :   1.347472 ±   0.033197

====== KL divergence statistics ======
Mean    KLD:   0.156736 ±   0.000909
Maximum KLD:  10.939897
99.9%   KLD:   2.901862
99.0%   KLD:   1.142592
95.0%   KLD:   0.513482
90.0%   KLD:   0.346309
Median  KLD:   0.091024
10.0%   KLD:   0.005061
 5.0%   KLD:   0.001345
 1.0%   KLD:   0.000198
 0.1%   KLD:   0.000022
Minimum KLD:  -0.000001

====== Token probability statistics ======
Mean    Δp: -2.213 ± 0.034 %
Maximum Δp: 80.935%
99.9%   Δp: 46.119%
99.0%   Δp: 21.630%
95.0%   Δp:  9.445%
90.0%   Δp:  4.689%
75.0%   Δp:  0.362%
Median  Δp: -0.186%
25.0%   Δp: -3.579%
10.0%   Δp: -11.742%
 5.0%   Δp: -19.101%
 1.0%   Δp: -39.403%
 0.1%   Δp: -72.297%
Minimum Δp: -99.907%
RMS Δp    : 10.088 ± 0.069 %
Same top p: 81.182 ± 0.137 %
Same sampled p: 39.545 ± 0.116 %

------------------------------
# llama-perplexity: version: 0.4.7-dev (build 11840, commit a740376d8-dirty) | built with GNU 15.3.0 for Linux x86_64
# model: /home/crusaderky/.cache/huggingface/hub/models--NANI-Nithin--MiniCPM5-2B-GGUF/snapshots/eb12985b999c83da2c982e76c503813be5476ead/MiniCPM5-2B-Q5_K_S.gguf size=1771504896 mtime=2026-09-14T23:44:24+00:00 sha256/1048576B=3262e58edb6011d9d5c2e18ddfdbb0f5330283aa6656fa7c4852f37b3ae26f32
llama-perplexity --kl-divergence-base /tmp/logits.dat --ctx-size 32768 -f sample-data/wiki.test.head-2.4k.raw -fa on --hf-repo NANI-Nithin/MiniCPM5-2B-GGUF:Q5_K_S --cache-type-k q3_0 --cache-type-v q3_0 --kv-tail-tokens 128 --kl-divergence
0.01.859.175 I cmn          init: llama threadpool init, n_threads = 16
0.01.913.049 I 
0.01.913.124 I system_info: n_threads = 16 (n_threads_batch = 16) / 32 | CUDA : ARCHS = 750,800,860,890,900,1000,1030,1200,1210 | USE_GRAPHS = 1 | FA_ALL_QUANTS = 1 | CPU : SSE3 = 1 | SSSE3 = 1 | AVX = 1 | AVX2 = 1 | F16C = 1 | FMA = 1 | BMI2 = 1 | LLAMAFILE = 1 | OPENMP = 1 | REPACK = 1 | 
0.02.214.728 I kl_divergence: computing over 5 chunks, n_ctx=32768, batch_size=2048, n_seq=1
0.10.848.032 I kl_divergence: 8.63 seconds per pass - ETA 0.72 minutes

chunk             PPL               ln(PPL(Q)/PPL(base))          KL Divergence              Δp RMS            Same top p        Same sampled p
   1      13.2860 ±    0.2957       0.03917 ±    0.00287       0.04653 ±    0.00061     5.382 ±  0.102 %    88.543 ±  0.249 %    40.246 ±  0.258 %
   2      12.3824 ±    0.1965       0.03518 ±    0.00209       0.04765 ±    0.00061     5.654 ±  0.085 %    89.123 ±  0.172 %    42.025 ±  0.186 %
   3      13.4712 ±    0.1764       0.03564 ±    0.00168       0.04698 ±    0.00045     5.454 ±  0.065 %    88.909 ±  0.142 %    40.483 ±  0.150 %
   4      13.0474 ±    0.1481       0.03660 ±    0.00148       0.04834 ±    0.00040     5.556 ±  0.057 %    88.860 ±  0.123 %    41.284 ±  0.131 %
   5      12.4113 ±    0.1247       0.03615 ±    0.00133       0.04868 ±    0.00039     5.604 ±  0.051 %    89.067 ±  0.109 %    41.805 ±  0.117 %

====== Perplexity statistics ======
Mean PPL(Q)                   :  12.411323 ±   0.124720
Mean PPL(base)                :  11.970705 ±   0.119397
Cor(ln(PPL(Q)), ln(PPL(base))):  99.12%
Mean ln(PPL(Q)/PPL(base))     :   0.036147 ±   0.001331
Mean PPL(Q)/PPL(base)         :   1.036808 ±   0.001380
Mean PPL(Q)-PPL(base)         :   0.440617 ±   0.017055

====== KL divergence statistics ======
Mean    KLD:   0.048685 ±   0.000390
Maximum KLD:  12.346173
99.9%   KLD:   1.027225
99.0%   KLD:   0.359646
95.0%   KLD:   0.156571
90.0%   KLD:   0.104643
Median  KLD:   0.027712
10.0%   KLD:   0.001013
 5.0%   KLD:   0.000204
 1.0%   KLD:   0.000023
 0.1%   KLD:   0.000002
Minimum KLD:  -0.000026

====== Token probability statistics ======
Mean    Δp: -0.443 ± 0.020 %
Maximum Δp: 78.832%
99.9%   Δp: 33.473%
99.0%   Δp: 15.259%
95.0%   Δp:  6.723%
90.0%   Δp:  3.774%
75.0%   Δp:  0.588%
Median  Δp: -0.005%
25.0%   Δp: -1.186%
10.0%   Δp: -5.142%
 5.0%   Δp: -8.698%
 1.0%   Δp: -19.074%
 0.1%   Δp: -43.368%
Minimum Δp: -99.266%
RMS Δp    :  5.604 ± 0.051 %
Same top p: 89.067 ± 0.109 %
Same sampled p: 41.805 ± 0.117 %

------------------------------
# llama-perplexity: version: 0.4.7-dev (build 11840, commit a740376d8-dirty) | built with GNU 15.3.0 for Linux x86_64
# model: /home/crusaderky/.cache/huggingface/hub/models--NANI-Nithin--MiniCPM5-2B-GGUF/snapshots/eb12985b999c83da2c982e76c503813be5476ead/MiniCPM5-2B-Q5_K_S.gguf size=1771504896 mtime=2026-09-14T23:44:24+00:00 sha256/1048576B=3262e58edb6011d9d5c2e18ddfdbb0f5330283aa6656fa7c4852f37b3ae26f32
llama-perplexity --kl-divergence-base /tmp/logits.dat --ctx-size 32768 -f sample-data/wiki.test.head-2.4k.raw -fa on --hf-repo NANI-Nithin/MiniCPM5-2B-GGUF:Q5_K_S --cache-type-k kvarn6 --cache-type-v kvarn6 --kl-divergence
0.01.992.853 I cmn          init: llama threadpool init, n_threads = 16
0.02.059.999 I 
0.02.060.063 I system_info: n_threads = 16 (n_threads_batch = 16) / 32 | CUDA : ARCHS = 750,800,860,890,900,1000,1030,1200,1210 | USE_GRAPHS = 1 | FA_ALL_QUANTS = 1 | CPU : SSE3 = 1 | SSSE3 = 1 | AVX = 1 | AVX2 = 1 | F16C = 1 | FMA = 1 | BMI2 = 1 | LLAMAFILE = 1 | OPENMP = 1 | REPACK = 1 | 
0.02.366.188 I kl_divergence: computing over 5 chunks, n_ctx=32768, batch_size=2048, n_seq=1
0.13.093.260 I kl_divergence: 10.73 seconds per pass - ETA 0.88 minutes

chunk             PPL               ln(PPL(Q)/PPL(base))          KL Divergence              Δp RMS            Same top p        Same sampled p
   1      13.0466 ±    0.2891       0.02099 ±    0.00202       0.02290 ±    0.00029     3.658 ±  0.085 %    91.821 ±  0.214 %    40.571 ±  0.258 %
   2      12.1821 ±    0.1928       0.01887 ±    0.00145       0.02399 ±    0.00028     3.805 ±  0.057 %    92.025 ±  0.150 %    42.370 ±  0.186 %
   3      13.2592 ±    0.1732       0.01978 ±    0.00119       0.02468 ±    0.00022     3.809 ±  0.048 %    91.743 ±  0.124 %    40.808 ±  0.150 %
   4      12.8286 ±    0.1452       0.01969 ±    0.00106       0.02566 ±    0.00026     3.905 ±  0.043 %    91.697 ±  0.108 %    41.608 ±  0.131 %
   5      12.2005 ±    0.1222       0.01902 ±    0.00095       0.02547 ±    0.00028     3.888 ±  0.037 %    91.942 ±  0.095 %    42.163 ±  0.117 %

====== Perplexity statistics ======
Mean PPL(Q)                   :  12.200547 ±   0.122240
Mean PPL(base)                :  11.970705 ±   0.119397
Cor(ln(PPL(Q)), ln(PPL(base))):  99.55%
Mean ln(PPL(Q)/PPL(base))     :   0.019018 ±   0.000948
Mean PPL(Q)/PPL(base)         :   1.019200 ±   0.000966
Mean PPL(Q)-PPL(base)         :   0.229842 ±   0.011790

====== KL divergence statistics ======
Mean    KLD:   0.025473 ±   0.000282
Maximum KLD:  10.788860
99.9%   KLD:   0.491257
99.0%   KLD:   0.173997
95.0%   KLD:   0.077016
90.0%   KLD:   0.052941
Median  KLD:   0.015536
10.0%   KLD:   0.000532
 5.0%   KLD:   0.000103
 1.0%   KLD:   0.000010
 0.1%   KLD:  -0.000001
Minimum KLD:  -0.000027

====== Token probability statistics ======
Mean    Δp: -0.189 ± 0.014 %
Maximum Δp: 85.503%
99.9%   Δp: 22.598%
99.0%   Δp: 11.068%
95.0%   Δp:  5.251%
90.0%   Δp:  2.998%
75.0%   Δp:  0.505%
Median  Δp: -0.001%
25.0%   Δp: -0.788%
10.0%   Δp: -3.624%
 5.0%   Δp: -6.062%
 1.0%   Δp: -12.488%
 0.1%   Δp: -26.588%
Minimum Δp: -87.478%
RMS Δp    :  3.888 ± 0.037 %
Same top p: 91.942 ± 0.095 %
Same sampled p: 42.163 ± 0.117 %

------------------------------
# llama-perplexity: version: 0.4.7-dev (build 11840, commit a740376d8-dirty) | built with GNU 15.3.0 for Linux x86_64
# model: /home/crusaderky/.cache/huggingface/hub/models--NANI-Nithin--MiniCPM5-2B-GGUF/snapshots/eb12985b999c83da2c982e76c503813be5476ead/MiniCPM5-2B-Q5_K_S.gguf size=1771504896 mtime=2026-09-14T23:44:24+00:00 sha256/1048576B=3262e58edb6011d9d5c2e18ddfdbb0f5330283aa6656fa7c4852f37b3ae26f32
llama-perplexity --kl-divergence-base /tmp/logits.dat --ctx-size 32768 -f sample-data/wiki.test.head-2.4k.raw -fa on --hf-repo NANI-Nithin/MiniCPM5-2B-GGUF:Q5_K_S --cache-type-k kvarn5 --cache-type-v kvarn5 --kl-divergence
0.01.927.116 I cmn          init: llama threadpool init, n_threads = 16
0.01.995.487 I 
0.01.995.550 I system_info: n_threads = 16 (n_threads_batch = 16) / 32 | CUDA : ARCHS = 750,800,860,890,900,1000,1030,1200,1210 | USE_GRAPHS = 1 | FA_ALL_QUANTS = 1 | CPU : SSE3 = 1 | SSSE3 = 1 | AVX = 1 | AVX2 = 1 | F16C = 1 | FMA = 1 | BMI2 = 1 | LLAMAFILE = 1 | OPENMP = 1 | REPACK = 1 | 
0.02.301.841 I kl_divergence: computing over 5 chunks, n_ctx=32768, batch_size=2048, n_seq=1
0.12.885.942 I kl_divergence: 10.58 seconds per pass - ETA 0.87 minutes

chunk             PPL               ln(PPL(Q)/PPL(base))          KL Divergence              Δp RMS            Same top p        Same sampled p
   1      13.0374 ±    0.2892       0.02028 ±    0.00204       0.02341 ±    0.00031     3.674 ±  0.080 %    91.748 ±  0.215 %    40.569 ±  0.258 %
   2      12.1763 ±    0.1928       0.01839 ±    0.00145       0.02413 ±    0.00024     3.801 ±  0.054 %    91.967 ±  0.150 %    42.366 ±  0.186 %
   3      13.2458 ±    0.1730       0.01877 ±    0.00119       0.02476 ±    0.00019     3.807 ±  0.044 %    91.794 ±  0.124 %    40.804 ±  0.150 %
   4      12.8190 ±    0.1450       0.01894 ±    0.00105       0.02572 ±    0.00023     3.936 ±  0.042 %    91.717 ±  0.108 %    41.604 ±  0.131 %
   5      12.1916 ±    0.1221       0.01828 ±    0.00094       0.02557 ±    0.00025     3.930 ±  0.037 %    91.887 ±  0.095 %    42.157 ±  0.117 %

====== Perplexity statistics ======
Mean PPL(Q)                   :  12.191555 ±   0.122128
Mean PPL(base)                :  11.970705 ±   0.119397
Cor(ln(PPL(Q)), ln(PPL(base))):  99.56%
Mean ln(PPL(Q)/PPL(base))     :   0.018281 ±   0.000944
Mean PPL(Q)/PPL(base)         :   1.018449 ±   0.000961
Mean PPL(Q)-PPL(base)         :   0.220850 ±   0.011714

====== KL divergence statistics ======
Mean    KLD:   0.025567 ±   0.000250
Maximum KLD:   9.024837
99.9%   KLD:   0.504953
99.0%   KLD:   0.172163
95.0%   KLD:   0.078116
90.0%   KLD:   0.053741
Median  KLD:   0.015696
10.0%   KLD:   0.000529
 5.0%   KLD:   0.000104
 1.0%   KLD:   0.000011
 0.1%   KLD:  -0.000000
Minimum KLD:  -0.000043

====== Token probability statistics ======
Mean    Δp: -0.183 ± 0.014 %
Maximum Δp: 86.405%
99.9%   Δp: 23.501%
99.0%   Δp: 11.423%
95.0%   Δp:  5.210%
90.0%   Δp:  2.986%
75.0%   Δp:  0.510%
Median  Δp: -0.002%
25.0%   Δp: -0.780%
10.0%   Δp: -3.612%
 5.0%   Δp: -6.135%
 1.0%   Δp: -12.541%
 0.1%   Δp: -25.249%
Minimum Δp: -78.178%
RMS Δp    :  3.930 ± 0.037 %
Same top p: 91.887 ± 0.095 %
Same sampled p: 42.157 ± 0.117 %

------------------------------
# llama-perplexity: version: 0.4.7-dev (build 11840, commit a740376d8-dirty) | built with GNU 15.3.0 for Linux x86_64
# model: /home/crusaderky/.cache/huggingface/hub/models--NANI-Nithin--MiniCPM5-2B-GGUF/snapshots/eb12985b999c83da2c982e76c503813be5476ead/MiniCPM5-2B-Q5_K_S.gguf size=1771504896 mtime=2026-09-14T23:44:24+00:00 sha256/1048576B=3262e58edb6011d9d5c2e18ddfdbb0f5330283aa6656fa7c4852f37b3ae26f32
llama-perplexity --kl-divergence-base /tmp/logits.dat --ctx-size 32768 -f sample-data/wiki.test.head-2.4k.raw -fa on --hf-repo NANI-Nithin/MiniCPM5-2B-GGUF:Q5_K_S --cache-type-k kvarn4 --cache-type-v kvarn4 --kl-divergence
0.01.876.746 I cmn          init: llama threadpool init, n_threads = 16
0.01.944.427 I 
0.01.944.499 I system_info: n_threads = 16 (n_threads_batch = 16) / 32 | CUDA : ARCHS = 750,800,860,890,900,1000,1030,1200,1210 | USE_GRAPHS = 1 | FA_ALL_QUANTS = 1 | CPU : SSE3 = 1 | SSSE3 = 1 | AVX = 1 | AVX2 = 1 | F16C = 1 | FMA = 1 | BMI2 = 1 | LLAMAFILE = 1 | OPENMP = 1 | REPACK = 1 | 
0.02.246.207 I kl_divergence: computing over 5 chunks, n_ctx=32768, batch_size=2048, n_seq=1
0.12.746.807 I kl_divergence: 10.50 seconds per pass - ETA 0.87 minutes

chunk             PPL               ln(PPL(Q)/PPL(base))          KL Divergence              Δp RMS            Same top p        Same sampled p
   1      13.0707 ±    0.2898       0.02283 ±    0.00210       0.02479 ±    0.00030     3.822 ±  0.065 %    91.455 ±  0.218 %    40.516 ±  0.258 %
   2      12.2093 ±    0.1933       0.02110 ±    0.00151       0.02564 ±    0.00024     3.943 ±  0.055 %    91.607 ±  0.153 %    42.338 ±  0.186 %
   3      13.2867 ±    0.1735       0.02185 ±    0.00124       0.02631 ±    0.00021     3.965 ±  0.048 %    91.375 ±  0.127 %    40.774 ±  0.150 %
   4      12.8530 ±    0.1455       0.02159 ±    0.00109       0.02733 ±    0.00027     4.076 ±  0.044 %    91.384 ±  0.110 %    41.577 ±  0.131 %
   5      12.2195 ±    0.1224       0.02057 ±    0.00098       0.02718 ±    0.00027     4.082 ±  0.040 %    91.602 ±  0.097 %    42.130 ±  0.117 %

====== Perplexity statistics ======
Mean PPL(Q)                   :  12.219544 ±   0.122419
Mean PPL(base)                :  11.970705 ±   0.119397
Cor(ln(PPL(Q)), ln(PPL(base))):  99.52%
Mean ln(PPL(Q)/PPL(base))     :   0.020574 ±   0.000981
Mean PPL(Q)/PPL(base)         :   1.020787 ±   0.001001
Mean PPL(Q)-PPL(base)         :   0.248839 ±   0.012230

====== KL divergence statistics ======
Mean    KLD:   0.027185 ±   0.000265
Maximum KLD:  10.788012
99.9%   KLD:   0.555254
99.0%   KLD:   0.186786
95.0%   KLD:   0.083500
90.0%   KLD:   0.056618
Median  KLD:   0.016567
10.0%   KLD:   0.000560
 5.0%   KLD:   0.000111
 1.0%   KLD:   0.000012
 0.1%   KLD:   0.000000
Minimum KLD:  -0.000037

====== Token probability statistics ======
Mean    Δp: -0.224 ± 0.014 %
Maximum Δp: 84.585%
99.9%   Δp: 24.489%
99.0%   Δp: 11.381%
95.0%   Δp:  5.327%
90.0%   Δp:  3.010%
75.0%   Δp:  0.505%
Median  Δp: -0.002%
25.0%   Δp: -0.832%
10.0%   Δp: -3.713%
 5.0%   Δp: -6.332%
 1.0%   Δp: -13.297%
 0.1%   Δp: -28.256%
Minimum Δp: -83.743%
RMS Δp    :  4.082 ± 0.040 %
Same top p: 91.602 ± 0.097 %
Same sampled p: 42.130 ± 0.117 %

------------------------------
# llama-perplexity: version: 0.4.7-dev (build 11840, commit a740376d8-dirty) | built with GNU 15.3.0 for Linux x86_64
# model: /home/crusaderky/.cache/huggingface/hub/models--NANI-Nithin--MiniCPM5-2B-GGUF/snapshots/eb12985b999c83da2c982e76c503813be5476ead/MiniCPM5-2B-Q5_K_S.gguf size=1771504896 mtime=2026-09-14T23:44:24+00:00 sha256/1048576B=3262e58edb6011d9d5c2e18ddfdbb0f5330283aa6656fa7c4852f37b3ae26f32
llama-perplexity --kl-divergence-base /tmp/logits.dat --ctx-size 32768 -f sample-data/wiki.test.head-2.4k.raw -fa on --hf-repo NANI-Nithin/MiniCPM5-2B-GGUF:Q5_K_S --cache-type-k kvarn3 --cache-type-v kvarn3 --kl-divergence
0.01.952.542 I cmn          init: llama threadpool init, n_threads = 16
0.02.021.093 I 
0.02.021.151 I system_info: n_threads = 16 (n_threads_batch = 16) / 32 | CUDA : ARCHS = 750,800,860,890,900,1000,1030,1200,1210 | USE_GRAPHS = 1 | FA_ALL_QUANTS = 1 | CPU : SSE3 = 1 | SSSE3 = 1 | AVX = 1 | AVX2 = 1 | F16C = 1 | FMA = 1 | BMI2 = 1 | LLAMAFILE = 1 | OPENMP = 1 | REPACK = 1 | 
0.02.319.991 I kl_divergence: computing over 5 chunks, n_ctx=32768, batch_size=2048, n_seq=1
0.12.729.412 I kl_divergence: 10.41 seconds per pass - ETA 0.87 minutes

chunk             PPL               ln(PPL(Q)/PPL(base))          KL Divergence              Δp RMS            Same top p        Same sampled p
   1      13.1095 ±    0.2902       0.02579 ±    0.00236       0.03166 ±    0.00037     4.358 ±  0.081 %    90.527 ±  0.229 %    40.323 ±  0.258 %
   2      12.2437 ±    0.1936       0.02391 ±    0.00168       0.03255 ±    0.00031     4.559 ±  0.063 %    90.789 ±  0.160 %    42.151 ±  0.186 %
   3      13.3112 ±    0.1737       0.02369 ±    0.00137       0.03296 ±    0.00025     4.525 ±  0.050 %    90.569 ±  0.132 %    40.604 ±  0.150 %
   4      12.8850 ±    0.1457       0.02407 ±    0.00122       0.03421 ±    0.00030     4.620 ±  0.046 %    90.563 ±  0.114 %    41.406 ±  0.131 %
   5      12.2533 ±    0.1226       0.02334 ±    0.00110       0.03439 ±    0.00031     4.657 ±  0.041 %    90.764 ±  0.101 %    41.954 ±  0.117 %

====== Perplexity statistics ======
Mean PPL(Q)                   :  12.253328 ±   0.122622
Mean PPL(base)                :  11.970705 ±   0.119397
Cor(ln(PPL(Q)), ln(PPL(base))):  99.40%
Mean ln(PPL(Q)/PPL(base))     :   0.023335 ±   0.001098
Mean PPL(Q)/PPL(base)         :   1.023609 ±   0.001124
Mean PPL(Q)-PPL(base)         :   0.282622 ±   0.013673

====== KL divergence statistics ======
Mean    KLD:   0.034387 ±   0.000307
Maximum KLD:  10.098437
99.9%   KLD:   0.672162
99.0%   KLD:   0.245734
95.0%   KLD:   0.108768
90.0%   KLD:   0.073558
Median  KLD:   0.020249
10.0%   KLD:   0.000758
 5.0%   KLD:   0.000155
 1.0%   KLD:   0.000016
 0.1%   KLD:   0.000001
Minimum KLD:  -0.000031

====== Token probability statistics ======
Mean    Δp: -0.340 ± 0.016 %
Maximum Δp: 86.631%
99.9%   Δp: 28.037%
99.0%   Δp: 12.957%
95.0%   Δp:  5.766%
90.0%   Δp:  3.229%
75.0%   Δp:  0.496%
Median  Δp: -0.006%
25.0%   Δp: -1.008%
10.0%   Δp: -4.346%
 5.0%   Δp: -7.317%
 1.0%   Δp: -15.740%
 0.1%   Δp: -33.508%
Minimum Δp: -78.648%
RMS Δp    :  4.657 ± 0.041 %
Same top p: 90.764 ± 0.101 %
Same sampled p: 41.954 ± 0.117 %

------------------------------
# llama-perplexity: version: 0.4.7-dev (build 11840, commit a740376d8-dirty) | built with GNU 15.3.0 for Linux x86_64
# model: /home/crusaderky/.cache/huggingface/hub/models--NANI-Nithin--MiniCPM5-2B-GGUF/snapshots/eb12985b999c83da2c982e76c503813be5476ead/MiniCPM5-2B-IQ4_XS.gguf size=1423508736 mtime=2026-09-14T23:48:06+00:00 sha256/1048576B=3262e58edb6011d9d5c2e18ddfdbb0f5330283aa6656fa7c4852f37b3ae26f32
llama-perplexity --kl-divergence-base /tmp/logits.dat --ctx-size 32768 -f sample-data/wiki.test.head-2.4k.raw -fa on --hf-repo NANI-Nithin/MiniCPM5-2B-GGUF:IQ4_XS --cache-type-k q8_0 --cache-type-v q8_0 --kl-divergence
0.02.298.282 I cmn          init: llama threadpool init, n_threads = 16
0.02.348.565 I 
0.02.348.643 I system_info: n_threads = 16 (n_threads_batch = 16) / 32 | CUDA : ARCHS = 750,800,860,890,900,1000,1030,1200,1210 | USE_GRAPHS = 1 | FA_ALL_QUANTS = 1 | CPU : SSE3 = 1 | SSSE3 = 1 | AVX = 1 | AVX2 = 1 | F16C = 1 | FMA = 1 | BMI2 = 1 | LLAMAFILE = 1 | OPENMP = 1 | REPACK = 1 | 
0.02.638.550 I kl_divergence: computing over 5 chunks, n_ctx=32768, batch_size=2048, n_seq=1
0.10.644.651 I kl_divergence: 8.01 seconds per pass - ETA 0.67 minutes

chunk             PPL               ln(PPL(Q)/PPL(base))          KL Divergence              Δp RMS            Same top p        Same sampled p
   1      13.6394 ±    0.3039       0.06542 ±    0.00382       0.08416 ±    0.00089     7.040 ±  0.102 %    85.015 ±  0.279 %    39.614 ±  0.257 %
   2      12.7514 ±    0.2030       0.06454 ±    0.00271       0.08550 ±    0.00074     7.242 ±  0.085 %    85.717 ±  0.193 %    41.406 ±  0.186 %
   3      13.8501 ±    0.1817       0.06338 ±    0.00223       0.08714 ±    0.00061     7.122 ±  0.067 %    85.257 ±  0.160 %    39.881 ±  0.150 %
   4      13.4354 ±    0.1529       0.06590 ±    0.00197       0.08897 ±    0.00053     7.261 ±  0.058 %    85.230 ±  0.139 %    40.638 ±  0.131 %
   5      12.7641 ±    0.1286       0.06417 ±    0.00175       0.08801 ±    0.00051     7.195 ±  0.052 %    85.547 ±  0.123 %    41.223 ±  0.117 %

====== Perplexity statistics ======
Mean PPL(Q)                   :  12.764109 ±   0.128621
Mean PPL(base)                :  11.970705 ±   0.119397
Cor(ln(PPL(Q)), ln(PPL(base))):  98.48%
Mean ln(PPL(Q)/PPL(base))     :   0.064175 ±   0.001750
Mean PPL(Q)/PPL(base)         :   1.066279 ±   0.001867
Mean PPL(Q)-PPL(base)         :   0.793403 ±   0.023488

====== KL divergence statistics ======
Mean    KLD:   0.088015 ±   0.000508
Maximum KLD:  11.471974
99.9%   KLD:   1.437985
99.0%   KLD:   0.590146
95.0%   KLD:   0.276525
90.0%   KLD:   0.191735
Median  KLD:   0.055199
10.0%   KLD:   0.002032
 5.0%   KLD:   0.000423
 1.0%   KLD:   0.000050
 0.1%   KLD:   0.000006
Minimum KLD:  -0.000002

====== Token probability statistics ======
Mean    Δp: -0.888 ± 0.025 %
Maximum Δp: 90.521%
99.9%   Δp: 35.508%
99.0%   Δp: 18.809%
95.0%   Δp:  8.682%
90.0%   Δp:  4.738%
75.0%   Δp:  0.607%
Median  Δp: -0.031%
25.0%   Δp: -1.898%
10.0%   Δp: -7.625%
 5.0%   Δp: -12.490%
 1.0%   Δp: -25.749%
 0.1%   Δp: -51.449%
Minimum Δp: -99.250%
RMS Δp    :  7.195 ± 0.052 %
Same top p: 85.547 ± 0.123 %
Same sampled p: 41.223 ± 0.117 %

------------------------------
# llama-perplexity: version: 0.4.7-dev (build 11840, commit a740376d8-dirty) | built with GNU 15.3.0 for Linux x86_64
# model: /home/crusaderky/.cache/huggingface/hub/models--NANI-Nithin--MiniCPM5-2B-GGUF/snapshots/eb12985b999c83da2c982e76c503813be5476ead/MiniCPM5-2B-IQ4_XS.gguf size=1423508736 mtime=2026-09-14T23:48:06+00:00 sha256/1048576B=3262e58edb6011d9d5c2e18ddfdbb0f5330283aa6656fa7c4852f37b3ae26f32
llama-perplexity --kl-divergence-base /tmp/logits.dat --ctx-size 32768 -f sample-data/wiki.test.head-2.4k.raw -fa on --hf-repo NANI-Nithin/MiniCPM5-2B-GGUF:IQ4_XS --cache-type-k q8_0 --cache-type-v q6_0 --kl-divergence
0.01.427.644 I cmn          init: llama threadpool init, n_threads = 16
0.01.479.055 I 
0.01.479.127 I system_info: n_threads = 16 (n_threads_batch = 16) / 32 | CUDA : ARCHS = 750,800,860,890,900,1000,1030,1200,1210 | USE_GRAPHS = 1 | FA_ALL_QUANTS = 1 | CPU : SSE3 = 1 | SSSE3 = 1 | AVX = 1 | AVX2 = 1 | F16C = 1 | FMA = 1 | BMI2 = 1 | LLAMAFILE = 1 | OPENMP = 1 | REPACK = 1 | 
0.01.760.708 I kl_divergence: computing over 5 chunks, n_ctx=32768, batch_size=2048, n_seq=1
0.09.907.560 I kl_divergence: 8.15 seconds per pass - ETA 0.67 minutes

chunk             PPL               ln(PPL(Q)/PPL(base))          KL Divergence              Δp RMS            Same top p        Same sampled p
   1      13.6437 ±    0.3039       0.06573 ±    0.00383       0.08439 ±    0.00089     7.061 ±  0.102 %    85.137 ±  0.278 %    39.596 ±  0.257 %
   2      12.7502 ±    0.2029       0.06445 ±    0.00270       0.08528 ±    0.00068     7.227 ±  0.080 %    85.757 ±  0.193 %    41.400 ±  0.186 %
   3      13.8493 ±    0.1817       0.06333 ±    0.00222       0.08704 ±    0.00058     7.106 ±  0.065 %    85.322 ±  0.160 %    39.881 ±  0.150 %
   4      13.4304 ±    0.1528       0.06553 ±    0.00196       0.08893 ±    0.00051     7.245 ±  0.057 %    85.299 ±  0.138 %    40.642 ±  0.131 %
   5      12.7626 ±    0.1286       0.06406 ±    0.00174       0.08800 ±    0.00049     7.184 ±  0.051 %    85.596 ±  0.123 %    41.228 ±  0.117 %

====== Perplexity statistics ======
Mean PPL(Q)                   :  12.762612 ±   0.128575
Mean PPL(base)                :  11.970705 ±   0.119397
Cor(ln(PPL(Q)), ln(PPL(base))):  98.49%
Mean ln(PPL(Q)/PPL(base))     :   0.064058 ±   0.001744
Mean PPL(Q)/PPL(base)         :   1.066154 ±   0.001859
Mean PPL(Q)-PPL(base)         :   0.791907 ±   0.023390

====== KL divergence statistics ======
Mean    KLD:   0.087997 ±   0.000491
Maximum KLD:  11.491424
99.9%   KLD:   1.458201
99.0%   KLD:   0.586553
95.0%   KLD:   0.278215
90.0%   KLD:   0.192256
Median  KLD:   0.055491
10.0%   KLD:   0.002025
 5.0%   KLD:   0.000421
 1.0%   KLD:   0.000050
 0.1%   KLD:   0.000006
Minimum KLD:  -0.000002

====== Token probability statistics ======
Mean    Δp: -0.881 ± 0.025 %
Maximum Δp: 89.185%
99.9%   Δp: 35.422%
99.0%   Δp: 18.963%
95.0%   Δp:  8.692%
90.0%   Δp:  4.763%
75.0%   Δp:  0.616%
Median  Δp: -0.030%
25.0%   Δp: -1.898%
10.0%   Δp: -7.629%
 5.0%   Δp: -12.538%
 1.0%   Δp: -25.792%
 0.1%   Δp: -50.989%
Minimum Δp: -93.166%
RMS Δp    :  7.184 ± 0.051 %
Same top p: 85.596 ± 0.123 %
Same sampled p: 41.228 ± 0.117 %

------------------------------
# llama-perplexity: version: 0.4.7-dev (build 11840, commit a740376d8-dirty) | built with GNU 15.3.0 for Linux x86_64
# model: /home/crusaderky/.cache/huggingface/hub/models--NANI-Nithin--MiniCPM5-2B-GGUF/snapshots/eb12985b999c83da2c982e76c503813be5476ead/MiniCPM5-2B-IQ4_XS.gguf size=1423508736 mtime=2026-09-14T23:48:06+00:00 sha256/1048576B=3262e58edb6011d9d5c2e18ddfdbb0f5330283aa6656fa7c4852f37b3ae26f32
llama-perplexity --kl-divergence-base /tmp/logits.dat --ctx-size 32768 -f sample-data/wiki.test.head-2.4k.raw -fa on --hf-repo NANI-Nithin/MiniCPM5-2B-GGUF:IQ4_XS --cache-type-k q6_0 --cache-type-v q6_0 --kl-divergence
0.01.405.902 I cmn          init: llama threadpool init, n_threads = 16
0.01.454.963 I 
0.01.455.036 I system_info: n_threads = 16 (n_threads_batch = 16) / 32 | CUDA : ARCHS = 750,800,860,890,900,1000,1030,1200,1210 | USE_GRAPHS = 1 | FA_ALL_QUANTS = 1 | CPU : SSE3 = 1 | SSSE3 = 1 | AVX = 1 | AVX2 = 1 | F16C = 1 | FMA = 1 | BMI2 = 1 | LLAMAFILE = 1 | OPENMP = 1 | REPACK = 1 | 
0.01.736.563 I kl_divergence: computing over 5 chunks, n_ctx=32768, batch_size=2048, n_seq=1
0.09.779.435 I kl_divergence: 8.04 seconds per pass - ETA 0.67 minutes

chunk             PPL               ln(PPL(Q)/PPL(base))          KL Divergence              Δp RMS            Same top p        Same sampled p
   1      13.6417 ±    0.3040       0.06559 ±    0.00386       0.08521 ±    0.00089     7.105 ±  0.104 %    84.966 ±  0.279 %    39.586 ±  0.257 %
   2      12.7440 ±    0.2028       0.06396 ±    0.00271       0.08636 ±    0.00071     7.283 ±  0.082 %    85.586 ±  0.194 %    41.376 ±  0.186 %
   3      13.8503 ±    0.1816       0.06340 ±    0.00224       0.08819 ±    0.00059     7.174 ±  0.066 %    85.180 ±  0.160 %    39.852 ±  0.150 %
   4      13.4368 ±    0.1528       0.06601 ±    0.00198       0.09036 ±    0.00053     7.342 ±  0.059 %    85.197 ±  0.139 %    40.606 ±  0.131 %
   5      12.7681 ±    0.1286       0.06449 ±    0.00176       0.08938 ±    0.00051     7.281 ±  0.053 %    85.492 ±  0.123 %    41.190 ±  0.117 %

====== Perplexity statistics ======
Mean PPL(Q)                   :  12.768115 ±   0.128613
Mean PPL(base)                :  11.970705 ±   0.119397
Cor(ln(PPL(Q)), ln(PPL(base))):  98.46%
Mean ln(PPL(Q)/PPL(base))     :   0.064489 ±   0.001759
Mean PPL(Q)/PPL(base)         :   1.066613 ±   0.001876
Mean PPL(Q)-PPL(base)         :   0.797410 ±   0.023589

====== KL divergence statistics ======
Mean    KLD:   0.089384 ±   0.000508
Maximum KLD:  11.598416
99.9%   KLD:   1.439804
99.0%   KLD:   0.596482
95.0%   KLD:   0.282507
90.0%   KLD:   0.195250
Median  KLD:   0.056210
10.0%   KLD:   0.002081
 5.0%   KLD:   0.000436
 1.0%   KLD:   0.000050
 0.1%   KLD:   0.000006
Minimum KLD:  -0.000002

====== Token probability statistics ======
Mean    Δp: -0.910 ± 0.025 %
Maximum Δp: 92.002%
99.9%   Δp: 36.018%
99.0%   Δp: 18.886%
95.0%   Δp:  8.761%
90.0%   Δp:  4.800%
75.0%   Δp:  0.605%
Median  Δp: -0.033%
25.0%   Δp: -1.936%
10.0%   Δp: -7.738%
 5.0%   Δp: -12.677%
 1.0%   Δp: -26.094%
 0.1%   Δp: -52.319%
Minimum Δp: -97.086%
RMS Δp    :  7.281 ± 0.053 %
Same top p: 85.492 ± 0.123 %
Same sampled p: 41.190 ± 0.117 %

------------------------------
# llama-perplexity: version: 0.4.7-dev (build 11840, commit a740376d8-dirty) | built with GNU 15.3.0 for Linux x86_64
# model: /home/crusaderky/.cache/huggingface/hub/models--NANI-Nithin--MiniCPM5-2B-GGUF/snapshots/eb12985b999c83da2c982e76c503813be5476ead/MiniCPM5-2B-IQ4_XS.gguf size=1423508736 mtime=2026-09-14T23:48:06+00:00 sha256/1048576B=3262e58edb6011d9d5c2e18ddfdbb0f5330283aa6656fa7c4852f37b3ae26f32
llama-perplexity --kl-divergence-base /tmp/logits.dat --ctx-size 32768 -f sample-data/wiki.test.head-2.4k.raw -fa on --hf-repo NANI-Nithin/MiniCPM5-2B-GGUF:IQ4_XS --cache-type-k q6_0 --cache-type-v q6_0 --kv-tail-tokens 128 --kl-divergence
0.01.809.431 I cmn          init: llama threadpool init, n_threads = 16
0.01.862.382 I 
0.01.862.460 I system_info: n_threads = 16 (n_threads_batch = 16) / 32 | CUDA : ARCHS = 750,800,860,890,900,1000,1030,1200,1210 | USE_GRAPHS = 1 | FA_ALL_QUANTS = 1 | CPU : SSE3 = 1 | SSSE3 = 1 | AVX = 1 | AVX2 = 1 | F16C = 1 | FMA = 1 | BMI2 = 1 | LLAMAFILE = 1 | OPENMP = 1 | REPACK = 1 | 
0.02.143.214 I kl_divergence: computing over 5 chunks, n_ctx=32768, batch_size=2048, n_seq=1
0.10.800.918 I kl_divergence: 8.66 seconds per pass - ETA 0.72 minutes

chunk             PPL               ln(PPL(Q)/PPL(base))          KL Divergence              Δp RMS            Same top p        Same sampled p
   1      13.6275 ±    0.3035       0.06454 ±    0.00382       0.08408 ±    0.00089     7.016 ±  0.100 %    84.954 ±  0.279 %    39.610 ±  0.257 %
   2      12.7414 ±    0.2027       0.06376 ±    0.00270       0.08544 ±    0.00071     7.245 ±  0.085 %    85.647 ±  0.194 %    41.396 ±  0.186 %
   3      13.8435 ±    0.1815       0.06291 ±    0.00223       0.08716 ±    0.00059     7.131 ±  0.067 %    85.288 ±  0.160 %    39.876 ±  0.150 %
   4      13.4283 ±    0.1527       0.06537 ±    0.00196       0.08896 ±    0.00052     7.266 ±  0.058 %    85.313 ±  0.138 %    40.633 ±  0.131 %
   5      12.7574 ±    0.1285       0.06365 ±    0.00175       0.08804 ±    0.00050     7.201 ±  0.052 %    85.574 ±  0.123 %    41.217 ±  0.117 %

====== Perplexity statistics ======
Mean PPL(Q)                   :  12.757376 ±   0.128496
Mean PPL(base)                :  11.970705 ±   0.119397
Cor(ln(PPL(Q)), ln(PPL(base))):  98.48%
Mean ln(PPL(Q)/PPL(base))     :   0.063647 ±   0.001751
Mean PPL(Q)/PPL(base)         :   1.065716 ±   0.001866
Mean PPL(Q)-PPL(base)         :   0.786671 ±   0.023438

====== KL divergence statistics ======
Mean    KLD:   0.088045 ±   0.000502
Maximum KLD:  11.620959
99.9%   KLD:   1.456869
99.0%   KLD:   0.579917
95.0%   KLD:   0.277424
90.0%   KLD:   0.191660
Median  KLD:   0.055184
10.0%   KLD:   0.002019
 5.0%   KLD:   0.000427
 1.0%   KLD:   0.000050
 0.1%   KLD:   0.000006
Minimum KLD:  -0.000002

====== Token probability statistics ======
Mean    Δp: -0.891 ± 0.025 %
Maximum Δp: 90.205%
99.9%   Δp: 35.490%
99.0%   Δp: 18.952%
95.0%   Δp:  8.675%
90.0%   Δp:  4.755%
75.0%   Δp:  0.603%
Median  Δp: -0.032%
25.0%   Δp: -1.903%
10.0%   Δp: -7.641%
 5.0%   Δp: -12.553%
 1.0%   Δp: -25.735%
 0.1%   Δp: -50.745%
Minimum Δp: -95.673%
RMS Δp    :  7.201 ± 0.052 %
Same top p: 85.574 ± 0.123 %
Same sampled p: 41.217 ± 0.117 %

------------------------------
# llama-perplexity: version: 0.4.7-dev (build 11840, commit a740376d8-dirty) | built with GNU 15.3.0 for Linux x86_64
# model: /home/crusaderky/.cache/huggingface/hub/models--NANI-Nithin--MiniCPM5-2B-GGUF/snapshots/eb12985b999c83da2c982e76c503813be5476ead/MiniCPM5-2B-IQ4_XS.gguf size=1423508736 mtime=2026-09-14T23:48:06+00:00 sha256/1048576B=3262e58edb6011d9d5c2e18ddfdbb0f5330283aa6656fa7c4852f37b3ae26f32
llama-perplexity --kl-divergence-base /tmp/logits.dat --ctx-size 32768 -f sample-data/wiki.test.head-2.4k.raw -fa on --hf-repo NANI-Nithin/MiniCPM5-2B-GGUF:IQ4_XS --cache-type-k q6_0 --cache-type-v q5_0 --kl-divergence
0.01.416.286 I cmn          init: llama threadpool init, n_threads = 16
0.01.466.885 I 
0.01.466.956 I system_info: n_threads = 16 (n_threads_batch = 16) / 32 | CUDA : ARCHS = 750,800,860,890,900,1000,1030,1200,1210 | USE_GRAPHS = 1 | FA_ALL_QUANTS = 1 | CPU : SSE3 = 1 | SSSE3 = 1 | AVX = 1 | AVX2 = 1 | F16C = 1 | FMA = 1 | BMI2 = 1 | LLAMAFILE = 1 | OPENMP = 1 | REPACK = 1 | 
0.01.751.312 I kl_divergence: computing over 5 chunks, n_ctx=32768, batch_size=2048, n_seq=1
0.09.766.957 I kl_divergence: 8.02 seconds per pass - ETA 0.67 minutes

chunk             PPL               ln(PPL(Q)/PPL(base))          KL Divergence              Δp RMS            Same top p        Same sampled p
   1      13.6558 ±    0.3043       0.06662 ±    0.00386       0.08598 ±    0.00090     7.101 ±  0.103 %    84.765 ±  0.281 %    39.581 ±  0.257 %
   2      12.7719 ±    0.2034       0.06615 ±    0.00273       0.08720 ±    0.00072     7.285 ±  0.082 %    85.448 ±  0.195 %    41.390 ±  0.186 %
   3      13.8732 ±    0.1821       0.06504 ±    0.00225       0.08905 ±    0.00059     7.186 ±  0.066 %    85.082 ±  0.161 %    39.861 ±  0.150 %
   4      13.4542 ±    0.1531       0.06730 ±    0.00199       0.09111 ±    0.00053     7.337 ±  0.058 %    85.082 ±  0.139 %    40.614 ±  0.131 %
   5      12.7824 ±    0.1288       0.06560 ±    0.00177       0.09008 ±    0.00051     7.280 ±  0.051 %    85.398 ±  0.123 %    41.194 ±  0.117 %

====== Perplexity statistics ======
Mean PPL(Q)                   :  12.782351 ±   0.128816
Mean PPL(base)                :  11.970705 ±   0.119397
Cor(ln(PPL(Q)), ln(PPL(base))):  98.44%
Mean ln(PPL(Q)/PPL(base))     :   0.065603 ±   0.001772
Mean PPL(Q)/PPL(base)         :   1.067803 ±   0.001892
Mean PPL(Q)-PPL(base)         :   0.811646 ±   0.023821

====== KL divergence statistics ======
Mean    KLD:   0.090083 ±   0.000506
Maximum KLD:  11.166586
99.9%   KLD:   1.487204
99.0%   KLD:   0.602338
95.0%   KLD:   0.283819
90.0%   KLD:   0.196888
Median  KLD:   0.056777
10.0%   KLD:   0.002078
 5.0%   KLD:   0.000441
 1.0%   KLD:   0.000053
 0.1%   KLD:   0.000006
Minimum KLD:   0.000000

====== Token probability statistics ======
Mean    Δp: -0.902 ± 0.025 %
Maximum Δp: 90.355%
99.9%   Δp: 36.402%
99.0%   Δp: 19.155%
95.0%   Δp:  8.739%
90.0%   Δp:  4.801%
75.0%   Δp:  0.612%
Median  Δp: -0.033%
25.0%   Δp: -1.953%
10.0%   Δp: -7.676%
 5.0%   Δp: -12.680%
 1.0%   Δp: -26.245%
 0.1%   Δp: -51.344%
Minimum Δp: -93.902%
RMS Δp    :  7.280 ± 0.051 %
Same top p: 85.398 ± 0.123 %
Same sampled p: 41.194 ± 0.117 %

------------------------------
# llama-perplexity: version: 0.4.7-dev (build 11840, commit a740376d8-dirty) | built with GNU 15.3.0 for Linux x86_64
# model: /home/crusaderky/.cache/huggingface/hub/models--NANI-Nithin--MiniCPM5-2B-GGUF/snapshots/eb12985b999c83da2c982e76c503813be5476ead/MiniCPM5-2B-IQ4_XS.gguf size=1423508736 mtime=2026-09-14T23:48:06+00:00 sha256/1048576B=3262e58edb6011d9d5c2e18ddfdbb0f5330283aa6656fa7c4852f37b3ae26f32
llama-perplexity --kl-divergence-base /tmp/logits.dat --ctx-size 32768 -f sample-data/wiki.test.head-2.4k.raw -fa on --hf-repo NANI-Nithin/MiniCPM5-2B-GGUF:IQ4_XS --cache-type-k q5_0 --cache-type-v q5_0 --kl-divergence
0.01.429.719 I cmn          init: llama threadpool init, n_threads = 16
0.01.480.810 I 
0.01.480.882 I system_info: n_threads = 16 (n_threads_batch = 16) / 32 | CUDA : ARCHS = 750,800,860,890,900,1000,1030,1200,1210 | USE_GRAPHS = 1 | FA_ALL_QUANTS = 1 | CPU : SSE3 = 1 | SSSE3 = 1 | AVX = 1 | AVX2 = 1 | F16C = 1 | FMA = 1 | BMI2 = 1 | LLAMAFILE = 1 | OPENMP = 1 | REPACK = 1 | 
0.01.772.808 I kl_divergence: computing over 5 chunks, n_ctx=32768, batch_size=2048, n_seq=1
0.09.841.196 I kl_divergence: 8.07 seconds per pass - ETA 0.67 minutes

chunk             PPL               ln(PPL(Q)/PPL(base))          KL Divergence              Δp RMS            Same top p        Same sampled p
   1      13.7180 ±    0.3058       0.07116 ±    0.00397       0.09022 ±    0.00097     7.278 ±  0.106 %    84.539 ±  0.282 %    39.522 ±  0.257 %
   2      12.8239 ±    0.2043       0.07021 ±    0.00280       0.09195 ±    0.00078     7.502 ±  0.088 %    85.180 ±  0.196 %    41.308 ±  0.186 %
   3      13.9271 ±    0.1828       0.06892 ±    0.00231       0.09374 ±    0.00064     7.383 ±  0.070 %    84.777 ±  0.162 %    39.784 ±  0.150 %
   4      13.4977 ±    0.1537       0.07053 ±    0.00204       0.09589 ±    0.00057     7.550 ±  0.061 %    84.757 ±  0.140 %    40.546 ±  0.131 %
   5      12.8198 ±    0.1292       0.06853 ±    0.00181       0.09469 ±    0.00055     7.470 ±  0.054 %    85.056 ±  0.125 %    41.135 ±  0.117 %

====== Perplexity statistics ======
Mean PPL(Q)                   :  12.819843 ±   0.129239
Mean PPL(base)                :  11.970705 ±   0.119397
Cor(ln(PPL(Q)), ln(PPL(base))):  98.37%
Mean ln(PPL(Q)/PPL(base))     :   0.068532 ±   0.001814
Mean PPL(Q)/PPL(base)         :   1.070935 ±   0.001942
Mean PPL(Q)-PPL(base)         :   0.849138 ±   0.024493

====== KL divergence statistics ======
Mean    KLD:   0.094694 ±   0.000546
Maximum KLD:  11.763374
99.9%   KLD:   1.561963
99.0%   KLD:   0.629384
95.0%   KLD:   0.297011
90.0%   KLD:   0.205646
Median  KLD:   0.059230
10.0%   KLD:   0.002163
 5.0%   KLD:   0.000466
 1.0%   KLD:   0.000053
 0.1%   KLD:   0.000007
Minimum KLD:  -0.000001

====== Token probability statistics ======
Mean    Δp: -0.942 ± 0.026 %
Maximum Δp: 89.755%
99.9%   Δp: 36.709%
99.0%   Δp: 19.312%
95.0%   Δp:  8.900%
90.0%   Δp:  4.872%
75.0%   Δp:  0.607%
Median  Δp: -0.036%
25.0%   Δp: -1.985%
10.0%   Δp: -7.880%
 5.0%   Δp: -12.995%
 1.0%   Δp: -27.069%
 0.1%   Δp: -53.100%
Minimum Δp: -94.600%
RMS Δp    :  7.470 ± 0.054 %
Same top p: 85.056 ± 0.125 %
Same sampled p: 41.135 ± 0.117 %

------------------------------
# llama-perplexity: version: 0.4.7-dev (build 11840, commit a740376d8-dirty) | built with GNU 15.3.0 for Linux x86_64
# model: /home/crusaderky/.cache/huggingface/hub/models--NANI-Nithin--MiniCPM5-2B-GGUF/snapshots/eb12985b999c83da2c982e76c503813be5476ead/MiniCPM5-2B-IQ4_XS.gguf size=1423508736 mtime=2026-09-14T23:48:06+00:00 sha256/1048576B=3262e58edb6011d9d5c2e18ddfdbb0f5330283aa6656fa7c4852f37b3ae26f32
llama-perplexity --kl-divergence-base /tmp/logits.dat --ctx-size 32768 -f sample-data/wiki.test.head-2.4k.raw -fa on --hf-repo NANI-Nithin/MiniCPM5-2B-GGUF:IQ4_XS --cache-type-k q5_0 --cache-type-v q5_0 --kv-tail-tokens 128 --kl-divergence
0.01.792.650 I cmn          init: llama threadpool init, n_threads = 16
0.01.845.086 I 
0.01.845.154 I system_info: n_threads = 16 (n_threads_batch = 16) / 32 | CUDA : ARCHS = 750,800,860,890,900,1000,1030,1200,1210 | USE_GRAPHS = 1 | FA_ALL_QUANTS = 1 | CPU : SSE3 = 1 | SSSE3 = 1 | AVX = 1 | AVX2 = 1 | F16C = 1 | FMA = 1 | BMI2 = 1 | LLAMAFILE = 1 | OPENMP = 1 | REPACK = 1 | 
0.02.127.546 I kl_divergence: computing over 5 chunks, n_ctx=32768, batch_size=2048, n_seq=1
0.10.693.664 I kl_divergence: 8.57 seconds per pass - ETA 0.70 minutes

chunk             PPL               ln(PPL(Q)/PPL(base))          KL Divergence              Δp RMS            Same top p        Same sampled p
   1      13.6599 ±    0.3045       0.06692 ±    0.00385       0.08531 ±    0.00092     7.109 ±  0.105 %    85.027 ±  0.279 %    39.604 ±  0.257 %
   2      12.7749 ±    0.2036       0.06639 ±    0.00271       0.08641 ±    0.00072     7.302 ±  0.085 %    85.702 ±  0.193 %    41.414 ±  0.186 %
   3      13.8809 ±    0.1823       0.06560 ±    0.00224       0.08811 ±    0.00060     7.183 ±  0.068 %    85.298 ±  0.160 %    39.896 ±  0.150 %
   4      13.4573 ±    0.1532       0.06753 ±    0.00197       0.09004 ±    0.00052     7.336 ±  0.059 %    85.300 ±  0.138 %    40.647 ±  0.131 %
   5      12.7864 ±    0.1289       0.06592 ±    0.00176       0.08913 ±    0.00051     7.267 ±  0.052 %    85.594 ±  0.123 %    41.231 ±  0.117 %

====== Perplexity statistics ======
Mean PPL(Q)                   :  12.786385 ±   0.128946
Mean PPL(base)                :  11.970705 ±   0.119397
Cor(ln(PPL(Q)), ln(PPL(base))):  98.46%
Mean ln(PPL(Q)/PPL(base))     :   0.065918 ±   0.001762
Mean PPL(Q)/PPL(base)         :   1.068140 ±   0.001882
Mean PPL(Q)-PPL(base)         :   0.815679 ±   0.023756

====== KL divergence statistics ======
Mean    KLD:   0.089126 ±   0.000508
Maximum KLD:  11.389132
99.9%   KLD:   1.480038
99.0%   KLD:   0.598244
95.0%   KLD:   0.281085
90.0%   KLD:   0.194079
Median  KLD:   0.055880
10.0%   KLD:   0.002022
 5.0%   KLD:   0.000428
 1.0%   KLD:   0.000052
 0.1%   KLD:   0.000006
Minimum KLD:  -0.000001

====== Token probability statistics ======
Mean    Δp: -0.880 ± 0.025 %
Maximum Δp: 91.502%
99.9%   Δp: 36.197%
99.0%   Δp: 18.874%
95.0%   Δp:  8.758%
90.0%   Δp:  4.870%
75.0%   Δp:  0.619%
Median  Δp: -0.031%
25.0%   Δp: -1.906%
10.0%   Δp: -7.632%
 5.0%   Δp: -12.620%
 1.0%   Δp: -25.972%
 0.1%   Δp: -51.126%
Minimum Δp: -95.584%
RMS Δp    :  7.267 ± 0.052 %
Same top p: 85.594 ± 0.123 %
Same sampled p: 41.231 ± 0.117 %

------------------------------
# llama-perplexity: version: 0.4.7-dev (build 11840, commit a740376d8-dirty) | built with GNU 15.3.0 for Linux x86_64
# model: /home/crusaderky/.cache/huggingface/hub/models--NANI-Nithin--MiniCPM5-2B-GGUF/snapshots/eb12985b999c83da2c982e76c503813be5476ead/MiniCPM5-2B-IQ4_XS.gguf size=1423508736 mtime=2026-09-14T23:48:06+00:00 sha256/1048576B=3262e58edb6011d9d5c2e18ddfdbb0f5330283aa6656fa7c4852f37b3ae26f32
llama-perplexity --kl-divergence-base /tmp/logits.dat --ctx-size 32768 -f sample-data/wiki.test.head-2.4k.raw -fa on --hf-repo NANI-Nithin/MiniCPM5-2B-GGUF:IQ4_XS --cache-type-k q5_0 --cache-type-v q4_1 --kl-divergence
0.01.426.352 I cmn          init: llama threadpool init, n_threads = 16
0.01.477.169 I 
0.01.477.237 I system_info: n_threads = 16 (n_threads_batch = 16) / 32 | CUDA : ARCHS = 750,800,860,890,900,1000,1030,1200,1210 | USE_GRAPHS = 1 | FA_ALL_QUANTS = 1 | CPU : SSE3 = 1 | SSSE3 = 1 | AVX = 1 | AVX2 = 1 | F16C = 1 | FMA = 1 | BMI2 = 1 | LLAMAFILE = 1 | OPENMP = 1 | REPACK = 1 | 
0.01.771.761 I kl_divergence: computing over 5 chunks, n_ctx=32768, batch_size=2048, n_seq=1
0.09.809.122 I kl_divergence: 8.04 seconds per pass - ETA 0.67 minutes

chunk             PPL               ln(PPL(Q)/PPL(base))          KL Divergence              Δp RMS            Same top p        Same sampled p
   1      13.7028 ±    0.3050       0.07005 ±    0.00404       0.09297 ±    0.00097     7.455 ±  0.108 %    84.264 ±  0.285 %    39.404 ±  0.257 %
   2      12.8229 ±    0.2041       0.07014 ±    0.00284       0.09434 ±    0.00075     7.649 ±  0.084 %    84.994 ±  0.197 %    41.200 ±  0.186 %
   3      13.9256 ±    0.1826       0.06882 ±    0.00234       0.09618 ±    0.00063     7.528 ±  0.068 %    84.521 ±  0.163 %    39.683 ±  0.150 %
   4      13.5071 ±    0.1536       0.07123 ±    0.00207       0.09858 ±    0.00057     7.692 ±  0.061 %    84.481 ±  0.141 %    40.428 ±  0.130 %
   5      12.8427 ±    0.1294       0.07031 ±    0.00184       0.09728 ±    0.00054     7.617 ±  0.055 %    84.798 ±  0.125 %    41.020 ±  0.117 %

====== Perplexity statistics ======
Mean PPL(Q)                   :  12.842663 ±   0.129355
Mean PPL(base)                :  11.970705 ±   0.119397
Cor(ln(PPL(Q)), ln(PPL(base))):  98.32%
Mean ln(PPL(Q)/PPL(base))     :   0.070310 ±   0.001839
Mean PPL(Q)/PPL(base)         :   1.072841 ±   0.001973
Mean PPL(Q)-PPL(base)         :   0.871958 ±   0.024849

====== KL divergence statistics ======
Mean    KLD:   0.097282 ±   0.000542
Maximum KLD:  11.188200
99.9%   KLD:   1.673412
99.0%   KLD:   0.643895
95.0%   KLD:   0.309520
90.0%   KLD:   0.213232
Median  KLD:   0.060494
10.0%   KLD:   0.002242
 5.0%   KLD:   0.000492
 1.0%   KLD:   0.000060
 0.1%   KLD:   0.000008
Minimum KLD:  -0.000003

====== Token probability statistics ======
Mean    Δp: -1.044 ± 0.026 %
Maximum Δp: 87.768%
99.9%   Δp: 37.702%
99.0%   Δp: 19.574%
95.0%   Δp:  8.930%
90.0%   Δp:  4.811%
75.0%   Δp:  0.568%
Median  Δp: -0.044%
25.0%   Δp: -2.109%
10.0%   Δp: -8.151%
 5.0%   Δp: -13.444%
 1.0%   Δp: -27.451%
 0.1%   Δp: -53.068%
Minimum Δp: -98.886%
RMS Δp    :  7.617 ± 0.055 %
Same top p: 84.798 ± 0.125 %
Same sampled p: 41.020 ± 0.117 %

------------------------------
# llama-perplexity: version: 0.4.7-dev (build 11840, commit a740376d8-dirty) | built with GNU 15.3.0 for Linux x86_64
# model: /home/crusaderky/.cache/huggingface/hub/models--NANI-Nithin--MiniCPM5-2B-GGUF/snapshots/eb12985b999c83da2c982e76c503813be5476ead/MiniCPM5-2B-IQ4_XS.gguf size=1423508736 mtime=2026-09-14T23:48:06+00:00 sha256/1048576B=3262e58edb6011d9d5c2e18ddfdbb0f5330283aa6656fa7c4852f37b3ae26f32
llama-perplexity --kl-divergence-base /tmp/logits.dat --ctx-size 32768 -f sample-data/wiki.test.head-2.4k.raw -fa on --hf-repo NANI-Nithin/MiniCPM5-2B-GGUF:IQ4_XS --cache-type-k q5_0 --cache-type-v q4_0 --kl-divergence
0.01.433.566 I cmn          init: llama threadpool init, n_threads = 16
0.01.482.759 I 
0.01.482.820 I system_info: n_threads = 16 (n_threads_batch = 16) / 32 | CUDA : ARCHS = 750,800,860,890,900,1000,1030,1200,1210 | USE_GRAPHS = 1 | FA_ALL_QUANTS = 1 | CPU : SSE3 = 1 | SSSE3 = 1 | AVX = 1 | AVX2 = 1 | F16C = 1 | FMA = 1 | BMI2 = 1 | LLAMAFILE = 1 | OPENMP = 1 | REPACK = 1 | 
0.01.771.229 I kl_divergence: computing over 5 chunks, n_ctx=32768, batch_size=2048, n_seq=1
0.09.671.513 I kl_divergence: 7.90 seconds per pass - ETA 0.65 minutes

chunk             PPL               ln(PPL(Q)/PPL(base))          KL Divergence              Δp RMS            Same top p        Same sampled p
   1      13.7402 ±    0.3059       0.07278 ±    0.00404       0.09275 ±    0.00100     7.398 ±  0.107 %    84.466 ±  0.283 %    39.370 ±  0.257 %
   2      12.8392 ±    0.2042       0.07140 ±    0.00287       0.09476 ±    0.00081     7.625 ±  0.085 %    85.076 ±  0.197 %    41.158 ±  0.186 %
   3      13.9294 ±    0.1824       0.06909 ±    0.00236       0.09680 ±    0.00067     7.526 ±  0.069 %    84.698 ±  0.162 %    39.619 ±  0.150 %
   4      13.5065 ±    0.1534       0.07118 ±    0.00208       0.09916 ±    0.00061     7.696 ±  0.061 %    84.673 ±  0.141 %    40.371 ±  0.130 %
   5      12.8359 ±    0.1291       0.06978 ±    0.00185       0.09788 ±    0.00057     7.620 ±  0.054 %    84.966 ±  0.125 %    40.955 ±  0.117 %

====== Perplexity statistics ======
Mean PPL(Q)                   :  12.835855 ±   0.129108
Mean PPL(base)                :  11.970705 ±   0.119397
Cor(ln(PPL(Q)), ln(PPL(base))):  98.30%
Mean ln(PPL(Q)/PPL(base))     :   0.069780 ±   0.001847
Mean PPL(Q)/PPL(base)         :   1.072272 ±   0.001981
Mean PPL(Q)-PPL(base)         :   0.865149 ±   0.024851

====== KL divergence statistics ======
Mean    KLD:   0.097884 ±   0.000570
Maximum KLD:  11.231929
99.9%   KLD:   1.652587
99.0%   KLD:   0.653126
95.0%   KLD:   0.311128
90.0%   KLD:   0.213898
Median  KLD:   0.061009
10.0%   KLD:   0.002356
 5.0%   KLD:   0.000494
 1.0%   KLD:   0.000059
 0.1%   KLD:   0.000008
Minimum KLD:  -0.000001

====== Token probability statistics ======
Mean    Δp: -1.106 ± 0.026 %
Maximum Δp: 86.354%
99.9%   Δp: 37.103%
99.0%   Δp: 19.536%
95.0%   Δp:  8.724%
90.0%   Δp:  4.691%
75.0%   Δp:  0.553%
Median  Δp: -0.046%
25.0%   Δp: -2.177%
10.0%   Δp: -8.363%
 5.0%   Δp: -13.573%
 1.0%   Δp: -27.989%
 0.1%   Δp: -54.049%
Minimum Δp: -92.499%
RMS Δp    :  7.620 ± 0.054 %
Same top p: 84.966 ± 0.125 %
Same sampled p: 40.955 ± 0.117 %

------------------------------
# llama-perplexity: version: 0.4.7-dev (build 11840, commit a740376d8-dirty) | built with GNU 15.3.0 for Linux x86_64
# model: /home/crusaderky/.cache/huggingface/hub/models--NANI-Nithin--MiniCPM5-2B-GGUF/snapshots/eb12985b999c83da2c982e76c503813be5476ead/MiniCPM5-2B-IQ4_XS.gguf size=1423508736 mtime=2026-09-14T23:48:06+00:00 sha256/1048576B=3262e58edb6011d9d5c2e18ddfdbb0f5330283aa6656fa7c4852f37b3ae26f32
llama-perplexity --kl-divergence-base /tmp/logits.dat --ctx-size 32768 -f sample-data/wiki.test.head-2.4k.raw -fa on --hf-repo NANI-Nithin/MiniCPM5-2B-GGUF:IQ4_XS --cache-type-k q5_0 --cache-type-v q3_0 --kl-divergence
0.01.415.493 I cmn          init: llama threadpool init, n_threads = 16
0.01.467.677 I 
0.01.467.744 I system_info: n_threads = 16 (n_threads_batch = 16) / 32 | CUDA : ARCHS = 750,800,860,890,900,1000,1030,1200,1210 | USE_GRAPHS = 1 | FA_ALL_QUANTS = 1 | CPU : SSE3 = 1 | SSSE3 = 1 | AVX = 1 | AVX2 = 1 | F16C = 1 | FMA = 1 | BMI2 = 1 | LLAMAFILE = 1 | OPENMP = 1 | REPACK = 1 | 
0.01.761.546 I kl_divergence: computing over 5 chunks, n_ctx=32768, batch_size=2048, n_seq=1
0.09.734.370 I kl_divergence: 7.97 seconds per pass - ETA 0.65 minutes

chunk             PPL               ln(PPL(Q)/PPL(base))          KL Divergence              Δp RMS            Same top p        Same sampled p
   1      13.8757 ±    0.3087       0.08260 ±    0.00436       0.10631 ±    0.00113     7.957 ±  0.112 %    83.233 ±  0.292 %    39.099 ±  0.257 %
   2      12.9621 ±    0.2061       0.08093 ±    0.00310       0.10750 ±    0.00099     8.132 ±  0.088 %    84.029 ±  0.202 %    40.906 ±  0.186 %
   3      14.0987 ±    0.1849       0.08117 ±    0.00254       0.11045 ±    0.00081     8.031 ±  0.071 %    83.640 ±  0.167 %    39.389 ±  0.149 %
   4      13.6861 ±    0.1557       0.08439 ±    0.00224       0.11319 ±    0.00071     8.231 ±  0.063 %    83.568 ±  0.145 %    40.132 ±  0.130 %
   5      12.9863 ±    0.1308       0.08143 ±    0.00200       0.11124 ±    0.00067     8.152 ±  0.056 %    83.937 ±  0.128 %    40.702 ±  0.117 %

====== Perplexity statistics ======
Mean PPL(Q)                   :  12.986324 ±   0.130777
Mean PPL(base)                :  11.970705 ±   0.119397
Cor(ln(PPL(Q)), ln(PPL(base))):  98.02%
Mean ln(PPL(Q)/PPL(base))     :   0.081434 ±   0.001996
Mean PPL(Q)/PPL(base)         :   1.084842 ±   0.002165
Mean PPL(Q)-PPL(base)         :   1.015619 ±   0.027337

====== KL divergence statistics ======
Mean    KLD:   0.111240 ±   0.000669
Maximum KLD:  13.242228
99.9%   KLD:   1.894156
99.0%   KLD:   0.760495
95.0%   KLD:   0.351438
90.0%   KLD:   0.242593
Median  KLD:   0.069003
10.0%   KLD:   0.002829
 5.0%   KLD:   0.000632
 1.0%   KLD:   0.000080
 0.1%   KLD:   0.000009
Minimum KLD:  -0.000004

====== Token probability statistics ======
Mean    Δp: -1.328 ± 0.028 %
Maximum Δp: 84.507%
99.9%   Δp: 40.016%
99.0%   Δp: 19.892%
95.0%   Δp:  9.010%
90.0%   Δp:  4.769%
75.0%   Δp:  0.505%
Median  Δp: -0.067%
25.0%   Δp: -2.500%
10.0%   Δp: -9.058%
 5.0%   Δp: -14.877%
 1.0%   Δp: -30.378%
 0.1%   Δp: -57.461%
Minimum Δp: -99.990%
RMS Δp    :  8.152 ± 0.056 %
Same top p: 83.937 ± 0.128 %
Same sampled p: 40.702 ± 0.117 %

------------------------------
# llama-perplexity: version: 0.4.7-dev (build 11840, commit a740376d8-dirty) | built with GNU 15.3.0 for Linux x86_64
# model: /home/crusaderky/.cache/huggingface/hub/models--NANI-Nithin--MiniCPM5-2B-GGUF/snapshots/eb12985b999c83da2c982e76c503813be5476ead/MiniCPM5-2B-IQ4_XS.gguf size=1423508736 mtime=2026-09-14T23:48:06+00:00 sha256/1048576B=3262e58edb6011d9d5c2e18ddfdbb0f5330283aa6656fa7c4852f37b3ae26f32
llama-perplexity --kl-divergence-base /tmp/logits.dat --ctx-size 32768 -f sample-data/wiki.test.head-2.4k.raw -fa on --hf-repo NANI-Nithin/MiniCPM5-2B-GGUF:IQ4_XS --cache-type-k q4_0 --cache-type-v q4_0 --kl-divergence
0.01.433.656 I cmn          init: llama threadpool init, n_threads = 16
0.01.485.677 I 
0.01.485.747 I system_info: n_threads = 16 (n_threads_batch = 16) / 32 | CUDA : ARCHS = 750,800,860,890,900,1000,1030,1200,1210 | USE_GRAPHS = 1 | FA_ALL_QUANTS = 1 | CPU : SSE3 = 1 | SSSE3 = 1 | AVX = 1 | AVX2 = 1 | F16C = 1 | FMA = 1 | BMI2 = 1 | LLAMAFILE = 1 | OPENMP = 1 | REPACK = 1 | 
0.01.782.061 I kl_divergence: computing over 5 chunks, n_ctx=32768, batch_size=2048, n_seq=1
0.09.701.173 I kl_divergence: 7.92 seconds per pass - ETA 0.65 minutes

chunk             PPL               ln(PPL(Q)/PPL(base))          KL Divergence              Δp RMS            Same top p        Same sampled p
   1      13.8882 ±    0.3093       0.08349 ±    0.00447       0.11043 ±    0.00121     8.101 ±  0.119 %    83.178 ±  0.292 %    39.013 ±  0.257 %
   2      12.9800 ±    0.2065       0.08231 ±    0.00316       0.11278 ±    0.00098     8.360 ±  0.091 %    83.901 ±  0.203 %    40.803 ±  0.186 %
   3      14.1180 ±    0.1850       0.08254 ±    0.00261       0.11591 ±    0.00081     8.299 ±  0.074 %    83.275 ±  0.168 %    39.248 ±  0.149 %
   4      13.6810 ±    0.1555       0.08402 ±    0.00230       0.11807 ±    0.00072     8.427 ±  0.065 %    83.400 ±  0.145 %    40.028 ±  0.130 %
   5      12.9905 ±    0.1307       0.08176 ±    0.00204       0.11688 ±    0.00068     8.394 ±  0.059 %    83.665 ±  0.129 %    40.605 ±  0.117 %

====== Perplexity statistics ======
Mean PPL(Q)                   :  12.990538 ±   0.130745
Mean PPL(base)                :  11.970705 ±   0.119397
Cor(ln(PPL(Q)), ln(PPL(base))):  97.93%
Mean ln(PPL(Q)/PPL(base))     :   0.081759 ±   0.002041
Mean PPL(Q)/PPL(base)         :   1.085194 ±   0.002215
Mean PPL(Q)-PPL(base)         :   1.019833 ±   0.027840

====== KL divergence statistics ======
Mean    KLD:   0.116878 ±   0.000677
Maximum KLD:  11.001432
99.9%   KLD:   2.061943
99.0%   KLD:   0.812864
95.0%   KLD:   0.373961
90.0%   KLD:   0.254597
Median  KLD:   0.071879
10.0%   KLD:   0.002974
 5.0%   KLD:   0.000656
 1.0%   KLD:   0.000083
 0.1%   KLD:   0.000010
Minimum KLD:  -0.000001

====== Token probability statistics ======
Mean    Δp: -1.345 ± 0.029 %
Maximum Δp: 90.480%
99.9%   Δp: 41.120%
99.0%   Δp: 20.838%
95.0%   Δp:  9.211%
90.0%   Δp:  4.976%
75.0%   Δp:  0.527%
Median  Δp: -0.069%
25.0%   Δp: -2.524%
10.0%   Δp: -9.290%
 5.0%   Δp: -15.312%
 1.0%   Δp: -30.730%
 0.1%   Δp: -59.350%
Minimum Δp: -97.274%
RMS Δp    :  8.394 ± 0.059 %
Same top p: 83.665 ± 0.129 %
Same sampled p: 40.605 ± 0.117 %

------------------------------
# llama-perplexity: version: 0.4.7-dev (build 11840, commit a740376d8-dirty) | built with GNU 15.3.0 for Linux x86_64
# model: /home/crusaderky/.cache/huggingface/hub/models--NANI-Nithin--MiniCPM5-2B-GGUF/snapshots/eb12985b999c83da2c982e76c503813be5476ead/MiniCPM5-2B-IQ4_XS.gguf size=1423508736 mtime=2026-09-14T23:48:06+00:00 sha256/1048576B=3262e58edb6011d9d5c2e18ddfdbb0f5330283aa6656fa7c4852f37b3ae26f32
llama-perplexity --kl-divergence-base /tmp/logits.dat --ctx-size 32768 -f sample-data/wiki.test.head-2.4k.raw -fa on --hf-repo NANI-Nithin/MiniCPM5-2B-GGUF:IQ4_XS --cache-type-k q4_0 --cache-type-v q4_0 --kv-tail-tokens 128 --kl-divergence
0.01.881.178 I cmn          init: llama threadpool init, n_threads = 16
0.01.936.115 I 
0.01.936.176 I system_info: n_threads = 16 (n_threads_batch = 16) / 32 | CUDA : ARCHS = 750,800,860,890,900,1000,1030,1200,1210 | USE_GRAPHS = 1 | FA_ALL_QUANTS = 1 | CPU : SSE3 = 1 | SSSE3 = 1 | AVX = 1 | AVX2 = 1 | F16C = 1 | FMA = 1 | BMI2 = 1 | LLAMAFILE = 1 | OPENMP = 1 | REPACK = 1 | 
0.02.226.447 I kl_divergence: computing over 5 chunks, n_ctx=32768, batch_size=2048, n_seq=1
0.10.683.654 I kl_divergence: 8.46 seconds per pass - ETA 0.70 minutes

chunk             PPL               ln(PPL(Q)/PPL(base))          KL Divergence              Δp RMS            Same top p        Same sampled p
   1      13.7052 ±    0.3049       0.07023 ±    0.00393       0.08916 ±    0.00094     7.226 ±  0.102 %    84.435 ±  0.283 %    39.433 ±  0.257 %
   2      12.8113 ±    0.2037       0.06923 ±    0.00280       0.09066 ±    0.00085     7.471 ±  0.086 %    85.238 ±  0.196 %    41.245 ±  0.186 %
   3      13.8919 ±    0.1819       0.06640 ±    0.00230       0.09211 ±    0.00068     7.365 ±  0.070 %    84.811 ±  0.162 %    39.717 ±  0.150 %
   4      13.4688 ±    0.1530       0.06838 ±    0.00203       0.09401 ±    0.00058     7.489 ±  0.060 %    84.856 ±  0.140 %    40.482 ±  0.131 %
   5      12.8039 ±    0.1288       0.06729 ±    0.00181       0.09323 ±    0.00054     7.452 ±  0.053 %    85.126 ±  0.124 %    41.055 ±  0.117 %

====== Perplexity statistics ======
Mean PPL(Q)                   :  12.803881 ±   0.128814
Mean PPL(base)                :  11.970705 ±   0.119397
Cor(ln(PPL(Q)), ln(PPL(base))):  98.38%
Mean ln(PPL(Q)/PPL(base))     :   0.067286 ±   0.001807
Mean PPL(Q)/PPL(base)         :   1.069601 ±   0.001933
Mean PPL(Q)-PPL(base)         :   0.833176 ±   0.024246

====== KL divergence statistics ======
Mean    KLD:   0.093232 ±   0.000544
Maximum KLD:  12.062121
99.9%   KLD:   1.563786
99.0%   KLD:   0.617451
95.0%   KLD:   0.295424
90.0%   KLD:   0.203116
Median  KLD:   0.058395
10.0%   KLD:   0.002196
 5.0%   KLD:   0.000469
 1.0%   KLD:   0.000054
 0.1%   KLD:   0.000007
Minimum KLD:  -0.000002

====== Token probability statistics ======
Mean    Δp: -1.024 ± 0.026 %
Maximum Δp: 85.337%
99.9%   Δp: 36.592%
99.0%   Δp: 19.304%
95.0%   Δp:  8.663%
90.0%   Δp:  4.720%
75.0%   Δp:  0.565%
Median  Δp: -0.039%
25.0%   Δp: -2.068%
10.0%   Δp: -8.027%
 5.0%   Δp: -13.169%
 1.0%   Δp: -26.773%
 0.1%   Δp: -53.092%
Minimum Δp: -99.605%
RMS Δp    :  7.452 ± 0.053 %
Same top p: 85.126 ± 0.124 %
Same sampled p: 41.055 ± 0.117 %

------------------------------
# llama-perplexity: version: 0.4.7-dev (build 11840, commit a740376d8-dirty) | built with GNU 15.3.0 for Linux x86_64
# model: /home/crusaderky/.cache/huggingface/hub/models--NANI-Nithin--MiniCPM5-2B-GGUF/snapshots/eb12985b999c83da2c982e76c503813be5476ead/MiniCPM5-2B-IQ4_XS.gguf size=1423508736 mtime=2026-09-14T23:48:06+00:00 sha256/1048576B=3262e58edb6011d9d5c2e18ddfdbb0f5330283aa6656fa7c4852f37b3ae26f32
llama-perplexity --kl-divergence-base /tmp/logits.dat --ctx-size 32768 -f sample-data/wiki.test.head-2.4k.raw -fa on --hf-repo NANI-Nithin/MiniCPM5-2B-GGUF:IQ4_XS --cache-type-k q4_0 --cache-type-v q3_0 --kl-divergence
0.01.488.243 I cmn          init: llama threadpool init, n_threads = 16
0.01.540.516 I 
0.01.540.585 I system_info: n_threads = 16 (n_threads_batch = 16) / 32 | CUDA : ARCHS = 750,800,860,890,900,1000,1030,1200,1210 | USE_GRAPHS = 1 | FA_ALL_QUANTS = 1 | CPU : SSE3 = 1 | SSSE3 = 1 | AVX = 1 | AVX2 = 1 | F16C = 1 | FMA = 1 | BMI2 = 1 | LLAMAFILE = 1 | OPENMP = 1 | REPACK = 1 | 
0.01.822.104 I kl_divergence: computing over 5 chunks, n_ctx=32768, batch_size=2048, n_seq=1
0.09.788.020 I kl_divergence: 7.97 seconds per pass - ETA 0.65 minutes

chunk             PPL               ln(PPL(Q)/PPL(base))          KL Divergence              Δp RMS            Same top p        Same sampled p
   1      14.0258 ±    0.3114       0.09335 ±    0.00465       0.12205 ±    0.00129     8.630 ±  0.130 %    82.366 ±  0.298 %    38.743 ±  0.256 %
   2      13.0805 ±    0.2076       0.09003 ±    0.00330       0.12474 ±    0.00103     8.905 ±  0.101 %    83.053 ±  0.207 %    40.549 ±  0.186 %
   3      14.2590 ±    0.1867       0.09248 ±    0.00273       0.12829 ±    0.00086     8.798 ±  0.080 %    82.547 ±  0.171 %    39.018 ±  0.149 %
   4      13.8184 ±    0.1569       0.09401 ±    0.00240       0.13108 ±    0.00076     8.935 ±  0.069 %    82.454 ±  0.149 %    39.764 ±  0.130 %
   5      13.1126 ±    0.1318       0.09111 ±    0.00213       0.12910 ±    0.00070     8.861 ±  0.061 %    82.796 ±  0.132 %    40.342 ±  0.117 %

====== Perplexity statistics ======
Mean PPL(Q)                   :  13.112561 ±   0.131828
Mean PPL(base)                :  11.970705 ±   0.119397
Cor(ln(PPL(Q)), ln(PPL(base))):  97.74%
Mean ln(PPL(Q)/PPL(base))     :   0.091108 ±   0.002131
Mean PPL(Q)/PPL(base)         :   1.095388 ±   0.002334
Mean PPL(Q)-PPL(base)         :   1.141856 ±   0.029432

====== KL divergence statistics ======
Mean    KLD:   0.129098 ±   0.000702
Maximum KLD:  11.435286
99.9%   KLD:   2.133549
99.0%   KLD:   0.864015
95.0%   KLD:   0.415905
90.0%   KLD:   0.285347
Median  KLD:   0.079692
10.0%   KLD:   0.003502
 5.0%   KLD:   0.000834
 1.0%   KLD:   0.000105
 0.1%   KLD:   0.000012
Minimum KLD:  -0.000003

====== Token probability statistics ======
Mean    Δp: -1.592 ± 0.030 %
Maximum Δp: 89.940%
99.9%   Δp: 42.786%
99.0%   Δp: 20.816%
95.0%   Δp:  9.292%
90.0%   Δp:  4.853%
75.0%   Δp:  0.471%
Median  Δp: -0.095%
25.0%   Δp: -2.823%
10.0%   Δp: -10.004%
 5.0%   Δp: -16.352%
 1.0%   Δp: -33.484%
 0.1%   Δp: -62.419%
Minimum Δp: -98.080%
RMS Δp    :  8.861 ± 0.061 %
Same top p: 82.796 ± 0.132 %
Same sampled p: 40.342 ± 0.117 %

------------------------------
# llama-perplexity: version: 0.4.7-dev (build 11840, commit a740376d8-dirty) | built with GNU 15.3.0 for Linux x86_64
# model: /home/crusaderky/.cache/huggingface/hub/models--NANI-Nithin--MiniCPM5-2B-GGUF/snapshots/eb12985b999c83da2c982e76c503813be5476ead/MiniCPM5-2B-IQ4_XS.gguf size=1423508736 mtime=2026-09-14T23:48:06+00:00 sha256/1048576B=3262e58edb6011d9d5c2e18ddfdbb0f5330283aa6656fa7c4852f37b3ae26f32
llama-perplexity --kl-divergence-base /tmp/logits.dat --ctx-size 32768 -f sample-data/wiki.test.head-2.4k.raw -fa on --hf-repo NANI-Nithin/MiniCPM5-2B-GGUF:IQ4_XS --cache-type-k q4_0 --cache-type-v q3_0 --kv-tail-tokens 128 --kl-divergence
0.01.843.918 I cmn          init: llama threadpool init, n_threads = 16
0.01.896.827 I 
0.01.896.894 I system_info: n_threads = 16 (n_threads_batch = 16) / 32 | CUDA : ARCHS = 750,800,860,890,900,1000,1030,1200,1210 | USE_GRAPHS = 1 | FA_ALL_QUANTS = 1 | CPU : SSE3 = 1 | SSSE3 = 1 | AVX = 1 | AVX2 = 1 | F16C = 1 | FMA = 1 | BMI2 = 1 | LLAMAFILE = 1 | OPENMP = 1 | REPACK = 1 | 
0.02.184.269 I kl_divergence: computing over 5 chunks, n_ctx=32768, batch_size=2048, n_seq=1
0.10.869.350 I kl_divergence: 8.69 seconds per pass - ETA 0.72 minutes

chunk             PPL               ln(PPL(Q)/PPL(base))          KL Divergence              Δp RMS            Same top p        Same sampled p
   1      13.7335 ±    0.3058       0.07229 ±    0.00399       0.09211 ±    0.00097     7.421 ±  0.108 %    84.484 ±  0.283 %    39.417 ±  0.257 %
   2      12.8111 ±    0.2040       0.06921 ±    0.00280       0.09143 ±    0.00073     7.472 ±  0.083 %    85.219 ±  0.196 %    41.284 ±  0.186 %
   3      13.9135 ±    0.1826       0.06795 ±    0.00231       0.09319 ±    0.00061     7.378 ±  0.067 %    84.791 ±  0.162 %    39.762 ±  0.150 %
   4      13.5088 ±    0.1538       0.07135 ±    0.00204       0.09541 ±    0.00054     7.544 ±  0.060 %    84.751 ±  0.140 %    40.508 ±  0.131 %
   5      12.8302 ±    0.1293       0.06934 ±    0.00181       0.09442 ±    0.00053     7.505 ±  0.054 %    85.047 ±  0.125 %    41.082 ±  0.117 %

====== Perplexity statistics ======
Mean PPL(Q)                   :  12.830207 ±   0.129326
Mean PPL(base)                :  11.970705 ±   0.119397
Cor(ln(PPL(Q)), ln(PPL(base))):  98.37%
Mean ln(PPL(Q)/PPL(base))     :   0.069340 ±   0.001813
Mean PPL(Q)/PPL(base)         :   1.071800 ±   0.001943
Mean PPL(Q)-PPL(base)         :   0.859502 ±   0.024531

====== KL divergence statistics ======
Mean    KLD:   0.094424 ±   0.000533
Maximum KLD:  11.268724
99.9%   KLD:   1.566574
99.0%   KLD:   0.625476
95.0%   KLD:   0.299843
90.0%   KLD:   0.206412
Median  KLD:   0.059114
10.0%   KLD:   0.002231
 5.0%   KLD:   0.000483
 1.0%   KLD:   0.000057
 0.1%   KLD:   0.000006
Minimum KLD:  -0.000002

====== Token probability statistics ======
Mean    Δp: -0.998 ± 0.026 %
Maximum Δp: 92.152%
99.9%   Δp: 37.543%
99.0%   Δp: 19.401%
95.0%   Δp:  8.839%
90.0%   Δp:  4.785%
75.0%   Δp:  0.599%
Median  Δp: -0.039%
25.0%   Δp: -2.052%
10.0%   Δp: -8.073%
 5.0%   Δp: -13.201%
 1.0%   Δp: -27.266%
 0.1%   Δp: -54.289%
Minimum Δp: -90.862%
RMS Δp    :  7.505 ± 0.054 %
Same top p: 85.047 ± 0.125 %
Same sampled p: 41.082 ± 0.117 %

------------------------------
# llama-perplexity: version: 0.4.7-dev (build 11840, commit a740376d8-dirty) | built with GNU 15.3.0 for Linux x86_64
# model: /home/crusaderky/.cache/huggingface/hub/models--NANI-Nithin--MiniCPM5-2B-GGUF/snapshots/eb12985b999c83da2c982e76c503813be5476ead/MiniCPM5-2B-IQ4_XS.gguf size=1423508736 mtime=2026-09-14T23:48:06+00:00 sha256/1048576B=3262e58edb6011d9d5c2e18ddfdbb0f5330283aa6656fa7c4852f37b3ae26f32
llama-perplexity --kl-divergence-base /tmp/logits.dat --ctx-size 32768 -f sample-data/wiki.test.head-2.4k.raw -fa on --hf-repo NANI-Nithin/MiniCPM5-2B-GGUF:IQ4_XS --cache-type-k q3_0 --cache-type-v q3_0 --kl-divergence
0.01.426.876 I cmn          init: llama threadpool init, n_threads = 16
0.01.478.185 I 
0.01.478.251 I system_info: n_threads = 16 (n_threads_batch = 16) / 32 | CUDA : ARCHS = 750,800,860,890,900,1000,1030,1200,1210 | USE_GRAPHS = 1 | FA_ALL_QUANTS = 1 | CPU : SSE3 = 1 | SSSE3 = 1 | AVX = 1 | AVX2 = 1 | F16C = 1 | FMA = 1 | BMI2 = 1 | LLAMAFILE = 1 | OPENMP = 1 | REPACK = 1 | 
0.01.768.429 I kl_divergence: computing over 5 chunks, n_ctx=32768, batch_size=2048, n_seq=1
0.09.802.501 I kl_divergence: 8.03 seconds per pass - ETA 0.67 minutes

chunk             PPL               ln(PPL(Q)/PPL(base))          KL Divergence              Δp RMS            Same top p        Same sampled p
   1      15.1790 ±    0.3403       0.17236 ±    0.00616       0.21329 ±    0.00227    11.960 ±  0.167 %    77.471 ±  0.326 %    37.008 ±  0.254 %
   2      14.1769 ±    0.2274       0.17052 ±    0.00439       0.21598 ±    0.00173    12.030 ±  0.119 %    78.212 ±  0.228 %    38.832 ±  0.184 %
   3      15.3346 ±    0.2022       0.16520 ±    0.00361       0.22048 ±    0.00145    11.821 ±  0.096 %    77.692 ±  0.188 %    37.373 ±  0.148 %
   4      14.8156 ±    0.1691       0.16369 ±    0.00317       0.22397 ±    0.00129    11.943 ±  0.083 %    77.658 ±  0.163 %    38.085 ±  0.129 %
   5      14.0504 ±    0.1420       0.16019 ±    0.00280       0.21993 ±    0.00114    11.841 ±  0.074 %    77.992 ±  0.145 %    38.665 ±  0.116 %

====== Perplexity statistics ======
Mean PPL(Q)                   :  14.050381 ±   0.141967
Mean PPL(base)                :  11.970705 ±   0.119397
Cor(ln(PPL(Q)), ln(PPL(base))):  96.11%
Mean ln(PPL(Q)/PPL(base))     :   0.160187 ±   0.002804
Mean PPL(Q)/PPL(base)         :   1.173730 ±   0.003291
Mean PPL(Q)-PPL(base)         :   2.079676 ±   0.042763

====== KL divergence statistics ======
Mean    KLD:   0.219931 ±   0.001142
Maximum KLD:  11.791667
99.9%   KLD:   3.561840
99.0%   KLD:   1.471284
95.0%   KLD:   0.713760
90.0%   KLD:   0.486335
Median  KLD:   0.134988
10.0%   KLD:   0.007869
 5.0%   KLD:   0.002325
 1.0%   KLD:   0.000318
 0.1%   KLD:   0.000031
Minimum KLD:  -0.000000

====== Token probability statistics ======
Mean    Δp: -2.947 ± 0.040 %
Maximum Δp: 91.289%
99.9%   Δp: 49.718%
99.0%   Δp: 25.132%
95.0%   Δp: 10.381%
90.0%   Δp:  5.128%
75.0%   Δp:  0.309%
Median  Δp: -0.313%
25.0%   Δp: -4.716%
10.0%   Δp: -14.817%
 5.0%   Δp: -23.519%
 1.0%   Δp: -46.527%
 0.1%   Δp: -80.180%
Minimum Δp: -98.568%
RMS Δp    : 11.841 ± 0.074 %
Same top p: 77.992 ± 0.145 %
Same sampled p: 38.665 ± 0.116 %

------------------------------
# llama-perplexity: version: 0.4.7-dev (build 11840, commit a740376d8-dirty) | built with GNU 15.3.0 for Linux x86_64
# model: /home/crusaderky/.cache/huggingface/hub/models--NANI-Nithin--MiniCPM5-2B-GGUF/snapshots/eb12985b999c83da2c982e76c503813be5476ead/MiniCPM5-2B-IQ4_XS.gguf size=1423508736 mtime=2026-09-14T23:48:06+00:00 sha256/1048576B=3262e58edb6011d9d5c2e18ddfdbb0f5330283aa6656fa7c4852f37b3ae26f32
llama-perplexity --kl-divergence-base /tmp/logits.dat --ctx-size 32768 -f sample-data/wiki.test.head-2.4k.raw -fa on --hf-repo NANI-Nithin/MiniCPM5-2B-GGUF:IQ4_XS --cache-type-k q3_0 --cache-type-v q3_0 --kv-tail-tokens 128 --kl-divergence
0.01.789.313 I cmn          init: llama threadpool init, n_threads = 16
0.01.843.427 I 
0.01.843.497 I system_info: n_threads = 16 (n_threads_batch = 16) / 32 | CUDA : ARCHS = 750,800,860,890,900,1000,1030,1200,1210 | USE_GRAPHS = 1 | FA_ALL_QUANTS = 1 | CPU : SSE3 = 1 | SSSE3 = 1 | AVX = 1 | AVX2 = 1 | F16C = 1 | FMA = 1 | BMI2 = 1 | LLAMAFILE = 1 | OPENMP = 1 | REPACK = 1 | 
0.02.133.304 I kl_divergence: computing over 5 chunks, n_ctx=32768, batch_size=2048, n_seq=1
0.10.693.365 I kl_divergence: 8.56 seconds per pass - ETA 0.70 minutes

chunk             PPL               ln(PPL(Q)/PPL(base))          KL Divergence              Δp RMS            Same top p        Same sampled p
   1      13.9179 ±    0.3112       0.08563 ±    0.00439       0.10835 ±    0.00117     8.174 ±  0.123 %    83.257 ±  0.292 %    39.197 ±  0.257 %
   2      13.0051 ±    0.2079       0.08424 ±    0.00309       0.10854 ±    0.00090     8.244 ±  0.091 %    84.072 ±  0.202 %    41.049 ±  0.186 %
   3      14.1192 ±    0.1860       0.08262 ±    0.00253       0.11008 ±    0.00075     8.045 ±  0.074 %    83.865 ±  0.166 %    39.584 ±  0.150 %
   4      13.6954 ±    0.1565       0.08507 ±    0.00222       0.11220 ±    0.00067     8.200 ±  0.064 %    83.816 ±  0.144 %    40.326 ±  0.130 %
   5      13.0151 ±    0.1317       0.08365 ±    0.00199       0.11177 ±    0.00064     8.205 ±  0.058 %    84.021 ±  0.128 %    40.892 ±  0.117 %

====== Perplexity statistics ======
Mean PPL(Q)                   :  13.015125 ±   0.131730
Mean PPL(base)                :  11.970705 ±   0.119397
Cor(ln(PPL(Q)), ln(PPL(base))):  98.06%
Mean ln(PPL(Q)/PPL(base))     :   0.083650 ±   0.001987
Mean PPL(Q)/PPL(base)         :   1.087248 ±   0.002160
Mean PPL(Q)-PPL(base)         :   1.044420 ±   0.027636

====== KL divergence statistics ======
Mean    KLD:   0.111768 ±   0.000636
Maximum KLD:  11.534431
99.9%   KLD:   1.910867
99.0%   KLD:   0.760563
95.0%   KLD:   0.356278
90.0%   KLD:   0.245615
Median  KLD:   0.068551
10.0%   KLD:   0.002575
 5.0%   KLD:   0.000549
 1.0%   KLD:   0.000067
 0.1%   KLD:   0.000009
Minimum KLD:  -0.000001

====== Token probability statistics ======
Mean    Δp: -1.137 ± 0.028 %
Maximum Δp: 96.330%
99.9%   Δp: 41.019%
99.0%   Δp: 20.895%
95.0%   Δp:  9.449%
90.0%   Δp:  5.157%
75.0%   Δp:  0.594%
Median  Δp: -0.047%
25.0%   Δp: -2.261%
10.0%   Δp: -8.805%
 5.0%   Δp: -14.510%
 1.0%   Δp: -29.893%
 0.1%   Δp: -57.637%
Minimum Δp: -91.567%
RMS Δp    :  8.205 ± 0.058 %
Same top p: 84.021 ± 0.128 %
Same sampled p: 40.892 ± 0.117 %

------------------------------
# llama-perplexity: version: 0.4.7-dev (build 11840, commit a740376d8-dirty) | built with GNU 15.3.0 for Linux x86_64
# model: /home/crusaderky/.cache/huggingface/hub/models--NANI-Nithin--MiniCPM5-2B-GGUF/snapshots/eb12985b999c83da2c982e76c503813be5476ead/MiniCPM5-2B-IQ4_XS.gguf size=1423508736 mtime=2026-09-14T23:48:06+00:00 sha256/1048576B=3262e58edb6011d9d5c2e18ddfdbb0f5330283aa6656fa7c4852f37b3ae26f32
llama-perplexity --kl-divergence-base /tmp/logits.dat --ctx-size 32768 -f sample-data/wiki.test.head-2.4k.raw -fa on --hf-repo NANI-Nithin/MiniCPM5-2B-GGUF:IQ4_XS --cache-type-k kvarn6 --cache-type-v kvarn6 --kl-divergence
0.01.816.617 I cmn          init: llama threadpool init, n_threads = 16
0.01.881.966 I 
0.01.882.036 I system_info: n_threads = 16 (n_threads_batch = 16) / 32 | CUDA : ARCHS = 750,800,860,890,900,1000,1030,1200,1210 | USE_GRAPHS = 1 | FA_ALL_QUANTS = 1 | CPU : SSE3 = 1 | SSSE3 = 1 | AVX = 1 | AVX2 = 1 | F16C = 1 | FMA = 1 | BMI2 = 1 | LLAMAFILE = 1 | OPENMP = 1 | REPACK = 1 | 
0.02.165.906 I kl_divergence: computing over 5 chunks, n_ctx=32768, batch_size=2048, n_seq=1
0.12.481.622 I kl_divergence: 10.32 seconds per pass - ETA 0.85 minutes

chunk             PPL               ln(PPL(Q)/PPL(base))          KL Divergence              Δp RMS            Same top p        Same sampled p
   1      13.6195 ±    0.3033       0.06396 ±    0.00379       0.08345 ±    0.00090     6.994 ±  0.102 %    85.070 ±  0.278 %    39.611 ±  0.257 %
   2      12.7351 ±    0.2026       0.06326 ±    0.00268       0.08454 ±    0.00069     7.190 ±  0.083 %    85.729 ±  0.193 %    41.414 ±  0.186 %
   3      13.8376 ±    0.1815       0.06248 ±    0.00221       0.08638 ±    0.00058     7.088 ±  0.066 %    85.306 ±  0.160 %    39.891 ±  0.150 %
   4      13.4187 ±    0.1526       0.06465 ±    0.00195       0.08825 ±    0.00051     7.227 ±  0.057 %    85.343 ±  0.138 %    40.644 ±  0.131 %
   5      12.7515 ±    0.1284       0.06319 ±    0.00174       0.08728 ±    0.00049     7.165 ±  0.051 %    85.672 ±  0.122 %    41.228 ±  0.117 %

====== Perplexity statistics ======
Mean PPL(Q)                   :  12.751498 ±   0.128434
Mean PPL(base)                :  11.970705 ±   0.119397
Cor(ln(PPL(Q)), ln(PPL(base))):  98.51%
Mean ln(PPL(Q)/PPL(base))     :   0.063186 ±   0.001736
Mean PPL(Q)/PPL(base)         :   1.065225 ±   0.001849
Mean PPL(Q)-PPL(base)         :   0.780793 ±   0.023240

====== KL divergence statistics ======
Mean    KLD:   0.087281 ±   0.000491
Maximum KLD:  11.570752
99.9%   KLD:   1.463658
99.0%   KLD:   0.578672
95.0%   KLD:   0.275626
90.0%   KLD:   0.190396
Median  KLD:   0.054869
10.0%   KLD:   0.002011
 5.0%   KLD:   0.000420
 1.0%   KLD:   0.000049
 0.1%   KLD:   0.000006
Minimum KLD:  -0.000001

====== Token probability statistics ======
Mean    Δp: -0.879 ± 0.025 %
Maximum Δp: 90.346%
99.9%   Δp: 36.204%
99.0%   Δp: 18.764%
95.0%   Δp:  8.668%
90.0%   Δp:  4.745%
75.0%   Δp:  0.604%
Median  Δp: -0.031%
25.0%   Δp: -1.903%
10.0%   Δp: -7.577%
 5.0%   Δp: -12.435%
 1.0%   Δp: -25.741%
 0.1%   Δp: -50.849%
Minimum Δp: -95.989%
RMS Δp    :  7.165 ± 0.051 %
Same top p: 85.672 ± 0.122 %
Same sampled p: 41.228 ± 0.117 %

------------------------------
# llama-perplexity: version: 0.4.7-dev (build 11840, commit a740376d8-dirty) | built with GNU 15.3.0 for Linux x86_64
# model: /home/crusaderky/.cache/huggingface/hub/models--NANI-Nithin--MiniCPM5-2B-GGUF/snapshots/eb12985b999c83da2c982e76c503813be5476ead/MiniCPM5-2B-IQ4_XS.gguf size=1423508736 mtime=2026-09-14T23:48:06+00:00 sha256/1048576B=3262e58edb6011d9d5c2e18ddfdbb0f5330283aa6656fa7c4852f37b3ae26f32
llama-perplexity --kl-divergence-base /tmp/logits.dat --ctx-size 32768 -f sample-data/wiki.test.head-2.4k.raw -fa on --hf-repo NANI-Nithin/MiniCPM5-2B-GGUF:IQ4_XS --cache-type-k kvarn5 --cache-type-v kvarn5 --kl-divergence
0.01.835.061 I cmn          init: llama threadpool init, n_threads = 16
0.01.901.906 I 
0.01.901.968 I system_info: n_threads = 16 (n_threads_batch = 16) / 32 | CUDA : ARCHS = 750,800,860,890,900,1000,1030,1200,1210 | USE_GRAPHS = 1 | FA_ALL_QUANTS = 1 | CPU : SSE3 = 1 | SSSE3 = 1 | AVX = 1 | AVX2 = 1 | F16C = 1 | FMA = 1 | BMI2 = 1 | LLAMAFILE = 1 | OPENMP = 1 | REPACK = 1 | 
0.02.195.837 I kl_divergence: computing over 5 chunks, n_ctx=32768, batch_size=2048, n_seq=1
0.12.338.803 I kl_divergence: 10.14 seconds per pass - ETA 0.83 minutes

chunk             PPL               ln(PPL(Q)/PPL(base))          KL Divergence              Δp RMS            Same top p        Same sampled p
   1      13.6403 ±    0.3037       0.06548 ±    0.00383       0.08414 ±    0.00090     7.053 ±  0.104 %    84.960 ±  0.279 %    39.592 ±  0.257 %
   2      12.7420 ±    0.2027       0.06380 ±    0.00270       0.08494 ±    0.00069     7.234 ±  0.082 %    85.699 ±  0.193 %    41.393 ±  0.186 %
   3      13.8484 ±    0.1816       0.06326 ±    0.00222       0.08679 ±    0.00058     7.124 ±  0.066 %    85.290 ±  0.160 %    39.871 ±  0.150 %
   4      13.4281 ±    0.1527       0.06536 ±    0.00196       0.08866 ±    0.00051     7.260 ±  0.057 %    85.274 ±  0.138 %    40.624 ±  0.131 %
   5      12.7568 ±    0.1285       0.06360 ±    0.00174       0.08767 ±    0.00049     7.198 ±  0.051 %    85.534 ±  0.123 %    41.213 ±  0.117 %

====== Perplexity statistics ======
Mean PPL(Q)                   :  12.756792 ±   0.128463
Mean PPL(base)                :  11.970705 ±   0.119397
Cor(ln(PPL(Q)), ln(PPL(base))):  98.50%
Mean ln(PPL(Q)/PPL(base))     :   0.063601 ±   0.001740
Mean PPL(Q)/PPL(base)         :   1.065668 ±   0.001854
Mean PPL(Q)-PPL(base)         :   0.786087 ±   0.023306

====== KL divergence statistics ======
Mean    KLD:   0.087670 ±   0.000492
Maximum KLD:  11.522678
99.9%   KLD:   1.431756
99.0%   KLD:   0.583493
95.0%   KLD:   0.276501
90.0%   KLD:   0.191510
Median  KLD:   0.055305
10.0%   KLD:   0.001998
 5.0%   KLD:   0.000420
 1.0%   KLD:   0.000050
 0.1%   KLD:   0.000006
Minimum KLD:  -0.000001

====== Token probability statistics ======
Mean    Δp: -0.895 ± 0.025 %
Maximum Δp: 90.659%
99.9%   Δp: 35.426%
99.0%   Δp: 18.724%
95.0%   Δp:  8.680%
90.0%   Δp:  4.767%
75.0%   Δp:  0.611%
Median  Δp: -0.032%
25.0%   Δp: -1.929%
10.0%   Δp: -7.650%
 5.0%   Δp: -12.619%
 1.0%   Δp: -25.774%
 0.1%   Δp: -51.734%
Minimum Δp: -92.497%
RMS Δp    :  7.198 ± 0.051 %
Same top p: 85.534 ± 0.123 %
Same sampled p: 41.213 ± 0.117 %

------------------------------
# llama-perplexity: version: 0.4.7-dev (build 11840, commit a740376d8-dirty) | built with GNU 15.3.0 for Linux x86_64
# model: /home/crusaderky/.cache/huggingface/hub/models--NANI-Nithin--MiniCPM5-2B-GGUF/snapshots/eb12985b999c83da2c982e76c503813be5476ead/MiniCPM5-2B-IQ4_XS.gguf size=1423508736 mtime=2026-09-14T23:48:06+00:00 sha256/1048576B=3262e58edb6011d9d5c2e18ddfdbb0f5330283aa6656fa7c4852f37b3ae26f32
llama-perplexity --kl-divergence-base /tmp/logits.dat --ctx-size 32768 -f sample-data/wiki.test.head-2.4k.raw -fa on --hf-repo NANI-Nithin/MiniCPM5-2B-GGUF:IQ4_XS --cache-type-k kvarn4 --cache-type-v kvarn4 --kl-divergence
0.01.889.034 I cmn          init: llama threadpool init, n_threads = 16
0.01.957.550 I 
0.01.957.621 I system_info: n_threads = 16 (n_threads_batch = 16) / 32 | CUDA : ARCHS = 750,800,860,890,900,1000,1030,1200,1210 | USE_GRAPHS = 1 | FA_ALL_QUANTS = 1 | CPU : SSE3 = 1 | SSSE3 = 1 | AVX = 1 | AVX2 = 1 | F16C = 1 | FMA = 1 | BMI2 = 1 | LLAMAFILE = 1 | OPENMP = 1 | REPACK = 1 | 
0.02.249.794 I kl_divergence: computing over 5 chunks, n_ctx=32768, batch_size=2048, n_seq=1
0.12.440.841 I kl_divergence: 10.19 seconds per pass - ETA 0.83 minutes

chunk             PPL               ln(PPL(Q)/PPL(base))          KL Divergence              Δp RMS            Same top p        Same sampled p
   1      13.6377 ±    0.3037       0.06530 ±    0.00383       0.08506 ±    0.00091     7.084 ±  0.102 %    84.930 ±  0.280 %    39.574 ±  0.257 %
   2      12.7551 ±    0.2030       0.06484 ±    0.00272       0.08643 ±    0.00072     7.294 ±  0.083 %    85.622 ±  0.194 %    41.373 ±  0.186 %
   3      13.8566 ±    0.1817       0.06385 ±    0.00224       0.08809 ±    0.00059     7.163 ±  0.066 %    85.235 ±  0.160 %    39.855 ±  0.150 %
   4      13.4384 ±    0.1528       0.06612 ±    0.00198       0.09009 ±    0.00052     7.324 ±  0.057 %    85.265 ±  0.138 %    40.608 ±  0.131 %
   5      12.7696 ±    0.1286       0.06460 ±    0.00176       0.08929 ±    0.00051     7.271 ±  0.051 %    85.519 ±  0.123 %    41.188 ±  0.117 %

====== Perplexity statistics ======
Mean PPL(Q)                   :  12.769568 ±   0.128594
Mean PPL(base)                :  11.970705 ±   0.119397
Cor(ln(PPL(Q)), ln(PPL(base))):  98.45%
Mean ln(PPL(Q)/PPL(base))     :   0.064602 ±   0.001764
Mean PPL(Q)/PPL(base)         :   1.066735 ±   0.001882
Mean PPL(Q)-PPL(base)         :   0.798862 ±   0.023644

====== KL divergence statistics ======
Mean    KLD:   0.089291 ±   0.000509
Maximum KLD:  11.334826
99.9%   KLD:   1.428563
99.0%   KLD:   0.591155
95.0%   KLD:   0.282642
90.0%   KLD:   0.194540
Median  KLD:   0.056017
10.0%   KLD:   0.002057
 5.0%   KLD:   0.000431
 1.0%   KLD:   0.000050
 0.1%   KLD:   0.000006
Minimum KLD:  -0.000002

====== Token probability statistics ======
Mean    Δp: -0.918 ± 0.025 %
Maximum Δp: 90.610%
99.9%   Δp: 35.454%
99.0%   Δp: 18.930%
95.0%   Δp:  8.777%
90.0%   Δp:  4.816%
75.0%   Δp:  0.593%
Median  Δp: -0.033%
25.0%   Δp: -1.946%
10.0%   Δp: -7.742%
 5.0%   Δp: -12.734%
 1.0%   Δp: -26.343%
 0.1%   Δp: -51.889%
Minimum Δp: -91.720%
RMS Δp    :  7.271 ± 0.051 %
Same top p: 85.519 ± 0.123 %
Same sampled p: 41.188 ± 0.117 %

------------------------------
# llama-perplexity: version: 0.4.7-dev (build 11840, commit a740376d8-dirty) | built with GNU 15.3.0 for Linux x86_64
# model: /home/crusaderky/.cache/huggingface/hub/models--NANI-Nithin--MiniCPM5-2B-GGUF/snapshots/eb12985b999c83da2c982e76c503813be5476ead/MiniCPM5-2B-IQ4_XS.gguf size=1423508736 mtime=2026-09-14T23:48:06+00:00 sha256/1048576B=3262e58edb6011d9d5c2e18ddfdbb0f5330283aa6656fa7c4852f37b3ae26f32
llama-perplexity --kl-divergence-base /tmp/logits.dat --ctx-size 32768 -f sample-data/wiki.test.head-2.4k.raw -fa on --hf-repo NANI-Nithin/MiniCPM5-2B-GGUF:IQ4_XS --cache-type-k kvarn3 --cache-type-v kvarn3 --kl-divergence
0.01.836.063 I cmn          init: llama threadpool init, n_threads = 16
0.01.902.174 I 
0.01.902.247 I system_info: n_threads = 16 (n_threads_batch = 16) / 32 | CUDA : ARCHS = 750,800,860,890,900,1000,1030,1200,1210 | USE_GRAPHS = 1 | FA_ALL_QUANTS = 1 | CPU : SSE3 = 1 | SSSE3 = 1 | AVX = 1 | AVX2 = 1 | F16C = 1 | FMA = 1 | BMI2 = 1 | LLAMAFILE = 1 | OPENMP = 1 | REPACK = 1 | 
0.02.186.636 I kl_divergence: computing over 5 chunks, n_ctx=32768, batch_size=2048, n_seq=1
0.12.112.739 I kl_divergence: 9.93 seconds per pass - ETA 0.82 minutes

chunk             PPL               ln(PPL(Q)/PPL(base))          KL Divergence              Δp RMS            Same top p        Same sampled p
   1      13.7603 ±    0.3064       0.07424 ±    0.00403       0.09281 ±    0.00100     7.497 ±  0.110 %    84.295 ±  0.284 %    39.341 ±  0.257 %
   2      12.8477 ±    0.2044       0.07207 ±    0.00282       0.09350 ±    0.00075     7.621 ±  0.084 %    85.125 ±  0.197 %    41.172 ±  0.186 %
   3      13.9527 ±    0.1829       0.07076 ±    0.00233       0.09509 ±    0.00062     7.490 ±  0.067 %    84.700 ±  0.162 %    39.665 ±  0.149 %
   4      13.5373 ±    0.1540       0.07346 ±    0.00205       0.09733 ±    0.00055     7.639 ±  0.059 %    84.696 ±  0.141 %    40.413 ±  0.130 %
   5      12.8649 ±    0.1296       0.07204 ±    0.00184       0.09668 ±    0.00054     7.594 ±  0.053 %    84.984 ±  0.125 %    40.996 ±  0.117 %

====== Perplexity statistics ======
Mean PPL(Q)                   :  12.864948 ±   0.129592
Mean PPL(base)                :  11.970705 ±   0.119397
Cor(ln(PPL(Q)), ln(PPL(base))):  98.33%
Mean ln(PPL(Q)/PPL(base))     :   0.072044 ±   0.001836
Mean PPL(Q)/PPL(base)         :   1.074703 ±   0.001974
Mean PPL(Q)-PPL(base)         :   0.894242 ±   0.024935

====== KL divergence statistics ======
Mean    KLD:   0.096678 ±   0.000536
Maximum KLD:  11.655139
99.9%   KLD:   1.572354
99.0%   KLD:   0.655007
95.0%   KLD:   0.307656
90.0%   KLD:   0.211867
Median  KLD:   0.059949
10.0%   KLD:   0.002333
 5.0%   KLD:   0.000508
 1.0%   KLD:   0.000060
 0.1%   KLD:   0.000008
Minimum KLD:  -0.000002

====== Token probability statistics ======
Mean    Δp: -1.082 ± 0.026 %
Maximum Δp: 90.822%
99.9%   Δp: 37.478%
99.0%   Δp: 19.171%
95.0%   Δp:  8.755%
90.0%   Δp:  4.718%
75.0%   Δp:  0.550%
Median  Δp: -0.048%
25.0%   Δp: -2.153%
10.0%   Δp: -8.221%
 5.0%   Δp: -13.542%
 1.0%   Δp: -27.752%
 0.1%   Δp: -54.495%
Minimum Δp: -93.317%
RMS Δp    :  7.594 ± 0.053 %
Same top p: 84.984 ± 0.125 %
Same sampled p: 40.996 ± 0.117 %

------------------------------
# llama-perplexity: version: 0.4.7-dev (build 11840, commit a740376d8-dirty) | built with GNU 15.3.0 for Linux x86_64
# model: /home/crusaderky/.cache/huggingface/hub/models--Abiray--MiniCPM5-2B-heretic-abliterated-GGUF/snapshots/c153cc60bed0471d7d26feb02f999a887851a81b/MiniCPM5-2B-heretic-abliterated-Q6_K.gguf size=2070227872 mtime=2026-09-14T23:56:03+00:00 sha256/1048576B=b89fbc4f165c548a5ff8add090027133974656c16fc071096e6636fddb9e7638
llama-perplexity --kl-divergence-base /tmp/logits.dat --ctx-size 32768 -f sample-data/wiki.test.head-2.4k.raw -fa on --hf-repo Abiray/MiniCPM5-2B-heretic-abliterated-GGUF:Q6_K --cache-type-k q8_0 --cache-type-v q8_0 --kl-divergence
0.02.731.435 I cmn          init: llama threadpool init, n_threads = 16
0.02.781.421 I 
0.02.781.497 I system_info: n_threads = 16 (n_threads_batch = 16) / 32 | CUDA : ARCHS = 750,800,860,890,900,1000,1030,1200,1210 | USE_GRAPHS = 1 | FA_ALL_QUANTS = 1 | CPU : SSE3 = 1 | SSSE3 = 1 | AVX = 1 | AVX2 = 1 | F16C = 1 | FMA = 1 | BMI2 = 1 | LLAMAFILE = 1 | OPENMP = 1 | REPACK = 1 | 
0.03.097.265 I kl_divergence: computing over 5 chunks, n_ctx=32768, batch_size=2048, n_seq=1
0.11.616.121 I kl_divergence: 8.52 seconds per pass - ETA 0.70 minutes

chunk             PPL               ln(PPL(Q)/PPL(base))          KL Divergence              Δp RMS            Same top p        Same sampled p
   1      13.0154 ±    0.2889       0.01859 ±    0.00178       0.01892 ±    0.00023     3.070 ±  0.058 %    92.895 ±  0.201 %    40.540 ±  0.258 %
   2      12.2078 ±    0.1936       0.02097 ±    0.00134       0.02205 ±    0.00020     3.344 ±  0.047 %    92.620 ±  0.144 %    42.328 ±  0.186 %
   3      13.2916 ±    0.1741       0.02222 ±    0.00112       0.02323 ±    0.00017     3.371 ±  0.038 %    92.252 ±  0.121 %    40.795 ±  0.150 %
   4      12.8399 ±    0.1456       0.02057 ±    0.00098       0.02290 ±    0.00022     3.378 ±  0.037 %    92.359 ±  0.104 %    41.605 ±  0.131 %
   5      12.2152 ±    0.1226       0.02022 ±    0.00089       0.02326 ±    0.00024     3.393 ±  0.033 %    92.517 ±  0.092 %    42.157 ±  0.117 %

====== Perplexity statistics ======
Mean PPL(Q)                   :  12.215224 ±   0.122642
Mean PPL(base)                :  11.970705 ±   0.119397
Cor(ln(PPL(Q)), ln(PPL(base))):  99.61%
Mean ln(PPL(Q)/PPL(base))     :   0.020221 ±   0.000890
Mean PPL(Q)/PPL(base)         :   1.020426 ±   0.000908
Mean PPL(Q)-PPL(base)         :   0.244518 ±   0.011209

====== KL divergence statistics ======
Mean    KLD:   0.023255 ±   0.000235
Maximum KLD:   8.436474
99.9%   KLD:   0.427438
99.0%   KLD:   0.138419
95.0%   KLD:   0.068595
90.0%   KLD:   0.049107
Median  KLD:   0.015047
10.0%   KLD:   0.000440
 5.0%   KLD:   0.000083
 1.0%   KLD:   0.000008
 0.1%   KLD:  -0.000000
Minimum KLD:  -0.000077

====== Token probability statistics ======
Mean    Δp: -0.209 ± 0.012 %
Maximum Δp: 86.423%
99.9%   Δp: 20.772%
99.0%   Δp:  9.490%
95.0%   Δp:  4.476%
90.0%   Δp:  2.507%
75.0%   Δp:  0.415%
Median  Δp: -0.005%
25.0%   Δp: -0.752%
10.0%   Δp: -3.261%
 5.0%   Δp: -5.409%
 1.0%   Δp: -10.959%
 0.1%   Δp: -21.661%
Minimum Δp: -63.941%
RMS Δp    :  3.393 ± 0.033 %
Same top p: 92.517 ± 0.092 %
Same sampled p: 42.157 ± 0.117 %

------------------------------
# llama-perplexity: version: 0.4.7-dev (build 11840, commit a740376d8-dirty) | built with GNU 15.3.0 for Linux x86_64
# model: /home/crusaderky/.cache/huggingface/hub/models--Abiray--MiniCPM5-2B-heretic-abliterated-GGUF/snapshots/c153cc60bed0471d7d26feb02f999a887851a81b/MiniCPM5-2B-heretic-abliterated-Q6_K.gguf size=2070227872 mtime=2026-09-14T23:56:03+00:00 sha256/1048576B=b89fbc4f165c548a5ff8add090027133974656c16fc071096e6636fddb9e7638
llama-perplexity --kl-divergence-base /tmp/logits.dat --ctx-size 32768 -f sample-data/wiki.test.head-2.4k.raw -fa on --hf-repo Abiray/MiniCPM5-2B-heretic-abliterated-GGUF:Q6_K --cache-type-k q8_0 --cache-type-v q6_0 --kl-divergence
0.01.564.660 I cmn          init: llama threadpool init, n_threads = 16
0.01.617.207 I 
0.01.617.287 I system_info: n_threads = 16 (n_threads_batch = 16) / 32 | CUDA : ARCHS = 750,800,860,890,900,1000,1030,1200,1210 | USE_GRAPHS = 1 | FA_ALL_QUANTS = 1 | CPU : SSE3 = 1 | SSSE3 = 1 | AVX = 1 | AVX2 = 1 | F16C = 1 | FMA = 1 | BMI2 = 1 | LLAMAFILE = 1 | OPENMP = 1 | REPACK = 1 | 
0.01.929.720 I kl_divergence: computing over 5 chunks, n_ctx=32768, batch_size=2048, n_seq=1
0.10.673.723 I kl_divergence: 8.74 seconds per pass - ETA 0.72 minutes

chunk             PPL               ln(PPL(Q)/PPL(base))          KL Divergence              Δp RMS            Same top p        Same sampled p
   1      13.0132 ±    0.2889       0.01842 ±    0.00179       0.01914 ±    0.00024     3.089 ±  0.063 %    92.932 ±  0.200 %    40.536 ±  0.258 %
   2      12.2051 ±    0.1935       0.02076 ±    0.00136       0.02244 ±    0.00024     3.356 ±  0.047 %    92.623 ±  0.144 %    42.316 ±  0.186 %
   3      13.2838 ±    0.1739       0.02164 ±    0.00113       0.02351 ±    0.00019     3.364 ±  0.037 %    92.254 ±  0.121 %    40.785 ±  0.150 %
   4      12.8334 ±    0.1454       0.02006 ±    0.00098       0.02313 ±    0.00023     3.372 ±  0.036 %    92.428 ±  0.103 %    41.597 ±  0.131 %
   5      12.2076 ±    0.1225       0.01960 ±    0.00090       0.02359 ±    0.00024     3.416 ±  0.036 %    92.576 ±  0.092 %    42.147 ±  0.117 %

====== Perplexity statistics ======
Mean PPL(Q)                   :  12.207588 ±   0.122518
Mean PPL(base)                :  11.970705 ±   0.119397
Cor(ln(PPL(Q)), ln(PPL(base))):  99.60%
Mean ln(PPL(Q)/PPL(base))     :   0.019595 ±   0.000895
Mean PPL(Q)/PPL(base)         :   1.019789 ±   0.000913
Mean PPL(Q)-PPL(base)         :   0.236883 ±   0.011238

====== KL divergence statistics ======
Mean    KLD:   0.023586 ±   0.000241
Maximum KLD:   8.370836
99.9%   KLD:   0.456174
99.0%   KLD:   0.138264
95.0%   KLD:   0.069145
90.0%   KLD:   0.049627
Median  KLD:   0.015210
10.0%   KLD:   0.000444
 5.0%   KLD:   0.000084
 1.0%   KLD:   0.000008
 0.1%   KLD:  -0.000000
Minimum KLD:  -0.000072

====== Token probability statistics ======
Mean    Δp: -0.215 ± 0.012 %
Maximum Δp: 85.729%
99.9%   Δp: 20.544%
99.0%   Δp:  9.505%
95.0%   Δp:  4.446%
90.0%   Δp:  2.514%
75.0%   Δp:  0.418%
Median  Δp: -0.005%
25.0%   Δp: -0.762%
10.0%   Δp: -3.304%
 5.0%   Δp: -5.400%
 1.0%   Δp: -11.135%
 0.1%   Δp: -21.922%
Minimum Δp: -87.066%
RMS Δp    :  3.416 ± 0.036 %
Same top p: 92.576 ± 0.092 %
Same sampled p: 42.147 ± 0.117 %

------------------------------
# llama-perplexity: version: 0.4.7-dev (build 11840, commit a740376d8-dirty) | built with GNU 15.3.0 for Linux x86_64
# model: /home/crusaderky/.cache/huggingface/hub/models--Abiray--MiniCPM5-2B-heretic-abliterated-GGUF/snapshots/c153cc60bed0471d7d26feb02f999a887851a81b/MiniCPM5-2B-heretic-abliterated-Q6_K.gguf size=2070227872 mtime=2026-09-14T23:56:03+00:00 sha256/1048576B=b89fbc4f165c548a5ff8add090027133974656c16fc071096e6636fddb9e7638
llama-perplexity --kl-divergence-base /tmp/logits.dat --ctx-size 32768 -f sample-data/wiki.test.head-2.4k.raw -fa on --hf-repo Abiray/MiniCPM5-2B-heretic-abliterated-GGUF:Q6_K --cache-type-k q6_0 --cache-type-v q6_0 --kl-divergence
0.01.580.469 I cmn          init: llama threadpool init, n_threads = 16
0.01.630.025 I 
0.01.630.092 I system_info: n_threads = 16 (n_threads_batch = 16) / 32 | CUDA : ARCHS = 750,800,860,890,900,1000,1030,1200,1210 | USE_GRAPHS = 1 | FA_ALL_QUANTS = 1 | CPU : SSE3 = 1 | SSSE3 = 1 | AVX = 1 | AVX2 = 1 | F16C = 1 | FMA = 1 | BMI2 = 1 | LLAMAFILE = 1 | OPENMP = 1 | REPACK = 1 | 
0.01.913.451 I kl_divergence: computing over 5 chunks, n_ctx=32768, batch_size=2048, n_seq=1
0.10.307.179 I kl_divergence: 8.39 seconds per pass - ETA 0.68 minutes

chunk             PPL               ln(PPL(Q)/PPL(base))          KL Divergence              Δp RMS            Same top p        Same sampled p
   1      13.0175 ±    0.2888       0.01875 ±    0.00184       0.02018 ±    0.00023     3.220 ±  0.069 %    92.504 ±  0.206 %    40.517 ±  0.258 %
   2      12.2082 ±    0.1935       0.02101 ±    0.00145       0.02392 ±    0.00039     3.521 ±  0.050 %    92.257 ±  0.148 %    42.292 ±  0.186 %
   3      13.2921 ±    0.1740       0.02226 ±    0.00119       0.02498 ±    0.00028     3.540 ±  0.041 %    91.939 ±  0.123 %    40.764 ±  0.150 %
   4      12.8407 ±    0.1455       0.02063 ±    0.00103       0.02459 ±    0.00026     3.547 ±  0.038 %    92.070 ±  0.106 %    41.570 ±  0.131 %
   5      12.2182 ±    0.1226       0.02047 ±    0.00094       0.02512 ±    0.00029     3.580 ±  0.038 %    92.236 ±  0.094 %    42.115 ±  0.117 %

====== Perplexity statistics ======
Mean PPL(Q)                   :  12.218212 ±   0.122604
Mean PPL(base)                :  11.970705 ±   0.119397
Cor(ln(PPL(Q)), ln(PPL(base))):  99.56%
Mean ln(PPL(Q)/PPL(base))     :   0.020465 ±   0.000939
Mean PPL(Q)/PPL(base)         :   1.020676 ±   0.000958
Mean PPL(Q)-PPL(base)         :   0.247507 ±   0.011777

====== KL divergence statistics ======
Mean    KLD:   0.025125 ±   0.000294
Maximum KLD:  10.759653
99.9%   KLD:   0.459608
99.0%   KLD:   0.150307
95.0%   KLD:   0.074064
90.0%   KLD:   0.052556
Median  KLD:   0.015966
10.0%   KLD:   0.000480
 5.0%   KLD:   0.000092
 1.0%   KLD:   0.000009
 0.1%   KLD:   0.000000
Minimum KLD:  -0.000053

====== Token probability statistics ======
Mean    Δp: -0.238 ± 0.012 %
Maximum Δp: 80.130%
99.9%   Δp: 21.338%
99.0%   Δp: 10.060%
95.0%   Δp:  4.610%
90.0%   Δp:  2.600%
75.0%   Δp:  0.422%
Median  Δp: -0.006%
25.0%   Δp: -0.792%
10.0%   Δp: -3.415%
 5.0%   Δp: -5.675%
 1.0%   Δp: -11.606%
 0.1%   Δp: -22.915%
Minimum Δp: -94.226%
RMS Δp    :  3.580 ± 0.038 %
Same top p: 92.236 ± 0.094 %
Same sampled p: 42.115 ± 0.117 %

------------------------------
# llama-perplexity: version: 0.4.7-dev (build 11840, commit a740376d8-dirty) | built with GNU 15.3.0 for Linux x86_64
# model: /home/crusaderky/.cache/huggingface/hub/models--Abiray--MiniCPM5-2B-heretic-abliterated-GGUF/snapshots/c153cc60bed0471d7d26feb02f999a887851a81b/MiniCPM5-2B-heretic-abliterated-Q6_K.gguf size=2070227872 mtime=2026-09-14T23:56:03+00:00 sha256/1048576B=b89fbc4f165c548a5ff8add090027133974656c16fc071096e6636fddb9e7638
llama-perplexity --kl-divergence-base /tmp/logits.dat --ctx-size 32768 -f sample-data/wiki.test.head-2.4k.raw -fa on --hf-repo Abiray/MiniCPM5-2B-heretic-abliterated-GGUF:Q6_K --cache-type-k q6_0 --cache-type-v q6_0 --kv-tail-tokens 128 --kl-divergence
0.02.018.957 I cmn          init: llama threadpool init, n_threads = 16
0.02.072.797 I 
0.02.072.867 I system_info: n_threads = 16 (n_threads_batch = 16) / 32 | CUDA : ARCHS = 750,800,860,890,900,1000,1030,1200,1210 | USE_GRAPHS = 1 | FA_ALL_QUANTS = 1 | CPU : SSE3 = 1 | SSSE3 = 1 | AVX = 1 | AVX2 = 1 | F16C = 1 | FMA = 1 | BMI2 = 1 | LLAMAFILE = 1 | OPENMP = 1 | REPACK = 1 | 
0.02.361.480 I kl_divergence: computing over 5 chunks, n_ctx=32768, batch_size=2048, n_seq=1
0.11.569.047 I kl_divergence: 9.21 seconds per pass - ETA 0.77 minutes

chunk             PPL               ln(PPL(Q)/PPL(base))          KL Divergence              Δp RMS            Same top p        Same sampled p
   1      12.9968 ±    0.2883       0.01716 ±    0.00178       0.01895 ±    0.00022     3.043 ±  0.060 %    92.865 ±  0.201 %    40.535 ±  0.258 %
   2      12.1889 ±    0.1932       0.01943 ±    0.00135       0.02221 ±    0.00021     3.334 ±  0.050 %    92.596 ±  0.145 %    42.314 ±  0.186 %
   3      13.2750 ±    0.1738       0.02097 ±    0.00112       0.02334 ±    0.00017     3.361 ±  0.040 %    92.228 ±  0.121 %    40.782 ±  0.150 %
   4      12.8310 ±    0.1454       0.01988 ±    0.00098       0.02294 ±    0.00020     3.368 ±  0.037 %    92.395 ±  0.104 %    41.591 ±  0.131 %
   5      12.2093 ±    0.1225       0.01974 ±    0.00089       0.02350 ±    0.00026     3.396 ±  0.034 %    92.537 ±  0.092 %    42.145 ±  0.117 %

====== Perplexity statistics ======
Mean PPL(Q)                   :  12.209305 ±   0.122536
Mean PPL(base)                :  11.970705 ±   0.119397
Cor(ln(PPL(Q)), ln(PPL(base))):  99.61%
Mean ln(PPL(Q)/PPL(base))     :   0.019736 ±   0.000888
Mean PPL(Q)/PPL(base)         :   1.019932 ±   0.000905
Mean PPL(Q)-PPL(base)         :   0.238600 ±   0.011155

====== KL divergence statistics ======
Mean    KLD:   0.023497 ±   0.000262
Maximum KLD:  10.586168
99.9%   KLD:   0.428471
99.0%   KLD:   0.136307
95.0%   KLD:   0.069029
90.0%   KLD:   0.049531
Median  KLD:   0.015097
10.0%   KLD:   0.000435
 5.0%   KLD:   0.000083
 1.0%   KLD:   0.000008
 0.1%   KLD:  -0.000000
Minimum KLD:  -0.000073

====== Token probability statistics ======
Mean    Δp: -0.218 ± 0.012 %
Maximum Δp: 82.932%
99.9%   Δp: 19.843%
99.0%   Δp:  9.554%
95.0%   Δp:  4.466%
90.0%   Δp:  2.493%
75.0%   Δp:  0.412%
Median  Δp: -0.005%
25.0%   Δp: -0.761%
10.0%   Δp: -3.264%
 5.0%   Δp: -5.410%
 1.0%   Δp: -10.934%
 0.1%   Δp: -21.176%
Minimum Δp: -75.829%
RMS Δp    :  3.396 ± 0.034 %
Same top p: 92.537 ± 0.092 %
Same sampled p: 42.145 ± 0.117 %

------------------------------
# llama-perplexity: version: 0.4.7-dev (build 11840, commit a740376d8-dirty) | built with GNU 15.3.0 for Linux x86_64
# model: /home/crusaderky/.cache/huggingface/hub/models--Abiray--MiniCPM5-2B-heretic-abliterated-GGUF/snapshots/c153cc60bed0471d7d26feb02f999a887851a81b/MiniCPM5-2B-heretic-abliterated-Q6_K.gguf size=2070227872 mtime=2026-09-14T23:56:03+00:00 sha256/1048576B=b89fbc4f165c548a5ff8add090027133974656c16fc071096e6636fddb9e7638
llama-perplexity --kl-divergence-base /tmp/logits.dat --ctx-size 32768 -f sample-data/wiki.test.head-2.4k.raw -fa on --hf-repo Abiray/MiniCPM5-2B-heretic-abliterated-GGUF:Q6_K --cache-type-k q6_0 --cache-type-v q5_0 --kl-divergence
0.01.618.635 I cmn          init: llama threadpool init, n_threads = 16
0.01.669.073 I 
0.01.669.145 I system_info: n_threads = 16 (n_threads_batch = 16) / 32 | CUDA : ARCHS = 750,800,860,890,900,1000,1030,1200,1210 | USE_GRAPHS = 1 | FA_ALL_QUANTS = 1 | CPU : SSE3 = 1 | SSSE3 = 1 | AVX = 1 | AVX2 = 1 | F16C = 1 | FMA = 1 | BMI2 = 1 | LLAMAFILE = 1 | OPENMP = 1 | REPACK = 1 | 
0.01.961.230 I kl_divergence: computing over 5 chunks, n_ctx=32768, batch_size=2048, n_seq=1
0.10.529.470 I kl_divergence: 8.57 seconds per pass - ETA 0.70 minutes

chunk             PPL               ln(PPL(Q)/PPL(base))          KL Divergence              Δp RMS            Same top p        Same sampled p
   1      13.0394 ±    0.2894       0.02043 ±    0.00189       0.02101 ±    0.00023     3.230 ±  0.065 %    92.254 ±  0.209 %    40.490 ±  0.258 %
   2      12.2150 ±    0.1936       0.02157 ±    0.00143       0.02436 ±    0.00026     3.514 ±  0.049 %    92.071 ±  0.149 %    42.271 ±  0.186 %
   3      13.3052 ±    0.1741       0.02325 ±    0.00118       0.02560 ±    0.00021     3.561 ±  0.044 %    91.833 ±  0.124 %    40.733 ±  0.150 %
   4      12.8494 ±    0.1455       0.02131 ±    0.00102       0.02519 ±    0.00020     3.579 ±  0.040 %    91.992 ±  0.106 %    41.539 ±  0.131 %
   5      12.2252 ±    0.1227       0.02104 ±    0.00092       0.02557 ±    0.00022     3.591 ±  0.035 %    92.174 ±  0.094 %    42.096 ±  0.117 %

====== Perplexity statistics ======
Mean PPL(Q)                   :  12.225190 ±   0.122653
Mean PPL(base)                :  11.970705 ±   0.119397
Cor(ln(PPL(Q)), ln(PPL(base))):  99.58%
Mean ln(PPL(Q)/PPL(base))     :   0.021036 ±   0.000923
Mean PPL(Q)/PPL(base)         :   1.021259 ±   0.000943
Mean PPL(Q)-PPL(base)         :   0.254485 ±   0.011609

====== KL divergence statistics ======
Mean    KLD:   0.025568 ±   0.000218
Maximum KLD:   7.374100
99.9%   KLD:   0.502625
99.0%   KLD:   0.151723
95.0%   KLD:   0.075955
90.0%   KLD:   0.054240
Median  KLD:   0.016485
10.0%   KLD:   0.000500
 5.0%   KLD:   0.000099
 1.0%   KLD:   0.000009
 0.1%   KLD:  -0.000000
Minimum KLD:  -0.000028

====== Token probability statistics ======
Mean    Δp: -0.258 ± 0.013 %
Maximum Δp: 84.814%
99.9%   Δp: 21.221%
99.0%   Δp: 10.136%
95.0%   Δp:  4.590%
90.0%   Δp:  2.574%
75.0%   Δp:  0.411%
Median  Δp: -0.006%
25.0%   Δp: -0.827%
10.0%   Δp: -3.477%
 5.0%   Δp: -5.797%
 1.0%   Δp: -11.818%
 0.1%   Δp: -22.719%
Minimum Δp: -81.889%
RMS Δp    :  3.591 ± 0.035 %
Same top p: 92.174 ± 0.094 %
Same sampled p: 42.096 ± 0.117 %

------------------------------
# llama-perplexity: version: 0.4.7-dev (build 11840, commit a740376d8-dirty) | built with GNU 15.3.0 for Linux x86_64
# model: /home/crusaderky/.cache/huggingface/hub/models--Abiray--MiniCPM5-2B-heretic-abliterated-GGUF/snapshots/c153cc60bed0471d7d26feb02f999a887851a81b/MiniCPM5-2B-heretic-abliterated-Q6_K.gguf size=2070227872 mtime=2026-09-14T23:56:03+00:00 sha256/1048576B=b89fbc4f165c548a5ff8add090027133974656c16fc071096e6636fddb9e7638
llama-perplexity --kl-divergence-base /tmp/logits.dat --ctx-size 32768 -f sample-data/wiki.test.head-2.4k.raw -fa on --hf-repo Abiray/MiniCPM5-2B-heretic-abliterated-GGUF:Q6_K --cache-type-k q5_0 --cache-type-v q5_0 --kl-divergence
0.01.673.133 I cmn          init: llama threadpool init, n_threads = 16
0.01.722.189 I 
0.01.722.260 I system_info: n_threads = 16 (n_threads_batch = 16) / 32 | CUDA : ARCHS = 750,800,860,890,900,1000,1030,1200,1210 | USE_GRAPHS = 1 | FA_ALL_QUANTS = 1 | CPU : SSE3 = 1 | SSSE3 = 1 | AVX = 1 | AVX2 = 1 | F16C = 1 | FMA = 1 | BMI2 = 1 | LLAMAFILE = 1 | OPENMP = 1 | REPACK = 1 | 
0.02.003.932 I kl_divergence: computing over 5 chunks, n_ctx=32768, batch_size=2048, n_seq=1
0.10.487.426 I kl_divergence: 8.48 seconds per pass - ETA 0.70 minutes

chunk             PPL               ln(PPL(Q)/PPL(base))          KL Divergence              Δp RMS            Same top p        Same sampled p
   1      13.0612 ±    0.2896       0.02210 ±    0.00209       0.02553 ±    0.00048     3.629 ±  0.071 %    91.876 ±  0.213 %    40.404 ±  0.258 %
   2      12.2557 ±    0.1943       0.02489 ±    0.00156       0.02910 ±    0.00038     3.958 ±  0.063 %    91.537 ±  0.154 %    42.200 ±  0.186 %
   3      13.3463 ±    0.1748       0.02633 ±    0.00129       0.03047 ±    0.00028     4.004 ±  0.049 %    91.198 ±  0.128 %    40.668 ±  0.150 %
   4      12.8949 ±    0.1462       0.02484 ±    0.00113       0.03006 ±    0.00027     4.009 ±  0.043 %    91.365 ±  0.110 %    41.484 ±  0.131 %
   5      12.2605 ±    0.1231       0.02392 ±    0.00102       0.03025 ±    0.00027     4.013 ±  0.039 %    91.529 ±  0.097 %    42.032 ±  0.117 %

====== Perplexity statistics ======
Mean PPL(Q)                   :  12.260540 ±   0.123100
Mean PPL(base)                :  11.970705 ±   0.119397
Cor(ln(PPL(Q)), ln(PPL(base))):  99.49%
Mean ln(PPL(Q)/PPL(base))     :   0.023924 ±   0.001016
Mean PPL(Q)/PPL(base)         :   1.024212 ±   0.001040
Mean PPL(Q)-PPL(base)         :   0.289834 ±   0.012823

====== KL divergence statistics ======
Mean    KLD:   0.030254 ±   0.000273
Maximum KLD:  10.156878
99.9%   KLD:   0.637841
99.0%   KLD:   0.192948
95.0%   KLD:   0.089834
90.0%   KLD:   0.063709
Median  KLD:   0.019130
10.0%   KLD:   0.000612
 5.0%   KLD:   0.000119
 1.0%   KLD:   0.000012
 0.1%   KLD:   0.000001
Minimum KLD:  -0.000042

====== Token probability statistics ======
Mean    Δp: -0.295 ± 0.014 %
Maximum Δp: 85.587%
99.9%   Δp: 25.034%
99.0%   Δp: 11.018%
95.0%   Δp:  5.060%
90.0%   Δp:  2.797%
75.0%   Δp:  0.449%
Median  Δp: -0.007%
25.0%   Δp: -0.907%
10.0%   Δp: -3.803%
 5.0%   Δp: -6.344%
 1.0%   Δp: -13.383%
 0.1%   Δp: -27.360%
Minimum Δp: -78.614%
RMS Δp    :  4.013 ± 0.039 %
Same top p: 91.529 ± 0.097 %
Same sampled p: 42.032 ± 0.117 %

------------------------------
# llama-perplexity: version: 0.4.7-dev (build 11840, commit a740376d8-dirty) | built with GNU 15.3.0 for Linux x86_64
# model: /home/crusaderky/.cache/huggingface/hub/models--Abiray--MiniCPM5-2B-heretic-abliterated-GGUF/snapshots/c153cc60bed0471d7d26feb02f999a887851a81b/MiniCPM5-2B-heretic-abliterated-Q6_K.gguf size=2070227872 mtime=2026-09-14T23:56:03+00:00 sha256/1048576B=b89fbc4f165c548a5ff8add090027133974656c16fc071096e6636fddb9e7638
llama-perplexity --kl-divergence-base /tmp/logits.dat --ctx-size 32768 -f sample-data/wiki.test.head-2.4k.raw -fa on --hf-repo Abiray/MiniCPM5-2B-heretic-abliterated-GGUF:Q6_K --cache-type-k q5_0 --cache-type-v q5_0 --kv-tail-tokens 128 --kl-divergence
0.01.934.478 I cmn          init: llama threadpool init, n_threads = 16
0.01.988.462 I 
0.01.988.548 I system_info: n_threads = 16 (n_threads_batch = 16) / 32 | CUDA : ARCHS = 750,800,860,890,900,1000,1030,1200,1210 | USE_GRAPHS = 1 | FA_ALL_QUANTS = 1 | CPU : SSE3 = 1 | SSSE3 = 1 | AVX = 1 | AVX2 = 1 | F16C = 1 | FMA = 1 | BMI2 = 1 | LLAMAFILE = 1 | OPENMP = 1 | REPACK = 1 | 
0.02.280.147 I kl_divergence: computing over 5 chunks, n_ctx=32768, batch_size=2048, n_seq=1
0.11.294.624 I kl_divergence: 9.01 seconds per pass - ETA 0.75 minutes

chunk             PPL               ln(PPL(Q)/PPL(base))          KL Divergence              Δp RMS            Same top p        Same sampled p
   1      13.0478 ±    0.2899       0.02107 ±    0.00185       0.01999 ±    0.00025     3.161 ±  0.061 %    92.663 ±  0.204 %    40.557 ±  0.258 %
   2      12.2290 ±    0.1940       0.02271 ±    0.00140       0.02320 ±    0.00030     3.428 ±  0.046 %    92.456 ±  0.146 %    42.324 ±  0.186 %
   3      13.3078 ±    0.1744       0.02344 ±    0.00116       0.02427 ±    0.00022     3.462 ±  0.039 %    92.138 ±  0.121 %    40.792 ±  0.150 %
   4      12.8521 ±    0.1457       0.02151 ±    0.00099       0.02379 ±    0.00020     3.463 ±  0.037 %    92.272 ±  0.104 %    41.598 ±  0.131 %
   5      12.2297 ±    0.1228       0.02141 ±    0.00091       0.02434 ±    0.00026     3.497 ±  0.037 %    92.401 ±  0.093 %    42.149 ±  0.117 %

====== Perplexity statistics ======
Mean PPL(Q)                   :  12.229719 ±   0.122807
Mean PPL(base)                :  11.970705 ±   0.119397
Cor(ln(PPL(Q)), ln(PPL(base))):  99.59%
Mean ln(PPL(Q)/PPL(base))     :   0.021407 ±   0.000909
Mean PPL(Q)/PPL(base)         :   1.021637 ±   0.000928
Mean PPL(Q)-PPL(base)         :   0.259014 ±   0.011481

====== KL divergence statistics ======
Mean    KLD:   0.024337 ±   0.000256
Maximum KLD:  11.335382
99.9%   KLD:   0.444973
99.0%   KLD:   0.142090
95.0%   KLD:   0.071574
90.0%   KLD:   0.051696
Median  KLD:   0.015637
10.0%   KLD:   0.000475
 5.0%   KLD:   0.000090
 1.0%   KLD:   0.000009
 0.1%   KLD:  -0.000000
Minimum KLD:  -0.000029

====== Token probability statistics ======
Mean    Δp: -0.224 ± 0.012 %
Maximum Δp: 85.703%
99.9%   Δp: 20.852%
99.0%   Δp:  9.883%
95.0%   Δp:  4.516%
90.0%   Δp:  2.548%
75.0%   Δp:  0.424%
Median  Δp: -0.005%
25.0%   Δp: -0.778%
10.0%   Δp: -3.326%
 5.0%   Δp: -5.596%
 1.0%   Δp: -11.258%
 0.1%   Δp: -22.119%
Minimum Δp: -93.317%
RMS Δp    :  3.497 ± 0.037 %
Same top p: 92.401 ± 0.093 %
Same sampled p: 42.149 ± 0.117 %

------------------------------
# llama-perplexity: version: 0.4.7-dev (build 11840, commit a740376d8-dirty) | built with GNU 15.3.0 for Linux x86_64
# model: /home/crusaderky/.cache/huggingface/hub/models--Abiray--MiniCPM5-2B-heretic-abliterated-GGUF/snapshots/c153cc60bed0471d7d26feb02f999a887851a81b/MiniCPM5-2B-heretic-abliterated-Q6_K.gguf size=2070227872 mtime=2026-09-14T23:56:03+00:00 sha256/1048576B=b89fbc4f165c548a5ff8add090027133974656c16fc071096e6636fddb9e7638
llama-perplexity --kl-divergence-base /tmp/logits.dat --ctx-size 32768 -f sample-data/wiki.test.head-2.4k.raw -fa on --hf-repo Abiray/MiniCPM5-2B-heretic-abliterated-GGUF:Q6_K --cache-type-k q5_0 --cache-type-v q4_1 --kl-divergence
0.01.623.656 I cmn          init: llama threadpool init, n_threads = 16
0.01.673.735 I 
0.01.673.807 I system_info: n_threads = 16 (n_threads_batch = 16) / 32 | CUDA : ARCHS = 750,800,860,890,900,1000,1030,1200,1210 | USE_GRAPHS = 1 | FA_ALL_QUANTS = 1 | CPU : SSE3 = 1 | SSSE3 = 1 | AVX = 1 | AVX2 = 1 | F16C = 1 | FMA = 1 | BMI2 = 1 | LLAMAFILE = 1 | OPENMP = 1 | REPACK = 1 | 
0.01.961.075 I kl_divergence: computing over 5 chunks, n_ctx=32768, batch_size=2048, n_seq=1
0.10.424.182 I kl_divergence: 8.46 seconds per pass - ETA 0.70 minutes

chunk             PPL               ln(PPL(Q)/PPL(base))          KL Divergence              Δp RMS            Same top p        Same sampled p
   1      13.1097 ±    0.2909       0.02581 ±    0.00219       0.02781 ±    0.00035     3.847 ±  0.071 %    91.351 ±  0.220 %    40.337 ±  0.258 %
   2      12.2848 ±    0.1948       0.02726 ±    0.00163       0.03157 ±    0.00029     4.085 ±  0.050 %    91.278 ±  0.156 %    42.137 ±  0.186 %
   3      13.3840 ±    0.1753       0.02915 ±    0.00135       0.03326 ±    0.00027     4.116 ±  0.042 %    90.801 ±  0.130 %    40.606 ±  0.150 %
   4      12.9326 ±    0.1467       0.02776 ±    0.00119       0.03304 ±    0.00026     4.180 ±  0.040 %    90.942 ±  0.112 %    41.413 ±  0.131 %
   5      12.2949 ±    0.1234       0.02672 ±    0.00107       0.03328 ±    0.00026     4.196 ±  0.037 %    91.147 ±  0.099 %    41.964 ±  0.117 %

====== Perplexity statistics ======
Mean PPL(Q)                   :  12.294863 ±   0.123430
Mean PPL(base)                :  11.970705 ±   0.119397
Cor(ln(PPL(Q)), ln(PPL(base))):  99.43%
Mean ln(PPL(Q)/PPL(base))     :   0.026719 ±   0.001072
Mean PPL(Q)/PPL(base)         :   1.027079 ±   0.001101
Mean PPL(Q)-PPL(base)         :   0.324158 ±   0.013594

====== KL divergence statistics ======
Mean    KLD:   0.033278 ±   0.000261
Maximum KLD:   7.473923
99.9%   KLD:   0.688053
99.0%   KLD:   0.220556
95.0%   KLD:   0.099661
90.0%   KLD:   0.070411
Median  KLD:   0.020785
10.0%   KLD:   0.000672
 5.0%   KLD:   0.000134
 1.0%   KLD:   0.000014
 0.1%   KLD:   0.000001
Minimum KLD:  -0.000041

====== Token probability statistics ======
Mean    Δp: -0.353 ± 0.015 %
Maximum Δp: 92.096%
99.9%   Δp: 25.400%
99.0%   Δp: 11.562%
95.0%   Δp:  5.210%
90.0%   Δp:  2.861%
75.0%   Δp:  0.445%
Median  Δp: -0.009%
25.0%   Δp: -0.990%
10.0%   Δp: -4.136%
 5.0%   Δp: -6.807%
 1.0%   Δp: -14.069%
 0.1%   Δp: -28.414%
Minimum Δp: -70.408%
RMS Δp    :  4.196 ± 0.037 %
Same top p: 91.147 ± 0.099 %
Same sampled p: 41.964 ± 0.117 %

------------------------------
# llama-perplexity: version: 0.4.7-dev (build 11840, commit a740376d8-dirty) | built with GNU 15.3.0 for Linux x86_64
# model: /home/crusaderky/.cache/huggingface/hub/models--Abiray--MiniCPM5-2B-heretic-abliterated-GGUF/snapshots/c153cc60bed0471d7d26feb02f999a887851a81b/MiniCPM5-2B-heretic-abliterated-Q6_K.gguf size=2070227872 mtime=2026-09-14T23:56:03+00:00 sha256/1048576B=b89fbc4f165c548a5ff8add090027133974656c16fc071096e6636fddb9e7638
llama-perplexity --kl-divergence-base /tmp/logits.dat --ctx-size 32768 -f sample-data/wiki.test.head-2.4k.raw -fa on --hf-repo Abiray/MiniCPM5-2B-heretic-abliterated-GGUF:Q6_K --cache-type-k q5_0 --cache-type-v q4_0 --kl-divergence
0.01.576.658 I cmn          init: llama threadpool init, n_threads = 16
0.01.626.594 I 
0.01.626.666 I system_info: n_threads = 16 (n_threads_batch = 16) / 32 | CUDA : ARCHS = 750,800,860,890,900,1000,1030,1200,1210 | USE_GRAPHS = 1 | FA_ALL_QUANTS = 1 | CPU : SSE3 = 1 | SSSE3 = 1 | AVX = 1 | AVX2 = 1 | F16C = 1 | FMA = 1 | BMI2 = 1 | LLAMAFILE = 1 | OPENMP = 1 | REPACK = 1 | 
0.01.911.975 I kl_divergence: computing over 5 chunks, n_ctx=32768, batch_size=2048, n_seq=1
0.10.441.327 I kl_divergence: 8.53 seconds per pass - ETA 0.70 minutes

chunk             PPL               ln(PPL(Q)/PPL(base))          KL Divergence              Δp RMS            Same top p        Same sampled p
   1      13.1226 ±    0.2914       0.02679 ±    0.00225       0.02813 ±    0.00032     3.838 ±  0.068 %    91.180 ±  0.222 %    40.360 ±  0.258 %
   2      12.2933 ±    0.1951       0.02796 ±    0.00167       0.03188 ±    0.00035     4.118 ±  0.056 %    91.168 ±  0.157 %    42.162 ±  0.186 %
   3      13.3794 ±    0.1754       0.02881 ±    0.00138       0.03332 ±    0.00028     4.166 ±  0.047 %    90.777 ±  0.131 %    40.629 ±  0.150 %
   4      12.9192 ±    0.1465       0.02672 ±    0.00120       0.03300 ±    0.00026     4.181 ±  0.040 %    90.957 ±  0.112 %    41.433 ±  0.131 %
   5      12.2877 ±    0.1234       0.02613 ±    0.00108       0.03324 ±    0.00026     4.205 ±  0.036 %    91.152 ±  0.099 %    41.980 ±  0.117 %

====== Perplexity statistics ======
Mean PPL(Q)                   :  12.287662 ±   0.123404
Mean PPL(base)                :  11.970705 ±   0.119397
Cor(ln(PPL(Q)), ln(PPL(base))):  99.42%
Mean ln(PPL(Q)/PPL(base))     :   0.026133 ±   0.001077
Mean PPL(Q)/PPL(base)         :   1.026478 ±   0.001106
Mean PPL(Q)-PPL(base)         :   0.316957 ±   0.013640

====== KL divergence statistics ======
Mean    KLD:   0.033242 ±   0.000256
Maximum KLD:   9.096000
99.9%   KLD:   0.660156
99.0%   KLD:   0.207552
95.0%   KLD:   0.099831
90.0%   KLD:   0.071008
Median  KLD:   0.021132
10.0%   KLD:   0.000672
 5.0%   KLD:   0.000132
 1.0%   KLD:   0.000014
 0.1%   KLD:   0.000001
Minimum KLD:  -0.000024

====== Token probability statistics ======
Mean    Δp: -0.331 ± 0.015 %
Maximum Δp: 70.034%
99.9%   Δp: 25.305%
99.0%   Δp: 11.741%
95.0%   Δp:  5.251%
90.0%   Δp:  2.956%
75.0%   Δp:  0.470%
Median  Δp: -0.009%
25.0%   Δp: -0.986%
10.0%   Δp: -4.065%
 5.0%   Δp: -6.755%
 1.0%   Δp: -13.931%
 0.1%   Δp: -28.450%
Minimum Δp: -70.555%
RMS Δp    :  4.205 ± 0.036 %
Same top p: 91.152 ± 0.099 %
Same sampled p: 41.980 ± 0.117 %

------------------------------
# llama-perplexity: version: 0.4.7-dev (build 11840, commit a740376d8-dirty) | built with GNU 15.3.0 for Linux x86_64
# model: /home/crusaderky/.cache/huggingface/hub/models--Abiray--MiniCPM5-2B-heretic-abliterated-GGUF/snapshots/c153cc60bed0471d7d26feb02f999a887851a81b/MiniCPM5-2B-heretic-abliterated-Q6_K.gguf size=2070227872 mtime=2026-09-14T23:56:03+00:00 sha256/1048576B=b89fbc4f165c548a5ff8add090027133974656c16fc071096e6636fddb9e7638
llama-perplexity --kl-divergence-base /tmp/logits.dat --ctx-size 32768 -f sample-data/wiki.test.head-2.4k.raw -fa on --hf-repo Abiray/MiniCPM5-2B-heretic-abliterated-GGUF:Q6_K --cache-type-k q5_0 --cache-type-v q3_0 --kl-divergence
0.01.598.082 I cmn          init: llama threadpool init, n_threads = 16
0.01.647.592 I 
0.01.647.662 I system_info: n_threads = 16 (n_threads_batch = 16) / 32 | CUDA : ARCHS = 750,800,860,890,900,1000,1030,1200,1210 | USE_GRAPHS = 1 | FA_ALL_QUANTS = 1 | CPU : SSE3 = 1 | SSSE3 = 1 | AVX = 1 | AVX2 = 1 | F16C = 1 | FMA = 1 | BMI2 = 1 | LLAMAFILE = 1 | OPENMP = 1 | REPACK = 1 | 
0.01.935.897 I kl_divergence: computing over 5 chunks, n_ctx=32768, batch_size=2048, n_seq=1
0.10.375.552 I kl_divergence: 8.44 seconds per pass - ETA 0.70 minutes

chunk             PPL               ln(PPL(Q)/PPL(base))          KL Divergence              Δp RMS            Same top p        Same sampled p
   1      13.2379 ±    0.2935       0.03554 ±    0.00266       0.04094 ±    0.00050     4.785 ±  0.092 %    89.642 ±  0.238 %    40.036 ±  0.258 %
   2      12.3932 ±    0.1963       0.03605 ±    0.00199       0.04583 ±    0.00053     5.075 ±  0.070 %    89.440 ±  0.170 %    41.809 ±  0.186 %
   3      13.4998 ±    0.1765       0.03776 ±    0.00165       0.04768 ±    0.00042     5.066 ±  0.055 %    89.145 ±  0.140 %    40.283 ±  0.150 %
   4      13.0441 ±    0.1476       0.03634 ±    0.00144       0.04797 ±    0.00038     5.159 ±  0.049 %    89.234 ±  0.121 %    41.066 ±  0.131 %
   5      12.4150 ±    0.1244       0.03644 ±    0.00127       0.04785 ±    0.00036     5.153 ±  0.044 %    89.459 ±  0.107 %    41.604 ±  0.117 %

====== Perplexity statistics ======
Mean PPL(Q)                   :  12.414951 ±   0.124406
Mean PPL(base)                :  11.970705 ±   0.119397
Cor(ln(PPL(Q)), ln(PPL(base))):  99.19%
Mean ln(PPL(Q)/PPL(base))     :   0.036439 ±   0.001274
Mean PPL(Q)/PPL(base)         :   1.037111 ±   0.001322
Mean PPL(Q)-PPL(base)         :   0.444246 ±   0.016313

====== KL divergence statistics ======
Mean    KLD:   0.047848 ±   0.000357
Maximum KLD:  10.530664
99.9%   KLD:   1.035006
99.0%   KLD:   0.318345
95.0%   KLD:   0.146605
90.0%   KLD:   0.101318
Median  KLD:   0.029628
10.0%   KLD:   0.001069
 5.0%   KLD:   0.000226
 1.0%   KLD:   0.000024
 0.1%   KLD:   0.000002
Minimum KLD:  -0.000021

====== Token probability statistics ======
Mean    Δp: -0.658 ± 0.018 %
Maximum Δp: 85.964%
99.9%   Δp: 28.836%
99.0%   Δp: 13.549%
95.0%   Δp:  5.862%
90.0%   Δp:  3.112%
75.0%   Δp:  0.394%
Median  Δp: -0.025%
25.0%   Δp: -1.424%
10.0%   Δp: -5.364%
 5.0%   Δp: -8.717%
 1.0%   Δp: -17.888%
 0.1%   Δp: -35.857%
Minimum Δp: -88.029%
RMS Δp    :  5.153 ± 0.044 %
Same top p: 89.459 ± 0.107 %
Same sampled p: 41.604 ± 0.117 %

------------------------------
# llama-perplexity: version: 0.4.7-dev (build 11840, commit a740376d8-dirty) | built with GNU 15.3.0 for Linux x86_64
# model: /home/crusaderky/.cache/huggingface/hub/models--Abiray--MiniCPM5-2B-heretic-abliterated-GGUF/snapshots/c153cc60bed0471d7d26feb02f999a887851a81b/MiniCPM5-2B-heretic-abliterated-Q6_K.gguf size=2070227872 mtime=2026-09-14T23:56:03+00:00 sha256/1048576B=b89fbc4f165c548a5ff8add090027133974656c16fc071096e6636fddb9e7638
llama-perplexity --kl-divergence-base /tmp/logits.dat --ctx-size 32768 -f sample-data/wiki.test.head-2.4k.raw -fa on --hf-repo Abiray/MiniCPM5-2B-heretic-abliterated-GGUF:Q6_K --cache-type-k q4_0 --cache-type-v q4_0 --kl-divergence
0.01.635.571 I cmn          init: llama threadpool init, n_threads = 16
0.01.685.733 I 
0.01.685.805 I system_info: n_threads = 16 (n_threads_batch = 16) / 32 | CUDA : ARCHS = 750,800,860,890,900,1000,1030,1200,1210 | USE_GRAPHS = 1 | FA_ALL_QUANTS = 1 | CPU : SSE3 = 1 | SSSE3 = 1 | AVX = 1 | AVX2 = 1 | F16C = 1 | FMA = 1 | BMI2 = 1 | LLAMAFILE = 1 | OPENMP = 1 | REPACK = 1 | 
0.01.975.190 I kl_divergence: computing over 5 chunks, n_ctx=32768, batch_size=2048, n_seq=1
0.10.347.474 I kl_divergence: 8.37 seconds per pass - ETA 0.68 minutes

chunk             PPL               ln(PPL(Q)/PPL(base))          KL Divergence              Δp RMS            Same top p        Same sampled p
   1      13.2614 ±    0.2945       0.03732 ±    0.00289       0.04647 ±    0.00066     5.126 ±  0.103 %    89.080 ±  0.244 %    39.984 ±  0.258 %
   2      12.4398 ±    0.1975       0.03980 ±    0.00212       0.05026 ±    0.00051     5.346 ±  0.074 %    88.952 ±  0.173 %    41.777 ±  0.186 %
   3      13.5087 ±    0.1768       0.03842 ±    0.00175       0.05236 ±    0.00043     5.349 ±  0.059 %    88.565 ±  0.144 %    40.250 ±  0.150 %
   4      13.0468 ±    0.1478       0.03655 ±    0.00153       0.05254 ±    0.00040     5.414 ±  0.051 %    88.677 ±  0.124 %    41.047 ±  0.131 %
   5      12.4052 ±    0.1245       0.03566 ±    0.00138       0.05262 ±    0.00042     5.439 ±  0.047 %    88.881 ±  0.110 %    41.597 ±  0.117 %

====== Perplexity statistics ======
Mean PPL(Q)                   :  12.405249 ±   0.124464
Mean PPL(base)                :  11.970705 ±   0.119397
Cor(ln(PPL(Q)), ln(PPL(base))):  99.05%
Mean ln(PPL(Q)/PPL(base))     :   0.035657 ±   0.001382
Mean PPL(Q)/PPL(base)         :   1.036301 ±   0.001432
Mean PPL(Q)-PPL(base)         :   0.434543 ±   0.017575

====== KL divergence statistics ======
Mean    KLD:   0.052624 ±   0.000423
Maximum KLD:  11.647316
99.9%   KLD:   1.120423
99.0%   KLD:   0.361619
95.0%   KLD:   0.160689
90.0%   KLD:   0.111159
Median  KLD:   0.031717
10.0%   KLD:   0.001112
 5.0%   KLD:   0.000237
 1.0%   KLD:   0.000025
 0.1%   KLD:   0.000003
Minimum KLD:  -0.000021

====== Token probability statistics ======
Mean    Δp: -0.588 ± 0.019 %
Maximum Δp: 86.201%
99.9%   Δp: 31.544%
99.0%   Δp: 14.660%
95.0%   Δp:  6.396%
90.0%   Δp:  3.447%
75.0%   Δp:  0.478%
Median  Δp: -0.021%
25.0%   Δp: -1.390%
10.0%   Δp: -5.408%
 5.0%   Δp: -8.936%
 1.0%   Δp: -18.688%
 0.1%   Δp: -37.457%
Minimum Δp: -92.031%
RMS Δp    :  5.439 ± 0.047 %
Same top p: 88.881 ± 0.110 %
Same sampled p: 41.597 ± 0.117 %

------------------------------
# llama-perplexity: version: 0.4.7-dev (build 11840, commit a740376d8-dirty) | built with GNU 15.3.0 for Linux x86_64
# model: /home/crusaderky/.cache/huggingface/hub/models--Abiray--MiniCPM5-2B-heretic-abliterated-GGUF/snapshots/c153cc60bed0471d7d26feb02f999a887851a81b/MiniCPM5-2B-heretic-abliterated-Q6_K.gguf size=2070227872 mtime=2026-09-14T23:56:03+00:00 sha256/1048576B=b89fbc4f165c548a5ff8add090027133974656c16fc071096e6636fddb9e7638
llama-perplexity --kl-divergence-base /tmp/logits.dat --ctx-size 32768 -f sample-data/wiki.test.head-2.4k.raw -fa on --hf-repo Abiray/MiniCPM5-2B-heretic-abliterated-GGUF:Q6_K --cache-type-k q4_0 --cache-type-v q4_0 --kv-tail-tokens 128 --kl-divergence
0.01.942.772 I cmn          init: llama threadpool init, n_threads = 16
0.01.995.748 I 
0.01.995.817 I system_info: n_threads = 16 (n_threads_batch = 16) / 32 | CUDA : ARCHS = 750,800,860,890,900,1000,1030,1200,1210 | USE_GRAPHS = 1 | FA_ALL_QUANTS = 1 | CPU : SSE3 = 1 | SSSE3 = 1 | AVX = 1 | AVX2 = 1 | F16C = 1 | FMA = 1 | BMI2 = 1 | LLAMAFILE = 1 | OPENMP = 1 | REPACK = 1 | 
0.02.283.666 I kl_divergence: computing over 5 chunks, n_ctx=32768, batch_size=2048, n_seq=1
0.11.202.589 I kl_divergence: 8.92 seconds per pass - ETA 0.73 minutes

chunk             PPL               ln(PPL(Q)/PPL(base))          KL Divergence              Δp RMS            Same top p        Same sampled p
   1      13.0372 ±    0.2891       0.02026 ±    0.00204       0.02412 ±    0.00036     3.589 ±  0.082 %    92.102 ±  0.211 %    40.417 ±  0.258 %
   2      12.2458 ±    0.1941       0.02408 ±    0.00151       0.02733 ±    0.00028     3.856 ±  0.055 %    91.827 ±  0.151 %    42.211 ±  0.186 %
   3      13.3267 ±    0.1745       0.02486 ±    0.00125       0.02833 ±    0.00023     3.859 ±  0.048 %    91.422 ±  0.126 %    40.686 ±  0.150 %
   4      12.8700 ±    0.1458       0.02291 ±    0.00108       0.02789 ±    0.00021     3.839 ±  0.041 %    91.598 ±  0.108 %    41.488 ±  0.131 %
   5      12.2408 ±    0.1228       0.02232 ±    0.00098       0.02840 ±    0.00025     3.911 ±  0.041 %    91.763 ±  0.096 %    42.037 ±  0.117 %

====== Perplexity statistics ======
Mean PPL(Q)                   :  12.240848 ±   0.122803
Mean PPL(base)                :  11.970705 ±   0.119397
Cor(ln(PPL(Q)), ln(PPL(base))):  99.52%
Mean ln(PPL(Q)/PPL(base))     :   0.022316 ±   0.000980
Mean PPL(Q)/PPL(base)         :   1.022567 ±   0.001002
Mean PPL(Q)-PPL(base)         :   0.270143 ±   0.012321

====== KL divergence statistics ======
Mean    KLD:   0.028401 ±   0.000254
Maximum KLD:   9.733850
99.9%   KLD:   0.524040
99.0%   KLD:   0.175700
95.0%   KLD:   0.084776
90.0%   KLD:   0.060295
Median  KLD:   0.018036
10.0%   KLD:   0.000561
 5.0%   KLD:   0.000111
 1.0%   KLD:   0.000011
 0.1%   KLD:   0.000000
Minimum KLD:  -0.000035

====== Token probability statistics ======
Mean    Δp: -0.301 ± 0.014 %
Maximum Δp: 84.539%
99.9%   Δp: 22.888%
99.0%   Δp: 10.754%
95.0%   Δp:  4.857%
90.0%   Δp:  2.684%
75.0%   Δp:  0.430%
Median  Δp: -0.007%
25.0%   Δp: -0.884%
10.0%   Δp: -3.733%
 5.0%   Δp: -6.202%
 1.0%   Δp: -12.930%
 0.1%   Δp: -27.520%
Minimum Δp: -99.929%
RMS Δp    :  3.911 ± 0.041 %
Same top p: 91.763 ± 0.096 %
Same sampled p: 42.037 ± 0.117 %

------------------------------
# llama-perplexity: version: 0.4.7-dev (build 11840, commit a740376d8-dirty) | built with GNU 15.3.0 for Linux x86_64
# model: /home/crusaderky/.cache/huggingface/hub/models--Abiray--MiniCPM5-2B-heretic-abliterated-GGUF/snapshots/c153cc60bed0471d7d26feb02f999a887851a81b/MiniCPM5-2B-heretic-abliterated-Q6_K.gguf size=2070227872 mtime=2026-09-14T23:56:03+00:00 sha256/1048576B=b89fbc4f165c548a5ff8add090027133974656c16fc071096e6636fddb9e7638
llama-perplexity --kl-divergence-base /tmp/logits.dat --ctx-size 32768 -f sample-data/wiki.test.head-2.4k.raw -fa on --hf-repo Abiray/MiniCPM5-2B-heretic-abliterated-GGUF:Q6_K --cache-type-k q4_0 --cache-type-v q3_0 --kl-divergence
0.01.575.682 I cmn          init: llama threadpool init, n_threads = 16
0.01.625.716 I 
0.01.625.788 I system_info: n_threads = 16 (n_threads_batch = 16) / 32 | CUDA : ARCHS = 750,800,860,890,900,1000,1030,1200,1210 | USE_GRAPHS = 1 | FA_ALL_QUANTS = 1 | CPU : SSE3 = 1 | SSSE3 = 1 | AVX = 1 | AVX2 = 1 | F16C = 1 | FMA = 1 | BMI2 = 1 | LLAMAFILE = 1 | OPENMP = 1 | REPACK = 1 | 
0.01.910.880 I kl_divergence: computing over 5 chunks, n_ctx=32768, batch_size=2048, n_seq=1
0.10.319.584 I kl_divergence: 8.41 seconds per pass - ETA 0.70 minutes

chunk             PPL               ln(PPL(Q)/PPL(base))          KL Divergence              Δp RMS            Same top p        Same sampled p
   1      13.4058 ±    0.2974       0.04815 ±    0.00334       0.05985 ±    0.00083     5.951 ±  0.108 %    87.682 ±  0.257 %    39.637 ±  0.257 %
   2      12.5731 ±    0.1994       0.05046 ±    0.00242       0.06447 ±    0.00063     6.148 ±  0.076 %    87.545 ±  0.182 %    41.449 ±  0.186 %
   3      13.6826 ±    0.1791       0.05121 ±    0.00200       0.06714 ±    0.00053     6.150 ±  0.061 %    87.133 ±  0.151 %    39.923 ±  0.150 %
   4      13.2107 ±    0.1496       0.04904 ±    0.00175       0.06787 ±    0.00049     6.300 ±  0.058 %    87.255 ±  0.130 %    40.693 ±  0.131 %
   5      12.5652 ±    0.1260       0.04847 ±    0.00155       0.06745 ±    0.00046     6.289 ±  0.051 %    87.448 ±  0.116 %    41.239 ±  0.117 %

====== Perplexity statistics ======
Mean PPL(Q)                   :  12.565164 ±   0.125955
Mean PPL(base)                :  11.970705 ±   0.119397
Cor(ln(PPL(Q)), ln(PPL(base))):  98.80%
Mean ln(PPL(Q)/PPL(base))     :   0.048466 ±   0.001550
Mean PPL(Q)/PPL(base)         :   1.049659 ±   0.001627
Mean PPL(Q)-PPL(base)         :   0.594458 ±   0.020098

====== KL divergence statistics ======
Mean    KLD:   0.067453 ±   0.000464
Maximum KLD:  11.093233
99.9%   KLD:   1.435303
99.0%   KLD:   0.482077
95.0%   KLD:   0.210180
90.0%   KLD:   0.144099
Median  KLD:   0.040112
10.0%   KLD:   0.001649
 5.0%   KLD:   0.000351
 1.0%   KLD:   0.000039
 0.1%   KLD:   0.000004
Minimum KLD:  -0.000012

====== Token probability statistics ======
Mean    Δp: -0.939 ± 0.022 %
Maximum Δp: 86.162%
99.9%   Δp: 35.459%
99.0%   Δp: 15.716%
95.0%   Δp:  6.694%
90.0%   Δp:  3.526%
75.0%   Δp:  0.407%
Median  Δp: -0.043%
25.0%   Δp: -1.848%
10.0%   Δp: -6.645%
 5.0%   Δp: -10.738%
 1.0%   Δp: -22.645%
 0.1%   Δp: -45.693%
Minimum Δp: -97.879%
RMS Δp    :  6.289 ± 0.051 %
Same top p: 87.448 ± 0.116 %
Same sampled p: 41.239 ± 0.117 %

------------------------------
# llama-perplexity: version: 0.4.7-dev (build 11840, commit a740376d8-dirty) | built with GNU 15.3.0 for Linux x86_64
# model: /home/crusaderky/.cache/huggingface/hub/models--Abiray--MiniCPM5-2B-heretic-abliterated-GGUF/snapshots/c153cc60bed0471d7d26feb02f999a887851a81b/MiniCPM5-2B-heretic-abliterated-Q6_K.gguf size=2070227872 mtime=2026-09-14T23:56:03+00:00 sha256/1048576B=b89fbc4f165c548a5ff8add090027133974656c16fc071096e6636fddb9e7638
llama-perplexity --kl-divergence-base /tmp/logits.dat --ctx-size 32768 -f sample-data/wiki.test.head-2.4k.raw -fa on --hf-repo Abiray/MiniCPM5-2B-heretic-abliterated-GGUF:Q6_K --cache-type-k q4_0 --cache-type-v q3_0 --kv-tail-tokens 128 --kl-divergence
0.01.966.864 I cmn          init: llama threadpool init, n_threads = 16
0.02.019.690 I 
0.02.019.754 I system_info: n_threads = 16 (n_threads_batch = 16) / 32 | CUDA : ARCHS = 750,800,860,890,900,1000,1030,1200,1210 | USE_GRAPHS = 1 | FA_ALL_QUANTS = 1 | CPU : SSE3 = 1 | SSSE3 = 1 | AVX = 1 | AVX2 = 1 | F16C = 1 | FMA = 1 | BMI2 = 1 | LLAMAFILE = 1 | OPENMP = 1 | REPACK = 1 | 
0.02.304.740 I kl_divergence: computing over 5 chunks, n_ctx=32768, batch_size=2048, n_seq=1
0.11.355.892 I kl_divergence: 9.05 seconds per pass - ETA 0.75 minutes

chunk             PPL               ln(PPL(Q)/PPL(base))          KL Divergence              Δp RMS            Same top p        Same sampled p
   1      13.0850 ±    0.2899       0.02393 ±    0.00222       0.02686 ±    0.00054     3.869 ±  0.084 %    91.509 ±  0.218 %    40.331 ±  0.258 %
   2      12.2812 ±    0.1946       0.02697 ±    0.00162       0.03004 ±    0.00043     4.114 ±  0.060 %    91.284 ±  0.156 %    42.131 ±  0.186 %
   3      13.3696 ±    0.1750       0.02807 ±    0.00133       0.03123 ±    0.00032     4.105 ±  0.052 %    90.962 ±  0.129 %    40.606 ±  0.150 %
   4      12.9220 ±    0.1464       0.02694 ±    0.00115       0.03110 ±    0.00029     4.113 ±  0.044 %    91.152 ±  0.111 %    41.406 ±  0.131 %
   5      12.2987 ±    0.1234       0.02703 ±    0.00105       0.03163 ±    0.00034     4.161 ±  0.044 %    91.315 ±  0.098 %    41.944 ±  0.117 %

====== Perplexity statistics ======
Mean PPL(Q)                   :  12.298651 ±   0.123376
Mean PPL(base)                :  11.970705 ±   0.119397
Cor(ln(PPL(Q)), ln(PPL(base))):  99.45%
Mean ln(PPL(Q)/PPL(base))     :   0.027027 ±   0.001048
Mean PPL(Q)/PPL(base)         :   1.027396 ±   0.001076
Mean PPL(Q)-PPL(base)         :   0.327946 ±   0.013300

====== KL divergence statistics ======
Mean    KLD:   0.031632 ±   0.000337
Maximum KLD:  13.367064
99.9%   KLD:   0.631226
99.0%   KLD:   0.193724
95.0%   KLD:   0.094012
90.0%   KLD:   0.066088
Median  KLD:   0.019817
10.0%   KLD:   0.000648
 5.0%   KLD:   0.000127
 1.0%   KLD:   0.000012
 0.1%   KLD:   0.000000
Minimum KLD:  -0.000020

====== Token probability statistics ======
Mean    Δp: -0.401 ± 0.014 %
Maximum Δp: 86.322%
99.9%   Δp: 23.943%
99.0%   Δp: 11.233%
95.0%   Δp:  4.948%
90.0%   Δp:  2.701%
75.0%   Δp:  0.388%
Median  Δp: -0.010%
25.0%   Δp: -1.016%
10.0%   Δp: -4.102%
 5.0%   Δp: -6.732%
 1.0%   Δp: -13.714%
 0.1%   Δp: -29.253%
Minimum Δp: -99.990%
RMS Δp    :  4.161 ± 0.044 %
Same top p: 91.315 ± 0.098 %
Same sampled p: 41.944 ± 0.117 %

------------------------------
# llama-perplexity: version: 0.4.7-dev (build 11840, commit a740376d8-dirty) | built with GNU 15.3.0 for Linux x86_64
# model: /home/crusaderky/.cache/huggingface/hub/models--Abiray--MiniCPM5-2B-heretic-abliterated-GGUF/snapshots/c153cc60bed0471d7d26feb02f999a887851a81b/MiniCPM5-2B-heretic-abliterated-Q6_K.gguf size=2070227872 mtime=2026-09-14T23:56:03+00:00 sha256/1048576B=b89fbc4f165c548a5ff8add090027133974656c16fc071096e6636fddb9e7638
llama-perplexity --kl-divergence-base /tmp/logits.dat --ctx-size 32768 -f sample-data/wiki.test.head-2.4k.raw -fa on --hf-repo Abiray/MiniCPM5-2B-heretic-abliterated-GGUF:Q6_K --cache-type-k q3_0 --cache-type-v q3_0 --kl-divergence
0.01.576.094 I cmn          init: llama threadpool init, n_threads = 16
0.01.625.386 I 
0.01.625.460 I system_info: n_threads = 16 (n_threads_batch = 16) / 32 | CUDA : ARCHS = 750,800,860,890,900,1000,1030,1200,1210 | USE_GRAPHS = 1 | FA_ALL_QUANTS = 1 | CPU : SSE3 = 1 | SSSE3 = 1 | AVX = 1 | AVX2 = 1 | F16C = 1 | FMA = 1 | BMI2 = 1 | LLAMAFILE = 1 | OPENMP = 1 | REPACK = 1 | 
0.01.916.000 I kl_divergence: computing over 5 chunks, n_ctx=32768, batch_size=2048, n_seq=1
0.10.511.782 I kl_divergence: 8.60 seconds per pass - ETA 0.70 minutes

chunk             PPL               ln(PPL(Q)/PPL(base))          KL Divergence              Δp RMS            Same top p        Same sampled p
   1      14.1748 ±    0.3141       0.10392 ±    0.00505       0.14322 ±    0.00181     9.676 ±  0.159 %    81.408 ±  0.304 %    37.928 ±  0.256 %
   2      13.2975 ±    0.2107       0.10648 ±    0.00367       0.14895 ±    0.00143     9.967 ±  0.115 %    81.817 ±  0.213 %    39.728 ±  0.185 %
   3      14.5152 ±    0.1899       0.11029 ±    0.00305       0.15465 ±    0.00118     9.912 ±  0.091 %    81.125 ±  0.177 %    38.236 ±  0.149 %
   4      14.0071 ±    0.1586       0.10757 ±    0.00267       0.15532 ±    0.00104     9.989 ±  0.080 %    81.224 ±  0.153 %    39.006 ±  0.130 %
   5      13.3403 ±    0.1339       0.10832 ±    0.00238       0.15422 ±    0.00094     9.934 ±  0.070 %    81.520 ±  0.136 %    39.587 ±  0.116 %

====== Perplexity statistics ======
Mean PPL(Q)                   :  13.340258 ±   0.133871
Mean PPL(base)                :  11.970705 ±   0.119397
Cor(ln(PPL(Q)), ln(PPL(base))):  97.17%
Mean ln(PPL(Q)/PPL(base))     :   0.108324 ±   0.002381
Mean PPL(Q)/PPL(base)         :   1.114409 ±   0.002653
Mean PPL(Q)-PPL(base)         :   1.369553 ±   0.033376

====== KL divergence statistics ======
Mean    KLD:   0.154219 ±   0.000939
Maximum KLD:  11.070297
99.9%   KLD:   2.962899
99.0%   KLD:   1.111246
95.0%   KLD:   0.497577
90.0%   KLD:   0.334824
Median  KLD:   0.090142
10.0%   KLD:   0.004988
 5.0%   KLD:   0.001324
 1.0%   KLD:   0.000180
 0.1%   KLD:   0.000018
Minimum KLD:  -0.000004

====== Token probability statistics ======
Mean    Δp: -2.196 ± 0.034 %
Maximum Δp: 92.801%
99.9%   Δp: 45.181%
99.0%   Δp: 21.526%
95.0%   Δp:  8.950%
90.0%   Δp:  4.473%
75.0%   Δp:  0.353%
Median  Δp: -0.192%
25.0%   Δp: -3.585%
10.0%   Δp: -11.533%
 5.0%   Δp: -18.547%
 1.0%   Δp: -38.749%
 0.1%   Δp: -75.146%
Minimum Δp: -99.251%
RMS Δp    :  9.934 ± 0.070 %
Same top p: 81.520 ± 0.136 %
Same sampled p: 39.587 ± 0.116 %

------------------------------
# llama-perplexity: version: 0.4.7-dev (build 11840, commit a740376d8-dirty) | built with GNU 15.3.0 for Linux x86_64
# model: /home/crusaderky/.cache/huggingface/hub/models--Abiray--MiniCPM5-2B-heretic-abliterated-GGUF/snapshots/c153cc60bed0471d7d26feb02f999a887851a81b/MiniCPM5-2B-heretic-abliterated-Q6_K.gguf size=2070227872 mtime=2026-09-14T23:56:03+00:00 sha256/1048576B=b89fbc4f165c548a5ff8add090027133974656c16fc071096e6636fddb9e7638
llama-perplexity --kl-divergence-base /tmp/logits.dat --ctx-size 32768 -f sample-data/wiki.test.head-2.4k.raw -fa on --hf-repo Abiray/MiniCPM5-2B-heretic-abliterated-GGUF:Q6_K --cache-type-k q3_0 --cache-type-v q3_0 --kv-tail-tokens 128 --kl-divergence
0.01.982.412 I cmn          init: llama threadpool init, n_threads = 16
0.02.034.452 I 
0.02.034.524 I system_info: n_threads = 16 (n_threads_batch = 16) / 32 | CUDA : ARCHS = 750,800,860,890,900,1000,1030,1200,1210 | USE_GRAPHS = 1 | FA_ALL_QUANTS = 1 | CPU : SSE3 = 1 | SSSE3 = 1 | AVX = 1 | AVX2 = 1 | F16C = 1 | FMA = 1 | BMI2 = 1 | LLAMAFILE = 1 | OPENMP = 1 | REPACK = 1 | 
0.02.316.973 I kl_divergence: computing over 5 chunks, n_ctx=32768, batch_size=2048, n_seq=1
0.11.558.392 I kl_divergence: 9.24 seconds per pass - ETA 0.77 minutes

chunk             PPL               ln(PPL(Q)/PPL(base))          KL Divergence              Δp RMS            Same top p        Same sampled p
   1      13.2116 ±    0.2934       0.03355 ±    0.00274       0.04134 ±    0.00055     4.976 ±  0.099 %    89.617 ±  0.238 %    40.147 ±  0.258 %
   2      12.3826 ±    0.1966       0.03519 ±    0.00201       0.04504 ±    0.00046     5.226 ±  0.077 %    89.623 ±  0.168 %    41.955 ±  0.186 %
   3      13.4742 ±    0.1766       0.03586 ±    0.00161       0.04511 ±    0.00034     5.079 ±  0.058 %    89.379 ±  0.139 %    40.457 ±  0.150 %
   4      13.0449 ±    0.1481       0.03640 ±    0.00142       0.04540 ±    0.00033     5.127 ±  0.051 %    89.489 ±  0.120 %    41.260 ±  0.131 %
   5      12.4241 ±    0.1249       0.03717 ±    0.00129       0.04654 ±    0.00038     5.246 ±  0.050 %    89.501 ±  0.107 %    41.775 ±  0.117 %

====== Perplexity statistics ======
Mean PPL(Q)                   :  12.424053 ±   0.124944
Mean PPL(base)                :  11.970705 ±   0.119397
Cor(ln(PPL(Q)), ln(PPL(base))):  99.17%
Mean ln(PPL(Q)/PPL(base))     :   0.037172 ±   0.001292
Mean PPL(Q)/PPL(base)         :   1.037871 ±   0.001340
Mean PPL(Q)-PPL(base)         :   0.453348 ±   0.016669

====== KL divergence statistics ======
Mean    KLD:   0.046545 ±   0.000378
Maximum KLD:  14.449977
99.9%   KLD:   0.991079
99.0%   KLD:   0.323674
95.0%   KLD:   0.145173
90.0%   KLD:   0.099462
Median  KLD:   0.027477
10.0%   KLD:   0.000936
 5.0%   KLD:   0.000187
 1.0%   KLD:   0.000019
 0.1%   KLD:   0.000002
Minimum KLD:  -0.000012

====== Token probability statistics ======
Mean    Δp: -0.503 ± 0.018 %
Maximum Δp: 87.513%
99.9%   Δp: 31.160%
99.0%   Δp: 13.805%
95.0%   Δp:  5.996%
90.0%   Δp:  3.318%
75.0%   Δp:  0.495%
Median  Δp: -0.012%
25.0%   Δp: -1.185%
10.0%   Δp: -4.905%
 5.0%   Δp: -8.330%
 1.0%   Δp: -18.129%
 0.1%   Δp: -39.769%
Minimum Δp: -99.991%
RMS Δp    :  5.246 ± 0.050 %
Same top p: 89.501 ± 0.107 %
Same sampled p: 41.775 ± 0.117 %

------------------------------
# llama-perplexity: version: 0.4.7-dev (build 11840, commit a740376d8-dirty) | built with GNU 15.3.0 for Linux x86_64
# model: /home/crusaderky/.cache/huggingface/hub/models--Abiray--MiniCPM5-2B-heretic-abliterated-GGUF/snapshots/c153cc60bed0471d7d26feb02f999a887851a81b/MiniCPM5-2B-heretic-abliterated-Q6_K.gguf size=2070227872 mtime=2026-09-14T23:56:03+00:00 sha256/1048576B=b89fbc4f165c548a5ff8add090027133974656c16fc071096e6636fddb9e7638
llama-perplexity --kl-divergence-base /tmp/logits.dat --ctx-size 32768 -f sample-data/wiki.test.head-2.4k.raw -fa on --hf-repo Abiray/MiniCPM5-2B-heretic-abliterated-GGUF:Q6_K --cache-type-k kvarn6 --cache-type-v kvarn6 --kl-divergence
0.01.919.005 I cmn          init: llama threadpool init, n_threads = 16
0.01.983.445 I 
0.01.983.515 I system_info: n_threads = 16 (n_threads_batch = 16) / 32 | CUDA : ARCHS = 750,800,860,890,900,1000,1030,1200,1210 | USE_GRAPHS = 1 | FA_ALL_QUANTS = 1 | CPU : SSE3 = 1 | SSSE3 = 1 | AVX = 1 | AVX2 = 1 | F16C = 1 | FMA = 1 | BMI2 = 1 | LLAMAFILE = 1 | OPENMP = 1 | REPACK = 1 | 
0.02.262.657 I kl_divergence: computing over 5 chunks, n_ctx=32768, batch_size=2048, n_seq=1
0.13.091.120 I kl_divergence: 10.83 seconds per pass - ETA 0.90 minutes

chunk             PPL               ln(PPL(Q)/PPL(base))          KL Divergence              Δp RMS            Same top p        Same sampled p
   1      13.0041 ±    0.2885       0.01772 ±    0.00179       0.01886 ±    0.00024     3.087 ±  0.061 %    92.993 ±  0.199 %    40.529 ±  0.258 %
   2      12.1892 ±    0.1932       0.01945 ±    0.00134       0.02179 ±    0.00021     3.310 ±  0.046 %    92.703 ±  0.144 %    42.330 ±  0.186 %
   3      13.2682 ±    0.1737       0.02046 ±    0.00112       0.02294 ±    0.00017     3.344 ±  0.037 %    92.366 ±  0.120 %    40.797 ±  0.150 %
   4      12.8160 ±    0.1452       0.01870 ±    0.00097       0.02256 ±    0.00021     3.346 ±  0.037 %    92.478 ±  0.103 %    41.606 ±  0.131 %
   5      12.1962 ±    0.1224       0.01867 ±    0.00088       0.02292 ±    0.00020     3.378 ±  0.035 %    92.606 ±  0.091 %    42.158 ±  0.117 %

====== Perplexity statistics ======
Mean PPL(Q)                   :  12.196247 ±   0.122381
Mean PPL(base)                :  11.970705 ±   0.119397
Cor(ln(PPL(Q)), ln(PPL(base))):  99.61%
Mean ln(PPL(Q)/PPL(base))     :   0.018666 ±   0.000883
Mean PPL(Q)/PPL(base)         :   1.018841 ±   0.000900
Mean PPL(Q)-PPL(base)         :   0.225541 ±   0.011057

====== KL divergence statistics ======
Mean    KLD:   0.022923 ±   0.000203
Maximum KLD:   6.633912
99.9%   KLD:   0.429701
99.0%   KLD:   0.134217
95.0%   KLD:   0.067829
90.0%   KLD:   0.048892
Median  KLD:   0.014885
10.0%   KLD:   0.000433
 5.0%   KLD:   0.000082
 1.0%   KLD:   0.000008
 0.1%   KLD:  -0.000000
Minimum KLD:  -0.000039

====== Token probability statistics ======
Mean    Δp: -0.198 ± 0.012 %
Maximum Δp: 86.000%
99.9%   Δp: 20.185%
99.0%   Δp:  9.652%
95.0%   Δp:  4.431%
90.0%   Δp:  2.537%
75.0%   Δp:  0.423%
Median  Δp: -0.004%
25.0%   Δp: -0.747%
10.0%   Δp: -3.218%
 5.0%   Δp: -5.329%
 1.0%   Δp: -10.887%
 0.1%   Δp: -20.620%
Minimum Δp: -81.140%
RMS Δp    :  3.378 ± 0.035 %
Same top p: 92.606 ± 0.091 %
Same sampled p: 42.158 ± 0.117 %

------------------------------
# llama-perplexity: version: 0.4.7-dev (build 11840, commit a740376d8-dirty) | built with GNU 15.3.0 for Linux x86_64
# model: /home/crusaderky/.cache/huggingface/hub/models--Abiray--MiniCPM5-2B-heretic-abliterated-GGUF/snapshots/c153cc60bed0471d7d26feb02f999a887851a81b/MiniCPM5-2B-heretic-abliterated-Q6_K.gguf size=2070227872 mtime=2026-09-14T23:56:03+00:00 sha256/1048576B=b89fbc4f165c548a5ff8add090027133974656c16fc071096e6636fddb9e7638
llama-perplexity --kl-divergence-base /tmp/logits.dat --ctx-size 32768 -f sample-data/wiki.test.head-2.4k.raw -fa on --hf-repo Abiray/MiniCPM5-2B-heretic-abliterated-GGUF:Q6_K --cache-type-k kvarn5 --cache-type-v kvarn5 --kl-divergence
0.01.942.175 I cmn          init: llama threadpool init, n_threads = 16
0.02.006.480 I 
0.02.006.545 I system_info: n_threads = 16 (n_threads_batch = 16) / 32 | CUDA : ARCHS = 750,800,860,890,900,1000,1030,1200,1210 | USE_GRAPHS = 1 | FA_ALL_QUANTS = 1 | CPU : SSE3 = 1 | SSSE3 = 1 | AVX = 1 | AVX2 = 1 | F16C = 1 | FMA = 1 | BMI2 = 1 | LLAMAFILE = 1 | OPENMP = 1 | REPACK = 1 | 
0.02.284.321 I kl_divergence: computing over 5 chunks, n_ctx=32768, batch_size=2048, n_seq=1
0.12.918.414 I kl_divergence: 10.63 seconds per pass - ETA 0.88 minutes

chunk             PPL               ln(PPL(Q)/PPL(base))          KL Divergence              Δp RMS            Same top p        Same sampled p
   1      13.0114 ±    0.2886       0.01828 ±    0.00179       0.01916 ±    0.00024     3.136 ±  0.067 %    92.999 ±  0.199 %    40.527 ±  0.258 %
   2      12.1959 ±    0.1933       0.02000 ±    0.00134       0.02218 ±    0.00021     3.396 ±  0.051 %    92.657 ±  0.144 %    42.314 ±  0.186 %
   3      13.2789 ±    0.1738       0.02127 ±    0.00112       0.02327 ±    0.00017     3.397 ±  0.041 %    92.289 ±  0.120 %    40.786 ±  0.150 %
   4      12.8220 ±    0.1452       0.01917 ±    0.00097       0.02288 ±    0.00022     3.390 ±  0.038 %    92.437 ±  0.103 %    41.592 ±  0.131 %
   5      12.2007 ±    0.1224       0.01903 ±    0.00088       0.02320 ±    0.00021     3.407 ±  0.034 %    92.574 ±  0.092 %    42.144 ±  0.117 %

====== Perplexity statistics ======
Mean PPL(Q)                   :  12.200711 ±   0.122406
Mean PPL(base)                :  11.970705 ±   0.119397
Cor(ln(PPL(Q)), ln(PPL(base))):  99.61%
Mean ln(PPL(Q)/PPL(base))     :   0.019032 ±   0.000880
Mean PPL(Q)/PPL(base)         :   1.019214 ±   0.000897
Mean PPL(Q)-PPL(base)         :   0.230005 ±   0.011028

====== KL divergence statistics ======
Mean    KLD:   0.023196 ±   0.000207
Maximum KLD:   7.321984
99.9%   KLD:   0.422763
99.0%   KLD:   0.136993
95.0%   KLD:   0.068896
90.0%   KLD:   0.049256
Median  KLD:   0.015031
10.0%   KLD:   0.000447
 5.0%   KLD:   0.000084
 1.0%   KLD:   0.000008
 0.1%   KLD:  -0.000000
Minimum KLD:  -0.000021

====== Token probability statistics ======
Mean    Δp: -0.216 ± 0.012 %
Maximum Δp: 86.005%
99.9%   Δp: 20.448%
99.0%   Δp:  9.642%
95.0%   Δp:  4.381%
90.0%   Δp:  2.499%
75.0%   Δp:  0.409%
Median  Δp: -0.005%
25.0%   Δp: -0.758%
10.0%   Δp: -3.250%
 5.0%   Δp: -5.401%
 1.0%   Δp: -11.065%
 0.1%   Δp: -22.266%
Minimum Δp: -65.527%
RMS Δp    :  3.407 ± 0.034 %
Same top p: 92.574 ± 0.092 %
Same sampled p: 42.144 ± 0.117 %

------------------------------
# llama-perplexity: version: 0.4.7-dev (build 11840, commit a740376d8-dirty) | built with GNU 15.3.0 for Linux x86_64
# model: /home/crusaderky/.cache/huggingface/hub/models--Abiray--MiniCPM5-2B-heretic-abliterated-GGUF/snapshots/c153cc60bed0471d7d26feb02f999a887851a81b/MiniCPM5-2B-heretic-abliterated-Q6_K.gguf size=2070227872 mtime=2026-09-14T23:56:03+00:00 sha256/1048576B=b89fbc4f165c548a5ff8add090027133974656c16fc071096e6636fddb9e7638
llama-perplexity --kl-divergence-base /tmp/logits.dat --ctx-size 32768 -f sample-data/wiki.test.head-2.4k.raw -fa on --hf-repo Abiray/MiniCPM5-2B-heretic-abliterated-GGUF:Q6_K --cache-type-k kvarn4 --cache-type-v kvarn4 --kl-divergence
0.01.952.377 I cmn          init: llama threadpool init, n_threads = 16
0.02.018.092 I 
0.02.018.157 I system_info: n_threads = 16 (n_threads_batch = 16) / 32 | CUDA : ARCHS = 750,800,860,890,900,1000,1030,1200,1210 | USE_GRAPHS = 1 | FA_ALL_QUANTS = 1 | CPU : SSE3 = 1 | SSSE3 = 1 | AVX = 1 | AVX2 = 1 | F16C = 1 | FMA = 1 | BMI2 = 1 | LLAMAFILE = 1 | OPENMP = 1 | REPACK = 1 | 
0.02.308.950 I kl_divergence: computing over 5 chunks, n_ctx=32768, batch_size=2048, n_seq=1
0.13.496.735 I kl_divergence: 11.19 seconds per pass - ETA 0.92 minutes

chunk             PPL               ln(PPL(Q)/PPL(base))          KL Divergence              Δp RMS            Same top p        Same sampled p
   1      12.9954 ±    0.2881       0.01705 ±    0.00187       0.02029 ±    0.00024     3.206 ±  0.061 %    92.779 ±  0.202 %    40.495 ±  0.258 %
   2      12.1922 ±    0.1932       0.01969 ±    0.00139       0.02318 ±    0.00021     3.442 ±  0.044 %    92.413 ±  0.146 %    42.294 ±  0.186 %
   3      13.2855 ±    0.1739       0.02176 ±    0.00116       0.02435 ±    0.00017     3.485 ±  0.038 %    92.089 ±  0.122 %    40.755 ±  0.150 %
   4      12.8302 ±    0.1453       0.01981 ±    0.00101       0.02403 ±    0.00019     3.510 ±  0.037 %    92.234 ±  0.105 %    41.559 ±  0.131 %
   5      12.2092 ±    0.1225       0.01972 ±    0.00092       0.02472 ±    0.00026     3.560 ±  0.038 %    92.386 ±  0.093 %    42.107 ±  0.117 %

====== Perplexity statistics ======
Mean PPL(Q)                   :  12.209153 ±   0.122492
Mean PPL(base)                :  11.970705 ±   0.119397
Cor(ln(PPL(Q)), ln(PPL(base))):  99.58%
Mean ln(PPL(Q)/PPL(base))     :   0.019723 ±   0.000921
Mean PPL(Q)/PPL(base)         :   1.019919 ±   0.000940
Mean PPL(Q)-PPL(base)         :   0.238448 ±   0.011540

====== KL divergence statistics ======
Mean    KLD:   0.024722 ±   0.000260
Maximum KLD:  10.582431
99.9%   KLD:   0.446090
99.0%   KLD:   0.143751
95.0%   KLD:   0.073106
90.0%   KLD:   0.052293
Median  KLD:   0.015861
10.0%   KLD:   0.000481
 5.0%   KLD:   0.000095
 1.0%   KLD:   0.000009
 0.1%   KLD:  -0.000000
Minimum KLD:  -0.000050

====== Token probability statistics ======
Mean    Δp: -0.239 ± 0.012 %
Maximum Δp: 86.123%
99.9%   Δp: 21.797%
99.0%   Δp:  9.824%
95.0%   Δp:  4.547%
90.0%   Δp:  2.562%
75.0%   Δp:  0.412%
Median  Δp: -0.005%
25.0%   Δp: -0.787%
10.0%   Δp: -3.419%
 5.0%   Δp: -5.629%
 1.0%   Δp: -11.555%
 0.1%   Δp: -22.592%
Minimum Δp: -95.725%
RMS Δp    :  3.560 ± 0.038 %
Same top p: 92.386 ± 0.093 %
Same sampled p: 42.107 ± 0.117 %

------------------------------
# llama-perplexity: version: 0.4.7-dev (build 11840, commit a740376d8-dirty) | built with GNU 15.3.0 for Linux x86_64
# model: /home/crusaderky/.cache/huggingface/hub/models--Abiray--MiniCPM5-2B-heretic-abliterated-GGUF/snapshots/c153cc60bed0471d7d26feb02f999a887851a81b/MiniCPM5-2B-heretic-abliterated-Q6_K.gguf size=2070227872 mtime=2026-09-14T23:56:03+00:00 sha256/1048576B=b89fbc4f165c548a5ff8add090027133974656c16fc071096e6636fddb9e7638
llama-perplexity --kl-divergence-base /tmp/logits.dat --ctx-size 32768 -f sample-data/wiki.test.head-2.4k.raw -fa on --hf-repo Abiray/MiniCPM5-2B-heretic-abliterated-GGUF:Q6_K --cache-type-k kvarn3 --cache-type-v kvarn3 --kl-divergence
0.01.924.601 I cmn          init: llama threadpool init, n_threads = 16
0.01.993.555 I 
0.01.993.637 I system_info: n_threads = 16 (n_threads_batch = 16) / 32 | CUDA : ARCHS = 750,800,860,890,900,1000,1030,1200,1210 | USE_GRAPHS = 1 | FA_ALL_QUANTS = 1 | CPU : SSE3 = 1 | SSSE3 = 1 | AVX = 1 | AVX2 = 1 | F16C = 1 | FMA = 1 | BMI2 = 1 | LLAMAFILE = 1 | OPENMP = 1 | REPACK = 1 | 
0.02.283.277 I kl_divergence: computing over 5 chunks, n_ctx=32768, batch_size=2048, n_seq=1
0.13.051.859 I kl_divergence: 10.77 seconds per pass - ETA 0.88 minutes

chunk             PPL               ln(PPL(Q)/PPL(base))          KL Divergence              Δp RMS            Same top p        Same sampled p
   1      13.0832 ±    0.2898       0.02378 ±    0.00223       0.02758 ±    0.00032     3.940 ±  0.080 %    91.497 ±  0.218 %    40.280 ±  0.258 %
   2      12.2653 ±    0.1943       0.02567 ±    0.00162       0.03057 ±    0.00031     4.170 ±  0.061 %    91.326 ±  0.155 %    42.101 ±  0.186 %
   3      13.3563 ±    0.1748       0.02708 ±    0.00133       0.03152 ±    0.00024     4.134 ±  0.048 %    91.007 ±  0.129 %    40.587 ±  0.150 %
   4      12.8938 ±    0.1461       0.02476 ±    0.00117       0.03128 ±    0.00025     4.170 ±  0.044 %    91.175 ±  0.111 %    41.392 ±  0.131 %
   5      12.2741 ±    0.1231       0.02503 ±    0.00108       0.03227 ±    0.00031     4.251 ±  0.043 %    91.260 ±  0.099 %    41.935 ±  0.117 %

====== Perplexity statistics ======
Mean PPL(Q)                   :  12.274130 ±   0.123133
Mean PPL(base)                :  11.970705 ±   0.119397
Cor(ln(PPL(Q)), ln(PPL(base))):  99.42%
Mean ln(PPL(Q)/PPL(base))     :   0.025031 ±   0.001081
Mean PPL(Q)/PPL(base)         :   1.025347 ±   0.001108
Mean PPL(Q)-PPL(base)         :   0.303424 ±   0.013606

====== KL divergence statistics ======
Mean    KLD:   0.032267 ±   0.000314
Maximum KLD:  13.526970
99.9%   KLD:   0.646693
99.0%   KLD:   0.209402
95.0%   KLD:   0.097325
90.0%   KLD:   0.068232
Median  KLD:   0.020064
10.0%   KLD:   0.000672
 5.0%   KLD:   0.000135
 1.0%   KLD:   0.000015
 0.1%   KLD:   0.000001
Minimum KLD:  -0.000020

====== Token probability statistics ======
Mean    Δp: -0.375 ± 0.015 %
Maximum Δp: 83.963%
99.9%   Δp: 25.717%
99.0%   Δp: 11.611%
95.0%   Δp:  5.070%
90.0%   Δp:  2.784%
75.0%   Δp:  0.415%
Median  Δp: -0.011%
25.0%   Δp: -0.989%
10.0%   Δp: -4.067%
 5.0%   Δp: -6.672%
 1.0%   Δp: -14.011%
 0.1%   Δp: -31.206%
Minimum Δp: -99.991%
RMS Δp    :  4.251 ± 0.043 %
Same top p: 91.260 ± 0.099 %
Same sampled p: 41.935 ± 0.117 %

------------------------------
# llama-perplexity: version: 0.4.7-dev (build 11840, commit a740376d8-dirty) | built with GNU 15.3.0 for Linux x86_64
# model: /home/crusaderky/.cache/huggingface/hub/models--Abiray--MiniCPM5-2B-heretic-abliterated-GGUF/snapshots/c153cc60bed0471d7d26feb02f999a887851a81b/MiniCPM5-2B-heretic-abliterated-Q5_K_M.gguf size=1808063392 mtime=2026-09-15T07:11:59+00:00 sha256/1048576B=b89fbc4f165c548a5ff8add090027133974656c16fc071096e6636fddb9e7638
llama-perplexity --kl-divergence-base /tmp/logits.dat --ctx-size 32768 -f sample-data/wiki.test.head-2.4k.raw -fa on --hf-repo Abiray/MiniCPM5-2B-heretic-abliterated-GGUF:Q5_K_M --cache-type-k q8_0 --cache-type-v q8_0 --kl-divergence
0.01.527.320 I cmn          init: llama threadpool init, n_threads = 16
0.01.578.898 I 
0.01.578.964 I system_info: n_threads = 16 (n_threads_batch = 16) / 32 | CUDA : ARCHS = 750,800,860,890,900,1000,1030,1200,1210 | USE_GRAPHS = 1 | FA_ALL_QUANTS = 1 | CPU : SSE3 = 1 | SSSE3 = 1 | AVX = 1 | AVX2 = 1 | F16C = 1 | FMA = 1 | BMI2 = 1 | LLAMAFILE = 1 | OPENMP = 1 | REPACK = 1 | 
0.01.881.165 I kl_divergence: computing over 5 chunks, n_ctx=32768, batch_size=2048, n_seq=1
0.10.425.532 I kl_divergence: 8.54 seconds per pass - ETA 0.70 minutes

chunk             PPL               ln(PPL(Q)/PPL(base))          KL Divergence              Δp RMS            Same top p        Same sampled p
   1      13.0955 ±    0.2922       0.02472 ±    0.00256       0.03665 ±    0.00046     4.418 ±  0.087 %    89.758 ±  0.237 %    40.480 ±  0.258 %
   2      12.2782 ±    0.1957       0.02673 ±    0.00183       0.03962 ±    0.00034     4.657 ±  0.062 %    89.962 ±  0.166 %    42.236 ±  0.186 %
   3      13.3552 ±    0.1758       0.02699 ±    0.00151       0.04091 ±    0.00028     4.606 ±  0.049 %    89.664 ±  0.137 %    40.701 ±  0.150 %
   4      12.9059 ±    0.1469       0.02569 ±    0.00131       0.04060 ±    0.00024     4.624 ±  0.041 %    89.860 ±  0.118 %    41.483 ±  0.131 %
   5      12.2724 ±    0.1237       0.02489 ±    0.00117       0.04074 ±    0.00028     4.623 ±  0.036 %    90.063 ±  0.105 %    42.044 ±  0.117 %

====== Perplexity statistics ======
Mean PPL(Q)                   :  12.272420 ±   0.123681
Mean PPL(base)                :  11.970705 ±   0.119397
Cor(ln(PPL(Q)), ln(PPL(base))):  99.32%
Mean ln(PPL(Q)/PPL(base))     :   0.024892 ±   0.001172
Mean PPL(Q)/PPL(base)         :   1.025204 ±   0.001201
Mean PPL(Q)-PPL(base)         :   0.301714 ±   0.014782

====== KL divergence statistics ======
Mean    KLD:   0.040745 ±   0.000282
Maximum KLD:  11.432082
99.9%   KLD:   0.687099
99.0%   KLD:   0.252050
95.0%   KLD:   0.121523
90.0%   KLD:   0.087531
Median  KLD:   0.027164
10.0%   KLD:   0.000791
 5.0%   KLD:   0.000157
 1.0%   KLD:   0.000018
 0.1%   KLD:   0.000002
Minimum KLD:  -0.000015

====== Token probability statistics ======
Mean    Δp: -0.190 ± 0.016 %
Maximum Δp: 63.130%
99.9%   Δp: 28.170%
99.0%   Δp: 13.385%
95.0%   Δp:  6.482%
90.0%   Δp:  3.741%
75.0%   Δp:  0.649%
Median  Δp: -0.004%
25.0%   Δp: -0.930%
10.0%   Δp: -4.298%
 5.0%   Δp: -7.232%
 1.0%   Δp: -15.260%
 0.1%   Δp: -30.170%
Minimum Δp: -83.054%
RMS Δp    :  4.623 ± 0.036 %
Same top p: 90.063 ± 0.105 %
Same sampled p: 42.044 ± 0.117 %

------------------------------
# llama-perplexity: version: 0.4.7-dev (build 11840, commit a740376d8-dirty) | built with GNU 15.3.0 for Linux x86_64
# model: /home/crusaderky/.cache/huggingface/hub/models--Abiray--MiniCPM5-2B-heretic-abliterated-GGUF/snapshots/c153cc60bed0471d7d26feb02f999a887851a81b/MiniCPM5-2B-heretic-abliterated-Q5_K_M.gguf size=1808063392 mtime=2026-09-15T07:11:59+00:00 sha256/1048576B=b89fbc4f165c548a5ff8add090027133974656c16fc071096e6636fddb9e7638
llama-perplexity --kl-divergence-base /tmp/logits.dat --ctx-size 32768 -f sample-data/wiki.test.head-2.4k.raw -fa on --hf-repo Abiray/MiniCPM5-2B-heretic-abliterated-GGUF:Q5_K_M --cache-type-k q8_0 --cache-type-v q6_0 --kl-divergence
0.01.546.143 I cmn          init: llama threadpool init, n_threads = 16
0.01.598.955 I 
0.01.599.025 I system_info: n_threads = 16 (n_threads_batch = 16) / 32 | CUDA : ARCHS = 750,800,860,890,900,1000,1030,1200,1210 | USE_GRAPHS = 1 | FA_ALL_QUANTS = 1 | CPU : SSE3 = 1 | SSSE3 = 1 | AVX = 1 | AVX2 = 1 | F16C = 1 | FMA = 1 | BMI2 = 1 | LLAMAFILE = 1 | OPENMP = 1 | REPACK = 1 | 
0.01.907.342 I kl_divergence: computing over 5 chunks, n_ctx=32768, batch_size=2048, n_seq=1
0.10.308.252 I kl_divergence: 8.40 seconds per pass - ETA 0.70 minutes

chunk             PPL               ln(PPL(Q)/PPL(base))          KL Divergence              Δp RMS            Same top p        Same sampled p
   1      13.0941 ±    0.2920       0.02462 ±    0.00255       0.03661 ±    0.00045     4.425 ±  0.081 %    89.739 ±  0.237 %    40.472 ±  0.258 %
   2      12.2710 ±    0.1954       0.02614 ±    0.00186       0.03978 ±    0.00034     4.717 ±  0.062 %    89.797 ±  0.167 %    42.215 ±  0.186 %
   3      13.3517 ±    0.1756       0.02673 ±    0.00153       0.04111 ±    0.00028     4.671 ±  0.051 %    89.509 ±  0.138 %    40.677 ±  0.150 %
   4      12.9028 ±    0.1468       0.02545 ±    0.00132       0.04069 ±    0.00024     4.670 ±  0.042 %    89.730 ±  0.119 %    41.462 ±  0.131 %
   5      12.2734 ±    0.1237       0.02497 ±    0.00119       0.04098 ±    0.00029     4.681 ±  0.038 %    89.947 ±  0.105 %    42.022 ±  0.117 %

====== Perplexity statistics ======
Mean PPL(Q)                   :  12.273358 ±   0.123654
Mean PPL(base)                :  11.970705 ±   0.119397
Cor(ln(PPL(Q)), ln(PPL(base))):  99.31%
Mean ln(PPL(Q)/PPL(base))     :   0.024968 ±   0.001185
Mean PPL(Q)/PPL(base)         :   1.025283 ±   0.001215
Mean PPL(Q)-PPL(base)         :   0.302652 ±   0.014936

====== KL divergence statistics ======
Mean    KLD:   0.040984 ±   0.000285
Maximum KLD:  11.264011
99.9%   KLD:   0.693519
99.0%   KLD:   0.250417
95.0%   KLD:   0.121831
90.0%   KLD:   0.087992
Median  KLD:   0.027287
10.0%   KLD:   0.000792
 5.0%   KLD:   0.000160
 1.0%   KLD:   0.000019
 0.1%   KLD:   0.000002
Minimum KLD:  -0.000017

====== Token probability statistics ======
Mean    Δp: -0.208 ± 0.016 %
Maximum Δp: 73.160%
99.9%   Δp: 27.325%
99.0%   Δp: 13.473%
95.0%   Δp:  6.504%
90.0%   Δp:  3.747%
75.0%   Δp:  0.644%
Median  Δp: -0.005%
25.0%   Δp: -0.954%
10.0%   Δp: -4.345%
 5.0%   Δp: -7.355%
 1.0%   Δp: -15.503%
 0.1%   Δp: -31.544%
Minimum Δp: -81.290%
RMS Δp    :  4.681 ± 0.038 %
Same top p: 89.947 ± 0.105 %
Same sampled p: 42.022 ± 0.117 %

------------------------------
# llama-perplexity: version: 0.4.7-dev (build 11840, commit a740376d8-dirty) | built with GNU 15.3.0 for Linux x86_64
# model: /home/crusaderky/.cache/huggingface/hub/models--Abiray--MiniCPM5-2B-heretic-abliterated-GGUF/snapshots/c153cc60bed0471d7d26feb02f999a887851a81b/MiniCPM5-2B-heretic-abliterated-Q5_K_M.gguf size=1808063392 mtime=2026-09-15T07:11:59+00:00 sha256/1048576B=b89fbc4f165c548a5ff8add090027133974656c16fc071096e6636fddb9e7638
llama-perplexity --kl-divergence-base /tmp/logits.dat --ctx-size 32768 -f sample-data/wiki.test.head-2.4k.raw -fa on --hf-repo Abiray/MiniCPM5-2B-heretic-abliterated-GGUF:Q5_K_M --cache-type-k q6_0 --cache-type-v q6_0 --kl-divergence
0.01.523.869 I cmn          init: llama threadpool init, n_threads = 16
0.01.576.319 I 
0.01.576.391 I system_info: n_threads = 16 (n_threads_batch = 16) / 32 | CUDA : ARCHS = 750,800,860,890,900,1000,1030,1200,1210 | USE_GRAPHS = 1 | FA_ALL_QUANTS = 1 | CPU : SSE3 = 1 | SSSE3 = 1 | AVX = 1 | AVX2 = 1 | F16C = 1 | FMA = 1 | BMI2 = 1 | LLAMAFILE = 1 | OPENMP = 1 | REPACK = 1 | 
0.01.879.066 I kl_divergence: computing over 5 chunks, n_ctx=32768, batch_size=2048, n_seq=1
0.10.187.090 I kl_divergence: 8.31 seconds per pass - ETA 0.68 minutes

chunk             PPL               ln(PPL(Q)/PPL(base))          KL Divergence              Δp RMS            Same top p        Same sampled p
   1      13.1167 ±    0.2925       0.02634 ±    0.00261       0.03777 ±    0.00045     4.505 ±  0.078 %    89.501 ±  0.239 %    40.435 ±  0.258 %
   2      12.2820 ±    0.1956       0.02704 ±    0.00189       0.04129 ±    0.00036     4.782 ±  0.062 %    89.541 ±  0.169 %    42.188 ±  0.186 %
   3      13.3653 ±    0.1758       0.02775 ±    0.00155       0.04254 ±    0.00029     4.729 ±  0.049 %    89.367 ±  0.139 %    40.652 ±  0.150 %
   4      12.9169 ±    0.1470       0.02655 ±    0.00134       0.04221 ±    0.00026     4.750 ±  0.042 %    89.597 ±  0.119 %    41.440 ±  0.131 %
   5      12.2859 ±    0.1238       0.02599 ±    0.00119       0.04229 ±    0.00029     4.737 ±  0.037 %    89.797 ±  0.106 %    41.999 ±  0.117 %

====== Perplexity statistics ======
Mean PPL(Q)                   :  12.285886 ±   0.123778
Mean PPL(base)                :  11.970705 ±   0.119397
Cor(ln(PPL(Q)), ln(PPL(base))):  99.30%
Mean ln(PPL(Q)/PPL(base))     :   0.025989 ±   0.001193
Mean PPL(Q)/PPL(base)         :   1.026329 ±   0.001224
Mean PPL(Q)-PPL(base)         :   0.315180 ±   0.015068

====== KL divergence statistics ======
Mean    KLD:   0.042290 ±   0.000285
Maximum KLD:  10.331324
99.9%   KLD:   0.724373
99.0%   KLD:   0.260003
95.0%   KLD:   0.126498
90.0%   KLD:   0.090472
Median  KLD:   0.027982
10.0%   KLD:   0.000837
 5.0%   KLD:   0.000165
 1.0%   KLD:   0.000019
 0.1%   KLD:   0.000002
Minimum KLD:  -0.000017

====== Token probability statistics ======
Mean    Δp: -0.225 ± 0.017 %
Maximum Δp: 85.362%
99.9%   Δp: 27.164%
99.0%   Δp: 13.581%
95.0%   Δp:  6.537%
90.0%   Δp:  3.768%
75.0%   Δp:  0.647%
Median  Δp: -0.005%
25.0%   Δp: -0.981%
10.0%   Δp: -4.414%
 5.0%   Δp: -7.483%
 1.0%   Δp: -15.581%
 0.1%   Δp: -31.650%
Minimum Δp: -64.024%
RMS Δp    :  4.737 ± 0.037 %
Same top p: 89.797 ± 0.106 %
Same sampled p: 41.999 ± 0.117 %

------------------------------
# llama-perplexity: version: 0.4.7-dev (build 11840, commit a740376d8-dirty) | built with GNU 15.3.0 for Linux x86_64
# model: /home/crusaderky/.cache/huggingface/hub/models--Abiray--MiniCPM5-2B-heretic-abliterated-GGUF/snapshots/c153cc60bed0471d7d26feb02f999a887851a81b/MiniCPM5-2B-heretic-abliterated-Q5_K_M.gguf size=1808063392 mtime=2026-09-15T07:11:59+00:00 sha256/1048576B=b89fbc4f165c548a5ff8add090027133974656c16fc071096e6636fddb9e7638
llama-perplexity --kl-divergence-base /tmp/logits.dat --ctx-size 32768 -f sample-data/wiki.test.head-2.4k.raw -fa on --hf-repo Abiray/MiniCPM5-2B-heretic-abliterated-GGUF:Q5_K_M --cache-type-k q6_0 --cache-type-v q6_0 --kv-tail-tokens 128 --kl-divergence
0.01.874.607 I cmn          init: llama threadpool init, n_threads = 16
0.01.927.593 I 
0.01.927.659 I system_info: n_threads = 16 (n_threads_batch = 16) / 32 | CUDA : ARCHS = 750,800,860,890,900,1000,1030,1200,1210 | USE_GRAPHS = 1 | FA_ALL_QUANTS = 1 | CPU : SSE3 = 1 | SSSE3 = 1 | AVX = 1 | AVX2 = 1 | F16C = 1 | FMA = 1 | BMI2 = 1 | LLAMAFILE = 1 | OPENMP = 1 | REPACK = 1 | 
0.02.207.845 I kl_divergence: computing over 5 chunks, n_ctx=32768, batch_size=2048, n_seq=1
0.11.073.993 I kl_divergence: 8.87 seconds per pass - ETA 0.73 minutes

chunk             PPL               ln(PPL(Q)/PPL(base))          KL Divergence              Δp RMS            Same top p        Same sampled p
   1      13.0885 ±    0.2919       0.02419 ±    0.00257       0.03672 ±    0.00044     4.488 ±  0.085 %    89.697 ±  0.238 %    40.473 ±  0.258 %
   2      12.2716 ±    0.1955       0.02619 ±    0.00184       0.03947 ±    0.00032     4.630 ±  0.057 %    89.889 ±  0.167 %    42.240 ±  0.186 %
   3      13.3538 ±    0.1757       0.02689 ±    0.00151       0.04090 ±    0.00027     4.590 ±  0.047 %    89.656 ±  0.137 %    40.700 ±  0.150 %
   4      12.9051 ±    0.1469       0.02563 ±    0.00131       0.04053 ±    0.00024     4.612 ±  0.040 %    89.884 ±  0.118 %    41.485 ±  0.131 %
   5      12.2735 ±    0.1237       0.02498 ±    0.00118       0.04076 ±    0.00027     4.632 ±  0.037 %    90.056 ±  0.105 %    42.040 ±  0.117 %

====== Perplexity statistics ======
Mean PPL(Q)                   :  12.273544 ±   0.123656
Mean PPL(base)                :  11.970705 ±   0.119397
Cor(ln(PPL(Q)), ln(PPL(base))):  99.32%
Mean ln(PPL(Q)/PPL(base))     :   0.024984 ±   0.001177
Mean PPL(Q)/PPL(base)         :   1.025298 ±   0.001207
Mean PPL(Q)-PPL(base)         :   0.302839 ±   0.014839

====== KL divergence statistics ======
Mean    KLD:   0.040755 ±   0.000266
Maximum KLD:   9.440447
99.9%   KLD:   0.668237
99.0%   KLD:   0.249030
95.0%   KLD:   0.121693
90.0%   KLD:   0.087711
Median  KLD:   0.027146
10.0%   KLD:   0.000779
 5.0%   KLD:   0.000158
 1.0%   KLD:   0.000019
 0.1%   KLD:   0.000002
Minimum KLD:  -0.000014

====== Token probability statistics ======
Mean    Δp: -0.203 ± 0.016 %
Maximum Δp: 76.813%
99.9%   Δp: 26.914%
99.0%   Δp: 13.297%
95.0%   Δp:  6.447%
90.0%   Δp:  3.713%
75.0%   Δp:  0.651%
Median  Δp: -0.004%
25.0%   Δp: -0.934%
10.0%   Δp: -4.306%
 5.0%   Δp: -7.284%
 1.0%   Δp: -15.312%
 0.1%   Δp: -30.567%
Minimum Δp: -73.186%
RMS Δp    :  4.632 ± 0.037 %
Same top p: 90.056 ± 0.105 %
Same sampled p: 42.040 ± 0.117 %

------------------------------
# llama-perplexity: version: 0.4.7-dev (build 11840, commit a740376d8-dirty) | built with GNU 15.3.0 for Linux x86_64
# model: /home/crusaderky/.cache/huggingface/hub/models--Abiray--MiniCPM5-2B-heretic-abliterated-GGUF/snapshots/c153cc60bed0471d7d26feb02f999a887851a81b/MiniCPM5-2B-heretic-abliterated-Q5_K_M.gguf size=1808063392 mtime=2026-09-15T07:11:59+00:00 sha256/1048576B=b89fbc4f165c548a5ff8add090027133974656c16fc071096e6636fddb9e7638
llama-perplexity --kl-divergence-base /tmp/logits.dat --ctx-size 32768 -f sample-data/wiki.test.head-2.4k.raw -fa on --hf-repo Abiray/MiniCPM5-2B-heretic-abliterated-GGUF:Q5_K_M --cache-type-k q6_0 --cache-type-v q5_0 --kl-divergence
0.01.510.240 I cmn          init: llama threadpool init, n_threads = 16
0.01.560.292 I 
0.01.560.367 I system_info: n_threads = 16 (n_threads_batch = 16) / 32 | CUDA : ARCHS = 750,800,860,890,900,1000,1030,1200,1210 | USE_GRAPHS = 1 | FA_ALL_QUANTS = 1 | CPU : SSE3 = 1 | SSSE3 = 1 | AVX = 1 | AVX2 = 1 | F16C = 1 | FMA = 1 | BMI2 = 1 | LLAMAFILE = 1 | OPENMP = 1 | REPACK = 1 | 
0.01.845.325 I kl_divergence: computing over 5 chunks, n_ctx=32768, batch_size=2048, n_seq=1
0.10.043.159 I kl_divergence: 8.20 seconds per pass - ETA 0.67 minutes

chunk             PPL               ln(PPL(Q)/PPL(base))          KL Divergence              Δp RMS            Same top p        Same sampled p
   1      13.1389 ±    0.2932       0.02803 ±    0.00265       0.03873 ±    0.00048     4.526 ±  0.077 %    89.318 ±  0.241 %    40.427 ±  0.258 %
   2      12.3062 ±    0.1962       0.02900 ±    0.00192       0.04173 ±    0.00035     4.740 ±  0.057 %    89.385 ±  0.170 %    42.189 ±  0.186 %
   3      13.3873 ±    0.1762       0.02939 ±    0.00157       0.04316 ±    0.00029     4.756 ±  0.049 %    89.216 ±  0.140 %    40.646 ±  0.150 %
   4      12.9380 ±    0.1474       0.02818 ±    0.00137       0.04286 ±    0.00026     4.793 ±  0.043 %    89.417 ±  0.120 %    41.433 ±  0.131 %
   5      12.2992 ±    0.1240       0.02707 ±    0.00122       0.04305 ±    0.00029     4.790 ±  0.038 %    89.628 ±  0.107 %    41.992 ±  0.117 %

====== Perplexity statistics ======
Mean PPL(Q)                   :  12.299158 ±   0.123976
Mean PPL(base)                :  11.970705 ±   0.119397
Cor(ln(PPL(Q)), ln(PPL(base))):  99.26%
Mean ln(PPL(Q)/PPL(base))     :   0.027068 ±   0.001221
Mean PPL(Q)/PPL(base)         :   1.027438 ±   0.001254
Mean PPL(Q)-PPL(base)         :   0.328453 ±   0.015450

====== KL divergence statistics ======
Mean    KLD:   0.043048 ±   0.000290
Maximum KLD:  10.887727
99.9%   KLD:   0.709879
99.0%   KLD:   0.269214
95.0%   KLD:   0.129649
90.0%   KLD:   0.092573
Median  KLD:   0.028373
10.0%   KLD:   0.000840
 5.0%   KLD:   0.000167
 1.0%   KLD:   0.000020
 0.1%   KLD:   0.000002
Minimum KLD:  -0.000021

====== Token probability statistics ======
Mean    Δp: -0.238 ± 0.017 %
Maximum Δp: 63.048%
99.9%   Δp: 30.012%
99.0%   Δp: 13.685%
95.0%   Δp:  6.566%
90.0%   Δp:  3.761%
75.0%   Δp:  0.650%
Median  Δp: -0.006%
25.0%   Δp: -0.991%
10.0%   Δp: -4.533%
 5.0%   Δp: -7.502%
 1.0%   Δp: -15.838%
 0.1%   Δp: -31.475%
Minimum Δp: -83.511%
RMS Δp    :  4.790 ± 0.038 %
Same top p: 89.628 ± 0.107 %
Same sampled p: 41.992 ± 0.117 %

------------------------------
# llama-perplexity: version: 0.4.7-dev (build 11840, commit a740376d8-dirty) | built with GNU 15.3.0 for Linux x86_64
# model: /home/crusaderky/.cache/huggingface/hub/models--Abiray--MiniCPM5-2B-heretic-abliterated-GGUF/snapshots/c153cc60bed0471d7d26feb02f999a887851a81b/MiniCPM5-2B-heretic-abliterated-Q5_K_M.gguf size=1808063392 mtime=2026-09-15T07:11:59+00:00 sha256/1048576B=b89fbc4f165c548a5ff8add090027133974656c16fc071096e6636fddb9e7638
llama-perplexity --kl-divergence-base /tmp/logits.dat --ctx-size 32768 -f sample-data/wiki.test.head-2.4k.raw -fa on --hf-repo Abiray/MiniCPM5-2B-heretic-abliterated-GGUF:Q5_K_M --cache-type-k q5_0 --cache-type-v q5_0 --kl-divergence
0.01.524.206 I cmn          init: llama threadpool init, n_threads = 16
0.01.573.239 I 
0.01.573.307 I system_info: n_threads = 16 (n_threads_batch = 16) / 32 | CUDA : ARCHS = 750,800,860,890,900,1000,1030,1200,1210 | USE_GRAPHS = 1 | FA_ALL_QUANTS = 1 | CPU : SSE3 = 1 | SSSE3 = 1 | AVX = 1 | AVX2 = 1 | F16C = 1 | FMA = 1 | BMI2 = 1 | LLAMAFILE = 1 | OPENMP = 1 | REPACK = 1 | 
0.01.855.369 I kl_divergence: computing over 5 chunks, n_ctx=32768, batch_size=2048, n_seq=1
0.10.057.404 I kl_divergence: 8.20 seconds per pass - ETA 0.68 minutes

chunk             PPL               ln(PPL(Q)/PPL(base))          KL Divergence              Δp RMS            Same top p        Same sampled p
   1      13.1839 ±    0.2943       0.03145 ±    0.00276       0.04276 ±    0.00050     4.817 ±  0.086 %    89.117 ±  0.243 %    40.371 ±  0.258 %
   2      12.3206 ±    0.1963       0.03017 ±    0.00199       0.04558 ±    0.00037     5.026 ±  0.063 %    89.279 ±  0.171 %    42.116 ±  0.186 %
   3      13.4019 ±    0.1764       0.03049 ±    0.00164       0.04726 ±    0.00031     4.970 ±  0.049 %    88.887 ±  0.142 %    40.581 ±  0.150 %
   4      12.9368 ±    0.1473       0.02809 ±    0.00141       0.04683 ±    0.00027     4.986 ±  0.042 %    89.111 ±  0.122 %    41.371 ±  0.131 %
   5      12.3084 ±    0.1241       0.02782 ±    0.00127       0.04705 ±    0.00030     4.998 ±  0.038 %    89.296 ±  0.108 %    41.928 ±  0.117 %

====== Perplexity statistics ======
Mean PPL(Q)                   :  12.308398 ±   0.124089
Mean PPL(base)                :  11.970705 ±   0.119397
Cor(ln(PPL(Q)), ln(PPL(base))):  99.21%
Mean ln(PPL(Q)/PPL(base))     :   0.027819 ±   0.001269
Mean PPL(Q)/PPL(base)         :   1.028210 ±   0.001305
Mean PPL(Q)-PPL(base)         :   0.337692 ±   0.016049

====== KL divergence statistics ======
Mean    KLD:   0.047051 ±   0.000304
Maximum KLD:  11.388392
99.9%   KLD:   0.806769
99.0%   KLD:   0.294934
95.0%   KLD:   0.142866
90.0%   KLD:   0.101796
Median  KLD:   0.030696
10.0%   KLD:   0.000960
 5.0%   KLD:   0.000190
 1.0%   KLD:   0.000022
 0.1%   KLD:   0.000002
Minimum KLD:  -0.000017

====== Token probability statistics ======
Mean    Δp: -0.255 ± 0.017 %
Maximum Δp: 74.078%
99.9%   Δp: 29.704%
99.0%   Δp: 14.446%
95.0%   Δp:  6.907%
90.0%   Δp:  3.934%
75.0%   Δp:  0.669%
Median  Δp: -0.006%
25.0%   Δp: -1.078%
10.0%   Δp: -4.758%
 5.0%   Δp: -7.945%
 1.0%   Δp: -16.504%
 0.1%   Δp: -32.193%
Minimum Δp: -83.593%
RMS Δp    :  4.998 ± 0.038 %
Same top p: 89.296 ± 0.108 %
Same sampled p: 41.928 ± 0.117 %

------------------------------
# llama-perplexity: version: 0.4.7-dev (build 11840, commit a740376d8-dirty) | built with GNU 15.3.0 for Linux x86_64
# model: /home/crusaderky/.cache/huggingface/hub/models--Abiray--MiniCPM5-2B-heretic-abliterated-GGUF/snapshots/c153cc60bed0471d7d26feb02f999a887851a81b/MiniCPM5-2B-heretic-abliterated-Q5_K_M.gguf size=1808063392 mtime=2026-09-15T07:11:59+00:00 sha256/1048576B=b89fbc4f165c548a5ff8add090027133974656c16fc071096e6636fddb9e7638
llama-perplexity --kl-divergence-base /tmp/logits.dat --ctx-size 32768 -f sample-data/wiki.test.head-2.4k.raw -fa on --hf-repo Abiray/MiniCPM5-2B-heretic-abliterated-GGUF:Q5_K_M --cache-type-k q5_0 --cache-type-v q5_0 --kv-tail-tokens 128 --kl-divergence
0.01.877.662 I cmn          init: llama threadpool init, n_threads = 16
0.01.930.695 I 
0.01.930.756 I system_info: n_threads = 16 (n_threads_batch = 16) / 32 | CUDA : ARCHS = 750,800,860,890,900,1000,1030,1200,1210 | USE_GRAPHS = 1 | FA_ALL_QUANTS = 1 | CPU : SSE3 = 1 | SSSE3 = 1 | AVX = 1 | AVX2 = 1 | F16C = 1 | FMA = 1 | BMI2 = 1 | LLAMAFILE = 1 | OPENMP = 1 | REPACK = 1 | 
0.02.212.024 I kl_divergence: computing over 5 chunks, n_ctx=32768, batch_size=2048, n_seq=1
0.11.023.542 I kl_divergence: 8.81 seconds per pass - ETA 0.73 minutes

chunk             PPL               ln(PPL(Q)/PPL(base))          KL Divergence              Δp RMS            Same top p        Same sampled p
   1      13.1300 ±    0.2928       0.02736 ±    0.00256       0.03740 ±    0.00039     4.501 ±  0.072 %    89.483 ±  0.240 %    40.468 ±  0.258 %
   2      12.2829 ±    0.1957       0.02711 ±    0.00185       0.04038 ±    0.00031     4.711 ±  0.059 %    89.633 ±  0.168 %    42.234 ±  0.186 %
   3      13.3627 ±    0.1759       0.02755 ±    0.00153       0.04171 ±    0.00027     4.678 ±  0.048 %    89.347 ±  0.139 %    40.696 ±  0.150 %
   4      12.9136 ±    0.1471       0.02629 ±    0.00133       0.04131 ±    0.00023     4.682 ±  0.040 %    89.619 ±  0.119 %    41.488 ±  0.131 %
   5      12.2864 ±    0.1239       0.02603 ±    0.00119       0.04158 ±    0.00028     4.703 ±  0.038 %    89.855 ±  0.105 %    42.042 ±  0.117 %

====== Perplexity statistics ======
Mean PPL(Q)                   :  12.286427 ±   0.123901
Mean PPL(base)                :  11.970705 ±   0.119397
Cor(ln(PPL(Q)), ln(PPL(base))):  99.30%
Mean ln(PPL(Q)/PPL(base))     :   0.026033 ±   0.001190
Mean PPL(Q)/PPL(base)         :   1.026375 ±   0.001221
Mean PPL(Q)-PPL(base)         :   0.315722 ±   0.015057

====== KL divergence statistics ======
Mean    KLD:   0.041575 ±   0.000279
Maximum KLD:  10.936854
99.9%   KLD:   0.690369
99.0%   KLD:   0.252869
95.0%   KLD:   0.125439
90.0%   KLD:   0.089906
Median  KLD:   0.027675
10.0%   KLD:   0.000805
 5.0%   KLD:   0.000157
 1.0%   KLD:   0.000018
 0.1%   KLD:   0.000002
Minimum KLD:  -0.000016

====== Token probability statistics ======
Mean    Δp: -0.185 ± 0.016 %
Maximum Δp: 70.855%
99.9%   Δp: 28.346%
99.0%   Δp: 13.661%
95.0%   Δp:  6.552%
90.0%   Δp:  3.789%
75.0%   Δp:  0.672%
Median  Δp: -0.004%
25.0%   Δp: -0.929%
10.0%   Δp: -4.368%
 5.0%   Δp: -7.379%
 1.0%   Δp: -15.383%
 0.1%   Δp: -29.637%
Minimum Δp: -76.949%
RMS Δp    :  4.703 ± 0.038 %
Same top p: 89.855 ± 0.105 %
Same sampled p: 42.042 ± 0.117 %

------------------------------
# llama-perplexity: version: 0.4.7-dev (build 11840, commit a740376d8-dirty) | built with GNU 15.3.0 for Linux x86_64
# model: /home/crusaderky/.cache/huggingface/hub/models--Abiray--MiniCPM5-2B-heretic-abliterated-GGUF/snapshots/c153cc60bed0471d7d26feb02f999a887851a81b/MiniCPM5-2B-heretic-abliterated-Q5_K_M.gguf size=1808063392 mtime=2026-09-15T07:11:59+00:00 sha256/1048576B=b89fbc4f165c548a5ff8add090027133974656c16fc071096e6636fddb9e7638
llama-perplexity --kl-divergence-base /tmp/logits.dat --ctx-size 32768 -f sample-data/wiki.test.head-2.4k.raw -fa on --hf-repo Abiray/MiniCPM5-2B-heretic-abliterated-GGUF:Q5_K_M --cache-type-k q5_0 --cache-type-v q4_1 --kl-divergence
0.01.496.794 I cmn          init: llama threadpool init, n_threads = 16
0.01.547.423 I 
0.01.547.489 I system_info: n_threads = 16 (n_threads_batch = 16) / 32 | CUDA : ARCHS = 750,800,860,890,900,1000,1030,1200,1210 | USE_GRAPHS = 1 | FA_ALL_QUANTS = 1 | CPU : SSE3 = 1 | SSSE3 = 1 | AVX = 1 | AVX2 = 1 | F16C = 1 | FMA = 1 | BMI2 = 1 | LLAMAFILE = 1 | OPENMP = 1 | REPACK = 1 | 
0.01.832.628 I kl_divergence: computing over 5 chunks, n_ctx=32768, batch_size=2048, n_seq=1
0.10.045.760 I kl_divergence: 8.21 seconds per pass - ETA 0.68 minutes

chunk             PPL               ln(PPL(Q)/PPL(base))          KL Divergence              Δp RMS            Same top p        Same sampled p
   1      13.1465 ±    0.2932       0.02861 ±    0.00284       0.04562 ±    0.00052     5.050 ±  0.091 %    88.738 ±  0.247 %    40.273 ±  0.258 %
   2      12.3321 ±    0.1964       0.03111 ±    0.00205       0.04867 ±    0.00039     5.224 ±  0.063 %    88.754 ±  0.175 %    42.014 ±  0.186 %
   3      13.4210 ±    0.1765       0.03191 ±    0.00170       0.05044 ±    0.00033     5.186 ±  0.050 %    88.411 ±  0.144 %    40.475 ±  0.150 %
   4      12.9686 ±    0.1476       0.03054 ±    0.00148       0.05023 ±    0.00030     5.219 ±  0.044 %    88.702 ±  0.124 %    41.264 ±  0.131 %
   5      12.3386 ±    0.1243       0.03027 ±    0.00132       0.05024 ±    0.00030     5.222 ±  0.039 %    88.909 ±  0.110 %    41.825 ±  0.117 %

====== Perplexity statistics ======
Mean PPL(Q)                   :  12.338635 ±   0.124275
Mean PPL(base)                :  11.970705 ±   0.119397
Cor(ln(PPL(Q)), ln(PPL(base))):  99.14%
Mean ln(PPL(Q)/PPL(base))     :   0.030273 ±   0.001320
Mean PPL(Q)/PPL(base)         :   1.030736 ±   0.001361
Mean PPL(Q)-PPL(base)         :   0.367929 ±   0.016725

====== KL divergence statistics ======
Mean    KLD:   0.050240 ±   0.000303
Maximum KLD:  10.474486
99.9%   KLD:   0.845189
99.0%   KLD:   0.312518
95.0%   KLD:   0.153627
90.0%   KLD:   0.109051
Median  KLD:   0.032694
10.0%   KLD:   0.001027
 5.0%   KLD:   0.000208
 1.0%   KLD:   0.000026
 0.1%   KLD:   0.000003
Minimum KLD:  -0.000022

====== Token probability statistics ======
Mean    Δp: -0.345 ± 0.018 %
Maximum Δp: 82.195%
99.9%   Δp: 29.967%
99.0%   Δp: 14.704%
95.0%   Δp:  7.030%
90.0%   Δp:  3.954%
75.0%   Δp:  0.624%
Median  Δp: -0.009%
25.0%   Δp: -1.156%
10.0%   Δp: -5.007%
 5.0%   Δp: -8.482%
 1.0%   Δp: -17.641%
 0.1%   Δp: -34.298%
Minimum Δp: -76.591%
RMS Δp    :  5.222 ± 0.039 %
Same top p: 88.909 ± 0.110 %
Same sampled p: 41.825 ± 0.117 %

------------------------------
# llama-perplexity: version: 0.4.7-dev (build 11840, commit a740376d8-dirty) | built with GNU 15.3.0 for Linux x86_64
# model: /home/crusaderky/.cache/huggingface/hub/models--Abiray--MiniCPM5-2B-heretic-abliterated-GGUF/snapshots/c153cc60bed0471d7d26feb02f999a887851a81b/MiniCPM5-2B-heretic-abliterated-Q5_K_M.gguf size=1808063392 mtime=2026-09-15T07:11:59+00:00 sha256/1048576B=b89fbc4f165c548a5ff8add090027133974656c16fc071096e6636fddb9e7638
llama-perplexity --kl-divergence-base /tmp/logits.dat --ctx-size 32768 -f sample-data/wiki.test.head-2.4k.raw -fa on --hf-repo Abiray/MiniCPM5-2B-heretic-abliterated-GGUF:Q5_K_M --cache-type-k q5_0 --cache-type-v q4_0 --kl-divergence
0.01.493.866 I cmn          init: llama threadpool init, n_threads = 16
0.01.542.906 I 
0.01.542.983 I system_info: n_threads = 16 (n_threads_batch = 16) / 32 | CUDA : ARCHS = 750,800,860,890,900,1000,1030,1200,1210 | USE_GRAPHS = 1 | FA_ALL_QUANTS = 1 | CPU : SSE3 = 1 | SSSE3 = 1 | AVX = 1 | AVX2 = 1 | F16C = 1 | FMA = 1 | BMI2 = 1 | LLAMAFILE = 1 | OPENMP = 1 | REPACK = 1 | 
0.01.827.318 I kl_divergence: computing over 5 chunks, n_ctx=32768, batch_size=2048, n_seq=1
0.10.076.280 I kl_divergence: 8.25 seconds per pass - ETA 0.68 minutes

chunk             PPL               ln(PPL(Q)/PPL(base))          KL Divergence              Δp RMS            Same top p        Same sampled p
   1      13.1693 ±    0.2937       0.03034 ±    0.00285       0.04544 ±    0.00047     4.939 ±  0.078 %    88.641 ±  0.248 %    40.279 ±  0.258 %
   2      12.3360 ±    0.1964       0.03143 ±    0.00204       0.04867 ±    0.00037     5.192 ±  0.061 %    88.851 ±  0.174 %    42.030 ±  0.186 %
   3      13.4288 ±    0.1766       0.03249 ±    0.00169       0.05054 ±    0.00033     5.150 ±  0.050 %    88.533 ±  0.144 %    40.509 ±  0.150 %
   4      12.9710 ±    0.1476       0.03072 ±    0.00147       0.05073 ±    0.00032     5.233 ±  0.046 %    88.743 ±  0.123 %    41.287 ±  0.131 %
   5      12.3356 ±    0.1243       0.03003 ±    0.00132       0.05089 ±    0.00034     5.232 ±  0.041 %    88.914 ±  0.110 %    41.844 ±  0.117 %

====== Perplexity statistics ======
Mean PPL(Q)                   :  12.335601 ±   0.124273
Mean PPL(base)                :  11.970705 ±   0.119397
Cor(ln(PPL(Q)), ln(PPL(base))):  99.14%
Mean ln(PPL(Q)/PPL(base))     :   0.030027 ±   0.001321
Mean PPL(Q)/PPL(base)         :   1.030482 ±   0.001361
Mean PPL(Q)-PPL(base)         :   0.364896 ±   0.016731

====== KL divergence statistics ======
Mean    KLD:   0.050894 ±   0.000342
Maximum KLD:  11.653270
99.9%   KLD:   0.824636
99.0%   KLD:   0.322998
95.0%   KLD:   0.156140
90.0%   KLD:   0.109634
Median  KLD:   0.032949
10.0%   KLD:   0.001038
 5.0%   KLD:   0.000218
 1.0%   KLD:   0.000026
 0.1%   KLD:   0.000003
Minimum KLD:  -0.000013

====== Token probability statistics ======
Mean    Δp: -0.334 ± 0.018 %
Maximum Δp: 86.696%
99.9%   Δp: 30.591%
99.0%   Δp: 14.870%
95.0%   Δp:  6.990%
90.0%   Δp:  3.948%
75.0%   Δp:  0.646%
Median  Δp: -0.009%
25.0%   Δp: -1.154%
10.0%   Δp: -5.056%
 5.0%   Δp: -8.375%
 1.0%   Δp: -17.630%
 0.1%   Δp: -33.977%
Minimum Δp: -96.244%
RMS Δp    :  5.232 ± 0.041 %
Same top p: 88.914 ± 0.110 %
Same sampled p: 41.844 ± 0.117 %

------------------------------
# llama-perplexity: version: 0.4.7-dev (build 11840, commit a740376d8-dirty) | built with GNU 15.3.0 for Linux x86_64
# model: /home/crusaderky/.cache/huggingface/hub/models--Abiray--MiniCPM5-2B-heretic-abliterated-GGUF/snapshots/c153cc60bed0471d7d26feb02f999a887851a81b/MiniCPM5-2B-heretic-abliterated-Q5_K_M.gguf size=1808063392 mtime=2026-09-15T07:11:59+00:00 sha256/1048576B=b89fbc4f165c548a5ff8add090027133974656c16fc071096e6636fddb9e7638
llama-perplexity --kl-divergence-base /tmp/logits.dat --ctx-size 32768 -f sample-data/wiki.test.head-2.4k.raw -fa on --hf-repo Abiray/MiniCPM5-2B-heretic-abliterated-GGUF:Q5_K_M --cache-type-k q5_0 --cache-type-v q3_0 --kl-divergence
0.01.519.912 I cmn          init: llama threadpool init, n_threads = 16
0.01.571.173 I 
0.01.571.241 I system_info: n_threads = 16 (n_threads_batch = 16) / 32 | CUDA : ARCHS = 750,800,860,890,900,1000,1030,1200,1210 | USE_GRAPHS = 1 | FA_ALL_QUANTS = 1 | CPU : SSE3 = 1 | SSSE3 = 1 | AVX = 1 | AVX2 = 1 | F16C = 1 | FMA = 1 | BMI2 = 1 | LLAMAFILE = 1 | OPENMP = 1 | REPACK = 1 | 
0.01.862.405 I kl_divergence: computing over 5 chunks, n_ctx=32768, batch_size=2048, n_seq=1
0.10.331.515 I kl_divergence: 8.47 seconds per pass - ETA 0.70 minutes

chunk             PPL               ln(PPL(Q)/PPL(base))          KL Divergence              Δp RMS            Same top p        Same sampled p
   1      13.3010 ±    0.2962       0.04029 ±    0.00322       0.05753 ±    0.00064     5.706 ±  0.087 %    87.505 ±  0.258 %    39.976 ±  0.257 %
   2      12.4494 ±    0.1981       0.04057 ±    0.00236       0.06246 ±    0.00054     6.012 ±  0.073 %    87.679 ±  0.182 %    41.737 ±  0.186 %
   3      13.5607 ±    0.1782       0.04227 ±    0.00194       0.06437 ±    0.00045     5.963 ±  0.059 %    87.279 ±  0.150 %    40.214 ±  0.150 %
   4      13.1182 ±    0.1492       0.04201 ±    0.00169       0.06490 ±    0.00040     6.022 ±  0.051 %    87.382 ±  0.130 %    40.987 ±  0.131 %
   5      12.4656 ±    0.1255       0.04051 ±    0.00151       0.06459 ±    0.00038     6.010 ±  0.046 %    87.582 ±  0.115 %    41.538 ±  0.117 %

====== Perplexity statistics ======
Mean PPL(Q)                   :  12.465598 ±   0.125526
Mean PPL(base)                :  11.970705 ±   0.119397
Cor(ln(PPL(Q)), ln(PPL(base))):  98.87%
Mean ln(PPL(Q)/PPL(base))     :   0.040510 ±   0.001509
Mean PPL(Q)/PPL(base)         :   1.041342 ±   0.001571
Mean PPL(Q)-PPL(base)         :   0.494893 ±   0.019386

====== KL divergence statistics ======
Mean    KLD:   0.064587 ±   0.000381
Maximum KLD:  10.185548
99.9%   KLD:   1.193344
99.0%   KLD:   0.430634
95.0%   KLD:   0.202029
90.0%   KLD:   0.139671
Median  KLD:   0.041087
10.0%   KLD:   0.001430
 5.0%   KLD:   0.000307
 1.0%   KLD:   0.000037
 0.1%   KLD:   0.000005
Minimum KLD:  -0.000005

====== Token probability statistics ======
Mean    Δp: -0.592 ± 0.021 %
Maximum Δp: 84.232%
99.9%   Δp: 35.317%
99.0%   Δp: 16.341%
95.0%   Δp:  7.467%
90.0%   Δp:  4.081%
75.0%   Δp:  0.587%
Median  Δp: -0.019%
25.0%   Δp: -1.515%
10.0%   Δp: -6.094%
 5.0%   Δp: -10.073%
 1.0%   Δp: -20.666%
 0.1%   Δp: -40.295%
Minimum Δp: -97.345%
RMS Δp    :  6.010 ± 0.046 %
Same top p: 87.582 ± 0.115 %
Same sampled p: 41.538 ± 0.117 %

------------------------------
# llama-perplexity: version: 0.4.7-dev (build 11840, commit a740376d8-dirty) | built with GNU 15.3.0 for Linux x86_64
# model: /home/crusaderky/.cache/huggingface/hub/models--Abiray--MiniCPM5-2B-heretic-abliterated-GGUF/snapshots/c153cc60bed0471d7d26feb02f999a887851a81b/MiniCPM5-2B-heretic-abliterated-Q5_K_M.gguf size=1808063392 mtime=2026-09-15T07:11:59+00:00 sha256/1048576B=b89fbc4f165c548a5ff8add090027133974656c16fc071096e6636fddb9e7638
llama-perplexity --kl-divergence-base /tmp/logits.dat --ctx-size 32768 -f sample-data/wiki.test.head-2.4k.raw -fa on --hf-repo Abiray/MiniCPM5-2B-heretic-abliterated-GGUF:Q5_K_M --cache-type-k q4_0 --cache-type-v q4_0 --kl-divergence
0.01.489.780 I cmn          init: llama threadpool init, n_threads = 16
0.01.539.337 I 
0.01.539.415 I system_info: n_threads = 16 (n_threads_batch = 16) / 32 | CUDA : ARCHS = 750,800,860,890,900,1000,1030,1200,1210 | USE_GRAPHS = 1 | FA_ALL_QUANTS = 1 | CPU : SSE3 = 1 | SSSE3 = 1 | AVX = 1 | AVX2 = 1 | F16C = 1 | FMA = 1 | BMI2 = 1 | LLAMAFILE = 1 | OPENMP = 1 | REPACK = 1 | 
0.01.826.143 I kl_divergence: computing over 5 chunks, n_ctx=32768, batch_size=2048, n_seq=1
0.10.187.541 I kl_divergence: 8.36 seconds per pass - ETA 0.68 minutes

chunk             PPL               ln(PPL(Q)/PPL(base))          KL Divergence              Δp RMS            Same top p        Same sampled p
   1      13.3190 ±    0.2967       0.04165 ±    0.00342       0.06270 ±    0.00077     6.027 ±  0.114 %    87.035 ±  0.262 %    39.889 ±  0.258 %
   2      12.4581 ±    0.1983       0.04127 ±    0.00244       0.06641 ±    0.00057     6.238 ±  0.079 %    87.133 ±  0.185 %    41.677 ±  0.186 %
   3      13.5551 ±    0.1781       0.04185 ±    0.00200       0.06881 ±    0.00048     6.180 ±  0.062 %    86.873 ±  0.152 %    40.141 ±  0.150 %
   4      13.0903 ±    0.1488       0.03988 ±    0.00174       0.06852 ±    0.00043     6.212 ±  0.053 %    87.119 ±  0.131 %    40.916 ±  0.130 %
   5      12.4579 ±    0.1254       0.03989 ±    0.00156       0.06838 ±    0.00042     6.214 ±  0.048 %    87.349 ±  0.116 %    41.468 ±  0.117 %

====== Perplexity statistics ======
Mean PPL(Q)                   :  12.457864 ±   0.125375
Mean PPL(base)                :  11.970705 ±   0.119397
Cor(ln(PPL(Q)), ln(PPL(base))):  98.80%
Mean ln(PPL(Q)/PPL(base))     :   0.039890 ±   0.001555
Mean PPL(Q)/PPL(base)         :   1.040696 ±   0.001619
Mean PPL(Q)-PPL(base)         :   0.487159 ±   0.019882

====== KL divergence statistics ======
Mean    KLD:   0.068383 ±   0.000423
Maximum KLD:  10.305066
99.9%   KLD:   1.248775
99.0%   KLD:   0.458000
95.0%   KLD:   0.214039
90.0%   KLD:   0.147948
Median  KLD:   0.042530
10.0%   KLD:   0.001532
 5.0%   KLD:   0.000320
 1.0%   KLD:   0.000040
 0.1%   KLD:   0.000004
Minimum KLD:  -0.000016

====== Token probability statistics ======
Mean    Δp: -0.618 ± 0.022 %
Maximum Δp: 83.266%
99.9%   Δp: 35.667%
99.0%   Δp: 16.651%
95.0%   Δp:  7.588%
90.0%   Δp:  4.203%
75.0%   Δp:  0.618%
Median  Δp: -0.023%
25.0%   Δp: -1.529%
10.0%   Δp: -6.158%
 5.0%   Δp: -10.388%
 1.0%   Δp: -21.767%
 0.1%   Δp: -43.182%
Minimum Δp: -95.753%
RMS Δp    :  6.214 ± 0.048 %
Same top p: 87.349 ± 0.116 %
Same sampled p: 41.468 ± 0.117 %

------------------------------
# llama-perplexity: version: 0.4.7-dev (build 11840, commit a740376d8-dirty) | built with GNU 15.3.0 for Linux x86_64
# model: /home/crusaderky/.cache/huggingface/hub/models--Abiray--MiniCPM5-2B-heretic-abliterated-GGUF/snapshots/c153cc60bed0471d7d26feb02f999a887851a81b/MiniCPM5-2B-heretic-abliterated-Q5_K_M.gguf size=1808063392 mtime=2026-09-15T07:11:59+00:00 sha256/1048576B=b89fbc4f165c548a5ff8add090027133974656c16fc071096e6636fddb9e7638
llama-perplexity --kl-divergence-base /tmp/logits.dat --ctx-size 32768 -f sample-data/wiki.test.head-2.4k.raw -fa on --hf-repo Abiray/MiniCPM5-2B-heretic-abliterated-GGUF:Q5_K_M --cache-type-k q4_0 --cache-type-v q4_0 --kv-tail-tokens 128 --kl-divergence
0.01.992.107 I cmn          init: llama threadpool init, n_threads = 16
0.02.044.441 I 
0.02.044.508 I system_info: n_threads = 16 (n_threads_batch = 16) / 32 | CUDA : ARCHS = 750,800,860,890,900,1000,1030,1200,1210 | USE_GRAPHS = 1 | FA_ALL_QUANTS = 1 | CPU : SSE3 = 1 | SSSE3 = 1 | AVX = 1 | AVX2 = 1 | F16C = 1 | FMA = 1 | BMI2 = 1 | LLAMAFILE = 1 | OPENMP = 1 | REPACK = 1 | 
0.02.334.764 I kl_divergence: computing over 5 chunks, n_ctx=32768, batch_size=2048, n_seq=1
0.11.145.867 I kl_divergence: 8.81 seconds per pass - ETA 0.73 minutes

chunk             PPL               ln(PPL(Q)/PPL(base))          KL Divergence              Δp RMS            Same top p        Same sampled p
   1      13.1527 ±    0.2932       0.02908 ±    0.00272       0.04196 ±    0.00048     4.866 ±  0.092 %    88.964 ±  0.245 %    40.320 ±  0.258 %
   2      12.3267 ±    0.1964       0.03067 ±    0.00196       0.04463 ±    0.00037     5.079 ±  0.071 %    89.297 ±  0.171 %    42.091 ±  0.186 %
   3      13.4048 ±    0.1764       0.03070 ±    0.00161       0.04569 ±    0.00030     4.987 ±  0.055 %    89.090 ±  0.141 %    40.567 ±  0.150 %
   4      12.9532 ±    0.1474       0.02935 ±    0.00139       0.04532 ±    0.00027     4.996 ±  0.047 %    89.295 ±  0.121 %    41.351 ±  0.131 %
   5      12.3232 ±    0.1242       0.02902 ±    0.00125       0.04565 ±    0.00030     5.004 ±  0.041 %    89.483 ±  0.107 %    41.907 ±  0.117 %

====== Perplexity statistics ======
Mean PPL(Q)                   :  12.323180 ±   0.124164
Mean PPL(base)                :  11.970705 ±   0.119397
Cor(ln(PPL(Q)), ln(PPL(base))):  99.23%
Mean ln(PPL(Q)/PPL(base))     :   0.029020 ±   0.001248
Mean PPL(Q)/PPL(base)         :   1.029445 ±   0.001285
Mean PPL(Q)-PPL(base)         :   0.352475 ±   0.015843

====== KL divergence statistics ======
Mean    KLD:   0.045651 ±   0.000305
Maximum KLD:  11.375733
99.9%   KLD:   0.775869
99.0%   KLD:   0.292382
95.0%   KLD:   0.136925
90.0%   KLD:   0.097728
Median  KLD:   0.029991
10.0%   KLD:   0.000939
 5.0%   KLD:   0.000194
 1.0%   KLD:   0.000022
 0.1%   KLD:   0.000002
Minimum KLD:  -0.000025

====== Token probability statistics ======
Mean    Δp: -0.321 ± 0.017 %
Maximum Δp: 82.217%
99.9%   Δp: 28.353%
99.0%   Δp: 13.960%
95.0%   Δp:  6.659%
90.0%   Δp:  3.772%
75.0%   Δp:  0.624%
Median  Δp: -0.008%
25.0%   Δp: -1.083%
10.0%   Δp: -4.746%
 5.0%   Δp: -8.012%
 1.0%   Δp: -16.651%
 0.1%   Δp: -33.989%
Minimum Δp: -93.307%
RMS Δp    :  5.004 ± 0.041 %
Same top p: 89.483 ± 0.107 %
Same sampled p: 41.907 ± 0.117 %

------------------------------
# llama-perplexity: version: 0.4.7-dev (build 11840, commit a740376d8-dirty) | built with GNU 15.3.0 for Linux x86_64
# model: /home/crusaderky/.cache/huggingface/hub/models--Abiray--MiniCPM5-2B-heretic-abliterated-GGUF/snapshots/c153cc60bed0471d7d26feb02f999a887851a81b/MiniCPM5-2B-heretic-abliterated-Q5_K_M.gguf size=1808063392 mtime=2026-09-15T07:11:59+00:00 sha256/1048576B=b89fbc4f165c548a5ff8add090027133974656c16fc071096e6636fddb9e7638
llama-perplexity --kl-divergence-base /tmp/logits.dat --ctx-size 32768 -f sample-data/wiki.test.head-2.4k.raw -fa on --hf-repo Abiray/MiniCPM5-2B-heretic-abliterated-GGUF:Q5_K_M --cache-type-k q4_0 --cache-type-v q3_0 --kl-divergence
0.01.536.437 I cmn          init: llama threadpool init, n_threads = 16
0.01.587.311 I 
0.01.587.398 I system_info: n_threads = 16 (n_threads_batch = 16) / 32 | CUDA : ARCHS = 750,800,860,890,900,1000,1030,1200,1210 | USE_GRAPHS = 1 | FA_ALL_QUANTS = 1 | CPU : SSE3 = 1 | SSSE3 = 1 | AVX = 1 | AVX2 = 1 | F16C = 1 | FMA = 1 | BMI2 = 1 | LLAMAFILE = 1 | OPENMP = 1 | REPACK = 1 | 
0.01.882.613 I kl_divergence: computing over 5 chunks, n_ctx=32768, batch_size=2048, n_seq=1
0.10.367.708 I kl_divergence: 8.49 seconds per pass - ETA 0.70 minutes

chunk             PPL               ln(PPL(Q)/PPL(base))          KL Divergence              Δp RMS            Same top p        Same sampled p
   1      13.5524 ±    0.3020       0.05902 ±    0.00380       0.07638 ±    0.00090     6.652 ±  0.103 %    85.802 ±  0.273 %    39.596 ±  0.257 %
   2      12.6928 ±    0.2024       0.05993 ±    0.00271       0.08037 ±    0.00070     7.013 ±  0.085 %    86.162 ±  0.191 %    41.368 ±  0.186 %
   3      13.7731 ±    0.1811       0.05781 ±    0.00221       0.08265 ±    0.00058     6.912 ±  0.067 %    85.792 ±  0.157 %    39.847 ±  0.149 %
   4      13.3019 ±    0.1512       0.05591 ±    0.00192       0.08332 ±    0.00052     6.983 ±  0.058 %    85.912 ±  0.136 %    40.590 ±  0.130 %
   5      12.6469 ±    0.1272       0.05495 ±    0.00172       0.08304 ±    0.00052     6.964 ±  0.051 %    86.233 ±  0.120 %    41.139 ±  0.117 %

====== Perplexity statistics ======
Mean PPL(Q)                   :  12.646925 ±   0.127236
Mean PPL(base)                :  11.970705 ±   0.119397
Cor(ln(PPL(Q)), ln(PPL(base))):  98.53%
Mean ln(PPL(Q)/PPL(base))     :   0.054952 ±   0.001717
Mean PPL(Q)/PPL(base)         :   1.056490 ±   0.001814
Mean PPL(Q)-PPL(base)         :   0.676220 ±   0.022509

====== KL divergence statistics ======
Mean    KLD:   0.083038 ±   0.000516
Maximum KLD:  12.390679
99.9%   KLD:   1.498798
99.0%   KLD:   0.580880
95.0%   KLD:   0.261740
90.0%   KLD:   0.178185
Median  KLD:   0.051625
10.0%   KLD:   0.001964
 5.0%   KLD:   0.000431
 1.0%   KLD:   0.000053
 0.1%   KLD:   0.000006
Minimum KLD:  -0.000005

====== Token probability statistics ======
Mean    Δp: -0.951 ± 0.024 %
Maximum Δp: 85.400%
99.9%   Δp: 38.929%
99.0%   Δp: 17.862%
95.0%   Δp:  7.826%
90.0%   Δp:  4.209%
75.0%   Δp:  0.510%
Median  Δp: -0.042%
25.0%   Δp: -1.972%
10.0%   Δp: -7.398%
 5.0%   Δp: -12.077%
 1.0%   Δp: -25.006%
 0.1%   Δp: -48.445%
Minimum Δp: -81.902%
RMS Δp    :  6.964 ± 0.051 %
Same top p: 86.233 ± 0.120 %
Same sampled p: 41.139 ± 0.117 %

------------------------------
# llama-perplexity: version: 0.4.7-dev (build 11840, commit a740376d8-dirty) | built with GNU 15.3.0 for Linux x86_64
# model: /home/crusaderky/.cache/huggingface/hub/models--Abiray--MiniCPM5-2B-heretic-abliterated-GGUF/snapshots/c153cc60bed0471d7d26feb02f999a887851a81b/MiniCPM5-2B-heretic-abliterated-Q5_K_M.gguf size=1808063392 mtime=2026-09-15T07:11:59+00:00 sha256/1048576B=b89fbc4f165c548a5ff8add090027133974656c16fc071096e6636fddb9e7638
llama-perplexity --kl-divergence-base /tmp/logits.dat --ctx-size 32768 -f sample-data/wiki.test.head-2.4k.raw -fa on --hf-repo Abiray/MiniCPM5-2B-heretic-abliterated-GGUF:Q5_K_M --cache-type-k q4_0 --cache-type-v q3_0 --kv-tail-tokens 128 --kl-divergence
0.01.955.149 I cmn          init: llama threadpool init, n_threads = 16
0.02.010.966 I 
0.02.011.028 I system_info: n_threads = 16 (n_threads_batch = 16) / 32 | CUDA : ARCHS = 750,800,860,890,900,1000,1030,1200,1210 | USE_GRAPHS = 1 | FA_ALL_QUANTS = 1 | CPU : SSE3 = 1 | SSSE3 = 1 | AVX = 1 | AVX2 = 1 | F16C = 1 | FMA = 1 | BMI2 = 1 | LLAMAFILE = 1 | OPENMP = 1 | REPACK = 1 | 
0.02.308.578 I kl_divergence: computing over 5 chunks, n_ctx=32768, batch_size=2048, n_seq=1
0.11.171.042 I kl_divergence: 8.86 seconds per pass - ETA 0.73 minutes

chunk             PPL               ln(PPL(Q)/PPL(base))          KL Divergence              Δp RMS            Same top p        Same sampled p
   1      13.1806 ±    0.2938       0.03120 ±    0.00278       0.04432 ±    0.00050     5.048 ±  0.093 %    88.989 ±  0.245 %    40.295 ±  0.258 %
   2      12.3562 ±    0.1969       0.03306 ±    0.00201       0.04713 ±    0.00039     5.238 ±  0.069 %    89.141 ±  0.172 %    42.076 ±  0.186 %
   3      13.4374 ±    0.1769       0.03313 ±    0.00165       0.04819 ±    0.00031     5.128 ±  0.053 %    88.810 ±  0.142 %    40.556 ±  0.150 %
   4      12.9799 ±    0.1478       0.03141 ±    0.00143       0.04798 ±    0.00028     5.127 ±  0.045 %    89.024 ±  0.122 %    41.325 ±  0.131 %
   5      12.3531 ±    0.1245       0.03144 ±    0.00129       0.04839 ±    0.00030     5.150 ±  0.040 %    89.199 ±  0.108 %    41.866 ±  0.117 %

====== Perplexity statistics ======
Mean PPL(Q)                   :  12.353077 ±   0.124508
Mean PPL(base)                :  11.970705 ±   0.119397
Cor(ln(PPL(Q)), ln(PPL(base))):  99.18%
Mean ln(PPL(Q)/PPL(base))     :   0.031443 ±   0.001288
Mean PPL(Q)/PPL(base)         :   1.031942 ±   0.001329
Mean PPL(Q)-PPL(base)         :   0.382372 ±   0.016421

====== KL divergence statistics ======
Mean    KLD:   0.048388 ±   0.000305
Maximum KLD:  10.600258
99.9%   KLD:   0.807854
99.0%   KLD:   0.308302
95.0%   KLD:   0.146008
90.0%   KLD:   0.103250
Median  KLD:   0.031918
10.0%   KLD:   0.000998
 5.0%   KLD:   0.000211
 1.0%   KLD:   0.000026
 0.1%   KLD:   0.000003
Minimum KLD:  -0.000012

====== Token probability statistics ======
Mean    Δp: -0.351 ± 0.018 %
Maximum Δp: 80.136%
99.9%   Δp: 30.692%
99.0%   Δp: 14.475%
95.0%   Δp:  6.779%
90.0%   Δp:  3.818%
75.0%   Δp:  0.612%
Median  Δp: -0.009%
25.0%   Δp: -1.151%
10.0%   Δp: -4.967%
 5.0%   Δp: -8.249%
 1.0%   Δp: -17.364%
 0.1%   Δp: -35.300%
Minimum Δp: -73.368%
RMS Δp    :  5.150 ± 0.040 %
Same top p: 89.199 ± 0.108 %
Same sampled p: 41.866 ± 0.117 %

------------------------------
# llama-perplexity: version: 0.4.7-dev (build 11840, commit a740376d8-dirty) | built with GNU 15.3.0 for Linux x86_64
# model: /home/crusaderky/.cache/huggingface/hub/models--Abiray--MiniCPM5-2B-heretic-abliterated-GGUF/snapshots/c153cc60bed0471d7d26feb02f999a887851a81b/MiniCPM5-2B-heretic-abliterated-Q5_K_M.gguf size=1808063392 mtime=2026-09-15T07:11:59+00:00 sha256/1048576B=b89fbc4f165c548a5ff8add090027133974656c16fc071096e6636fddb9e7638
llama-perplexity --kl-divergence-base /tmp/logits.dat --ctx-size 32768 -f sample-data/wiki.test.head-2.4k.raw -fa on --hf-repo Abiray/MiniCPM5-2B-heretic-abliterated-GGUF:Q5_K_M --cache-type-k q3_0 --cache-type-v q3_0 --kl-divergence
0.01.607.627 I cmn          init: llama threadpool init, n_threads = 16
0.01.660.097 I 
0.01.660.174 I system_info: n_threads = 16 (n_threads_batch = 16) / 32 | CUDA : ARCHS = 750,800,860,890,900,1000,1030,1200,1210 | USE_GRAPHS = 1 | FA_ALL_QUANTS = 1 | CPU : SSE3 = 1 | SSSE3 = 1 | AVX = 1 | AVX2 = 1 | F16C = 1 | FMA = 1 | BMI2 = 1 | LLAMAFILE = 1 | OPENMP = 1 | REPACK = 1 | 
0.01.947.838 I kl_divergence: computing over 5 chunks, n_ctx=32768, batch_size=2048, n_seq=1
0.10.241.672 I kl_divergence: 8.29 seconds per pass - ETA 0.68 minutes

chunk             PPL               ln(PPL(Q)/PPL(base))          KL Divergence              Δp RMS            Same top p        Same sampled p
   1      14.2963 ±    0.3194       0.11246 ±    0.00550       0.15870 ±    0.00182     9.995 ±  0.153 %    80.168 ±  0.312 %    37.973 ±  0.255 %
   2      13.4280 ±    0.2144       0.11624 ±    0.00389       0.16441 ±    0.00142    10.337 ±  0.111 %    80.458 ±  0.219 %    39.704 ±  0.185 %
   3      14.6138 ±    0.1925       0.11706 ±    0.00322       0.16979 ±    0.00117    10.209 ±  0.089 %    80.032 ±  0.180 %    38.221 ±  0.148 %
   4      14.0948 ±    0.1606       0.11381 ±    0.00281       0.17020 ±    0.00105    10.287 ±  0.078 %    80.298 ±  0.155 %    39.004 ±  0.130 %
   5      13.4312 ±    0.1355       0.11512 ±    0.00249       0.16911 ±    0.00096    10.244 ±  0.069 %    80.499 ±  0.138 %    39.575 ±  0.116 %

====== Perplexity statistics ======
Mean PPL(Q)                   :  13.431234 ±   0.135546
Mean PPL(base)                :  11.970705 ±   0.119397
Cor(ln(PPL(Q)), ln(PPL(base))):  96.92%
Mean ln(PPL(Q)/PPL(base))     :   0.115120 ±   0.002492
Mean PPL(Q)/PPL(base)         :   1.122009 ±   0.002796
Mean PPL(Q)-PPL(base)         :   1.460529 ±   0.035453

====== KL divergence statistics ======
Mean    KLD:   0.169110 ±   0.000957
Maximum KLD:  11.710784
99.9%   KLD:   3.117861
99.0%   KLD:   1.189856
95.0%   KLD:   0.544722
90.0%   KLD:   0.371171
Median  KLD:   0.101468
10.0%   KLD:   0.005525
 5.0%   KLD:   0.001585
 1.0%   KLD:   0.000208
 0.1%   KLD:   0.000022
Minimum KLD:  -0.000001

====== Token probability statistics ======
Mean    Δp: -2.145 ± 0.035 %
Maximum Δp: 92.145%
99.9%   Δp: 46.680%
99.0%   Δp: 22.916%
95.0%   Δp:  9.946%
90.0%   Δp:  4.991%
75.0%   Δp:  0.430%
Median  Δp: -0.186%
25.0%   Δp: -3.674%
10.0%   Δp: -11.944%
 5.0%   Δp: -19.213%
 1.0%   Δp: -39.465%
 0.1%   Δp: -73.807%
Minimum Δp: -98.663%
RMS Δp    : 10.244 ± 0.069 %
Same top p: 80.499 ± 0.138 %
Same sampled p: 39.575 ± 0.116 %

------------------------------
# llama-perplexity: version: 0.4.7-dev (build 11840, commit a740376d8-dirty) | built with GNU 15.3.0 for Linux x86_64
# model: /home/crusaderky/.cache/huggingface/hub/models--Abiray--MiniCPM5-2B-heretic-abliterated-GGUF/snapshots/c153cc60bed0471d7d26feb02f999a887851a81b/MiniCPM5-2B-heretic-abliterated-Q5_K_M.gguf size=1808063392 mtime=2026-09-15T07:11:59+00:00 sha256/1048576B=b89fbc4f165c548a5ff8add090027133974656c16fc071096e6636fddb9e7638
llama-perplexity --kl-divergence-base /tmp/logits.dat --ctx-size 32768 -f sample-data/wiki.test.head-2.4k.raw -fa on --hf-repo Abiray/MiniCPM5-2B-heretic-abliterated-GGUF:Q5_K_M --cache-type-k q3_0 --cache-type-v q3_0 --kv-tail-tokens 128 --kl-divergence
0.01.838.693 I cmn          init: llama threadpool init, n_threads = 16
0.01.892.170 I 
0.01.892.237 I system_info: n_threads = 16 (n_threads_batch = 16) / 32 | CUDA : ARCHS = 750,800,860,890,900,1000,1030,1200,1210 | USE_GRAPHS = 1 | FA_ALL_QUANTS = 1 | CPU : SSE3 = 1 | SSSE3 = 1 | AVX = 1 | AVX2 = 1 | F16C = 1 | FMA = 1 | BMI2 = 1 | LLAMAFILE = 1 | OPENMP = 1 | REPACK = 1 | 
0.02.176.460 I kl_divergence: computing over 5 chunks, n_ctx=32768, batch_size=2048, n_seq=1
0.10.916.488 I kl_divergence: 8.74 seconds per pass - ETA 0.72 minutes

chunk             PPL               ln(PPL(Q)/PPL(base))          KL Divergence              Δp RMS            Same top p        Same sampled p
   1      13.3434 ±    0.2981       0.04348 ±    0.00340       0.05952 ±    0.00076     5.985 ±  0.126 %    87.279 ±  0.260 %    40.029 ±  0.258 %
   2      12.5127 ±    0.1998       0.04565 ±    0.00240       0.06264 ±    0.00057     6.194 ±  0.087 %    87.447 ±  0.183 %    41.829 ±  0.186 %
   3      13.5935 ±    0.1794       0.04468 ±    0.00195       0.06314 ±    0.00045     6.012 ±  0.066 %    87.332 ±  0.150 %    40.366 ±  0.150 %
   4      13.1515 ±    0.1502       0.04454 ±    0.00168       0.06272 ±    0.00038     6.033 ±  0.056 %    87.566 ±  0.129 %    41.144 ±  0.131 %
   5      12.5168 ±    0.1265       0.04461 ±    0.00151       0.06358 ±    0.00040     6.078 ±  0.051 %    87.675 ±  0.115 %    41.679 ±  0.117 %

====== Perplexity statistics ======
Mean PPL(Q)                   :  12.516818 ±   0.126506
Mean PPL(base)                :  11.970705 ±   0.119397
Cor(ln(PPL(Q)), ln(PPL(base))):  98.88%
Mean ln(PPL(Q)/PPL(base))     :   0.044611 ±   0.001507
Mean PPL(Q)/PPL(base)         :   1.045621 ±   0.001576
Mean PPL(Q)-PPL(base)         :   0.546113 ±   0.019706

====== KL divergence statistics ======
Mean    KLD:   0.063576 ±   0.000402
Maximum KLD:  10.899884
99.9%   KLD:   1.157849
99.0%   KLD:   0.427587
95.0%   KLD:   0.196459
90.0%   KLD:   0.137149
Median  KLD:   0.039651
10.0%   KLD:   0.001360
 5.0%   KLD:   0.000270
 1.0%   KLD:   0.000033
 0.1%   KLD:   0.000003
Minimum KLD:  -0.000010

====== Token probability statistics ======
Mean    Δp: -0.498 ± 0.021 %
Maximum Δp: 85.851%
99.9%   Δp: 36.087%
99.0%   Δp: 16.220%
95.0%   Δp:  7.656%
90.0%   Δp:  4.220%
75.0%   Δp:  0.659%
Median  Δp: -0.012%
25.0%   Δp: -1.340%
10.0%   Δp: -5.777%
 5.0%   Δp: -9.733%
 1.0%   Δp: -21.317%
 0.1%   Δp: -43.334%
Minimum Δp: -96.558%
RMS Δp    :  6.078 ± 0.051 %
Same top p: 87.675 ± 0.115 %
Same sampled p: 41.679 ± 0.117 %

------------------------------
# llama-perplexity: version: 0.4.7-dev (build 11840, commit a740376d8-dirty) | built with GNU 15.3.0 for Linux x86_64
# model: /home/crusaderky/.cache/huggingface/hub/models--Abiray--MiniCPM5-2B-heretic-abliterated-GGUF/snapshots/c153cc60bed0471d7d26feb02f999a887851a81b/MiniCPM5-2B-heretic-abliterated-Q5_K_M.gguf size=1808063392 mtime=2026-09-15T07:11:59+00:00 sha256/1048576B=b89fbc4f165c548a5ff8add090027133974656c16fc071096e6636fddb9e7638
llama-perplexity --kl-divergence-base /tmp/logits.dat --ctx-size 32768 -f sample-data/wiki.test.head-2.4k.raw -fa on --hf-repo Abiray/MiniCPM5-2B-heretic-abliterated-GGUF:Q5_K_M --cache-type-k kvarn6 --cache-type-v kvarn6 --kl-divergence
0.01.894.043 I cmn          init: llama threadpool init, n_threads = 16
0.01.959.135 I 
0.01.959.204 I system_info: n_threads = 16 (n_threads_batch = 16) / 32 | CUDA : ARCHS = 750,800,860,890,900,1000,1030,1200,1210 | USE_GRAPHS = 1 | FA_ALL_QUANTS = 1 | CPU : SSE3 = 1 | SSSE3 = 1 | AVX = 1 | AVX2 = 1 | F16C = 1 | FMA = 1 | BMI2 = 1 | LLAMAFILE = 1 | OPENMP = 1 | REPACK = 1 | 
0.02.245.210 I kl_divergence: computing over 5 chunks, n_ctx=32768, batch_size=2048, n_seq=1
0.12.712.666 I kl_divergence: 10.47 seconds per pass - ETA 0.87 minutes

chunk             PPL               ln(PPL(Q)/PPL(base))          KL Divergence              Δp RMS            Same top p        Same sampled p
   1      13.0895 ±    0.2918       0.02426 ±    0.00256       0.03645 ±    0.00045     4.409 ±  0.089 %    89.898 ±  0.235 %    40.478 ±  0.258 %
   2      12.2722 ±    0.1955       0.02624 ±    0.00184       0.03931 ±    0.00032     4.595 ±  0.059 %    90.017 ±  0.166 %    42.242 ±  0.186 %
   3      13.3454 ±    0.1756       0.02626 ±    0.00151       0.04059 ±    0.00027     4.568 ±  0.047 %    89.699 ±  0.137 %    40.706 ±  0.150 %
   4      12.8940 ±    0.1468       0.02477 ±    0.00131       0.04023 ±    0.00023     4.590 ±  0.040 %    89.910 ±  0.118 %    41.491 ±  0.131 %
   5      12.2664 ±    0.1236       0.02440 ±    0.00117       0.04046 ±    0.00027     4.603 ±  0.036 %    90.099 ±  0.104 %    42.045 ±  0.117 %

====== Perplexity statistics ======
Mean PPL(Q)                   :  12.266401 ±   0.123609
Mean PPL(base)                :  11.970705 ±   0.119397
Cor(ln(PPL(Q)), ln(PPL(base))):  99.32%
Mean ln(PPL(Q)/PPL(base))     :   0.024401 ±   0.001173
Mean PPL(Q)/PPL(base)         :   1.024702 ±   0.001202
Mean PPL(Q)-PPL(base)         :   0.295695 ±   0.014772

====== KL divergence statistics ======
Mean    KLD:   0.040459 ±   0.000274
Maximum KLD:  11.035830
99.9%   KLD:   0.677979
99.0%   KLD:   0.250182
95.0%   KLD:   0.121491
90.0%   KLD:   0.086780
Median  KLD:   0.026932
10.0%   KLD:   0.000796
 5.0%   KLD:   0.000155
 1.0%   KLD:   0.000018
 0.1%   KLD:   0.000002
Minimum KLD:  -0.000020

====== Token probability statistics ======
Mean    Δp: -0.187 ± 0.016 %
Maximum Δp: 68.236%
99.9%   Δp: 27.740%
99.0%   Δp: 13.367%
95.0%   Δp:  6.429%
90.0%   Δp:  3.717%
75.0%   Δp:  0.660%
Median  Δp: -0.004%
25.0%   Δp: -0.925%
10.0%   Δp: -4.303%
 5.0%   Δp: -7.229%
 1.0%   Δp: -15.148%
 0.1%   Δp: -28.984%
Minimum Δp: -85.754%
RMS Δp    :  4.603 ± 0.036 %
Same top p: 90.099 ± 0.104 %
Same sampled p: 42.045 ± 0.117 %

------------------------------
# llama-perplexity: version: 0.4.7-dev (build 11840, commit a740376d8-dirty) | built with GNU 15.3.0 for Linux x86_64
# model: /home/crusaderky/.cache/huggingface/hub/models--Abiray--MiniCPM5-2B-heretic-abliterated-GGUF/snapshots/c153cc60bed0471d7d26feb02f999a887851a81b/MiniCPM5-2B-heretic-abliterated-Q5_K_M.gguf size=1808063392 mtime=2026-09-15T07:11:59+00:00 sha256/1048576B=b89fbc4f165c548a5ff8add090027133974656c16fc071096e6636fddb9e7638
llama-perplexity --kl-divergence-base /tmp/logits.dat --ctx-size 32768 -f sample-data/wiki.test.head-2.4k.raw -fa on --hf-repo Abiray/MiniCPM5-2B-heretic-abliterated-GGUF:Q5_K_M --cache-type-k kvarn5 --cache-type-v kvarn5 --kl-divergence
0.01.848.628 I cmn          init: llama threadpool init, n_threads = 16
0.01.915.598 I 
0.01.915.668 I system_info: n_threads = 16 (n_threads_batch = 16) / 32 | CUDA : ARCHS = 750,800,860,890,900,1000,1030,1200,1210 | USE_GRAPHS = 1 | FA_ALL_QUANTS = 1 | CPU : SSE3 = 1 | SSSE3 = 1 | AVX = 1 | AVX2 = 1 | F16C = 1 | FMA = 1 | BMI2 = 1 | LLAMAFILE = 1 | OPENMP = 1 | REPACK = 1 | 
0.02.201.457 I kl_divergence: computing over 5 chunks, n_ctx=32768, batch_size=2048, n_seq=1
0.12.609.653 I kl_divergence: 10.41 seconds per pass - ETA 0.87 minutes

chunk             PPL               ln(PPL(Q)/PPL(base))          KL Divergence              Δp RMS            Same top p        Same sampled p
   1      13.0826 ±    0.2917       0.02374 ±    0.00256       0.03694 ±    0.00046     4.517 ±  0.093 %    89.691 ±  0.238 %    40.451 ±  0.258 %
   2      12.2654 ±    0.1954       0.02569 ±    0.00186       0.03985 ±    0.00034     4.735 ±  0.065 %    89.877 ±  0.167 %    42.216 ±  0.186 %
   3      13.3388 ±    0.1755       0.02576 ±    0.00152       0.04102 ±    0.00027     4.652 ±  0.051 %    89.644 ±  0.137 %    40.687 ±  0.150 %
   4      12.8921 ±    0.1467       0.02462 ±    0.00132       0.04067 ±    0.00024     4.665 ±  0.042 %    89.875 ±  0.118 %    41.471 ±  0.131 %
   5      12.2657 ±    0.1236       0.02434 ±    0.00118       0.04081 ±    0.00027     4.659 ±  0.037 %    90.085 ±  0.104 %    42.032 ±  0.117 %

====== Perplexity statistics ======
Mean PPL(Q)                   :  12.265699 ±   0.123602
Mean PPL(base)                :  11.970705 ±   0.119397
Cor(ln(PPL(Q)), ln(PPL(base))):  99.31%
Mean ln(PPL(Q)/PPL(base))     :   0.024344 ±   0.001179
Mean PPL(Q)/PPL(base)         :   1.024643 ±   0.001208
Mean PPL(Q)-PPL(base)         :   0.294993 ±   0.014838

====== KL divergence statistics ======
Mean    KLD:   0.040813 ±   0.000272
Maximum KLD:  10.929353
99.9%   KLD:   0.682594
99.0%   KLD:   0.243430
95.0%   KLD:   0.122739
90.0%   KLD:   0.087612
Median  KLD:   0.027254
10.0%   KLD:   0.000798
 5.0%   KLD:   0.000159
 1.0%   KLD:   0.000019
 0.1%   KLD:   0.000002
Minimum KLD:  -0.000015

====== Token probability statistics ======
Mean    Δp: -0.198 ± 0.016 %
Maximum Δp: 71.494%
99.9%   Δp: 26.985%
99.0%   Δp: 13.603%
95.0%   Δp:  6.460%
90.0%   Δp:  3.735%
75.0%   Δp:  0.665%
Median  Δp: -0.004%
25.0%   Δp: -0.936%
10.0%   Δp: -4.345%
 5.0%   Δp: -7.385%
 1.0%   Δp: -15.274%
 0.1%   Δp: -29.556%
Minimum Δp: -83.091%
RMS Δp    :  4.659 ± 0.037 %
Same top p: 90.085 ± 0.104 %
Same sampled p: 42.032 ± 0.117 %

------------------------------
# llama-perplexity: version: 0.4.7-dev (build 11840, commit a740376d8-dirty) | built with GNU 15.3.0 for Linux x86_64
# model: /home/crusaderky/.cache/huggingface/hub/models--Abiray--MiniCPM5-2B-heretic-abliterated-GGUF/snapshots/c153cc60bed0471d7d26feb02f999a887851a81b/MiniCPM5-2B-heretic-abliterated-Q5_K_M.gguf size=1808063392 mtime=2026-09-15T07:11:59+00:00 sha256/1048576B=b89fbc4f165c548a5ff8add090027133974656c16fc071096e6636fddb9e7638
llama-perplexity --kl-divergence-base /tmp/logits.dat --ctx-size 32768 -f sample-data/wiki.test.head-2.4k.raw -fa on --hf-repo Abiray/MiniCPM5-2B-heretic-abliterated-GGUF:Q5_K_M --cache-type-k kvarn4 --cache-type-v kvarn4 --kl-divergence
0.01.920.278 I cmn          init: llama threadpool init, n_threads = 16
0.01.987.144 I 
0.01.987.204 I system_info: n_threads = 16 (n_threads_batch = 16) / 32 | CUDA : ARCHS = 750,800,860,890,900,1000,1030,1200,1210 | USE_GRAPHS = 1 | FA_ALL_QUANTS = 1 | CPU : SSE3 = 1 | SSSE3 = 1 | AVX = 1 | AVX2 = 1 | F16C = 1 | FMA = 1 | BMI2 = 1 | LLAMAFILE = 1 | OPENMP = 1 | REPACK = 1 | 
0.02.280.509 I kl_divergence: computing over 5 chunks, n_ctx=32768, batch_size=2048, n_seq=1
0.12.785.925 I kl_divergence: 10.51 seconds per pass - ETA 0.87 minutes

chunk             PPL               ln(PPL(Q)/PPL(base))          KL Divergence              Δp RMS            Same top p        Same sampled p
   1      13.1242 ±    0.2928       0.02692 ±    0.00260       0.03831 ±    0.00047     4.600 ±  0.091 %    89.367 ±  0.241 %    40.416 ±  0.258 %
   2      12.2870 ±    0.1958       0.02744 ±    0.00189       0.04109 ±    0.00035     4.779 ±  0.063 %    89.687 ±  0.168 %    42.197 ±  0.186 %
   3      13.3590 ±    0.1759       0.02728 ±    0.00155       0.04228 ±    0.00029     4.732 ±  0.051 %    89.465 ±  0.138 %    40.671 ±  0.150 %
   4      12.9048 ±    0.1469       0.02560 ±    0.00135       0.04205 ±    0.00026     4.754 ±  0.044 %    89.649 ±  0.119 %    41.453 ±  0.131 %
   5      12.2774 ±    0.1237       0.02530 ±    0.00121       0.04234 ±    0.00029     4.763 ±  0.039 %    89.830 ±  0.106 %    42.003 ±  0.117 %

====== Perplexity statistics ======
Mean PPL(Q)                   :  12.277426 ±   0.123741
Mean PPL(base)                :  11.970705 ±   0.119397
Cor(ln(PPL(Q)), ln(PPL(base))):  99.28%
Mean ln(PPL(Q)/PPL(base))     :   0.025300 ±   0.001206
Mean PPL(Q)/PPL(base)         :   1.025623 ±   0.001237
Mean PPL(Q)-PPL(base)         :   0.306721 ±   0.015201

====== KL divergence statistics ======
Mean    KLD:   0.042338 ±   0.000293
Maximum KLD:  11.434965
99.9%   KLD:   0.743926
99.0%   KLD:   0.262255
95.0%   KLD:   0.126540
90.0%   KLD:   0.090258
Median  KLD:   0.027968
10.0%   KLD:   0.000846
 5.0%   KLD:   0.000170
 1.0%   KLD:   0.000019
 0.1%   KLD:   0.000002
Minimum KLD:  -0.000028

====== Token probability statistics ======
Mean    Δp: -0.211 ± 0.017 %
Maximum Δp: 85.838%
99.9%   Δp: 29.276%
99.0%   Δp: 13.612%
95.0%   Δp:  6.588%
90.0%   Δp:  3.791%
75.0%   Δp:  0.655%
Median  Δp: -0.005%
25.0%   Δp: -0.965%
10.0%   Δp: -4.417%
 5.0%   Δp: -7.472%
 1.0%   Δp: -15.598%
 0.1%   Δp: -31.048%
Minimum Δp: -77.686%
RMS Δp    :  4.763 ± 0.039 %
Same top p: 89.830 ± 0.106 %
Same sampled p: 42.003 ± 0.117 %

------------------------------
# llama-perplexity: version: 0.4.7-dev (build 11840, commit a740376d8-dirty) | built with GNU 15.3.0 for Linux x86_64
# model: /home/crusaderky/.cache/huggingface/hub/models--Abiray--MiniCPM5-2B-heretic-abliterated-GGUF/snapshots/c153cc60bed0471d7d26feb02f999a887851a81b/MiniCPM5-2B-heretic-abliterated-Q5_K_M.gguf size=1808063392 mtime=2026-09-15T07:11:59+00:00 sha256/1048576B=b89fbc4f165c548a5ff8add090027133974656c16fc071096e6636fddb9e7638
llama-perplexity --kl-divergence-base /tmp/logits.dat --ctx-size 32768 -f sample-data/wiki.test.head-2.4k.raw -fa on --hf-repo Abiray/MiniCPM5-2B-heretic-abliterated-GGUF:Q5_K_M --cache-type-k kvarn3 --cache-type-v kvarn3 --kl-divergence
0.01.909.137 I cmn          init: llama threadpool init, n_threads = 16
0.01.975.129 I 
0.01.975.196 I system_info: n_threads = 16 (n_threads_batch = 16) / 32 | CUDA : ARCHS = 750,800,860,890,900,1000,1030,1200,1210 | USE_GRAPHS = 1 | FA_ALL_QUANTS = 1 | CPU : SSE3 = 1 | SSSE3 = 1 | AVX = 1 | AVX2 = 1 | F16C = 1 | FMA = 1 | BMI2 = 1 | LLAMAFILE = 1 | OPENMP = 1 | REPACK = 1 | 
0.02.267.883 I kl_divergence: computing over 5 chunks, n_ctx=32768, batch_size=2048, n_seq=1
0.13.036.227 I kl_divergence: 10.77 seconds per pass - ETA 0.88 minutes

chunk             PPL               ln(PPL(Q)/PPL(base))          KL Divergence              Δp RMS            Same top p        Same sampled p
   1      13.1950 ±    0.2941       0.03229 ±    0.00290       0.04616 ±    0.00053     5.147 ±  0.095 %    88.628 ±  0.248 %    40.230 ±  0.258 %
   2      12.3537 ±    0.1968       0.03286 ±    0.00207       0.04868 ±    0.00041     5.317 ±  0.068 %    88.839 ±  0.174 %    42.023 ±  0.186 %
   3      13.4199 ±    0.1765       0.03182 ±    0.00169       0.04952 ±    0.00033     5.195 ±  0.053 %    88.653 ±  0.143 %    40.497 ±  0.150 %
   4      12.9610 ±    0.1474       0.02995 ±    0.00146       0.04929 ±    0.00028     5.222 ±  0.045 %    88.854 ±  0.123 %    41.265 ±  0.131 %
   5      12.3318 ±    0.1242       0.02972 ±    0.00131       0.04966 ±    0.00028     5.243 ±  0.040 %    88.997 ±  0.109 %    41.821 ±  0.117 %

====== Perplexity statistics ======
Mean PPL(Q)                   :  12.331759 ±   0.124175
Mean PPL(base)                :  11.970705 ±   0.119397
Cor(ln(PPL(Q)), ln(PPL(base))):  99.15%
Mean ln(PPL(Q)/PPL(base))     :   0.029716 ±   0.001313
Mean PPL(Q)/PPL(base)         :   1.030161 ±   0.001353
Mean PPL(Q)-PPL(base)         :   0.361054 ±   0.016613

====== KL divergence statistics ======
Mean    KLD:   0.049657 ±   0.000277
Maximum KLD:   6.265893
99.9%   KLD:   0.852834
99.0%   KLD:   0.317663
95.0%   KLD:   0.152998
90.0%   KLD:   0.107600
Median  KLD:   0.032254
10.0%   KLD:   0.001078
 5.0%   KLD:   0.000216
 1.0%   KLD:   0.000026
 0.1%   KLD:   0.000003
Minimum KLD:  -0.000010

====== Token probability statistics ======
Mean    Δp: -0.354 ± 0.018 %
Maximum Δp: 62.534%
99.9%   Δp: 29.889%
99.0%   Δp: 14.846%
95.0%   Δp:  6.803%
90.0%   Δp:  3.896%
75.0%   Δp:  0.625%
Median  Δp: -0.010%
25.0%   Δp: -1.165%
10.0%   Δp: -4.994%
 5.0%   Δp: -8.319%
 1.0%   Δp: -17.839%
 0.1%   Δp: -35.951%
Minimum Δp: -86.421%
RMS Δp    :  5.243 ± 0.040 %
Same top p: 88.997 ± 0.109 %
Same sampled p: 41.821 ± 0.117 %

------------------------------
# llama-perplexity: version: 0.4.7-dev (build 11840, commit a740376d8-dirty) | built with GNU 15.3.0 for Linux x86_64
# model: /home/crusaderky/.cache/huggingface/hub/models--Abiray--MiniCPM5-2B-heretic-abliterated-GGUF/snapshots/c153cc60bed0471d7d26feb02f999a887851a81b/MiniCPM5-2B-heretic-abliterated-Q4_K_M.gguf size=1561320352 mtime=2026-09-15T07:13:03+00:00 sha256/1048576B=b89fbc4f165c548a5ff8add090027133974656c16fc071096e6636fddb9e7638
llama-perplexity --kl-divergence-base /tmp/logits.dat --ctx-size 32768 -f sample-data/wiki.test.head-2.4k.raw -fa on --hf-repo Abiray/MiniCPM5-2B-heretic-abliterated-GGUF:Q4_K_M --cache-type-k q8_0 --cache-type-v q8_0 --kl-divergence
0.01.441.506 I cmn          init: llama threadpool init, n_threads = 16
0.01.492.024 I 
0.01.492.101 I system_info: n_threads = 16 (n_threads_batch = 16) / 32 | CUDA : ARCHS = 750,800,860,890,900,1000,1030,1200,1210 | USE_GRAPHS = 1 | FA_ALL_QUANTS = 1 | CPU : SSE3 = 1 | SSSE3 = 1 | AVX = 1 | AVX2 = 1 | F16C = 1 | FMA = 1 | BMI2 = 1 | LLAMAFILE = 1 | OPENMP = 1 | REPACK = 1 | 
0.01.779.047 I kl_divergence: computing over 5 chunks, n_ctx=32768, batch_size=2048, n_seq=1
0.09.994.844 I kl_divergence: 8.22 seconds per pass - ETA 0.68 minutes

chunk             PPL               ln(PPL(Q)/PPL(base))          KL Divergence              Δp RMS            Same top p        Same sampled p
   1      13.5561 ±    0.3025       0.05929 ±    0.00392       0.08732 ±    0.00087     6.732 ±  0.101 %    85.131 ±  0.278 %    39.548 ±  0.258 %
   2      12.7035 ±    0.2024       0.06078 ±    0.00282       0.09129 ±    0.00069     7.063 ±  0.079 %    85.445 ±  0.195 %    41.320 ±  0.187 %
   3      13.8572 ±    0.1819       0.06389 ±    0.00232       0.09447 ±    0.00058     7.118 ±  0.066 %    84.911 ±  0.161 %    39.733 ±  0.150 %
   4      13.4020 ±    0.1525       0.06341 ±    0.00204       0.09621 ±    0.00056     7.264 ±  0.059 %    84.991 ±  0.140 %    40.511 ±  0.131 %
   5      12.7523 ±    0.1286       0.06325 ±    0.00181       0.09555 ±    0.00050     7.267 ±  0.053 %    85.231 ±  0.124 %    41.091 ±  0.117 %

====== Perplexity statistics ======
Mean PPL(Q)                   :  12.752285 ±   0.128617
Mean PPL(base)                :  11.970705 ±   0.119397
Cor(ln(PPL(Q)), ln(PPL(base))):  98.37%
Mean ln(PPL(Q)/PPL(base))     :   0.063248 ±   0.001812
Mean PPL(Q)/PPL(base)         :   1.065291 ±   0.001930
Mean PPL(Q)-PPL(base)         :   0.781579 ±   0.024174

====== KL divergence statistics ======
Mean    KLD:   0.095553 ±   0.000499
Maximum KLD:   9.298867
99.9%   KLD:   1.437985
99.0%   KLD:   0.611387
95.0%   KLD:   0.293981
90.0%   KLD:   0.207949
Median  KLD:   0.062817
10.0%   KLD:   0.002124
 5.0%   KLD:   0.000416
 1.0%   KLD:   0.000043
 0.1%   KLD:   0.000005
Minimum KLD:  -0.000002

====== Token probability statistics ======
Mean    Δp: -0.908 ± 0.025 %
Maximum Δp: 78.945%
99.9%   Δp: 38.313%
99.0%   Δp: 18.725%
95.0%   Δp:  8.532%
90.0%   Δp:  4.624%
75.0%   Δp:  0.620%
Median  Δp: -0.023%
25.0%   Δp: -1.957%
10.0%   Δp: -7.590%
 5.0%   Δp: -12.488%
 1.0%   Δp: -26.096%
 0.1%   Δp: -51.610%
Minimum Δp: -97.200%
RMS Δp    :  7.267 ± 0.053 %
Same top p: 85.231 ± 0.124 %
Same sampled p: 41.091 ± 0.117 %

------------------------------
# llama-perplexity: version: 0.4.7-dev (build 11840, commit a740376d8-dirty) | built with GNU 15.3.0 for Linux x86_64
# model: /home/crusaderky/.cache/huggingface/hub/models--Abiray--MiniCPM5-2B-heretic-abliterated-GGUF/snapshots/c153cc60bed0471d7d26feb02f999a887851a81b/MiniCPM5-2B-heretic-abliterated-Q4_K_M.gguf size=1561320352 mtime=2026-09-15T07:13:03+00:00 sha256/1048576B=b89fbc4f165c548a5ff8add090027133974656c16fc071096e6636fddb9e7638
llama-perplexity --kl-divergence-base /tmp/logits.dat --ctx-size 32768 -f sample-data/wiki.test.head-2.4k.raw -fa on --hf-repo Abiray/MiniCPM5-2B-heretic-abliterated-GGUF:Q4_K_M --cache-type-k q8_0 --cache-type-v q6_0 --kl-divergence
0.01.468.907 I cmn          init: llama threadpool init, n_threads = 16
0.01.519.571 I 
0.01.519.636 I system_info: n_threads = 16 (n_threads_batch = 16) / 32 | CUDA : ARCHS = 750,800,860,890,900,1000,1030,1200,1210 | USE_GRAPHS = 1 | FA_ALL_QUANTS = 1 | CPU : SSE3 = 1 | SSSE3 = 1 | AVX = 1 | AVX2 = 1 | F16C = 1 | FMA = 1 | BMI2 = 1 | LLAMAFILE = 1 | OPENMP = 1 | REPACK = 1 | 
0.01.813.054 I kl_divergence: computing over 5 chunks, n_ctx=32768, batch_size=2048, n_seq=1
0.10.431.390 I kl_divergence: 8.62 seconds per pass - ETA 0.72 minutes

chunk             PPL               ln(PPL(Q)/PPL(base))          KL Divergence              Δp RMS            Same top p        Same sampled p
   1      13.5685 ±    0.3028       0.06021 ±    0.00392       0.08729 ±    0.00087     6.740 ±  0.103 %    85.302 ±  0.277 %    39.546 ±  0.258 %
   2      12.7086 ±    0.2025       0.06118 ±    0.00282       0.09132 ±    0.00069     7.078 ±  0.081 %    85.439 ±  0.195 %    41.320 ±  0.187 %
   3      13.8615 ±    0.1819       0.06420 ±    0.00233       0.09468 ±    0.00058     7.159 ±  0.067 %    84.887 ±  0.162 %    39.726 ±  0.150 %
   4      13.4015 ±    0.1525       0.06338 ±    0.00205       0.09651 ±    0.00057     7.306 ±  0.060 %    84.958 ±  0.140 %    40.507 ±  0.131 %
   5      12.7488 ±    0.1286       0.06297 ±    0.00182       0.09580 ±    0.00050     7.306 ±  0.053 %    85.186 ±  0.124 %    41.085 ±  0.117 %

====== Perplexity statistics ======
Mean PPL(Q)                   :  12.748792 ±   0.128566
Mean PPL(base)                :  11.970705 ±   0.119397
Cor(ln(PPL(Q)), ln(PPL(base))):  98.37%
Mean ln(PPL(Q)/PPL(base))     :   0.062974 ±   0.001816
Mean PPL(Q)/PPL(base)         :   1.064999 ±   0.001934
Mean PPL(Q)-PPL(base)         :   0.778087 ±   0.024196

====== KL divergence statistics ======
Mean    KLD:   0.095803 ±   0.000501
Maximum KLD:  10.492233
99.9%   KLD:   1.427568
99.0%   KLD:   0.610223
95.0%   KLD:   0.293158
90.0%   KLD:   0.207979
Median  KLD:   0.062888
10.0%   KLD:   0.002174
 5.0%   KLD:   0.000400
 1.0%   KLD:   0.000043
 0.1%   KLD:   0.000005
Minimum KLD:  -0.000005

====== Token probability statistics ======
Mean    Δp: -0.906 ± 0.025 %
Maximum Δp: 78.977%
99.9%   Δp: 38.361%
99.0%   Δp: 19.184%
95.0%   Δp:  8.602%
90.0%   Δp:  4.692%
75.0%   Δp:  0.612%
Median  Δp: -0.024%
25.0%   Δp: -1.985%
10.0%   Δp: -7.654%
 5.0%   Δp: -12.517%
 1.0%   Δp: -26.232%
 0.1%   Δp: -51.878%
Minimum Δp: -97.710%
RMS Δp    :  7.306 ± 0.053 %
Same top p: 85.186 ± 0.124 %
Same sampled p: 41.085 ± 0.117 %

------------------------------
# llama-perplexity: version: 0.4.7-dev (build 11840, commit a740376d8-dirty) | built with GNU 15.3.0 for Linux x86_64
# model: /home/crusaderky/.cache/huggingface/hub/models--Abiray--MiniCPM5-2B-heretic-abliterated-GGUF/snapshots/c153cc60bed0471d7d26feb02f999a887851a81b/MiniCPM5-2B-heretic-abliterated-Q4_K_M.gguf size=1561320352 mtime=2026-09-15T07:13:03+00:00 sha256/1048576B=b89fbc4f165c548a5ff8add090027133974656c16fc071096e6636fddb9e7638
llama-perplexity --kl-divergence-base /tmp/logits.dat --ctx-size 32768 -f sample-data/wiki.test.head-2.4k.raw -fa on --hf-repo Abiray/MiniCPM5-2B-heretic-abliterated-GGUF:Q4_K_M --cache-type-k q6_0 --cache-type-v q6_0 --kl-divergence
0.01.463.483 I cmn          init: llama threadpool init, n_threads = 16
0.01.514.579 I 
0.01.514.655 I system_info: n_threads = 16 (n_threads_batch = 16) / 32 | CUDA : ARCHS = 750,800,860,890,900,1000,1030,1200,1210 | USE_GRAPHS = 1 | FA_ALL_QUANTS = 1 | CPU : SSE3 = 1 | SSSE3 = 1 | AVX = 1 | AVX2 = 1 | F16C = 1 | FMA = 1 | BMI2 = 1 | LLAMAFILE = 1 | OPENMP = 1 | REPACK = 1 | 
0.01.809.731 I kl_divergence: computing over 5 chunks, n_ctx=32768, batch_size=2048, n_seq=1
0.10.142.583 I kl_divergence: 8.33 seconds per pass - ETA 0.68 minutes

chunk             PPL               ln(PPL(Q)/PPL(base))          KL Divergence              Δp RMS            Same top p        Same sampled p
   1      13.5684 ±    0.3029       0.06020 ±    0.00395       0.08829 ±    0.00088     6.785 ±  0.101 %    85.039 ±  0.279 %    39.519 ±  0.258 %
   2      12.7277 ±    0.2029       0.06268 ±    0.00285       0.09257 ±    0.00071     7.132 ±  0.082 %    85.183 ±  0.196 %    41.282 ±  0.187 %
   3      13.8822 ±    0.1823       0.06570 ±    0.00236       0.09601 ±    0.00060     7.204 ±  0.068 %    84.647 ±  0.163 %    39.693 ±  0.150 %
   4      13.4233 ±    0.1528       0.06500 ±    0.00208       0.09802 ±    0.00060     7.359 ±  0.061 %    84.781 ±  0.140 %    40.477 ±  0.131 %
   5      12.7706 ±    0.1288       0.06468 ±    0.00184       0.09730 ±    0.00053     7.361 ±  0.054 %    85.028 ±  0.125 %    41.058 ±  0.117 %

====== Perplexity statistics ======
Mean PPL(Q)                   :  12.770620 ±   0.128824
Mean PPL(base)                :  11.970705 ±   0.119397
Cor(ln(PPL(Q)), ln(PPL(base))):  98.33%
Mean ln(PPL(Q)/PPL(base))     :   0.064685 ±   0.001835
Mean PPL(Q)/PPL(base)         :   1.066823 ±   0.001958
Mean PPL(Q)-PPL(base)         :   0.799915 ±   0.024529

====== KL divergence statistics ======
Mean    KLD:   0.097296 ±   0.000528
Maximum KLD:  10.885546
99.9%   KLD:   1.494594
99.0%   KLD:   0.621159
95.0%   KLD:   0.297467
90.0%   KLD:   0.211299
Median  KLD:   0.063622
10.0%   KLD:   0.002175
 5.0%   KLD:   0.000413
 1.0%   KLD:   0.000044
 0.1%   KLD:   0.000005
Minimum KLD:  -0.000002

====== Token probability statistics ======
Mean    Δp: -0.937 ± 0.026 %
Maximum Δp: 79.261%
99.9%   Δp: 38.492%
99.0%   Δp: 18.980%
95.0%   Δp:  8.609%
90.0%   Δp:  4.635%
75.0%   Δp:  0.620%
Median  Δp: -0.024%
25.0%   Δp: -1.978%
10.0%   Δp: -7.744%
 5.0%   Δp: -12.753%
 1.0%   Δp: -26.301%
 0.1%   Δp: -52.571%
Minimum Δp: -98.046%
RMS Δp    :  7.361 ± 0.054 %
Same top p: 85.028 ± 0.125 %
Same sampled p: 41.058 ± 0.117 %

------------------------------
# llama-perplexity: version: 0.4.7-dev (build 11840, commit a740376d8-dirty) | built with GNU 15.3.0 for Linux x86_64
# model: /home/crusaderky/.cache/huggingface/hub/models--Abiray--MiniCPM5-2B-heretic-abliterated-GGUF/snapshots/c153cc60bed0471d7d26feb02f999a887851a81b/MiniCPM5-2B-heretic-abliterated-Q4_K_M.gguf size=1561320352 mtime=2026-09-15T07:13:03+00:00 sha256/1048576B=b89fbc4f165c548a5ff8add090027133974656c16fc071096e6636fddb9e7638
llama-perplexity --kl-divergence-base /tmp/logits.dat --ctx-size 32768 -f sample-data/wiki.test.head-2.4k.raw -fa on --hf-repo Abiray/MiniCPM5-2B-heretic-abliterated-GGUF:Q4_K_M --cache-type-k q6_0 --cache-type-v q6_0 --kv-tail-tokens 128 --kl-divergence
0.01.788.027 I cmn          init: llama threadpool init, n_threads = 16
0.01.841.521 I 
0.01.841.600 I system_info: n_threads = 16 (n_threads_batch = 16) / 32 | CUDA : ARCHS = 750,800,860,890,900,1000,1030,1200,1210 | USE_GRAPHS = 1 | FA_ALL_QUANTS = 1 | CPU : SSE3 = 1 | SSSE3 = 1 | AVX = 1 | AVX2 = 1 | F16C = 1 | FMA = 1 | BMI2 = 1 | LLAMAFILE = 1 | OPENMP = 1 | REPACK = 1 | 
0.02.128.111 I kl_divergence: computing over 5 chunks, n_ctx=32768, batch_size=2048, n_seq=1
0.10.882.670 I kl_divergence: 8.75 seconds per pass - ETA 0.72 minutes

chunk             PPL               ln(PPL(Q)/PPL(base))          KL Divergence              Δp RMS            Same top p        Same sampled p
   1      13.5583 ±    0.3026       0.05946 ±    0.00394       0.08745 ±    0.00088     6.764 ±  0.104 %    85.149 ±  0.278 %    39.551 ±  0.258 %
   2      12.7165 ±    0.2028       0.06181 ±    0.00288       0.09197 ±    0.00087     7.110 ±  0.082 %    85.241 ±  0.196 %    41.313 ±  0.187 %
   3      13.8676 ±    0.1821       0.06465 ±    0.00235       0.09506 ±    0.00068     7.172 ±  0.068 %    84.651 ±  0.163 %    39.722 ±  0.150 %
   4      13.4064 ±    0.1527       0.06374 ±    0.00207       0.09657 ±    0.00062     7.289 ±  0.059 %    84.807 ±  0.140 %    40.515 ±  0.131 %
   5      12.7483 ±    0.1286       0.06294 ±    0.00182       0.09576 ±    0.00054     7.286 ±  0.053 %    85.120 ±  0.124 %    41.094 ±  0.117 %

====== Perplexity statistics ======
Mean PPL(Q)                   :  12.748314 ±   0.128599
Mean PPL(base)                :  11.970705 ±   0.119397
Cor(ln(PPL(Q)), ln(PPL(base))):  98.35%
Mean ln(PPL(Q)/PPL(base))     :   0.062937 ±   0.001824
Mean PPL(Q)/PPL(base)         :   1.064959 ±   0.001943
Mean PPL(Q)-PPL(base)         :   0.777608 ±   0.024304

====== KL divergence statistics ======
Mean    KLD:   0.095760 ±   0.000537
Maximum KLD:  17.246235
99.9%   KLD:   1.458022
99.0%   KLD:   0.601154
95.0%   KLD:   0.295926
90.0%   KLD:   0.207683
Median  KLD:   0.062740
10.0%   KLD:   0.002140
 5.0%   KLD:   0.000404
 1.0%   KLD:   0.000042
 0.1%   KLD:   0.000005
Minimum KLD:  -0.000002

====== Token probability statistics ======
Mean    Δp: -0.903 ± 0.025 %
Maximum Δp: 78.976%
99.9%   Δp: 38.379%
99.0%   Δp: 19.120%
95.0%   Δp:  8.584%
90.0%   Δp:  4.637%
75.0%   Δp:  0.625%
Median  Δp: -0.022%
25.0%   Δp: -1.973%
10.0%   Δp: -7.641%
 5.0%   Δp: -12.529%
 1.0%   Δp: -26.194%
 0.1%   Δp: -50.823%
Minimum Δp: -97.422%
RMS Δp    :  7.286 ± 0.053 %
Same top p: 85.120 ± 0.124 %
Same sampled p: 41.094 ± 0.117 %

------------------------------
# llama-perplexity: version: 0.4.7-dev (build 11840, commit a740376d8-dirty) | built with GNU 15.3.0 for Linux x86_64
# model: /home/crusaderky/.cache/huggingface/hub/models--Abiray--MiniCPM5-2B-heretic-abliterated-GGUF/snapshots/c153cc60bed0471d7d26feb02f999a887851a81b/MiniCPM5-2B-heretic-abliterated-Q4_K_M.gguf size=1561320352 mtime=2026-09-15T07:13:03+00:00 sha256/1048576B=b89fbc4f165c548a5ff8add090027133974656c16fc071096e6636fddb9e7638
llama-perplexity --kl-divergence-base /tmp/logits.dat --ctx-size 32768 -f sample-data/wiki.test.head-2.4k.raw -fa on --hf-repo Abiray/MiniCPM5-2B-heretic-abliterated-GGUF:Q4_K_M --cache-type-k q6_0 --cache-type-v q5_0 --kl-divergence
0.01.467.006 I cmn          init: llama threadpool init, n_threads = 16
0.01.518.016 I 
0.01.518.076 I system_info: n_threads = 16 (n_threads_batch = 16) / 32 | CUDA : ARCHS = 750,800,860,890,900,1000,1030,1200,1210 | USE_GRAPHS = 1 | FA_ALL_QUANTS = 1 | CPU : SSE3 = 1 | SSSE3 = 1 | AVX = 1 | AVX2 = 1 | F16C = 1 | FMA = 1 | BMI2 = 1 | LLAMAFILE = 1 | OPENMP = 1 | REPACK = 1 | 
0.01.812.085 I kl_divergence: computing over 5 chunks, n_ctx=32768, batch_size=2048, n_seq=1
0.09.968.949 I kl_divergence: 8.16 seconds per pass - ETA 0.67 minutes

chunk             PPL               ln(PPL(Q)/PPL(base))          KL Divergence              Δp RMS            Same top p        Same sampled p
   1      13.5853 ±    0.3033       0.06144 ±    0.00395       0.08878 ±    0.00088     6.775 ±  0.100 %    85.045 ±  0.279 %    39.540 ±  0.259 %
   2      12.7460 ±    0.2033       0.06412 ±    0.00286       0.09322 ±    0.00070     7.163 ±  0.082 %    85.177 ±  0.196 %    41.297 ±  0.187 %
   3      13.8896 ±    0.1824       0.06623 ±    0.00236       0.09656 ±    0.00059     7.226 ±  0.068 %    84.592 ±  0.163 %    39.702 ±  0.150 %
   4      13.4313 ±    0.1530       0.06559 ±    0.00210       0.09867 ±    0.00062     7.379 ±  0.062 %    84.723 ±  0.141 %    40.492 ±  0.131 %
   5      12.7787 ±    0.1290       0.06532 ±    0.00185       0.09798 ±    0.00055     7.380 ±  0.055 %    84.975 ±  0.125 %    41.072 ±  0.117 %

====== Perplexity statistics ======
Mean PPL(Q)                   :  12.778718 ±   0.128993
Mean PPL(base)                :  11.970705 ±   0.119397
Cor(ln(PPL(Q)), ln(PPL(base))):  98.31%
Mean ln(PPL(Q)/PPL(base))     :   0.065319 ±   0.001851
Mean PPL(Q)/PPL(base)         :   1.067499 ±   0.001976
Mean PPL(Q)-PPL(base)         :   0.808012 ±   0.024776

====== KL divergence statistics ======
Mean    KLD:   0.097977 ±   0.000552
Maximum KLD:  14.333776
99.9%   KLD:   1.527492
99.0%   KLD:   0.621122
95.0%   KLD:   0.301900
90.0%   KLD:   0.212305
Median  KLD:   0.064028
10.0%   KLD:   0.002192
 5.0%   KLD:   0.000413
 1.0%   KLD:   0.000044
 0.1%   KLD:   0.000005
Minimum KLD:  -0.000005

====== Token probability statistics ======
Mean    Δp: -0.922 ± 0.026 %
Maximum Δp: 85.078%
99.9%   Δp: 39.104%
99.0%   Δp: 19.226%
95.0%   Δp:  8.644%
90.0%   Δp:  4.690%
75.0%   Δp:  0.630%
Median  Δp: -0.023%
25.0%   Δp: -1.998%
10.0%   Δp: -7.712%
 5.0%   Δp: -12.642%
 1.0%   Δp: -26.372%
 0.1%   Δp: -52.557%
Minimum Δp: -97.685%
RMS Δp    :  7.380 ± 0.055 %
Same top p: 84.975 ± 0.125 %
Same sampled p: 41.072 ± 0.117 %

------------------------------
# llama-perplexity: version: 0.4.7-dev (build 11840, commit a740376d8-dirty) | built with GNU 15.3.0 for Linux x86_64
# model: /home/crusaderky/.cache/huggingface/hub/models--Abiray--MiniCPM5-2B-heretic-abliterated-GGUF/snapshots/c153cc60bed0471d7d26feb02f999a887851a81b/MiniCPM5-2B-heretic-abliterated-Q4_K_M.gguf size=1561320352 mtime=2026-09-15T07:13:03+00:00 sha256/1048576B=b89fbc4f165c548a5ff8add090027133974656c16fc071096e6636fddb9e7638
llama-perplexity --kl-divergence-base /tmp/logits.dat --ctx-size 32768 -f sample-data/wiki.test.head-2.4k.raw -fa on --hf-repo Abiray/MiniCPM5-2B-heretic-abliterated-GGUF:Q4_K_M --cache-type-k q5_0 --cache-type-v q5_0 --kl-divergence
0.01.484.403 I cmn          init: llama threadpool init, n_threads = 16
0.01.533.882 I 
0.01.533.949 I system_info: n_threads = 16 (n_threads_batch = 16) / 32 | CUDA : ARCHS = 750,800,860,890,900,1000,1030,1200,1210 | USE_GRAPHS = 1 | FA_ALL_QUANTS = 1 | CPU : SSE3 = 1 | SSSE3 = 1 | AVX = 1 | AVX2 = 1 | F16C = 1 | FMA = 1 | BMI2 = 1 | LLAMAFILE = 1 | OPENMP = 1 | REPACK = 1 | 
0.01.823.443 I kl_divergence: computing over 5 chunks, n_ctx=32768, batch_size=2048, n_seq=1
0.10.079.734 I kl_divergence: 8.26 seconds per pass - ETA 0.68 minutes

chunk             PPL               ln(PPL(Q)/PPL(base))          KL Divergence              Δp RMS            Same top p        Same sampled p
   1      13.5982 ±    0.3035       0.06239 ±    0.00407       0.09306 ±    0.00093     7.012 ±  0.105 %    85.015 ±  0.279 %    39.422 ±  0.258 %
   2      12.7552 ±    0.2034       0.06484 ±    0.00292       0.09760 ±    0.00075     7.335 ±  0.083 %    85.079 ±  0.197 %    41.215 ±  0.187 %
   3      13.9215 ±    0.1828       0.06852 ±    0.00242       0.10139 ±    0.00064     7.405 ±  0.068 %    84.419 ±  0.164 %    39.608 ±  0.150 %
   4      13.4481 ±    0.1531       0.06685 ±    0.00213       0.10313 ±    0.00061     7.547 ±  0.061 %    84.514 ±  0.141 %    40.386 ±  0.131 %
   5      12.8001 ±    0.1291       0.06699 ±    0.00188       0.10253 ±    0.00055     7.556 ±  0.055 %    84.781 ±  0.126 %    40.962 ±  0.117 %

====== Perplexity statistics ======
Mean PPL(Q)                   :  12.800085 ±   0.129137
Mean PPL(base)                :  11.970705 ±   0.119397
Cor(ln(PPL(Q)), ln(PPL(base))):  98.25%
Mean ln(PPL(Q)/PPL(base))     :   0.066989 ±   0.001883
Mean PPL(Q)/PPL(base)         :   1.069284 ±   0.002013
Mean PPL(Q)-PPL(base)         :   0.829380 ±   0.025217

====== KL divergence statistics ======
Mean    KLD:   0.102526 ±   0.000548
Maximum KLD:   8.989933
99.9%   KLD:   1.610606
99.0%   KLD:   0.647121
95.0%   KLD:   0.317559
90.0%   KLD:   0.222991
Median  KLD:   0.066802
10.0%   KLD:   0.002274
 5.0%   KLD:   0.000438
 1.0%   KLD:   0.000046
 0.1%   KLD:   0.000005
Minimum KLD:  -0.000015

====== Token probability statistics ======
Mean    Δp: -0.990 ± 0.026 %
Maximum Δp: 82.664%
99.9%   Δp: 39.223%
99.0%   Δp: 19.805%
95.0%   Δp:  8.735%
90.0%   Δp:  4.725%
75.0%   Δp:  0.611%
Median  Δp: -0.029%
25.0%   Δp: -2.109%
10.0%   Δp: -7.994%
 5.0%   Δp: -13.056%
 1.0%   Δp: -27.369%
 0.1%   Δp: -53.815%
Minimum Δp: -98.071%
RMS Δp    :  7.556 ± 0.055 %
Same top p: 84.781 ± 0.126 %
Same sampled p: 40.962 ± 0.117 %

------------------------------
# llama-perplexity: version: 0.4.7-dev (build 11840, commit a740376d8-dirty) | built with GNU 15.3.0 for Linux x86_64
# model: /home/crusaderky/.cache/huggingface/hub/models--Abiray--MiniCPM5-2B-heretic-abliterated-GGUF/snapshots/c153cc60bed0471d7d26feb02f999a887851a81b/MiniCPM5-2B-heretic-abliterated-Q4_K_M.gguf size=1561320352 mtime=2026-09-15T07:13:03+00:00 sha256/1048576B=b89fbc4f165c548a5ff8add090027133974656c16fc071096e6636fddb9e7638
llama-perplexity --kl-divergence-base /tmp/logits.dat --ctx-size 32768 -f sample-data/wiki.test.head-2.4k.raw -fa on --hf-repo Abiray/MiniCPM5-2B-heretic-abliterated-GGUF:Q4_K_M --cache-type-k q5_0 --cache-type-v q5_0 --kv-tail-tokens 128 --kl-divergence
0.01.988.149 I cmn          init: llama threadpool init, n_threads = 16
0.02.044.030 I 
0.02.044.102 I system_info: n_threads = 16 (n_threads_batch = 16) / 32 | CUDA : ARCHS = 750,800,860,890,900,1000,1030,1200,1210 | USE_GRAPHS = 1 | FA_ALL_QUANTS = 1 | CPU : SSE3 = 1 | SSSE3 = 1 | AVX = 1 | AVX2 = 1 | F16C = 1 | FMA = 1 | BMI2 = 1 | LLAMAFILE = 1 | OPENMP = 1 | REPACK = 1 | 
0.02.348.732 I kl_divergence: computing over 5 chunks, n_ctx=32768, batch_size=2048, n_seq=1
0.11.304.895 I kl_divergence: 8.96 seconds per pass - ETA 0.73 minutes

chunk             PPL               ln(PPL(Q)/PPL(base))          KL Divergence              Δp RMS            Same top p        Same sampled p
   1      13.5515 ±    0.3023       0.05896 ±    0.00393       0.08813 ±    0.00087     6.788 ±  0.100 %    85.082 ±  0.278 %    39.529 ±  0.258 %
   2      12.7129 ±    0.2026       0.06152 ±    0.00284       0.09221 ±    0.00070     7.127 ±  0.080 %    85.210 ±  0.196 %    41.307 ±  0.187 %
   3      13.8600 ±    0.1820       0.06410 ±    0.00234       0.09546 ±    0.00059     7.182 ±  0.066 %    84.718 ±  0.162 %    39.724 ±  0.150 %
   4      13.4038 ±    0.1526       0.06355 ±    0.00206       0.09725 ±    0.00058     7.318 ±  0.059 %    84.812 ±  0.140 %    40.510 ±  0.131 %
   5      12.7556 ±    0.1287       0.06351 ±    0.00182       0.09670 ±    0.00051     7.318 ±  0.053 %    85.081 ±  0.124 %    41.089 ±  0.117 %

====== Perplexity statistics ======
Mean PPL(Q)                   :  12.755586 ±   0.128696
Mean PPL(base)                :  11.970705 ±   0.119397
Cor(ln(PPL(Q)), ln(PPL(base))):  98.35%
Mean ln(PPL(Q)/PPL(base))     :   0.063507 ±   0.001825
Mean PPL(Q)/PPL(base)         :   1.065567 ±   0.001944
Mean PPL(Q)-PPL(base)         :   0.784881 ±   0.024347

====== KL divergence statistics ======
Mean    KLD:   0.096701 ±   0.000512
Maximum KLD:  10.803834
99.9%   KLD:   1.450333
99.0%   KLD:   0.616027
95.0%   KLD:   0.296887
90.0%   KLD:   0.211029
Median  KLD:   0.063418
10.0%   KLD:   0.002158
 5.0%   KLD:   0.000416
 1.0%   KLD:   0.000044
 0.1%   KLD:   0.000005
Minimum KLD:  -0.000005

====== Token probability statistics ======
Mean    Δp: -0.907 ± 0.025 %
Maximum Δp: 78.979%
99.9%   Δp: 38.392%
99.0%   Δp: 19.023%
95.0%   Δp:  8.615%
90.0%   Δp:  4.662%
75.0%   Δp:  0.630%
Median  Δp: -0.023%
25.0%   Δp: -1.980%
10.0%   Δp: -7.671%
 5.0%   Δp: -12.525%
 1.0%   Δp: -26.043%
 0.1%   Δp: -52.326%
Minimum Δp: -96.623%
RMS Δp    :  7.318 ± 0.053 %
Same top p: 85.081 ± 0.124 %
Same sampled p: 41.089 ± 0.117 %

------------------------------
# llama-perplexity: version: 0.4.7-dev (build 11840, commit a740376d8-dirty) | built with GNU 15.3.0 for Linux x86_64
# model: /home/crusaderky/.cache/huggingface/hub/models--Abiray--MiniCPM5-2B-heretic-abliterated-GGUF/snapshots/c153cc60bed0471d7d26feb02f999a887851a81b/MiniCPM5-2B-heretic-abliterated-Q4_K_M.gguf size=1561320352 mtime=2026-09-15T07:13:03+00:00 sha256/1048576B=b89fbc4f165c548a5ff8add090027133974656c16fc071096e6636fddb9e7638
llama-perplexity --kl-divergence-base /tmp/logits.dat --ctx-size 32768 -f sample-data/wiki.test.head-2.4k.raw -fa on --hf-repo Abiray/MiniCPM5-2B-heretic-abliterated-GGUF:Q4_K_M --cache-type-k q5_0 --cache-type-v q4_1 --kl-divergence
0.01.435.245 I cmn          init: llama threadpool init, n_threads = 16
0.01.486.228 I 
0.01.486.298 I system_info: n_threads = 16 (n_threads_batch = 16) / 32 | CUDA : ARCHS = 750,800,860,890,900,1000,1030,1200,1210 | USE_GRAPHS = 1 | FA_ALL_QUANTS = 1 | CPU : SSE3 = 1 | SSSE3 = 1 | AVX = 1 | AVX2 = 1 | F16C = 1 | FMA = 1 | BMI2 = 1 | LLAMAFILE = 1 | OPENMP = 1 | REPACK = 1 | 
0.01.788.822 I kl_divergence: computing over 5 chunks, n_ctx=32768, batch_size=2048, n_seq=1
0.09.906.118 I kl_divergence: 8.12 seconds per pass - ETA 0.67 minutes

chunk             PPL               ln(PPL(Q)/PPL(base))          KL Divergence              Δp RMS            Same top p        Same sampled p
   1      13.6576 ±    0.3053       0.06675 ±    0.00414       0.09653 ±    0.00097     7.127 ±  0.110 %    84.551 ±  0.282 %    39.398 ±  0.258 %
   2      12.7914 ±    0.2041       0.06767 ±    0.00296       0.10012 ±    0.00075     7.436 ±  0.084 %    84.823 ±  0.198 %    41.161 ±  0.187 %
   3      13.9585 ±    0.1834       0.07118 ±    0.00244       0.10397 ±    0.00063     7.505 ±  0.069 %    84.144 ±  0.165 %    39.573 ±  0.150 %
   4      13.4938 ±    0.1538       0.07024 ±    0.00215       0.10581 ±    0.00060     7.649 ±  0.061 %    84.244 ±  0.142 %    40.364 ±  0.131 %
   5      12.8368 ±    0.1297       0.06985 ±    0.00191       0.10523 ±    0.00056     7.665 ±  0.055 %    84.468 ±  0.127 %    40.945 ±  0.117 %

====== Perplexity statistics ======
Mean PPL(Q)                   :  12.836766 ±   0.129665
Mean PPL(base)                :  11.970705 ±   0.119397
Cor(ln(PPL(Q)), ln(PPL(base))):  98.19%
Mean ln(PPL(Q)/PPL(base))     :   0.069851 ±   0.001915
Mean PPL(Q)/PPL(base)         :   1.072348 ±   0.002053
Mean PPL(Q)-PPL(base)         :   0.866060 ±   0.025812

====== KL divergence statistics ======
Mean    KLD:   0.105232 ±   0.000562
Maximum KLD:  10.196697
99.9%   KLD:   1.596466
99.0%   KLD:   0.667837
95.0%   KLD:   0.326676
90.0%   KLD:   0.229299
Median  KLD:   0.068696
10.0%   KLD:   0.002367
 5.0%   KLD:   0.000447
 1.0%   KLD:   0.000047
 0.1%   KLD:   0.000006
Minimum KLD:  -0.000012

====== Token probability statistics ======
Mean    Δp: -1.014 ± 0.027 %
Maximum Δp: 78.945%
99.9%   Δp: 39.762%
99.0%   Δp: 19.562%
95.0%   Δp:  8.827%
90.0%   Δp:  4.814%
75.0%   Δp:  0.628%
Median  Δp: -0.027%
25.0%   Δp: -2.125%
10.0%   Δp: -8.136%
 5.0%   Δp: -13.295%
 1.0%   Δp: -27.580%
 0.1%   Δp: -56.624%
Minimum Δp: -97.407%
RMS Δp    :  7.665 ± 0.055 %
Same top p: 84.468 ± 0.127 %
Same sampled p: 40.945 ± 0.117 %

------------------------------
# llama-perplexity: version: 0.4.7-dev (build 11840, commit a740376d8-dirty) | built with GNU 15.3.0 for Linux x86_64
# model: /home/crusaderky/.cache/huggingface/hub/models--Abiray--MiniCPM5-2B-heretic-abliterated-GGUF/snapshots/c153cc60bed0471d7d26feb02f999a887851a81b/MiniCPM5-2B-heretic-abliterated-Q4_K_M.gguf size=1561320352 mtime=2026-09-15T07:13:03+00:00 sha256/1048576B=b89fbc4f165c548a5ff8add090027133974656c16fc071096e6636fddb9e7638
llama-perplexity --kl-divergence-base /tmp/logits.dat --ctx-size 32768 -f sample-data/wiki.test.head-2.4k.raw -fa on --hf-repo Abiray/MiniCPM5-2B-heretic-abliterated-GGUF:Q4_K_M --cache-type-k q5_0 --cache-type-v q4_0 --kl-divergence
0.01.475.089 I cmn          init: llama threadpool init, n_threads = 16
0.01.527.471 I 
0.01.527.545 I system_info: n_threads = 16 (n_threads_batch = 16) / 32 | CUDA : ARCHS = 750,800,860,890,900,1000,1030,1200,1210 | USE_GRAPHS = 1 | FA_ALL_QUANTS = 1 | CPU : SSE3 = 1 | SSSE3 = 1 | AVX = 1 | AVX2 = 1 | F16C = 1 | FMA = 1 | BMI2 = 1 | LLAMAFILE = 1 | OPENMP = 1 | REPACK = 1 | 
0.01.835.584 I kl_divergence: computing over 5 chunks, n_ctx=32768, batch_size=2048, n_seq=1
0.10.095.313 I kl_divergence: 8.26 seconds per pass - ETA 0.68 minutes

chunk             PPL               ln(PPL(Q)/PPL(base))          KL Divergence              Δp RMS            Same top p        Same sampled p
   1      13.6707 ±    0.3052       0.06771 ±    0.00414       0.09721 ±    0.00099     7.188 ±  0.112 %    84.887 ±  0.280 %    39.339 ±  0.258 %
   2      12.8047 ±    0.2043       0.06872 ±    0.00298       0.10097 ±    0.00076     7.471 ±  0.083 %    85.036 ±  0.197 %    41.131 ±  0.187 %
   3      13.9698 ±    0.1836       0.07199 ±    0.00247       0.10485 ±    0.00065     7.543 ±  0.069 %    84.431 ±  0.164 %    39.547 ±  0.150 %
   4      13.5188 ±    0.1541       0.07209 ±    0.00218       0.10704 ±    0.00063     7.716 ±  0.063 %    84.453 ±  0.142 %    40.321 ±  0.131 %
   5      12.8587 ±    0.1299       0.07156 ±    0.00193       0.10641 ±    0.00057     7.721 ±  0.056 %    84.652 ±  0.126 %    40.897 ±  0.117 %

====== Perplexity statistics ======
Mean PPL(Q)                   :  12.858679 ±   0.129905
Mean PPL(base)                :  11.970705 ±   0.119397
Cor(ln(PPL(Q)), ln(PPL(base))):  98.16%
Mean ln(PPL(Q)/PPL(base))     :   0.071557 ±   0.001932
Mean PPL(Q)/PPL(base)         :   1.074179 ±   0.002076
Mean PPL(Q)-PPL(base)         :   0.887973 ±   0.026129

====== KL divergence statistics ======
Mean    KLD:   0.106408 ±   0.000567
Maximum KLD:  11.019650
99.9%   KLD:   1.711458
99.0%   KLD:   0.682634
95.0%   KLD:   0.329333
90.0%   KLD:   0.231575
Median  KLD:   0.069393
10.0%   KLD:   0.002434
 5.0%   KLD:   0.000447
 1.0%   KLD:   0.000048
 0.1%   KLD:   0.000006
Minimum KLD:  -0.000002

====== Token probability statistics ======
Mean    Δp: -1.048 ± 0.027 %
Maximum Δp: 78.999%
99.9%   Δp: 39.828%
99.0%   Δp: 19.421%
95.0%   Δp:  8.851%
90.0%   Δp:  4.808%
75.0%   Δp:  0.608%
Median  Δp: -0.030%
25.0%   Δp: -2.157%
10.0%   Δp: -8.202%
 5.0%   Δp: -13.354%
 1.0%   Δp: -28.320%
 0.1%   Δp: -57.057%
Minimum Δp: -97.989%
RMS Δp    :  7.721 ± 0.056 %
Same top p: 84.652 ± 0.126 %
Same sampled p: 40.897 ± 0.117 %

------------------------------
# llama-perplexity: version: 0.4.7-dev (build 11840, commit a740376d8-dirty) | built with GNU 15.3.0 for Linux x86_64
# model: /home/crusaderky/.cache/huggingface/hub/models--Abiray--MiniCPM5-2B-heretic-abliterated-GGUF/snapshots/c153cc60bed0471d7d26feb02f999a887851a81b/MiniCPM5-2B-heretic-abliterated-Q4_K_M.gguf size=1561320352 mtime=2026-09-15T07:13:03+00:00 sha256/1048576B=b89fbc4f165c548a5ff8add090027133974656c16fc071096e6636fddb9e7638
llama-perplexity --kl-divergence-base /tmp/logits.dat --ctx-size 32768 -f sample-data/wiki.test.head-2.4k.raw -fa on --hf-repo Abiray/MiniCPM5-2B-heretic-abliterated-GGUF:Q4_K_M --cache-type-k q5_0 --cache-type-v q3_0 --kl-divergence
0.01.468.146 I cmn          init: llama threadpool init, n_threads = 16
0.01.518.984 I 
0.01.519.056 I system_info: n_threads = 16 (n_threads_batch = 16) / 32 | CUDA : ARCHS = 750,800,860,890,900,1000,1030,1200,1210 | USE_GRAPHS = 1 | FA_ALL_QUANTS = 1 | CPU : SSE3 = 1 | SSSE3 = 1 | AVX = 1 | AVX2 = 1 | F16C = 1 | FMA = 1 | BMI2 = 1 | LLAMAFILE = 1 | OPENMP = 1 | REPACK = 1 | 
0.01.809.586 I kl_divergence: computing over 5 chunks, n_ctx=32768, batch_size=2048, n_seq=1
0.10.210.642 I kl_divergence: 8.40 seconds per pass - ETA 0.70 minutes

chunk             PPL               ln(PPL(Q)/PPL(base))          KL Divergence              Δp RMS            Same top p        Same sampled p
   1      13.6812 ±    0.3043       0.06848 ±    0.00436       0.10795 ±    0.00110     7.719 ±  0.125 %    83.843 ±  0.288 %    39.035 ±  0.258 %
   2      12.8437 ±    0.2040       0.07175 ±    0.00313       0.11260 ±    0.00085     8.009 ±  0.088 %    83.928 ±  0.203 %    40.777 ±  0.186 %
   3      14.0229 ±    0.1834       0.07578 ±    0.00260       0.11673 ±    0.00073     8.052 ±  0.073 %    83.275 ±  0.168 %    39.197 ±  0.150 %
   4      13.5563 ±    0.1537       0.07486 ±    0.00229       0.11905 ±    0.00070     8.201 ±  0.064 %    83.303 ±  0.146 %    39.978 ±  0.131 %
   5      12.8957 ±    0.1296       0.07443 ±    0.00203       0.11798 ±    0.00063     8.184 ±  0.057 %    83.603 ±  0.129 %    40.563 ±  0.117 %

====== Perplexity statistics ======
Mean PPL(Q)                   :  12.895681 ±   0.129619
Mean PPL(base)                :  11.970705 ±   0.119397
Cor(ln(PPL(Q)), ln(PPL(base))):  97.95%
Mean ln(PPL(Q)/PPL(base))     :   0.074430 ±   0.002028
Mean PPL(Q)/PPL(base)         :   1.077270 ±   0.002185
Mean PPL(Q)-PPL(base)         :   0.924976 ±   0.027176

====== KL divergence statistics ======
Mean    KLD:   0.117984 ±   0.000630
Maximum KLD:   9.607069
99.9%   KLD:   1.832395
99.0%   KLD:   0.750877
95.0%   KLD:   0.368027
90.0%   KLD:   0.256193
Median  KLD:   0.076319
10.0%   KLD:   0.002798
 5.0%   KLD:   0.000536
 1.0%   KLD:   0.000058
 0.1%   KLD:   0.000008
Minimum KLD:  -0.000001

====== Token probability statistics ======
Mean    Δp: -1.327 ± 0.028 %
Maximum Δp: 81.868%
99.9%   Δp: 42.098%
99.0%   Δp: 20.233%
95.0%   Δp:  8.862%
90.0%   Δp:  4.663%
75.0%   Δp:  0.525%
Median  Δp: -0.048%
25.0%   Δp: -2.501%
10.0%   Δp: -9.089%
 5.0%   Δp: -14.607%
 1.0%   Δp: -30.351%
 0.1%   Δp: -58.690%
Minimum Δp: -98.285%
RMS Δp    :  8.184 ± 0.057 %
Same top p: 83.603 ± 0.129 %
Same sampled p: 40.563 ± 0.117 %

------------------------------
# llama-perplexity: version: 0.4.7-dev (build 11840, commit a740376d8-dirty) | built with GNU 15.3.0 for Linux x86_64
# model: /home/crusaderky/.cache/huggingface/hub/models--Abiray--MiniCPM5-2B-heretic-abliterated-GGUF/snapshots/c153cc60bed0471d7d26feb02f999a887851a81b/MiniCPM5-2B-heretic-abliterated-Q4_K_M.gguf size=1561320352 mtime=2026-09-15T07:13:03+00:00 sha256/1048576B=b89fbc4f165c548a5ff8add090027133974656c16fc071096e6636fddb9e7638
llama-perplexity --kl-divergence-base /tmp/logits.dat --ctx-size 32768 -f sample-data/wiki.test.head-2.4k.raw -fa on --hf-repo Abiray/MiniCPM5-2B-heretic-abliterated-GGUF:Q4_K_M --cache-type-k q4_0 --cache-type-v q4_0 --kl-divergence
0.01.474.260 I cmn          init: llama threadpool init, n_threads = 16
0.01.525.407 I 
0.01.525.473 I system_info: n_threads = 16 (n_threads_batch = 16) / 32 | CUDA : ARCHS = 750,800,860,890,900,1000,1030,1200,1210 | USE_GRAPHS = 1 | FA_ALL_QUANTS = 1 | CPU : SSE3 = 1 | SSSE3 = 1 | AVX = 1 | AVX2 = 1 | F16C = 1 | FMA = 1 | BMI2 = 1 | LLAMAFILE = 1 | OPENMP = 1 | REPACK = 1 | 
0.01.823.531 I kl_divergence: computing over 5 chunks, n_ctx=32768, batch_size=2048, n_seq=1
0.09.943.819 I kl_divergence: 8.12 seconds per pass - ETA 0.67 minutes

chunk             PPL               ln(PPL(Q)/PPL(base))          KL Divergence              Δp RMS            Same top p        Same sampled p
   1      13.8146 ±    0.3089       0.07818 ±    0.00453       0.11259 ±    0.00113     7.825 ±  0.115 %    83.104 ±  0.293 %    39.057 ±  0.258 %
   2      12.9556 ±    0.2068       0.08043 ±    0.00326       0.11873 ±    0.00095     8.227 ±  0.092 %    83.477 ±  0.205 %    40.796 ±  0.186 %
   3      14.1275 ±    0.1856       0.08321 ±    0.00269       0.12289 ±    0.00079     8.269 ±  0.076 %    82.844 ±  0.170 %    39.186 ±  0.150 %
   4      13.6604 ±    0.1556       0.08251 ±    0.00236       0.12477 ±    0.00074     8.391 ±  0.066 %    82.946 ±  0.147 %    39.967 ±  0.131 %
   5      13.0003 ±    0.1312       0.08251 ±    0.00208       0.12392 ±    0.00067     8.402 ±  0.059 %    83.284 ±  0.130 %    40.543 ±  0.117 %

====== Perplexity statistics ======
Mean PPL(Q)                   :  13.000321 ±   0.131227
Mean PPL(base)                :  11.970705 ±   0.119397
Cor(ln(PPL(Q)), ln(PPL(base))):  97.85%
Mean ln(PPL(Q)/PPL(base))     :   0.082512 ±   0.002084
Mean PPL(Q)/PPL(base)         :   1.086011 ±   0.002264
Mean PPL(Q)-PPL(base)         :   1.029616 ±   0.028528

====== KL divergence statistics ======
Mean    KLD:   0.123915 ±   0.000671
Maximum KLD:  11.944536
99.9%   KLD:   2.024126
99.0%   KLD:   0.809164
95.0%   KLD:   0.382009
90.0%   KLD:   0.268475
Median  KLD:   0.079991
10.0%   KLD:   0.002867
 5.0%   KLD:   0.000550
 1.0%   KLD:   0.000059
 0.1%   KLD:   0.000007
Minimum KLD:  -0.000011

====== Token probability statistics ======
Mean    Δp: -1.326 ± 0.029 %
Maximum Δp: 79.535%
99.9%   Δp: 41.858%
99.0%   Δp: 20.632%
95.0%   Δp:  9.238%
90.0%   Δp:  4.851%
75.0%   Δp:  0.553%
Median  Δp: -0.049%
25.0%   Δp: -2.527%
10.0%   Δp: -9.265%
 5.0%   Δp: -15.030%
 1.0%   Δp: -31.108%
 0.1%   Δp: -61.958%
Minimum Δp: -97.684%
RMS Δp    :  8.402 ± 0.059 %
Same top p: 83.284 ± 0.130 %
Same sampled p: 40.543 ± 0.117 %

------------------------------
# llama-perplexity: version: 0.4.7-dev (build 11840, commit a740376d8-dirty) | built with GNU 15.3.0 for Linux x86_64
# model: /home/crusaderky/.cache/huggingface/hub/models--Abiray--MiniCPM5-2B-heretic-abliterated-GGUF/snapshots/c153cc60bed0471d7d26feb02f999a887851a81b/MiniCPM5-2B-heretic-abliterated-Q4_K_M.gguf size=1561320352 mtime=2026-09-15T07:13:03+00:00 sha256/1048576B=b89fbc4f165c548a5ff8add090027133974656c16fc071096e6636fddb9e7638
llama-perplexity --kl-divergence-base /tmp/logits.dat --ctx-size 32768 -f sample-data/wiki.test.head-2.4k.raw -fa on --hf-repo Abiray/MiniCPM5-2B-heretic-abliterated-GGUF:Q4_K_M --cache-type-k q4_0 --cache-type-v q4_0 --kv-tail-tokens 128 --kl-divergence
0.01.819.166 I cmn          init: llama threadpool init, n_threads = 16
0.01.873.989 I 
0.01.874.062 I system_info: n_threads = 16 (n_threads_batch = 16) / 32 | CUDA : ARCHS = 750,800,860,890,900,1000,1030,1200,1210 | USE_GRAPHS = 1 | FA_ALL_QUANTS = 1 | CPU : SSE3 = 1 | SSSE3 = 1 | AVX = 1 | AVX2 = 1 | F16C = 1 | FMA = 1 | BMI2 = 1 | LLAMAFILE = 1 | OPENMP = 1 | REPACK = 1 | 
0.02.172.227 I kl_divergence: computing over 5 chunks, n_ctx=32768, batch_size=2048, n_seq=1
0.10.810.256 I kl_divergence: 8.64 seconds per pass - ETA 0.72 minutes

chunk             PPL               ln(PPL(Q)/PPL(base))          KL Divergence              Δp RMS            Same top p        Same sampled p
   1      13.6226 ±    0.3046       0.06418 ±    0.00408       0.09235 ±    0.00096     7.042 ±  0.110 %    84.582 ±  0.282 %    39.483 ±  0.258 %
   2      12.7840 ±    0.2042       0.06709 ±    0.00296       0.09672 ±    0.00082     7.363 ±  0.085 %    84.862 ±  0.198 %    41.254 ±  0.187 %
   3      13.9364 ±    0.1833       0.06959 ±    0.00242       0.10003 ±    0.00067     7.411 ±  0.070 %    84.370 ±  0.164 %    39.668 ±  0.150 %
   4      13.4677 ±    0.1536       0.06830 ±    0.00213       0.10183 ±    0.00064     7.551 ±  0.062 %    84.510 ±  0.141 %    40.457 ±  0.131 %
   5      12.8183 ±    0.1295       0.06841 ±    0.00189       0.10127 ±    0.00057     7.550 ±  0.055 %    84.787 ±  0.125 %    41.032 ±  0.117 %

====== Perplexity statistics ======
Mean PPL(Q)                   :  12.818318 ±   0.129530
Mean PPL(base)                :  11.970705 ±   0.119397
Cor(ln(PPL(Q)), ln(PPL(base))):  98.24%
Mean ln(PPL(Q)/PPL(base))     :   0.068413 ±   0.001889
Mean PPL(Q)/PPL(base)         :   1.070807 ±   0.002023
Mean PPL(Q)-PPL(base)         :   0.847613 ±   0.025446

====== KL divergence statistics ======
Mean    KLD:   0.101270 ±   0.000573
Maximum KLD:  10.722429
99.9%   KLD:   1.604880
99.0%   KLD:   0.635529
95.0%   KLD:   0.311408
90.0%   KLD:   0.219717
Median  KLD:   0.065627
10.0%   KLD:   0.002255
 5.0%   KLD:   0.000434
 1.0%   KLD:   0.000044
 0.1%   KLD:   0.000005
Minimum KLD:  -0.000006

====== Token probability statistics ======
Mean    Δp: -0.941 ± 0.026 %
Maximum Δp: 78.954%
99.9%   Δp: 39.279%
99.0%   Δp: 19.662%
95.0%   Δp:  8.891%
90.0%   Δp:  4.733%
75.0%   Δp:  0.645%
Median  Δp: -0.024%
25.0%   Δp: -2.020%
10.0%   Δp: -7.864%
 5.0%   Δp: -12.944%
 1.0%   Δp: -27.335%
 0.1%   Δp: -54.651%
Minimum Δp: -97.966%
RMS Δp    :  7.550 ± 0.055 %
Same top p: 84.787 ± 0.125 %
Same sampled p: 41.032 ± 0.117 %

------------------------------
# llama-perplexity: version: 0.4.7-dev (build 11840, commit a740376d8-dirty) | built with GNU 15.3.0 for Linux x86_64
# model: /home/crusaderky/.cache/huggingface/hub/models--Abiray--MiniCPM5-2B-heretic-abliterated-GGUF/snapshots/c153cc60bed0471d7d26feb02f999a887851a81b/MiniCPM5-2B-heretic-abliterated-Q4_K_M.gguf size=1561320352 mtime=2026-09-15T07:13:03+00:00 sha256/1048576B=b89fbc4f165c548a5ff8add090027133974656c16fc071096e6636fddb9e7638
llama-perplexity --kl-divergence-base /tmp/logits.dat --ctx-size 32768 -f sample-data/wiki.test.head-2.4k.raw -fa on --hf-repo Abiray/MiniCPM5-2B-heretic-abliterated-GGUF:Q4_K_M --cache-type-k q4_0 --cache-type-v q3_0 --kl-divergence
0.01.449.695 I cmn          init: llama threadpool init, n_threads = 16
0.01.502.429 I 
0.01.502.498 I system_info: n_threads = 16 (n_threads_batch = 16) / 32 | CUDA : ARCHS = 750,800,860,890,900,1000,1030,1200,1210 | USE_GRAPHS = 1 | FA_ALL_QUANTS = 1 | CPU : SSE3 = 1 | SSSE3 = 1 | AVX = 1 | AVX2 = 1 | F16C = 1 | FMA = 1 | BMI2 = 1 | LLAMAFILE = 1 | OPENMP = 1 | REPACK = 1 | 
0.01.805.310 I kl_divergence: computing over 5 chunks, n_ctx=32768, batch_size=2048, n_seq=1
0.09.916.209 I kl_divergence: 8.11 seconds per pass - ETA 0.67 minutes

chunk             PPL               ln(PPL(Q)/PPL(base))          KL Divergence              Δp RMS            Same top p        Same sampled p
   1      13.9166 ±    0.3102       0.08554 ±    0.00478       0.12461 ±    0.00127     8.355 ±  0.127 %    82.567 ±  0.296 %    38.708 ±  0.258 %
   2      13.0589 ±    0.2080       0.08838 ±    0.00341       0.13080 ±    0.00102     8.689 ±  0.095 %    82.778 ±  0.209 %    40.482 ±  0.186 %
   3      14.2481 ±    0.1869       0.09171 ±    0.00282       0.13607 ±    0.00087     8.766 ±  0.078 %    82.042 ±  0.173 %    38.889 ±  0.150 %
   4      13.7768 ±    0.1567       0.09099 ±    0.00248       0.13726 ±    0.00077     8.850 ±  0.068 %    82.148 ±  0.150 %    39.675 ±  0.131 %
   5      13.0990 ±    0.1321       0.09007 ±    0.00220       0.13635 ±    0.00070     8.827 ±  0.060 %    82.424 ±  0.133 %    40.259 ±  0.117 %

====== Perplexity statistics ======
Mean PPL(Q)                   :  13.098987 ±   0.132075
Mean PPL(base)                :  11.970705 ±   0.119397
Cor(ln(PPL(Q)), ln(PPL(base))):  97.60%
Mean ln(PPL(Q)/PPL(base))     :   0.090072 ±   0.002198
Mean PPL(Q)/PPL(base)         :   1.094254 ±   0.002405
Mean PPL(Q)-PPL(base)         :   1.128281 ±   0.030275

====== KL divergence statistics ======
Mean    KLD:   0.136348 ±   0.000702
Maximum KLD:  10.430475
99.9%   KLD:   2.030975
99.0%   KLD:   0.897960
95.0%   KLD:   0.427638
90.0%   KLD:   0.298788
Median  KLD:   0.087646
10.0%   KLD:   0.003352
 5.0%   KLD:   0.000649
 1.0%   KLD:   0.000072
 0.1%   KLD:   0.000009
Minimum KLD:  -0.000003

====== Token probability statistics ======
Mean    Δp: -1.556 ± 0.030 %
Maximum Δp: 92.396%
99.9%   Δp: 43.515%
99.0%   Δp: 21.293%
95.0%   Δp:  9.335%
90.0%   Δp:  4.811%
75.0%   Δp:  0.525%
Median  Δp: -0.069%
25.0%   Δp: -2.885%
10.0%   Δp: -10.071%
 5.0%   Δp: -16.102%
 1.0%   Δp: -32.721%
 0.1%   Δp: -62.702%
Minimum Δp: -96.807%
RMS Δp    :  8.827 ± 0.060 %
Same top p: 82.424 ± 0.133 %
Same sampled p: 40.259 ± 0.117 %

------------------------------
# llama-perplexity: version: 0.4.7-dev (build 11840, commit a740376d8-dirty) | built with GNU 15.3.0 for Linux x86_64
# model: /home/crusaderky/.cache/huggingface/hub/models--Abiray--MiniCPM5-2B-heretic-abliterated-GGUF/snapshots/c153cc60bed0471d7d26feb02f999a887851a81b/MiniCPM5-2B-heretic-abliterated-Q4_K_M.gguf size=1561320352 mtime=2026-09-15T07:13:03+00:00 sha256/1048576B=b89fbc4f165c548a5ff8add090027133974656c16fc071096e6636fddb9e7638
llama-perplexity --kl-divergence-base /tmp/logits.dat --ctx-size 32768 -f sample-data/wiki.test.head-2.4k.raw -fa on --hf-repo Abiray/MiniCPM5-2B-heretic-abliterated-GGUF:Q4_K_M --cache-type-k q4_0 --cache-type-v q3_0 --kv-tail-tokens 128 --kl-divergence
0.01.874.902 I cmn          init: llama threadpool init, n_threads = 16
0.01.931.062 I 
0.01.931.118 I system_info: n_threads = 16 (n_threads_batch = 16) / 32 | CUDA : ARCHS = 750,800,860,890,900,1000,1030,1200,1210 | USE_GRAPHS = 1 | FA_ALL_QUANTS = 1 | CPU : SSE3 = 1 | SSSE3 = 1 | AVX = 1 | AVX2 = 1 | F16C = 1 | FMA = 1 | BMI2 = 1 | LLAMAFILE = 1 | OPENMP = 1 | REPACK = 1 | 
0.02.229.234 I kl_divergence: computing over 5 chunks, n_ctx=32768, batch_size=2048, n_seq=1
0.11.148.998 I kl_divergence: 8.92 seconds per pass - ETA 0.73 minutes

chunk             PPL               ln(PPL(Q)/PPL(base))          KL Divergence              Δp RMS            Same top p        Same sampled p
   1      13.5794 ±    0.3028       0.06101 ±    0.00411       0.09413 ±    0.00095     7.089 ±  0.109 %    84.594 ±  0.282 %    39.415 ±  0.258 %
   2      12.7464 ±    0.2031       0.06415 ±    0.00294       0.09808 ±    0.00074     7.389 ±  0.082 %    84.728 ±  0.199 %    41.181 ±  0.187 %
   3      13.9176 ±    0.1828       0.06824 ±    0.00243       0.10160 ±    0.00063     7.443 ±  0.069 %    84.083 ±  0.165 %    39.612 ±  0.150 %
   4      13.4578 ±    0.1532       0.06757 ±    0.00214       0.10339 ±    0.00060     7.593 ±  0.061 %    84.199 ±  0.142 %    40.396 ±  0.131 %
   5      12.8066 ±    0.1292       0.06750 ±    0.00189       0.10270 ±    0.00053     7.598 ±  0.054 %    84.481 ±  0.127 %    40.966 ±  0.117 %

====== Perplexity statistics ======
Mean PPL(Q)                   :  12.806609 ±   0.129196
Mean PPL(base)                :  11.970705 ±   0.119397
Cor(ln(PPL(Q)), ln(PPL(base))):  98.24%
Mean ln(PPL(Q)/PPL(base))     :   0.067499 ±   0.001887
Mean PPL(Q)/PPL(base)         :   1.069829 ±   0.002019
Mean PPL(Q)-PPL(base)         :   0.835904 ±   0.025301

====== KL divergence statistics ======
Mean    KLD:   0.102699 ±   0.000533
Maximum KLD:  10.021307
99.9%   KLD:   1.515476
99.0%   KLD:   0.654204
95.0%   KLD:   0.319114
90.0%   KLD:   0.223732
Median  KLD:   0.067127
10.0%   KLD:   0.002304
 5.0%   KLD:   0.000448
 1.0%   KLD:   0.000047
 0.1%   KLD:   0.000005
Minimum KLD:  -0.000012

====== Token probability statistics ======
Mean    Δp: -0.995 ± 0.026 %
Maximum Δp: 80.299%
99.9%   Δp: 39.877%
99.0%   Δp: 19.482%
95.0%   Δp:  8.807%
90.0%   Δp:  4.786%
75.0%   Δp:  0.598%
Median  Δp: -0.028%
25.0%   Δp: -2.116%
10.0%   Δp: -8.029%
 5.0%   Δp: -13.121%
 1.0%   Δp: -27.369%
 0.1%   Δp: -53.691%
Minimum Δp: -98.130%
RMS Δp    :  7.598 ± 0.054 %
Same top p: 84.481 ± 0.127 %
Same sampled p: 40.966 ± 0.117 %

------------------------------
# llama-perplexity: version: 0.4.7-dev (build 11840, commit a740376d8-dirty) | built with GNU 15.3.0 for Linux x86_64
# model: /home/crusaderky/.cache/huggingface/hub/models--Abiray--MiniCPM5-2B-heretic-abliterated-GGUF/snapshots/c153cc60bed0471d7d26feb02f999a887851a81b/MiniCPM5-2B-heretic-abliterated-Q4_K_M.gguf size=1561320352 mtime=2026-09-15T07:13:03+00:00 sha256/1048576B=b89fbc4f165c548a5ff8add090027133974656c16fc071096e6636fddb9e7638
llama-perplexity --kl-divergence-base /tmp/logits.dat --ctx-size 32768 -f sample-data/wiki.test.head-2.4k.raw -fa on --hf-repo Abiray/MiniCPM5-2B-heretic-abliterated-GGUF:Q4_K_M --cache-type-k q3_0 --cache-type-v q3_0 --kl-divergence
0.01.464.080 I cmn          init: llama threadpool init, n_threads = 16
0.01.516.559 I 
0.01.516.631 I system_info: n_threads = 16 (n_threads_batch = 16) / 32 | CUDA : ARCHS = 750,800,860,890,900,1000,1030,1200,1210 | USE_GRAPHS = 1 | FA_ALL_QUANTS = 1 | CPU : SSE3 = 1 | SSSE3 = 1 | AVX = 1 | AVX2 = 1 | F16C = 1 | FMA = 1 | BMI2 = 1 | LLAMAFILE = 1 | OPENMP = 1 | REPACK = 1 | 
0.01.821.486 I kl_divergence: computing over 5 chunks, n_ctx=32768, batch_size=2048, n_seq=1
0.10.273.438 I kl_divergence: 8.45 seconds per pass - ETA 0.70 minutes

chunk             PPL               ln(PPL(Q)/PPL(base))          KL Divergence              Δp RMS            Same top p        Same sampled p
   1      14.8700 ±    0.3313       0.15180 ±    0.00633       0.21644 ±    0.00218    11.533 ±  0.156 %    77.471 ±  0.326 %    36.782 ±  0.255 %
   2      13.9562 ±    0.2224       0.15483 ±    0.00448       0.22200 ±    0.00165    11.843 ±  0.114 %    77.782 ±  0.230 %    38.582 ±  0.185 %
   3      15.2370 ±    0.1999       0.15881 ±    0.00369       0.22909 ±    0.00137    11.755 ±  0.092 %    77.161 ±  0.189 %    37.054 ±  0.148 %
   4      14.7129 ±    0.1672       0.15674 ±    0.00325       0.23222 ±    0.00125    11.864 ±  0.081 %    77.234 ±  0.164 %    37.805 ±  0.129 %
   5      14.0114 ±    0.1412       0.15741 ±    0.00287       0.22930 ±    0.00112    11.837 ±  0.073 %    77.600 ±  0.146 %    38.425 ±  0.116 %

====== Perplexity statistics ======
Mean PPL(Q)                   :  14.011361 ±   0.141237
Mean PPL(base)                :  11.970705 ±   0.119397
Cor(ln(PPL(Q)), ln(PPL(base))):  95.92%
Mean ln(PPL(Q)/PPL(base))     :   0.157406 ±   0.002866
Mean PPL(Q)/PPL(base)         :   1.170471 ±   0.003355
Mean PPL(Q)-PPL(base)         :   2.040656 ±   0.043044

====== KL divergence statistics ======
Mean    KLD:   0.229297 ±   0.001124
Maximum KLD:  10.058186
99.9%   KLD:   3.337220
99.0%   KLD:   1.487751
95.0%   KLD:   0.725171
90.0%   KLD:   0.503739
Median  KLD:   0.145565
10.0%   KLD:   0.007586
 5.0%   KLD:   0.001825
 1.0%   KLD:   0.000249
 0.1%   KLD:   0.000034
Minimum KLD:  -0.000010

====== Token probability statistics ======
Mean    Δp: -3.065 ± 0.040 %
Maximum Δp: 93.244%
99.9%   Δp: 49.631%
99.0%   Δp: 24.636%
95.0%   Δp: 10.179%
90.0%   Δp:  4.852%
75.0%   Δp:  0.283%
Median  Δp: -0.298%
25.0%   Δp: -4.932%
10.0%   Δp: -15.086%
 5.0%   Δp: -23.691%
 1.0%   Δp: -46.394%
 0.1%   Δp: -77.671%
Minimum Δp: -99.514%
RMS Δp    : 11.837 ± 0.073 %
Same top p: 77.600 ± 0.146 %
Same sampled p: 38.425 ± 0.116 %

------------------------------
# llama-perplexity: version: 0.4.7-dev (build 11840, commit a740376d8-dirty) | built with GNU 15.3.0 for Linux x86_64
# model: /home/crusaderky/.cache/huggingface/hub/models--Abiray--MiniCPM5-2B-heretic-abliterated-GGUF/snapshots/c153cc60bed0471d7d26feb02f999a887851a81b/MiniCPM5-2B-heretic-abliterated-Q4_K_M.gguf size=1561320352 mtime=2026-09-15T07:13:03+00:00 sha256/1048576B=b89fbc4f165c548a5ff8add090027133974656c16fc071096e6636fddb9e7638
llama-perplexity --kl-divergence-base /tmp/logits.dat --ctx-size 32768 -f sample-data/wiki.test.head-2.4k.raw -fa on --hf-repo Abiray/MiniCPM5-2B-heretic-abliterated-GGUF:Q4_K_M --cache-type-k q3_0 --cache-type-v q3_0 --kv-tail-tokens 128 --kl-divergence
0.01.890.677 I cmn          init: llama threadpool init, n_threads = 16
0.01.946.911 I 
0.01.946.982 I system_info: n_threads = 16 (n_threads_batch = 16) / 32 | CUDA : ARCHS = 750,800,860,890,900,1000,1030,1200,1210 | USE_GRAPHS = 1 | FA_ALL_QUANTS = 1 | CPU : SSE3 = 1 | SSSE3 = 1 | AVX = 1 | AVX2 = 1 | F16C = 1 | FMA = 1 | BMI2 = 1 | LLAMAFILE = 1 | OPENMP = 1 | REPACK = 1 | 
0.02.266.382 I kl_divergence: computing over 5 chunks, n_ctx=32768, batch_size=2048, n_seq=1
0.11.093.591 I kl_divergence: 8.83 seconds per pass - ETA 0.73 minutes

chunk             PPL               ln(PPL(Q)/PPL(base))          KL Divergence              Δp RMS            Same top p        Same sampled p
   1      13.7364 ±    0.3074       0.07250 ±    0.00445       0.11093 ±    0.00112     7.802 ±  0.118 %    83.275 ±  0.292 %    39.227 ±  0.258 %
   2      12.8978 ±    0.2062       0.07596 ±    0.00319       0.11445 ±    0.00087     8.098 ±  0.091 %    83.571 ±  0.205 %    40.995 ±  0.187 %
   3      14.0718 ±    0.1853       0.07926 ±    0.00262       0.11740 ±    0.00072     8.069 ±  0.074 %    83.054 ±  0.169 %    39.428 ±  0.150 %
   4      13.6019 ±    0.1553       0.07822 ±    0.00231       0.11945 ±    0.00068     8.194 ±  0.065 %    83.155 ±  0.146 %    40.204 ±  0.131 %
   5      12.9594 ±    0.1311       0.07936 ±    0.00205       0.11973 ±    0.00063     8.228 ±  0.058 %    83.368 ±  0.130 %    40.758 ±  0.117 %

====== Perplexity statistics ======
Mean PPL(Q)                   :  12.959424 ±   0.131121
Mean PPL(base)                :  11.970705 ±   0.119397
Cor(ln(PPL(Q)), ln(PPL(base))):  97.93%
Mean ln(PPL(Q)/PPL(base))     :   0.079361 ±   0.002050
Mean PPL(Q)/PPL(base)         :   1.082595 ±   0.002220
Mean PPL(Q)-PPL(base)         :   0.988719 ±   0.028044

====== KL divergence statistics ======
Mean    KLD:   0.119731 ±   0.000630
Maximum KLD:  10.067079
99.9%   KLD:   1.825204
99.0%   KLD:   0.769947
95.0%   KLD:   0.371166
90.0%   KLD:   0.261570
Median  KLD:   0.077396
10.0%   KLD:   0.002822
 5.0%   KLD:   0.000526
 1.0%   KLD:   0.000059
 0.1%   KLD:   0.000007
Minimum KLD:  -0.000001

====== Token probability statistics ======
Mean    Δp: -1.134 ± 0.028 %
Maximum Δp: 86.551%
99.9%   Δp: 43.957%
99.0%   Δp: 21.029%
95.0%   Δp:  9.428%
90.0%   Δp:  5.061%
75.0%   Δp:  0.627%
Median  Δp: -0.033%
25.0%   Δp: -2.314%
10.0%   Δp: -8.824%
 5.0%   Δp: -14.469%
 1.0%   Δp: -30.095%
 0.1%   Δp: -57.638%
Minimum Δp: -98.146%
RMS Δp    :  8.228 ± 0.058 %
Same top p: 83.368 ± 0.130 %
Same sampled p: 40.758 ± 0.117 %

------------------------------
# llama-perplexity: version: 0.4.7-dev (build 11840, commit a740376d8-dirty) | built with GNU 15.3.0 for Linux x86_64
# model: /home/crusaderky/.cache/huggingface/hub/models--Abiray--MiniCPM5-2B-heretic-abliterated-GGUF/snapshots/c153cc60bed0471d7d26feb02f999a887851a81b/MiniCPM5-2B-heretic-abliterated-Q4_K_M.gguf size=1561320352 mtime=2026-09-15T07:13:03+00:00 sha256/1048576B=b89fbc4f165c548a5ff8add090027133974656c16fc071096e6636fddb9e7638
llama-perplexity --kl-divergence-base /tmp/logits.dat --ctx-size 32768 -f sample-data/wiki.test.head-2.4k.raw -fa on --hf-repo Abiray/MiniCPM5-2B-heretic-abliterated-GGUF:Q4_K_M --cache-type-k kvarn6 --cache-type-v kvarn6 --kl-divergence
0.01.836.425 I cmn          init: llama threadpool init, n_threads = 16
0.01.904.563 I 
0.01.904.635 I system_info: n_threads = 16 (n_threads_batch = 16) / 32 | CUDA : ARCHS = 750,800,860,890,900,1000,1030,1200,1210 | USE_GRAPHS = 1 | FA_ALL_QUANTS = 1 | CPU : SSE3 = 1 | SSSE3 = 1 | AVX = 1 | AVX2 = 1 | F16C = 1 | FMA = 1 | BMI2 = 1 | LLAMAFILE = 1 | OPENMP = 1 | REPACK = 1 | 
0.02.200.908 I kl_divergence: computing over 5 chunks, n_ctx=32768, batch_size=2048, n_seq=1
0.12.722.684 I kl_divergence: 10.52 seconds per pass - ETA 0.87 minutes

chunk             PPL               ln(PPL(Q)/PPL(base))          KL Divergence              Δp RMS            Same top p        Same sampled p
   1      13.5435 ±    0.3022       0.05837 ±    0.00392       0.08719 ±    0.00087     6.741 ±  0.100 %    85.131 ±  0.278 %    39.544 ±  0.258 %
   2      12.6956 ±    0.2024       0.06016 ±    0.00282       0.09106 ±    0.00069     7.085 ±  0.082 %    85.369 ±  0.195 %    41.327 ±  0.187 %
   3      13.8563 ±    0.1820       0.06383 ±    0.00232       0.09432 ±    0.00058     7.150 ±  0.068 %    84.724 ±  0.162 %    39.737 ±  0.150 %
   4      13.3916 ±    0.1525       0.06264 ±    0.00205       0.09609 ±    0.00055     7.291 ±  0.060 %    84.847 ±  0.140 %    40.519 ±  0.131 %
   5      12.7420 ±    0.1285       0.06244 ±    0.00181       0.09554 ±    0.00050     7.293 ±  0.054 %    85.088 ±  0.124 %    41.102 ±  0.117 %

====== Perplexity statistics ======
Mean PPL(Q)                   :  12.741986 ±   0.128532
Mean PPL(base)                :  11.970705 ±   0.119397
Cor(ln(PPL(Q)), ln(PPL(base))):  98.38%
Mean ln(PPL(Q)/PPL(base))     :   0.062440 ±   0.001811
Mean PPL(Q)/PPL(base)         :   1.064431 ±   0.001928
Mean PPL(Q)-PPL(base)         :   0.771281 ±   0.024120

====== KL divergence statistics ======
Mean    KLD:   0.095535 ±   0.000499
Maximum KLD:   8.614981
99.9%   KLD:   1.480581
99.0%   KLD:   0.604275
95.0%   KLD:   0.293038
90.0%   KLD:   0.208005
Median  KLD:   0.062770
10.0%   KLD:   0.002134
 5.0%   KLD:   0.000399
 1.0%   KLD:   0.000041
 0.1%   KLD:   0.000005
Minimum KLD:  -0.000013

====== Token probability statistics ======
Mean    Δp: -0.886 ± 0.025 %
Maximum Δp: 78.927%
99.9%   Δp: 38.705%
99.0%   Δp: 19.047%
95.0%   Δp:  8.655%
90.0%   Δp:  4.730%
75.0%   Δp:  0.631%
Median  Δp: -0.023%
25.0%   Δp: -1.956%
10.0%   Δp: -7.565%
 5.0%   Δp: -12.485%
 1.0%   Δp: -26.151%
 0.1%   Δp: -51.968%
Minimum Δp: -97.473%
RMS Δp    :  7.293 ± 0.054 %
Same top p: 85.088 ± 0.124 %
Same sampled p: 41.102 ± 0.117 %

------------------------------
# llama-perplexity: version: 0.4.7-dev (build 11840, commit a740376d8-dirty) | built with GNU 15.3.0 for Linux x86_64
# model: /home/crusaderky/.cache/huggingface/hub/models--Abiray--MiniCPM5-2B-heretic-abliterated-GGUF/snapshots/c153cc60bed0471d7d26feb02f999a887851a81b/MiniCPM5-2B-heretic-abliterated-Q4_K_M.gguf size=1561320352 mtime=2026-09-15T07:13:03+00:00 sha256/1048576B=b89fbc4f165c548a5ff8add090027133974656c16fc071096e6636fddb9e7638
llama-perplexity --kl-divergence-base /tmp/logits.dat --ctx-size 32768 -f sample-data/wiki.test.head-2.4k.raw -fa on --hf-repo Abiray/MiniCPM5-2B-heretic-abliterated-GGUF:Q4_K_M --cache-type-k kvarn5 --cache-type-v kvarn5 --kl-divergence
0.01.789.315 I cmn          init: llama threadpool init, n_threads = 16
0.01.855.698 I 
0.01.855.766 I system_info: n_threads = 16 (n_threads_batch = 16) / 32 | CUDA : ARCHS = 750,800,860,890,900,1000,1030,1200,1210 | USE_GRAPHS = 1 | FA_ALL_QUANTS = 1 | CPU : SSE3 = 1 | SSSE3 = 1 | AVX = 1 | AVX2 = 1 | F16C = 1 | FMA = 1 | BMI2 = 1 | LLAMAFILE = 1 | OPENMP = 1 | REPACK = 1 | 
0.02.142.776 I kl_divergence: computing over 5 chunks, n_ctx=32768, batch_size=2048, n_seq=1
0.12.542.696 I kl_divergence: 10.40 seconds per pass - ETA 0.85 minutes

chunk             PPL               ln(PPL(Q)/PPL(base))          KL Divergence              Δp RMS            Same top p        Same sampled p
   1      13.5552 ±    0.3026       0.05923 ±    0.00393       0.08780 ±    0.00087     6.772 ±  0.101 %    84.899 ±  0.280 %    39.544 ±  0.258 %
   2      12.7104 ±    0.2026       0.06132 ±    0.00283       0.09141 ±    0.00068     7.083 ±  0.080 %    85.284 ±  0.196 %    41.315 ±  0.187 %
   3      13.8638 ±    0.1821       0.06437 ±    0.00233       0.09449 ±    0.00058     7.146 ±  0.067 %    84.732 ±  0.162 %    39.733 ±  0.150 %
   4      13.3977 ±    0.1525       0.06309 ±    0.00205       0.09627 ±    0.00056     7.299 ±  0.059 %    84.855 ±  0.140 %    40.519 ±  0.131 %
   5      12.7460 ±    0.1286       0.06275 ±    0.00182       0.09576 ±    0.00051     7.311 ±  0.053 %    85.121 ±  0.124 %    41.099 ±  0.117 %

====== Perplexity statistics ======
Mean PPL(Q)                   :  12.745982 ±   0.128589
Mean PPL(base)                :  11.970705 ±   0.119397
Cor(ln(PPL(Q)), ln(PPL(base))):  98.35%
Mean ln(PPL(Q)/PPL(base))     :   0.062754 ±   0.001824
Mean PPL(Q)/PPL(base)         :   1.064764 ±   0.001942
Mean PPL(Q)-PPL(base)         :   0.775277 ±   0.024288

====== KL divergence statistics ======
Mean    KLD:   0.095757 ±   0.000507
Maximum KLD:  10.140201
99.9%   KLD:   1.425125
99.0%   KLD:   0.608882
95.0%   KLD:   0.292609
90.0%   KLD:   0.208054
Median  KLD:   0.063010
10.0%   KLD:   0.002153
 5.0%   KLD:   0.000408
 1.0%   KLD:   0.000042
 0.1%   KLD:   0.000005
Minimum KLD:  -0.000003

====== Token probability statistics ======
Mean    Δp: -0.887 ± 0.025 %
Maximum Δp: 78.969%
99.9%   Δp: 39.437%
99.0%   Δp: 19.106%
95.0%   Δp:  8.641%
90.0%   Δp:  4.705%
75.0%   Δp:  0.627%
Median  Δp: -0.023%
25.0%   Δp: -1.952%
10.0%   Δp: -7.635%
 5.0%   Δp: -12.476%
 1.0%   Δp: -26.127%
 0.1%   Δp: -52.308%
Minimum Δp: -96.226%
RMS Δp    :  7.311 ± 0.053 %
Same top p: 85.121 ± 0.124 %
Same sampled p: 41.099 ± 0.117 %

------------------------------
# llama-perplexity: version: 0.4.7-dev (build 11840, commit a740376d8-dirty) | built with GNU 15.3.0 for Linux x86_64
# model: /home/crusaderky/.cache/huggingface/hub/models--Abiray--MiniCPM5-2B-heretic-abliterated-GGUF/snapshots/c153cc60bed0471d7d26feb02f999a887851a81b/MiniCPM5-2B-heretic-abliterated-Q4_K_M.gguf size=1561320352 mtime=2026-09-15T07:13:03+00:00 sha256/1048576B=b89fbc4f165c548a5ff8add090027133974656c16fc071096e6636fddb9e7638
llama-perplexity --kl-divergence-base /tmp/logits.dat --ctx-size 32768 -f sample-data/wiki.test.head-2.4k.raw -fa on --hf-repo Abiray/MiniCPM5-2B-heretic-abliterated-GGUF:Q4_K_M --cache-type-k kvarn4 --cache-type-v kvarn4 --kl-divergence
0.01.828.421 I cmn          init: llama threadpool init, n_threads = 16
0.01.896.865 I 
0.01.896.931 I system_info: n_threads = 16 (n_threads_batch = 16) / 32 | CUDA : ARCHS = 750,800,860,890,900,1000,1030,1200,1210 | USE_GRAPHS = 1 | FA_ALL_QUANTS = 1 | CPU : SSE3 = 1 | SSSE3 = 1 | AVX = 1 | AVX2 = 1 | F16C = 1 | FMA = 1 | BMI2 = 1 | LLAMAFILE = 1 | OPENMP = 1 | REPACK = 1 | 
0.02.200.203 I kl_divergence: computing over 5 chunks, n_ctx=32768, batch_size=2048, n_seq=1
0.12.890.741 I kl_divergence: 10.69 seconds per pass - ETA 0.88 minutes

chunk             PPL               ln(PPL(Q)/PPL(base))          KL Divergence              Δp RMS            Same top p        Same sampled p
   1      13.5853 ±    0.3033       0.06145 ±    0.00397       0.08874 ±    0.00088     6.814 ±  0.104 %    85.119 ±  0.278 %    39.514 ±  0.258 %
   2      12.7379 ±    0.2031       0.06348 ±    0.00285       0.09258 ±    0.00070     7.127 ±  0.081 %    85.314 ±  0.196 %    41.301 ±  0.187 %
   3      13.8972 ±    0.1826       0.06678 ±    0.00235       0.09607 ±    0.00059     7.214 ±  0.067 %    84.759 ±  0.162 %    39.706 ±  0.150 %
   4      13.4248 ±    0.1529       0.06511 ±    0.00207       0.09780 ±    0.00057     7.354 ±  0.060 %    84.865 ±  0.140 %    40.490 ±  0.131 %
   5      12.7699 ±    0.1288       0.06463 ±    0.00184       0.09732 ±    0.00053     7.359 ±  0.054 %    85.102 ±  0.124 %    41.063 ±  0.117 %

====== Perplexity statistics ======
Mean PPL(Q)                   :  12.769926 ±   0.128841
Mean PPL(base)                :  11.970705 ±   0.119397
Cor(ln(PPL(Q)), ln(PPL(base))):  98.33%
Mean ln(PPL(Q)/PPL(base))     :   0.064630 ±   0.001837
Mean PPL(Q)/PPL(base)         :   1.066765 ±   0.001960
Mean PPL(Q)-PPL(base)         :   0.799221 ±   0.024556

====== KL divergence statistics ======
Mean    KLD:   0.097317 ±   0.000532
Maximum KLD:   9.706763
99.9%   KLD:   1.490275
99.0%   KLD:   0.611870
95.0%   KLD:   0.297482
90.0%   KLD:   0.210630
Median  KLD:   0.064036
10.0%   KLD:   0.002216
 5.0%   KLD:   0.000419
 1.0%   KLD:   0.000044
 0.1%   KLD:   0.000005
Minimum KLD:  -0.000003

====== Token probability statistics ======
Mean    Δp: -0.933 ± 0.026 %
Maximum Δp: 84.859%
99.9%   Δp: 38.522%
99.0%   Δp: 18.957%
95.0%   Δp:  8.603%
90.0%   Δp:  4.674%
75.0%   Δp:  0.622%
Median  Δp: -0.024%
25.0%   Δp: -2.009%
10.0%   Δp: -7.747%
 5.0%   Δp: -12.642%
 1.0%   Δp: -26.316%
 0.1%   Δp: -52.657%
Minimum Δp: -97.927%
RMS Δp    :  7.359 ± 0.054 %
Same top p: 85.102 ± 0.124 %
Same sampled p: 41.063 ± 0.117 %

------------------------------
# llama-perplexity: version: 0.4.7-dev (build 11840, commit a740376d8-dirty) | built with GNU 15.3.0 for Linux x86_64
# model: /home/crusaderky/.cache/huggingface/hub/models--Abiray--MiniCPM5-2B-heretic-abliterated-GGUF/snapshots/c153cc60bed0471d7d26feb02f999a887851a81b/MiniCPM5-2B-heretic-abliterated-Q4_K_M.gguf size=1561320352 mtime=2026-09-15T07:13:03+00:00 sha256/1048576B=b89fbc4f165c548a5ff8add090027133974656c16fc071096e6636fddb9e7638
llama-perplexity --kl-divergence-base /tmp/logits.dat --ctx-size 32768 -f sample-data/wiki.test.head-2.4k.raw -fa on --hf-repo Abiray/MiniCPM5-2B-heretic-abliterated-GGUF:Q4_K_M --cache-type-k kvarn3 --cache-type-v kvarn3 --kl-divergence
0.01.852.515 I cmn          init: llama threadpool init, n_threads = 16
0.01.919.810 I 
0.01.919.886 I system_info: n_threads = 16 (n_threads_batch = 16) / 32 | CUDA : ARCHS = 750,800,860,890,900,1000,1030,1200,1210 | USE_GRAPHS = 1 | FA_ALL_QUANTS = 1 | CPU : SSE3 = 1 | SSSE3 = 1 | AVX = 1 | AVX2 = 1 | F16C = 1 | FMA = 1 | BMI2 = 1 | LLAMAFILE = 1 | OPENMP = 1 | REPACK = 1 | 
0.02.223.371 I kl_divergence: computing over 5 chunks, n_ctx=32768, batch_size=2048, n_seq=1
0.12.439.213 I kl_divergence: 10.22 seconds per pass - ETA 0.85 minutes

chunk             PPL               ln(PPL(Q)/PPL(base))          KL Divergence              Δp RMS            Same top p        Same sampled p
   1      13.6961 ±    0.3060       0.06957 ±    0.00417       0.09680 ±    0.00096     7.200 ±  0.108 %    84.527 ±  0.283 %    39.303 ±  0.258 %
   2      12.8225 ±    0.2045       0.07010 ±    0.00299       0.10089 ±    0.00078     7.542 ±  0.086 %    84.817 ±  0.198 %    41.102 ±  0.187 %
   3      13.9722 ±    0.1836       0.07216 ±    0.00247       0.10404 ±    0.00065     7.560 ±  0.070 %    84.158 ±  0.165 %    39.542 ±  0.150 %
   4      13.5017 ±    0.1538       0.07082 ±    0.00217       0.10599 ±    0.00062     7.700 ±  0.062 %    84.212 ±  0.142 %    40.324 ±  0.131 %
   5      12.8502 ±    0.1297       0.07089 ±    0.00192       0.10567 ±    0.00057     7.724 ±  0.056 %    84.446 ±  0.127 %    40.886 ±  0.117 %

====== Perplexity statistics ======
Mean PPL(Q)                   :  12.850159 ±   0.129709
Mean PPL(base)                :  11.970705 ±   0.119397
Cor(ln(PPL(Q)), ln(PPL(base))):  98.17%
Mean ln(PPL(Q)/PPL(base))     :   0.070894 ±   0.001923
Mean PPL(Q)/PPL(base)         :   1.073467 ±   0.002064
Mean PPL(Q)-PPL(base)         :   0.879454 ±   0.025939

====== KL divergence statistics ======
Mean    KLD:   0.105668 ±   0.000574
Maximum KLD:  10.533552
99.9%   KLD:   1.675282
99.0%   KLD:   0.666155
95.0%   KLD:   0.325753
90.0%   KLD:   0.229722
Median  KLD:   0.068850
10.0%   KLD:   0.002461
 5.0%   KLD:   0.000466
 1.0%   KLD:   0.000050
 0.1%   KLD:   0.000006
Minimum KLD:  -0.000002

====== Token probability statistics ======
Mean    Δp: -1.057 ± 0.027 %
Maximum Δp: 81.836%
99.9%   Δp: 40.154%
99.0%   Δp: 19.793%
95.0%   Δp:  8.910%
90.0%   Δp:  4.794%
75.0%   Δp:  0.602%
Median  Δp: -0.033%
25.0%   Δp: -2.201%
10.0%   Δp: -8.267%
 5.0%   Δp: -13.379%
 1.0%   Δp: -27.745%
 0.1%   Δp: -55.371%
Minimum Δp: -98.783%
RMS Δp    :  7.724 ± 0.056 %
Same top p: 84.446 ± 0.127 %
Same sampled p: 40.886 ± 0.117 %

------------------------------
# llama-perplexity: version: 0.4.7-dev (build 11840, commit a740376d8-dirty) | built with GNU 15.3.0 for Linux x86_64
# model: /home/crusaderky/.cache/huggingface/hub/models--bartowski--MiniCPM5-2B-GGUF/snapshots/31fee0334c4ed9f1e079afe586ba30cb83e0f883/MiniCPM5-2B-Q6_K.gguf size=2107305184 mtime=2026-09-14T18:13:41+00:00 sha256/1048576B=7696d4515c9f04f092e9933de7be053bdacb6f5c865cd2e98cd7ca68d6d7f395
llama-perplexity --kl-divergence-base /tmp/logits.dat --ctx-size 32768 -f sample-data/wiki.test.head-2.4k.raw -fa on --hf-repo bartowski/MiniCPM5-2B-GGUF:Q6_K --cache-type-k q5_0 --cache-type-v q4_1 --kv-tail-tokens 128 --kl-divergence
0.01.946.872 I cmn          init: llama threadpool init, n_threads = 16
0.02.000.712 I 
0.02.000.767 I system_info: n_threads = 16 (n_threads_batch = 16) / 32 | CUDA : ARCHS = 750,800,860,890,900,1000,1030,1200,1210 | USE_GRAPHS = 1 | FA_ALL_QUANTS = 1 | CPU : SSE3 = 1 | SSSE3 = 1 | AVX = 1 | AVX2 = 1 | F16C = 1 | FMA = 1 | BMI2 = 1 | LLAMAFILE = 1 | OPENMP = 1 | REPACK = 1 | 
0.02.296.025 I kl_divergence: computing over 5 chunks, n_ctx=32768, batch_size=2048, n_seq=1
0.11.000.124 I kl_divergence: 8.70 seconds per pass - ETA 0.72 minutes

chunk             PPL               ln(PPL(Q)/PPL(base))          KL Divergence              Δp RMS            Same top p        Same sampled p
   1      12.8607 ±    0.2840       0.00663 ±    0.00114       0.00755 ±    0.00010     2.158 ±  0.043 %    95.001 ±  0.170 %    40.701 ±  0.258 %
   2      12.0033 ±    0.1892       0.00408 ±    0.00083       0.00786 ±    0.00009     2.271 ±  0.034 %    95.187 ±  0.118 %    42.515 ±  0.186 %
   3      13.0504 ±    0.1698       0.00391 ±    0.00068       0.00804 ±    0.00008     2.225 ±  0.026 %    95.129 ±  0.097 %    40.972 ±  0.150 %
   4      12.6269 ±    0.1424       0.00384 ±    0.00059       0.00823 ±    0.00008     2.291 ±  0.032 %    95.128 ±  0.084 %    41.785 ±  0.131 %
   5      12.0150 ±    0.1199       0.00369 ±    0.00054       0.00831 ±    0.00008     2.311 ±  0.029 %    95.279 ±  0.074 %    42.349 ±  0.117 %

====== Perplexity statistics ======
Mean PPL(Q)                   :  12.014967 ±   0.119948
Mean PPL(base)                :  11.970705 ±   0.119397
Cor(ln(PPL(Q)), ln(PPL(base))):  99.86%
Mean ln(PPL(Q)/PPL(base))     :   0.003691 ±   0.000537
Mean PPL(Q)/PPL(base)         :   1.003697 ±   0.000539
Mean PPL(Q)-PPL(base)         :   0.044262 ±   0.006462

====== KL divergence statistics ======
Mean    KLD:   0.008314 ±   0.000082
Maximum KLD:   2.627721
99.9%   KLD:   0.205902
99.0%   KLD:   0.058360
95.0%   KLD:   0.024287
90.0%   KLD:   0.016701
Median  KLD:   0.005085
10.0%   KLD:   0.000171
 5.0%   KLD:   0.000033
 1.0%   KLD:   0.000002
 0.1%   KLD:  -0.000008
Minimum KLD:  -0.000079

====== Token probability statistics ======
Mean    Δp: -0.056 ± 0.008 %
Maximum Δp: 70.575%
99.9%   Δp: 13.763%
99.0%   Δp:  6.640%
95.0%   Δp:  3.125%
90.0%   Δp:  1.798%
75.0%   Δp:  0.335%
Median  Δp: -0.000%
25.0%   Δp: -0.400%
10.0%   Δp: -1.979%
 5.0%   Δp: -3.385%
 1.0%   Δp: -7.091%
 0.1%   Δp: -15.487%
Minimum Δp: -46.100%
RMS Δp    :  2.311 ± 0.029 %
Same top p: 95.279 ± 0.074 %
Same sampled p: 42.349 ± 0.117 %

------------------------------
# llama-perplexity: version: 0.4.7-dev (build 11840, commit a740376d8-dirty) | built with GNU 15.3.0 for Linux x86_64
# model: /home/crusaderky/.cache/huggingface/hub/models--bartowski--MiniCPM5-2B-GGUF/snapshots/31fee0334c4ed9f1e079afe586ba30cb83e0f883/MiniCPM5-2B-Q6_K.gguf size=2107305184 mtime=2026-09-14T18:13:41+00:00 sha256/1048576B=7696d4515c9f04f092e9933de7be053bdacb6f5c865cd2e98cd7ca68d6d7f395
llama-perplexity --kl-divergence-base /tmp/logits.dat --ctx-size 32768 -f sample-data/wiki.test.head-2.4k.raw -fa on --hf-repo bartowski/MiniCPM5-2B-GGUF:Q6_K --cache-type-k q3_0 --cache-type-v q3_0 --kv-tail-tokens 1024 --kl-divergence
0.02.005.834 I cmn          init: llama threadpool init, n_threads = 16
0.02.062.673 I 
0.02.062.736 I system_info: n_threads = 16 (n_threads_batch = 16) / 32 | CUDA : ARCHS = 750,800,860,890,900,1000,1030,1200,1210 | USE_GRAPHS = 1 | FA_ALL_QUANTS = 1 | CPU : SSE3 = 1 | SSSE3 = 1 | AVX = 1 | AVX2 = 1 | F16C = 1 | FMA = 1 | BMI2 = 1 | LLAMAFILE = 1 | OPENMP = 1 | REPACK = 1 | 
0.02.363.566 I kl_divergence: computing over 5 chunks, n_ctx=32768, batch_size=2048, n_seq=1
0.11.964.775 I kl_divergence: 9.60 seconds per pass - ETA 0.80 minutes

chunk             PPL               ln(PPL(Q)/PPL(base))          KL Divergence              Δp RMS            Same top p        Same sampled p
   1      13.0291 ±    0.2886       0.01964 ±    0.00193       0.02047 ±    0.00039     3.670 ±  0.089 %    92.449 ±  0.206 %    40.563 ±  0.258 %
   2      12.1283 ±    0.1917       0.01444 ±    0.00136       0.02095 ±    0.00029     3.882 ±  0.075 %    92.666 ±  0.144 %    42.374 ±  0.186 %
   3      13.1916 ±    0.1723       0.01467 ±    0.00109       0.02035 ±    0.00022     3.678 ±  0.058 %    92.651 ±  0.118 %    40.873 ±  0.150 %
   4      12.7653 ±    0.1444       0.01474 ±    0.00095       0.02080 ±    0.00021     3.725 ±  0.054 %    92.668 ±  0.102 %    41.675 ±  0.131 %
   5      12.1479 ±    0.1217       0.01469 ±    0.00088       0.02165 ±    0.00027     3.821 ±  0.049 %    92.780 ±  0.090 %    42.222 ±  0.117 %

====== Perplexity statistics ======
Mean PPL(Q)                   :  12.147903 ±   0.121685
Mean PPL(base)                :  11.970705 ±   0.119397
Cor(ln(PPL(Q)), ln(PPL(base))):  99.62%
Mean ln(PPL(Q)/PPL(base))     :   0.014694 ±   0.000876
Mean PPL(Q)/PPL(base)         :   1.014803 ±   0.000889
Mean PPL(Q)-PPL(base)         :   0.177198 ±   0.010798

====== KL divergence statistics ======
Mean    KLD:   0.021650 ±   0.000267
Maximum KLD:  11.410080
99.9%   KLD:   0.662757
99.0%   KLD:   0.181668
95.0%   KLD:   0.069964
90.0%   KLD:   0.044356
Median  KLD:   0.010785
10.0%   KLD:   0.000409
 5.0%   KLD:   0.000079
 1.0%   KLD:   0.000008
 0.1%   KLD:  -0.000001
Minimum KLD:  -0.000051

====== Token probability statistics ======
Mean    Δp: -0.139 ± 0.013 %
Maximum Δp: 85.484%
99.9%   Δp: 24.568%
99.0%   Δp: 10.287%
95.0%   Δp:  4.591%
90.0%   Δp:  2.620%
75.0%   Δp:  0.483%
Median  Δp: -0.001%
25.0%   Δp: -0.609%
10.0%   Δp: -2.981%
 5.0%   Δp: -5.196%
 1.0%   Δp: -12.108%
 0.1%   Δp: -29.802%
Minimum Δp: -91.843%
RMS Δp    :  3.821 ± 0.049 %
Same top p: 92.780 ± 0.090 %
Same sampled p: 42.222 ± 0.117 %

------------------------------
# llama-perplexity: version: 0.4.7-dev (build 11840, commit a740376d8-dirty) | built with GNU 15.3.0 for Linux x86_64
# model: /home/crusaderky/.cache/huggingface/hub/models--bartowski--MiniCPM5-2B-GGUF/snapshots/31fee0334c4ed9f1e079afe586ba30cb83e0f883/MiniCPM5-2B-Q6_K.gguf size=2107305184 mtime=2026-09-14T18:13:41+00:00 sha256/1048576B=7696d4515c9f04f092e9933de7be053bdacb6f5c865cd2e98cd7ca68d6d7f395
llama-perplexity --kl-divergence-base /tmp/logits.dat --ctx-size 32768 -f sample-data/wiki.test.head-2.4k.raw -fa on --hf-repo bartowski/MiniCPM5-2B-GGUF:Q6_K --cache-type-k kvarn3 --cache-type-v kvarn3 --kv-tail-tokens 1024 --kl-divergence
0.01.982.557 I cmn          init: llama threadpool init, n_threads = 16
0.02.052.342 I 
0.02.052.415 I system_info: n_threads = 16 (n_threads_batch = 16) / 32 | CUDA : ARCHS = 750,800,860,890,900,1000,1030,1200,1210 | USE_GRAPHS = 1 | FA_ALL_QUANTS = 1 | CPU : SSE3 = 1 | SSSE3 = 1 | AVX = 1 | AVX2 = 1 | F16C = 1 | FMA = 1 | BMI2 = 1 | LLAMAFILE = 1 | OPENMP = 1 | REPACK = 1 | 
0.02.362.570 I kl_divergence: computing over 5 chunks, n_ctx=32768, batch_size=2048, n_seq=1
0.13.198.790 I kl_divergence: 10.84 seconds per pass - ETA 0.90 minutes

chunk             PPL               ln(PPL(Q)/PPL(base))          KL Divergence              Δp RMS            Same top p        Same sampled p
   1      12.8650 ±    0.2839       0.00697 ±    0.00134       0.01023 ±    0.00016     2.606 ±  0.067 %    94.421 ±  0.179 %    40.591 ±  0.258 %
   2      11.9972 ±    0.1890       0.00358 ±    0.00095       0.01059 ±    0.00017     2.739 ±  0.053 %    94.638 ±  0.124 %    42.433 ±  0.186 %
   3      13.0427 ±    0.1696       0.00332 ±    0.00078       0.01050 ±    0.00013     2.644 ±  0.040 %    94.606 ±  0.102 %    40.908 ±  0.150 %
   4      12.6266 ±    0.1423       0.00381 ±    0.00069       0.01086 ±    0.00013     2.740 ±  0.040 %    94.630 ±  0.088 %    41.705 ±  0.131 %
   5      12.0197 ±    0.1199       0.00409 ±    0.00063       0.01127 ±    0.00017     2.794 ±  0.037 %    94.736 ±  0.078 %    42.265 ±  0.117 %

====== Perplexity statistics ======
Mean PPL(Q)                   :  12.019744 ±   0.119922
Mean PPL(base)                :  11.970705 ±   0.119397
Cor(ln(PPL(Q)), ln(PPL(base))):  99.80%
Mean ln(PPL(Q)/PPL(base))     :   0.004088 ±   0.000628
Mean PPL(Q)/PPL(base)         :   1.004097 ±   0.000631
Mean PPL(Q)-PPL(base)         :   0.049039 ±   0.007556

====== KL divergence statistics ======
Mean    KLD:   0.011269 ±   0.000166
Maximum KLD:   9.311868
99.9%   KLD:   0.360504
99.0%   KLD:   0.093222
95.0%   KLD:   0.034566
90.0%   KLD:   0.022381
Median  KLD:   0.005855
10.0%   KLD:   0.000227
 5.0%   KLD:   0.000045
 1.0%   KLD:   0.000004
 0.1%   KLD:  -0.000004
Minimum KLD:  -0.000066

====== Token probability statistics ======
Mean    Δp: -0.106 ± 0.010 %
Maximum Δp: 78.336%
99.9%   Δp: 19.538%
99.0%   Δp:  7.700%
95.0%   Δp:  3.368%
90.0%   Δp:  1.868%
75.0%   Δp:  0.331%
Median  Δp: -0.001%
25.0%   Δp: -0.477%
10.0%   Δp: -2.231%
 5.0%   Δp: -3.840%
 1.0%   Δp: -8.659%
 0.1%   Δp: -21.063%
Minimum Δp: -63.280%
RMS Δp    :  2.794 ± 0.037 %
Same top p: 94.736 ± 0.078 %
Same sampled p: 42.265 ± 0.117 %

------------------------------
# llama-perplexity: version: 0.4.7-dev (build 11840, commit a740376d8-dirty) | built with GNU 15.3.0 for Linux x86_64
# model: /home/crusaderky/.cache/huggingface/hub/models--bartowski--MiniCPM5-2B-GGUF/snapshots/31fee0334c4ed9f1e079afe586ba30cb83e0f883/MiniCPM5-2B-Q4_K_M.gguf size=1615826144 mtime=2026-09-14T23:31:39+00:00 sha256/1048576B=7696d4515c9f04f092e9933de7be053bdacb6f5c865cd2e98cd7ca68d6d7f395
llama-perplexity --kl-divergence-base /tmp/logits.dat --ctx-size 32768 -f sample-data/wiki.test.head-2.4k.raw -fa on --hf-repo bartowski/MiniCPM5-2B-GGUF:Q4_K_M --cache-type-k q5_0 --cache-type-v q4_1 --kv-tail-tokens 128 --kl-divergence
0.01.867.067 I cmn          init: llama threadpool init, n_threads = 16
0.01.922.048 I 
0.01.922.112 I system_info: n_threads = 16 (n_threads_batch = 16) / 32 | CUDA : ARCHS = 750,800,860,890,900,1000,1030,1200,1210 | USE_GRAPHS = 1 | FA_ALL_QUANTS = 1 | CPU : SSE3 = 1 | SSSE3 = 1 | AVX = 1 | AVX2 = 1 | F16C = 1 | FMA = 1 | BMI2 = 1 | LLAMAFILE = 1 | OPENMP = 1 | REPACK = 1 | 
0.02.218.219 I kl_divergence: computing over 5 chunks, n_ctx=32768, batch_size=2048, n_seq=1
0.11.013.910 I kl_divergence: 8.80 seconds per pass - ETA 0.72 minutes

chunk             PPL               ln(PPL(Q)/PPL(base))          KL Divergence              Δp RMS            Same top p        Same sampled p
   1      13.1311 ±    0.2905       0.02744 ±    0.00280       0.04507 ±    0.00053     5.001 ±  0.085 %    89.013 ±  0.244 %    40.166 ±  0.258 %
   2      12.2923 ±    0.1940       0.02787 ±    0.00202       0.04697 ±    0.00040     5.295 ±  0.065 %    89.248 ±  0.171 %    41.922 ±  0.187 %
   3      13.3652 ±    0.1740       0.02774 ±    0.00165       0.04790 ±    0.00033     5.238 ±  0.051 %    88.991 ±  0.141 %    40.363 ±  0.150 %
   4      12.9244 ±    0.1458       0.02713 ±    0.00145       0.04955 ±    0.00037     5.385 ±  0.050 %    88.940 ±  0.123 %    41.162 ±  0.131 %
   5      12.2890 ±    0.1228       0.02624 ±    0.00129       0.04874 ±    0.00033     5.368 ±  0.045 %    89.168 ±  0.109 %    41.754 ±  0.117 %

====== Perplexity statistics ======
Mean PPL(Q)                   :  12.289006 ±   0.122812
Mean PPL(base)                :  11.970705 ±   0.119397
Cor(ln(PPL(Q)), ln(PPL(base))):  99.16%
Mean ln(PPL(Q)/PPL(base))     :   0.026243 ±   0.001291
Mean PPL(Q)/PPL(base)         :   1.026590 ±   0.001325
Mean PPL(Q)-PPL(base)         :   0.318301 ±   0.016020

====== KL divergence statistics ======
Mean    KLD:   0.048739 ±   0.000333
Maximum KLD:  10.403140
99.9%   KLD:   0.818266
99.0%   KLD:   0.346608
95.0%   KLD:   0.154281
90.0%   KLD:   0.103712
Median  KLD:   0.029856
10.0%   KLD:   0.001060
 5.0%   KLD:   0.000213
 1.0%   KLD:   0.000023
 0.1%   KLD:   0.000002
Minimum KLD:  -0.000029

====== Token probability statistics ======
Mean    Δp: -0.443 ± 0.019 %
Maximum Δp: 78.605%
99.9%   Δp: 30.620%
99.0%   Δp: 14.906%
95.0%   Δp:  6.552%
90.0%   Δp:  3.660%
75.0%   Δp:  0.580%
Median  Δp: -0.004%
25.0%   Δp: -1.199%
10.0%   Δp: -5.132%
 5.0%   Δp: -8.612%
 1.0%   Δp: -18.698%
 0.1%   Δp: -37.713%
Minimum Δp: -97.549%
RMS Δp    :  5.368 ± 0.045 %
Same top p: 89.168 ± 0.109 %
Same sampled p: 41.754 ± 0.117 %

------------------------------
# llama-perplexity: version: 0.4.7-dev (build 11840, commit a740376d8-dirty) | built with GNU 15.3.0 for Linux x86_64
# model: /home/crusaderky/.cache/huggingface/hub/models--bartowski--MiniCPM5-2B-GGUF/snapshots/31fee0334c4ed9f1e079afe586ba30cb83e0f883/MiniCPM5-2B-Q4_K_M.gguf size=1615826144 mtime=2026-09-14T23:31:39+00:00 sha256/1048576B=7696d4515c9f04f092e9933de7be053bdacb6f5c865cd2e98cd7ca68d6d7f395
llama-perplexity --kl-divergence-base /tmp/logits.dat --ctx-size 32768 -f sample-data/wiki.test.head-2.4k.raw -fa on --hf-repo bartowski/MiniCPM5-2B-GGUF:Q4_K_M --cache-type-k q5_0 --cache-type-v q4_0 --kv-tail-tokens 128 --kl-divergence
0.01.830.976 I cmn          init: llama threadpool init, n_threads = 16
0.01.884.970 I 
0.01.885.035 I system_info: n_threads = 16 (n_threads_batch = 16) / 32 | CUDA : ARCHS = 750,800,860,890,900,1000,1030,1200,1210 | USE_GRAPHS = 1 | FA_ALL_QUANTS = 1 | CPU : SSE3 = 1 | SSSE3 = 1 | AVX = 1 | AVX2 = 1 | F16C = 1 | FMA = 1 | BMI2 = 1 | LLAMAFILE = 1 | OPENMP = 1 | REPACK = 1 | 
0.02.171.788 I kl_divergence: computing over 5 chunks, n_ctx=32768, batch_size=2048, n_seq=1
0.10.879.083 I kl_divergence: 8.71 seconds per pass - ETA 0.72 minutes

chunk             PPL               ln(PPL(Q)/PPL(base))          KL Divergence              Δp RMS            Same top p        Same sampled p
   1      13.1362 ±    0.2906       0.02783 ±    0.00281       0.04500 ±    0.00053     5.052 ±  0.093 %    89.129 ±  0.243 %    40.125 ±  0.258 %
   2      12.2989 ±    0.1941       0.02841 ±    0.00202       0.04721 ±    0.00041     5.300 ±  0.068 %    89.382 ±  0.170 %    41.882 ±  0.187 %
   3      13.3675 ±    0.1739       0.02792 ±    0.00165       0.04806 ±    0.00033     5.240 ±  0.053 %    89.070 ±  0.141 %    40.311 ±  0.150 %
   4      12.9244 ±    0.1457       0.02712 ±    0.00145       0.04960 ±    0.00035     5.375 ±  0.049 %    89.001 ±  0.122 %    41.110 ±  0.131 %
   5      12.2929 ±    0.1228       0.02656 ±    0.00128       0.04876 ±    0.00031     5.339 ±  0.044 %    89.247 ±  0.108 %    41.708 ±  0.117 %

====== Perplexity statistics ======
Mean PPL(Q)                   :  12.292902 ±   0.122767
Mean PPL(base)                :  11.970705 ±   0.119397
Cor(ln(PPL(Q)), ln(PPL(base))):  99.17%
Mean ln(PPL(Q)/PPL(base))     :   0.026560 ±   0.001285
Mean PPL(Q)/PPL(base)         :   1.026915 ±   0.001319
Mean PPL(Q)-PPL(base)         :   0.322196 ±   0.015946

====== KL divergence statistics ======
Mean    KLD:   0.048764 ±   0.000312
Maximum KLD:  10.418969
99.9%   KLD:   0.910307
99.0%   KLD:   0.343574
95.0%   KLD:   0.154034
90.0%   KLD:   0.104679
Median  KLD:   0.029822
10.0%   KLD:   0.001059
 5.0%   KLD:   0.000212
 1.0%   KLD:   0.000023
 0.1%   KLD:   0.000002
Minimum KLD:  -0.000008

====== Token probability statistics ======
Mean    Δp: -0.487 ± 0.019 %
Maximum Δp: 79.772%
99.9%   Δp: 30.252%
99.0%   Δp: 14.583%
95.0%   Δp:  6.460%
90.0%   Δp:  3.590%
75.0%   Δp:  0.555%
Median  Δp: -0.006%
25.0%   Δp: -1.244%
10.0%   Δp: -5.248%
 5.0%   Δp: -8.643%
 1.0%   Δp: -18.606%
 0.1%   Δp: -37.728%
Minimum Δp: -96.413%
RMS Δp    :  5.339 ± 0.044 %
Same top p: 89.247 ± 0.108 %
Same sampled p: 41.708 ± 0.117 %

------------------------------
# llama-perplexity: version: 0.4.7-dev (build 11840, commit a740376d8-dirty) | built with GNU 15.3.0 for Linux x86_64
# model: /home/crusaderky/.cache/huggingface/hub/models--bartowski--MiniCPM5-2B-GGUF/snapshots/31fee0334c4ed9f1e079afe586ba30cb83e0f883/MiniCPM5-2B-Q4_K_M.gguf size=1615826144 mtime=2026-09-14T23:31:39+00:00 sha256/1048576B=7696d4515c9f04f092e9933de7be053bdacb6f5c865cd2e98cd7ca68d6d7f395
llama-perplexity --kl-divergence-base /tmp/logits.dat --ctx-size 32768 -f sample-data/wiki.test.head-2.4k.raw -fa on --hf-repo bartowski/MiniCPM5-2B-GGUF:Q4_K_M --cache-type-k kvarn3 --cache-type-v kvarn3 --kv-tail-tokens 1024 --kl-divergence
0.01.837.618 I cmn          init: llama threadpool init, n_threads = 16
0.01.907.341 I 
0.01.907.415 I system_info: n_threads = 16 (n_threads_batch = 16) / 32 | CUDA : ARCHS = 750,800,860,890,900,1000,1030,1200,1210 | USE_GRAPHS = 1 | FA_ALL_QUANTS = 1 | CPU : SSE3 = 1 | SSSE3 = 1 | AVX = 1 | AVX2 = 1 | F16C = 1 | FMA = 1 | BMI2 = 1 | LLAMAFILE = 1 | OPENMP = 1 | REPACK = 1 | 
0.02.201.763 I kl_divergence: computing over 5 chunks, n_ctx=32768, batch_size=2048, n_seq=1
0.12.593.322 I kl_divergence: 10.39 seconds per pass - ETA 0.85 minutes

chunk             PPL               ln(PPL(Q)/PPL(base))          KL Divergence              Δp RMS            Same top p        Same sampled p
   1      13.1671 ±    0.2912       0.03018 ±    0.00291       0.04866 ±    0.00069     5.337 ±  0.110 %    88.567 ±  0.249 %    40.084 ±  0.258 %
   2      12.3022 ±    0.1941       0.02868 ±    0.00210       0.05047 ±    0.00048     5.548 ±  0.077 %    88.827 ±  0.174 %    41.854 ±  0.187 %
   3      13.3706 ±    0.1739       0.02814 ±    0.00169       0.05090 ±    0.00038     5.436 ±  0.058 %    88.525 ±  0.144 %    40.299 ±  0.150 %
   4      12.9473 ±    0.1460       0.02890 ±    0.00149       0.05247 ±    0.00040     5.586 ±  0.055 %    88.512 ±  0.125 %    41.087 ±  0.131 %
   5      12.3132 ±    0.1230       0.02821 ±    0.00133       0.05181 ±    0.00036     5.586 ±  0.049 %    88.776 ±  0.110 %    41.673 ±  0.117 %

====== Perplexity statistics ======
Mean PPL(Q)                   :  12.313165 ±   0.123003
Mean PPL(base)                :  11.970705 ±   0.119397
Cor(ln(PPL(Q)), ln(PPL(base))):  99.12%
Mean ln(PPL(Q)/PPL(base))     :   0.028207 ±   0.001327
Mean PPL(Q)/PPL(base)         :   1.028608 ±   0.001365
Mean PPL(Q)-PPL(base)         :   0.342459 ±   0.016511

====== KL divergence statistics ======
Mean    KLD:   0.051809 ±   0.000355
Maximum KLD:  10.085991
99.9%   KLD:   1.021840
99.0%   KLD:   0.369805
95.0%   KLD:   0.165153
90.0%   KLD:   0.110863
Median  KLD:   0.031216
10.0%   KLD:   0.001137
 5.0%   KLD:   0.000228
 1.0%   KLD:   0.000025
 0.1%   KLD:   0.000003
Minimum KLD:  -0.000010

====== Token probability statistics ======
Mean    Δp: -0.514 ± 0.019 %
Maximum Δp: 82.045%
99.9%   Δp: 32.227%
99.0%   Δp: 15.065%
95.0%   Δp:  6.688%
90.0%   Δp:  3.703%
75.0%   Δp:  0.566%
Median  Δp: -0.007%
25.0%   Δp: -1.291%
10.0%   Δp: -5.356%
 5.0%   Δp: -8.984%
 1.0%   Δp: -19.342%
 0.1%   Δp: -40.286%
Minimum Δp: -97.677%
RMS Δp    :  5.586 ± 0.049 %
Same top p: 88.776 ± 0.110 %
Same sampled p: 41.673 ± 0.117 %

------------------------------
# llama-perplexity: version: 0.4.7-dev (build 11840, commit a740376d8-dirty) | built with GNU 15.3.0 for Linux x86_64
# model: /home/crusaderky/.cache/huggingface/hub/models--NANI-Nithin--MiniCPM5-2B-GGUF/snapshots/eb12985b999c83da2c982e76c503813be5476ead/MiniCPM5-2B-Q5_K_S.gguf size=1771504896 mtime=2026-09-14T23:44:24+00:00 sha256/1048576B=3262e58edb6011d9d5c2e18ddfdbb0f5330283aa6656fa7c4852f37b3ae26f32
llama-perplexity --kl-divergence-base /tmp/logits.dat --ctx-size 32768 -f sample-data/wiki.test.head-2.4k.raw -fa on --hf-repo NANI-Nithin/MiniCPM5-2B-GGUF:Q5_K_S --cache-type-k q5_0 --cache-type-v q4_1 --kv-tail-tokens 128 --kl-divergence
0.01.911.896 I cmn          init: llama threadpool init, n_threads = 16
0.01.966.060 I 
0.01.966.130 I system_info: n_threads = 16 (n_threads_batch = 16) / 32 | CUDA : ARCHS = 750,800,860,890,900,1000,1030,1200,1210 | USE_GRAPHS = 1 | FA_ALL_QUANTS = 1 | CPU : SSE3 = 1 | SSSE3 = 1 | AVX = 1 | AVX2 = 1 | F16C = 1 | FMA = 1 | BMI2 = 1 | LLAMAFILE = 1 | OPENMP = 1 | REPACK = 1 | 
0.02.263.381 I kl_divergence: computing over 5 chunks, n_ctx=32768, batch_size=2048, n_seq=1
0.11.292.716 I kl_divergence: 9.03 seconds per pass - ETA 0.75 minutes

chunk             PPL               ln(PPL(Q)/PPL(base))          KL Divergence              Δp RMS            Same top p        Same sampled p
   1      13.0155 ±    0.2885       0.01860 ±    0.00210       0.02490 ±    0.00036     3.820 ±  0.077 %    91.387 ±  0.219 %    40.519 ±  0.258 %
   2      12.1704 ±    0.1926       0.01791 ±    0.00150       0.02573 ±    0.00026     3.968 ±  0.056 %    91.705 ±  0.152 %    42.333 ±  0.186 %
   3      13.2498 ±    0.1730       0.01907 ±    0.00123       0.02631 ±    0.00021     3.945 ±  0.044 %    91.528 ±  0.126 %    40.763 ±  0.150 %
   4      12.8277 ±    0.1452       0.01962 ±    0.00109       0.02725 ±    0.00021     4.042 ±  0.040 %    91.484 ±  0.109 %    41.578 ±  0.131 %
   5      12.1996 ±    0.1222       0.01894 ±    0.00098       0.02727 ±    0.00026     4.039 ±  0.036 %    91.691 ±  0.096 %    42.131 ±  0.117 %

====== Perplexity statistics ======
Mean PPL(Q)                   :  12.199636 ±   0.122199
Mean PPL(base)                :  11.970705 ±   0.119397
Cor(ln(PPL(Q)), ln(PPL(base))):  99.52%
Mean ln(PPL(Q)/PPL(base))     :   0.018944 ±   0.000981
Mean PPL(Q)/PPL(base)         :   1.019124 ±   0.001000
Mean PPL(Q)-PPL(base)         :   0.228931 ±   0.012172

====== KL divergence statistics ======
Mean    KLD:   0.027275 ±   0.000258
Maximum KLD:  11.061374
99.9%   KLD:   0.531876
99.0%   KLD:   0.188465
95.0%   KLD:   0.084294
90.0%   KLD:   0.056932
Median  KLD:   0.016600
10.0%   KLD:   0.000559
 5.0%   KLD:   0.000111
 1.0%   KLD:   0.000012
 0.1%   KLD:   0.000000
Minimum KLD:  -0.000050

====== Token probability statistics ======
Mean    Δp: -0.197 ± 0.014 %
Maximum Δp: 84.604%
99.9%   Δp: 24.031%
99.0%   Δp: 11.585%
95.0%   Δp:  5.440%
90.0%   Δp:  3.068%
75.0%   Δp:  0.524%
Median  Δp: -0.002%
25.0%   Δp: -0.812%
10.0%   Δp: -3.693%
 5.0%   Δp: -6.353%
 1.0%   Δp: -13.130%
 0.1%   Δp: -27.811%
Minimum Δp: -83.602%
RMS Δp    :  4.039 ± 0.036 %
Same top p: 91.691 ± 0.096 %
Same sampled p: 42.131 ± 0.117 %

------------------------------
# llama-perplexity: version: 0.4.7-dev (build 11840, commit a740376d8-dirty) | built with GNU 15.3.0 for Linux x86_64
# model: /home/crusaderky/.cache/huggingface/hub/models--NANI-Nithin--MiniCPM5-2B-GGUF/snapshots/eb12985b999c83da2c982e76c503813be5476ead/MiniCPM5-2B-Q5_K_S.gguf size=1771504896 mtime=2026-09-14T23:44:24+00:00 sha256/1048576B=3262e58edb6011d9d5c2e18ddfdbb0f5330283aa6656fa7c4852f37b3ae26f32
llama-perplexity --kl-divergence-base /tmp/logits.dat --ctx-size 32768 -f sample-data/wiki.test.head-2.4k.raw -fa on --hf-repo NANI-Nithin/MiniCPM5-2B-GGUF:Q5_K_S --cache-type-k q5_0 --cache-type-v q4_0 --kv-tail-tokens 128 --kl-divergence
0.01.852.059 I cmn          init: llama threadpool init, n_threads = 16
0.01.905.697 I 
0.01.905.773 I system_info: n_threads = 16 (n_threads_batch = 16) / 32 | CUDA : ARCHS = 750,800,860,890,900,1000,1030,1200,1210 | USE_GRAPHS = 1 | FA_ALL_QUANTS = 1 | CPU : SSE3 = 1 | SSSE3 = 1 | AVX = 1 | AVX2 = 1 | F16C = 1 | FMA = 1 | BMI2 = 1 | LLAMAFILE = 1 | OPENMP = 1 | REPACK = 1 | 
0.02.193.069 I kl_divergence: computing over 5 chunks, n_ctx=32768, batch_size=2048, n_seq=1
0.11.075.123 I kl_divergence: 8.88 seconds per pass - ETA 0.73 minutes

chunk             PPL               ln(PPL(Q)/PPL(base))          KL Divergence              Δp RMS            Same top p        Same sampled p
   1      13.0475 ±    0.2889       0.02105 ±    0.00207       0.02465 ±    0.00033     3.663 ±  0.060 %    91.491 ±  0.218 %    40.465 ±  0.258 %
   2      12.1962 ±    0.1929       0.02003 ±    0.00149       0.02554 ±    0.00025     3.874 ±  0.049 %    91.729 ±  0.152 %    42.279 ±  0.186 %
   3      13.2671 ±    0.1731       0.02037 ±    0.00123       0.02624 ±    0.00021     3.884 ±  0.043 %    91.552 ±  0.125 %    40.722 ±  0.150 %
   4      12.8429 ±    0.1452       0.02080 ±    0.00109       0.02745 ±    0.00027     4.011 ±  0.041 %    91.491 ±  0.109 %    41.523 ±  0.131 %
   5      12.2085 ±    0.1222       0.01967 ±    0.00099       0.02744 ±    0.00028     4.019 ±  0.037 %    91.691 ±  0.096 %    42.078 ±  0.117 %

====== Perplexity statistics ======
Mean PPL(Q)                   :  12.208452 ±   0.122191
Mean PPL(base)                :  11.970705 ±   0.119397
Cor(ln(PPL(Q)), ln(PPL(base))):  99.51%
Mean ln(PPL(Q)/PPL(base))     :   0.019666 ±   0.000988
Mean PPL(Q)/PPL(base)         :   1.019861 ±   0.001007
Mean PPL(Q)-PPL(base)         :   0.237747 ±   0.012254

====== KL divergence statistics ======
Mean    KLD:   0.027443 ±   0.000280
Maximum KLD:  10.138679
99.9%   KLD:   0.592586
99.0%   KLD:   0.190207
95.0%   KLD:   0.084141
90.0%   KLD:   0.057020
Median  KLD:   0.016510
10.0%   KLD:   0.000562
 5.0%   KLD:   0.000114
 1.0%   KLD:   0.000012
 0.1%   KLD:   0.000000
Minimum KLD:  -0.000048

====== Token probability statistics ======
Mean    Δp: -0.252 ± 0.014 %
Maximum Δp: 84.824%
99.9%   Δp: 24.041%
99.0%   Δp: 11.451%
95.0%   Δp:  5.174%
90.0%   Δp:  2.952%
75.0%   Δp:  0.464%
Median  Δp: -0.003%
25.0%   Δp: -0.871%
10.0%   Δp: -3.777%
 5.0%   Δp: -6.381%
 1.0%   Δp: -13.054%
 0.1%   Δp: -27.312%
Minimum Δp: -82.487%
RMS Δp    :  4.019 ± 0.037 %
Same top p: 91.691 ± 0.096 %
Same sampled p: 42.078 ± 0.117 %

------------------------------
# llama-perplexity: version: 0.4.7-dev (build 11840, commit a740376d8-dirty) | built with GNU 15.3.0 for Linux x86_64
# model: /home/crusaderky/.cache/huggingface/hub/models--NANI-Nithin--MiniCPM5-2B-GGUF/snapshots/eb12985b999c83da2c982e76c503813be5476ead/MiniCPM5-2B-Q5_K_S.gguf size=1771504896 mtime=2026-09-14T23:44:24+00:00 sha256/1048576B=3262e58edb6011d9d5c2e18ddfdbb0f5330283aa6656fa7c4852f37b3ae26f32
llama-perplexity --kl-divergence-base /tmp/logits.dat --ctx-size 32768 -f sample-data/wiki.test.head-2.4k.raw -fa on --hf-repo NANI-Nithin/MiniCPM5-2B-GGUF:Q5_K_S --cache-type-k q5_0 --cache-type-v q3_0 --kv-tail-tokens 128 --kl-divergence
0.01.882.622 I cmn          init: llama threadpool init, n_threads = 16
0.01.937.879 I 
0.01.937.951 I system_info: n_threads = 16 (n_threads_batch = 16) / 32 | CUDA : ARCHS = 750,800,860,890,900,1000,1030,1200,1210 | USE_GRAPHS = 1 | FA_ALL_QUANTS = 1 | CPU : SSE3 = 1 | SSSE3 = 1 | AVX = 1 | AVX2 = 1 | F16C = 1 | FMA = 1 | BMI2 = 1 | LLAMAFILE = 1 | OPENMP = 1 | REPACK = 1 | 
0.02.232.181 I kl_divergence: computing over 5 chunks, n_ctx=32768, batch_size=2048, n_seq=1
0.11.015.451 I kl_divergence: 8.78 seconds per pass - ETA 0.72 minutes

chunk             PPL               ln(PPL(Q)/PPL(base))          KL Divergence              Δp RMS            Same top p        Same sampled p
   1      13.0890 ±    0.2904       0.02423 ±    0.00224       0.02776 ±    0.00038     4.010 ±  0.072 %    91.021 ±  0.223 %    40.505 ±  0.258 %
   2      12.2171 ±    0.1934       0.02174 ±    0.00160       0.02889 ±    0.00030     4.190 ±  0.057 %    91.174 ±  0.157 %    42.298 ±  0.187 %
   3      13.3124 ±    0.1740       0.02378 ±    0.00130       0.02932 ±    0.00023     4.150 ±  0.045 %    91.052 ±  0.129 %    40.733 ±  0.150 %
   4      12.8793 ±    0.1459       0.02363 ±    0.00115       0.03026 ±    0.00023     4.251 ±  0.040 %    91.073 ±  0.111 %    41.530 ±  0.131 %
   5      12.2444 ±    0.1227       0.02261 ±    0.00103       0.03006 ±    0.00024     4.243 ±  0.037 %    91.252 ±  0.099 %    42.058 ±  0.117 %

====== Perplexity statistics ======
Mean PPL(Q)                   :  12.244427 ±   0.122713
Mean PPL(base)                :  11.970705 ±   0.119397
Cor(ln(PPL(Q)), ln(PPL(base))):  99.47%
Mean ln(PPL(Q)/PPL(base))     :   0.022608 ±   0.001033
Mean PPL(Q)/PPL(base)         :   1.022866 ±   0.001056
Mean PPL(Q)-PPL(base)         :   0.273722 ±   0.012921

====== KL divergence statistics ======
Mean    KLD:   0.030064 ±   0.000244
Maximum KLD:  10.277432
99.9%   KLD:   0.594842
99.0%   KLD:   0.211162
95.0%   KLD:   0.094533
90.0%   KLD:   0.063755
Median  KLD:   0.018153
10.0%   KLD:   0.000651
 5.0%   KLD:   0.000128
 1.0%   KLD:   0.000013
 0.1%   KLD:  -0.000000
Minimum KLD:  -0.000040

====== Token probability statistics ======
Mean    Δp: -0.275 ± 0.015 %
Maximum Δp: 76.893%
99.9%   Δp: 25.739%
99.0%   Δp: 11.858%
95.0%   Δp:  5.459%
90.0%   Δp:  3.082%
75.0%   Δp:  0.491%
Median  Δp: -0.003%
25.0%   Δp: -0.906%
10.0%   Δp: -4.009%
 5.0%   Δp: -6.660%
 1.0%   Δp: -14.104%
 0.1%   Δp: -29.727%
Minimum Δp: -83.553%
RMS Δp    :  4.243 ± 0.037 %
Same top p: 91.252 ± 0.099 %
Same sampled p: 42.058 ± 0.117 %

------------------------------
# llama-perplexity: version: 0.4.7-dev (build 11840, commit a740376d8-dirty) | built with GNU 15.3.0 for Linux x86_64
# model: /home/crusaderky/.cache/huggingface/hub/models--NANI-Nithin--MiniCPM5-2B-GGUF/snapshots/eb12985b999c83da2c982e76c503813be5476ead/MiniCPM5-2B-Q5_K_S.gguf size=1771504896 mtime=2026-09-14T23:44:24+00:00 sha256/1048576B=3262e58edb6011d9d5c2e18ddfdbb0f5330283aa6656fa7c4852f37b3ae26f32
llama-perplexity --kl-divergence-base /tmp/logits.dat --ctx-size 32768 -f sample-data/wiki.test.head-2.4k.raw -fa on --hf-repo NANI-Nithin/MiniCPM5-2B-GGUF:Q5_K_S --cache-type-k q4_0 --cache-type-v q3_0 --kv-tail-tokens 1024 --kl-divergence
0.01.898.592 I cmn          init: llama threadpool init, n_threads = 16
0.01.953.052 I 
0.01.953.111 I system_info: n_threads = 16 (n_threads_batch = 16) / 32 | CUDA : ARCHS = 750,800,860,890,900,1000,1030,1200,1210 | USE_GRAPHS = 1 | FA_ALL_QUANTS = 1 | CPU : SSE3 = 1 | SSSE3 = 1 | AVX = 1 | AVX2 = 1 | F16C = 1 | FMA = 1 | BMI2 = 1 | LLAMAFILE = 1 | OPENMP = 1 | REPACK = 1 | 
0.02.241.225 I kl_divergence: computing over 5 chunks, n_ctx=32768, batch_size=2048, n_seq=1
0.11.349.165 I kl_divergence: 9.11 seconds per pass - ETA 0.75 minutes

chunk             PPL               ln(PPL(Q)/PPL(base))          KL Divergence              Δp RMS            Same top p        Same sampled p
   1      13.0740 ±    0.2901       0.02308 ±    0.00225       0.02816 ±    0.00036     4.135 ±  0.082 %    91.003 ±  0.224 %    40.521 ±  0.258 %
   2      12.2296 ±    0.1938       0.02276 ±    0.00170       0.02976 ±    0.00059     4.289 ±  0.070 %    90.985 ±  0.158 %    42.293 ±  0.187 %
   3      13.3222 ±    0.1742       0.02452 ±    0.00137       0.02992 ±    0.00041     4.261 ±  0.055 %    90.854 ±  0.130 %    40.733 ±  0.150 %
   4      12.8945 ±    0.1461       0.02481 ±    0.00120       0.03116 ±    0.00038     4.378 ±  0.049 %    90.858 ±  0.113 %    41.527 ±  0.131 %
   5      12.2576 ±    0.1229       0.02368 ±    0.00106       0.03106 ±    0.00037     4.373 ±  0.043 %    91.112 ±  0.099 %    42.058 ±  0.117 %

====== Perplexity statistics ======
Mean PPL(Q)                   :  12.257611 ±   0.122885
Mean PPL(base)                :  11.970705 ±   0.119397
Cor(ln(PPL(Q)), ln(PPL(base))):  99.43%
Mean ln(PPL(Q)/PPL(base))     :   0.023685 ±   0.001064
Mean PPL(Q)/PPL(base)         :   1.023967 ±   0.001090
Mean PPL(Q)-PPL(base)         :   0.286905 ±   0.013343

====== KL divergence statistics ======
Mean    KLD:   0.031062 ±   0.000369
Maximum KLD:  16.989590
99.9%   KLD:   0.666951
99.0%   KLD:   0.218138
95.0%   KLD:   0.095551
90.0%   KLD:   0.064376
Median  KLD:   0.018409
10.0%   KLD:   0.000648
 5.0%   KLD:   0.000130
 1.0%   KLD:   0.000012
 0.1%   KLD:   0.000000
Minimum KLD:  -0.000041

====== Token probability statistics ======
Mean    Δp: -0.278 ± 0.015 %
Maximum Δp: 83.673%
99.9%   Δp: 26.599%
99.0%   Δp: 11.953%
95.0%   Δp:  5.551%
90.0%   Δp:  3.130%
75.0%   Δp:  0.505%
Median  Δp: -0.003%
25.0%   Δp: -0.899%
10.0%   Δp: -4.016%
 5.0%   Δp: -6.747%
 1.0%   Δp: -14.477%
 0.1%   Δp: -31.322%
Minimum Δp: -97.153%
RMS Δp    :  4.373 ± 0.043 %
Same top p: 91.112 ± 0.099 %
Same sampled p: 42.058 ± 0.117 %

------------------------------
# llama-perplexity: version: 0.4.7-dev (build 11840, commit a740376d8-dirty) | built with GNU 15.3.0 for Linux x86_64
# model: /home/crusaderky/.cache/huggingface/hub/models--NANI-Nithin--MiniCPM5-2B-GGUF/snapshots/eb12985b999c83da2c982e76c503813be5476ead/MiniCPM5-2B-Q5_K_S.gguf size=1771504896 mtime=2026-09-14T23:44:24+00:00 sha256/1048576B=3262e58edb6011d9d5c2e18ddfdbb0f5330283aa6656fa7c4852f37b3ae26f32
llama-perplexity --kl-divergence-base /tmp/logits.dat --ctx-size 32768 -f sample-data/wiki.test.head-2.4k.raw -fa on --hf-repo NANI-Nithin/MiniCPM5-2B-GGUF:Q5_K_S --cache-type-k q3_0 --cache-type-v q3_0 --kv-tail-tokens 1024 --kl-divergence
0.01.866.305 I cmn          init: llama threadpool init, n_threads = 16
0.01.920.835 I 
0.01.920.905 I system_info: n_threads = 16 (n_threads_batch = 16) / 32 | CUDA : ARCHS = 750,800,860,890,900,1000,1030,1200,1210 | USE_GRAPHS = 1 | FA_ALL_QUANTS = 1 | CPU : SSE3 = 1 | SSSE3 = 1 | AVX = 1 | AVX2 = 1 | F16C = 1 | FMA = 1 | BMI2 = 1 | LLAMAFILE = 1 | OPENMP = 1 | REPACK = 1 | 
0.02.205.745 I kl_divergence: computing over 5 chunks, n_ctx=32768, batch_size=2048, n_seq=1
0.11.471.749 I kl_divergence: 9.27 seconds per pass - ETA 0.77 minutes

chunk             PPL               ln(PPL(Q)/PPL(base))          KL Divergence              Δp RMS            Same top p        Same sampled p
   1      13.2065 ±    0.2935       0.03316 ±    0.00265       0.03828 ±    0.00061     4.819 ±  0.098 %    89.977 ±  0.235 %    40.359 ±  0.258 %
   2      12.3198 ±    0.1953       0.03011 ±    0.00186       0.03890 ±    0.00048     4.988 ±  0.075 %    90.304 ±  0.163 %    42.164 ±  0.186 %
   3      13.4178 ±    0.1756       0.03167 ±    0.00150       0.03870 ±    0.00036     4.910 ±  0.059 %    89.971 ±  0.135 %    40.618 ±  0.150 %
   4      12.9834 ±    0.1473       0.03168 ±    0.00133       0.04005 ±    0.00031     5.035 ±  0.053 %    89.881 ±  0.118 %    41.414 ±  0.131 %
   5      12.3475 ±    0.1239       0.03099 ±    0.00119       0.03997 ±    0.00031     5.042 ±  0.046 %    90.093 ±  0.104 %    41.947 ±  0.117 %

====== Perplexity statistics ======
Mean PPL(Q)                   :  12.347538 ±   0.123933
Mean PPL(base)                :  11.970705 ±   0.119397
Cor(ln(PPL(Q)), ln(PPL(base))):  99.29%
Mean ln(PPL(Q)/PPL(base))     :   0.030994 ±   0.001191
Mean PPL(Q)/PPL(base)         :   1.031480 ±   0.001228
Mean PPL(Q)-PPL(base)         :   0.376832 ±   0.015154

====== KL divergence statistics ======
Mean    KLD:   0.039971 ±   0.000306
Maximum KLD:  10.653982
99.9%   KLD:   0.849848
99.0%   KLD:   0.293309
95.0%   KLD:   0.127750
90.0%   KLD:   0.085965
Median  KLD:   0.023121
10.0%   KLD:   0.000843
 5.0%   KLD:   0.000169
 1.0%   KLD:   0.000017
 0.1%   KLD:   0.000001
Minimum KLD:  -0.000034

====== Token probability statistics ======
Mean    Δp: -0.360 ± 0.018 %
Maximum Δp: 76.011%
99.9%   Δp: 28.861%
99.0%   Δp: 13.835%
95.0%   Δp:  6.245%
90.0%   Δp:  3.488%
75.0%   Δp:  0.563%
Median  Δp: -0.003%
25.0%   Δp: -1.041%
10.0%   Δp: -4.576%
 5.0%   Δp: -7.797%
 1.0%   Δp: -17.451%
 0.1%   Δp: -38.474%
Minimum Δp: -93.709%
RMS Δp    :  5.042 ± 0.046 %
Same top p: 90.093 ± 0.104 %
Same sampled p: 41.947 ± 0.117 %

------------------------------
# llama-perplexity: version: 0.4.7-dev (build 11840, commit a740376d8-dirty) | built with GNU 15.3.0 for Linux x86_64
# model: /home/crusaderky/.cache/huggingface/hub/models--NANI-Nithin--MiniCPM5-2B-GGUF/snapshots/eb12985b999c83da2c982e76c503813be5476ead/MiniCPM5-2B-Q5_K_S.gguf size=1771504896 mtime=2026-09-14T23:44:24+00:00 sha256/1048576B=3262e58edb6011d9d5c2e18ddfdbb0f5330283aa6656fa7c4852f37b3ae26f32
llama-perplexity --kl-divergence-base /tmp/logits.dat --ctx-size 32768 -f sample-data/wiki.test.head-2.4k.raw -fa on --hf-repo NANI-Nithin/MiniCPM5-2B-GGUF:Q5_K_S --cache-type-k kvarn3 --cache-type-v kvarn3 --kv-tail-tokens 1024 --kl-divergence
0.01.897.318 I cmn          init: llama threadpool init, n_threads = 16
0.01.967.786 I 
0.01.967.858 I system_info: n_threads = 16 (n_threads_batch = 16) / 32 | CUDA : ARCHS = 750,800,860,890,900,1000,1030,1200,1210 | USE_GRAPHS = 1 | FA_ALL_QUANTS = 1 | CPU : SSE3 = 1 | SSSE3 = 1 | AVX = 1 | AVX2 = 1 | F16C = 1 | FMA = 1 | BMI2 = 1 | LLAMAFILE = 1 | OPENMP = 1 | REPACK = 1 | 
0.02.271.908 I kl_divergence: computing over 5 chunks, n_ctx=32768, batch_size=2048, n_seq=1
0.12.661.514 I kl_divergence: 10.39 seconds per pass - ETA 0.85 minutes

chunk             PPL               ln(PPL(Q)/PPL(base))          KL Divergence              Δp RMS            Same top p        Same sampled p
   1      13.0771 ±    0.2901       0.02331 ±    0.00220       0.02746 ±    0.00041     3.956 ±  0.075 %    91.174 ±  0.222 %    40.460 ±  0.258 %
   2      12.1991 ±    0.1930       0.02026 ±    0.00158       0.02860 ±    0.00033     4.256 ±  0.066 %    91.311 ±  0.156 %    42.263 ±  0.186 %
   3      13.2640 ±    0.1731       0.02014 ±    0.00128       0.02874 ±    0.00024     4.183 ±  0.049 %    91.182 ±  0.128 %    40.709 ±  0.150 %
   4      12.8392 ±    0.1452       0.02051 ±    0.00113       0.02981 ±    0.00024     4.307 ±  0.044 %    91.155 ±  0.111 %    41.500 ±  0.131 %
   5      12.2135 ±    0.1223       0.02008 ±    0.00102       0.02976 ±    0.00023     4.324 ±  0.040 %    91.361 ±  0.098 %    42.057 ±  0.117 %

====== Perplexity statistics ======
Mean PPL(Q)                   :  12.213527 ±   0.122285
Mean PPL(base)                :  11.970705 ±   0.119397
Cor(ln(PPL(Q)), ln(PPL(base))):  99.48%
Mean ln(PPL(Q)/PPL(base))     :   0.020082 ±   0.001022
Mean PPL(Q)/PPL(base)         :   1.020285 ±   0.001043
Mean PPL(Q)-PPL(base)         :   0.242822 ±   0.012686

====== KL divergence statistics ======
Mean    KLD:   0.029758 ±   0.000225
Maximum KLD:   6.063292
99.9%   KLD:   0.610630
99.0%   KLD:   0.218004
95.0%   KLD:   0.093729
90.0%   KLD:   0.063206
Median  KLD:   0.017626
10.0%   KLD:   0.000657
 5.0%   KLD:   0.000129
 1.0%   KLD:   0.000014
 0.1%   KLD:   0.000001
Minimum KLD:  -0.000031

====== Token probability statistics ======
Mean    Δp: -0.259 ± 0.015 %
Maximum Δp: 78.777%
99.9%   Δp: 27.292%
99.0%   Δp: 12.306%
95.0%   Δp:  5.447%
90.0%   Δp:  3.069%
75.0%   Δp:  0.503%
Median  Δp: -0.003%
25.0%   Δp: -0.886%
10.0%   Δp: -3.961%
 5.0%   Δp: -6.669%
 1.0%   Δp: -14.375%
 0.1%   Δp: -29.724%
Minimum Δp: -84.012%
RMS Δp    :  4.324 ± 0.040 %
Same top p: 91.361 ± 0.098 %
Same sampled p: 42.057 ± 0.117 %

------------------------------
# llama-perplexity: version: 0.4.7-dev (build 11840, commit a740376d8-dirty) | built with GNU 15.3.0 for Linux x86_64
# model: /home/crusaderky/.cache/huggingface/hub/models--NANI-Nithin--MiniCPM5-2B-GGUF/snapshots/eb12985b999c83da2c982e76c503813be5476ead/MiniCPM5-2B-IQ4_XS.gguf size=1423508736 mtime=2026-09-14T23:48:06+00:00 sha256/1048576B=3262e58edb6011d9d5c2e18ddfdbb0f5330283aa6656fa7c4852f37b3ae26f32
llama-perplexity --kl-divergence-base /tmp/logits.dat --ctx-size 32768 -f sample-data/wiki.test.head-2.4k.raw -fa on --hf-repo NANI-Nithin/MiniCPM5-2B-GGUF:IQ4_XS --cache-type-k q5_0 --cache-type-v q4_1 --kv-tail-tokens 128 --kl-divergence
0.01.832.047 I cmn          init: llama threadpool init, n_threads = 16
0.01.887.432 I 
0.01.887.498 I system_info: n_threads = 16 (n_threads_batch = 16) / 32 | CUDA : ARCHS = 750,800,860,890,900,1000,1030,1200,1210 | USE_GRAPHS = 1 | FA_ALL_QUANTS = 1 | CPU : SSE3 = 1 | SSSE3 = 1 | AVX = 1 | AVX2 = 1 | F16C = 1 | FMA = 1 | BMI2 = 1 | LLAMAFILE = 1 | OPENMP = 1 | REPACK = 1 | 
0.02.184.740 I kl_divergence: computing over 5 chunks, n_ctx=32768, batch_size=2048, n_seq=1
0.10.979.691 I kl_divergence: 8.79 seconds per pass - ETA 0.72 minutes

chunk             PPL               ln(PPL(Q)/PPL(base))          KL Divergence              Δp RMS            Same top p        Same sampled p
   1      13.6540 ±    0.3042       0.06649 ±    0.00387       0.08584 ±    0.00093     7.127 ±  0.105 %    84.978 ±  0.279 %    39.580 ±  0.257 %
   2      12.7556 ±    0.2030       0.06487 ±    0.00274       0.08688 ±    0.00080     7.321 ±  0.085 %    85.628 ±  0.194 %    41.381 ±  0.186 %
   3      13.8513 ±    0.1816       0.06346 ±    0.00225       0.08824 ±    0.00064     7.180 ±  0.067 %    85.281 ±  0.160 %    39.856 ±  0.150 %
   4      13.4268 ±    0.1527       0.06526 ±    0.00198       0.09011 ±    0.00055     7.319 ±  0.059 %    85.251 ±  0.139 %    40.611 ±  0.131 %
   5      12.7642 ±    0.1286       0.06418 ±    0.00176       0.08919 ±    0.00053     7.263 ±  0.053 %    85.531 ±  0.123 %    41.191 ±  0.117 %

====== Perplexity statistics ======
Mean PPL(Q)                   :  12.764212 ±   0.128554
Mean PPL(base)                :  11.970705 ±   0.119397
Cor(ln(PPL(Q)), ln(PPL(base))):  98.46%
Mean ln(PPL(Q)/PPL(base))     :   0.064183 ±   0.001761
Mean PPL(Q)/PPL(base)         :   1.066287 ±   0.001878
Mean PPL(Q)-PPL(base)         :   0.793507 ±   0.023583

====== KL divergence statistics ======
Mean    KLD:   0.089188 ±   0.000525
Maximum KLD:  11.942397
99.9%   KLD:   1.490077
99.0%   KLD:   0.594948
95.0%   KLD:   0.280284
90.0%   KLD:   0.193651
Median  KLD:   0.055870
10.0%   KLD:   0.002044
 5.0%   KLD:   0.000428
 1.0%   KLD:   0.000051
 0.1%   KLD:   0.000007
Minimum KLD:  -0.000001

====== Token probability statistics ======
Mean    Δp: -0.906 ± 0.025 %
Maximum Δp: 90.321%
99.9%   Δp: 35.642%
99.0%   Δp: 18.988%
95.0%   Δp:  8.682%
90.0%   Δp:  4.814%
75.0%   Δp:  0.615%
Median  Δp: -0.032%
25.0%   Δp: -1.956%
10.0%   Δp: -7.720%
 5.0%   Δp: -12.608%
 1.0%   Δp: -25.989%
 0.1%   Δp: -51.305%
Minimum Δp: -96.137%
RMS Δp    :  7.263 ± 0.053 %
Same top p: 85.531 ± 0.123 %
Same sampled p: 41.191 ± 0.117 %

------------------------------
# llama-perplexity: version: 0.4.7-dev (build 11840, commit a740376d8-dirty) | built with GNU 15.3.0 for Linux x86_64
# model: /home/crusaderky/.cache/huggingface/hub/models--NANI-Nithin--MiniCPM5-2B-GGUF/snapshots/eb12985b999c83da2c982e76c503813be5476ead/MiniCPM5-2B-IQ4_XS.gguf size=1423508736 mtime=2026-09-14T23:48:06+00:00 sha256/1048576B=3262e58edb6011d9d5c2e18ddfdbb0f5330283aa6656fa7c4852f37b3ae26f32
llama-perplexity --kl-divergence-base /tmp/logits.dat --ctx-size 32768 -f sample-data/wiki.test.head-2.4k.raw -fa on --hf-repo NANI-Nithin/MiniCPM5-2B-GGUF:IQ4_XS --cache-type-k q5_0 --cache-type-v q4_0 --kv-tail-tokens 128 --kl-divergence
0.01.818.314 I cmn          init: llama threadpool init, n_threads = 16
0.01.875.268 I 
0.01.875.324 I system_info: n_threads = 16 (n_threads_batch = 16) / 32 | CUDA : ARCHS = 750,800,860,890,900,1000,1030,1200,1210 | USE_GRAPHS = 1 | FA_ALL_QUANTS = 1 | CPU : SSE3 = 1 | SSSE3 = 1 | AVX = 1 | AVX2 = 1 | F16C = 1 | FMA = 1 | BMI2 = 1 | LLAMAFILE = 1 | OPENMP = 1 | REPACK = 1 | 
0.02.179.570 I kl_divergence: computing over 5 chunks, n_ctx=32768, batch_size=2048, n_seq=1
0.10.904.798 I kl_divergence: 8.73 seconds per pass - ETA 0.72 minutes

chunk             PPL               ln(PPL(Q)/PPL(base))          KL Divergence              Δp RMS            Same top p        Same sampled p
   1      13.6518 ±    0.3037       0.06632 ±    0.00386       0.08551 ±    0.00091     7.129 ±  0.104 %    84.746 ±  0.281 %    39.520 ±  0.257 %
   2      12.7715 ±    0.2032       0.06612 ±    0.00274       0.08715 ±    0.00076     7.346 ±  0.085 %    85.567 ±  0.194 %    41.323 ±  0.186 %
   3      13.8698 ±    0.1818       0.06480 ±    0.00225       0.08896 ±    0.00062     7.237 ±  0.068 %    85.172 ±  0.160 %    39.789 ±  0.150 %
   4      13.4492 ±    0.1529       0.06693 ±    0.00198       0.09078 ±    0.00054     7.365 ±  0.059 %    85.175 ±  0.139 %    40.552 ±  0.131 %
   5      12.7838 ±    0.1287       0.06571 ±    0.00176       0.08985 ±    0.00051     7.295 ±  0.052 %    85.469 ±  0.123 %    41.139 ±  0.117 %

====== Perplexity statistics ======
Mean PPL(Q)                   :  12.783773 ±   0.128686
Mean PPL(base)                :  11.970705 ±   0.119397
Cor(ln(PPL(Q)), ln(PPL(base))):  98.45%
Mean ln(PPL(Q)/PPL(base))     :   0.065714 ±   0.001765
Mean PPL(Q)/PPL(base)         :   1.067921 ±   0.001884
Mean PPL(Q)-PPL(base)         :   0.813067 ±   0.023695

====== KL divergence statistics ======
Mean    KLD:   0.089850 ±   0.000513
Maximum KLD:  11.386679
99.9%   KLD:   1.489340
99.0%   KLD:   0.597405
95.0%   KLD:   0.284946
90.0%   KLD:   0.196105
Median  KLD:   0.056265
10.0%   KLD:   0.002091
 5.0%   KLD:   0.000436
 1.0%   KLD:   0.000050
 0.1%   KLD:   0.000006
Minimum KLD:  -0.000001

====== Token probability statistics ======
Mean    Δp: -0.967 ± 0.025 %
Maximum Δp: 85.759%
99.9%   Δp: 35.408%
99.0%   Δp: 18.840%
95.0%   Δp:  8.673%
90.0%   Δp:  4.695%
75.0%   Δp:  0.584%
Median  Δp: -0.036%
25.0%   Δp: -2.018%
10.0%   Δp: -7.867%
 5.0%   Δp: -12.796%
 1.0%   Δp: -26.301%
 0.1%   Δp: -51.567%
Minimum Δp: -96.131%
RMS Δp    :  7.295 ± 0.052 %
Same top p: 85.469 ± 0.123 %
Same sampled p: 41.139 ± 0.117 %

------------------------------
# llama-perplexity: version: 0.4.7-dev (build 11840, commit a740376d8-dirty) | built with GNU 15.3.0 for Linux x86_64
# model: /home/crusaderky/.cache/huggingface/hub/models--NANI-Nithin--MiniCPM5-2B-GGUF/snapshots/eb12985b999c83da2c982e76c503813be5476ead/MiniCPM5-2B-IQ4_XS.gguf size=1423508736 mtime=2026-09-14T23:48:06+00:00 sha256/1048576B=3262e58edb6011d9d5c2e18ddfdbb0f5330283aa6656fa7c4852f37b3ae26f32
llama-perplexity --kl-divergence-base /tmp/logits.dat --ctx-size 32768 -f sample-data/wiki.test.head-2.4k.raw -fa on --hf-repo NANI-Nithin/MiniCPM5-2B-GGUF:IQ4_XS --cache-type-k q5_0 --cache-type-v q3_0 --kv-tail-tokens 128 --kl-divergence
0.01.836.743 I cmn          init: llama threadpool init, n_threads = 16
0.01.895.147 I 
0.01.895.211 I system_info: n_threads = 16 (n_threads_batch = 16) / 32 | CUDA : ARCHS = 750,800,860,890,900,1000,1030,1200,1210 | USE_GRAPHS = 1 | FA_ALL_QUANTS = 1 | CPU : SSE3 = 1 | SSSE3 = 1 | AVX = 1 | AVX2 = 1 | F16C = 1 | FMA = 1 | BMI2 = 1 | LLAMAFILE = 1 | OPENMP = 1 | REPACK = 1 | 
0.02.197.992 I kl_divergence: computing over 5 chunks, n_ctx=32768, batch_size=2048, n_seq=1
0.10.815.438 I kl_divergence: 8.62 seconds per pass - ETA 0.72 minutes

chunk             PPL               ln(PPL(Q)/PPL(base))          KL Divergence              Δp RMS            Same top p        Same sampled p
   1      13.7093 ±    0.3054       0.07053 ±    0.00393       0.08857 ±    0.00095     7.314 ±  0.109 %    84.740 ±  0.281 %    39.484 ±  0.257 %
   2      12.7937 ±    0.2037       0.06786 ±    0.00277       0.08938 ±    0.00077     7.449 ±  0.086 %    85.424 ±  0.195 %    41.317 ±  0.186 %
   3      13.8997 ±    0.1825       0.06696 ±    0.00228       0.09092 ±    0.00062     7.309 ±  0.069 %    85.096 ±  0.161 %    39.805 ±  0.150 %
   4      13.4766 ±    0.1534       0.06896 ±    0.00201       0.09267 ±    0.00054     7.435 ±  0.059 %    85.094 ±  0.139 %    40.563 ±  0.131 %
   5      12.8034 ±    0.1291       0.06725 ±    0.00179       0.09162 ±    0.00053     7.375 ±  0.053 %    85.378 ±  0.123 %    41.142 ±  0.117 %

====== Perplexity statistics ======
Mean PPL(Q)                   :  12.803387 ±   0.129073
Mean PPL(base)                :  11.970705 ±   0.119397
Cor(ln(PPL(Q)), ln(PPL(base))):  98.42%
Mean ln(PPL(Q)/PPL(base))     :   0.067247 ±   0.001787
Mean PPL(Q)/PPL(base)         :   1.069560 ±   0.001912
Mean PPL(Q)-PPL(base)         :   0.832682 ±   0.024112

====== KL divergence statistics ======
Mean    KLD:   0.091624 ±   0.000528
Maximum KLD:  11.511565
99.9%   KLD:   1.529787
99.0%   KLD:   0.610472
95.0%   KLD:   0.287558
90.0%   KLD:   0.200626
Median  KLD:   0.057156
10.0%   KLD:   0.002153
 5.0%   KLD:   0.000466
 1.0%   KLD:   0.000054
 0.1%   KLD:   0.000006
Minimum KLD:  -0.000001

====== Token probability statistics ======
Mean    Δp: -0.950 ± 0.026 %
Maximum Δp: 92.308%
99.9%   Δp: 37.620%
99.0%   Δp: 19.078%
95.0%   Δp:  8.770%
90.0%   Δp:  4.789%
75.0%   Δp:  0.603%
Median  Δp: -0.035%
25.0%   Δp: -1.981%
10.0%   Δp: -7.823%
 5.0%   Δp: -12.928%
 1.0%   Δp: -26.413%
 0.1%   Δp: -53.666%
Minimum Δp: -96.095%
RMS Δp    :  7.375 ± 0.053 %
Same top p: 85.378 ± 0.123 %
Same sampled p: 41.142 ± 0.117 %

------------------------------
# llama-perplexity: version: 0.4.7-dev (build 11840, commit a740376d8-dirty) | built with GNU 15.3.0 for Linux x86_64
# model: /home/crusaderky/.cache/huggingface/hub/models--NANI-Nithin--MiniCPM5-2B-GGUF/snapshots/eb12985b999c83da2c982e76c503813be5476ead/MiniCPM5-2B-IQ4_XS.gguf size=1423508736 mtime=2026-09-14T23:48:06+00:00 sha256/1048576B=3262e58edb6011d9d5c2e18ddfdbb0f5330283aa6656fa7c4852f37b3ae26f32
llama-perplexity --kl-divergence-base /tmp/logits.dat --ctx-size 32768 -f sample-data/wiki.test.head-2.4k.raw -fa on --hf-repo NANI-Nithin/MiniCPM5-2B-GGUF:IQ4_XS --cache-type-k q4_0 --cache-type-v q3_0 --kv-tail-tokens 1024 --kl-divergence
0.01.849.398 I cmn          init: llama threadpool init, n_threads = 16
0.01.905.319 I 
0.01.905.390 I system_info: n_threads = 16 (n_threads_batch = 16) / 32 | CUDA : ARCHS = 750,800,860,890,900,1000,1030,1200,1210 | USE_GRAPHS = 1 | FA_ALL_QUANTS = 1 | CPU : SSE3 = 1 | SSSE3 = 1 | AVX = 1 | AVX2 = 1 | F16C = 1 | FMA = 1 | BMI2 = 1 | LLAMAFILE = 1 | OPENMP = 1 | REPACK = 1 | 
0.02.204.627 I kl_divergence: computing over 5 chunks, n_ctx=32768, batch_size=2048, n_seq=1
0.11.179.875 I kl_divergence: 8.98 seconds per pass - ETA 0.73 minutes

chunk             PPL               ln(PPL(Q)/PPL(base))          KL Divergence              Δp RMS            Same top p        Same sampled p
   1      13.7281 ±    0.3059       0.07190 ±    0.00392       0.08922 ±    0.00095     7.273 ±  0.106 %    84.600 ±  0.282 %    39.474 ±  0.257 %
   2      12.8075 ±    0.2040       0.06893 ±    0.00275       0.08921 ±    0.00072     7.357 ±  0.082 %    85.390 ±  0.195 %    41.330 ±  0.186 %
   3      13.9040 ±    0.1825       0.06727 ±    0.00227       0.09101 ±    0.00060     7.266 ±  0.066 %    84.950 ±  0.161 %    39.815 ±  0.150 %
   4      13.4900 ±    0.1536       0.06996 ±    0.00201       0.09314 ±    0.00054     7.424 ±  0.058 %    84.989 ±  0.140 %    40.564 ±  0.131 %
   5      12.8104 ±    0.1291       0.06779 ±    0.00180       0.09223 ±    0.00053     7.380 ±  0.052 %    85.249 ±  0.124 %    41.138 ±  0.117 %

====== Perplexity statistics ======
Mean PPL(Q)                   :  12.810398 ±   0.129121
Mean PPL(base)                :  11.970705 ±   0.119397
Cor(ln(PPL(Q)), ln(PPL(base))):  98.40%
Mean ln(PPL(Q)/PPL(base))     :   0.067795 ±   0.001798
Mean PPL(Q)/PPL(base)         :   1.070146 ±   0.001925
Mean PPL(Q)-PPL(base)         :   0.839693 ±   0.024266

====== KL divergence statistics ======
Mean    KLD:   0.092234 ±   0.000534
Maximum KLD:  11.546403
99.9%   KLD:   1.516325
99.0%   KLD:   0.616218
95.0%   KLD:   0.291978
90.0%   KLD:   0.201499
Median  KLD:   0.057366
10.0%   KLD:   0.002149
 5.0%   KLD:   0.000463
 1.0%   KLD:   0.000055
 0.1%   KLD:   0.000006
Minimum KLD:  -0.000001

====== Token probability statistics ======
Mean    Δp: -0.955 ± 0.026 %
Maximum Δp: 91.608%
99.9%   Δp: 36.661%
99.0%   Δp: 19.020%
95.0%   Δp:  8.752%
90.0%   Δp:  4.767%
75.0%   Δp:  0.601%
Median  Δp: -0.034%
25.0%   Δp: -1.984%
10.0%   Δp: -7.867%
 5.0%   Δp: -13.015%
 1.0%   Δp: -26.592%
 0.1%   Δp: -52.512%
Minimum Δp: -91.517%
RMS Δp    :  7.380 ± 0.052 %
Same top p: 85.249 ± 0.124 %
Same sampled p: 41.138 ± 0.117 %

------------------------------
# llama-perplexity: version: 0.4.7-dev (build 11840, commit a740376d8-dirty) | built with GNU 15.3.0 for Linux x86_64
# model: /home/crusaderky/.cache/huggingface/hub/models--NANI-Nithin--MiniCPM5-2B-GGUF/snapshots/eb12985b999c83da2c982e76c503813be5476ead/MiniCPM5-2B-IQ4_XS.gguf size=1423508736 mtime=2026-09-14T23:48:06+00:00 sha256/1048576B=3262e58edb6011d9d5c2e18ddfdbb0f5330283aa6656fa7c4852f37b3ae26f32
llama-perplexity --kl-divergence-base /tmp/logits.dat --ctx-size 32768 -f sample-data/wiki.test.head-2.4k.raw -fa on --hf-repo NANI-Nithin/MiniCPM5-2B-GGUF:IQ4_XS --cache-type-k q3_0 --cache-type-v q3_0 --kv-tail-tokens 1024 --kl-divergence
0.01.835.820 I cmn          init: llama threadpool init, n_threads = 16
0.01.893.633 I 
0.01.893.697 I system_info: n_threads = 16 (n_threads_batch = 16) / 32 | CUDA : ARCHS = 750,800,860,890,900,1000,1030,1200,1210 | USE_GRAPHS = 1 | FA_ALL_QUANTS = 1 | CPU : SSE3 = 1 | SSSE3 = 1 | AVX = 1 | AVX2 = 1 | F16C = 1 | FMA = 1 | BMI2 = 1 | LLAMAFILE = 1 | OPENMP = 1 | REPACK = 1 | 
0.02.200.190 I kl_divergence: computing over 5 chunks, n_ctx=32768, batch_size=2048, n_seq=1
0.11.141.377 I kl_divergence: 8.94 seconds per pass - ETA 0.73 minutes

chunk             PPL               ln(PPL(Q)/PPL(base))          KL Divergence              Δp RMS            Same top p        Same sampled p
   1      13.8182 ±    0.3087       0.07844 ±    0.00424       0.09974 ±    0.00109     7.832 ±  0.122 %    84.014 ±  0.286 %    39.355 ±  0.257 %
   2      12.9008 ±    0.2060       0.07619 ±    0.00298       0.10002 ±    0.00095     7.905 ±  0.093 %    84.667 ±  0.199 %    41.202 ±  0.186 %
   3      14.0231 ±    0.1846       0.07579 ±    0.00244       0.10146 ±    0.00075     7.741 ±  0.074 %    84.335 ±  0.164 %    39.714 ±  0.150 %
   4      13.6090 ±    0.1554       0.07874 ±    0.00215       0.10373 ±    0.00065     7.891 ±  0.063 %    84.359 ±  0.142 %    40.457 ±  0.130 %
   5      12.9321 ±    0.1308       0.07725 ±    0.00191       0.10309 ±    0.00062     7.885 ±  0.057 %    84.573 ±  0.126 %    41.032 ±  0.117 %

====== Perplexity statistics ======
Mean PPL(Q)                   :  12.932061 ±   0.130769
Mean PPL(base)                :  11.970705 ±   0.119397
Cor(ln(PPL(Q)), ln(PPL(base))):  98.19%
Mean ln(PPL(Q)/PPL(base))     :   0.077247 ±   0.001914
Mean PPL(Q)/PPL(base)         :   1.080309 ±   0.002068
Mean PPL(Q)-PPL(base)         :   0.961356 ±   0.026334

====== KL divergence statistics ======
Mean    KLD:   0.103092 ±   0.000623
Maximum KLD:  14.956465
99.9%   KLD:   1.778256
99.0%   KLD:   0.707317
95.0%   KLD:   0.328407
90.0%   KLD:   0.224811
Median  KLD:   0.063080
10.0%   KLD:   0.002338
 5.0%   KLD:   0.000495
 1.0%   KLD:   0.000061
 0.1%   KLD:   0.000007
Minimum KLD:  -0.000002

====== Token probability statistics ======
Mean    Δp: -1.039 ± 0.027 %
Maximum Δp: 90.201%
99.9%   Δp: 39.806%
99.0%   Δp: 20.193%
95.0%   Δp:  9.124%
90.0%   Δp:  4.955%
75.0%   Δp:  0.622%
Median  Δp: -0.039%
25.0%   Δp: -2.099%
10.0%   Δp: -8.274%
 5.0%   Δp: -13.758%
 1.0%   Δp: -28.564%
 0.1%   Δp: -56.922%
Minimum Δp: -99.476%
RMS Δp    :  7.885 ± 0.057 %
Same top p: 84.573 ± 0.126 %
Same sampled p: 41.032 ± 0.117 %

------------------------------
# llama-perplexity: version: 0.4.7-dev (build 11840, commit a740376d8-dirty) | built with GNU 15.3.0 for Linux x86_64
# model: /home/crusaderky/.cache/huggingface/hub/models--NANI-Nithin--MiniCPM5-2B-GGUF/snapshots/eb12985b999c83da2c982e76c503813be5476ead/MiniCPM5-2B-IQ4_XS.gguf size=1423508736 mtime=2026-09-14T23:48:06+00:00 sha256/1048576B=3262e58edb6011d9d5c2e18ddfdbb0f5330283aa6656fa7c4852f37b3ae26f32
llama-perplexity --kl-divergence-base /tmp/logits.dat --ctx-size 32768 -f sample-data/wiki.test.head-2.4k.raw -fa on --hf-repo NANI-Nithin/MiniCPM5-2B-GGUF:IQ4_XS --cache-type-k kvarn3 --cache-type-v kvarn3 --kv-tail-tokens 1024 --kl-divergence
0.01.824.053 I cmn          init: llama threadpool init, n_threads = 16
0.01.897.875 I 
0.01.897.941 I system_info: n_threads = 16 (n_threads_batch = 16) / 32 | CUDA : ARCHS = 750,800,860,890,900,1000,1030,1200,1210 | USE_GRAPHS = 1 | FA_ALL_QUANTS = 1 | CPU : SSE3 = 1 | SSSE3 = 1 | AVX = 1 | AVX2 = 1 | F16C = 1 | FMA = 1 | BMI2 = 1 | LLAMAFILE = 1 | OPENMP = 1 | REPACK = 1 | 
0.02.204.829 I kl_divergence: computing over 5 chunks, n_ctx=32768, batch_size=2048, n_seq=1
0.12.503.151 I kl_divergence: 10.30 seconds per pass - ETA 0.85 minutes

chunk             PPL               ln(PPL(Q)/PPL(base))          KL Divergence              Δp RMS            Same top p        Same sampled p
   1      13.7148 ±    0.3055       0.07093 ±    0.00392       0.08841 ±    0.00096     7.322 ±  0.108 %    84.722 ±  0.281 %    39.462 ±  0.257 %
   2      12.7886 ±    0.2035       0.06745 ±    0.00275       0.08911 ±    0.00072     7.453 ±  0.083 %    85.506 ±  0.194 %    41.284 ±  0.186 %
   3      13.8958 ±    0.1823       0.06667 ±    0.00227       0.09064 ±    0.00060     7.305 ±  0.066 %    85.098 ±  0.161 %    39.778 ±  0.150 %
   4      13.4835 ±    0.1534       0.06947 ±    0.00200       0.09300 ±    0.00055     7.472 ±  0.058 %    85.099 ±  0.139 %    40.522 ±  0.130 %
   5      12.8119 ±    0.1291       0.06791 ±    0.00178       0.09205 ±    0.00052     7.411 ±  0.052 %    85.365 ±  0.123 %    41.107 ±  0.117 %

====== Perplexity statistics ======
Mean PPL(Q)                   :  12.811925 ±   0.129069
Mean PPL(base)                :  11.970705 ±   0.119397
Cor(ln(PPL(Q)), ln(PPL(base))):  98.42%
Mean ln(PPL(Q)/PPL(base))     :   0.067914 ±   0.001783
Mean PPL(Q)/PPL(base)         :   1.070273 ±   0.001908
Mean PPL(Q)-PPL(base)         :   0.841220 ±   0.024070

====== KL divergence statistics ======
Mean    KLD:   0.092049 ±   0.000518
Maximum KLD:  11.578751
99.9%   KLD:   1.487785
99.0%   KLD:   0.623060
95.0%   KLD:   0.291184
90.0%   KLD:   0.201290
Median  KLD:   0.057433
10.0%   KLD:   0.002180
 5.0%   KLD:   0.000470
 1.0%   KLD:   0.000055
 0.1%   KLD:   0.000007
Minimum KLD:  -0.000002

====== Token probability statistics ======
Mean    Δp: -0.990 ± 0.026 %
Maximum Δp: 91.055%
99.9%   Δp: 37.913%
99.0%   Δp: 19.045%
95.0%   Δp:  8.699%
90.0%   Δp:  4.752%
75.0%   Δp:  0.572%
Median  Δp: -0.039%
25.0%   Δp: -2.054%
10.0%   Δp: -7.936%
 5.0%   Δp: -13.078%
 1.0%   Δp: -26.886%
 0.1%   Δp: -53.112%
Minimum Δp: -91.116%
RMS Δp    :  7.411 ± 0.052 %
Same top p: 85.365 ± 0.123 %
Same sampled p: 41.107 ± 0.117 %

------------------------------
# llama-perplexity: version: 0.4.7-dev (build 11840, commit a740376d8-dirty) | built with GNU 15.3.0 for Linux x86_64
# model: /home/crusaderky/.cache/huggingface/hub/models--Abiray--MiniCPM5-2B-heretic-abliterated-GGUF/snapshots/c153cc60bed0471d7d26feb02f999a887851a81b/MiniCPM5-2B-heretic-abliterated-Q6_K.gguf size=2070227872 mtime=2026-09-14T23:56:03+00:00 sha256/1048576B=b89fbc4f165c548a5ff8add090027133974656c16fc071096e6636fddb9e7638
llama-perplexity --kl-divergence-base /tmp/logits.dat --ctx-size 32768 -f sample-data/wiki.test.head-2.4k.raw -fa on --hf-repo Abiray/MiniCPM5-2B-heretic-abliterated-GGUF:Q6_K --cache-type-k q5_0 --cache-type-v q4_1 --kv-tail-tokens 128 --kl-divergence
0.01.949.485 I cmn          init: llama threadpool init, n_threads = 16
0.02.004.342 I 
0.02.004.413 I system_info: n_threads = 16 (n_threads_batch = 16) / 32 | CUDA : ARCHS = 750,800,860,890,900,1000,1030,1200,1210 | USE_GRAPHS = 1 | FA_ALL_QUANTS = 1 | CPU : SSE3 = 1 | SSSE3 = 1 | AVX = 1 | AVX2 = 1 | F16C = 1 | FMA = 1 | BMI2 = 1 | LLAMAFILE = 1 | OPENMP = 1 | REPACK = 1 | 
0.02.302.868 I kl_divergence: computing over 5 chunks, n_ctx=32768, batch_size=2048, n_seq=1
0.11.421.739 I kl_divergence: 9.12 seconds per pass - ETA 0.75 minutes

chunk             PPL               ln(PPL(Q)/PPL(base))          KL Divergence              Δp RMS            Same top p        Same sampled p
   1      13.0593 ±    0.2900       0.02195 ±    0.00186       0.02055 ±    0.00028     3.212 ±  0.067 %    92.608 ±  0.204 %    40.503 ±  0.258 %
   2      12.2386 ±    0.1942       0.02350 ±    0.00139       0.02370 ±    0.00030     3.465 ±  0.049 %    92.395 ±  0.146 %    42.290 ±  0.186 %
   3      13.3209 ±    0.1745       0.02442 ±    0.00116       0.02489 ±    0.00023     3.492 ±  0.039 %    92.036 ±  0.122 %    40.758 ±  0.150 %
   4      12.8651 ±    0.1459       0.02252 ±    0.00102       0.02456 ±    0.00025     3.508 ±  0.038 %    92.132 ±  0.105 %    41.564 ±  0.131 %
   5      12.2460 ±    0.1230       0.02274 ±    0.00093       0.02507 ±    0.00025     3.556 ±  0.038 %    92.276 ±  0.093 %    42.115 ±  0.117 %

====== Perplexity statistics ======
Mean PPL(Q)                   :  12.245990 ±   0.122976
Mean PPL(base)                :  11.970705 ±   0.119397
Cor(ln(PPL(Q)), ln(PPL(base))):  99.57%
Mean ln(PPL(Q)/PPL(base))     :   0.022736 ±   0.000927
Mean PPL(Q)/PPL(base)         :   1.022996 ±   0.000948
Mean PPL(Q)-PPL(base)         :   0.275284 ±   0.011747

====== KL divergence statistics ======
Mean    KLD:   0.025072 ±   0.000251
Maximum KLD:   7.346764
99.9%   KLD:   0.492699
99.0%   KLD:   0.150300
95.0%   KLD:   0.073443
90.0%   KLD:   0.052598
Median  KLD:   0.016041
10.0%   KLD:   0.000478
 5.0%   KLD:   0.000091
 1.0%   KLD:   0.000009
 0.1%   KLD:  -0.000000
Minimum KLD:  -0.000034

====== Token probability statistics ======
Mean    Δp: -0.257 ± 0.012 %
Maximum Δp: 85.102%
99.9%   Δp: 21.175%
99.0%   Δp: 10.020%
95.0%   Δp:  4.555%
90.0%   Δp:  2.517%
75.0%   Δp:  0.401%
Median  Δp: -0.006%
25.0%   Δp: -0.809%
10.0%   Δp: -3.432%
 5.0%   Δp: -5.694%
 1.0%   Δp: -11.593%
 0.1%   Δp: -23.047%
Minimum Δp: -96.782%
RMS Δp    :  3.556 ± 0.038 %
Same top p: 92.276 ± 0.093 %
Same sampled p: 42.115 ± 0.117 %

------------------------------
# llama-perplexity: version: 0.4.7-dev (build 11840, commit a740376d8-dirty) | built with GNU 15.3.0 for Linux x86_64
# model: /home/crusaderky/.cache/huggingface/hub/models--Abiray--MiniCPM5-2B-heretic-abliterated-GGUF/snapshots/c153cc60bed0471d7d26feb02f999a887851a81b/MiniCPM5-2B-heretic-abliterated-Q6_K.gguf size=2070227872 mtime=2026-09-14T23:56:03+00:00 sha256/1048576B=b89fbc4f165c548a5ff8add090027133974656c16fc071096e6636fddb9e7638
llama-perplexity --kl-divergence-base /tmp/logits.dat --ctx-size 32768 -f sample-data/wiki.test.head-2.4k.raw -fa on --hf-repo Abiray/MiniCPM5-2B-heretic-abliterated-GGUF:Q6_K --cache-type-k q5_0 --cache-type-v q4_0 --kv-tail-tokens 128 --kl-divergence
0.01.991.748 I cmn          init: llama threadpool init, n_threads = 16
0.02.047.785 I 
0.02.047.860 I system_info: n_threads = 16 (n_threads_batch = 16) / 32 | CUDA : ARCHS = 750,800,860,890,900,1000,1030,1200,1210 | USE_GRAPHS = 1 | FA_ALL_QUANTS = 1 | CPU : SSE3 = 1 | SSSE3 = 1 | AVX = 1 | AVX2 = 1 | F16C = 1 | FMA = 1 | BMI2 = 1 | LLAMAFILE = 1 | OPENMP = 1 | REPACK = 1 | 
0.02.349.077 I kl_divergence: computing over 5 chunks, n_ctx=32768, batch_size=2048, n_seq=1
0.11.491.394 I kl_divergence: 9.14 seconds per pass - ETA 0.75 minutes

chunk             PPL               ln(PPL(Q)/PPL(base))          KL Divergence              Δp RMS            Same top p        Same sampled p
   1      13.0231 ±    0.2890       0.01918 ±    0.00189       0.02084 ±    0.00026     3.277 ±  0.080 %    92.553 ±  0.205 %    40.521 ±  0.258 %
   2      12.2195 ±    0.1938       0.02194 ±    0.00141       0.02406 ±    0.00031     3.525 ±  0.062 %    92.321 ±  0.147 %    42.305 ±  0.186 %
   3      13.2985 ±    0.1742       0.02274 ±    0.00116       0.02507 ±    0.00024     3.538 ±  0.049 %    91.957 ±  0.123 %    40.766 ±  0.150 %
   4      12.8504 ±    0.1457       0.02138 ±    0.00102       0.02471 ±    0.00024     3.542 ±  0.044 %    92.083 ±  0.105 %    41.571 ±  0.131 %
   5      12.2272 ±    0.1228       0.02120 ±    0.00092       0.02517 ±    0.00026     3.569 ±  0.039 %    92.258 ±  0.093 %    42.119 ±  0.117 %

====== Perplexity statistics ======
Mean PPL(Q)                   :  12.227162 ±   0.122754
Mean PPL(base)                :  11.970705 ±   0.119397
Cor(ln(PPL(Q)), ln(PPL(base))):  99.58%
Mean ln(PPL(Q)/PPL(base))     :   0.021197 ±   0.000921
Mean PPL(Q)/PPL(base)         :   1.021424 ±   0.000941
Mean PPL(Q)-PPL(base)         :   0.256456 ±   0.011614

====== KL divergence statistics ======
Mean    KLD:   0.025170 ±   0.000262
Maximum KLD:  10.418902
99.9%   KLD:   0.490245
99.0%   KLD:   0.147084
95.0%   KLD:   0.073495
90.0%   KLD:   0.052810
Median  KLD:   0.016246
10.0%   KLD:   0.000484
 5.0%   KLD:   0.000092
 1.0%   KLD:   0.000008
 0.1%   KLD:  -0.000000
Minimum KLD:  -0.000101

====== Token probability statistics ======
Mean    Δp: -0.242 ± 0.012 %
Maximum Δp: 86.181%
99.9%   Δp: 21.516%
99.0%   Δp:  9.799%
95.0%   Δp:  4.602%
90.0%   Δp:  2.578%
75.0%   Δp:  0.418%
Median  Δp: -0.005%
25.0%   Δp: -0.797%
10.0%   Δp: -3.413%
 5.0%   Δp: -5.676%
 1.0%   Δp: -11.394%
 0.1%   Δp: -22.361%
Minimum Δp: -87.346%
RMS Δp    :  3.569 ± 0.039 %
Same top p: 92.258 ± 0.093 %
Same sampled p: 42.119 ± 0.117 %

------------------------------
# llama-perplexity: version: 0.4.7-dev (build 11840, commit a740376d8-dirty) | built with GNU 15.3.0 for Linux x86_64
# model: /home/crusaderky/.cache/huggingface/hub/models--Abiray--MiniCPM5-2B-heretic-abliterated-GGUF/snapshots/c153cc60bed0471d7d26feb02f999a887851a81b/MiniCPM5-2B-heretic-abliterated-Q6_K.gguf size=2070227872 mtime=2026-09-14T23:56:03+00:00 sha256/1048576B=b89fbc4f165c548a5ff8add090027133974656c16fc071096e6636fddb9e7638
llama-perplexity --kl-divergence-base /tmp/logits.dat --ctx-size 32768 -f sample-data/wiki.test.head-2.4k.raw -fa on --hf-repo Abiray/MiniCPM5-2B-heretic-abliterated-GGUF:Q6_K --cache-type-k q5_0 --cache-type-v q3_0 --kv-tail-tokens 128 --kl-divergence
0.01.988.882 I cmn          init: llama threadpool init, n_threads = 16
0.02.043.362 I 
0.02.043.426 I system_info: n_threads = 16 (n_threads_batch = 16) / 32 | CUDA : ARCHS = 750,800,860,890,900,1000,1030,1200,1210 | USE_GRAPHS = 1 | FA_ALL_QUANTS = 1 | CPU : SSE3 = 1 | SSSE3 = 1 | AVX = 1 | AVX2 = 1 | F16C = 1 | FMA = 1 | BMI2 = 1 | LLAMAFILE = 1 | OPENMP = 1 | REPACK = 1 | 
0.02.341.033 I kl_divergence: computing over 5 chunks, n_ctx=32768, batch_size=2048, n_seq=1
0.11.320.060 I kl_divergence: 8.98 seconds per pass - ETA 0.73 minutes

chunk             PPL               ln(PPL(Q)/PPL(base))          KL Divergence              Δp RMS            Same top p        Same sampled p
   1      13.0898 ±    0.2904       0.02429 ±    0.00204       0.02357 ±    0.00037     3.459 ±  0.066 %    92.102 ±  0.211 %    40.418 ±  0.258 %
   2      12.2578 ±    0.1944       0.02507 ±    0.00150       0.02643 ±    0.00032     3.703 ±  0.052 %    91.857 ±  0.151 %    42.223 ±  0.186 %
   3      13.3364 ±    0.1746       0.02558 ±    0.00123       0.02751 ±    0.00024     3.726 ±  0.041 %    91.609 ±  0.125 %    40.690 ±  0.150 %
   4      12.8924 ±    0.1461       0.02464 ±    0.00109       0.02737 ±    0.00023     3.774 ±  0.037 %    91.746 ±  0.107 %    41.493 ±  0.131 %
   5      12.2707 ±    0.1231       0.02475 ±    0.00099       0.02803 ±    0.00028     3.806 ±  0.034 %    91.848 ±  0.096 %    42.032 ±  0.117 %

====== Perplexity statistics ======
Mean PPL(Q)                   :  12.270712 ±   0.123126
Mean PPL(base)                :  11.970705 ±   0.119397
Cor(ln(PPL(Q)), ln(PPL(base))):  99.52%
Mean ln(PPL(Q)/PPL(base))     :   0.024753 ±   0.000987
Mean PPL(Q)/PPL(base)         :   1.025062 ±   0.001011
Mean PPL(Q)-PPL(base)         :   0.300006 ±   0.012504

====== KL divergence statistics ======
Mean    KLD:   0.028030 ±   0.000280
Maximum KLD:   8.486773
99.9%   KLD:   0.511832
99.0%   KLD:   0.172119
95.0%   KLD:   0.082314
90.0%   KLD:   0.058866
Median  KLD:   0.018038
10.0%   KLD:   0.000555
 5.0%   KLD:   0.000107
 1.0%   KLD:   0.000010
 0.1%   KLD:  -0.000000
Minimum KLD:  -0.000033

====== Token probability statistics ======
Mean    Δp: -0.337 ± 0.013 %
Maximum Δp: 78.780%
99.9%   Δp: 23.488%
99.0%   Δp: 10.592%
95.0%   Δp:  4.721%
90.0%   Δp:  2.576%
75.0%   Δp:  0.390%
Median  Δp: -0.008%
25.0%   Δp: -0.941%
10.0%   Δp: -3.841%
 5.0%   Δp: -6.220%
 1.0%   Δp: -12.576%
 0.1%   Δp: -24.630%
Minimum Δp: -62.759%
RMS Δp    :  3.806 ± 0.034 %
Same top p: 91.848 ± 0.096 %
Same sampled p: 42.032 ± 0.117 %

------------------------------
# llama-perplexity: version: 0.4.7-dev (build 11840, commit a740376d8-dirty) | built with GNU 15.3.0 for Linux x86_64
# model: /home/crusaderky/.cache/huggingface/hub/models--Abiray--MiniCPM5-2B-heretic-abliterated-GGUF/snapshots/c153cc60bed0471d7d26feb02f999a887851a81b/MiniCPM5-2B-heretic-abliterated-Q6_K.gguf size=2070227872 mtime=2026-09-14T23:56:03+00:00 sha256/1048576B=b89fbc4f165c548a5ff8add090027133974656c16fc071096e6636fddb9e7638
llama-perplexity --kl-divergence-base /tmp/logits.dat --ctx-size 32768 -f sample-data/wiki.test.head-2.4k.raw -fa on --hf-repo Abiray/MiniCPM5-2B-heretic-abliterated-GGUF:Q6_K --cache-type-k q4_0 --cache-type-v q3_0 --kv-tail-tokens 1024 --kl-divergence
0.01.963.402 I cmn          init: llama threadpool init, n_threads = 16
0.02.018.720 I 
0.02.018.789 I system_info: n_threads = 16 (n_threads_batch = 16) / 32 | CUDA : ARCHS = 750,800,860,890,900,1000,1030,1200,1210 | USE_GRAPHS = 1 | FA_ALL_QUANTS = 1 | CPU : SSE3 = 1 | SSSE3 = 1 | AVX = 1 | AVX2 = 1 | F16C = 1 | FMA = 1 | BMI2 = 1 | LLAMAFILE = 1 | OPENMP = 1 | REPACK = 1 | 
0.02.317.607 I kl_divergence: computing over 5 chunks, n_ctx=32768, batch_size=2048, n_seq=1
0.11.562.758 I kl_divergence: 9.25 seconds per pass - ETA 0.77 minutes

chunk             PPL               ln(PPL(Q)/PPL(base))          KL Divergence              Δp RMS            Same top p        Same sampled p
   1      13.0727 ±    0.2897       0.02298 ±    0.00204       0.02396 ±    0.00037     3.606 ±  0.068 %    91.778 ±  0.215 %    40.389 ±  0.258 %
   2      12.2572 ±    0.1942       0.02502 ±    0.00155       0.02753 ±    0.00046     3.830 ±  0.052 %    91.656 ±  0.153 %    42.187 ±  0.186 %
   3      13.3411 ±    0.1746       0.02593 ±    0.00127       0.02866 ±    0.00034     3.849 ±  0.046 %    91.298 ±  0.127 %    40.659 ±  0.150 %
   4      12.8931 ±    0.1460       0.02470 ±    0.00111       0.02849 ±    0.00030     3.877 ±  0.042 %    91.468 ±  0.109 %    41.462 ±  0.131 %
   5      12.2739 ±    0.1231       0.02501 ±    0.00102       0.02916 ±    0.00037     3.922 ±  0.042 %    91.658 ±  0.097 %    42.001 ±  0.117 %

====== Perplexity statistics ======
Mean PPL(Q)                   :  12.273911 ±   0.123095
Mean PPL(base)                :  11.970705 ±   0.119397
Cor(ln(PPL(Q)), ln(PPL(base))):  99.48%
Mean ln(PPL(Q)/PPL(base))     :   0.025013 ±   0.001018
Mean PPL(Q)/PPL(base)         :   1.025329 ±   0.001044
Mean PPL(Q)-PPL(base)         :   0.303206 ±   0.012867

====== KL divergence statistics ======
Mean    KLD:   0.029165 ±   0.000366
Maximum KLD:  14.286444
99.9%   KLD:   0.564920
99.0%   KLD:   0.182840
95.0%   KLD:   0.085270
90.0%   KLD:   0.060213
Median  KLD:   0.018220
10.0%   KLD:   0.000569
 5.0%   KLD:   0.000108
 1.0%   KLD:   0.000010
 0.1%   KLD:  -0.000000
Minimum KLD:  -0.000025

====== Token probability statistics ======
Mean    Δp: -0.354 ± 0.014 %
Maximum Δp: 85.137%
99.9%   Δp: 23.440%
99.0%   Δp: 10.712%
95.0%   Δp:  4.773%
90.0%   Δp:  2.593%
75.0%   Δp:  0.388%
Median  Δp: -0.008%
25.0%   Δp: -0.945%
10.0%   Δp: -3.819%
 5.0%   Δp: -6.364%
 1.0%   Δp: -12.906%
 0.1%   Δp: -27.191%
Minimum Δp: -99.991%
RMS Δp    :  3.922 ± 0.042 %
Same top p: 91.658 ± 0.097 %
Same sampled p: 42.001 ± 0.117 %

------------------------------
# llama-perplexity: version: 0.4.7-dev (build 11840, commit a740376d8-dirty) | built with GNU 15.3.0 for Linux x86_64
# model: /home/crusaderky/.cache/huggingface/hub/models--Abiray--MiniCPM5-2B-heretic-abliterated-GGUF/snapshots/c153cc60bed0471d7d26feb02f999a887851a81b/MiniCPM5-2B-heretic-abliterated-Q6_K.gguf size=2070227872 mtime=2026-09-14T23:56:03+00:00 sha256/1048576B=b89fbc4f165c548a5ff8add090027133974656c16fc071096e6636fddb9e7638
llama-perplexity --kl-divergence-base /tmp/logits.dat --ctx-size 32768 -f sample-data/wiki.test.head-2.4k.raw -fa on --hf-repo Abiray/MiniCPM5-2B-heretic-abliterated-GGUF:Q6_K --cache-type-k q3_0 --cache-type-v q3_0 --kv-tail-tokens 1024 --kl-divergence
0.01.962.295 I cmn          init: llama threadpool init, n_threads = 16
0.02.017.624 I 
0.02.017.696 I system_info: n_threads = 16 (n_threads_batch = 16) / 32 | CUDA : ARCHS = 750,800,860,890,900,1000,1030,1200,1210 | USE_GRAPHS = 1 | FA_ALL_QUANTS = 1 | CPU : SSE3 = 1 | SSSE3 = 1 | AVX = 1 | AVX2 = 1 | F16C = 1 | FMA = 1 | BMI2 = 1 | LLAMAFILE = 1 | OPENMP = 1 | REPACK = 1 | 
0.02.315.655 I kl_divergence: computing over 5 chunks, n_ctx=32768, batch_size=2048, n_seq=1
0.11.519.258 I kl_divergence: 9.20 seconds per pass - ETA 0.77 minutes

chunk             PPL               ln(PPL(Q)/PPL(base))          KL Divergence              Δp RMS            Same top p        Same sampled p
   1      13.1196 ±    0.2910       0.02656 ±    0.00240       0.03173 ±    0.00045     4.281 ±  0.087 %    90.624 ±  0.228 %    40.317 ±  0.258 %
   2      12.2928 ±    0.1949       0.02791 ±    0.00177       0.03537 ±    0.00036     4.536 ±  0.065 %    90.563 ±  0.162 %    42.110 ±  0.186 %
   3      13.3834 ±    0.1753       0.02910 ±    0.00143       0.03586 ±    0.00028     4.420 ±  0.050 %    90.356 ±  0.133 %    40.616 ±  0.150 %
   4      12.9541 ±    0.1470       0.02942 ±    0.00126       0.03597 ±    0.00029     4.476 ±  0.046 %    90.486 ±  0.115 %    41.412 ±  0.131 %
   5      12.3377 ±    0.1240       0.03020 ±    0.00116       0.03700 ±    0.00036     4.546 ±  0.044 %    90.599 ±  0.102 %    41.955 ±  0.117 %

====== Perplexity statistics ======
Mean PPL(Q)                   :  12.337748 ±   0.123998
Mean PPL(base)                :  11.970705 ±   0.119397
Cor(ln(PPL(Q)), ln(PPL(base))):  99.34%
Mean ln(PPL(Q)/PPL(base))     :   0.030201 ±   0.001156
Mean PPL(Q)/PPL(base)         :   1.030662 ±   0.001192
Mean PPL(Q)-PPL(base)         :   0.367043 ±   0.014757

====== KL divergence statistics ======
Mean    KLD:   0.036996 ±   0.000358
Maximum KLD:  16.152731
99.9%   KLD:   0.895037
99.0%   KLD:   0.251353
95.0%   KLD:   0.112604
90.0%   KLD:   0.077739
Median  KLD:   0.022165
10.0%   KLD:   0.000725
 5.0%   KLD:   0.000136
 1.0%   KLD:   0.000013
 0.1%   KLD:   0.000001
Minimum KLD:  -0.000019

====== Token probability statistics ======
Mean    Δp: -0.368 ± 0.016 %
Maximum Δp: 86.996%
99.9%   Δp: 26.837%
99.0%   Δp: 12.327%
95.0%   Δp:  5.519%
90.0%   Δp:  3.049%
75.0%   Δp:  0.469%
Median  Δp: -0.007%
25.0%   Δp: -1.007%
10.0%   Δp: -4.249%
 5.0%   Δp: -7.132%
 1.0%   Δp: -15.351%
 0.1%   Δp: -32.972%
Minimum Δp: -99.991%
RMS Δp    :  4.546 ± 0.044 %
Same top p: 90.599 ± 0.102 %
Same sampled p: 41.955 ± 0.117 %

------------------------------
# llama-perplexity: version: 0.4.7-dev (build 11840, commit a740376d8-dirty) | built with GNU 15.3.0 for Linux x86_64
# model: /home/crusaderky/.cache/huggingface/hub/models--Abiray--MiniCPM5-2B-heretic-abliterated-GGUF/snapshots/c153cc60bed0471d7d26feb02f999a887851a81b/MiniCPM5-2B-heretic-abliterated-Q6_K.gguf size=2070227872 mtime=2026-09-14T23:56:03+00:00 sha256/1048576B=b89fbc4f165c548a5ff8add090027133974656c16fc071096e6636fddb9e7638
llama-perplexity --kl-divergence-base /tmp/logits.dat --ctx-size 32768 -f sample-data/wiki.test.head-2.4k.raw -fa on --hf-repo Abiray/MiniCPM5-2B-heretic-abliterated-GGUF:Q6_K --cache-type-k kvarn3 --cache-type-v kvarn3 --kv-tail-tokens 1024 --kl-divergence
0.02.090.786 I cmn          init: llama threadpool init, n_threads = 16
0.02.160.901 I 
0.02.160.969 I system_info: n_threads = 16 (n_threads_batch = 16) / 32 | CUDA : ARCHS = 750,800,860,890,900,1000,1030,1200,1210 | USE_GRAPHS = 1 | FA_ALL_QUANTS = 1 | CPU : SSE3 = 1 | SSSE3 = 1 | AVX = 1 | AVX2 = 1 | F16C = 1 | FMA = 1 | BMI2 = 1 | LLAMAFILE = 1 | OPENMP = 1 | REPACK = 1 | 
0.02.454.233 I kl_divergence: computing over 5 chunks, n_ctx=32768, batch_size=2048, n_seq=1
0.13.308.247 I kl_divergence: 10.85 seconds per pass - ETA 0.90 minutes

chunk             PPL               ln(PPL(Q)/PPL(base))          KL Divergence              Δp RMS            Same top p        Same sampled p
   1      13.0241 ±    0.2888       0.01926 ±    0.00198       0.02295 ±    0.00035     3.543 ±  0.096 %    92.291 ±  0.208 %    40.412 ±  0.258 %
   2      12.2022 ±    0.1933       0.02052 ±    0.00146       0.02594 ±    0.00033     3.783 ±  0.061 %    92.080 ±  0.149 %    42.223 ±  0.186 %
   3      13.2942 ±    0.1740       0.02241 ±    0.00120       0.02676 ±    0.00024     3.755 ±  0.047 %    91.802 ±  0.124 %    40.704 ±  0.150 %
   4      12.8411 ±    0.1455       0.02066 ±    0.00107       0.02642 ±    0.00024     3.761 ±  0.041 %    91.897 ±  0.107 %    41.504 ±  0.131 %
   5      12.2200 ±    0.1226       0.02061 ±    0.00096       0.02700 ±    0.00022     3.828 ±  0.038 %    91.973 ±  0.095 %    42.053 ±  0.117 %

====== Perplexity statistics ======
Mean PPL(Q)                   :  12.219982 ±   0.122576
Mean PPL(base)                :  11.970705 ±   0.119397
Cor(ln(PPL(Q)), ln(PPL(base))):  99.54%
Mean ln(PPL(Q)/PPL(base))     :   0.020610 ±   0.000959
Mean PPL(Q)/PPL(base)         :   1.020824 ±   0.000979
Mean PPL(Q)-PPL(base)         :   0.249277 ±   0.012009

====== KL divergence statistics ======
Mean    KLD:   0.026998 ±   0.000220
Maximum KLD:   7.715688
99.9%   KLD:   0.551027
99.0%   KLD:   0.170193
95.0%   KLD:   0.081044
90.0%   KLD:   0.057778
Median  KLD:   0.016903
10.0%   KLD:   0.000551
 5.0%   KLD:   0.000106
 1.0%   KLD:   0.000010
 0.1%   KLD:   0.000001
Minimum KLD:  -0.000018

====== Token probability statistics ======
Mean    Δp: -0.272 ± 0.013 %
Maximum Δp: 73.911%
99.9%   Δp: 24.662%
99.0%   Δp: 10.689%
95.0%   Δp:  4.738%
90.0%   Δp:  2.630%
75.0%   Δp:  0.416%
Median  Δp: -0.006%
25.0%   Δp: -0.854%
10.0%   Δp: -3.588%
 5.0%   Δp: -5.960%
 1.0%   Δp: -12.467%
 0.1%   Δp: -26.339%
Minimum Δp: -88.617%
RMS Δp    :  3.828 ± 0.038 %
Same top p: 91.973 ± 0.095 %
Same sampled p: 42.053 ± 0.117 %

------------------------------
# llama-perplexity: version: 0.4.7-dev (build 11840, commit a740376d8-dirty) | built with GNU 15.3.0 for Linux x86_64
# model: /home/crusaderky/.cache/huggingface/hub/models--Abiray--MiniCPM5-2B-heretic-abliterated-GGUF/snapshots/c153cc60bed0471d7d26feb02f999a887851a81b/MiniCPM5-2B-heretic-abliterated-Q5_K_M.gguf size=1808063392 mtime=2026-09-15T07:11:59+00:00 sha256/1048576B=b89fbc4f165c548a5ff8add090027133974656c16fc071096e6636fddb9e7638
llama-perplexity --kl-divergence-base /tmp/logits.dat --ctx-size 32768 -f sample-data/wiki.test.head-2.4k.raw -fa on --hf-repo Abiray/MiniCPM5-2B-heretic-abliterated-GGUF:Q5_K_M --cache-type-k q5_0 --cache-type-v q4_1 --kv-tail-tokens 128 --kl-divergence
0.01.897.626 I cmn          init: llama threadpool init, n_threads = 16
0.01.954.151 I 
0.01.954.224 I system_info: n_threads = 16 (n_threads_batch = 16) / 32 | CUDA : ARCHS = 750,800,860,890,900,1000,1030,1200,1210 | USE_GRAPHS = 1 | FA_ALL_QUANTS = 1 | CPU : SSE3 = 1 | SSSE3 = 1 | AVX = 1 | AVX2 = 1 | F16C = 1 | FMA = 1 | BMI2 = 1 | LLAMAFILE = 1 | OPENMP = 1 | REPACK = 1 | 
0.02.254.197 I kl_divergence: computing over 5 chunks, n_ctx=32768, batch_size=2048, n_seq=1
0.11.264.256 I kl_divergence: 9.01 seconds per pass - ETA 0.75 minutes

chunk             PPL               ln(PPL(Q)/PPL(base))          KL Divergence              Δp RMS            Same top p        Same sampled p
   1      13.1327 ±    0.2929       0.02756 ±    0.00257       0.03799 ±    0.00042     4.546 ±  0.084 %    89.275 ±  0.242 %    40.426 ±  0.258 %
   2      12.2972 ±    0.1959       0.02827 ±    0.00186       0.04083 ±    0.00032     4.742 ±  0.060 %    89.495 ±  0.169 %    42.191 ±  0.186 %
   3      13.3801 ±    0.1760       0.02886 ±    0.00155       0.04246 ±    0.00027     4.710 ±  0.047 %    89.257 ±  0.140 %    40.648 ±  0.150 %
   4      12.9266 ±    0.1471       0.02730 ±    0.00134       0.04202 ±    0.00024     4.722 ±  0.041 %    89.533 ±  0.120 %    41.436 ±  0.131 %
   5      12.2996 ±    0.1239       0.02710 ±    0.00120       0.04237 ±    0.00028     4.738 ±  0.037 %    89.711 ±  0.106 %    41.989 ±  0.117 %

====== Perplexity statistics ======
Mean PPL(Q)                   :  12.299577 ±   0.123946
Mean PPL(base)                :  11.970705 ±   0.119397
Cor(ln(PPL(Q)), ln(PPL(base))):  99.29%
Mean ln(PPL(Q)/PPL(base))     :   0.027102 ±   0.001202
Mean PPL(Q)/PPL(base)         :   1.027473 ±   0.001235
Mean PPL(Q)-PPL(base)         :   0.328872 ±   0.015221

====== KL divergence statistics ======
Mean    KLD:   0.042369 ±   0.000282
Maximum KLD:  11.015601
99.9%   KLD:   0.688583
99.0%   KLD:   0.261308
95.0%   KLD:   0.126858
90.0%   KLD:   0.091300
Median  KLD:   0.028139
10.0%   KLD:   0.000838
 5.0%   KLD:   0.000168
 1.0%   KLD:   0.000020
 0.1%   KLD:   0.000002
Minimum KLD:  -0.000013

====== Token probability statistics ======
Mean    Δp: -0.247 ± 0.017 %
Maximum Δp: 66.836%
99.9%   Δp: 27.657%
99.0%   Δp: 13.485%
95.0%   Δp:  6.472%
90.0%   Δp:  3.727%
75.0%   Δp:  0.635%
Median  Δp: -0.006%
25.0%   Δp: -0.991%
10.0%   Δp: -4.490%
 5.0%   Δp: -7.523%
 1.0%   Δp: -15.795%
 0.1%   Δp: -31.385%
Minimum Δp: -80.204%
RMS Δp    :  4.738 ± 0.037 %
Same top p: 89.711 ± 0.106 %
Same sampled p: 41.989 ± 0.117 %

------------------------------
# llama-perplexity: version: 0.4.7-dev (build 11840, commit a740376d8-dirty) | built with GNU 15.3.0 for Linux x86_64
# model: /home/crusaderky/.cache/huggingface/hub/models--Abiray--MiniCPM5-2B-heretic-abliterated-GGUF/snapshots/c153cc60bed0471d7d26feb02f999a887851a81b/MiniCPM5-2B-heretic-abliterated-Q5_K_M.gguf size=1808063392 mtime=2026-09-15T07:11:59+00:00 sha256/1048576B=b89fbc4f165c548a5ff8add090027133974656c16fc071096e6636fddb9e7638
llama-perplexity --kl-divergence-base /tmp/logits.dat --ctx-size 32768 -f sample-data/wiki.test.head-2.4k.raw -fa on --hf-repo Abiray/MiniCPM5-2B-heretic-abliterated-GGUF:Q5_K_M --cache-type-k q5_0 --cache-type-v q4_0 --kv-tail-tokens 128 --kl-divergence
0.01.938.264 I cmn          init: llama threadpool init, n_threads = 16
0.01.993.742 I 
0.01.993.805 I system_info: n_threads = 16 (n_threads_batch = 16) / 32 | CUDA : ARCHS = 750,800,860,890,900,1000,1030,1200,1210 | USE_GRAPHS = 1 | FA_ALL_QUANTS = 1 | CPU : SSE3 = 1 | SSSE3 = 1 | AVX = 1 | AVX2 = 1 | F16C = 1 | FMA = 1 | BMI2 = 1 | LLAMAFILE = 1 | OPENMP = 1 | REPACK = 1 | 
0.02.299.396 I kl_divergence: computing over 5 chunks, n_ctx=32768, batch_size=2048, n_seq=1
0.11.257.429 I kl_divergence: 8.96 seconds per pass - ETA 0.73 minutes

chunk             PPL               ln(PPL(Q)/PPL(base))          KL Divergence              Δp RMS            Same top p        Same sampled p
   1      13.1469 ±    0.2934       0.02864 ±    0.00262       0.03864 ±    0.00044     4.649 ±  0.094 %    89.385 ±  0.241 %    40.429 ±  0.258 %
   2      12.3068 ±    0.1962       0.02905 ±    0.00189       0.04138 ±    0.00033     4.821 ±  0.067 %    89.611 ±  0.169 %    42.196 ±  0.186 %
   3      13.3847 ±    0.1762       0.02920 ±    0.00156       0.04259 ±    0.00029     4.749 ±  0.052 %    89.426 ±  0.139 %    40.666 ±  0.150 %
   4      12.9333 ±    0.1473       0.02781 ±    0.00135       0.04211 ±    0.00025     4.737 ±  0.043 %    89.625 ±  0.119 %    41.450 ±  0.131 %
   5      12.3038 ±    0.1241       0.02745 ±    0.00121       0.04237 ±    0.00030     4.741 ±  0.039 %    89.809 ±  0.106 %    42.005 ±  0.117 %

====== Perplexity statistics ======
Mean PPL(Q)                   :  12.303828 ±   0.124068
Mean PPL(base)                :  11.970705 ±   0.119397
Cor(ln(PPL(Q)), ln(PPL(base))):  99.28%
Mean ln(PPL(Q)/PPL(base))     :   0.027448 ±   0.001207
Mean PPL(Q)/PPL(base)         :   1.027828 ±   0.001241
Mean PPL(Q)-PPL(base)         :   0.333123 ±   0.015320

====== KL divergence statistics ======
Mean    KLD:   0.042366 ±   0.000295
Maximum KLD:  11.429328
99.9%   KLD:   0.702684
99.0%   KLD:   0.259232
95.0%   KLD:   0.126661
90.0%   KLD:   0.090883
Median  KLD:   0.028093
10.0%   KLD:   0.000848
 5.0%   KLD:   0.000169
 1.0%   KLD:   0.000020
 0.1%   KLD:   0.000002
Minimum KLD:  -0.000017

====== Token probability statistics ======
Mean    Δp: -0.231 ± 0.017 %
Maximum Δp: 70.703%
99.9%   Δp: 28.296%
99.0%   Δp: 13.505%
95.0%   Δp:  6.504%
90.0%   Δp:  3.733%
75.0%   Δp:  0.637%
Median  Δp: -0.006%
25.0%   Δp: -0.982%
10.0%   Δp: -4.443%
 5.0%   Δp: -7.524%
 1.0%   Δp: -15.581%
 0.1%   Δp: -30.484%
Minimum Δp: -85.084%
RMS Δp    :  4.741 ± 0.039 %
Same top p: 89.809 ± 0.106 %
Same sampled p: 42.005 ± 0.117 %

------------------------------
# llama-perplexity: version: 0.4.7-dev (build 11840, commit a740376d8-dirty) | built with GNU 15.3.0 for Linux x86_64
# model: /home/crusaderky/.cache/huggingface/hub/models--Abiray--MiniCPM5-2B-heretic-abliterated-GGUF/snapshots/c153cc60bed0471d7d26feb02f999a887851a81b/MiniCPM5-2B-heretic-abliterated-Q5_K_M.gguf size=1808063392 mtime=2026-09-15T07:11:59+00:00 sha256/1048576B=b89fbc4f165c548a5ff8add090027133974656c16fc071096e6636fddb9e7638
llama-perplexity --kl-divergence-base /tmp/logits.dat --ctx-size 32768 -f sample-data/wiki.test.head-2.4k.raw -fa on --hf-repo Abiray/MiniCPM5-2B-heretic-abliterated-GGUF:Q5_K_M --cache-type-k q5_0 --cache-type-v q3_0 --kv-tail-tokens 128 --kl-divergence
0.01.919.835 I cmn          init: llama threadpool init, n_threads = 16
0.01.974.113 I 
0.01.974.179 I system_info: n_threads = 16 (n_threads_batch = 16) / 32 | CUDA : ARCHS = 750,800,860,890,900,1000,1030,1200,1210 | USE_GRAPHS = 1 | FA_ALL_QUANTS = 1 | CPU : SSE3 = 1 | SSSE3 = 1 | AVX = 1 | AVX2 = 1 | F16C = 1 | FMA = 1 | BMI2 = 1 | LLAMAFILE = 1 | OPENMP = 1 | REPACK = 1 | 
0.02.283.892 I kl_divergence: computing over 5 chunks, n_ctx=32768, batch_size=2048, n_seq=1
0.11.261.225 I kl_divergence: 8.98 seconds per pass - ETA 0.73 minutes

chunk             PPL               ln(PPL(Q)/PPL(base))          KL Divergence              Δp RMS            Same top p        Same sampled p
   1      13.1524 ±    0.2934       0.02906 ±    0.00275       0.04122 ±    0.00045     4.810 ±  0.083 %    89.275 ±  0.242 %    40.346 ±  0.258 %
   2      12.3348 ±    0.1967       0.03133 ±    0.00197       0.04396 ±    0.00037     4.999 ±  0.067 %    89.465 ±  0.170 %    42.130 ±  0.186 %
   3      13.4253 ±    0.1769       0.03223 ±    0.00162       0.04531 ±    0.00030     4.951 ±  0.053 %    89.170 ±  0.140 %    40.610 ±  0.150 %
   4      12.9675 ±    0.1478       0.03045 ±    0.00140       0.04492 ±    0.00027     4.933 ±  0.044 %    89.349 ±  0.121 %    41.398 ±  0.131 %
   5      12.3338 ±    0.1244       0.02989 ±    0.00125       0.04508 ±    0.00030     4.939 ±  0.039 %    89.499 ±  0.107 %    41.946 ±  0.117 %

====== Perplexity statistics ======
Mean PPL(Q)                   :  12.333850 ±   0.124416
Mean PPL(base)                :  11.970705 ±   0.119397
Cor(ln(PPL(Q)), ln(PPL(base))):  99.23%
Mean ln(PPL(Q)/PPL(base))     :   0.029885 ±   0.001250
Mean PPL(Q)/PPL(base)         :   1.030336 ±   0.001288
Mean PPL(Q)-PPL(base)         :   0.363144 ±   0.015934

====== KL divergence statistics ======
Mean    KLD:   0.045079 ±   0.000296
Maximum KLD:  10.173352
99.9%   KLD:   0.748276
99.0%   KLD:   0.281751
95.0%   KLD:   0.135303
90.0%   KLD:   0.096756
Median  KLD:   0.029833
10.0%   KLD:   0.000924
 5.0%   KLD:   0.000189
 1.0%   KLD:   0.000022
 0.1%   KLD:   0.000002
Minimum KLD:  -0.000026

====== Token probability statistics ======
Mean    Δp: -0.281 ± 0.017 %
Maximum Δp: 71.049%
99.9%   Δp: 29.883%
99.0%   Δp: 14.121%
95.0%   Δp:  6.633%
90.0%   Δp:  3.749%
75.0%   Δp:  0.620%
Median  Δp: -0.007%
25.0%   Δp: -1.066%
10.0%   Δp: -4.690%
 5.0%   Δp: -7.856%
 1.0%   Δp: -16.213%
 0.1%   Δp: -32.373%
Minimum Δp: -97.139%
RMS Δp    :  4.939 ± 0.039 %
Same top p: 89.499 ± 0.107 %
Same sampled p: 41.946 ± 0.117 %

------------------------------
# llama-perplexity: version: 0.4.7-dev (build 11840, commit a740376d8-dirty) | built with GNU 15.3.0 for Linux x86_64
# model: /home/crusaderky/.cache/huggingface/hub/models--Abiray--MiniCPM5-2B-heretic-abliterated-GGUF/snapshots/c153cc60bed0471d7d26feb02f999a887851a81b/MiniCPM5-2B-heretic-abliterated-Q5_K_M.gguf size=1808063392 mtime=2026-09-15T07:11:59+00:00 sha256/1048576B=b89fbc4f165c548a5ff8add090027133974656c16fc071096e6636fddb9e7638
llama-perplexity --kl-divergence-base /tmp/logits.dat --ctx-size 32768 -f sample-data/wiki.test.head-2.4k.raw -fa on --hf-repo Abiray/MiniCPM5-2B-heretic-abliterated-GGUF:Q5_K_M --cache-type-k q4_0 --cache-type-v q3_0 --kv-tail-tokens 1024 --kl-divergence
0.01.865.978 I cmn          init: llama threadpool init, n_threads = 16
0.01.921.463 I 
0.01.921.530 I system_info: n_threads = 16 (n_threads_batch = 16) / 32 | CUDA : ARCHS = 750,800,860,890,900,1000,1030,1200,1210 | USE_GRAPHS = 1 | FA_ALL_QUANTS = 1 | CPU : SSE3 = 1 | SSSE3 = 1 | AVX = 1 | AVX2 = 1 | F16C = 1 | FMA = 1 | BMI2 = 1 | LLAMAFILE = 1 | OPENMP = 1 | REPACK = 1 | 
0.02.226.825 I kl_divergence: computing over 5 chunks, n_ctx=32768, batch_size=2048, n_seq=1
0.11.202.972 I kl_divergence: 8.98 seconds per pass - ETA 0.73 minutes

chunk             PPL               ln(PPL(Q)/PPL(base))          KL Divergence              Δp RMS            Same top p        Same sampled p
   1      13.1526 ±    0.2931       0.02907 ±    0.00271       0.04159 ±    0.00047     4.791 ±  0.082 %    88.842 ±  0.246 %    40.343 ±  0.258 %
   2      12.3304 ±    0.1964       0.03097 ±    0.00196       0.04487 ±    0.00041     5.086 ±  0.071 %    89.132 ±  0.172 %    42.118 ±  0.186 %
   3      13.4202 ±    0.1766       0.03185 ±    0.00162       0.04578 ±    0.00032     4.965 ±  0.054 %    88.997 ±  0.141 %    40.607 ±  0.150 %
   4      12.9663 ±    0.1476       0.03036 ±    0.00140       0.04538 ±    0.00028     4.971 ±  0.045 %    89.230 ±  0.121 %    41.384 ±  0.131 %
   5      12.3349 ±    0.1243       0.02997 ±    0.00125       0.04565 ±    0.00031     4.987 ±  0.041 %    89.441 ±  0.107 %    41.929 ±  0.117 %

====== Perplexity statistics ======
Mean PPL(Q)                   :  12.334910 ±   0.124300
Mean PPL(base)                :  11.970705 ±   0.119397
Cor(ln(PPL(Q)), ln(PPL(base))):  99.23%
Mean ln(PPL(Q)/PPL(base))     :   0.029971 ±   0.001251
Mean PPL(Q)/PPL(base)         :   1.030425 ±   0.001289
Mean PPL(Q)-PPL(base)         :   0.364204 ±   0.015925

====== KL divergence statistics ======
Mean    KLD:   0.045649 ±   0.000307
Maximum KLD:  11.472874
99.9%   KLD:   0.776089
99.0%   KLD:   0.289446
95.0%   KLD:   0.136908
90.0%   KLD:   0.097674
Median  KLD:   0.030029
10.0%   KLD:   0.000909
 5.0%   KLD:   0.000191
 1.0%   KLD:   0.000023
 0.1%   KLD:   0.000002
Minimum KLD:  -0.000011

====== Token probability statistics ======
Mean    Δp: -0.309 ± 0.017 %
Maximum Δp: 67.031%
99.9%   Δp: 28.664%
99.0%   Δp: 14.121%
95.0%   Δp:  6.682%
90.0%   Δp:  3.740%
75.0%   Δp:  0.627%
Median  Δp: -0.007%
25.0%   Δp: -1.078%
10.0%   Δp: -4.774%
 5.0%   Δp: -7.922%
 1.0%   Δp: -16.525%
 0.1%   Δp: -34.526%
Minimum Δp: -99.602%
RMS Δp    :  4.987 ± 0.041 %
Same top p: 89.441 ± 0.107 %
Same sampled p: 41.929 ± 0.117 %

------------------------------
# llama-perplexity: version: 0.4.7-dev (build 11840, commit a740376d8-dirty) | built with GNU 15.3.0 for Linux x86_64
# model: /home/crusaderky/.cache/huggingface/hub/models--Abiray--MiniCPM5-2B-heretic-abliterated-GGUF/snapshots/c153cc60bed0471d7d26feb02f999a887851a81b/MiniCPM5-2B-heretic-abliterated-Q5_K_M.gguf size=1808063392 mtime=2026-09-15T07:11:59+00:00 sha256/1048576B=b89fbc4f165c548a5ff8add090027133974656c16fc071096e6636fddb9e7638
llama-perplexity --kl-divergence-base /tmp/logits.dat --ctx-size 32768 -f sample-data/wiki.test.head-2.4k.raw -fa on --hf-repo Abiray/MiniCPM5-2B-heretic-abliterated-GGUF:Q5_K_M --cache-type-k q3_0 --cache-type-v q3_0 --kv-tail-tokens 1024 --kl-divergence
0.01.863.570 I cmn          init: llama threadpool init, n_threads = 16
0.01.917.362 I 
0.01.917.432 I system_info: n_threads = 16 (n_threads_batch = 16) / 32 | CUDA : ARCHS = 750,800,860,890,900,1000,1030,1200,1210 | USE_GRAPHS = 1 | FA_ALL_QUANTS = 1 | CPU : SSE3 = 1 | SSSE3 = 1 | AVX = 1 | AVX2 = 1 | F16C = 1 | FMA = 1 | BMI2 = 1 | LLAMAFILE = 1 | OPENMP = 1 | REPACK = 1 | 
0.02.209.180 I kl_divergence: computing over 5 chunks, n_ctx=32768, batch_size=2048, n_seq=1
0.11.302.041 I kl_divergence: 9.09 seconds per pass - ETA 0.75 minutes

chunk             PPL               ln(PPL(Q)/PPL(base))          KL Divergence              Δp RMS            Same top p        Same sampled p
   1      13.2405 ±    0.2958       0.03574 ±    0.00305       0.04998 ±    0.00069     5.507 ±  0.131 %    88.128 ±  0.253 %    40.294 ±  0.258 %
   2      12.3984 ±    0.1978       0.03647 ±    0.00219       0.05301 ±    0.00050     5.644 ±  0.084 %    88.317 ±  0.177 %    42.053 ±  0.186 %
   3      13.4936 ±    0.1780       0.03730 ±    0.00178       0.05372 ±    0.00039     5.511 ±  0.064 %    88.160 ±  0.146 %    40.555 ±  0.150 %
   4      13.0368 ±    0.1487       0.03578 ±    0.00154       0.05357 ±    0.00034     5.519 ±  0.054 %    88.285 ±  0.126 %    41.322 ±  0.131 %
   5      12.4048 ±    0.1253       0.03562 ±    0.00138       0.05427 ±    0.00036     5.542 ±  0.048 %    88.497 ±  0.111 %    41.861 ±  0.117 %

====== Perplexity statistics ======
Mean PPL(Q)                   :  12.404845 ±   0.125260
Mean PPL(base)                :  11.970705 ±   0.119397
Cor(ln(PPL(Q)), ln(PPL(base))):  99.06%
Mean ln(PPL(Q)/PPL(base))     :   0.035625 ±   0.001383
Mean PPL(Q)/PPL(base)         :   1.036267 ±   0.001433
Mean PPL(Q)-PPL(base)         :   0.434139 ±   0.017775

====== KL divergence statistics ======
Mean    KLD:   0.054270 ±   0.000359
Maximum KLD:  11.580102
99.9%   KLD:   1.022182
99.0%   KLD:   0.361806
95.0%   KLD:   0.165614
90.0%   KLD:   0.116448
Median  KLD:   0.034438
10.0%   KLD:   0.001105
 5.0%   KLD:   0.000221
 1.0%   KLD:   0.000025
 0.1%   KLD:   0.000002
Minimum KLD:  -0.000012

====== Token probability statistics ======
Mean    Δp: -0.329 ± 0.019 %
Maximum Δp: 85.159%
99.9%   Δp: 32.624%
99.0%   Δp: 15.613%
95.0%   Δp:  7.287%
90.0%   Δp:  4.133%
75.0%   Δp:  0.692%
Median  Δp: -0.007%
25.0%   Δp: -1.152%
10.0%   Δp: -5.147%
 5.0%   Δp: -8.599%
 1.0%   Δp: -18.710%
 0.1%   Δp: -38.408%
Minimum Δp: -96.794%
RMS Δp    :  5.542 ± 0.048 %
Same top p: 88.497 ± 0.111 %
Same sampled p: 41.861 ± 0.117 %

------------------------------
# llama-perplexity: version: 0.4.7-dev (build 11840, commit a740376d8-dirty) | built with GNU 15.3.0 for Linux x86_64
# model: /home/crusaderky/.cache/huggingface/hub/models--Abiray--MiniCPM5-2B-heretic-abliterated-GGUF/snapshots/c153cc60bed0471d7d26feb02f999a887851a81b/MiniCPM5-2B-heretic-abliterated-Q5_K_M.gguf size=1808063392 mtime=2026-09-15T07:11:59+00:00 sha256/1048576B=b89fbc4f165c548a5ff8add090027133974656c16fc071096e6636fddb9e7638
llama-perplexity --kl-divergence-base /tmp/logits.dat --ctx-size 32768 -f sample-data/wiki.test.head-2.4k.raw -fa on --hf-repo Abiray/MiniCPM5-2B-heretic-abliterated-GGUF:Q5_K_M --cache-type-k kvarn3 --cache-type-v kvarn3 --kv-tail-tokens 1024 --kl-divergence
0.01.904.722 I cmn          init: llama threadpool init, n_threads = 16
0.01.977.083 I 
0.01.977.141 I system_info: n_threads = 16 (n_threads_batch = 16) / 32 | CUDA : ARCHS = 750,800,860,890,900,1000,1030,1200,1210 | USE_GRAPHS = 1 | FA_ALL_QUANTS = 1 | CPU : SSE3 = 1 | SSSE3 = 1 | AVX = 1 | AVX2 = 1 | F16C = 1 | FMA = 1 | BMI2 = 1 | LLAMAFILE = 1 | OPENMP = 1 | REPACK = 1 | 
0.02.289.123 I kl_divergence: computing over 5 chunks, n_ctx=32768, batch_size=2048, n_seq=1
0.13.063.992 I kl_divergence: 10.77 seconds per pass - ETA 0.88 minutes

chunk             PPL               ln(PPL(Q)/PPL(base))          KL Divergence              Δp RMS            Same top p        Same sampled p
   1      13.1514 ±    0.2932       0.02899 ±    0.00276       0.04147 ±    0.00051     4.870 ±  0.098 %    89.153 ±  0.243 %    40.321 ±  0.258 %
   2      12.2884 ±    0.1956       0.02756 ±    0.00196       0.04385 ±    0.00037     5.022 ±  0.068 %    89.288 ±  0.171 %    42.106 ±  0.186 %
   3      13.3638 ±    0.1757       0.02764 ±    0.00159       0.04468 ±    0.00030     4.904 ±  0.052 %    89.151 ±  0.140 %    40.586 ±  0.150 %
   4      12.9106 ±    0.1468       0.02605 ±    0.00139       0.04439 ±    0.00026     4.918 ±  0.044 %    89.433 ±  0.120 %    41.367 ±  0.131 %
   5      12.2876 ±    0.1237       0.02613 ±    0.00124       0.04477 ±    0.00029     4.949 ±  0.040 %    89.577 ±  0.107 %    41.923 ±  0.117 %

====== Perplexity statistics ======
Mean PPL(Q)                   :  12.287561 ±   0.123727
Mean PPL(base)                :  11.970705 ±   0.119397
Cor(ln(PPL(Q)), ln(PPL(base))):  99.24%
Mean ln(PPL(Q)/PPL(base))     :   0.026125 ±   0.001243
Mean PPL(Q)/PPL(base)         :   1.026469 ±   0.001276
Mean PPL(Q)-PPL(base)         :   0.316856 ±   0.015638

====== KL divergence statistics ======
Mean    KLD:   0.044768 ±   0.000291
Maximum KLD:  10.991037
99.9%   KLD:   0.774589
99.0%   KLD:   0.283915
95.0%   KLD:   0.135203
90.0%   KLD:   0.096030
Median  KLD:   0.029181
10.0%   KLD:   0.000934
 5.0%   KLD:   0.000185
 1.0%   KLD:   0.000023
 0.1%   KLD:   0.000002
Minimum KLD:  -0.000022

====== Token probability statistics ======
Mean    Δp: -0.282 ± 0.017 %
Maximum Δp: 69.373%
99.9%   Δp: 31.237%
99.0%   Δp: 14.035%
95.0%   Δp:  6.534%
90.0%   Δp:  3.759%
75.0%   Δp:  0.631%
Median  Δp: -0.007%
25.0%   Δp: -1.052%
10.0%   Δp: -4.664%
 5.0%   Δp: -7.844%
 1.0%   Δp: -16.488%
 0.1%   Δp: -33.247%
Minimum Δp: -86.297%
RMS Δp    :  4.949 ± 0.040 %
Same top p: 89.577 ± 0.107 %
Same sampled p: 41.923 ± 0.117 %

------------------------------
# llama-perplexity: version: 0.4.7-dev (build 11840, commit a740376d8-dirty) | built with GNU 15.3.0 for Linux x86_64
# model: /home/crusaderky/.cache/huggingface/hub/models--Abiray--MiniCPM5-2B-heretic-abliterated-GGUF/snapshots/c153cc60bed0471d7d26feb02f999a887851a81b/MiniCPM5-2B-heretic-abliterated-Q4_K_M.gguf size=1561320352 mtime=2026-09-15T07:13:03+00:00 sha256/1048576B=b89fbc4f165c548a5ff8add090027133974656c16fc071096e6636fddb9e7638
llama-perplexity --kl-divergence-base /tmp/logits.dat --ctx-size 32768 -f sample-data/wiki.test.head-2.4k.raw -fa on --hf-repo Abiray/MiniCPM5-2B-heretic-abliterated-GGUF:Q4_K_M --cache-type-k q5_0 --cache-type-v q4_1 --kv-tail-tokens 128 --kl-divergence
0.01.810.500 I cmn          init: llama threadpool init, n_threads = 16
0.01.864.536 I 
0.01.864.609 I system_info: n_threads = 16 (n_threads_batch = 16) / 32 | CUDA : ARCHS = 750,800,860,890,900,1000,1030,1200,1210 | USE_GRAPHS = 1 | FA_ALL_QUANTS = 1 | CPU : SSE3 = 1 | SSSE3 = 1 | AVX = 1 | AVX2 = 1 | F16C = 1 | FMA = 1 | BMI2 = 1 | LLAMAFILE = 1 | OPENMP = 1 | REPACK = 1 | 
0.02.154.209 I kl_divergence: computing over 5 chunks, n_ctx=32768, batch_size=2048, n_seq=1
0.10.899.930 I kl_divergence: 8.75 seconds per pass - ETA 0.72 minutes

chunk             PPL               ln(PPL(Q)/PPL(base))          KL Divergence              Δp RMS            Same top p        Same sampled p
   1      13.5722 ±    0.3032       0.06048 ±    0.00396       0.08880 ±    0.00088     6.818 ±  0.102 %    85.284 ±  0.277 %    39.530 ±  0.258 %
   2      12.7338 ±    0.2032       0.06316 ±    0.00285       0.09295 ±    0.00070     7.153 ±  0.081 %    85.473 ±  0.195 %    41.313 ±  0.187 %
   3      13.8843 ±    0.1825       0.06585 ±    0.00235       0.09641 ±    0.00059     7.205 ±  0.067 %    84.893 ±  0.162 %    39.733 ±  0.150 %
   4      13.4204 ±    0.1529       0.06479 ±    0.00208       0.09832 ±    0.00058     7.368 ±  0.060 %    84.922 ±  0.140 %    40.517 ±  0.131 %
   5      12.7709 ±    0.1289       0.06471 ±    0.00184       0.09786 ±    0.00053     7.380 ±  0.054 %    85.131 ±  0.124 %    41.089 ±  0.117 %

====== Perplexity statistics ======
Mean PPL(Q)                   :  12.770889 ±   0.128950
Mean PPL(base)                :  11.970705 ±   0.119397
Cor(ln(PPL(Q)), ln(PPL(base))):  98.32%
Mean ln(PPL(Q)/PPL(base))     :   0.064706 ±   0.001843
Mean PPL(Q)/PPL(base)         :   1.066845 ±   0.001966
Mean PPL(Q)-PPL(base)         :   0.800183 ±   0.024662

====== KL divergence statistics ======
Mean    KLD:   0.097858 ±   0.000533
Maximum KLD:  10.150620
99.9%   KLD:   1.484475
99.0%   KLD:   0.619889
95.0%   KLD:   0.299700
90.0%   KLD:   0.212499
Median  KLD:   0.064059
10.0%   KLD:   0.002152
 5.0%   KLD:   0.000426
 1.0%   KLD:   0.000044
 0.1%   KLD:   0.000005
Minimum KLD:  -0.000003

====== Token probability statistics ======
Mean    Δp: -0.893 ± 0.026 %
Maximum Δp: 83.479%
99.9%   Δp: 38.752%
99.0%   Δp: 19.387%
95.0%   Δp:  8.695%
90.0%   Δp:  4.751%
75.0%   Δp:  0.654%
Median  Δp: -0.022%
25.0%   Δp: -1.968%
10.0%   Δp: -7.655%
 5.0%   Δp: -12.588%
 1.0%   Δp: -26.727%
 0.1%   Δp: -52.764%
Minimum Δp: -99.979%
RMS Δp    :  7.380 ± 0.054 %
Same top p: 85.131 ± 0.124 %
Same sampled p: 41.089 ± 0.117 %

------------------------------
# llama-perplexity: version: 0.4.7-dev (build 11840, commit a740376d8-dirty) | built with GNU 15.3.0 for Linux x86_64
# model: /home/crusaderky/.cache/huggingface/hub/models--Abiray--MiniCPM5-2B-heretic-abliterated-GGUF/snapshots/c153cc60bed0471d7d26feb02f999a887851a81b/MiniCPM5-2B-heretic-abliterated-Q4_K_M.gguf size=1561320352 mtime=2026-09-15T07:13:03+00:00 sha256/1048576B=b89fbc4f165c548a5ff8add090027133974656c16fc071096e6636fddb9e7638
llama-perplexity --kl-divergence-base /tmp/logits.dat --ctx-size 32768 -f sample-data/wiki.test.head-2.4k.raw -fa on --hf-repo Abiray/MiniCPM5-2B-heretic-abliterated-GGUF:Q4_K_M --cache-type-k q5_0 --cache-type-v q4_0 --kv-tail-tokens 128 --kl-divergence
0.01.823.445 I cmn          init: llama threadpool init, n_threads = 16
0.01.878.138 I 
0.01.878.209 I system_info: n_threads = 16 (n_threads_batch = 16) / 32 | CUDA : ARCHS = 750,800,860,890,900,1000,1030,1200,1210 | USE_GRAPHS = 1 | FA_ALL_QUANTS = 1 | CPU : SSE3 = 1 | SSSE3 = 1 | AVX = 1 | AVX2 = 1 | F16C = 1 | FMA = 1 | BMI2 = 1 | LLAMAFILE = 1 | OPENMP = 1 | REPACK = 1 | 
0.02.166.566 I kl_divergence: computing over 5 chunks, n_ctx=32768, batch_size=2048, n_seq=1
0.11.103.141 I kl_divergence: 8.94 seconds per pass - ETA 0.73 minutes

chunk             PPL               ln(PPL(Q)/PPL(base))          KL Divergence              Δp RMS            Same top p        Same sampled p
   1      13.5802 ±    0.3033       0.06107 ±    0.00394       0.08872 ±    0.00089     6.799 ±  0.102 %    85.265 ±  0.277 %    39.521 ±  0.258 %
   2      12.7344 ±    0.2032       0.06321 ±    0.00285       0.09288 ±    0.00071     7.145 ±  0.081 %    85.393 ±  0.195 %    41.298 ±  0.187 %
   3      13.8824 ±    0.1824       0.06571 ±    0.00235       0.09648 ±    0.00060     7.215 ±  0.067 %    84.791 ±  0.162 %    39.708 ±  0.150 %
   4      13.4224 ±    0.1529       0.06493 ±    0.00207       0.09821 ±    0.00057     7.360 ±  0.060 %    84.844 ±  0.140 %    40.497 ±  0.131 %
   5      12.7779 ±    0.1290       0.06525 ±    0.00184       0.09784 ±    0.00052     7.380 ±  0.055 %    85.072 ±  0.125 %    41.069 ±  0.117 %

====== Perplexity statistics ======
Mean PPL(Q)                   :  12.777902 ±   0.128966
Mean PPL(base)                :  11.970705 ±   0.119397
Cor(ln(PPL(Q)), ln(PPL(base))):  98.33%
Mean ln(PPL(Q)/PPL(base))     :   0.065255 ±   0.001839
Mean PPL(Q)/PPL(base)         :   1.067431 ±   0.001963
Mean PPL(Q)-PPL(base)         :   0.807196 ±   0.024633

====== KL divergence statistics ======
Mean    KLD:   0.097843 ±   0.000518
Maximum KLD:   9.433983
99.9%   KLD:   1.555804
99.0%   KLD:   0.617482
95.0%   KLD:   0.300070
90.0%   KLD:   0.212113
Median  KLD:   0.064227
10.0%   KLD:   0.002174
 5.0%   KLD:   0.000414
 1.0%   KLD:   0.000044
 0.1%   KLD:   0.000005
Minimum KLD:  -0.000009

====== Token probability statistics ======
Mean    Δp: -0.917 ± 0.026 %
Maximum Δp: 79.000%
99.9%   Δp: 38.600%
99.0%   Δp: 19.085%
95.0%   Δp:  8.692%
90.0%   Δp:  4.680%
75.0%   Δp:  0.634%
Median  Δp: -0.022%
25.0%   Δp: -1.991%
10.0%   Δp: -7.739%
 5.0%   Δp: -12.709%
 1.0%   Δp: -26.398%
 0.1%   Δp: -53.983%
Minimum Δp: -97.984%
RMS Δp    :  7.380 ± 0.055 %
Same top p: 85.072 ± 0.125 %
Same sampled p: 41.069 ± 0.117 %

------------------------------
# llama-perplexity: version: 0.4.7-dev (build 11840, commit a740376d8-dirty) | built with GNU 15.3.0 for Linux x86_64
# model: /home/crusaderky/.cache/huggingface/hub/models--Abiray--MiniCPM5-2B-heretic-abliterated-GGUF/snapshots/c153cc60bed0471d7d26feb02f999a887851a81b/MiniCPM5-2B-heretic-abliterated-Q4_K_M.gguf size=1561320352 mtime=2026-09-15T07:13:03+00:00 sha256/1048576B=b89fbc4f165c548a5ff8add090027133974656c16fc071096e6636fddb9e7638
llama-perplexity --kl-divergence-base /tmp/logits.dat --ctx-size 32768 -f sample-data/wiki.test.head-2.4k.raw -fa on --hf-repo Abiray/MiniCPM5-2B-heretic-abliterated-GGUF:Q4_K_M --cache-type-k q5_0 --cache-type-v q3_0 --kv-tail-tokens 128 --kl-divergence
0.01.863.634 I cmn          init: llama threadpool init, n_threads = 16
0.01.917.935 I 
0.01.917.995 I system_info: n_threads = 16 (n_threads_batch = 16) / 32 | CUDA : ARCHS = 750,800,860,890,900,1000,1030,1200,1210 | USE_GRAPHS = 1 | FA_ALL_QUANTS = 1 | CPU : SSE3 = 1 | SSSE3 = 1 | AVX = 1 | AVX2 = 1 | F16C = 1 | FMA = 1 | BMI2 = 1 | LLAMAFILE = 1 | OPENMP = 1 | REPACK = 1 | 
0.02.212.801 I kl_divergence: computing over 5 chunks, n_ctx=32768, batch_size=2048, n_seq=1
0.11.007.069 I kl_divergence: 8.79 seconds per pass - ETA 0.72 minutes

chunk             PPL               ln(PPL(Q)/PPL(base))          KL Divergence              Δp RMS            Same top p        Same sampled p
   1      13.5467 ±    0.3018       0.05860 ±    0.00399       0.09149 ±    0.00091     6.943 ±  0.104 %    84.691 ±  0.281 %    39.431 ±  0.258 %
   2      12.7033 ±    0.2022       0.06076 ±    0.00287       0.09487 ±    0.00072     7.229 ±  0.081 %    85.021 ±  0.197 %    41.231 ±  0.187 %
   3      13.8700 ±    0.1819       0.06482 ±    0.00237       0.09822 ±    0.00061     7.286 ±  0.067 %    84.472 ±  0.163 %    39.650 ±  0.150 %
   4      13.4110 ±    0.1525       0.06408 ±    0.00209       0.10010 ±    0.00058     7.455 ±  0.061 %    84.548 ±  0.141 %    40.436 ±  0.131 %
   5      12.7582 ±    0.1286       0.06372 ±    0.00185       0.09949 ±    0.00052     7.465 ±  0.054 %    84.826 ±  0.125 %    41.003 ±  0.117 %

====== Perplexity statistics ======
Mean PPL(Q)                   :  12.758243 ±   0.128553
Mean PPL(base)                :  11.970705 ±   0.119397
Cor(ln(PPL(Q)), ln(PPL(base))):  98.31%
Mean ln(PPL(Q)/PPL(base))     :   0.063715 ±   0.001846
Mean PPL(Q)/PPL(base)         :   1.065789 ±   0.001968
Mean PPL(Q)-PPL(base)         :   0.787538 ±   0.024553

====== KL divergence statistics ======
Mean    KLD:   0.099488 ±   0.000518
Maximum KLD:   9.720107
99.9%   KLD:   1.533946
99.0%   KLD:   0.636940
95.0%   KLD:   0.305722
90.0%   KLD:   0.216699
Median  KLD:   0.065232
10.0%   KLD:   0.002244
 5.0%   KLD:   0.000428
 1.0%   KLD:   0.000045
 0.1%   KLD:   0.000005
Minimum KLD:  -0.000009

====== Token probability statistics ======
Mean    Δp: -0.961 ± 0.026 %
Maximum Δp: 78.938%
99.9%   Δp: 39.935%
99.0%   Δp: 19.547%
95.0%   Δp:  8.739%
90.0%   Δp:  4.674%
75.0%   Δp:  0.600%
Median  Δp: -0.027%
25.0%   Δp: -2.045%
10.0%   Δp: -7.873%
 5.0%   Δp: -12.953%
 1.0%   Δp: -26.389%
 0.1%   Δp: -53.985%
Minimum Δp: -96.832%
RMS Δp    :  7.465 ± 0.054 %
Same top p: 84.826 ± 0.125 %
Same sampled p: 41.003 ± 0.117 %

------------------------------
# llama-perplexity: version: 0.4.7-dev (build 11840, commit a740376d8-dirty) | built with GNU 15.3.0 for Linux x86_64
# model: /home/crusaderky/.cache/huggingface/hub/models--Abiray--MiniCPM5-2B-heretic-abliterated-GGUF/snapshots/c153cc60bed0471d7d26feb02f999a887851a81b/MiniCPM5-2B-heretic-abliterated-Q4_K_M.gguf size=1561320352 mtime=2026-09-15T07:13:03+00:00 sha256/1048576B=b89fbc4f165c548a5ff8add090027133974656c16fc071096e6636fddb9e7638
llama-perplexity --kl-divergence-base /tmp/logits.dat --ctx-size 32768 -f sample-data/wiki.test.head-2.4k.raw -fa on --hf-repo Abiray/MiniCPM5-2B-heretic-abliterated-GGUF:Q4_K_M --cache-type-k q4_0 --cache-type-v q3_0 --kv-tail-tokens 1024 --kl-divergence
0.01.816.886 I cmn          init: llama threadpool init, n_threads = 16
0.01.872.573 I 
0.01.872.641 I system_info: n_threads = 16 (n_threads_batch = 16) / 32 | CUDA : ARCHS = 750,800,860,890,900,1000,1030,1200,1210 | USE_GRAPHS = 1 | FA_ALL_QUANTS = 1 | CPU : SSE3 = 1 | SSSE3 = 1 | AVX = 1 | AVX2 = 1 | F16C = 1 | FMA = 1 | BMI2 = 1 | LLAMAFILE = 1 | OPENMP = 1 | REPACK = 1 | 
0.02.176.529 I kl_divergence: computing over 5 chunks, n_ctx=32768, batch_size=2048, n_seq=1
0.11.608.208 I kl_divergence: 9.43 seconds per pass - ETA 0.78 minutes

chunk             PPL               ln(PPL(Q)/PPL(base))          KL Divergence              Δp RMS            Same top p        Same sampled p
   1      13.5879 ±    0.3034       0.06163 ±    0.00403       0.09216 ±    0.00094     7.027 ±  0.110 %    84.991 ±  0.279 %    39.463 ±  0.258 %
   2      12.7460 ±    0.2032       0.06412 ±    0.00291       0.09607 ±    0.00076     7.319 ±  0.085 %    85.064 ±  0.197 %    41.231 ±  0.187 %
   3      13.9064 ±    0.1827       0.06744 ±    0.00240       0.09929 ±    0.00063     7.363 ±  0.070 %    84.488 ±  0.163 %    39.654 ±  0.150 %
   4      13.4404 ±    0.1531       0.06628 ±    0.00211       0.10125 ±    0.00060     7.523 ±  0.062 %    84.582 ±  0.141 %    40.440 ±  0.131 %
   5      12.7825 ±    0.1290       0.06561 ±    0.00187       0.10037 ±    0.00053     7.506 ±  0.055 %    84.836 ±  0.125 %    41.020 ±  0.117 %

====== Perplexity statistics ======
Mean PPL(Q)                   :  12.782466 ±   0.128953
Mean PPL(base)                :  11.970705 ±   0.119397
Cor(ln(PPL(Q)), ln(PPL(base))):  98.27%
Mean ln(PPL(Q)/PPL(base))     :   0.065612 ±   0.001868
Mean PPL(Q)/PPL(base)         :   1.067812 ±   0.001995
Mean PPL(Q)-PPL(base)         :   0.811761 ±   0.024964

====== KL divergence statistics ======
Mean    KLD:   0.100369 ±   0.000527
Maximum KLD:   9.664108
99.9%   KLD:   1.511943
99.0%   KLD:   0.639303
95.0%   KLD:   0.310663
90.0%   KLD:   0.219090
Median  KLD:   0.065529
10.0%   KLD:   0.002184
 5.0%   KLD:   0.000431
 1.0%   KLD:   0.000046
 0.1%   KLD:   0.000005
Minimum KLD:  -0.000005

====== Token probability statistics ======
Mean    Δp: -0.955 ± 0.026 %
Maximum Δp: 78.985%
99.9%   Δp: 40.181%
99.0%   Δp: 19.308%
95.0%   Δp:  8.773%
90.0%   Δp:  4.672%
75.0%   Δp:  0.634%
Median  Δp: -0.026%
25.0%   Δp: -2.013%
10.0%   Δp: -7.880%
 5.0%   Δp: -12.906%
 1.0%   Δp: -26.834%
 0.1%   Δp: -53.873%
Minimum Δp: -97.949%
RMS Δp    :  7.506 ± 0.055 %
Same top p: 84.836 ± 0.125 %
Same sampled p: 41.020 ± 0.117 %

------------------------------
# llama-perplexity: version: 0.4.7-dev (build 11840, commit a740376d8-dirty) | built with GNU 15.3.0 for Linux x86_64
# model: /home/crusaderky/.cache/huggingface/hub/models--Abiray--MiniCPM5-2B-heretic-abliterated-GGUF/snapshots/c153cc60bed0471d7d26feb02f999a887851a81b/MiniCPM5-2B-heretic-abliterated-Q4_K_M.gguf size=1561320352 mtime=2026-09-15T07:13:03+00:00 sha256/1048576B=b89fbc4f165c548a5ff8add090027133974656c16fc071096e6636fddb9e7638
llama-perplexity --kl-divergence-base /tmp/logits.dat --ctx-size 32768 -f sample-data/wiki.test.head-2.4k.raw -fa on --hf-repo Abiray/MiniCPM5-2B-heretic-abliterated-GGUF:Q4_K_M --cache-type-k q3_0 --cache-type-v q3_0 --kv-tail-tokens 1024 --kl-divergence
0.01.849.761 I cmn          init: llama threadpool init, n_threads = 16
0.01.906.114 I 
0.01.906.180 I system_info: n_threads = 16 (n_threads_batch = 16) / 32 | CUDA : ARCHS = 750,800,860,890,900,1000,1030,1200,1210 | USE_GRAPHS = 1 | FA_ALL_QUANTS = 1 | CPU : SSE3 = 1 | SSSE3 = 1 | AVX = 1 | AVX2 = 1 | F16C = 1 | FMA = 1 | BMI2 = 1 | LLAMAFILE = 1 | OPENMP = 1 | REPACK = 1 | 
0.02.205.470 I kl_divergence: computing over 5 chunks, n_ctx=32768, batch_size=2048, n_seq=1
0.11.340.551 I kl_divergence: 9.14 seconds per pass - ETA 0.75 minutes

chunk             PPL               ln(PPL(Q)/PPL(base))          KL Divergence              Δp RMS            Same top p        Same sampled p
   1      13.6538 ±    0.3053       0.06647 ±    0.00422       0.10170 ±    0.00102     7.455 ±  0.118 %    84.020 ±  0.286 %    39.369 ±  0.258 %
   2      12.8085 ±    0.2045       0.06901 ±    0.00305       0.10543 ±    0.00080     7.730 ±  0.089 %    84.279 ±  0.201 %    41.153 ±  0.187 %
   3      13.9916 ±    0.1841       0.07354 ±    0.00250       0.10844 ±    0.00067     7.729 ±  0.072 %    83.699 ±  0.167 %    39.584 ±  0.150 %
   4      13.5294 ±    0.1544       0.07287 ±    0.00221       0.11052 ±    0.00063     7.876 ±  0.064 %    83.747 ±  0.144 %    40.368 ±  0.131 %
   5      12.8797 ±    0.1302       0.07319 ±    0.00196       0.11015 ±    0.00057     7.879 ±  0.058 %    83.983 ±  0.128 %    40.945 ±  0.117 %

====== Perplexity statistics ======
Mean PPL(Q)                   :  12.879678 ±   0.130216
Mean PPL(base)                :  11.970705 ±   0.119397
Cor(ln(PPL(Q)), ln(PPL(base))):  98.10%
Mean ln(PPL(Q)/PPL(base))     :   0.073188 ±   0.001964
Mean PPL(Q)/PPL(base)         :   1.075933 ±   0.002113
Mean PPL(Q)-PPL(base)         :   0.908973 ±   0.026622

====== KL divergence statistics ======
Mean    KLD:   0.110151 ±   0.000574
Maximum KLD:   9.560946
99.9%   KLD:   1.660557
99.0%   KLD:   0.705059
95.0%   KLD:   0.342398
90.0%   KLD:   0.241088
Median  KLD:   0.071222
10.0%   KLD:   0.002463
 5.0%   KLD:   0.000461
 1.0%   KLD:   0.000050
 0.1%   KLD:   0.000006
Minimum KLD:  -0.000001

====== Token probability statistics ======
Mean    Δp: -1.008 ± 0.027 %
Maximum Δp: 95.241%
99.9%   Δp: 41.751%
99.0%   Δp: 20.624%
95.0%   Δp:  9.079%
90.0%   Δp:  4.936%
75.0%   Δp:  0.651%
Median  Δp: -0.026%
25.0%   Δp: -2.135%
10.0%   Δp: -8.258%
 5.0%   Δp: -13.571%
 1.0%   Δp: -28.683%
 0.1%   Δp: -58.175%
Minimum Δp: -97.951%
RMS Δp    :  7.879 ± 0.058 %
Same top p: 83.983 ± 0.128 %
Same sampled p: 40.945 ± 0.117 %

------------------------------
# llama-perplexity: version: 0.4.7-dev (build 11840, commit a740376d8-dirty) | built with GNU 15.3.0 for Linux x86_64
# model: /home/crusaderky/.cache/huggingface/hub/models--Abiray--MiniCPM5-2B-heretic-abliterated-GGUF/snapshots/c153cc60bed0471d7d26feb02f999a887851a81b/MiniCPM5-2B-heretic-abliterated-Q4_K_M.gguf size=1561320352 mtime=2026-09-15T07:13:03+00:00 sha256/1048576B=b89fbc4f165c548a5ff8add090027133974656c16fc071096e6636fddb9e7638
llama-perplexity --kl-divergence-base /tmp/logits.dat --ctx-size 32768 -f sample-data/wiki.test.head-2.4k.raw -fa on --hf-repo Abiray/MiniCPM5-2B-heretic-abliterated-GGUF:Q4_K_M --cache-type-k kvarn3 --cache-type-v kvarn3 --kv-tail-tokens 1024 --kl-divergence
0.01.889.956 I cmn          init: llama threadpool init, n_threads = 16
0.01.959.611 I 
0.01.959.670 I system_info: n_threads = 16 (n_threads_batch = 16) / 32 | CUDA : ARCHS = 750,800,860,890,900,1000,1030,1200,1210 | USE_GRAPHS = 1 | FA_ALL_QUANTS = 1 | CPU : SSE3 = 1 | SSSE3 = 1 | AVX = 1 | AVX2 = 1 | F16C = 1 | FMA = 1 | BMI2 = 1 | LLAMAFILE = 1 | OPENMP = 1 | REPACK = 1 | 
0.02.249.084 I kl_divergence: computing over 5 chunks, n_ctx=32768, batch_size=2048, n_seq=1
0.12.946.507 I kl_divergence: 10.70 seconds per pass - ETA 0.88 minutes

chunk             PPL               ln(PPL(Q)/PPL(base))          KL Divergence              Δp RMS            Same top p        Same sampled p
   1      13.6146 ±    0.3040       0.06360 ±    0.00406       0.09163 ±    0.00094     6.994 ±  0.113 %    85.039 ±  0.279 %    39.427 ±  0.258 %
   2      12.7430 ±    0.2031       0.06388 ±    0.00290       0.09547 ±    0.00073     7.284 ±  0.084 %    85.116 ±  0.197 %    41.222 ±  0.187 %
   3      13.8957 ±    0.1825       0.06667 ±    0.00239       0.09858 ±    0.00062     7.327 ±  0.069 %    84.594 ±  0.163 %    39.646 ±  0.150 %
   4      13.4372 ±    0.1530       0.06604 ±    0.00210       0.10053 ±    0.00060     7.474 ±  0.061 %    84.672 ±  0.141 %    40.425 ±  0.131 %
   5      12.7907 ±    0.1290       0.06626 ±    0.00187       0.10029 ±    0.00054     7.514 ±  0.055 %    84.856 ±  0.125 %    40.992 ±  0.117 %

====== Perplexity statistics ======
Mean PPL(Q)                   :  12.790705 ±   0.129028
Mean PPL(base)                :  11.970705 ±   0.119397
Cor(ln(PPL(Q)), ln(PPL(base))):  98.27%
Mean ln(PPL(Q)/PPL(base))     :   0.066256 ±   0.001869
Mean PPL(Q)/PPL(base)         :   1.068501 ±   0.001998
Mean PPL(Q)-PPL(base)         :   0.820000 ±   0.025018

====== KL divergence statistics ======
Mean    KLD:   0.100293 ±   0.000542
Maximum KLD:   9.940272
99.9%   KLD:   1.627463
99.0%   KLD:   0.641196
95.0%   KLD:   0.308934
90.0%   KLD:   0.217414
Median  KLD:   0.065404
10.0%   KLD:   0.002254
 5.0%   KLD:   0.000432
 1.0%   KLD:   0.000047
 0.1%   KLD:   0.000005
Minimum KLD:  -0.000004

====== Token probability statistics ======
Mean    Δp: -0.987 ± 0.026 %
Maximum Δp: 82.806%
99.9%   Δp: 38.486%
99.0%   Δp: 19.054%
95.0%   Δp:  8.612%
90.0%   Δp:  4.701%
75.0%   Δp:  0.627%
Median  Δp: -0.028%
25.0%   Δp: -2.073%
10.0%   Δp: -7.868%
 5.0%   Δp: -12.987%
 1.0%   Δp: -27.242%
 0.1%   Δp: -54.234%
Minimum Δp: -98.188%
RMS Δp    :  7.514 ± 0.055 %
Same top p: 84.856 ± 0.125 %
Same sampled p: 40.992 ± 0.117 %

------------------------------
# llama-perplexity: version: 0.4.7-dev (build 11840, commit a740376d8-dirty) | built with GNU 15.3.0 for Linux x86_64
# model: /home/crusaderky/.cache/huggingface/hub/models--bartowski--MiniCPM5-2B-GGUF/snapshots/31fee0334c4ed9f1e079afe586ba30cb83e0f883/MiniCPM5-2B-Q6_K.gguf size=2107305184 mtime=2026-09-14T18:13:41+00:00 sha256/1048576B=7696d4515c9f04f092e9933de7be053bdacb6f5c865cd2e98cd7ca68d6d7f395
llama-perplexity --kl-divergence-base /tmp/logits.dat --ctx-size 32768 -f sample-data/wiki.test.head-2.4k.raw -fa on --hf-repo bartowski/MiniCPM5-2B-GGUF:Q6_K --cache-type-k q5_0 --cache-type-v q4_0 --kv-tail-tokens 128 --kl-divergence
0.01.955.873 I cmn          init: llama threadpool init, n_threads = 16
0.02.009.790 I 
0.02.009.856 I system_info: n_threads = 16 (n_threads_batch = 16) / 32 | CUDA : ARCHS = 750,800,860,890,900,1000,1030,1200,1210 | USE_GRAPHS = 1 | FA_ALL_QUANTS = 1 | CPU : SSE3 = 1 | SSSE3 = 1 | AVX = 1 | AVX2 = 1 | F16C = 1 | FMA = 1 | BMI2 = 1 | LLAMAFILE = 1 | OPENMP = 1 | REPACK = 1 | 
0.02.303.850 I kl_divergence: computing over 5 chunks, n_ctx=32768, batch_size=2048, n_seq=1
0.11.148.443 I kl_divergence: 8.84 seconds per pass - ETA 0.73 minutes

chunk             PPL               ln(PPL(Q)/PPL(base))          KL Divergence              Δp RMS            Same top p        Same sampled p
   1      12.8278 ±    0.2827       0.00407 ±    0.00116       0.00767 ±    0.00011     2.163 ±  0.039 %    94.940 ±  0.171 %    40.625 ±  0.258 %
   2      11.9977 ±    0.1889       0.00361 ±    0.00086       0.00815 ±    0.00012     2.303 ±  0.039 %    95.092 ±  0.119 %    42.446 ±  0.186 %
   3      13.0363 ±    0.1694       0.00282 ±    0.00070       0.00829 ±    0.00010     2.255 ±  0.030 %    95.062 ±  0.098 %    40.899 ±  0.150 %
   4      12.6182 ±    0.1420       0.00315 ±    0.00061       0.00848 ±    0.00009     2.321 ±  0.031 %    95.099 ±  0.084 %    41.716 ±  0.131 %
   5      12.0103 ±    0.1197       0.00330 ±    0.00056       0.00869 ±    0.00013     2.338 ±  0.028 %    95.215 ±  0.075 %    42.280 ±  0.117 %

====== Perplexity statistics ======
Mean PPL(Q)                   :  12.010281 ±   0.119727
Mean PPL(base)                :  11.970705 ±   0.119397
Cor(ln(PPL(Q)), ln(PPL(base))):  99.84%
Mean ln(PPL(Q)/PPL(base))     :   0.003301 ±   0.000559
Mean PPL(Q)/PPL(base)         :   1.003306 ±   0.000560
Mean PPL(Q)-PPL(base)         :   0.039576 ±   0.006705

====== KL divergence statistics ======
Mean    KLD:   0.008694 ±   0.000135
Maximum KLD:   7.940549
99.9%   KLD:   0.213148
99.0%   KLD:   0.061481
95.0%   KLD:   0.025099
90.0%   KLD:   0.017201
Median  KLD:   0.005169
10.0%   KLD:   0.000182
 5.0%   KLD:   0.000035
 1.0%   KLD:   0.000003
 0.1%   KLD:  -0.000006
Minimum KLD:  -0.000106

====== Token probability statistics ======
Mean    Δp: -0.122 ± 0.008 %
Maximum Δp: 71.142%
99.9%   Δp: 13.628%
99.0%   Δp:  6.656%
95.0%   Δp:  3.000%
90.0%   Δp:  1.685%
75.0%   Δp:  0.277%
Median  Δp: -0.002%
25.0%   Δp: -0.466%
10.0%   Δp: -2.111%
 5.0%   Δp: -3.535%
 1.0%   Δp: -7.309%
 0.1%   Δp: -15.871%
Minimum Δp: -54.692%
RMS Δp    :  2.338 ± 0.028 %
Same top p: 95.215 ± 0.075 %
Same sampled p: 42.280 ± 0.117 %

------------------------------
# llama-perplexity: version: 0.4.7-dev (build 11840, commit a740376d8-dirty) | built with GNU 15.3.0 for Linux x86_64
# model: /home/crusaderky/.cache/huggingface/hub/models--bartowski--MiniCPM5-2B-GGUF/snapshots/31fee0334c4ed9f1e079afe586ba30cb83e0f883/MiniCPM5-2B-Q6_K.gguf size=2107305184 mtime=2026-09-14T18:13:41+00:00 sha256/1048576B=7696d4515c9f04f092e9933de7be053bdacb6f5c865cd2e98cd7ca68d6d7f395
llama-perplexity --kl-divergence-base /tmp/logits.dat --ctx-size 32768 -f sample-data/wiki.test.head-2.4k.raw -fa on --hf-repo bartowski/MiniCPM5-2B-GGUF:Q6_K --cache-type-k q5_0 --cache-type-v q3_0 --kv-tail-tokens 128 --kl-divergence
0.01.948.352 I cmn          init: llama threadpool init, n_threads = 16
0.02.001.152 I 
0.02.001.224 I system_info: n_threads = 16 (n_threads_batch = 16) / 32 | CUDA : ARCHS = 750,800,860,890,900,1000,1030,1200,1210 | USE_GRAPHS = 1 | FA_ALL_QUANTS = 1 | CPU : SSE3 = 1 | SSSE3 = 1 | AVX = 1 | AVX2 = 1 | F16C = 1 | FMA = 1 | BMI2 = 1 | LLAMAFILE = 1 | OPENMP = 1 | REPACK = 1 | 
0.02.284.927 I kl_divergence: computing over 5 chunks, n_ctx=32768, batch_size=2048, n_seq=1
0.11.185.739 I kl_divergence: 8.90 seconds per pass - ETA 0.73 minutes

chunk             PPL               ln(PPL(Q)/PPL(base))          KL Divergence              Δp RMS            Same top p        Same sampled p
   1      12.9195 ±    0.2859       0.01119 ±    0.00135       0.01040 ±    0.00014     2.476 ±  0.044 %    94.329 ±  0.181 %    40.709 ±  0.258 %
   2      12.0579 ±    0.1905       0.00862 ±    0.00098       0.01084 ±    0.00012     2.616 ±  0.044 %    94.415 ±  0.127 %    42.510 ±  0.186 %
   3      13.1180 ±    0.1712       0.00907 ±    0.00080       0.01112 ±    0.00009     2.587 ±  0.033 %    94.305 ±  0.105 %    40.980 ±  0.150 %
   4      12.6999 ±    0.1436       0.00960 ±    0.00073       0.01149 ±    0.00012     2.678 ±  0.038 %    94.336 ±  0.090 %    41.781 ±  0.131 %
   5      12.0769 ±    0.1208       0.00883 ±    0.00065       0.01162 ±    0.00012     2.693 ±  0.033 %    94.466 ±  0.080 %    42.328 ±  0.117 %

====== Perplexity statistics ======
Mean PPL(Q)                   :  12.076895 ±   0.120845
Mean PPL(base)                :  11.970705 ±   0.119397
Cor(ln(PPL(Q)), ln(PPL(base))):  99.79%
Mean ln(PPL(Q)/PPL(base))     :   0.008832 ±   0.000654
Mean PPL(Q)/PPL(base)         :   1.008871 ±   0.000660
Mean PPL(Q)-PPL(base)         :   0.106190 ±   0.007985

====== KL divergence statistics ======
Mean    KLD:   0.011618 ±   0.000122
Maximum KLD:   5.066781
99.9%   KLD:   0.294864
99.0%   KLD:   0.085025
95.0%   KLD:   0.035160
90.0%   KLD:   0.023516
Median  KLD:   0.006732
10.0%   KLD:   0.000232
 5.0%   KLD:   0.000046
 1.0%   KLD:   0.000004
 0.1%   KLD:  -0.000006
Minimum KLD:  -0.000058

====== Token probability statistics ======
Mean    Δp: -0.079 ± 0.009 %
Maximum Δp: 82.097%
99.9%   Δp: 17.100%
99.0%   Δp:  7.616%
95.0%   Δp:  3.548%
90.0%   Δp:  2.048%
75.0%   Δp:  0.373%
Median  Δp: -0.000%
25.0%   Δp: -0.468%
10.0%   Δp: -2.260%
 5.0%   Δp: -3.899%
 1.0%   Δp: -8.570%
 0.1%   Δp: -19.237%
Minimum Δp: -66.170%
RMS Δp    :  2.693 ± 0.033 %
Same top p: 94.466 ± 0.080 %
Same sampled p: 42.328 ± 0.117 %

------------------------------
# llama-perplexity: version: 0.4.7-dev (build 11840, commit a740376d8-dirty) | built with GNU 15.3.0 for Linux x86_64
# model: /home/crusaderky/.cache/huggingface/hub/models--bartowski--MiniCPM5-2B-GGUF/snapshots/31fee0334c4ed9f1e079afe586ba30cb83e0f883/MiniCPM5-2B-Q4_K_M.gguf size=1615826144 mtime=2026-09-14T23:31:39+00:00 sha256/1048576B=7696d4515c9f04f092e9933de7be053bdacb6f5c865cd2e98cd7ca68d6d7f395
llama-perplexity --kl-divergence-base /tmp/logits.dat --ctx-size 32768 -f sample-data/wiki.test.head-2.4k.raw -fa on --hf-repo bartowski/MiniCPM5-2B-GGUF:Q4_K_M --cache-type-k q5_0 --cache-type-v q3_0 --kv-tail-tokens 128 --kl-divergence
0.01.814.872 I cmn          init: llama threadpool init, n_threads = 16
0.01.866.845 I 
0.01.866.905 I system_info: n_threads = 16 (n_threads_batch = 16) / 32 | CUDA : ARCHS = 750,800,860,890,900,1000,1030,1200,1210 | USE_GRAPHS = 1 | FA_ALL_QUANTS = 1 | CPU : SSE3 = 1 | SSSE3 = 1 | AVX = 1 | AVX2 = 1 | F16C = 1 | FMA = 1 | BMI2 = 1 | LLAMAFILE = 1 | OPENMP = 1 | REPACK = 1 | 
0.02.153.370 I kl_divergence: computing over 5 chunks, n_ctx=32768, batch_size=2048, n_seq=1
0.10.776.518 I kl_divergence: 8.62 seconds per pass - ETA 0.72 minutes

chunk             PPL               ln(PPL(Q)/PPL(base))          KL Divergence              Δp RMS            Same top p        Same sampled p
   1      13.1663 ±    0.2919       0.03011 ±    0.00289       0.04805 ±    0.00058     5.231 ±  0.097 %    88.653 ±  0.248 %    40.163 ±  0.258 %
   2      12.3227 ±    0.1948       0.03034 ±    0.00209       0.04990 ±    0.00044     5.453 ±  0.069 %    89.071 ±  0.172 %    41.923 ±  0.187 %
   3      13.3884 ±    0.1745       0.02948 ±    0.00170       0.05058 ±    0.00035     5.356 ±  0.053 %    88.692 ±  0.143 %    40.365 ±  0.150 %
   4      12.9591 ±    0.1464       0.02981 ±    0.00149       0.05217 ±    0.00036     5.501 ±  0.051 %    88.686 ±  0.124 %    41.158 ±  0.131 %
   5      12.3163 ±    0.1232       0.02846 ±    0.00133       0.05147 ±    0.00034     5.482 ±  0.046 %    88.877 ±  0.110 %    41.738 ±  0.117 %

====== Perplexity statistics ======
Mean PPL(Q)                   :  12.316314 ±   0.123228
Mean PPL(base)                :  11.970705 ±   0.119397
Cor(ln(PPL(Q)), ln(PPL(base))):  99.12%
Mean ln(PPL(Q)/PPL(base))     :   0.028462 ±   0.001326
Mean PPL(Q)/PPL(base)         :   1.028871 ±   0.001365
Mean PPL(Q)-PPL(base)         :   0.345609 ±   0.016550

====== KL divergence statistics ======
Mean    KLD:   0.051469 ±   0.000344
Maximum KLD:  10.392164
99.9%   KLD:   0.960349
99.0%   KLD:   0.358217
95.0%   KLD:   0.163107
90.0%   KLD:   0.110418
Median  KLD:   0.031594
10.0%   KLD:   0.001126
 5.0%   KLD:   0.000221
 1.0%   KLD:   0.000024
 0.1%   KLD:   0.000003
Minimum KLD:  -0.000016

====== Token probability statistics ======
Mean    Δp: -0.459 ± 0.019 %
Maximum Δp: 79.292%
99.9%   Δp: 31.571%
99.0%   Δp: 15.111%
95.0%   Δp:  6.745%
90.0%   Δp:  3.805%
75.0%   Δp:  0.606%
Median  Δp: -0.004%
25.0%   Δp: -1.221%
10.0%   Δp: -5.339%
 5.0%   Δp: -8.881%
 1.0%   Δp: -18.995%
 0.1%   Δp: -38.799%
Minimum Δp: -96.968%
RMS Δp    :  5.482 ± 0.046 %
Same top p: 88.877 ± 0.110 %
Same sampled p: 41.738 ± 0.117 %

------------------------------
# llama-perplexity: version: 0.4.7-dev (build 11840, commit a740376d8-dirty) | built with GNU 15.3.0 for Linux x86_64
# model: /home/crusaderky/.cache/huggingface/hub/models--bartowski--MiniCPM5-2B-GGUF/snapshots/31fee0334c4ed9f1e079afe586ba30cb83e0f883/MiniCPM5-2B-Q4_K_M.gguf size=1615826144 mtime=2026-09-14T23:31:39+00:00 sha256/1048576B=7696d4515c9f04f092e9933de7be053bdacb6f5c865cd2e98cd7ca68d6d7f395
llama-perplexity --kl-divergence-base /tmp/logits.dat --ctx-size 32768 -f sample-data/wiki.test.head-2.4k.raw -fa on --hf-repo bartowski/MiniCPM5-2B-GGUF:Q4_K_M --cache-type-k q4_0 --cache-type-v q3_0 --kv-tail-tokens 1024 --kl-divergence
0.01.864.924 I cmn          init: llama threadpool init, n_threads = 16
0.01.923.834 I 
0.01.923.930 I system_info: n_threads = 16 (n_threads_batch = 16) / 32 | CUDA : ARCHS = 750,800,860,890,900,1000,1030,1200,1210 | USE_GRAPHS = 1 | FA_ALL_QUANTS = 1 | CPU : SSE3 = 1 | SSSE3 = 1 | AVX = 1 | AVX2 = 1 | F16C = 1 | FMA = 1 | BMI2 = 1 | LLAMAFILE = 1 | OPENMP = 1 | REPACK = 1 | 
0.02.239.255 I kl_divergence: computing over 5 chunks, n_ctx=32768, batch_size=2048, n_seq=1
0.11.246.717 I kl_divergence: 9.01 seconds per pass - ETA 0.75 minutes

chunk             PPL               ln(PPL(Q)/PPL(base))          KL Divergence              Δp RMS            Same top p        Same sampled p
   1      13.1524 ±    0.2916       0.02906 ±    0.00291       0.04802 ±    0.00057     5.266 ±  0.100 %    88.751 ±  0.247 %    40.214 ±  0.258 %
   2      12.3135 ±    0.1948       0.02960 ±    0.00209       0.05007 ±    0.00044     5.461 ±  0.071 %    88.934 ±  0.173 %    41.960 ±  0.187 %
   3      13.3881 ±    0.1747       0.02946 ±    0.00169       0.05094 ±    0.00035     5.382 ±  0.055 %    88.655 ±  0.143 %    40.416 ±  0.150 %
   4      12.9628 ±    0.1466       0.03009 ±    0.00149       0.05256 ±    0.00037     5.534 ±  0.050 %    88.557 ±  0.124 %    41.194 ±  0.131 %
   5      12.3211 ±    0.1234       0.02885 ±    0.00133       0.05194 ±    0.00033     5.525 ±  0.045 %    88.792 ±  0.110 %    41.780 ±  0.117 %

====== Perplexity statistics ======
Mean PPL(Q)                   :  12.321072 ±   0.123392
Mean PPL(base)                :  11.970705 ±   0.119397
Cor(ln(PPL(Q)), ln(PPL(base))):  99.12%
Mean ln(PPL(Q)/PPL(base))     :   0.028849 ±   0.001326
Mean PPL(Q)/PPL(base)         :   1.029269 ±   0.001365
Mean PPL(Q)-PPL(base)         :   0.350367 ±   0.016586

====== KL divergence statistics ======
Mean    KLD:   0.051943 ±   0.000335
Maximum KLD:  10.054056
99.9%   KLD:   0.989355
99.0%   KLD:   0.368961
95.0%   KLD:   0.164299
90.0%   KLD:   0.111329
Median  KLD:   0.031502
10.0%   KLD:   0.001123
 5.0%   KLD:   0.000219
 1.0%   KLD:   0.000023
 0.1%   KLD:   0.000002
Minimum KLD:  -0.000011

====== Token probability statistics ======
Mean    Δp: -0.411 ± 0.019 %
Maximum Δp: 78.618%
99.9%   Δp: 32.537%
99.0%   Δp: 15.234%
95.0%   Δp:  6.891%
90.0%   Δp:  3.879%
75.0%   Δp:  0.643%
Median  Δp: -0.003%
25.0%   Δp: -1.189%
10.0%   Δp: -5.200%
 5.0%   Δp: -8.780%
 1.0%   Δp: -19.266%
 0.1%   Δp: -38.444%
Minimum Δp: -96.997%
RMS Δp    :  5.525 ± 0.045 %
Same top p: 88.792 ± 0.110 %
Same sampled p: 41.780 ± 0.117 %

------------------------------
# llama-perplexity: version: 0.4.7-dev (build 11840, commit a740376d8-dirty) | built with GNU 15.3.0 for Linux x86_64
# model: /home/crusaderky/.cache/huggingface/hub/models--bartowski--MiniCPM5-2B-GGUF/snapshots/31fee0334c4ed9f1e079afe586ba30cb83e0f883/MiniCPM5-2B-Q4_K_M.gguf size=1615826144 mtime=2026-09-14T23:31:39+00:00 sha256/1048576B=7696d4515c9f04f092e9933de7be053bdacb6f5c865cd2e98cd7ca68d6d7f395
llama-perplexity --kl-divergence-base /tmp/logits.dat --ctx-size 32768 -f sample-data/wiki.test.head-2.4k.raw -fa on --hf-repo bartowski/MiniCPM5-2B-GGUF:Q4_K_M --cache-type-k q3_0 --cache-type-v q3_0 --kv-tail-tokens 1024 --kl-divergence
0.01.915.562 I cmn          init: llama threadpool init, n_threads = 16
0.01.970.816 I 
0.01.970.888 I system_info: n_threads = 16 (n_threads_batch = 16) / 32 | CUDA : ARCHS = 750,800,860,890,900,1000,1030,1200,1210 | USE_GRAPHS = 1 | FA_ALL_QUANTS = 1 | CPU : SSE3 = 1 | SSSE3 = 1 | AVX = 1 | AVX2 = 1 | F16C = 1 | FMA = 1 | BMI2 = 1 | LLAMAFILE = 1 | OPENMP = 1 | REPACK = 1 | 
0.02.261.064 I kl_divergence: computing over 5 chunks, n_ctx=32768, batch_size=2048, n_seq=1
0.11.251.781 I kl_divergence: 8.99 seconds per pass - ETA 0.73 minutes

chunk             PPL               ln(PPL(Q)/PPL(base))          KL Divergence              Δp RMS            Same top p        Same sampled p
   1      13.2708 ±    0.2949       0.03802 ±    0.00320       0.05721 ±    0.00076     5.821 ±  0.123 %    87.457 ±  0.259 %    40.074 ±  0.258 %
   2      12.4261 ±    0.1969       0.03870 ±    0.00229       0.05909 ±    0.00053     6.013 ±  0.081 %    87.981 ±  0.180 %    41.822 ±  0.187 %
   3      13.4928 ±    0.1762       0.03724 ±    0.00185       0.05943 ±    0.00042     5.907 ±  0.062 %    87.699 ±  0.148 %    40.283 ±  0.150 %
   4      13.0554 ±    0.1478       0.03721 ±    0.00162       0.06100 ±    0.00041     6.037 ±  0.056 %    87.646 ±  0.129 %    41.067 ±  0.131 %
   5      12.4125 ±    0.1245       0.03624 ±    0.00144       0.06085 ±    0.00040     6.048 ±  0.050 %    87.870 ±  0.114 %    41.651 ±  0.117 %

====== Perplexity statistics ======
Mean PPL(Q)                   :  12.412527 ±   0.124491
Mean PPL(base)                :  11.970705 ±   0.119397
Cor(ln(PPL(Q)), ln(PPL(base))):  98.96%
Mean ln(PPL(Q)/PPL(base))     :   0.036244 ±   0.001444
Mean PPL(Q)/PPL(base)         :   1.036909 ±   0.001497
Mean PPL(Q)-PPL(base)         :   0.441821 ±   0.018310

====== KL divergence statistics ======
Mean    KLD:   0.060846 ±   0.000397
Maximum KLD:  10.354580
99.9%   KLD:   1.099993
99.0%   KLD:   0.439173
95.0%   KLD:   0.196933
90.0%   KLD:   0.131743
Median  KLD:   0.036201
10.0%   KLD:   0.001347
 5.0%   KLD:   0.000258
 1.0%   KLD:   0.000028
 0.1%   KLD:   0.000003
Minimum KLD:  -0.000018

====== Token probability statistics ======
Mean    Δp: -0.502 ± 0.021 %
Maximum Δp: 87.446%
99.9%   Δp: 34.780%
99.0%   Δp: 16.513%
95.0%   Δp:  7.295%
90.0%   Δp:  4.052%
75.0%   Δp:  0.647%
Median  Δp: -0.004%
25.0%   Δp: -1.305%
10.0%   Δp: -5.683%
 5.0%   Δp: -9.672%
 1.0%   Δp: -21.054%
 0.1%   Δp: -43.678%
Minimum Δp: -96.430%
RMS Δp    :  6.048 ± 0.050 %
Same top p: 87.870 ± 0.114 %
Same sampled p: 41.651 ± 0.117 %

------------------------------
# llama-perplexity: version: 0.4.7-dev (build 11840, commit a740376d8-dirty) | built with GNU 15.3.0 for Linux x86_64
# model: /home/crusaderky/.cache/huggingface/hub/models--bartowski--MiniCPM5-2B-GGUF/snapshots/31fee0334c4ed9f1e079afe586ba30cb83e0f883/MiniCPM5-2B-Q4_K_M.gguf size=1615826144 mtime=2026-09-14T23:31:39+00:00 sha256/1048576B=7696d4515c9f04f092e9933de7be053bdacb6f5c865cd2e98cd7ca68d6d7f395
llama-perplexity --kl-divergence-base /tmp/logits.dat --ctx-size 32768 -f sample-data/wiki.test.head-2.4k.raw -fa on --hf-repo bartowski/MiniCPM5-2B-GGUF:Q4_K_M --cache-type-k kvarn6 --cache-type-v kvarn6 --kl-divergence
0.01.855.346 I cmn          init: llama threadpool init, n_threads = 16
0.01.919.447 I 
0.01.919.503 I system_info: n_threads = 16 (n_threads_batch = 16) / 32 | CUDA : ARCHS = 750,800,860,890,900,1000,1030,1200,1210 | USE_GRAPHS = 1 | FA_ALL_QUANTS = 1 | CPU : SSE3 = 1 | SSSE3 = 1 | AVX = 1 | AVX2 = 1 | F16C = 1 | FMA = 1 | BMI2 = 1 | LLAMAFILE = 1 | OPENMP = 1 | REPACK = 1 | 
0.02.203.879 I kl_divergence: computing over 5 chunks, n_ctx=32768, batch_size=2048, n_seq=1
0.12.777.214 I kl_divergence: 10.57 seconds per pass - ETA 0.87 minutes

chunk             PPL               ln(PPL(Q)/PPL(base))          KL Divergence              Δp RMS            Same top p        Same sampled p
   1      13.1023 ±    0.2899       0.02524 ±    0.00275       0.04325 ±    0.00049     4.923 ±  0.090 %    88.928 ±  0.245 %    40.223 ±  0.258 %
   2      12.2759 ±    0.1938       0.02654 ±    0.00199       0.04542 ±    0.00039     5.174 ±  0.066 %    89.291 ±  0.171 %    41.977 ±  0.187 %
   3      13.3459 ±    0.1738       0.02629 ±    0.00162       0.04624 ±    0.00032     5.116 ±  0.051 %    89.076 ±  0.141 %    40.407 ±  0.150 %
   4      12.9095 ±    0.1456       0.02597 ±    0.00142       0.04768 ±    0.00035     5.254 ±  0.050 %    89.053 ±  0.122 %    41.202 ±  0.131 %
   5      12.2695 ±    0.1226       0.02466 ±    0.00126       0.04681 ±    0.00031     5.217 ±  0.044 %    89.337 ±  0.108 %    41.802 ±  0.117 %

====== Perplexity statistics ======
Mean PPL(Q)                   :  12.269523 ±   0.122623
Mean PPL(base)                :  11.970705 ±   0.119397
Cor(ln(PPL(Q)), ln(PPL(base))):  99.20%
Mean ln(PPL(Q)/PPL(base))     :   0.024656 ±   0.001263
Mean PPL(Q)/PPL(base)         :   1.024962 ±   0.001295
Mean PPL(Q)-PPL(base)         :   0.298818 ±   0.015644

====== KL divergence statistics ======
Mean    KLD:   0.046805 ±   0.000311
Maximum KLD:  10.240568
99.9%   KLD:   0.822756
99.0%   KLD:   0.330847
95.0%   KLD:   0.146877
90.0%   KLD:   0.099974
Median  KLD:   0.028768
10.0%   KLD:   0.001005
 5.0%   KLD:   0.000201
 1.0%   KLD:   0.000022
 0.1%   KLD:   0.000003
Minimum KLD:  -0.000011

====== Token probability statistics ======
Mean    Δp: -0.405 ± 0.018 %
Maximum Δp: 78.603%
99.9%   Δp: 29.657%
99.0%   Δp: 14.460%
95.0%   Δp:  6.452%
90.0%   Δp:  3.665%
75.0%   Δp:  0.601%
Median  Δp: -0.003%
25.0%   Δp: -1.155%
10.0%   Δp: -4.974%
 5.0%   Δp: -8.343%
 1.0%   Δp: -18.107%
 0.1%   Δp: -37.075%
Minimum Δp: -97.404%
RMS Δp    :  5.217 ± 0.044 %
Same top p: 89.337 ± 0.108 %
Same sampled p: 41.802 ± 0.117 %

------------------------------
