# llama-perplexity: version: 0.4.4-dev (build 11430, commit 9d76dc1da-dirty) | built with GNU 15.3.0 for Linux x86_64
# model: /home/crusaderky/.cache/huggingface/hub/models--bloomer010--Ling-3.0-tiny-GGUF/snapshots/56a85ebe2d6d9d2ad6ad00a5014b13667153e236/Ling-3.0-tiny-BF16.gguf size=15803475456 mtime=2026-08-21T22:00:46+00:00 sha256/1048576B=1f0d7ad78082697a22a8d2043f21fcf2aa8fe0e14cd97b1b1dba9373a0b8caf6
llama-perplexity --kl-divergence-base /tmp/logits.dat --ctx-size 32768 -f sample-data/wiki.test.head-2.4k.raw -fa on --hf-repo bloomer010/Ling-3.0-tiny-GGUF:BF16 --cache-type-k f16 --cache-type-v f16
0.01.068.409 W load: special_eos_id is not in special_eog_ids - the tokenizer config may be incorrect
0.11.207.058 I cmn          init: llama threadpool init, n_threads = 16
0.11.323.654 I 
0.11.323.726 I system_info: n_threads = 16 (n_threads_batch = 16) / 32 | CUDA : ARCHS = 750,800,860,890,900,1000,1030,1200,1210 | USE_GRAPHS = 1 | FA_ALL_QUANTS = 1 | CPU : SSE3 = 1 | SSSE3 = 1 | AVX = 1 | AVX2 = 1 | F16C = 1 | FMA = 1 | BMI2 = 1 | LLAMAFILE = 1 | OPENMP = 1 | REPACK = 1 | 
0.11.323.808 I perplexity: saving all logits to /tmp/logits.dat
0.11.323.811 I perplexity: tokenizing the input ..
0.11.669.208 I perplexity: tokenization took 345.389 ms
0.11.669.365 I perplexity: calculating perplexity over 5 chunks, n_ctx=32768, batch_size=512, n_seq=1
0.26.215.704 I perplexity: 14.48 seconds per pass - ETA 1.20 minutes
[1]23.3896,[2]24.0951,[3]24.9491,[4]22.4553,[5]22.5030,
1.24.339.771 I Final estimate: PPL = 22.5030 +/- 0.27715

------
# llama-perplexity: version: 0.4.4-dev (build 11430, commit 9d76dc1da-dirty) | built with GNU 15.3.0 for Linux x86_64
# model: /home/crusaderky/.cache/huggingface/hub/models--bloomer010--Ling-3.0-tiny-GGUF/snapshots/56a85ebe2d6d9d2ad6ad00a5014b13667153e236/Ling-3.0-tiny-BF16.gguf size=15803475456 mtime=2026-08-21T22:00:46+00:00 sha256/1048576B=1f0d7ad78082697a22a8d2043f21fcf2aa8fe0e14cd97b1b1dba9373a0b8caf6
llama-perplexity --kl-divergence-base /tmp/logits.dat --ctx-size 32768 -f sample-data/wiki.test.head-2.4k.raw -fa on --hf-repo bloomer010/Ling-3.0-tiny-GGUF:BF16 --cache-type-k f16 --cache-type-v f16 --kl-divergence
0.00.940.491 W load: special_eos_id is not in special_eog_ids - the tokenizer config may be incorrect
0.04.151.303 I cmn          init: llama threadpool init, n_threads = 16
0.04.263.986 I 
0.04.264.061 I system_info: n_threads = 16 (n_threads_batch = 16) / 32 | CUDA : ARCHS = 750,800,860,890,900,1000,1030,1200,1210 | USE_GRAPHS = 1 | FA_ALL_QUANTS = 1 | CPU : SSE3 = 1 | SSSE3 = 1 | AVX = 1 | AVX2 = 1 | F16C = 1 | FMA = 1 | BMI2 = 1 | LLAMAFILE = 1 | OPENMP = 1 | REPACK = 1 | 
0.04.349.913 I kl_divergence: computing over 5 chunks, n_ctx=32768, batch_size=512, n_seq=1
0.14.969.452 I kl_divergence: 10.62 seconds per pass - ETA 0.88 minutes

chunk             PPL               ln(PPL(Q)/PPL(base))          KL Divergence              Δp RMS            Same top p        Same sampled p
   1      23.3896 ±    0.6373       0.00078 ±    0.00025       0.00000 ±    0.00000     0.000 ±  0.000 %    99.994 ±  0.006 %    52.449 ±  0.270 %
   2      24.0951 ±    0.4722       0.00107 ±    0.00022       0.00000 ±    0.00000     0.001 ±  0.000 %    99.997 ±  0.003 %    51.947 ±  0.192 %
   3      24.9491 ±    0.4000       0.00123 ±    0.00023       0.00000 ±    0.00000     0.001 ±  0.000 %    99.998 ±  0.002 %    51.610 ±  0.156 %
   4      22.4553 ±    0.3081       0.00146 ±    0.00022       0.00000 ±    0.00000     0.001 ±  0.000 %    99.998 ±  0.002 %    52.563 ±  0.136 %
   5      22.5030 ±    0.2771       0.00152 ±    0.00021       0.00000 ±    0.00000     0.001 ±  0.000 %    99.999 ±  0.001 %    52.863 ±  0.121 %

====== Perplexity statistics ======
Mean PPL(Q)                   :  22.502981 ±   0.277146
Mean PPL(base)                :  22.468784 ±   0.276246
Cor(ln(PPL(Q)), ln(PPL(base))):  99.99%
Mean ln(PPL(Q)/PPL(base))     :   0.001521 ±   0.000205
Mean PPL(Q)/PPL(base)         :   1.001522 ±   0.000206
Mean PPL(Q)-PPL(base)         :   0.034197 ±   0.004681

====== KL divergence statistics ======
Mean    KLD:   0.000000 ±   0.000000
Maximum KLD:   0.000063
99.9%   KLD:   0.000049
99.0%   KLD:   0.000035
95.0%   KLD:   0.000021
90.0%   KLD:   0.000013
Median  KLD:   0.000000
10.0%   KLD:  -0.000013
 5.0%   KLD:  -0.000020
 1.0%   KLD:  -0.000035
 0.1%   KLD:  -0.000049
Minimum KLD:  -0.000073

====== Token probability statistics ======
Mean    Δp: -0.000 ± 0.000 %
Maximum Δp:  0.006%
99.9%   Δp:  0.004%
99.0%   Δp:  0.002%
95.0%   Δp:  0.000%
90.0%   Δp:  0.000%
75.0%   Δp:  0.000%
Median  Δp:  0.000%
25.0%   Δp: -0.000%
10.0%   Δp: -0.000%
 5.0%   Δp: -0.000%
 1.0%   Δp: -0.002%
 0.1%   Δp: -0.004%
Minimum Δp: -0.006%
RMS Δp    :  0.001 ± 0.000 %
Same top p: 99.999 ± 0.001 %
Same sampled p: 52.863 ± 0.121 %

------
# llama-perplexity: version: 0.4.4-dev (build 11430, commit 9d76dc1da-dirty) | built with GNU 15.3.0 for Linux x86_64
# model: /home/crusaderky/.cache/huggingface/hub/models--bloomer010--Ling-3.0-tiny-GGUF/snapshots/56a85ebe2d6d9d2ad6ad00a5014b13667153e236/Ling-3.0-tiny-MXFP4_MOE.gguf size=4718249024 mtime=2026-08-21T23:15:16+00:00 sha256/1048576B=75fdfc6eff4f5ae2fde9e53f7edc5bed48a62c7dfb2bdb8acebcf7ce2138227b
llama-perplexity --kl-divergence-base /tmp/logits.dat --ctx-size 32768 -f sample-data/wiki.test.head-2.4k.raw -fa on --hf-repo bloomer010/Ling-3.0-tiny-GGUF:MXFP4_MOE --cache-type-k f16 --cache-type-v f16 --kl-divergence
0.00.936.603 W load: special_eos_id is not in special_eog_ids - the tokenizer config may be incorrect
0.04.476.541 I cmn          init: llama threadpool init, n_threads = 16
0.04.539.593 I 
0.04.539.664 I system_info: n_threads = 16 (n_threads_batch = 16) / 32 | CUDA : ARCHS = 750,800,860,890,900,1000,1030,1200,1210 | USE_GRAPHS = 1 | FA_ALL_QUANTS = 1 | CPU : SSE3 = 1 | SSSE3 = 1 | AVX = 1 | AVX2 = 1 | F16C = 1 | FMA = 1 | BMI2 = 1 | LLAMAFILE = 1 | OPENMP = 1 | REPACK = 1 | 
0.04.635.463 I kl_divergence: computing over 5 chunks, n_ctx=32768, batch_size=512, n_seq=1
0.12.649.880 I kl_divergence: 8.01 seconds per pass - ETA 0.67 minutes

chunk             PPL               ln(PPL(Q)/PPL(base))          KL Divergence              Δp RMS            Same top p        Same sampled p
   1      24.9213 ±    0.6829       0.06421 ±    0.00456       0.08705 ±    0.00142     8.617 ±  0.172 %    87.231 ±  0.261 %    50.827 ±  0.272 %
   2      25.7296 ±    0.5048       0.06671 ±    0.00328       0.09005 ±    0.00117     8.734 ±  0.121 %    86.944 ±  0.186 %    50.099 ±  0.194 %
   3      26.7639 ±    0.4302       0.07145 ±    0.00273       0.09243 ±    0.00093     8.715 ±  0.097 %    86.683 ±  0.153 %    49.762 ±  0.158 %
   4      24.1444 ±    0.3323       0.07399 ±    0.00237       0.09353 ±    0.00081     8.852 ±  0.084 %    86.794 ±  0.132 %    50.629 ±  0.137 %
   5      24.0371 ±    0.2965       0.06747 ±    0.00214       0.09489 ±    0.00073     8.866 ±  0.074 %    86.718 ±  0.119 %    50.921 ±  0.123 %

====== Perplexity statistics ======
Mean PPL(Q)                   :  24.037146 ±   0.296467
Mean PPL(base)                :  22.468784 ±   0.276246
Cor(ln(PPL(Q)), ln(PPL(base))):  98.50%
Mean ln(PPL(Q)/PPL(base))     :   0.067473 ±   0.002135
Mean PPL(Q)/PPL(base)         :   1.069802 ±   0.002284
Mean PPL(Q)-PPL(base)         :   1.568362 ±   0.053578

====== KL divergence statistics ======
Mean    KLD:   0.094889 ±   0.000731
Maximum KLD:  13.536172
99.9%   KLD:   2.565613
99.0%   KLD:   0.900463
95.0%   KLD:   0.349332
90.0%   KLD:   0.219637
Median  KLD:   0.040663
10.0%   KLD:   0.000418
 5.0%   KLD:   0.000077
 1.0%   KLD:   0.000005
 0.1%   KLD:  -0.000003
Minimum KLD:  -0.000316

====== Token probability statistics ======
Mean    Δp: -0.985 ± 0.031 %
Maximum Δp: 98.512%
99.9%   Δp: 55.314%
99.0%   Δp: 24.223%
95.0%   Δp:  8.662%
90.0%   Δp:  3.586%
75.0%   Δp:  0.176%
Median  Δp: -0.006%
25.0%   Δp: -1.030%
10.0%   Δp: -7.275%
 5.0%   Δp: -14.048%
 1.0%   Δp: -34.566%
 0.1%   Δp: -69.556%
Minimum Δp: -99.481%
RMS Δp    :  8.866 ± 0.074 %
Same top p: 86.718 ± 0.119 %
Same sampled p: 50.921 ± 0.123 %

------
# llama-perplexity: version: 0.4.4-dev (build 11430, commit 9d76dc1da-dirty) | built with GNU 15.3.0 for Linux x86_64
# model: /home/crusaderky/.cache/huggingface/hub/models--bloomer010--Ling-3.0-tiny-GGUF/snapshots/56a85ebe2d6d9d2ad6ad00a5014b13667153e236/Ling-3.0-tiny-MXFP4_MOE.gguf size=4718249024 mtime=2026-08-21T23:15:16+00:00 sha256/1048576B=75fdfc6eff4f5ae2fde9e53f7edc5bed48a62c7dfb2bdb8acebcf7ce2138227b
llama-perplexity --kl-divergence-base /tmp/logits.dat --ctx-size 32768 -f sample-data/wiki.test.head-2.4k.raw -fa on --hf-repo bloomer010/Ling-3.0-tiny-GGUF:MXFP4_MOE --cache-type-k q8_0 --cache-type-v q8_0 --kl-divergence
0.00.912.802 W load: special_eos_id is not in special_eog_ids - the tokenizer config may be incorrect
0.01.960.878 I cmn          init: llama threadpool init, n_threads = 16
0.02.025.527 I 
0.02.025.594 I system_info: n_threads = 16 (n_threads_batch = 16) / 32 | CUDA : ARCHS = 750,800,860,890,900,1000,1030,1200,1210 | USE_GRAPHS = 1 | FA_ALL_QUANTS = 1 | CPU : SSE3 = 1 | SSSE3 = 1 | AVX = 1 | AVX2 = 1 | F16C = 1 | FMA = 1 | BMI2 = 1 | LLAMAFILE = 1 | OPENMP = 1 | REPACK = 1 | 
0.02.114.871 I kl_divergence: computing over 5 chunks, n_ctx=32768, batch_size=512, n_seq=1
0.10.132.337 I kl_divergence: 8.02 seconds per pass - ETA 0.67 minutes

chunk             PPL               ln(PPL(Q)/PPL(base))          KL Divergence              Δp RMS            Same top p        Same sampled p
   1      24.7905 ±    0.6782       0.05895 ±    0.00457       0.08679 ±    0.00141     8.578 ±  0.170 %    87.212 ±  0.261 %    50.791 ±  0.272 %
   2      25.6783 ±    0.5031       0.06471 ±    0.00328       0.09009 ±    0.00116     8.719 ±  0.120 %    86.840 ±  0.187 %    50.041 ±  0.194 %
   3      26.7220 ±    0.4291       0.06988 ±    0.00272       0.09234 ±    0.00092     8.697 ±  0.096 %    86.584 ±  0.154 %    49.736 ±  0.158 %
   4      24.1307 ±    0.3319       0.07342 ±    0.00237       0.09352 ±    0.00080     8.834 ±  0.083 %    86.690 ±  0.133 %    50.608 ±  0.137 %
   5      24.0507 ±    0.2966       0.06804 ±    0.00214       0.09493 ±    0.00073     8.841 ±  0.073 %    86.640 ±  0.119 %    50.906 ±  0.123 %

====== Perplexity statistics ======
Mean PPL(Q)                   :  24.050730 ±   0.296589
Mean PPL(base)                :  22.468784 ±   0.276246
Cor(ln(PPL(Q)), ln(PPL(base))):  98.49%
Mean ln(PPL(Q)/PPL(base))     :   0.068038 ±   0.002138
Mean PPL(Q)/PPL(base)         :   1.070406 ±   0.002289
Mean PPL(Q)-PPL(base)         :   1.581946 ±   0.053701

====== KL divergence statistics ======
Mean    KLD:   0.094934 ±   0.000734
Maximum KLD:  13.421412
99.9%   KLD:   2.529311
99.0%   KLD:   0.881977
95.0%   KLD:   0.350859
90.0%   KLD:   0.219816
Median  KLD:   0.040829
10.0%   KLD:   0.000422
 5.0%   KLD:   0.000078
 1.0%   KLD:   0.000006
 0.1%   KLD:  -0.000002
Minimum KLD:  -0.000335

====== Token probability statistics ======
Mean    Δp: -1.004 ± 0.031 %
Maximum Δp: 98.249%
99.9%   Δp: 54.428%
99.0%   Δp: 23.988%
95.0%   Δp:  8.633%
90.0%   Δp:  3.637%
75.0%   Δp:  0.176%
Median  Δp: -0.006%
25.0%   Δp: -1.024%
10.0%   Δp: -7.351%
 5.0%   Δp: -14.149%
 1.0%   Δp: -34.427%
 0.1%   Δp: -68.569%
Minimum Δp: -99.266%
RMS Δp    :  8.841 ± 0.073 %
Same top p: 86.640 ± 0.119 %
Same sampled p: 50.906 ± 0.123 %

------
# llama-perplexity: version: 0.4.4-dev (build 11430, commit 9d76dc1da-dirty) | built with GNU 15.3.0 for Linux x86_64
# model: /home/crusaderky/.cache/huggingface/hub/models--bloomer010--Ling-3.0-tiny-GGUF/snapshots/56a85ebe2d6d9d2ad6ad00a5014b13667153e236/Ling-3.0-tiny-MXFP4_MOE.gguf size=4718249024 mtime=2026-08-21T23:15:16+00:00 sha256/1048576B=75fdfc6eff4f5ae2fde9e53f7edc5bed48a62c7dfb2bdb8acebcf7ce2138227b
llama-perplexity --kl-divergence-base /tmp/logits.dat --ctx-size 32768 -f sample-data/wiki.test.head-2.4k.raw -fa on --hf-repo bloomer010/Ling-3.0-tiny-GGUF:MXFP4_MOE --cache-type-k q6_0 --cache-type-v q6_0 --kl-divergence
0.00.903.087 W load: special_eos_id is not in special_eog_ids - the tokenizer config may be incorrect
0.01.960.331 I cmn          init: llama threadpool init, n_threads = 16
0.02.025.704 I 
0.02.025.772 I system_info: n_threads = 16 (n_threads_batch = 16) / 32 | CUDA : ARCHS = 750,800,860,890,900,1000,1030,1200,1210 | USE_GRAPHS = 1 | FA_ALL_QUANTS = 1 | CPU : SSE3 = 1 | SSSE3 = 1 | AVX = 1 | AVX2 = 1 | F16C = 1 | FMA = 1 | BMI2 = 1 | LLAMAFILE = 1 | OPENMP = 1 | REPACK = 1 | 
0.02.114.418 I kl_divergence: computing over 5 chunks, n_ctx=32768, batch_size=512, n_seq=1
0.10.125.459 I kl_divergence: 8.01 seconds per pass - ETA 0.67 minutes

chunk             PPL               ln(PPL(Q)/PPL(base))          KL Divergence              Δp RMS            Same top p        Same sampled p
   1      24.8079 ±    0.6794       0.05965 ±    0.00458       0.08669 ±    0.00139     8.552 ±  0.168 %    87.267 ±  0.260 %    50.857 ±  0.272 %
   2      25.7022 ±    0.5043       0.06564 ±    0.00329       0.09001 ±    0.00117     8.678 ±  0.119 %    86.874 ±  0.187 %    50.124 ±  0.194 %
   3      26.7234 ±    0.4295       0.06993 ±    0.00274       0.09266 ±    0.00093     8.699 ±  0.095 %    86.614 ±  0.154 %    49.766 ±  0.158 %
   4      24.1268 ±    0.3320       0.07326 ±    0.00238       0.09394 ±    0.00081     8.837 ±  0.083 %    86.721 ±  0.133 %    50.632 ±  0.137 %
   5      24.0317 ±    0.2964       0.06725 ±    0.00214       0.09531 ±    0.00073     8.848 ±  0.073 %    86.661 ±  0.119 %    50.911 ±  0.123 %

====== Perplexity statistics ======
Mean PPL(Q)                   :  24.031750 ±   0.296393
Mean PPL(base)                :  22.468784 ±   0.276246
Cor(ln(PPL(Q)), ln(PPL(base))):  98.49%
Mean ln(PPL(Q)/PPL(base))     :   0.067249 ±   0.002142
Mean PPL(Q)/PPL(base)         :   1.069562 ±   0.002291
Mean PPL(Q)-PPL(base)         :   1.562965 ±   0.053681

====== KL divergence statistics ======
Mean    KLD:   0.095308 ±   0.000732
Maximum KLD:  13.515831
99.9%   KLD:   2.518573
99.0%   KLD:   0.887846
95.0%   KLD:   0.352388
90.0%   KLD:   0.220868
Median  KLD:   0.040879
10.0%   KLD:   0.000421
 5.0%   KLD:   0.000078
 1.0%   KLD:   0.000006
 0.1%   KLD:  -0.000002
Minimum KLD:  -0.000309

====== Token probability statistics ======
Mean    Δp: -0.998 ± 0.031 %
Maximum Δp: 98.468%
99.9%   Δp: 54.691%
99.0%   Δp: 23.963%
95.0%   Δp:  8.684%
90.0%   Δp:  3.621%
75.0%   Δp:  0.178%
Median  Δp: -0.006%
25.0%   Δp: -1.027%
10.0%   Δp: -7.291%
 5.0%   Δp: -14.118%
 1.0%   Δp: -34.810%
 0.1%   Δp: -68.638%
Minimum Δp: -99.444%
RMS Δp    :  8.848 ± 0.073 %
Same top p: 86.661 ± 0.119 %
Same sampled p: 50.911 ± 0.123 %

------
# llama-perplexity: version: 0.4.4-dev (build 11430, commit 9d76dc1da-dirty) | built with GNU 15.3.0 for Linux x86_64
# model: /home/crusaderky/.cache/huggingface/hub/models--bloomer010--Ling-3.0-tiny-GGUF/snapshots/56a85ebe2d6d9d2ad6ad00a5014b13667153e236/Ling-3.0-tiny-MXFP4_MOE.gguf size=4718249024 mtime=2026-08-21T23:15:16+00:00 sha256/1048576B=75fdfc6eff4f5ae2fde9e53f7edc5bed48a62c7dfb2bdb8acebcf7ce2138227b
llama-perplexity --kl-divergence-base /tmp/logits.dat --ctx-size 32768 -f sample-data/wiki.test.head-2.4k.raw -fa on --hf-repo bloomer010/Ling-3.0-tiny-GGUF:MXFP4_MOE --cache-type-k q5_1 --cache-type-v q5_1 --kl-divergence
0.00.890.771 W load: special_eos_id is not in special_eog_ids - the tokenizer config may be incorrect
0.01.932.452 I cmn          init: llama threadpool init, n_threads = 16
0.01.995.461 I 
0.01.995.529 I system_info: n_threads = 16 (n_threads_batch = 16) / 32 | CUDA : ARCHS = 750,800,860,890,900,1000,1030,1200,1210 | USE_GRAPHS = 1 | FA_ALL_QUANTS = 1 | CPU : SSE3 = 1 | SSSE3 = 1 | AVX = 1 | AVX2 = 1 | F16C = 1 | FMA = 1 | BMI2 = 1 | LLAMAFILE = 1 | OPENMP = 1 | REPACK = 1 | 
0.02.081.188 I kl_divergence: computing over 5 chunks, n_ctx=32768, batch_size=512, n_seq=1
0.10.068.660 I kl_divergence: 7.99 seconds per pass - ETA 0.65 minutes

chunk             PPL               ln(PPL(Q)/PPL(base))          KL Divergence              Δp RMS            Same top p        Same sampled p
   1      24.9700 ±    0.6840       0.06616 ±    0.00462       0.08890 ±    0.00140     8.720 ±  0.170 %    87.035 ±  0.262 %    50.762 ±  0.272 %
   2      25.8742 ±    0.5079       0.07231 ±    0.00334       0.09262 ±    0.00118     8.869 ±  0.120 %    86.593 ±  0.188 %    50.028 ±  0.194 %
   3      26.8294 ±    0.4310       0.07389 ±    0.00277       0.09476 ±    0.00094     8.836 ±  0.096 %    86.425 ±  0.155 %    49.666 ±  0.158 %
   4      24.2155 ±    0.3331       0.07693 ±    0.00240       0.09594 ±    0.00082     8.962 ±  0.083 %    86.530 ±  0.133 %    50.520 ±  0.137 %
   5      24.1097 ±    0.2973       0.07049 ±    0.00216       0.09703 ±    0.00074     8.954 ±  0.074 %    86.495 ±  0.119 %    50.845 ±  0.123 %

====== Perplexity statistics ======
Mean PPL(Q)                   :  24.109677 ±   0.297310
Mean PPL(base)                :  22.468784 ±   0.276246
Cor(ln(PPL(Q)), ln(PPL(base))):  98.46%
Mean ln(PPL(Q)/PPL(base))     :   0.070486 ±   0.002161
Mean PPL(Q)/PPL(base)         :   1.073030 ±   0.002318
Mean PPL(Q)-PPL(base)         :   1.640893 ±   0.054515

====== KL divergence statistics ======
Mean    KLD:   0.097031 ±   0.000736
Maximum KLD:  14.005417
99.9%   KLD:   2.532167
99.0%   KLD:   0.904646
95.0%   KLD:   0.359984
90.0%   KLD:   0.225535
Median  KLD:   0.041872
10.0%   KLD:   0.000436
 5.0%   KLD:   0.000081
 1.0%   KLD:   0.000006
 0.1%   KLD:  -0.000002
Minimum KLD:  -0.000351

====== Token probability statistics ======
Mean    Δp: -1.048 ± 0.031 %
Maximum Δp: 98.388%
99.9%   Δp: 54.420%
99.0%   Δp: 24.197%
95.0%   Δp:  8.677%
90.0%   Δp:  3.623%
75.0%   Δp:  0.170%
Median  Δp: -0.007%
25.0%   Δp: -1.056%
10.0%   Δp: -7.533%
 5.0%   Δp: -14.434%
 1.0%   Δp: -35.301%
 0.1%   Δp: -68.905%
Minimum Δp: -99.475%
RMS Δp    :  8.954 ± 0.074 %
Same top p: 86.495 ± 0.119 %
Same sampled p: 50.845 ± 0.123 %

------
# llama-perplexity: version: 0.4.4-dev (build 11430, commit 9d76dc1da-dirty) | built with GNU 15.3.0 for Linux x86_64
# model: /home/crusaderky/.cache/huggingface/hub/models--bloomer010--Ling-3.0-tiny-GGUF/snapshots/56a85ebe2d6d9d2ad6ad00a5014b13667153e236/Ling-3.0-tiny-MXFP4_MOE.gguf size=4718249024 mtime=2026-08-21T23:15:16+00:00 sha256/1048576B=75fdfc6eff4f5ae2fde9e53f7edc5bed48a62c7dfb2bdb8acebcf7ce2138227b
llama-perplexity --kl-divergence-base /tmp/logits.dat --ctx-size 32768 -f sample-data/wiki.test.head-2.4k.raw -fa on --hf-repo bloomer010/Ling-3.0-tiny-GGUF:MXFP4_MOE --cache-type-k q5_0 --cache-type-v q5_0 --kl-divergence
0.00.901.459 W load: special_eos_id is not in special_eog_ids - the tokenizer config may be incorrect
0.01.926.484 I cmn          init: llama threadpool init, n_threads = 16
0.01.988.645 I 
0.01.988.719 I system_info: n_threads = 16 (n_threads_batch = 16) / 32 | CUDA : ARCHS = 750,800,860,890,900,1000,1030,1200,1210 | USE_GRAPHS = 1 | FA_ALL_QUANTS = 1 | CPU : SSE3 = 1 | SSSE3 = 1 | AVX = 1 | AVX2 = 1 | F16C = 1 | FMA = 1 | BMI2 = 1 | LLAMAFILE = 1 | OPENMP = 1 | REPACK = 1 | 
0.02.073.177 I kl_divergence: computing over 5 chunks, n_ctx=32768, batch_size=512, n_seq=1
0.10.071.390 I kl_divergence: 8.00 seconds per pass - ETA 0.65 minutes

chunk             PPL               ln(PPL(Q)/PPL(base))          KL Divergence              Δp RMS            Same top p        Same sampled p
   1      24.8886 ±    0.6824       0.06290 ±    0.00460       0.08834 ±    0.00142     8.757 ±  0.174 %    87.060 ±  0.262 %    50.863 ±  0.272 %
   2      25.6899 ±    0.5043       0.06516 ±    0.00331       0.09155 ±    0.00118     8.833 ±  0.122 %    86.742 ±  0.187 %    50.141 ±  0.194 %
   3      26.6628 ±    0.4285       0.06766 ±    0.00275       0.09395 ±    0.00094     8.821 ±  0.097 %    86.455 ±  0.154 %    49.773 ±  0.158 %
   4      24.0512 ±    0.3310       0.07012 ±    0.00239       0.09458 ±    0.00081     8.884 ±  0.084 %    86.617 ±  0.133 %    50.666 ±  0.137 %
   5      24.0178 ±    0.2964       0.06667 ±    0.00215       0.09622 ±    0.00074     8.903 ±  0.074 %    86.564 ±  0.119 %    50.939 ±  0.123 %

====== Perplexity statistics ======
Mean PPL(Q)                   :  24.017796 ±   0.296374
Mean PPL(base)                :  22.468784 ±   0.276246
Cor(ln(PPL(Q)), ln(PPL(base))):  98.47%
Mean ln(PPL(Q)/PPL(base))     :   0.066668 ±   0.002154
Mean PPL(Q)/PPL(base)         :   1.068941 ±   0.002302
Mean PPL(Q)-PPL(base)         :   1.549011 ±   0.053915

====== KL divergence statistics ======
Mean    KLD:   0.096217 ±   0.000735
Maximum KLD:  14.014956
99.9%   KLD:   2.509431
99.0%   KLD:   0.913746
95.0%   KLD:   0.356377
90.0%   KLD:   0.221581
Median  KLD:   0.041097
10.0%   KLD:   0.000426
 5.0%   KLD:   0.000077
 1.0%   KLD:   0.000005
 0.1%   KLD:  -0.000003
Minimum KLD:  -0.000129

====== Token probability statistics ======
Mean    Δp: -0.946 ± 0.031 %
Maximum Δp: 98.267%
99.9%   Δp: 55.616%
99.0%   Δp: 24.497%
95.0%   Δp:  8.959%
90.0%   Δp:  3.699%
75.0%   Δp:  0.186%
Median  Δp: -0.006%
25.0%   Δp: -0.995%
10.0%   Δp: -7.311%
 5.0%   Δp: -14.125%
 1.0%   Δp: -34.228%
 0.1%   Δp: -69.396%
Minimum Δp: -99.368%
RMS Δp    :  8.903 ± 0.074 %
Same top p: 86.564 ± 0.119 %
Same sampled p: 50.939 ± 0.123 %

------
# llama-perplexity: version: 0.4.4-dev (build 11430, commit 9d76dc1da-dirty) | built with GNU 15.3.0 for Linux x86_64
# model: /home/crusaderky/.cache/huggingface/hub/models--bloomer010--Ling-3.0-tiny-GGUF/snapshots/56a85ebe2d6d9d2ad6ad00a5014b13667153e236/Ling-3.0-tiny-MXFP4_MOE.gguf size=4718249024 mtime=2026-08-21T23:15:16+00:00 sha256/1048576B=75fdfc6eff4f5ae2fde9e53f7edc5bed48a62c7dfb2bdb8acebcf7ce2138227b
llama-perplexity --kl-divergence-base /tmp/logits.dat --ctx-size 32768 -f sample-data/wiki.test.head-2.4k.raw -fa on --hf-repo bloomer010/Ling-3.0-tiny-GGUF:MXFP4_MOE --cache-type-k q4_0 --cache-type-v q4_0 --kl-divergence
0.00.896.447 W load: special_eos_id is not in special_eog_ids - the tokenizer config may be incorrect
0.01.941.724 I cmn          init: llama threadpool init, n_threads = 16
0.02.005.752 I 
0.02.005.818 I system_info: n_threads = 16 (n_threads_batch = 16) / 32 | CUDA : ARCHS = 750,800,860,890,900,1000,1030,1200,1210 | USE_GRAPHS = 1 | FA_ALL_QUANTS = 1 | CPU : SSE3 = 1 | SSSE3 = 1 | AVX = 1 | AVX2 = 1 | F16C = 1 | FMA = 1 | BMI2 = 1 | LLAMAFILE = 1 | OPENMP = 1 | REPACK = 1 | 
0.02.092.378 I kl_divergence: computing over 5 chunks, n_ctx=32768, batch_size=512, n_seq=1
0.10.084.798 I kl_divergence: 7.99 seconds per pass - ETA 0.65 minutes

chunk             PPL               ln(PPL(Q)/PPL(base))          KL Divergence              Δp RMS            Same top p        Same sampled p
   1      24.8084 ±    0.6779       0.05967 ±    0.00477       0.09503 ±    0.00151     8.995 ±  0.174 %    86.871 ±  0.264 %    50.539 ±  0.273 %
   2      25.7170 ±    0.5041       0.06622 ±    0.00342       0.09748 ±    0.00122     8.995 ±  0.120 %    86.507 ±  0.189 %    49.879 ±  0.194 %
   3      26.7767 ±    0.4302       0.07193 ±    0.00284       0.09974 ±    0.00097     8.999 ±  0.096 %    86.140 ±  0.156 %    49.566 ±  0.158 %
   4      24.1498 ±    0.3322       0.07421 ±    0.00246       0.10061 ±    0.00084     9.112 ±  0.083 %    86.195 ±  0.135 %    50.450 ±  0.137 %
   5      24.0427 ±    0.2964       0.06770 ±    0.00221       0.10253 ±    0.00078     9.138 ±  0.074 %    86.178 ±  0.121 %    50.735 ±  0.123 %

====== Perplexity statistics ======
Mean PPL(Q)                   :  24.042713 ±   0.296358
Mean PPL(base)                :  22.468784 ±   0.276246
Cor(ln(PPL(Q)), ln(PPL(base))):  98.39%
Mean ln(PPL(Q)/PPL(base))     :   0.067705 ±   0.002211
Mean PPL(Q)/PPL(base)         :   1.070050 ±   0.002365
Mean PPL(Q)-PPL(base)         :   1.573929 ±   0.055172

====== KL divergence statistics ======
Mean    KLD:   0.102532 ±   0.000775
Maximum KLD:  13.369411
99.9%   KLD:   2.574173
99.0%   KLD:   0.930355
95.0%   KLD:   0.381733
90.0%   KLD:   0.239195
Median  KLD:   0.044292
10.0%   KLD:   0.000465
 5.0%   KLD:   0.000085
 1.0%   KLD:   0.000006
 0.1%   KLD:  -0.000003
Minimum KLD:  -0.000203

====== Token probability statistics ======
Mean    Δp: -1.053 ± 0.032 %
Maximum Δp: 98.428%
99.9%   Δp: 55.455%
99.0%   Δp: 24.927%
95.0%   Δp:  9.062%
90.0%   Δp:  3.733%
75.0%   Δp:  0.175%
Median  Δp: -0.007%
25.0%   Δp: -1.099%
10.0%   Δp: -7.737%
 5.0%   Δp: -14.792%
 1.0%   Δp: -35.595%
 0.1%   Δp: -68.514%
Minimum Δp: -99.139%
RMS Δp    :  9.138 ± 0.074 %
Same top p: 86.178 ± 0.121 %
Same sampled p: 50.735 ± 0.123 %

------
# llama-perplexity: version: 0.4.4-dev (build 11430, commit 9d76dc1da-dirty) | built with GNU 15.3.0 for Linux x86_64
# model: /home/crusaderky/.cache/huggingface/hub/models--bloomer010--Ling-3.0-tiny-GGUF/snapshots/56a85ebe2d6d9d2ad6ad00a5014b13667153e236/Ling-3.0-tiny-MXFP4_MOE.gguf size=4718249024 mtime=2026-08-21T23:15:16+00:00 sha256/1048576B=75fdfc6eff4f5ae2fde9e53f7edc5bed48a62c7dfb2bdb8acebcf7ce2138227b
llama-perplexity --kl-divergence-base /tmp/logits.dat --ctx-size 32768 -f sample-data/wiki.test.head-2.4k.raw -fa on --hf-repo bloomer010/Ling-3.0-tiny-GGUF:MXFP4_MOE --cache-type-k q3_0 --cache-type-v q3_0 --kl-divergence
0.00.909.091 W load: special_eos_id is not in special_eog_ids - the tokenizer config may be incorrect
0.01.965.812 I cmn          init: llama threadpool init, n_threads = 16
0.02.030.784 I 
0.02.030.854 I system_info: n_threads = 16 (n_threads_batch = 16) / 32 | CUDA : ARCHS = 750,800,860,890,900,1000,1030,1200,1210 | USE_GRAPHS = 1 | FA_ALL_QUANTS = 1 | CPU : SSE3 = 1 | SSSE3 = 1 | AVX = 1 | AVX2 = 1 | F16C = 1 | FMA = 1 | BMI2 = 1 | LLAMAFILE = 1 | OPENMP = 1 | REPACK = 1 | 
0.02.116.420 I kl_divergence: computing over 5 chunks, n_ctx=32768, batch_size=512, n_seq=1
0.10.078.336 I kl_divergence: 7.96 seconds per pass - ETA 0.65 minutes

chunk             PPL               ln(PPL(Q)/PPL(base))          KL Divergence              Δp RMS            Same top p        Same sampled p
   1      25.3793 ±    0.6939       0.08242 ±    0.00542       0.12338 ±    0.00192    10.130 ±  0.182 %    84.838 ±  0.280 %    49.966 ±  0.273 %
   2      26.2286 ±    0.5151       0.08592 ±    0.00381       0.12279 ±    0.00145     9.985 ±  0.125 %    84.771 ±  0.198 %    49.476 ±  0.194 %
   3      27.7590 ±    0.4484       0.10795 ±    0.00321       0.12965 ±    0.00120    10.159 ±  0.102 %    84.256 ±  0.164 %    49.079 ±  0.158 %
   4      24.9567 ±    0.3451       0.10708 ±    0.00281       0.13077 ±    0.00107    10.309 ±  0.090 %    84.408 ±  0.142 %    49.943 ±  0.138 %
   5      24.7801 ±    0.3070       0.09791 ±    0.00252       0.13230 ±    0.00097    10.309 ±  0.079 %    84.402 ±  0.127 %    50.239 ±  0.123 %

====== Perplexity statistics ======
Mean PPL(Q)                   :  24.780099 ±   0.307013
Mean PPL(base)                :  22.468784 ±   0.276246
Cor(ln(PPL(Q)), ln(PPL(base))):  97.92%
Mean ln(PPL(Q)/PPL(base))     :   0.097914 ±   0.002520
Mean PPL(Q)/PPL(base)         :   1.102868 ±   0.002779
Mean PPL(Q)-PPL(base)         :   2.311314 ±   0.066903

====== KL divergence statistics ======
Mean    KLD:   0.132303 ±   0.000969
Maximum KLD:  13.780068
99.9%   KLD:   3.363856
99.0%   KLD:   1.220709
95.0%   KLD:   0.495932
90.0%   KLD:   0.311138
Median  KLD:   0.056491
10.0%   KLD:   0.000616
 5.0%   KLD:   0.000107
 1.0%   KLD:   0.000008
 0.1%   KLD:  -0.000002
Minimum KLD:  -0.000185

====== Token probability statistics ======
Mean    Δp: -1.328 ± 0.036 %
Maximum Δp: 97.766%
99.9%   Δp: 61.368%
99.0%   Δp: 27.734%
95.0%   Δp:  9.969%
90.0%   Δp:  4.071%
75.0%   Δp:  0.181%
Median  Δp: -0.010%
25.0%   Δp: -1.323%
10.0%   Δp: -9.001%
 5.0%   Δp: -17.133%
 1.0%   Δp: -41.385%
 0.1%   Δp: -76.996%
Minimum Δp: -99.416%
RMS Δp    : 10.309 ± 0.079 %
Same top p: 84.402 ± 0.127 %
Same sampled p: 50.239 ± 0.123 %

------
# llama-perplexity: version: 0.4.4-dev (build 11430, commit 9d76dc1da-dirty) | built with GNU 15.3.0 for Linux x86_64
# model: /home/crusaderky/.cache/huggingface/hub/models--bartowski--Ling-3.0-tiny-GGUF/snapshots/ea072726af0d2e8ba325b2f90fc0efa762105a91/Ling-3.0-tiny-Q6_K.gguf size=6839076160 mtime=2026-08-21T23:43:12+00:00 sha256/1048576B=01be6a34ed40f674dcac10bc80b57d7f57954b522781a884a9194fbfb37b72dc
llama-perplexity --kl-divergence-base /tmp/logits.dat --ctx-size 32768 -f sample-data/wiki.test.head-2.4k.raw -fa on --hf-repo bartowski/Ling-3.0-tiny-GGUF:Q6_K --cache-type-k f16 --cache-type-v f16 --kl-divergence
0.00.906.183 W load: special_eos_id is not in special_eog_ids - the tokenizer config may be incorrect
0.06.540.830 I cmn          init: llama threadpool init, n_threads = 16
0.06.683.087 I 
0.06.683.171 I system_info: n_threads = 16 (n_threads_batch = 16) / 32 | CUDA : ARCHS = 750,800,860,890,900,1000,1030,1200,1210 | USE_GRAPHS = 1 | FA_ALL_QUANTS = 1 | CPU : SSE3 = 1 | SSSE3 = 1 | AVX = 1 | AVX2 = 1 | F16C = 1 | FMA = 1 | BMI2 = 1 | LLAMAFILE = 1 | OPENMP = 1 | REPACK = 1 | 
0.06.831.290 I kl_divergence: computing over 5 chunks, n_ctx=32768, batch_size=512, n_seq=1
0.15.106.215 I kl_divergence: 8.27 seconds per pass - ETA 0.68 minutes

chunk             PPL               ln(PPL(Q)/PPL(base))          KL Divergence              Δp RMS            Same top p        Same sampled p
   1      23.0899 ±    0.6290      -0.01212 ±    0.00168       0.01111 ±    0.00030     3.114 ±  0.107 %    95.373 ±  0.164 %    52.412 ±  0.270 %
   2      23.7977 ±    0.4659      -0.01135 ±    0.00116       0.01081 ±    0.00022     3.030 ±  0.071 %    95.373 ±  0.116 %    51.882 ±  0.192 %
   3      24.7278 ±    0.3964      -0.00768 ±    0.00098       0.01116 ±    0.00017     3.045 ±  0.055 %    95.206 ±  0.096 %    51.552 ±  0.156 %
   4      22.2772 ±    0.3057      -0.00650 ±    0.00085       0.01125 ±    0.00016     3.073 ±  0.049 %    95.356 ±  0.082 %    52.501 ±  0.136 %
   5      22.3283 ±    0.2749      -0.00627 ±    0.00077       0.01162 ±    0.00015     3.129 ±  0.044 %    95.389 ±  0.073 %    52.778 ±  0.121 %

====== Perplexity statistics ======
Mean PPL(Q)                   :  22.328303 ±   0.274929
Mean PPL(base)                :  22.468784 ±   0.276246
Cor(ln(PPL(Q)), ln(PPL(base))):  99.80%
Mean ln(PPL(Q)/PPL(base))     :  -0.006272 ±   0.000774
Mean PPL(Q)/PPL(base)         :   0.993748 ±   0.000769
Mean PPL(Q)-PPL(base)         :  -0.140481 ±   0.017373

====== KL divergence statistics ======
Mean    KLD:   0.011617 ±   0.000146
Maximum KLD:   5.176573
99.9%   KLD:   0.419308
99.0%   KLD:   0.116888
95.0%   KLD:   0.042545
90.0%   KLD:   0.025558
Median  KLD:   0.004040
10.0%   KLD:   0.000036
 5.0%   KLD:   0.000005
 1.0%   KLD:  -0.000001
 0.1%   KLD:  -0.000033
Minimum KLD:  -0.000233

====== Token probability statistics ======
Mean    Δp:  0.123 ± 0.011 %
Maximum Δp: 78.485%
99.9%   Δp: 24.213%
99.0%   Δp: 10.437%
95.0%   Δp:  3.991%
90.0%   Δp:  1.944%
75.0%   Δp:  0.219%
Median  Δp:  0.000%
25.0%   Δp: -0.110%
10.0%   Δp: -1.503%
 5.0%   Δp: -3.261%
 1.0%   Δp: -9.109%
 0.1%   Δp: -22.861%
Minimum Δp: -88.109%
RMS Δp    :  3.129 ± 0.044 %
Same top p: 95.389 ± 0.073 %
Same sampled p: 52.778 ± 0.121 %

------
# llama-perplexity: version: 0.4.4-dev (build 11430, commit 9d76dc1da-dirty) | built with GNU 15.3.0 for Linux x86_64
# model: /home/crusaderky/.cache/huggingface/hub/models--bartowski--Ling-3.0-tiny-GGUF/snapshots/ea072726af0d2e8ba325b2f90fc0efa762105a91/Ling-3.0-tiny-Q6_K.gguf size=6839076160 mtime=2026-08-21T23:43:12+00:00 sha256/1048576B=01be6a34ed40f674dcac10bc80b57d7f57954b522781a884a9194fbfb37b72dc
llama-perplexity --kl-divergence-base /tmp/logits.dat --ctx-size 32768 -f sample-data/wiki.test.head-2.4k.raw -fa on --hf-repo bartowski/Ling-3.0-tiny-GGUF:Q6_K --cache-type-k q8_0 --cache-type-v q8_0 --kl-divergence
0.01.036.829 W load: special_eos_id is not in special_eog_ids - the tokenizer config may be incorrect
0.02.527.628 I cmn          init: llama threadpool init, n_threads = 16
0.02.593.772 I 
0.02.593.852 I system_info: n_threads = 16 (n_threads_batch = 16) / 32 | CUDA : ARCHS = 750,800,860,890,900,1000,1030,1200,1210 | USE_GRAPHS = 1 | FA_ALL_QUANTS = 1 | CPU : SSE3 = 1 | SSSE3 = 1 | AVX = 1 | AVX2 = 1 | F16C = 1 | FMA = 1 | BMI2 = 1 | LLAMAFILE = 1 | OPENMP = 1 | REPACK = 1 | 
0.02.685.145 I kl_divergence: computing over 5 chunks, n_ctx=32768, batch_size=512, n_seq=1
0.10.988.512 I kl_divergence: 8.30 seconds per pass - ETA 0.68 minutes

chunk             PPL               ln(PPL(Q)/PPL(base))          KL Divergence              Δp RMS            Same top p        Same sampled p
   1      23.2336 ±    0.6337      -0.00592 ±    0.00164       0.01102 ±    0.00040     3.015 ±  0.113 %    95.392 ±  0.164 %    52.429 ±  0.270 %
   2      23.9635 ±    0.4697      -0.00440 ±    0.00116       0.01064 ±    0.00026     2.954 ±  0.075 %    95.550 ±  0.114 %    51.875 ±  0.192 %
   3      24.8341 ±    0.3984      -0.00339 ±    0.00097       0.01100 ±    0.00019     2.982 ±  0.059 %    95.333 ±  0.095 %    51.543 ±  0.156 %
   4      22.3552 ±    0.3069      -0.00300 ±    0.00084       0.01111 ±    0.00016     3.041 ±  0.049 %    95.445 ±  0.081 %    52.493 ±  0.136 %
   5      22.3775 ±    0.2756      -0.00407 ±    0.00077       0.01155 ±    0.00015     3.114 ±  0.044 %    95.404 ±  0.073 %    52.765 ±  0.121 %

====== Perplexity statistics ======
Mean PPL(Q)                   :  22.377526 ±   0.275558
Mean PPL(base)                :  22.468784 ±   0.276246
Cor(ln(PPL(Q)), ln(PPL(base))):  99.80%
Mean ln(PPL(Q)/PPL(base))     :  -0.004070 ±   0.000774
Mean PPL(Q)/PPL(base)         :   0.995938 ±   0.000771
Mean PPL(Q)-PPL(base)         :  -0.091259 ±   0.017373

====== KL divergence statistics ======
Mean    KLD:   0.011547 ±   0.000146
Maximum KLD:   5.468146
99.9%   KLD:   0.424548
99.0%   KLD:   0.117015
95.0%   KLD:   0.041958
90.0%   KLD:   0.025466
Median  KLD:   0.004057
10.0%   KLD:   0.000036
 5.0%   KLD:   0.000005
 1.0%   KLD:  -0.000001
 0.1%   KLD:  -0.000028
Minimum KLD:  -0.000221

====== Token probability statistics ======
Mean    Δp:  0.095 ± 0.011 %
Maximum Δp: 73.870%
99.9%   Δp: 23.805%
99.0%   Δp: 10.260%
95.0%   Δp:  3.854%
90.0%   Δp:  1.896%
75.0%   Δp:  0.201%
Median  Δp:  0.000%
25.0%   Δp: -0.118%
10.0%   Δp: -1.548%
 5.0%   Δp: -3.353%
 1.0%   Δp: -9.120%
 0.1%   Δp: -23.631%
Minimum Δp: -90.956%
RMS Δp    :  3.114 ± 0.044 %
Same top p: 95.404 ± 0.073 %
Same sampled p: 52.765 ± 0.121 %

------
# llama-perplexity: version: 0.4.4-dev (build 11430, commit 9d76dc1da-dirty) | built with GNU 15.3.0 for Linux x86_64
# model: /home/crusaderky/.cache/huggingface/hub/models--bartowski--Ling-3.0-tiny-GGUF/snapshots/ea072726af0d2e8ba325b2f90fc0efa762105a91/Ling-3.0-tiny-Q6_K.gguf size=6839076160 mtime=2026-08-21T23:43:12+00:00 sha256/1048576B=01be6a34ed40f674dcac10bc80b57d7f57954b522781a884a9194fbfb37b72dc
llama-perplexity --kl-divergence-base /tmp/logits.dat --ctx-size 32768 -f sample-data/wiki.test.head-2.4k.raw -fa on --hf-repo bartowski/Ling-3.0-tiny-GGUF:Q6_K --cache-type-k q6_0 --cache-type-v q6_0 --kl-divergence
0.00.934.794 W load: special_eos_id is not in special_eog_ids - the tokenizer config may be incorrect
0.02.436.156 I cmn          init: llama threadpool init, n_threads = 16
0.02.499.894 I 
0.02.499.971 I system_info: n_threads = 16 (n_threads_batch = 16) / 32 | CUDA : ARCHS = 750,800,860,890,900,1000,1030,1200,1210 | USE_GRAPHS = 1 | FA_ALL_QUANTS = 1 | CPU : SSE3 = 1 | SSSE3 = 1 | AVX = 1 | AVX2 = 1 | F16C = 1 | FMA = 1 | BMI2 = 1 | LLAMAFILE = 1 | OPENMP = 1 | REPACK = 1 | 
0.02.585.693 I kl_divergence: computing over 5 chunks, n_ctx=32768, batch_size=512, n_seq=1
0.10.859.371 I kl_divergence: 8.27 seconds per pass - ETA 0.68 minutes

chunk             PPL               ln(PPL(Q)/PPL(base))          KL Divergence              Δp RMS            Same top p        Same sampled p
   1      23.2351 ±    0.6334      -0.00585 ±    0.00164       0.01128 ±    0.00030     3.150 ±  0.112 %    95.367 ±  0.164 %    52.383 ±  0.270 %
   2      23.7769 ±    0.4654      -0.01222 ±    0.00117       0.01121 ±    0.00021     3.092 ±  0.075 %    95.343 ±  0.116 %    51.866 ±  0.192 %
   3      24.7319 ±    0.3966      -0.00751 ±    0.00099       0.01150 ±    0.00016     3.077 ±  0.056 %    95.147 ±  0.097 %    51.545 ±  0.156 %
   4      22.2853 ±    0.3058      -0.00614 ±    0.00086       0.01170 ±    0.00016     3.133 ±  0.047 %    95.294 ±  0.083 %    52.487 ±  0.136 %
   5      22.3419 ±    0.2751      -0.00566 ±    0.00080       0.01220 ±    0.00014     3.193 ±  0.041 %    95.256 ±  0.074 %    52.764 ±  0.121 %

====== Perplexity statistics ======
Mean PPL(Q)                   :  22.341894 ±   0.275104
Mean PPL(base)                :  22.468784 ±   0.276246
Cor(ln(PPL(Q)), ln(PPL(base))):  99.79%
Mean ln(PPL(Q)/PPL(base))     :  -0.005663 ±   0.000797
Mean PPL(Q)/PPL(base)         :   0.994353 ±   0.000792
Mean PPL(Q)-PPL(base)         :  -0.126890 ±   0.017882

====== KL divergence statistics ======
Mean    KLD:   0.012198 ±   0.000139
Maximum KLD:   4.016529
99.9%   KLD:   0.428788
99.0%   KLD:   0.124358
95.0%   KLD:   0.044363
90.0%   KLD:   0.026751
Median  KLD:   0.004333
10.0%   KLD:   0.000040
 5.0%   KLD:   0.000005
 1.0%   KLD:  -0.000001
 0.1%   KLD:  -0.000027
Minimum KLD:  -0.000223

====== Token probability statistics ======
Mean    Δp:  0.123 ± 0.011 %
Maximum Δp: 80.602%
99.9%   Δp: 25.597%
99.0%   Δp: 10.620%
95.0%   Δp:  4.126%
90.0%   Δp:  2.005%
75.0%   Δp:  0.220%
Median  Δp:  0.000%
25.0%   Δp: -0.116%
10.0%   Δp: -1.539%
 5.0%   Δp: -3.399%
 1.0%   Δp: -9.283%
 0.1%   Δp: -24.957%
Minimum Δp: -76.842%
RMS Δp    :  3.193 ± 0.041 %
Same top p: 95.256 ± 0.074 %
Same sampled p: 52.764 ± 0.121 %

------
# llama-perplexity: version: 0.4.4-dev (build 11430, commit 9d76dc1da-dirty) | built with GNU 15.3.0 for Linux x86_64
# model: /home/crusaderky/.cache/huggingface/hub/models--bartowski--Ling-3.0-tiny-GGUF/snapshots/ea072726af0d2e8ba325b2f90fc0efa762105a91/Ling-3.0-tiny-Q6_K.gguf size=6839076160 mtime=2026-08-21T23:43:12+00:00 sha256/1048576B=01be6a34ed40f674dcac10bc80b57d7f57954b522781a884a9194fbfb37b72dc
llama-perplexity --kl-divergence-base /tmp/logits.dat --ctx-size 32768 -f sample-data/wiki.test.head-2.4k.raw -fa on --hf-repo bartowski/Ling-3.0-tiny-GGUF:Q6_K --cache-type-k q5_1 --cache-type-v q5_1 --kl-divergence
0.00.902.851 W load: special_eos_id is not in special_eog_ids - the tokenizer config may be incorrect
0.02.413.506 I cmn          init: llama threadpool init, n_threads = 16
0.02.477.923 I 
0.02.477.985 I system_info: n_threads = 16 (n_threads_batch = 16) / 32 | CUDA : ARCHS = 750,800,860,890,900,1000,1030,1200,1210 | USE_GRAPHS = 1 | FA_ALL_QUANTS = 1 | CPU : SSE3 = 1 | SSSE3 = 1 | AVX = 1 | AVX2 = 1 | F16C = 1 | FMA = 1 | BMI2 = 1 | LLAMAFILE = 1 | OPENMP = 1 | REPACK = 1 | 
0.02.566.744 I kl_divergence: computing over 5 chunks, n_ctx=32768, batch_size=512, n_seq=1
0.10.834.182 I kl_divergence: 8.27 seconds per pass - ETA 0.68 minutes

chunk             PPL               ln(PPL(Q)/PPL(base))          KL Divergence              Δp RMS            Same top p        Same sampled p
   1      23.2976 ±    0.6352      -0.00316 ±    0.00171       0.01230 ±    0.00032     3.290 ±  0.114 %    95.251 ±  0.166 %    52.349 ±  0.270 %
   2      23.9289 ±    0.4679      -0.00585 ±    0.00122       0.01213 ±    0.00022     3.218 ±  0.074 %    95.184 ±  0.118 %    51.730 ±  0.192 %
   3      24.8836 ±    0.3988      -0.00140 ±    0.00103       0.01259 ±    0.00017     3.240 ±  0.055 %    94.924 ±  0.099 %    51.423 ±  0.156 %
   4      22.4166 ±    0.3074      -0.00026 ±    0.00090       0.01285 ±    0.00016     3.327 ±  0.051 %    95.042 ±  0.085 %    52.368 ±  0.136 %
   5      22.4474 ±    0.2763      -0.00095 ±    0.00083       0.01340 ±    0.00014     3.410 ±  0.045 %    94.996 ±  0.076 %    52.663 ±  0.121 %

====== Perplexity statistics ======
Mean PPL(Q)                   :  22.447350 ±   0.276304
Mean PPL(base)                :  22.468784 ±   0.276246
Cor(ln(PPL(Q)), ln(PPL(base))):  99.77%
Mean ln(PPL(Q)/PPL(base))     :  -0.000954 ±   0.000830
Mean PPL(Q)/PPL(base)         :   0.999046 ±   0.000829
Mean PPL(Q)-PPL(base)         :  -0.021434 ±   0.018637

====== KL divergence statistics ======
Mean    KLD:   0.013403 ±   0.000144
Maximum KLD:   3.006340
99.9%   KLD:   0.431051
99.0%   KLD:   0.133144
95.0%   KLD:   0.049176
90.0%   KLD:   0.029883
Median  KLD:   0.004912
10.0%   KLD:   0.000048
 5.0%   KLD:   0.000007
 1.0%   KLD:  -0.000001
 0.1%   KLD:  -0.000025
Minimum KLD:  -0.000249

====== Token probability statistics ======
Mean    Δp:  0.020 ± 0.012 %
Maximum Δp: 73.062%
99.9%   Δp: 26.222%
99.0%   Δp: 10.786%
95.0%   Δp:  4.081%
90.0%   Δp:  1.948%
75.0%   Δp:  0.186%
Median  Δp:  0.000%
25.0%   Δp: -0.164%
10.0%   Δp: -1.852%
 5.0%   Δp: -3.906%
 1.0%   Δp: -10.544%
 0.1%   Δp: -25.335%
Minimum Δp: -86.456%
RMS Δp    :  3.410 ± 0.045 %
Same top p: 94.996 ± 0.076 %
Same sampled p: 52.663 ± 0.121 %

------
# llama-perplexity: version: 0.4.4-dev (build 11430, commit 9d76dc1da-dirty) | built with GNU 15.3.0 for Linux x86_64
# model: /home/crusaderky/.cache/huggingface/hub/models--bartowski--Ling-3.0-tiny-GGUF/snapshots/ea072726af0d2e8ba325b2f90fc0efa762105a91/Ling-3.0-tiny-Q6_K.gguf size=6839076160 mtime=2026-08-21T23:43:12+00:00 sha256/1048576B=01be6a34ed40f674dcac10bc80b57d7f57954b522781a884a9194fbfb37b72dc
llama-perplexity --kl-divergence-base /tmp/logits.dat --ctx-size 32768 -f sample-data/wiki.test.head-2.4k.raw -fa on --hf-repo bartowski/Ling-3.0-tiny-GGUF:Q6_K --cache-type-k q5_0 --cache-type-v q5_0 --kl-divergence
0.00.901.402 W load: special_eos_id is not in special_eog_ids - the tokenizer config may be incorrect
0.02.405.447 I cmn          init: llama threadpool init, n_threads = 16
0.02.470.652 I 
0.02.470.720 I system_info: n_threads = 16 (n_threads_batch = 16) / 32 | CUDA : ARCHS = 750,800,860,890,900,1000,1030,1200,1210 | USE_GRAPHS = 1 | FA_ALL_QUANTS = 1 | CPU : SSE3 = 1 | SSSE3 = 1 | AVX = 1 | AVX2 = 1 | F16C = 1 | FMA = 1 | BMI2 = 1 | LLAMAFILE = 1 | OPENMP = 1 | REPACK = 1 | 
0.02.558.475 I kl_divergence: computing over 5 chunks, n_ctx=32768, batch_size=512, n_seq=1
0.10.831.472 I kl_divergence: 8.27 seconds per pass - ETA 0.68 minutes

chunk             PPL               ln(PPL(Q)/PPL(base))          KL Divergence              Δp RMS            Same top p        Same sampled p
   1      23.0829 ±    0.6284      -0.01242 ±    0.00186       0.01464 ±    0.00041     3.631 ±  0.131 %    94.799 ±  0.173 %    52.357 ±  0.270 %
   2      23.7510 ±    0.4642      -0.01331 ±    0.00128       0.01373 ±    0.00026     3.455 ±  0.085 %    94.879 ±  0.122 %    51.787 ±  0.192 %
   3      24.6971 ±    0.3956      -0.00892 ±    0.00107       0.01396 ±    0.00020     3.413 ±  0.063 %    94.586 ±  0.102 %    51.480 ±  0.156 %
   4      22.2452 ±    0.3050      -0.00794 ±    0.00094       0.01425 ±    0.00019     3.535 ±  0.056 %    94.722 ±  0.087 %    52.419 ±  0.136 %
   5      22.2954 ±    0.2743      -0.00775 ±    0.00087       0.01470 ±    0.00017     3.599 ±  0.048 %    94.712 ±  0.078 %    52.691 ±  0.121 %

====== Perplexity statistics ======
Mean PPL(Q)                   :  22.295361 ±   0.274337
Mean PPL(base)                :  22.468784 ±   0.276246
Cor(ln(PPL(Q)), ln(PPL(base))):  99.75%
Mean ln(PPL(Q)/PPL(base))     :  -0.007748 ±   0.000865
Mean PPL(Q)/PPL(base)         :   0.992282 ±   0.000858
Mean PPL(Q)-PPL(base)         :  -0.173423 ±   0.019457

====== KL divergence statistics ======
Mean    KLD:   0.014701 ±   0.000169
Maximum KLD:   5.410868
99.9%   KLD:   0.514140
99.0%   KLD:   0.145304
95.0%   KLD:   0.053930
90.0%   KLD:   0.032673
Median  KLD:   0.005337
10.0%   KLD:   0.000053
 5.0%   KLD:   0.000008
 1.0%   KLD:  -0.000001
 0.1%   KLD:  -0.000025
Minimum KLD:  -0.000200

====== Token probability statistics ======
Mean    Δp:  0.108 ± 0.013 %
Maximum Δp: 82.307%
99.9%   Δp: 27.723%
99.0%   Δp: 11.629%
95.0%   Δp:  4.524%
90.0%   Δp:  2.184%
75.0%   Δp:  0.222%
Median  Δp:  0.000%
25.0%   Δp: -0.141%
10.0%   Δp: -1.788%
 5.0%   Δp: -3.860%
 1.0%   Δp: -10.608%
 0.1%   Δp: -27.182%
Minimum Δp: -86.656%
RMS Δp    :  3.599 ± 0.048 %
Same top p: 94.712 ± 0.078 %
Same sampled p: 52.691 ± 0.121 %

------
# llama-perplexity: version: 0.4.4-dev (build 11430, commit 9d76dc1da-dirty) | built with GNU 15.3.0 for Linux x86_64
# model: /home/crusaderky/.cache/huggingface/hub/models--bartowski--Ling-3.0-tiny-GGUF/snapshots/ea072726af0d2e8ba325b2f90fc0efa762105a91/Ling-3.0-tiny-Q6_K.gguf size=6839076160 mtime=2026-08-21T23:43:12+00:00 sha256/1048576B=01be6a34ed40f674dcac10bc80b57d7f57954b522781a884a9194fbfb37b72dc
llama-perplexity --kl-divergence-base /tmp/logits.dat --ctx-size 32768 -f sample-data/wiki.test.head-2.4k.raw -fa on --hf-repo bartowski/Ling-3.0-tiny-GGUF:Q6_K --cache-type-k q4_0 --cache-type-v q4_0 --kl-divergence
0.00.909.850 W load: special_eos_id is not in special_eog_ids - the tokenizer config may be incorrect
0.02.422.934 I cmn          init: llama threadpool init, n_threads = 16
0.02.488.027 I 
0.02.488.094 I system_info: n_threads = 16 (n_threads_batch = 16) / 32 | CUDA : ARCHS = 750,800,860,890,900,1000,1030,1200,1210 | USE_GRAPHS = 1 | FA_ALL_QUANTS = 1 | CPU : SSE3 = 1 | SSSE3 = 1 | AVX = 1 | AVX2 = 1 | F16C = 1 | FMA = 1 | BMI2 = 1 | LLAMAFILE = 1 | OPENMP = 1 | REPACK = 1 | 
0.02.574.585 I kl_divergence: computing over 5 chunks, n_ctx=32768, batch_size=512, n_seq=1
0.10.801.312 I kl_divergence: 8.23 seconds per pass - ETA 0.68 minutes

chunk             PPL               ln(PPL(Q)/PPL(base))          KL Divergence              Δp RMS            Same top p        Same sampled p
   1      23.2813 ±    0.6338      -0.00386 ±    0.00221       0.02021 ±    0.00036     4.033 ±  0.088 %    93.890 ±  0.187 %    52.084 ±  0.270 %
   2      24.0796 ±    0.4720       0.00043 ±    0.00158       0.02033 ±    0.00032     4.049 ±  0.079 %    93.832 ±  0.133 %    51.617 ±  0.192 %
   3      24.9185 ±    0.3994       0.00000 ±    0.00133       0.02118 ±    0.00028     4.160 ±  0.066 %    93.465 ±  0.111 %    51.264 ±  0.156 %
   4      22.5062 ±    0.3091       0.00373 ±    0.00118       0.02172 ±    0.00024     4.305 ±  0.058 %    93.577 ±  0.096 %    52.225 ±  0.136 %
   5      22.5620 ±    0.2781       0.00414 ±    0.00107       0.02233 ±    0.00022     4.370 ±  0.051 %    93.563 ±  0.086 %    52.494 ±  0.121 %

====== Perplexity statistics ======
Mean PPL(Q)                   :  22.561965 ±   0.278093
Mean PPL(base)                :  22.468784 ±   0.276246
Cor(ln(PPL(Q)), ln(PPL(base))):  99.62%
Mean ln(PPL(Q)/PPL(base))     :   0.004139 ±   0.001070
Mean PPL(Q)/PPL(base)         :   1.004147 ±   0.001075
Mean PPL(Q)-PPL(base)         :   0.093180 ±   0.024155

====== KL divergence statistics ======
Mean    KLD:   0.022328 ±   0.000215
Maximum KLD:   3.633485
99.9%   KLD:   0.729873
99.0%   KLD:   0.217980
95.0%   KLD:   0.083142
90.0%   KLD:   0.050478
Median  KLD:   0.008410
10.0%   KLD:   0.000088
 5.0%   KLD:   0.000014
 1.0%   KLD:   0.000000
 0.1%   KLD:  -0.000020
Minimum KLD:  -0.000221

====== Token probability statistics ======
Mean    Δp: -0.027 ± 0.015 %
Maximum Δp: 94.739%
99.9%   Δp: 32.398%
99.0%   Δp: 13.740%
95.0%   Δp:  5.188%
90.0%   Δp:  2.438%
75.0%   Δp:  0.211%
Median  Δp: -0.000%
25.0%   Δp: -0.243%
10.0%   Δp: -2.477%
 5.0%   Δp: -5.268%
 1.0%   Δp: -14.250%
 0.1%   Δp: -32.938%
Minimum Δp: -81.369%
RMS Δp    :  4.370 ± 0.051 %
Same top p: 93.563 ± 0.086 %
Same sampled p: 52.494 ± 0.121 %

------
# llama-perplexity: version: 0.4.4-dev (build 11430, commit 9d76dc1da-dirty) | built with GNU 15.3.0 for Linux x86_64
# model: /home/crusaderky/.cache/huggingface/hub/models--bartowski--Ling-3.0-tiny-GGUF/snapshots/ea072726af0d2e8ba325b2f90fc0efa762105a91/Ling-3.0-tiny-Q6_K.gguf size=6839076160 mtime=2026-08-21T23:43:12+00:00 sha256/1048576B=01be6a34ed40f674dcac10bc80b57d7f57954b522781a884a9194fbfb37b72dc
llama-perplexity --kl-divergence-base /tmp/logits.dat --ctx-size 32768 -f sample-data/wiki.test.head-2.4k.raw -fa on --hf-repo bartowski/Ling-3.0-tiny-GGUF:Q6_K --cache-type-k q3_0 --cache-type-v q3_0 --kl-divergence
0.00.902.743 W load: special_eos_id is not in special_eog_ids - the tokenizer config may be incorrect
0.02.458.973 I cmn          init: llama threadpool init, n_threads = 16
0.02.528.014 I 
0.02.528.082 I system_info: n_threads = 16 (n_threads_batch = 16) / 32 | CUDA : ARCHS = 750,800,860,890,900,1000,1030,1200,1210 | USE_GRAPHS = 1 | FA_ALL_QUANTS = 1 | CPU : SSE3 = 1 | SSSE3 = 1 | AVX = 1 | AVX2 = 1 | F16C = 1 | FMA = 1 | BMI2 = 1 | LLAMAFILE = 1 | OPENMP = 1 | REPACK = 1 | 
0.02.616.910 I kl_divergence: computing over 5 chunks, n_ctx=32768, batch_size=512, n_seq=1
0.10.861.275 I kl_divergence: 8.24 seconds per pass - ETA 0.68 minutes

chunk             PPL               ln(PPL(Q)/PPL(base))          KL Divergence              Δp RMS            Same top p        Same sampled p
   1      23.7597 ±    0.6465       0.01648 ±    0.00354       0.05055 ±    0.00103     6.618 ±  0.147 %    90.270 ±  0.232 %    51.282 ±  0.271 %
   2      24.6037 ±    0.4830       0.02196 ±    0.00245       0.04975 ±    0.00070     6.460 ±  0.102 %    90.157 ±  0.165 %    51.006 ±  0.192 %
   3      25.5848 ±    0.4113       0.02639 ±    0.00204       0.05165 ±    0.00059     6.461 ±  0.082 %    89.839 ±  0.136 %    50.675 ±  0.157 %
   4      23.0346 ±    0.3174       0.02693 ±    0.00180       0.05348 ±    0.00055     6.673 ±  0.073 %    89.926 ±  0.118 %    51.667 ±  0.136 %
   5      22.9141 ±    0.2831       0.01962 ±    0.00164       0.05518 ±    0.00052     6.784 ±  0.065 %    89.859 ±  0.105 %    51.980 ±  0.122 %

====== Perplexity statistics ======
Mean PPL(Q)                   :  22.914068 ±   0.283082
Mean PPL(base)                :  22.468784 ±   0.276246
Cor(ln(PPL(Q)), ln(PPL(base))):  99.11%
Mean ln(PPL(Q)/PPL(base))     :   0.019624 ±   0.001643
Mean PPL(Q)/PPL(base)         :   1.019818 ±   0.001675
Mean PPL(Q)-PPL(base)         :   0.445284 ±   0.037871

====== KL divergence statistics ======
Mean    KLD:   0.055184 ±   0.000517
Maximum KLD:  12.746016
99.9%   KLD:   1.688044
99.0%   KLD:   0.561271
95.0%   KLD:   0.206345
90.0%   KLD:   0.125397
Median  KLD:   0.020586
10.0%   KLD:   0.000209
 5.0%   KLD:   0.000034
 1.0%   KLD:   0.000001
 0.1%   KLD:  -0.000019
Minimum KLD:  -0.000169

====== Token probability statistics ======
Mean    Δp: -0.176 ± 0.024 %
Maximum Δp: 91.746%
99.9%   Δp: 47.037%
99.0%   Δp: 21.023%
95.0%   Δp:  7.936%
90.0%   Δp:  3.715%
75.0%   Δp:  0.315%
Median  Δp: -0.000%
25.0%   Δp: -0.404%
10.0%   Δp: -4.177%
 5.0%   Δp: -8.770%
 1.0%   Δp: -23.852%
 0.1%   Δp: -54.990%
Minimum Δp: -99.262%
RMS Δp    :  6.784 ± 0.065 %
Same top p: 89.859 ± 0.105 %
Same sampled p: 51.980 ± 0.122 %

------
# llama-perplexity: version: 0.4.4-dev (build 11430, commit 9d76dc1da-dirty) | built with GNU 15.3.0 for Linux x86_64
# model: /home/crusaderky/.cache/huggingface/hub/models--bartowski--Ling-3.0-tiny-GGUF/snapshots/ea072726af0d2e8ba325b2f90fc0efa762105a91/Ling-3.0-tiny-Q5_K_M.gguf size=5716431040 mtime=2026-08-21T23:48:27+00:00 sha256/1048576B=01be6a34ed40f674dcac10bc80b57d7f57954b522781a884a9194fbfb37b72dc
llama-perplexity --kl-divergence-base /tmp/logits.dat --ctx-size 32768 -f sample-data/wiki.test.head-2.4k.raw -fa on --hf-repo bartowski/Ling-3.0-tiny-GGUF:Q5_K_M --cache-type-k f16 --cache-type-v f16 --kl-divergence
0.00.889.023 W load: special_eos_id is not in special_eog_ids - the tokenizer config may be incorrect
0.06.113.067 I cmn          init: llama threadpool init, n_threads = 16
0.06.188.068 I 
0.06.188.136 I system_info: n_threads = 16 (n_threads_batch = 16) / 32 | CUDA : ARCHS = 750,800,860,890,900,1000,1030,1200,1210 | USE_GRAPHS = 1 | FA_ALL_QUANTS = 1 | CPU : SSE3 = 1 | SSSE3 = 1 | AVX = 1 | AVX2 = 1 | F16C = 1 | FMA = 1 | BMI2 = 1 | LLAMAFILE = 1 | OPENMP = 1 | REPACK = 1 | 
0.06.287.620 I kl_divergence: computing over 5 chunks, n_ctx=32768, batch_size=512, n_seq=1
0.14.807.660 I kl_divergence: 8.52 seconds per pass - ETA 0.70 minutes

chunk             PPL               ln(PPL(Q)/PPL(base))          KL Divergence              Δp RMS            Same top p        Same sampled p
   1      23.2055 ±    0.6280      -0.00712 ±    0.00222       0.02078 ±    0.00040     4.181 ±  0.104 %    93.560 ±  0.192 %    51.895 ±  0.270 %
   2      24.1724 ±    0.4720       0.00428 ±    0.00159       0.02141 ±    0.00032     4.252 ±  0.080 %    93.493 ±  0.136 %    51.424 ±  0.192 %
   3      25.0745 ±    0.4007       0.00624 ±    0.00136       0.02268 ±    0.00027     4.350 ±  0.066 %    93.294 ±  0.113 %    51.036 ±  0.156 %
   4      22.6143 ±    0.3095       0.00852 ±    0.00119       0.02303 ±    0.00025     4.451 ±  0.059 %    93.399 ±  0.097 %    52.016 ±  0.136 %
   5      22.6871 ±    0.2787       0.00967 ±    0.00109       0.02399 ±    0.00023     4.545 ±  0.052 %    93.252 ±  0.088 %    52.290 ±  0.121 %

====== Perplexity statistics ======
Mean PPL(Q)                   :  22.687107 ±   0.278736
Mean PPL(base)                :  22.468784 ±   0.276246
Cor(ln(PPL(Q)), ln(PPL(base))):  99.61%
Mean ln(PPL(Q)/PPL(base))     :   0.009670 ±   0.001089
Mean PPL(Q)/PPL(base)         :   1.009717 ±   0.001100
Mean PPL(Q)-PPL(base)         :   0.218322 ±   0.024720

====== KL divergence statistics ======
Mean    KLD:   0.023990 ±   0.000230
Maximum KLD:   3.965328
99.9%   KLD:   0.748167
99.0%   KLD:   0.223865
95.0%   KLD:   0.088497
90.0%   KLD:   0.053719
Median  KLD:   0.009502
10.0%   KLD:   0.000101
 5.0%   KLD:   0.000018
 1.0%   KLD:   0.000001
 0.1%   KLD:  -0.000013
Minimum KLD:  -0.000141

====== Token probability statistics ======
Mean    Δp: -0.269 ± 0.016 %
Maximum Δp: 83.811%
99.9%   Δp: 29.373%
99.0%   Δp: 13.031%
95.0%   Δp:  4.811%
90.0%   Δp:  2.171%
75.0%   Δp:  0.139%
Median  Δp: -0.001%
25.0%   Δp: -0.376%
10.0%   Δp: -3.045%
 5.0%   Δp: -6.166%
 1.0%   Δp: -15.777%
 0.1%   Δp: -38.494%
Minimum Δp: -84.194%
RMS Δp    :  4.545 ± 0.052 %
Same top p: 93.252 ± 0.088 %
Same sampled p: 52.290 ± 0.121 %

------
# llama-perplexity: version: 0.4.4-dev (build 11430, commit 9d76dc1da-dirty) | built with GNU 15.3.0 for Linux x86_64
# model: /home/crusaderky/.cache/huggingface/hub/models--bartowski--Ling-3.0-tiny-GGUF/snapshots/ea072726af0d2e8ba325b2f90fc0efa762105a91/Ling-3.0-tiny-Q5_K_M.gguf size=5716431040 mtime=2026-08-21T23:48:27+00:00 sha256/1048576B=01be6a34ed40f674dcac10bc80b57d7f57954b522781a884a9194fbfb37b72dc
llama-perplexity --kl-divergence-base /tmp/logits.dat --ctx-size 32768 -f sample-data/wiki.test.head-2.4k.raw -fa on --hf-repo bartowski/Ling-3.0-tiny-GGUF:Q5_K_M --cache-type-k q8_0 --cache-type-v q8_0 --kl-divergence
0.00.987.032 W load: special_eos_id is not in special_eog_ids - the tokenizer config may be incorrect
0.02.271.067 I cmn          init: llama threadpool init, n_threads = 16
0.02.344.965 I 
0.02.345.032 I system_info: n_threads = 16 (n_threads_batch = 16) / 32 | CUDA : ARCHS = 750,800,860,890,900,1000,1030,1200,1210 | USE_GRAPHS = 1 | FA_ALL_QUANTS = 1 | CPU : SSE3 = 1 | SSSE3 = 1 | AVX = 1 | AVX2 = 1 | F16C = 1 | FMA = 1 | BMI2 = 1 | LLAMAFILE = 1 | OPENMP = 1 | REPACK = 1 | 
0.02.435.112 I kl_divergence: computing over 5 chunks, n_ctx=32768, batch_size=512, n_seq=1
0.10.644.065 I kl_divergence: 8.21 seconds per pass - ETA 0.68 minutes

chunk             PPL               ln(PPL(Q)/PPL(base))          KL Divergence              Δp RMS            Same top p        Same sampled p
   1      23.2273 ±    0.6292      -0.00618 ±    0.00220       0.02088 ±    0.00039     4.166 ±  0.096 %    93.347 ±  0.195 %    51.922 ±  0.270 %
   2      24.1794 ±    0.4723       0.00456 ±    0.00159       0.02166 ±    0.00031     4.293 ±  0.076 %    93.274 ±  0.138 %    51.439 ±  0.192 %
   3      25.0659 ±    0.4006       0.00590 ±    0.00136       0.02287 ±    0.00027     4.385 ±  0.064 %    93.133 ±  0.114 %    51.047 ±  0.156 %
   4      22.5936 ±    0.3092       0.00760 ±    0.00119       0.02308 ±    0.00024     4.436 ±  0.056 %    93.258 ±  0.098 %    52.022 ±  0.136 %
   5      22.6559 ±    0.2783       0.00829 ±    0.00109       0.02394 ±    0.00023     4.532 ±  0.050 %    93.160 ±  0.088 %    52.303 ±  0.121 %

====== Perplexity statistics ======
Mean PPL(Q)                   :  22.655894 ±   0.278335
Mean PPL(base)                :  22.468784 ±   0.276246
Cor(ln(PPL(Q)), ln(PPL(base))):  99.61%
Mean ln(PPL(Q)/PPL(base))     :   0.008293 ±   0.001088
Mean PPL(Q)/PPL(base)         :   1.008328 ±   0.001097
Mean PPL(Q)-PPL(base)         :   0.187110 ±   0.024635

====== KL divergence statistics ======
Mean    KLD:   0.023939 ±   0.000228
Maximum KLD:   4.285021
99.9%   KLD:   0.727608
99.0%   KLD:   0.228485
95.0%   KLD:   0.088149
90.0%   KLD:   0.053825
Median  KLD:   0.009413
10.0%   KLD:   0.000102
 5.0%   KLD:   0.000018
 1.0%   KLD:   0.000001
 0.1%   KLD:  -0.000012
Minimum KLD:  -0.000197

====== Token probability statistics ======
Mean    Δp: -0.244 ± 0.016 %
Maximum Δp: 84.870%
99.9%   Δp: 31.681%
99.0%   Δp: 13.194%
95.0%   Δp:  4.813%
90.0%   Δp:  2.197%
75.0%   Δp:  0.148%
Median  Δp: -0.001%
25.0%   Δp: -0.359%
10.0%   Δp: -3.057%
 5.0%   Δp: -6.078%
 1.0%   Δp: -15.984%
 0.1%   Δp: -36.270%
Minimum Δp: -82.566%
RMS Δp    :  4.532 ± 0.050 %
Same top p: 93.160 ± 0.088 %
Same sampled p: 52.303 ± 0.121 %

------
# llama-perplexity: version: 0.4.4-dev (build 11430, commit 9d76dc1da-dirty) | built with GNU 15.3.0 for Linux x86_64
# model: /home/crusaderky/.cache/huggingface/hub/models--bartowski--Ling-3.0-tiny-GGUF/snapshots/ea072726af0d2e8ba325b2f90fc0efa762105a91/Ling-3.0-tiny-Q5_K_M.gguf size=5716431040 mtime=2026-08-21T23:48:27+00:00 sha256/1048576B=01be6a34ed40f674dcac10bc80b57d7f57954b522781a884a9194fbfb37b72dc
llama-perplexity --kl-divergence-base /tmp/logits.dat --ctx-size 32768 -f sample-data/wiki.test.head-2.4k.raw -fa on --hf-repo bartowski/Ling-3.0-tiny-GGUF:Q5_K_M --cache-type-k q6_0 --cache-type-v q6_0 --kl-divergence
0.00.897.141 W load: special_eos_id is not in special_eog_ids - the tokenizer config may be incorrect
0.02.154.173 I cmn          init: llama threadpool init, n_threads = 16
0.02.216.836 I 
0.02.216.913 I system_info: n_threads = 16 (n_threads_batch = 16) / 32 | CUDA : ARCHS = 750,800,860,890,900,1000,1030,1200,1210 | USE_GRAPHS = 1 | FA_ALL_QUANTS = 1 | CPU : SSE3 = 1 | SSSE3 = 1 | AVX = 1 | AVX2 = 1 | F16C = 1 | FMA = 1 | BMI2 = 1 | LLAMAFILE = 1 | OPENMP = 1 | REPACK = 1 | 
0.02.303.447 I kl_divergence: computing over 5 chunks, n_ctx=32768, batch_size=512, n_seq=1
0.10.509.777 I kl_divergence: 8.21 seconds per pass - ETA 0.68 minutes

chunk             PPL               ln(PPL(Q)/PPL(base))          KL Divergence              Δp RMS            Same top p        Same sampled p
   1      23.2573 ±    0.6290      -0.00490 ±    0.00226       0.02160 ±    0.00041     4.282 ±  0.106 %    93.286 ±  0.196 %    51.829 ±  0.270 %
   2      24.0567 ±    0.4690      -0.00052 ±    0.00161       0.02206 ±    0.00032     4.311 ±  0.076 %    93.179 ±  0.139 %    51.389 ±  0.192 %
   3      24.9977 ±    0.3990       0.00317 ±    0.00137       0.02324 ±    0.00027     4.409 ±  0.064 %    93.040 ±  0.115 %    51.009 ±  0.156 %
   4      22.5677 ±    0.3086       0.00645 ±    0.00120       0.02367 ±    0.00026     4.515 ±  0.057 %    93.171 ±  0.099 %    51.979 ±  0.136 %
   5      22.6500 ±    0.2782       0.00803 ±    0.00110       0.02474 ±    0.00026     4.638 ±  0.052 %    93.028 ±  0.089 %    52.272 ±  0.121 %

====== Perplexity statistics ======
Mean PPL(Q)                   :  22.650005 ±   0.278194
Mean PPL(base)                :  22.468784 ±   0.276246
Cor(ln(PPL(Q)), ln(PPL(base))):  99.60%
Mean ln(PPL(Q)/PPL(base))     :   0.008033 ±   0.001099
Mean PPL(Q)/PPL(base)         :   1.008065 ±   0.001108
Mean PPL(Q)-PPL(base)         :   0.181221 ±   0.024874

====== KL divergence statistics ======
Mean    KLD:   0.024738 ±   0.000257
Maximum KLD:   8.612853
99.9%   KLD:   0.754988
99.0%   KLD:   0.239619
95.0%   KLD:   0.089427
90.0%   KLD:   0.055656
Median  KLD:   0.009745
10.0%   KLD:   0.000105
 5.0%   KLD:   0.000018
 1.0%   KLD:   0.000001
 0.1%   KLD:  -0.000012
Minimum KLD:  -0.000125

====== Token probability statistics ======
Mean    Δp: -0.256 ± 0.016 %
Maximum Δp: 83.628%
99.9%   Δp: 31.877%
99.0%   Δp: 13.152%
95.0%   Δp:  4.937%
90.0%   Δp:  2.240%
75.0%   Δp:  0.149%
Median  Δp: -0.001%
25.0%   Δp: -0.371%
10.0%   Δp: -3.102%
 5.0%   Δp: -6.181%
 1.0%   Δp: -16.291%
 0.1%   Δp: -38.089%
Minimum Δp: -84.268%
RMS Δp    :  4.638 ± 0.052 %
Same top p: 93.028 ± 0.089 %
Same sampled p: 52.272 ± 0.121 %

------
# llama-perplexity: version: 0.4.4-dev (build 11430, commit 9d76dc1da-dirty) | built with GNU 15.3.0 for Linux x86_64
# model: /home/crusaderky/.cache/huggingface/hub/models--bartowski--Ling-3.0-tiny-GGUF/snapshots/ea072726af0d2e8ba325b2f90fc0efa762105a91/Ling-3.0-tiny-Q5_K_M.gguf size=5716431040 mtime=2026-08-21T23:48:27+00:00 sha256/1048576B=01be6a34ed40f674dcac10bc80b57d7f57954b522781a884a9194fbfb37b72dc
llama-perplexity --kl-divergence-base /tmp/logits.dat --ctx-size 32768 -f sample-data/wiki.test.head-2.4k.raw -fa on --hf-repo bartowski/Ling-3.0-tiny-GGUF:Q5_K_M --cache-type-k q5_1 --cache-type-v q5_1 --kl-divergence
0.00.896.873 W load: special_eos_id is not in special_eog_ids - the tokenizer config may be incorrect
0.02.140.062 I cmn          init: llama threadpool init, n_threads = 16
0.02.202.958 I 
0.02.203.031 I system_info: n_threads = 16 (n_threads_batch = 16) / 32 | CUDA : ARCHS = 750,800,860,890,900,1000,1030,1200,1210 | USE_GRAPHS = 1 | FA_ALL_QUANTS = 1 | CPU : SSE3 = 1 | SSSE3 = 1 | AVX = 1 | AVX2 = 1 | F16C = 1 | FMA = 1 | BMI2 = 1 | LLAMAFILE = 1 | OPENMP = 1 | REPACK = 1 | 
0.02.292.805 I kl_divergence: computing over 5 chunks, n_ctx=32768, batch_size=512, n_seq=1
0.10.495.488 I kl_divergence: 8.20 seconds per pass - ETA 0.68 minutes

chunk             PPL               ln(PPL(Q)/PPL(base))          KL Divergence              Δp RMS            Same top p        Same sampled p
   1      23.3346 ±    0.6320      -0.00158 ±    0.00233       0.02318 ±    0.00045     4.389 ±  0.102 %    93.035 ±  0.199 %    51.830 ±  0.270 %
   2      24.0778 ±    0.4691       0.00036 ±    0.00165       0.02342 ±    0.00034     4.481 ±  0.081 %    93.084 ±  0.140 %    51.321 ±  0.192 %
   3      25.0648 ±    0.4001       0.00586 ±    0.00140       0.02445 ±    0.00029     4.515 ±  0.067 %    92.907 ±  0.116 %    50.975 ±  0.156 %
   4      22.6100 ±    0.3091       0.00833 ±    0.00123       0.02491 ±    0.00027     4.619 ±  0.059 %    93.026 ±  0.099 %    51.938 ±  0.136 %
   5      22.6787 ±    0.2786       0.00930 ±    0.00113       0.02592 ±    0.00025     4.739 ±  0.054 %    92.933 ±  0.090 %    52.242 ±  0.121 %

====== Perplexity statistics ======
Mean PPL(Q)                   :  22.678696 ±   0.278556
Mean PPL(base)                :  22.468784 ±   0.276246
Cor(ln(PPL(Q)), ln(PPL(base))):  99.58%
Mean ln(PPL(Q)/PPL(base))     :   0.009299 ±   0.001127
Mean PPL(Q)/PPL(base)         :   1.009342 ±   0.001138
Mean PPL(Q)-PPL(base)         :   0.209911 ±   0.025552

====== KL divergence statistics ======
Mean    KLD:   0.025920 ±   0.000247
Maximum KLD:   5.416172
99.9%   KLD:   0.822263
99.0%   KLD:   0.244745
95.0%   KLD:   0.094536
90.0%   KLD:   0.058037
Median  KLD:   0.010314
10.0%   KLD:   0.000113
 5.0%   KLD:   0.000020
 1.0%   KLD:   0.000001
 0.1%   KLD:  -0.000011
Minimum KLD:  -0.000228

====== Token probability statistics ======
Mean    Δp: -0.270 ± 0.017 %
Maximum Δp: 85.479%
99.9%   Δp: 33.116%
99.0%   Δp: 13.667%
95.0%   Δp:  5.099%
90.0%   Δp:  2.224%
75.0%   Δp:  0.141%
Median  Δp: -0.001%
25.0%   Δp: -0.396%
10.0%   Δp: -3.194%
 5.0%   Δp: -6.381%
 1.0%   Δp: -16.288%
 0.1%   Δp: -37.853%
Minimum Δp: -88.085%
RMS Δp    :  4.739 ± 0.054 %
Same top p: 92.933 ± 0.090 %
Same sampled p: 52.242 ± 0.121 %

------
# llama-perplexity: version: 0.4.4-dev (build 11430, commit 9d76dc1da-dirty) | built with GNU 15.3.0 for Linux x86_64
# model: /home/crusaderky/.cache/huggingface/hub/models--bartowski--Ling-3.0-tiny-GGUF/snapshots/ea072726af0d2e8ba325b2f90fc0efa762105a91/Ling-3.0-tiny-Q5_K_M.gguf size=5716431040 mtime=2026-08-21T23:48:27+00:00 sha256/1048576B=01be6a34ed40f674dcac10bc80b57d7f57954b522781a884a9194fbfb37b72dc
llama-perplexity --kl-divergence-base /tmp/logits.dat --ctx-size 32768 -f sample-data/wiki.test.head-2.4k.raw -fa on --hf-repo bartowski/Ling-3.0-tiny-GGUF:Q5_K_M --cache-type-k q5_0 --cache-type-v q5_0 --kl-divergence
0.00.997.191 W load: special_eos_id is not in special_eog_ids - the tokenizer config may be incorrect
0.02.259.488 I cmn          init: llama threadpool init, n_threads = 16
0.02.323.575 I 
0.02.323.652 I system_info: n_threads = 16 (n_threads_batch = 16) / 32 | CUDA : ARCHS = 750,800,860,890,900,1000,1030,1200,1210 | USE_GRAPHS = 1 | FA_ALL_QUANTS = 1 | CPU : SSE3 = 1 | SSSE3 = 1 | AVX = 1 | AVX2 = 1 | F16C = 1 | FMA = 1 | BMI2 = 1 | LLAMAFILE = 1 | OPENMP = 1 | REPACK = 1 | 
0.02.417.559 I kl_divergence: computing over 5 chunks, n_ctx=32768, batch_size=512, n_seq=1
0.11.452.718 I kl_divergence: 9.04 seconds per pass - ETA 0.75 minutes

chunk             PPL               ln(PPL(Q)/PPL(base))          KL Divergence              Δp RMS            Same top p        Same sampled p
   1      23.0661 ±    0.6233      -0.01315 ±    0.00235       0.02333 ±    0.00043     4.453 ±  0.106 %    93.054 ±  0.199 %    51.799 ±  0.270 %
   2      24.0120 ±    0.4677      -0.00238 ±    0.00166       0.02375 ±    0.00033     4.500 ±  0.082 %    93.029 ±  0.141 %    51.289 ±  0.192 %
   3      24.9803 ±    0.3985       0.00248 ±    0.00141       0.02479 ±    0.00028     4.548 ±  0.066 %    92.873 ±  0.116 %    50.935 ±  0.156 %
   4      22.5545 ±    0.3083       0.00587 ±    0.00124       0.02542 ±    0.00026     4.648 ±  0.059 %    92.955 ±  0.100 %    51.905 ±  0.136 %
   5      22.6745 ±    0.2784       0.00911 ±    0.00114       0.02639 ±    0.00023     4.748 ±  0.052 %    92.898 ±  0.090 %    52.196 ±  0.121 %

====== Perplexity statistics ======
Mean PPL(Q)                   :  22.674483 ±   0.278424
Mean PPL(base)                :  22.468784 ±   0.276246
Cor(ln(PPL(Q)), ln(PPL(base))):  99.57%
Mean ln(PPL(Q)/PPL(base))     :   0.009113 ±   0.001139
Mean PPL(Q)/PPL(base)         :   1.009155 ±   0.001149
Mean PPL(Q)-PPL(base)         :   0.205698 ±   0.025791

====== KL divergence statistics ======
Mean    KLD:   0.026386 ±   0.000233
Maximum KLD:   3.668157
99.9%   KLD:   0.780985
99.0%   KLD:   0.251652
95.0%   KLD:   0.097450
90.0%   KLD:   0.059805
Median  KLD:   0.010584
10.0%   KLD:   0.000115
 5.0%   KLD:   0.000020
 1.0%   KLD:   0.000001
 0.1%   KLD:  -0.000010
Minimum KLD:  -0.000206

====== Token probability statistics ======
Mean    Δp: -0.298 ± 0.017 %
Maximum Δp: 82.483%
99.9%   Δp: 32.465%
99.0%   Δp: 13.769%
95.0%   Δp:  4.934%
90.0%   Δp:  2.238%
75.0%   Δp:  0.147%
Median  Δp: -0.001%
25.0%   Δp: -0.405%
10.0%   Δp: -3.312%
 5.0%   Δp: -6.543%
 1.0%   Δp: -16.674%
 0.1%   Δp: -38.724%
Minimum Δp: -86.779%
RMS Δp    :  4.748 ± 0.052 %
Same top p: 92.898 ± 0.090 %
Same sampled p: 52.196 ± 0.121 %

------
# llama-perplexity: version: 0.4.4-dev (build 11430, commit 9d76dc1da-dirty) | built with GNU 15.3.0 for Linux x86_64
# model: /home/crusaderky/.cache/huggingface/hub/models--bartowski--Ling-3.0-tiny-GGUF/snapshots/ea072726af0d2e8ba325b2f90fc0efa762105a91/Ling-3.0-tiny-Q5_K_M.gguf size=5716431040 mtime=2026-08-21T23:48:27+00:00 sha256/1048576B=01be6a34ed40f674dcac10bc80b57d7f57954b522781a884a9194fbfb37b72dc
llama-perplexity --kl-divergence-base /tmp/logits.dat --ctx-size 32768 -f sample-data/wiki.test.head-2.4k.raw -fa on --hf-repo bartowski/Ling-3.0-tiny-GGUF:Q5_K_M --cache-type-k q4_0 --cache-type-v q4_0 --kl-divergence
0.00.914.084 W load: special_eos_id is not in special_eog_ids - the tokenizer config may be incorrect
0.02.175.950 I cmn          init: llama threadpool init, n_threads = 16
0.02.240.226 I 
0.02.240.305 I system_info: n_threads = 16 (n_threads_batch = 16) / 32 | CUDA : ARCHS = 750,800,860,890,900,1000,1030,1200,1210 | USE_GRAPHS = 1 | FA_ALL_QUANTS = 1 | CPU : SSE3 = 1 | SSSE3 = 1 | AVX = 1 | AVX2 = 1 | F16C = 1 | FMA = 1 | BMI2 = 1 | LLAMAFILE = 1 | OPENMP = 1 | REPACK = 1 | 
0.02.335.622 I kl_divergence: computing over 5 chunks, n_ctx=32768, batch_size=512, n_seq=1
0.11.334.899 I kl_divergence: 9.00 seconds per pass - ETA 0.73 minutes

chunk             PPL               ln(PPL(Q)/PPL(base))          KL Divergence              Δp RMS            Same top p        Same sampled p
   1      23.2297 ±    0.6284      -0.00608 ±    0.00265       0.03055 ±    0.00057     5.023 ±  0.114 %    92.291 ±  0.208 %    51.654 ±  0.270 %
   2      24.2591 ±    0.4730       0.00786 ±    0.00192       0.03157 ±    0.00043     5.151 ±  0.086 %    92.086 ±  0.149 %    51.105 ±  0.192 %
   3      25.1801 ±    0.4016       0.01045 ±    0.00163       0.03356 ±    0.00042     5.282 ±  0.072 %    91.809 ±  0.124 %    50.698 ±  0.157 %
   4      22.6835 ±    0.3101       0.01157 ±    0.00142       0.03349 ±    0.00036     5.341 ±  0.064 %    91.928 ±  0.106 %    51.717 ±  0.136 %
   5      22.7902 ±    0.2799       0.01420 ±    0.00131       0.03460 ±    0.00032     5.444 ±  0.057 %    91.914 ±  0.095 %    52.003 ±  0.122 %

====== Perplexity statistics ======
Mean PPL(Q)                   :  22.790218 ±   0.279880
Mean PPL(base)                :  22.468784 ±   0.276246
Cor(ln(PPL(Q)), ln(PPL(base))):  99.43%
Mean ln(PPL(Q)/PPL(base))     :   0.014204 ±   0.001306
Mean PPL(Q)/PPL(base)         :   1.014306 ±   0.001325
Mean PPL(Q)-PPL(base)         :   0.321434 ±   0.029784

====== KL divergence statistics ======
Mean    KLD:   0.034599 ±   0.000323
Maximum KLD:   8.160135
99.9%   KLD:   1.013977
99.0%   KLD:   0.333403
95.0%   KLD:   0.126043
90.0%   KLD:   0.077858
Median  KLD:   0.013876
10.0%   KLD:   0.000158
 5.0%   KLD:   0.000028
 1.0%   KLD:   0.000002
 0.1%   KLD:  -0.000009
Minimum KLD:  -0.000110

====== Token probability statistics ======
Mean    Δp: -0.385 ± 0.019 %
Maximum Δp: 86.841%
99.9%   Δp: 37.189%
99.0%   Δp: 15.496%
95.0%   Δp:  5.582%
90.0%   Δp:  2.469%
75.0%   Δp:  0.150%
Median  Δp: -0.002%
25.0%   Δp: -0.499%
10.0%   Δp: -3.869%
 5.0%   Δp: -7.641%
 1.0%   Δp: -19.394%
 0.1%   Δp: -44.712%
Minimum Δp: -82.225%
RMS Δp    :  5.444 ± 0.057 %
Same top p: 91.914 ± 0.095 %
Same sampled p: 52.003 ± 0.122 %

------
# llama-perplexity: version: 0.4.4-dev (build 11430, commit 9d76dc1da-dirty) | built with GNU 15.3.0 for Linux x86_64
# model: /home/crusaderky/.cache/huggingface/hub/models--bartowski--Ling-3.0-tiny-GGUF/snapshots/ea072726af0d2e8ba325b2f90fc0efa762105a91/Ling-3.0-tiny-Q5_K_M.gguf size=5716431040 mtime=2026-08-21T23:48:27+00:00 sha256/1048576B=01be6a34ed40f674dcac10bc80b57d7f57954b522781a884a9194fbfb37b72dc
llama-perplexity --kl-divergence-base /tmp/logits.dat --ctx-size 32768 -f sample-data/wiki.test.head-2.4k.raw -fa on --hf-repo bartowski/Ling-3.0-tiny-GGUF:Q5_K_M --cache-type-k q3_0 --cache-type-v q3_0 --kl-divergence
0.00.906.085 W load: special_eos_id is not in special_eog_ids - the tokenizer config may be incorrect
0.02.176.169 I cmn          init: llama threadpool init, n_threads = 16
0.02.239.013 I 
0.02.239.092 I system_info: n_threads = 16 (n_threads_batch = 16) / 32 | CUDA : ARCHS = 750,800,860,890,900,1000,1030,1200,1210 | USE_GRAPHS = 1 | FA_ALL_QUANTS = 1 | CPU : SSE3 = 1 | SSSE3 = 1 | AVX = 1 | AVX2 = 1 | F16C = 1 | FMA = 1 | BMI2 = 1 | LLAMAFILE = 1 | OPENMP = 1 | REPACK = 1 | 
0.02.331.659 I kl_divergence: computing over 5 chunks, n_ctx=32768, batch_size=512, n_seq=1
0.10.525.754 I kl_divergence: 8.19 seconds per pass - ETA 0.67 minutes

chunk             PPL               ln(PPL(Q)/PPL(base))          KL Divergence              Δp RMS            Same top p        Same sampled p
   1      23.4826 ±    0.6340       0.00475 ±    0.00381       0.06040 ±    0.00111     7.020 ±  0.146 %    89.007 ±  0.244 %    50.942 ±  0.271 %
   2      24.5118 ±    0.4777       0.01822 ±    0.00269       0.06006 ±    0.00077     6.979 ±  0.100 %    89.098 ±  0.172 %    50.557 ±  0.193 %
   3      25.6995 ±    0.4118       0.03086 ±    0.00223       0.06200 ±    0.00063     7.012 ±  0.082 %    88.836 ±  0.142 %    50.294 ±  0.157 %
   4      23.1517 ±    0.3176       0.03200 ±    0.00196       0.06333 ±    0.00061     7.265 ±  0.078 %    88.921 ±  0.123 %    51.239 ±  0.136 %
   5      23.1459 ±    0.2850       0.02969 ±    0.00178       0.06522 ±    0.00058     7.397 ±  0.069 %    88.863 ±  0.110 %    51.547 ±  0.122 %

====== Perplexity statistics ======
Mean PPL(Q)                   :  23.145912 ±   0.284956
Mean PPL(base)                :  22.468784 ±   0.276246
Cor(ln(PPL(Q)), ln(PPL(base))):  98.95%
Mean ln(PPL(Q)/PPL(base))     :   0.029691 ±   0.001785
Mean PPL(Q)/PPL(base)         :   1.030136 ±   0.001839
Mean PPL(Q)-PPL(base)         :   0.677128 ±   0.041625

====== KL divergence statistics ======
Mean    KLD:   0.065220 ±   0.000583
Maximum KLD:  15.943773
99.9%   KLD:   2.090637
99.0%   KLD:   0.617046
95.0%   KLD:   0.243799
90.0%   KLD:   0.149398
Median  KLD:   0.025559
10.0%   KLD:   0.000292
 5.0%   KLD:   0.000051
 1.0%   KLD:   0.000003
 0.1%   KLD:  -0.000007
Minimum KLD:  -0.000202

====== Token probability statistics ======
Mean    Δp: -0.515 ± 0.026 %
Maximum Δp: 97.613%
99.9%   Δp: 48.827%
99.0%   Δp: 20.823%
95.0%   Δp:  7.850%
90.0%   Δp:  3.574%
75.0%   Δp:  0.229%
Median  Δp: -0.002%
25.0%   Δp: -0.640%
10.0%   Δp: -5.248%
 5.0%   Δp: -10.573%
 1.0%   Δp: -27.619%
 0.1%   Δp: -58.094%
Minimum Δp: -99.102%
RMS Δp    :  7.397 ± 0.069 %
Same top p: 88.863 ± 0.110 %
Same sampled p: 51.547 ± 0.122 %

------
# llama-perplexity: version: 0.4.4-dev (build 11430, commit 9d76dc1da-dirty) | built with GNU 15.3.0 for Linux x86_64
# model: /home/crusaderky/.cache/huggingface/hub/models--bartowski--Ling-3.0-tiny-GGUF/snapshots/ea072726af0d2e8ba325b2f90fc0efa762105a91/Ling-3.0-tiny-Q4_K_M.gguf size=4917354688 mtime=2026-08-21T23:55:26+00:00 sha256/1048576B=01be6a34ed40f674dcac10bc80b57d7f57954b522781a884a9194fbfb37b72dc
llama-perplexity --kl-divergence-base /tmp/logits.dat --ctx-size 32768 -f sample-data/wiki.test.head-2.4k.raw -fa on --hf-repo bartowski/Ling-3.0-tiny-GGUF:Q4_K_M --cache-type-k f16 --cache-type-v f16 --kl-divergence
0.00.951.654 W load: special_eos_id is not in special_eog_ids - the tokenizer config may be incorrect
0.05.734.240 I cmn          init: llama threadpool init, n_threads = 16
0.05.799.112 I 
0.05.799.192 I system_info: n_threads = 16 (n_threads_batch = 16) / 32 | CUDA : ARCHS = 750,800,860,890,900,1000,1030,1200,1210 | USE_GRAPHS = 1 | FA_ALL_QUANTS = 1 | CPU : SSE3 = 1 | SSSE3 = 1 | AVX = 1 | AVX2 = 1 | F16C = 1 | FMA = 1 | BMI2 = 1 | LLAMAFILE = 1 | OPENMP = 1 | REPACK = 1 | 
0.05.901.799 I kl_divergence: computing over 5 chunks, n_ctx=32768, batch_size=512, n_seq=1
0.14.065.577 I kl_divergence: 8.16 seconds per pass - ETA 0.67 minutes

chunk             PPL               ln(PPL(Q)/PPL(base))          KL Divergence              Δp RMS            Same top p        Same sampled p
   1      24.0811 ±    0.6518       0.02992 ±    0.00348       0.05119 ±    0.00085     6.341 ±  0.129 %    90.222 ±  0.232 %    50.938 ±  0.271 %
   2      25.1605 ±    0.4910       0.04434 ±    0.00249       0.05327 ±    0.00066     6.487 ±  0.091 %    89.739 ±  0.168 %    50.472 ±  0.193 %
   3      26.0524 ±    0.4164       0.04450 ±    0.00209       0.05545 ±    0.00055     6.590 ±  0.075 %    89.465 ±  0.138 %    50.152 ±  0.157 %
   4      23.4083 ±    0.3200       0.04302 ±    0.00181       0.05593 ±    0.00048     6.721 ±  0.065 %    89.550 ±  0.119 %    51.065 ±  0.136 %
   5      23.3950 ±    0.2869       0.04040 ±    0.00166       0.05808 ±    0.00045     6.907 ±  0.060 %    89.441 ±  0.107 %    51.329 ±  0.122 %

====== Perplexity statistics ======
Mean PPL(Q)                   :  23.395013 ±   0.286909
Mean PPL(base)                :  22.468784 ±   0.276246
Cor(ln(PPL(Q)), ln(PPL(base))):  99.09%
Mean ln(PPL(Q)/PPL(base))     :   0.040396 ±   0.001659
Mean PPL(Q)/PPL(base)         :   1.041223 ±   0.001728
Mean PPL(Q)-PPL(base)         :   0.926228 ±   0.039507

====== KL divergence statistics ======
Mean    KLD:   0.058076 ±   0.000448
Maximum KLD:   7.407126
99.9%   KLD:   1.509932
99.0%   KLD:   0.534832
95.0%   KLD:   0.212712
90.0%   KLD:   0.132699
Median  KLD:   0.025579
10.0%   KLD:   0.000298
 5.0%   KLD:   0.000052
 1.0%   KLD:   0.000003
 0.1%   KLD:  -0.000005
Minimum KLD:  -0.000107

====== Token probability statistics ======
Mean    Δp: -0.914 ± 0.024 %
Maximum Δp: 96.746%
99.9%   Δp: 40.894%
99.0%   Δp: 18.500%
95.0%   Δp:  6.361%
90.0%   Δp:  2.606%
75.0%   Δp:  0.101%
Median  Δp: -0.008%
25.0%   Δp: -0.935%
10.0%   Δp: -6.113%
 5.0%   Δp: -11.469%
 1.0%   Δp: -26.427%
 0.1%   Δp: -51.953%
Minimum Δp: -93.479%
RMS Δp    :  6.907 ± 0.060 %
Same top p: 89.441 ± 0.107 %
Same sampled p: 51.329 ± 0.122 %

------
# llama-perplexity: version: 0.4.4-dev (build 11430, commit 9d76dc1da-dirty) | built with GNU 15.3.0 for Linux x86_64
# model: /home/crusaderky/.cache/huggingface/hub/models--bartowski--Ling-3.0-tiny-GGUF/snapshots/ea072726af0d2e8ba325b2f90fc0efa762105a91/Ling-3.0-tiny-Q4_K_M.gguf size=4917354688 mtime=2026-08-21T23:55:26+00:00 sha256/1048576B=01be6a34ed40f674dcac10bc80b57d7f57954b522781a884a9194fbfb37b72dc
llama-perplexity --kl-divergence-base /tmp/logits.dat --ctx-size 32768 -f sample-data/wiki.test.head-2.4k.raw -fa on --hf-repo bartowski/Ling-3.0-tiny-GGUF:Q4_K_M --cache-type-k q8_0 --cache-type-v q8_0 --kl-divergence
0.00.938.899 W load: special_eos_id is not in special_eog_ids - the tokenizer config may be incorrect
0.02.066.799 I cmn          init: llama threadpool init, n_threads = 16
0.02.134.617 I 
0.02.134.692 I system_info: n_threads = 16 (n_threads_batch = 16) / 32 | CUDA : ARCHS = 750,800,860,890,900,1000,1030,1200,1210 | USE_GRAPHS = 1 | FA_ALL_QUANTS = 1 | CPU : SSE3 = 1 | SSSE3 = 1 | AVX = 1 | AVX2 = 1 | F16C = 1 | FMA = 1 | BMI2 = 1 | LLAMAFILE = 1 | OPENMP = 1 | REPACK = 1 | 
0.02.225.579 I kl_divergence: computing over 5 chunks, n_ctx=32768, batch_size=512, n_seq=1
0.10.406.513 I kl_divergence: 8.18 seconds per pass - ETA 0.67 minutes

chunk             PPL               ln(PPL(Q)/PPL(base))          KL Divergence              Δp RMS            Same top p        Same sampled p
   1      24.0761 ±    0.6513       0.02971 ±    0.00348       0.05208 ±    0.00089     6.487 ±  0.134 %    90.148 ±  0.233 %    50.905 ±  0.271 %
   2      25.1069 ±    0.4897       0.04221 ±    0.00249       0.05380 ±    0.00067     6.641 ±  0.095 %    89.687 ±  0.168 %    50.445 ±  0.193 %
   3      26.0263 ±    0.4158       0.04350 ±    0.00209       0.05590 ±    0.00056     6.712 ±  0.079 %    89.377 ±  0.139 %    50.134 ±  0.157 %
   4      23.4154 ±    0.3201       0.04333 ±    0.00182       0.05630 ±    0.00048     6.818 ±  0.068 %    89.489 ±  0.120 %    51.043 ±  0.136 %
   5      23.4633 ±    0.2880       0.04331 ±    0.00166       0.05868 ±    0.00046     7.018 ±  0.062 %    89.332 ±  0.108 %    51.323 ±  0.122 %

====== Perplexity statistics ======
Mean PPL(Q)                   :  23.463324 ±   0.288016
Mean PPL(base)                :  22.468784 ±   0.276246
Cor(ln(PPL(Q)), ln(PPL(base))):  99.09%
Mean ln(PPL(Q)/PPL(base))     :   0.043312 ±   0.001658
Mean PPL(Q)/PPL(base)         :   1.044263 ±   0.001731
Mean PPL(Q)-PPL(base)         :   0.994540 ±   0.039837

====== KL divergence statistics ======
Mean    KLD:   0.058682 ±   0.000456
Maximum KLD:   7.489707
99.9%   KLD:   1.661983
99.0%   KLD:   0.524136
95.0%   KLD:   0.214863
90.0%   KLD:   0.134916
Median  KLD:   0.025751
10.0%   KLD:   0.000290
 5.0%   KLD:   0.000049
 1.0%   KLD:   0.000003
 0.1%   KLD:  -0.000005
Minimum KLD:  -0.000133

====== Token probability statistics ======
Mean    Δp: -0.927 ± 0.024 %
Maximum Δp: 95.335%
99.9%   Δp: 40.329%
99.0%   Δp: 18.708%
95.0%   Δp:  6.472%
90.0%   Δp:  2.681%
75.0%   Δp:  0.105%
Median  Δp: -0.008%
25.0%   Δp: -0.934%
10.0%   Δp: -6.238%
 5.0%   Δp: -11.601%
 1.0%   Δp: -26.817%
 0.1%   Δp: -54.057%
Minimum Δp: -96.795%
RMS Δp    :  7.018 ± 0.062 %
Same top p: 89.332 ± 0.108 %
Same sampled p: 51.323 ± 0.122 %

------
# llama-perplexity: version: 0.4.4-dev (build 11430, commit 9d76dc1da-dirty) | built with GNU 15.3.0 for Linux x86_64
# model: /home/crusaderky/.cache/huggingface/hub/models--bartowski--Ling-3.0-tiny-GGUF/snapshots/ea072726af0d2e8ba325b2f90fc0efa762105a91/Ling-3.0-tiny-Q4_K_M.gguf size=4917354688 mtime=2026-08-21T23:55:26+00:00 sha256/1048576B=01be6a34ed40f674dcac10bc80b57d7f57954b522781a884a9194fbfb37b72dc
llama-perplexity --kl-divergence-base /tmp/logits.dat --ctx-size 32768 -f sample-data/wiki.test.head-2.4k.raw -fa on --hf-repo bartowski/Ling-3.0-tiny-GGUF:Q4_K_M --cache-type-k q6_0 --cache-type-v q6_0 --kl-divergence
0.00.908.326 W load: special_eos_id is not in special_eog_ids - the tokenizer config may be incorrect
0.02.058.198 I cmn          init: llama threadpool init, n_threads = 16
0.02.122.476 I 
0.02.122.550 I system_info: n_threads = 16 (n_threads_batch = 16) / 32 | CUDA : ARCHS = 750,800,860,890,900,1000,1030,1200,1210 | USE_GRAPHS = 1 | FA_ALL_QUANTS = 1 | CPU : SSE3 = 1 | SSSE3 = 1 | AVX = 1 | AVX2 = 1 | F16C = 1 | FMA = 1 | BMI2 = 1 | LLAMAFILE = 1 | OPENMP = 1 | REPACK = 1 | 
0.02.210.202 I kl_divergence: computing over 5 chunks, n_ctx=32768, batch_size=512, n_seq=1
0.10.399.848 I kl_divergence: 8.19 seconds per pass - ETA 0.67 minutes

chunk             PPL               ln(PPL(Q)/PPL(base))          KL Divergence              Δp RMS            Same top p        Same sampled p
   1      24.1208 ±    0.6527       0.03156 ±    0.00349       0.05215 ±    0.00089     6.515 ±  0.136 %    90.240 ±  0.232 %    50.901 ±  0.271 %
   2      25.1342 ±    0.4904       0.04329 ±    0.00249       0.05364 ±    0.00066     6.580 ±  0.093 %    89.645 ±  0.168 %    50.464 ±  0.193 %
   3      26.0736 ±    0.4168       0.04532 ±    0.00209       0.05576 ±    0.00054     6.669 ±  0.077 %    89.286 ±  0.140 %    50.143 ±  0.157 %
   4      23.4114 ±    0.3200       0.04316 ±    0.00181       0.05611 ±    0.00047     6.786 ±  0.066 %    89.346 ±  0.121 %    51.043 ±  0.136 %
   5      23.3952 ±    0.2869       0.04040 ±    0.00165       0.05827 ±    0.00044     6.950 ±  0.060 %    89.251 ±  0.108 %    51.312 ±  0.122 %

====== Perplexity statistics ======
Mean PPL(Q)                   :  23.395166 ±   0.286948
Mean PPL(base)                :  22.468784 ±   0.276246
Cor(ln(PPL(Q)), ln(PPL(base))):  99.09%
Mean ln(PPL(Q)/PPL(base))     :   0.040402 ±   0.001655
Mean PPL(Q)/PPL(base)         :   1.041230 ±   0.001723
Mean PPL(Q)-PPL(base)         :   0.926382 ±   0.039411

====== KL divergence statistics ======
Mean    KLD:   0.058267 ±   0.000444
Maximum KLD:   8.194161
99.9%   KLD:   1.530610
99.0%   KLD:   0.529275
95.0%   KLD:   0.212422
90.0%   KLD:   0.133330
Median  KLD:   0.025814
10.0%   KLD:   0.000301
 5.0%   KLD:   0.000053
 1.0%   KLD:   0.000004
 0.1%   KLD:  -0.000004
Minimum KLD:  -0.000109

====== Token probability statistics ======
Mean    Δp: -0.920 ± 0.024 %
Maximum Δp: 95.864%
99.9%   Δp: 41.096%
99.0%   Δp: 18.467%
95.0%   Δp:  6.365%
90.0%   Δp:  2.603%
75.0%   Δp:  0.103%
Median  Δp: -0.008%
25.0%   Δp: -0.938%
10.0%   Δp: -6.217%
 5.0%   Δp: -11.542%
 1.0%   Δp: -26.563%
 0.1%   Δp: -52.867%
Minimum Δp: -94.702%
RMS Δp    :  6.950 ± 0.060 %
Same top p: 89.251 ± 0.108 %
Same sampled p: 51.312 ± 0.122 %

------
# llama-perplexity: version: 0.4.4-dev (build 11430, commit 9d76dc1da-dirty) | built with GNU 15.3.0 for Linux x86_64
# model: /home/crusaderky/.cache/huggingface/hub/models--bartowski--Ling-3.0-tiny-GGUF/snapshots/ea072726af0d2e8ba325b2f90fc0efa762105a91/Ling-3.0-tiny-Q4_K_M.gguf size=4917354688 mtime=2026-08-21T23:55:26+00:00 sha256/1048576B=01be6a34ed40f674dcac10bc80b57d7f57954b522781a884a9194fbfb37b72dc
llama-perplexity --kl-divergence-base /tmp/logits.dat --ctx-size 32768 -f sample-data/wiki.test.head-2.4k.raw -fa on --hf-repo bartowski/Ling-3.0-tiny-GGUF:Q4_K_M --cache-type-k q5_1 --cache-type-v q5_1 --kl-divergence
0.01.036.177 W load: special_eos_id is not in special_eog_ids - the tokenizer config may be incorrect
0.02.155.129 I cmn          init: llama threadpool init, n_threads = 16
0.02.219.586 I 
0.02.219.659 I system_info: n_threads = 16 (n_threads_batch = 16) / 32 | CUDA : ARCHS = 750,800,860,890,900,1000,1030,1200,1210 | USE_GRAPHS = 1 | FA_ALL_QUANTS = 1 | CPU : SSE3 = 1 | SSSE3 = 1 | AVX = 1 | AVX2 = 1 | F16C = 1 | FMA = 1 | BMI2 = 1 | LLAMAFILE = 1 | OPENMP = 1 | REPACK = 1 | 
0.02.308.583 I kl_divergence: computing over 5 chunks, n_ctx=32768, batch_size=512, n_seq=1
0.10.478.723 I kl_divergence: 8.17 seconds per pass - ETA 0.67 minutes

chunk             PPL               ln(PPL(Q)/PPL(base))          KL Divergence              Δp RMS            Same top p        Same sampled p
   1      24.1861 ±    0.6544       0.03427 ±    0.00353       0.05374 ±    0.00090     6.512 ±  0.129 %    89.910 ±  0.235 %    50.913 ±  0.271 %
   2      25.2281 ±    0.4919       0.04702 ±    0.00255       0.05572 ±    0.00070     6.673 ±  0.092 %    89.498 ±  0.169 %    50.398 ±  0.193 %
   3      26.1508 ±    0.4177       0.04827 ±    0.00213       0.05799 ±    0.00058     6.784 ±  0.077 %    89.125 ±  0.140 %    50.079 ±  0.157 %
   4      23.5249 ±    0.3215       0.04800 ±    0.00185       0.05858 ±    0.00051     6.933 ±  0.068 %    89.199 ±  0.121 %    50.970 ±  0.136 %
   5      23.4983 ±    0.2882       0.04480 ±    0.00169       0.06054 ±    0.00047     7.121 ±  0.063 %    89.155 ±  0.109 %    51.253 ±  0.122 %

====== Perplexity statistics ======
Mean PPL(Q)                   :  23.498255 ±   0.288154
Mean PPL(base)                :  22.468784 ±   0.276246
Cor(ln(PPL(Q)), ln(PPL(base))):  99.05%
Mean ln(PPL(Q)/PPL(base))     :   0.044799 ±   0.001691
Mean PPL(Q)/PPL(base)         :   1.045818 ±   0.001769
Mean PPL(Q)-PPL(base)         :   1.029471 ±   0.040638

====== KL divergence statistics ======
Mean    KLD:   0.060542 ±   0.000471
Maximum KLD:   6.797772
99.9%   KLD:   1.632617
99.0%   KLD:   0.540177
95.0%   KLD:   0.220336
90.0%   KLD:   0.138473
Median  KLD:   0.026940
10.0%   KLD:   0.000310
 5.0%   KLD:   0.000052
 1.0%   KLD:   0.000004
 0.1%   KLD:  -0.000004
Minimum KLD:  -0.000225

====== Token probability statistics ======
Mean    Δp: -0.984 ± 0.025 %
Maximum Δp: 94.698%
99.9%   Δp: 41.164%
99.0%   Δp: 18.744%
95.0%   Δp:  6.465%
90.0%   Δp:  2.568%
75.0%   Δp:  0.094%
Median  Δp: -0.009%
25.0%   Δp: -0.987%
10.0%   Δp: -6.465%
 5.0%   Δp: -11.926%
 1.0%   Δp: -27.473%
 0.1%   Δp: -54.447%
Minimum Δp: -96.091%
RMS Δp    :  7.121 ± 0.063 %
Same top p: 89.155 ± 0.109 %
Same sampled p: 51.253 ± 0.122 %

------
# llama-perplexity: version: 0.4.4-dev (build 11430, commit 9d76dc1da-dirty) | built with GNU 15.3.0 for Linux x86_64
# model: /home/crusaderky/.cache/huggingface/hub/models--bartowski--Ling-3.0-tiny-GGUF/snapshots/ea072726af0d2e8ba325b2f90fc0efa762105a91/Ling-3.0-tiny-Q4_K_M.gguf size=4917354688 mtime=2026-08-21T23:55:26+00:00 sha256/1048576B=01be6a34ed40f674dcac10bc80b57d7f57954b522781a884a9194fbfb37b72dc
llama-perplexity --kl-divergence-base /tmp/logits.dat --ctx-size 32768 -f sample-data/wiki.test.head-2.4k.raw -fa on --hf-repo bartowski/Ling-3.0-tiny-GGUF:Q4_K_M --cache-type-k q5_0 --cache-type-v q5_0 --kl-divergence
0.00.928.675 W load: special_eos_id is not in special_eog_ids - the tokenizer config may be incorrect
0.02.056.240 I cmn          init: llama threadpool init, n_threads = 16
0.02.121.510 I 
0.02.121.580 I system_info: n_threads = 16 (n_threads_batch = 16) / 32 | CUDA : ARCHS = 750,800,860,890,900,1000,1030,1200,1210 | USE_GRAPHS = 1 | FA_ALL_QUANTS = 1 | CPU : SSE3 = 1 | SSSE3 = 1 | AVX = 1 | AVX2 = 1 | F16C = 1 | FMA = 1 | BMI2 = 1 | LLAMAFILE = 1 | OPENMP = 1 | REPACK = 1 | 
0.02.209.208 I kl_divergence: computing over 5 chunks, n_ctx=32768, batch_size=512, n_seq=1
0.10.373.676 I kl_divergence: 8.16 seconds per pass - ETA 0.67 minutes

chunk             PPL               ln(PPL(Q)/PPL(base))          KL Divergence              Δp RMS            Same top p        Same sampled p
   1      24.2965 ±    0.6598       0.03882 ±    0.00354       0.05376 ±    0.00092     6.572 ±  0.139 %    89.990 ±  0.234 %    51.035 ±  0.271 %
   2      25.2542 ±    0.4935       0.04806 ±    0.00253       0.05516 ±    0.00068     6.665 ±  0.095 %    89.568 ±  0.169 %    50.508 ±  0.193 %
   3      26.0845 ±    0.4174       0.04573 ±    0.00211       0.05689 ±    0.00056     6.734 ±  0.079 %    89.253 ±  0.140 %    50.199 ±  0.157 %
   4      23.4464 ±    0.3208       0.04465 ±    0.00184       0.05756 ±    0.00048     6.899 ±  0.069 %    89.318 ±  0.121 %    51.073 ±  0.136 %
   5      23.4631 ±    0.2880       0.04330 ±    0.00168       0.06006 ±    0.00045     7.086 ±  0.062 %    89.179 ±  0.109 %    51.318 ±  0.122 %

====== Perplexity statistics ======
Mean PPL(Q)                   :  23.463133 ±   0.288040
Mean PPL(base)                :  22.468784 ±   0.276246
Cor(ln(PPL(Q)), ln(PPL(base))):  99.07%
Mean ln(PPL(Q)/PPL(base))     :   0.043303 ±   0.001680
Mean PPL(Q)/PPL(base)         :   1.044255 ±   0.001754
Mean PPL(Q)-PPL(base)         :   0.994349 ±   0.040336

====== KL divergence statistics ======
Mean    KLD:   0.060063 ±   0.000445
Maximum KLD:   4.636245
99.9%   KLD:   1.552787
99.0%   KLD:   0.550667
95.0%   KLD:   0.219671
90.0%   KLD:   0.138315
Median  KLD:   0.026632
10.0%   KLD:   0.000297
 5.0%   KLD:   0.000052
 1.0%   KLD:   0.000003
 0.1%   KLD:  -0.000006
Minimum KLD:  -0.000210

====== Token probability statistics ======
Mean    Δp: -0.920 ± 0.025 %
Maximum Δp: 92.173%
99.9%   Δp: 44.721%
99.0%   Δp: 18.918%
95.0%   Δp:  6.563%
90.0%   Δp:  2.667%
75.0%   Δp:  0.106%
Median  Δp: -0.008%
25.0%   Δp: -0.941%
10.0%   Δp: -6.299%
 5.0%   Δp: -11.758%
 1.0%   Δp: -26.804%
 0.1%   Δp: -53.226%
Minimum Δp: -94.829%
RMS Δp    :  7.086 ± 0.062 %
Same top p: 89.179 ± 0.109 %
Same sampled p: 51.318 ± 0.122 %

------
# llama-perplexity: version: 0.4.4-dev (build 11430, commit 9d76dc1da-dirty) | built with GNU 15.3.0 for Linux x86_64
# model: /home/crusaderky/.cache/huggingface/hub/models--bartowski--Ling-3.0-tiny-GGUF/snapshots/ea072726af0d2e8ba325b2f90fc0efa762105a91/Ling-3.0-tiny-Q4_K_M.gguf size=4917354688 mtime=2026-08-21T23:55:26+00:00 sha256/1048576B=01be6a34ed40f674dcac10bc80b57d7f57954b522781a884a9194fbfb37b72dc
llama-perplexity --kl-divergence-base /tmp/logits.dat --ctx-size 32768 -f sample-data/wiki.test.head-2.4k.raw -fa on --hf-repo bartowski/Ling-3.0-tiny-GGUF:Q4_K_M --cache-type-k q4_0 --cache-type-v q4_0 --kl-divergence
0.00.907.928 W load: special_eos_id is not in special_eog_ids - the tokenizer config may be incorrect
0.02.028.985 I cmn          init: llama threadpool init, n_threads = 16
0.02.092.813 I 
0.02.092.884 I system_info: n_threads = 16 (n_threads_batch = 16) / 32 | CUDA : ARCHS = 750,800,860,890,900,1000,1030,1200,1210 | USE_GRAPHS = 1 | FA_ALL_QUANTS = 1 | CPU : SSE3 = 1 | SSSE3 = 1 | AVX = 1 | AVX2 = 1 | F16C = 1 | FMA = 1 | BMI2 = 1 | LLAMAFILE = 1 | OPENMP = 1 | REPACK = 1 | 
0.02.180.664 I kl_divergence: computing over 5 chunks, n_ctx=32768, batch_size=512, n_seq=1
0.10.344.118 I kl_divergence: 8.16 seconds per pass - ETA 0.67 minutes

chunk             PPL               ln(PPL(Q)/PPL(base))          KL Divergence              Δp RMS            Same top p        Same sampled p
   1      24.2105 ±    0.6534       0.03528 ±    0.00380       0.06104 ±    0.00097     7.088 ±  0.138 %    89.410 ±  0.240 %    50.593 ±  0.271 %
   2      25.1498 ±    0.4898       0.04392 ±    0.00270       0.06217 ±    0.00076     7.153 ±  0.098 %    88.921 ±  0.173 %    50.198 ±  0.193 %
   3      26.1335 ±    0.4170       0.04761 ±    0.00227       0.06460 ±    0.00063     7.265 ±  0.082 %    88.602 ±  0.143 %    49.896 ±  0.157 %
   4      23.4812 ±    0.3208       0.04614 ±    0.00196       0.06501 ±    0.00055     7.396 ±  0.072 %    88.609 ±  0.124 %    50.832 ±  0.136 %
   5      23.5129 ±    0.2881       0.04542 ±    0.00179       0.06746 ±    0.00051     7.554 ±  0.064 %    88.473 ±  0.112 %    51.064 ±  0.122 %

====== Perplexity statistics ======
Mean PPL(Q)                   :  23.512930 ±   0.288140
Mean PPL(base)                :  22.468784 ±   0.276246
Cor(ln(PPL(Q)), ln(PPL(base))):  98.94%
Mean ln(PPL(Q)/PPL(base))     :   0.045423 ±   0.001789
Mean PPL(Q)/PPL(base)         :   1.046471 ±   0.001872
Mean PPL(Q)-PPL(base)         :   1.044145 ±   0.042788

====== KL divergence statistics ======
Mean    KLD:   0.067456 ±   0.000511
Maximum KLD:   6.496794
99.9%   KLD:   1.674311
99.0%   KLD:   0.607614
95.0%   KLD:   0.248626
90.0%   KLD:   0.155904
Median  KLD:   0.030028
10.0%   KLD:   0.000352
 5.0%   KLD:   0.000060
 1.0%   KLD:   0.000004
 0.1%   KLD:  -0.000006
Minimum KLD:  -0.000211

====== Token probability statistics ======
Mean    Δp: -1.052 ± 0.026 %
Maximum Δp: 93.531%
99.9%   Δp: 44.250%
99.0%   Δp: 20.124%
95.0%   Δp:  6.752%
90.0%   Δp:  2.715%
75.0%   Δp:  0.104%
Median  Δp: -0.009%
25.0%   Δp: -1.067%
10.0%   Δp: -6.820%
 5.0%   Δp: -12.768%
 1.0%   Δp: -29.013%
 0.1%   Δp: -57.856%
Minimum Δp: -99.008%
RMS Δp    :  7.554 ± 0.064 %
Same top p: 88.473 ± 0.112 %
Same sampled p: 51.064 ± 0.122 %

------
# llama-perplexity: version: 0.4.4-dev (build 11430, commit 9d76dc1da-dirty) | built with GNU 15.3.0 for Linux x86_64
# model: /home/crusaderky/.cache/huggingface/hub/models--bartowski--Ling-3.0-tiny-GGUF/snapshots/ea072726af0d2e8ba325b2f90fc0efa762105a91/Ling-3.0-tiny-Q4_K_M.gguf size=4917354688 mtime=2026-08-21T23:55:26+00:00 sha256/1048576B=01be6a34ed40f674dcac10bc80b57d7f57954b522781a884a9194fbfb37b72dc
llama-perplexity --kl-divergence-base /tmp/logits.dat --ctx-size 32768 -f sample-data/wiki.test.head-2.4k.raw -fa on --hf-repo bartowski/Ling-3.0-tiny-GGUF:Q4_K_M --cache-type-k q3_0 --cache-type-v q3_0 --kl-divergence
0.00.921.515 W load: special_eos_id is not in special_eog_ids - the tokenizer config may be incorrect
0.02.026.956 I cmn          init: llama threadpool init, n_threads = 16
0.02.090.045 I 
0.02.090.119 I system_info: n_threads = 16 (n_threads_batch = 16) / 32 | CUDA : ARCHS = 750,800,860,890,900,1000,1030,1200,1210 | USE_GRAPHS = 1 | FA_ALL_QUANTS = 1 | CPU : SSE3 = 1 | SSSE3 = 1 | AVX = 1 | AVX2 = 1 | F16C = 1 | FMA = 1 | BMI2 = 1 | LLAMAFILE = 1 | OPENMP = 1 | REPACK = 1 | 
0.02.174.690 I kl_divergence: computing over 5 chunks, n_ctx=32768, batch_size=512, n_seq=1
0.10.318.153 I kl_divergence: 8.14 seconds per pass - ETA 0.67 minutes

chunk             PPL               ln(PPL(Q)/PPL(base))          KL Divergence              Δp RMS            Same top p        Same sampled p
   1      24.2239 ±    0.6540       0.03583 ±    0.00455       0.08628 ±    0.00137     8.621 ±  0.156 %    87.157 ±  0.261 %    50.077 ±  0.271 %
   2      25.4142 ±    0.4951       0.05437 ±    0.00322       0.08829 ±    0.00109     8.628 ±  0.115 %    86.950 ±  0.186 %    49.697 ±  0.193 %
   3      26.5081 ±    0.4244       0.06184 ±    0.00267       0.09086 ±    0.00089     8.610 ±  0.092 %    86.500 ±  0.154 %    49.502 ±  0.157 %
   4      23.9967 ±    0.3292       0.06785 ±    0.00234       0.09327 ±    0.00081     8.869 ±  0.082 %    86.535 ±  0.133 %    50.386 ±  0.137 %
   5      23.9985 ±    0.2955       0.06586 ±    0.00212       0.09559 ±    0.00075     8.940 ±  0.072 %    86.501 ±  0.119 %    50.667 ±  0.122 %

====== Perplexity statistics ======
Mean PPL(Q)                   :  23.998512 ±   0.295500
Mean PPL(base)                :  22.468784 ±   0.276246
Cor(ln(PPL(Q)), ln(PPL(base))):  98.51%
Mean ln(PPL(Q)/PPL(base))     :   0.065865 ±   0.002122
Mean PPL(Q)/PPL(base)         :   1.068082 ±   0.002266
Mean PPL(Q)-PPL(base)         :   1.529728 ±   0.052893

====== KL divergence statistics ======
Mean    KLD:   0.095586 ±   0.000753
Maximum KLD:  12.236836
99.9%   KLD:   2.593716
99.0%   KLD:   0.875030
95.0%   KLD:   0.351744
90.0%   KLD:   0.222056
Median  KLD:   0.040965
10.0%   KLD:   0.000470
 5.0%   KLD:   0.000080
 1.0%   KLD:   0.000005
 0.1%   KLD:  -0.000003
Minimum KLD:  -0.000125

====== Token probability statistics ======
Mean    Δp: -1.198 ± 0.031 %
Maximum Δp: 94.673%
99.9%   Δp: 55.690%
99.0%   Δp: 23.501%
95.0%   Δp:  8.422%
90.0%   Δp:  3.317%
75.0%   Δp:  0.140%
Median  Δp: -0.009%
25.0%   Δp: -1.192%
10.0%   Δp: -7.918%
 5.0%   Δp: -14.964%
 1.0%   Δp: -35.187%
 0.1%   Δp: -67.855%
Minimum Δp: -99.239%
RMS Δp    :  8.940 ± 0.072 %
Same top p: 86.501 ± 0.119 %
Same sampled p: 50.667 ± 0.122 %

------
# llama-perplexity: version: 0.4.4-dev (build 11430, commit 9d76dc1da-dirty) | built with GNU 15.3.0 for Linux x86_64
# model: /home/crusaderky/.cache/huggingface/hub/models--bartowski--Ling-3.0-tiny-GGUF/snapshots/ea072726af0d2e8ba325b2f90fc0efa762105a91/Ling-3.0-tiny-IQ4_XS.gguf size=4385795776 mtime=2026-08-22T00:00:13+00:00 sha256/1048576B=01be6a34ed40f674dcac10bc80b57d7f57954b522781a884a9194fbfb37b72dc
llama-perplexity --kl-divergence-base /tmp/logits.dat --ctx-size 32768 -f sample-data/wiki.test.head-2.4k.raw -fa on --hf-repo bartowski/Ling-3.0-tiny-GGUF:IQ4_XS --cache-type-k f16 --cache-type-v f16 --kl-divergence
0.00.904.148 W load: special_eos_id is not in special_eog_ids - the tokenizer config may be incorrect
0.04.447.022 I cmn          init: llama threadpool init, n_threads = 16
0.04.521.777 I 
0.04.521.843 I system_info: n_threads = 16 (n_threads_batch = 16) / 32 | CUDA : ARCHS = 750,800,860,890,900,1000,1030,1200,1210 | USE_GRAPHS = 1 | FA_ALL_QUANTS = 1 | CPU : SSE3 = 1 | SSSE3 = 1 | AVX = 1 | AVX2 = 1 | F16C = 1 | FMA = 1 | BMI2 = 1 | LLAMAFILE = 1 | OPENMP = 1 | REPACK = 1 | 
0.04.617.242 I kl_divergence: computing over 5 chunks, n_ctx=32768, batch_size=512, n_seq=1
0.12.630.888 I kl_divergence: 8.01 seconds per pass - ETA 0.67 minutes

chunk             PPL               ln(PPL(Q)/PPL(base))          KL Divergence              Δp RMS            Same top p        Same sampled p
   1      24.3050 ±    0.6655       0.03917 ±    0.00424       0.07605 ±    0.00119     7.767 ±  0.144 %    87.835 ±  0.255 %    51.155 ±  0.272 %
   2      25.0921 ±    0.4913       0.04162 ±    0.00296       0.07690 ±    0.00089     7.771 ±  0.102 %    87.692 ±  0.181 %    50.320 ±  0.193 %
   3      26.1686 ±    0.4208       0.04895 ±    0.00250       0.08036 ±    0.00076     7.948 ±  0.086 %    87.263 ±  0.150 %    50.006 ±  0.157 %
   4      23.6556 ±    0.3259       0.05354 ±    0.00221       0.08307 ±    0.00069     8.269 ±  0.078 %    87.315 ±  0.130 %    50.916 ±  0.137 %
   5      23.6899 ±    0.2931       0.05292 ±    0.00202       0.08573 ±    0.00063     8.419 ±  0.070 %    87.312 ±  0.116 %    51.219 ±  0.122 %

====== Perplexity statistics ======
Mean PPL(Q)                   :  23.689895 ±   0.293072
Mean PPL(base)                :  22.468784 ±   0.276246
Cor(ln(PPL(Q)), ln(PPL(base))):  98.67%
Mean ln(PPL(Q)/PPL(base))     :   0.052922 ±   0.002015
Mean PPL(Q)/PPL(base)         :   1.054347 ±   0.002125
Mean PPL(Q)-PPL(base)         :   1.221111 ±   0.049413

====== KL divergence statistics ======
Mean    KLD:   0.085733 ±   0.000630
Maximum KLD:   7.953479
99.9%   KLD:   2.176499
99.0%   KLD:   0.764598
95.0%   KLD:   0.313116
90.0%   KLD:   0.197643
Median  KLD:   0.039027
10.0%   KLD:   0.000409
 5.0%   KLD:   0.000066
 1.0%   KLD:   0.000004
 0.1%   KLD:  -0.000009
Minimum KLD:  -0.000085

====== Token probability statistics ======
Mean    Δp: -0.691 ± 0.029 %
Maximum Δp: 99.430%
99.9%   Δp: 51.174%
99.0%   Δp: 23.701%
95.0%   Δp:  9.348%
90.0%   Δp:  4.160%
75.0%   Δp:  0.238%
Median  Δp: -0.003%
25.0%   Δp: -0.821%
10.0%   Δp: -6.554%
 5.0%   Δp: -12.770%
 1.0%   Δp: -32.512%
 0.1%   Δp: -65.228%
Minimum Δp: -99.742%
RMS Δp    :  8.419 ± 0.070 %
Same top p: 87.312 ± 0.116 %
Same sampled p: 51.219 ± 0.122 %

------
# llama-perplexity: version: 0.4.4-dev (build 11430, commit 9d76dc1da-dirty) | built with GNU 15.3.0 for Linux x86_64
# model: /home/crusaderky/.cache/huggingface/hub/models--bartowski--Ling-3.0-tiny-GGUF/snapshots/ea072726af0d2e8ba325b2f90fc0efa762105a91/Ling-3.0-tiny-IQ4_XS.gguf size=4385795776 mtime=2026-08-22T00:00:13+00:00 sha256/1048576B=01be6a34ed40f674dcac10bc80b57d7f57954b522781a884a9194fbfb37b72dc
llama-perplexity --kl-divergence-base /tmp/logits.dat --ctx-size 32768 -f sample-data/wiki.test.head-2.4k.raw -fa on --hf-repo bartowski/Ling-3.0-tiny-GGUF:IQ4_XS --cache-type-k q8_0 --cache-type-v q8_0 --kl-divergence
0.00.908.874 W load: special_eos_id is not in special_eog_ids - the tokenizer config may be incorrect
0.01.897.127 I cmn          init: llama threadpool init, n_threads = 16
0.01.961.891 I 
0.01.961.962 I system_info: n_threads = 16 (n_threads_batch = 16) / 32 | CUDA : ARCHS = 750,800,860,890,900,1000,1030,1200,1210 | USE_GRAPHS = 1 | FA_ALL_QUANTS = 1 | CPU : SSE3 = 1 | SSSE3 = 1 | AVX = 1 | AVX2 = 1 | F16C = 1 | FMA = 1 | BMI2 = 1 | LLAMAFILE = 1 | OPENMP = 1 | REPACK = 1 | 
0.02.051.456 I kl_divergence: computing over 5 chunks, n_ctx=32768, batch_size=512, n_seq=1
0.10.059.407 I kl_divergence: 8.01 seconds per pass - ETA 0.67 minutes

chunk             PPL               ln(PPL(Q)/PPL(base))          KL Divergence              Δp RMS            Same top p        Same sampled p
   1      24.3332 ±    0.6665       0.04033 ±    0.00419       0.07545 ±    0.00115     7.803 ±  0.143 %    87.731 ±  0.256 %    51.210 ±  0.272 %
   2      25.1353 ±    0.4925       0.04334 ±    0.00294       0.07684 ±    0.00087     7.792 ±  0.103 %    87.505 ±  0.183 %    50.358 ±  0.193 %
   3      26.1255 ±    0.4195       0.04730 ±    0.00248       0.08013 ±    0.00074     7.953 ±  0.086 %    87.168 ±  0.151 %    49.967 ±  0.157 %
   4      23.6300 ±    0.3250       0.05245 ±    0.00220       0.08285 ±    0.00068     8.273 ±  0.079 %    87.212 ±  0.130 %    50.847 ±  0.137 %
   5      23.6591 ±    0.2923       0.05162 ±    0.00201       0.08552 ±    0.00063     8.404 ±  0.070 %    87.196 ±  0.117 %    51.167 ±  0.122 %

====== Perplexity statistics ======
Mean PPL(Q)                   :  23.659090 ±   0.292276
Mean PPL(base)                :  22.468784 ±   0.276246
Cor(ln(PPL(Q)), ln(PPL(base))):  98.67%
Mean ln(PPL(Q)/PPL(base))     :   0.051620 ±   0.002009
Mean PPL(Q)/PPL(base)         :   1.052976 ±   0.002115
Mean PPL(Q)-PPL(base)         :   1.190306 ±   0.048995

====== KL divergence statistics ======
Mean    KLD:   0.085520 ±   0.000627
Maximum KLD:   7.570730
99.9%   KLD:   2.080862
99.0%   KLD:   0.757067
95.0%   KLD:   0.309784
90.0%   KLD:   0.197730
Median  KLD:   0.038759
10.0%   KLD:   0.000417
 5.0%   KLD:   0.000069
 1.0%   KLD:   0.000004
 0.1%   KLD:  -0.000010
Minimum KLD:  -0.000106

====== Token probability statistics ======
Mean    Δp: -0.735 ± 0.029 %
Maximum Δp: 99.412%
99.9%   Δp: 49.783%
99.0%   Δp: 23.542%
95.0%   Δp:  9.240%
90.0%   Δp:  4.090%
75.0%   Δp:  0.233%
Median  Δp: -0.004%
25.0%   Δp: -0.847%
10.0%   Δp: -6.602%
 5.0%   Δp: -12.973%
 1.0%   Δp: -32.397%
 0.1%   Δp: -65.142%
Minimum Δp: -99.109%
RMS Δp    :  8.404 ± 0.070 %
Same top p: 87.196 ± 0.117 %
Same sampled p: 51.167 ± 0.122 %

------
# llama-perplexity: version: 0.4.4-dev (build 11430, commit 9d76dc1da-dirty) | built with GNU 15.3.0 for Linux x86_64
# model: /home/crusaderky/.cache/huggingface/hub/models--bartowski--Ling-3.0-tiny-GGUF/snapshots/ea072726af0d2e8ba325b2f90fc0efa762105a91/Ling-3.0-tiny-IQ4_XS.gguf size=4385795776 mtime=2026-08-22T00:00:13+00:00 sha256/1048576B=01be6a34ed40f674dcac10bc80b57d7f57954b522781a884a9194fbfb37b72dc
llama-perplexity --kl-divergence-base /tmp/logits.dat --ctx-size 32768 -f sample-data/wiki.test.head-2.4k.raw -fa on --hf-repo bartowski/Ling-3.0-tiny-GGUF:IQ4_XS --cache-type-k q6_0 --cache-type-v q6_0 --kl-divergence
0.00.916.622 W load: special_eos_id is not in special_eog_ids - the tokenizer config may be incorrect
0.01.923.379 I cmn          init: llama threadpool init, n_threads = 16
0.01.987.022 I 
0.01.987.090 I system_info: n_threads = 16 (n_threads_batch = 16) / 32 | CUDA : ARCHS = 750,800,860,890,900,1000,1030,1200,1210 | USE_GRAPHS = 1 | FA_ALL_QUANTS = 1 | CPU : SSE3 = 1 | SSSE3 = 1 | AVX = 1 | AVX2 = 1 | F16C = 1 | FMA = 1 | BMI2 = 1 | LLAMAFILE = 1 | OPENMP = 1 | REPACK = 1 | 
0.02.075.392 I kl_divergence: computing over 5 chunks, n_ctx=32768, batch_size=512, n_seq=1
0.10.084.233 I kl_divergence: 8.01 seconds per pass - ETA 0.67 minutes

chunk             PPL               ln(PPL(Q)/PPL(base))          KL Divergence              Δp RMS            Same top p        Same sampled p
   1      24.2474 ±    0.6633       0.03680 ±    0.00424       0.07607 ±    0.00115     7.836 ±  0.143 %    87.627 ±  0.257 %    51.178 ±  0.271 %
   2      25.0073 ±    0.4896       0.03823 ±    0.00296       0.07682 ±    0.00087     7.771 ±  0.102 %    87.490 ±  0.183 %    50.354 ±  0.193 %
   3      26.0552 ±    0.4185       0.04461 ±    0.00250       0.08023 ±    0.00075     7.940 ±  0.086 %    87.141 ±  0.151 %    49.997 ±  0.157 %
   4      23.5774 ±    0.3243       0.05022 ±    0.00221       0.08290 ±    0.00068     8.254 ±  0.078 %    87.208 ±  0.130 %    50.867 ±  0.137 %
   5      23.6475 ±    0.2922       0.05113 ±    0.00202       0.08590 ±    0.00063     8.406 ±  0.070 %    87.162 ±  0.117 %    51.177 ±  0.122 %

====== Perplexity statistics ======
Mean PPL(Q)                   :  23.647537 ±   0.292196
Mean PPL(base)                :  22.468784 ±   0.276246
Cor(ln(PPL(Q)), ln(PPL(base))):  98.66%
Mean ln(PPL(Q)/PPL(base))     :   0.051132 ±   0.002015
Mean PPL(Q)/PPL(base)         :   1.052462 ±   0.002121
Mean PPL(Q)-PPL(base)         :   1.178752 ±   0.049090

====== KL divergence statistics ======
Mean    KLD:   0.085903 ±   0.000625
Maximum KLD:   7.679247
99.9%   KLD:   2.186511
99.0%   KLD:   0.767077
95.0%   KLD:   0.312608
90.0%   KLD:   0.198759
Median  KLD:   0.038962
10.0%   KLD:   0.000408
 5.0%   KLD:   0.000068
 1.0%   KLD:   0.000004
 0.1%   KLD:  -0.000009
Minimum KLD:  -0.000177

====== Token probability statistics ======
Mean    Δp: -0.718 ± 0.029 %
Maximum Δp: 99.419%
99.9%   Δp: 49.911%
99.0%   Δp: 23.353%
95.0%   Δp:  9.271%
90.0%   Δp:  4.165%
75.0%   Δp:  0.231%
Median  Δp: -0.004%
25.0%   Δp: -0.848%
10.0%   Δp: -6.547%
 5.0%   Δp: -12.830%
 1.0%   Δp: -32.420%
 0.1%   Δp: -65.744%
Minimum Δp: -99.273%
RMS Δp    :  8.406 ± 0.070 %
Same top p: 87.162 ± 0.117 %
Same sampled p: 51.177 ± 0.122 %

------
# llama-perplexity: version: 0.4.4-dev (build 11430, commit 9d76dc1da-dirty) | built with GNU 15.3.0 for Linux x86_64
# model: /home/crusaderky/.cache/huggingface/hub/models--bartowski--Ling-3.0-tiny-GGUF/snapshots/ea072726af0d2e8ba325b2f90fc0efa762105a91/Ling-3.0-tiny-IQ4_XS.gguf size=4385795776 mtime=2026-08-22T00:00:13+00:00 sha256/1048576B=01be6a34ed40f674dcac10bc80b57d7f57954b522781a884a9194fbfb37b72dc
llama-perplexity --kl-divergence-base /tmp/logits.dat --ctx-size 32768 -f sample-data/wiki.test.head-2.4k.raw -fa on --hf-repo bartowski/Ling-3.0-tiny-GGUF:IQ4_XS --cache-type-k q5_1 --cache-type-v q5_1 --kl-divergence
0.00.913.484 W load: special_eos_id is not in special_eog_ids - the tokenizer config may be incorrect
0.01.907.440 I cmn          init: llama threadpool init, n_threads = 16
0.01.971.969 I 
0.01.972.045 I system_info: n_threads = 16 (n_threads_batch = 16) / 32 | CUDA : ARCHS = 750,800,860,890,900,1000,1030,1200,1210 | USE_GRAPHS = 1 | FA_ALL_QUANTS = 1 | CPU : SSE3 = 1 | SSSE3 = 1 | AVX = 1 | AVX2 = 1 | F16C = 1 | FMA = 1 | BMI2 = 1 | LLAMAFILE = 1 | OPENMP = 1 | REPACK = 1 | 
0.02.060.400 I kl_divergence: computing over 5 chunks, n_ctx=32768, batch_size=512, n_seq=1
0.10.083.316 I kl_divergence: 8.02 seconds per pass - ETA 0.67 minutes

chunk             PPL               ln(PPL(Q)/PPL(base))          KL Divergence              Δp RMS            Same top p        Same sampled p
   1      24.3232 ±    0.6646       0.03992 ±    0.00427       0.07749 ±    0.00120     7.901 ±  0.147 %    87.560 ±  0.258 %    51.020 ±  0.272 %
   2      25.1259 ±    0.4912       0.04296 ±    0.00298       0.07856 ±    0.00090     7.884 ±  0.104 %    87.322 ±  0.184 %    50.198 ±  0.193 %
   3      26.1270 ±    0.4192       0.04736 ±    0.00252       0.08190 ±    0.00076     8.052 ±  0.087 %    87.023 ±  0.152 %    49.889 ±  0.157 %
   4      23.6601 ±    0.3254       0.05372 ±    0.00223       0.08449 ±    0.00068     8.355 ±  0.079 %    87.102 ±  0.131 %    50.797 ±  0.137 %
   5      23.6779 ±    0.2924       0.05241 ±    0.00203       0.08746 ±    0.00064     8.503 ±  0.071 %    87.065 ±  0.117 %    51.125 ±  0.122 %

====== Perplexity statistics ======
Mean PPL(Q)                   :  23.677873 ±   0.292433
Mean PPL(base)                :  22.468784 ±   0.276246
Cor(ln(PPL(Q)), ln(PPL(base))):  98.64%
Mean ln(PPL(Q)/PPL(base))     :   0.052414 ±   0.002035
Mean PPL(Q)/PPL(base)         :   1.053812 ±   0.002144
Mean PPL(Q)-PPL(base)         :   1.209089 ±   0.049630

====== KL divergence statistics ======
Mean    KLD:   0.087460 ±   0.000640
Maximum KLD:   7.933292
99.9%   KLD:   2.228679
99.0%   KLD:   0.783727
95.0%   KLD:   0.317080
90.0%   KLD:   0.201048
Median  KLD:   0.039711
10.0%   KLD:   0.000425
 5.0%   KLD:   0.000068
 1.0%   KLD:   0.000004
 0.1%   KLD:  -0.000009
Minimum KLD:  -0.000188

====== Token probability statistics ======
Mean    Δp: -0.749 ± 0.030 %
Maximum Δp: 99.408%
99.9%   Δp: 51.460%
99.0%   Δp: 23.799%
95.0%   Δp:  9.274%
90.0%   Δp:  4.122%
75.0%   Δp:  0.228%
Median  Δp: -0.004%
25.0%   Δp: -0.887%
10.0%   Δp: -6.679%
 5.0%   Δp: -13.058%
 1.0%   Δp: -32.890%
 0.1%   Δp: -64.996%
Minimum Δp: -99.253%
RMS Δp    :  8.503 ± 0.071 %
Same top p: 87.065 ± 0.117 %
Same sampled p: 51.125 ± 0.122 %

------
# llama-perplexity: version: 0.4.4-dev (build 11430, commit 9d76dc1da-dirty) | built with GNU 15.3.0 for Linux x86_64
# model: /home/crusaderky/.cache/huggingface/hub/models--bartowski--Ling-3.0-tiny-GGUF/snapshots/ea072726af0d2e8ba325b2f90fc0efa762105a91/Ling-3.0-tiny-IQ4_XS.gguf size=4385795776 mtime=2026-08-22T00:00:13+00:00 sha256/1048576B=01be6a34ed40f674dcac10bc80b57d7f57954b522781a884a9194fbfb37b72dc
llama-perplexity --kl-divergence-base /tmp/logits.dat --ctx-size 32768 -f sample-data/wiki.test.head-2.4k.raw -fa on --hf-repo bartowski/Ling-3.0-tiny-GGUF:IQ4_XS --cache-type-k q5_0 --cache-type-v q5_0 --kl-divergence
0.00.883.934 W load: special_eos_id is not in special_eog_ids - the tokenizer config may be incorrect
0.01.871.462 I cmn          init: llama threadpool init, n_threads = 16
0.01.934.635 I 
0.01.934.704 I system_info: n_threads = 16 (n_threads_batch = 16) / 32 | CUDA : ARCHS = 750,800,860,890,900,1000,1030,1200,1210 | USE_GRAPHS = 1 | FA_ALL_QUANTS = 1 | CPU : SSE3 = 1 | SSSE3 = 1 | AVX = 1 | AVX2 = 1 | F16C = 1 | FMA = 1 | BMI2 = 1 | LLAMAFILE = 1 | OPENMP = 1 | REPACK = 1 | 
0.02.020.194 I kl_divergence: computing over 5 chunks, n_ctx=32768, batch_size=512, n_seq=1
0.10.031.416 I kl_divergence: 8.01 seconds per pass - ETA 0.67 minutes

chunk             PPL               ln(PPL(Q)/PPL(base))          KL Divergence              Δp RMS            Same top p        Same sampled p
   1      24.4616 ±    0.6713       0.04559 ±    0.00427       0.07847 ±    0.00126     8.005 ±  0.155 %    87.548 ±  0.258 %    51.167 ±  0.271 %
   2      25.1208 ±    0.4925       0.04276 ±    0.00298       0.07885 ±    0.00092     7.926 ±  0.107 %    87.344 ±  0.184 %    50.332 ±  0.193 %
   3      26.1663 ±    0.4208       0.04887 ±    0.00252       0.08231 ±    0.00078     8.090 ±  0.088 %    86.930 ±  0.152 %    49.980 ±  0.157 %
   4      23.6145 ±    0.3252       0.05180 ±    0.00223       0.08503 ±    0.00071     8.410 ±  0.080 %    87.063 ±  0.131 %    50.878 ±  0.137 %
   5      23.6809 ±    0.2931       0.05254 ±    0.00204       0.08766 ±    0.00064     8.529 ±  0.071 %    87.082 ±  0.117 %    51.213 ±  0.122 %

====== Perplexity statistics ======
Mean PPL(Q)                   :  23.680921 ±   0.293052
Mean PPL(base)                :  22.468784 ±   0.276246
Cor(ln(PPL(Q)), ln(PPL(base))):  98.64%
Mean ln(PPL(Q)/PPL(base))     :   0.052543 ±   0.002036
Mean PPL(Q)/PPL(base)         :   1.053948 ±   0.002146
Mean PPL(Q)-PPL(base)         :   1.212137 ±   0.049853

====== KL divergence statistics ======
Mean    KLD:   0.087658 ±   0.000640
Maximum KLD:   7.116406
99.9%   KLD:   2.153261
99.0%   KLD:   0.787194
95.0%   KLD:   0.319453
90.0%   KLD:   0.201230
Median  KLD:   0.039763
10.0%   KLD:   0.000417
 5.0%   KLD:   0.000067
 1.0%   KLD:   0.000004
 0.1%   KLD:  -0.000012
Minimum KLD:  -0.000138

====== Token probability statistics ======
Mean    Δp: -0.672 ± 0.030 %
Maximum Δp: 99.386%
99.9%   Δp: 50.297%
99.0%   Δp: 24.289%
95.0%   Δp:  9.501%
90.0%   Δp:  4.268%
75.0%   Δp:  0.247%
Median  Δp: -0.003%
25.0%   Δp: -0.833%
10.0%   Δp: -6.542%
 5.0%   Δp: -12.900%
 1.0%   Δp: -32.364%
 0.1%   Δp: -66.176%
Minimum Δp: -99.702%
RMS Δp    :  8.529 ± 0.071 %
Same top p: 87.082 ± 0.117 %
Same sampled p: 51.213 ± 0.122 %

------
# llama-perplexity: version: 0.4.4-dev (build 11430, commit 9d76dc1da-dirty) | built with GNU 15.3.0 for Linux x86_64
# model: /home/crusaderky/.cache/huggingface/hub/models--bartowski--Ling-3.0-tiny-GGUF/snapshots/ea072726af0d2e8ba325b2f90fc0efa762105a91/Ling-3.0-tiny-IQ4_XS.gguf size=4385795776 mtime=2026-08-22T00:00:13+00:00 sha256/1048576B=01be6a34ed40f674dcac10bc80b57d7f57954b522781a884a9194fbfb37b72dc
llama-perplexity --kl-divergence-base /tmp/logits.dat --ctx-size 32768 -f sample-data/wiki.test.head-2.4k.raw -fa on --hf-repo bartowski/Ling-3.0-tiny-GGUF:IQ4_XS --cache-type-k q4_0 --cache-type-v q4_0 --kl-divergence
0.00.908.635 W load: special_eos_id is not in special_eog_ids - the tokenizer config may be incorrect
0.01.913.217 I cmn          init: llama threadpool init, n_threads = 16
0.01.978.487 I 
0.01.978.564 I system_info: n_threads = 16 (n_threads_batch = 16) / 32 | CUDA : ARCHS = 750,800,860,890,900,1000,1030,1200,1210 | USE_GRAPHS = 1 | FA_ALL_QUANTS = 1 | CPU : SSE3 = 1 | SSSE3 = 1 | AVX = 1 | AVX2 = 1 | F16C = 1 | FMA = 1 | BMI2 = 1 | LLAMAFILE = 1 | OPENMP = 1 | REPACK = 1 | 
0.02.066.513 I kl_divergence: computing over 5 chunks, n_ctx=32768, batch_size=512, n_seq=1
0.10.088.984 I kl_divergence: 8.02 seconds per pass - ETA 0.67 minutes

chunk             PPL               ln(PPL(Q)/PPL(base))          KL Divergence              Δp RMS            Same top p        Same sampled p
   1      24.3776 ±    0.6657       0.04215 ±    0.00446       0.08384 ±    0.00130     8.303 ±  0.155 %    87.206 ±  0.261 %    50.834 ±  0.272 %
   2      25.2521 ±    0.4945       0.04797 ±    0.00312       0.08545 ±    0.00097     8.262 ±  0.108 %    86.993 ±  0.186 %    50.086 ±  0.193 %
   3      26.3132 ±    0.4227       0.05446 ±    0.00264       0.08903 ±    0.00084     8.436 ±  0.091 %    86.630 ±  0.154 %    49.737 ±  0.157 %
   4      23.8160 ±    0.3277       0.06029 ±    0.00233       0.09219 ±    0.00078     8.776 ±  0.082 %    86.680 ±  0.133 %    50.614 ±  0.137 %
   5      23.8402 ±    0.2946       0.05925 ±    0.00212       0.09515 ±    0.00071     8.899 ±  0.073 %    86.601 ±  0.119 %    50.915 ±  0.122 %

====== Perplexity statistics ======
Mean PPL(Q)                   :  23.840232 ±   0.294567
Mean PPL(base)                :  22.468784 ±   0.276246
Cor(ln(PPL(Q)), ln(PPL(base))):  98.53%
Mean ln(PPL(Q)/PPL(base))     :   0.059248 ±   0.002116
Mean PPL(Q)/PPL(base)         :   1.061038 ±   0.002245
Mean PPL(Q)-PPL(base)         :   1.371448 ±   0.052264

====== KL divergence statistics ======
Mean    KLD:   0.095148 ±   0.000712
Maximum KLD:  11.151614
99.9%   KLD:   2.439218
99.0%   KLD:   0.830234
95.0%   KLD:   0.346843
90.0%   KLD:   0.218482
Median  KLD:   0.042962
10.0%   KLD:   0.000462
 5.0%   KLD:   0.000073
 1.0%   KLD:   0.000005
 0.1%   KLD:  -0.000008
Minimum KLD:  -0.000216

====== Token probability statistics ======
Mean    Δp: -0.881 ± 0.031 %
Maximum Δp: 99.442%
99.9%   Δp: 52.160%
99.0%   Δp: 25.010%
95.0%   Δp:  9.478%
90.0%   Δp:  4.164%
75.0%   Δp:  0.218%
Median  Δp: -0.005%
25.0%   Δp: -0.974%
10.0%   Δp: -7.193%
 5.0%   Δp: -14.090%
 1.0%   Δp: -34.708%
 0.1%   Δp: -68.410%
Minimum Δp: -99.888%
RMS Δp    :  8.899 ± 0.073 %
Same top p: 86.601 ± 0.119 %
Same sampled p: 50.915 ± 0.122 %

------
# llama-perplexity: version: 0.4.4-dev (build 11430, commit 9d76dc1da-dirty) | built with GNU 15.3.0 for Linux x86_64
# model: /home/crusaderky/.cache/huggingface/hub/models--bartowski--Ling-3.0-tiny-GGUF/snapshots/ea072726af0d2e8ba325b2f90fc0efa762105a91/Ling-3.0-tiny-IQ4_XS.gguf size=4385795776 mtime=2026-08-22T00:00:13+00:00 sha256/1048576B=01be6a34ed40f674dcac10bc80b57d7f57954b522781a884a9194fbfb37b72dc
llama-perplexity --kl-divergence-base /tmp/logits.dat --ctx-size 32768 -f sample-data/wiki.test.head-2.4k.raw -fa on --hf-repo bartowski/Ling-3.0-tiny-GGUF:IQ4_XS --cache-type-k q3_0 --cache-type-v q3_0 --kl-divergence
0.00.908.093 W load: special_eos_id is not in special_eog_ids - the tokenizer config may be incorrect
0.01.907.425 I cmn          init: llama threadpool init, n_threads = 16
0.01.974.590 I 
0.01.974.662 I system_info: n_threads = 16 (n_threads_batch = 16) / 32 | CUDA : ARCHS = 750,800,860,890,900,1000,1030,1200,1210 | USE_GRAPHS = 1 | FA_ALL_QUANTS = 1 | CPU : SSE3 = 1 | SSSE3 = 1 | AVX = 1 | AVX2 = 1 | F16C = 1 | FMA = 1 | BMI2 = 1 | LLAMAFILE = 1 | OPENMP = 1 | REPACK = 1 | 
0.02.064.062 I kl_divergence: computing over 5 chunks, n_ctx=32768, batch_size=512, n_seq=1
0.10.057.263 I kl_divergence: 7.99 seconds per pass - ETA 0.65 minutes

chunk             PPL               ln(PPL(Q)/PPL(base))          KL Divergence              Δp RMS            Same top p        Same sampled p
   1      25.0084 ±    0.6862       0.06770 ±    0.00513       0.11042 ±    0.00174     9.429 ±  0.163 %    85.369 ±  0.276 %    50.367 ±  0.272 %
   2      25.9514 ±    0.5103       0.07529 ±    0.00355       0.11056 ±    0.00128     9.284 ±  0.116 %    85.299 ±  0.196 %    49.680 ±  0.193 %
   3      26.9989 ±    0.4352       0.08019 ±    0.00297       0.11509 ±    0.00107     9.488 ±  0.097 %    84.854 ±  0.162 %    49.314 ±  0.157 %
   4      24.3818 ±    0.3367       0.08377 ±    0.00263       0.11813 ±    0.00098     9.768 ±  0.087 %    84.965 ±  0.140 %    50.207 ±  0.137 %
   5      24.3768 ±    0.3022       0.08150 ±    0.00239       0.12165 ±    0.00091     9.928 ±  0.078 %    84.908 ±  0.125 %    50.503 ±  0.122 %

====== Perplexity statistics ======
Mean PPL(Q)                   :  24.376779 ±   0.302193
Mean PPL(base)                :  22.468784 ±   0.276246
Cor(ln(PPL(Q)), ln(PPL(base))):  98.12%
Mean ln(PPL(Q)/PPL(base))     :   0.081504 ±   0.002395
Mean PPL(Q)/PPL(base)         :   1.084918 ±   0.002598
Mean PPL(Q)-PPL(base)         :   1.907995 ±   0.061718

====== KL divergence statistics ======
Mean    KLD:   0.121650 ±   0.000906
Maximum KLD:  14.225093
99.9%   KLD:   3.084477
99.0%   KLD:   1.104552
95.0%   KLD:   0.445126
90.0%   KLD:   0.280730
Median  KLD:   0.053926
10.0%   KLD:   0.000610
 5.0%   KLD:   0.000099
 1.0%   KLD:   0.000006
 0.1%   KLD:  -0.000007
Minimum KLD:  -0.000170

====== Token probability statistics ======
Mean    Δp: -1.103 ± 0.034 %
Maximum Δp: 99.450%
99.9%   Δp: 58.042%
99.0%   Δp: 26.497%
95.0%   Δp: 10.185%
90.0%   Δp:  4.533%
75.0%   Δp:  0.220%
Median  Δp: -0.007%
25.0%   Δp: -1.126%
10.0%   Δp: -8.266%
 5.0%   Δp: -16.219%
 1.0%   Δp: -39.339%
 0.1%   Δp: -73.129%
Minimum Δp: -99.886%
RMS Δp    :  9.928 ± 0.078 %
Same top p: 84.908 ± 0.125 %
Same sampled p: 50.503 ± 0.122 %

------
# llama-perplexity: version: 0.4.4-dev (build 11430, commit 9d76dc1da-dirty) | built with GNU 15.3.0 for Linux x86_64
# model: /home/crusaderky/.cache/huggingface/hub/models--bloomer010--Ling-3.0-tiny-GGUF/snapshots/56a85ebe2d6d9d2ad6ad00a5014b13667153e236/Ling-3.0-tiny-UD-Q8_K_XL.gguf size=11188839488 mtime=2026-08-21T22:08:10+00:00 sha256/1048576B=75fdfc6eff4f5ae2fde9e53f7edc5bed48a62c7dfb2bdb8acebcf7ce2138227b
llama-perplexity --kl-divergence-base /tmp/logits.dat --ctx-size 32768 -f sample-data/wiki.test.head-2.4k.raw -fa on --hf-repo bloomer010/Ling-3.0-tiny-GGUF:UD-Q8_K_XL --cache-type-k f16 --cache-type-v f16 --kl-divergence
0.00.995.121 W load: special_eos_id is not in special_eog_ids - the tokenizer config may be incorrect
0.08.440.627 I cmn          init: llama threadpool init, n_threads = 16
0.08.594.119 I 
0.08.594.192 I system_info: n_threads = 16 (n_threads_batch = 16) / 32 | CUDA : ARCHS = 750,800,860,890,900,1000,1030,1200,1210 | USE_GRAPHS = 1 | FA_ALL_QUANTS = 1 | CPU : SSE3 = 1 | SSSE3 = 1 | AVX = 1 | AVX2 = 1 | F16C = 1 | FMA = 1 | BMI2 = 1 | LLAMAFILE = 1 | OPENMP = 1 | REPACK = 1 | 
0.08.693.303 I kl_divergence: computing over 5 chunks, n_ctx=32768, batch_size=512, n_seq=1
0.18.327.455 I kl_divergence: 9.63 seconds per pass - ETA 0.80 minutes

chunk             PPL               ln(PPL(Q)/PPL(base))          KL Divergence              Δp RMS            Same top p        Same sampled p
   1      23.4001 ±    0.6380       0.00123 ±    0.00100       0.00430 ±    0.00018     2.006 ±  0.113 %    97.546 ±  0.121 %    52.466 ±  0.270 %
   2      24.1405 ±    0.4734       0.00296 ±    0.00074       0.00436 ±    0.00015     2.006 ±  0.084 %    97.400 ±  0.088 %    51.928 ±  0.192 %
   3      25.0024 ±    0.4011       0.00337 ±    0.00064       0.00453 ±    0.00011     1.982 ±  0.060 %    97.294 ±  0.073 %    51.559 ±  0.156 %
   4      22.5155 ±    0.3091       0.00414 ±    0.00057       0.00468 ±    0.00012     2.033 ±  0.057 %    97.372 ±  0.062 %    52.504 ±  0.136 %
   5      22.5736 ±    0.2782       0.00465 ±    0.00052       0.00475 ±    0.00010     2.051 ±  0.048 %    97.342 ±  0.056 %    52.793 ±  0.121 %

====== Perplexity statistics ======
Mean PPL(Q)                   :  22.573600 ±   0.278152
Mean PPL(base)                :  22.468784 ±   0.276246
Cor(ln(PPL(Q)), ln(PPL(base))):  99.91%
Mean ln(PPL(Q)/PPL(base))     :   0.004654 ±   0.000520
Mean PPL(Q)/PPL(base)         :   1.004665 ±   0.000522
Mean PPL(Q)-PPL(base)         :   0.104816 ±   0.011843

====== KL divergence statistics ======
Mean    KLD:   0.004752 ±   0.000097
Maximum KLD:   4.253447
99.9%   KLD:   0.247381
99.0%   KLD:   0.056730
95.0%   KLD:   0.017442
90.0%   KLD:   0.009450
Median  KLD:   0.001081
10.0%   KLD:   0.000010
 5.0%   KLD:   0.000001
 1.0%   KLD:  -0.000005
 0.1%   KLD:  -0.000041
Minimum KLD:  -0.000198

====== Token probability statistics ======
Mean    Δp: -0.024 ± 0.007 %
Maximum Δp: 79.919%
99.9%   Δp: 14.411%
99.0%   Δp:  5.928%
95.0%   Δp:  2.000%
90.0%   Δp:  0.913%
75.0%   Δp:  0.079%
Median  Δp: -0.000%
25.0%   Δp: -0.091%
10.0%   Δp: -0.971%
 5.0%   Δp: -2.090%
 1.0%   Δp: -5.959%
 0.1%   Δp: -17.577%
Minimum Δp: -77.595%
RMS Δp    :  2.051 ± 0.048 %
Same top p: 97.342 ± 0.056 %
Same sampled p: 52.793 ± 0.121 %

------
# llama-perplexity: version: 0.4.4-dev (build 11430, commit 9d76dc1da-dirty) | built with GNU 15.3.0 for Linux x86_64
# model: /home/crusaderky/.cache/huggingface/hub/models--bloomer010--Ling-3.0-tiny-GGUF/snapshots/56a85ebe2d6d9d2ad6ad00a5014b13667153e236/Ling-3.0-tiny-Q8_0.gguf size=8408187968 mtime=2026-08-21T21:16:40+00:00 sha256/1048576B=75fdfc6eff4f5ae2fde9e53f7edc5bed48a62c7dfb2bdb8acebcf7ce2138227b
llama-perplexity --kl-divergence-base /tmp/logits.dat --ctx-size 32768 -f sample-data/wiki.test.head-2.4k.raw -fa on --hf-repo bloomer010/Ling-3.0-tiny-GGUF:Q8_0 --cache-type-k f16 --cache-type-v f16 --kl-divergence
0.00.924.350 W load: special_eos_id is not in special_eog_ids - the tokenizer config may be incorrect
0.07.585.517 I cmn          init: llama threadpool init, n_threads = 16
0.07.651.616 I 
0.07.651.696 I system_info: n_threads = 16 (n_threads_batch = 16) / 32 | CUDA : ARCHS = 750,800,860,890,900,1000,1030,1200,1210 | USE_GRAPHS = 1 | FA_ALL_QUANTS = 1 | CPU : SSE3 = 1 | SSSE3 = 1 | AVX = 1 | AVX2 = 1 | F16C = 1 | FMA = 1 | BMI2 = 1 | LLAMAFILE = 1 | OPENMP = 1 | REPACK = 1 | 
0.07.749.785 I kl_divergence: computing over 5 chunks, n_ctx=32768, batch_size=512, n_seq=1
0.15.766.119 I kl_divergence: 8.02 seconds per pass - ETA 0.67 minutes

chunk             PPL               ln(PPL(Q)/PPL(base))          KL Divergence              Δp RMS            Same top p        Same sampled p
   1      23.2525 ±    0.6325      -0.00510 ±    0.00135       0.00721 ±    0.00024     2.557 ±  0.117 %    96.564 ±  0.142 %    52.342 ±  0.270 %
   2      24.0217 ±    0.4702      -0.00198 ±    0.00094       0.00707 ±    0.00018     2.511 ±  0.080 %    96.539 ±  0.101 %    51.835 ±  0.192 %
   3      24.9409 ±    0.3998       0.00090 ±    0.00080       0.00738 ±    0.00014     2.592 ±  0.065 %    96.340 ±  0.085 %    51.499 ±  0.156 %
   4      22.4266 ±    0.3076       0.00018 ±    0.00070       0.00765 ±    0.00016     2.652 ±  0.059 %    96.446 ±  0.072 %    52.449 ±  0.136 %
   5      22.4930 ±    0.2769       0.00108 ±    0.00064       0.00778 ±    0.00014     2.650 ±  0.050 %    96.413 ±  0.065 %    52.738 ±  0.121 %

====== Perplexity statistics ======
Mean PPL(Q)                   :  22.492988 ±   0.276938
Mean PPL(base)                :  22.468784 ±   0.276246
Cor(ln(PPL(Q)), ln(PPL(base))):  99.86%
Mean ln(PPL(Q)/PPL(base))     :   0.001077 ±   0.000642
Mean PPL(Q)/PPL(base)         :   1.001077 ±   0.000642
Mean PPL(Q)-PPL(base)         :   0.024204 ±   0.014438

====== KL divergence statistics ======
Mean    KLD:   0.007779 ±   0.000137
Maximum KLD:   4.960550
99.9%   KLD:   0.340272
99.0%   KLD:   0.084684
95.0%   KLD:   0.027771
90.0%   KLD:   0.016123
Median  KLD:   0.002307
10.0%   KLD:   0.000022
 5.0%   KLD:   0.000003
 1.0%   KLD:  -0.000001
 0.1%   KLD:  -0.000025
Minimum KLD:  -0.000184

====== Token probability statistics ======
Mean    Δp: -0.001 ± 0.009 %
Maximum Δp: 86.627%
99.9%   Δp: 19.947%
99.0%   Δp:  7.827%
95.0%   Δp:  2.818%
90.0%   Δp:  1.332%
75.0%   Δp:  0.122%
Median  Δp:  0.000%
25.0%   Δp: -0.121%
10.0%   Δp: -1.304%
 5.0%   Δp: -2.813%
 1.0%   Δp: -7.908%
 0.1%   Δp: -21.436%
Minimum Δp: -82.877%
RMS Δp    :  2.650 ± 0.050 %
Same top p: 96.413 ± 0.065 %
Same sampled p: 52.738 ± 0.121 %

------
# llama-perplexity: version: 0.4.4-dev (build 11430, commit 9d76dc1da-dirty) | built with GNU 15.3.0 for Linux x86_64
# model: /home/crusaderky/.cache/huggingface/hub/models--bloomer010--Ling-3.0-tiny-GGUF/snapshots/56a85ebe2d6d9d2ad6ad00a5014b13667153e236/Ling-3.0-tiny-UD-Q6_K_XL.gguf size=7274546528 mtime=2026-08-21T22:11:42+00:00 sha256/1048576B=cba1e21bb2847960edb7a96a14e4a569616b10df05b4c0b763c6fc373a5b1abb
llama-perplexity --kl-divergence-base /tmp/logits.dat --ctx-size 32768 -f sample-data/wiki.test.head-2.4k.raw -fa on --hf-repo bloomer010/Ling-3.0-tiny-GGUF:UD-Q6_K_XL --cache-type-k f16 --cache-type-v f16 --kl-divergence
0.00.918.247 W load: special_eos_id is not in special_eog_ids - the tokenizer config may be incorrect
0.05.976.705 I cmn          init: llama threadpool init, n_threads = 16
0.06.042.028 I 
0.06.042.100 I system_info: n_threads = 16 (n_threads_batch = 16) / 32 | CUDA : ARCHS = 750,800,860,890,900,1000,1030,1200,1210 | USE_GRAPHS = 1 | FA_ALL_QUANTS = 1 | CPU : SSE3 = 1 | SSSE3 = 1 | AVX = 1 | AVX2 = 1 | F16C = 1 | FMA = 1 | BMI2 = 1 | LLAMAFILE = 1 | OPENMP = 1 | REPACK = 1 | 
0.06.147.664 I kl_divergence: computing over 5 chunks, n_ctx=32768, batch_size=512, n_seq=1
0.15.386.958 I kl_divergence: 9.24 seconds per pass - ETA 0.77 minutes

chunk             PPL               ln(PPL(Q)/PPL(base))          KL Divergence              Δp RMS            Same top p        Same sampled p
   1      22.8981 ±    0.6219      -0.02046 ±    0.00159       0.01065 ±    0.00029     3.069 ±  0.114 %    95.593 ±  0.160 %    52.364 ±  0.270 %
   2      23.5953 ±    0.4608      -0.01989 ±    0.00114       0.01054 ±    0.00021     3.056 ±  0.075 %    95.611 ±  0.113 %    51.833 ±  0.192 %
   3      24.4979 ±    0.3920      -0.01702 ±    0.00096       0.01090 ±    0.00017     3.060 ±  0.059 %    95.412 ±  0.094 %    51.539 ±  0.156 %
   4      22.0617 ±    0.3023      -0.01622 ±    0.00085       0.01133 ±    0.00019     3.176 ±  0.058 %    95.523 ±  0.081 %    52.517 ±  0.136 %
   5      22.1278 ±    0.2721      -0.01529 ±    0.00077       0.01153 ±    0.00016     3.188 ±  0.049 %    95.482 ±  0.073 %    52.790 ±  0.121 %

====== Perplexity statistics ======
Mean PPL(Q)                   :  22.127758 ±   0.272095
Mean PPL(base)                :  22.468784 ±   0.276246
Cor(ln(PPL(Q)), ln(PPL(base))):  99.80%
Mean ln(PPL(Q)/PPL(base))     :  -0.015294 ±   0.000773
Mean PPL(Q)/PPL(base)         :   0.984822 ±   0.000762
Mean PPL(Q)-PPL(base)         :  -0.341026 ±   0.017738

====== KL divergence statistics ======
Mean    KLD:   0.011531 ±   0.000159
Maximum KLD:   4.877038
99.9%   KLD:   0.419057
99.0%   KLD:   0.118720
95.0%   KLD:   0.041525
90.0%   KLD:   0.025211
Median  KLD:   0.003845
10.0%   KLD:   0.000034
 5.0%   KLD:   0.000005
 1.0%   KLD:  -0.000002
 0.1%   KLD:  -0.000033
Minimum KLD:  -0.000162

====== Token probability statistics ======
Mean    Δp:  0.202 ± 0.011 %
Maximum Δp: 88.941%
99.9%   Δp: 25.186%
99.0%   Δp: 10.690%
95.0%   Δp:  4.235%
90.0%   Δp:  2.075%
75.0%   Δp:  0.245%
Median  Δp:  0.001%
25.0%   Δp: -0.087%
10.0%   Δp: -1.354%
 5.0%   Δp: -3.077%
 1.0%   Δp: -8.612%
 0.1%   Δp: -23.126%
Minimum Δp: -69.063%
RMS Δp    :  3.188 ± 0.049 %
Same top p: 95.482 ± 0.073 %
Same sampled p: 52.790 ± 0.121 %

------
# llama-perplexity: version: 0.4.4-dev (build 11430, commit 9d76dc1da-dirty) | built with GNU 15.3.0 for Linux x86_64
# model: /home/crusaderky/.cache/huggingface/hub/models--bloomer010--Ling-3.0-tiny-GGUF/snapshots/56a85ebe2d6d9d2ad6ad00a5014b13667153e236/Ling-3.0-tiny-Q6_K.gguf size=6499262528 mtime=2026-08-21T22:16:41+00:00 sha256/1048576B=75fdfc6eff4f5ae2fde9e53f7edc5bed48a62c7dfb2bdb8acebcf7ce2138227b
llama-perplexity --kl-divergence-base /tmp/logits.dat --ctx-size 32768 -f sample-data/wiki.test.head-2.4k.raw -fa on --hf-repo bloomer010/Ling-3.0-tiny-GGUF:Q6_K --cache-type-k f16 --cache-type-v f16 --kl-divergence
0.00.906.877 W load: special_eos_id is not in special_eog_ids - the tokenizer config may be incorrect
0.05.803.303 I cmn          init: llama threadpool init, n_threads = 16
0.05.869.721 I 
0.05.869.788 I system_info: n_threads = 16 (n_threads_batch = 16) / 32 | CUDA : ARCHS = 750,800,860,890,900,1000,1030,1200,1210 | USE_GRAPHS = 1 | FA_ALL_QUANTS = 1 | CPU : SSE3 = 1 | SSSE3 = 1 | AVX = 1 | AVX2 = 1 | F16C = 1 | FMA = 1 | BMI2 = 1 | LLAMAFILE = 1 | OPENMP = 1 | REPACK = 1 | 
0.05.968.870 I kl_divergence: computing over 5 chunks, n_ctx=32768, batch_size=512, n_seq=1
0.15.485.632 I kl_divergence: 9.52 seconds per pass - ETA 0.78 minutes

chunk             PPL               ln(PPL(Q)/PPL(base))          KL Divergence              Δp RMS            Same top p        Same sampled p
   1      23.0739 ±    0.6279      -0.01281 ±    0.00190       0.01541 ±    0.00032     3.558 ±  0.086 %    94.537 ±  0.178 %    52.274 ±  0.270 %
   2      23.8068 ±    0.4659      -0.01096 ±    0.00135       0.01536 ±    0.00025     3.632 ±  0.078 %    94.485 ±  0.126 %    51.727 ±  0.192 %
   3      24.7279 ±    0.3961      -0.00767 ±    0.00114       0.01600 ±    0.00022     3.651 ±  0.065 %    94.270 ±  0.105 %    51.376 ±  0.156 %
   4      22.3298 ±    0.3064      -0.00414 ±    0.00099       0.01636 ±    0.00022     3.748 ±  0.058 %    94.363 ±  0.090 %    52.359 ±  0.136 %
   5      22.3938 ±    0.2758      -0.00334 ±    0.00091       0.01687 ±    0.00019     3.809 ±  0.050 %    94.340 ±  0.081 %    52.649 ±  0.121 %

====== Perplexity statistics ======
Mean PPL(Q)                   :  22.393811 ±   0.275849
Mean PPL(base)                :  22.468784 ±   0.276246
Cor(ln(PPL(Q)), ln(PPL(base))):  99.72%
Mean ln(PPL(Q)/PPL(base))     :  -0.003342 ±   0.000913
Mean PPL(Q)/PPL(base)         :   0.996663 ±   0.000910
Mean PPL(Q)-PPL(base)         :  -0.074973 ±   0.020480

====== KL divergence statistics ======
Mean    KLD:   0.016873 ±   0.000186
Maximum KLD:   5.359120
99.9%   KLD:   0.543222
99.0%   KLD:   0.161024
95.0%   KLD:   0.060319
90.0%   KLD:   0.037176
Median  KLD:   0.006616
10.0%   KLD:   0.000056
 5.0%   KLD:   0.000008
 1.0%   KLD:  -0.000001
 0.1%   KLD:  -0.000034
Minimum KLD:  -0.000205

====== Token probability statistics ======
Mean    Δp:  0.063 ± 0.013 %
Maximum Δp: 85.662%
99.9%   Δp: 29.380%
99.0%   Δp: 12.379%
95.0%   Δp:  4.686%
90.0%   Δp:  2.272%
75.0%   Δp:  0.227%
Median  Δp:  0.000%
25.0%   Δp: -0.171%
10.0%   Δp: -2.069%
 5.0%   Δp: -4.407%
 1.0%   Δp: -11.321%
 0.1%   Δp: -28.869%
Minimum Δp: -85.743%
RMS Δp    :  3.809 ± 0.050 %
Same top p: 94.340 ± 0.081 %
Same sampled p: 52.649 ± 0.121 %

------
# llama-perplexity: version: 0.4.4-dev (build 11430, commit 9d76dc1da-dirty) | built with GNU 15.3.0 for Linux x86_64
# model: /home/crusaderky/.cache/huggingface/hub/models--bloomer010--Ling-3.0-tiny-GGUF/snapshots/56a85ebe2d6d9d2ad6ad00a5014b13667153e236/Ling-3.0-tiny-Q5_K_M.gguf size=5635443776 mtime=2026-08-21T22:30:16+00:00 sha256/1048576B=75fdfc6eff4f5ae2fde9e53f7edc5bed48a62c7dfb2bdb8acebcf7ce2138227b
llama-perplexity --kl-divergence-base /tmp/logits.dat --ctx-size 32768 -f sample-data/wiki.test.head-2.4k.raw -fa on --hf-repo bloomer010/Ling-3.0-tiny-GGUF:Q5_K_M --cache-type-k f16 --cache-type-v f16 --kl-divergence
0.00.899.390 W load: special_eos_id is not in special_eog_ids - the tokenizer config may be incorrect
0.05.038.871 I cmn          init: llama threadpool init, n_threads = 16
0.05.103.278 I 
0.05.103.348 I system_info: n_threads = 16 (n_threads_batch = 16) / 32 | CUDA : ARCHS = 750,800,860,890,900,1000,1030,1200,1210 | USE_GRAPHS = 1 | FA_ALL_QUANTS = 1 | CPU : SSE3 = 1 | SSSE3 = 1 | AVX = 1 | AVX2 = 1 | F16C = 1 | FMA = 1 | BMI2 = 1 | LLAMAFILE = 1 | OPENMP = 1 | REPACK = 1 | 
0.05.195.992 I kl_divergence: computing over 5 chunks, n_ctx=32768, batch_size=512, n_seq=1
0.13.451.328 I kl_divergence: 8.26 seconds per pass - ETA 0.68 minutes

chunk             PPL               ln(PPL(Q)/PPL(base))          KL Divergence              Δp RMS            Same top p        Same sampled p
   1      24.0696 ±    0.6543       0.02944 ±    0.00310       0.04028 ±    0.00066     5.790 ±  0.117 %    90.960 ±  0.224 %    51.341 ±  0.271 %
   2      24.8868 ±    0.4879       0.03340 ±    0.00220       0.04130 ±    0.00054     5.825 ±  0.088 %    90.890 ±  0.159 %    50.977 ±  0.192 %
   3      25.8027 ±    0.4141       0.03487 ±    0.00185       0.04275 ±    0.00045     5.909 ±  0.071 %    90.565 ±  0.132 %    50.604 ±  0.157 %
   4      23.3439 ±    0.3211       0.04027 ±    0.00163       0.04398 ±    0.00040     6.088 ±  0.063 %    90.608 ±  0.114 %    51.522 ±  0.136 %
   5      23.4530 ±    0.2898       0.04287 ±    0.00149       0.04567 ±    0.00037     6.207 ±  0.057 %    90.523 ±  0.102 %    51.814 ±  0.122 %

====== Perplexity statistics ======
Mean PPL(Q)                   :  23.452995 ±   0.289822
Mean PPL(base)                :  22.468784 ±   0.276246
Cor(ln(PPL(Q)), ln(PPL(base))):  99.27%
Mean ln(PPL(Q)/PPL(base))     :   0.042871 ±   0.001491
Mean PPL(Q)/PPL(base)         :   1.043803 ±   0.001556
Mean PPL(Q)-PPL(base)         :   0.984211 ±   0.036788

====== KL divergence statistics ======
Mean    KLD:   0.045675 ±   0.000375
Maximum KLD:   7.036140
99.9%   KLD:   1.220176
99.0%   KLD:   0.404517
95.0%   KLD:   0.164213
90.0%   KLD:   0.104097
Median  KLD:   0.020518
10.0%   KLD:   0.000214
 5.0%   KLD:   0.000036
 1.0%   KLD:   0.000002
 0.1%   KLD:  -0.000009
Minimum KLD:  -0.000178

====== Token probability statistics ======
Mean    Δp: -0.620 ± 0.022 %
Maximum Δp: 95.430%
99.9%   Δp: 40.483%
99.0%   Δp: 17.510%
95.0%   Δp:  6.203%
90.0%   Δp:  2.630%
75.0%   Δp:  0.133%
Median  Δp: -0.004%
25.0%   Δp: -0.696%
10.0%   Δp: -5.106%
 5.0%   Δp: -9.775%
 1.0%   Δp: -22.769%
 0.1%   Δp: -46.055%
Minimum Δp: -87.452%
RMS Δp    :  6.207 ± 0.057 %
Same top p: 90.523 ± 0.102 %
Same sampled p: 51.814 ± 0.122 %

------
# llama-perplexity: version: 0.4.4-dev (build 11430, commit 9d76dc1da-dirty) | built with GNU 15.3.0 for Linux x86_64
# model: /home/crusaderky/.cache/huggingface/hub/models--bloomer010--Ling-3.0-tiny-GGUF/snapshots/56a85ebe2d6d9d2ad6ad00a5014b13667153e236/Ling-3.0-tiny-Q5_K_S.gguf size=5482531904 mtime=2026-08-21T22:40:59+00:00 sha256/1048576B=75fdfc6eff4f5ae2fde9e53f7edc5bed48a62c7dfb2bdb8acebcf7ce2138227b
llama-perplexity --kl-divergence-base /tmp/logits.dat --ctx-size 32768 -f sample-data/wiki.test.head-2.4k.raw -fa on --hf-repo bloomer010/Ling-3.0-tiny-GGUF:Q5_K_S --cache-type-k f16 --cache-type-v f16 --kl-divergence
0.00.954.184 W load: special_eos_id is not in special_eog_ids - the tokenizer config may be incorrect
0.05.161.496 I cmn          init: llama threadpool init, n_threads = 16
0.05.224.586 I 
0.05.224.664 I system_info: n_threads = 16 (n_threads_batch = 16) / 32 | CUDA : ARCHS = 750,800,860,890,900,1000,1030,1200,1210 | USE_GRAPHS = 1 | FA_ALL_QUANTS = 1 | CPU : SSE3 = 1 | SSSE3 = 1 | AVX = 1 | AVX2 = 1 | F16C = 1 | FMA = 1 | BMI2 = 1 | LLAMAFILE = 1 | OPENMP = 1 | REPACK = 1 | 
0.05.325.238 I kl_divergence: computing over 5 chunks, n_ctx=32768, batch_size=512, n_seq=1
0.14.304.677 I kl_divergence: 8.98 seconds per pass - ETA 0.73 minutes

chunk             PPL               ln(PPL(Q)/PPL(base))          KL Divergence              Δp RMS            Same top p        Same sampled p
   1      24.0554 ±    0.6539       0.02885 ±    0.00321       0.04407 ±    0.00071     6.028 ±  0.125 %    90.600 ±  0.228 %    51.187 ±  0.271 %
   2      24.8383 ±    0.4859       0.03145 ±    0.00231       0.04520 ±    0.00055     6.105 ±  0.090 %    90.408 ±  0.163 %    50.729 ±  0.192 %
   3      25.8339 ±    0.4135       0.03608 ±    0.00196       0.04788 ±    0.00047     6.232 ±  0.074 %    89.981 ±  0.135 %    50.277 ±  0.157 %
   4      23.3526 ±    0.3204       0.04064 ±    0.00171       0.04874 ±    0.00043     6.373 ±  0.065 %    90.109 ±  0.117 %    51.245 ±  0.136 %
   5      23.4569 ±    0.2891       0.04304 ±    0.00156       0.05014 ±    0.00040     6.475 ±  0.059 %    90.132 ±  0.104 %    51.555 ±  0.122 %

====== Perplexity statistics ======
Mean PPL(Q)                   :  23.456892 ±   0.289125
Mean PPL(base)                :  22.468784 ±   0.276246
Cor(ln(PPL(Q)), ln(PPL(base))):  99.20%
Mean ln(PPL(Q)/PPL(base))     :   0.043037 ±   0.001557
Mean PPL(Q)/PPL(base)         :   1.043977 ±   0.001625
Mean PPL(Q)-PPL(base)         :   0.988107 ±   0.037985

====== KL divergence statistics ======
Mean    KLD:   0.050139 ±   0.000401
Maximum KLD:   7.055917
99.9%   KLD:   1.319124
99.0%   KLD:   0.434893
95.0%   KLD:   0.177377
90.0%   KLD:   0.114068
Median  KLD:   0.022885
10.0%   KLD:   0.000256
 5.0%   KLD:   0.000044
 1.0%   KLD:   0.000003
 0.1%   KLD:  -0.000005
Minimum KLD:  -0.000196

====== Token probability statistics ======
Mean    Δp: -0.767 ± 0.022 %
Maximum Δp: 90.788%
99.9%   Δp: 42.247%
99.0%   Δp: 17.201%
95.0%   Δp:  6.194%
90.0%   Δp:  2.587%
75.0%   Δp:  0.112%
Median  Δp: -0.006%
25.0%   Δp: -0.826%
10.0%   Δp: -5.516%
 5.0%   Δp: -10.446%
 1.0%   Δp: -24.548%
 0.1%   Δp: -48.652%
Minimum Δp: -85.648%
RMS Δp    :  6.475 ± 0.059 %
Same top p: 90.132 ± 0.104 %
Same sampled p: 51.555 ± 0.122 %

------
# llama-perplexity: version: 0.4.4-dev (build 11430, commit 9d76dc1da-dirty) | built with GNU 15.3.0 for Linux x86_64
# model: /home/crusaderky/.cache/huggingface/hub/models--bloomer010--Ling-3.0-tiny-GGUF/snapshots/56a85ebe2d6d9d2ad6ad00a5014b13667153e236/Ling-3.0-tiny-Q4_K_M.gguf size=4823895104 mtime=2026-08-21T22:49:07+00:00 sha256/1048576B=75fdfc6eff4f5ae2fde9e53f7edc5bed48a62c7dfb2bdb8acebcf7ce2138227b
llama-perplexity --kl-divergence-base /tmp/logits.dat --ctx-size 32768 -f sample-data/wiki.test.head-2.4k.raw -fa on --hf-repo bloomer010/Ling-3.0-tiny-GGUF:Q4_K_M --cache-type-k f16 --cache-type-v f16 --kl-divergence
0.00.902.093 W load: special_eos_id is not in special_eog_ids - the tokenizer config may be incorrect
0.04.493.714 I cmn          init: llama threadpool init, n_threads = 16
0.04.559.347 I 
0.04.559.422 I system_info: n_threads = 16 (n_threads_batch = 16) / 32 | CUDA : ARCHS = 750,800,860,890,900,1000,1030,1200,1210 | USE_GRAPHS = 1 | FA_ALL_QUANTS = 1 | CPU : SSE3 = 1 | SSSE3 = 1 | AVX = 1 | AVX2 = 1 | F16C = 1 | FMA = 1 | BMI2 = 1 | LLAMAFILE = 1 | OPENMP = 1 | REPACK = 1 | 
0.04.652.287 I kl_divergence: computing over 5 chunks, n_ctx=32768, batch_size=512, n_seq=1
0.12.874.178 I kl_divergence: 8.22 seconds per pass - ETA 0.68 minutes

chunk             PPL               ln(PPL(Q)/PPL(base))          KL Divergence              Δp RMS            Same top p        Same sampled p
   1      23.8545 ±    0.6558       0.02046 ±    0.00474       0.09539 ±    0.00144     8.634 ±  0.151 %    86.230 ±  0.269 %    51.345 ±  0.271 %
   2      24.9597 ±    0.4935       0.03633 ±    0.00338       0.09685 ±    0.00106     8.588 ±  0.108 %    85.943 ±  0.192 %    50.772 ±  0.193 %
   3      26.0870 ±    0.4227       0.04583 ±    0.00282       0.09989 ±    0.00087     8.656 ±  0.088 %    85.540 ±  0.159 %    50.391 ±  0.157 %
   4      23.2079 ±    0.3217       0.03443 ±    0.00245       0.10193 ±    0.00083     8.823 ±  0.079 %    85.731 ±  0.137 %    51.419 ±  0.137 %
   5      23.0610 ±    0.2860       0.02601 ±    0.00223       0.10411 ±    0.00075     8.924 ±  0.071 %    85.754 ±  0.122 %    51.591 ±  0.122 %

====== Perplexity statistics ======
Mean PPL(Q)                   :  23.060965 ±   0.285957
Mean PPL(base)                :  22.468784 ±   0.276246
Cor(ln(PPL(Q)), ln(PPL(base))):  98.37%
Mean ln(PPL(Q)/PPL(base))     :   0.026014 ±   0.002230
Mean PPL(Q)/PPL(base)         :   1.026356 ±   0.002289
Mean PPL(Q)-PPL(base)         :   0.592180 ±   0.051625

====== KL divergence statistics ======
Mean    KLD:   0.104110 ±   0.000747
Maximum KLD:  14.287729
99.9%   KLD:   2.555141
99.0%   KLD:   0.906143
95.0%   KLD:   0.369961
90.0%   KLD:   0.238979
Median  KLD:   0.049348
10.0%   KLD:   0.000481
 5.0%   KLD:   0.000079
 1.0%   KLD:   0.000005
 0.1%   KLD:  -0.000010
Minimum KLD:  -0.000165

====== Token probability statistics ======
Mean    Δp: -0.020 ± 0.031 %
Maximum Δp: 95.423%
99.9%   Δp: 62.719%
99.0%   Δp: 29.114%
95.0%   Δp: 12.138%
90.0%   Δp:  5.891%
75.0%   Δp:  0.531%
Median  Δp: -0.000%
25.0%   Δp: -0.542%
10.0%   Δp: -5.763%
 5.0%   Δp: -12.099%
 1.0%   Δp: -30.985%
 0.1%   Δp: -60.669%
Minimum Δp: -98.289%
RMS Δp    :  8.924 ± 0.071 %
Same top p: 85.754 ± 0.122 %
Same sampled p: 51.591 ± 0.122 %

------
# llama-perplexity: version: 0.4.4-dev (build 11430, commit 9d76dc1da-dirty) | built with GNU 15.3.0 for Linux x86_64
# model: /home/crusaderky/.cache/huggingface/hub/models--bloomer010--Ling-3.0-tiny-GGUF/snapshots/56a85ebe2d6d9d2ad6ad00a5014b13667153e236/Ling-3.0-tiny-Q4_K_S.gguf size=4554886208 mtime=2026-08-21T23:13:34+00:00 sha256/1048576B=75fdfc6eff4f5ae2fde9e53f7edc5bed48a62c7dfb2bdb8acebcf7ce2138227b
llama-perplexity --kl-divergence-base /tmp/logits.dat --ctx-size 32768 -f sample-data/wiki.test.head-2.4k.raw -fa on --hf-repo bloomer010/Ling-3.0-tiny-GGUF:Q4_K_S --cache-type-k f16 --cache-type-v f16 --kl-divergence
0.00.966.545 W load: special_eos_id is not in special_eog_ids - the tokenizer config may be incorrect
0.04.427.759 I cmn          init: llama threadpool init, n_threads = 16
0.04.491.178 I 
0.04.491.251 I system_info: n_threads = 16 (n_threads_batch = 16) / 32 | CUDA : ARCHS = 750,800,860,890,900,1000,1030,1200,1210 | USE_GRAPHS = 1 | FA_ALL_QUANTS = 1 | CPU : SSE3 = 1 | SSSE3 = 1 | AVX = 1 | AVX2 = 1 | F16C = 1 | FMA = 1 | BMI2 = 1 | LLAMAFILE = 1 | OPENMP = 1 | REPACK = 1 | 
0.04.585.718 I kl_divergence: computing over 5 chunks, n_ctx=32768, batch_size=512, n_seq=1
0.13.261.016 I kl_divergence: 8.68 seconds per pass - ETA 0.72 minutes

chunk             PPL               ln(PPL(Q)/PPL(base))          KL Divergence              Δp RMS            Same top p        Same sampled p
   1      23.3804 ±    0.6325       0.00039 ±    0.00483       0.09805 ±    0.00147     8.808 ±  0.157 %    85.943 ±  0.272 %    50.631 ±  0.272 %
   2      24.4210 ±    0.4753       0.01451 ±    0.00343       0.09968 ±    0.00106     8.718 ±  0.108 %    85.738 ±  0.193 %    50.093 ±  0.193 %
   3      25.5011 ±    0.4067       0.02311 ±    0.00284       0.10332 ±    0.00087     8.800 ±  0.088 %    85.385 ±  0.159 %    49.699 ±  0.157 %
   4      22.7931 ±    0.3115       0.01639 ±    0.00248       0.10458 ±    0.00081     8.952 ±  0.079 %    85.561 ±  0.137 %    50.787 ±  0.137 %
   5      22.7457 ±    0.2785       0.01225 ±    0.00225       0.10709 ±    0.00073     9.056 ±  0.071 %    85.581 ±  0.123 %    50.989 ±  0.122 %

====== Perplexity statistics ======
Mean PPL(Q)                   :  22.745723 ±   0.278499
Mean PPL(base)                :  22.468784 ±   0.276246
Cor(ln(PPL(Q)), ln(PPL(base))):  98.31%
Mean ln(PPL(Q)/PPL(base))     :   0.012250 ±   0.002255
Mean PPL(Q)/PPL(base)         :   1.012326 ±   0.002283
Mean PPL(Q)-PPL(base)         :   0.276939 ±   0.051009

====== KL divergence statistics ======
Mean    KLD:   0.107086 ±   0.000731
Maximum KLD:  11.711727
99.9%   KLD:   2.449358
99.0%   KLD:   0.903367
95.0%   KLD:   0.383868
90.0%   KLD:   0.246941
Median  KLD:   0.051933
10.0%   KLD:   0.000535
 5.0%   KLD:   0.000094
 1.0%   KLD:   0.000007
 0.1%   KLD:  -0.000006
Minimum KLD:  -0.000222

====== Token probability statistics ======
Mean    Δp: -0.444 ± 0.032 %
Maximum Δp: 94.599%
99.9%   Δp: 60.818%
99.0%   Δp: 28.252%
95.0%   Δp: 11.225%
90.0%   Δp:  5.186%
75.0%   Δp:  0.378%
Median  Δp: -0.001%
25.0%   Δp: -0.814%
10.0%   Δp: -6.967%
 5.0%   Δp: -13.609%
 1.0%   Δp: -32.208%
 0.1%   Δp: -63.657%
Minimum Δp: -96.916%
RMS Δp    :  9.056 ± 0.071 %
Same top p: 85.581 ± 0.123 %
Same sampled p: 50.989 ± 0.122 %

------
# llama-perplexity: version: 0.4.4-dev (build 11430, commit 9d76dc1da-dirty) | built with GNU 15.3.0 for Linux x86_64
# model: /home/crusaderky/.cache/huggingface/hub/models--bloomer010--Ling-3.0-tiny-GGUF/snapshots/56a85ebe2d6d9d2ad6ad00a5014b13667153e236/Ling-3.0-tiny-IQ4_XS.gguf size=4287511904 mtime=2026-08-21T23:17:13+00:00 sha256/1048576B=cba1e21bb2847960edb7a96a14e4a569616b10df05b4c0b763c6fc373a5b1abb
llama-perplexity --kl-divergence-base /tmp/logits.dat --ctx-size 32768 -f sample-data/wiki.test.head-2.4k.raw -fa on --hf-repo bloomer010/Ling-3.0-tiny-GGUF:IQ4_XS --cache-type-k f16 --cache-type-v f16 --kl-divergence
0.00.904.141 W load: special_eos_id is not in special_eog_ids - the tokenizer config may be incorrect
0.03.978.932 I cmn          init: llama threadpool init, n_threads = 16
0.04.041.214 I 
0.04.041.285 I system_info: n_threads = 16 (n_threads_batch = 16) / 32 | CUDA : ARCHS = 750,800,860,890,900,1000,1030,1200,1210 | USE_GRAPHS = 1 | FA_ALL_QUANTS = 1 | CPU : SSE3 = 1 | SSSE3 = 1 | AVX = 1 | AVX2 = 1 | F16C = 1 | FMA = 1 | BMI2 = 1 | LLAMAFILE = 1 | OPENMP = 1 | REPACK = 1 | 
0.04.133.088 I kl_divergence: computing over 5 chunks, n_ctx=32768, batch_size=512, n_seq=1
0.12.150.123 I kl_divergence: 8.02 seconds per pass - ETA 0.67 minutes

chunk             PPL               ln(PPL(Q)/PPL(base))          KL Divergence              Δp RMS            Same top p        Same sampled p
   1      24.2239 ±    0.6552       0.03583 ±    0.00486       0.10201 ±    0.00144     8.991 ±  0.155 %    86.077 ±  0.270 %    49.933 ±  0.272 %
   2      25.1882 ±    0.4904       0.04544 ±    0.00341       0.10226 ±    0.00107     8.913 ±  0.110 %    85.924 ±  0.192 %    49.499 ±  0.193 %
   3      26.1900 ±    0.4181       0.04977 ±    0.00286       0.10727 ±    0.00093     9.149 ±  0.091 %    85.501 ±  0.159 %    49.131 ±  0.157 %
   4      23.6959 ±    0.3242       0.05524 ±    0.00252       0.11057 ±    0.00083     9.470 ±  0.081 %    85.416 ±  0.138 %    50.001 ±  0.137 %
   5      23.6552 ±    0.2902       0.05146 ±    0.00229       0.11429 ±    0.00077     9.608 ±  0.072 %    85.305 ±  0.124 %    50.262 ±  0.122 %

====== Perplexity statistics ======
Mean PPL(Q)                   :  23.655177 ±   0.290160
Mean PPL(base)                :  22.468784 ±   0.276246
Cor(ln(PPL(Q)), ln(PPL(base))):  98.26%
Mean ln(PPL(Q)/PPL(base))     :   0.051455 ±   0.002293
Mean PPL(Q)/PPL(base)         :   1.052802 ±   0.002414
Mean PPL(Q)-PPL(base)         :   1.186393 ±   0.054668

====== KL divergence statistics ======
Mean    KLD:   0.114294 ±   0.000768
Maximum KLD:   8.509851
99.9%   KLD:   2.487579
99.0%   KLD:   0.960099
95.0%   KLD:   0.414253
90.0%   KLD:   0.266036
Median  KLD:   0.054943
10.0%   KLD:   0.000735
 5.0%   KLD:   0.000131
 1.0%   KLD:   0.000012
 0.1%   KLD:  -0.000000
Minimum KLD:  -0.000086

====== Token probability statistics ======
Mean    Δp: -1.248 ± 0.033 %
Maximum Δp: 99.410%
99.9%   Δp: 53.788%
99.0%   Δp: 26.331%
95.0%   Δp:  9.823%
90.0%   Δp:  4.153%
75.0%   Δp:  0.181%
Median  Δp: -0.012%
25.0%   Δp: -1.364%
10.0%   Δp: -8.873%
 5.0%   Δp: -16.551%
 1.0%   Δp: -37.590%
 0.1%   Δp: -68.379%
Minimum Δp: -98.819%
RMS Δp    :  9.608 ± 0.072 %
Same top p: 85.305 ± 0.124 %
Same sampled p: 50.262 ± 0.122 %

------
# llama-perplexity: version: 0.4.4-dev (build 11430, commit 9d76dc1da-dirty) | built with GNU 15.3.0 for Linux x86_64
# model: /home/crusaderky/.cache/huggingface/hub/models--bloomer010--Ling-3.0-tiny-GGUF/snapshots/56a85ebe2d6d9d2ad6ad00a5014b13667153e236/Ling-3.0-tiny-Q3_K_M.gguf size=3841570880 mtime=2026-08-21T23:21:59+00:00 sha256/1048576B=75fdfc6eff4f5ae2fde9e53f7edc5bed48a62c7dfb2bdb8acebcf7ce2138227b
llama-perplexity --kl-divergence-base /tmp/logits.dat --ctx-size 32768 -f sample-data/wiki.test.head-2.4k.raw -fa on --hf-repo bloomer010/Ling-3.0-tiny-GGUF:Q3_K_M --cache-type-k f16 --cache-type-v f16 --kl-divergence
0.00.967.439 W load: special_eos_id is not in special_eog_ids - the tokenizer config may be incorrect
0.04.364.092 I cmn          init: llama threadpool init, n_threads = 16
0.04.429.486 I 
0.04.429.558 I system_info: n_threads = 16 (n_threads_batch = 16) / 32 | CUDA : ARCHS = 750,800,860,890,900,1000,1030,1200,1210 | USE_GRAPHS = 1 | FA_ALL_QUANTS = 1 | CPU : SSE3 = 1 | SSSE3 = 1 | AVX = 1 | AVX2 = 1 | F16C = 1 | FMA = 1 | BMI2 = 1 | LLAMAFILE = 1 | OPENMP = 1 | REPACK = 1 | 
0.04.523.510 I kl_divergence: computing over 5 chunks, n_ctx=32768, batch_size=512, n_seq=1
0.13.530.519 I kl_divergence: 9.01 seconds per pass - ETA 0.75 minutes

chunk             PPL               ln(PPL(Q)/PPL(base))          KL Divergence              Δp RMS            Same top p        Same sampled p
   1      24.9871 ±    0.6766       0.06685 ±    0.00735       0.23026 ±    0.00310    12.947 ±  0.190 %    79.601 ±  0.315 %    48.221 ±  0.274 %
   2      26.5549 ±    0.5161       0.09828 ±    0.00531       0.24065 ±    0.00227    13.394 ±  0.137 %    78.975 ±  0.225 %    47.288 ±  0.195 %
   3      28.3312 ±    0.4523       0.12836 ±    0.00450       0.25875 ±    0.00194    13.810 ±  0.114 %    78.000 ±  0.187 %    46.573 ±  0.159 %
   4      25.9161 ±    0.3561       0.14480 ±    0.00393       0.26321 ±    0.00176    14.093 ±  0.100 %    78.102 ±  0.162 %    47.552 ±  0.138 %
   5      25.3984 ±    0.3123       0.12256 ±    0.00353       0.26468 ±    0.00160    14.052 ±  0.089 %    78.235 ±  0.144 %    47.925 ±  0.124 %

====== Perplexity statistics ======
Mean PPL(Q)                   :  25.398376 ±   0.312305
Mean PPL(base)                :  22.468784 ±   0.276246
Cor(ln(PPL(Q)), ln(PPL(base))):  95.88%
Mean ln(PPL(Q)/PPL(base))     :   0.122558 ±   0.003530
Mean PPL(Q)/PPL(base)         :   1.130385 ±   0.003991
Mean PPL(Q)-PPL(base)         :   2.929592 ±   0.091721

====== KL divergence statistics ======
Mean    KLD:   0.264678 ±   0.001597
Maximum KLD:  17.179909
99.9%   KLD:   4.745729
99.0%   KLD:   2.223200
95.0%   KLD:   0.973246
90.0%   KLD:   0.631666
Median  KLD:   0.130442
10.0%   KLD:   0.001744
 5.0%   KLD:   0.000304
 1.0%   KLD:   0.000022
 0.1%   KLD:   0.000000
Minimum KLD:  -0.000116

====== Token probability statistics ======
Mean    Δp: -2.237 ± 0.048 %
Maximum Δp: 98.247%
99.9%   Δp: 71.182%
99.0%   Δp: 36.127%
95.0%   Δp: 13.916%
90.0%   Δp:  5.971%
75.0%   Δp:  0.264%
Median  Δp: -0.017%
25.0%   Δp: -2.240%
10.0%   Δp: -14.404%
 5.0%   Δp: -26.701%
 1.0%   Δp: -57.974%
 0.1%   Δp: -88.911%
Minimum Δp: -99.718%
RMS Δp    : 14.052 ± 0.089 %
Same top p: 78.235 ± 0.144 %
Same sampled p: 47.925 ± 0.124 %

------
# llama-perplexity: version: 0.4.4-dev (build 11430, commit 9d76dc1da-dirty) | built with GNU 15.3.0 for Linux x86_64
# model: /home/crusaderky/.cache/huggingface/hub/models--bartowski--Ling-3.0-tiny-GGUF/snapshots/ea072726af0d2e8ba325b2f90fc0efa762105a91/Ling-3.0-tiny-Q8_0.gguf size=8409487552 mtime=2026-08-21T23:36:36+00:00 sha256/1048576B=01be6a34ed40f674dcac10bc80b57d7f57954b522781a884a9194fbfb37b72dc
llama-perplexity --kl-divergence-base /tmp/logits.dat --ctx-size 32768 -f sample-data/wiki.test.head-2.4k.raw -fa on --hf-repo bartowski/Ling-3.0-tiny-GGUF:Q8_0 --cache-type-k f16 --cache-type-v f16 --kl-divergence
0.00.907.007 W load: special_eos_id is not in special_eog_ids - the tokenizer config may be incorrect
0.07.395.376 I cmn          init: llama threadpool init, n_threads = 16
0.07.460.590 I 
0.07.460.661 I system_info: n_threads = 16 (n_threads_batch = 16) / 32 | CUDA : ARCHS = 750,800,860,890,900,1000,1030,1200,1210 | USE_GRAPHS = 1 | FA_ALL_QUANTS = 1 | CPU : SSE3 = 1 | SSSE3 = 1 | AVX = 1 | AVX2 = 1 | F16C = 1 | FMA = 1 | BMI2 = 1 | LLAMAFILE = 1 | OPENMP = 1 | REPACK = 1 | 
0.07.556.222 I kl_divergence: computing over 5 chunks, n_ctx=32768, batch_size=512, n_seq=1
0.15.605.894 I kl_divergence: 8.05 seconds per pass - ETA 0.67 minutes

chunk             PPL               ln(PPL(Q)/PPL(base))          KL Divergence              Δp RMS            Same top p        Same sampled p
   1      23.3237 ±    0.6349      -0.00204 ±    0.00129       0.00677 ±    0.00019     2.427 ±  0.109 %    96.557 ±  0.142 %    52.361 ±  0.270 %
   2      23.9897 ±    0.4697      -0.00331 ±    0.00093       0.00699 ±    0.00019     2.490 ±  0.085 %    96.631 ±  0.100 %    51.860 ±  0.192 %
   3      24.9530 ±    0.4003       0.00139 ±    0.00080       0.00733 ±    0.00016     2.553 ±  0.071 %    96.366 ±  0.084 %    51.535 ±  0.156 %
   4      22.4545 ±    0.3083       0.00142 ±    0.00070       0.00753 ±    0.00014     2.613 ±  0.060 %    96.509 ±  0.072 %    52.500 ±  0.136 %
   5      22.5101 ±    0.2774       0.00184 ±    0.00064       0.00778 ±    0.00013     2.669 ±  0.052 %    96.406 ±  0.065 %    52.774 ±  0.121 %

====== Perplexity statistics ======
Mean PPL(Q)                   :  22.510124 ±   0.277374
Mean PPL(base)                :  22.468784 ±   0.276246
Cor(ln(PPL(Q)), ln(PPL(base))):  99.86%
Mean ln(PPL(Q)/PPL(base))     :   0.001838 ±   0.000644
Mean PPL(Q)/PPL(base)         :   1.001840 ±   0.000645
Mean PPL(Q)-PPL(base)         :   0.041340 ±   0.014514

====== KL divergence statistics ======
Mean    KLD:   0.007784 ±   0.000126
Maximum KLD:   4.011337
99.9%   KLD:   0.322267
99.0%   KLD:   0.085358
95.0%   KLD:   0.027863
90.0%   KLD:   0.016143
Median  KLD:   0.002315
10.0%   KLD:   0.000021
 5.0%   KLD:   0.000003
 1.0%   KLD:  -0.000002
 0.1%   KLD:  -0.000033
Minimum KLD:  -0.000176

====== Token probability statistics ======
Mean    Δp:  0.037 ± 0.009 %
Maximum Δp: 85.523%
99.9%   Δp: 21.153%
99.0%   Δp:  7.847%
95.0%   Δp:  2.914%
90.0%   Δp:  1.389%
75.0%   Δp:  0.138%
Median  Δp:  0.000%
25.0%   Δp: -0.106%
10.0%   Δp: -1.253%
 5.0%   Δp: -2.705%
 1.0%   Δp: -7.569%
 0.1%   Δp: -20.867%
Minimum Δp: -67.129%
RMS Δp    :  2.669 ± 0.052 %
Same top p: 96.406 ± 0.065 %
Same sampled p: 52.774 ± 0.121 %

------
# llama-perplexity: version: 0.4.4-dev (build 11430, commit 9d76dc1da-dirty) | built with GNU 15.3.0 for Linux x86_64
# model: /home/crusaderky/.cache/huggingface/hub/models--bartowski--Ling-3.0-tiny-GGUF/snapshots/ea072726af0d2e8ba325b2f90fc0efa762105a91/Ling-3.0-tiny-Q6_K_L.gguf size=6956021056 mtime=2026-08-21T23:40:26+00:00 sha256/1048576B=01be6a34ed40f674dcac10bc80b57d7f57954b522781a884a9194fbfb37b72dc
llama-perplexity --kl-divergence-base /tmp/logits.dat --ctx-size 32768 -f sample-data/wiki.test.head-2.4k.raw -fa on --hf-repo bartowski/Ling-3.0-tiny-GGUF:Q6_K_L --cache-type-k f16 --cache-type-v f16 --kl-divergence
0.00.917.531 W load: special_eos_id is not in special_eog_ids - the tokenizer config may be incorrect
0.06.303.599 I cmn          init: llama threadpool init, n_threads = 16
0.06.370.663 I 
0.06.370.741 I system_info: n_threads = 16 (n_threads_batch = 16) / 32 | CUDA : ARCHS = 750,800,860,890,900,1000,1030,1200,1210 | USE_GRAPHS = 1 | FA_ALL_QUANTS = 1 | CPU : SSE3 = 1 | SSSE3 = 1 | AVX = 1 | AVX2 = 1 | F16C = 1 | FMA = 1 | BMI2 = 1 | LLAMAFILE = 1 | OPENMP = 1 | REPACK = 1 | 
0.06.467.502 I kl_divergence: computing over 5 chunks, n_ctx=32768, batch_size=512, n_seq=1
0.14.752.694 I kl_divergence: 8.29 seconds per pass - ETA 0.68 minutes

chunk             PPL               ln(PPL(Q)/PPL(base))          KL Divergence              Δp RMS            Same top p        Same sampled p
   1      23.1297 ±    0.6301      -0.01039 ±    0.00162       0.01087 ±    0.00031     3.178 ±  0.111 %    95.355 ±  0.164 %    52.415 ±  0.270 %
   2      23.8887 ±    0.4679      -0.00753 ±    0.00113       0.01035 ±    0.00022     3.055 ±  0.082 %    95.620 ±  0.113 %    51.879 ±  0.192 %
   3      24.8142 ±    0.3979      -0.00419 ±    0.00095       0.01054 ±    0.00016     3.005 ±  0.060 %    95.387 ±  0.095 %    51.534 ±  0.156 %
   4      22.3415 ±    0.3067      -0.00362 ±    0.00083       0.01077 ±    0.00017     3.069 ±  0.054 %    95.489 ±  0.081 %    52.495 ±  0.136 %
   5      22.3664 ±    0.2754      -0.00457 ±    0.00075       0.01103 ±    0.00014     3.113 ±  0.045 %    95.511 ±  0.072 %    52.762 ±  0.121 %

====== Perplexity statistics ======
Mean PPL(Q)                   :  22.366407 ±   0.275357
Mean PPL(base)                :  22.468784 ±   0.276246
Cor(ln(PPL(Q)), ln(PPL(base))):  99.81%
Mean ln(PPL(Q)/PPL(base))     :  -0.004567 ±   0.000753
Mean PPL(Q)/PPL(base)         :   0.995444 ±   0.000750
Mean PPL(Q)-PPL(base)         :  -0.102377 ±   0.016904

====== KL divergence statistics ======
Mean    KLD:   0.011026 ±   0.000141
Maximum KLD:   4.470664
99.9%   KLD:   0.420285
99.0%   KLD:   0.113420
95.0%   KLD:   0.040272
90.0%   KLD:   0.024034
Median  KLD:   0.003744
10.0%   KLD:   0.000034
 5.0%   KLD:   0.000004
 1.0%   KLD:  -0.000002
 0.1%   KLD:  -0.000035
Minimum KLD:  -0.000204

====== Token probability statistics ======
Mean    Δp:  0.096 ± 0.011 %
Maximum Δp: 77.696%
99.9%   Δp: 23.831%
99.0%   Δp: 10.065%
95.0%   Δp:  3.790%
90.0%   Δp:  1.854%
75.0%   Δp:  0.195%
Median  Δp:  0.000%
25.0%   Δp: -0.116%
10.0%   Δp: -1.484%
 5.0%   Δp: -3.284%
 1.0%   Δp: -9.003%
 0.1%   Δp: -23.788%
Minimum Δp: -88.498%
RMS Δp    :  3.113 ± 0.045 %
Same top p: 95.511 ± 0.072 %
Same sampled p: 52.762 ± 0.121 %

------
# llama-perplexity: version: 0.4.4-dev (build 11430, commit 9d76dc1da-dirty) | built with GNU 15.3.0 for Linux x86_64
# model: /home/crusaderky/.cache/huggingface/hub/models--bartowski--Ling-3.0-tiny-GGUF/snapshots/ea072726af0d2e8ba325b2f90fc0efa762105a91/Ling-3.0-tiny-Q5_K_L.gguf size=5865441472 mtime=2026-08-21T23:45:37+00:00 sha256/1048576B=01be6a34ed40f674dcac10bc80b57d7f57954b522781a884a9194fbfb37b72dc
llama-perplexity --kl-divergence-base /tmp/logits.dat --ctx-size 32768 -f sample-data/wiki.test.head-2.4k.raw -fa on --hf-repo bartowski/Ling-3.0-tiny-GGUF:Q5_K_L --cache-type-k f16 --cache-type-v f16 --kl-divergence
0.00.950.517 W load: special_eos_id is not in special_eog_ids - the tokenizer config may be incorrect
0.06.121.003 I cmn          init: llama threadpool init, n_threads = 16
0.06.184.775 I 
0.06.184.852 I system_info: n_threads = 16 (n_threads_batch = 16) / 32 | CUDA : ARCHS = 750,800,860,890,900,1000,1030,1200,1210 | USE_GRAPHS = 1 | FA_ALL_QUANTS = 1 | CPU : SSE3 = 1 | SSSE3 = 1 | AVX = 1 | AVX2 = 1 | F16C = 1 | FMA = 1 | BMI2 = 1 | LLAMAFILE = 1 | OPENMP = 1 | REPACK = 1 | 
0.06.278.853 I kl_divergence: computing over 5 chunks, n_ctx=32768, batch_size=512, n_seq=1
0.14.509.377 I kl_divergence: 8.23 seconds per pass - ETA 0.68 minutes

chunk             PPL               ln(PPL(Q)/PPL(base))          KL Divergence              Δp RMS            Same top p        Same sampled p
   1      23.1882 ±    0.6279      -0.00787 ±    0.00215       0.01929 ±    0.00034     3.972 ±  0.089 %    93.939 ±  0.186 %    51.943 ±  0.270 %
   2      23.9814 ±    0.4672      -0.00366 ±    0.00153       0.01994 ±    0.00028     4.104 ±  0.075 %    93.707 ±  0.134 %    51.414 ±  0.192 %
   3      24.9485 ±    0.3986       0.00121 ±    0.00131       0.02117 ±    0.00025     4.179 ±  0.062 %    93.510 ±  0.111 %    51.113 ±  0.156 %
   4      22.5348 ±    0.3084       0.00500 ±    0.00114       0.02141 ±    0.00023     4.227 ±  0.054 %    93.533 ±  0.096 %    52.088 ±  0.136 %
   5      22.5878 ±    0.2776       0.00528 ±    0.00105       0.02227 ±    0.00023     4.318 ±  0.048 %    93.433 ±  0.087 %    52.375 ±  0.121 %

====== Perplexity statistics ======
Mean PPL(Q)                   :  22.587836 ±   0.277605
Mean PPL(base)                :  22.468784 ±   0.276246
Cor(ln(PPL(Q)), ln(PPL(base))):  99.63%
Mean ln(PPL(Q)/PPL(base))     :   0.005285 ±   0.001054
Mean PPL(Q)/PPL(base)         :   1.005299 ±   0.001060
Mean PPL(Q)-PPL(base)         :   0.119052 ±   0.023785

====== KL divergence statistics ======
Mean    KLD:   0.022267 ±   0.000225
Maximum KLD:   7.259815
99.9%   KLD:   0.676502
99.0%   KLD:   0.211892
95.0%   KLD:   0.080896
90.0%   KLD:   0.049765
Median  KLD:   0.008741
10.0%   KLD:   0.000093
 5.0%   KLD:   0.000015
 1.0%   KLD:   0.000001
 0.1%   KLD:  -0.000013
Minimum KLD:  -0.000157

====== Token probability statistics ======
Mean    Δp: -0.176 ± 0.015 %
Maximum Δp: 79.872%
99.9%   Δp: 30.808%
99.0%   Δp: 12.984%
95.0%   Δp:  4.795%
90.0%   Δp:  2.177%
75.0%   Δp:  0.164%
Median  Δp: -0.000%
25.0%   Δp: -0.319%
10.0%   Δp: -2.824%
 5.0%   Δp: -5.643%
 1.0%   Δp: -14.507%
 0.1%   Δp: -35.009%
Minimum Δp: -80.645%
RMS Δp    :  4.318 ± 0.048 %
Same top p: 93.433 ± 0.087 %
Same sampled p: 52.375 ± 0.121 %

------
# llama-perplexity: version: 0.4.4-dev (build 11430, commit 9d76dc1da-dirty) | built with GNU 15.3.0 for Linux x86_64
# model: /home/crusaderky/.cache/huggingface/hub/models--bartowski--Ling-3.0-tiny-GGUF/snapshots/ea072726af0d2e8ba325b2f90fc0efa762105a91/Ling-3.0-tiny-Q5_K_S.gguf size=5548822720 mtime=2026-08-21T23:50:40+00:00 sha256/1048576B=01be6a34ed40f674dcac10bc80b57d7f57954b522781a884a9194fbfb37b72dc
llama-perplexity --kl-divergence-base /tmp/logits.dat --ctx-size 32768 -f sample-data/wiki.test.head-2.4k.raw -fa on --hf-repo bartowski/Ling-3.0-tiny-GGUF:Q5_K_S --cache-type-k f16 --cache-type-v f16 --kl-divergence
0.00.931.163 W load: special_eos_id is not in special_eog_ids - the tokenizer config may be incorrect
0.05.460.709 I cmn          init: llama threadpool init, n_threads = 16
0.05.523.148 I 
0.05.523.226 I system_info: n_threads = 16 (n_threads_batch = 16) / 32 | CUDA : ARCHS = 750,800,860,890,900,1000,1030,1200,1210 | USE_GRAPHS = 1 | FA_ALL_QUANTS = 1 | CPU : SSE3 = 1 | SSSE3 = 1 | AVX = 1 | AVX2 = 1 | F16C = 1 | FMA = 1 | BMI2 = 1 | LLAMAFILE = 1 | OPENMP = 1 | REPACK = 1 | 
0.05.630.953 I kl_divergence: computing over 5 chunks, n_ctx=32768, batch_size=512, n_seq=1
0.13.969.765 I kl_divergence: 8.34 seconds per pass - ETA 0.68 minutes

chunk             PPL               ln(PPL(Q)/PPL(base))          KL Divergence              Δp RMS            Same top p        Same sampled p
   1      23.7032 ±    0.6430       0.01410 ±    0.00272       0.03090 ±    0.00052     5.074 ±  0.106 %    92.395 ±  0.207 %    51.628 ±  0.270 %
   2      24.5760 ±    0.4795       0.02083 ±    0.00195       0.03208 ±    0.00040     5.180 ±  0.078 %    92.068 ±  0.149 %    51.046 ±  0.192 %
   3      25.5507 ±    0.4086       0.02506 ±    0.00165       0.03369 ±    0.00036     5.284 ±  0.068 %    91.713 ±  0.124 %    50.732 ±  0.157 %
   4      23.0158 ±    0.3152       0.02612 ±    0.00143       0.03387 ±    0.00032     5.363 ±  0.061 %    91.818 ±  0.107 %    51.707 ±  0.136 %
   5      23.0766 ±    0.2836       0.02669 ±    0.00132       0.03507 ±    0.00029     5.480 ±  0.055 %    91.799 ±  0.096 %    51.951 ±  0.122 %

====== Perplexity statistics ======
Mean PPL(Q)                   :  23.076592 ±   0.283625
Mean PPL(base)                :  22.468784 ±   0.276246
Cor(ln(PPL(Q)), ln(PPL(base))):  99.43%
Mean ln(PPL(Q)/PPL(base))     :   0.026692 ±   0.001317
Mean PPL(Q)/PPL(base)         :   1.027051 ±   0.001353
Mean PPL(Q)-PPL(base)         :   0.607808 ±   0.030884

====== KL divergence statistics ======
Mean    KLD:   0.035073 ±   0.000293
Maximum KLD:   4.127645
99.9%   KLD:   0.980144
99.0%   KLD:   0.329729
95.0%   KLD:   0.127790
90.0%   KLD:   0.079779
Median  KLD:   0.014724
10.0%   KLD:   0.000158
 5.0%   KLD:   0.000028
 1.0%   KLD:   0.000002
 0.1%   KLD:  -0.000011
Minimum KLD:  -0.000205

====== Token probability statistics ======
Mean    Δp: -0.532 ± 0.019 %
Maximum Δp: 78.114%
99.9%   Δp: 36.444%
99.0%   Δp: 14.923%
95.0%   Δp:  5.317%
90.0%   Δp:  2.288%
75.0%   Δp:  0.120%
Median  Δp: -0.003%
25.0%   Δp: -0.580%
10.0%   Δp: -4.235%
 5.0%   Δp: -8.233%
 1.0%   Δp: -20.266%
 0.1%   Δp: -42.858%
Minimum Δp: -89.476%
RMS Δp    :  5.480 ± 0.055 %
Same top p: 91.799 ± 0.096 %
Same sampled p: 51.951 ± 0.122 %

------
# llama-perplexity: version: 0.4.4-dev (build 11430, commit 9d76dc1da-dirty) | built with GNU 15.3.0 for Linux x86_64
# model: /home/crusaderky/.cache/huggingface/hub/models--bartowski--Ling-3.0-tiny-GGUF/snapshots/ea072726af0d2e8ba325b2f90fc0efa762105a91/Ling-3.0-tiny-Q4_K_L.gguf size=5096544448 mtime=2026-08-21T23:53:09+00:00 sha256/1048576B=01be6a34ed40f674dcac10bc80b57d7f57954b522781a884a9194fbfb37b72dc
llama-perplexity --kl-divergence-base /tmp/logits.dat --ctx-size 32768 -f sample-data/wiki.test.head-2.4k.raw -fa on --hf-repo bartowski/Ling-3.0-tiny-GGUF:Q4_K_L --cache-type-k f16 --cache-type-v f16 --kl-divergence
0.00.931.216 W load: special_eos_id is not in special_eog_ids - the tokenizer config may be incorrect
0.04.940.623 I cmn          init: llama threadpool init, n_threads = 16
0.05.004.361 I 
0.05.004.428 I system_info: n_threads = 16 (n_threads_batch = 16) / 32 | CUDA : ARCHS = 750,800,860,890,900,1000,1030,1200,1210 | USE_GRAPHS = 1 | FA_ALL_QUANTS = 1 | CPU : SSE3 = 1 | SSSE3 = 1 | AVX = 1 | AVX2 = 1 | F16C = 1 | FMA = 1 | BMI2 = 1 | LLAMAFILE = 1 | OPENMP = 1 | REPACK = 1 | 
0.05.092.950 I kl_divergence: computing over 5 chunks, n_ctx=32768, batch_size=512, n_seq=1
0.13.614.802 I kl_divergence: 8.52 seconds per pass - ETA 0.70 minutes

chunk             PPL               ln(PPL(Q)/PPL(base))          KL Divergence              Δp RMS            Same top p        Same sampled p
   1      23.9578 ±    0.6474       0.02478 ±    0.00340       0.04888 ±    0.00084     6.271 ±  0.133 %    90.551 ±  0.229 %    51.002 ±  0.271 %
   2      24.9478 ±    0.4863       0.03585 ±    0.00240       0.04968 ±    0.00065     6.340 ±  0.093 %    90.115 ±  0.165 %    50.569 ±  0.193 %
   3      25.7954 ±    0.4118       0.03459 ±    0.00200       0.05114 ±    0.00052     6.406 ±  0.076 %    89.780 ±  0.137 %    50.266 ±  0.157 %
   4      23.2438 ±    0.3176       0.03597 ±    0.00175       0.05225 ±    0.00045     6.555 ±  0.066 %    89.811 ±  0.118 %    51.164 ±  0.136 %
   5      23.2239 ±    0.2845       0.03305 ±    0.00160       0.05446 ±    0.00043     6.728 ±  0.060 %    89.723 ±  0.106 %    51.399 ±  0.122 %

====== Perplexity statistics ======
Mean PPL(Q)                   :  23.223882 ±   0.284452
Mean PPL(base)                :  22.468784 ±   0.276246
Cor(ln(PPL(Q)), ln(PPL(base))):  99.15%
Mean ln(PPL(Q)/PPL(base))     :   0.033054 ±   0.001597
Mean PPL(Q)/PPL(base)         :   1.033607 ±   0.001651
Mean PPL(Q)-PPL(base)         :   0.755098 ±   0.037382

====== KL divergence statistics ======
Mean    KLD:   0.054463 ±   0.000427
Maximum KLD:   8.393538
99.9%   KLD:   1.465386
99.0%   KLD:   0.483617
95.0%   KLD:   0.197712
90.0%   KLD:   0.124702
Median  KLD:   0.024052
10.0%   KLD:   0.000282
 5.0%   KLD:   0.000048
 1.0%   KLD:   0.000003
 0.1%   KLD:  -0.000004
Minimum KLD:  -0.000147

====== Token probability statistics ======
Mean    Δp: -0.854 ± 0.023 %
Maximum Δp: 93.682%
99.9%   Δp: 39.851%
99.0%   Δp: 17.890%
95.0%   Δp:  6.252%
90.0%   Δp:  2.579%
75.0%   Δp:  0.113%
Median  Δp: -0.007%
25.0%   Δp: -0.878%
10.0%   Δp: -5.910%
 5.0%   Δp: -11.061%
 1.0%   Δp: -25.324%
 0.1%   Δp: -50.244%
Minimum Δp: -93.375%
RMS Δp    :  6.728 ± 0.060 %
Same top p: 89.723 ± 0.106 %
Same sampled p: 51.399 ± 0.122 %

------
# llama-perplexity: version: 0.4.4-dev (build 11430, commit 9d76dc1da-dirty) | built with GNU 15.3.0 for Linux x86_64
# model: /home/crusaderky/.cache/huggingface/hub/models--bartowski--Ling-3.0-tiny-GGUF/snapshots/ea072726af0d2e8ba325b2f90fc0efa762105a91/Ling-3.0-tiny-Q4_K_S.gguf size=4752449728 mtime=2026-08-21T23:57:54+00:00 sha256/1048576B=01be6a34ed40f674dcac10bc80b57d7f57954b522781a884a9194fbfb37b72dc
llama-perplexity --kl-divergence-base /tmp/logits.dat --ctx-size 32768 -f sample-data/wiki.test.head-2.4k.raw -fa on --hf-repo bartowski/Ling-3.0-tiny-GGUF:Q4_K_S --cache-type-k f16 --cache-type-v f16 --kl-divergence
0.00.948.270 W load: special_eos_id is not in special_eog_ids - the tokenizer config may be incorrect
0.05.337.033 I cmn          init: llama threadpool init, n_threads = 16
0.05.402.987 I 
0.05.403.080 I system_info: n_threads = 16 (n_threads_batch = 16) / 32 | CUDA : ARCHS = 750,800,860,890,900,1000,1030,1200,1210 | USE_GRAPHS = 1 | FA_ALL_QUANTS = 1 | CPU : SSE3 = 1 | SSSE3 = 1 | AVX = 1 | AVX2 = 1 | F16C = 1 | FMA = 1 | BMI2 = 1 | LLAMAFILE = 1 | OPENMP = 1 | REPACK = 1 | 
0.05.501.143 I kl_divergence: computing over 5 chunks, n_ctx=32768, batch_size=512, n_seq=1
0.13.684.697 I kl_divergence: 8.18 seconds per pass - ETA 0.67 minutes

chunk             PPL               ln(PPL(Q)/PPL(base))          KL Divergence              Δp RMS            Same top p        Same sampled p
   1      24.3991 ±    0.6648       0.04303 ±    0.00418       0.07291 ±    0.00115     7.616 ±  0.142 %    88.244 ±  0.252 %    50.840 ±  0.272 %
   2      25.3306 ±    0.4970       0.05108 ±    0.00293       0.07357 ±    0.00088     7.606 ±  0.100 %    87.966 ±  0.180 %    50.479 ±  0.193 %
   3      26.1653 ±    0.4202       0.04883 ±    0.00243       0.07533 ±    0.00072     7.694 ±  0.084 %    87.568 ±  0.149 %    50.180 ±  0.157 %
   4      23.4721 ±    0.3228       0.04575 ±    0.00212       0.07558 ±    0.00063     7.826 ±  0.074 %    87.778 ±  0.128 %    51.142 ±  0.137 %
   5      23.5405 ±    0.2907       0.04659 ±    0.00193       0.07852 ±    0.00059     7.983 ±  0.066 %    87.674 ±  0.115 %    51.388 ±  0.122 %

====== Perplexity statistics ======
Mean PPL(Q)                   :  23.540477 ±   0.290711
Mean PPL(base)                :  22.468784 ±   0.276246
Cor(ln(PPL(Q)), ln(PPL(base))):  98.77%
Mean ln(PPL(Q)/PPL(base))     :   0.046594 ±   0.001932
Mean PPL(Q)/PPL(base)         :   1.047697 ±   0.002024
Mean PPL(Q)-PPL(base)         :   1.071693 ±   0.046715

====== KL divergence statistics ======
Mean    KLD:   0.078522 ±   0.000587
Maximum KLD:   9.273662
99.9%   KLD:   2.027439
99.0%   KLD:   0.701138
95.0%   KLD:   0.285735
90.0%   KLD:   0.180303
Median  KLD:   0.035058
10.0%   KLD:   0.000321
 5.0%   KLD:   0.000053
 1.0%   KLD:   0.000003
 0.1%   KLD:  -0.000008
Minimum KLD:  -0.000094

====== Token probability statistics ======
Mean    Δp: -0.648 ± 0.028 %
Maximum Δp: 96.166%
99.9%   Δp: 52.632%
99.0%   Δp: 23.600%
95.0%   Δp:  8.642%
90.0%   Δp:  3.754%
75.0%   Δp:  0.226%
Median  Δp: -0.002%
25.0%   Δp: -0.780%
10.0%   Δp: -6.464%
 5.0%   Δp: -12.432%
 1.0%   Δp: -29.136%
 0.1%   Δp: -58.537%
Minimum Δp: -95.278%
RMS Δp    :  7.983 ± 0.066 %
Same top p: 87.674 ± 0.115 %
Same sampled p: 51.388 ± 0.122 %

------
# llama-perplexity: version: 0.4.4-dev (build 11430, commit 9d76dc1da-dirty) | built with GNU 15.3.0 for Linux x86_64
# model: /home/crusaderky/.cache/huggingface/hub/models--bartowski--Ling-3.0-tiny-GGUF/snapshots/ea072726af0d2e8ba325b2f90fc0efa762105a91/Ling-3.0-tiny-Q3_K_XL.gguf size=4125490240 mtime=2026-08-22T00:02:13+00:00 sha256/1048576B=01be6a34ed40f674dcac10bc80b57d7f57954b522781a884a9194fbfb37b72dc
llama-perplexity --kl-divergence-base /tmp/logits.dat --ctx-size 32768 -f sample-data/wiki.test.head-2.4k.raw -fa on --hf-repo bartowski/Ling-3.0-tiny-GGUF:Q3_K_XL --cache-type-k f16 --cache-type-v f16 --kl-divergence
0.00.900.595 W load: special_eos_id is not in special_eog_ids - the tokenizer config may be incorrect
0.04.186.001 I cmn          init: llama threadpool init, n_threads = 16
0.04.250.838 I 
0.04.250.905 I system_info: n_threads = 16 (n_threads_batch = 16) / 32 | CUDA : ARCHS = 750,800,860,890,900,1000,1030,1200,1210 | USE_GRAPHS = 1 | FA_ALL_QUANTS = 1 | CPU : SSE3 = 1 | SSSE3 = 1 | AVX = 1 | AVX2 = 1 | F16C = 1 | FMA = 1 | BMI2 = 1 | LLAMAFILE = 1 | OPENMP = 1 | REPACK = 1 | 
0.04.349.338 I kl_divergence: computing over 5 chunks, n_ctx=32768, batch_size=512, n_seq=1
0.13.098.279 I kl_divergence: 8.75 seconds per pass - ETA 0.72 minutes

chunk             PPL               ln(PPL(Q)/PPL(base))          KL Divergence              Δp RMS            Same top p        Same sampled p
   1      24.2805 ±    0.6581       0.03816 ±    0.00655       0.18339 ±    0.00251    11.648 ±  0.184 %    81.432 ±  0.304 %    49.007 ±  0.274 %
   2      25.2837 ±    0.4908       0.04922 ±    0.00473       0.19402 ±    0.00189    11.917 ±  0.129 %    80.877 ±  0.217 %    48.193 ±  0.195 %
   3      26.7324 ±    0.4253       0.07027 ±    0.00397       0.20324 ±    0.00157    12.146 ±  0.106 %    80.266 ±  0.180 %    47.636 ±  0.159 %
   4      24.5239 ±    0.3356       0.08958 ±    0.00349       0.20785 ±    0.00141    12.503 ±  0.094 %    80.408 ±  0.155 %    48.556 ±  0.138 %
   5      24.4359 ±    0.2996       0.08392 ±    0.00315       0.21180 ±    0.00130    12.618 ±  0.084 %    80.343 ±  0.139 %    48.799 ±  0.124 %

====== Perplexity statistics ======
Mean PPL(Q)                   :  24.435857 ±   0.299616
Mean PPL(base)                :  22.468784 ±   0.276246
Cor(ln(PPL(Q)), ln(PPL(base))):  96.70%
Mean ln(PPL(Q)/PPL(base))     :   0.083925 ±   0.003153
Mean PPL(Q)/PPL(base)         :   1.087547 ±   0.003429
Mean PPL(Q)-PPL(base)         :   1.967072 ±   0.077487

====== KL divergence statistics ======
Mean    KLD:   0.211804 ±   0.001298
Maximum KLD:  15.895902
99.9%   KLD:   4.000080
99.0%   KLD:   1.719860
95.0%   KLD:   0.774823
90.0%   KLD:   0.505962
Median  KLD:   0.104502
10.0%   KLD:   0.001189
 5.0%   KLD:   0.000212
 1.0%   KLD:   0.000016
 0.1%   KLD:   0.000000
Minimum KLD:  -0.000137

====== Token probability statistics ======
Mean    Δp: -1.675 ± 0.044 %
Maximum Δp: 97.605%
99.9%   Δp: 69.116%
99.0%   Δp: 35.195%
95.0%   Δp: 13.077%
90.0%   Δp:  5.620%
75.0%   Δp:  0.259%
Median  Δp: -0.013%
25.0%   Δp: -1.819%
10.0%   Δp: -12.136%
 5.0%   Δp: -22.590%
 1.0%   Δp: -50.300%
 0.1%   Δp: -83.126%
Minimum Δp: -99.884%
RMS Δp    : 12.618 ± 0.084 %
Same top p: 80.343 ± 0.139 %
Same sampled p: 48.799 ± 0.124 %

------------------------------
# llama-perplexity: version: 0.4.4-dev (build 11430, commit 9d76dc1da-dirty) | built with GNU 15.3.0 for Linux x86_64
# model: /home/crusaderky/.cache/huggingface/hub/models--bloomer010--Ling-3.0-tiny-GGUF/snapshots/56a85ebe2d6d9d2ad6ad00a5014b13667153e236/Ling-3.0-tiny-UD-Q8_K_XL.gguf size=11188839488 mtime=2026-08-21T22:08:10+00:00 sha256/1048576B=75fdfc6eff4f5ae2fde9e53f7edc5bed48a62c7dfb2bdb8acebcf7ce2138227b
llama-perplexity --kl-divergence-base /tmp/logits.dat --ctx-size 32768 -f sample-data/wiki.test.head-2.4k.raw -fa on --hf-repo bloomer010/Ling-3.0-tiny-GGUF:UD-Q8_K_XL --cache-type-k q8_0 --cache-type-v q8_0 --kl-divergence
0.01.006.590 W load: special_eos_id is not in special_eog_ids - the tokenizer config may be incorrect
0.08.844.700 I cmn          init: llama threadpool init, n_threads = 16
0.08.994.784 I 
0.08.994.865 I system_info: n_threads = 16 (n_threads_batch = 16) / 32 | CUDA : ARCHS = 750,800,860,890,900,1000,1030,1200,1210 | USE_GRAPHS = 1 | FA_ALL_QUANTS = 1 | CPU : SSE3 = 1 | SSSE3 = 1 | AVX = 1 | AVX2 = 1 | F16C = 1 | FMA = 1 | BMI2 = 1 | LLAMAFILE = 1 | OPENMP = 1 | REPACK = 1 | 
0.09.088.308 I kl_divergence: computing over 5 chunks, n_ctx=32768, batch_size=512, n_seq=1
0.19.866.710 I kl_divergence: 10.78 seconds per pass - ETA 0.88 minutes

chunk             PPL               ln(PPL(Q)/PPL(base))          KL Divergence              Δp RMS            Same top p        Same sampled p
   1      23.4092 ±    0.6381       0.00162 ±    0.00102       0.00441 ±    0.00020     2.047 ±  0.122 %    97.449 ±  0.123 %    52.415 ±  0.270 %
   2      24.1809 ±    0.4743       0.00463 ±    0.00075       0.00452 ±    0.00015     2.054 ±  0.090 %    97.339 ±  0.089 %    51.916 ±  0.192 %
   3      24.9972 ±    0.4011       0.00316 ±    0.00065       0.00469 ±    0.00015     2.049 ±  0.073 %    97.243 ±  0.074 %    51.562 ±  0.156 %
   4      22.4933 ±    0.3087       0.00315 ±    0.00057       0.00481 ±    0.00013     2.092 ±  0.064 %    97.331 ±  0.063 %    52.498 ±  0.136 %
   5      22.5621 ±    0.2780       0.00414 ±    0.00052       0.00487 ±    0.00011     2.096 ±  0.053 %    97.292 ±  0.057 %    52.793 ±  0.121 %

====== Perplexity statistics ======
Mean PPL(Q)                   :  22.562057 ±   0.277972
Mean PPL(base)                :  22.468784 ±   0.276246
Cor(ln(PPL(Q)), ln(PPL(base))):  99.91%
Mean ln(PPL(Q)/PPL(base))     :   0.004143 ±   0.000521
Mean PPL(Q)/PPL(base)         :   1.004151 ±   0.000523
Mean PPL(Q)-PPL(base)         :   0.093273 ±   0.011842

====== KL divergence statistics ======
Mean    KLD:   0.004875 ±   0.000105
Maximum KLD:   4.252466
99.9%   KLD:   0.246522
99.0%   KLD:   0.056278
95.0%   KLD:   0.017313
90.0%   KLD:   0.009570
Median  KLD:   0.001092
10.0%   KLD:   0.000010
 5.0%   KLD:   0.000001
 1.0%   KLD:  -0.000004
 0.1%   KLD:  -0.000036
Minimum KLD:  -0.000166

====== Token probability statistics ======
Mean    Δp: -0.021 ± 0.007 %
Maximum Δp: 77.863%
99.9%   Δp: 14.743%
99.0%   Δp:  5.737%
95.0%   Δp:  2.032%
90.0%   Δp:  0.922%
75.0%   Δp:  0.080%
Median  Δp: -0.000%
25.0%   Δp: -0.088%
10.0%   Δp: -0.956%
 5.0%   Δp: -2.074%
 1.0%   Δp: -5.914%
 0.1%   Δp: -17.296%
Minimum Δp: -80.586%
RMS Δp    :  2.096 ± 0.053 %
Same top p: 97.292 ± 0.057 %
Same sampled p: 52.793 ± 0.121 %

------------------------------
# llama-perplexity: version: 0.4.4-dev (build 11430, commit 9d76dc1da-dirty) | built with GNU 15.3.0 for Linux x86_64
# model: /home/crusaderky/.cache/huggingface/hub/models--bloomer010--Ling-3.0-tiny-GGUF/snapshots/56a85ebe2d6d9d2ad6ad00a5014b13667153e236/Ling-3.0-tiny-UD-Q8_K_XL.gguf size=11188839488 mtime=2026-08-21T22:08:10+00:00 sha256/1048576B=75fdfc6eff4f5ae2fde9e53f7edc5bed48a62c7dfb2bdb8acebcf7ce2138227b
llama-perplexity --kl-divergence-base /tmp/logits.dat --ctx-size 32768 -f sample-data/wiki.test.head-2.4k.raw -fa on --hf-repo bloomer010/Ling-3.0-tiny-GGUF:UD-Q8_K_XL --cache-type-k q6_0 --cache-type-v q6_0 --kl-divergence
0.00.915.024 W load: special_eos_id is not in special_eog_ids - the tokenizer config may be incorrect
0.03.189.671 I cmn          init: llama threadpool init, n_threads = 16
0.03.328.072 I 
0.03.328.141 I system_info: n_threads = 16 (n_threads_batch = 16) / 32 | CUDA : ARCHS = 750,800,860,890,900,1000,1030,1200,1210 | USE_GRAPHS = 1 | FA_ALL_QUANTS = 1 | CPU : SSE3 = 1 | SSSE3 = 1 | AVX = 1 | AVX2 = 1 | F16C = 1 | FMA = 1 | BMI2 = 1 | LLAMAFILE = 1 | OPENMP = 1 | REPACK = 1 | 
0.03.417.260 I kl_divergence: computing over 5 chunks, n_ctx=32768, batch_size=512, n_seq=1
0.14.864.633 I kl_divergence: 11.45 seconds per pass - ETA 0.95 minutes

chunk             PPL               ln(PPL(Q)/PPL(base))          KL Divergence              Δp RMS            Same top p        Same sampled p
   1      23.4188 ±    0.6384       0.00203 ±    0.00116       0.00559 ±    0.00022     2.337 ±  0.137 %    97.186 ±  0.129 %    52.390 ±  0.270 %
   2      24.0534 ±    0.4716      -0.00066 ±    0.00082       0.00539 ±    0.00015     2.229 ±  0.088 %    97.082 ±  0.093 %    51.929 ±  0.192 %
   3      24.9432 ±    0.4001       0.00099 ±    0.00071       0.00568 ±    0.00014     2.223 ±  0.069 %    96.918 ±  0.078 %    51.552 ±  0.156 %
   4      22.4656 ±    0.3084       0.00192 ±    0.00063       0.00584 ±    0.00014     2.286 ±  0.060 %    96.974 ±  0.067 %    52.497 ±  0.136 %
   5      22.5201 ±    0.2775       0.00228 ±    0.00057       0.00596 ±    0.00012     2.314 ±  0.050 %    96.941 ±  0.060 %    52.795 ±  0.121 %

====== Perplexity statistics ======
Mean PPL(Q)                   :  22.520119 ±   0.277520
Mean PPL(base)                :  22.468784 ±   0.276246
Cor(ln(PPL(Q)), ln(PPL(base))):  99.89%
Mean ln(PPL(Q)/PPL(base))     :   0.002282 ±   0.000575
Mean PPL(Q)/PPL(base)         :   1.002285 ±   0.000576
Mean PPL(Q)-PPL(base)         :   0.051335 ±   0.012980

====== KL divergence statistics ======
Mean    KLD:   0.005958 ±   0.000119
Maximum KLD:   5.091797
99.9%   KLD:   0.277321
99.0%   KLD:   0.066839
95.0%   KLD:   0.021718
90.0%   KLD:   0.012192
Median  KLD:   0.001521
10.0%   KLD:   0.000013
 5.0%   KLD:   0.000001
 1.0%   KLD:  -0.000004
 0.1%   KLD:  -0.000039
Minimum KLD:  -0.000211

====== Token probability statistics ======
Mean    Δp:  0.019 ± 0.008 %
Maximum Δp: 82.420%
99.9%   Δp: 17.894%
99.0%   Δp:  6.758%
95.0%   Δp:  2.439%
90.0%   Δp:  1.150%
75.0%   Δp:  0.114%
Median  Δp:  0.000%
25.0%   Δp: -0.088%
10.0%   Δp: -1.061%
 5.0%   Δp: -2.341%
 1.0%   Δp: -6.673%
 0.1%   Δp: -17.892%
Minimum Δp: -80.593%
RMS Δp    :  2.314 ± 0.050 %
Same top p: 96.941 ± 0.060 %
Same sampled p: 52.795 ± 0.121 %

------------------------------
# llama-perplexity: version: 0.4.4-dev (build 11430, commit 9d76dc1da-dirty) | built with GNU 15.3.0 for Linux x86_64
# model: /home/crusaderky/.cache/huggingface/hub/models--bloomer010--Ling-3.0-tiny-GGUF/snapshots/56a85ebe2d6d9d2ad6ad00a5014b13667153e236/Ling-3.0-tiny-UD-Q8_K_XL.gguf size=11188839488 mtime=2026-08-21T22:08:10+00:00 sha256/1048576B=75fdfc6eff4f5ae2fde9e53f7edc5bed48a62c7dfb2bdb8acebcf7ce2138227b
llama-perplexity --kl-divergence-base /tmp/logits.dat --ctx-size 32768 -f sample-data/wiki.test.head-2.4k.raw -fa on --hf-repo bloomer010/Ling-3.0-tiny-GGUF:UD-Q8_K_XL --cache-type-k q5_1 --cache-type-v q5_1 --kl-divergence
0.00.911.921 W load: special_eos_id is not in special_eog_ids - the tokenizer config may be incorrect
0.03.230.143 I cmn          init: llama threadpool init, n_threads = 16
0.03.357.499 I 
0.03.357.569 I system_info: n_threads = 16 (n_threads_batch = 16) / 32 | CUDA : ARCHS = 750,800,860,890,900,1000,1030,1200,1210 | USE_GRAPHS = 1 | FA_ALL_QUANTS = 1 | CPU : SSE3 = 1 | SSSE3 = 1 | AVX = 1 | AVX2 = 1 | F16C = 1 | FMA = 1 | BMI2 = 1 | LLAMAFILE = 1 | OPENMP = 1 | REPACK = 1 | 
0.03.450.757 I kl_divergence: computing over 5 chunks, n_ctx=32768, batch_size=512, n_seq=1
0.13.681.285 I kl_divergence: 10.23 seconds per pass - ETA 0.85 minutes

chunk             PPL               ln(PPL(Q)/PPL(base))          KL Divergence              Δp RMS            Same top p        Same sampled p
   1      23.3884 ±    0.6365       0.00073 ±    0.00138       0.00815 ±    0.00031     2.765 ±  0.121 %    96.106 ±  0.151 %    52.279 ±  0.270 %
   2      24.1541 ±    0.4730       0.00352 ±    0.00098       0.00790 ±    0.00022     2.695 ±  0.082 %    96.206 ±  0.106 %    51.781 ±  0.192 %
   3      25.0251 ±    0.4013       0.00427 ±    0.00083       0.00813 ±    0.00019     2.724 ±  0.068 %    96.098 ±  0.087 %    51.465 ±  0.156 %
------------------------------
# llama-perplexity: version: 0.4.4-dev (build 11430, commit 9d76dc1da-dirty) | built with GNU 15.3.0 for Linux x86_64
# model: /home/crusaderky/.cache/huggingface/hub/models--bloomer010--Ling-3.0-tiny-GGUF/snapshots/56a85ebe2d6d9d2ad6ad00a5014b13667153e236/Ling-3.0-tiny-UD-Q8_K_XL.gguf size=11188839488 mtime=2026-08-21T22:08:10+00:00 sha256/1048576B=75fdfc6eff4f5ae2fde9e53f7edc5bed48a62c7dfb2bdb8acebcf7ce2138227b
llama-perplexity --kl-divergence-base /tmp/logits.dat --ctx-size 32768 -f sample-data/wiki.test.head-2.4k.raw -fa on --hf-repo bloomer010/Ling-3.0-tiny-GGUF:UD-Q8_K_XL --cache-type-k q5_0 --cache-type-v q5_0 --kl-divergence
0.00.962.114 W load: special_eos_id is not in special_eog_ids - the tokenizer config may be incorrect
0.03.260.124 I cmn          init: llama threadpool init, n_threads = 16
0.03.388.606 I 
0.03.388.675 I system_info: n_threads = 16 (n_threads_batch = 16) / 32 | CUDA : ARCHS = 750,800,860,890,900,1000,1030,1200,1210 | USE_GRAPHS = 1 | FA_ALL_QUANTS = 1 | CPU : SSE3 = 1 | SSSE3 = 1 | AVX = 1 | AVX2 = 1 | F16C = 1 | FMA = 1 | BMI2 = 1 | LLAMAFILE = 1 | OPENMP = 1 | REPACK = 1 | 
0.03.475.760 I kl_divergence: computing over 5 chunks, n_ctx=32768, batch_size=512, n_seq=1
0.13.197.410 I kl_divergence: 9.72 seconds per pass - ETA 0.80 minutes

chunk             PPL               ln(PPL(Q)/PPL(base))          KL Divergence              Δp RMS            Same top p        Same sampled p
   1      23.3421 ±    0.6359      -0.00125 ±    0.00145       0.00871 ±    0.00029     2.870 ±  0.132 %    96.252 ±  0.148 %    52.329 ±  0.270 %
   2      24.0133 ±    0.4703      -0.00233 ±    0.00103       0.00833 ±    0.00019     2.726 ±  0.081 %    96.289 ±  0.104 %    51.824 ±  0.192 %
   3      24.8960 ±    0.3991      -0.00090 ±    0.00087       0.00862 ±    0.00017     2.707 ±  0.063 %    96.063 ±  0.088 %    51.492 ±  0.156 %
   4      22.4227 ±    0.3076       0.00001 ±    0.00076       0.00884 ±    0.00016     2.793 ±  0.057 %    96.121 ±  0.075 %    52.434 ±  0.136 %
   5      22.5149 ±    0.2774       0.00205 ±    0.00070       0.00906 ±    0.00014     2.835 ±  0.048 %    96.094 ±  0.068 %    52.727 ±  0.121 %

====== Perplexity statistics ======
Mean PPL(Q)                   :  22.514901 ±   0.277387
Mean PPL(base)                :  22.468784 ±   0.276246
Cor(ln(PPL(Q)), ln(PPL(base))):  99.84%
Mean ln(PPL(Q)/PPL(base))     :   0.002050 ±   0.000699
Mean PPL(Q)/PPL(base)         :   1.002052 ±   0.000700
Mean PPL(Q)-PPL(base)         :   0.046117 ±   0.015748

====== KL divergence statistics ======
Mean    KLD:   0.009063 ±   0.000137
Maximum KLD:   5.131942
99.9%   KLD:   0.360629
99.0%   KLD:   0.098123
95.0%   KLD:   0.033430
90.0%   KLD:   0.019459
Median  KLD:   0.002709
10.0%   KLD:   0.000027
 5.0%   KLD:   0.000004
 1.0%   KLD:  -0.000001
 0.1%   KLD:  -0.000028
Minimum KLD:  -0.000199

====== Token probability statistics ======
Mean    Δp: -0.009 ± 0.010 %
Maximum Δp: 82.933%
99.9%   Δp: 21.146%
99.0%   Δp:  8.438%
95.0%   Δp:  3.099%
90.0%   Δp:  1.442%
75.0%   Δp:  0.133%
Median  Δp: -0.000%
25.0%   Δp: -0.130%
10.0%   Δp: -1.413%
 5.0%   Δp: -3.098%
 1.0%   Δp: -8.747%
 0.1%   Δp: -23.951%
Minimum Δp: -80.492%
RMS Δp    :  2.835 ± 0.048 %
Same top p: 96.094 ± 0.068 %
Same sampled p: 52.727 ± 0.121 %

------------------------------
# llama-perplexity: version: 0.4.4-dev (build 11430, commit 9d76dc1da-dirty) | built with GNU 15.3.0 for Linux x86_64
# model: /home/crusaderky/.cache/huggingface/hub/models--bloomer010--Ling-3.0-tiny-GGUF/snapshots/56a85ebe2d6d9d2ad6ad00a5014b13667153e236/Ling-3.0-tiny-UD-Q8_K_XL.gguf size=11188839488 mtime=2026-08-21T22:08:10+00:00 sha256/1048576B=75fdfc6eff4f5ae2fde9e53f7edc5bed48a62c7dfb2bdb8acebcf7ce2138227b
llama-perplexity --kl-divergence-base /tmp/logits.dat --ctx-size 32768 -f sample-data/wiki.test.head-2.4k.raw -fa on --hf-repo bloomer010/Ling-3.0-tiny-GGUF:UD-Q8_K_XL --cache-type-k q4_1 --cache-type-v q4_1 --kl-divergence
0.00.950.033 W load: special_eos_id is not in special_eog_ids - the tokenizer config may be incorrect
0.03.254.829 I cmn          init: llama threadpool init, n_threads = 16
0.03.387.714 I 
0.03.387.788 I system_info: n_threads = 16 (n_threads_batch = 16) / 32 | CUDA : ARCHS = 750,800,860,890,900,1000,1030,1200,1210 | USE_GRAPHS = 1 | FA_ALL_QUANTS = 1 | CPU : SSE3 = 1 | SSSE3 = 1 | AVX = 1 | AVX2 = 1 | F16C = 1 | FMA = 1 | BMI2 = 1 | LLAMAFILE = 1 | OPENMP = 1 | REPACK = 1 | 
0.03.476.254 I kl_divergence: computing over 5 chunks, n_ctx=32768, batch_size=512, n_seq=1
0.13.250.871 I kl_divergence: 9.77 seconds per pass - ETA 0.80 minutes

chunk             PPL               ln(PPL(Q)/PPL(base))          KL Divergence              Δp RMS            Same top p        Same sampled p
   1      23.4638 ±    0.6391       0.00395 ±    0.00188       0.01393 ±    0.00031     3.532 ±  0.106 %    95.031 ±  0.170 %    52.174 ±  0.270 %
   2      24.0723 ±    0.4715       0.00013 ±    0.00134       0.01408 ±    0.00025     3.545 ±  0.081 %    94.964 ±  0.121 %    51.712 ±  0.192 %
   3      24.9735 ±    0.4006       0.00221 ±    0.00112       0.01489 ±    0.00022     3.597 ±  0.066 %    94.641 ±  0.102 %    51.394 ±  0.156 %
   4      22.5293 ±    0.3094       0.00475 ±    0.00099       0.01524 ±    0.00020     3.688 ±  0.059 %    94.717 ±  0.087 %    52.312 ±  0.136 %
   5      22.6375 ±    0.2791       0.00748 ±    0.00090       0.01584 ±    0.00018     3.764 ±  0.051 %    94.619 ±  0.079 %    52.577 ±  0.121 %

====== Perplexity statistics ======
Mean PPL(Q)                   :  22.637521 ±   0.279114
Mean PPL(base)                :  22.468784 ±   0.276246
Cor(ln(PPL(Q)), ln(PPL(base))):  99.73%
Mean ln(PPL(Q)/PPL(base))     :   0.007482 ±   0.000905
Mean PPL(Q)/PPL(base)         :   1.007510 ±   0.000912
Mean PPL(Q)-PPL(base)         :   0.168737 ±   0.020591

====== KL divergence statistics ======
Mean    KLD:   0.015836 ±   0.000177
Maximum KLD:   4.487602
99.9%   KLD:   0.570984
99.0%   KLD:   0.164296
95.0%   KLD:   0.058314
90.0%   KLD:   0.035080
Median  KLD:   0.005346
10.0%   KLD:   0.000056
 5.0%   KLD:   0.000009
 1.0%   KLD:  -0.000000
 0.1%   KLD:  -0.000023
Minimum KLD:  -0.000110

====== Token probability statistics ======
Mean    Δp: -0.064 ± 0.013 %
Maximum Δp: 85.867%
99.9%   Δp: 29.739%
99.0%   Δp: 11.098%
95.0%   Δp:  4.168%
90.0%   Δp:  1.912%
75.0%   Δp:  0.155%
Median  Δp: -0.000%
25.0%   Δp: -0.217%
10.0%   Δp: -2.109%
 5.0%   Δp: -4.430%
 1.0%   Δp: -11.837%
 0.1%   Δp: -30.949%
Minimum Δp: -80.383%
RMS Δp    :  3.764 ± 0.051 %
Same top p: 94.619 ± 0.079 %
Same sampled p: 52.577 ± 0.121 %

------------------------------
# llama-perplexity: version: 0.4.4-dev (build 11430, commit 9d76dc1da-dirty) | built with GNU 15.3.0 for Linux x86_64
# model: /home/crusaderky/.cache/huggingface/hub/models--bloomer010--Ling-3.0-tiny-GGUF/snapshots/56a85ebe2d6d9d2ad6ad00a5014b13667153e236/Ling-3.0-tiny-UD-Q8_K_XL.gguf size=11188839488 mtime=2026-08-21T22:08:10+00:00 sha256/1048576B=75fdfc6eff4f5ae2fde9e53f7edc5bed48a62c7dfb2bdb8acebcf7ce2138227b
llama-perplexity --kl-divergence-base /tmp/logits.dat --ctx-size 32768 -f sample-data/wiki.test.head-2.4k.raw -fa on --hf-repo bloomer010/Ling-3.0-tiny-GGUF:UD-Q8_K_XL --cache-type-k q4_0 --cache-type-v q4_0 --kl-divergence
0.00.919.236 W load: special_eos_id is not in special_eog_ids - the tokenizer config may be incorrect
0.03.232.040 I cmn          init: llama threadpool init, n_threads = 16
0.03.360.769 I 
0.03.360.840 I system_info: n_threads = 16 (n_threads_batch = 16) / 32 | CUDA : ARCHS = 750,800,860,890,900,1000,1030,1200,1210 | USE_GRAPHS = 1 | FA_ALL_QUANTS = 1 | CPU : SSE3 = 1 | SSSE3 = 1 | AVX = 1 | AVX2 = 1 | F16C = 1 | FMA = 1 | BMI2 = 1 | LLAMAFILE = 1 | OPENMP = 1 | REPACK = 1 | 
0.03.447.210 I kl_divergence: computing over 5 chunks, n_ctx=32768, batch_size=512, n_seq=1
0.13.236.608 I kl_divergence: 9.79 seconds per pass - ETA 0.80 minutes

chunk             PPL               ln(PPL(Q)/PPL(base))          KL Divergence              Δp RMS            Same top p        Same sampled p
   1      23.4006 ±    0.6369       0.00125 ±    0.00206       0.01737 ±    0.00036     3.980 ±  0.098 %    94.268 ±  0.182 %    52.088 ±  0.270 %
   2      24.2563 ±    0.4757       0.00774 ±    0.00146       0.01728 ±    0.00029     3.863 ±  0.077 %    94.226 ±  0.129 %    51.631 ±  0.192 %
   3      25.0656 ±    0.4017       0.00589 ±    0.00122       0.01811 ±    0.00028     3.922 ±  0.066 %    94.000 ±  0.107 %    51.238 ±  0.156 %
   4      22.6369 ±    0.3107       0.00951 ±    0.00107       0.01831 ±    0.00024     3.986 ±  0.056 %    94.067 ±  0.092 %    52.199 ±  0.136 %
   5      22.6705 ±    0.2792       0.00894 ±    0.00098       0.01892 ±    0.00021     4.062 ±  0.050 %    94.054 ±  0.083 %    52.450 ±  0.121 %

====== Perplexity statistics ======
Mean PPL(Q)                   :  22.670453 ±   0.279195
Mean PPL(base)                :  22.468784 ±   0.276246
Cor(ln(PPL(Q)), ln(PPL(base))):  99.68%
Mean ln(PPL(Q)/PPL(base))     :   0.008935 ±   0.000978
Mean PPL(Q)/PPL(base)         :   1.008976 ±   0.000986
Mean PPL(Q)-PPL(base)         :   0.201669 ±   0.022257

====== KL divergence statistics ======
Mean    KLD:   0.018920 ±   0.000209
Maximum KLD:   5.518456
99.9%   KLD:   0.676973
99.0%   KLD:   0.193149
95.0%   KLD:   0.069715
90.0%   KLD:   0.041574
Median  KLD:   0.006484
10.0%   KLD:   0.000069
 5.0%   KLD:   0.000011
 1.0%   KLD:  -0.000000
 0.1%   KLD:  -0.000021
Minimum KLD:  -0.000232

====== Token probability statistics ======
Mean    Δp: -0.147 ± 0.014 %
Maximum Δp: 78.846%
99.9%   Δp: 28.909%
99.0%   Δp: 12.026%
95.0%   Δp:  4.326%
90.0%   Δp:  1.961%
75.0%   Δp:  0.147%
Median  Δp: -0.000%
25.0%   Δp: -0.266%
10.0%   Δp: -2.433%
 5.0%   Δp: -5.077%
 1.0%   Δp: -13.539%
 0.1%   Δp: -34.157%
Minimum Δp: -82.216%
RMS Δp    :  4.062 ± 0.050 %
Same top p: 94.054 ± 0.083 %
Same sampled p: 52.450 ± 0.121 %

------------------------------
# llama-perplexity: version: 0.4.4-dev (build 11430, commit 9d76dc1da-dirty) | built with GNU 15.3.0 for Linux x86_64
# model: /home/crusaderky/.cache/huggingface/hub/models--bloomer010--Ling-3.0-tiny-GGUF/snapshots/56a85ebe2d6d9d2ad6ad00a5014b13667153e236/Ling-3.0-tiny-UD-Q8_K_XL.gguf size=11188839488 mtime=2026-08-21T22:08:10+00:00 sha256/1048576B=75fdfc6eff4f5ae2fde9e53f7edc5bed48a62c7dfb2bdb8acebcf7ce2138227b
llama-perplexity --kl-divergence-base /tmp/logits.dat --ctx-size 32768 -f sample-data/wiki.test.head-2.4k.raw -fa on --hf-repo bloomer010/Ling-3.0-tiny-GGUF:UD-Q8_K_XL --cache-type-k q3_1 --cache-type-v q3_1 --kl-divergence
0.00.921.352 W load: special_eos_id is not in special_eog_ids - the tokenizer config may be incorrect
0.03.249.436 I cmn          init: llama threadpool init, n_threads = 16
0.03.377.236 I 
0.03.377.314 I system_info: n_threads = 16 (n_threads_batch = 16) / 32 | CUDA : ARCHS = 750,800,860,890,900,1000,1030,1200,1210 | USE_GRAPHS = 1 | FA_ALL_QUANTS = 1 | CPU : SSE3 = 1 | SSSE3 = 1 | AVX = 1 | AVX2 = 1 | F16C = 1 | FMA = 1 | BMI2 = 1 | LLAMAFILE = 1 | OPENMP = 1 | REPACK = 1 | 
0.03.462.820 I kl_divergence: computing over 5 chunks, n_ctx=32768, batch_size=512, n_seq=1
0.13.305.119 I kl_divergence: 9.84 seconds per pass - ETA 0.82 minutes

chunk             PPL               ln(PPL(Q)/PPL(base))          KL Divergence              Δp RMS            Same top p        Same sampled p
   1      23.2340 ±    0.6282      -0.00590 ±    0.00331       0.04608 ±    0.00093     6.250 ±  0.140 %    90.985 ±  0.224 %    51.376 ±  0.270 %
   2      24.0503 ±    0.4691      -0.00079 ±    0.00235       0.04647 ±    0.00066     6.127 ±  0.097 %    90.707 ±  0.160 %    50.984 ±  0.192 %
   3      25.2315 ±    0.4036       0.01249 ±    0.00198       0.04899 ±    0.00057     6.238 ±  0.081 %    90.303 ±  0.133 %    50.647 ±  0.157 %
   4      22.6884 ±    0.3106       0.01179 ±    0.00173       0.04920 ±    0.00052     6.373 ±  0.072 %    90.379 ±  0.115 %    51.593 ±  0.136 %
   5      22.7517 ±    0.2796       0.01252 ±    0.00159       0.05105 ±    0.00050     6.486 ±  0.064 %    90.259 ±  0.104 %    51.862 ±  0.122 %

====== Perplexity statistics ======
Mean PPL(Q)                   :  22.751749 ±   0.279628
Mean PPL(base)                :  22.468784 ±   0.276246
Cor(ln(PPL(Q)), ln(PPL(base))):  99.17%
Mean ln(PPL(Q)/PPL(base))     :   0.012515 ±   0.001586
Mean PPL(Q)/PPL(base)         :   1.012594 ±   0.001606
Mean PPL(Q)-PPL(base)         :   0.282965 ±   0.036016

====== KL divergence statistics ======
Mean    KLD:   0.051053 ±   0.000497
Maximum KLD:  14.466625
99.9%   KLD:   1.663324
99.0%   KLD:   0.508019
95.0%   KLD:   0.189996
90.0%   KLD:   0.114298
Median  KLD:   0.019100
10.0%   KLD:   0.000212
 5.0%   KLD:   0.000035
 1.0%   KLD:   0.000002
 0.1%   KLD:  -0.000012
Minimum KLD:  -0.000171

====== Token probability statistics ======
Mean    Δp: -0.293 ± 0.023 %
Maximum Δp: 96.404%
99.9%   Δp: 43.021%
99.0%   Δp: 19.267%
95.0%   Δp:  7.255%
90.0%   Δp:  3.367%
75.0%   Δp:  0.244%
Median  Δp: -0.001%
25.0%   Δp: -0.467%
10.0%   Δp: -4.193%
 5.0%   Δp: -8.720%
 1.0%   Δp: -23.619%
 0.1%   Δp: -50.860%
Minimum Δp: -93.590%
RMS Δp    :  6.486 ± 0.064 %
Same top p: 90.259 ± 0.104 %
Same sampled p: 51.862 ± 0.122 %

------------------------------
# llama-perplexity: version: 0.4.4-dev (build 11430, commit 9d76dc1da-dirty) | built with GNU 15.3.0 for Linux x86_64
# model: /home/crusaderky/.cache/huggingface/hub/models--bloomer010--Ling-3.0-tiny-GGUF/snapshots/56a85ebe2d6d9d2ad6ad00a5014b13667153e236/Ling-3.0-tiny-UD-Q8_K_XL.gguf size=11188839488 mtime=2026-08-21T22:08:10+00:00 sha256/1048576B=75fdfc6eff4f5ae2fde9e53f7edc5bed48a62c7dfb2bdb8acebcf7ce2138227b
llama-perplexity --kl-divergence-base /tmp/logits.dat --ctx-size 32768 -f sample-data/wiki.test.head-2.4k.raw -fa on --hf-repo bloomer010/Ling-3.0-tiny-GGUF:UD-Q8_K_XL --cache-type-k q3_0 --cache-type-v q3_0 --kl-divergence
0.00.964.898 W load: special_eos_id is not in special_eog_ids - the tokenizer config may be incorrect
0.03.267.857 I cmn          init: llama threadpool init, n_threads = 16
0.03.401.635 I 
0.03.401.710 I system_info: n_threads = 16 (n_threads_batch = 16) / 32 | CUDA : ARCHS = 750,800,860,890,900,1000,1030,1200,1210 | USE_GRAPHS = 1 | FA_ALL_QUANTS = 1 | CPU : SSE3 = 1 | SSSE3 = 1 | AVX = 1 | AVX2 = 1 | F16C = 1 | FMA = 1 | BMI2 = 1 | LLAMAFILE = 1 | OPENMP = 1 | REPACK = 1 | 
0.03.492.440 I kl_divergence: computing over 5 chunks, n_ctx=32768, batch_size=512, n_seq=1
0.13.272.005 I kl_divergence: 9.78 seconds per pass - ETA 0.80 minutes

chunk             PPL               ln(PPL(Q)/PPL(base))          KL Divergence              Δp RMS            Same top p        Same sampled p
   1      23.7423 ±    0.6450       0.01575 ±    0.00343       0.04866 ±    0.00098     6.436 ±  0.149 %    90.344 ±  0.231 %    51.305 ±  0.271 %
   2      24.7510 ±    0.4850       0.02793 ±    0.00241       0.04849 ±    0.00068     6.391 ±  0.106 %    90.341 ±  0.163 %    50.916 ±  0.192 %
   3      25.7338 ±    0.4139       0.03220 ±    0.00199       0.05001 ±    0.00058     6.395 ±  0.084 %    90.055 ±  0.135 %    50.685 ±  0.157 %
   4      23.1635 ±    0.3192       0.03251 ±    0.00175       0.05152 ±    0.00053     6.542 ±  0.075 %    90.188 ±  0.116 %    51.641 ±  0.136 %
   5      23.0838 ±    0.2853       0.02700 ±    0.00160       0.05288 ±    0.00052     6.661 ±  0.067 %    90.130 ±  0.104 %    51.941 ±  0.122 %

====== Perplexity statistics ======
Mean PPL(Q)                   :  23.083760 ±   0.285276
Mean PPL(base)                :  22.468784 ±   0.276246
Cor(ln(PPL(Q)), ln(PPL(base))):  99.16%
Mean ln(PPL(Q)/PPL(base))     :   0.027002 ±   0.001596
Mean PPL(Q)/PPL(base)         :   1.027370 ±   0.001640
Mean PPL(Q)-PPL(base)         :   0.614976 ±   0.037430

====== KL divergence statistics ======
Mean    KLD:   0.052875 ±   0.000515
Maximum KLD:  15.761141
99.9%   KLD:   1.824654
99.0%   KLD:   0.542916
95.0%   KLD:   0.197994
90.0%   KLD:   0.118171
Median  KLD:   0.019116
10.0%   KLD:   0.000201
 5.0%   KLD:   0.000033
 1.0%   KLD:   0.000001
 0.1%   KLD:  -0.000014
Minimum KLD:  -0.000260

====== Token probability statistics ======
Mean    Δp: -0.305 ± 0.023 %
Maximum Δp: 83.895%
99.9%   Δp: 44.698%
99.0%   Δp: 19.044%
95.0%   Δp:  7.386%
90.0%   Δp:  3.359%
75.0%   Δp:  0.262%
Median  Δp: -0.001%
25.0%   Δp: -0.451%
10.0%   Δp: -4.187%
 5.0%   Δp: -8.759%
 1.0%   Δp: -24.008%
 0.1%   Δp: -55.619%
Minimum Δp: -97.647%
RMS Δp    :  6.661 ± 0.067 %
Same top p: 90.130 ± 0.104 %
Same sampled p: 51.941 ± 0.122 %

------------------------------
# llama-perplexity: version: 0.4.4-dev (build 11430, commit 9d76dc1da-dirty) | built with GNU 15.3.0 for Linux x86_64
# model: /home/crusaderky/.cache/huggingface/hub/models--bloomer010--Ling-3.0-tiny-GGUF/snapshots/56a85ebe2d6d9d2ad6ad00a5014b13667153e236/Ling-3.0-tiny-Q8_0.gguf size=8408187968 mtime=2026-08-21T21:16:40+00:00 sha256/1048576B=75fdfc6eff4f5ae2fde9e53f7edc5bed48a62c7dfb2bdb8acebcf7ce2138227b
llama-perplexity --kl-divergence-base /tmp/logits.dat --ctx-size 32768 -f sample-data/wiki.test.head-2.4k.raw -fa on --hf-repo bloomer010/Ling-3.0-tiny-GGUF:Q8_0 --cache-type-k q8_0 --cache-type-v q8_0 --kl-divergence
0.00.924.207 W load: special_eos_id is not in special_eog_ids - the tokenizer config may be incorrect
0.06.671.080 I cmn          init: llama threadpool init, n_threads = 16
0.06.740.449 I 
0.06.740.520 I system_info: n_threads = 16 (n_threads_batch = 16) / 32 | CUDA : ARCHS = 750,800,860,890,900,1000,1030,1200,1210 | USE_GRAPHS = 1 | FA_ALL_QUANTS = 1 | CPU : SSE3 = 1 | SSSE3 = 1 | AVX = 1 | AVX2 = 1 | F16C = 1 | FMA = 1 | BMI2 = 1 | LLAMAFILE = 1 | OPENMP = 1 | REPACK = 1 | 
0.06.833.846 I kl_divergence: computing over 5 chunks, n_ctx=32768, batch_size=512, n_seq=1
0.14.984.205 I kl_divergence: 8.15 seconds per pass - ETA 0.67 minutes

chunk             PPL               ln(PPL(Q)/PPL(base))          KL Divergence              Δp RMS            Same top p        Same sampled p
   1      23.2530 ±    0.6333      -0.00508 ±    0.00133       0.00740 ±    0.00020     2.556 ±  0.091 %    96.649 ±  0.141 %    52.429 ±  0.270 %
   2      23.9594 ±    0.4691      -0.00457 ±    0.00094       0.00715 ±    0.00016     2.532 ±  0.072 %    96.643 ±  0.100 %    51.885 ±  0.192 %
   3      24.8628 ±    0.3985      -0.00223 ±    0.00079       0.00733 ±    0.00012     2.517 ±  0.054 %    96.429 ±  0.084 %    51.531 ±  0.156 %
   4      22.3771 ±    0.3069      -0.00203 ±    0.00070       0.00751 ±    0.00013     2.575 ±  0.051 %    96.483 ±  0.072 %    52.490 ±  0.136 %
   5      22.4490 ±    0.2764      -0.00088 ±    0.00064       0.00773 ±    0.00011     2.601 ±  0.044 %    96.339 ±  0.066 %    52.773 ±  0.121 %

====== Perplexity statistics ======
Mean PPL(Q)                   :  22.448991 ±   0.276410
Mean PPL(base)                :  22.468784 ±   0.276246
Cor(ln(PPL(Q)), ln(PPL(base))):  99.87%
Mean ln(PPL(Q)/PPL(base))     :  -0.000881 ±   0.000639
Mean PPL(Q)/PPL(base)         :   0.999119 ±   0.000638
Mean PPL(Q)-PPL(base)         :  -0.019794 ±   0.014347

====== KL divergence statistics ======
Mean    KLD:   0.007727 ±   0.000109
Maximum KLD:   2.706735
99.9%   KLD:   0.359775
99.0%   KLD:   0.084819
95.0%   KLD:   0.027820
90.0%   KLD:   0.016207
Median  KLD:   0.002328
10.0%   KLD:   0.000022
 5.0%   KLD:   0.000003
 1.0%   KLD:  -0.000002
 0.1%   KLD:  -0.000030
Minimum KLD:  -0.000279

====== Token probability statistics ======
Mean    Δp:  0.042 ± 0.009 %
Maximum Δp: 78.611%
99.9%   Δp: 21.227%
99.0%   Δp:  7.888%
95.0%   Δp:  2.987%
90.0%   Δp:  1.414%
75.0%   Δp:  0.141%
Median  Δp:  0.000%
25.0%   Δp: -0.106%
10.0%   Δp: -1.233%
 5.0%   Δp: -2.707%
 1.0%   Δp: -7.680%
 0.1%   Δp: -19.779%
Minimum Δp: -67.655%
RMS Δp    :  2.601 ± 0.044 %
Same top p: 96.339 ± 0.066 %
Same sampled p: 52.773 ± 0.121 %

------------------------------
# llama-perplexity: version: 0.4.4-dev (build 11430, commit 9d76dc1da-dirty) | built with GNU 15.3.0 for Linux x86_64
# model: /home/crusaderky/.cache/huggingface/hub/models--bloomer010--Ling-3.0-tiny-GGUF/snapshots/56a85ebe2d6d9d2ad6ad00a5014b13667153e236/Ling-3.0-tiny-Q8_0.gguf size=8408187968 mtime=2026-08-21T21:16:40+00:00 sha256/1048576B=75fdfc6eff4f5ae2fde9e53f7edc5bed48a62c7dfb2bdb8acebcf7ce2138227b
llama-perplexity --kl-divergence-base /tmp/logits.dat --ctx-size 32768 -f sample-data/wiki.test.head-2.4k.raw -fa on --hf-repo bloomer010/Ling-3.0-tiny-GGUF:Q8_0 --cache-type-k q6_0 --cache-type-v q6_0 --kl-divergence
0.00.928.487 W load: special_eos_id is not in special_eog_ids - the tokenizer config may be incorrect
0.02.734.018 I cmn          init: llama threadpool init, n_threads = 16
0.02.798.744 I 
0.02.798.824 I system_info: n_threads = 16 (n_threads_batch = 16) / 32 | CUDA : ARCHS = 750,800,860,890,900,1000,1030,1200,1210 | USE_GRAPHS = 1 | FA_ALL_QUANTS = 1 | CPU : SSE3 = 1 | SSSE3 = 1 | AVX = 1 | AVX2 = 1 | F16C = 1 | FMA = 1 | BMI2 = 1 | LLAMAFILE = 1 | OPENMP = 1 | REPACK = 1 | 
0.02.887.714 I kl_divergence: computing over 5 chunks, n_ctx=32768, batch_size=512, n_seq=1
0.10.992.122 I kl_divergence: 8.10 seconds per pass - ETA 0.67 minutes

chunk             PPL               ln(PPL(Q)/PPL(base))          KL Divergence              Δp RMS            Same top p        Same sampled p
   1      23.4615 ±    0.6396       0.00385 ±    0.00140       0.00775 ±    0.00023     2.628 ±  0.099 %    96.441 ±  0.145 %    52.377 ±  0.270 %
   2      23.9847 ±    0.4693      -0.00352 ±    0.00099       0.00757 ±    0.00016     2.582 ±  0.070 %    96.371 ±  0.103 %    51.827 ±  0.192 %
   3      24.8888 ±    0.3989      -0.00119 ±    0.00084       0.00789 ±    0.00013     2.645 ±  0.060 %    96.173 ±  0.087 %    51.509 ±  0.156 %
   4      22.4002 ±    0.3073      -0.00100 ±    0.00074       0.00822 ±    0.00016     2.704 ±  0.057 %    96.261 ±  0.074 %    52.454 ±  0.136 %
   5      22.4792 ±    0.2768       0.00046 ±    0.00067       0.00849 ±    0.00014     2.734 ±  0.047 %    96.180 ±  0.067 %    52.732 ±  0.121 %

====== Perplexity statistics ======
Mean PPL(Q)                   :  22.479179 ±   0.276794
Mean PPL(base)                :  22.468784 ±   0.276246
Cor(ln(PPL(Q)), ln(PPL(base))):  99.85%
Mean ln(PPL(Q)/PPL(base))     :   0.000463 ±   0.000675
Mean PPL(Q)/PPL(base)         :   1.000463 ±   0.000675
Mean PPL(Q)-PPL(base)         :   0.010395 ±   0.015172

====== KL divergence statistics ======
Mean    KLD:   0.008495 ±   0.000138
Maximum KLD:   5.045157
99.9%   KLD:   0.336314
99.0%   KLD:   0.090212
95.0%   KLD:   0.030419
90.0%   KLD:   0.017842
Median  KLD:   0.002642
10.0%   KLD:   0.000026
 5.0%   KLD:   0.000004
 1.0%   KLD:  -0.000001
 0.1%   KLD:  -0.000027
Minimum KLD:  -0.000129

====== Token probability statistics ======
Mean    Δp:  0.015 ± 0.010 %
Maximum Δp: 87.289%
99.9%   Δp: 20.320%
99.0%   Δp:  8.247%
95.0%   Δp:  3.069%
90.0%   Δp:  1.441%
75.0%   Δp:  0.134%
Median  Δp:  0.000%
25.0%   Δp: -0.126%
10.0%   Δp: -1.357%
 5.0%   Δp: -2.935%
 1.0%   Δp: -8.125%
 0.1%   Δp: -22.450%
Minimum Δp: -67.242%
RMS Δp    :  2.734 ± 0.047 %
Same top p: 96.180 ± 0.067 %
Same sampled p: 52.732 ± 0.121 %

------------------------------
# llama-perplexity: version: 0.4.4-dev (build 11430, commit 9d76dc1da-dirty) | built with GNU 15.3.0 for Linux x86_64
# model: /home/crusaderky/.cache/huggingface/hub/models--bloomer010--Ling-3.0-tiny-GGUF/snapshots/56a85ebe2d6d9d2ad6ad00a5014b13667153e236/Ling-3.0-tiny-Q8_0.gguf size=8408187968 mtime=2026-08-21T21:16:40+00:00 sha256/1048576B=75fdfc6eff4f5ae2fde9e53f7edc5bed48a62c7dfb2bdb8acebcf7ce2138227b
llama-perplexity --kl-divergence-base /tmp/logits.dat --ctx-size 32768 -f sample-data/wiki.test.head-2.4k.raw -fa on --hf-repo bloomer010/Ling-3.0-tiny-GGUF:Q8_0 --cache-type-k q5_1 --cache-type-v q5_1 --kl-divergence
0.00.923.899 W load: special_eos_id is not in special_eog_ids - the tokenizer config may be incorrect
0.02.743.657 I cmn          init: llama threadpool init, n_threads = 16
0.02.806.473 I 
0.02.806.538 I system_info: n_threads = 16 (n_threads_batch = 16) / 32 | CUDA : ARCHS = 750,800,860,890,900,1000,1030,1200,1210 | USE_GRAPHS = 1 | FA_ALL_QUANTS = 1 | CPU : SSE3 = 1 | SSSE3 = 1 | AVX = 1 | AVX2 = 1 | F16C = 1 | FMA = 1 | BMI2 = 1 | LLAMAFILE = 1 | OPENMP = 1 | REPACK = 1 | 
0.02.892.300 I kl_divergence: computing over 5 chunks, n_ctx=32768, batch_size=512, n_seq=1
0.11.226.673 I kl_divergence: 8.33 seconds per pass - ETA 0.68 minutes

chunk             PPL               ln(PPL(Q)/PPL(base))          KL Divergence              Δp RMS            Same top p        Same sampled p
   1      23.2916 ±    0.6344      -0.00342 ±    0.00155       0.00964 ±    0.00026     2.981 ±  0.112 %    95.904 ±  0.155 %    52.337 ±  0.270 %
   2      24.0165 ±    0.4700      -0.00220 ±    0.00109       0.00943 ±    0.00021     2.941 ±  0.084 %    95.929 ±  0.109 %    51.779 ±  0.192 %
   3      24.9045 ±    0.3992      -0.00056 ±    0.00091       0.00963 ±    0.00017     2.936 ±  0.066 %    95.786 ±  0.091 %    51.462 ±  0.156 %
   4      22.4399 ±    0.3078       0.00078 ±    0.00080       0.01001 ±    0.00016     3.023 ±  0.058 %    95.810 ±  0.078 %    52.406 ±  0.136 %
   5      22.5021 ±    0.2771       0.00148 ±    0.00073       0.01029 ±    0.00014     3.053 ±  0.051 %    95.766 ±  0.070 %    52.695 ±  0.121 %

====== Perplexity statistics ======
Mean PPL(Q)                   :  22.502138 ±   0.277117
Mean PPL(base)                :  22.468784 ±   0.276246
Cor(ln(PPL(Q)), ln(PPL(base))):  99.82%
Mean ln(PPL(Q)/PPL(base))     :   0.001483 ±   0.000732
Mean PPL(Q)/PPL(base)         :   1.001484 ±   0.000733
Mean PPL(Q)-PPL(base)         :   0.033354 ±   0.016468

====== KL divergence statistics ======
Mean    KLD:   0.010290 ±   0.000135
Maximum KLD:   3.351271
99.9%   KLD:   0.426210
99.0%   KLD:   0.107873
95.0%   KLD:   0.037169
90.0%   KLD:   0.022158
Median  KLD:   0.003372
10.0%   KLD:   0.000033
 5.0%   KLD:   0.000005
 1.0%   KLD:  -0.000001
 0.1%   KLD:  -0.000026
Minimum KLD:  -0.000150

====== Token probability statistics ======
Mean    Δp:  0.001 ± 0.011 %
Maximum Δp: 83.987%
99.9%   Δp: 22.824%
99.0%   Δp:  9.188%
95.0%   Δp:  3.357%
90.0%   Δp:  1.596%
75.0%   Δp:  0.143%
Median  Δp:  0.000%
25.0%   Δp: -0.148%
10.0%   Δp: -1.570%
 5.0%   Δp: -3.297%
 1.0%   Δp: -9.163%
 0.1%   Δp: -24.527%
Minimum Δp: -77.484%
RMS Δp    :  3.053 ± 0.051 %
Same top p: 95.766 ± 0.070 %
Same sampled p: 52.695 ± 0.121 %

------------------------------
# llama-perplexity: version: 0.4.4-dev (build 11430, commit 9d76dc1da-dirty) | built with GNU 15.3.0 for Linux x86_64
# model: /home/crusaderky/.cache/huggingface/hub/models--bloomer010--Ling-3.0-tiny-GGUF/snapshots/56a85ebe2d6d9d2ad6ad00a5014b13667153e236/Ling-3.0-tiny-Q8_0.gguf size=8408187968 mtime=2026-08-21T21:16:40+00:00 sha256/1048576B=75fdfc6eff4f5ae2fde9e53f7edc5bed48a62c7dfb2bdb8acebcf7ce2138227b
llama-perplexity --kl-divergence-base /tmp/logits.dat --ctx-size 32768 -f sample-data/wiki.test.head-2.4k.raw -fa on --hf-repo bloomer010/Ling-3.0-tiny-GGUF:Q8_0 --cache-type-k q5_0 --cache-type-v q5_0 --kl-divergence
0.00.949.995 W load: special_eos_id is not in special_eog_ids - the tokenizer config may be incorrect
0.02.771.232 I cmn          init: llama threadpool init, n_threads = 16
0.02.835.323 I 
0.02.835.396 I system_info: n_threads = 16 (n_threads_batch = 16) / 32 | CUDA : ARCHS = 750,800,860,890,900,1000,1030,1200,1210 | USE_GRAPHS = 1 | FA_ALL_QUANTS = 1 | CPU : SSE3 = 1 | SSSE3 = 1 | AVX = 1 | AVX2 = 1 | F16C = 1 | FMA = 1 | BMI2 = 1 | LLAMAFILE = 1 | OPENMP = 1 | REPACK = 1 | 
0.02.923.514 I kl_divergence: computing over 5 chunks, n_ctx=32768, batch_size=512, n_seq=1
0.11.005.955 I kl_divergence: 8.08 seconds per pass - ETA 0.67 minutes

chunk             PPL               ln(PPL(Q)/PPL(base))          KL Divergence              Δp RMS            Same top p        Same sampled p
   1      23.4331 ±    0.6387       0.00264 ±    0.00158       0.01045 ±    0.00029     3.058 ±  0.104 %    95.617 ±  0.160 %    52.300 ±  0.270 %
   2      24.0068 ±    0.4694      -0.00260 ±    0.00110       0.01016 ±    0.00021     2.991 ±  0.076 %    95.620 ±  0.113 %    51.731 ±  0.192 %
   3      24.9138 ±    0.3993      -0.00019 ±    0.00094       0.01051 ±    0.00018     3.033 ±  0.063 %    95.398 ±  0.095 %    51.429 ±  0.156 %
   4      22.4122 ±    0.3074      -0.00046 ±    0.00083       0.01107 ±    0.00021     3.173 ±  0.066 %    95.511 ±  0.081 %    52.373 ±  0.136 %
   5      22.4703 ±    0.2766       0.00007 ±    0.00076       0.01126 ±    0.00018     3.184 ±  0.055 %    95.550 ±  0.072 %    52.652 ±  0.121 %

====== Perplexity statistics ======
Mean PPL(Q)                   :  22.470276 ±   0.276574
Mean PPL(base)                :  22.468784 ±   0.276246
Cor(ln(PPL(Q)), ln(PPL(base))):  99.81%
Mean ln(PPL(Q)/PPL(base))     :   0.000066 ±   0.000756
Mean PPL(Q)/PPL(base)         :   1.000066 ±   0.000757
Mean PPL(Q)-PPL(base)         :   0.001492 ±   0.016998

====== KL divergence statistics ======
Mean    KLD:   0.011262 ±   0.000176
Maximum KLD:   5.452652
99.9%   KLD:   0.420472
99.0%   KLD:   0.117844
95.0%   KLD:   0.040308
90.0%   KLD:   0.023822
Median  KLD:   0.003663
10.0%   KLD:   0.000039
 5.0%   KLD:   0.000006
 1.0%   KLD:  -0.000001
 0.1%   KLD:  -0.000034
Minimum KLD:  -0.000202

====== Token probability statistics ======
Mean    Δp: -0.009 ± 0.011 %
Maximum Δp: 93.366%
99.9%   Δp: 24.253%
99.0%   Δp:  9.389%
95.0%   Δp:  3.495%
90.0%   Δp:  1.637%
75.0%   Δp:  0.143%
Median  Δp: -0.000%
25.0%   Δp: -0.160%
10.0%   Δp: -1.652%
 5.0%   Δp: -3.482%
 1.0%   Δp: -9.594%
 0.1%   Δp: -25.842%
Minimum Δp: -80.524%
RMS Δp    :  3.184 ± 0.055 %
Same top p: 95.550 ± 0.072 %
Same sampled p: 52.652 ± 0.121 %

------------------------------
# llama-perplexity: version: 0.4.4-dev (build 11430, commit 9d76dc1da-dirty) | built with GNU 15.3.0 for Linux x86_64
# model: /home/crusaderky/.cache/huggingface/hub/models--bloomer010--Ling-3.0-tiny-GGUF/snapshots/56a85ebe2d6d9d2ad6ad00a5014b13667153e236/Ling-3.0-tiny-Q8_0.gguf size=8408187968 mtime=2026-08-21T21:16:40+00:00 sha256/1048576B=75fdfc6eff4f5ae2fde9e53f7edc5bed48a62c7dfb2bdb8acebcf7ce2138227b
llama-perplexity --kl-divergence-base /tmp/logits.dat --ctx-size 32768 -f sample-data/wiki.test.head-2.4k.raw -fa on --hf-repo bloomer010/Ling-3.0-tiny-GGUF:Q8_0 --cache-type-k q4_1 --cache-type-v q4_1 --kl-divergence
0.00.910.599 W load: special_eos_id is not in special_eog_ids - the tokenizer config may be incorrect
0.02.694.615 I cmn          init: llama threadpool init, n_threads = 16
0.02.759.577 I 
0.02.759.647 I system_info: n_threads = 16 (n_threads_batch = 16) / 32 | CUDA : ARCHS = 750,800,860,890,900,1000,1030,1200,1210 | USE_GRAPHS = 1 | FA_ALL_QUANTS = 1 | CPU : SSE3 = 1 | SSSE3 = 1 | AVX = 1 | AVX2 = 1 | F16C = 1 | FMA = 1 | BMI2 = 1 | LLAMAFILE = 1 | OPENMP = 1 | REPACK = 1 | 
0.02.849.409 I kl_divergence: computing over 5 chunks, n_ctx=32768, batch_size=512, n_seq=1
0.10.999.725 I kl_divergence: 8.15 seconds per pass - ETA 0.67 minutes

chunk             PPL               ln(PPL(Q)/PPL(base))          KL Divergence              Δp RMS            Same top p        Same sampled p
   1      23.2270 ±    0.6318      -0.00620 ±    0.00202       0.01653 ±    0.00039     3.837 ±  0.119 %    94.366 ±  0.180 %    52.197 ±  0.270 %
   2      24.0629 ±    0.4708      -0.00026 ±    0.00141       0.01619 ±    0.00029     3.726 ±  0.084 %    94.333 ±  0.128 %    51.648 ±  0.192 %
   3      24.8936 ±    0.3988      -0.00100 ±    0.00118       0.01685 ±    0.00025     3.799 ±  0.069 %    94.161 ±  0.106 %    51.334 ±  0.156 %
   4      22.4825 ±    0.3085       0.00267 ±    0.00105       0.01701 ±    0.00022     3.895 ±  0.063 %    94.310 ±  0.090 %    52.306 ±  0.136 %
   5      22.5603 ±    0.2779       0.00406 ±    0.00095       0.01748 ±    0.00019     3.923 ±  0.053 %    94.238 ±  0.081 %    52.576 ±  0.121 %

====== Perplexity statistics ======
Mean PPL(Q)                   :  22.560255 ±   0.277907
Mean PPL(base)                :  22.468784 ±   0.276246
Cor(ln(PPL(Q)), ln(PPL(base))):  99.70%
Mean ln(PPL(Q)/PPL(base))     :   0.004063 ±   0.000950
Mean PPL(Q)/PPL(base)         :   1.004071 ±   0.000954
Mean PPL(Q)-PPL(base)         :   0.091471 ±   0.021447

====== KL divergence statistics ======
Mean    KLD:   0.017481 ±   0.000189
Maximum KLD:   4.268500
99.9%   KLD:   0.657902
99.0%   KLD:   0.176546
95.0%   KLD:   0.064179
90.0%   KLD:   0.038672
Median  KLD:   0.006238
10.0%   KLD:   0.000062
 5.0%   KLD:   0.000010
 1.0%   KLD:  -0.000000
 0.1%   KLD:  -0.000023
Minimum KLD:  -0.000174

====== Token probability statistics ======
Mean    Δp: -0.026 ± 0.014 %
Maximum Δp: 85.146%
99.9%   Δp: 29.561%
99.0%   Δp: 12.074%
95.0%   Δp:  4.432%
90.0%   Δp:  2.100%
75.0%   Δp:  0.186%
Median  Δp: -0.000%
25.0%   Δp: -0.203%
10.0%   Δp: -2.154%
 5.0%   Δp: -4.562%
 1.0%   Δp: -12.718%
 0.1%   Δp: -29.681%
Minimum Δp: -89.810%
RMS Δp    :  3.923 ± 0.053 %
Same top p: 94.238 ± 0.081 %
Same sampled p: 52.576 ± 0.121 %

------------------------------
# llama-perplexity: version: 0.4.4-dev (build 11430, commit 9d76dc1da-dirty) | built with GNU 15.3.0 for Linux x86_64
# model: /home/crusaderky/.cache/huggingface/hub/models--bloomer010--Ling-3.0-tiny-GGUF/snapshots/56a85ebe2d6d9d2ad6ad00a5014b13667153e236/Ling-3.0-tiny-Q8_0.gguf size=8408187968 mtime=2026-08-21T21:16:40+00:00 sha256/1048576B=75fdfc6eff4f5ae2fde9e53f7edc5bed48a62c7dfb2bdb8acebcf7ce2138227b
llama-perplexity --kl-divergence-base /tmp/logits.dat --ctx-size 32768 -f sample-data/wiki.test.head-2.4k.raw -fa on --hf-repo bloomer010/Ling-3.0-tiny-GGUF:Q8_0 --cache-type-k q4_0 --cache-type-v q4_0 --kl-divergence
0.00.918.515 W load: special_eos_id is not in special_eog_ids - the tokenizer config may be incorrect
0.02.697.098 I cmn          init: llama threadpool init, n_threads = 16
0.02.759.919 I 
0.02.759.990 I system_info: n_threads = 16 (n_threads_batch = 16) / 32 | CUDA : ARCHS = 750,800,860,890,900,1000,1030,1200,1210 | USE_GRAPHS = 1 | FA_ALL_QUANTS = 1 | CPU : SSE3 = 1 | SSSE3 = 1 | AVX = 1 | AVX2 = 1 | F16C = 1 | FMA = 1 | BMI2 = 1 | LLAMAFILE = 1 | OPENMP = 1 | REPACK = 1 | 
0.02.844.747 I kl_divergence: computing over 5 chunks, n_ctx=32768, batch_size=512, n_seq=1
0.11.061.935 I kl_divergence: 8.22 seconds per pass - ETA 0.68 minutes

chunk             PPL               ln(PPL(Q)/PPL(base))          KL Divergence              Δp RMS            Same top p        Same sampled p
   1      23.2497 ±    0.6313      -0.00522 ±    0.00206       0.01793 ±    0.00034     3.975 ±  0.100 %    94.128 ±  0.184 %    52.048 ±  0.270 %
   2      24.0940 ±    0.4716       0.00103 ±    0.00148       0.01822 ±    0.00030     3.972 ±  0.081 %    94.094 ±  0.130 %    51.609 ±  0.192 %
   3      25.0030 ±    0.4007       0.00339 ±    0.00125       0.01894 ±    0.00025     3.994 ±  0.065 %    93.908 ±  0.108 %    51.271 ±  0.156 %
   4      22.5146 ±    0.3090       0.00410 ±    0.00111       0.01931 ±    0.00023     4.040 ±  0.054 %    93.954 ±  0.093 %    52.240 ±  0.136 %
   5      22.5956 ±    0.2783       0.00563 ±    0.00101       0.02003 ±    0.00021     4.124 ±  0.048 %    93.838 ±  0.084 %    52.496 ±  0.121 %

====== Perplexity statistics ======
Mean PPL(Q)                   :  22.595616 ±   0.278334
Mean PPL(base)                :  22.468784 ±   0.276246
Cor(ln(PPL(Q)), ln(PPL(base))):  99.66%
Mean ln(PPL(Q)/PPL(base))     :   0.005629 ±   0.001014
Mean PPL(Q)/PPL(base)         :   1.005645 ±   0.001020
Mean PPL(Q)-PPL(base)         :   0.126832 ±   0.022936

====== KL divergence statistics ======
Mean    KLD:   0.020029 ±   0.000205
Maximum KLD:   5.013506
99.9%   KLD:   0.719143
99.0%   KLD:   0.201299
95.0%   KLD:   0.074744
90.0%   KLD:   0.044521
Median  KLD:   0.007055
10.0%   KLD:   0.000074
 5.0%   KLD:   0.000011
 1.0%   KLD:  -0.000000
 0.1%   KLD:  -0.000018
Minimum KLD:  -0.000191

====== Token probability statistics ======
Mean    Δp: -0.074 ± 0.014 %
Maximum Δp: 97.723%
99.9%   Δp: 30.410%
99.0%   Δp: 12.749%
95.0%   Δp:  4.621%
90.0%   Δp:  2.167%
75.0%   Δp:  0.186%
Median  Δp: -0.000%
25.0%   Δp: -0.229%
10.0%   Δp: -2.400%
 5.0%   Δp: -5.026%
 1.0%   Δp: -13.531%
 0.1%   Δp: -32.479%
Minimum Δp: -83.118%
RMS Δp    :  4.124 ± 0.048 %
Same top p: 93.838 ± 0.084 %
Same sampled p: 52.496 ± 0.121 %

------------------------------
# llama-perplexity: version: 0.4.4-dev (build 11430, commit 9d76dc1da-dirty) | built with GNU 15.3.0 for Linux x86_64
# model: /home/crusaderky/.cache/huggingface/hub/models--bloomer010--Ling-3.0-tiny-GGUF/snapshots/56a85ebe2d6d9d2ad6ad00a5014b13667153e236/Ling-3.0-tiny-Q8_0.gguf size=8408187968 mtime=2026-08-21T21:16:40+00:00 sha256/1048576B=75fdfc6eff4f5ae2fde9e53f7edc5bed48a62c7dfb2bdb8acebcf7ce2138227b
llama-perplexity --kl-divergence-base /tmp/logits.dat --ctx-size 32768 -f sample-data/wiki.test.head-2.4k.raw -fa on --hf-repo bloomer010/Ling-3.0-tiny-GGUF:Q8_0 --cache-type-k q3_1 --cache-type-v q3_1 --kl-divergence
0.00.911.461 W load: special_eos_id is not in special_eog_ids - the tokenizer config may be incorrect
0.02.811.354 I cmn          init: llama threadpool init, n_threads = 16
0.02.878.232 I 
0.02.878.307 I system_info: n_threads = 16 (n_threads_batch = 16) / 32 | CUDA : ARCHS = 750,800,860,890,900,1000,1030,1200,1210 | USE_GRAPHS = 1 | FA_ALL_QUANTS = 1 | CPU : SSE3 = 1 | SSSE3 = 1 | AVX = 1 | AVX2 = 1 | F16C = 1 | FMA = 1 | BMI2 = 1 | LLAMAFILE = 1 | OPENMP = 1 | REPACK = 1 | 
0.02.969.186 I kl_divergence: computing over 5 chunks, n_ctx=32768, batch_size=512, n_seq=1
0.11.371.746 I kl_divergence: 8.40 seconds per pass - ETA 0.70 minutes

chunk             PPL               ln(PPL(Q)/PPL(base))          KL Divergence              Δp RMS            Same top p        Same sampled p
   1      23.1255 ±    0.6249      -0.01058 ±    0.00333       0.04602 ±    0.00092     6.296 ±  0.136 %    90.600 ±  0.228 %    51.385 ±  0.271 %
   2      23.9514 ±    0.4671      -0.00491 ±    0.00240       0.04711 ±    0.00067     6.293 ±  0.100 %    90.463 ±  0.162 %    51.022 ±  0.192 %
   3      25.0286 ±    0.3998       0.00441 ±    0.00201       0.04923 ±    0.00058     6.311 ±  0.084 %    90.126 ±  0.135 %    50.620 ±  0.157 %
   4      22.5554 ±    0.3086       0.00591 ±    0.00176       0.04973 ±    0.00052     6.405 ±  0.074 %    90.258 ±  0.116 %    51.580 ±  0.136 %
   5      22.6493 ±    0.2782       0.00800 ±    0.00160       0.05140 ±    0.00050     6.519 ±  0.065 %    90.174 ±  0.104 %    51.863 ±  0.122 %

====== Perplexity statistics ======
Mean PPL(Q)                   :  22.649281 ±   0.278244
Mean PPL(base)                :  22.468784 ±   0.276246
Cor(ln(PPL(Q)), ln(PPL(base))):  99.15%
Mean ln(PPL(Q)/PPL(base))     :   0.008001 ±   0.001600
Mean PPL(Q)/PPL(base)         :   1.008033 ±   0.001613
Mean PPL(Q)-PPL(base)         :   0.180497 ±   0.036151

====== KL divergence statistics ======
Mean    KLD:   0.051399 ±   0.000497
Maximum KLD:  14.604218
99.9%   KLD:   1.674598
99.0%   KLD:   0.511481
95.0%   KLD:   0.189273
90.0%   KLD:   0.116650
Median  KLD:   0.019486
10.0%   KLD:   0.000212
 5.0%   KLD:   0.000035
 1.0%   KLD:   0.000002
 0.1%   KLD:  -0.000011
Minimum KLD:  -0.000143

====== Token probability statistics ======
Mean    Δp: -0.255 ± 0.023 %
Maximum Δp: 97.037%
99.9%   Δp: 45.741%
99.0%   Δp: 19.755%
95.0%   Δp:  7.289%
90.0%   Δp:  3.409%
75.0%   Δp:  0.253%
Median  Δp: -0.001%
25.0%   Δp: -0.458%
10.0%   Δp: -4.285%
 5.0%   Δp: -8.619%
 1.0%   Δp: -22.874%
 0.1%   Δp: -50.317%
Minimum Δp: -95.466%
RMS Δp    :  6.519 ± 0.065 %
Same top p: 90.174 ± 0.104 %
Same sampled p: 51.863 ± 0.122 %

------------------------------
# llama-perplexity: version: 0.4.4-dev (build 11430, commit 9d76dc1da-dirty) | built with GNU 15.3.0 for Linux x86_64
# model: /home/crusaderky/.cache/huggingface/hub/models--bloomer010--Ling-3.0-tiny-GGUF/snapshots/56a85ebe2d6d9d2ad6ad00a5014b13667153e236/Ling-3.0-tiny-Q8_0.gguf size=8408187968 mtime=2026-08-21T21:16:40+00:00 sha256/1048576B=75fdfc6eff4f5ae2fde9e53f7edc5bed48a62c7dfb2bdb8acebcf7ce2138227b
llama-perplexity --kl-divergence-base /tmp/logits.dat --ctx-size 32768 -f sample-data/wiki.test.head-2.4k.raw -fa on --hf-repo bloomer010/Ling-3.0-tiny-GGUF:Q8_0 --cache-type-k q3_0 --cache-type-v q3_0 --kl-divergence
0.00.920.129 W load: special_eos_id is not in special_eog_ids - the tokenizer config may be incorrect
0.02.734.307 I cmn          init: llama threadpool init, n_threads = 16
0.02.800.214 I 
0.02.800.279 I system_info: n_threads = 16 (n_threads_batch = 16) / 32 | CUDA : ARCHS = 750,800,860,890,900,1000,1030,1200,1210 | USE_GRAPHS = 1 | FA_ALL_QUANTS = 1 | CPU : SSE3 = 1 | SSSE3 = 1 | AVX = 1 | AVX2 = 1 | F16C = 1 | FMA = 1 | BMI2 = 1 | LLAMAFILE = 1 | OPENMP = 1 | REPACK = 1 | 
0.02.890.499 I kl_divergence: computing over 5 chunks, n_ctx=32768, batch_size=512, n_seq=1
0.10.985.136 I kl_divergence: 8.09 seconds per pass - ETA 0.67 minutes

chunk             PPL               ln(PPL(Q)/PPL(base))          KL Divergence              Δp RMS            Same top p        Same sampled p
   1      23.8089 ±    0.6483       0.01855 ±    0.00347       0.04913 ±    0.00099     6.518 ±  0.149 %    90.185 ±  0.232 %    51.346 ±  0.271 %
   2      24.7555 ±    0.4854       0.02811 ±    0.00241       0.04888 ±    0.00068     6.456 ±  0.105 %    90.350 ±  0.163 %    50.940 ±  0.192 %
   3      25.7409 ±    0.4143       0.03248 ±    0.00200       0.05014 ±    0.00057     6.396 ±  0.083 %    90.193 ±  0.134 %    50.702 ±  0.157 %
   4      23.2061 ±    0.3199       0.03435 ±    0.00176       0.05188 ±    0.00053     6.601 ±  0.074 %    90.212 ±  0.116 %    51.654 ±  0.136 %
   5      23.1750 ±    0.2868       0.03095 ±    0.00161       0.05350 ±    0.00051     6.710 ±  0.066 %    90.191 ±  0.104 %    51.988 ±  0.122 %

====== Perplexity statistics ======
Mean PPL(Q)                   :  23.174997 ±   0.286796
Mean PPL(base)                :  22.468784 ±   0.276246
Cor(ln(PPL(Q)), ln(PPL(base))):  99.15%
Mean ln(PPL(Q)/PPL(base))     :   0.030947 ±   0.001606
Mean PPL(Q)/PPL(base)         :   1.031431 ±   0.001656
Mean PPL(Q)-PPL(base)         :   0.706213 ±   0.038085

====== KL divergence statistics ======
Mean    KLD:   0.053500 ±   0.000509
Maximum KLD:  14.057899
99.9%   KLD:   1.694164
99.0%   KLD:   0.552302
95.0%   KLD:   0.201136
90.0%   KLD:   0.119875
Median  KLD:   0.019582
10.0%   KLD:   0.000206
 5.0%   KLD:   0.000034
 1.0%   KLD:   0.000002
 0.1%   KLD:  -0.000014
Minimum KLD:  -0.000189

====== Token probability statistics ======
Mean    Δp: -0.278 ± 0.023 %
Maximum Δp: 87.093%
99.9%   Δp: 47.938%
99.0%   Δp: 19.591%
95.0%   Δp:  7.406%
90.0%   Δp:  3.478%
75.0%   Δp:  0.276%
Median  Δp: -0.000%
25.0%   Δp: -0.443%
10.0%   Δp: -4.223%
 5.0%   Δp: -8.925%
 1.0%   Δp: -23.961%
 0.1%   Δp: -57.097%
Minimum Δp: -97.903%
RMS Δp    :  6.710 ± 0.066 %
Same top p: 90.191 ± 0.104 %
Same sampled p: 51.988 ± 0.122 %

------------------------------
# llama-perplexity: version: 0.4.4-dev (build 11430, commit 9d76dc1da-dirty) | built with GNU 15.3.0 for Linux x86_64
# model: /home/crusaderky/.cache/huggingface/hub/models--bloomer010--Ling-3.0-tiny-GGUF/snapshots/56a85ebe2d6d9d2ad6ad00a5014b13667153e236/Ling-3.0-tiny-UD-Q6_K_XL.gguf size=7274546528 mtime=2026-08-21T22:11:42+00:00 sha256/1048576B=cba1e21bb2847960edb7a96a14e4a569616b10df05b4c0b763c6fc373a5b1abb
llama-perplexity --kl-divergence-base /tmp/logits.dat --ctx-size 32768 -f sample-data/wiki.test.head-2.4k.raw -fa on --hf-repo bloomer010/Ling-3.0-tiny-GGUF:UD-Q6_K_XL --cache-type-k q8_0 --cache-type-v q8_0 --kl-divergence
0.00.922.311 W load: special_eos_id is not in special_eog_ids - the tokenizer config may be incorrect
0.07.138.819 I cmn          init: llama threadpool init, n_threads = 16
0.07.203.508 I 
0.07.203.576 I system_info: n_threads = 16 (n_threads_batch = 16) / 32 | CUDA : ARCHS = 750,800,860,890,900,1000,1030,1200,1210 | USE_GRAPHS = 1 | FA_ALL_QUANTS = 1 | CPU : SSE3 = 1 | SSSE3 = 1 | AVX = 1 | AVX2 = 1 | F16C = 1 | FMA = 1 | BMI2 = 1 | LLAMAFILE = 1 | OPENMP = 1 | REPACK = 1 | 
0.07.297.353 I kl_divergence: computing over 5 chunks, n_ctx=32768, batch_size=512, n_seq=1
0.15.845.573 I kl_divergence: 8.55 seconds per pass - ETA 0.70 minutes

chunk             PPL               ln(PPL(Q)/PPL(base))          KL Divergence              Δp RMS            Same top p        Same sampled p
   1      22.9851 ±    0.6246      -0.01667 ±    0.00159       0.01022 ±    0.00028     3.017 ±  0.112 %    95.843 ±  0.156 %    52.344 ±  0.270 %
   2      23.6549 ±    0.4622      -0.01737 ±    0.00114       0.01024 ±    0.00021     3.043 ±  0.079 %    95.666 ±  0.112 %    51.839 ±  0.192 %
   3      24.5623 ±    0.3932      -0.01439 ±    0.00097       0.01076 ±    0.00020     3.063 ±  0.064 %    95.457 ±  0.094 %    51.548 ±  0.156 %
   4      22.1258 ±    0.3033      -0.01332 ±    0.00084       0.01103 ±    0.00019     3.116 ±  0.054 %    95.556 ±  0.080 %    52.522 ±  0.136 %
   5      22.1788 ±    0.2728      -0.01299 ±    0.00077       0.01139 ±    0.00016     3.152 ±  0.046 %    95.493 ±  0.072 %    52.802 ±  0.121 %

====== Perplexity statistics ======
Mean PPL(Q)                   :  22.178780 ±   0.272800
Mean PPL(base)                :  22.468784 ±   0.276246
Cor(ln(PPL(Q)), ln(PPL(base))):  99.80%
Mean ln(PPL(Q)/PPL(base))     :  -0.012991 ±   0.000771
Mean PPL(Q)/PPL(base)         :   0.987093 ±   0.000761
Mean PPL(Q)-PPL(base)         :  -0.290004 ±   0.017543

====== KL divergence statistics ======
Mean    KLD:   0.011391 ±   0.000158
Maximum KLD:   5.000740
99.9%   KLD:   0.416706
99.0%   KLD:   0.115645
95.0%   KLD:   0.041339
90.0%   KLD:   0.024841
Median  KLD:   0.003786
10.0%   KLD:   0.000034
 5.0%   KLD:   0.000005
 1.0%   KLD:  -0.000002
 0.1%   KLD:  -0.000029
Minimum KLD:  -0.000229

====== Token probability statistics ======
Mean    Δp:  0.187 ± 0.011 %
Maximum Δp: 82.411%
99.9%   Δp: 25.894%
99.0%   Δp: 10.717%
95.0%   Δp:  4.163%
90.0%   Δp:  2.044%
75.0%   Δp:  0.238%
Median  Δp:  0.001%
25.0%   Δp: -0.090%
10.0%   Δp: -1.370%
 5.0%   Δp: -3.033%
 1.0%   Δp: -8.764%
 0.1%   Δp: -22.487%
Minimum Δp: -80.613%
RMS Δp    :  3.152 ± 0.046 %
Same top p: 95.493 ± 0.072 %
Same sampled p: 52.802 ± 0.121 %

------------------------------
# llama-perplexity: version: 0.4.4-dev (build 11430, commit 9d76dc1da-dirty) | built with GNU 15.3.0 for Linux x86_64
# model: /home/crusaderky/.cache/huggingface/hub/models--bloomer010--Ling-3.0-tiny-GGUF/snapshots/56a85ebe2d6d9d2ad6ad00a5014b13667153e236/Ling-3.0-tiny-UD-Q6_K_XL.gguf size=7274546528 mtime=2026-08-21T22:11:42+00:00 sha256/1048576B=cba1e21bb2847960edb7a96a14e4a569616b10df05b4c0b763c6fc373a5b1abb
llama-perplexity --kl-divergence-base /tmp/logits.dat --ctx-size 32768 -f sample-data/wiki.test.head-2.4k.raw -fa on --hf-repo bloomer010/Ling-3.0-tiny-GGUF:UD-Q6_K_XL --cache-type-k q6_0 --cache-type-v q6_0 --kl-divergence
0.00.936.859 W load: special_eos_id is not in special_eog_ids - the tokenizer config may be incorrect
0.02.466.160 I cmn          init: llama threadpool init, n_threads = 16
0.02.531.530 I 
0.02.531.599 I system_info: n_threads = 16 (n_threads_batch = 16) / 32 | CUDA : ARCHS = 750,800,860,890,900,1000,1030,1200,1210 | USE_GRAPHS = 1 | FA_ALL_QUANTS = 1 | CPU : SSE3 = 1 | SSSE3 = 1 | AVX = 1 | AVX2 = 1 | F16C = 1 | FMA = 1 | BMI2 = 1 | LLAMAFILE = 1 | OPENMP = 1 | REPACK = 1 | 
0.02.617.287 I kl_divergence: computing over 5 chunks, n_ctx=32768, batch_size=512, n_seq=1
0.11.117.431 I kl_divergence: 8.50 seconds per pass - ETA 0.70 minutes

chunk             PPL               ln(PPL(Q)/PPL(base))          KL Divergence              Δp RMS            Same top p        Same sampled p
   1      23.0918 ±    0.6289      -0.01204 ±    0.00163       0.01085 ±    0.00022     2.954 ±  0.069 %    95.532 ±  0.161 %    52.454 ±  0.270 %
   2      23.7310 ±    0.4644      -0.01415 ±    0.00115       0.01093 ±    0.00021     3.044 ±  0.067 %    95.511 ±  0.114 %    51.901 ±  0.192 %
   3      24.6527 ±    0.3953      -0.01072 ±    0.00098       0.01130 ±    0.00017     3.068 ±  0.053 %    95.359 ±  0.095 %    51.604 ±  0.156 %
   4      22.1827 ±    0.3045      -0.01075 ±    0.00086       0.01159 ±    0.00016     3.151 ±  0.050 %    95.466 ±  0.081 %    52.560 ±  0.136 %
   5      22.2279 ±    0.2738      -0.01078 ±    0.00079       0.01203 ±    0.00014     3.218 ±  0.043 %    95.398 ±  0.073 %    52.831 ±  0.121 %

====== Perplexity statistics ======
Mean PPL(Q)                   :  22.227873 ±   0.273774
Mean PPL(base)                :  22.468784 ±   0.276246
Cor(ln(PPL(Q)), ln(PPL(base))):  99.79%
Mean ln(PPL(Q)/PPL(base))     :  -0.010780 ±   0.000790
Mean PPL(Q)/PPL(base)         :   0.989278 ±   0.000781
Mean PPL(Q)-PPL(base)         :  -0.240911 ±   0.017815

====== KL divergence statistics ======
Mean    KLD:   0.012032 ±   0.000144
Maximum KLD:   4.646444
99.9%   KLD:   0.417260
99.0%   KLD:   0.122922
95.0%   KLD:   0.044199
90.0%   KLD:   0.026491
Median  KLD:   0.004114
10.0%   KLD:   0.000035
 5.0%   KLD:   0.000004
 1.0%   KLD:  -0.000002
 0.1%   KLD:  -0.000035
Minimum KLD:  -0.000220

====== Token probability statistics ======
Mean    Δp:  0.219 ± 0.011 %
Maximum Δp: 80.879%
99.9%   Δp: 25.752%
99.0%   Δp: 11.234%
95.0%   Δp:  4.342%
90.0%   Δp:  2.139%
75.0%   Δp:  0.263%
Median  Δp:  0.001%
25.0%   Δp: -0.083%
10.0%   Δp: -1.368%
 5.0%   Δp: -3.161%
 1.0%   Δp: -8.844%
 0.1%   Δp: -23.693%
Minimum Δp: -67.666%
RMS Δp    :  3.218 ± 0.043 %
Same top p: 95.398 ± 0.073 %
Same sampled p: 52.831 ± 0.121 %

------------------------------
# llama-perplexity: version: 0.4.4-dev (build 11430, commit 9d76dc1da-dirty) | built with GNU 15.3.0 for Linux x86_64
# model: /home/crusaderky/.cache/huggingface/hub/models--bloomer010--Ling-3.0-tiny-GGUF/snapshots/56a85ebe2d6d9d2ad6ad00a5014b13667153e236/Ling-3.0-tiny-UD-Q6_K_XL.gguf size=7274546528 mtime=2026-08-21T22:11:42+00:00 sha256/1048576B=cba1e21bb2847960edb7a96a14e4a569616b10df05b4c0b763c6fc373a5b1abb
llama-perplexity --kl-divergence-base /tmp/logits.dat --ctx-size 32768 -f sample-data/wiki.test.head-2.4k.raw -fa on --hf-repo bloomer010/Ling-3.0-tiny-GGUF:UD-Q6_K_XL --cache-type-k q5_1 --cache-type-v q5_1 --kl-divergence
0.01.331.085 W load: special_eos_id is not in special_eog_ids - the tokenizer config may be incorrect
0.02.855.257 I cmn          init: llama threadpool init, n_threads = 16
0.02.919.465 I 
0.02.919.534 I system_info: n_threads = 16 (n_threads_batch = 16) / 32 | CUDA : ARCHS = 750,800,860,890,900,1000,1030,1200,1210 | USE_GRAPHS = 1 | FA_ALL_QUANTS = 1 | CPU : SSE3 = 1 | SSSE3 = 1 | AVX = 1 | AVX2 = 1 | F16C = 1 | FMA = 1 | BMI2 = 1 | LLAMAFILE = 1 | OPENMP = 1 | REPACK = 1 | 
0.03.010.096 I kl_divergence: computing over 5 chunks, n_ctx=32768, batch_size=512, n_seq=1
0.11.514.792 I kl_divergence: 8.50 seconds per pass - ETA 0.70 minutes

chunk             PPL               ln(PPL(Q)/PPL(base))          KL Divergence              Δp RMS            Same top p        Same sampled p
   1      23.0581 ±    0.6272      -0.01350 ±    0.00172       0.01188 ±    0.00027     3.241 ±  0.108 %    95.257 ±  0.166 %    52.324 ±  0.270 %
   2      23.7472 ±    0.4640      -0.01347 ±    0.00122       0.01177 ±    0.00022     3.199 ±  0.076 %    95.273 ±  0.117 %    51.766 ±  0.192 %
   3      24.6463 ±    0.3947      -0.01098 ±    0.00103       0.01227 ±    0.00017     3.200 ±  0.056 %    95.082 ±  0.098 %    51.478 ±  0.156 %
   4      22.2125 ±    0.3046      -0.00941 ±    0.00090       0.01269 ±    0.00018     3.310 ±  0.053 %    95.163 ±  0.084 %    52.448 ±  0.136 %
   5      22.2399 ±    0.2736      -0.01024 ±    0.00082       0.01318 ±    0.00016     3.379 ±  0.047 %    95.091 ±  0.075 %    52.730 ±  0.121 %

====== Perplexity statistics ======
Mean PPL(Q)                   :  22.239935 ±   0.273633
Mean PPL(base)                :  22.468784 ±   0.276246
Cor(ln(PPL(Q)), ln(PPL(base))):  99.78%
Mean ln(PPL(Q)/PPL(base))     :  -0.010237 ±   0.000824
Mean PPL(Q)/PPL(base)         :   0.989815 ±   0.000815
Mean PPL(Q)-PPL(base)         :  -0.228849 ±   0.018599

====== KL divergence statistics ======
Mean    KLD:   0.013176 ±   0.000158
Maximum KLD:   4.895107
99.9%   KLD:   0.478760
99.0%   KLD:   0.134488
95.0%   KLD:   0.048063
90.0%   KLD:   0.028961
Median  KLD:   0.004629
10.0%   KLD:   0.000043
 5.0%   KLD:   0.000006
 1.0%   KLD:  -0.000001
 0.1%   KLD:  -0.000029
Minimum KLD:  -0.000248

====== Token probability statistics ======
Mean    Δp:  0.138 ± 0.012 %
Maximum Δp: 82.749%
99.9%   Δp: 27.146%
99.0%   Δp: 11.025%
95.0%   Δp:  4.341%
90.0%   Δp:  2.120%
75.0%   Δp:  0.233%
Median  Δp:  0.000%
25.0%   Δp: -0.118%
10.0%   Δp: -1.622%
 5.0%   Δp: -3.571%
 1.0%   Δp: -9.740%
 0.1%   Δp: -24.740%
Minimum Δp: -85.590%
RMS Δp    :  3.379 ± 0.047 %
Same top p: 95.091 ± 0.075 %
Same sampled p: 52.730 ± 0.121 %

------------------------------
# llama-perplexity: version: 0.4.4-dev (build 11430, commit 9d76dc1da-dirty) | built with GNU 15.3.0 for Linux x86_64
# model: /home/crusaderky/.cache/huggingface/hub/models--bloomer010--Ling-3.0-tiny-GGUF/snapshots/56a85ebe2d6d9d2ad6ad00a5014b13667153e236/Ling-3.0-tiny-UD-Q6_K_XL.gguf size=7274546528 mtime=2026-08-21T22:11:42+00:00 sha256/1048576B=cba1e21bb2847960edb7a96a14e4a569616b10df05b4c0b763c6fc373a5b1abb
llama-perplexity --kl-divergence-base /tmp/logits.dat --ctx-size 32768 -f sample-data/wiki.test.head-2.4k.raw -fa on --hf-repo bloomer010/Ling-3.0-tiny-GGUF:UD-Q6_K_XL --cache-type-k q5_0 --cache-type-v q5_0 --kl-divergence
0.00.953.846 W load: special_eos_id is not in special_eog_ids - the tokenizer config may be incorrect
0.02.478.522 I cmn          init: llama threadpool init, n_threads = 16
0.02.542.052 I 
0.02.542.123 I system_info: n_threads = 16 (n_threads_batch = 16) / 32 | CUDA : ARCHS = 750,800,860,890,900,1000,1030,1200,1210 | USE_GRAPHS = 1 | FA_ALL_QUANTS = 1 | CPU : SSE3 = 1 | SSSE3 = 1 | AVX = 1 | AVX2 = 1 | F16C = 1 | FMA = 1 | BMI2 = 1 | LLAMAFILE = 1 | OPENMP = 1 | REPACK = 1 | 
0.02.629.867 I kl_divergence: computing over 5 chunks, n_ctx=32768, batch_size=512, n_seq=1
0.10.952.229 I kl_divergence: 8.32 seconds per pass - ETA 0.68 minutes

chunk             PPL               ln(PPL(Q)/PPL(base))          KL Divergence              Δp RMS            Same top p        Same sampled p
   1      23.0646 ±    0.6278      -0.01321 ±    0.00180       0.01359 ±    0.00032     3.428 ±  0.108 %    94.989 ±  0.170 %    52.341 ±  0.270 %
   2      23.6538 ±    0.4622      -0.01741 ±    0.00128       0.01352 ±    0.00024     3.424 ±  0.076 %    94.967 ±  0.121 %    51.787 ±  0.192 %
   3      24.5507 ±    0.3931      -0.01487 ±    0.00107       0.01393 ±    0.00020     3.417 ±  0.060 %    94.781 ±  0.100 %    51.506 ±  0.156 %
   4      22.1035 ±    0.3030      -0.01433 ±    0.00095       0.01450 ±    0.00021     3.557 ±  0.058 %    94.874 ±  0.086 %    52.484 ±  0.136 %
   5      22.1806 ±    0.2729      -0.01291 ±    0.00086       0.01466 ±    0.00018     3.575 ±  0.050 %    94.934 ±  0.077 %    52.748 ±  0.121 %

====== Perplexity statistics ======
Mean PPL(Q)                   :  22.180619 ±   0.272881
Mean PPL(base)                :  22.468784 ±   0.276246
Cor(ln(PPL(Q)), ln(PPL(base))):  99.76%
Mean ln(PPL(Q)/PPL(base))     :  -0.012908 ±   0.000856
Mean PPL(Q)/PPL(base)         :   0.987175 ±   0.000845
Mean PPL(Q)-PPL(base)         :  -0.288166 ±   0.019407

====== KL divergence statistics ======
Mean    KLD:   0.014659 ±   0.000183
Maximum KLD:   5.246106
99.9%   KLD:   0.541791
99.0%   KLD:   0.144521
95.0%   KLD:   0.053629
90.0%   KLD:   0.032135
Median  KLD:   0.005122
10.0%   KLD:   0.000046
 5.0%   KLD:   0.000006
 1.0%   KLD:  -0.000001
 0.1%   KLD:  -0.000027
Minimum KLD:  -0.000235

====== Token probability statistics ======
Mean    Δp:  0.186 ± 0.012 %
Maximum Δp: 87.801%
99.9%   Δp: 28.679%
99.0%   Δp: 12.172%
95.0%   Δp:  4.630%
90.0%   Δp:  2.260%
75.0%   Δp:  0.257%
Median  Δp:  0.001%
25.0%   Δp: -0.112%
10.0%   Δp: -1.627%
 5.0%   Δp: -3.614%
 1.0%   Δp: -9.936%
 0.1%   Δp: -26.557%
Minimum Δp: -80.455%
RMS Δp    :  3.575 ± 0.050 %
Same top p: 94.934 ± 0.077 %
Same sampled p: 52.748 ± 0.121 %

------------------------------
# llama-perplexity: version: 0.4.4-dev (build 11430, commit 9d76dc1da-dirty) | built with GNU 15.3.0 for Linux x86_64
# model: /home/crusaderky/.cache/huggingface/hub/models--bloomer010--Ling-3.0-tiny-GGUF/snapshots/56a85ebe2d6d9d2ad6ad00a5014b13667153e236/Ling-3.0-tiny-UD-Q6_K_XL.gguf size=7274546528 mtime=2026-08-21T22:11:42+00:00 sha256/1048576B=cba1e21bb2847960edb7a96a14e4a569616b10df05b4c0b763c6fc373a5b1abb
llama-perplexity --kl-divergence-base /tmp/logits.dat --ctx-size 32768 -f sample-data/wiki.test.head-2.4k.raw -fa on --hf-repo bloomer010/Ling-3.0-tiny-GGUF:UD-Q6_K_XL --cache-type-k q4_1 --cache-type-v q4_1 --kl-divergence
0.00.981.184 W load: special_eos_id is not in special_eog_ids - the tokenizer config may be incorrect
0.02.515.630 I cmn          init: llama threadpool init, n_threads = 16
0.02.581.514 I 
0.02.581.585 I system_info: n_threads = 16 (n_threads_batch = 16) / 32 | CUDA : ARCHS = 750,800,860,890,900,1000,1030,1200,1210 | USE_GRAPHS = 1 | FA_ALL_QUANTS = 1 | CPU : SSE3 = 1 | SSSE3 = 1 | AVX = 1 | AVX2 = 1 | F16C = 1 | FMA = 1 | BMI2 = 1 | LLAMAFILE = 1 | OPENMP = 1 | REPACK = 1 | 
0.02.673.071 I kl_divergence: computing over 5 chunks, n_ctx=32768, batch_size=512, n_seq=1
0.10.903.939 I kl_divergence: 8.23 seconds per pass - ETA 0.68 minutes

chunk             PPL               ln(PPL(Q)/PPL(base))          KL Divergence              Δp RMS            Same top p        Same sampled p
   1      23.0608 ±    0.6266      -0.01338 ±    0.00207       0.01821 ±    0.00045     3.985 ±  0.119 %    94.122 ±  0.184 %    52.172 ±  0.270 %
   2      23.7727 ±    0.4644      -0.01240 ±    0.00150       0.01806 ±    0.00032     3.901 ±  0.080 %    94.128 ±  0.130 %    51.646 ±  0.192 %
   3      24.6766 ±    0.3947      -0.00975 ±    0.00126       0.01893 ±    0.00029     3.995 ±  0.070 %    93.961 ±  0.107 %    51.293 ±  0.156 %
   4      22.2173 ±    0.3042      -0.00919 ±    0.00110       0.01915 ±    0.00026     4.061 ±  0.063 %    94.085 ±  0.092 %    52.251 ±  0.136 %
   5      22.2895 ±    0.2740      -0.00801 ±    0.00101       0.01966 ±    0.00023     4.120 ±  0.054 %    94.008 ±  0.083 %    52.545 ±  0.121 %

====== Perplexity statistics ======
Mean PPL(Q)                   :  22.289533 ±   0.274020
Mean PPL(base)                :  22.468784 ±   0.276246
Cor(ln(PPL(Q)), ln(PPL(base))):  99.66%
Mean ln(PPL(Q)/PPL(base))     :  -0.008010 ±   0.001012
Mean PPL(Q)/PPL(base)         :   0.992022 ±   0.001004
Mean PPL(Q)-PPL(base)         :  -0.179251 ±   0.022753

====== KL divergence statistics ======
Mean    KLD:   0.019659 ±   0.000228
Maximum KLD:   5.021129
99.9%   KLD:   0.695798
99.0%   KLD:   0.193130
95.0%   KLD:   0.071915
90.0%   KLD:   0.043194
Median  KLD:   0.007146
10.0%   KLD:   0.000073
 5.0%   KLD:   0.000011
 1.0%   KLD:   0.000000
 0.1%   KLD:  -0.000019
Minimum KLD:  -0.000183

====== Token probability statistics ======
Mean    Δp:  0.060 ± 0.014 %
Maximum Δp: 92.522%
99.9%   Δp: 31.890%
99.0%   Δp: 13.154%
95.0%   Δp:  5.002%
90.0%   Δp:  2.399%
75.0%   Δp:  0.239%
Median  Δp:  0.000%
25.0%   Δp: -0.185%
10.0%   Δp: -2.194%
 5.0%   Δp: -4.663%
 1.0%   Δp: -12.731%
 0.1%   Δp: -30.950%
Minimum Δp: -80.561%
RMS Δp    :  4.120 ± 0.054 %
Same top p: 94.008 ± 0.083 %
Same sampled p: 52.545 ± 0.121 %

------------------------------
# llama-perplexity: version: 0.4.4-dev (build 11430, commit 9d76dc1da-dirty) | built with GNU 15.3.0 for Linux x86_64
# model: /home/crusaderky/.cache/huggingface/hub/models--bloomer010--Ling-3.0-tiny-GGUF/snapshots/56a85ebe2d6d9d2ad6ad00a5014b13667153e236/Ling-3.0-tiny-UD-Q6_K_XL.gguf size=7274546528 mtime=2026-08-21T22:11:42+00:00 sha256/1048576B=cba1e21bb2847960edb7a96a14e4a569616b10df05b4c0b763c6fc373a5b1abb
llama-perplexity --kl-divergence-base /tmp/logits.dat --ctx-size 32768 -f sample-data/wiki.test.head-2.4k.raw -fa on --hf-repo bloomer010/Ling-3.0-tiny-GGUF:UD-Q6_K_XL --cache-type-k q4_0 --cache-type-v q4_0 --kl-divergence
0.00.923.378 W load: special_eos_id is not in special_eog_ids - the tokenizer config may be incorrect
0.02.436.148 I cmn          init: llama threadpool init, n_threads = 16
0.02.501.534 I 
0.02.501.606 I system_info: n_threads = 16 (n_threads_batch = 16) / 32 | CUDA : ARCHS = 750,800,860,890,900,1000,1030,1200,1210 | USE_GRAPHS = 1 | FA_ALL_QUANTS = 1 | CPU : SSE3 = 1 | SSSE3 = 1 | AVX = 1 | AVX2 = 1 | F16C = 1 | FMA = 1 | BMI2 = 1 | LLAMAFILE = 1 | OPENMP = 1 | REPACK = 1 | 
0.02.590.527 I kl_divergence: computing over 5 chunks, n_ctx=32768, batch_size=512, n_seq=1
0.10.890.281 I kl_divergence: 8.30 seconds per pass - ETA 0.68 minutes

chunk             PPL               ln(PPL(Q)/PPL(base))          KL Divergence              Δp RMS            Same top p        Same sampled p
   1      23.1393 ±    0.6282      -0.00998 ±    0.00215       0.01953 ±    0.00036     4.087 ±  0.097 %    93.682 ±  0.190 %    52.015 ±  0.270 %
   2      23.9427 ±    0.4690      -0.00527 ±    0.00156       0.01983 ±    0.00029     4.105 ±  0.073 %    93.707 ±  0.134 %    51.638 ±  0.192 %
   3      24.7539 ±    0.3965      -0.00662 ±    0.00131       0.02071 ±    0.00027     4.184 ±  0.065 %    93.459 ±  0.112 %    51.276 ±  0.156 %
   4      22.3132 ±    0.3060      -0.00489 ±    0.00115       0.02138 ±    0.00025     4.317 ±  0.059 %    93.513 ±  0.096 %    52.224 ±  0.136 %
   5      22.3426 ±    0.2750      -0.00563 ±    0.00105       0.02203 ±    0.00022     4.394 ±  0.053 %    93.494 ±  0.086 %    52.503 ±  0.121 %

====== Perplexity statistics ======
Mean PPL(Q)                   :  22.342642 ±   0.274973
Mean PPL(base)                :  22.468784 ±   0.276246
Cor(ln(PPL(Q)), ln(PPL(base))):  99.64%
Mean ln(PPL(Q)/PPL(base))     :  -0.005630 ±   0.001050
Mean PPL(Q)/PPL(base)         :   0.994386 ±   0.001044
Mean PPL(Q)-PPL(base)         :  -0.126143 ±   0.023552

====== KL divergence statistics ======
Mean    KLD:   0.022035 ±   0.000221
Maximum KLD:   4.237322
99.9%   KLD:   0.740643
99.0%   KLD:   0.216184
95.0%   KLD:   0.082176
90.0%   KLD:   0.049466
Median  KLD:   0.008122
10.0%   KLD:   0.000083
 5.0%   KLD:   0.000012
 1.0%   KLD:  -0.000000
 0.1%   KLD:  -0.000020
Minimum KLD:  -0.000167

====== Token probability statistics ======
Mean    Δp:  0.046 ± 0.015 %
Maximum Δp: 85.519%
99.9%   Δp: 33.343%
99.0%   Δp: 14.381%
95.0%   Δp:  5.357%
90.0%   Δp:  2.527%
75.0%   Δp:  0.244%
Median  Δp:  0.000%
25.0%   Δp: -0.210%
10.0%   Δp: -2.342%
 5.0%   Δp: -5.034%
 1.0%   Δp: -13.556%
 0.1%   Δp: -33.086%
Minimum Δp: -87.886%
RMS Δp    :  4.394 ± 0.053 %
Same top p: 93.494 ± 0.086 %
Same sampled p: 52.503 ± 0.121 %

------------------------------
# llama-perplexity: version: 0.4.4-dev (build 11430, commit 9d76dc1da-dirty) | built with GNU 15.3.0 for Linux x86_64
# model: /home/crusaderky/.cache/huggingface/hub/models--bloomer010--Ling-3.0-tiny-GGUF/snapshots/56a85ebe2d6d9d2ad6ad00a5014b13667153e236/Ling-3.0-tiny-UD-Q6_K_XL.gguf size=7274546528 mtime=2026-08-21T22:11:42+00:00 sha256/1048576B=cba1e21bb2847960edb7a96a14e4a569616b10df05b4c0b763c6fc373a5b1abb
llama-perplexity --kl-divergence-base /tmp/logits.dat --ctx-size 32768 -f sample-data/wiki.test.head-2.4k.raw -fa on --hf-repo bloomer010/Ling-3.0-tiny-GGUF:UD-Q6_K_XL --cache-type-k q3_1 --cache-type-v q3_1 --kl-divergence
0.00.934.733 W load: special_eos_id is not in special_eog_ids - the tokenizer config may be incorrect
0.02.447.188 I cmn          init: llama threadpool init, n_threads = 16
0.02.511.181 I 
0.02.511.258 I system_info: n_threads = 16 (n_threads_batch = 16) / 32 | CUDA : ARCHS = 750,800,860,890,900,1000,1030,1200,1210 | USE_GRAPHS = 1 | FA_ALL_QUANTS = 1 | CPU : SSE3 = 1 | SSSE3 = 1 | AVX = 1 | AVX2 = 1 | F16C = 1 | FMA = 1 | BMI2 = 1 | LLAMAFILE = 1 | OPENMP = 1 | REPACK = 1 | 
0.02.599.317 I kl_divergence: computing over 5 chunks, n_ctx=32768, batch_size=512, n_seq=1
0.10.932.945 I kl_divergence: 8.33 seconds per pass - ETA 0.68 minutes

chunk             PPL               ln(PPL(Q)/PPL(base))          KL Divergence              Δp RMS            Same top p        Same sampled p
   1      23.0629 ±    0.6224      -0.01329 ±    0.00339       0.04680 ±    0.00085     6.368 ±  0.140 %    90.991 ±  0.224 %    51.449 ±  0.270 %
   2      23.7197 ±    0.4620      -0.01463 ±    0.00242       0.04762 ±    0.00063     6.270 ±  0.096 %    90.783 ±  0.160 %    51.069 ±  0.192 %
   3      24.9197 ±    0.3985       0.00005 ±    0.00202       0.05016 ±    0.00056     6.329 ±  0.081 %    90.319 ±  0.133 %    50.719 ±  0.157 %
   4      22.3362 ±    0.3055      -0.00385 ±    0.00176       0.05078 ±    0.00050     6.470 ±  0.071 %    90.334 ±  0.115 %    51.667 ±  0.136 %
   5      22.3767 ±    0.2746      -0.00410 ±    0.00161       0.05234 ±    0.00048     6.576 ±  0.064 %    90.281 ±  0.103 %    51.923 ±  0.122 %

====== Perplexity statistics ======
Mean PPL(Q)                   :  22.376740 ±   0.274556
Mean PPL(base)                :  22.468784 ±   0.276246
Cor(ln(PPL(Q)), ln(PPL(base))):  99.15%
Mean ln(PPL(Q)/PPL(base))     :  -0.004105 ±   0.001606
Mean PPL(Q)/PPL(base)         :   0.995903 ±   0.001599
Mean PPL(Q)-PPL(base)         :  -0.092044 ±   0.036043

====== KL divergence statistics ======
Mean    KLD:   0.052344 ±   0.000483
Maximum KLD:  13.871564
99.9%   KLD:   1.558567
99.0%   KLD:   0.530913
95.0%   KLD:   0.196875
90.0%   KLD:   0.118646
Median  KLD:   0.019944
10.0%   KLD:   0.000209
 5.0%   KLD:   0.000034
 1.0%   KLD:   0.000002
 0.1%   KLD:  -0.000020
Minimum KLD:  -0.000165

====== Token probability statistics ======
Mean    Δp: -0.135 ± 0.023 %
Maximum Δp: 96.653%
99.9%   Δp: 47.956%
99.0%   Δp: 20.392%
95.0%   Δp:  7.701%
90.0%   Δp:  3.695%
75.0%   Δp:  0.334%
Median  Δp: -0.000%
25.0%   Δp: -0.399%
10.0%   Δp: -4.020%
 5.0%   Δp: -8.472%
 1.0%   Δp: -22.827%
 0.1%   Δp: -50.792%
Minimum Δp: -90.362%
RMS Δp    :  6.576 ± 0.064 %
Same top p: 90.281 ± 0.103 %
Same sampled p: 51.923 ± 0.122 %

------------------------------
# llama-perplexity: version: 0.4.4-dev (build 11430, commit 9d76dc1da-dirty) | built with GNU 15.3.0 for Linux x86_64
# model: /home/crusaderky/.cache/huggingface/hub/models--bloomer010--Ling-3.0-tiny-GGUF/snapshots/56a85ebe2d6d9d2ad6ad00a5014b13667153e236/Ling-3.0-tiny-UD-Q6_K_XL.gguf size=7274546528 mtime=2026-08-21T22:11:42+00:00 sha256/1048576B=cba1e21bb2847960edb7a96a14e4a569616b10df05b4c0b763c6fc373a5b1abb
llama-perplexity --kl-divergence-base /tmp/logits.dat --ctx-size 32768 -f sample-data/wiki.test.head-2.4k.raw -fa on --hf-repo bloomer010/Ling-3.0-tiny-GGUF:UD-Q6_K_XL --cache-type-k q3_0 --cache-type-v q3_0 --kl-divergence
0.00.908.389 W load: special_eos_id is not in special_eog_ids - the tokenizer config may be incorrect
0.02.434.612 I cmn          init: llama threadpool init, n_threads = 16
0.02.499.202 I 
0.02.499.283 I system_info: n_threads = 16 (n_threads_batch = 16) / 32 | CUDA : ARCHS = 750,800,860,890,900,1000,1030,1200,1210 | USE_GRAPHS = 1 | FA_ALL_QUANTS = 1 | CPU : SSE3 = 1 | SSSE3 = 1 | AVX = 1 | AVX2 = 1 | F16C = 1 | FMA = 1 | BMI2 = 1 | LLAMAFILE = 1 | OPENMP = 1 | REPACK = 1 | 
0.02.588.508 I kl_divergence: computing over 5 chunks, n_ctx=32768, batch_size=512, n_seq=1
0.10.831.725 I kl_divergence: 8.24 seconds per pass - ETA 0.68 minutes

chunk             PPL               ln(PPL(Q)/PPL(base))          KL Divergence              Δp RMS            Same top p        Same sampled p
   1      23.3866 ±    0.6359       0.00065 ±    0.00345       0.04939 ±    0.00099     6.404 ±  0.146 %    90.313 ±  0.231 %    51.522 ±  0.271 %
   2      24.2042 ±    0.4732       0.00559 ±    0.00242       0.04895 ±    0.00069     6.268 ±  0.101 %    90.252 ±  0.164 %    51.031 ±  0.192 %
   3      25.3165 ±    0.4069       0.01585 ±    0.00201       0.05055 ±    0.00058     6.312 ±  0.082 %    90.002 ±  0.135 %    50.814 ±  0.157 %
   4      22.8142 ±    0.3141       0.01732 ±    0.00177       0.05166 ±    0.00052     6.459 ±  0.071 %    90.072 ±  0.117 %    51.775 ±  0.136 %
   5      22.7885 ±    0.2815       0.01413 ±    0.00162       0.05370 ±    0.00050     6.596 ±  0.064 %    89.962 ±  0.105 %    52.064 ±  0.122 %

====== Perplexity statistics ======
Mean PPL(Q)                   :  22.788535 ±   0.281524
Mean PPL(base)                :  22.468784 ±   0.276246
Cor(ln(PPL(Q)), ln(PPL(base))):  99.14%
Mean ln(PPL(Q)/PPL(base))     :   0.014131 ±   0.001617
Mean PPL(Q)/PPL(base)         :   1.014231 ±   0.001640
Mean PPL(Q)-PPL(base)         :   0.319750 ±   0.036952

====== KL divergence statistics ======
Mean    KLD:   0.053700 ±   0.000500
Maximum KLD:  11.094346
99.9%   KLD:   1.776417
99.0%   KLD:   0.523602
95.0%   KLD:   0.202998
90.0%   KLD:   0.121535
Median  KLD:   0.020098
10.0%   KLD:   0.000206
 5.0%   KLD:   0.000033
 1.0%   KLD:   0.000001
 0.1%   KLD:  -0.000018
Minimum KLD:  -0.000176

====== Token probability statistics ======
Mean    Δp: -0.096 ± 0.023 %
Maximum Δp: 94.988%
99.9%   Δp: 48.012%
99.0%   Δp: 20.757%
95.0%   Δp:  7.914%
90.0%   Δp:  3.766%
75.0%   Δp:  0.336%
Median  Δp: -0.000%
25.0%   Δp: -0.374%
10.0%   Δp: -3.938%
 5.0%   Δp: -8.374%
 1.0%   Δp: -22.336%
 0.1%   Δp: -52.331%
Minimum Δp: -97.102%
RMS Δp    :  6.596 ± 0.064 %
Same top p: 89.962 ± 0.105 %
Same sampled p: 52.064 ± 0.122 %

------------------------------
# llama-perplexity: version: 0.4.4-dev (build 11430, commit 9d76dc1da-dirty) | built with GNU 15.3.0 for Linux x86_64
# model: /home/crusaderky/.cache/huggingface/hub/models--bloomer010--Ling-3.0-tiny-GGUF/snapshots/56a85ebe2d6d9d2ad6ad00a5014b13667153e236/Ling-3.0-tiny-Q6_K.gguf size=6499262528 mtime=2026-08-21T22:16:41+00:00 sha256/1048576B=75fdfc6eff4f5ae2fde9e53f7edc5bed48a62c7dfb2bdb8acebcf7ce2138227b
llama-perplexity --kl-divergence-base /tmp/logits.dat --ctx-size 32768 -f sample-data/wiki.test.head-2.4k.raw -fa on --hf-repo bloomer010/Ling-3.0-tiny-GGUF:Q6_K --cache-type-k q8_0 --cache-type-v q8_0 --kl-divergence
0.00.921.470 W load: special_eos_id is not in special_eog_ids - the tokenizer config may be incorrect
0.06.285.626 I cmn          init: llama threadpool init, n_threads = 16
0.06.355.725 I 
0.06.355.797 I system_info: n_threads = 16 (n_threads_batch = 16) / 32 | CUDA : ARCHS = 750,800,860,890,900,1000,1030,1200,1210 | USE_GRAPHS = 1 | FA_ALL_QUANTS = 1 | CPU : SSE3 = 1 | SSSE3 = 1 | AVX = 1 | AVX2 = 1 | F16C = 1 | FMA = 1 | BMI2 = 1 | LLAMAFILE = 1 | OPENMP = 1 | REPACK = 1 | 
0.06.447.886 I kl_divergence: computing over 5 chunks, n_ctx=32768, batch_size=512, n_seq=1
0.14.901.919 I kl_divergence: 8.45 seconds per pass - ETA 0.70 minutes

chunk             PPL               ln(PPL(Q)/PPL(base))          KL Divergence              Δp RMS            Same top p        Same sampled p
   1      23.1096 ±    0.6291      -0.01127 ±    0.00191       0.01543 ±    0.00030     3.647 ±  0.094 %    94.690 ±  0.175 %    52.262 ±  0.270 %
   2      23.8685 ±    0.4674      -0.00838 ±    0.00135       0.01545 ±    0.00026     3.624 ±  0.073 %    94.549 ±  0.125 %    51.726 ±  0.192 %
   3      24.7585 ±    0.3968      -0.00644 ±    0.00113       0.01596 ±    0.00021     3.617 ±  0.060 %    94.218 ±  0.105 %    51.387 ±  0.156 %
   4      22.3641 ±    0.3071      -0.00261 ±    0.00100       0.01625 ±    0.00020     3.695 ±  0.052 %    94.383 ±  0.090 %    52.380 ±  0.136 %
   5      22.4229 ±    0.2764      -0.00204 ±    0.00092       0.01683 ±    0.00017     3.783 ±  0.045 %    94.332 ±  0.081 %    52.661 ±  0.121 %

====== Perplexity statistics ======
Mean PPL(Q)                   :  22.422893 ±   0.276404
Mean PPL(base)                :  22.468784 ±   0.276246
Cor(ln(PPL(Q)), ln(PPL(base))):  99.72%
Mean ln(PPL(Q)/PPL(base))     :  -0.002045 ±   0.000918
Mean PPL(Q)/PPL(base)         :   0.997958 ±   0.000916
Mean PPL(Q)-PPL(base)         :  -0.045891 ±   0.020597

====== KL divergence statistics ======
Mean    KLD:   0.016834 ±   0.000174
Maximum KLD:   4.729005
99.9%   KLD:   0.534976
99.0%   KLD:   0.163083
95.0%   KLD:   0.061247
90.0%   KLD:   0.037632
Median  KLD:   0.006633
10.0%   KLD:   0.000056
 5.0%   KLD:   0.000007
 1.0%   KLD:  -0.000001
 0.1%   KLD:  -0.000035
Minimum KLD:  -0.000202

====== Token probability statistics ======
Mean    Δp:  0.065 ± 0.013 %
Maximum Δp: 81.015%
99.9%   Δp: 27.939%
99.0%   Δp: 12.404%
95.0%   Δp:  4.741%
90.0%   Δp:  2.239%
75.0%   Δp:  0.222%
Median  Δp:  0.000%
25.0%   Δp: -0.177%
10.0%   Δp: -2.074%
 5.0%   Δp: -4.345%
 1.0%   Δp: -11.374%
 0.1%   Δp: -29.242%
Minimum Δp: -86.297%
RMS Δp    :  3.783 ± 0.045 %
Same top p: 94.332 ± 0.081 %
Same sampled p: 52.661 ± 0.121 %

------------------------------
# llama-perplexity: version: 0.4.4-dev (build 11430, commit 9d76dc1da-dirty) | built with GNU 15.3.0 for Linux x86_64
# model: /home/crusaderky/.cache/huggingface/hub/models--bloomer010--Ling-3.0-tiny-GGUF/snapshots/56a85ebe2d6d9d2ad6ad00a5014b13667153e236/Ling-3.0-tiny-Q6_K.gguf size=6499262528 mtime=2026-08-21T22:16:41+00:00 sha256/1048576B=75fdfc6eff4f5ae2fde9e53f7edc5bed48a62c7dfb2bdb8acebcf7ce2138227b
llama-perplexity --kl-divergence-base /tmp/logits.dat --ctx-size 32768 -f sample-data/wiki.test.head-2.4k.raw -fa on --hf-repo bloomer010/Ling-3.0-tiny-GGUF:Q6_K --cache-type-k q6_0 --cache-type-v q6_0 --kl-divergence
0.00.937.146 W load: special_eos_id is not in special_eog_ids - the tokenizer config may be incorrect
0.02.345.638 I cmn          init: llama threadpool init, n_threads = 16
0.02.408.894 I 
0.02.408.959 I system_info: n_threads = 16 (n_threads_batch = 16) / 32 | CUDA : ARCHS = 750,800,860,890,900,1000,1030,1200,1210 | USE_GRAPHS = 1 | FA_ALL_QUANTS = 1 | CPU : SSE3 = 1 | SSSE3 = 1 | AVX = 1 | AVX2 = 1 | F16C = 1 | FMA = 1 | BMI2 = 1 | LLAMAFILE = 1 | OPENMP = 1 | REPACK = 1 | 
0.02.496.497 I kl_divergence: computing over 5 chunks, n_ctx=32768, batch_size=512, n_seq=1
0.10.965.720 I kl_divergence: 8.47 seconds per pass - ETA 0.70 minutes

chunk             PPL               ln(PPL(Q)/PPL(base))          KL Divergence              Δp RMS            Same top p        Same sampled p
   1      23.0689 ±    0.6275      -0.01303 ±    0.00193       0.01569 ±    0.00030     3.576 ±  0.086 %    94.439 ±  0.179 %    52.249 ±  0.270 %
   2      23.7862 ±    0.4651      -0.01183 ±    0.00136       0.01596 ±    0.00028     3.641 ±  0.071 %    94.384 ±  0.127 %    51.677 ±  0.192 %
   3      24.7328 ±    0.3960      -0.00748 ±    0.00115       0.01648 ±    0.00022     3.668 ±  0.058 %    94.110 ±  0.106 %    51.337 ±  0.156 %
   4      22.3476 ±    0.3066      -0.00335 ±    0.00101       0.01682 ±    0.00021     3.774 ±  0.053 %    94.256 ±  0.091 %    52.327 ±  0.136 %
   5      22.4195 ±    0.2761      -0.00219 ±    0.00093       0.01730 ±    0.00018     3.837 ±  0.046 %    94.254 ±  0.081 %    52.614 ±  0.121 %

====== Perplexity statistics ======
Mean PPL(Q)                   :  22.419545 ±   0.276116
Mean PPL(base)                :  22.468784 ±   0.276246
Cor(ln(PPL(Q)), ln(PPL(base))):  99.71%
Mean ln(PPL(Q)/PPL(base))     :  -0.002194 ±   0.000931
Mean PPL(Q)/PPL(base)         :   0.997809 ±   0.000929
Mean PPL(Q)-PPL(base)         :  -0.049240 ±   0.020880

====== KL divergence statistics ======
Mean    KLD:   0.017299 ±   0.000183
Maximum KLD:   5.325473
99.9%   KLD:   0.560842
99.0%   KLD:   0.161122
95.0%   KLD:   0.062926
90.0%   KLD:   0.038725
Median  KLD:   0.006935
10.0%   KLD:   0.000060
 5.0%   KLD:   0.000008
 1.0%   KLD:  -0.000001
 0.1%   KLD:  -0.000028
Minimum KLD:  -0.000230

====== Token probability statistics ======
Mean    Δp:  0.029 ± 0.013 %
Maximum Δp: 85.325%
99.9%   Δp: 28.576%
99.0%   Δp: 12.386%
95.0%   Δp:  4.634%
90.0%   Δp:  2.227%
75.0%   Δp:  0.218%
Median  Δp:  0.000%
25.0%   Δp: -0.190%
10.0%   Δp: -2.182%
 5.0%   Δp: -4.540%
 1.0%   Δp: -12.084%
 0.1%   Δp: -29.383%
Minimum Δp: -80.717%
RMS Δp    :  3.837 ± 0.046 %
Same top p: 94.254 ± 0.081 %
Same sampled p: 52.614 ± 0.121 %

------------------------------
# llama-perplexity: version: 0.4.4-dev (build 11430, commit 9d76dc1da-dirty) | built with GNU 15.3.0 for Linux x86_64
# model: /home/crusaderky/.cache/huggingface/hub/models--bloomer010--Ling-3.0-tiny-GGUF/snapshots/56a85ebe2d6d9d2ad6ad00a5014b13667153e236/Ling-3.0-tiny-Q6_K.gguf size=6499262528 mtime=2026-08-21T22:16:41+00:00 sha256/1048576B=75fdfc6eff4f5ae2fde9e53f7edc5bed48a62c7dfb2bdb8acebcf7ce2138227b
llama-perplexity --kl-divergence-base /tmp/logits.dat --ctx-size 32768 -f sample-data/wiki.test.head-2.4k.raw -fa on --hf-repo bloomer010/Ling-3.0-tiny-GGUF:Q6_K --cache-type-k q5_1 --cache-type-v q5_1 --kl-divergence
0.00.936.848 W load: special_eos_id is not in special_eog_ids - the tokenizer config may be incorrect
0.02.323.743 I cmn          init: llama threadpool init, n_threads = 16
0.02.387.674 I 
0.02.387.751 I system_info: n_threads = 16 (n_threads_batch = 16) / 32 | CUDA : ARCHS = 750,800,860,890,900,1000,1030,1200,1210 | USE_GRAPHS = 1 | FA_ALL_QUANTS = 1 | CPU : SSE3 = 1 | SSSE3 = 1 | AVX = 1 | AVX2 = 1 | F16C = 1 | FMA = 1 | BMI2 = 1 | LLAMAFILE = 1 | OPENMP = 1 | REPACK = 1 | 
0.02.475.058 I kl_divergence: computing over 5 chunks, n_ctx=32768, batch_size=512, n_seq=1
0.10.910.619 I kl_divergence: 8.44 seconds per pass - ETA 0.70 minutes

chunk             PPL               ln(PPL(Q)/PPL(base))          KL Divergence              Δp RMS            Same top p        Same sampled p
   1      23.2280 ±    0.6328      -0.00615 ±    0.00204       0.01757 ±    0.00039     3.874 ±  0.112 %    94.055 ±  0.185 %    52.219 ±  0.270 %
   2      23.8057 ±    0.4652      -0.01101 ±    0.00144       0.01732 ±    0.00029     3.866 ±  0.084 %    94.226 ±  0.129 %    51.618 ±  0.192 %
   3      24.7163 ±    0.3954      -0.00814 ±    0.00121       0.01796 ±    0.00023     3.863 ±  0.064 %    93.941 ±  0.108 %    51.288 ±  0.156 %
   4      22.3701 ±    0.3067      -0.00234 ±    0.00106       0.01825 ±    0.00022     3.967 ±  0.057 %    94.059 ±  0.092 %    52.255 ±  0.136 %
   5      22.4421 ±    0.2763      -0.00119 ±    0.00097       0.01890 ±    0.00019     4.059 ±  0.050 %    93.996 ±  0.083 %    52.570 ±  0.121 %

====== Perplexity statistics ======
Mean PPL(Q)                   :  22.442130 ±   0.276340
Mean PPL(base)                :  22.468784 ±   0.276246
Cor(ln(PPL(Q)), ln(PPL(base))):  99.69%
Mean ln(PPL(Q)/PPL(base))     :  -0.001187 ±   0.000972
Mean PPL(Q)/PPL(base)         :   0.998814 ±   0.000971
Mean PPL(Q)-PPL(base)         :  -0.026654 ±   0.021823

====== KL divergence statistics ======
Mean    KLD:   0.018898 ±   0.000191
Maximum KLD:   5.079587
99.9%   KLD:   0.636531
99.0%   KLD:   0.180347
95.0%   KLD:   0.067936
90.0%   KLD:   0.042053
Median  KLD:   0.007574
10.0%   KLD:   0.000066
 5.0%   KLD:   0.000009
 1.0%   KLD:  -0.000001
 0.1%   KLD:  -0.000031
Minimum KLD:  -0.000206

====== Token probability statistics ======
Mean    Δp:  0.010 ± 0.014 %
Maximum Δp: 84.636%
99.9%   Δp: 30.765%
99.0%   Δp: 13.192%
95.0%   Δp:  4.889%
90.0%   Δp:  2.291%
75.0%   Δp:  0.210%
Median  Δp:  0.000%
25.0%   Δp: -0.210%
10.0%   Δp: -2.324%
 5.0%   Δp: -4.873%
 1.0%   Δp: -12.528%
 0.1%   Δp: -31.758%
Minimum Δp: -87.374%
RMS Δp    :  4.059 ± 0.050 %
Same top p: 93.996 ± 0.083 %
Same sampled p: 52.570 ± 0.121 %

------------------------------
# llama-perplexity: version: 0.4.4-dev (build 11430, commit 9d76dc1da-dirty) | built with GNU 15.3.0 for Linux x86_64
# model: /home/crusaderky/.cache/huggingface/hub/models--bloomer010--Ling-3.0-tiny-GGUF/snapshots/56a85ebe2d6d9d2ad6ad00a5014b13667153e236/Ling-3.0-tiny-Q6_K.gguf size=6499262528 mtime=2026-08-21T22:16:41+00:00 sha256/1048576B=75fdfc6eff4f5ae2fde9e53f7edc5bed48a62c7dfb2bdb8acebcf7ce2138227b
llama-perplexity --kl-divergence-base /tmp/logits.dat --ctx-size 32768 -f sample-data/wiki.test.head-2.4k.raw -fa on --hf-repo bloomer010/Ling-3.0-tiny-GGUF:Q6_K --cache-type-k q5_0 --cache-type-v q5_0 --kl-divergence
0.00.948.283 W load: special_eos_id is not in special_eog_ids - the tokenizer config may be incorrect
0.02.359.720 I cmn          init: llama threadpool init, n_threads = 16
0.02.425.343 I 
0.02.425.417 I system_info: n_threads = 16 (n_threads_batch = 16) / 32 | CUDA : ARCHS = 750,800,860,890,900,1000,1030,1200,1210 | USE_GRAPHS = 1 | FA_ALL_QUANTS = 1 | CPU : SSE3 = 1 | SSSE3 = 1 | AVX = 1 | AVX2 = 1 | F16C = 1 | FMA = 1 | BMI2 = 1 | LLAMAFILE = 1 | OPENMP = 1 | REPACK = 1 | 
0.02.516.244 I kl_divergence: computing over 5 chunks, n_ctx=32768, batch_size=512, n_seq=1
0.10.972.038 I kl_divergence: 8.46 seconds per pass - ETA 0.70 minutes

chunk             PPL               ln(PPL(Q)/PPL(base))          KL Divergence              Δp RMS            Same top p        Same sampled p
   1      23.0046 ±    0.6250      -0.01582 ±    0.00206       0.01846 ±    0.00040     3.970 ±  0.112 %    94.226 ±  0.182 %    52.149 ±  0.270 %
   2      23.7643 ±    0.4647      -0.01275 ±    0.00145       0.01809 ±    0.00030     3.926 ±  0.084 %    94.091 ±  0.130 %    51.645 ±  0.192 %
   3      24.6401 ±    0.3942      -0.01123 ±    0.00122       0.01879 ±    0.00024     3.925 ±  0.066 %    93.733 ±  0.109 %    51.301 ±  0.156 %
   4      22.2772 ±    0.3054      -0.00650 ±    0.00108       0.01925 ±    0.00024     4.073 ±  0.062 %    93.879 ±  0.094 %    52.284 ±  0.136 %
   5      22.3587 ±    0.2752      -0.00491 ±    0.00099       0.01972 ±    0.00020     4.137 ±  0.053 %    93.846 ±  0.084 %    52.574 ±  0.121 %

====== Perplexity statistics ======
Mean PPL(Q)                   :  22.358655 ±   0.275206
Mean PPL(base)                :  22.468784 ±   0.276246
Cor(ln(PPL(Q)), ln(PPL(base))):  99.68%
Mean ln(PPL(Q)/PPL(base))     :  -0.004914 ±   0.000987
Mean PPL(Q)/PPL(base)         :   0.995099 ±   0.000982
Mean PPL(Q)-PPL(base)         :  -0.110130 ±   0.022145

====== KL divergence statistics ======
Mean    KLD:   0.019716 ±   0.000203
Maximum KLD:   5.152796
99.9%   KLD:   0.626890
99.0%   KLD:   0.183401
95.0%   KLD:   0.071755
90.0%   KLD:   0.044276
Median  KLD:   0.007782
10.0%   KLD:   0.000070
 5.0%   KLD:   0.000010
 1.0%   KLD:  -0.000001
 0.1%   KLD:  -0.000032
Minimum KLD:  -0.000267

====== Token probability statistics ======
Mean    Δp:  0.039 ± 0.014 %
Maximum Δp: 87.646%
99.9%   Δp: 30.178%
99.0%   Δp: 13.453%
95.0%   Δp:  5.085%
90.0%   Δp:  2.400%
75.0%   Δp:  0.235%
Median  Δp:  0.000%
25.0%   Δp: -0.199%
10.0%   Δp: -2.315%
 5.0%   Δp: -4.916%
 1.0%   Δp: -12.538%
 0.1%   Δp: -30.225%
Minimum Δp: -85.061%
RMS Δp    :  4.137 ± 0.053 %
Same top p: 93.846 ± 0.084 %
Same sampled p: 52.574 ± 0.121 %

------------------------------
# llama-perplexity: version: 0.4.4-dev (build 11430, commit 9d76dc1da-dirty) | built with GNU 15.3.0 for Linux x86_64
# model: /home/crusaderky/.cache/huggingface/hub/models--bloomer010--Ling-3.0-tiny-GGUF/snapshots/56a85ebe2d6d9d2ad6ad00a5014b13667153e236/Ling-3.0-tiny-Q6_K.gguf size=6499262528 mtime=2026-08-21T22:16:41+00:00 sha256/1048576B=75fdfc6eff4f5ae2fde9e53f7edc5bed48a62c7dfb2bdb8acebcf7ce2138227b
llama-perplexity --kl-divergence-base /tmp/logits.dat --ctx-size 32768 -f sample-data/wiki.test.head-2.4k.raw -fa on --hf-repo bloomer010/Ling-3.0-tiny-GGUF:Q6_K --cache-type-k q4_1 --cache-type-v q4_1 --kl-divergence
0.00.924.461 W load: special_eos_id is not in special_eog_ids - the tokenizer config may be incorrect
0.02.358.623 I cmn          init: llama threadpool init, n_threads = 16
0.02.425.206 I 
0.02.425.269 I system_info: n_threads = 16 (n_threads_batch = 16) / 32 | CUDA : ARCHS = 750,800,860,890,900,1000,1030,1200,1210 | USE_GRAPHS = 1 | FA_ALL_QUANTS = 1 | CPU : SSE3 = 1 | SSSE3 = 1 | AVX = 1 | AVX2 = 1 | F16C = 1 | FMA = 1 | BMI2 = 1 | LLAMAFILE = 1 | OPENMP = 1 | REPACK = 1 | 
0.02.515.610 I kl_divergence: computing over 5 chunks, n_ctx=32768, batch_size=512, n_seq=1
0.10.962.722 I kl_divergence: 8.45 seconds per pass - ETA 0.70 minutes

chunk             PPL               ln(PPL(Q)/PPL(base))          KL Divergence              Δp RMS            Same top p        Same sampled p
   1      22.9908 ±    0.6251      -0.01642 ±    0.00234       0.02291 ±    0.00041     4.388 ±  0.100 %    93.200 ±  0.197 %    52.114 ±  0.270 %
   2      23.8198 ±    0.4659      -0.01042 ±    0.00164       0.02265 ±    0.00031     4.340 ±  0.076 %    93.234 ±  0.139 %    51.580 ±  0.192 %
   3      24.8093 ±    0.3971      -0.00439 ±    0.00138       0.02359 ±    0.00027     4.379 ±  0.064 %    93.042 ±  0.115 %    51.188 ±  0.156 %
   4      22.4006 ±    0.3071      -0.00098 ±    0.00121       0.02393 ±    0.00025     4.480 ±  0.057 %    93.190 ±  0.098 %    52.132 ±  0.136 %
   5      22.5053 ±    0.2772       0.00163 ±    0.00110       0.02459 ±    0.00022     4.578 ±  0.051 %    93.212 ±  0.088 %    52.442 ±  0.121 %

====== Perplexity statistics ======
Mean PPL(Q)                   :  22.505348 ±   0.277178
Mean PPL(base)                :  22.468784 ±   0.276246
Cor(ln(PPL(Q)), ln(PPL(base))):  99.60%
Mean ln(PPL(Q)/PPL(base))     :   0.001626 ±   0.001100
Mean PPL(Q)/PPL(base)         :   1.001627 ±   0.001102
Mean PPL(Q)-PPL(base)         :   0.036564 ±   0.024759

====== KL divergence statistics ======
Mean    KLD:   0.024589 ±   0.000224
Maximum KLD:   5.465237
99.9%   KLD:   0.709212
99.0%   KLD:   0.231241
95.0%   KLD:   0.091178
90.0%   KLD:   0.056001
Median  KLD:   0.009881
10.0%   KLD:   0.000090
 5.0%   KLD:   0.000013
 1.0%   KLD:  -0.000000
 0.1%   KLD:  -0.000025
Minimum KLD:  -0.000175

====== Token probability statistics ======
Mean    Δp: -0.047 ± 0.016 %
Maximum Δp: 85.715%
99.9%   Δp: 32.887%
99.0%   Δp: 14.444%
95.0%   Δp:  5.510%
90.0%   Δp:  2.582%
75.0%   Δp:  0.234%
Median  Δp: -0.000%
25.0%   Δp: -0.259%
10.0%   Δp: -2.770%
 5.0%   Δp: -5.638%
 1.0%   Δp: -14.988%
 0.1%   Δp: -36.157%
Minimum Δp: -87.114%
RMS Δp    :  4.578 ± 0.051 %
Same top p: 93.212 ± 0.088 %
Same sampled p: 52.442 ± 0.121 %

------------------------------
# llama-perplexity: version: 0.4.4-dev (build 11430, commit 9d76dc1da-dirty) | built with GNU 15.3.0 for Linux x86_64
# model: /home/crusaderky/.cache/huggingface/hub/models--bloomer010--Ling-3.0-tiny-GGUF/snapshots/56a85ebe2d6d9d2ad6ad00a5014b13667153e236/Ling-3.0-tiny-Q6_K.gguf size=6499262528 mtime=2026-08-21T22:16:41+00:00 sha256/1048576B=75fdfc6eff4f5ae2fde9e53f7edc5bed48a62c7dfb2bdb8acebcf7ce2138227b
llama-perplexity --kl-divergence-base /tmp/logits.dat --ctx-size 32768 -f sample-data/wiki.test.head-2.4k.raw -fa on --hf-repo bloomer010/Ling-3.0-tiny-GGUF:Q6_K --cache-type-k q4_0 --cache-type-v q4_0 --kl-divergence
0.00.931.295 W load: special_eos_id is not in special_eog_ids - the tokenizer config may be incorrect
0.02.344.757 I cmn          init: llama threadpool init, n_threads = 16
0.02.410.028 I 
0.02.410.100 I system_info: n_threads = 16 (n_threads_batch = 16) / 32 | CUDA : ARCHS = 750,800,860,890,900,1000,1030,1200,1210 | USE_GRAPHS = 1 | FA_ALL_QUANTS = 1 | CPU : SSE3 = 1 | SSSE3 = 1 | AVX = 1 | AVX2 = 1 | F16C = 1 | FMA = 1 | BMI2 = 1 | LLAMAFILE = 1 | OPENMP = 1 | REPACK = 1 | 
0.02.498.848 I kl_divergence: computing over 5 chunks, n_ctx=32768, batch_size=512, n_seq=1
0.10.927.322 I kl_divergence: 8.43 seconds per pass - ETA 0.70 minutes

chunk             PPL               ln(PPL(Q)/PPL(base))          KL Divergence              Δp RMS            Same top p        Same sampled p
   1      23.3259 ±    0.6349      -0.00195 ±    0.00243       0.02475 ±    0.00044     4.531 ±  0.098 %    93.151 ±  0.197 %    51.959 ±  0.270 %
   2      24.1291 ±    0.4731       0.00248 ±    0.00172       0.02512 ±    0.00037     4.596 ±  0.079 %    93.005 ±  0.141 %    51.497 ±  0.192 %
   3      25.0494 ±    0.4018       0.00524 ±    0.00144       0.02600 ±    0.00032     4.593 ±  0.064 %    92.736 ±  0.117 %    51.130 ±  0.156 %
   4      22.5544 ±    0.3099       0.00587 ±    0.00126       0.02642 ±    0.00028     4.706 ±  0.058 %    92.811 ±  0.101 %    52.132 ±  0.136 %
   5      22.5790 ±    0.2784       0.00489 ±    0.00115       0.02720 ±    0.00025     4.787 ±  0.051 %    92.782 ±  0.090 %    52.420 ±  0.121 %

====== Perplexity statistics ======
Mean PPL(Q)                   :  22.579032 ±   0.278443
Mean PPL(base)                :  22.468784 ±   0.276246
Cor(ln(PPL(Q)), ln(PPL(base))):  99.56%
Mean ln(PPL(Q)/PPL(base))     :   0.004895 ±   0.001153
Mean PPL(Q)/PPL(base)         :   1.004907 ±   0.001158
Mean PPL(Q)-PPL(base)         :   0.110248 ±   0.026041

====== KL divergence statistics ======
Mean    KLD:   0.027200 ±   0.000254
Maximum KLD:   5.788586
99.9%   KLD:   0.839041
99.0%   KLD:   0.266395
95.0%   KLD:   0.099482
90.0%   KLD:   0.061427
Median  KLD:   0.010910
10.0%   KLD:   0.000101
 5.0%   KLD:   0.000015
 1.0%   KLD:  -0.000000
 0.1%   KLD:  -0.000026
Minimum KLD:  -0.000171

====== Token probability statistics ======
Mean    Δp: -0.053 ± 0.017 %
Maximum Δp: 88.367%
99.9%   Δp: 35.629%
99.0%   Δp: 14.978%
95.0%   Δp:  5.760%
90.0%   Δp:  2.673%
75.0%   Δp:  0.237%
Median  Δp: -0.000%
25.0%   Δp: -0.272%
10.0%   Δp: -2.869%
 5.0%   Δp: -5.997%
 1.0%   Δp: -15.540%
 0.1%   Δp: -38.378%
Minimum Δp: -79.905%
RMS Δp    :  4.787 ± 0.051 %
Same top p: 92.782 ± 0.090 %
Same sampled p: 52.420 ± 0.121 %

------------------------------
# llama-perplexity: version: 0.4.4-dev (build 11430, commit 9d76dc1da-dirty) | built with GNU 15.3.0 for Linux x86_64
# model: /home/crusaderky/.cache/huggingface/hub/models--bloomer010--Ling-3.0-tiny-GGUF/snapshots/56a85ebe2d6d9d2ad6ad00a5014b13667153e236/Ling-3.0-tiny-Q6_K.gguf size=6499262528 mtime=2026-08-21T22:16:41+00:00 sha256/1048576B=75fdfc6eff4f5ae2fde9e53f7edc5bed48a62c7dfb2bdb8acebcf7ce2138227b
llama-perplexity --kl-divergence-base /tmp/logits.dat --ctx-size 32768 -f sample-data/wiki.test.head-2.4k.raw -fa on --hf-repo bloomer010/Ling-3.0-tiny-GGUF:Q6_K --cache-type-k q3_1 --cache-type-v q3_1 --kl-divergence
0.00.917.022 W load: special_eos_id is not in special_eog_ids - the tokenizer config may be incorrect
0.02.307.000 I cmn          init: llama threadpool init, n_threads = 16
0.02.371.183 I 
0.02.371.252 I system_info: n_threads = 16 (n_threads_batch = 16) / 32 | CUDA : ARCHS = 750,800,860,890,900,1000,1030,1200,1210 | USE_GRAPHS = 1 | FA_ALL_QUANTS = 1 | CPU : SSE3 = 1 | SSSE3 = 1 | AVX = 1 | AVX2 = 1 | F16C = 1 | FMA = 1 | BMI2 = 1 | LLAMAFILE = 1 | OPENMP = 1 | REPACK = 1 | 
0.02.457.737 I kl_divergence: computing over 5 chunks, n_ctx=32768, batch_size=512, n_seq=1
0.10.897.824 I kl_divergence: 8.44 seconds per pass - ETA 0.70 minutes

chunk             PPL               ln(PPL(Q)/PPL(base))          KL Divergence              Δp RMS            Same top p        Same sampled p
   1      22.9111 ±    0.6180      -0.01989 ±    0.00350       0.05252 ±    0.00110     6.850 ±  0.160 %    90.118 ±  0.233 %    51.294 ±  0.270 %
   2      23.8716 ±    0.4653      -0.00825 ±    0.00251       0.05334 ±    0.00082     6.690 ±  0.112 %    90.090 ±  0.165 %    50.911 ±  0.192 %
   3      25.0808 ±    0.4008       0.00650 ±    0.00210       0.05586 ±    0.00065     6.725 ±  0.088 %    89.581 ±  0.138 %    50.497 ±  0.157 %
   4      22.5588 ±    0.3088       0.00606 ±    0.00183       0.05604 ±    0.00057     6.813 ±  0.076 %    89.684 ±  0.119 %    51.507 ±  0.136 %
   5      22.6580 ±    0.2786       0.00839 ±    0.00167       0.05783 ±    0.00053     6.933 ±  0.068 %    89.627 ±  0.107 %    51.792 ±  0.122 %

====== Perplexity statistics ======
Mean PPL(Q)                   :  22.658018 ±   0.278617
Mean PPL(base)                :  22.468784 ±   0.276246
Cor(ln(PPL(Q)), ln(PPL(base))):  99.08%
Mean ln(PPL(Q)/PPL(base))     :   0.008387 ±   0.001670
Mean PPL(Q)/PPL(base)         :   1.008422 ±   0.001685
Mean PPL(Q)-PPL(base)         :   0.189234 ±   0.037765

====== KL divergence statistics ======
Mean    KLD:   0.057830 ±   0.000534
Maximum KLD:  13.145640
99.9%   KLD:   1.715934
99.0%   KLD:   0.565758
95.0%   KLD:   0.215016
90.0%   KLD:   0.130178
Median  KLD:   0.022629
10.0%   KLD:   0.000227
 5.0%   KLD:   0.000037
 1.0%   KLD:   0.000002
 0.1%   KLD:  -0.000016
Minimum KLD:  -0.000230

====== Token probability statistics ======
Mean    Δp: -0.260 ± 0.024 %
Maximum Δp: 98.209%
99.9%   Δp: 47.254%
99.0%   Δp: 21.102%
95.0%   Δp:  7.858%
90.0%   Δp:  3.700%
75.0%   Δp:  0.294%
Median  Δp: -0.000%
25.0%   Δp: -0.472%
10.0%   Δp: -4.480%
 5.0%   Δp: -9.329%
 1.0%   Δp: -24.321%
 0.1%   Δp: -56.706%
Minimum Δp: -93.734%
RMS Δp    :  6.933 ± 0.068 %
Same top p: 89.627 ± 0.107 %
Same sampled p: 51.792 ± 0.122 %

------------------------------
# llama-perplexity: version: 0.4.4-dev (build 11430, commit 9d76dc1da-dirty) | built with GNU 15.3.0 for Linux x86_64
# model: /home/crusaderky/.cache/huggingface/hub/models--bloomer010--Ling-3.0-tiny-GGUF/snapshots/56a85ebe2d6d9d2ad6ad00a5014b13667153e236/Ling-3.0-tiny-Q6_K.gguf size=6499262528 mtime=2026-08-21T22:16:41+00:00 sha256/1048576B=75fdfc6eff4f5ae2fde9e53f7edc5bed48a62c7dfb2bdb8acebcf7ce2138227b
llama-perplexity --kl-divergence-base /tmp/logits.dat --ctx-size 32768 -f sample-data/wiki.test.head-2.4k.raw -fa on --hf-repo bloomer010/Ling-3.0-tiny-GGUF:Q6_K --cache-type-k q3_0 --cache-type-v q3_0 --kl-divergence
0.00.913.804 W load: special_eos_id is not in special_eog_ids - the tokenizer config may be incorrect
0.02.299.960 I cmn          init: llama threadpool init, n_threads = 16
0.02.363.379 I 
0.02.363.452 I system_info: n_threads = 16 (n_threads_batch = 16) / 32 | CUDA : ARCHS = 750,800,860,890,900,1000,1030,1200,1210 | USE_GRAPHS = 1 | FA_ALL_QUANTS = 1 | CPU : SSE3 = 1 | SSSE3 = 1 | AVX = 1 | AVX2 = 1 | F16C = 1 | FMA = 1 | BMI2 = 1 | LLAMAFILE = 1 | OPENMP = 1 | REPACK = 1 | 
0.02.448.606 I kl_divergence: computing over 5 chunks, n_ctx=32768, batch_size=512, n_seq=1
0.10.875.501 I kl_divergence: 8.43 seconds per pass - ETA 0.70 minutes

chunk             PPL               ln(PPL(Q)/PPL(base))          KL Divergence              Δp RMS            Same top p        Same sampled p
   1      23.8540 ±    0.6510       0.02044 ±    0.00366       0.05441 ±    0.00105     6.749 ±  0.145 %    89.886 ±  0.236 %    51.320 ±  0.271 %
   2      24.5437 ±    0.4821       0.01952 ±    0.00253       0.05309 ±    0.00073     6.533 ±  0.101 %    89.974 ±  0.166 %    50.956 ±  0.192 %
   3      25.6379 ±    0.4132       0.02846 ±    0.00211       0.05548 ±    0.00063     6.618 ±  0.083 %    89.564 ±  0.138 %    50.677 ±  0.157 %
   4      23.0456 ±    0.3179       0.02741 ±    0.00186       0.05690 ±    0.00057     6.894 ±  0.076 %    89.662 ±  0.119 %    51.631 ±  0.136 %
   5      23.0700 ±    0.2859       0.02640 ±    0.00169       0.05902 ±    0.00054     7.028 ±  0.068 %    89.620 ±  0.107 %    51.975 ±  0.122 %

====== Perplexity statistics ======
Mean PPL(Q)                   :  23.069960 ±   0.285867
Mean PPL(base)                :  22.468784 ±   0.276246
Cor(ln(PPL(Q)), ln(PPL(base))):  99.07%
Mean ln(PPL(Q)/PPL(base))     :   0.026404 ±   0.001689
Mean PPL(Q)/PPL(base)         :   1.026756 ±   0.001734
Mean PPL(Q)-PPL(base)         :   0.601175 ±   0.039570

====== KL divergence statistics ======
Mean    KLD:   0.059022 ±   0.000542
Maximum KLD:  12.800968
99.9%   KLD:   1.913890
99.0%   KLD:   0.579898
95.0%   KLD:   0.220022
90.0%   KLD:   0.133205
Median  KLD:   0.022564
10.0%   KLD:   0.000223
 5.0%   KLD:   0.000035
 1.0%   KLD:   0.000001
 0.1%   KLD:  -0.000020
Minimum KLD:  -0.000152

====== Token probability statistics ======
Mean    Δp: -0.195 ± 0.025 %
Maximum Δp: 93.740%
99.9%   Δp: 49.652%
99.0%   Δp: 21.114%
95.0%   Δp:  8.117%
90.0%   Δp:  3.845%
75.0%   Δp:  0.328%
Median  Δp: -0.000%
25.0%   Δp: -0.423%
10.0%   Δp: -4.259%
 5.0%   Δp: -9.082%
 1.0%   Δp: -24.800%
 0.1%   Δp: -56.641%
Minimum Δp: -98.446%
RMS Δp    :  7.028 ± 0.068 %
Same top p: 89.620 ± 0.107 %
Same sampled p: 51.975 ± 0.122 %

------------------------------
# llama-perplexity: version: 0.4.4-dev (build 11430, commit 9d76dc1da-dirty) | built with GNU 15.3.0 for Linux x86_64
# model: /home/crusaderky/.cache/huggingface/hub/models--bloomer010--Ling-3.0-tiny-GGUF/snapshots/56a85ebe2d6d9d2ad6ad00a5014b13667153e236/Ling-3.0-tiny-Q5_K_M.gguf size=5635443776 mtime=2026-08-21T22:30:16+00:00 sha256/1048576B=75fdfc6eff4f5ae2fde9e53f7edc5bed48a62c7dfb2bdb8acebcf7ce2138227b
llama-perplexity --kl-divergence-base /tmp/logits.dat --ctx-size 32768 -f sample-data/wiki.test.head-2.4k.raw -fa on --hf-repo bloomer010/Ling-3.0-tiny-GGUF:Q5_K_M --cache-type-k q8_0 --cache-type-v q8_0 --kl-divergence
0.00.918.629 W load: special_eos_id is not in special_eog_ids - the tokenizer config may be incorrect
0.04.992.670 I cmn          init: llama threadpool init, n_threads = 16
0.05.059.157 I 
0.05.059.234 I system_info: n_threads = 16 (n_threads_batch = 16) / 32 | CUDA : ARCHS = 750,800,860,890,900,1000,1030,1200,1210 | USE_GRAPHS = 1 | FA_ALL_QUANTS = 1 | CPU : SSE3 = 1 | SSSE3 = 1 | AVX = 1 | AVX2 = 1 | F16C = 1 | FMA = 1 | BMI2 = 1 | LLAMAFILE = 1 | OPENMP = 1 | REPACK = 1 | 
0.05.153.347 I kl_divergence: computing over 5 chunks, n_ctx=32768, batch_size=512, n_seq=1
0.13.459.848 I kl_divergence: 8.31 seconds per pass - ETA 0.68 minutes

chunk             PPL               ln(PPL(Q)/PPL(base))          KL Divergence              Δp RMS            Same top p        Same sampled p
   1      24.2304 ±    0.6592       0.03610 ±    0.00315       0.04161 ±    0.00069     5.913 ±  0.121 %    90.850 ±  0.225 %    51.290 ±  0.271 %
   2      25.0608 ±    0.4919       0.04037 ±    0.00224       0.04228 ±    0.00053     5.901 ±  0.087 %    90.762 ±  0.160 %    50.937 ±  0.192 %
   3      25.9657 ±    0.4170       0.04117 ±    0.00187       0.04370 ±    0.00045     5.960 ±  0.072 %    90.500 ±  0.132 %    50.555 ±  0.157 %
   4      23.4228 ±    0.3223       0.04365 ±    0.00163       0.04444 ±    0.00039     6.091 ±  0.063 %    90.560 ±  0.114 %    51.496 ±  0.136 %
   5      23.5389 ±    0.2911       0.04653 ±    0.00150       0.04618 ±    0.00038     6.211 ±  0.057 %    90.471 ±  0.103 %    51.803 ±  0.122 %

====== Perplexity statistics ======
Mean PPL(Q)                   :  23.538921 ±   0.291112
Mean PPL(base)                :  22.468784 ±   0.276246
Cor(ln(PPL(Q)), ln(PPL(base))):  99.26%
Mean ln(PPL(Q)/PPL(base))     :   0.046528 ±   0.001500
Mean PPL(Q)/PPL(base)         :   1.047628 ±   0.001571
Mean PPL(Q)-PPL(base)         :   1.070137 ±   0.037521

====== KL divergence statistics ======
Mean    KLD:   0.046184 ±   0.000377
Maximum KLD:   6.466307
99.9%   KLD:   1.238869
99.0%   KLD:   0.411765
95.0%   KLD:   0.165430
90.0%   KLD:   0.105681
Median  KLD:   0.020759
10.0%   KLD:   0.000223
 5.0%   KLD:   0.000037
 1.0%   KLD:   0.000002
 0.1%   KLD:  -0.000010
Minimum KLD:  -0.000193

====== Token probability statistics ======
Mean    Δp: -0.637 ± 0.022 %
Maximum Δp: 84.943%
99.9%   Δp: 38.993%
99.0%   Δp: 17.138%
95.0%   Δp:  6.208%
90.0%   Δp:  2.628%
75.0%   Δp:  0.129%
Median  Δp: -0.004%
25.0%   Δp: -0.708%
10.0%   Δp: -5.124%
 5.0%   Δp: -9.802%
 1.0%   Δp: -23.202%
 0.1%   Δp: -45.675%
Minimum Δp: -84.493%
RMS Δp    :  6.211 ± 0.057 %
Same top p: 90.471 ± 0.103 %
Same sampled p: 51.803 ± 0.122 %

------------------------------
# llama-perplexity: version: 0.4.4-dev (build 11430, commit 9d76dc1da-dirty) | built with GNU 15.3.0 for Linux x86_64
# model: /home/crusaderky/.cache/huggingface/hub/models--bloomer010--Ling-3.0-tiny-GGUF/snapshots/56a85ebe2d6d9d2ad6ad00a5014b13667153e236/Ling-3.0-tiny-Q5_K_M.gguf size=5635443776 mtime=2026-08-21T22:30:16+00:00 sha256/1048576B=75fdfc6eff4f5ae2fde9e53f7edc5bed48a62c7dfb2bdb8acebcf7ce2138227b
llama-perplexity --kl-divergence-base /tmp/logits.dat --ctx-size 32768 -f sample-data/wiki.test.head-2.4k.raw -fa on --hf-repo bloomer010/Ling-3.0-tiny-GGUF:Q5_K_M --cache-type-k q6_0 --cache-type-v q6_0 --kl-divergence
0.00.957.350 W load: special_eos_id is not in special_eog_ids - the tokenizer config may be incorrect
0.02.187.599 I cmn          init: llama threadpool init, n_threads = 16
0.02.251.959 I 
0.02.252.034 I system_info: n_threads = 16 (n_threads_batch = 16) / 32 | CUDA : ARCHS = 750,800,860,890,900,1000,1030,1200,1210 | USE_GRAPHS = 1 | FA_ALL_QUANTS = 1 | CPU : SSE3 = 1 | SSSE3 = 1 | AVX = 1 | AVX2 = 1 | F16C = 1 | FMA = 1 | BMI2 = 1 | LLAMAFILE = 1 | OPENMP = 1 | REPACK = 1 | 
0.02.340.665 I kl_divergence: computing over 5 chunks, n_ctx=32768, batch_size=512, n_seq=1
0.10.629.832 I kl_divergence: 8.29 seconds per pass - ETA 0.68 minutes

chunk             PPL               ln(PPL(Q)/PPL(base))          KL Divergence              Δp RMS            Same top p        Same sampled p
   1      24.1050 ±    0.6553       0.03091 ±    0.00311       0.04223 ±    0.00071     5.995 ±  0.129 %    90.795 ±  0.226 %    51.268 ±  0.271 %
   2      24.9665 ±    0.4897       0.03660 ±    0.00221       0.04297 ±    0.00056     5.977 ±  0.090 %    90.740 ±  0.160 %    50.940 ±  0.192 %
   3      25.8988 ±    0.4158       0.03859 ±    0.00186       0.04430 ±    0.00045     6.011 ±  0.072 %    90.423 ±  0.133 %    50.574 ±  0.157 %
   4      23.3850 ±    0.3218       0.04203 ±    0.00164       0.04540 ±    0.00042     6.155 ±  0.064 %    90.510 ±  0.114 %    51.515 ±  0.136 %
   5      23.4904 ±    0.2903       0.04447 ±    0.00150       0.04710 ±    0.00040     6.279 ±  0.058 %    90.450 ±  0.103 %    51.802 ±  0.122 %

====== Perplexity statistics ======
Mean PPL(Q)                   :  23.490447 ±   0.290288
Mean PPL(base)                :  22.468784 ±   0.276246
Cor(ln(PPL(Q)), ln(PPL(base))):  99.26%
Mean ln(PPL(Q)/PPL(base))     :   0.044467 ±   0.001498
Mean PPL(Q)/PPL(base)         :   1.045470 ±   0.001566
Mean PPL(Q)-PPL(base)         :   1.021662 ±   0.037136

====== KL divergence statistics ======
Mean    KLD:   0.047098 ±   0.000401
Maximum KLD:   9.577752
99.9%   KLD:   1.266745
99.0%   KLD:   0.419858
95.0%   KLD:   0.169098
90.0%   KLD:   0.107288
Median  KLD:   0.020924
10.0%   KLD:   0.000215
 5.0%   KLD:   0.000038
 1.0%   KLD:   0.000002
 0.1%   KLD:  -0.000008
Minimum KLD:  -0.000189

====== Token probability statistics ======
Mean    Δp: -0.623 ± 0.022 %
Maximum Δp: 91.379%
99.9%   Δp: 40.370%
99.0%   Δp: 17.453%
95.0%   Δp:  6.248%
90.0%   Δp:  2.702%
75.0%   Δp:  0.134%
Median  Δp: -0.004%
25.0%   Δp: -0.698%
10.0%   Δp: -5.159%
 5.0%   Δp: -9.686%
 1.0%   Δp: -23.350%
 0.1%   Δp: -46.754%
Minimum Δp: -88.352%
RMS Δp    :  6.279 ± 0.058 %
Same top p: 90.450 ± 0.103 %
Same sampled p: 51.802 ± 0.122 %

------------------------------
# llama-perplexity: version: 0.4.4-dev (build 11430, commit 9d76dc1da-dirty) | built with GNU 15.3.0 for Linux x86_64
# model: /home/crusaderky/.cache/huggingface/hub/models--bloomer010--Ling-3.0-tiny-GGUF/snapshots/56a85ebe2d6d9d2ad6ad00a5014b13667153e236/Ling-3.0-tiny-Q5_K_M.gguf size=5635443776 mtime=2026-08-21T22:30:16+00:00 sha256/1048576B=75fdfc6eff4f5ae2fde9e53f7edc5bed48a62c7dfb2bdb8acebcf7ce2138227b
llama-perplexity --kl-divergence-base /tmp/logits.dat --ctx-size 32768 -f sample-data/wiki.test.head-2.4k.raw -fa on --hf-repo bloomer010/Ling-3.0-tiny-GGUF:Q5_K_M --cache-type-k q5_1 --cache-type-v q5_1 --kl-divergence
0.00.900.603 W load: special_eos_id is not in special_eog_ids - the tokenizer config may be incorrect
0.02.106.823 I cmn          init: llama threadpool init, n_threads = 16
0.02.171.028 I 
0.02.171.102 I system_info: n_threads = 16 (n_threads_batch = 16) / 32 | CUDA : ARCHS = 750,800,860,890,900,1000,1030,1200,1210 | USE_GRAPHS = 1 | FA_ALL_QUANTS = 1 | CPU : SSE3 = 1 | SSSE3 = 1 | AVX = 1 | AVX2 = 1 | F16C = 1 | FMA = 1 | BMI2 = 1 | LLAMAFILE = 1 | OPENMP = 1 | REPACK = 1 | 
0.02.260.398 I kl_divergence: computing over 5 chunks, n_ctx=32768, batch_size=512, n_seq=1
0.10.514.438 I kl_divergence: 8.25 seconds per pass - ETA 0.68 minutes

chunk             PPL               ln(PPL(Q)/PPL(base))          KL Divergence              Δp RMS            Same top p        Same sampled p
   1      24.1647 ±    0.6578       0.03338 ±    0.00319       0.04260 ±    0.00069     5.953 ±  0.122 %    90.606 ±  0.228 %    51.307 ±  0.271 %
   2      25.0047 ±    0.4906       0.03813 ±    0.00226       0.04370 ±    0.00055     6.003 ±  0.088 %    90.472 ±  0.162 %    50.905 ±  0.192 %
   3      25.8566 ±    0.4149       0.03696 ±    0.00189       0.04478 ±    0.00045     6.047 ±  0.071 %    90.238 ±  0.134 %    50.511 ±  0.157 %
   4      23.3686 ±    0.3213       0.04133 ±    0.00166       0.04591 ±    0.00040     6.225 ±  0.063 %    90.264 ±  0.116 %    51.464 ±  0.136 %
   5      23.4605 ±    0.2898       0.04319 ±    0.00151       0.04738 ±    0.00038     6.355 ±  0.058 %    90.250 ±  0.104 %    51.771 ±  0.122 %

====== Perplexity statistics ======
Mean PPL(Q)                   :  23.460549 ±   0.289799
Mean PPL(base)                :  22.468784 ±   0.276246
Cor(ln(PPL(Q)), ln(PPL(base))):  99.25%
Mean ln(PPL(Q)/PPL(base))     :   0.043193 ±   0.001514
Mean PPL(Q)/PPL(base)         :   1.044140 ±   0.001580
Mean PPL(Q)-PPL(base)         :   0.991764 ±   0.037278

====== KL divergence statistics ======
Mean    KLD:   0.047378 ±   0.000385
Maximum KLD:   6.798733
99.9%   KLD:   1.291408
99.0%   KLD:   0.415315
95.0%   KLD:   0.169939
90.0%   KLD:   0.108070
Median  KLD:   0.021308
10.0%   KLD:   0.000225
 5.0%   KLD:   0.000039
 1.0%   KLD:   0.000002
 0.1%   KLD:  -0.000008
Minimum KLD:  -0.000213

====== Token probability statistics ======
Mean    Δp: -0.638 ± 0.022 %
Maximum Δp: 91.104%
99.9%   Δp: 40.792%
99.0%   Δp: 17.526%
95.0%   Δp:  6.358%
90.0%   Δp:  2.702%
75.0%   Δp:  0.134%
Median  Δp: -0.004%
25.0%   Δp: -0.710%
10.0%   Δp: -5.160%
 5.0%   Δp: -9.879%
 1.0%   Δp: -23.890%
 0.1%   Δp: -48.034%
Minimum Δp: -88.599%
RMS Δp    :  6.355 ± 0.058 %
Same top p: 90.250 ± 0.104 %
Same sampled p: 51.771 ± 0.122 %

------------------------------
# llama-perplexity: version: 0.4.4-dev (build 11430, commit 9d76dc1da-dirty) | built with GNU 15.3.0 for Linux x86_64
# model: /home/crusaderky/.cache/huggingface/hub/models--bloomer010--Ling-3.0-tiny-GGUF/snapshots/56a85ebe2d6d9d2ad6ad00a5014b13667153e236/Ling-3.0-tiny-Q5_K_M.gguf size=5635443776 mtime=2026-08-21T22:30:16+00:00 sha256/1048576B=75fdfc6eff4f5ae2fde9e53f7edc5bed48a62c7dfb2bdb8acebcf7ce2138227b
llama-perplexity --kl-divergence-base /tmp/logits.dat --ctx-size 32768 -f sample-data/wiki.test.head-2.4k.raw -fa on --hf-repo bloomer010/Ling-3.0-tiny-GGUF:Q5_K_M --cache-type-k q5_0 --cache-type-v q5_0 --kl-divergence
0.00.955.183 W load: special_eos_id is not in special_eog_ids - the tokenizer config may be incorrect
0.02.176.438 I cmn          init: llama threadpool init, n_threads = 16
0.02.242.149 I 
0.02.242.218 I system_info: n_threads = 16 (n_threads_batch = 16) / 32 | CUDA : ARCHS = 750,800,860,890,900,1000,1030,1200,1210 | USE_GRAPHS = 1 | FA_ALL_QUANTS = 1 | CPU : SSE3 = 1 | SSSE3 = 1 | AVX = 1 | AVX2 = 1 | F16C = 1 | FMA = 1 | BMI2 = 1 | LLAMAFILE = 1 | OPENMP = 1 | REPACK = 1 | 
0.02.335.101 I kl_divergence: computing over 5 chunks, n_ctx=32768, batch_size=512, n_seq=1
0.10.610.943 I kl_divergence: 8.28 seconds per pass - ETA 0.68 minutes

chunk             PPL               ln(PPL(Q)/PPL(base))          KL Divergence              Δp RMS            Same top p        Same sampled p
   1      24.1470 ±    0.6571       0.03265 ±    0.00317       0.04264 ±    0.00068     6.013 ±  0.121 %    90.698 ±  0.227 %    51.253 ±  0.271 %
   2      24.9454 ±    0.4890       0.03576 ±    0.00226       0.04389 ±    0.00057     6.021 ±  0.087 %    90.566 ±  0.161 %    50.872 ±  0.192 %
   3      25.8892 ±    0.4156       0.03822 ±    0.00190       0.04529 ±    0.00045     6.064 ±  0.072 %    90.281 ±  0.134 %    50.508 ±  0.157 %
   4      23.4243 ±    0.3224       0.04371 ±    0.00167       0.04640 ±    0.00041     6.252 ±  0.065 %    90.331 ±  0.115 %    51.465 ±  0.136 %
   5      23.5236 ±    0.2908       0.04588 ±    0.00153       0.04832 ±    0.00039     6.380 ±  0.059 %    90.269 ±  0.104 %    51.758 ±  0.122 %

====== Perplexity statistics ======
Mean PPL(Q)                   :  23.523575 ±   0.290819
Mean PPL(base)                :  22.468784 ±   0.276246
Cor(ln(PPL(Q)), ln(PPL(base))):  99.24%
Mean ln(PPL(Q)/PPL(base))     :   0.045876 ±   0.001525
Mean PPL(Q)/PPL(base)         :   1.046945 ±   0.001597
Mean PPL(Q)-PPL(base)         :   1.054791 ±   0.037944

====== KL divergence statistics ======
Mean    KLD:   0.048317 ±   0.000389
Maximum KLD:   7.364700
99.9%   KLD:   1.319309
99.0%   KLD:   0.433003
95.0%   KLD:   0.171759
90.0%   KLD:   0.109816
Median  KLD:   0.021654
10.0%   KLD:   0.000225
 5.0%   KLD:   0.000038
 1.0%   KLD:   0.000002
 0.1%   KLD:  -0.000012
Minimum KLD:  -0.000236

====== Token probability statistics ======
Mean    Δp: -0.652 ± 0.022 %
Maximum Δp: 90.491%
99.9%   Δp: 42.612%
99.0%   Δp: 17.608%
95.0%   Δp:  6.314%
90.0%   Δp:  2.689%
75.0%   Δp:  0.137%
Median  Δp: -0.004%
25.0%   Δp: -0.716%
10.0%   Δp: -5.229%
 5.0%   Δp: -10.056%
 1.0%   Δp: -23.254%
 0.1%   Δp: -48.891%
Minimum Δp: -86.989%
RMS Δp    :  6.380 ± 0.059 %
Same top p: 90.269 ± 0.104 %
Same sampled p: 51.758 ± 0.122 %

------------------------------
# llama-perplexity: version: 0.4.4-dev (build 11430, commit 9d76dc1da-dirty) | built with GNU 15.3.0 for Linux x86_64
# model: /home/crusaderky/.cache/huggingface/hub/models--bloomer010--Ling-3.0-tiny-GGUF/snapshots/56a85ebe2d6d9d2ad6ad00a5014b13667153e236/Ling-3.0-tiny-Q5_K_M.gguf size=5635443776 mtime=2026-08-21T22:30:16+00:00 sha256/1048576B=75fdfc6eff4f5ae2fde9e53f7edc5bed48a62c7dfb2bdb8acebcf7ce2138227b
llama-perplexity --kl-divergence-base /tmp/logits.dat --ctx-size 32768 -f sample-data/wiki.test.head-2.4k.raw -fa on --hf-repo bloomer010/Ling-3.0-tiny-GGUF:Q5_K_M --cache-type-k q4_1 --cache-type-v q4_1 --kl-divergence
0.00.910.776 W load: special_eos_id is not in special_eog_ids - the tokenizer config may be incorrect
0.02.135.316 I cmn          init: llama threadpool init, n_threads = 16
0.02.200.929 I 
0.02.201.000 I system_info: n_threads = 16 (n_threads_batch = 16) / 32 | CUDA : ARCHS = 750,800,860,890,900,1000,1030,1200,1210 | USE_GRAPHS = 1 | FA_ALL_QUANTS = 1 | CPU : SSE3 = 1 | SSSE3 = 1 | AVX = 1 | AVX2 = 1 | F16C = 1 | FMA = 1 | BMI2 = 1 | LLAMAFILE = 1 | OPENMP = 1 | REPACK = 1 | 
0.02.293.731 I kl_divergence: computing over 5 chunks, n_ctx=32768, batch_size=512, n_seq=1
0.10.579.383 I kl_divergence: 8.29 seconds per pass - ETA 0.68 minutes

chunk             PPL               ln(PPL(Q)/PPL(base))          KL Divergence              Δp RMS            Same top p        Same sampled p
   1      24.3182 ±    0.6623       0.03971 ±    0.00342       0.04955 ±    0.00086     6.360 ±  0.127 %    89.703 ±  0.237 %    51.145 ±  0.271 %
   2      25.1242 ±    0.4932       0.04290 ±    0.00239       0.04871 ±    0.00059     6.252 ±  0.090 %    89.788 ±  0.167 %    50.789 ±  0.192 %
   3      26.0018 ±    0.4175       0.04256 ±    0.00200       0.05024 ±    0.00049     6.337 ±  0.074 %    89.652 ±  0.137 %    50.405 ±  0.157 %
   4      23.4803 ±    0.3229       0.04610 ±    0.00176       0.05162 ±    0.00044     6.553 ±  0.066 %    89.791 ±  0.118 %    51.297 ±  0.136 %
   5      23.5656 ±    0.2910       0.04766 ±    0.00160       0.05336 ±    0.00042     6.689 ±  0.060 %    89.745 ±  0.106 %    51.582 ±  0.122 %

====== Perplexity statistics ======
Mean PPL(Q)                   :  23.565603 ±   0.290997
Mean PPL(base)                :  22.468784 ±   0.276246
Cor(ln(PPL(Q)), ln(PPL(base))):  99.15%
Mean ln(PPL(Q)/PPL(base))     :   0.047661 ±   0.001604
Mean PPL(Q)/PPL(base)         :   1.048815 ±   0.001683
Mean PPL(Q)-PPL(base)         :   1.096819 ±   0.039733

====== KL divergence statistics ======
Mean    KLD:   0.053363 ±   0.000416
Maximum KLD:   7.016922
99.9%   KLD:   1.437202
99.0%   KLD:   0.473095
95.0%   KLD:   0.191575
90.0%   KLD:   0.121332
Median  KLD:   0.024055
10.0%   KLD:   0.000263
 5.0%   KLD:   0.000046
 1.0%   KLD:   0.000003
 0.1%   KLD:  -0.000006
Minimum KLD:  -0.000183

====== Token probability statistics ======
Mean    Δp: -0.758 ± 0.023 %
Maximum Δp: 88.039%
99.9%   Δp: 42.772%
99.0%   Δp: 17.731%
95.0%   Δp:  6.548%
90.0%   Δp:  2.764%
75.0%   Δp:  0.127%
Median  Δp: -0.006%
25.0%   Δp: -0.813%
10.0%   Δp: -5.694%
 5.0%   Δp: -10.659%
 1.0%   Δp: -25.189%
 0.1%   Δp: -49.680%
Minimum Δp: -87.266%
RMS Δp    :  6.689 ± 0.060 %
Same top p: 89.745 ± 0.106 %
Same sampled p: 51.582 ± 0.122 %

------------------------------
# llama-perplexity: version: 0.4.4-dev (build 11430, commit 9d76dc1da-dirty) | built with GNU 15.3.0 for Linux x86_64
# model: /home/crusaderky/.cache/huggingface/hub/models--bloomer010--Ling-3.0-tiny-GGUF/snapshots/56a85ebe2d6d9d2ad6ad00a5014b13667153e236/Ling-3.0-tiny-Q5_K_M.gguf size=5635443776 mtime=2026-08-21T22:30:16+00:00 sha256/1048576B=75fdfc6eff4f5ae2fde9e53f7edc5bed48a62c7dfb2bdb8acebcf7ce2138227b
llama-perplexity --kl-divergence-base /tmp/logits.dat --ctx-size 32768 -f sample-data/wiki.test.head-2.4k.raw -fa on --hf-repo bloomer010/Ling-3.0-tiny-GGUF:Q5_K_M --cache-type-k q4_0 --cache-type-v q4_0 --kl-divergence
0.00.958.766 W load: special_eos_id is not in special_eog_ids - the tokenizer config may be incorrect
0.02.174.032 I cmn          init: llama threadpool init, n_threads = 16
0.02.240.217 I 
0.02.240.290 I system_info: n_threads = 16 (n_threads_batch = 16) / 32 | CUDA : ARCHS = 750,800,860,890,900,1000,1030,1200,1210 | USE_GRAPHS = 1 | FA_ALL_QUANTS = 1 | CPU : SSE3 = 1 | SSSE3 = 1 | AVX = 1 | AVX2 = 1 | F16C = 1 | FMA = 1 | BMI2 = 1 | LLAMAFILE = 1 | OPENMP = 1 | REPACK = 1 | 
0.02.331.963 I kl_divergence: computing over 5 chunks, n_ctx=32768, batch_size=512, n_seq=1
0.10.596.082 I kl_divergence: 8.26 seconds per pass - ETA 0.68 minutes

chunk             PPL               ln(PPL(Q)/PPL(base))          KL Divergence              Δp RMS            Same top p        Same sampled p
   1      24.2169 ±    0.6577       0.03554 ±    0.00363       0.05518 ±    0.00109     6.853 ±  0.147 %    89.605 ±  0.238 %    50.893 ±  0.271 %
   2      24.9278 ±    0.4888       0.03505 ±    0.00249       0.05255 ±    0.00071     6.618 ±  0.101 %    89.721 ±  0.168 %    50.722 ±  0.192 %
   3      25.8193 ±    0.4141       0.03551 ±    0.00207       0.05350 ±    0.00059     6.594 ±  0.079 %    89.556 ±  0.138 %    50.336 ±  0.157 %
   4      23.3702 ±    0.3213       0.04140 ±    0.00181       0.05466 ±    0.00050     6.781 ±  0.069 %    89.607 ±  0.119 %    51.262 ±  0.136 %
   5      23.4034 ±    0.2888       0.04075 ±    0.00164       0.05582 ±    0.00046     6.859 ±  0.062 %    89.582 ±  0.107 %    51.556 ±  0.122 %

====== Perplexity statistics ======
Mean PPL(Q)                   :  23.403388 ±   0.288792
Mean PPL(base)                :  22.468784 ±   0.276246
Cor(ln(PPL(Q)), ln(PPL(base))):  99.12%
Mean ln(PPL(Q)/PPL(base))     :   0.040754 ±   0.001638
Mean PPL(Q)/PPL(base)         :   1.041596 ±   0.001706
Mean PPL(Q)-PPL(base)         :   0.934604 ±   0.039584

====== KL divergence statistics ======
Mean    KLD:   0.055823 ±   0.000462
Maximum KLD:   8.917314
99.9%   KLD:   1.455446
99.0%   KLD:   0.501810
95.0%   KLD:   0.200853
90.0%   KLD:   0.126896
Median  KLD:   0.024844
10.0%   KLD:   0.000267
 5.0%   KLD:   0.000046
 1.0%   KLD:   0.000003
 0.1%   KLD:  -0.000006
Minimum KLD:  -0.000178

====== Token probability statistics ======
Mean    Δp: -0.688 ± 0.024 %
Maximum Δp: 88.042%
99.9%   Δp: 45.404%
99.0%   Δp: 19.074%
95.0%   Δp:  6.968%
90.0%   Δp:  2.949%
75.0%   Δp:  0.144%
Median  Δp: -0.005%
25.0%   Δp: -0.772%
10.0%   Δp: -5.616%
 5.0%   Δp: -10.717%
 1.0%   Δp: -25.884%
 0.1%   Δp: -51.290%
Minimum Δp: -98.880%
RMS Δp    :  6.859 ± 0.062 %
Same top p: 89.582 ± 0.107 %
Same sampled p: 51.556 ± 0.122 %

------------------------------
# llama-perplexity: version: 0.4.4-dev (build 11430, commit 9d76dc1da-dirty) | built with GNU 15.3.0 for Linux x86_64
# model: /home/crusaderky/.cache/huggingface/hub/models--bloomer010--Ling-3.0-tiny-GGUF/snapshots/56a85ebe2d6d9d2ad6ad00a5014b13667153e236/Ling-3.0-tiny-Q5_K_M.gguf size=5635443776 mtime=2026-08-21T22:30:16+00:00 sha256/1048576B=75fdfc6eff4f5ae2fde9e53f7edc5bed48a62c7dfb2bdb8acebcf7ce2138227b
llama-perplexity --kl-divergence-base /tmp/logits.dat --ctx-size 32768 -f sample-data/wiki.test.head-2.4k.raw -fa on --hf-repo bloomer010/Ling-3.0-tiny-GGUF:Q5_K_M --cache-type-k q3_1 --cache-type-v q3_1 --kl-divergence
0.00.905.380 W load: special_eos_id is not in special_eog_ids - the tokenizer config may be incorrect
0.02.114.257 I cmn          init: llama threadpool init, n_threads = 16
0.02.179.328 I 
0.02.179.398 I system_info: n_threads = 16 (n_threads_batch = 16) / 32 | CUDA : ARCHS = 750,800,860,890,900,1000,1030,1200,1210 | USE_GRAPHS = 1 | FA_ALL_QUANTS = 1 | CPU : SSE3 = 1 | SSSE3 = 1 | AVX = 1 | AVX2 = 1 | F16C = 1 | FMA = 1 | BMI2 = 1 | LLAMAFILE = 1 | OPENMP = 1 | REPACK = 1 | 
0.02.268.520 I kl_divergence: computing over 5 chunks, n_ctx=32768, batch_size=512, n_seq=1
0.10.528.224 I kl_divergence: 8.26 seconds per pass - ETA 0.68 minutes

chunk             PPL               ln(PPL(Q)/PPL(base))          KL Divergence              Δp RMS            Same top p        Same sampled p
   1      24.3717 ±    0.6609       0.04191 ±    0.00435       0.07988 ±    0.00127     8.228 ±  0.153 %    87.334 ±  0.260 %    50.455 ±  0.271 %
   2      24.9843 ±    0.4888       0.03731 ±    0.00302       0.07800 ±    0.00091     7.957 ±  0.106 %    87.609 ±  0.182 %    50.256 ±  0.193 %
   3      26.2137 ±    0.4200       0.05068 ±    0.00258       0.08469 ±    0.00079     8.232 ±  0.089 %    86.881 ±  0.152 %    49.698 ±  0.157 %
   4      23.6375 ±    0.3247       0.05277 ±    0.00225       0.08456 ±    0.00070     8.315 ±  0.077 %    87.066 ±  0.131 %    50.709 ±  0.136 %
   5      23.6907 ±    0.2922       0.05295 ±    0.00204       0.08719 ±    0.00067     8.469 ±  0.070 %    87.015 ±  0.117 %    50.992 ±  0.122 %

====== Perplexity statistics ======
Mean PPL(Q)                   :  23.690674 ±   0.292214
Mean PPL(base)                :  22.468784 ±   0.276246
Cor(ln(PPL(Q)), ln(PPL(base))):  98.63%
Mean ln(PPL(Q)/PPL(base))     :   0.052954 ±   0.002039
Mean PPL(Q)/PPL(base)         :   1.054382 ±   0.002150
Mean PPL(Q)-PPL(base)         :   1.221890 ±   0.049667

====== KL divergence statistics ======
Mean    KLD:   0.087193 ±   0.000673
Maximum KLD:  14.098672
99.9%   KLD:   2.227727
99.0%   KLD:   0.789325
95.0%   KLD:   0.320572
90.0%   KLD:   0.202897
Median  KLD:   0.037601
10.0%   KLD:   0.000435
 5.0%   KLD:   0.000072
 1.0%   KLD:   0.000004
 0.1%   KLD:  -0.000007
Minimum KLD:  -0.000164

====== Token probability statistics ======
Mean    Δp: -0.934 ± 0.029 %
Maximum Δp: 95.085%
99.9%   Δp: 52.515%
99.0%   Δp: 23.193%
95.0%   Δp:  8.488%
90.0%   Δp:  3.596%
75.0%   Δp:  0.170%
Median  Δp: -0.007%
25.0%   Δp: -1.030%
10.0%   Δp: -7.133%
 5.0%   Δp: -13.603%
 1.0%   Δp: -32.047%
 0.1%   Δp: -64.238%
Minimum Δp: -98.242%
RMS Δp    :  8.469 ± 0.070 %
Same top p: 87.015 ± 0.117 %
Same sampled p: 50.992 ± 0.122 %

------------------------------
# llama-perplexity: version: 0.4.4-dev (build 11430, commit 9d76dc1da-dirty) | built with GNU 15.3.0 for Linux x86_64
# model: /home/crusaderky/.cache/huggingface/hub/models--bloomer010--Ling-3.0-tiny-GGUF/snapshots/56a85ebe2d6d9d2ad6ad00a5014b13667153e236/Ling-3.0-tiny-Q5_K_M.gguf size=5635443776 mtime=2026-08-21T22:30:16+00:00 sha256/1048576B=75fdfc6eff4f5ae2fde9e53f7edc5bed48a62c7dfb2bdb8acebcf7ce2138227b
llama-perplexity --kl-divergence-base /tmp/logits.dat --ctx-size 32768 -f sample-data/wiki.test.head-2.4k.raw -fa on --hf-repo bloomer010/Ling-3.0-tiny-GGUF:Q5_K_M --cache-type-k q3_0 --cache-type-v q3_0 --kl-divergence
0.00.921.719 W load: special_eos_id is not in special_eog_ids - the tokenizer config may be incorrect
0.02.115.110 I cmn          init: llama threadpool init, n_threads = 16
0.02.178.451 I 
0.02.178.523 I system_info: n_threads = 16 (n_threads_batch = 16) / 32 | CUDA : ARCHS = 750,800,860,890,900,1000,1030,1200,1210 | USE_GRAPHS = 1 | FA_ALL_QUANTS = 1 | CPU : SSE3 = 1 | SSSE3 = 1 | AVX = 1 | AVX2 = 1 | F16C = 1 | FMA = 1 | BMI2 = 1 | LLAMAFILE = 1 | OPENMP = 1 | REPACK = 1 | 
0.02.267.424 I kl_divergence: computing over 5 chunks, n_ctx=32768, batch_size=512, n_seq=1
0.10.535.082 I kl_divergence: 8.27 seconds per pass - ETA 0.68 minutes

chunk             PPL               ln(PPL(Q)/PPL(base))          KL Divergence              Δp RMS            Same top p        Same sampled p
   1      24.6182 ±    0.6689       0.05197 ±    0.00442       0.08189 ±    0.00141     8.345 ±  0.159 %    87.597 ±  0.258 %    50.306 ±  0.271 %
   2      25.4939 ±    0.5006       0.05750 ±    0.00304       0.07893 ±    0.00096     7.981 ±  0.108 %    87.627 ±  0.182 %    50.200 ±  0.193 %
   3      26.5010 ±    0.4263       0.06157 ±    0.00254       0.08148 ±    0.00078     8.063 ±  0.089 %    87.292 ±  0.150 %    49.799 ±  0.157 %
   4      23.9278 ±    0.3299       0.06497 ±    0.00223       0.08337 ±    0.00071     8.225 ±  0.077 %    87.379 ±  0.130 %    50.749 ±  0.136 %
   5      24.0001 ±    0.2972       0.06593 ±    0.00203       0.08591 ±    0.00067     8.384 ±  0.070 %    87.283 ±  0.116 %    51.047 ±  0.122 %

====== Perplexity statistics ======
Mean PPL(Q)                   :  24.000128 ±   0.297163
Mean PPL(base)                :  22.468784 ±   0.276246
Cor(ln(PPL(Q)), ln(PPL(base))):  98.65%
Mean ln(PPL(Q)/PPL(base))     :   0.065932 ±   0.002030
Mean PPL(Q)/PPL(base)         :   1.068154 ±   0.002168
Mean PPL(Q)-PPL(base)         :   1.531344 ±   0.051524

====== KL divergence statistics ======
Mean    KLD:   0.085910 ±   0.000672
Maximum KLD:  11.219062
99.9%   KLD:   2.259670
99.0%   KLD:   0.790783
95.0%   KLD:   0.317634
90.0%   KLD:   0.198978
Median  KLD:   0.036785
10.0%   KLD:   0.000413
 5.0%   KLD:   0.000067
 1.0%   KLD:   0.000004
 0.1%   KLD:  -0.000006
Minimum KLD:  -0.000150

====== Token probability statistics ======
Mean    Δp: -0.954 ± 0.029 %
Maximum Δp: 94.732%
99.9%   Δp: 51.672%
99.0%   Δp: 22.489%
95.0%   Δp:  8.186%
90.0%   Δp:  3.578%
75.0%   Δp:  0.175%
Median  Δp: -0.006%
25.0%   Δp: -0.970%
10.0%   Δp: -7.112%
 5.0%   Δp: -13.459%
 1.0%   Δp: -32.811%
 0.1%   Δp: -64.245%
Minimum Δp: -99.597%
RMS Δp    :  8.384 ± 0.070 %
Same top p: 87.283 ± 0.116 %
Same sampled p: 51.047 ± 0.122 %

------------------------------
# llama-perplexity: version: 0.4.4-dev (build 11430, commit 9d76dc1da-dirty) | built with GNU 15.3.0 for Linux x86_64
# model: /home/crusaderky/.cache/huggingface/hub/models--bloomer010--Ling-3.0-tiny-GGUF/snapshots/56a85ebe2d6d9d2ad6ad00a5014b13667153e236/Ling-3.0-tiny-Q5_K_S.gguf size=5482531904 mtime=2026-08-21T22:40:59+00:00 sha256/1048576B=75fdfc6eff4f5ae2fde9e53f7edc5bed48a62c7dfb2bdb8acebcf7ce2138227b
llama-perplexity --kl-divergence-base /tmp/logits.dat --ctx-size 32768 -f sample-data/wiki.test.head-2.4k.raw -fa on --hf-repo bloomer010/Ling-3.0-tiny-GGUF:Q5_K_S --cache-type-k q8_0 --cache-type-v q8_0 --kl-divergence
0.00.924.712 W load: special_eos_id is not in special_eog_ids - the tokenizer config may be incorrect
0.06.814.113 I cmn          init: llama threadpool init, n_threads = 16
0.06.880.091 I 
0.06.880.158 I system_info: n_threads = 16 (n_threads_batch = 16) / 32 | CUDA : ARCHS = 750,800,860,890,900,1000,1030,1200,1210 | USE_GRAPHS = 1 | FA_ALL_QUANTS = 1 | CPU : SSE3 = 1 | SSSE3 = 1 | AVX = 1 | AVX2 = 1 | F16C = 1 | FMA = 1 | BMI2 = 1 | LLAMAFILE = 1 | OPENMP = 1 | REPACK = 1 | 
0.06.981.397 I kl_divergence: computing over 5 chunks, n_ctx=32768, batch_size=512, n_seq=1
0.15.251.236 I kl_divergence: 8.27 seconds per pass - ETA 0.68 minutes

chunk             PPL               ln(PPL(Q)/PPL(base))          KL Divergence              Δp RMS            Same top p        Same sampled p
   1      24.1922 ±    0.6580       0.03452 ±    0.00326       0.04493 ±    0.00070     6.032 ±  0.122 %    90.576 ±  0.228 %    51.162 ±  0.271 %
   2      24.8590 ±    0.4861       0.03228 ±    0.00232       0.04524 ±    0.00053     6.045 ±  0.088 %    90.408 ±  0.163 %    50.717 ±  0.192 %
   3      25.8225 ±    0.4133       0.03564 ±    0.00196       0.04749 ±    0.00045     6.159 ±  0.071 %    90.008 ±  0.135 %    50.292 ±  0.157 %
   4      23.3622 ±    0.3206       0.04105 ±    0.00171       0.04832 ±    0.00041     6.332 ±  0.064 %    90.125 ±  0.117 %    51.266 ±  0.136 %
   5      23.4851 ±    0.2895       0.04424 ±    0.00156       0.05012 ±    0.00039     6.471 ±  0.059 %    90.097 ±  0.104 %    51.555 ±  0.122 %

====== Perplexity statistics ======
Mean PPL(Q)                   :  23.485064 ±   0.289515
Mean PPL(base)                :  22.468784 ±   0.276246
Cor(ln(PPL(Q)), ln(PPL(base))):  99.19%
Mean ln(PPL(Q)/PPL(base))     :   0.044238 ±   0.001564
Mean PPL(Q)/PPL(base)         :   1.045231 ±   0.001634
Mean PPL(Q)-PPL(base)         :   1.016279 ±   0.038285

====== KL divergence statistics ======
Mean    KLD:   0.050116 ±   0.000395
Maximum KLD:   7.253341
99.9%   KLD:   1.280988
99.0%   KLD:   0.438586
95.0%   KLD:   0.180287
90.0%   KLD:   0.114221
Median  KLD:   0.022822
10.0%   KLD:   0.000258
 5.0%   KLD:   0.000045
 1.0%   KLD:   0.000003
 0.1%   KLD:  -0.000004
Minimum KLD:  -0.000147

====== Token probability statistics ======
Mean    Δp: -0.778 ± 0.022 %
Maximum Δp: 92.039%
99.9%   Δp: 39.688%
99.0%   Δp: 17.266%
95.0%   Δp:  6.236%
90.0%   Δp:  2.575%
75.0%   Δp:  0.112%
Median  Δp: -0.007%
25.0%   Δp: -0.832%
10.0%   Δp: -5.597%
 5.0%   Δp: -10.411%
 1.0%   Δp: -24.577%
 0.1%   Δp: -49.980%
Minimum Δp: -91.715%
RMS Δp    :  6.471 ± 0.059 %
Same top p: 90.097 ± 0.104 %
Same sampled p: 51.555 ± 0.122 %

------------------------------
# llama-perplexity: version: 0.4.4-dev (build 11430, commit 9d76dc1da-dirty) | built with GNU 15.3.0 for Linux x86_64
# model: /home/crusaderky/.cache/huggingface/hub/models--bloomer010--Ling-3.0-tiny-GGUF/snapshots/56a85ebe2d6d9d2ad6ad00a5014b13667153e236/Ling-3.0-tiny-Q5_K_S.gguf size=5482531904 mtime=2026-08-21T22:40:59+00:00 sha256/1048576B=75fdfc6eff4f5ae2fde9e53f7edc5bed48a62c7dfb2bdb8acebcf7ce2138227b
llama-perplexity --kl-divergence-base /tmp/logits.dat --ctx-size 32768 -f sample-data/wiki.test.head-2.4k.raw -fa on --hf-repo bloomer010/Ling-3.0-tiny-GGUF:Q5_K_S --cache-type-k q6_0 --cache-type-v q6_0 --kl-divergence
0.00.901.356 W load: special_eos_id is not in special_eog_ids - the tokenizer config may be incorrect
0.02.109.220 I cmn          init: llama threadpool init, n_threads = 16
0.02.175.839 I 
0.02.175.911 I system_info: n_threads = 16 (n_threads_batch = 16) / 32 | CUDA : ARCHS = 750,800,860,890,900,1000,1030,1200,1210 | USE_GRAPHS = 1 | FA_ALL_QUANTS = 1 | CPU : SSE3 = 1 | SSSE3 = 1 | AVX = 1 | AVX2 = 1 | F16C = 1 | FMA = 1 | BMI2 = 1 | LLAMAFILE = 1 | OPENMP = 1 | REPACK = 1 | 
0.02.268.749 I kl_divergence: computing over 5 chunks, n_ctx=32768, batch_size=512, n_seq=1
0.10.517.606 I kl_divergence: 8.25 seconds per pass - ETA 0.68 minutes

chunk             PPL               ln(PPL(Q)/PPL(base))          KL Divergence              Δp RMS            Same top p        Same sampled p
   1      24.1948 ±    0.6592       0.03462 ±    0.00321       0.04348 ±    0.00066     6.026 ±  0.120 %    90.264 ±  0.232 %    51.301 ±  0.271 %
   2      24.8409 ±    0.4862       0.03155 ±    0.00231       0.04455 ±    0.00052     6.077 ±  0.088 %    90.209 ±  0.164 %    50.784 ±  0.192 %
   3      25.8266 ±    0.4134       0.03580 ±    0.00195       0.04740 ±    0.00044     6.255 ±  0.073 %    89.884 ±  0.136 %    50.314 ±  0.157 %
   4      23.3524 ±    0.3204       0.04063 ±    0.00171       0.04840 ±    0.00040     6.392 ±  0.065 %    89.961 ±  0.117 %    51.268 ±  0.136 %
   5      23.4772 ±    0.2894       0.04390 ±    0.00156       0.05016 ±    0.00038     6.486 ±  0.059 %    89.927 ±  0.105 %    51.573 ±  0.122 %

====== Perplexity statistics ======
Mean PPL(Q)                   :  23.477238 ±   0.289436
Mean PPL(base)                :  22.468784 ±   0.276246
Cor(ln(PPL(Q)), ln(PPL(base))):  99.20%
Mean ln(PPL(Q)/PPL(base))     :   0.043904 ±   0.001558
Mean PPL(Q)/PPL(base)         :   1.044882 ±   0.001628
Mean PPL(Q)-PPL(base)         :   1.008453 ±   0.038123

====== KL divergence statistics ======
Mean    KLD:   0.050158 ±   0.000382
Maximum KLD:   7.130497
99.9%   KLD:   1.300438
99.0%   KLD:   0.440182
95.0%   KLD:   0.180507
90.0%   KLD:   0.115148
Median  KLD:   0.022823
10.0%   KLD:   0.000261
 5.0%   KLD:   0.000046
 1.0%   KLD:   0.000003
 0.1%   KLD:  -0.000005
Minimum KLD:  -0.000186

====== Token probability statistics ======
Mean    Δp: -0.755 ± 0.023 %
Maximum Δp: 93.087%
99.9%   Δp: 41.032%
99.0%   Δp: 17.571%
95.0%   Δp:  6.177%
90.0%   Δp:  2.610%
75.0%   Δp:  0.115%
Median  Δp: -0.006%
25.0%   Δp: -0.815%
10.0%   Δp: -5.522%
 5.0%   Δp: -10.384%
 1.0%   Δp: -24.705%
 0.1%   Δp: -49.555%
Minimum Δp: -87.533%
RMS Δp    :  6.486 ± 0.059 %
Same top p: 89.927 ± 0.105 %
Same sampled p: 51.573 ± 0.122 %

------------------------------
# llama-perplexity: version: 0.4.4-dev (build 11430, commit 9d76dc1da-dirty) | built with GNU 15.3.0 for Linux x86_64
# model: /home/crusaderky/.cache/huggingface/hub/models--bloomer010--Ling-3.0-tiny-GGUF/snapshots/56a85ebe2d6d9d2ad6ad00a5014b13667153e236/Ling-3.0-tiny-Q5_K_S.gguf size=5482531904 mtime=2026-08-21T22:40:59+00:00 sha256/1048576B=75fdfc6eff4f5ae2fde9e53f7edc5bed48a62c7dfb2bdb8acebcf7ce2138227b
llama-perplexity --kl-divergence-base /tmp/logits.dat --ctx-size 32768 -f sample-data/wiki.test.head-2.4k.raw -fa on --hf-repo bloomer010/Ling-3.0-tiny-GGUF:Q5_K_S --cache-type-k q5_1 --cache-type-v q5_1 --kl-divergence
0.00.927.155 W load: special_eos_id is not in special_eog_ids - the tokenizer config may be incorrect
0.02.124.727 I cmn          init: llama threadpool init, n_threads = 16
0.02.190.129 I 
0.02.190.199 I system_info: n_threads = 16 (n_threads_batch = 16) / 32 | CUDA : ARCHS = 750,800,860,890,900,1000,1030,1200,1210 | USE_GRAPHS = 1 | FA_ALL_QUANTS = 1 | CPU : SSE3 = 1 | SSSE3 = 1 | AVX = 1 | AVX2 = 1 | F16C = 1 | FMA = 1 | BMI2 = 1 | LLAMAFILE = 1 | OPENMP = 1 | REPACK = 1 | 
0.02.283.276 I kl_divergence: computing over 5 chunks, n_ctx=32768, batch_size=512, n_seq=1
0.10.515.849 I kl_divergence: 8.23 seconds per pass - ETA 0.68 minutes

chunk             PPL               ln(PPL(Q)/PPL(base))          KL Divergence              Δp RMS            Same top p        Same sampled p
   1      24.0747 ±    0.6530       0.02965 ±    0.00332       0.04654 ±    0.00075     6.321 ±  0.131 %    90.313 ±  0.231 %    51.068 ±  0.271 %
   2      24.8640 ±    0.4863       0.03248 ±    0.00236       0.04675 ±    0.00056     6.232 ±  0.092 %    90.191 ±  0.164 %    50.696 ±  0.192 %
   3      25.8111 ±    0.4131       0.03520 ±    0.00199       0.04909 ±    0.00047     6.317 ±  0.074 %    89.855 ±  0.136 %    50.267 ±  0.157 %
   4      23.3375 ±    0.3201       0.04000 ±    0.00174       0.05008 ±    0.00043     6.487 ±  0.066 %    89.939 ±  0.118 %    51.223 ±  0.136 %
   5      23.4690 ±    0.2892       0.04355 ±    0.00159       0.05192 ±    0.00041     6.599 ±  0.059 %    89.937 ±  0.105 %    51.511 ±  0.122 %

====== Perplexity statistics ======
Mean PPL(Q)                   :  23.468985 ±   0.289209
Mean PPL(base)                :  22.468784 ±   0.276246
Cor(ln(PPL(Q)), ln(PPL(base))):  99.16%
Mean ln(PPL(Q)/PPL(base))     :   0.043553 ±   0.001594
Mean PPL(Q)/PPL(base)         :   1.044515 ±   0.001665
Mean PPL(Q)-PPL(base)         :   1.000201 ±   0.038831

====== KL divergence statistics ======
Mean    KLD:   0.051921 ±   0.000414
Maximum KLD:   6.776469
99.9%   KLD:   1.307876
99.0%   KLD:   0.459311
95.0%   KLD:   0.185920
90.0%   KLD:   0.118027
Median  KLD:   0.023716
10.0%   KLD:   0.000267
 5.0%   KLD:   0.000047
 1.0%   KLD:   0.000003
 0.1%   KLD:  -0.000005
Minimum KLD:  -0.000198

====== Token probability statistics ======
Mean    Δp: -0.785 ± 0.023 %
Maximum Δp: 89.571%
99.9%   Δp: 41.178%
99.0%   Δp: 17.620%
95.0%   Δp:  6.292%
90.0%   Δp:  2.680%
75.0%   Δp:  0.114%
Median  Δp: -0.007%
25.0%   Δp: -0.841%
10.0%   Δp: -5.627%
 5.0%   Δp: -10.691%
 1.0%   Δp: -25.051%
 0.1%   Δp: -50.475%
Minimum Δp: -89.516%
RMS Δp    :  6.599 ± 0.059 %
Same top p: 89.937 ± 0.105 %
Same sampled p: 51.511 ± 0.122 %

------------------------------
# llama-perplexity: version: 0.4.4-dev (build 11430, commit 9d76dc1da-dirty) | built with GNU 15.3.0 for Linux x86_64
# model: /home/crusaderky/.cache/huggingface/hub/models--bloomer010--Ling-3.0-tiny-GGUF/snapshots/56a85ebe2d6d9d2ad6ad00a5014b13667153e236/Ling-3.0-tiny-Q5_K_S.gguf size=5482531904 mtime=2026-08-21T22:40:59+00:00 sha256/1048576B=75fdfc6eff4f5ae2fde9e53f7edc5bed48a62c7dfb2bdb8acebcf7ce2138227b
llama-perplexity --kl-divergence-base /tmp/logits.dat --ctx-size 32768 -f sample-data/wiki.test.head-2.4k.raw -fa on --hf-repo bloomer010/Ling-3.0-tiny-GGUF:Q5_K_S --cache-type-k q5_0 --cache-type-v q5_0 --kl-divergence
0.00.933.725 W load: special_eos_id is not in special_eog_ids - the tokenizer config may be incorrect
0.02.130.300 I cmn          init: llama threadpool init, n_threads = 16
0.02.194.606 I 
0.02.194.681 I system_info: n_threads = 16 (n_threads_batch = 16) / 32 | CUDA : ARCHS = 750,800,860,890,900,1000,1030,1200,1210 | USE_GRAPHS = 1 | FA_ALL_QUANTS = 1 | CPU : SSE3 = 1 | SSSE3 = 1 | AVX = 1 | AVX2 = 1 | F16C = 1 | FMA = 1 | BMI2 = 1 | LLAMAFILE = 1 | OPENMP = 1 | REPACK = 1 | 
0.02.280.951 I kl_divergence: computing over 5 chunks, n_ctx=32768, batch_size=512, n_seq=1
0.10.517.207 I kl_divergence: 8.24 seconds per pass - ETA 0.68 minutes

chunk             PPL               ln(PPL(Q)/PPL(base))          KL Divergence              Δp RMS            Same top p        Same sampled p
   1      24.2060 ±    0.6580       0.03509 ±    0.00330       0.04639 ±    0.00076     6.275 ±  0.132 %    90.191 ±  0.232 %    51.099 ±  0.271 %
   2      24.7505 ±    0.4834       0.02791 ±    0.00235       0.04642 ±    0.00057     6.235 ±  0.092 %    90.252 ±  0.164 %    50.673 ±  0.192 %
   3      25.7380 ±    0.4110       0.03236 ±    0.00199       0.04991 ±    0.00050     6.406 ±  0.075 %    89.815 ±  0.136 %    50.177 ±  0.157 %
   4      23.3034 ±    0.3192       0.03853 ±    0.00173       0.05052 ±    0.00045     6.544 ±  0.067 %    89.866 ±  0.118 %    51.186 ±  0.136 %
   5      23.4473 ±    0.2888       0.04263 ±    0.00158       0.05231 ±    0.00041     6.646 ±  0.060 %    89.847 ±  0.106 %    51.497 ±  0.122 %

====== Perplexity statistics ======
Mean PPL(Q)                   :  23.447268 ±   0.288780
Mean PPL(base)                :  22.468784 ±   0.276246
Cor(ln(PPL(Q)), ln(PPL(base))):  99.17%
Mean ln(PPL(Q)/PPL(base))     :   0.042627 ±   0.001584
Mean PPL(Q)/PPL(base)         :   1.043549 ±   0.001653
Mean PPL(Q)-PPL(base)         :   0.978484 ±   0.038462

====== KL divergence statistics ======
Mean    KLD:   0.052307 ±   0.000415
Maximum KLD:   6.885828
99.9%   KLD:   1.399394
99.0%   KLD:   0.465703
95.0%   KLD:   0.186353
90.0%   KLD:   0.119117
Median  KLD:   0.023604
10.0%   KLD:   0.000272
 5.0%   KLD:   0.000048
 1.0%   KLD:   0.000003
 0.1%   KLD:  -0.000007
Minimum KLD:  -0.000104

====== Token probability statistics ======
Mean    Δp: -0.777 ± 0.023 %
Maximum Δp: 94.956%
99.9%   Δp: 42.763%
99.0%   Δp: 17.666%
95.0%   Δp:  6.315%
90.0%   Δp:  2.673%
75.0%   Δp:  0.114%
Median  Δp: -0.007%
25.0%   Δp: -0.842%
10.0%   Δp: -5.641%
 5.0%   Δp: -10.650%
 1.0%   Δp: -25.334%
 0.1%   Δp: -49.989%
Minimum Δp: -86.975%
RMS Δp    :  6.646 ± 0.060 %
Same top p: 89.847 ± 0.106 %
Same sampled p: 51.497 ± 0.122 %

------------------------------
# llama-perplexity: version: 0.4.4-dev (build 11430, commit 9d76dc1da-dirty) | built with GNU 15.3.0 for Linux x86_64
# model: /home/crusaderky/.cache/huggingface/hub/models--bloomer010--Ling-3.0-tiny-GGUF/snapshots/56a85ebe2d6d9d2ad6ad00a5014b13667153e236/Ling-3.0-tiny-Q5_K_S.gguf size=5482531904 mtime=2026-08-21T22:40:59+00:00 sha256/1048576B=75fdfc6eff4f5ae2fde9e53f7edc5bed48a62c7dfb2bdb8acebcf7ce2138227b
llama-perplexity --kl-divergence-base /tmp/logits.dat --ctx-size 32768 -f sample-data/wiki.test.head-2.4k.raw -fa on --hf-repo bloomer010/Ling-3.0-tiny-GGUF:Q5_K_S --cache-type-k q4_1 --cache-type-v q4_1 --kl-divergence
0.00.921.001 W load: special_eos_id is not in special_eog_ids - the tokenizer config may be incorrect
0.02.121.711 I cmn          init: llama threadpool init, n_threads = 16
0.02.186.340 I 
0.02.186.415 I system_info: n_threads = 16 (n_threads_batch = 16) / 32 | CUDA : ARCHS = 750,800,860,890,900,1000,1030,1200,1210 | USE_GRAPHS = 1 | FA_ALL_QUANTS = 1 | CPU : SSE3 = 1 | SSSE3 = 1 | AVX = 1 | AVX2 = 1 | F16C = 1 | FMA = 1 | BMI2 = 1 | LLAMAFILE = 1 | OPENMP = 1 | REPACK = 1 | 
0.02.274.795 I kl_divergence: computing over 5 chunks, n_ctx=32768, batch_size=512, n_seq=1
0.10.485.030 I kl_divergence: 8.21 seconds per pass - ETA 0.68 minutes

chunk             PPL               ln(PPL(Q)/PPL(base))          KL Divergence              Δp RMS            Same top p        Same sampled p
   1      24.1197 ±    0.6551       0.03152 ±    0.00348       0.05144 ±    0.00087     6.543 ±  0.137 %    89.575 ±  0.239 %    51.095 ±  0.271 %
   2      24.9500 ±    0.4875       0.03594 ±    0.00247       0.05180 ±    0.00062     6.558 ±  0.097 %    89.614 ±  0.169 %    50.598 ±  0.192 %
   3      25.9376 ±    0.4147       0.04009 ±    0.00209       0.05477 ±    0.00053     6.688 ±  0.078 %    89.241 ±  0.140 %    50.143 ±  0.157 %
   4      23.4131 ±    0.3207       0.04323 ±    0.00183       0.05578 ±    0.00047     6.839 ±  0.068 %    89.271 ±  0.121 %    51.087 ±  0.136 %
   5      23.4685 ±    0.2887       0.04353 ±    0.00166       0.05675 ±    0.00045     6.886 ±  0.060 %    89.302 ±  0.108 %    51.397 ±  0.122 %

====== Perplexity statistics ======
Mean PPL(Q)                   :  23.468540 ±   0.288718
Mean PPL(base)                :  22.468784 ±   0.276246
Cor(ln(PPL(Q)), ln(PPL(base))):  99.09%
Mean ln(PPL(Q)/PPL(base))     :   0.043534 ±   0.001656
Mean PPL(Q)/PPL(base)         :   1.044495 ±   0.001730
Mean PPL(Q)-PPL(base)         :   0.999756 ±   0.040024

====== KL divergence statistics ======
Mean    KLD:   0.056745 ±   0.000450
Maximum KLD:  12.212789
99.9%   KLD:   1.483186
99.0%   KLD:   0.501353
95.0%   KLD:   0.202881
90.0%   KLD:   0.128851
Median  KLD:   0.025803
10.0%   KLD:   0.000297
 5.0%   KLD:   0.000053
 1.0%   KLD:   0.000004
 0.1%   KLD:  -0.000004
Minimum KLD:  -0.000240

====== Token probability statistics ======
Mean    Δp: -0.858 ± 0.024 %
Maximum Δp: 84.551%
99.9%   Δp: 44.349%
99.0%   Δp: 18.015%
95.0%   Δp:  6.532%
90.0%   Δp:  2.755%
75.0%   Δp:  0.123%
Median  Δp: -0.007%
25.0%   Δp: -0.885%
10.0%   Δp: -6.009%
 5.0%   Δp: -11.241%
 1.0%   Δp: -26.417%
 0.1%   Δp: -51.939%
Minimum Δp: -91.914%
RMS Δp    :  6.886 ± 0.060 %
Same top p: 89.302 ± 0.108 %
Same sampled p: 51.397 ± 0.122 %

------------------------------
# llama-perplexity: version: 0.4.4-dev (build 11430, commit 9d76dc1da-dirty) | built with GNU 15.3.0 for Linux x86_64
# model: /home/crusaderky/.cache/huggingface/hub/models--bloomer010--Ling-3.0-tiny-GGUF/snapshots/56a85ebe2d6d9d2ad6ad00a5014b13667153e236/Ling-3.0-tiny-Q5_K_S.gguf size=5482531904 mtime=2026-08-21T22:40:59+00:00 sha256/1048576B=75fdfc6eff4f5ae2fde9e53f7edc5bed48a62c7dfb2bdb8acebcf7ce2138227b
llama-perplexity --kl-divergence-base /tmp/logits.dat --ctx-size 32768 -f sample-data/wiki.test.head-2.4k.raw -fa on --hf-repo bloomer010/Ling-3.0-tiny-GGUF:Q5_K_S --cache-type-k q4_0 --cache-type-v q4_0 --kl-divergence
0.00.932.264 W load: special_eos_id is not in special_eog_ids - the tokenizer config may be incorrect
0.02.138.998 I cmn          init: llama threadpool init, n_threads = 16
0.02.203.148 I 
0.02.203.222 I system_info: n_threads = 16 (n_threads_batch = 16) / 32 | CUDA : ARCHS = 750,800,860,890,900,1000,1030,1200,1210 | USE_GRAPHS = 1 | FA_ALL_QUANTS = 1 | CPU : SSE3 = 1 | SSSE3 = 1 | AVX = 1 | AVX2 = 1 | F16C = 1 | FMA = 1 | BMI2 = 1 | LLAMAFILE = 1 | OPENMP = 1 | REPACK = 1 | 
0.02.290.986 I kl_divergence: computing over 5 chunks, n_ctx=32768, batch_size=512, n_seq=1
0.10.508.012 I kl_divergence: 8.22 seconds per pass - ETA 0.68 minutes

chunk             PPL               ln(PPL(Q)/PPL(base))          KL Divergence              Δp RMS            Same top p        Same sampled p
   1      24.3324 ±    0.6612       0.04029 ±    0.00366       0.05704 ±    0.00092     6.948 ±  0.140 %    89.196 ±  0.243 %    50.768 ±  0.271 %
   2      24.8865 ±    0.4860       0.03339 ±    0.00257       0.05546 ±    0.00066     6.767 ±  0.100 %    89.321 ±  0.171 %    50.432 ±  0.192 %
   3      25.9184 ±    0.4141       0.03935 ±    0.00218       0.05882 ±    0.00056     6.920 ±  0.081 %    88.932 ±  0.142 %    49.970 ±  0.157 %
   4      23.5067 ±    0.3221       0.04722 ±    0.00191       0.06030 ±    0.00050     7.154 ±  0.071 %    89.013 ±  0.122 %    50.913 ±  0.136 %
   5      23.5673 ±    0.2900       0.04773 ±    0.00173       0.06158 ±    0.00046     7.209 ±  0.064 %    89.023 ±  0.109 %    51.215 ±  0.122 %

====== Perplexity statistics ======
Mean PPL(Q)                   :  23.567335 ±   0.289987
Mean PPL(base)                :  22.468784 ±   0.276246
Cor(ln(PPL(Q)), ln(PPL(base))):  99.01%
Mean ln(PPL(Q)/PPL(base))     :   0.047735 ±   0.001730
Mean PPL(Q)/PPL(base)         :   1.048892 ±   0.001815
Mean PPL(Q)-PPL(base)         :   1.098551 ±   0.042118

====== KL divergence statistics ======
Mean    KLD:   0.061578 ±   0.000463
Maximum KLD:   7.280702
99.9%   KLD:   1.588410
99.0%   KLD:   0.548366
95.0%   KLD:   0.222838
90.0%   KLD:   0.141557
Median  KLD:   0.027794
10.0%   KLD:   0.000323
 5.0%   KLD:   0.000060
 1.0%   KLD:   0.000004
 0.1%   KLD:  -0.000004
Minimum KLD:  -0.000200

====== Token probability statistics ======
Mean    Δp: -0.941 ± 0.025 %
Maximum Δp: 87.933%
99.9%   Δp: 46.283%
99.0%   Δp: 18.872%
95.0%   Δp:  6.656%
90.0%   Δp:  2.758%
75.0%   Δp:  0.110%
Median  Δp: -0.009%
25.0%   Δp: -0.982%
10.0%   Δp: -6.286%
 5.0%   Δp: -11.828%
 1.0%   Δp: -27.830%
 0.1%   Δp: -57.276%
Minimum Δp: -91.136%
RMS Δp    :  7.209 ± 0.064 %
Same top p: 89.023 ± 0.109 %
Same sampled p: 51.215 ± 0.122 %

------------------------------
# llama-perplexity: version: 0.4.4-dev (build 11430, commit 9d76dc1da-dirty) | built with GNU 15.3.0 for Linux x86_64
# model: /home/crusaderky/.cache/huggingface/hub/models--bloomer010--Ling-3.0-tiny-GGUF/snapshots/56a85ebe2d6d9d2ad6ad00a5014b13667153e236/Ling-3.0-tiny-Q5_K_S.gguf size=5482531904 mtime=2026-08-21T22:40:59+00:00 sha256/1048576B=75fdfc6eff4f5ae2fde9e53f7edc5bed48a62c7dfb2bdb8acebcf7ce2138227b
llama-perplexity --kl-divergence-base /tmp/logits.dat --ctx-size 32768 -f sample-data/wiki.test.head-2.4k.raw -fa on --hf-repo bloomer010/Ling-3.0-tiny-GGUF:Q5_K_S --cache-type-k q3_1 --cache-type-v q3_1 --kl-divergence
0.00.952.899 W load: special_eos_id is not in special_eog_ids - the tokenizer config may be incorrect
0.02.166.888 I cmn          init: llama threadpool init, n_threads = 16
0.02.232.558 I 
0.02.232.626 I system_info: n_threads = 16 (n_threads_batch = 16) / 32 | CUDA : ARCHS = 750,800,860,890,900,1000,1030,1200,1210 | USE_GRAPHS = 1 | FA_ALL_QUANTS = 1 | CPU : SSE3 = 1 | SSSE3 = 1 | AVX = 1 | AVX2 = 1 | F16C = 1 | FMA = 1 | BMI2 = 1 | LLAMAFILE = 1 | OPENMP = 1 | REPACK = 1 | 
0.02.322.395 I kl_divergence: computing over 5 chunks, n_ctx=32768, batch_size=512, n_seq=1
0.10.542.211 I kl_divergence: 8.22 seconds per pass - ETA 0.68 minutes

chunk             PPL               ln(PPL(Q)/PPL(base))          KL Divergence              Δp RMS            Same top p        Same sampled p
   1      24.5323 ±    0.6660       0.04848 ±    0.00457       0.08665 ±    0.00143     8.511 ±  0.157 %    86.712 ±  0.265 %    50.185 ±  0.271 %
   2      25.1175 ±    0.4904       0.04263 ±    0.00314       0.08302 ±    0.00098     8.280 ±  0.111 %    87.066 ±  0.185 %    49.916 ±  0.193 %
   3      26.3560 ±    0.4212       0.05609 ±    0.00269       0.09021 ±    0.00084     8.534 ±  0.090 %    86.405 ±  0.155 %    49.400 ±  0.157 %
   4      23.6875 ±    0.3242       0.05488 ±    0.00232       0.08964 ±    0.00073     8.652 ±  0.079 %    86.671 ±  0.133 %    50.369 ±  0.136 %
   5      23.7632 ±    0.2921       0.05601 ±    0.00210       0.09222 ±    0.00070     8.737 ±  0.071 %    86.618 ±  0.119 %    50.663 ±  0.122 %

====== Perplexity statistics ======
Mean PPL(Q)                   :  23.763153 ±   0.292074
Mean PPL(base)                :  22.468784 ±   0.276246
Cor(ln(PPL(Q)), ln(PPL(base))):  98.54%
Mean ln(PPL(Q)/PPL(base))     :   0.056009 ±   0.002103
Mean PPL(Q)/PPL(base)         :   1.057607 ±   0.002224
Mean PPL(Q)-PPL(base)         :   1.294369 ±   0.051113

====== KL divergence statistics ======
Mean    KLD:   0.092224 ±   0.000700
Maximum KLD:  14.992211
99.9%   KLD:   2.288578
99.0%   KLD:   0.842313
95.0%   KLD:   0.339920
90.0%   KLD:   0.213781
Median  KLD:   0.040639
10.0%   KLD:   0.000482
 5.0%   KLD:   0.000084
 1.0%   KLD:   0.000006
 0.1%   KLD:  -0.000001
Minimum KLD:  -0.000108

====== Token probability statistics ======
Mean    Δp: -1.164 ± 0.030 %
Maximum Δp: 95.431%
99.9%   Δp: 52.377%
99.0%   Δp: 22.543%
95.0%   Δp:  8.233%
90.0%   Δp:  3.463%
75.0%   Δp:  0.141%
Median  Δp: -0.011%
25.0%   Δp: -1.182%
10.0%   Δp: -7.711%
 5.0%   Δp: -14.559%
 1.0%   Δp: -34.836%
 0.1%   Δp: -67.085%
Minimum Δp: -98.076%
RMS Δp    :  8.737 ± 0.071 %
Same top p: 86.618 ± 0.119 %
Same sampled p: 50.663 ± 0.122 %

------------------------------
# llama-perplexity: version: 0.4.4-dev (build 11430, commit 9d76dc1da-dirty) | built with GNU 15.3.0 for Linux x86_64
# model: /home/crusaderky/.cache/huggingface/hub/models--bloomer010--Ling-3.0-tiny-GGUF/snapshots/56a85ebe2d6d9d2ad6ad00a5014b13667153e236/Ling-3.0-tiny-Q5_K_S.gguf size=5482531904 mtime=2026-08-21T22:40:59+00:00 sha256/1048576B=75fdfc6eff4f5ae2fde9e53f7edc5bed48a62c7dfb2bdb8acebcf7ce2138227b
llama-perplexity --kl-divergence-base /tmp/logits.dat --ctx-size 32768 -f sample-data/wiki.test.head-2.4k.raw -fa on --hf-repo bloomer010/Ling-3.0-tiny-GGUF:Q5_K_S --cache-type-k q3_0 --cache-type-v q3_0 --kl-divergence
0.00.924.447 W load: special_eos_id is not in special_eog_ids - the tokenizer config may be incorrect
0.02.127.516 I cmn          init: llama threadpool init, n_threads = 16
0.02.192.330 I 
0.02.192.402 I system_info: n_threads = 16 (n_threads_batch = 16) / 32 | CUDA : ARCHS = 750,800,860,890,900,1000,1030,1200,1210 | USE_GRAPHS = 1 | FA_ALL_QUANTS = 1 | CPU : SSE3 = 1 | SSSE3 = 1 | AVX = 1 | AVX2 = 1 | F16C = 1 | FMA = 1 | BMI2 = 1 | LLAMAFILE = 1 | OPENMP = 1 | REPACK = 1 | 
0.02.279.906 I kl_divergence: computing over 5 chunks, n_ctx=32768, batch_size=512, n_seq=1
0.10.513.114 I kl_divergence: 8.23 seconds per pass - ETA 0.68 minutes

chunk             PPL               ln(PPL(Q)/PPL(base))          KL Divergence              Δp RMS            Same top p        Same sampled p
   1      24.5380 ±    0.6653       0.04871 ±    0.00449       0.08493 ±    0.00142     8.497 ±  0.160 %    87.182 ±  0.261 %    50.096 ±  0.271 %
   2      25.2553 ±    0.4934       0.04810 ±    0.00313       0.08190 ±    0.00097     8.133 ±  0.111 %    87.182 ±  0.185 %    49.892 ±  0.193 %
   3      26.4159 ±    0.4237       0.05836 ±    0.00262       0.08563 ±    0.00081     8.271 ±  0.090 %    86.793 ±  0.153 %    49.572 ±  0.157 %
   4      23.9732 ±    0.3296       0.06687 ±    0.00231       0.08832 ±    0.00074     8.565 ±  0.081 %    86.808 ±  0.132 %    50.489 ±  0.137 %
   5      24.1094 ±    0.2980       0.07047 ±    0.00210       0.09107 ±    0.00069     8.725 ±  0.072 %    86.705 ±  0.119 %    50.800 ±  0.122 %

====== Perplexity statistics ======
Mean PPL(Q)                   :  24.109354 ±   0.297959
Mean PPL(base)                :  22.468784 ±   0.276246
Cor(ln(PPL(Q)), ln(PPL(base))):  98.55%
Mean ln(PPL(Q)/PPL(base))     :   0.070473 ±   0.002098
Mean PPL(Q)/PPL(base)         :   1.073016 ±   0.002251
Mean PPL(Q)-PPL(base)         :   1.640570 ±   0.053414

====== KL divergence statistics ======
Mean    KLD:   0.091074 ±   0.000693
Maximum KLD:  10.252584
99.9%   KLD:   2.405029
99.0%   KLD:   0.842836
95.0%   KLD:   0.337971
90.0%   KLD:   0.211074
Median  KLD:   0.039437
10.0%   KLD:   0.000455
 5.0%   KLD:   0.000080
 1.0%   KLD:   0.000006
 0.1%   KLD:  -0.000003
Minimum KLD:  -0.000111

====== Token probability statistics ======
Mean    Δp: -1.128 ± 0.030 %
Maximum Δp: 96.245%
99.9%   Δp: 53.390%
99.0%   Δp: 22.702%
95.0%   Δp:  8.085%
90.0%   Δp:  3.453%
75.0%   Δp:  0.144%
Median  Δp: -0.009%
25.0%   Δp: -1.144%
10.0%   Δp: -7.400%
 5.0%   Δp: -14.308%
 1.0%   Δp: -34.589%
 0.1%   Δp: -67.271%
Minimum Δp: -99.878%
RMS Δp    :  8.725 ± 0.072 %
Same top p: 86.705 ± 0.119 %
Same sampled p: 50.800 ± 0.122 %

------------------------------
# llama-perplexity: version: 0.4.4-dev (build 11430, commit 9d76dc1da-dirty) | built with GNU 15.3.0 for Linux x86_64
# model: /home/crusaderky/.cache/huggingface/hub/models--bloomer010--Ling-3.0-tiny-GGUF/snapshots/56a85ebe2d6d9d2ad6ad00a5014b13667153e236/Ling-3.0-tiny-Q4_K_M.gguf size=4823895104 mtime=2026-08-21T22:49:07+00:00 sha256/1048576B=75fdfc6eff4f5ae2fde9e53f7edc5bed48a62c7dfb2bdb8acebcf7ce2138227b
llama-perplexity --kl-divergence-base /tmp/logits.dat --ctx-size 32768 -f sample-data/wiki.test.head-2.4k.raw -fa on --hf-repo bloomer010/Ling-3.0-tiny-GGUF:Q4_K_M --cache-type-k q8_0 --cache-type-v q8_0 --kl-divergence
0.00.906.627 W load: special_eos_id is not in special_eog_ids - the tokenizer config may be incorrect
0.04.385.365 I cmn          init: llama threadpool init, n_threads = 16
0.04.453.074 I 
0.04.453.141 I system_info: n_threads = 16 (n_threads_batch = 16) / 32 | CUDA : ARCHS = 750,800,860,890,900,1000,1030,1200,1210 | USE_GRAPHS = 1 | FA_ALL_QUANTS = 1 | CPU : SSE3 = 1 | SSSE3 = 1 | AVX = 1 | AVX2 = 1 | F16C = 1 | FMA = 1 | BMI2 = 1 | LLAMAFILE = 1 | OPENMP = 1 | REPACK = 1 | 
0.04.551.714 I kl_divergence: computing over 5 chunks, n_ctx=32768, batch_size=512, n_seq=1
0.12.764.030 I kl_divergence: 8.21 seconds per pass - ETA 0.68 minutes

chunk             PPL               ln(PPL(Q)/PPL(base))          KL Divergence              Δp RMS            Same top p        Same sampled p
   1      23.8019 ±    0.6541       0.01825 ±    0.00471       0.09491 ±    0.00143     8.563 ±  0.151 %    86.486 ±  0.267 %    51.320 ±  0.271 %
   2      24.7810 ±    0.4893       0.02914 ±    0.00336       0.09618 ±    0.00105     8.564 ±  0.108 %    86.080 ±  0.191 %    50.775 ±  0.193 %
   3      25.9542 ±    0.4202       0.04073 ±    0.00281       0.09967 ±    0.00087     8.636 ±  0.089 %    85.682 ±  0.158 %    50.389 ±  0.157 %
   4      23.1080 ±    0.3203       0.03011 ±    0.00246       0.10231 ±    0.00083     8.829 ±  0.079 %    85.825 ±  0.136 %    51.445 ±  0.137 %
   5      23.0024 ±    0.2853       0.02347 ±    0.00223       0.10443 ±    0.00074     8.918 ±  0.071 %    85.840 ±  0.122 %    51.626 ±  0.122 %

====== Perplexity statistics ======
Mean PPL(Q)                   :  23.002411 ±   0.285332
Mean PPL(base)                :  22.468784 ±   0.276246
Cor(ln(PPL(Q)), ln(PPL(base))):  98.37%
Mean ln(PPL(Q)/PPL(base))     :   0.023472 ±   0.002235
Mean PPL(Q)/PPL(base)         :   1.023750 ±   0.002288
Mean PPL(Q)-PPL(base)         :   0.533627 ±   0.051545

====== KL divergence statistics ======
Mean    KLD:   0.104430 ±   0.000745
Maximum KLD:  13.552354
99.9%   KLD:   2.577580
99.0%   KLD:   0.898827
95.0%   KLD:   0.372460
90.0%   KLD:   0.240623
Median  KLD:   0.049491
10.0%   KLD:   0.000478
 5.0%   KLD:   0.000079
 1.0%   KLD:   0.000005
 0.1%   KLD:  -0.000010
Minimum KLD:  -0.000160

====== Token probability statistics ======
Mean    Δp:  0.019 ± 0.031 %
Maximum Δp: 95.511%
99.9%   Δp: 62.472%
99.0%   Δp: 29.348%
95.0%   Δp: 12.184%
90.0%   Δp:  6.013%
75.0%   Δp:  0.551%
Median  Δp: -0.000%
25.0%   Δp: -0.522%
10.0%   Δp: -5.729%
 5.0%   Δp: -12.098%
 1.0%   Δp: -30.752%
 0.1%   Δp: -60.177%
Minimum Δp: -98.779%
RMS Δp    :  8.918 ± 0.071 %
Same top p: 85.840 ± 0.122 %
Same sampled p: 51.626 ± 0.122 %

------------------------------
# llama-perplexity: version: 0.4.4-dev (build 11430, commit 9d76dc1da-dirty) | built with GNU 15.3.0 for Linux x86_64
# model: /home/crusaderky/.cache/huggingface/hub/models--bloomer010--Ling-3.0-tiny-GGUF/snapshots/56a85ebe2d6d9d2ad6ad00a5014b13667153e236/Ling-3.0-tiny-Q4_K_M.gguf size=4823895104 mtime=2026-08-21T22:49:07+00:00 sha256/1048576B=75fdfc6eff4f5ae2fde9e53f7edc5bed48a62c7dfb2bdb8acebcf7ce2138227b
llama-perplexity --kl-divergence-base /tmp/logits.dat --ctx-size 32768 -f sample-data/wiki.test.head-2.4k.raw -fa on --hf-repo bloomer010/Ling-3.0-tiny-GGUF:Q4_K_M --cache-type-k q6_0 --cache-type-v q6_0 --kl-divergence
0.00.925.791 W load: special_eos_id is not in special_eog_ids - the tokenizer config may be incorrect
0.01.966.819 I cmn          init: llama threadpool init, n_threads = 16
0.02.032.547 I 
0.02.032.625 I system_info: n_threads = 16 (n_threads_batch = 16) / 32 | CUDA : ARCHS = 750,800,860,890,900,1000,1030,1200,1210 | USE_GRAPHS = 1 | FA_ALL_QUANTS = 1 | CPU : SSE3 = 1 | SSSE3 = 1 | AVX = 1 | AVX2 = 1 | F16C = 1 | FMA = 1 | BMI2 = 1 | LLAMAFILE = 1 | OPENMP = 1 | REPACK = 1 | 
0.02.122.874 I kl_divergence: computing over 5 chunks, n_ctx=32768, batch_size=512, n_seq=1
0.10.334.014 I kl_divergence: 8.21 seconds per pass - ETA 0.68 minutes

chunk             PPL               ln(PPL(Q)/PPL(base))          KL Divergence              Δp RMS            Same top p        Same sampled p
   1      23.7371 ±    0.6508       0.01553 ±    0.00475       0.09531 ±    0.00142     8.569 ±  0.149 %    86.480 ±  0.267 %    51.272 ±  0.271 %
   2      25.0083 ±    0.4939       0.03827 ±    0.00340       0.09768 ±    0.00105     8.587 ±  0.104 %    86.077 ±  0.191 %    50.682 ±  0.193 %
   3      26.1035 ±    0.4223       0.04646 ±    0.00282       0.10133 ±    0.00088     8.706 ±  0.088 %    85.619 ±  0.158 %    50.285 ±  0.157 %
   4      23.2083 ±    0.3214       0.03444 ±    0.00246       0.10329 ±    0.00083     8.885 ±  0.078 %    85.792 ±  0.136 %    51.353 ±  0.137 %
   5      23.0999 ±    0.2864       0.02770 ±    0.00224       0.10532 ±    0.00075     8.972 ±  0.070 %    85.808 ±  0.122 %    51.554 ±  0.122 %

====== Perplexity statistics ======
Mean PPL(Q)                   :  23.099898 ±   0.286437
Mean PPL(base)                :  22.468784 ±   0.276246
Cor(ln(PPL(Q)), ln(PPL(base))):  98.36%
Mean ln(PPL(Q)/PPL(base))     :   0.027701 ±   0.002239
Mean PPL(Q)/PPL(base)         :   1.028088 ±   0.002302
Mean PPL(Q)-PPL(base)         :   0.631114 ±   0.051970

====== KL divergence statistics ======
Mean    KLD:   0.105324 ±   0.000746
Maximum KLD:  14.321697
99.9%   KLD:   2.483588
99.0%   KLD:   0.902951
95.0%   KLD:   0.376552
90.0%   KLD:   0.241933
Median  KLD:   0.050273
10.0%   KLD:   0.000492
 5.0%   KLD:   0.000080
 1.0%   KLD:   0.000005
 0.1%   KLD:  -0.000009
Minimum KLD:  -0.000176

====== Token probability statistics ======
Mean    Δp: -0.067 ± 0.031 %
Maximum Δp: 96.569%
99.9%   Δp: 61.878%
99.0%   Δp: 29.286%
95.0%   Δp: 12.090%
90.0%   Δp:  5.925%
75.0%   Δp:  0.528%
Median  Δp: -0.000%
25.0%   Δp: -0.562%
10.0%   Δp: -5.968%
 5.0%   Δp: -12.481%
 1.0%   Δp: -31.288%
 0.1%   Δp: -60.227%
Minimum Δp: -97.628%
RMS Δp    :  8.972 ± 0.070 %
Same top p: 85.808 ± 0.122 %
Same sampled p: 51.554 ± 0.122 %

------------------------------
# llama-perplexity: version: 0.4.4-dev (build 11430, commit 9d76dc1da-dirty) | built with GNU 15.3.0 for Linux x86_64
# model: /home/crusaderky/.cache/huggingface/hub/models--bloomer010--Ling-3.0-tiny-GGUF/snapshots/56a85ebe2d6d9d2ad6ad00a5014b13667153e236/Ling-3.0-tiny-Q4_K_M.gguf size=4823895104 mtime=2026-08-21T22:49:07+00:00 sha256/1048576B=75fdfc6eff4f5ae2fde9e53f7edc5bed48a62c7dfb2bdb8acebcf7ce2138227b
llama-perplexity --kl-divergence-base /tmp/logits.dat --ctx-size 32768 -f sample-data/wiki.test.head-2.4k.raw -fa on --hf-repo bloomer010/Ling-3.0-tiny-GGUF:Q4_K_M --cache-type-k q5_1 --cache-type-v q5_1 --kl-divergence
0.00.919.383 W load: special_eos_id is not in special_eog_ids - the tokenizer config may be incorrect
0.01.957.973 I cmn          init: llama threadpool init, n_threads = 16
0.02.023.680 I 
0.02.023.751 I system_info: n_threads = 16 (n_threads_batch = 16) / 32 | CUDA : ARCHS = 750,800,860,890,900,1000,1030,1200,1210 | USE_GRAPHS = 1 | FA_ALL_QUANTS = 1 | CPU : SSE3 = 1 | SSSE3 = 1 | AVX = 1 | AVX2 = 1 | F16C = 1 | FMA = 1 | BMI2 = 1 | LLAMAFILE = 1 | OPENMP = 1 | REPACK = 1 | 
0.02.115.083 I kl_divergence: computing over 5 chunks, n_ctx=32768, batch_size=512, n_seq=1
0.10.320.398 I kl_divergence: 8.21 seconds per pass - ETA 0.68 minutes

chunk             PPL               ln(PPL(Q)/PPL(base))          KL Divergence              Δp RMS            Same top p        Same sampled p
   1      23.8570 ±    0.6546       0.02056 ±    0.00473       0.09581 ±    0.00145     8.672 ±  0.150 %    86.718 ±  0.265 %    51.257 ±  0.271 %
   2      24.8906 ±    0.4914       0.03355 ±    0.00338       0.09736 ±    0.00106     8.652 ±  0.107 %    86.089 ±  0.191 %    50.705 ±  0.193 %
   3      26.0438 ±    0.4215       0.04417 ±    0.00282       0.10090 ±    0.00087     8.756 ±  0.089 %    85.666 ±  0.158 %    50.326 ±  0.157 %
   4      23.1405 ±    0.3204       0.03152 ±    0.00246       0.10321 ±    0.00084     8.925 ±  0.079 %    85.882 ±  0.136 %    51.358 ±  0.137 %
   5      23.0222 ±    0.2852       0.02433 ±    0.00224       0.10552 ±    0.00076     9.030 ±  0.072 %    85.884 ±  0.122 %    51.534 ±  0.122 %

====== Perplexity statistics ======
Mean PPL(Q)                   :  23.022171 ±   0.285246
Mean PPL(base)                :  22.468784 ±   0.276246
Cor(ln(PPL(Q)), ln(PPL(base))):  98.35%
Mean ln(PPL(Q)/PPL(base))     :   0.024331 ±   0.002243
Mean PPL(Q)/PPL(base)         :   1.024629 ±   0.002298
Mean PPL(Q)-PPL(base)         :   0.553386 ±   0.051748

====== KL divergence statistics ======
Mean    KLD:   0.105522 ±   0.000759
Maximum KLD:  14.545521
99.9%   KLD:   2.531272
99.0%   KLD:   0.918822
95.0%   KLD:   0.375527
90.0%   KLD:   0.242129
Median  KLD:   0.050104
10.0%   KLD:   0.000487
 5.0%   KLD:   0.000081
 1.0%   KLD:   0.000005
 0.1%   KLD:  -0.000008
Minimum KLD:  -0.000106

====== Token probability statistics ======
Mean    Δp: -0.051 ± 0.032 %
Maximum Δp: 97.306%
99.9%   Δp: 63.530%
99.0%   Δp: 29.350%
95.0%   Δp: 12.126%
90.0%   Δp:  5.911%
75.0%   Δp:  0.531%
Median  Δp: -0.000%
25.0%   Δp: -0.564%
10.0%   Δp: -5.853%
 5.0%   Δp: -12.283%
 1.0%   Δp: -31.422%
 0.1%   Δp: -59.483%
Minimum Δp: -98.230%
RMS Δp    :  9.030 ± 0.072 %
Same top p: 85.884 ± 0.122 %
Same sampled p: 51.534 ± 0.122 %

------------------------------
# llama-perplexity: version: 0.4.4-dev (build 11430, commit 9d76dc1da-dirty) | built with GNU 15.3.0 for Linux x86_64
# model: /home/crusaderky/.cache/huggingface/hub/models--bloomer010--Ling-3.0-tiny-GGUF/snapshots/56a85ebe2d6d9d2ad6ad00a5014b13667153e236/Ling-3.0-tiny-Q4_K_M.gguf size=4823895104 mtime=2026-08-21T22:49:07+00:00 sha256/1048576B=75fdfc6eff4f5ae2fde9e53f7edc5bed48a62c7dfb2bdb8acebcf7ce2138227b
llama-perplexity --kl-divergence-base /tmp/logits.dat --ctx-size 32768 -f sample-data/wiki.test.head-2.4k.raw -fa on --hf-repo bloomer010/Ling-3.0-tiny-GGUF:Q4_K_M --cache-type-k q5_0 --cache-type-v q5_0 --kl-divergence
0.00.924.833 W load: special_eos_id is not in special_eog_ids - the tokenizer config may be incorrect
0.01.980.718 I cmn          init: llama threadpool init, n_threads = 16
0.02.048.512 I 
0.02.048.584 I system_info: n_threads = 16 (n_threads_batch = 16) / 32 | CUDA : ARCHS = 750,800,860,890,900,1000,1030,1200,1210 | USE_GRAPHS = 1 | FA_ALL_QUANTS = 1 | CPU : SSE3 = 1 | SSSE3 = 1 | AVX = 1 | AVX2 = 1 | F16C = 1 | FMA = 1 | BMI2 = 1 | LLAMAFILE = 1 | OPENMP = 1 | REPACK = 1 | 
0.02.140.103 I kl_divergence: computing over 5 chunks, n_ctx=32768, batch_size=512, n_seq=1
0.10.333.971 I kl_divergence: 8.19 seconds per pass - ETA 0.67 minutes

chunk             PPL               ln(PPL(Q)/PPL(base))          KL Divergence              Δp RMS            Same top p        Same sampled p
   1      23.6147 ±    0.6471       0.01036 ±    0.00480       0.09625 ±    0.00145     8.709 ±  0.155 %    86.401 ±  0.268 %    51.263 ±  0.271 %
   2      24.5396 ±    0.4832       0.01935 ±    0.00340       0.09670 ±    0.00105     8.617 ±  0.108 %    85.915 ±  0.192 %    50.691 ±  0.193 %
   3      25.7141 ±    0.4153       0.03143 ±    0.00283       0.10064 ±    0.00087     8.720 ±  0.089 %    85.528 ±  0.159 %    50.308 ±  0.157 %
   4      22.9135 ±    0.3168       0.02166 ±    0.00248       0.10363 ±    0.00085     8.932 ±  0.080 %    85.709 ±  0.137 %    51.357 ±  0.137 %
   5      22.8294 ±    0.2825       0.01592 ±    0.00226       0.10608 ±    0.00077     9.035 ±  0.072 %    85.707 ±  0.122 %    51.535 ±  0.122 %

====== Perplexity statistics ======
Mean PPL(Q)                   :  22.829424 ±   0.282542
Mean PPL(base)                :  22.468784 ±   0.276246
Cor(ln(PPL(Q)), ln(PPL(base))):  98.33%
Mean ln(PPL(Q)/PPL(base))     :   0.015923 ±   0.002256
Mean PPL(Q)/PPL(base)         :   1.016051 ±   0.002292
Mean PPL(Q)-PPL(base)         :   0.360640 ±   0.051448

====== KL divergence statistics ======
Mean    KLD:   0.106081 ±   0.000766
Maximum KLD:  15.032473
99.9%   KLD:   2.578593
99.0%   KLD:   0.919482
95.0%   KLD:   0.378571
90.0%   KLD:   0.243913
Median  KLD:   0.050296
10.0%   KLD:   0.000484
 5.0%   KLD:   0.000081
 1.0%   KLD:   0.000006
 0.1%   KLD:  -0.000010
Minimum KLD:  -0.000146

====== Token probability statistics ======
Mean    Δp:  0.021 ± 0.032 %
Maximum Δp: 97.251%
99.9%   Δp: 64.557%
99.0%   Δp: 29.784%
95.0%   Δp: 12.291%
90.0%   Δp:  6.028%
75.0%   Δp:  0.568%
Median  Δp: -0.000%
25.0%   Δp: -0.532%
10.0%   Δp: -5.747%
 5.0%   Δp: -12.187%
 1.0%   Δp: -30.922%
 0.1%   Δp: -60.173%
Minimum Δp: -97.257%
RMS Δp    :  9.035 ± 0.072 %
Same top p: 85.707 ± 0.122 %
Same sampled p: 51.535 ± 0.122 %

------------------------------
# llama-perplexity: version: 0.4.4-dev (build 11430, commit 9d76dc1da-dirty) | built with GNU 15.3.0 for Linux x86_64
# model: /home/crusaderky/.cache/huggingface/hub/models--bloomer010--Ling-3.0-tiny-GGUF/snapshots/56a85ebe2d6d9d2ad6ad00a5014b13667153e236/Ling-3.0-tiny-Q4_K_M.gguf size=4823895104 mtime=2026-08-21T22:49:07+00:00 sha256/1048576B=75fdfc6eff4f5ae2fde9e53f7edc5bed48a62c7dfb2bdb8acebcf7ce2138227b
llama-perplexity --kl-divergence-base /tmp/logits.dat --ctx-size 32768 -f sample-data/wiki.test.head-2.4k.raw -fa on --hf-repo bloomer010/Ling-3.0-tiny-GGUF:Q4_K_M --cache-type-k q4_1 --cache-type-v q4_1 --kl-divergence
0.00.917.448 W load: special_eos_id is not in special_eog_ids - the tokenizer config may be incorrect
0.01.973.944 I cmn          init: llama threadpool init, n_threads = 16
0.02.037.750 I 
0.02.037.825 I system_info: n_threads = 16 (n_threads_batch = 16) / 32 | CUDA : ARCHS = 750,800,860,890,900,1000,1030,1200,1210 | USE_GRAPHS = 1 | FA_ALL_QUANTS = 1 | CPU : SSE3 = 1 | SSSE3 = 1 | AVX = 1 | AVX2 = 1 | F16C = 1 | FMA = 1 | BMI2 = 1 | LLAMAFILE = 1 | OPENMP = 1 | REPACK = 1 | 
0.02.127.115 I kl_divergence: computing over 5 chunks, n_ctx=32768, batch_size=512, n_seq=1
0.10.353.536 I kl_divergence: 8.23 seconds per pass - ETA 0.68 minutes

chunk             PPL               ln(PPL(Q)/PPL(base))          KL Divergence              Δp RMS            Same top p        Same sampled p
   1      23.8881 ±    0.6567       0.02187 ±    0.00488       0.10235 ±    0.00160     8.923 ±  0.155 %    86.401 ±  0.268 %    51.209 ±  0.271 %
   2      24.9276 ±    0.4916       0.03504 ±    0.00349       0.10308 ±    0.00112     8.831 ±  0.108 %    85.897 ±  0.192 %    50.560 ±  0.193 %
   3      26.1192 ±    0.4224       0.04706 ±    0.00291       0.10679 ±    0.00093     8.912 ±  0.088 %    85.343 ±  0.160 %    50.167 ±  0.157 %
   4      23.2379 ±    0.3217       0.03572 ±    0.00253       0.10846 ±    0.00088     9.064 ±  0.079 %    85.578 ±  0.137 %    51.239 ±  0.137 %
   5      23.1507 ±    0.2872       0.02990 ±    0.00231       0.11071 ±    0.00079     9.174 ±  0.071 %    85.533 ±  0.123 %    51.459 ±  0.122 %

====== Perplexity statistics ======
Mean PPL(Q)                   :  23.150734 ±   0.287164
Mean PPL(base)                :  22.468784 ±   0.276246
Cor(ln(PPL(Q)), ln(PPL(base))):  98.26%
Mean ln(PPL(Q)/PPL(base))     :   0.029900 ±   0.002307
Mean PPL(Q)/PPL(base)         :   1.030351 ±   0.002377
Mean PPL(Q)-PPL(base)         :   0.681950 ±   0.053687

====== KL divergence statistics ======
Mean    KLD:   0.110709 ±   0.000790
Maximum KLD:  15.113483
99.9%   KLD:   2.645853
99.0%   KLD:   0.959869
95.0%   KLD:   0.395073
90.0%   KLD:   0.254997
Median  KLD:   0.052394
10.0%   KLD:   0.000515
 5.0%   KLD:   0.000086
 1.0%   KLD:   0.000006
 0.1%   KLD:  -0.000008
Minimum KLD:  -0.000096

====== Token probability statistics ======
Mean    Δp: -0.080 ± 0.032 %
Maximum Δp: 97.963%
99.9%   Δp: 63.573%
99.0%   Δp: 29.970%
95.0%   Δp: 12.291%
90.0%   Δp:  6.054%
75.0%   Δp:  0.538%
Median  Δp: -0.000%
25.0%   Δp: -0.590%
10.0%   Δp: -6.033%
 5.0%   Δp: -12.916%
 1.0%   Δp: -32.083%
 0.1%   Δp: -60.227%
Minimum Δp: -97.254%
RMS Δp    :  9.174 ± 0.071 %
Same top p: 85.533 ± 0.123 %
Same sampled p: 51.459 ± 0.122 %

------------------------------
# llama-perplexity: version: 0.4.4-dev (build 11430, commit 9d76dc1da-dirty) | built with GNU 15.3.0 for Linux x86_64
# model: /home/crusaderky/.cache/huggingface/hub/models--bloomer010--Ling-3.0-tiny-GGUF/snapshots/56a85ebe2d6d9d2ad6ad00a5014b13667153e236/Ling-3.0-tiny-Q4_K_M.gguf size=4823895104 mtime=2026-08-21T22:49:07+00:00 sha256/1048576B=75fdfc6eff4f5ae2fde9e53f7edc5bed48a62c7dfb2bdb8acebcf7ce2138227b
llama-perplexity --kl-divergence-base /tmp/logits.dat --ctx-size 32768 -f sample-data/wiki.test.head-2.4k.raw -fa on --hf-repo bloomer010/Ling-3.0-tiny-GGUF:Q4_K_M --cache-type-k q4_0 --cache-type-v q4_0 --kl-divergence
0.00.973.581 W load: special_eos_id is not in special_eog_ids - the tokenizer config may be incorrect
0.02.041.800 I cmn          init: llama threadpool init, n_threads = 16
0.02.109.159 I 
0.02.109.225 I system_info: n_threads = 16 (n_threads_batch = 16) / 32 | CUDA : ARCHS = 750,800,860,890,900,1000,1030,1200,1210 | USE_GRAPHS = 1 | FA_ALL_QUANTS = 1 | CPU : SSE3 = 1 | SSSE3 = 1 | AVX = 1 | AVX2 = 1 | F16C = 1 | FMA = 1 | BMI2 = 1 | LLAMAFILE = 1 | OPENMP = 1 | REPACK = 1 | 
0.02.203.372 I kl_divergence: computing over 5 chunks, n_ctx=32768, batch_size=512, n_seq=1
0.10.426.643 I kl_divergence: 8.22 seconds per pass - ETA 0.68 minutes

chunk             PPL               ln(PPL(Q)/PPL(base))          KL Divergence              Δp RMS            Same top p        Same sampled p
   1      23.8943 ±    0.6545       0.02213 ±    0.00490       0.10301 ±    0.00157     8.915 ±  0.154 %    86.144 ±  0.270 %    50.980 ±  0.272 %
   2      25.1153 ±    0.4960       0.04254 ±    0.00355       0.10537 ±    0.00115     8.935 ±  0.110 %    85.750 ±  0.193 %    50.511 ±  0.193 %
   3      26.2926 ±    0.4261       0.05368 ±    0.00294       0.10844 ±    0.00094     9.005 ±  0.091 %    85.247 ±  0.160 %    50.169 ±  0.157 %
   4      23.3632 ±    0.3240       0.04110 ±    0.00256       0.11092 ±    0.00090     9.212 ±  0.082 %    85.412 ±  0.138 %    51.239 ±  0.137 %
   5      23.1928 ±    0.2878       0.03172 ±    0.00233       0.11314 ±    0.00080     9.301 ±  0.073 %    85.391 ±  0.123 %    51.426 ±  0.122 %

====== Perplexity statistics ======
Mean PPL(Q)                   :  23.192811 ±   0.287807
Mean PPL(base)                :  22.468784 ±   0.276246
Cor(ln(PPL(Q)), ln(PPL(base))):  98.23%
Mean ln(PPL(Q)/PPL(base))     :   0.031715 ±   0.002328
Mean PPL(Q)/PPL(base)         :   1.032224 ±   0.002403
Mean PPL(Q)-PPL(base)         :   0.724027 ±   0.054320

====== KL divergence statistics ======
Mean    KLD:   0.113144 ±   0.000805
Maximum KLD:  14.434976
99.9%   KLD:   2.637898
99.0%   KLD:   0.986980
95.0%   KLD:   0.407704
90.0%   KLD:   0.259439
Median  KLD:   0.053653
10.0%   KLD:   0.000516
 5.0%   KLD:   0.000087
 1.0%   KLD:   0.000006
 0.1%   KLD:  -0.000008
Minimum KLD:  -0.000105

====== Token probability statistics ======
Mean    Δp: -0.111 ± 0.032 %
Maximum Δp: 96.992%
99.9%   Δp: 62.799%
99.0%   Δp: 29.969%
95.0%   Δp: 12.385%
90.0%   Δp:  6.046%
75.0%   Δp:  0.530%
Median  Δp: -0.000%
25.0%   Δp: -0.610%
10.0%   Δp: -6.210%
 5.0%   Δp: -13.048%
 1.0%   Δp: -32.265%
 0.1%   Δp: -63.612%
Minimum Δp: -99.011%
RMS Δp    :  9.301 ± 0.073 %
Same top p: 85.391 ± 0.123 %
Same sampled p: 51.426 ± 0.122 %

------------------------------
# llama-perplexity: version: 0.4.4-dev (build 11430, commit 9d76dc1da-dirty) | built with GNU 15.3.0 for Linux x86_64
# model: /home/crusaderky/.cache/huggingface/hub/models--bloomer010--Ling-3.0-tiny-GGUF/snapshots/56a85ebe2d6d9d2ad6ad00a5014b13667153e236/Ling-3.0-tiny-Q4_K_M.gguf size=4823895104 mtime=2026-08-21T22:49:07+00:00 sha256/1048576B=75fdfc6eff4f5ae2fde9e53f7edc5bed48a62c7dfb2bdb8acebcf7ce2138227b
llama-perplexity --kl-divergence-base /tmp/logits.dat --ctx-size 32768 -f sample-data/wiki.test.head-2.4k.raw -fa on --hf-repo bloomer010/Ling-3.0-tiny-GGUF:Q4_K_M --cache-type-k q3_1 --cache-type-v q3_1 --kl-divergence
0.00.909.801 W load: special_eos_id is not in special_eog_ids - the tokenizer config may be incorrect
0.01.949.571 I cmn          init: llama threadpool init, n_threads = 16
0.02.013.306 I 
0.02.013.377 I system_info: n_threads = 16 (n_threads_batch = 16) / 32 | CUDA : ARCHS = 750,800,860,890,900,1000,1030,1200,1210 | USE_GRAPHS = 1 | FA_ALL_QUANTS = 1 | CPU : SSE3 = 1 | SSSE3 = 1 | AVX = 1 | AVX2 = 1 | F16C = 1 | FMA = 1 | BMI2 = 1 | LLAMAFILE = 1 | OPENMP = 1 | REPACK = 1 | 
0.02.102.410 I kl_divergence: computing over 5 chunks, n_ctx=32768, batch_size=512, n_seq=1
0.10.292.387 I kl_divergence: 8.19 seconds per pass - ETA 0.67 minutes

chunk             PPL               ln(PPL(Q)/PPL(base))          KL Divergence              Δp RMS            Same top p        Same sampled p
   1      24.3232 ±    0.6646       0.03992 ±    0.00556       0.12574 ±    0.00192     9.957 ±  0.169 %    84.380 ±  0.284 %    50.408 ±  0.272 %
   2      25.1928 ±    0.4944       0.04562 ±    0.00394       0.12872 ±    0.00137     9.931 ±  0.117 %    83.849 ±  0.203 %    49.814 ±  0.193 %
   3      26.4333 ±    0.4261       0.05902 ±    0.00327       0.13384 ±    0.00113    10.062 ±  0.097 %    83.385 ±  0.168 %    49.483 ±  0.157 %
   4      23.3684 ±    0.3223       0.04132 ±    0.00284       0.13509 ±    0.00103    10.165 ±  0.085 %    83.709 ±  0.144 %    50.605 ±  0.137 %
   5      23.2469 ±    0.2872       0.03405 ±    0.00257       0.13768 ±    0.00095    10.253 ±  0.076 %    83.736 ±  0.129 %    50.844 ±  0.122 %

====== Perplexity statistics ======
Mean PPL(Q)                   :  23.246922 ±   0.287206
Mean PPL(base)                :  22.468784 ±   0.276246
Cor(ln(PPL(Q)), ln(PPL(base))):  97.83%
Mean ln(PPL(Q)/PPL(base))     :   0.034046 ±   0.002569
Mean PPL(Q)/PPL(base)         :   1.034632 ±   0.002658
Mean PPL(Q)-PPL(base)         :   0.778138 ±   0.059708

====== KL divergence statistics ======
Mean    KLD:   0.137681 ±   0.000955
Maximum KLD:  12.271052
99.9%   KLD:   3.289863
99.0%   KLD:   1.194299
95.0%   KLD:   0.501452
90.0%   KLD:   0.321425
Median  KLD:   0.064260
10.0%   KLD:   0.000663
 5.0%   KLD:   0.000114
 1.0%   KLD:   0.000009
 0.1%   KLD:  -0.000004
Minimum KLD:  -0.000179

====== Token probability statistics ======
Mean    Δp: -0.382 ± 0.036 %
Maximum Δp: 97.982%
99.9%   Δp: 66.634%
99.0%   Δp: 31.983%
95.0%   Δp: 13.120%
90.0%   Δp:  6.199%
75.0%   Δp:  0.498%
Median  Δp: -0.001%
25.0%   Δp: -0.795%
10.0%   Δp: -7.446%
 5.0%   Δp: -15.213%
 1.0%   Δp: -37.832%
 0.1%   Δp: -70.883%
Minimum Δp: -99.412%
RMS Δp    : 10.253 ± 0.076 %
Same top p: 83.736 ± 0.129 %
Same sampled p: 50.844 ± 0.122 %

------------------------------
# llama-perplexity: version: 0.4.4-dev (build 11430, commit 9d76dc1da-dirty) | built with GNU 15.3.0 for Linux x86_64
# model: /home/crusaderky/.cache/huggingface/hub/models--bloomer010--Ling-3.0-tiny-GGUF/snapshots/56a85ebe2d6d9d2ad6ad00a5014b13667153e236/Ling-3.0-tiny-Q4_K_M.gguf size=4823895104 mtime=2026-08-21T22:49:07+00:00 sha256/1048576B=75fdfc6eff4f5ae2fde9e53f7edc5bed48a62c7dfb2bdb8acebcf7ce2138227b
llama-perplexity --kl-divergence-base /tmp/logits.dat --ctx-size 32768 -f sample-data/wiki.test.head-2.4k.raw -fa on --hf-repo bloomer010/Ling-3.0-tiny-GGUF:Q4_K_M --cache-type-k q3_0 --cache-type-v q3_0 --kl-divergence
0.00.917.206 W load: special_eos_id is not in special_eog_ids - the tokenizer config may be incorrect
0.01.974.509 I cmn          init: llama threadpool init, n_threads = 16
0.02.039.893 I 
0.02.039.971 I system_info: n_threads = 16 (n_threads_batch = 16) / 32 | CUDA : ARCHS = 750,800,860,890,900,1000,1030,1200,1210 | USE_GRAPHS = 1 | FA_ALL_QUANTS = 1 | CPU : SSE3 = 1 | SSSE3 = 1 | AVX = 1 | AVX2 = 1 | F16C = 1 | FMA = 1 | BMI2 = 1 | LLAMAFILE = 1 | OPENMP = 1 | REPACK = 1 | 
0.02.130.433 I kl_divergence: computing over 5 chunks, n_ctx=32768, batch_size=512, n_seq=1
0.10.335.369 I kl_divergence: 8.20 seconds per pass - ETA 0.68 minutes

chunk             PPL               ln(PPL(Q)/PPL(base))          KL Divergence              Δp RMS            Same top p        Same sampled p
   1      24.2676 ±    0.6647       0.03763 ±    0.00548       0.12891 ±    0.00206    10.225 ±  0.177 %    84.484 ±  0.283 %    50.371 ±  0.272 %
   2      25.3281 ±    0.4997       0.05098 ±    0.00390       0.13004 ±    0.00145    10.083 ±  0.122 %    84.069 ±  0.202 %    49.991 ±  0.193 %
   3      26.7866 ±    0.4346       0.07230 ±    0.00326       0.13595 ±    0.00119    10.182 ±  0.100 %    83.528 ±  0.167 %    49.636 ±  0.158 %
   4      23.7230 ±    0.3293       0.05638 ±    0.00284       0.13660 ±    0.00105    10.229 ±  0.085 %    83.811 ±  0.144 %    50.686 ±  0.137 %
   5      23.6891 ±    0.2950       0.05289 ±    0.00258       0.13942 ±    0.00097    10.348 ±  0.076 %    83.878 ±  0.128 %    50.946 ±  0.122 %

====== Perplexity statistics ======
Mean PPL(Q)                   :  23.689145 ±   0.294977
Mean PPL(base)                :  22.468784 ±   0.276246
Cor(ln(PPL(Q)), ln(PPL(base))):  97.83%
Mean ln(PPL(Q)/PPL(base))     :   0.052890 ±   0.002583
Mean PPL(Q)/PPL(base)         :   1.054314 ±   0.002723
Mean PPL(Q)-PPL(base)         :   1.220360 ±   0.062351

====== KL divergence statistics ======
Mean    KLD:   0.139416 ±   0.000967
Maximum KLD:  12.798390
99.9%   KLD:   3.158075
99.0%   KLD:   1.246764
95.0%   KLD:   0.509790
90.0%   KLD:   0.326109
Median  KLD:   0.064250
10.0%   KLD:   0.000630
 5.0%   KLD:   0.000108
 1.0%   KLD:   0.000008
 0.1%   KLD:  -0.000006
Minimum KLD:  -0.000116

====== Token probability statistics ======
Mean    Δp: -0.364 ± 0.036 %
Maximum Δp: 97.684%
99.9%   Δp: 65.595%
99.0%   Δp: 32.210%
95.0%   Δp: 13.264%
90.0%   Δp:  6.306%
75.0%   Δp:  0.511%
Median  Δp: -0.001%
25.0%   Δp: -0.753%
10.0%   Δp: -7.295%
 5.0%   Δp: -15.166%
 1.0%   Δp: -38.383%
 0.1%   Δp: -70.720%
Minimum Δp: -96.677%
RMS Δp    : 10.348 ± 0.076 %
Same top p: 83.878 ± 0.128 %
Same sampled p: 50.946 ± 0.122 %

------------------------------
# llama-perplexity: version: 0.4.4-dev (build 11430, commit 9d76dc1da-dirty) | built with GNU 15.3.0 for Linux x86_64
# model: /home/crusaderky/.cache/huggingface/hub/models--bloomer010--Ling-3.0-tiny-GGUF/snapshots/56a85ebe2d6d9d2ad6ad00a5014b13667153e236/Ling-3.0-tiny-Q4_K_S.gguf size=4554886208 mtime=2026-08-21T23:13:34+00:00 sha256/1048576B=75fdfc6eff4f5ae2fde9e53f7edc5bed48a62c7dfb2bdb8acebcf7ce2138227b
llama-perplexity --kl-divergence-base /tmp/logits.dat --ctx-size 32768 -f sample-data/wiki.test.head-2.4k.raw -fa on --hf-repo bloomer010/Ling-3.0-tiny-GGUF:Q4_K_S --cache-type-k q8_0 --cache-type-v q8_0 --kl-divergence
0.00.913.261 W load: special_eos_id is not in special_eog_ids - the tokenizer config may be incorrect
0.04.353.288 I cmn          init: llama threadpool init, n_threads = 16
0.04.419.673 I 
0.04.419.744 I system_info: n_threads = 16 (n_threads_batch = 16) / 32 | CUDA : ARCHS = 750,800,860,890,900,1000,1030,1200,1210 | USE_GRAPHS = 1 | FA_ALL_QUANTS = 1 | CPU : SSE3 = 1 | SSSE3 = 1 | AVX = 1 | AVX2 = 1 | F16C = 1 | FMA = 1 | BMI2 = 1 | LLAMAFILE = 1 | OPENMP = 1 | REPACK = 1 | 
0.04.520.085 I kl_divergence: computing over 5 chunks, n_ctx=32768, batch_size=512, n_seq=1
0.12.727.804 I kl_divergence: 8.21 seconds per pass - ETA 0.68 minutes

chunk             PPL               ln(PPL(Q)/PPL(base))          KL Divergence              Δp RMS            Same top p        Same sampled p
   1      23.4143 ±    0.6334       0.00183 ±    0.00479       0.09832 ±    0.00145     8.857 ±  0.155 %    86.120 ±  0.270 %    50.592 ±  0.272 %
   2      24.4029 ±    0.4747       0.01377 ±    0.00340       0.09938 ±    0.00106     8.770 ±  0.107 %    85.842 ±  0.193 %    50.072 ±  0.193 %
   3      25.4920 ±    0.4065       0.02276 ±    0.00283       0.10278 ±    0.00086     8.805 ±  0.087 %    85.434 ±  0.159 %    49.694 ±  0.157 %
   4      22.8053 ±    0.3117       0.01693 ±    0.00247       0.10407 ±    0.00081     8.955 ±  0.078 %    85.619 ±  0.137 %    50.793 ±  0.137 %
   5      22.7878 ±    0.2792       0.01410 ±    0.00225       0.10666 ±    0.00073     9.056 ±  0.070 %    85.595 ±  0.123 %    51.000 ±  0.122 %

====== Perplexity statistics ======
Mean PPL(Q)                   :  22.787781 ±   0.279220
Mean PPL(base)                :  22.468784 ±   0.276246
Cor(ln(PPL(Q)), ln(PPL(base))):  98.32%
Mean ln(PPL(Q)/PPL(base))     :   0.014097 ±   0.002251
Mean PPL(Q)/PPL(base)         :   1.014197 ±   0.002283
Mean PPL(Q)-PPL(base)         :   0.318997 ±   0.051008

====== KL divergence statistics ======
Mean    KLD:   0.106659 ±   0.000733
Maximum KLD:  13.485156
99.9%   KLD:   2.396016
99.0%   KLD:   0.889009
95.0%   KLD:   0.380943
90.0%   KLD:   0.245468
Median  KLD:   0.051911
10.0%   KLD:   0.000545
 5.0%   KLD:   0.000094
 1.0%   KLD:   0.000007
 0.1%   KLD:  -0.000005
Minimum KLD:  -0.000115

====== Token probability statistics ======
Mean    Δp: -0.441 ± 0.032 %
Maximum Δp: 95.300%
99.9%   Δp: 61.734%
99.0%   Δp: 28.164%
95.0%   Δp: 11.318%
90.0%   Δp:  5.134%
75.0%   Δp:  0.377%
Median  Δp: -0.001%
25.0%   Δp: -0.793%
10.0%   Δp: -6.875%
 5.0%   Δp: -13.826%
 1.0%   Δp: -32.376%
 0.1%   Δp: -60.724%
Minimum Δp: -96.829%
RMS Δp    :  9.056 ± 0.070 %
Same top p: 85.595 ± 0.123 %
Same sampled p: 51.000 ± 0.122 %

------------------------------
# llama-perplexity: version: 0.4.4-dev (build 11430, commit 9d76dc1da-dirty) | built with GNU 15.3.0 for Linux x86_64
# model: /home/crusaderky/.cache/huggingface/hub/models--bloomer010--Ling-3.0-tiny-GGUF/snapshots/56a85ebe2d6d9d2ad6ad00a5014b13667153e236/Ling-3.0-tiny-Q4_K_S.gguf size=4554886208 mtime=2026-08-21T23:13:34+00:00 sha256/1048576B=75fdfc6eff4f5ae2fde9e53f7edc5bed48a62c7dfb2bdb8acebcf7ce2138227b
llama-perplexity --kl-divergence-base /tmp/logits.dat --ctx-size 32768 -f sample-data/wiki.test.head-2.4k.raw -fa on --hf-repo bloomer010/Ling-3.0-tiny-GGUF:Q4_K_S --cache-type-k q6_0 --cache-type-v q6_0 --kl-divergence
0.00.916.358 W load: special_eos_id is not in special_eog_ids - the tokenizer config may be incorrect
0.01.952.496 I cmn          init: llama threadpool init, n_threads = 16
0.02.018.809 I 
0.02.018.874 I system_info: n_threads = 16 (n_threads_batch = 16) / 32 | CUDA : ARCHS = 750,800,860,890,900,1000,1030,1200,1210 | USE_GRAPHS = 1 | FA_ALL_QUANTS = 1 | CPU : SSE3 = 1 | SSSE3 = 1 | AVX = 1 | AVX2 = 1 | F16C = 1 | FMA = 1 | BMI2 = 1 | LLAMAFILE = 1 | OPENMP = 1 | REPACK = 1 | 
0.02.110.231 I kl_divergence: computing over 5 chunks, n_ctx=32768, batch_size=512, n_seq=1
0.10.281.457 I kl_divergence: 8.17 seconds per pass - ETA 0.67 minutes

chunk             PPL               ln(PPL(Q)/PPL(base))          KL Divergence              Δp RMS            Same top p        Same sampled p
   1      23.4626 ±    0.6367       0.00389 ±    0.00482       0.09857 ±    0.00150     8.824 ±  0.154 %    86.138 ±  0.270 %    50.714 ±  0.272 %
   2      24.3560 ±    0.4740       0.01184 ±    0.00340       0.09937 ±    0.00106     8.752 ±  0.108 %    85.781 ±  0.193 %    50.109 ±  0.193 %
   3      25.4366 ±    0.4056       0.02058 ±    0.00283       0.10277 ±    0.00087     8.789 ±  0.088 %    85.442 ±  0.159 %    49.725 ±  0.157 %
   4      22.7524 ±    0.3108       0.01461 ±    0.00246       0.10416 ±    0.00082     8.944 ±  0.078 %    85.624 ±  0.137 %    50.779 ±  0.137 %
   5      22.7271 ±    0.2782       0.01143 ±    0.00225       0.10685 ±    0.00074     9.057 ±  0.070 %    85.644 ±  0.123 %    50.984 ±  0.122 %

====== Perplexity statistics ======
Mean PPL(Q)                   :  22.727053 ±   0.278213
Mean PPL(base)                :  22.468784 ±   0.276246
Cor(ln(PPL(Q)), ln(PPL(base))):  98.32%
Mean ln(PPL(Q)/PPL(base))     :   0.011429 ±   0.002247
Mean PPL(Q)/PPL(base)         :   1.011495 ±   0.002273
Mean PPL(Q)-PPL(base)         :   0.258269 ±   0.050799

====== KL divergence statistics ======
Mean    KLD:   0.106850 ±   0.000740
Maximum KLD:  13.831210
99.9%   KLD:   2.458492
99.0%   KLD:   0.902433
95.0%   KLD:   0.383500
90.0%   KLD:   0.245073
Median  KLD:   0.052254
10.0%   KLD:   0.000540
 5.0%   KLD:   0.000095
 1.0%   KLD:   0.000007
 0.1%   KLD:  -0.000006
Minimum KLD:  -0.000133

====== Token probability statistics ======
Mean    Δp: -0.443 ± 0.032 %
Maximum Δp: 96.108%
99.9%   Δp: 62.092%
99.0%   Δp: 28.066%
95.0%   Δp: 11.175%
90.0%   Δp:  5.156%
75.0%   Δp:  0.373%
Median  Δp: -0.001%
25.0%   Δp: -0.802%
10.0%   Δp: -6.913%
 5.0%   Δp: -13.738%
 1.0%   Δp: -32.118%
 0.1%   Δp: -61.589%
Minimum Δp: -96.579%
RMS Δp    :  9.057 ± 0.070 %
Same top p: 85.644 ± 0.123 %
Same sampled p: 50.984 ± 0.122 %

------------------------------
# llama-perplexity: version: 0.4.4-dev (build 11430, commit 9d76dc1da-dirty) | built with GNU 15.3.0 for Linux x86_64
# model: /home/crusaderky/.cache/huggingface/hub/models--bloomer010--Ling-3.0-tiny-GGUF/snapshots/56a85ebe2d6d9d2ad6ad00a5014b13667153e236/Ling-3.0-tiny-Q4_K_S.gguf size=4554886208 mtime=2026-08-21T23:13:34+00:00 sha256/1048576B=75fdfc6eff4f5ae2fde9e53f7edc5bed48a62c7dfb2bdb8acebcf7ce2138227b
llama-perplexity --kl-divergence-base /tmp/logits.dat --ctx-size 32768 -f sample-data/wiki.test.head-2.4k.raw -fa on --hf-repo bloomer010/Ling-3.0-tiny-GGUF:Q4_K_S --cache-type-k q5_1 --cache-type-v q5_1 --kl-divergence
0.00.938.861 W load: special_eos_id is not in special_eog_ids - the tokenizer config may be incorrect
0.01.989.065 I cmn          init: llama threadpool init, n_threads = 16
0.02.055.875 I 
0.02.055.952 I system_info: n_threads = 16 (n_threads_batch = 16) / 32 | CUDA : ARCHS = 750,800,860,890,900,1000,1030,1200,1210 | USE_GRAPHS = 1 | FA_ALL_QUANTS = 1 | CPU : SSE3 = 1 | SSSE3 = 1 | AVX = 1 | AVX2 = 1 | F16C = 1 | FMA = 1 | BMI2 = 1 | LLAMAFILE = 1 | OPENMP = 1 | REPACK = 1 | 
0.02.146.993 I kl_divergence: computing over 5 chunks, n_ctx=32768, batch_size=512, n_seq=1
0.10.302.865 I kl_divergence: 8.16 seconds per pass - ETA 0.67 minutes

chunk             PPL               ln(PPL(Q)/PPL(base))          KL Divergence              Δp RMS            Same top p        Same sampled p
   1      23.3673 ±    0.6325      -0.00018 ±    0.00489       0.10127 ±    0.00156     9.046 ±  0.157 %    85.888 ±  0.272 %    50.592 ±  0.272 %
   2      24.4554 ±    0.4760       0.01591 ±    0.00346       0.10238 ±    0.00111     8.883 ±  0.107 %    85.543 ±  0.194 %    50.012 ±  0.193 %
   3      25.5628 ±    0.4080       0.02553 ±    0.00287       0.10542 ±    0.00090     8.916 ±  0.088 %    85.192 ±  0.160 %    49.670 ±  0.157 %
   4      22.8655 ±    0.3128       0.01957 ±    0.00250       0.10639 ±    0.00083     9.074 ±  0.078 %    85.384 ±  0.138 %    50.755 ±  0.137 %
   5      22.7870 ±    0.2791       0.01406 ±    0.00227       0.10906 ±    0.00076     9.172 ±  0.071 %    85.390 ±  0.123 %    50.938 ±  0.122 %

====== Perplexity statistics ======
Mean PPL(Q)                   :  22.786974 ±   0.279108
Mean PPL(base)                :  22.468784 ±   0.276246
Cor(ln(PPL(Q)), ln(PPL(base))):  98.29%
Mean ln(PPL(Q)/PPL(base))     :   0.014062 ±   0.002272
Mean PPL(Q)/PPL(base)         :   1.014161 ±   0.002304
Mean PPL(Q)-PPL(base)         :   0.318190 ±   0.051471

====== KL divergence statistics ======
Mean    KLD:   0.109056 ±   0.000758
Maximum KLD:  14.103088
99.9%   KLD:   2.493978
99.0%   KLD:   0.934471
95.0%   KLD:   0.388568
90.0%   KLD:   0.253117
Median  KLD:   0.052673
10.0%   KLD:   0.000561
 5.0%   KLD:   0.000098
 1.0%   KLD:   0.000007
 0.1%   KLD:  -0.000004
Minimum KLD:  -0.000102

====== Token probability statistics ======
Mean    Δp: -0.462 ± 0.032 %
Maximum Δp: 95.783%
99.9%   Δp: 61.432%
99.0%   Δp: 28.556%
95.0%   Δp: 11.305%
90.0%   Δp:  5.192%
75.0%   Δp:  0.376%
Median  Δp: -0.001%
25.0%   Δp: -0.823%
10.0%   Δp: -7.048%
 5.0%   Δp: -13.931%
 1.0%   Δp: -32.828%
 0.1%   Δp: -62.200%
Minimum Δp: -98.271%
RMS Δp    :  9.172 ± 0.071 %
Same top p: 85.390 ± 0.123 %
Same sampled p: 50.938 ± 0.122 %

------------------------------
# llama-perplexity: version: 0.4.4-dev (build 11430, commit 9d76dc1da-dirty) | built with GNU 15.3.0 for Linux x86_64
# model: /home/crusaderky/.cache/huggingface/hub/models--bloomer010--Ling-3.0-tiny-GGUF/snapshots/56a85ebe2d6d9d2ad6ad00a5014b13667153e236/Ling-3.0-tiny-Q4_K_S.gguf size=4554886208 mtime=2026-08-21T23:13:34+00:00 sha256/1048576B=75fdfc6eff4f5ae2fde9e53f7edc5bed48a62c7dfb2bdb8acebcf7ce2138227b
llama-perplexity --kl-divergence-base /tmp/logits.dat --ctx-size 32768 -f sample-data/wiki.test.head-2.4k.raw -fa on --hf-repo bloomer010/Ling-3.0-tiny-GGUF:Q4_K_S --cache-type-k q5_0 --cache-type-v q5_0 --kl-divergence
0.00.931.460 W load: special_eos_id is not in special_eog_ids - the tokenizer config may be incorrect
0.01.973.967 I cmn          init: llama threadpool init, n_threads = 16
0.02.038.346 I 
0.02.038.420 I system_info: n_threads = 16 (n_threads_batch = 16) / 32 | CUDA : ARCHS = 750,800,860,890,900,1000,1030,1200,1210 | USE_GRAPHS = 1 | FA_ALL_QUANTS = 1 | CPU : SSE3 = 1 | SSSE3 = 1 | AVX = 1 | AVX2 = 1 | F16C = 1 | FMA = 1 | BMI2 = 1 | LLAMAFILE = 1 | OPENMP = 1 | REPACK = 1 | 
0.02.126.807 I kl_divergence: computing over 5 chunks, n_ctx=32768, batch_size=512, n_seq=1
0.10.298.124 I kl_divergence: 8.17 seconds per pass - ETA 0.67 minutes

chunk             PPL               ln(PPL(Q)/PPL(base))          KL Divergence              Δp RMS            Same top p        Same sampled p
   1      23.3210 ±    0.6318      -0.00216 ±    0.00485       0.10079 ±    0.00157     8.956 ±  0.158 %    86.095 ±  0.270 %    50.690 ±  0.272 %
   2      24.2605 ±    0.4723       0.00792 ±    0.00344       0.10178 ±    0.00111     8.832 ±  0.108 %    85.686 ±  0.193 %    50.142 ±  0.193 %
   3      25.3660 ±    0.4043       0.01780 ±    0.00286       0.10498 ±    0.00090     8.931 ±  0.090 %    85.330 ±  0.160 %    49.707 ±  0.157 %
   4      22.7108 ±    0.3102       0.01278 ±    0.00250       0.10662 ±    0.00084     9.100 ±  0.080 %    85.508 ±  0.138 %    50.757 ±  0.137 %
   5      22.6565 ±    0.2773       0.00832 ±    0.00228       0.10928 ±    0.00076     9.188 ±  0.072 %    85.495 ±  0.123 %    50.963 ±  0.122 %

====== Perplexity statistics ======
Mean PPL(Q)                   :  22.656479 ±   0.277263
Mean PPL(base)                :  22.468784 ±   0.276246
Cor(ln(PPL(Q)), ln(PPL(base))):  98.28%
Mean ln(PPL(Q)/PPL(base))     :   0.008319 ±   0.002277
Mean PPL(Q)/PPL(base)         :   1.008354 ±   0.002296
Mean PPL(Q)-PPL(base)         :   0.187695 ±   0.051359

====== KL divergence statistics ======
Mean    KLD:   0.109279 ±   0.000763
Maximum KLD:  11.845601
99.9%   KLD:   2.597220
99.0%   KLD:   0.920853
95.0%   KLD:   0.391155
90.0%   KLD:   0.251021
Median  KLD:   0.052719
10.0%   KLD:   0.000548
 5.0%   KLD:   0.000098
 1.0%   KLD:   0.000007
 0.1%   KLD:  -0.000005
Minimum KLD:  -0.000182

====== Token probability statistics ======
Mean    Δp: -0.403 ± 0.032 %
Maximum Δp: 96.587%
99.9%   Δp: 62.970%
99.0%   Δp: 29.206%
95.0%   Δp: 11.444%
90.0%   Δp:  5.351%
75.0%   Δp:  0.390%
Median  Δp: -0.001%
25.0%   Δp: -0.808%
10.0%   Δp: -6.983%
 5.0%   Δp: -13.675%
 1.0%   Δp: -32.431%
 0.1%   Δp: -62.674%
Minimum Δp: -96.596%
RMS Δp    :  9.188 ± 0.072 %
Same top p: 85.495 ± 0.123 %
Same sampled p: 50.963 ± 0.122 %

------------------------------
# llama-perplexity: version: 0.4.4-dev (build 11430, commit 9d76dc1da-dirty) | built with GNU 15.3.0 for Linux x86_64
# model: /home/crusaderky/.cache/huggingface/hub/models--bloomer010--Ling-3.0-tiny-GGUF/snapshots/56a85ebe2d6d9d2ad6ad00a5014b13667153e236/Ling-3.0-tiny-Q4_K_S.gguf size=4554886208 mtime=2026-08-21T23:13:34+00:00 sha256/1048576B=75fdfc6eff4f5ae2fde9e53f7edc5bed48a62c7dfb2bdb8acebcf7ce2138227b
llama-perplexity --kl-divergence-base /tmp/logits.dat --ctx-size 32768 -f sample-data/wiki.test.head-2.4k.raw -fa on --hf-repo bloomer010/Ling-3.0-tiny-GGUF:Q4_K_S --cache-type-k q4_1 --cache-type-v q4_1 --kl-divergence
0.00.914.633 W load: special_eos_id is not in special_eog_ids - the tokenizer config may be incorrect
0.01.960.498 I cmn          init: llama threadpool init, n_threads = 16
0.02.023.297 I 
0.02.023.377 I system_info: n_threads = 16 (n_threads_batch = 16) / 32 | CUDA : ARCHS = 750,800,860,890,900,1000,1030,1200,1210 | USE_GRAPHS = 1 | FA_ALL_QUANTS = 1 | CPU : SSE3 = 1 | SSSE3 = 1 | AVX = 1 | AVX2 = 1 | F16C = 1 | FMA = 1 | BMI2 = 1 | LLAMAFILE = 1 | OPENMP = 1 | REPACK = 1 | 
0.02.109.346 I kl_divergence: computing over 5 chunks, n_ctx=32768, batch_size=512, n_seq=1
0.10.256.304 I kl_divergence: 8.15 seconds per pass - ETA 0.67 minutes

chunk             PPL               ln(PPL(Q)/PPL(base))          KL Divergence              Δp RMS            Same top p        Same sampled p
   1      23.6092 ±    0.6407       0.01012 ±    0.00502       0.10573 ±    0.00159     9.018 ±  0.154 %    85.619 ±  0.274 %    50.633 ±  0.272 %
   2      24.6730 ±    0.4809       0.02477 ±    0.00355       0.10752 ±    0.00113     9.019 ±  0.106 %    85.222 ±  0.196 %    50.003 ±  0.193 %
   3      25.7172 ±    0.4105       0.03155 ±    0.00295       0.11115 ±    0.00093     9.104 ±  0.088 %    84.873 ±  0.162 %    49.571 ±  0.157 %
   4      22.9488 ±    0.3138       0.02320 ±    0.00256       0.11164 ±    0.00087     9.224 ±  0.080 %    85.079 ±  0.139 %    50.670 ±  0.137 %
   5      22.8711 ±    0.2801       0.01775 ±    0.00233       0.11407 ±    0.00079     9.317 ±  0.072 %    85.135 ±  0.124 %    50.864 ±  0.122 %

====== Perplexity statistics ======
Mean PPL(Q)                   :  22.871117 ±   0.280100
Mean PPL(base)                :  22.468784 ±   0.276246
Cor(ln(PPL(Q)), ln(PPL(base))):  98.20%
Mean ln(PPL(Q)/PPL(base))     :   0.017748 ±   0.002329
Mean PPL(Q)/PPL(base)         :   1.017906 ±   0.002371
Mean PPL(Q)-PPL(base)         :   0.402332 ±   0.052924

====== KL divergence statistics ======
Mean    KLD:   0.114073 ±   0.000788
Maximum KLD:  13.667168
99.9%   KLD:   2.667775
99.0%   KLD:   0.963307
95.0%   KLD:   0.405863
90.0%   KLD:   0.263002
Median  KLD:   0.055515
10.0%   KLD:   0.000594
 5.0%   KLD:   0.000101
 1.0%   KLD:   0.000008
 0.1%   KLD:  -0.000005
Minimum KLD:  -0.000135

====== Token probability statistics ======
Mean    Δp: -0.509 ± 0.033 %
Maximum Δp: 97.413%
99.9%   Δp: 61.861%
99.0%   Δp: 28.781%
95.0%   Δp: 11.569%
90.0%   Δp:  5.244%
75.0%   Δp:  0.369%
Median  Δp: -0.002%
25.0%   Δp: -0.868%
10.0%   Δp: -7.315%
 5.0%   Δp: -14.212%
 1.0%   Δp: -33.515%
 0.1%   Δp: -62.463%
Minimum Δp: -97.660%
RMS Δp    :  9.317 ± 0.072 %
Same top p: 85.135 ± 0.124 %
Same sampled p: 50.864 ± 0.122 %

------------------------------
# llama-perplexity: version: 0.4.4-dev (build 11430, commit 9d76dc1da-dirty) | built with GNU 15.3.0 for Linux x86_64
# model: /home/crusaderky/.cache/huggingface/hub/models--bloomer010--Ling-3.0-tiny-GGUF/snapshots/56a85ebe2d6d9d2ad6ad00a5014b13667153e236/Ling-3.0-tiny-Q4_K_S.gguf size=4554886208 mtime=2026-08-21T23:13:34+00:00 sha256/1048576B=75fdfc6eff4f5ae2fde9e53f7edc5bed48a62c7dfb2bdb8acebcf7ce2138227b
llama-perplexity --kl-divergence-base /tmp/logits.dat --ctx-size 32768 -f sample-data/wiki.test.head-2.4k.raw -fa on --hf-repo bloomer010/Ling-3.0-tiny-GGUF:Q4_K_S --cache-type-k q4_0 --cache-type-v q4_0 --kl-divergence
0.00.926.244 W load: special_eos_id is not in special_eog_ids - the tokenizer config may be incorrect
0.01.971.924 I cmn          init: llama threadpool init, n_threads = 16
0.02.037.763 I 
0.02.037.833 I system_info: n_threads = 16 (n_threads_batch = 16) / 32 | CUDA : ARCHS = 750,800,860,890,900,1000,1030,1200,1210 | USE_GRAPHS = 1 | FA_ALL_QUANTS = 1 | CPU : SSE3 = 1 | SSSE3 = 1 | AVX = 1 | AVX2 = 1 | F16C = 1 | FMA = 1 | BMI2 = 1 | LLAMAFILE = 1 | OPENMP = 1 | REPACK = 1 | 
0.02.127.112 I kl_divergence: computing over 5 chunks, n_ctx=32768, batch_size=512, n_seq=1
0.10.293.839 I kl_divergence: 8.17 seconds per pass - ETA 0.67 minutes

chunk             PPL               ln(PPL(Q)/PPL(base))          KL Divergence              Δp RMS            Same top p        Same sampled p
   1      23.4368 ±    0.6337       0.00280 ±    0.00503       0.10761 ±    0.00167     9.109 ±  0.154 %    85.461 ±  0.275 %    50.414 ±  0.272 %
   2      24.5081 ±    0.4767       0.01807 ±    0.00358       0.10942 ±    0.00119     9.126 ±  0.109 %    85.204 ±  0.196 %    49.867 ±  0.193 %
   3      25.6995 ±    0.4096       0.03086 ±    0.00299       0.11371 ±    0.00099     9.225 ±  0.090 %    84.789 ±  0.162 %    49.428 ±  0.157 %
   4      22.9959 ±    0.3142       0.02525 ±    0.00259       0.11386 ±    0.00089     9.334 ±  0.080 %    85.033 ±  0.139 %    50.541 ±  0.137 %
   5      22.9421 ±    0.2810       0.02085 ±    0.00235       0.11655 ±    0.00081     9.429 ±  0.072 %    85.023 ±  0.125 %    50.760 ±  0.122 %

====== Perplexity statistics ======
Mean PPL(Q)                   :  22.942115 ±   0.280979
Mean PPL(base)                :  22.468784 ±   0.276246
Cor(ln(PPL(Q)), ln(PPL(base))):  98.16%
Mean ln(PPL(Q)/PPL(base))     :   0.020847 ±   0.002353
Mean PPL(Q)/PPL(base)         :   1.021066 ±   0.002402
Mean PPL(Q)-PPL(base)         :   0.473331 ±   0.053617

====== KL divergence statistics ======
Mean    KLD:   0.116546 ±   0.000811
Maximum KLD:  13.376588
99.9%   KLD:   2.635955
99.0%   KLD:   0.996071
95.0%   KLD:   0.420985
90.0%   KLD:   0.268943
Median  KLD:   0.055792
10.0%   KLD:   0.000596
 5.0%   KLD:   0.000107
 1.0%   KLD:   0.000008
 0.1%   KLD:  -0.000006
Minimum KLD:  -0.000163

====== Token probability statistics ======
Mean    Δp: -0.605 ± 0.033 %
Maximum Δp: 96.673%
99.9%   Δp: 60.748%
99.0%   Δp: 28.585%
95.0%   Δp: 11.217%
90.0%   Δp:  5.202%
75.0%   Δp:  0.349%
Median  Δp: -0.002%
25.0%   Δp: -0.929%
10.0%   Δp: -7.347%
 5.0%   Δp: -14.510%
 1.0%   Δp: -34.544%
 0.1%   Δp: -65.355%
Minimum Δp: -97.983%
RMS Δp    :  9.429 ± 0.072 %
Same top p: 85.023 ± 0.125 %
Same sampled p: 50.760 ± 0.122 %

------------------------------
# llama-perplexity: version: 0.4.4-dev (build 11430, commit 9d76dc1da-dirty) | built with GNU 15.3.0 for Linux x86_64
# model: /home/crusaderky/.cache/huggingface/hub/models--bloomer010--Ling-3.0-tiny-GGUF/snapshots/56a85ebe2d6d9d2ad6ad00a5014b13667153e236/Ling-3.0-tiny-Q4_K_S.gguf size=4554886208 mtime=2026-08-21T23:13:34+00:00 sha256/1048576B=75fdfc6eff4f5ae2fde9e53f7edc5bed48a62c7dfb2bdb8acebcf7ce2138227b
llama-perplexity --kl-divergence-base /tmp/logits.dat --ctx-size 32768 -f sample-data/wiki.test.head-2.4k.raw -fa on --hf-repo bloomer010/Ling-3.0-tiny-GGUF:Q4_K_S --cache-type-k q3_1 --cache-type-v q3_1 --kl-divergence
0.00.902.950 W load: special_eos_id is not in special_eog_ids - the tokenizer config may be incorrect
0.01.935.143 I cmn          init: llama threadpool init, n_threads = 16
0.01.998.986 I 
0.01.999.053 I system_info: n_threads = 16 (n_threads_batch = 16) / 32 | CUDA : ARCHS = 750,800,860,890,900,1000,1030,1200,1210 | USE_GRAPHS = 1 | FA_ALL_QUANTS = 1 | CPU : SSE3 = 1 | SSSE3 = 1 | AVX = 1 | AVX2 = 1 | F16C = 1 | FMA = 1 | BMI2 = 1 | LLAMAFILE = 1 | OPENMP = 1 | REPACK = 1 | 
0.02.085.918 I kl_divergence: computing over 5 chunks, n_ctx=32768, batch_size=512, n_seq=1
0.10.263.157 I kl_divergence: 8.18 seconds per pass - ETA 0.67 minutes

chunk             PPL               ln(PPL(Q)/PPL(base))          KL Divergence              Δp RMS            Same top p        Same sampled p
   1      24.0308 ±    0.6482       0.02782 ±    0.00565       0.13278 ±    0.00194    10.205 ±  0.169 %    84.081 ±  0.286 %    49.820 ±  0.272 %
   2      24.8788 ±    0.4821       0.03308 ±    0.00402       0.13620 ±    0.00143    10.227 ±  0.119 %    83.535 ±  0.205 %    49.252 ±  0.193 %
   3      25.9371 ±    0.4123       0.04007 ±    0.00334       0.14141 ±    0.00117    10.334 ±  0.097 %    83.117 ±  0.169 %    48.849 ±  0.158 %
   4      23.0553 ±    0.3141       0.02783 ±    0.00289       0.14101 ±    0.00106    10.370 ±  0.085 %    83.429 ±  0.145 %    50.054 ±  0.137 %
   5      22.9353 ±    0.2800       0.02055 ±    0.00261       0.14252 ±    0.00096    10.427 ±  0.075 %    83.540 ±  0.130 %    50.290 ±  0.123 %

====== Perplexity statistics ======
Mean PPL(Q)                   :  22.935272 ±   0.279952
Mean PPL(base)                :  22.468784 ±   0.276246
Cor(ln(PPL(Q)), ln(PPL(base))):  97.74%
Mean ln(PPL(Q)/PPL(base))     :   0.020549 ±   0.002606
Mean PPL(Q)/PPL(base)         :   1.020762 ±   0.002660
Mean PPL(Q)-PPL(base)         :   0.466488 ±   0.059242

====== KL divergence statistics ======
Mean    KLD:   0.142517 ±   0.000958
Maximum KLD:  13.950693
99.9%   KLD:   3.205934
99.0%   KLD:   1.237956
95.0%   KLD:   0.519266
90.0%   KLD:   0.331740
Median  KLD:   0.068181
10.0%   KLD:   0.000770
 5.0%   KLD:   0.000136
 1.0%   KLD:   0.000011
 0.1%   KLD:  -0.000002
Minimum KLD:  -0.000125

====== Token probability statistics ======
Mean    Δp: -0.753 ± 0.036 %
Maximum Δp: 98.396%
99.9%   Δp: 66.154%
99.0%   Δp: 31.350%
95.0%   Δp: 12.410%
90.0%   Δp:  5.646%
75.0%   Δp:  0.371%
Median  Δp: -0.003%
25.0%   Δp: -1.072%
10.0%   Δp: -8.492%
 5.0%   Δp: -16.625%
 1.0%   Δp: -39.187%
 0.1%   Δp: -70.504%
Minimum Δp: -97.118%
RMS Δp    : 10.427 ± 0.075 %
Same top p: 83.540 ± 0.130 %
Same sampled p: 50.290 ± 0.123 %

------------------------------
# llama-perplexity: version: 0.4.4-dev (build 11430, commit 9d76dc1da-dirty) | built with GNU 15.3.0 for Linux x86_64
# model: /home/crusaderky/.cache/huggingface/hub/models--bloomer010--Ling-3.0-tiny-GGUF/snapshots/56a85ebe2d6d9d2ad6ad00a5014b13667153e236/Ling-3.0-tiny-Q4_K_S.gguf size=4554886208 mtime=2026-08-21T23:13:34+00:00 sha256/1048576B=75fdfc6eff4f5ae2fde9e53f7edc5bed48a62c7dfb2bdb8acebcf7ce2138227b
llama-perplexity --kl-divergence-base /tmp/logits.dat --ctx-size 32768 -f sample-data/wiki.test.head-2.4k.raw -fa on --hf-repo bloomer010/Ling-3.0-tiny-GGUF:Q4_K_S --cache-type-k q3_0 --cache-type-v q3_0 --kl-divergence
0.00.929.956 W load: special_eos_id is not in special_eog_ids - the tokenizer config may be incorrect
0.01.969.981 I cmn          init: llama threadpool init, n_threads = 16
0.02.035.776 I 
0.02.035.853 I system_info: n_threads = 16 (n_threads_batch = 16) / 32 | CUDA : ARCHS = 750,800,860,890,900,1000,1030,1200,1210 | USE_GRAPHS = 1 | FA_ALL_QUANTS = 1 | CPU : SSE3 = 1 | SSSE3 = 1 | AVX = 1 | AVX2 = 1 | F16C = 1 | FMA = 1 | BMI2 = 1 | LLAMAFILE = 1 | OPENMP = 1 | REPACK = 1 | 
0.02.124.832 I kl_divergence: computing over 5 chunks, n_ctx=32768, batch_size=512, n_seq=1
0.10.286.285 I kl_divergence: 8.16 seconds per pass - ETA 0.67 minutes

chunk             PPL               ln(PPL(Q)/PPL(base))          KL Divergence              Δp RMS            Same top p        Same sampled p
   1      23.7578 ±    0.6427       0.01640 ±    0.00562       0.13308 ±    0.00195    10.132 ±  0.164 %    83.825 ±  0.288 %    49.953 ±  0.272 %
   2      25.1119 ±    0.4897       0.04241 ±    0.00397       0.13642 ±    0.00141    10.132 ±  0.117 %    83.404 ±  0.206 %    49.423 ±  0.194 %
   3      26.3520 ±    0.4218       0.05594 ±    0.00331       0.14077 ±    0.00118    10.198 ±  0.097 %    83.127 ±  0.169 %    49.057 ±  0.158 %
   4      23.5025 ±    0.3223       0.04704 ±    0.00287       0.14036 ±    0.00106    10.285 ±  0.085 %    83.439 ±  0.145 %    50.128 ±  0.137 %
   5      23.3938 ±    0.2874       0.04034 ±    0.00261       0.14277 ±    0.00098    10.384 ±  0.076 %    83.528 ±  0.130 %    50.365 ±  0.123 %

====== Perplexity statistics ======
Mean PPL(Q)                   :  23.393777 ±   0.287353
Mean PPL(base)                :  22.468784 ±   0.276246
Cor(ln(PPL(Q)), ln(PPL(base))):  97.75%
Mean ln(PPL(Q)/PPL(base))     :   0.040343 ±   0.002605
Mean PPL(Q)/PPL(base)         :   1.041168 ±   0.002712
Mean PPL(Q)-PPL(base)         :   0.924993 ±   0.060750

====== KL divergence statistics ======
Mean    KLD:   0.142771 ±   0.000979
Maximum KLD:  13.944810
99.9%   KLD:   3.227155
99.0%   KLD:   1.263831
95.0%   KLD:   0.521808
90.0%   KLD:   0.331864
Median  KLD:   0.067236
10.0%   KLD:   0.000720
 5.0%   KLD:   0.000128
 1.0%   KLD:   0.000010
 0.1%   KLD:  -0.000002
Minimum KLD:  -0.000097

====== Token probability statistics ======
Mean    Δp: -0.790 ± 0.036 %
Maximum Δp: 97.985%
99.9%   Δp: 63.866%
99.0%   Δp: 30.659%
95.0%   Δp: 12.225%
90.0%   Δp:  5.604%
75.0%   Δp:  0.366%
Median  Δp: -0.003%
25.0%   Δp: -1.046%
10.0%   Δp: -8.434%
 5.0%   Δp: -16.468%
 1.0%   Δp: -39.694%
 0.1%   Δp: -71.888%
Minimum Δp: -99.465%
RMS Δp    : 10.384 ± 0.076 %
Same top p: 83.528 ± 0.130 %
Same sampled p: 50.365 ± 0.123 %

------------------------------
# llama-perplexity: version: 0.4.4-dev (build 11430, commit 9d76dc1da-dirty) | built with GNU 15.3.0 for Linux x86_64
# model: /home/crusaderky/.cache/huggingface/hub/models--bloomer010--Ling-3.0-tiny-GGUF/snapshots/56a85ebe2d6d9d2ad6ad00a5014b13667153e236/Ling-3.0-tiny-MXFP4_MOE.gguf size=4718249024 mtime=2026-08-21T23:15:16+00:00 sha256/1048576B=75fdfc6eff4f5ae2fde9e53f7edc5bed48a62c7dfb2bdb8acebcf7ce2138227b
llama-perplexity --kl-divergence-base /tmp/logits.dat --ctx-size 32768 -f sample-data/wiki.test.head-2.4k.raw -fa on --hf-repo bloomer010/Ling-3.0-tiny-GGUF:MXFP4_MOE --cache-type-k q4_1 --cache-type-v q4_1 --kl-divergence
0.00.906.570 W load: special_eos_id is not in special_eog_ids - the tokenizer config may be incorrect
0.04.909.134 I cmn          init: llama threadpool init, n_threads = 16
0.05.278.483 I 
0.05.278.546 I system_info: n_threads = 16 (n_threads_batch = 16) / 32 | CUDA : ARCHS = 750,800,860,890,900,1000,1030,1200,1210 | USE_GRAPHS = 1 | FA_ALL_QUANTS = 1 | CPU : SSE3 = 1 | SSSE3 = 1 | AVX = 1 | AVX2 = 1 | F16C = 1 | FMA = 1 | BMI2 = 1 | LLAMAFILE = 1 | OPENMP = 1 | REPACK = 1 | 
0.05.412.602 I kl_divergence: computing over 5 chunks, n_ctx=32768, batch_size=512, n_seq=1
0.13.639.364 I kl_divergence: 8.23 seconds per pass - ETA 0.68 minutes

chunk             PPL               ln(PPL(Q)/PPL(base))          KL Divergence              Δp RMS            Same top p        Same sampled p
   1      24.9702 ±    0.6841       0.06617 ±    0.00477       0.09439 ±    0.00152     8.894 ±  0.172 %    86.590 ±  0.266 %    50.680 ±  0.272 %
   2      25.8781 ±    0.5080       0.07246 ±    0.00342       0.09752 ±    0.00123     9.007 ±  0.120 %    86.391 ±  0.189 %    49.957 ±  0.194 %
   3      26.8653 ±    0.4320       0.07523 ±    0.00283       0.09947 ±    0.00098     8.995 ±  0.097 %    86.087 ±  0.156 %    49.632 ±  0.158 %
   4      24.2807 ±    0.3343       0.07962 ±    0.00246       0.10095 ±    0.00085     9.145 ±  0.084 %    86.211 ±  0.135 %    50.474 ±  0.137 %
   5      24.2259 ±    0.2992       0.07530 ±    0.00222       0.10214 ±    0.00076     9.128 ±  0.074 %    86.227 ±  0.120 %    50.798 ±  0.123 %

====== Perplexity statistics ======
Mean PPL(Q)                   :  24.225947 ±   0.299175
Mean PPL(base)                :  22.468784 ±   0.276246
Cor(ln(PPL(Q)), ln(PPL(base))):  98.39%
Mean ln(PPL(Q)/PPL(base))     :   0.075297 ±   0.002215
Mean PPL(Q)/PPL(base)         :   1.078205 ±   0.002388
Mean PPL(Q)-PPL(base)         :   1.757162 ±   0.056524

====== KL divergence statistics ======
Mean    KLD:   0.102138 ±   0.000763
Maximum KLD:  13.582747
99.9%   KLD:   2.602185
99.0%   KLD:   0.967317
95.0%   KLD:   0.379958
90.0%   KLD:   0.238197
Median  KLD:   0.043724
10.0%   KLD:   0.000455
 5.0%   KLD:   0.000083
 1.0%   KLD:   0.000006
 0.1%   KLD:  -0.000003
Minimum KLD:  -0.000183

====== Token probability statistics ======
Mean    Δp: -1.067 ± 0.032 %
Maximum Δp: 97.237%
99.9%   Δp: 56.017%
99.0%   Δp: 24.672%
95.0%   Δp:  8.976%
90.0%   Δp:  3.737%
75.0%   Δp:  0.174%
Median  Δp: -0.007%
25.0%   Δp: -1.098%
10.0%   Δp: -7.755%
 5.0%   Δp: -14.664%
 1.0%   Δp: -35.924%
 0.1%   Δp: -70.223%
Minimum Δp: -99.285%
RMS Δp    :  9.128 ± 0.074 %
Same top p: 86.227 ± 0.120 %
Same sampled p: 50.798 ± 0.123 %

------------------------------
# llama-perplexity: version: 0.4.4-dev (build 11430, commit 9d76dc1da-dirty) | built with GNU 15.3.0 for Linux x86_64
# model: /home/crusaderky/.cache/huggingface/hub/models--bloomer010--Ling-3.0-tiny-GGUF/snapshots/56a85ebe2d6d9d2ad6ad00a5014b13667153e236/Ling-3.0-tiny-MXFP4_MOE.gguf size=4718249024 mtime=2026-08-21T23:15:16+00:00 sha256/1048576B=75fdfc6eff4f5ae2fde9e53f7edc5bed48a62c7dfb2bdb8acebcf7ce2138227b
llama-perplexity --kl-divergence-base /tmp/logits.dat --ctx-size 32768 -f sample-data/wiki.test.head-2.4k.raw -fa on --hf-repo bloomer010/Ling-3.0-tiny-GGUF:MXFP4_MOE --cache-type-k q3_1 --cache-type-v q3_1 --kl-divergence
0.00.919.920 W load: special_eos_id is not in special_eog_ids - the tokenizer config may be incorrect
0.01.943.825 I cmn          init: llama threadpool init, n_threads = 16
0.02.011.831 I 
0.02.011.902 I system_info: n_threads = 16 (n_threads_batch = 16) / 32 | CUDA : ARCHS = 750,800,860,890,900,1000,1030,1200,1210 | USE_GRAPHS = 1 | FA_ALL_QUANTS = 1 | CPU : SSE3 = 1 | SSSE3 = 1 | AVX = 1 | AVX2 = 1 | F16C = 1 | FMA = 1 | BMI2 = 1 | LLAMAFILE = 1 | OPENMP = 1 | REPACK = 1 | 
0.02.107.957 I kl_divergence: computing over 5 chunks, n_ctx=32768, batch_size=512, n_seq=1
0.10.155.507 I kl_divergence: 8.05 seconds per pass - ETA 0.67 minutes

chunk             PPL               ln(PPL(Q)/PPL(base))          KL Divergence              Δp RMS            Same top p        Same sampled p
   1      25.5199 ±    0.6983       0.08795 ±    0.00543       0.12051 ±    0.00192    10.034 ±  0.182 %    84.966 ±  0.279 %    50.050 ±  0.273 %
   2      26.2650 ±    0.5148       0.08730 ±    0.00387       0.12350 ±    0.00148    10.213 ±  0.129 %    84.621 ±  0.199 %    49.380 ±  0.194 %
   3      27.3442 ±    0.4390       0.09290 ±    0.00321       0.12791 ±    0.00120    10.258 ±  0.104 %    84.199 ±  0.165 %    48.972 ±  0.158 %
   4      24.4616 ±    0.3360       0.08704 ±    0.00278       0.12749 ±    0.00103    10.317 ±  0.089 %    84.434 ±  0.142 %    49.894 ±  0.137 %
   5      24.4379 ±    0.3010       0.08401 ±    0.00249       0.12945 ±    0.00096    10.308 ±  0.079 %    84.449 ±  0.127 %    50.172 ±  0.123 %

====== Perplexity statistics ======
Mean PPL(Q)                   :  24.437919 ±   0.301048
Mean PPL(base)                :  22.468784 ±   0.276246
Cor(ln(PPL(Q)), ln(PPL(base))):  97.95%
Mean ln(PPL(Q)/PPL(base))     :   0.084009 ±   0.002495
Mean PPL(Q)/PPL(base)         :   1.087639 ±   0.002713
Mean PPL(Q)-PPL(base)         :   1.969134 ±   0.063495

====== KL divergence statistics ======
Mean    KLD:   0.129452 ±   0.000957
Maximum KLD:  15.071459
99.9%   KLD:   3.007001
99.0%   KLD:   1.206405
95.0%   KLD:   0.484591
90.0%   KLD:   0.303433
Median  KLD:   0.055321
10.0%   KLD:   0.000627
 5.0%   KLD:   0.000114
 1.0%   KLD:   0.000009
 0.1%   KLD:  -0.000002
Minimum KLD:  -0.000148

====== Token probability statistics ======
Mean    Δp: -1.363 ± 0.036 %
Maximum Δp: 99.332%
99.9%   Δp: 60.882%
99.0%   Δp: 27.480%
95.0%   Δp:  9.655%
90.0%   Δp:  3.977%
75.0%   Δp:  0.168%
Median  Δp: -0.011%
25.0%   Δp: -1.333%
10.0%   Δp: -9.063%
 5.0%   Δp: -17.449%
 1.0%   Δp: -41.577%
 0.1%   Δp: -75.715%
Minimum Δp: -99.646%
RMS Δp    : 10.308 ± 0.079 %
Same top p: 84.449 ± 0.127 %
Same sampled p: 50.172 ± 0.123 %

------------------------------
# llama-perplexity: version: 0.4.4-dev (build 11430, commit 9d76dc1da-dirty) | built with GNU 15.3.0 for Linux x86_64
# model: /home/crusaderky/.cache/huggingface/hub/models--bloomer010--Ling-3.0-tiny-GGUF/snapshots/56a85ebe2d6d9d2ad6ad00a5014b13667153e236/Ling-3.0-tiny-IQ4_XS.gguf size=4287511904 mtime=2026-08-21T23:17:13+00:00 sha256/1048576B=cba1e21bb2847960edb7a96a14e4a569616b10df05b4c0b763c6fc373a5b1abb
llama-perplexity --kl-divergence-base /tmp/logits.dat --ctx-size 32768 -f sample-data/wiki.test.head-2.4k.raw -fa on --hf-repo bloomer010/Ling-3.0-tiny-GGUF:IQ4_XS --cache-type-k q8_0 --cache-type-v q8_0 --kl-divergence
0.00.912.974 W load: special_eos_id is not in special_eog_ids - the tokenizer config may be incorrect
0.04.185.275 I cmn          init: llama threadpool init, n_threads = 16
0.04.257.061 I 
0.04.257.140 I system_info: n_threads = 16 (n_threads_batch = 16) / 32 | CUDA : ARCHS = 750,800,860,890,900,1000,1030,1200,1210 | USE_GRAPHS = 1 | FA_ALL_QUANTS = 1 | CPU : SSE3 = 1 | SSSE3 = 1 | AVX = 1 | AVX2 = 1 | F16C = 1 | FMA = 1 | BMI2 = 1 | LLAMAFILE = 1 | OPENMP = 1 | REPACK = 1 | 
0.04.356.874 I kl_divergence: computing over 5 chunks, n_ctx=32768, batch_size=512, n_seq=1
0.12.397.009 I kl_divergence: 8.04 seconds per pass - ETA 0.67 minutes

chunk             PPL               ln(PPL(Q)/PPL(base))          KL Divergence              Δp RMS            Same top p        Same sampled p
   1      24.2816 ±    0.6571       0.03821 ±    0.00488       0.10220 ±    0.00141     9.044 ±  0.153 %    86.034 ±  0.271 %    49.939 ±  0.271 %
   2      25.2361 ±    0.4914       0.04734 ±    0.00342       0.10275 ±    0.00106     9.016 ±  0.110 %    85.876 ±  0.192 %    49.485 ±  0.193 %
   3      26.1914 ±    0.4181       0.04982 ±    0.00286       0.10750 ±    0.00092     9.222 ±  0.092 %    85.461 ±  0.159 %    49.120 ±  0.157 %
   4      23.7033 ±    0.3243       0.05555 ±    0.00252       0.11081 ±    0.00082     9.540 ±  0.081 %    85.412 ±  0.138 %    49.999 ±  0.137 %
   5      23.6451 ±    0.2900       0.05103 ±    0.00229       0.11446 ±    0.00076     9.661 ±  0.072 %    85.280 ±  0.124 %    50.260 ±  0.122 %

====== Perplexity statistics ======
Mean PPL(Q)                   :  23.645133 ±   0.290012
Mean PPL(base)                :  22.468784 ±   0.276246
Cor(ln(PPL(Q)), ln(PPL(base))):  98.26%
Mean ln(PPL(Q)/PPL(base))     :   0.051030 ±   0.002294
Mean PPL(Q)/PPL(base)         :   1.052355 ±   0.002414
Mean PPL(Q)-PPL(base)         :   1.176349 ±   0.054633

====== KL divergence statistics ======
Mean    KLD:   0.114463 ±   0.000763
Maximum KLD:   8.490713
99.9%   KLD:   2.576006
99.0%   KLD:   0.952156
95.0%   KLD:   0.413851
90.0%   KLD:   0.268036
Median  KLD:   0.054803
10.0%   KLD:   0.000735
 5.0%   KLD:   0.000133
 1.0%   KLD:   0.000012
 0.1%   KLD:  -0.000000
Minimum KLD:  -0.000116

====== Token probability statistics ======
Mean    Δp: -1.241 ± 0.033 %
Maximum Δp: 99.352%
99.9%   Δp: 55.515%
99.0%   Δp: 26.180%
95.0%   Δp:  9.852%
90.0%   Δp:  4.201%
75.0%   Δp:  0.181%
Median  Δp: -0.012%
25.0%   Δp: -1.361%
10.0%   Δp: -8.858%
 5.0%   Δp: -16.600%
 1.0%   Δp: -38.210%
 0.1%   Δp: -68.462%
Minimum Δp: -98.246%
RMS Δp    :  9.661 ± 0.072 %
Same top p: 85.280 ± 0.124 %
Same sampled p: 50.260 ± 0.122 %

------------------------------
# llama-perplexity: version: 0.4.4-dev (build 11430, commit 9d76dc1da-dirty) | built with GNU 15.3.0 for Linux x86_64
# model: /home/crusaderky/.cache/huggingface/hub/models--bloomer010--Ling-3.0-tiny-GGUF/snapshots/56a85ebe2d6d9d2ad6ad00a5014b13667153e236/Ling-3.0-tiny-IQ4_XS.gguf size=4287511904 mtime=2026-08-21T23:17:13+00:00 sha256/1048576B=cba1e21bb2847960edb7a96a14e4a569616b10df05b4c0b763c6fc373a5b1abb
llama-perplexity --kl-divergence-base /tmp/logits.dat --ctx-size 32768 -f sample-data/wiki.test.head-2.4k.raw -fa on --hf-repo bloomer010/Ling-3.0-tiny-GGUF:IQ4_XS --cache-type-k q6_0 --cache-type-v q6_0 --kl-divergence
0.00.897.518 W load: special_eos_id is not in special_eog_ids - the tokenizer config may be incorrect
0.01.853.578 I cmn          init: llama threadpool init, n_threads = 16
0.01.915.294 I 
0.01.915.365 I system_info: n_threads = 16 (n_threads_batch = 16) / 32 | CUDA : ARCHS = 750,800,860,890,900,1000,1030,1200,1210 | USE_GRAPHS = 1 | FA_ALL_QUANTS = 1 | CPU : SSE3 = 1 | SSSE3 = 1 | AVX = 1 | AVX2 = 1 | F16C = 1 | FMA = 1 | BMI2 = 1 | LLAMAFILE = 1 | OPENMP = 1 | REPACK = 1 | 
0.02.002.874 I kl_divergence: computing over 5 chunks, n_ctx=32768, batch_size=512, n_seq=1
0.10.016.935 I kl_divergence: 8.01 seconds per pass - ETA 0.67 minutes

chunk             PPL               ln(PPL(Q)/PPL(base))          KL Divergence              Δp RMS            Same top p        Same sampled p
   1      24.2490 ±    0.6556       0.03686 ±    0.00489       0.10235 ±    0.00142     9.030 ±  0.152 %    86.108 ±  0.270 %    49.915 ±  0.271 %
   2      25.2076 ±    0.4909       0.04621 ±    0.00342       0.10263 ±    0.00105     8.962 ±  0.109 %    85.836 ±  0.193 %    49.511 ±  0.193 %
   3      26.1428 ±    0.4171       0.04796 ±    0.00287       0.10773 ±    0.00093     9.189 ±  0.092 %    85.428 ±  0.159 %    49.116 ±  0.157 %
   4      23.6635 ±    0.3235       0.05387 ±    0.00252       0.11103 ±    0.00084     9.513 ±  0.081 %    85.361 ±  0.138 %    49.975 ±  0.137 %
   5      23.5976 ±    0.2892       0.04902 ±    0.00230       0.11459 ±    0.00078     9.629 ±  0.072 %    85.287 ±  0.124 %    50.243 ±  0.122 %

====== Perplexity statistics ======
Mean PPL(Q)                   :  23.597610 ±   0.289218
Mean PPL(base)                :  22.468784 ±   0.276246
Cor(ln(PPL(Q)), ln(PPL(base))):  98.25%
Mean ln(PPL(Q)/PPL(base))     :   0.049018 ±   0.002298
Mean PPL(Q)/PPL(base)         :   1.050240 ±   0.002413
Mean PPL(Q)-PPL(base)         :   1.128825 ±   0.054470

====== KL divergence statistics ======
Mean    KLD:   0.114590 ±   0.000779
Maximum KLD:  10.415175
99.9%   KLD:   2.596277
99.0%   KLD:   0.956452
95.0%   KLD:   0.415296
90.0%   KLD:   0.267479
Median  KLD:   0.055124
10.0%   KLD:   0.000747
 5.0%   KLD:   0.000133
 1.0%   KLD:   0.000012
 0.1%   KLD:   0.000000
Minimum KLD:  -0.000083

====== Token probability statistics ======
Mean    Δp: -1.244 ± 0.033 %
Maximum Δp: 98.480%
99.9%   Δp: 55.472%
99.0%   Δp: 25.739%
95.0%   Δp:  9.762%
90.0%   Δp:  4.166%
75.0%   Δp:  0.189%
Median  Δp: -0.012%
25.0%   Δp: -1.362%
10.0%   Δp: -8.857%
 5.0%   Δp: -16.558%
 1.0%   Δp: -38.084%
 0.1%   Δp: -69.823%
Minimum Δp: -98.805%
RMS Δp    :  9.629 ± 0.072 %
Same top p: 85.287 ± 0.124 %
Same sampled p: 50.243 ± 0.122 %

------------------------------
# llama-perplexity: version: 0.4.4-dev (build 11430, commit 9d76dc1da-dirty) | built with GNU 15.3.0 for Linux x86_64
# model: /home/crusaderky/.cache/huggingface/hub/models--bloomer010--Ling-3.0-tiny-GGUF/snapshots/56a85ebe2d6d9d2ad6ad00a5014b13667153e236/Ling-3.0-tiny-IQ4_XS.gguf size=4287511904 mtime=2026-08-21T23:17:13+00:00 sha256/1048576B=cba1e21bb2847960edb7a96a14e4a569616b10df05b4c0b763c6fc373a5b1abb
llama-perplexity --kl-divergence-base /tmp/logits.dat --ctx-size 32768 -f sample-data/wiki.test.head-2.4k.raw -fa on --hf-repo bloomer010/Ling-3.0-tiny-GGUF:IQ4_XS --cache-type-k q5_1 --cache-type-v q5_1 --kl-divergence
0.00.925.684 W load: special_eos_id is not in special_eog_ids - the tokenizer config may be incorrect
0.01.916.656 I cmn          init: llama threadpool init, n_threads = 16
0.01.981.255 I 
0.01.981.322 I system_info: n_threads = 16 (n_threads_batch = 16) / 32 | CUDA : ARCHS = 750,800,860,890,900,1000,1030,1200,1210 | USE_GRAPHS = 1 | FA_ALL_QUANTS = 1 | CPU : SSE3 = 1 | SSSE3 = 1 | AVX = 1 | AVX2 = 1 | F16C = 1 | FMA = 1 | BMI2 = 1 | LLAMAFILE = 1 | OPENMP = 1 | REPACK = 1 | 
0.02.070.013 I kl_divergence: computing over 5 chunks, n_ctx=32768, batch_size=512, n_seq=1
0.10.072.198 I kl_divergence: 8.00 seconds per pass - ETA 0.67 minutes

chunk             PPL               ln(PPL(Q)/PPL(base))          KL Divergence              Δp RMS            Same top p        Same sampled p
   1      24.4981 ±    0.6639       0.04708 ±    0.00493       0.10485 ±    0.00147     9.099 ±  0.155 %    85.888 ±  0.272 %    49.892 ±  0.271 %
   2      25.4484 ±    0.4961       0.05572 ±    0.00346       0.10535 ±    0.00109     9.062 ±  0.109 %    85.760 ±  0.193 %    49.419 ±  0.193 %
   3      26.3452 ±    0.4213       0.05568 ±    0.00289       0.10951 ±    0.00096     9.257 ±  0.092 %    85.369 ±  0.159 %    49.118 ±  0.157 %
   4      23.8059 ±    0.3260       0.05987 ±    0.00255       0.11287 ±    0.00085     9.609 ±  0.082 %    85.259 ±  0.138 %    49.975 ±  0.137 %
   5      23.7439 ±    0.2915       0.05520 ±    0.00232       0.11656 ±    0.00079     9.747 ±  0.073 %    85.138 ±  0.124 %    50.230 ±  0.122 %

====== Perplexity statistics ======
Mean PPL(Q)                   :  23.743882 ±   0.291469
Mean PPL(base)                :  22.468784 ±   0.276246
Cor(ln(PPL(Q)), ln(PPL(base))):  98.22%
Mean ln(PPL(Q)/PPL(base))     :   0.055198 ±   0.002318
Mean PPL(Q)/PPL(base)         :   1.056750 ±   0.002450
Mean PPL(Q)-PPL(base)         :   1.275097 ±   0.055668

====== KL divergence statistics ======
Mean    KLD:   0.116558 ±   0.000793
Maximum KLD:   8.550598
99.9%   KLD:   2.702697
99.0%   KLD:   0.973011
95.0%   KLD:   0.419272
90.0%   KLD:   0.270985
Median  KLD:   0.056159
10.0%   KLD:   0.000742
 5.0%   KLD:   0.000132
 1.0%   KLD:   0.000012
 0.1%   KLD:  -0.000000
Minimum KLD:  -0.000122

====== Token probability statistics ======
Mean    Δp: -1.270 ± 0.034 %
Maximum Δp: 99.376%
99.9%   Δp: 55.211%
99.0%   Δp: 26.044%
95.0%   Δp:  9.909%
90.0%   Δp:  4.207%
75.0%   Δp:  0.180%
Median  Δp: -0.012%
25.0%   Δp: -1.376%
10.0%   Δp: -8.924%
 5.0%   Δp: -16.769%
 1.0%   Δp: -38.494%
 0.1%   Δp: -69.486%
Minimum Δp: -98.808%
RMS Δp    :  9.747 ± 0.073 %
Same top p: 85.138 ± 0.124 %
Same sampled p: 50.230 ± 0.122 %

------------------------------
# llama-perplexity: version: 0.4.4-dev (build 11430, commit 9d76dc1da-dirty) | built with GNU 15.3.0 for Linux x86_64
# model: /home/crusaderky/.cache/huggingface/hub/models--bloomer010--Ling-3.0-tiny-GGUF/snapshots/56a85ebe2d6d9d2ad6ad00a5014b13667153e236/Ling-3.0-tiny-IQ4_XS.gguf size=4287511904 mtime=2026-08-21T23:17:13+00:00 sha256/1048576B=cba1e21bb2847960edb7a96a14e4a569616b10df05b4c0b763c6fc373a5b1abb
llama-perplexity --kl-divergence-base /tmp/logits.dat --ctx-size 32768 -f sample-data/wiki.test.head-2.4k.raw -fa on --hf-repo bloomer010/Ling-3.0-tiny-GGUF:IQ4_XS --cache-type-k q5_0 --cache-type-v q5_0 --kl-divergence
0.00.927.177 W load: special_eos_id is not in special_eog_ids - the tokenizer config may be incorrect
0.01.902.761 I cmn          init: llama threadpool init, n_threads = 16
0.01.967.036 I 
0.01.967.111 I system_info: n_threads = 16 (n_threads_batch = 16) / 32 | CUDA : ARCHS = 750,800,860,890,900,1000,1030,1200,1210 | USE_GRAPHS = 1 | FA_ALL_QUANTS = 1 | CPU : SSE3 = 1 | SSSE3 = 1 | AVX = 1 | AVX2 = 1 | F16C = 1 | FMA = 1 | BMI2 = 1 | LLAMAFILE = 1 | OPENMP = 1 | REPACK = 1 | 
0.02.055.750 I kl_divergence: computing over 5 chunks, n_ctx=32768, batch_size=512, n_seq=1
0.10.056.850 I kl_divergence: 8.00 seconds per pass - ETA 0.67 minutes

chunk             PPL               ln(PPL(Q)/PPL(base))          KL Divergence              Δp RMS            Same top p        Same sampled p
   1      24.2423 ±    0.6562       0.03658 ±    0.00491       0.10331 ±    0.00141     9.081 ±  0.153 %    85.992 ±  0.271 %    49.954 ±  0.271 %
   2      25.2311 ±    0.4913       0.04714 ±    0.00345       0.10446 ±    0.00108     9.043 ±  0.109 %    85.805 ±  0.193 %    49.484 ±  0.193 %
   3      26.2042 ±    0.4184       0.05031 ±    0.00289       0.10946 ±    0.00095     9.278 ±  0.092 %    85.359 ±  0.159 %    49.105 ±  0.157 %
   4      23.7222 ±    0.3246       0.05635 ±    0.00255       0.11314 ±    0.00084     9.636 ±  0.082 %    85.267 ±  0.138 %    49.973 ±  0.137 %
   5      23.6858 ±    0.2908       0.05275 ±    0.00232       0.11681 ±    0.00078     9.743 ±  0.072 %    85.154 ±  0.124 %    50.262 ±  0.122 %

====== Perplexity statistics ======
Mean PPL(Q)                   :  23.685826 ±   0.290759
Mean PPL(base)                :  22.468784 ±   0.276246
Cor(ln(PPL(Q)), ln(PPL(base))):  98.22%
Mean ln(PPL(Q)/PPL(base))     :   0.052750 ±   0.002320
Mean PPL(Q)/PPL(base)         :   1.054166 ±   0.002446
Mean PPL(Q)-PPL(base)         :   1.217042 ±   0.055451

====== KL divergence statistics ======
Mean    KLD:   0.116806 ±   0.000783
Maximum KLD:   8.353330
99.9%   KLD:   2.562016
99.0%   KLD:   0.987701
95.0%   KLD:   0.425013
90.0%   KLD:   0.272975
Median  KLD:   0.055832
10.0%   KLD:   0.000737
 5.0%   KLD:   0.000132
 1.0%   KLD:   0.000011
 0.1%   KLD:   0.000000
Minimum KLD:  -0.000106

====== Token probability statistics ======
Mean    Δp: -1.230 ± 0.034 %
Maximum Δp: 99.424%
99.9%   Δp: 56.325%
99.0%   Δp: 26.603%
95.0%   Δp: 10.042%
90.0%   Δp:  4.286%
75.0%   Δp:  0.189%
Median  Δp: -0.012%
25.0%   Δp: -1.366%
10.0%   Δp: -8.884%
 5.0%   Δp: -16.752%
 1.0%   Δp: -38.177%
 0.1%   Δp: -68.991%
Minimum Δp: -98.677%
RMS Δp    :  9.743 ± 0.072 %
Same top p: 85.154 ± 0.124 %
Same sampled p: 50.262 ± 0.122 %

------------------------------
# llama-perplexity: version: 0.4.4-dev (build 11430, commit 9d76dc1da-dirty) | built with GNU 15.3.0 for Linux x86_64
# model: /home/crusaderky/.cache/huggingface/hub/models--bloomer010--Ling-3.0-tiny-GGUF/snapshots/56a85ebe2d6d9d2ad6ad00a5014b13667153e236/Ling-3.0-tiny-IQ4_XS.gguf size=4287511904 mtime=2026-08-21T23:17:13+00:00 sha256/1048576B=cba1e21bb2847960edb7a96a14e4a569616b10df05b4c0b763c6fc373a5b1abb
llama-perplexity --kl-divergence-base /tmp/logits.dat --ctx-size 32768 -f sample-data/wiki.test.head-2.4k.raw -fa on --hf-repo bloomer010/Ling-3.0-tiny-GGUF:IQ4_XS --cache-type-k q4_1 --cache-type-v q4_1 --kl-divergence
0.00.925.489 W load: special_eos_id is not in special_eog_ids - the tokenizer config may be incorrect
0.01.884.174 I cmn          init: llama threadpool init, n_threads = 16
0.01.946.579 I 
0.01.946.654 I system_info: n_threads = 16 (n_threads_batch = 16) / 32 | CUDA : ARCHS = 750,800,860,890,900,1000,1030,1200,1210 | USE_GRAPHS = 1 | FA_ALL_QUANTS = 1 | CPU : SSE3 = 1 | SSSE3 = 1 | AVX = 1 | AVX2 = 1 | F16C = 1 | FMA = 1 | BMI2 = 1 | LLAMAFILE = 1 | OPENMP = 1 | REPACK = 1 | 
0.02.032.354 I kl_divergence: computing over 5 chunks, n_ctx=32768, batch_size=512, n_seq=1
0.10.032.295 I kl_divergence: 8.00 seconds per pass - ETA 0.65 minutes

chunk             PPL               ln(PPL(Q)/PPL(base))          KL Divergence              Δp RMS            Same top p        Same sampled p
   1      24.5674 ±    0.6654       0.04991 ±    0.00506       0.11044 ±    0.00158     9.413 ±  0.158 %    85.461 ±  0.275 %    49.722 ±  0.272 %
   2      25.4857 ±    0.4966       0.05718 ±    0.00354       0.11005 ±    0.00115     9.350 ±  0.112 %    85.342 ±  0.195 %    49.307 ±  0.193 %
   3      26.3229 ±    0.4203       0.05483 ±    0.00294       0.11418 ±    0.00100     9.504 ±  0.093 %    85.056 ±  0.161 %    48.995 ±  0.157 %
   4      23.8123 ±    0.3259       0.06014 ±    0.00260       0.11809 ±    0.00091     9.874 ±  0.083 %    84.968 ±  0.140 %    49.856 ±  0.137 %
   5      23.6845 ±    0.2905       0.05269 ±    0.00236       0.12115 ±    0.00084     9.955 ±  0.074 %    84.887 ±  0.125 %    50.140 ±  0.122 %

====== Perplexity statistics ======
Mean PPL(Q)                   :  23.684479 ±   0.290463
Mean PPL(base)                :  22.468784 ±   0.276246
Cor(ln(PPL(Q)), ln(PPL(base))):  98.15%
Mean ln(PPL(Q)/PPL(base))     :   0.052693 ±   0.002364
Mean PPL(Q)/PPL(base)         :   1.054106 ±   0.002492
Mean PPL(Q)-PPL(base)         :   1.215695 ±   0.056358

====== KL divergence statistics ======
Mean    KLD:   0.121152 ±   0.000836
Maximum KLD:  11.444413
99.9%   KLD:   2.702740
99.0%   KLD:   1.031112
95.0%   KLD:   0.437056
90.0%   KLD:   0.282777
Median  KLD:   0.057816
10.0%   KLD:   0.000785
 5.0%   KLD:   0.000140
 1.0%   KLD:   0.000012
 0.1%   KLD:   0.000000
Minimum KLD:  -0.000120

====== Token probability statistics ======
Mean    Δp: -1.292 ± 0.034 %
Maximum Δp: 99.386%
99.9%   Δp: 56.548%
99.0%   Δp: 26.785%
95.0%   Δp: 10.066%
90.0%   Δp:  4.303%
75.0%   Δp:  0.183%
Median  Δp: -0.012%
25.0%   Δp: -1.413%
10.0%   Δp: -9.151%
 5.0%   Δp: -17.107%
 1.0%   Δp: -39.062%
 0.1%   Δp: -70.239%
Minimum Δp: -98.723%
RMS Δp    :  9.955 ± 0.074 %
Same top p: 84.887 ± 0.125 %
Same sampled p: 50.140 ± 0.122 %

------------------------------
# llama-perplexity: version: 0.4.4-dev (build 11430, commit 9d76dc1da-dirty) | built with GNU 15.3.0 for Linux x86_64
# model: /home/crusaderky/.cache/huggingface/hub/models--bloomer010--Ling-3.0-tiny-GGUF/snapshots/56a85ebe2d6d9d2ad6ad00a5014b13667153e236/Ling-3.0-tiny-IQ4_XS.gguf size=4287511904 mtime=2026-08-21T23:17:13+00:00 sha256/1048576B=cba1e21bb2847960edb7a96a14e4a569616b10df05b4c0b763c6fc373a5b1abb
llama-perplexity --kl-divergence-base /tmp/logits.dat --ctx-size 32768 -f sample-data/wiki.test.head-2.4k.raw -fa on --hf-repo bloomer010/Ling-3.0-tiny-GGUF:IQ4_XS --cache-type-k q4_0 --cache-type-v q4_0 --kl-divergence
0.00.998.256 W load: special_eos_id is not in special_eog_ids - the tokenizer config may be incorrect
0.01.966.076 I cmn          init: llama threadpool init, n_threads = 16
0.02.028.552 I 
0.02.028.629 I system_info: n_threads = 16 (n_threads_batch = 16) / 32 | CUDA : ARCHS = 750,800,860,890,900,1000,1030,1200,1210 | USE_GRAPHS = 1 | FA_ALL_QUANTS = 1 | CPU : SSE3 = 1 | SSSE3 = 1 | AVX = 1 | AVX2 = 1 | F16C = 1 | FMA = 1 | BMI2 = 1 | LLAMAFILE = 1 | OPENMP = 1 | REPACK = 1 | 
0.02.114.482 I kl_divergence: computing over 5 chunks, n_ctx=32768, batch_size=512, n_seq=1
0.10.125.760 I kl_divergence: 8.01 seconds per pass - ETA 0.67 minutes

chunk             PPL               ln(PPL(Q)/PPL(base))          KL Divergence              Δp RMS            Same top p        Same sampled p
   1      24.2644 ±    0.6554       0.03750 ±    0.00510       0.11010 ±    0.00154     9.374 ±  0.157 %    85.699 ±  0.274 %    49.719 ±  0.272 %
   2      25.3461 ±    0.4936       0.05169 ±    0.00357       0.11083 ±    0.00116     9.283 ±  0.112 %    85.494 ±  0.195 %    49.287 ±  0.193 %
   3      26.3682 ±    0.4215       0.05655 ±    0.00298       0.11576 ±    0.00101     9.509 ±  0.094 %    85.023 ±  0.161 %    48.988 ±  0.157 %
   4      23.8358 ±    0.3263       0.06112 ±    0.00262       0.11867 ±    0.00091     9.821 ±  0.083 %    84.998 ±  0.139 %    49.839 ±  0.137 %
   5      23.7895 ±    0.2921       0.05712 ±    0.00238       0.12268 ±    0.00084     9.961 ±  0.074 %    84.860 ±  0.125 %    50.120 ±  0.122 %

====== Perplexity statistics ======
Mean PPL(Q)                   :  23.789497 ±   0.292112
Mean PPL(base)                :  22.468784 ±   0.276246
Cor(ln(PPL(Q)), ln(PPL(base))):  98.12%
Mean ln(PPL(Q)/PPL(base))     :   0.057117 ±   0.002380
Mean PPL(Q)/PPL(base)         :   1.058780 ±   0.002519
Mean PPL(Q)-PPL(base)         :   1.320713 ±   0.057255

====== KL divergence statistics ======
Mean    KLD:   0.122678 ±   0.000837
Maximum KLD:  11.933147
99.9%   KLD:   2.711321
99.0%   KLD:   1.031279
95.0%   KLD:   0.442878
90.0%   KLD:   0.288340
Median  KLD:   0.058575
10.0%   KLD:   0.000792
 5.0%   KLD:   0.000141
 1.0%   KLD:   0.000012
 0.1%   KLD:   0.000000
Minimum KLD:  -0.000066

====== Token probability statistics ======
Mean    Δp: -1.303 ± 0.035 %
Maximum Δp: 99.391%
99.9%   Δp: 57.427%
99.0%   Δp: 26.890%
95.0%   Δp:  9.964%
90.0%   Δp:  4.241%
75.0%   Δp:  0.194%
Median  Δp: -0.012%
25.0%   Δp: -1.388%
10.0%   Δp: -9.262%
 5.0%   Δp: -17.348%
 1.0%   Δp: -38.877%
 0.1%   Δp: -70.779%
Minimum Δp: -98.881%
RMS Δp    :  9.961 ± 0.074 %
Same top p: 84.860 ± 0.125 %
Same sampled p: 50.120 ± 0.122 %

------------------------------
# llama-perplexity: version: 0.4.4-dev (build 11430, commit 9d76dc1da-dirty) | built with GNU 15.3.0 for Linux x86_64
# model: /home/crusaderky/.cache/huggingface/hub/models--bloomer010--Ling-3.0-tiny-GGUF/snapshots/56a85ebe2d6d9d2ad6ad00a5014b13667153e236/Ling-3.0-tiny-IQ4_XS.gguf size=4287511904 mtime=2026-08-21T23:17:13+00:00 sha256/1048576B=cba1e21bb2847960edb7a96a14e4a569616b10df05b4c0b763c6fc373a5b1abb
llama-perplexity --kl-divergence-base /tmp/logits.dat --ctx-size 32768 -f sample-data/wiki.test.head-2.4k.raw -fa on --hf-repo bloomer010/Ling-3.0-tiny-GGUF:IQ4_XS --cache-type-k q3_1 --cache-type-v q3_1 --kl-divergence
0.00.889.274 W load: special_eos_id is not in special_eog_ids - the tokenizer config may be incorrect
0.01.838.184 I cmn          init: llama threadpool init, n_threads = 16
0.01.900.162 I 
0.01.900.234 I system_info: n_threads = 16 (n_threads_batch = 16) / 32 | CUDA : ARCHS = 750,800,860,890,900,1000,1030,1200,1210 | USE_GRAPHS = 1 | FA_ALL_QUANTS = 1 | CPU : SSE3 = 1 | SSSE3 = 1 | AVX = 1 | AVX2 = 1 | F16C = 1 | FMA = 1 | BMI2 = 1 | LLAMAFILE = 1 | OPENMP = 1 | REPACK = 1 | 
0.01.985.511 I kl_divergence: computing over 5 chunks, n_ctx=32768, batch_size=512, n_seq=1
0.09.979.353 I kl_divergence: 7.99 seconds per pass - ETA 0.65 minutes

chunk             PPL               ln(PPL(Q)/PPL(base))          KL Divergence              Δp RMS            Same top p        Same sampled p
   1      24.5095 ±    0.6614       0.04755 ±    0.00562       0.13439 ±    0.00193    10.340 ±  0.165 %    83.983 ±  0.287 %    49.254 ±  0.272 %
   2      25.2344 ±    0.4890       0.04727 ±    0.00391       0.13337 ±    0.00135    10.261 ±  0.117 %    83.977 ±  0.203 %    48.804 ±  0.193 %
   3      26.3124 ±    0.4181       0.05443 ±    0.00325       0.13855 ±    0.00116    10.460 ±  0.097 %    83.560 ±  0.167 %    48.360 ±  0.157 %
   4      23.7944 ±    0.3246       0.05938 ±    0.00284       0.14056 ±    0.00102    10.694 ±  0.085 %    83.584 ±  0.145 %    49.352 ±  0.137 %
   5      23.8415 ±    0.2921       0.05930 ±    0.00260       0.14534 ±    0.00096    10.855 ±  0.077 %    83.479 ±  0.130 %    49.652 ±  0.122 %

====== Perplexity statistics ======
Mean PPL(Q)                   :  23.841513 ±   0.292052
Mean PPL(base)                :  22.468784 ±   0.276246
Cor(ln(PPL(Q)), ln(PPL(base))):  97.76%
Mean ln(PPL(Q)/PPL(base))     :   0.059301 ±   0.002596
Mean PPL(Q)/PPL(base)         :   1.061095 ±   0.002754
Mean PPL(Q)-PPL(base)         :   1.372729 ±   0.062117

====== KL divergence statistics ======
Mean    KLD:   0.145337 ±   0.000964
Maximum KLD:  13.298693
99.9%   KLD:   3.132767
99.0%   KLD:   1.236573
95.0%   KLD:   0.531758
90.0%   KLD:   0.341328
Median  KLD:   0.068514
10.0%   KLD:   0.000966
 5.0%   KLD:   0.000176
 1.0%   KLD:   0.000016
 0.1%   KLD:   0.000001
Minimum KLD:  -0.000115

====== Token probability statistics ======
Mean    Δp: -1.468 ± 0.038 %
Maximum Δp: 99.444%
99.9%   Δp: 61.820%
99.0%   Δp: 28.832%
95.0%   Δp: 10.901%
90.0%   Δp:  4.614%
75.0%   Δp:  0.190%
Median  Δp: -0.015%
25.0%   Δp: -1.629%
10.0%   Δp: -10.163%
 5.0%   Δp: -18.936%
 1.0%   Δp: -43.624%
 0.1%   Δp: -74.699%
Minimum Δp: -99.550%
RMS Δp    : 10.855 ± 0.077 %
Same top p: 83.479 ± 0.130 %
Same sampled p: 49.652 ± 0.122 %

------------------------------
# llama-perplexity: version: 0.4.4-dev (build 11430, commit 9d76dc1da-dirty) | built with GNU 15.3.0 for Linux x86_64
# model: /home/crusaderky/.cache/huggingface/hub/models--bloomer010--Ling-3.0-tiny-GGUF/snapshots/56a85ebe2d6d9d2ad6ad00a5014b13667153e236/Ling-3.0-tiny-IQ4_XS.gguf size=4287511904 mtime=2026-08-21T23:17:13+00:00 sha256/1048576B=cba1e21bb2847960edb7a96a14e4a569616b10df05b4c0b763c6fc373a5b1abb
llama-perplexity --kl-divergence-base /tmp/logits.dat --ctx-size 32768 -f sample-data/wiki.test.head-2.4k.raw -fa on --hf-repo bloomer010/Ling-3.0-tiny-GGUF:IQ4_XS --cache-type-k q3_0 --cache-type-v q3_0 --kl-divergence
0.00.915.280 W load: special_eos_id is not in special_eog_ids - the tokenizer config may be incorrect
0.01.886.185 I cmn          init: llama threadpool init, n_threads = 16
0.01.947.902 I 
0.01.947.971 I system_info: n_threads = 16 (n_threads_batch = 16) / 32 | CUDA : ARCHS = 750,800,860,890,900,1000,1030,1200,1210 | USE_GRAPHS = 1 | FA_ALL_QUANTS = 1 | CPU : SSE3 = 1 | SSSE3 = 1 | AVX = 1 | AVX2 = 1 | F16C = 1 | FMA = 1 | BMI2 = 1 | LLAMAFILE = 1 | OPENMP = 1 | REPACK = 1 | 
0.02.033.675 I kl_divergence: computing over 5 chunks, n_ctx=32768, batch_size=512, n_seq=1
0.10.028.024 I kl_divergence: 7.99 seconds per pass - ETA 0.65 minutes

chunk             PPL               ln(PPL(Q)/PPL(base))          KL Divergence              Δp RMS            Same top p        Same sampled p
   1      25.0323 ±    0.6774       0.06866 ±    0.00557       0.13624 ±    0.00191    10.575 ±  0.175 %    84.154 ±  0.285 %    49.075 ±  0.272 %
   2      25.8527 ±    0.5050       0.07148 ±    0.00389       0.13350 ±    0.00138    10.254 ±  0.121 %    84.066 ±  0.202 %    48.955 ±  0.193 %
   3      27.0150 ±    0.4331       0.08079 ±    0.00328       0.14066 ±    0.00119    10.483 ±  0.101 %    83.501 ±  0.167 %    48.547 ±  0.157 %
   4      24.3853 ±    0.3348       0.08391 ±    0.00287       0.14439 ±    0.00108    10.812 ±  0.089 %    83.455 ±  0.145 %    49.403 ±  0.137 %
   5      24.3382 ±    0.2997       0.07992 ±    0.00262       0.14968 ±    0.00101    11.015 ±  0.080 %    83.347 ±  0.130 %    49.661 ±  0.122 %

====== Perplexity statistics ======
Mean PPL(Q)                   :  24.338241 ±   0.299700
Mean PPL(base)                :  22.468784 ±   0.276246
Cor(ln(PPL(Q)), ln(PPL(base))):  97.73%
Mean ln(PPL(Q)/PPL(base))     :   0.079922 ±   0.002622
Mean PPL(Q)/PPL(base)         :   1.083202 ±   0.002840
Mean PPL(Q)-PPL(base)         :   1.869457 ±   0.065643

====== KL divergence statistics ======
Mean    KLD:   0.149676 ±   0.001013
Maximum KLD:  12.410577
99.9%   KLD:   3.226350
99.0%   KLD:   1.311784
95.0%   KLD:   0.549582
90.0%   KLD:   0.348755
Median  KLD:   0.069611
10.0%   KLD:   0.000941
 5.0%   KLD:   0.000170
 1.0%   KLD:   0.000015
 0.1%   KLD:   0.000001
Minimum KLD:  -0.000039

====== Token probability statistics ======
Mean    Δp: -1.579 ± 0.038 %
Maximum Δp: 99.449%
99.9%   Δp: 59.632%
99.0%   Δp: 28.198%
95.0%   Δp: 10.716%
90.0%   Δp:  4.494%
75.0%   Δp:  0.181%
Median  Δp: -0.016%
25.0%   Δp: -1.629%
10.0%   Δp: -10.238%
 5.0%   Δp: -19.381%
 1.0%   Δp: -44.466%
 0.1%   Δp: -78.561%
Minimum Δp: -99.854%
RMS Δp    : 11.015 ± 0.080 %
Same top p: 83.347 ± 0.130 %
Same sampled p: 49.661 ± 0.122 %

------------------------------
# llama-perplexity: version: 0.4.4-dev (build 11430, commit 9d76dc1da-dirty) | built with GNU 15.3.0 for Linux x86_64
# model: /home/crusaderky/.cache/huggingface/hub/models--bloomer010--Ling-3.0-tiny-GGUF/snapshots/56a85ebe2d6d9d2ad6ad00a5014b13667153e236/Ling-3.0-tiny-Q3_K_M.gguf size=3841570880 mtime=2026-08-21T23:21:59+00:00 sha256/1048576B=75fdfc6eff4f5ae2fde9e53f7edc5bed48a62c7dfb2bdb8acebcf7ce2138227b
llama-perplexity --kl-divergence-base /tmp/logits.dat --ctx-size 32768 -f sample-data/wiki.test.head-2.4k.raw -fa on --hf-repo bloomer010/Ling-3.0-tiny-GGUF:Q3_K_M --cache-type-k q8_0 --cache-type-v q8_0 --kl-divergence
0.00.908.148 W load: special_eos_id is not in special_eog_ids - the tokenizer config may be incorrect
0.05.620.598 I cmn          init: llama threadpool init, n_threads = 16
0.05.684.793 I 
0.05.684.875 I system_info: n_threads = 16 (n_threads_batch = 16) / 32 | CUDA : ARCHS = 750,800,860,890,900,1000,1030,1200,1210 | USE_GRAPHS = 1 | FA_ALL_QUANTS = 1 | CPU : SSE3 = 1 | SSSE3 = 1 | AVX = 1 | AVX2 = 1 | F16C = 1 | FMA = 1 | BMI2 = 1 | LLAMAFILE = 1 | OPENMP = 1 | REPACK = 1 | 
0.05.774.921 I kl_divergence: computing over 5 chunks, n_ctx=32768, batch_size=512, n_seq=1
0.14.208.724 I kl_divergence: 8.43 seconds per pass - ETA 0.70 minutes

chunk             PPL               ln(PPL(Q)/PPL(base))          KL Divergence              Δp RMS            Same top p        Same sampled p
   1      25.0168 ±    0.6780       0.06804 ±    0.00735       0.22960 ±    0.00310    12.988 ±  0.190 %    79.644 ±  0.315 %    48.232 ±  0.274 %
   2      26.4188 ±    0.5132       0.09314 ±    0.00528       0.23871 ±    0.00223    13.352 ±  0.137 %    79.167 ±  0.224 %    47.304 ±  0.195 %
   3      28.2448 ±    0.4510       0.12530 ±    0.00450       0.25744 ±    0.00192    13.756 ±  0.113 %    78.144 ±  0.186 %    46.606 ±  0.159 %
   4      25.8562 ±    0.3553       0.14248 ±    0.00393       0.26275 ±    0.00176    14.048 ±  0.099 %    78.255 ±  0.161 %    47.580 ±  0.138 %
   5      25.4018 ±    0.3124       0.12269 ±    0.00353       0.26438 ±    0.00160    14.013 ±  0.089 %    78.364 ±  0.144 %    47.930 ±  0.124 %

====== Perplexity statistics ======
Mean PPL(Q)                   :  25.401759 ±   0.312440
Mean PPL(base)                :  22.468784 ±   0.276246
Cor(ln(PPL(Q)), ln(PPL(base))):  95.88%
Mean ln(PPL(Q)/PPL(base))     :   0.122691 ±   0.003531
Mean PPL(Q)/PPL(base)         :   1.130536 ±   0.003992
Mean PPL(Q)-PPL(base)         :   2.932975 ±   0.091790

====== KL divergence statistics ======
Mean    KLD:   0.264383 ±   0.001595
Maximum KLD:  17.530739
99.9%   KLD:   4.673340
99.0%   KLD:   2.230442
95.0%   KLD:   0.974363
90.0%   KLD:   0.629132
Median  KLD:   0.130195
10.0%   KLD:   0.001779
 5.0%   KLD:   0.000302
 1.0%   KLD:   0.000023
 0.1%   KLD:   0.000000
Minimum KLD:  -0.000161

====== Token probability statistics ======
Mean    Δp: -2.224 ± 0.048 %
Maximum Δp: 98.769%
99.9%   Δp: 69.469%
99.0%   Δp: 36.358%
95.0%   Δp: 13.692%
90.0%   Δp:  6.011%
75.0%   Δp:  0.259%
Median  Δp: -0.018%
25.0%   Δp: -2.259%
10.0%   Δp: -14.267%
 5.0%   Δp: -26.432%
 1.0%   Δp: -57.778%
 0.1%   Δp: -89.200%
Minimum Δp: -99.402%
RMS Δp    : 14.013 ± 0.089 %
Same top p: 78.364 ± 0.144 %
Same sampled p: 47.930 ± 0.124 %

------------------------------
# llama-perplexity: version: 0.4.4-dev (build 11430, commit 9d76dc1da-dirty) | built with GNU 15.3.0 for Linux x86_64
# model: /home/crusaderky/.cache/huggingface/hub/models--bloomer010--Ling-3.0-tiny-GGUF/snapshots/56a85ebe2d6d9d2ad6ad00a5014b13667153e236/Ling-3.0-tiny-Q3_K_M.gguf size=3841570880 mtime=2026-08-21T23:21:59+00:00 sha256/1048576B=75fdfc6eff4f5ae2fde9e53f7edc5bed48a62c7dfb2bdb8acebcf7ce2138227b
llama-perplexity --kl-divergence-base /tmp/logits.dat --ctx-size 32768 -f sample-data/wiki.test.head-2.4k.raw -fa on --hf-repo bloomer010/Ling-3.0-tiny-GGUF:Q3_K_M --cache-type-k q6_0 --cache-type-v q6_0 --kl-divergence
0.00.935.274 W load: special_eos_id is not in special_eog_ids - the tokenizer config may be incorrect
0.01.815.879 I cmn          init: llama threadpool init, n_threads = 16
0.01.878.516 I 
0.01.878.593 I system_info: n_threads = 16 (n_threads_batch = 16) / 32 | CUDA : ARCHS = 750,800,860,890,900,1000,1030,1200,1210 | USE_GRAPHS = 1 | FA_ALL_QUANTS = 1 | CPU : SSE3 = 1 | SSSE3 = 1 | AVX = 1 | AVX2 = 1 | F16C = 1 | FMA = 1 | BMI2 = 1 | LLAMAFILE = 1 | OPENMP = 1 | REPACK = 1 | 
0.01.971.192 I kl_divergence: computing over 5 chunks, n_ctx=32768, batch_size=512, n_seq=1
0.10.384.452 I kl_divergence: 8.41 seconds per pass - ETA 0.70 minutes

chunk             PPL               ln(PPL(Q)/PPL(base))          KL Divergence              Δp RMS            Same top p        Same sampled p
   1      25.1195 ±    0.6818       0.07213 ±    0.00739       0.23178 ±    0.00312    13.066 ±  0.191 %    79.467 ±  0.316 %    48.235 ±  0.274 %
   2      26.6286 ±    0.5182       0.10105 ±    0.00530       0.24088 ±    0.00226    13.432 ±  0.137 %    78.972 ±  0.225 %    47.292 ±  0.195 %
   3      28.3510 ±    0.4531       0.12905 ±    0.00450       0.25861 ±    0.00193    13.818 ±  0.113 %    78.018 ±  0.187 %    46.604 ±  0.159 %
   4      25.8686 ±    0.3556       0.14296 ±    0.00392       0.26334 ±    0.00176    14.103 ±  0.100 %    78.189 ±  0.161 %    47.564 ±  0.138 %
   5      25.4176 ±    0.3127       0.12332 ±    0.00353       0.26520 ±    0.00160    14.058 ±  0.089 %    78.339 ±  0.144 %    47.914 ±  0.124 %

====== Perplexity statistics ======
Mean PPL(Q)                   :  25.417613 ±   0.312672
Mean PPL(base)                :  22.468784 ±   0.276246
Cor(ln(PPL(Q)), ln(PPL(base))):  95.88%
Mean ln(PPL(Q)/PPL(base))     :   0.123315 ±   0.003532
Mean PPL(Q)/PPL(base)         :   1.131241 ±   0.003996
Mean PPL(Q)-PPL(base)         :   2.948829 ±   0.091936

====== KL divergence statistics ======
Mean    KLD:   0.265198 ±   0.001601
Maximum KLD:  17.338305
99.9%   KLD:   4.724340
99.0%   KLD:   2.197546
95.0%   KLD:   0.978464
90.0%   KLD:   0.634969
Median  KLD:   0.130478
10.0%   KLD:   0.001764
 5.0%   KLD:   0.000302
 1.0%   KLD:   0.000022
 0.1%   KLD:   0.000000
Minimum KLD:  -0.000097

====== Token probability statistics ======
Mean    Δp: -2.233 ± 0.048 %
Maximum Δp: 98.806%
99.9%   Δp: 71.665%
99.0%   Δp: 36.435%
95.0%   Δp: 13.833%
90.0%   Δp:  5.909%
75.0%   Δp:  0.259%
Median  Δp: -0.018%
25.0%   Δp: -2.278%
10.0%   Δp: -14.225%
 5.0%   Δp: -26.673%
 1.0%   Δp: -57.573%
 0.1%   Δp: -88.270%
Minimum Δp: -99.817%
RMS Δp    : 14.058 ± 0.089 %
Same top p: 78.339 ± 0.144 %
Same sampled p: 47.914 ± 0.124 %

------------------------------
# llama-perplexity: version: 0.4.4-dev (build 11430, commit 9d76dc1da-dirty) | built with GNU 15.3.0 for Linux x86_64
# model: /home/crusaderky/.cache/huggingface/hub/models--bloomer010--Ling-3.0-tiny-GGUF/snapshots/56a85ebe2d6d9d2ad6ad00a5014b13667153e236/Ling-3.0-tiny-Q3_K_M.gguf size=3841570880 mtime=2026-08-21T23:21:59+00:00 sha256/1048576B=75fdfc6eff4f5ae2fde9e53f7edc5bed48a62c7dfb2bdb8acebcf7ce2138227b
llama-perplexity --kl-divergence-base /tmp/logits.dat --ctx-size 32768 -f sample-data/wiki.test.head-2.4k.raw -fa on --hf-repo bloomer010/Ling-3.0-tiny-GGUF:Q3_K_M --cache-type-k q5_1 --cache-type-v q5_1 --kl-divergence
0.00.912.629 W load: special_eos_id is not in special_eog_ids - the tokenizer config may be incorrect
0.01.791.802 I cmn          init: llama threadpool init, n_threads = 16
0.01.857.058 I 
0.01.857.126 I system_info: n_threads = 16 (n_threads_batch = 16) / 32 | CUDA : ARCHS = 750,800,860,890,900,1000,1030,1200,1210 | USE_GRAPHS = 1 | FA_ALL_QUANTS = 1 | CPU : SSE3 = 1 | SSSE3 = 1 | AVX = 1 | AVX2 = 1 | F16C = 1 | FMA = 1 | BMI2 = 1 | LLAMAFILE = 1 | OPENMP = 1 | REPACK = 1 | 
0.01.945.943 I kl_divergence: computing over 5 chunks, n_ctx=32768, batch_size=512, n_seq=1
0.10.352.935 I kl_divergence: 8.41 seconds per pass - ETA 0.70 minutes

chunk             PPL               ln(PPL(Q)/PPL(base))          KL Divergence              Δp RMS            Same top p        Same sampled p
   1      25.0605 ±    0.6778       0.06978 ±    0.00739       0.23237 ±    0.00314    13.094 ±  0.192 %    79.674 ±  0.314 %    48.106 ±  0.274 %
   2      26.3830 ±    0.5119       0.09179 ±    0.00528       0.23964 ±    0.00224    13.384 ±  0.137 %    79.201 ±  0.224 %    47.282 ±  0.195 %
   3      28.1906 ±    0.4493       0.12338 ±    0.00449       0.25804 ±    0.00192    13.801 ±  0.114 %    78.071 ±  0.187 %    46.562 ±  0.159 %
   4      25.7634 ±    0.3533       0.13889 ±    0.00392       0.26299 ±    0.00176    14.070 ±  0.099 %    78.159 ±  0.161 %    47.520 ±  0.138 %
   5      25.2742 ±    0.3103       0.11766 ±    0.00353       0.26463 ±    0.00160    14.011 ±  0.089 %    78.323 ±  0.144 %    47.904 ±  0.124 %

====== Perplexity statistics ======
Mean PPL(Q)                   :  25.274162 ±   0.310277
Mean PPL(base)                :  22.468784 ±   0.276246
Cor(ln(PPL(Q)), ln(PPL(base))):  95.88%
Mean ln(PPL(Q)/PPL(base))     :   0.117656 ±   0.003527
Mean PPL(Q)/PPL(base)         :   1.124857 ±   0.003967
Mean PPL(Q)-PPL(base)         :   2.805377 ±   0.090667

====== KL divergence statistics ======
Mean    KLD:   0.264632 ±   0.001602
Maximum KLD:  17.331062
99.9%   KLD:   4.738869
99.0%   KLD:   2.220052
95.0%   KLD:   0.965735
90.0%   KLD:   0.632050
Median  KLD:   0.130653
10.0%   KLD:   0.001801
 5.0%   KLD:   0.000312
 1.0%   KLD:   0.000023
 0.1%   KLD:   0.000001
Minimum KLD:  -0.000077

====== Token probability statistics ======
Mean    Δp: -2.233 ± 0.048 %
Maximum Δp: 98.870%
99.9%   Δp: 69.799%
99.0%   Δp: 36.095%
95.0%   Δp: 13.745%
90.0%   Δp:  5.964%
75.0%   Δp:  0.265%
Median  Δp: -0.017%
25.0%   Δp: -2.297%
10.0%   Δp: -14.396%
 5.0%   Δp: -26.691%
 1.0%   Δp: -57.482%
 0.1%   Δp: -88.639%
Minimum Δp: -99.523%
RMS Δp    : 14.011 ± 0.089 %
Same top p: 78.323 ± 0.144 %
Same sampled p: 47.904 ± 0.124 %

------------------------------
# llama-perplexity: version: 0.4.4-dev (build 11430, commit 9d76dc1da-dirty) | built with GNU 15.3.0 for Linux x86_64
# model: /home/crusaderky/.cache/huggingface/hub/models--bloomer010--Ling-3.0-tiny-GGUF/snapshots/56a85ebe2d6d9d2ad6ad00a5014b13667153e236/Ling-3.0-tiny-Q3_K_M.gguf size=3841570880 mtime=2026-08-21T23:21:59+00:00 sha256/1048576B=75fdfc6eff4f5ae2fde9e53f7edc5bed48a62c7dfb2bdb8acebcf7ce2138227b
llama-perplexity --kl-divergence-base /tmp/logits.dat --ctx-size 32768 -f sample-data/wiki.test.head-2.4k.raw -fa on --hf-repo bloomer010/Ling-3.0-tiny-GGUF:Q3_K_M --cache-type-k q5_0 --cache-type-v q5_0 --kl-divergence
0.00.953.113 W load: special_eos_id is not in special_eog_ids - the tokenizer config may be incorrect
0.01.843.621 I cmn          init: llama threadpool init, n_threads = 16
0.01.909.423 I 
0.01.909.497 I system_info: n_threads = 16 (n_threads_batch = 16) / 32 | CUDA : ARCHS = 750,800,860,890,900,1000,1030,1200,1210 | USE_GRAPHS = 1 | FA_ALL_QUANTS = 1 | CPU : SSE3 = 1 | SSSE3 = 1 | AVX = 1 | AVX2 = 1 | F16C = 1 | FMA = 1 | BMI2 = 1 | LLAMAFILE = 1 | OPENMP = 1 | REPACK = 1 | 
0.01.999.537 I kl_divergence: computing over 5 chunks, n_ctx=32768, batch_size=512, n_seq=1
0.10.396.643 I kl_divergence: 8.40 seconds per pass - ETA 0.68 minutes

chunk             PPL               ln(PPL(Q)/PPL(base))          KL Divergence              Δp RMS            Same top p        Same sampled p
   1      25.1257 ±    0.6807       0.07238 ±    0.00740       0.23215 ±    0.00313    12.966 ±  0.189 %    79.369 ±  0.316 %    48.156 ±  0.274 %
   2      26.4689 ±    0.5144       0.09504 ±    0.00529       0.23988 ±    0.00226    13.295 ±  0.137 %    79.076 ±  0.225 %    47.325 ±  0.195 %
   3      28.2715 ±    0.4513       0.12625 ±    0.00450       0.25934 ±    0.00194    13.767 ±  0.114 %    78.026 ±  0.187 %    46.590 ±  0.159 %
   4      25.8837 ±    0.3555       0.14355 ±    0.00393       0.26470 ±    0.00178    14.084 ±  0.100 %    78.157 ±  0.161 %    47.540 ±  0.138 %
   5      25.3878 ±    0.3121       0.12214 ±    0.00353       0.26553 ±    0.00161    14.037 ±  0.089 %    78.297 ±  0.144 %    47.905 ±  0.124 %

====== Perplexity statistics ======
Mean PPL(Q)                   :  25.387809 ±   0.312114
Mean PPL(base)                :  22.468784 ±   0.276246
Cor(ln(PPL(Q)), ln(PPL(base))):  95.87%
Mean ln(PPL(Q)/PPL(base))     :   0.122142 ±   0.003533
Mean PPL(Q)/PPL(base)         :   1.129915 ±   0.003992
Mean PPL(Q)-PPL(base)         :   2.919025 ±   0.091694

====== KL divergence statistics ======
Mean    KLD:   0.265527 ±   0.001607
Maximum KLD:  17.450336
99.9%   KLD:   4.784394
99.0%   KLD:   2.205597
95.0%   KLD:   0.972052
90.0%   KLD:   0.633187
Median  KLD:   0.130461
10.0%   KLD:   0.001766
 5.0%   KLD:   0.000307
 1.0%   KLD:   0.000023
 0.1%   KLD:   0.000001
Minimum KLD:  -0.000074

====== Token probability statistics ======
Mean    Δp: -2.244 ± 0.048 %
Maximum Δp: 98.683%
99.9%   Δp: 70.285%
99.0%   Δp: 36.259%
95.0%   Δp: 13.786%
90.0%   Δp:  5.851%
75.0%   Δp:  0.258%
Median  Δp: -0.018%
25.0%   Δp: -2.270%
10.0%   Δp: -14.351%
 5.0%   Δp: -26.749%
 1.0%   Δp: -57.936%
 0.1%   Δp: -88.442%
Minimum Δp: -99.547%
RMS Δp    : 14.037 ± 0.089 %
Same top p: 78.297 ± 0.144 %
Same sampled p: 47.905 ± 0.124 %

------------------------------
# llama-perplexity: version: 0.4.4-dev (build 11430, commit 9d76dc1da-dirty) | built with GNU 15.3.0 for Linux x86_64
# model: /home/crusaderky/.cache/huggingface/hub/models--bloomer010--Ling-3.0-tiny-GGUF/snapshots/56a85ebe2d6d9d2ad6ad00a5014b13667153e236/Ling-3.0-tiny-Q3_K_M.gguf size=3841570880 mtime=2026-08-21T23:21:59+00:00 sha256/1048576B=75fdfc6eff4f5ae2fde9e53f7edc5bed48a62c7dfb2bdb8acebcf7ce2138227b
llama-perplexity --kl-divergence-base /tmp/logits.dat --ctx-size 32768 -f sample-data/wiki.test.head-2.4k.raw -fa on --hf-repo bloomer010/Ling-3.0-tiny-GGUF:Q3_K_M --cache-type-k q4_1 --cache-type-v q4_1 --kl-divergence
0.05.950.270 W load: special_eos_id is not in special_eog_ids - the tokenizer config may be incorrect
0.06.840.586 I cmn          init: llama threadpool init, n_threads = 16
0.06.904.766 I 
0.06.904.841 I system_info: n_threads = 16 (n_threads_batch = 16) / 32 | CUDA : ARCHS = 750,800,860,890,900,1000,1030,1200,1210 | USE_GRAPHS = 1 | FA_ALL_QUANTS = 1 | CPU : SSE3 = 1 | SSSE3 = 1 | AVX = 1 | AVX2 = 1 | F16C = 1 | FMA = 1 | BMI2 = 1 | LLAMAFILE = 1 | OPENMP = 1 | REPACK = 1 | 
0.06.991.243 I kl_divergence: computing over 5 chunks, n_ctx=32768, batch_size=512, n_seq=1
0.15.350.816 I kl_divergence: 8.36 seconds per pass - ETA 0.68 minutes

chunk             PPL               ln(PPL(Q)/PPL(base))          KL Divergence              Δp RMS            Same top p        Same sampled p
   1      24.6865 ±    0.6650       0.05474 ±    0.00744       0.23569 ±    0.00316    13.192 ±  0.193 %    79.344 ±  0.316 %    47.927 ±  0.274 %
   2      26.0866 ±    0.5047       0.08049 ±    0.00532       0.24278 ±    0.00228    13.452 ±  0.138 %    78.929 ±  0.225 %    47.128 ±  0.194 %
   3      27.9750 ±    0.4449       0.11570 ±    0.00453       0.26192 ±    0.00195    13.893 ±  0.114 %    77.900 ±  0.187 %    46.405 ±  0.158 %
   4      25.6685 ±    0.3517       0.13520 ±    0.00395       0.26712 ±    0.00178    14.170 ±  0.100 %    77.999 ±  0.162 %    47.400 ±  0.138 %
   5      25.1956 ±    0.3090       0.11454 ±    0.00356       0.26866 ±    0.00161    14.134 ±  0.089 %    78.109 ±  0.144 %    47.767 ±  0.124 %

====== Perplexity statistics ======
Mean PPL(Q)                   :  25.195557 ±   0.308984
Mean PPL(base)                :  22.468784 ±   0.276246
Cor(ln(PPL(Q)), ln(PPL(base))):  95.80%
Mean ln(PPL(Q)/PPL(base))     :   0.114541 ±   0.003558
Mean PPL(Q)/PPL(base)         :   1.121358 ±   0.003990
Mean PPL(Q)-PPL(base)         :   2.726772 ±   0.090757

====== KL divergence statistics ======
Mean    KLD:   0.268664 ±   0.001613
Maximum KLD:  17.230261
99.9%   KLD:   4.880735
99.0%   KLD:   2.243513
95.0%   KLD:   0.989319
90.0%   KLD:   0.641921
Median  KLD:   0.132897
10.0%   KLD:   0.001899
 5.0%   KLD:   0.000322
 1.0%   KLD:   0.000024
 0.1%   KLD:   0.000001
Minimum KLD:  -0.000083

====== Token probability statistics ======
Mean    Δp: -2.270 ± 0.049 %
Maximum Δp: 98.108%
99.9%   Δp: 70.351%
99.0%   Δp: 36.421%
95.0%   Δp: 13.766%
90.0%   Δp:  5.930%
75.0%   Δp:  0.262%
Median  Δp: -0.019%
25.0%   Δp: -2.347%
10.0%   Δp: -14.477%
 5.0%   Δp: -26.944%
 1.0%   Δp: -58.359%
 0.1%   Δp: -88.594%
Minimum Δp: -99.252%
RMS Δp    : 14.134 ± 0.089 %
Same top p: 78.109 ± 0.144 %
Same sampled p: 47.767 ± 0.124 %

------------------------------
# llama-perplexity: version: 0.4.4-dev (build 11430, commit 9d76dc1da-dirty) | built with GNU 15.3.0 for Linux x86_64
# model: /home/crusaderky/.cache/huggingface/hub/models--bloomer010--Ling-3.0-tiny-GGUF/snapshots/56a85ebe2d6d9d2ad6ad00a5014b13667153e236/Ling-3.0-tiny-Q3_K_M.gguf size=3841570880 mtime=2026-08-21T23:21:59+00:00 sha256/1048576B=75fdfc6eff4f5ae2fde9e53f7edc5bed48a62c7dfb2bdb8acebcf7ce2138227b
llama-perplexity --kl-divergence-base /tmp/logits.dat --ctx-size 32768 -f sample-data/wiki.test.head-2.4k.raw -fa on --hf-repo bloomer010/Ling-3.0-tiny-GGUF:Q3_K_M --cache-type-k q4_0 --cache-type-v q4_0 --kl-divergence
0.00.899.254 W load: special_eos_id is not in special_eog_ids - the tokenizer config may be incorrect
0.01.786.620 I cmn          init: llama threadpool init, n_threads = 16
0.01.851.107 I 
0.01.851.175 I system_info: n_threads = 16 (n_threads_batch = 16) / 32 | CUDA : ARCHS = 750,800,860,890,900,1000,1030,1200,1210 | USE_GRAPHS = 1 | FA_ALL_QUANTS = 1 | CPU : SSE3 = 1 | SSSE3 = 1 | AVX = 1 | AVX2 = 1 | F16C = 1 | FMA = 1 | BMI2 = 1 | LLAMAFILE = 1 | OPENMP = 1 | REPACK = 1 | 
0.01.939.204 I kl_divergence: computing over 5 chunks, n_ctx=32768, batch_size=512, n_seq=1
0.10.318.154 I kl_divergence: 8.38 seconds per pass - ETA 0.68 minutes

chunk             PPL               ln(PPL(Q)/PPL(base))          KL Divergence              Δp RMS            Same top p        Same sampled p
   1      24.8103 ±    0.6694       0.05974 ±    0.00752       0.23844 ±    0.00322    13.107 ±  0.190 %    79.210 ±  0.317 %    47.982 ±  0.274 %
   2      26.3368 ±    0.5106       0.09003 ±    0.00537       0.24604 ±    0.00232    13.489 ±  0.137 %    78.877 ±  0.225 %    47.158 ±  0.194 %
   3      28.1614 ±    0.4486       0.12235 ±    0.00456       0.26468 ±    0.00199    13.921 ±  0.114 %    77.932 ±  0.187 %    46.445 ±  0.158 %
   4      25.7541 ±    0.3529       0.13853 ±    0.00397       0.26955 ±    0.00180    14.224 ±  0.100 %    78.035 ±  0.162 %    47.377 ±  0.138 %
   5      25.2514 ±    0.3097       0.11676 ±    0.00357       0.27139 ±    0.00164    14.174 ±  0.089 %    78.143 ±  0.144 %    47.757 ±  0.124 %

====== Perplexity statistics ======
Mean PPL(Q)                   :  25.251410 ±   0.309653
Mean PPL(base)                :  22.468784 ±   0.276246
Cor(ln(PPL(Q)), ln(PPL(base))):  95.76%
Mean ln(PPL(Q)/PPL(base))     :   0.116755 ±   0.003574
Mean PPL(Q)/PPL(base)         :   1.123844 ±   0.004017
Mean PPL(Q)-PPL(base)         :   2.782626 ±   0.091451

====== KL divergence statistics ======
Mean    KLD:   0.271392 ±   0.001642
Maximum KLD:  16.992781
99.9%   KLD:   4.826540
99.0%   KLD:   2.251945
95.0%   KLD:   1.002904
90.0%   KLD:   0.644488
Median  KLD:   0.133639
10.0%   KLD:   0.001843
 5.0%   KLD:   0.000319
 1.0%   KLD:   0.000024
 0.1%   KLD:   0.000001
Minimum KLD:  -0.000082

====== Token probability statistics ======
Mean    Δp: -2.303 ± 0.049 %
Maximum Δp: 98.966%
99.9%   Δp: 70.976%
99.0%   Δp: 36.199%
95.0%   Δp: 13.907%
90.0%   Δp:  6.010%
75.0%   Δp:  0.261%
Median  Δp: -0.018%
25.0%   Δp: -2.336%
10.0%   Δp: -14.556%
 5.0%   Δp: -27.148%
 1.0%   Δp: -58.520%
 0.1%   Δp: -88.991%
Minimum Δp: -99.911%
RMS Δp    : 14.174 ± 0.089 %
Same top p: 78.143 ± 0.144 %
Same sampled p: 47.757 ± 0.124 %

------------------------------
# llama-perplexity: version: 0.4.4-dev (build 11430, commit 9d76dc1da-dirty) | built with GNU 15.3.0 for Linux x86_64
# model: /home/crusaderky/.cache/huggingface/hub/models--bloomer010--Ling-3.0-tiny-GGUF/snapshots/56a85ebe2d6d9d2ad6ad00a5014b13667153e236/Ling-3.0-tiny-Q3_K_M.gguf size=3841570880 mtime=2026-08-21T23:21:59+00:00 sha256/1048576B=75fdfc6eff4f5ae2fde9e53f7edc5bed48a62c7dfb2bdb8acebcf7ce2138227b
llama-perplexity --kl-divergence-base /tmp/logits.dat --ctx-size 32768 -f sample-data/wiki.test.head-2.4k.raw -fa on --hf-repo bloomer010/Ling-3.0-tiny-GGUF:Q3_K_M --cache-type-k q3_1 --cache-type-v q3_1 --kl-divergence
0.00.941.973 W load: special_eos_id is not in special_eog_ids - the tokenizer config may be incorrect
0.01.819.228 I cmn          init: llama threadpool init, n_threads = 16
0.01.884.548 I 
0.01.884.622 I system_info: n_threads = 16 (n_threads_batch = 16) / 32 | CUDA : ARCHS = 750,800,860,890,900,1000,1030,1200,1210 | USE_GRAPHS = 1 | FA_ALL_QUANTS = 1 | CPU : SSE3 = 1 | SSSE3 = 1 | AVX = 1 | AVX2 = 1 | F16C = 1 | FMA = 1 | BMI2 = 1 | LLAMAFILE = 1 | OPENMP = 1 | REPACK = 1 | 
0.01.974.684 I kl_divergence: computing over 5 chunks, n_ctx=32768, batch_size=512, n_seq=1
0.10.360.115 I kl_divergence: 8.39 seconds per pass - ETA 0.68 minutes

chunk             PPL               ln(PPL(Q)/PPL(base))          KL Divergence              Δp RMS            Same top p        Same sampled p
   1      25.4138 ±    0.6878       0.08378 ±    0.00787       0.26056 ±    0.00340    13.881 ±  0.199 %    78.356 ±  0.322 %    47.616 ±  0.274 %
   2      27.0505 ±    0.5244       0.11677 ±    0.00569       0.27491 ±    0.00253    14.360 ±  0.143 %    77.757 ±  0.230 %    46.537 ±  0.195 %
   3      28.6570 ±    0.4563       0.13979 ±    0.00478       0.29164 ±    0.00215    14.674 ±  0.118 %    76.838 ±  0.190 %    45.907 ±  0.158 %
   4      26.0911 ±    0.3572       0.15153 ±    0.00415       0.29665 ±    0.00194    14.976 ±  0.103 %    76.973 ±  0.164 %    46.862 ±  0.138 %
   5      25.6311 ±    0.3141       0.13168 ±    0.00374       0.29854 ±    0.00177    14.938 ±  0.092 %    77.036 ±  0.147 %    47.220 ±  0.124 %

====== Perplexity statistics ======
Mean PPL(Q)                   :  25.631087 ±   0.314092
Mean PPL(base)                :  22.468784 ±   0.276246
Cor(ln(PPL(Q)), ln(PPL(base))):  95.36%
Mean ln(PPL(Q)/PPL(base))     :   0.131679 ±   0.003740
Mean PPL(Q)/PPL(base)         :   1.140742 ±   0.004267
Mean PPL(Q)-PPL(base)         :   3.162303 ±   0.097409

====== KL divergence statistics ======
Mean    KLD:   0.298542 ±   0.001768
Maximum KLD:  17.530054
99.9%   KLD:   5.124804
99.0%   KLD:   2.449807
95.0%   KLD:   1.105169
90.0%   KLD:   0.711561
Median  KLD:   0.148178
10.0%   KLD:   0.002222
 5.0%   KLD:   0.000390
 1.0%   KLD:   0.000031
 0.1%   KLD:   0.000002
Minimum KLD:  -0.000113

====== Token probability statistics ======
Mean    Δp: -2.600 ± 0.051 %
Maximum Δp: 98.519%
99.9%   Δp: 73.662%
99.0%   Δp: 37.944%
95.0%   Δp: 14.141%
90.0%   Δp:  6.033%
75.0%   Δp:  0.231%
Median  Δp: -0.027%
25.0%   Δp: -2.684%
10.0%   Δp: -15.821%
 5.0%   Δp: -29.208%
 1.0%   Δp: -62.248%
 0.1%   Δp: -91.069%
Minimum Δp: -99.594%
RMS Δp    : 14.938 ± 0.092 %
Same top p: 77.036 ± 0.147 %
Same sampled p: 47.220 ± 0.124 %

------------------------------
# llama-perplexity: version: 0.4.4-dev (build 11430, commit 9d76dc1da-dirty) | built with GNU 15.3.0 for Linux x86_64
# model: /home/crusaderky/.cache/huggingface/hub/models--bloomer010--Ling-3.0-tiny-GGUF/snapshots/56a85ebe2d6d9d2ad6ad00a5014b13667153e236/Ling-3.0-tiny-Q3_K_M.gguf size=3841570880 mtime=2026-08-21T23:21:59+00:00 sha256/1048576B=75fdfc6eff4f5ae2fde9e53f7edc5bed48a62c7dfb2bdb8acebcf7ce2138227b
llama-perplexity --kl-divergence-base /tmp/logits.dat --ctx-size 32768 -f sample-data/wiki.test.head-2.4k.raw -fa on --hf-repo bloomer010/Ling-3.0-tiny-GGUF:Q3_K_M --cache-type-k q3_0 --cache-type-v q3_0 --kl-divergence
0.00.920.820 W load: special_eos_id is not in special_eog_ids - the tokenizer config may be incorrect
0.01.815.372 I cmn          init: llama threadpool init, n_threads = 16
0.01.881.200 I 
0.01.881.268 I system_info: n_threads = 16 (n_threads_batch = 16) / 32 | CUDA : ARCHS = 750,800,860,890,900,1000,1030,1200,1210 | USE_GRAPHS = 1 | FA_ALL_QUANTS = 1 | CPU : SSE3 = 1 | SSSE3 = 1 | AVX = 1 | AVX2 = 1 | F16C = 1 | FMA = 1 | BMI2 = 1 | LLAMAFILE = 1 | OPENMP = 1 | REPACK = 1 | 
0.01.972.234 I kl_divergence: computing over 5 chunks, n_ctx=32768, batch_size=512, n_seq=1
0.10.362.084 I kl_divergence: 8.39 seconds per pass - ETA 0.68 minutes

chunk             PPL               ln(PPL(Q)/PPL(base))          KL Divergence              Δp RMS            Same top p        Same sampled p
   1      25.3933 ±    0.6866       0.08297 ±    0.00769       0.25835 ±    0.00347    13.806 ±  0.194 %    78.288 ±  0.322 %    47.555 ±  0.274 %
   2      26.9015 ±    0.5223       0.11125 ±    0.00558       0.26904 ±    0.00254    14.164 ±  0.141 %    78.038 ±  0.229 %    46.724 ±  0.194 %
   3      28.9189 ±    0.4620       0.14889 ±    0.00480       0.29288 ±    0.00220    14.654 ±  0.117 %    76.803 ±  0.190 %    45.932 ±  0.158 %
   4      26.4639 ±    0.3638       0.16572 ±    0.00417       0.29882 ±    0.00198    15.031 ±  0.103 %    76.914 ±  0.165 %    46.863 ±  0.138 %
   5      25.8547 ±    0.3177       0.14037 ±    0.00374       0.29941 ±    0.00180    14.970 ±  0.092 %    77.084 ±  0.147 %    47.228 ±  0.124 %

====== Perplexity statistics ======
Mean PPL(Q)                   :  25.854720 ±   0.317683
Mean PPL(base)                :  22.468784 ±   0.276246
Cor(ln(PPL(Q)), ln(PPL(base))):  95.37%
Mean ln(PPL(Q)/PPL(base))     :   0.140366 ±   0.003739
Mean PPL(Q)/PPL(base)         :   1.150695 ±   0.004302
Mean PPL(Q)-PPL(base)         :   3.385936 ±   0.099186

====== KL divergence statistics ======
Mean    KLD:   0.299415 ±   0.001798
Maximum KLD:  17.203543
99.9%   KLD:   5.258623
99.0%   KLD:   2.528255
95.0%   KLD:   1.115714
90.0%   KLD:   0.720218
Median  KLD:   0.145431
10.0%   KLD:   0.002146
 5.0%   KLD:   0.000370
 1.0%   KLD:   0.000028
 0.1%   KLD:   0.000001
Minimum KLD:  -0.000066

====== Token probability statistics ======
Mean    Δp: -2.619 ± 0.051 %
Maximum Δp: 98.093%
99.9%   Δp: 71.933%
99.0%   Δp: 37.737%
95.0%   Δp: 14.388%
90.0%   Δp:  6.019%
75.0%   Δp:  0.226%
Median  Δp: -0.027%
25.0%   Δp: -2.695%
10.0%   Δp: -15.910%
 5.0%   Δp: -29.121%
 1.0%   Δp: -61.844%
 0.1%   Δp: -90.906%
Minimum Δp: -99.600%
RMS Δp    : 14.970 ± 0.092 %
Same top p: 77.084 ± 0.147 %
Same sampled p: 47.228 ± 0.124 %

------------------------------
# llama-perplexity: version: 0.4.4-dev (build 11430, commit 9d76dc1da-dirty) | built with GNU 15.3.0 for Linux x86_64
# model: /home/crusaderky/.cache/huggingface/hub/models--bloomer010--Ling-3.0-tiny-GGUF/snapshots/56a85ebe2d6d9d2ad6ad00a5014b13667153e236/Ling-3.0-tiny-Q3_K_S.gguf <unreadable: No such file or directory>
llama-perplexity --kl-divergence-base /tmp/logits.dat --ctx-size 32768 -f sample-data/wiki.test.head-2.4k.raw -fa on --hf-repo bloomer010/Ling-3.0-tiny-GGUF:Q3_K_S --cache-type-k f16 --cache-type-v f16 --kl-divergence
2.47.222.977 W load: special_eos_id is not in special_eog_ids - the tokenizer config may be incorrect
2.48.040.711 I cmn          init: llama threadpool init, n_threads = 16
2.48.103.666 I 
2.48.103.735 I system_info: n_threads = 16 (n_threads_batch = 16) / 32 | CUDA : ARCHS = 750,800,860,890,900,1000,1030,1200,1210 | USE_GRAPHS = 1 | FA_ALL_QUANTS = 1 | CPU : SSE3 = 1 | SSSE3 = 1 | AVX = 1 | AVX2 = 1 | F16C = 1 | FMA = 1 | BMI2 = 1 | LLAMAFILE = 1 | OPENMP = 1 | REPACK = 1 | 
2.48.194.796 I kl_divergence: computing over 5 chunks, n_ctx=32768, batch_size=512, n_seq=1
2.56.518.714 I kl_divergence: 8.32 seconds per pass - ETA 0.68 minutes

chunk             PPL               ln(PPL(Q)/PPL(base))          KL Divergence              Δp RMS            Same top p        Same sampled p
   1      25.1832 ±    0.6622       0.07466 ±    0.00874       0.33276 ±    0.00377    15.936 ±  0.202 %    75.719 ±  0.335 %    44.577 ±  0.273 %
   2      26.6292 ±    0.5034       0.10107 ±    0.00626       0.34892 ±    0.00285    16.211 ±  0.146 %    75.035 ±  0.239 %    43.924 ±  0.194 %
   3      28.5042 ±    0.4439       0.13444 ±    0.00527       0.37028 ±    0.00247    16.527 ±  0.122 %    74.010 ±  0.198 %    43.387 ±  0.158 %
   4      26.2178 ±    0.3508       0.15638 ±    0.00460       0.37847 ±    0.00220    16.952 ±  0.105 %    74.179 ±  0.171 %    44.074 ±  0.138 %
   5      25.8124 ±    0.3094       0.13873 ±    0.00414       0.38014 ±    0.00199    16.897 ±  0.094 %    74.281 ±  0.153 %    44.468 ±  0.123 %

====== Perplexity statistics ======
Mean PPL(Q)                   :  25.812377 ±   0.309446
Mean PPL(base)                :  22.468784 ±   0.276246
Cor(ln(PPL(Q)), ln(PPL(base))):  94.23%
Mean ln(PPL(Q)/PPL(base))     :   0.138727 ±   0.004136
Mean PPL(Q)/PPL(base)         :   1.148811 ±   0.004751
Mean PPL(Q)-PPL(base)         :   3.343593 ±   0.104726

====== KL divergence statistics ======
Mean    KLD:   0.380140 ±   0.001988
Maximum KLD:  12.798078
99.9%   KLD:   5.256088
99.0%   KLD:   2.793730
95.0%   KLD:   1.355145
90.0%   KLD:   0.909499
Median  KLD:   0.211395
10.0%   KLD:   0.004360
 5.0%   KLD:   0.000846
 1.0%   KLD:   0.000072
 0.1%   KLD:   0.000005
Minimum KLD:  -0.000060

====== Token probability statistics ======
Mean    Δp: -4.198 ± 0.057 %
Maximum Δp: 98.654%
99.9%   Δp: 73.057%
99.0%   Δp: 37.107%
95.0%   Δp: 13.310%
90.0%   Δp:  5.030%
75.0%   Δp:  0.134%
Median  Δp: -0.095%
25.0%   Δp: -4.707%
10.0%   Δp: -21.582%
 5.0%   Δp: -36.700%
 1.0%   Δp: -69.258%
 0.1%   Δp: -92.791%
Minimum Δp: -99.887%
RMS Δp    : 16.897 ± 0.094 %
Same top p: 74.281 ± 0.153 %
Same sampled p: 44.468 ± 0.123 %

# llama-perplexity: version: 0.4.4-dev (build 11430, commit 9d76dc1da-dirty) | built with GNU 15.3.0 for Linux x86_64
# model: /home/crusaderky/.cache/huggingface/hub/models--bloomer010--Ling-3.0-tiny-GGUF/snapshots/56a85ebe2d6d9d2ad6ad00a5014b13667153e236/Ling-3.0-tiny-Q3_K_S.gguf size=3511515200 mtime=2026-08-22T15:56:29+00:00 sha256/1048576B=75fdfc6eff4f5ae2fde9e53f7edc5bed48a62c7dfb2bdb8acebcf7ce2138227b
------------------------------
# llama-perplexity: version: 0.4.4-dev (build 11430, commit 9d76dc1da-dirty) | built with GNU 15.3.0 for Linux x86_64
# model: /home/crusaderky/.cache/huggingface/hub/models--bloomer010--Ling-3.0-tiny-GGUF/snapshots/56a85ebe2d6d9d2ad6ad00a5014b13667153e236/Ling-3.0-tiny-Q3_K_S.gguf size=3511515200 mtime=2026-08-22T15:56:29+00:00 sha256/1048576B=75fdfc6eff4f5ae2fde9e53f7edc5bed48a62c7dfb2bdb8acebcf7ce2138227b
llama-perplexity --kl-divergence-base /tmp/logits.dat --ctx-size 32768 -f sample-data/wiki.test.head-2.4k.raw -fa on --hf-repo bloomer010/Ling-3.0-tiny-GGUF:Q3_K_S --cache-type-k q8_0 --cache-type-v q8_0 --kl-divergence
0.00.977.088 W load: special_eos_id is not in special_eog_ids - the tokenizer config may be incorrect
0.01.796.953 I cmn          init: llama threadpool init, n_threads = 16
0.01.862.848 I 
0.01.862.922 I system_info: n_threads = 16 (n_threads_batch = 16) / 32 | CUDA : ARCHS = 750,800,860,890,900,1000,1030,1200,1210 | USE_GRAPHS = 1 | FA_ALL_QUANTS = 1 | CPU : SSE3 = 1 | SSSE3 = 1 | AVX = 1 | AVX2 = 1 | F16C = 1 | FMA = 1 | BMI2 = 1 | LLAMAFILE = 1 | OPENMP = 1 | REPACK = 1 | 
0.01.953.732 I kl_divergence: computing over 5 chunks, n_ctx=32768, batch_size=512, n_seq=1
0.10.324.037 I kl_divergence: 8.37 seconds per pass - ETA 0.68 minutes

chunk             PPL               ln(PPL(Q)/PPL(base))          KL Divergence              Δp RMS            Same top p        Same sampled p
   1      25.1612 ±    0.6607       0.07379 ±    0.00875       0.33332 ±    0.00379    15.932 ±  0.202 %    75.621 ±  0.335 %    44.517 ±  0.273 %
   2      26.6633 ±    0.5038       0.10235 ±    0.00627       0.34968 ±    0.00287    16.218 ±  0.147 %    74.968 ±  0.239 %    43.873 ±  0.194 %
   3      28.5510 ±    0.4445       0.13608 ±    0.00527       0.37100 ±    0.00247    16.540 ±  0.122 %    73.930 ±  0.198 %    43.353 ±  0.158 %
   4      26.2855 ±    0.3519       0.15895 ±    0.00460       0.37931 ±    0.00220    16.966 ±  0.106 %    74.077 ±  0.171 %    44.054 ±  0.138 %
   5      25.8752 ±    0.3103       0.14116 ±    0.00414       0.38079 ±    0.00199    16.899 ±  0.094 %    74.205 ±  0.153 %    44.456 ±  0.123 %

====== Perplexity statistics ======
Mean PPL(Q)                   :  25.875166 ±   0.310338
Mean PPL(base)                :  22.468784 ±   0.276246
Cor(ln(PPL(Q)), ln(PPL(base))):  94.22%
Mean ln(PPL(Q)/PPL(base))     :   0.141157 ±   0.004140
Mean PPL(Q)/PPL(base)         :   1.151605 ±   0.004767
Mean PPL(Q)-PPL(base)         :   3.406382 ±   0.105223

====== KL divergence statistics ======
Mean    KLD:   0.380790 ±   0.001990
Maximum KLD:  13.006979
99.9%   KLD:   5.251081
99.0%   KLD:   2.798832
95.0%   KLD:   1.367938
90.0%   KLD:   0.905077
Median  KLD:   0.211500
10.0%   KLD:   0.004346
 5.0%   KLD:   0.000841
 1.0%   KLD:   0.000074
 0.1%   KLD:   0.000006
Minimum KLD:  -0.000050

====== Token probability statistics ======
Mean    Δp: -4.215 ± 0.057 %
Maximum Δp: 98.638%
99.9%   Δp: 73.457%
99.0%   Δp: 37.147%
95.0%   Δp: 13.278%
90.0%   Δp:  5.016%
75.0%   Δp:  0.133%
Median  Δp: -0.094%
25.0%   Δp: -4.716%
10.0%   Δp: -21.610%
 5.0%   Δp: -36.774%
 1.0%   Δp: -69.604%
 0.1%   Δp: -93.057%
Minimum Δp: -99.887%
RMS Δp    : 16.899 ± 0.094 %
Same top p: 74.205 ± 0.153 %
Same sampled p: 44.456 ± 0.123 %

------------------------------
# llama-perplexity: version: 0.4.4-dev (build 11430, commit 9d76dc1da-dirty) | built with GNU 15.3.0 for Linux x86_64
# model: /home/crusaderky/.cache/huggingface/hub/models--bloomer010--Ling-3.0-tiny-GGUF/snapshots/56a85ebe2d6d9d2ad6ad00a5014b13667153e236/Ling-3.0-tiny-Q3_K_S.gguf size=3511515200 mtime=2026-08-22T15:56:29+00:00 sha256/1048576B=75fdfc6eff4f5ae2fde9e53f7edc5bed48a62c7dfb2bdb8acebcf7ce2138227b
llama-perplexity --kl-divergence-base /tmp/logits.dat --ctx-size 32768 -f sample-data/wiki.test.head-2.4k.raw -fa on --hf-repo bloomer010/Ling-3.0-tiny-GGUF:Q3_K_S --cache-type-k q6_0 --cache-type-v q6_0 --kl-divergence
0.00.919.045 W load: special_eos_id is not in special_eog_ids - the tokenizer config may be incorrect
0.01.730.774 I cmn          init: llama threadpool init, n_threads = 16
0.01.796.923 I 
0.01.796.997 I system_info: n_threads = 16 (n_threads_batch = 16) / 32 | CUDA : ARCHS = 750,800,860,890,900,1000,1030,1200,1210 | USE_GRAPHS = 1 | FA_ALL_QUANTS = 1 | CPU : SSE3 = 1 | SSSE3 = 1 | AVX = 1 | AVX2 = 1 | F16C = 1 | FMA = 1 | BMI2 = 1 | LLAMAFILE = 1 | OPENMP = 1 | REPACK = 1 | 
0.01.887.313 I kl_divergence: computing over 5 chunks, n_ctx=32768, batch_size=512, n_seq=1
0.10.314.475 I kl_divergence: 8.43 seconds per pass - ETA 0.70 minutes

chunk             PPL               ln(PPL(Q)/PPL(base))          KL Divergence              Δp RMS            Same top p        Same sampled p
   1      25.2556 ±    0.6644       0.07754 ±    0.00874       0.33312 ±    0.00376    15.889 ±  0.201 %    75.438 ±  0.336 %    44.550 ±  0.273 %
   2      26.6517 ±    0.5037       0.10192 ±    0.00626       0.34943 ±    0.00285    16.196 ±  0.146 %    74.809 ±  0.240 %    43.876 ±  0.194 %
   3      28.5272 ±    0.4442       0.13525 ±    0.00526       0.37084 ±    0.00246    16.527 ±  0.121 %    73.814 ±  0.198 %    43.349 ±  0.158 %
   4      26.2373 ±    0.3510       0.15712 ±    0.00459       0.37911 ±    0.00219    16.956 ±  0.105 %    74.058 ±  0.171 %    44.030 ±  0.138 %
   5      25.8273 ±    0.3096       0.13930 ±    0.00414       0.38083 ±    0.00198    16.901 ±  0.094 %    74.154 ±  0.153 %    44.435 ±  0.123 %

====== Perplexity statistics ======
Mean PPL(Q)                   :  25.827292 ±   0.309577
Mean PPL(base)                :  22.468784 ±   0.276246
Cor(ln(PPL(Q)), ln(PPL(base))):  94.23%
Mean ln(PPL(Q)/PPL(base))     :   0.139305 ±   0.004136
Mean PPL(Q)/PPL(base)         :   1.149474 ±   0.004755
Mean PPL(Q)-PPL(base)         :   3.358508 ±   0.104806

====== KL divergence statistics ======
Mean    KLD:   0.380831 ±   0.001984
Maximum KLD:  13.113329
99.9%   KLD:   5.283111
99.0%   KLD:   2.799795
95.0%   KLD:   1.357135
90.0%   KLD:   0.906457
Median  KLD:   0.211863
10.0%   KLD:   0.004366
 5.0%   KLD:   0.000852
 1.0%   KLD:   0.000072
 0.1%   KLD:   0.000005
Minimum KLD:  -0.000050

====== Token probability statistics ======
Mean    Δp: -4.216 ± 0.057 %
Maximum Δp: 98.693%
99.9%   Δp: 72.745%
99.0%   Δp: 37.029%
95.0%   Δp: 13.390%
90.0%   Δp:  4.974%
75.0%   Δp:  0.136%
Median  Δp: -0.094%
25.0%   Δp: -4.764%
10.0%   Δp: -21.615%
 5.0%   Δp: -36.839%
 1.0%   Δp: -69.016%
 0.1%   Δp: -93.666%
Minimum Δp: -99.887%
RMS Δp    : 16.901 ± 0.094 %
Same top p: 74.154 ± 0.153 %
Same sampled p: 44.435 ± 0.123 %

------------------------------
# llama-perplexity: version: 0.4.4-dev (build 11430, commit 9d76dc1da-dirty) | built with GNU 15.3.0 for Linux x86_64
# model: /home/crusaderky/.cache/huggingface/hub/models--bloomer010--Ling-3.0-tiny-GGUF/snapshots/56a85ebe2d6d9d2ad6ad00a5014b13667153e236/Ling-3.0-tiny-Q3_K_S.gguf size=3511515200 mtime=2026-08-22T15:56:29+00:00 sha256/1048576B=75fdfc6eff4f5ae2fde9e53f7edc5bed48a62c7dfb2bdb8acebcf7ce2138227b
llama-perplexity --kl-divergence-base /tmp/logits.dat --ctx-size 32768 -f sample-data/wiki.test.head-2.4k.raw -fa on --hf-repo bloomer010/Ling-3.0-tiny-GGUF:Q3_K_S --cache-type-k q5_1 --cache-type-v q5_1 --kl-divergence
0.00.958.235 W load: special_eos_id is not in special_eog_ids - the tokenizer config may be incorrect
0.01.752.482 I cmn          init: llama threadpool init, n_threads = 16
0.01.815.614 I 
0.01.815.690 I system_info: n_threads = 16 (n_threads_batch = 16) / 32 | CUDA : ARCHS = 750,800,860,890,900,1000,1030,1200,1210 | USE_GRAPHS = 1 | FA_ALL_QUANTS = 1 | CPU : SSE3 = 1 | SSSE3 = 1 | AVX = 1 | AVX2 = 1 | F16C = 1 | FMA = 1 | BMI2 = 1 | LLAMAFILE = 1 | OPENMP = 1 | REPACK = 1 | 
0.01.904.054 I kl_divergence: computing over 5 chunks, n_ctx=32768, batch_size=512, n_seq=1
0.10.323.774 I kl_divergence: 8.42 seconds per pass - ETA 0.70 minutes

chunk             PPL               ln(PPL(Q)/PPL(base))          KL Divergence              Δp RMS            Same top p        Same sampled p
   1      25.1687 ±    0.6605       0.07409 ±    0.00876       0.33548 ±    0.00378    15.991 ±  0.203 %    75.475 ±  0.336 %    44.429 ±  0.273 %
   2      26.6221 ±    0.5026       0.10081 ±    0.00627       0.35137 ±    0.00285    16.274 ±  0.147 %    74.947 ±  0.239 %    43.798 ±  0.194 %
   3      28.5693 ±    0.4447       0.13672 ±    0.00528       0.37283 ±    0.00247    16.613 ±  0.122 %    73.916 ±  0.198 %    43.290 ±  0.158 %
   4      26.2790 ±    0.3515       0.15870 ±    0.00460       0.38078 ±    0.00220    17.017 ±  0.106 %    74.095 ±  0.171 %    43.994 ±  0.138 %
   5      25.9245 ±    0.3109       0.14306 ±    0.00415       0.38270 ±    0.00199    16.974 ±  0.094 %    74.160 ±  0.153 %    44.398 ±  0.123 %

====== Perplexity statistics ======
Mean PPL(Q)                   :  25.924451 ±   0.310876
Mean PPL(base)                :  22.468784 ±   0.276246
Cor(ln(PPL(Q)), ln(PPL(base))):  94.20%
Mean ln(PPL(Q)/PPL(base))     :   0.143060 ±   0.004146
Mean PPL(Q)/PPL(base)         :   1.153799 ±   0.004784
Mean PPL(Q)-PPL(base)         :   3.455667 ±   0.105636

====== KL divergence statistics ======
Mean    KLD:   0.382699 ±   0.001993
Maximum KLD:  11.646626
99.9%   KLD:   5.316815
99.0%   KLD:   2.815602
95.0%   KLD:   1.365547
90.0%   KLD:   0.916817
Median  KLD:   0.212836
10.0%   KLD:   0.004465
 5.0%   KLD:   0.000854
 1.0%   KLD:   0.000073
 0.1%   KLD:   0.000006
Minimum KLD:  -0.000062

====== Token probability statistics ======
Mean    Δp: -4.265 ± 0.057 %
Maximum Δp: 98.403%
99.9%   Δp: 73.101%
99.0%   Δp: 37.077%
95.0%   Δp: 13.221%
90.0%   Δp:  5.001%
75.0%   Δp:  0.130%
Median  Δp: -0.100%
25.0%   Δp: -4.777%
10.0%   Δp: -21.731%
 5.0%   Δp: -37.204%
 1.0%   Δp: -69.534%
 0.1%   Δp: -92.820%
Minimum Δp: -99.889%
RMS Δp    : 16.974 ± 0.094 %
Same top p: 74.160 ± 0.153 %
Same sampled p: 44.398 ± 0.123 %

------------------------------
# llama-perplexity: version: 0.4.4-dev (build 11430, commit 9d76dc1da-dirty) | built with GNU 15.3.0 for Linux x86_64
# model: /home/crusaderky/.cache/huggingface/hub/models--bloomer010--Ling-3.0-tiny-GGUF/snapshots/56a85ebe2d6d9d2ad6ad00a5014b13667153e236/Ling-3.0-tiny-Q3_K_S.gguf size=3511515200 mtime=2026-08-22T15:56:29+00:00 sha256/1048576B=75fdfc6eff4f5ae2fde9e53f7edc5bed48a62c7dfb2bdb8acebcf7ce2138227b
llama-perplexity --kl-divergence-base /tmp/logits.dat --ctx-size 32768 -f sample-data/wiki.test.head-2.4k.raw -fa on --hf-repo bloomer010/Ling-3.0-tiny-GGUF:Q3_K_S --cache-type-k q5_0 --cache-type-v q5_0 --kl-divergence
0.00.957.464 W load: special_eos_id is not in special_eog_ids - the tokenizer config may be incorrect
0.01.766.464 I cmn          init: llama threadpool init, n_threads = 16
0.01.832.116 I 
0.01.832.185 I system_info: n_threads = 16 (n_threads_batch = 16) / 32 | CUDA : ARCHS = 750,800,860,890,900,1000,1030,1200,1210 | USE_GRAPHS = 1 | FA_ALL_QUANTS = 1 | CPU : SSE3 = 1 | SSSE3 = 1 | AVX = 1 | AVX2 = 1 | F16C = 1 | FMA = 1 | BMI2 = 1 | LLAMAFILE = 1 | OPENMP = 1 | REPACK = 1 | 
0.01.925.229 I kl_divergence: computing over 5 chunks, n_ctx=32768, batch_size=512, n_seq=1
0.10.372.007 I kl_divergence: 8.45 seconds per pass - ETA 0.70 minutes

chunk             PPL               ln(PPL(Q)/PPL(base))          KL Divergence              Δp RMS            Same top p        Same sampled p
   1      25.1492 ±    0.6601       0.07331 ±    0.00875       0.33425 ±    0.00379    16.008 ±  0.202 %    75.401 ±  0.336 %    44.474 ±  0.273 %
   2      26.5106 ±    0.5000       0.09661 ±    0.00627       0.34983 ±    0.00284    16.264 ±  0.147 %    74.825 ±  0.240 %    43.803 ±  0.194 %
   3      28.4697 ±    0.4428       0.13323 ±    0.00528       0.37214 ±    0.00247    16.601 ±  0.122 %    73.849 ±  0.198 %    43.293 ±  0.158 %
   4      26.2118 ±    0.3505       0.15614 ±    0.00461       0.38018 ±    0.00220    17.004 ±  0.106 %    74.052 ±  0.171 %    43.998 ±  0.138 %
   5      25.8548 ±    0.3100       0.14037 ±    0.00415       0.38175 ±    0.00199    16.940 ±  0.094 %    74.137 ±  0.153 %    44.427 ±  0.123 %

====== Perplexity statistics ======
Mean PPL(Q)                   :  25.854842 ±   0.309990
Mean PPL(base)                :  22.468784 ±   0.276246
Cor(ln(PPL(Q)), ln(PPL(base))):  94.20%
Mean ln(PPL(Q)/PPL(base))     :   0.140371 ±   0.004148
Mean PPL(Q)/PPL(base)         :   1.150701 ±   0.004773
Mean PPL(Q)-PPL(base)         :   3.386057 ±   0.105252

====== KL divergence statistics ======
Mean    KLD:   0.381746 ±   0.001990
Maximum KLD:  12.446371
99.9%   KLD:   5.293783
99.0%   KLD:   2.818824
95.0%   KLD:   1.367125
90.0%   KLD:   0.909323
Median  KLD:   0.211533
10.0%   KLD:   0.004359
 5.0%   KLD:   0.000847
 1.0%   KLD:   0.000075
 0.1%   KLD:   0.000005
Minimum KLD:  -0.000085

====== Token probability statistics ======
Mean    Δp: -4.230 ± 0.057 %
Maximum Δp: 98.656%
99.9%   Δp: 72.770%
99.0%   Δp: 37.470%
95.0%   Δp: 13.319%
90.0%   Δp:  5.020%
75.0%   Δp:  0.134%
Median  Δp: -0.094%
25.0%   Δp: -4.778%
10.0%   Δp: -21.685%
 5.0%   Δp: -36.971%
 1.0%   Δp: -69.277%
 0.1%   Δp: -93.623%
Minimum Δp: -99.887%
RMS Δp    : 16.940 ± 0.094 %
Same top p: 74.137 ± 0.153 %
Same sampled p: 44.427 ± 0.123 %

------------------------------
# llama-perplexity: version: 0.4.4-dev (build 11430, commit 9d76dc1da-dirty) | built with GNU 15.3.0 for Linux x86_64
# model: /home/crusaderky/.cache/huggingface/hub/models--bloomer010--Ling-3.0-tiny-GGUF/snapshots/56a85ebe2d6d9d2ad6ad00a5014b13667153e236/Ling-3.0-tiny-Q3_K_S.gguf size=3511515200 mtime=2026-08-22T15:56:29+00:00 sha256/1048576B=75fdfc6eff4f5ae2fde9e53f7edc5bed48a62c7dfb2bdb8acebcf7ce2138227b
llama-perplexity --kl-divergence-base /tmp/logits.dat --ctx-size 32768 -f sample-data/wiki.test.head-2.4k.raw -fa on --hf-repo bloomer010/Ling-3.0-tiny-GGUF:Q3_K_S --cache-type-k q4_1 --cache-type-v q4_1 --kl-divergence
0.00.917.257 W load: special_eos_id is not in special_eog_ids - the tokenizer config may be incorrect
0.01.720.213 I cmn          init: llama threadpool init, n_threads = 16
0.01.785.103 I 
0.01.785.166 I system_info: n_threads = 16 (n_threads_batch = 16) / 32 | CUDA : ARCHS = 750,800,860,890,900,1000,1030,1200,1210 | USE_GRAPHS = 1 | FA_ALL_QUANTS = 1 | CPU : SSE3 = 1 | SSSE3 = 1 | AVX = 1 | AVX2 = 1 | F16C = 1 | FMA = 1 | BMI2 = 1 | LLAMAFILE = 1 | OPENMP = 1 | REPACK = 1 | 
0.01.875.621 I kl_divergence: computing over 5 chunks, n_ctx=32768, batch_size=512, n_seq=1
0.10.331.623 I kl_divergence: 8.46 seconds per pass - ETA 0.70 minutes

chunk             PPL               ln(PPL(Q)/PPL(base))          KL Divergence              Δp RMS            Same top p        Same sampled p
   1      25.6197 ±    0.6747       0.09185 ±    0.00886       0.34172 ±    0.00386    16.201 ±  0.203 %    75.401 ±  0.336 %    44.351 ±  0.273 %
   2      26.7998 ±    0.5070       0.10746 ±    0.00632       0.35492 ±    0.00289    16.315 ±  0.147 %    74.800 ±  0.240 %    43.794 ±  0.194 %
   3      28.6604 ±    0.4463       0.13991 ±    0.00531       0.37647 ±    0.00249    16.645 ±  0.122 %    73.892 ±  0.198 %    43.257 ±  0.158 %
   4      26.3764 ±    0.3531       0.16241 ±    0.00464       0.38505 ±    0.00222    17.109 ±  0.106 %    74.007 ±  0.171 %    43.933 ±  0.138 %
   5      25.9864 ±    0.3117       0.14545 ±    0.00418       0.38739 ±    0.00202    17.080 ±  0.095 %    74.046 ±  0.153 %    44.326 ±  0.123 %

====== Perplexity statistics ======
Mean PPL(Q)                   :  25.986384 ±   0.311678
Mean PPL(base)                :  22.468784 ±   0.276246
Cor(ln(PPL(Q)), ln(PPL(base))):  94.11%
Mean ln(PPL(Q)/PPL(base))     :   0.145446 ±   0.004178
Mean PPL(Q)/PPL(base)         :   1.156555 ±   0.004833
Mean PPL(Q)-PPL(base)         :   3.517600 ±   0.106756

====== KL divergence statistics ======
Mean    KLD:   0.387388 ±   0.002019
Maximum KLD:  12.865729
99.9%   KLD:   5.285919
99.0%   KLD:   2.853127
95.0%   KLD:   1.385181
90.0%   KLD:   0.926561
Median  KLD:   0.214766
10.0%   KLD:   0.004565
 5.0%   KLD:   0.000886
 1.0%   KLD:   0.000077
 0.1%   KLD:   0.000006
Minimum KLD:  -0.000074

====== Token probability statistics ======
Mean    Δp: -4.300 ± 0.058 %
Maximum Δp: 98.435%
99.9%   Δp: 72.854%
99.0%   Δp: 37.617%
95.0%   Δp: 13.284%
90.0%   Δp:  4.980%
75.0%   Δp:  0.129%
Median  Δp: -0.100%
25.0%   Δp: -4.866%
10.0%   Δp: -21.953%
 5.0%   Δp: -37.290%
 1.0%   Δp: -69.895%
 0.1%   Δp: -93.410%
Minimum Δp: -99.887%
RMS Δp    : 17.080 ± 0.095 %
Same top p: 74.046 ± 0.153 %
Same sampled p: 44.326 ± 0.123 %

------------------------------
# llama-perplexity: version: 0.4.4-dev (build 11430, commit 9d76dc1da-dirty) | built with GNU 15.3.0 for Linux x86_64
# model: /home/crusaderky/.cache/huggingface/hub/models--bloomer010--Ling-3.0-tiny-GGUF/snapshots/56a85ebe2d6d9d2ad6ad00a5014b13667153e236/Ling-3.0-tiny-Q3_K_S.gguf size=3511515200 mtime=2026-08-22T15:56:29+00:00 sha256/1048576B=75fdfc6eff4f5ae2fde9e53f7edc5bed48a62c7dfb2bdb8acebcf7ce2138227b
llama-perplexity --kl-divergence-base /tmp/logits.dat --ctx-size 32768 -f sample-data/wiki.test.head-2.4k.raw -fa on --hf-repo bloomer010/Ling-3.0-tiny-GGUF:Q3_K_S --cache-type-k q4_0 --cache-type-v q4_0 --kl-divergence
0.00.929.004 W load: special_eos_id is not in special_eog_ids - the tokenizer config may be incorrect
0.01.740.838 I cmn          init: llama threadpool init, n_threads = 16
0.01.806.322 I 
0.01.806.393 I system_info: n_threads = 16 (n_threads_batch = 16) / 32 | CUDA : ARCHS = 750,800,860,890,900,1000,1030,1200,1210 | USE_GRAPHS = 1 | FA_ALL_QUANTS = 1 | CPU : SSE3 = 1 | SSSE3 = 1 | AVX = 1 | AVX2 = 1 | F16C = 1 | FMA = 1 | BMI2 = 1 | LLAMAFILE = 1 | OPENMP = 1 | REPACK = 1 | 
0.01.896.594 I kl_divergence: computing over 5 chunks, n_ctx=32768, batch_size=512, n_seq=1
0.10.344.931 I kl_divergence: 8.45 seconds per pass - ETA 0.70 minutes

chunk             PPL               ln(PPL(Q)/PPL(base))          KL Divergence              Δp RMS            Same top p        Same sampled p
   1      25.4661 ±    0.6694       0.08583 ±    0.00889       0.34411 ±    0.00388    16.284 ±  0.204 %    75.267 ±  0.337 %    44.272 ±  0.272 %
   2      26.6995 ±    0.5038       0.10371 ±    0.00634       0.35661 ±    0.00290    16.466 ±  0.148 %    74.730 ±  0.240 %    43.679 ±  0.194 %
   3      28.6214 ±    0.4449       0.13855 ±    0.00534       0.37906 ±    0.00251    16.804 ±  0.123 %    73.668 ±  0.199 %    43.110 ±  0.158 %
   4      26.3973 ±    0.3528       0.16320 ±    0.00466       0.38897 ±    0.00225    17.261 ±  0.107 %    73.827 ±  0.172 %    43.787 ±  0.138 %
   5      25.9137 ±    0.3103       0.14264 ±    0.00419       0.38990 ±    0.00203    17.168 ±  0.095 %    73.916 ±  0.153 %    44.230 ±  0.123 %

====== Perplexity statistics ======
Mean PPL(Q)                   :  25.913703 ±   0.310270
Mean PPL(base)                :  22.468784 ±   0.276246
Cor(ln(PPL(Q)), ln(PPL(base))):  94.07%
Mean ln(PPL(Q)/PPL(base))     :   0.142645 ±   0.004192
Mean PPL(Q)/PPL(base)         :   1.153320 ±   0.004834
Mean PPL(Q)-PPL(base)         :   3.444919 ±   0.106434

====== KL divergence statistics ======
Mean    KLD:   0.389896 ±   0.002035
Maximum KLD:  13.591279
99.9%   KLD:   5.310067
99.0%   KLD:   2.874487
95.0%   KLD:   1.393941
90.0%   KLD:   0.931479
Median  KLD:   0.216435
10.0%   KLD:   0.004705
 5.0%   KLD:   0.000908
 1.0%   KLD:   0.000082
 0.1%   KLD:   0.000006
Minimum KLD:  -0.000064

====== Token probability statistics ======
Mean    Δp: -4.342 ± 0.058 %
Maximum Δp: 98.602%
99.9%   Δp: 73.027%
99.0%   Δp: 37.433%
95.0%   Δp: 13.335%
90.0%   Δp:  5.030%
75.0%   Δp:  0.125%
Median  Δp: -0.103%
25.0%   Δp: -4.938%
10.0%   Δp: -22.042%
 5.0%   Δp: -37.587%
 1.0%   Δp: -70.537%
 0.1%   Δp: -93.477%
Minimum Δp: -99.960%
RMS Δp    : 17.168 ± 0.095 %
Same top p: 73.916 ± 0.153 %
Same sampled p: 44.230 ± 0.123 %

------------------------------
# llama-perplexity: version: 0.4.4-dev (build 11430, commit 9d76dc1da-dirty) | built with GNU 15.3.0 for Linux x86_64
# model: /home/crusaderky/.cache/huggingface/hub/models--bloomer010--Ling-3.0-tiny-GGUF/snapshots/56a85ebe2d6d9d2ad6ad00a5014b13667153e236/Ling-3.0-tiny-Q3_K_S.gguf size=3511515200 mtime=2026-08-22T15:56:29+00:00 sha256/1048576B=75fdfc6eff4f5ae2fde9e53f7edc5bed48a62c7dfb2bdb8acebcf7ce2138227b
llama-perplexity --kl-divergence-base /tmp/logits.dat --ctx-size 32768 -f sample-data/wiki.test.head-2.4k.raw -fa on --hf-repo bloomer010/Ling-3.0-tiny-GGUF:Q3_K_S --cache-type-k q3_1 --cache-type-v q3_1 --kl-divergence
0.00.929.430 W load: special_eos_id is not in special_eog_ids - the tokenizer config may be incorrect
0.01.737.811 I cmn          init: llama threadpool init, n_threads = 16
0.01.803.185 I 
0.01.803.254 I system_info: n_threads = 16 (n_threads_batch = 16) / 32 | CUDA : ARCHS = 750,800,860,890,900,1000,1030,1200,1210 | USE_GRAPHS = 1 | FA_ALL_QUANTS = 1 | CPU : SSE3 = 1 | SSSE3 = 1 | AVX = 1 | AVX2 = 1 | F16C = 1 | FMA = 1 | BMI2 = 1 | LLAMAFILE = 1 | OPENMP = 1 | REPACK = 1 | 
0.01.894.437 I kl_divergence: computing over 5 chunks, n_ctx=32768, batch_size=512, n_seq=1
0.10.333.900 I kl_divergence: 8.44 seconds per pass - ETA 0.70 minutes

chunk             PPL               ln(PPL(Q)/PPL(base))          KL Divergence              Δp RMS            Same top p        Same sampled p
   1      26.2784 ±    0.6914       0.11723 ±    0.00916       0.36843 ±    0.00415    17.002 ±  0.211 %    74.388 ±  0.341 %    43.636 ±  0.272 %
   2      27.7858 ±    0.5252       0.14359 ±    0.00659       0.38805 ±    0.00314    17.305 ±  0.153 %    73.738 ±  0.243 %    42.974 ±  0.194 %
   3      29.6202 ±    0.4617       0.17285 ±    0.00552       0.40773 ±    0.00268    17.547 ±  0.126 %    72.899 ±  0.200 %    42.563 ±  0.158 %
   4      27.0785 ±    0.3624       0.18867 ±    0.00481       0.41508 ±    0.00239    17.953 ±  0.109 %    73.123 ±  0.173 %    43.270 ±  0.138 %
   5      26.6021 ±    0.3185       0.16886 ±    0.00433       0.41730 ±    0.00216    17.912 ±  0.098 %    73.191 ±  0.155 %    43.622 ±  0.123 %

====== Perplexity statistics ======
Mean PPL(Q)                   :  26.602054 ±   0.318544
Mean PPL(base)                :  22.468784 ±   0.276246
Cor(ln(PPL(Q)), ln(PPL(base))):  93.68%
Mean ln(PPL(Q)/PPL(base))     :   0.168861 ±   0.004325
Mean PPL(Q)/PPL(base)         :   1.183956 ±   0.005121
Mean PPL(Q)-PPL(base)         :   4.133270 ±   0.113622

====== KL divergence statistics ======
Mean    KLD:   0.417296 ±   0.002158
Maximum KLD:  13.399776
99.9%   KLD:   5.639770
99.0%   KLD:   3.065103
95.0%   KLD:   1.497834
90.0%   KLD:   1.001909
Median  KLD:   0.231769
10.0%   KLD:   0.005361
 5.0%   KLD:   0.001049
 1.0%   KLD:   0.000091
 0.1%   KLD:   0.000007
Minimum KLD:  -0.000078

====== Token probability statistics ======
Mean    Δp: -4.829 ± 0.060 %
Maximum Δp: 98.513%
99.9%   Δp: 74.229%
99.0%   Δp: 37.476%
95.0%   Δp: 13.133%
90.0%   Δp:  4.800%
75.0%   Δp:  0.107%
Median  Δp: -0.130%
25.0%   Δp: -5.468%
10.0%   Δp: -23.669%
 5.0%   Δp: -39.996%
 1.0%   Δp: -73.318%
 0.1%   Δp: -94.735%
Minimum Δp: -99.931%
RMS Δp    : 17.912 ± 0.098 %
Same top p: 73.191 ± 0.155 %
Same sampled p: 43.622 ± 0.123 %

------------------------------
# llama-perplexity: version: 0.4.4-dev (build 11430, commit 9d76dc1da-dirty) | built with GNU 15.3.0 for Linux x86_64
# model: /home/crusaderky/.cache/huggingface/hub/models--bloomer010--Ling-3.0-tiny-GGUF/snapshots/56a85ebe2d6d9d2ad6ad00a5014b13667153e236/Ling-3.0-tiny-Q3_K_S.gguf size=3511515200 mtime=2026-08-22T15:56:29+00:00 sha256/1048576B=75fdfc6eff4f5ae2fde9e53f7edc5bed48a62c7dfb2bdb8acebcf7ce2138227b
llama-perplexity --kl-divergence-base /tmp/logits.dat --ctx-size 32768 -f sample-data/wiki.test.head-2.4k.raw -fa on --hf-repo bloomer010/Ling-3.0-tiny-GGUF:Q3_K_S --cache-type-k q3_0 --cache-type-v q3_0 --kl-divergence
0.00.933.221 W load: special_eos_id is not in special_eog_ids - the tokenizer config may be incorrect
0.01.742.159 I cmn          init: llama threadpool init, n_threads = 16
0.01.807.223 I 
0.01.807.302 I system_info: n_threads = 16 (n_threads_batch = 16) / 32 | CUDA : ARCHS = 750,800,860,890,900,1000,1030,1200,1210 | USE_GRAPHS = 1 | FA_ALL_QUANTS = 1 | CPU : SSE3 = 1 | SSSE3 = 1 | AVX = 1 | AVX2 = 1 | F16C = 1 | FMA = 1 | BMI2 = 1 | LLAMAFILE = 1 | OPENMP = 1 | REPACK = 1 | 
0.01.899.587 I kl_divergence: computing over 5 chunks, n_ctx=32768, batch_size=512, n_seq=1
0.10.344.840 I kl_divergence: 8.45 seconds per pass - ETA 0.70 minutes

chunk             PPL               ln(PPL(Q)/PPL(base))          KL Divergence              Δp RMS            Same top p        Same sampled p
   1      26.3737 ±    0.6951       0.12086 ±    0.00923       0.37308 ±    0.00420    17.081 ±  0.209 %    74.278 ±  0.342 %    43.637 ±  0.272 %
   2      27.5121 ±    0.5199       0.13369 ±    0.00655       0.38593 ±    0.00311    17.172 ±  0.150 %    73.823 ±  0.243 %    43.082 ±  0.194 %
   3      29.5803 ±    0.4615       0.17150 ±    0.00553       0.40991 ±    0.00271    17.516 ±  0.125 %    72.821 ±  0.201 %    42.587 ±  0.158 %
   4      27.2324 ±    0.3651       0.19434 ±    0.00481       0.41816 ±    0.00240    17.971 ±  0.108 %    72.952 ±  0.174 %    43.272 ±  0.138 %
   5      26.8085 ±    0.3220       0.17659 ±    0.00433       0.41945 ±    0.00216    17.908 ±  0.097 %    73.055 ±  0.155 %    43.647 ±  0.123 %

====== Perplexity statistics ======
Mean PPL(Q)                   :  26.808537 ±   0.321967
Mean PPL(base)                :  22.468784 ±   0.276246
Cor(ln(PPL(Q)), ln(PPL(base))):  93.67%
Mean ln(PPL(Q)/PPL(base))     :   0.176593 ±   0.004335
Mean PPL(Q)/PPL(base)         :   1.193146 ±   0.005172
Mean PPL(Q)-PPL(base)         :   4.339753 ±   0.115580

====== KL divergence statistics ======
Mean    KLD:   0.419446 ±   0.002162
Maximum KLD:  12.665692
99.9%   KLD:   5.662859
99.0%   KLD:   3.057878
95.0%   KLD:   1.507224
90.0%   KLD:   1.007502
Median  KLD:   0.232106
10.0%   KLD:   0.005494
 5.0%   KLD:   0.001094
 1.0%   KLD:   0.000097
 0.1%   KLD:   0.000008
Minimum KLD:  -0.000069

====== Token probability statistics ======
Mean    Δp: -4.833 ± 0.060 %
Maximum Δp: 98.194%
99.9%   Δp: 73.504%
99.0%   Δp: 37.560%
95.0%   Δp: 13.215%
90.0%   Δp:  4.905%
75.0%   Δp:  0.103%
Median  Δp: -0.133%
25.0%   Δp: -5.543%
10.0%   Δp: -23.873%
 5.0%   Δp: -40.228%
 1.0%   Δp: -72.906%
 0.1%   Δp: -94.594%
Minimum Δp: -99.887%
RMS Δp    : 17.908 ± 0.097 %
Same top p: 73.055 ± 0.155 %
Same sampled p: 43.647 ± 0.123 %

------------------------------
# llama-perplexity: version: 0.4.4-dev (build 11430, commit 9d76dc1da-dirty) | built with GNU 15.3.0 for Linux x86_64
# model: /home/crusaderky/.cache/huggingface/hub/models--bloomer010--Ling-3.0-tiny-GGUF/snapshots/56a85ebe2d6d9d2ad6ad00a5014b13667153e236/Ling-3.0-tiny-IQ3_S.gguf <unreadable: No such file or directory>
llama-perplexity --kl-divergence-base /tmp/logits.dat --ctx-size 32768 -f sample-data/wiki.test.head-2.4k.raw -fa on --hf-repo bloomer010/Ling-3.0-tiny-GGUF:IQ3_S --cache-type-k f16 --cache-type-v f16 --kl-divergence
8.19.626.977 W load: special_eos_id is not in special_eog_ids - the tokenizer config may be incorrect
8.20.432.307 I cmn          init: llama threadpool init, n_threads = 16
8.20.491.836 I 
8.20.491.903 I system_info: n_threads = 16 (n_threads_batch = 16) / 32 | CUDA : ARCHS = 750,800,860,890,900,1000,1030,1200,1210 | USE_GRAPHS = 1 | FA_ALL_QUANTS = 1 | CPU : SSE3 = 1 | SSSE3 = 1 | AVX = 1 | AVX2 = 1 | F16C = 1 | FMA = 1 | BMI2 = 1 | LLAMAFILE = 1 | OPENMP = 1 | REPACK = 1 | 
8.20.582.288 I kl_divergence: computing over 5 chunks, n_ctx=32768, batch_size=512, n_seq=1
8.30.059.083 I kl_divergence: 9.48 seconds per pass - ETA 0.78 minutes

chunk             PPL               ln(PPL(Q)/PPL(base))          KL Divergence              Δp RMS            Same top p        Same sampled p
   1      25.2107 ±    0.6771       0.07576 ±    0.00820       0.27759 ±    0.00377    14.478 ±  0.205 %    77.245 ±  0.328 %    47.101 ±  0.274 %
   2      27.6273 ±    0.5376       0.13787 ±    0.00589       0.29081 ±    0.00276    14.900 ±  0.146 %    76.625 ±  0.234 %    46.189 ±  0.195 %
   3      28.6784 ±    0.4593       0.14054 ±    0.00487       0.29871 ±    0.00228    14.956 ±  0.120 %    75.967 ±  0.193 %    46.022 ±  0.159 %
   4      25.7578 ±    0.3535       0.13867 ±    0.00420       0.29986 ±    0.00201    15.217 ±  0.105 %    76.346 ±  0.166 %    46.927 ±  0.138 %
   5      26.0976 ±    0.3213       0.14972 ±    0.00382       0.30828 ±    0.00184    15.527 ±  0.094 %    76.251 ±  0.149 %    47.010 ±  0.123 %

====== Perplexity statistics ======
Mean PPL(Q)                   :  26.097642 ±   0.321324
Mean PPL(base)                :  22.468784 ±   0.276246
Cor(ln(PPL(Q)), ln(PPL(base))):  95.19%
Mean ln(PPL(Q)/PPL(base))     :   0.149718 ±   0.003817
Mean PPL(Q)/PPL(base)         :   1.161507 ±   0.004434
Mean PPL(Q)-PPL(base)         :   3.628858 ±   0.102842

====== KL divergence statistics ======
Mean    KLD:   0.308277 ±   0.001835
Maximum KLD:  14.030120
99.9%   KLD:   5.701207
99.0%   KLD:   2.466867
95.0%   KLD:   1.128263
90.0%   KLD:   0.731513
Median  KLD:   0.155921
10.0%   KLD:   0.002116
 5.0%   KLD:   0.000397
 1.0%   KLD:   0.000041
 0.1%   KLD:   0.000003
Minimum KLD:  -0.000065

====== Token probability statistics ======
Mean    Δp: -2.907 ± 0.053 %
Maximum Δp: 99.114%
99.9%   Δp: 74.162%
99.0%   Δp: 39.051%
95.0%   Δp: 14.332%
90.0%   Δp:  5.517%
75.0%   Δp:  0.180%
Median  Δp: -0.040%
25.0%   Δp: -3.065%
10.0%   Δp: -17.037%
 5.0%   Δp: -30.760%
 1.0%   Δp: -63.901%
 0.1%   Δp: -94.505%
Minimum Δp: -99.997%
RMS Δp    : 15.527 ± 0.094 %
Same top p: 76.251 ± 0.149 %
Same sampled p: 47.010 ± 0.123 %

# llama-perplexity: version: 0.4.4-dev (build 11430, commit 9d76dc1da-dirty) | built with GNU 15.3.0 for Linux x86_64
# model: /home/crusaderky/.cache/huggingface/hub/models--bloomer010--Ling-3.0-tiny-GGUF/snapshots/56a85ebe2d6d9d2ad6ad00a5014b13667153e236/Ling-3.0-tiny-IQ3_S.gguf size=3511515488 mtime=2026-08-22T16:11:20+00:00 sha256/1048576B=cba1e21bb2847960edb7a96a14e4a569616b10df05b4c0b763c6fc373a5b1abb
------------------------------
# llama-perplexity: version: 0.4.4-dev (build 11430, commit 9d76dc1da-dirty) | built with GNU 15.3.0 for Linux x86_64
# model: /home/crusaderky/.cache/huggingface/hub/models--bloomer010--Ling-3.0-tiny-GGUF/snapshots/56a85ebe2d6d9d2ad6ad00a5014b13667153e236/Ling-3.0-tiny-IQ3_S.gguf size=3511515488 mtime=2026-08-22T16:11:20+00:00 sha256/1048576B=cba1e21bb2847960edb7a96a14e4a569616b10df05b4c0b763c6fc373a5b1abb
llama-perplexity --kl-divergence-base /tmp/logits.dat --ctx-size 32768 -f sample-data/wiki.test.head-2.4k.raw -fa on --hf-repo bloomer010/Ling-3.0-tiny-GGUF:IQ3_S --cache-type-k q8_0 --cache-type-v q8_0 --kl-divergence
0.01.054.732 W load: special_eos_id is not in special_eog_ids - the tokenizer config may be incorrect
0.01.843.042 I cmn          init: llama threadpool init, n_threads = 16
0.01.905.069 I 
0.01.905.147 I system_info: n_threads = 16 (n_threads_batch = 16) / 32 | CUDA : ARCHS = 750,800,860,890,900,1000,1030,1200,1210 | USE_GRAPHS = 1 | FA_ALL_QUANTS = 1 | CPU : SSE3 = 1 | SSSE3 = 1 | AVX = 1 | AVX2 = 1 | F16C = 1 | FMA = 1 | BMI2 = 1 | LLAMAFILE = 1 | OPENMP = 1 | REPACK = 1 | 
0.01.990.506 I kl_divergence: computing over 5 chunks, n_ctx=32768, batch_size=512, n_seq=1
0.10.081.783 I kl_divergence: 8.09 seconds per pass - ETA 0.67 minutes

chunk             PPL               ln(PPL(Q)/PPL(base))          KL Divergence              Δp RMS            Same top p        Same sampled p
   1      25.3210 ±    0.6812       0.08012 ±    0.00819       0.27779 ±    0.00376    14.476 ±  0.205 %    77.348 ±  0.327 %    47.169 ±  0.274 %
   2      27.6724 ±    0.5390       0.13950 ±    0.00588       0.29068 ±    0.00276    14.882 ±  0.146 %    76.711 ±  0.234 %    46.229 ±  0.195 %
   3      28.6882 ±    0.4597       0.14088 ±    0.00487       0.29870 ±    0.00228    14.943 ±  0.120 %    75.989 ±  0.193 %    46.045 ±  0.159 %
   4      25.7772 ±    0.3539       0.13942 ±    0.00420       0.30005 ±    0.00201    15.205 ±  0.104 %    76.392 ±  0.166 %    46.935 ±  0.138 %
   5      26.1169 ±    0.3216       0.15046 ±    0.00382       0.30852 ±    0.00184    15.520 ±  0.094 %    76.263 ±  0.149 %    47.011 ±  0.123 %

====== Perplexity statistics ======
Mean PPL(Q)                   :  26.116895 ±   0.321636
Mean PPL(base)                :  22.468784 ±   0.276246
Cor(ln(PPL(Q)), ln(PPL(base))):  95.19%
Mean ln(PPL(Q)/PPL(base))     :   0.150455 ±   0.003816
Mean PPL(Q)/PPL(base)         :   1.162364 ±   0.004435
Mean PPL(Q)-PPL(base)         :   3.648111 ±   0.102977

====== KL divergence statistics ======
Mean    KLD:   0.308520 ±   0.001839
Maximum KLD:  14.371085
99.9%   KLD:   5.693408
99.0%   KLD:   2.447075
95.0%   KLD:   1.130820
90.0%   KLD:   0.732798
Median  KLD:   0.156049
10.0%   KLD:   0.002130
 5.0%   KLD:   0.000396
 1.0%   KLD:   0.000042
 0.1%   KLD:   0.000003
Minimum KLD:  -0.000056

====== Token probability statistics ======
Mean    Δp: -2.911 ± 0.053 %
Maximum Δp: 99.060%
99.9%   Δp: 73.783%
99.0%   Δp: 39.050%
95.0%   Δp: 14.283%
90.0%   Δp:  5.563%
75.0%   Δp:  0.174%
Median  Δp: -0.041%
25.0%   Δp: -3.076%
10.0%   Δp: -16.943%
 5.0%   Δp: -30.894%
 1.0%   Δp: -63.751%
 0.1%   Δp: -94.474%
Minimum Δp: -99.998%
RMS Δp    : 15.520 ± 0.094 %
Same top p: 76.263 ± 0.149 %
Same sampled p: 47.011 ± 0.123 %

------------------------------
# llama-perplexity: version: 0.4.4-dev (build 11430, commit 9d76dc1da-dirty) | built with GNU 15.3.0 for Linux x86_64
# model: /home/crusaderky/.cache/huggingface/hub/models--bloomer010--Ling-3.0-tiny-GGUF/snapshots/56a85ebe2d6d9d2ad6ad00a5014b13667153e236/Ling-3.0-tiny-IQ3_S.gguf size=3511515488 mtime=2026-08-22T16:11:20+00:00 sha256/1048576B=cba1e21bb2847960edb7a96a14e4a569616b10df05b4c0b763c6fc373a5b1abb
llama-perplexity --kl-divergence-base /tmp/logits.dat --ctx-size 32768 -f sample-data/wiki.test.head-2.4k.raw -fa on --hf-repo bloomer010/Ling-3.0-tiny-GGUF:IQ3_S --cache-type-k q6_0 --cache-type-v q6_0 --kl-divergence
0.00.924.703 W load: special_eos_id is not in special_eog_ids - the tokenizer config may be incorrect
0.01.733.795 I cmn          init: llama threadpool init, n_threads = 16
0.01.800.836 I 
0.01.800.910 I system_info: n_threads = 16 (n_threads_batch = 16) / 32 | CUDA : ARCHS = 750,800,860,890,900,1000,1030,1200,1210 | USE_GRAPHS = 1 | FA_ALL_QUANTS = 1 | CPU : SSE3 = 1 | SSSE3 = 1 | AVX = 1 | AVX2 = 1 | F16C = 1 | FMA = 1 | BMI2 = 1 | LLAMAFILE = 1 | OPENMP = 1 | REPACK = 1 | 
0.01.891.006 I kl_divergence: computing over 5 chunks, n_ctx=32768, batch_size=512, n_seq=1
0.10.039.941 I kl_divergence: 8.15 seconds per pass - ETA 0.67 minutes

chunk             PPL               ln(PPL(Q)/PPL(base))          KL Divergence              Δp RMS            Same top p        Same sampled p
   1      25.3223 ±    0.6815       0.08017 ±    0.00821       0.27939 ±    0.00378    14.525 ±  0.206 %    77.153 ±  0.328 %    47.100 ±  0.274 %
   2      27.6096 ±    0.5373       0.13723 ±    0.00588       0.29111 ±    0.00275    14.883 ±  0.146 %    76.607 ±  0.234 %    46.157 ±  0.195 %
   3      28.6272 ±    0.4582       0.13875 ±    0.00487       0.29951 ±    0.00228    14.967 ±  0.120 %    75.938 ±  0.193 %    45.982 ±  0.159 %
   4      25.7747 ±    0.3536       0.13933 ±    0.00420       0.30059 ±    0.00201    15.237 ±  0.105 %    76.288 ±  0.166 %    46.866 ±  0.138 %
   5      26.1157 ±    0.3213       0.15041 ±    0.00382       0.30931 ±    0.00184    15.559 ±  0.094 %    76.218 ±  0.149 %    46.949 ±  0.123 %

====== Perplexity statistics ======
Mean PPL(Q)                   :  26.115700 ±   0.321329
Mean PPL(base)                :  22.468784 ±   0.276246
Cor(ln(PPL(Q)), ln(PPL(base))):  95.17%
Mean ln(PPL(Q)/PPL(base))     :   0.150410 ±   0.003823
Mean PPL(Q)/PPL(base)         :   1.162310 ±   0.004444
Mean PPL(Q)-PPL(base)         :   3.646916 ±   0.103008

====== KL divergence statistics ======
Mean    KLD:   0.309312 ±   0.001840
Maximum KLD:  14.309185
99.9%   KLD:   5.732322
99.0%   KLD:   2.483895
95.0%   KLD:   1.125160
90.0%   KLD:   0.732541
Median  KLD:   0.157162
10.0%   KLD:   0.002151
 5.0%   KLD:   0.000404
 1.0%   KLD:   0.000043
 0.1%   KLD:   0.000003
Minimum KLD:  -0.000054

====== Token probability statistics ======
Mean    Δp: -2.958 ± 0.053 %
Maximum Δp: 99.250%
99.9%   Δp: 73.493%
99.0%   Δp: 38.778%
95.0%   Δp: 14.362%
90.0%   Δp:  5.526%
75.0%   Δp:  0.178%
Median  Δp: -0.042%
25.0%   Δp: -3.140%
10.0%   Δp: -17.106%
 5.0%   Δp: -31.116%
 1.0%   Δp: -64.045%
 0.1%   Δp: -94.387%
Minimum Δp: -99.998%
RMS Δp    : 15.559 ± 0.094 %
Same top p: 76.218 ± 0.149 %
Same sampled p: 46.949 ± 0.123 %

------------------------------
# llama-perplexity: version: 0.4.4-dev (build 11430, commit 9d76dc1da-dirty) | built with GNU 15.3.0 for Linux x86_64
# model: /home/crusaderky/.cache/huggingface/hub/models--bloomer010--Ling-3.0-tiny-GGUF/snapshots/56a85ebe2d6d9d2ad6ad00a5014b13667153e236/Ling-3.0-tiny-IQ3_S.gguf size=3511515488 mtime=2026-08-22T16:11:20+00:00 sha256/1048576B=cba1e21bb2847960edb7a96a14e4a569616b10df05b4c0b763c6fc373a5b1abb
llama-perplexity --kl-divergence-base /tmp/logits.dat --ctx-size 32768 -f sample-data/wiki.test.head-2.4k.raw -fa on --hf-repo bloomer010/Ling-3.0-tiny-GGUF:IQ3_S --cache-type-k q5_1 --cache-type-v q5_1 --kl-divergence
0.00.942.432 W load: special_eos_id is not in special_eog_ids - the tokenizer config may be incorrect
0.01.740.172 I cmn          init: llama threadpool init, n_threads = 16
0.01.804.747 I 
0.01.804.821 I system_info: n_threads = 16 (n_threads_batch = 16) / 32 | CUDA : ARCHS = 750,800,860,890,900,1000,1030,1200,1210 | USE_GRAPHS = 1 | FA_ALL_QUANTS = 1 | CPU : SSE3 = 1 | SSSE3 = 1 | AVX = 1 | AVX2 = 1 | F16C = 1 | FMA = 1 | BMI2 = 1 | LLAMAFILE = 1 | OPENMP = 1 | REPACK = 1 | 
0.01.894.473 I kl_divergence: computing over 5 chunks, n_ctx=32768, batch_size=512, n_seq=1
0.10.065.791 I kl_divergence: 8.17 seconds per pass - ETA 0.67 minutes

chunk             PPL               ln(PPL(Q)/PPL(base))          KL Divergence              Δp RMS            Same top p        Same sampled p
   1      25.2814 ±    0.6805       0.07856 ±    0.00822       0.28058 ±    0.00382    14.505 ±  0.206 %    76.994 ±  0.329 %    47.123 ±  0.274 %
   2      27.5604 ±    0.5363       0.13544 ±    0.00588       0.29192 ±    0.00276    14.895 ±  0.146 %    76.515 ±  0.234 %    46.171 ±  0.195 %
   3      28.6773 ±    0.4591       0.14050 ±    0.00487       0.30049 ±    0.00229    14.982 ±  0.120 %    75.871 ±  0.193 %    45.981 ±  0.159 %
   4      25.7961 ±    0.3538       0.14016 ±    0.00420       0.30176 ±    0.00201    15.266 ±  0.105 %    76.265 ±  0.166 %    46.845 ±  0.138 %
   5      26.1260 ±    0.3214       0.15081 ±    0.00383       0.31051 ±    0.00185    15.595 ±  0.095 %    76.125 ±  0.149 %    46.919 ±  0.123 %

====== Perplexity statistics ======
Mean PPL(Q)                   :  26.126036 ±   0.321432
Mean PPL(base)                :  22.468784 ±   0.276246
Cor(ln(PPL(Q)), ln(PPL(base))):  95.16%
Mean ln(PPL(Q)/PPL(base))     :   0.150805 ±   0.003828
Mean PPL(Q)/PPL(base)         :   1.162770 ±   0.004451
Mean PPL(Q)-PPL(base)         :   3.657252 ±   0.103170

====== KL divergence statistics ======
Mean    KLD:   0.310513 ±   0.001848
Maximum KLD:  14.832242
99.9%   KLD:   5.695621
99.0%   KLD:   2.490089
95.0%   KLD:   1.137541
90.0%   KLD:   0.737050
Median  KLD:   0.157347
10.0%   KLD:   0.002207
 5.0%   KLD:   0.000410
 1.0%   KLD:   0.000042
 0.1%   KLD:   0.000003
Minimum KLD:  -0.000024

====== Token probability statistics ======
Mean    Δp: -2.967 ± 0.053 %
Maximum Δp: 99.203%
99.9%   Δp: 73.786%
99.0%   Δp: 39.466%
95.0%   Δp: 14.241%
90.0%   Δp:  5.461%
75.0%   Δp:  0.170%
Median  Δp: -0.043%
25.0%   Δp: -3.147%
10.0%   Δp: -17.230%
 5.0%   Δp: -30.814%
 1.0%   Δp: -64.356%
 0.1%   Δp: -94.428%
Minimum Δp: -99.998%
RMS Δp    : 15.595 ± 0.095 %
Same top p: 76.125 ± 0.149 %
Same sampled p: 46.919 ± 0.123 %

------------------------------
# llama-perplexity: version: 0.4.4-dev (build 11430, commit 9d76dc1da-dirty) | built with GNU 15.3.0 for Linux x86_64
# model: /home/crusaderky/.cache/huggingface/hub/models--bloomer010--Ling-3.0-tiny-GGUF/snapshots/56a85ebe2d6d9d2ad6ad00a5014b13667153e236/Ling-3.0-tiny-IQ3_S.gguf size=3511515488 mtime=2026-08-22T16:11:20+00:00 sha256/1048576B=cba1e21bb2847960edb7a96a14e4a569616b10df05b4c0b763c6fc373a5b1abb
llama-perplexity --kl-divergence-base /tmp/logits.dat --ctx-size 32768 -f sample-data/wiki.test.head-2.4k.raw -fa on --hf-repo bloomer010/Ling-3.0-tiny-GGUF:IQ3_S --cache-type-k q5_0 --cache-type-v q5_0 --kl-divergence
0.00.932.225 W load: special_eos_id is not in special_eog_ids - the tokenizer config may be incorrect
0.01.731.053 I cmn          init: llama threadpool init, n_threads = 16
0.01.796.775 I 
0.01.796.844 I system_info: n_threads = 16 (n_threads_batch = 16) / 32 | CUDA : ARCHS = 750,800,860,890,900,1000,1030,1200,1210 | USE_GRAPHS = 1 | FA_ALL_QUANTS = 1 | CPU : SSE3 = 1 | SSSE3 = 1 | AVX = 1 | AVX2 = 1 | F16C = 1 | FMA = 1 | BMI2 = 1 | LLAMAFILE = 1 | OPENMP = 1 | REPACK = 1 | 
0.01.885.083 I kl_divergence: computing over 5 chunks, n_ctx=32768, batch_size=512, n_seq=1
0.10.054.061 I kl_divergence: 8.17 seconds per pass - ETA 0.67 minutes

chunk             PPL               ln(PPL(Q)/PPL(base))          KL Divergence              Δp RMS            Same top p        Same sampled p
   1      25.3836 ±    0.6838       0.08259 ±    0.00833       0.28402 ±    0.00392    14.578 ±  0.207 %    77.104 ±  0.328 %    47.157 ±  0.274 %
   2      27.6560 ±    0.5385       0.13891 ±    0.00595       0.29486 ±    0.00280    14.948 ±  0.147 %    76.531 ±  0.234 %    46.189 ±  0.195 %
   3      28.7052 ±    0.4596       0.14147 ±    0.00490       0.30190 ±    0.00230    14.997 ±  0.121 %    75.853 ±  0.193 %    45.981 ±  0.159 %
   4      25.8000 ±    0.3542       0.14031 ±    0.00422       0.30298 ±    0.00202    15.278 ±  0.105 %    76.250 ±  0.166 %    46.889 ±  0.138 %
   5      26.1302 ±    0.3219       0.15096 ±    0.00384       0.31089 ±    0.00185    15.567 ±  0.095 %    76.180 ±  0.149 %    46.997 ±  0.123 %

====== Perplexity statistics ======
Mean PPL(Q)                   :  26.130196 ±   0.321894
Mean PPL(base)                :  22.468784 ±   0.276246
Cor(ln(PPL(Q)), ln(PPL(base))):  95.14%
Mean ln(PPL(Q)/PPL(base))     :   0.150965 ±   0.003835
Mean PPL(Q)/PPL(base)         :   1.162955 ±   0.004460
Mean PPL(Q)-PPL(base)         :   3.661412 ±   0.103532

====== KL divergence statistics ======
Mean    KLD:   0.310893 ±   0.001845
Maximum KLD:  14.387487
99.9%   KLD:   5.745130
99.0%   KLD:   2.482082
95.0%   KLD:   1.134512
90.0%   KLD:   0.740270
Median  KLD:   0.157150
10.0%   KLD:   0.002136
 5.0%   KLD:   0.000393
 1.0%   KLD:   0.000042
 0.1%   KLD:   0.000003
Minimum KLD:  -0.000027

====== Token probability statistics ======
Mean    Δp: -2.906 ± 0.053 %
Maximum Δp: 99.113%
99.9%   Δp: 74.105%
99.0%   Δp: 39.413%
95.0%   Δp: 14.411%
90.0%   Δp:  5.613%
75.0%   Δp:  0.188%
Median  Δp: -0.040%
25.0%   Δp: -3.102%
10.0%   Δp: -16.993%
 5.0%   Δp: -30.713%
 1.0%   Δp: -64.100%
 0.1%   Δp: -93.923%
Minimum Δp: -99.999%
RMS Δp    : 15.567 ± 0.095 %
Same top p: 76.180 ± 0.149 %
Same sampled p: 46.997 ± 0.123 %

------------------------------
# llama-perplexity: version: 0.4.4-dev (build 11430, commit 9d76dc1da-dirty) | built with GNU 15.3.0 for Linux x86_64
# model: /home/crusaderky/.cache/huggingface/hub/models--bloomer010--Ling-3.0-tiny-GGUF/snapshots/56a85ebe2d6d9d2ad6ad00a5014b13667153e236/Ling-3.0-tiny-IQ3_S.gguf size=3511515488 mtime=2026-08-22T16:11:20+00:00 sha256/1048576B=cba1e21bb2847960edb7a96a14e4a569616b10df05b4c0b763c6fc373a5b1abb
llama-perplexity --kl-divergence-base /tmp/logits.dat --ctx-size 32768 -f sample-data/wiki.test.head-2.4k.raw -fa on --hf-repo bloomer010/Ling-3.0-tiny-GGUF:IQ3_S --cache-type-k q4_1 --cache-type-v q4_1 --kl-divergence
0.00.935.956 W load: special_eos_id is not in special_eog_ids - the tokenizer config may be incorrect
0.01.751.304 I cmn          init: llama threadpool init, n_threads = 16
0.01.816.576 I 
0.01.816.654 I system_info: n_threads = 16 (n_threads_batch = 16) / 32 | CUDA : ARCHS = 750,800,860,890,900,1000,1030,1200,1210 | USE_GRAPHS = 1 | FA_ALL_QUANTS = 1 | CPU : SSE3 = 1 | SSSE3 = 1 | AVX = 1 | AVX2 = 1 | F16C = 1 | FMA = 1 | BMI2 = 1 | LLAMAFILE = 1 | OPENMP = 1 | REPACK = 1 | 
0.01.906.615 I kl_divergence: computing over 5 chunks, n_ctx=32768, batch_size=512, n_seq=1
0.10.077.980 I kl_divergence: 8.17 seconds per pass - ETA 0.67 minutes

chunk             PPL               ln(PPL(Q)/PPL(base))          KL Divergence              Δp RMS            Same top p        Same sampled p
   1      25.2538 ±    0.6782       0.07746 ±    0.00829       0.28454 ±    0.00386    14.561 ±  0.208 %    77.098 ±  0.328 %    46.962 ±  0.274 %
   2      27.5892 ±    0.5372       0.13649 ±    0.00595       0.29683 ±    0.00280    14.949 ±  0.148 %    76.500 ±  0.234 %    46.158 ±  0.195 %
   3      28.6915 ±    0.4600       0.14099 ±    0.00492       0.30544 ±    0.00232    15.039 ±  0.121 %    75.871 ±  0.193 %    46.005 ±  0.159 %
   4      25.8046 ±    0.3542       0.14049 ±    0.00424       0.30691 ±    0.00204    15.355 ±  0.105 %    76.152 ±  0.166 %    46.825 ±  0.138 %
   5      26.1562 ±    0.3223       0.15196 ±    0.00386       0.31574 ±    0.00187    15.658 ±  0.095 %    76.080 ±  0.149 %    46.940 ±  0.123 %

====== Perplexity statistics ======
Mean PPL(Q)                   :  26.156151 ±   0.322340
Mean PPL(base)                :  22.468784 ±   0.276246
Cor(ln(PPL(Q)), ln(PPL(base))):  95.09%
Mean ln(PPL(Q)/PPL(base))     :   0.151957 ±   0.003859
Mean PPL(Q)/PPL(base)         :   1.164111 ±   0.004493
Mean PPL(Q)-PPL(base)         :   3.687367 ±   0.104294

====== KL divergence statistics ======
Mean    KLD:   0.315742 ±   0.001869
Maximum KLD:  14.131169
99.9%   KLD:   5.711898
99.0%   KLD:   2.540294
95.0%   KLD:   1.160757
90.0%   KLD:   0.753762
Median  KLD:   0.159175
10.0%   KLD:   0.002192
 5.0%   KLD:   0.000408
 1.0%   KLD:   0.000042
 0.1%   KLD:   0.000003
Minimum KLD:  -0.000076

====== Token probability statistics ======
Mean    Δp: -2.909 ± 0.054 %
Maximum Δp: 98.872%
99.9%   Δp: 74.254%
99.0%   Δp: 39.539%
95.0%   Δp: 14.526%
90.0%   Δp:  5.608%
75.0%   Δp:  0.192%
Median  Δp: -0.040%
25.0%   Δp: -3.076%
10.0%   Δp: -17.089%
 5.0%   Δp: -31.018%
 1.0%   Δp: -64.762%
 0.1%   Δp: -93.857%
Minimum Δp: -99.997%
RMS Δp    : 15.658 ± 0.095 %
Same top p: 76.080 ± 0.149 %
Same sampled p: 46.940 ± 0.123 %

------------------------------
# llama-perplexity: version: 0.4.4-dev (build 11430, commit 9d76dc1da-dirty) | built with GNU 15.3.0 for Linux x86_64
# model: /home/crusaderky/.cache/huggingface/hub/models--bloomer010--Ling-3.0-tiny-GGUF/snapshots/56a85ebe2d6d9d2ad6ad00a5014b13667153e236/Ling-3.0-tiny-IQ3_S.gguf size=3511515488 mtime=2026-08-22T16:11:20+00:00 sha256/1048576B=cba1e21bb2847960edb7a96a14e4a569616b10df05b4c0b763c6fc373a5b1abb
llama-perplexity --kl-divergence-base /tmp/logits.dat --ctx-size 32768 -f sample-data/wiki.test.head-2.4k.raw -fa on --hf-repo bloomer010/Ling-3.0-tiny-GGUF:IQ3_S --cache-type-k q4_0 --cache-type-v q4_0 --kl-divergence
0.00.922.040 W load: special_eos_id is not in special_eog_ids - the tokenizer config may be incorrect
0.01.740.105 I cmn          init: llama threadpool init, n_threads = 16
0.01.806.083 I 
0.01.806.148 I system_info: n_threads = 16 (n_threads_batch = 16) / 32 | CUDA : ARCHS = 750,800,860,890,900,1000,1030,1200,1210 | USE_GRAPHS = 1 | FA_ALL_QUANTS = 1 | CPU : SSE3 = 1 | SSSE3 = 1 | AVX = 1 | AVX2 = 1 | F16C = 1 | FMA = 1 | BMI2 = 1 | LLAMAFILE = 1 | OPENMP = 1 | REPACK = 1 | 
0.01.896.273 I kl_divergence: computing over 5 chunks, n_ctx=32768, batch_size=512, n_seq=1
0.10.059.595 I kl_divergence: 8.16 seconds per pass - ETA 0.67 minutes

chunk             PPL               ln(PPL(Q)/PPL(base))          KL Divergence              Δp RMS            Same top p        Same sampled p
   1      25.6280 ±    0.6873       0.09217 ±    0.00831       0.28739 ±    0.00389    14.795 ±  0.207 %    77.129 ±  0.328 %    46.721 ±  0.274 %
   2      28.0135 ±    0.5449       0.15175 ±    0.00598       0.30193 ±    0.00284    15.197 ±  0.148 %    76.335 ±  0.235 %    45.903 ±  0.195 %
   3      29.0819 ±    0.4656       0.15451 ±    0.00496       0.30971 ±    0.00235    15.249 ±  0.122 %    75.723 ±  0.193 %    45.761 ±  0.159 %
   4      26.1170 ±    0.3581       0.15252 ±    0.00427       0.31027 ±    0.00206    15.518 ±  0.106 %    76.074 ±  0.167 %    46.594 ±  0.138 %
   5      26.4252 ±    0.3250       0.16219 ±    0.00388       0.31860 ±    0.00188    15.849 ±  0.095 %    75.978 ±  0.149 %    46.689 ±  0.123 %

====== Perplexity statistics ======
Mean PPL(Q)                   :  26.425150 ±   0.324969
Mean PPL(base)                :  22.468784 ±   0.276246
Cor(ln(PPL(Q)), ln(PPL(base))):  95.03%
Mean ln(PPL(Q)/PPL(base))     :   0.162189 ±   0.003876
Mean PPL(Q)/PPL(base)         :   1.176083 ±   0.004559
Mean PPL(Q)-PPL(base)         :   3.956366 ±   0.106274

====== KL divergence statistics ======
Mean    KLD:   0.318604 ±   0.001879
Maximum KLD:  13.483039
99.9%   KLD:   5.715893
99.0%   KLD:   2.580644
95.0%   KLD:   1.162360
90.0%   KLD:   0.758973
Median  KLD:   0.161763
10.0%   KLD:   0.002298
 5.0%   KLD:   0.000421
 1.0%   KLD:   0.000044
 0.1%   KLD:   0.000004
Minimum KLD:  -0.000017

====== Token probability statistics ======
Mean    Δp: -3.180 ± 0.054 %
Maximum Δp: 99.358%
99.9%   Δp: 74.176%
99.0%   Δp: 38.905%
95.0%   Δp: 13.824%
90.0%   Δp:  5.331%
75.0%   Δp:  0.152%
Median  Δp: -0.049%
25.0%   Δp: -3.332%
10.0%   Δp: -17.838%
 5.0%   Δp: -31.894%
 1.0%   Δp: -65.777%
 0.1%   Δp: -94.518%
Minimum Δp: -99.997%
RMS Δp    : 15.849 ± 0.095 %
Same top p: 75.978 ± 0.149 %
Same sampled p: 46.689 ± 0.123 %

------------------------------
# llama-perplexity: version: 0.4.4-dev (build 11430, commit 9d76dc1da-dirty) | built with GNU 15.3.0 for Linux x86_64
# model: /home/crusaderky/.cache/huggingface/hub/models--bloomer010--Ling-3.0-tiny-GGUF/snapshots/56a85ebe2d6d9d2ad6ad00a5014b13667153e236/Ling-3.0-tiny-IQ3_S.gguf size=3511515488 mtime=2026-08-22T16:11:20+00:00 sha256/1048576B=cba1e21bb2847960edb7a96a14e4a569616b10df05b4c0b763c6fc373a5b1abb
llama-perplexity --kl-divergence-base /tmp/logits.dat --ctx-size 32768 -f sample-data/wiki.test.head-2.4k.raw -fa on --hf-repo bloomer010/Ling-3.0-tiny-GGUF:IQ3_S --cache-type-k q3_1 --cache-type-v q3_1 --kl-divergence
0.00.997.968 W load: special_eos_id is not in special_eog_ids - the tokenizer config may be incorrect
0.01.797.424 I cmn          init: llama threadpool init, n_threads = 16
0.01.861.955 I 
0.01.862.024 I system_info: n_threads = 16 (n_threads_batch = 16) / 32 | CUDA : ARCHS = 750,800,860,890,900,1000,1030,1200,1210 | USE_GRAPHS = 1 | FA_ALL_QUANTS = 1 | CPU : SSE3 = 1 | SSSE3 = 1 | AVX = 1 | AVX2 = 1 | F16C = 1 | FMA = 1 | BMI2 = 1 | LLAMAFILE = 1 | OPENMP = 1 | REPACK = 1 | 
0.01.950.127 I kl_divergence: computing over 5 chunks, n_ctx=32768, batch_size=512, n_seq=1
0.10.117.750 I kl_divergence: 8.17 seconds per pass - ETA 0.67 minutes

chunk             PPL               ln(PPL(Q)/PPL(base))          KL Divergence              Δp RMS            Same top p        Same sampled p
   1      25.2177 ±    0.6742       0.07603 ±    0.00848       0.30894 ±    0.00404    15.263 ±  0.209 %    75.810 ±  0.335 %    46.390 ±  0.274 %
   2      27.8902 ±    0.5417       0.14734 ±    0.00613       0.32594 ±    0.00300    15.614 ±  0.149 %    75.224 ±  0.238 %    45.554 ±  0.195 %
   3      29.1423 ±    0.4654       0.15658 ±    0.00510       0.33429 ±    0.00249    15.697 ±  0.123 %    74.695 ±  0.196 %    45.282 ±  0.159 %
   4      26.2945 ±    0.3599       0.15929 ±    0.00441       0.33695 ±    0.00219    16.035 ±  0.107 %    75.128 ±  0.169 %    46.100 ±  0.138 %
   5      26.5925 ±    0.3268       0.16850 ±    0.00401       0.34550 ±    0.00199    16.306 ±  0.096 %    74.962 ±  0.151 %    46.245 ±  0.123 %

====== Perplexity statistics ======
Mean PPL(Q)                   :  26.592549 ±   0.326833
Mean PPL(base)                :  22.468784 ±   0.276246
Cor(ln(PPL(Q)), ln(PPL(base))):  94.69%
Mean ln(PPL(Q)/PPL(base))     :   0.168504 ±   0.004006
Mean PPL(Q)/PPL(base)         :   1.183533 ±   0.004741
Mean PPL(Q)-PPL(base)         :   4.123765 ±   0.110218

====== KL divergence statistics ======
Mean    KLD:   0.345505 ±   0.001990
Maximum KLD:  13.977888
99.9%   KLD:   5.975271
99.0%   KLD:   2.727125
95.0%   KLD:   1.267126
90.0%   KLD:   0.831265
Median  KLD:   0.174790
10.0%   KLD:   0.002644
 5.0%   KLD:   0.000481
 1.0%   KLD:   0.000047
 0.1%   KLD:   0.000004
Minimum KLD:  -0.000011

====== Token probability statistics ======
Mean    Δp: -3.357 ± 0.056 %
Maximum Δp: 99.213%
99.9%   Δp: 76.631%
99.0%   Δp: 39.559%
95.0%   Δp: 14.154%
90.0%   Δp:  5.444%
75.0%   Δp:  0.154%
Median  Δp: -0.057%
25.0%   Δp: -3.544%
10.0%   Δp: -18.495%
 5.0%   Δp: -33.510%
 1.0%   Δp: -67.387%
 0.1%   Δp: -93.489%
Minimum Δp: -99.998%
RMS Δp    : 16.306 ± 0.096 %
Same top p: 74.962 ± 0.151 %
Same sampled p: 46.245 ± 0.123 %

------------------------------
# llama-perplexity: version: 0.4.4-dev (build 11430, commit 9d76dc1da-dirty) | built with GNU 15.3.0 for Linux x86_64
# model: /home/crusaderky/.cache/huggingface/hub/models--bloomer010--Ling-3.0-tiny-GGUF/snapshots/56a85ebe2d6d9d2ad6ad00a5014b13667153e236/Ling-3.0-tiny-IQ3_S.gguf size=3511515488 mtime=2026-08-22T16:11:20+00:00 sha256/1048576B=cba1e21bb2847960edb7a96a14e4a569616b10df05b4c0b763c6fc373a5b1abb
llama-perplexity --kl-divergence-base /tmp/logits.dat --ctx-size 32768 -f sample-data/wiki.test.head-2.4k.raw -fa on --hf-repo bloomer010/Ling-3.0-tiny-GGUF:IQ3_S --cache-type-k q3_0 --cache-type-v q3_0 --kl-divergence
0.00.923.396 W load: special_eos_id is not in special_eog_ids - the tokenizer config may be incorrect
0.01.735.384 I cmn          init: llama threadpool init, n_threads = 16
0.01.800.595 I 
0.01.800.653 I system_info: n_threads = 16 (n_threads_batch = 16) / 32 | CUDA : ARCHS = 750,800,860,890,900,1000,1030,1200,1210 | USE_GRAPHS = 1 | FA_ALL_QUANTS = 1 | CPU : SSE3 = 1 | SSSE3 = 1 | AVX = 1 | AVX2 = 1 | F16C = 1 | FMA = 1 | BMI2 = 1 | LLAMAFILE = 1 | OPENMP = 1 | REPACK = 1 | 
0.01.890.744 I kl_divergence: computing over 5 chunks, n_ctx=32768, batch_size=512, n_seq=1
0.10.088.084 I kl_divergence: 8.20 seconds per pass - ETA 0.67 minutes

chunk             PPL               ln(PPL(Q)/PPL(base))          KL Divergence              Δp RMS            Same top p        Same sampled p
   1      26.4960 ±    0.7164       0.12548 ±    0.00869       0.31649 ±    0.00424    15.661 ±  0.214 %    76.073 ±  0.333 %    46.326 ±  0.274 %
   2      28.7179 ±    0.5609       0.17659 ±    0.00624       0.33012 ±    0.00309    15.831 ±  0.151 %    75.398 ±  0.238 %    45.484 ±  0.195 %
   3      29.6883 ±    0.4760       0.17515 ±    0.00516       0.33811 ±    0.00254    15.843 ±  0.124 %    74.679 ±  0.196 %    45.274 ±  0.159 %
   4      26.7060 ±    0.3667       0.17482 ±    0.00444       0.33774 ±    0.00221    16.126 ±  0.107 %    75.031 ±  0.169 %    46.112 ±  0.138 %
   5      27.0259 ±    0.3329       0.18467 ±    0.00404       0.34643 ±    0.00201    16.487 ±  0.097 %    74.907 ±  0.151 %    46.181 ±  0.123 %

====== Perplexity statistics ======
Mean PPL(Q)                   :  27.025924 ±   0.332899
Mean PPL(base)                :  22.468784 ±   0.276246
Cor(ln(PPL(Q)), ln(PPL(base))):  94.62%
Mean ln(PPL(Q)/PPL(base))     :   0.184670 ±   0.004038
Mean PPL(Q)/PPL(base)         :   1.202821 ±   0.004857
Mean PPL(Q)-PPL(base)         :   4.557140 ±   0.114500

====== KL divergence statistics ======
Mean    KLD:   0.346434 ±   0.002014
Maximum KLD:  13.098288
99.9%   KLD:   5.853405
99.0%   KLD:   2.763983
95.0%   KLD:   1.268771
90.0%   KLD:   0.830983
Median  KLD:   0.176564
10.0%   KLD:   0.002563
 5.0%   KLD:   0.000467
 1.0%   KLD:   0.000049
 0.1%   KLD:   0.000004
Minimum KLD:  -0.000021

====== Token probability statistics ======
Mean    Δp: -3.509 ± 0.056 %
Maximum Δp: 99.428%
99.9%   Δp: 75.824%
99.0%   Δp: 39.659%
95.0%   Δp: 14.142%
90.0%   Δp:  5.303%
75.0%   Δp:  0.142%
Median  Δp: -0.059%
25.0%   Δp: -3.716%
10.0%   Δp: -19.079%
 5.0%   Δp: -33.988%
 1.0%   Δp: -68.262%
 0.1%   Δp: -94.644%
Minimum Δp: -99.997%
RMS Δp    : 16.487 ± 0.097 %
Same top p: 74.907 ± 0.151 %
Same sampled p: 46.181 ± 0.123 %

------------------------------
# llama-perplexity: version: 0.4.4-dev (build 11430, commit 9d76dc1da-dirty) | built with GNU 15.3.0 for Linux x86_64
# model: /home/crusaderky/.cache/huggingface/hub/models--bloomer010--Ling-3.0-tiny-GGUF/snapshots/56a85ebe2d6d9d2ad6ad00a5014b13667153e236/Ling-3.0-tiny-IQ3_XXS.gguf <unreadable: No such file or directory>
llama-perplexity --kl-divergence-base /tmp/logits.dat --ctx-size 32768 -f sample-data/wiki.test.head-2.4k.raw -fa on --hf-repo bloomer010/Ling-3.0-tiny-GGUF:IQ3_XXS --cache-type-k f16 --cache-type-v f16 --kl-divergence
3.50.860.756 W load: special_eos_id is not in special_eog_ids - the tokenizer config may be incorrect
3.51.574.050 I cmn          init: llama threadpool init, n_threads = 16
3.51.638.958 I 
3.51.639.031 I system_info: n_threads = 16 (n_threads_batch = 16) / 32 | CUDA : ARCHS = 750,800,860,890,900,1000,1030,1200,1210 | USE_GRAPHS = 1 | FA_ALL_QUANTS = 1 | CPU : SSE3 = 1 | SSSE3 = 1 | AVX = 1 | AVX2 = 1 | F16C = 1 | FMA = 1 | BMI2 = 1 | LLAMAFILE = 1 | OPENMP = 1 | REPACK = 1 | 
3.51.749.015 I kl_divergence: computing over 5 chunks, n_ctx=32768, batch_size=512, n_seq=1
3.59.825.741 I kl_divergence: 8.08 seconds per pass - ETA 0.67 minutes

chunk             PPL               ln(PPL(Q)/PPL(base))          KL Divergence              Δp RMS            Same top p        Same sampled p
   1      24.2718 ±    0.6283       0.03780 ±    0.00936       0.38106 ±    0.00438    16.537 ±  0.206 %    73.491 ±  0.345 %    44.452 ±  0.273 %
   2      24.8839 ±    0.4588       0.03329 ±    0.00662       0.39226 ±    0.00316    16.791 ±  0.149 %    73.415 ±  0.244 %    43.394 ±  0.194 %
   3      26.0283 ±    0.3943       0.04358 ±    0.00544       0.40141 ±    0.00261    16.839 ±  0.121 %    72.813 ±  0.201 %    42.917 ±  0.158 %
   4      23.6416 ±    0.3082       0.05294 ±    0.00471       0.40178 ±    0.00229    17.089 ±  0.106 %    73.117 ±  0.173 %    43.976 ±  0.137 %
   5      23.7055 ±    0.2766       0.05358 ±    0.00429       0.41230 ±    0.00210    17.378 ±  0.095 %    73.016 ±  0.155 %    43.947 ±  0.123 %

====== Perplexity statistics ======
Mean PPL(Q)                   :  23.705483 ±   0.276575
Mean PPL(base)                :  22.468784 ±   0.276246
Cor(ln(PPL(Q)), ln(PPL(base))):  93.71%
Mean ln(PPL(Q)/PPL(base))     :   0.053579 ±   0.004293
Mean PPL(Q)/PPL(base)         :   1.055041 ±   0.004529
Mean PPL(Q)-PPL(base)         :   1.236698 ±   0.098017

====== KL divergence statistics ======
Mean    KLD:   0.412298 ±   0.002104
Maximum KLD:  13.216232
99.9%   KLD:   5.642852
99.0%   KLD:   2.971842
95.0%   KLD:   1.455387
90.0%   KLD:   0.976261
Median  KLD:   0.233856
10.0%   KLD:   0.006237
 5.0%   KLD:   0.001354
 1.0%   KLD:   0.000131
 0.1%   KLD:   0.000011
Minimum KLD:  -0.000011

====== Token probability statistics ======
Mean    Δp: -4.005 ± 0.059 %
Maximum Δp: 97.325%
99.9%   Δp: 75.441%
99.0%   Δp: 40.445%
95.0%   Δp: 15.304%
90.0%   Δp:  6.222%
75.0%   Δp:  0.195%
Median  Δp: -0.109%
25.0%   Δp: -4.934%
10.0%   Δp: -21.709%
 5.0%   Δp: -37.197%
 1.0%   Δp: -70.327%
 0.1%   Δp: -94.362%
Minimum Δp: -99.995%
RMS Δp    : 17.378 ± 0.095 %
Same top p: 73.016 ± 0.155 %
Same sampled p: 43.947 ± 0.123 %

# llama-perplexity: version: 0.4.4-dev (build 11430, commit 9d76dc1da-dirty) | built with GNU 15.3.0 for Linux x86_64
# model: /home/crusaderky/.cache/huggingface/hub/models--bloomer010--Ling-3.0-tiny-GGUF/snapshots/56a85ebe2d6d9d2ad6ad00a5014b13667153e236/Ling-3.0-tiny-IQ3_XXS.gguf size=3129076064 mtime=2026-08-22T16:21:32+00:00 sha256/1048576B=cba1e21bb2847960edb7a96a14e4a569616b10df05b4c0b763c6fc373a5b1abb
------------------------------
# llama-perplexity: version: 0.4.4-dev (build 11430, commit 9d76dc1da-dirty) | built with GNU 15.3.0 for Linux x86_64
# model: /home/crusaderky/.cache/huggingface/hub/models--bloomer010--Ling-3.0-tiny-GGUF/snapshots/56a85ebe2d6d9d2ad6ad00a5014b13667153e236/Ling-3.0-tiny-IQ3_XXS.gguf size=3129076064 mtime=2026-08-22T16:21:32+00:00 sha256/1048576B=cba1e21bb2847960edb7a96a14e4a569616b10df05b4c0b763c6fc373a5b1abb
llama-perplexity --kl-divergence-base /tmp/logits.dat --ctx-size 32768 -f sample-data/wiki.test.head-2.4k.raw -fa on --hf-repo bloomer010/Ling-3.0-tiny-GGUF:IQ3_XXS --cache-type-k q8_0 --cache-type-v q8_0 --kl-divergence
0.00.944.362 W load: special_eos_id is not in special_eog_ids - the tokenizer config may be incorrect
0.01.674.460 I cmn          init: llama threadpool init, n_threads = 16
0.01.739.036 I 
0.01.739.108 I system_info: n_threads = 16 (n_threads_batch = 16) / 32 | CUDA : ARCHS = 750,800,860,890,900,1000,1030,1200,1210 | USE_GRAPHS = 1 | FA_ALL_QUANTS = 1 | CPU : SSE3 = 1 | SSSE3 = 1 | AVX = 1 | AVX2 = 1 | F16C = 1 | FMA = 1 | BMI2 = 1 | LLAMAFILE = 1 | OPENMP = 1 | REPACK = 1 | 
0.01.827.986 I kl_divergence: computing over 5 chunks, n_ctx=32768, batch_size=512, n_seq=1
0.09.914.445 I kl_divergence: 8.09 seconds per pass - ETA 0.67 minutes

chunk             PPL               ln(PPL(Q)/PPL(base))          KL Divergence              Δp RMS            Same top p        Same sampled p
   1      24.3698 ±    0.6316       0.04183 ±    0.00938       0.38068 ±    0.00434    16.529 ±  0.206 %    73.564 ±  0.345 %    44.464 ±  0.273 %
   2      24.9512 ±    0.4604       0.03599 ±    0.00662       0.39214 ±    0.00315    16.789 ±  0.149 %    73.549 ±  0.244 %    43.408 ±  0.194 %
   3      26.0468 ±    0.3949       0.04429 ±    0.00544       0.40054 ±    0.00260    16.814 ±  0.121 %    72.941 ±  0.200 %    42.963 ±  0.157 %
   4      23.6425 ±    0.3083       0.05298 ±    0.00470       0.40114 ±    0.00228    17.074 ±  0.106 %    73.259 ±  0.173 %    43.992 ±  0.137 %
   5      23.7173 ±    0.2767       0.05408 ±    0.00429       0.41198 ±    0.00210    17.382 ±  0.095 %    73.123 ±  0.155 %    43.945 ±  0.123 %

====== Perplexity statistics ======
Mean PPL(Q)                   :  23.717303 ±   0.276716
Mean PPL(base)                :  22.468784 ±   0.276246
Cor(ln(PPL(Q)), ln(PPL(base))):  93.72%
Mean ln(PPL(Q)/PPL(base))     :   0.054078 ±   0.004292
Mean PPL(Q)/PPL(base)         :   1.055567 ±   0.004531
Mean PPL(Q)-PPL(base)         :   1.248519 ±   0.098019

====== KL divergence statistics ======
Mean    KLD:   0.411978 ±   0.002098
Maximum KLD:  12.406816
99.9%   KLD:   5.572940
99.0%   KLD:   2.947235
95.0%   KLD:   1.456464
90.0%   KLD:   0.976086
Median  KLD:   0.233431
10.0%   KLD:   0.006256
 5.0%   KLD:   0.001347
 1.0%   KLD:   0.000132
 0.1%   KLD:   0.000010
Minimum KLD:  -0.000015

====== Token probability statistics ======
Mean    Δp: -4.014 ± 0.059 %
Maximum Δp: 97.437%
99.9%   Δp: 75.102%
99.0%   Δp: 40.817%
95.0%   Δp: 15.291%
90.0%   Δp:  6.272%
75.0%   Δp:  0.191%
Median  Δp: -0.112%
25.0%   Δp: -4.918%
10.0%   Δp: -21.804%
 5.0%   Δp: -37.081%
 1.0%   Δp: -70.225%
 0.1%   Δp: -94.266%
Minimum Δp: -99.995%
RMS Δp    : 17.382 ± 0.095 %
Same top p: 73.123 ± 0.155 %
Same sampled p: 43.945 ± 0.123 %

------------------------------
# llama-perplexity: version: 0.4.4-dev (build 11430, commit 9d76dc1da-dirty) | built with GNU 15.3.0 for Linux x86_64
# model: /home/crusaderky/.cache/huggingface/hub/models--bloomer010--Ling-3.0-tiny-GGUF/snapshots/56a85ebe2d6d9d2ad6ad00a5014b13667153e236/Ling-3.0-tiny-IQ3_XXS.gguf size=3129076064 mtime=2026-08-22T16:21:32+00:00 sha256/1048576B=cba1e21bb2847960edb7a96a14e4a569616b10df05b4c0b763c6fc373a5b1abb
llama-perplexity --kl-divergence-base /tmp/logits.dat --ctx-size 32768 -f sample-data/wiki.test.head-2.4k.raw -fa on --hf-repo bloomer010/Ling-3.0-tiny-GGUF:IQ3_XXS --cache-type-k q6_0 --cache-type-v q6_0 --kl-divergence
0.00.950.074 W load: special_eos_id is not in special_eog_ids - the tokenizer config may be incorrect
0.01.699.686 I cmn          init: llama threadpool init, n_threads = 16
0.01.775.325 I 
0.01.775.406 I system_info: n_threads = 16 (n_threads_batch = 16) / 32 | CUDA : ARCHS = 750,800,860,890,900,1000,1030,1200,1210 | USE_GRAPHS = 1 | FA_ALL_QUANTS = 1 | CPU : SSE3 = 1 | SSSE3 = 1 | AVX = 1 | AVX2 = 1 | F16C = 1 | FMA = 1 | BMI2 = 1 | LLAMAFILE = 1 | OPENMP = 1 | REPACK = 1 | 
0.01.866.267 I kl_divergence: computing over 5 chunks, n_ctx=32768, batch_size=512, n_seq=1
0.09.998.149 I kl_divergence: 8.13 seconds per pass - ETA 0.67 minutes

chunk             PPL               ln(PPL(Q)/PPL(base))          KL Divergence              Δp RMS            Same top p        Same sampled p
   1      24.2996 ±    0.6294       0.03895 ±    0.00938       0.38228 ±    0.00439    16.500 ±  0.206 %    73.570 ±  0.345 %    44.433 ±  0.273 %
   2      24.8406 ±    0.4584       0.03154 ±    0.00662       0.39109 ±    0.00316    16.718 ±  0.148 %    73.473 ±  0.244 %    43.443 ±  0.194 %
   3      25.9236 ±    0.3928       0.03955 ±    0.00544       0.40013 ±    0.00260    16.780 ±  0.120 %    72.887 ±  0.201 %    42.959 ±  0.158 %
   4      23.5447 ±    0.3070       0.04884 ±    0.00470       0.40041 ±    0.00228    17.027 ±  0.105 %    73.238 ±  0.173 %    44.014 ±  0.137 %
   5      23.6014 ±    0.2753       0.04918 ±    0.00429       0.41115 ±    0.00210    17.326 ±  0.095 %    73.077 ±  0.155 %    43.969 ±  0.123 %

====== Perplexity statistics ======
Mean PPL(Q)                   :  23.601375 ±   0.275278
Mean PPL(base)                :  22.468784 ±   0.276246
Cor(ln(PPL(Q)), ln(PPL(base))):  93.72%
Mean ln(PPL(Q)/PPL(base))     :   0.049178 ±   0.004292
Mean PPL(Q)/PPL(base)         :   1.050407 ±   0.004508
Mean PPL(Q)-PPL(base)         :   1.132591 ±   0.097756

====== KL divergence statistics ======
Mean    KLD:   0.411155 ±   0.002095
Maximum KLD:  12.790357
99.9%   KLD:   5.701540
99.0%   KLD:   2.940894
95.0%   KLD:   1.450343
90.0%   KLD:   0.973368
Median  KLD:   0.233716
10.0%   KLD:   0.006219
 5.0%   KLD:   0.001326
 1.0%   KLD:   0.000132
 0.1%   KLD:   0.000011
Minimum KLD:  -0.000008

====== Token probability statistics ======
Mean    Δp: -3.947 ± 0.059 %
Maximum Δp: 98.595%
99.9%   Δp: 75.864%
99.0%   Δp: 41.097%
95.0%   Δp: 15.430%
90.0%   Δp:  6.284%
75.0%   Δp:  0.200%
Median  Δp: -0.107%
25.0%   Δp: -4.853%
10.0%   Δp: -21.616%
 5.0%   Δp: -37.024%
 1.0%   Δp: -69.557%
 0.1%   Δp: -93.848%
Minimum Δp: -99.996%
RMS Δp    : 17.326 ± 0.095 %
Same top p: 73.077 ± 0.155 %
Same sampled p: 43.969 ± 0.123 %

------------------------------
# llama-perplexity: version: 0.4.4-dev (build 11430, commit 9d76dc1da-dirty) | built with GNU 15.3.0 for Linux x86_64
# model: /home/crusaderky/.cache/huggingface/hub/models--bloomer010--Ling-3.0-tiny-GGUF/snapshots/56a85ebe2d6d9d2ad6ad00a5014b13667153e236/Ling-3.0-tiny-IQ3_XXS.gguf size=3129076064 mtime=2026-08-22T16:21:32+00:00 sha256/1048576B=cba1e21bb2847960edb7a96a14e4a569616b10df05b4c0b763c6fc373a5b1abb
llama-perplexity --kl-divergence-base /tmp/logits.dat --ctx-size 32768 -f sample-data/wiki.test.head-2.4k.raw -fa on --hf-repo bloomer010/Ling-3.0-tiny-GGUF:IQ3_XXS --cache-type-k q5_1 --cache-type-v q5_1 --kl-divergence
0.00.927.817 W load: special_eos_id is not in special_eog_ids - the tokenizer config may be incorrect
0.01.662.182 I cmn          init: llama threadpool init, n_threads = 16
0.01.725.809 I 
0.01.725.882 I system_info: n_threads = 16 (n_threads_batch = 16) / 32 | CUDA : ARCHS = 750,800,860,890,900,1000,1030,1200,1210 | USE_GRAPHS = 1 | FA_ALL_QUANTS = 1 | CPU : SSE3 = 1 | SSSE3 = 1 | AVX = 1 | AVX2 = 1 | F16C = 1 | FMA = 1 | BMI2 = 1 | LLAMAFILE = 1 | OPENMP = 1 | REPACK = 1 | 
0.01.820.109 I kl_divergence: computing over 5 chunks, n_ctx=32768, batch_size=512, n_seq=1
0.09.967.814 I kl_divergence: 8.15 seconds per pass - ETA 0.67 minutes

chunk             PPL               ln(PPL(Q)/PPL(base))          KL Divergence              Δp RMS            Same top p        Same sampled p
   1      24.2970 ±    0.6277       0.03884 ±    0.00942       0.38183 ±    0.00437    16.606 ±  0.206 %    73.668 ±  0.344 %    44.271 ±  0.273 %
   2      24.8765 ±    0.4581       0.03299 ±    0.00665       0.39360 ±    0.00317    16.835 ±  0.149 %    73.433 ±  0.244 %    43.293 ±  0.194 %
   3      26.0157 ±    0.3940       0.04309 ±    0.00546       0.40261 ±    0.00262    16.873 ±  0.121 %    72.840 ±  0.201 %    42.884 ±  0.157 %
   4      23.6407 ±    0.3081       0.05290 ±    0.00472       0.40315 ±    0.00230    17.134 ±  0.106 %    73.172 ±  0.173 %    43.937 ±  0.137 %
   5      23.7254 ±    0.2767       0.05442 ±    0.00431       0.41422 ±    0.00211    17.443 ±  0.095 %    73.005 ±  0.155 %    43.885 ±  0.123 %

====== Perplexity statistics ======
Mean PPL(Q)                   :  23.725355 ±   0.276703
Mean PPL(base)                :  22.468784 ±   0.276246
Cor(ln(PPL(Q)), ln(PPL(base))):  93.67%
Mean ln(PPL(Q)/PPL(base))     :   0.054417 ±   0.004309
Mean PPL(Q)/PPL(base)         :   1.055925 ±   0.004550
Mean PPL(Q)-PPL(base)         :   1.256571 ±   0.098404

====== KL divergence statistics ======
Mean    KLD:   0.414220 ±   0.002114
Maximum KLD:  12.194777
99.9%   KLD:   5.775229
99.0%   KLD:   2.955813
95.0%   KLD:   1.464306
90.0%   KLD:   0.983089
Median  KLD:   0.235065
10.0%   KLD:   0.006369
 5.0%   KLD:   0.001368
 1.0%   KLD:   0.000129
 0.1%   KLD:   0.000010
Minimum KLD:  -0.000008

====== Token probability statistics ======
Mean    Δp: -4.048 ± 0.059 %
Maximum Δp: 97.271%
99.9%   Δp: 75.040%
99.0%   Δp: 40.625%
95.0%   Δp: 15.328%
90.0%   Δp:  6.255%
75.0%   Δp:  0.189%
Median  Δp: -0.112%
25.0%   Δp: -4.988%
10.0%   Δp: -21.793%
 5.0%   Δp: -37.448%
 1.0%   Δp: -70.451%
 0.1%   Δp: -94.130%
Minimum Δp: -99.996%
RMS Δp    : 17.443 ± 0.095 %
Same top p: 73.005 ± 0.155 %
Same sampled p: 43.885 ± 0.123 %

------------------------------
# llama-perplexity: version: 0.4.4-dev (build 11430, commit 9d76dc1da-dirty) | built with GNU 15.3.0 for Linux x86_64
# model: /home/crusaderky/.cache/huggingface/hub/models--bloomer010--Ling-3.0-tiny-GGUF/snapshots/56a85ebe2d6d9d2ad6ad00a5014b13667153e236/Ling-3.0-tiny-IQ3_XXS.gguf size=3129076064 mtime=2026-08-22T16:21:32+00:00 sha256/1048576B=cba1e21bb2847960edb7a96a14e4a569616b10df05b4c0b763c6fc373a5b1abb
llama-perplexity --kl-divergence-base /tmp/logits.dat --ctx-size 32768 -f sample-data/wiki.test.head-2.4k.raw -fa on --hf-repo bloomer010/Ling-3.0-tiny-GGUF:IQ3_XXS --cache-type-k q5_0 --cache-type-v q5_0 --kl-divergence
0.00.888.671 W load: special_eos_id is not in special_eog_ids - the tokenizer config may be incorrect
0.01.619.076 I cmn          init: llama threadpool init, n_threads = 16
0.01.682.114 I 
0.01.682.181 I system_info: n_threads = 16 (n_threads_batch = 16) / 32 | CUDA : ARCHS = 750,800,860,890,900,1000,1030,1200,1210 | USE_GRAPHS = 1 | FA_ALL_QUANTS = 1 | CPU : SSE3 = 1 | SSSE3 = 1 | AVX = 1 | AVX2 = 1 | F16C = 1 | FMA = 1 | BMI2 = 1 | LLAMAFILE = 1 | OPENMP = 1 | REPACK = 1 | 
0.01.769.040 I kl_divergence: computing over 5 chunks, n_ctx=32768, batch_size=512, n_seq=1
0.09.926.520 I kl_divergence: 8.16 seconds per pass - ETA 0.67 minutes

chunk             PPL               ln(PPL(Q)/PPL(base))          KL Divergence              Δp RMS            Same top p        Same sampled p
   1      24.5043 ±    0.6338       0.04734 ±    0.00941       0.38435 ±    0.00440    16.640 ±  0.207 %    73.534 ±  0.345 %    44.267 ±  0.273 %
   2      25.0077 ±    0.4607       0.03825 ±    0.00664       0.39497 ±    0.00318    16.882 ±  0.149 %    73.503 ±  0.244 %    43.274 ±  0.194 %
   3      26.0140 ±    0.3936       0.04303 ±    0.00544       0.40179 ±    0.00261    16.863 ±  0.121 %    72.909 ±  0.200 %    42.862 ±  0.157 %
   4      23.6422 ±    0.3080       0.05297 ±    0.00471       0.40273 ±    0.00230    17.132 ±  0.106 %    73.167 ±  0.173 %    43.916 ±  0.137 %
   5      23.6934 ±    0.2761       0.05307 ±    0.00430       0.41331 ±    0.00211    17.441 ±  0.095 %    73.028 ±  0.155 %    43.857 ±  0.123 %

====== Perplexity statistics ======
Mean PPL(Q)                   :  23.693399 ±   0.276100
Mean PPL(base)                :  22.468784 ±   0.276246
Cor(ln(PPL(Q)), ln(PPL(base))):  93.68%
Mean ln(PPL(Q)/PPL(base))     :   0.053070 ±   0.004304
Mean PPL(Q)/PPL(base)         :   1.054503 ±   0.004539
Mean PPL(Q)-PPL(base)         :   1.224615 ±   0.098201

====== KL divergence statistics ======
Mean    KLD:   0.413313 ±   0.002108
Maximum KLD:  12.249315
99.9%   KLD:   5.749695
99.0%   KLD:   2.930260
95.0%   KLD:   1.454976
90.0%   KLD:   0.982519
Median  KLD:   0.235267
10.0%   KLD:   0.006340
 5.0%   KLD:   0.001375
 1.0%   KLD:   0.000136
 0.1%   KLD:   0.000010
Minimum KLD:  -0.000005

====== Token probability statistics ======
Mean    Δp: -4.062 ± 0.059 %
Maximum Δp: 97.485%
99.9%   Δp: 75.167%
99.0%   Δp: 40.911%
95.0%   Δp: 15.303%
90.0%   Δp:  6.207%
75.0%   Δp:  0.189%
Median  Δp: -0.112%
25.0%   Δp: -4.999%
10.0%   Δp: -21.791%
 5.0%   Δp: -37.283%
 1.0%   Δp: -70.509%
 0.1%   Δp: -94.204%
Minimum Δp: -99.995%
RMS Δp    : 17.441 ± 0.095 %
Same top p: 73.028 ± 0.155 %
Same sampled p: 43.857 ± 0.123 %

------------------------------
# llama-perplexity: version: 0.4.4-dev (build 11430, commit 9d76dc1da-dirty) | built with GNU 15.3.0 for Linux x86_64
# model: /home/crusaderky/.cache/huggingface/hub/models--bloomer010--Ling-3.0-tiny-GGUF/snapshots/56a85ebe2d6d9d2ad6ad00a5014b13667153e236/Ling-3.0-tiny-IQ3_XXS.gguf size=3129076064 mtime=2026-08-22T16:21:32+00:00 sha256/1048576B=cba1e21bb2847960edb7a96a14e4a569616b10df05b4c0b763c6fc373a5b1abb
llama-perplexity --kl-divergence-base /tmp/logits.dat --ctx-size 32768 -f sample-data/wiki.test.head-2.4k.raw -fa on --hf-repo bloomer010/Ling-3.0-tiny-GGUF:IQ3_XXS --cache-type-k q4_1 --cache-type-v q4_1 --kl-divergence
0.00.920.934 W load: special_eos_id is not in special_eog_ids - the tokenizer config may be incorrect
0.01.658.129 I cmn          init: llama threadpool init, n_threads = 16
0.01.722.232 I 
0.01.722.296 I system_info: n_threads = 16 (n_threads_batch = 16) / 32 | CUDA : ARCHS = 750,800,860,890,900,1000,1030,1200,1210 | USE_GRAPHS = 1 | FA_ALL_QUANTS = 1 | CPU : SSE3 = 1 | SSSE3 = 1 | AVX = 1 | AVX2 = 1 | F16C = 1 | FMA = 1 | BMI2 = 1 | LLAMAFILE = 1 | OPENMP = 1 | REPACK = 1 | 
0.01.812.203 I kl_divergence: computing over 5 chunks, n_ctx=32768, batch_size=512, n_seq=1
0.09.997.527 I kl_divergence: 8.19 seconds per pass - ETA 0.67 minutes

chunk             PPL               ln(PPL(Q)/PPL(base))          KL Divergence              Δp RMS            Same top p        Same sampled p
   1      24.5966 ±    0.6371       0.05110 ±    0.00956       0.39267 ±    0.00448    16.965 ±  0.210 %    73.167 ±  0.346 %    44.162 ±  0.273 %
   2      25.0745 ±    0.4623       0.04092 ±    0.00671       0.40123 ±    0.00322    17.094 ±  0.150 %    73.125 ±  0.245 %    43.177 ±  0.194 %
   3      26.0839 ±    0.3951       0.04571 ±    0.00550       0.40870 ±    0.00265    17.044 ±  0.122 %    72.557 ±  0.201 %    42.773 ±  0.157 %
   4      23.6969 ±    0.3089       0.05528 ±    0.00476       0.40906 ±    0.00233    17.262 ±  0.106 %    72.861 ±  0.174 %    43.826 ±  0.137 %
   5      23.7979 ±    0.2777       0.05747 ±    0.00434       0.42057 ±    0.00214    17.578 ±  0.096 %    72.739 ±  0.156 %    43.791 ±  0.123 %

====== Perplexity statistics ======
Mean PPL(Q)                   :  23.797897 ±   0.277706
Mean PPL(base)                :  22.468784 ±   0.276246
Cor(ln(PPL(Q)), ln(PPL(base))):  93.56%
Mean ln(PPL(Q)/PPL(base))     :   0.057470 ±   0.004343
Mean PPL(Q)/PPL(base)         :   1.059154 ±   0.004600
Mean PPL(Q)-PPL(base)         :   1.329113 ±   0.099384

====== KL divergence statistics ======
Mean    KLD:   0.420568 ±   0.002144
Maximum KLD:  11.926327
99.9%   KLD:   5.844252
99.0%   KLD:   2.980755
95.0%   KLD:   1.493615
90.0%   KLD:   0.995709
Median  KLD:   0.238640
10.0%   KLD:   0.006453
 5.0%   KLD:   0.001408
 1.0%   KLD:   0.000139
 0.1%   KLD:   0.000013
Minimum KLD:  -0.000026

====== Token probability statistics ======
Mean    Δp: -4.076 ± 0.060 %
Maximum Δp: 97.686%
99.9%   Δp: 76.566%
99.0%   Δp: 41.226%
95.0%   Δp: 15.578%
90.0%   Δp:  6.216%
75.0%   Δp:  0.192%
Median  Δp: -0.112%
25.0%   Δp: -5.033%
10.0%   Δp: -22.024%
 5.0%   Δp: -37.626%
 1.0%   Δp: -71.237%
 0.1%   Δp: -94.079%
Minimum Δp: -99.995%
RMS Δp    : 17.578 ± 0.096 %
Same top p: 72.739 ± 0.156 %
Same sampled p: 43.791 ± 0.123 %

------------------------------
# llama-perplexity: version: 0.4.4-dev (build 11430, commit 9d76dc1da-dirty) | built with GNU 15.3.0 for Linux x86_64
# model: /home/crusaderky/.cache/huggingface/hub/models--bloomer010--Ling-3.0-tiny-GGUF/snapshots/56a85ebe2d6d9d2ad6ad00a5014b13667153e236/Ling-3.0-tiny-IQ3_XXS.gguf size=3129076064 mtime=2026-08-22T16:21:32+00:00 sha256/1048576B=cba1e21bb2847960edb7a96a14e4a569616b10df05b4c0b763c6fc373a5b1abb
llama-perplexity --kl-divergence-base /tmp/logits.dat --ctx-size 32768 -f sample-data/wiki.test.head-2.4k.raw -fa on --hf-repo bloomer010/Ling-3.0-tiny-GGUF:IQ3_XXS --cache-type-k q4_0 --cache-type-v q4_0 --kl-divergence
0.00.903.027 W load: special_eos_id is not in special_eog_ids - the tokenizer config may be incorrect
0.01.647.979 I cmn          init: llama threadpool init, n_threads = 16
0.01.712.095 I 
0.01.712.167 I system_info: n_threads = 16 (n_threads_batch = 16) / 32 | CUDA : ARCHS = 750,800,860,890,900,1000,1030,1200,1210 | USE_GRAPHS = 1 | FA_ALL_QUANTS = 1 | CPU : SSE3 = 1 | SSSE3 = 1 | AVX = 1 | AVX2 = 1 | F16C = 1 | FMA = 1 | BMI2 = 1 | LLAMAFILE = 1 | OPENMP = 1 | REPACK = 1 | 
0.01.801.857 I kl_divergence: computing over 5 chunks, n_ctx=32768, batch_size=512, n_seq=1
0.09.964.227 I kl_divergence: 8.16 seconds per pass - ETA 0.67 minutes

chunk             PPL               ln(PPL(Q)/PPL(base))          KL Divergence              Δp RMS            Same top p        Same sampled p
   1      24.3331 ±    0.6279       0.04032 ±    0.00944       0.39067 ±    0.00441    16.822 ±  0.207 %    73.448 ±  0.345 %    44.120 ±  0.273 %
   2      24.7879 ±    0.4557       0.02942 ±    0.00668       0.40026 ±    0.00317    16.991 ±  0.149 %    73.228 ±  0.245 %    43.158 ±  0.193 %
   3      25.9544 ±    0.3921       0.04073 ±    0.00549       0.41047 ±    0.00264    17.025 ±  0.121 %    72.549 ±  0.201 %    42.685 ±  0.157 %
   4      23.6239 ±    0.3072       0.05219 ±    0.00475       0.41129 ±    0.00233    17.285 ±  0.106 %    72.847 ±  0.174 %    43.724 ±  0.137 %
   5      23.7841 ±    0.2769       0.05689 ±    0.00434       0.42379 ±    0.00216    17.616 ±  0.095 %    72.738 ±  0.156 %    43.649 ±  0.123 %

====== Perplexity statistics ======
Mean PPL(Q)                   :  23.784117 ±   0.276877
Mean PPL(base)                :  22.468784 ±   0.276246
Cor(ln(PPL(Q)), ln(PPL(base))):  93.57%
Mean ln(PPL(Q)/PPL(base))     :   0.056891 ±   0.004338
Mean PPL(Q)/PPL(base)         :   1.058540 ±   0.004592
Mean PPL(Q)-PPL(base)         :   1.315332 ±   0.099148

====== KL divergence statistics ======
Mean    KLD:   0.423792 ±   0.002155
Maximum KLD:  12.387767
99.9%   KLD:   5.932237
99.0%   KLD:   3.014300
95.0%   KLD:   1.494298
90.0%   KLD:   1.003740
Median  KLD:   0.241848
10.0%   KLD:   0.006765
 5.0%   KLD:   0.001496
 1.0%   KLD:   0.000149
 0.1%   KLD:   0.000012
Minimum KLD:  -0.000019

====== Token probability statistics ======
Mean    Δp: -4.200 ± 0.060 %
Maximum Δp: 97.854%
99.9%   Δp: 76.682%
99.0%   Δp: 40.063%
95.0%   Δp: 15.338%
90.0%   Δp:  6.120%
75.0%   Δp:  0.181%
Median  Δp: -0.122%
25.0%   Δp: -5.235%
10.0%   Δp: -22.460%
 5.0%   Δp: -38.023%
 1.0%   Δp: -71.256%
 0.1%   Δp: -94.183%
Minimum Δp: -99.995%
RMS Δp    : 17.616 ± 0.095 %
Same top p: 72.738 ± 0.156 %
Same sampled p: 43.649 ± 0.123 %

------------------------------
# llama-perplexity: version: 0.4.4-dev (build 11430, commit 9d76dc1da-dirty) | built with GNU 15.3.0 for Linux x86_64
# model: /home/crusaderky/.cache/huggingface/hub/models--bloomer010--Ling-3.0-tiny-GGUF/snapshots/56a85ebe2d6d9d2ad6ad00a5014b13667153e236/Ling-3.0-tiny-IQ3_XXS.gguf size=3129076064 mtime=2026-08-22T16:21:32+00:00 sha256/1048576B=cba1e21bb2847960edb7a96a14e4a569616b10df05b4c0b763c6fc373a5b1abb
llama-perplexity --kl-divergence-base /tmp/logits.dat --ctx-size 32768 -f sample-data/wiki.test.head-2.4k.raw -fa on --hf-repo bloomer010/Ling-3.0-tiny-GGUF:IQ3_XXS --cache-type-k q3_1 --cache-type-v q3_1 --kl-divergence
0.00.929.097 W load: special_eos_id is not in special_eog_ids - the tokenizer config may be incorrect
0.01.657.929 I cmn          init: llama threadpool init, n_threads = 16
0.01.721.223 I 
0.01.721.293 I system_info: n_threads = 16 (n_threads_batch = 16) / 32 | CUDA : ARCHS = 750,800,860,890,900,1000,1030,1200,1210 | USE_GRAPHS = 1 | FA_ALL_QUANTS = 1 | CPU : SSE3 = 1 | SSSE3 = 1 | AVX = 1 | AVX2 = 1 | F16C = 1 | FMA = 1 | BMI2 = 1 | LLAMAFILE = 1 | OPENMP = 1 | REPACK = 1 | 
0.01.809.142 I kl_divergence: computing over 5 chunks, n_ctx=32768, batch_size=512, n_seq=1
0.09.963.825 I kl_divergence: 8.15 seconds per pass - ETA 0.67 minutes

chunk             PPL               ln(PPL(Q)/PPL(base))          KL Divergence              Δp RMS            Same top p        Same sampled p
   1      24.8057 ±    0.6377       0.05956 ±    0.00979       0.41170 ±    0.00467    17.441 ±  0.212 %    72.679 ±  0.348 %    43.424 ±  0.272 %
   2      25.3945 ±    0.4661       0.05360 ±    0.00695       0.43032 ±    0.00342    17.718 ±  0.152 %    72.362 ±  0.247 %    42.473 ±  0.193 %
   3      26.2948 ±    0.3961       0.05376 ±    0.00568       0.43563 ±    0.00279    17.644 ±  0.123 %    71.831 ±  0.203 %    42.069 ±  0.157 %
   4      23.8343 ±    0.3087       0.06106 ±    0.00490       0.43407 ±    0.00245    17.879 ±  0.108 %    72.244 ±  0.175 %    43.109 ±  0.137 %
   5      24.0568 ±    0.2790       0.06829 ±    0.00448       0.44846 ±    0.00225    18.273 ±  0.097 %    72.053 ±  0.157 %    43.009 ±  0.122 %

====== Perplexity statistics ======
Mean PPL(Q)                   :  24.056792 ±   0.279031
Mean PPL(base)                :  22.468784 ±   0.276246
Cor(ln(PPL(Q)), ln(PPL(base))):  93.14%
Mean ln(PPL(Q)/PPL(base))     :   0.068290 ±   0.004478
Mean PPL(Q)/PPL(base)         :   1.070676 ±   0.004795
Mean PPL(Q)-PPL(base)         :   1.588008 ±   0.102895

====== KL divergence statistics ======
Mean    KLD:   0.448463 ±   0.002254
Maximum KLD:  12.923328
99.9%   KLD:   5.938357
99.0%   KLD:   3.184004
95.0%   KLD:   1.583943
90.0%   KLD:   1.060897
Median  KLD:   0.256364
10.0%   KLD:   0.007841
 5.0%   KLD:   0.001688
 1.0%   KLD:   0.000164
 0.1%   KLD:   0.000017
Minimum KLD:  -0.000001

====== Token probability statistics ======
Mean    Δp: -4.637 ± 0.062 %
Maximum Δp: 98.475%
99.9%   Δp: 74.690%
99.0%   Δp: 40.913%
95.0%   Δp: 14.979%
90.0%   Δp:  5.924%
75.0%   Δp:  0.162%
Median  Δp: -0.150%
25.0%   Δp: -5.762%
10.0%   Δp: -23.851%
 5.0%   Δp: -40.047%
 1.0%   Δp: -73.701%
 0.1%   Δp: -94.879%
Minimum Δp: -99.987%
RMS Δp    : 18.273 ± 0.097 %
Same top p: 72.053 ± 0.157 %
Same sampled p: 43.009 ± 0.122 %

------------------------------
# llama-perplexity: version: 0.4.4-dev (build 11430, commit 9d76dc1da-dirty) | built with GNU 15.3.0 for Linux x86_64
# model: /home/crusaderky/.cache/huggingface/hub/models--bloomer010--Ling-3.0-tiny-GGUF/snapshots/56a85ebe2d6d9d2ad6ad00a5014b13667153e236/Ling-3.0-tiny-IQ3_XXS.gguf size=3129076064 mtime=2026-08-22T16:21:32+00:00 sha256/1048576B=cba1e21bb2847960edb7a96a14e4a569616b10df05b4c0b763c6fc373a5b1abb
llama-perplexity --kl-divergence-base /tmp/logits.dat --ctx-size 32768 -f sample-data/wiki.test.head-2.4k.raw -fa on --hf-repo bloomer010/Ling-3.0-tiny-GGUF:IQ3_XXS --cache-type-k q3_0 --cache-type-v q3_0 --kl-divergence
0.00.907.129 W load: special_eos_id is not in special_eog_ids - the tokenizer config may be incorrect
0.01.628.916 I cmn          init: llama threadpool init, n_threads = 16
0.01.690.669 I 
0.01.690.740 I system_info: n_threads = 16 (n_threads_batch = 16) / 32 | CUDA : ARCHS = 750,800,860,890,900,1000,1030,1200,1210 | USE_GRAPHS = 1 | FA_ALL_QUANTS = 1 | CPU : SSE3 = 1 | SSSE3 = 1 | AVX = 1 | AVX2 = 1 | F16C = 1 | FMA = 1 | BMI2 = 1 | LLAMAFILE = 1 | OPENMP = 1 | REPACK = 1 | 
0.01.775.297 I kl_divergence: computing over 5 chunks, n_ctx=32768, batch_size=512, n_seq=1
0.09.931.639 I kl_divergence: 8.16 seconds per pass - ETA 0.67 minutes

chunk             PPL               ln(PPL(Q)/PPL(base))          KL Divergence              Δp RMS            Same top p        Same sampled p
   1      25.0055 ±    0.6489       0.06758 ±    0.00981       0.41454 ±    0.00480    17.366 ±  0.213 %    72.844 ±  0.347 %    43.817 ±  0.272 %
   2      25.7863 ±    0.4773       0.06891 ±    0.00693       0.42709 ±    0.00345    17.660 ±  0.153 %    72.554 ±  0.247 %    42.814 ±  0.193 %
   3      26.7637 ±    0.4067       0.07144 ±    0.00566       0.43227 ±    0.00281    17.565 ±  0.124 %    71.975 ±  0.203 %    42.437 ±  0.157 %
   4      24.2612 ±    0.3172       0.07881 ±    0.00489       0.43305 ±    0.00247    17.867 ±  0.109 %    72.301 ±  0.175 %    43.455 ±  0.137 %
   5      24.4005 ±    0.2855       0.08248 ±    0.00447       0.44494 ±    0.00228    18.209 ±  0.098 %    72.172 ±  0.157 %    43.391 ±  0.123 %

====== Perplexity statistics ======
Mean PPL(Q)                   :  24.400548 ±   0.285522
Mean PPL(base)                :  22.468784 ±   0.276246
Cor(ln(PPL(Q)), ln(PPL(base))):  93.18%
Mean ln(PPL(Q)/PPL(base))     :   0.082479 ±   0.004468
Mean PPL(Q)/PPL(base)         :   1.085975 ±   0.004852
Mean PPL(Q)-PPL(base)         :   1.931764 ±   0.104105

====== KL divergence statistics ======
Mean    KLD:   0.444936 ±   0.002279
Maximum KLD:  13.161250
99.9%   KLD:   6.114993
99.0%   KLD:   3.204122
95.0%   KLD:   1.574420
90.0%   KLD:   1.062012
Median  KLD:   0.250015
10.0%   KLD:   0.007102
 5.0%   KLD:   0.001509
 1.0%   KLD:   0.000134
 0.1%   KLD:   0.000014
Minimum KLD:  -0.000007

====== Token probability statistics ======
Mean    Δp: -4.417 ± 0.062 %
Maximum Δp: 97.490%
99.9%   Δp: 76.197%
99.0%   Δp: 41.384%
95.0%   Δp: 15.486%
90.0%   Δp:  6.161%
75.0%   Δp:  0.173%
Median  Δp: -0.129%
25.0%   Δp: -5.377%
10.0%   Δp: -23.222%
 5.0%   Δp: -39.591%
 1.0%   Δp: -73.947%
 0.1%   Δp: -95.347%
Minimum Δp: -99.994%
RMS Δp    : 18.209 ± 0.098 %
Same top p: 72.172 ± 0.157 %
Same sampled p: 43.391 ± 0.123 %

------------------------------
# llama-perplexity: version: 0.4.4-dev (build 11430, commit 9d76dc1da-dirty) | built with GNU 15.3.0 for Linux x86_64
# model: /home/crusaderky/.cache/huggingface/hub/models--bartowski--Ling-3.0-tiny-GGUF/snapshots/ea072726af0d2e8ba325b2f90fc0efa762105a91/Ling-3.0-tiny-Q8_0.gguf size=8409487552 mtime=2026-08-21T23:36:36+00:00 sha256/1048576B=01be6a34ed40f674dcac10bc80b57d7f57954b522781a884a9194fbfb37b72dc
llama-perplexity --kl-divergence-base /tmp/logits.dat --ctx-size 32768 -f sample-data/wiki.test.head-2.4k.raw -fa on --hf-repo bartowski/Ling-3.0-tiny-GGUF:Q8_0 --cache-type-k q8_0 --cache-type-v q8_0 --kl-divergence
0.00.918.203 W load: special_eos_id is not in special_eog_ids - the tokenizer config may be incorrect
0.07.503.084 I cmn          init: llama threadpool init, n_threads = 16
0.07.571.204 I 
0.07.571.277 I system_info: n_threads = 16 (n_threads_batch = 16) / 32 | CUDA : ARCHS = 750,800,860,890,900,1000,1030,1200,1210 | USE_GRAPHS = 1 | FA_ALL_QUANTS = 1 | CPU : SSE3 = 1 | SSSE3 = 1 | AVX = 1 | AVX2 = 1 | F16C = 1 | FMA = 1 | BMI2 = 1 | LLAMAFILE = 1 | OPENMP = 1 | REPACK = 1 | 
0.07.670.158 I kl_divergence: computing over 5 chunks, n_ctx=32768, batch_size=512, n_seq=1
0.15.714.492 I kl_divergence: 8.04 seconds per pass - ETA 0.67 minutes

chunk             PPL               ln(PPL(Q)/PPL(base))          KL Divergence              Δp RMS            Same top p        Same sampled p
   1      23.3889 ±    0.6380       0.00075 ±    0.00130       0.00688 ±    0.00019     2.477 ±  0.106 %    96.704 ±  0.139 %    52.418 ±  0.270 %
   2      24.0706 ±    0.4719       0.00006 ±    0.00091       0.00682 ±    0.00016     2.471 ±  0.081 %    96.643 ±  0.100 %    51.901 ±  0.192 %
   3      24.9581 ±    0.4006       0.00159 ±    0.00079       0.00728 ±    0.00013     2.538 ±  0.064 %    96.464 ±  0.083 %    51.567 ±  0.156 %
   4      22.4565 ±    0.3085       0.00152 ±    0.00071       0.00754 ±    0.00015     2.596 ±  0.056 %    96.519 ±  0.072 %    52.509 ±  0.136 %
   5      22.4900 ±    0.2772       0.00094 ±    0.00065       0.00778 ±    0.00012     2.644 ±  0.048 %    96.462 ±  0.065 %    52.785 ±  0.121 %

====== Perplexity statistics ======
Mean PPL(Q)                   :  22.490004 ±   0.277163
Mean PPL(base)                :  22.468784 ±   0.276246
Cor(ln(PPL(Q)), ln(PPL(base))):  99.86%
Mean ln(PPL(Q)/PPL(base))     :   0.000944 ±   0.000647
Mean PPL(Q)/PPL(base)         :   1.000944 ±   0.000647
Mean PPL(Q)-PPL(base)         :   0.021219 ±   0.014552

====== KL divergence statistics ======
Mean    KLD:   0.007777 ±   0.000124
Maximum KLD:   5.145996
99.9%   KLD:   0.352621
99.0%   KLD:   0.084799
95.0%   KLD:   0.027975
90.0%   KLD:   0.016285
Median  KLD:   0.002314
10.0%   KLD:   0.000021
 5.0%   KLD:   0.000003
 1.0%   KLD:  -0.000003
 0.1%   KLD:  -0.000034
Minimum KLD:  -0.000338

====== Token probability statistics ======
Mean    Δp:  0.049 ± 0.009 %
Maximum Δp: 87.382%
99.9%   Δp: 21.494%
99.0%   Δp:  7.902%
95.0%   Δp:  2.954%
90.0%   Δp:  1.416%
75.0%   Δp:  0.143%
Median  Δp:  0.000%
25.0%   Δp: -0.101%
10.0%   Δp: -1.226%
 5.0%   Δp: -2.657%
 1.0%   Δp: -7.683%
 0.1%   Δp: -20.177%
Minimum Δp: -67.676%
RMS Δp    :  2.644 ± 0.048 %
Same top p: 96.462 ± 0.065 %
Same sampled p: 52.785 ± 0.121 %

------------------------------
# llama-perplexity: version: 0.4.4-dev (build 11430, commit 9d76dc1da-dirty) | built with GNU 15.3.0 for Linux x86_64
# model: /home/crusaderky/.cache/huggingface/hub/models--bartowski--Ling-3.0-tiny-GGUF/snapshots/ea072726af0d2e8ba325b2f90fc0efa762105a91/Ling-3.0-tiny-Q8_0.gguf size=8409487552 mtime=2026-08-21T23:36:36+00:00 sha256/1048576B=01be6a34ed40f674dcac10bc80b57d7f57954b522781a884a9194fbfb37b72dc
llama-perplexity --kl-divergence-base /tmp/logits.dat --ctx-size 32768 -f sample-data/wiki.test.head-2.4k.raw -fa on --hf-repo bartowski/Ling-3.0-tiny-GGUF:Q8_0 --cache-type-k q6_0 --cache-type-v q6_0 --kl-divergence
0.00.942.213 W load: special_eos_id is not in special_eog_ids - the tokenizer config may be incorrect
0.02.714.962 I cmn          init: llama threadpool init, n_threads = 16
0.02.780.896 I 
0.02.780.977 I system_info: n_threads = 16 (n_threads_batch = 16) / 32 | CUDA : ARCHS = 750,800,860,890,900,1000,1030,1200,1210 | USE_GRAPHS = 1 | FA_ALL_QUANTS = 1 | CPU : SSE3 = 1 | SSSE3 = 1 | AVX = 1 | AVX2 = 1 | F16C = 1 | FMA = 1 | BMI2 = 1 | LLAMAFILE = 1 | OPENMP = 1 | REPACK = 1 | 
0.02.871.365 I kl_divergence: computing over 5 chunks, n_ctx=32768, batch_size=512, n_seq=1
0.10.890.331 I kl_divergence: 8.02 seconds per pass - ETA 0.67 minutes

chunk             PPL               ln(PPL(Q)/PPL(base))          KL Divergence              Δp RMS            Same top p        Same sampled p
   1      23.3646 ±    0.6363      -0.00029 ±    0.00141       0.00803 ±    0.00022     2.675 ±  0.109 %    96.203 ±  0.149 %    52.338 ±  0.270 %
   2      23.9908 ±    0.4701      -0.00327 ±    0.00099       0.00800 ±    0.00020     2.710 ±  0.088 %    96.188 ±  0.106 %    51.882 ±  0.192 %
   3      24.9349 ±    0.4001       0.00066 ±    0.00084       0.00828 ±    0.00015     2.705 ±  0.066 %    95.978 ±  0.089 %    51.539 ±  0.156 %
   4      22.4222 ±    0.3078      -0.00001 ±    0.00074       0.00857 ±    0.00016     2.793 ±  0.062 %    96.113 ±  0.076 %    52.483 ±  0.136 %
   5      22.4741 ±    0.2768       0.00024 ±    0.00068       0.00875 ±    0.00014     2.806 ±  0.053 %    96.094 ±  0.068 %    52.750 ±  0.121 %

====== Perplexity statistics ======
Mean PPL(Q)                   :  22.474067 ±   0.276808
Mean PPL(base)                :  22.468784 ±   0.276246
Cor(ln(PPL(Q)), ln(PPL(base))):  99.85%
Mean ln(PPL(Q)/PPL(base))     :   0.000235 ±   0.000676
Mean PPL(Q)/PPL(base)         :   1.000235 ±   0.000676
Mean PPL(Q)-PPL(base)         :   0.005283 ±   0.015195

====== KL divergence statistics ======
Mean    KLD:   0.008748 ±   0.000135
Maximum KLD:   4.479714
99.9%   KLD:   0.383914
99.0%   KLD:   0.093539
95.0%   KLD:   0.031290
90.0%   KLD:   0.018286
Median  KLD:   0.002684
10.0%   KLD:   0.000026
 5.0%   KLD:   0.000003
 1.0%   KLD:  -0.000002
 0.1%   KLD:  -0.000029
Minimum KLD:  -0.000195

====== Token probability statistics ======
Mean    Δp:  0.042 ± 0.010 %
Maximum Δp: 82.422%
99.9%   Δp: 22.244%
99.0%   Δp:  8.325%
95.0%   Δp:  3.117%
90.0%   Δp:  1.514%
75.0%   Δp:  0.149%
Median  Δp:  0.000%
25.0%   Δp: -0.113%
10.0%   Δp: -1.351%
 5.0%   Δp: -2.910%
 1.0%   Δp: -8.193%
 0.1%   Δp: -20.620%
Minimum Δp: -68.931%
RMS Δp    :  2.806 ± 0.053 %
Same top p: 96.094 ± 0.068 %
Same sampled p: 52.750 ± 0.121 %

------------------------------
# llama-perplexity: version: 0.4.4-dev (build 11430, commit 9d76dc1da-dirty) | built with GNU 15.3.0 for Linux x86_64
# model: /home/crusaderky/.cache/huggingface/hub/models--bartowski--Ling-3.0-tiny-GGUF/snapshots/ea072726af0d2e8ba325b2f90fc0efa762105a91/Ling-3.0-tiny-Q8_0.gguf size=8409487552 mtime=2026-08-21T23:36:36+00:00 sha256/1048576B=01be6a34ed40f674dcac10bc80b57d7f57954b522781a884a9194fbfb37b72dc
llama-perplexity --kl-divergence-base /tmp/logits.dat --ctx-size 32768 -f sample-data/wiki.test.head-2.4k.raw -fa on --hf-repo bartowski/Ling-3.0-tiny-GGUF:Q8_0 --cache-type-k q5_1 --cache-type-v q5_1 --kl-divergence
0.00.941.942 W load: special_eos_id is not in special_eog_ids - the tokenizer config may be incorrect
0.02.705.836 I cmn          init: llama threadpool init, n_threads = 16
0.02.769.708 I 
0.02.769.781 I system_info: n_threads = 16 (n_threads_batch = 16) / 32 | CUDA : ARCHS = 750,800,860,890,900,1000,1030,1200,1210 | USE_GRAPHS = 1 | FA_ALL_QUANTS = 1 | CPU : SSE3 = 1 | SSSE3 = 1 | AVX = 1 | AVX2 = 1 | F16C = 1 | FMA = 1 | BMI2 = 1 | LLAMAFILE = 1 | OPENMP = 1 | REPACK = 1 | 
0.02.858.211 I kl_divergence: computing over 5 chunks, n_ctx=32768, batch_size=512, n_seq=1
0.10.867.685 I kl_divergence: 8.01 seconds per pass - ETA 0.67 minutes

chunk             PPL               ln(PPL(Q)/PPL(base))          KL Divergence              Δp RMS            Same top p        Same sampled p
   1      23.1805 ±    0.6299      -0.00820 ±    0.00158       0.00978 ±    0.00031     3.060 ±  0.131 %    95.923 ±  0.155 %    52.308 ±  0.270 %
   2      24.0224 ±    0.4701      -0.00195 ±    0.00109       0.00937 ±    0.00020     2.906 ±  0.086 %    95.965 ±  0.109 %    51.795 ±  0.192 %
   3      24.9387 ±    0.3998       0.00081 ±    0.00093       0.00980 ±    0.00018     2.976 ±  0.072 %    95.794 ±  0.091 %    51.479 ±  0.156 %
   4      22.4499 ±    0.3080       0.00122 ±    0.00081       0.01029 ±    0.00020     3.088 ±  0.066 %    95.840 ±  0.078 %    52.430 ±  0.136 %
   5      22.5089 ±    0.2772       0.00178 ±    0.00074       0.01056 ±    0.00017     3.129 ±  0.055 %    95.750 ±  0.070 %    52.707 ±  0.121 %

====== Perplexity statistics ======
Mean PPL(Q)                   :  22.508868 ±   0.277231
Mean PPL(base)                :  22.468784 ±   0.276246
Cor(ln(PPL(Q)), ln(PPL(base))):  99.82%
Mean ln(PPL(Q)/PPL(base))     :   0.001782 ±   0.000742
Mean PPL(Q)/PPL(base)         :   1.001784 ±   0.000744
Mean PPL(Q)-PPL(base)         :   0.040084 ±   0.016714

====== KL divergence statistics ======
Mean    KLD:   0.010560 ±   0.000168
Maximum KLD:   5.827757
99.9%   KLD:   0.425169
99.0%   KLD:   0.106110
95.0%   KLD:   0.037967
90.0%   KLD:   0.022325
Median  KLD:   0.003374
10.0%   KLD:   0.000033
 5.0%   KLD:   0.000005
 1.0%   KLD:  -0.000001
 0.1%   KLD:  -0.000030
Minimum KLD:  -0.000236

====== Token probability statistics ======
Mean    Δp:  0.009 ± 0.011 %
Maximum Δp: 90.928%
99.9%   Δp: 23.953%
99.0%   Δp:  9.290%
95.0%   Δp:  3.435%
90.0%   Δp:  1.646%
75.0%   Δp:  0.151%
Median  Δp:  0.000%
25.0%   Δp: -0.142%
10.0%   Δp: -1.561%
 5.0%   Δp: -3.334%
 1.0%   Δp: -9.326%
 0.1%   Δp: -25.791%
Minimum Δp: -72.632%
RMS Δp    :  3.129 ± 0.055 %
Same top p: 95.750 ± 0.070 %
Same sampled p: 52.707 ± 0.121 %

------------------------------
# llama-perplexity: version: 0.4.4-dev (build 11430, commit 9d76dc1da-dirty) | built with GNU 15.3.0 for Linux x86_64
# model: /home/crusaderky/.cache/huggingface/hub/models--bartowski--Ling-3.0-tiny-GGUF/snapshots/ea072726af0d2e8ba325b2f90fc0efa762105a91/Ling-3.0-tiny-Q8_0.gguf size=8409487552 mtime=2026-08-21T23:36:36+00:00 sha256/1048576B=01be6a34ed40f674dcac10bc80b57d7f57954b522781a884a9194fbfb37b72dc
llama-perplexity --kl-divergence-base /tmp/logits.dat --ctx-size 32768 -f sample-data/wiki.test.head-2.4k.raw -fa on --hf-repo bartowski/Ling-3.0-tiny-GGUF:Q8_0 --cache-type-k q5_0 --cache-type-v q5_0 --kl-divergence
0.00.916.743 W load: special_eos_id is not in special_eog_ids - the tokenizer config may be incorrect
0.02.701.208 I cmn          init: llama threadpool init, n_threads = 16
0.02.764.964 I 
0.02.765.042 I system_info: n_threads = 16 (n_threads_batch = 16) / 32 | CUDA : ARCHS = 750,800,860,890,900,1000,1030,1200,1210 | USE_GRAPHS = 1 | FA_ALL_QUANTS = 1 | CPU : SSE3 = 1 | SSSE3 = 1 | AVX = 1 | AVX2 = 1 | F16C = 1 | FMA = 1 | BMI2 = 1 | LLAMAFILE = 1 | OPENMP = 1 | REPACK = 1 | 
0.02.852.786 I kl_divergence: computing over 5 chunks, n_ctx=32768, batch_size=512, n_seq=1
0.10.863.388 I kl_divergence: 8.01 seconds per pass - ETA 0.67 minutes

chunk             PPL               ln(PPL(Q)/PPL(base))          KL Divergence              Δp RMS            Same top p        Same sampled p
   1      23.3960 ±    0.6376       0.00105 ±    0.00156       0.01043 ±    0.00030     3.094 ±  0.120 %    95.764 ±  0.157 %    52.336 ±  0.270 %
   2      24.1427 ±    0.4734       0.00305 ±    0.00110       0.01014 ±    0.00022     2.979 ±  0.078 %    95.739 ±  0.112 %    51.848 ±  0.192 %
   3      24.9573 ±    0.4004       0.00156 ±    0.00093       0.01041 ±    0.00016     2.950 ±  0.057 %    95.607 ±  0.092 %    51.511 ±  0.156 %
   4      22.4511 ±    0.3083       0.00127 ±    0.00082       0.01080 ±    0.00018     3.058 ±  0.056 %    95.634 ±  0.080 %    52.459 ±  0.136 %
   5      22.5242 ±    0.2776       0.00246 ±    0.00075       0.01102 ±    0.00015     3.100 ±  0.047 %    95.627 ±  0.071 %    52.730 ±  0.121 %

====== Perplexity statistics ======
Mean PPL(Q)                   :  22.524186 ±   0.277631
Mean PPL(base)                :  22.468784 ±   0.276246
Cor(ln(PPL(Q)), ln(PPL(base))):  99.81%
Mean ln(PPL(Q)/PPL(base))     :   0.002463 ±   0.000752
Mean PPL(Q)/PPL(base)         :   1.002466 ±   0.000754
Mean PPL(Q)-PPL(base)         :   0.055402 ±   0.016951

====== KL divergence statistics ======
Mean    KLD:   0.011024 ±   0.000151
Maximum KLD:   5.459568
99.9%   KLD:   0.419992
99.0%   KLD:   0.114658
95.0%   KLD:   0.039814
90.0%   KLD:   0.023940
Median  KLD:   0.003656
10.0%   KLD:   0.000035
 5.0%   KLD:   0.000005
 1.0%   KLD:  -0.000001
 0.1%   KLD:  -0.000026
Minimum KLD:  -0.000156

====== Token probability statistics ======
Mean    Δp:  0.035 ± 0.011 %
Maximum Δp: 93.681%
99.9%   Δp: 24.286%
99.0%   Δp:  9.770%
95.0%   Δp:  3.581%
90.0%   Δp:  1.714%
75.0%   Δp:  0.166%
Median  Δp:  0.000%
25.0%   Δp: -0.135%
10.0%   Δp: -1.584%
 5.0%   Δp: -3.401%
 1.0%   Δp: -9.568%
 0.1%   Δp: -23.984%
Minimum Δp: -65.282%
RMS Δp    :  3.100 ± 0.047 %
Same top p: 95.627 ± 0.071 %
Same sampled p: 52.730 ± 0.121 %

------------------------------
# llama-perplexity: version: 0.4.4-dev (build 11430, commit 9d76dc1da-dirty) | built with GNU 15.3.0 for Linux x86_64
# model: /home/crusaderky/.cache/huggingface/hub/models--bartowski--Ling-3.0-tiny-GGUF/snapshots/ea072726af0d2e8ba325b2f90fc0efa762105a91/Ling-3.0-tiny-Q8_0.gguf size=8409487552 mtime=2026-08-21T23:36:36+00:00 sha256/1048576B=01be6a34ed40f674dcac10bc80b57d7f57954b522781a884a9194fbfb37b72dc
llama-perplexity --kl-divergence-base /tmp/logits.dat --ctx-size 32768 -f sample-data/wiki.test.head-2.4k.raw -fa on --hf-repo bartowski/Ling-3.0-tiny-GGUF:Q8_0 --cache-type-k q4_1 --cache-type-v q4_1 --kl-divergence
0.00.928.438 W load: special_eos_id is not in special_eog_ids - the tokenizer config may be incorrect
0.02.706.928 I cmn          init: llama threadpool init, n_threads = 16
0.02.771.118 I 
0.02.771.194 I system_info: n_threads = 16 (n_threads_batch = 16) / 32 | CUDA : ARCHS = 750,800,860,890,900,1000,1030,1200,1210 | USE_GRAPHS = 1 | FA_ALL_QUANTS = 1 | CPU : SSE3 = 1 | SSSE3 = 1 | AVX = 1 | AVX2 = 1 | F16C = 1 | FMA = 1 | BMI2 = 1 | LLAMAFILE = 1 | OPENMP = 1 | REPACK = 1 | 
0.02.861.276 I kl_divergence: computing over 5 chunks, n_ctx=32768, batch_size=512, n_seq=1
0.10.888.644 I kl_divergence: 8.03 seconds per pass - ETA 0.67 minutes

chunk             PPL               ln(PPL(Q)/PPL(base))          KL Divergence              Δp RMS            Same top p        Same sampled p
   1      23.1759 ±    0.6297      -0.00840 ±    0.00198       0.01647 ±    0.00042     3.852 ±  0.125 %    94.348 ±  0.180 %    52.098 ±  0.270 %
   2      24.0448 ±    0.4703      -0.00102 ±    0.00139       0.01604 ±    0.00029     3.725 ±  0.085 %    94.449 ±  0.127 %    51.604 ±  0.192 %
   3      25.0069 ±    0.4006       0.00354 ±    0.00118       0.01712 ±    0.00025     3.840 ±  0.072 %    94.122 ±  0.106 %    51.258 ±  0.156 %
   4      22.5582 ±    0.3096       0.00603 ±    0.00104       0.01737 ±    0.00023     3.901 ±  0.062 %    94.258 ±  0.091 %    52.257 ±  0.136 %
   5      22.6226 ±    0.2788       0.00682 ±    0.00095       0.01780 ±    0.00022     3.956 ±  0.055 %    94.237 ±  0.081 %    52.561 ±  0.121 %

====== Perplexity statistics ======
Mean PPL(Q)                   :  22.622640 ±   0.278837
Mean PPL(base)                :  22.468784 ±   0.276246
Cor(ln(PPL(Q)), ln(PPL(base))):  99.70%
Mean ln(PPL(Q)/PPL(base))     :   0.006824 ±   0.000947
Mean PPL(Q)/PPL(base)         :   1.006848 ±   0.000953
Mean PPL(Q)-PPL(base)         :   0.153856 ±   0.021487

====== KL divergence statistics ======
Mean    KLD:   0.017799 ±   0.000219
Maximum KLD:   7.378362
99.9%   KLD:   0.664688
99.0%   KLD:   0.181267
95.0%   KLD:   0.064250
90.0%   KLD:   0.038964
Median  KLD:   0.006226
10.0%   KLD:   0.000064
 5.0%   KLD:   0.000010
 1.0%   KLD:  -0.000000
 0.1%   KLD:  -0.000022
Minimum KLD:  -0.000193

====== Token probability statistics ======
Mean    Δp: -0.049 ± 0.014 %
Maximum Δp: 93.374%
99.9%   Δp: 30.269%
99.0%   Δp: 11.887%
95.0%   Δp:  4.363%
90.0%   Δp:  2.041%
75.0%   Δp:  0.177%
Median  Δp: -0.000%
25.0%   Δp: -0.221%
10.0%   Δp: -2.203%
 5.0%   Δp: -4.622%
 1.0%   Δp: -12.446%
 0.1%   Δp: -30.520%
Minimum Δp: -82.673%
RMS Δp    :  3.956 ± 0.055 %
Same top p: 94.237 ± 0.081 %
Same sampled p: 52.561 ± 0.121 %

------------------------------
# llama-perplexity: version: 0.4.4-dev (build 11430, commit 9d76dc1da-dirty) | built with GNU 15.3.0 for Linux x86_64
# model: /home/crusaderky/.cache/huggingface/hub/models--bartowski--Ling-3.0-tiny-GGUF/snapshots/ea072726af0d2e8ba325b2f90fc0efa762105a91/Ling-3.0-tiny-Q8_0.gguf size=8409487552 mtime=2026-08-21T23:36:36+00:00 sha256/1048576B=01be6a34ed40f674dcac10bc80b57d7f57954b522781a884a9194fbfb37b72dc
llama-perplexity --kl-divergence-base /tmp/logits.dat --ctx-size 32768 -f sample-data/wiki.test.head-2.4k.raw -fa on --hf-repo bartowski/Ling-3.0-tiny-GGUF:Q8_0 --cache-type-k q4_0 --cache-type-v q4_0 --kl-divergence
0.00.889.295 W load: special_eos_id is not in special_eog_ids - the tokenizer config may be incorrect
0.02.674.545 I cmn          init: llama threadpool init, n_threads = 16
0.02.738.131 I 
0.02.738.204 I system_info: n_threads = 16 (n_threads_batch = 16) / 32 | CUDA : ARCHS = 750,800,860,890,900,1000,1030,1200,1210 | USE_GRAPHS = 1 | FA_ALL_QUANTS = 1 | CPU : SSE3 = 1 | SSSE3 = 1 | AVX = 1 | AVX2 = 1 | F16C = 1 | FMA = 1 | BMI2 = 1 | LLAMAFILE = 1 | OPENMP = 1 | REPACK = 1 | 
0.02.826.248 I kl_divergence: computing over 5 chunks, n_ctx=32768, batch_size=512, n_seq=1
0.10.829.910 I kl_divergence: 8.00 seconds per pass - ETA 0.67 minutes

chunk             PPL               ln(PPL(Q)/PPL(base))          KL Divergence              Δp RMS            Same top p        Same sampled p
   1      23.3150 ±    0.6335      -0.00241 ±    0.00207       0.01789 ±    0.00035     3.888 ±  0.095 %    94.024 ±  0.185 %    52.079 ±  0.270 %
   2      24.1709 ±    0.4732       0.00422 ±    0.00149       0.01834 ±    0.00029     3.893 ±  0.070 %    94.027 ±  0.131 %    51.593 ±  0.192 %
   3      25.0708 ±    0.4017       0.00610 ±    0.00126       0.01918 ±    0.00026     3.992 ±  0.064 %    93.829 ±  0.109 %    51.225 ±  0.156 %
   4      22.5916 ±    0.3100       0.00751 ±    0.00111       0.01968 ±    0.00024     4.117 ±  0.060 %    93.869 ±  0.094 %    52.197 ±  0.136 %
   5      22.6267 ±    0.2786       0.00700 ±    0.00101       0.02032 ±    0.00022     4.196 ±  0.052 %    93.863 ±  0.084 %    52.449 ±  0.121 %

====== Perplexity statistics ======
Mean PPL(Q)                   :  22.626680 ±   0.278615
Mean PPL(base)                :  22.468784 ±   0.276246
Cor(ln(PPL(Q)), ln(PPL(base))):  99.66%
Mean ln(PPL(Q)/PPL(base))     :   0.007003 ±   0.001015
Mean PPL(Q)/PPL(base)         :   1.007027 ±   0.001022
Mean PPL(Q)-PPL(base)         :   0.157896 ±   0.023003

====== KL divergence statistics ======
Mean    KLD:   0.020323 ±   0.000217
Maximum KLD:   4.585173
99.9%   KLD:   0.766788
99.0%   KLD:   0.206771
95.0%   KLD:   0.074908
90.0%   KLD:   0.044417
Median  KLD:   0.007244
10.0%   KLD:   0.000077
 5.0%   KLD:   0.000012
 1.0%   KLD:  -0.000000
 0.1%   KLD:  -0.000020
Minimum KLD:  -0.000155

====== Token probability statistics ======
Mean    Δp: -0.109 ± 0.015 %
Maximum Δp: 84.881%
99.9%   Δp: 30.948%
99.0%   Δp: 12.620%
95.0%   Δp:  4.617%
90.0%   Δp:  2.100%
75.0%   Δp:  0.170%
Median  Δp: -0.000%
25.0%   Δp: -0.262%
10.0%   Δp: -2.489%
 5.0%   Δp: -5.167%
 1.0%   Δp: -13.898%
 0.1%   Δp: -33.004%
Minimum Δp: -81.907%
RMS Δp    :  4.196 ± 0.052 %
Same top p: 93.863 ± 0.084 %
Same sampled p: 52.449 ± 0.121 %

------------------------------
# llama-perplexity: version: 0.4.4-dev (build 11430, commit 9d76dc1da-dirty) | built with GNU 15.3.0 for Linux x86_64
# model: /home/crusaderky/.cache/huggingface/hub/models--bartowski--Ling-3.0-tiny-GGUF/snapshots/ea072726af0d2e8ba325b2f90fc0efa762105a91/Ling-3.0-tiny-Q8_0.gguf size=8409487552 mtime=2026-08-21T23:36:36+00:00 sha256/1048576B=01be6a34ed40f674dcac10bc80b57d7f57954b522781a884a9194fbfb37b72dc
llama-perplexity --kl-divergence-base /tmp/logits.dat --ctx-size 32768 -f sample-data/wiki.test.head-2.4k.raw -fa on --hf-repo bartowski/Ling-3.0-tiny-GGUF:Q8_0 --cache-type-k q3_1 --cache-type-v q3_1 --kl-divergence
0.00.925.961 W load: special_eos_id is not in special_eog_ids - the tokenizer config may be incorrect
0.02.712.918 I cmn          init: llama threadpool init, n_threads = 16
0.02.776.845 I 
0.02.776.910 I system_info: n_threads = 16 (n_threads_batch = 16) / 32 | CUDA : ARCHS = 750,800,860,890,900,1000,1030,1200,1210 | USE_GRAPHS = 1 | FA_ALL_QUANTS = 1 | CPU : SSE3 = 1 | SSSE3 = 1 | AVX = 1 | AVX2 = 1 | F16C = 1 | FMA = 1 | BMI2 = 1 | LLAMAFILE = 1 | OPENMP = 1 | REPACK = 1 | 
0.02.865.113 I kl_divergence: computing over 5 chunks, n_ctx=32768, batch_size=512, n_seq=1
0.10.858.737 I kl_divergence: 7.99 seconds per pass - ETA 0.65 minutes

chunk             PPL               ln(PPL(Q)/PPL(base))          KL Divergence              Δp RMS            Same top p        Same sampled p
   1      23.4574 ±    0.6356       0.00367 ±    0.00344       0.04690 ±    0.00088     6.232 ±  0.135 %    90.765 ±  0.226 %    51.378 ±  0.271 %
   2      24.3157 ±    0.4761       0.01019 ±    0.00243       0.04791 ±    0.00067     6.218 ±  0.100 %    90.618 ±  0.161 %    51.071 ±  0.192 %
   3      25.4324 ±    0.4079       0.02042 ±    0.00203       0.05018 ±    0.00056     6.317 ±  0.083 %    90.142 ±  0.134 %    50.649 ±  0.157 %
   4      22.7842 ±    0.3126       0.01600 ±    0.00177       0.05025 ±    0.00049     6.439 ±  0.072 %    90.232 ±  0.116 %    51.600 ±  0.136 %
   5      22.7739 ±    0.2801       0.01349 ±    0.00160       0.05148 ±    0.00047     6.550 ±  0.064 %    90.161 ±  0.104 %    51.863 ±  0.122 %

====== Perplexity statistics ======
Mean PPL(Q)                   :  22.773892 ±   0.280113
Mean PPL(base)                :  22.468784 ±   0.276246
Cor(ln(PPL(Q)), ln(PPL(base))):  99.15%
Mean ln(PPL(Q)/PPL(base))     :   0.013488 ±   0.001601
Mean PPL(Q)/PPL(base)         :   1.013579 ±   0.001623
Mean PPL(Q)-PPL(base)         :   0.305107 ±   0.036425

====== KL divergence statistics ======
Mean    KLD:   0.051483 ±   0.000472
Maximum KLD:  14.486658
99.9%   KLD:   1.579861
99.0%   KLD:   0.515913
95.0%   KLD:   0.191906
90.0%   KLD:   0.116577
Median  KLD:   0.019678
10.0%   KLD:   0.000211
 5.0%   KLD:   0.000035
 1.0%   KLD:   0.000002
 0.1%   KLD:  -0.000011
Minimum KLD:  -0.000188

====== Token probability statistics ======
Mean    Δp: -0.279 ± 0.023 %
Maximum Δp: 92.483%
99.9%   Δp: 45.828%
99.0%   Δp: 19.515%
95.0%   Δp:  7.326%
90.0%   Δp:  3.357%
75.0%   Δp:  0.262%
Median  Δp: -0.001%
25.0%   Δp: -0.458%
10.0%   Δp: -4.256%
 5.0%   Δp: -8.905%
 1.0%   Δp: -23.131%
 0.1%   Δp: -51.699%
Minimum Δp: -95.792%
RMS Δp    :  6.550 ± 0.064 %
Same top p: 90.161 ± 0.104 %
Same sampled p: 51.863 ± 0.122 %

------------------------------
# llama-perplexity: version: 0.4.4-dev (build 11430, commit 9d76dc1da-dirty) | built with GNU 15.3.0 for Linux x86_64
# model: /home/crusaderky/.cache/huggingface/hub/models--bartowski--Ling-3.0-tiny-GGUF/snapshots/ea072726af0d2e8ba325b2f90fc0efa762105a91/Ling-3.0-tiny-Q8_0.gguf size=8409487552 mtime=2026-08-21T23:36:36+00:00 sha256/1048576B=01be6a34ed40f674dcac10bc80b57d7f57954b522781a884a9194fbfb37b72dc
llama-perplexity --kl-divergence-base /tmp/logits.dat --ctx-size 32768 -f sample-data/wiki.test.head-2.4k.raw -fa on --hf-repo bartowski/Ling-3.0-tiny-GGUF:Q8_0 --cache-type-k q3_0 --cache-type-v q3_0 --kl-divergence
0.00.893.584 W load: special_eos_id is not in special_eog_ids - the tokenizer config may be incorrect
0.02.655.608 I cmn          init: llama threadpool init, n_threads = 16
0.02.717.967 I 
0.02.718.040 I system_info: n_threads = 16 (n_threads_batch = 16) / 32 | CUDA : ARCHS = 750,800,860,890,900,1000,1030,1200,1210 | USE_GRAPHS = 1 | FA_ALL_QUANTS = 1 | CPU : SSE3 = 1 | SSSE3 = 1 | AVX = 1 | AVX2 = 1 | F16C = 1 | FMA = 1 | BMI2 = 1 | LLAMAFILE = 1 | OPENMP = 1 | REPACK = 1 | 
0.02.803.279 I kl_divergence: computing over 5 chunks, n_ctx=32768, batch_size=512, n_seq=1
0.10.798.644 I kl_divergence: 8.00 seconds per pass - ETA 0.65 minutes

chunk             PPL               ln(PPL(Q)/PPL(base))          KL Divergence              Δp RMS            Same top p        Same sampled p
   1      23.6564 ±    0.6421       0.01212 ±    0.00344       0.04926 ±    0.00098     6.479 ±  0.149 %    90.051 ±  0.234 %    51.274 ±  0.271 %
   2      24.5828 ±    0.4817       0.02111 ±    0.00240       0.04826 ±    0.00067     6.358 ±  0.103 %    90.243 ±  0.164 %    50.982 ±  0.192 %
   3      25.6386 ±    0.4127       0.02849 ±    0.00200       0.05021 ±    0.00058     6.396 ±  0.082 %    89.984 ±  0.135 %    50.756 ±  0.157 %
   4      23.1140 ±    0.3187       0.03038 ±    0.00176       0.05177 ±    0.00053     6.574 ±  0.074 %    90.112 ±  0.117 %    51.704 ±  0.136 %
   5      23.0790 ±    0.2856       0.02680 ±    0.00161       0.05346 ±    0.00051     6.694 ±  0.066 %    90.091 ±  0.104 %    52.016 ±  0.122 %

====== Perplexity statistics ======
Mean PPL(Q)                   :  23.079045 ±   0.285596
Mean PPL(base)                :  22.468784 ±   0.276246
Cor(ln(PPL(Q)), ln(PPL(base))):  99.15%
Mean ln(PPL(Q)/PPL(base))     :   0.026798 ±   0.001612
Mean PPL(Q)/PPL(base)         :   1.027160 ±   0.001656
Mean PPL(Q)-PPL(base)         :   0.610261 ±   0.037843

====== KL divergence statistics ======
Mean    KLD:   0.053463 ±   0.000509
Maximum KLD:  14.339254
99.9%   KLD:   1.878536
99.0%   KLD:   0.550191
95.0%   KLD:   0.200815
90.0%   KLD:   0.119736
Median  KLD:   0.019546
10.0%   KLD:   0.000196
 5.0%   KLD:   0.000032
 1.0%   KLD:   0.000001
 0.1%   KLD:  -0.000017
Minimum KLD:  -0.000224

====== Token probability statistics ======
Mean    Δp: -0.216 ± 0.023 %
Maximum Δp: 90.795%
99.9%   Δp: 47.398%
99.0%   Δp: 20.493%
95.0%   Δp:  7.578%
90.0%   Δp:  3.503%
75.0%   Δp:  0.294%
Median  Δp: -0.000%
25.0%   Δp: -0.416%
10.0%   Δp: -4.086%
 5.0%   Δp: -8.648%
 1.0%   Δp: -23.672%
 0.1%   Δp: -53.833%
Minimum Δp: -97.211%
RMS Δp    :  6.694 ± 0.066 %
Same top p: 90.091 ± 0.104 %
Same sampled p: 52.016 ± 0.122 %

------------------------------
# llama-perplexity: version: 0.4.4-dev (build 11430, commit 9d76dc1da-dirty) | built with GNU 15.3.0 for Linux x86_64
# model: /home/crusaderky/.cache/huggingface/hub/models--bartowski--Ling-3.0-tiny-GGUF/snapshots/ea072726af0d2e8ba325b2f90fc0efa762105a91/Ling-3.0-tiny-Q6_K_L.gguf size=6956021056 mtime=2026-08-21T23:40:26+00:00 sha256/1048576B=01be6a34ed40f674dcac10bc80b57d7f57954b522781a884a9194fbfb37b72dc
llama-perplexity --kl-divergence-base /tmp/logits.dat --ctx-size 32768 -f sample-data/wiki.test.head-2.4k.raw -fa on --hf-repo bartowski/Ling-3.0-tiny-GGUF:Q6_K_L --cache-type-k q8_0 --cache-type-v q8_0 --kl-divergence
0.00.917.409 W load: special_eos_id is not in special_eog_ids - the tokenizer config may be incorrect
0.06.219.897 I cmn          init: llama threadpool init, n_threads = 16
0.06.282.971 I 
0.06.283.042 I system_info: n_threads = 16 (n_threads_batch = 16) / 32 | CUDA : ARCHS = 750,800,860,890,900,1000,1030,1200,1210 | USE_GRAPHS = 1 | FA_ALL_QUANTS = 1 | CPU : SSE3 = 1 | SSSE3 = 1 | AVX = 1 | AVX2 = 1 | F16C = 1 | FMA = 1 | BMI2 = 1 | LLAMAFILE = 1 | OPENMP = 1 | REPACK = 1 | 
0.06.377.860 I kl_divergence: computing over 5 chunks, n_ctx=32768, batch_size=512, n_seq=1
0.14.652.214 I kl_divergence: 8.27 seconds per pass - ETA 0.68 minutes

chunk             PPL               ln(PPL(Q)/PPL(base))          KL Divergence              Δp RMS            Same top p        Same sampled p
   1      23.1037 ±    0.6290      -0.01152 ±    0.00161       0.01078 ±    0.00025     3.068 ±  0.086 %    95.434 ±  0.163 %    52.404 ±  0.270 %
   2      23.7952 ±    0.4656      -0.01145 ±    0.00114       0.01036 ±    0.00019     3.003 ±  0.077 %    95.572 ±  0.114 %    51.861 ±  0.192 %
   3      24.7468 ±    0.3965      -0.00691 ±    0.00095       0.01058 ±    0.00015     2.986 ±  0.058 %    95.390 ±  0.095 %    51.520 ±  0.156 %
   4      22.3061 ±    0.3060      -0.00520 ±    0.00083       0.01072 ±    0.00015     3.038 ±  0.051 %    95.556 ±  0.080 %    52.476 ±  0.136 %
   5      22.3472 ±    0.2750      -0.00543 ±    0.00075       0.01100 ±    0.00013     3.066 ±  0.044 %    95.576 ±  0.072 %    52.755 ±  0.121 %

====== Perplexity statistics ======
Mean PPL(Q)                   :  22.347152 ±   0.275036
Mean PPL(base)                :  22.468784 ±   0.276246
Cor(ln(PPL(Q)), ln(PPL(base))):  99.81%
Mean ln(PPL(Q)/PPL(base))     :  -0.005428 ±   0.000754
Mean PPL(Q)/PPL(base)         :   0.994587 ±   0.000750
Mean PPL(Q)-PPL(base)         :  -0.121633 ±   0.016935

====== KL divergence statistics ======
Mean    KLD:   0.010997 ±   0.000135
Maximum KLD:   4.599156
99.9%   KLD:   0.402891
99.0%   KLD:   0.112876
95.0%   KLD:   0.039846
90.0%   KLD:   0.024113
Median  KLD:   0.003764
10.0%   KLD:   0.000034
 5.0%   KLD:   0.000005
 1.0%   KLD:  -0.000001
 0.1%   KLD:  -0.000029
Minimum KLD:  -0.000214

====== Token probability statistics ======
Mean    Δp:  0.102 ± 0.011 %
Maximum Δp: 92.181%
99.9%   Δp: 24.047%
99.0%   Δp:  9.912%
95.0%   Δp:  3.779%
90.0%   Δp:  1.854%
75.0%   Δp:  0.195%
Median  Δp:  0.000%
25.0%   Δp: -0.113%
10.0%   Δp: -1.488%
 5.0%   Δp: -3.261%
 1.0%   Δp: -8.777%
 0.1%   Δp: -24.559%
Minimum Δp: -67.192%
RMS Δp    :  3.066 ± 0.044 %
Same top p: 95.576 ± 0.072 %
Same sampled p: 52.755 ± 0.121 %

------------------------------
# llama-perplexity: version: 0.4.4-dev (build 11430, commit 9d76dc1da-dirty) | built with GNU 15.3.0 for Linux x86_64
# model: /home/crusaderky/.cache/huggingface/hub/models--bartowski--Ling-3.0-tiny-GGUF/snapshots/ea072726af0d2e8ba325b2f90fc0efa762105a91/Ling-3.0-tiny-Q6_K_L.gguf size=6956021056 mtime=2026-08-21T23:40:26+00:00 sha256/1048576B=01be6a34ed40f674dcac10bc80b57d7f57954b522781a884a9194fbfb37b72dc
llama-perplexity --kl-divergence-base /tmp/logits.dat --ctx-size 32768 -f sample-data/wiki.test.head-2.4k.raw -fa on --hf-repo bartowski/Ling-3.0-tiny-GGUF:Q6_K_L --cache-type-k q6_0 --cache-type-v q6_0 --kl-divergence
0.00.917.831 W load: special_eos_id is not in special_eog_ids - the tokenizer config may be incorrect
0.02.375.798 I cmn          init: llama threadpool init, n_threads = 16
0.02.443.286 I 
0.02.443.359 I system_info: n_threads = 16 (n_threads_batch = 16) / 32 | CUDA : ARCHS = 750,800,860,890,900,1000,1030,1200,1210 | USE_GRAPHS = 1 | FA_ALL_QUANTS = 1 | CPU : SSE3 = 1 | SSSE3 = 1 | AVX = 1 | AVX2 = 1 | F16C = 1 | FMA = 1 | BMI2 = 1 | LLAMAFILE = 1 | OPENMP = 1 | REPACK = 1 | 
0.02.535.672 I kl_divergence: computing over 5 chunks, n_ctx=32768, batch_size=512, n_seq=1
0.10.825.111 I kl_divergence: 8.29 seconds per pass - ETA 0.68 minutes

chunk             PPL               ln(PPL(Q)/PPL(base))          KL Divergence              Δp RMS            Same top p        Same sampled p
   1      23.2064 ±    0.6326      -0.00708 ±    0.00166       0.01146 ±    0.00026     3.198 ±  0.096 %    95.154 ±  0.168 %    52.393 ±  0.270 %
   2      23.7916 ±    0.4659      -0.01160 ±    0.00119       0.01128 ±    0.00021     3.135 ±  0.070 %    95.239 ±  0.118 %    51.882 ±  0.192 %
   3      24.7322 ±    0.3966      -0.00750 ±    0.00098       0.01134 ±    0.00015     3.109 ±  0.054 %    95.184 ±  0.097 %    51.548 ±  0.156 %
   4      22.2969 ±    0.3060      -0.00562 ±    0.00085       0.01135 ±    0.00014     3.111 ±  0.045 %    95.327 ±  0.082 %    52.483 ±  0.136 %
   5      22.3344 ±    0.2749      -0.00600 ±    0.00078       0.01175 ±    0.00013     3.168 ±  0.040 %    95.338 ±  0.074 %    52.737 ±  0.121 %

====== Perplexity statistics ======
Mean PPL(Q)                   :  22.334353 ±   0.274855
Mean PPL(base)                :  22.468784 ±   0.276246
Cor(ln(PPL(Q)), ln(PPL(base))):  99.80%
Mean ln(PPL(Q)/PPL(base))     :  -0.006001 ±   0.000781
Mean PPL(Q)/PPL(base)         :   0.994017 ±   0.000777
Mean PPL(Q)-PPL(base)         :  -0.134432 ±   0.017553

====== KL divergence statistics ======
Mean    KLD:   0.011750 ±   0.000128
Maximum KLD:   2.750436
99.9%   KLD:   0.408535
99.0%   KLD:   0.118467
95.0%   KLD:   0.043879
90.0%   KLD:   0.026113
Median  KLD:   0.004110
10.0%   KLD:   0.000038
 5.0%   KLD:   0.000005
 1.0%   KLD:  -0.000001
 0.1%   KLD:  -0.000029
Minimum KLD:  -0.000237

====== Token probability statistics ======
Mean    Δp:  0.107 ± 0.011 %
Maximum Δp: 83.511%
99.9%   Δp: 24.262%
99.0%   Δp: 10.561%
95.0%   Δp:  4.013%
90.0%   Δp:  1.955%
75.0%   Δp:  0.205%
Median  Δp:  0.000%
25.0%   Δp: -0.119%
10.0%   Δp: -1.567%
 5.0%   Δp: -3.393%
 1.0%   Δp: -9.405%
 0.1%   Δp: -23.616%
Minimum Δp: -67.683%
RMS Δp    :  3.168 ± 0.040 %
Same top p: 95.338 ± 0.074 %
Same sampled p: 52.737 ± 0.121 %

------------------------------
# llama-perplexity: version: 0.4.4-dev (build 11430, commit 9d76dc1da-dirty) | built with GNU 15.3.0 for Linux x86_64
# model: /home/crusaderky/.cache/huggingface/hub/models--bartowski--Ling-3.0-tiny-GGUF/snapshots/ea072726af0d2e8ba325b2f90fc0efa762105a91/Ling-3.0-tiny-Q6_K_L.gguf size=6956021056 mtime=2026-08-21T23:40:26+00:00 sha256/1048576B=01be6a34ed40f674dcac10bc80b57d7f57954b522781a884a9194fbfb37b72dc
llama-perplexity --kl-divergence-base /tmp/logits.dat --ctx-size 32768 -f sample-data/wiki.test.head-2.4k.raw -fa on --hf-repo bartowski/Ling-3.0-tiny-GGUF:Q6_K_L --cache-type-k q5_1 --cache-type-v q5_1 --kl-divergence
0.00.986.136 W load: special_eos_id is not in special_eog_ids - the tokenizer config may be incorrect
0.02.463.541 I cmn          init: llama threadpool init, n_threads = 16
0.02.528.085 I 
0.02.528.159 I system_info: n_threads = 16 (n_threads_batch = 16) / 32 | CUDA : ARCHS = 750,800,860,890,900,1000,1030,1200,1210 | USE_GRAPHS = 1 | FA_ALL_QUANTS = 1 | CPU : SSE3 = 1 | SSSE3 = 1 | AVX = 1 | AVX2 = 1 | F16C = 1 | FMA = 1 | BMI2 = 1 | LLAMAFILE = 1 | OPENMP = 1 | REPACK = 1 | 
0.02.616.242 I kl_divergence: computing over 5 chunks, n_ctx=32768, batch_size=512, n_seq=1
0.10.859.998 I kl_divergence: 8.24 seconds per pass - ETA 0.68 minutes

chunk             PPL               ln(PPL(Q)/PPL(base))          KL Divergence              Δp RMS            Same top p        Same sampled p
   1      23.2282 ±    0.6327      -0.00615 ±    0.00167       0.01150 ±    0.00023     3.099 ±  0.078 %    95.178 ±  0.167 %    52.316 ±  0.270 %
   2      23.9743 ±    0.4692      -0.00395 ±    0.00121       0.01184 ±    0.00022     3.184 ±  0.076 %    95.260 ±  0.117 %    51.753 ±  0.192 %
   3      24.8908 ±    0.3989      -0.00111 ±    0.00102       0.01230 ±    0.00017     3.219 ±  0.058 %    94.981 ±  0.098 %    51.410 ±  0.156 %
   4      22.4071 ±    0.3074      -0.00069 ±    0.00090       0.01268 ±    0.00018     3.357 ±  0.057 %    95.123 ±  0.084 %    52.358 ±  0.136 %
   5      22.4196 ±    0.2759      -0.00219 ±    0.00082       0.01315 ±    0.00016     3.410 ±  0.048 %    95.080 ±  0.076 %    52.655 ±  0.121 %

====== Perplexity statistics ======
Mean PPL(Q)                   :  22.419620 ±   0.275894
Mean PPL(base)                :  22.468784 ±   0.276246
Cor(ln(PPL(Q)), ln(PPL(base))):  99.78%
Mean ln(PPL(Q)/PPL(base))     :  -0.002190 ±   0.000821
Mean PPL(Q)/PPL(base)         :   0.997812 ±   0.000819
Mean PPL(Q)-PPL(base)         :  -0.049164 ±   0.018426

====== KL divergence statistics ======
Mean    KLD:   0.013151 ±   0.000156
Maximum KLD:   4.913565
99.9%   KLD:   0.465576
99.0%   KLD:   0.130408
95.0%   KLD:   0.047912
90.0%   KLD:   0.028932
Median  KLD:   0.004650
10.0%   KLD:   0.000044
 5.0%   KLD:   0.000006
 1.0%   KLD:  -0.000001
 0.1%   KLD:  -0.000029
Minimum KLD:  -0.000301

====== Token probability statistics ======
Mean    Δp:  0.027 ± 0.012 %
Maximum Δp: 78.115%
99.9%   Δp: 25.893%
99.0%   Δp: 10.687%
95.0%   Δp:  4.036%
90.0%   Δp:  1.908%
75.0%   Δp:  0.176%
Median  Δp:  0.000%
25.0%   Δp: -0.157%
10.0%   Δp: -1.786%
 5.0%   Δp: -3.864%
 1.0%   Δp: -10.462%
 0.1%   Δp: -25.793%
Minimum Δp: -75.465%
RMS Δp    :  3.410 ± 0.048 %
Same top p: 95.080 ± 0.076 %
Same sampled p: 52.655 ± 0.121 %

------------------------------
# llama-perplexity: version: 0.4.4-dev (build 11430, commit 9d76dc1da-dirty) | built with GNU 15.3.0 for Linux x86_64
# model: /home/crusaderky/.cache/huggingface/hub/models--bartowski--Ling-3.0-tiny-GGUF/snapshots/ea072726af0d2e8ba325b2f90fc0efa762105a91/Ling-3.0-tiny-Q6_K_L.gguf size=6956021056 mtime=2026-08-21T23:40:26+00:00 sha256/1048576B=01be6a34ed40f674dcac10bc80b57d7f57954b522781a884a9194fbfb37b72dc
llama-perplexity --kl-divergence-base /tmp/logits.dat --ctx-size 32768 -f sample-data/wiki.test.head-2.4k.raw -fa on --hf-repo bartowski/Ling-3.0-tiny-GGUF:Q6_K_L --cache-type-k q5_0 --cache-type-v q5_0 --kl-divergence
0.00.923.618 W load: special_eos_id is not in special_eog_ids - the tokenizer config may be incorrect
0.02.409.044 I cmn          init: llama threadpool init, n_threads = 16
0.02.474.356 I 
0.02.474.435 I system_info: n_threads = 16 (n_threads_batch = 16) / 32 | CUDA : ARCHS = 750,800,860,890,900,1000,1030,1200,1210 | USE_GRAPHS = 1 | FA_ALL_QUANTS = 1 | CPU : SSE3 = 1 | SSSE3 = 1 | AVX = 1 | AVX2 = 1 | F16C = 1 | FMA = 1 | BMI2 = 1 | LLAMAFILE = 1 | OPENMP = 1 | REPACK = 1 | 
0.02.570.718 I kl_divergence: computing over 5 chunks, n_ctx=32768, batch_size=512, n_seq=1
0.10.831.691 I kl_divergence: 8.26 seconds per pass - ETA 0.68 minutes

chunk             PPL               ln(PPL(Q)/PPL(base))          KL Divergence              Δp RMS            Same top p        Same sampled p
   1      23.1296 ±    0.6295      -0.01040 ±    0.00184       0.01401 ±    0.00041     3.557 ±  0.134 %    94.873 ±  0.172 %    52.276 ±  0.270 %
   2      23.8361 ±    0.4662      -0.00973 ±    0.00128       0.01353 ±    0.00027     3.444 ±  0.086 %    94.888 ±  0.122 %    51.760 ±  0.192 %
   3      24.7183 ±    0.3958      -0.00806 ±    0.00106       0.01384 ±    0.00022     3.410 ±  0.065 %    94.639 ±  0.102 %    51.432 ±  0.156 %
   4      22.2537 ±    0.3051      -0.00756 ±    0.00093       0.01405 ±    0.00021     3.517 ±  0.063 %    94.813 ±  0.087 %    52.403 ±  0.136 %
   5      22.3135 ±    0.2745      -0.00693 ±    0.00085       0.01428 ±    0.00018     3.545 ±  0.053 %    94.854 ±  0.077 %    52.676 ±  0.121 %

====== Perplexity statistics ======
Mean PPL(Q)                   :  22.313509 ±   0.274480
Mean PPL(base)                :  22.468784 ±   0.276246
Cor(ln(PPL(Q)), ln(PPL(base))):  99.76%
Mean ln(PPL(Q)/PPL(base))     :  -0.006935 ±   0.000851
Mean PPL(Q)/PPL(base)         :   0.993089 ±   0.000845
Mean PPL(Q)-PPL(base)         :  -0.155275 ±   0.019133

====== KL divergence statistics ======
Mean    KLD:   0.014285 ±   0.000180
Maximum KLD:   4.833660
99.9%   KLD:   0.559531
99.0%   KLD:   0.140009
95.0%   KLD:   0.051849
90.0%   KLD:   0.031157
Median  KLD:   0.005009
10.0%   KLD:   0.000046
 5.0%   KLD:   0.000006
 1.0%   KLD:  -0.000001
 0.1%   KLD:  -0.000032
Minimum KLD:  -0.000193

====== Token probability statistics ======
Mean    Δp:  0.091 ± 0.012 %
Maximum Δp: 91.754%
99.9%   Δp: 27.540%
99.0%   Δp: 11.196%
95.0%   Δp:  4.332%
90.0%   Δp:  2.101%
75.0%   Δp:  0.215%
Median  Δp:  0.000%
25.0%   Δp: -0.140%
10.0%   Δp: -1.737%
 5.0%   Δp: -3.781%
 1.0%   Δp: -10.408%
 0.1%   Δp: -26.277%
Minimum Δp: -89.121%
RMS Δp    :  3.545 ± 0.053 %
Same top p: 94.854 ± 0.077 %
Same sampled p: 52.676 ± 0.121 %

------------------------------
# llama-perplexity: version: 0.4.4-dev (build 11430, commit 9d76dc1da-dirty) | built with GNU 15.3.0 for Linux x86_64
# model: /home/crusaderky/.cache/huggingface/hub/models--bartowski--Ling-3.0-tiny-GGUF/snapshots/ea072726af0d2e8ba325b2f90fc0efa762105a91/Ling-3.0-tiny-Q6_K_L.gguf size=6956021056 mtime=2026-08-21T23:40:26+00:00 sha256/1048576B=01be6a34ed40f674dcac10bc80b57d7f57954b522781a884a9194fbfb37b72dc
llama-perplexity --kl-divergence-base /tmp/logits.dat --ctx-size 32768 -f sample-data/wiki.test.head-2.4k.raw -fa on --hf-repo bartowski/Ling-3.0-tiny-GGUF:Q6_K_L --cache-type-k q4_1 --cache-type-v q4_1 --kl-divergence
0.00.912.716 W load: special_eos_id is not in special_eog_ids - the tokenizer config may be incorrect
0.02.373.655 I cmn          init: llama threadpool init, n_threads = 16
0.02.440.176 I 
0.02.440.256 I system_info: n_threads = 16 (n_threads_batch = 16) / 32 | CUDA : ARCHS = 750,800,860,890,900,1000,1030,1200,1210 | USE_GRAPHS = 1 | FA_ALL_QUANTS = 1 | CPU : SSE3 = 1 | SSSE3 = 1 | AVX = 1 | AVX2 = 1 | F16C = 1 | FMA = 1 | BMI2 = 1 | LLAMAFILE = 1 | OPENMP = 1 | REPACK = 1 | 
0.02.532.474 I kl_divergence: computing over 5 chunks, n_ctx=32768, batch_size=512, n_seq=1
0.10.806.966 I kl_divergence: 8.27 seconds per pass - ETA 0.68 minutes

chunk             PPL               ln(PPL(Q)/PPL(base))          KL Divergence              Δp RMS            Same top p        Same sampled p
   1      23.1185 ±    0.6295      -0.01088 ±    0.00211       0.01833 ±    0.00036     3.918 ±  0.095 %    94.189 ±  0.183 %    52.251 ±  0.270 %
   2      23.8214 ±    0.4655      -0.01035 ±    0.00150       0.01808 ±    0.00027     3.865 ±  0.070 %    94.180 ±  0.129 %    51.647 ±  0.192 %
   3      24.6923 ±    0.3949      -0.00911 ±    0.00124       0.01875 ±    0.00024     3.931 ±  0.062 %    93.935 ±  0.108 %    51.280 ±  0.156 %
   4      22.3141 ±    0.3058      -0.00485 ±    0.00110       0.01913 ±    0.00023     4.048 ±  0.060 %    94.076 ±  0.092 %    52.260 ±  0.136 %
   5      22.4063 ±    0.2755      -0.00278 ±    0.00100       0.01967 ±    0.00021     4.114 ±  0.052 %    94.021 ±  0.083 %    52.520 ±  0.121 %

====== Perplexity statistics ======
Mean PPL(Q)                   :  22.406334 ±   0.275527
Mean PPL(base)                :  22.468784 ±   0.276246
Cor(ln(PPL(Q)), ln(PPL(base))):  99.67%
Mean ln(PPL(Q)/PPL(base))     :  -0.002783 ±   0.000997
Mean PPL(Q)/PPL(base)         :   0.997221 ±   0.000994
Mean PPL(Q)-PPL(base)         :  -0.062450 ±   0.022377

====== KL divergence statistics ======
Mean    KLD:   0.019667 ±   0.000208
Maximum KLD:   5.123108
99.9%   KLD:   0.693230
99.0%   KLD:   0.190330
95.0%   KLD:   0.072697
90.0%   KLD:   0.043721
Median  KLD:   0.007280
10.0%   KLD:   0.000073
 5.0%   KLD:   0.000011
 1.0%   KLD:  -0.000000
 0.1%   KLD:  -0.000018
Minimum KLD:  -0.000229

====== Token probability statistics ======
Mean    Δp: -0.009 ± 0.014 %
Maximum Δp: 90.055%
99.9%   Δp: 31.063%
99.0%   Δp: 12.664%
95.0%   Δp:  4.865%
90.0%   Δp:  2.299%
75.0%   Δp:  0.206%
Median  Δp:  0.000%
25.0%   Δp: -0.215%
10.0%   Δp: -2.307%
 5.0%   Δp: -4.928%
 1.0%   Δp: -13.132%
 0.1%   Δp: -30.457%
Minimum Δp: -88.597%
RMS Δp    :  4.114 ± 0.052 %
Same top p: 94.021 ± 0.083 %
Same sampled p: 52.520 ± 0.121 %

------------------------------
# llama-perplexity: version: 0.4.4-dev (build 11430, commit 9d76dc1da-dirty) | built with GNU 15.3.0 for Linux x86_64
# model: /home/crusaderky/.cache/huggingface/hub/models--bartowski--Ling-3.0-tiny-GGUF/snapshots/ea072726af0d2e8ba325b2f90fc0efa762105a91/Ling-3.0-tiny-Q6_K_L.gguf size=6956021056 mtime=2026-08-21T23:40:26+00:00 sha256/1048576B=01be6a34ed40f674dcac10bc80b57d7f57954b522781a884a9194fbfb37b72dc
llama-perplexity --kl-divergence-base /tmp/logits.dat --ctx-size 32768 -f sample-data/wiki.test.head-2.4k.raw -fa on --hf-repo bartowski/Ling-3.0-tiny-GGUF:Q6_K_L --cache-type-k q4_0 --cache-type-v q4_0 --kl-divergence
0.00.912.943 W load: special_eos_id is not in special_eog_ids - the tokenizer config may be incorrect
0.02.397.123 I cmn          init: llama threadpool init, n_threads = 16
0.02.462.215 I 
0.02.462.289 I system_info: n_threads = 16 (n_threads_batch = 16) / 32 | CUDA : ARCHS = 750,800,860,890,900,1000,1030,1200,1210 | USE_GRAPHS = 1 | FA_ALL_QUANTS = 1 | CPU : SSE3 = 1 | SSSE3 = 1 | AVX = 1 | AVX2 = 1 | F16C = 1 | FMA = 1 | BMI2 = 1 | LLAMAFILE = 1 | OPENMP = 1 | REPACK = 1 | 
0.02.549.274 I kl_divergence: computing over 5 chunks, n_ctx=32768, batch_size=512, n_seq=1
0.10.971.102 I kl_divergence: 8.42 seconds per pass - ETA 0.70 minutes

chunk             PPL               ln(PPL(Q)/PPL(base))          KL Divergence              Δp RMS            Same top p        Same sampled p
   1      23.2638 ±    0.6332      -0.00462 ±    0.00223       0.02007 ±    0.00037     4.180 ±  0.103 %    93.878 ±  0.187 %    52.112 ±  0.270 %
   2      24.0125 ±    0.4702      -0.00236 ±    0.00157       0.02018 ±    0.00032     4.161 ±  0.084 %    93.835 ±  0.133 %    51.606 ±  0.192 %
   3      24.8636 ±    0.3980      -0.00220 ±    0.00130       0.02076 ±    0.00028     4.159 ±  0.067 %    93.581 ±  0.111 %    51.208 ±  0.156 %
   4      22.4529 ±    0.3078       0.00135 ±    0.00115       0.02135 ±    0.00026     4.302 ±  0.062 %    93.698 ±  0.095 %    52.162 ±  0.136 %
   5      22.4755 ±    0.2765       0.00030 ±    0.00105       0.02200 ±    0.00023     4.377 ±  0.054 %    93.612 ±  0.085 %    52.436 ±  0.121 %

====== Perplexity statistics ======
Mean PPL(Q)                   :  22.475490 ±   0.276505
Mean PPL(base)                :  22.468784 ±   0.276246
Cor(ln(PPL(Q)), ln(PPL(base))):  99.63%
Mean ln(PPL(Q)/PPL(base))     :   0.000298 ±   0.001055
Mean PPL(Q)/PPL(base)         :   1.000298 ±   0.001055
Mean PPL(Q)-PPL(base)         :   0.006706 ±   0.023704

====== KL divergence statistics ======
Mean    KLD:   0.021996 ±   0.000232
Maximum KLD:   5.302305
99.9%   KLD:   0.752021
99.0%   KLD:   0.217616
95.0%   KLD:   0.081072
90.0%   KLD:   0.048764
Median  KLD:   0.008103
10.0%   KLD:   0.000082
 5.0%   KLD:   0.000013
 1.0%   KLD:   0.000000
 0.1%   KLD:  -0.000022
Minimum KLD:  -0.000158

====== Token probability statistics ======
Mean    Δp: -0.049 ± 0.015 %
Maximum Δp: 93.964%
99.9%   Δp: 30.875%
99.0%   Δp: 13.609%
95.0%   Δp:  5.033%
90.0%   Δp:  2.324%
75.0%   Δp:  0.204%
Median  Δp: -0.000%
25.0%   Δp: -0.246%
10.0%   Δp: -2.492%
 5.0%   Δp: -5.268%
 1.0%   Δp: -14.131%
 0.1%   Δp: -35.550%
Minimum Δp: -83.119%
RMS Δp    :  4.377 ± 0.054 %
Same top p: 93.612 ± 0.085 %
Same sampled p: 52.436 ± 0.121 %

------------------------------
# llama-perplexity: version: 0.4.4-dev (build 11430, commit 9d76dc1da-dirty) | built with GNU 15.3.0 for Linux x86_64
# model: /home/crusaderky/.cache/huggingface/hub/models--bartowski--Ling-3.0-tiny-GGUF/snapshots/ea072726af0d2e8ba325b2f90fc0efa762105a91/Ling-3.0-tiny-Q6_K_L.gguf size=6956021056 mtime=2026-08-21T23:40:26+00:00 sha256/1048576B=01be6a34ed40f674dcac10bc80b57d7f57954b522781a884a9194fbfb37b72dc
llama-perplexity --kl-divergence-base /tmp/logits.dat --ctx-size 32768 -f sample-data/wiki.test.head-2.4k.raw -fa on --hf-repo bartowski/Ling-3.0-tiny-GGUF:Q6_K_L --cache-type-k q3_1 --cache-type-v q3_1 --kl-divergence
0.00.932.353 W load: special_eos_id is not in special_eog_ids - the tokenizer config may be incorrect
0.02.404.352 I cmn          init: llama threadpool init, n_threads = 16
0.02.469.048 I 
0.02.469.121 I system_info: n_threads = 16 (n_threads_batch = 16) / 32 | CUDA : ARCHS = 750,800,860,890,900,1000,1030,1200,1210 | USE_GRAPHS = 1 | FA_ALL_QUANTS = 1 | CPU : SSE3 = 1 | SSSE3 = 1 | AVX = 1 | AVX2 = 1 | F16C = 1 | FMA = 1 | BMI2 = 1 | LLAMAFILE = 1 | OPENMP = 1 | REPACK = 1 | 
0.02.560.528 I kl_divergence: computing over 5 chunks, n_ctx=32768, batch_size=512, n_seq=1
0.10.854.059 I kl_divergence: 8.29 seconds per pass - ETA 0.68 minutes

chunk             PPL               ln(PPL(Q)/PPL(base))          KL Divergence              Δp RMS            Same top p        Same sampled p
   1      23.2759 ±    0.6306      -0.00409 ±    0.00345       0.04916 ±    0.00097     6.642 ±  0.154 %    90.563 ±  0.228 %    51.405 ±  0.270 %
   2      23.7830 ±    0.4632      -0.01196 ±    0.00246       0.04936 ±    0.00070     6.503 ±  0.109 %    90.496 ±  0.162 %    50.992 ±  0.192 %
   3      24.9087 ±    0.3976      -0.00039 ±    0.00205       0.05149 ±    0.00058     6.503 ±  0.087 %    90.040 ±  0.135 %    50.599 ±  0.157 %
   4      22.3954 ±    0.3060      -0.00121 ±    0.00177       0.05143 ±    0.00051     6.582 ±  0.075 %    90.113 ±  0.117 %    51.562 ±  0.136 %
   5      22.4757 ±    0.2757       0.00031 ±    0.00161       0.05264 ±    0.00047     6.646 ±  0.066 %    90.140 ±  0.104 %    51.844 ±  0.122 %

====== Perplexity statistics ======
Mean PPL(Q)                   :  22.475662 ±   0.275715
Mean PPL(base)                :  22.468784 ±   0.276246
Cor(ln(PPL(Q)), ln(PPL(base))):  99.14%
Mean ln(PPL(Q)/PPL(base))     :   0.000306 ±   0.001608
Mean PPL(Q)/PPL(base)         :   1.000306 ±   0.001608
Mean PPL(Q)-PPL(base)         :   0.006877 ±   0.036131

====== KL divergence statistics ======
Mean    KLD:   0.052641 ±   0.000473
Maximum KLD:  11.752858
99.9%   KLD:   1.692653
99.0%   KLD:   0.517900
95.0%   KLD:   0.198924
90.0%   KLD:   0.119586
Median  KLD:   0.020127
10.0%   KLD:   0.000216
 5.0%   KLD:   0.000035
 1.0%   KLD:   0.000002
 0.1%   KLD:  -0.000013
Minimum KLD:  -0.000169

====== Token probability statistics ======
Mean    Δp: -0.203 ± 0.023 %
Maximum Δp: 96.960%
99.9%   Δp: 47.599%
99.0%   Δp: 20.299%
95.0%   Δp:  7.603%
90.0%   Δp:  3.590%
75.0%   Δp:  0.288%
Median  Δp: -0.000%
25.0%   Δp: -0.441%
10.0%   Δp: -4.177%
 5.0%   Δp: -8.776%
 1.0%   Δp: -22.910%
 0.1%   Δp: -50.437%
Minimum Δp: -96.586%
RMS Δp    :  6.646 ± 0.066 %
Same top p: 90.140 ± 0.104 %
Same sampled p: 51.844 ± 0.122 %

------------------------------
# llama-perplexity: version: 0.4.4-dev (build 11430, commit 9d76dc1da-dirty) | built with GNU 15.3.0 for Linux x86_64
# model: /home/crusaderky/.cache/huggingface/hub/models--bartowski--Ling-3.0-tiny-GGUF/snapshots/ea072726af0d2e8ba325b2f90fc0efa762105a91/Ling-3.0-tiny-Q6_K_L.gguf size=6956021056 mtime=2026-08-21T23:40:26+00:00 sha256/1048576B=01be6a34ed40f674dcac10bc80b57d7f57954b522781a884a9194fbfb37b72dc
llama-perplexity --kl-divergence-base /tmp/logits.dat --ctx-size 32768 -f sample-data/wiki.test.head-2.4k.raw -fa on --hf-repo bartowski/Ling-3.0-tiny-GGUF:Q6_K_L --cache-type-k q3_0 --cache-type-v q3_0 --kl-divergence
0.00.912.560 W load: special_eos_id is not in special_eog_ids - the tokenizer config may be incorrect
0.02.380.317 I cmn          init: llama threadpool init, n_threads = 16
0.02.443.892 I 
0.02.443.960 I system_info: n_threads = 16 (n_threads_batch = 16) / 32 | CUDA : ARCHS = 750,800,860,890,900,1000,1030,1200,1210 | USE_GRAPHS = 1 | FA_ALL_QUANTS = 1 | CPU : SSE3 = 1 | SSSE3 = 1 | AVX = 1 | AVX2 = 1 | F16C = 1 | FMA = 1 | BMI2 = 1 | LLAMAFILE = 1 | OPENMP = 1 | REPACK = 1 | 
0.02.533.703 I kl_divergence: computing over 5 chunks, n_ctx=32768, batch_size=512, n_seq=1
0.10.805.696 I kl_divergence: 8.27 seconds per pass - ETA 0.68 minutes

chunk             PPL               ln(PPL(Q)/PPL(base))          KL Divergence              Δp RMS            Same top p        Same sampled p
   1      23.4696 ±    0.6369       0.00419 ±    0.00349       0.05072 ±    0.00109     6.593 ±  0.147 %    90.191 ±  0.232 %    51.281 ±  0.271 %
   2      24.3971 ±    0.4778       0.01353 ±    0.00243       0.05003 ±    0.00072     6.469 ±  0.101 %    90.273 ±  0.164 %    50.991 ±  0.192 %
   3      25.4836 ±    0.4097       0.02243 ±    0.00203       0.05193 ±    0.00060     6.496 ±  0.082 %    89.920 ±  0.136 %    50.725 ±  0.157 %
   4      22.9725 ±    0.3164       0.02423 ±    0.00179       0.05359 ±    0.00056     6.675 ±  0.075 %    90.023 ±  0.117 %    51.691 ±  0.136 %
   5      22.9648 ±    0.2838       0.02184 ±    0.00162       0.05495 ±    0.00054     6.780 ±  0.067 %    89.988 ±  0.105 %    51.994 ±  0.122 %

====== Perplexity statistics ======
Mean PPL(Q)                   :  22.964840 ±   0.283799
Mean PPL(base)                :  22.468784 ±   0.276246
Cor(ln(PPL(Q)), ln(PPL(base))):  99.14%
Mean ln(PPL(Q)/PPL(base))     :   0.021837 ±   0.001622
Mean PPL(Q)/PPL(base)         :   1.022078 ±   0.001658
Mean PPL(Q)-PPL(base)         :   0.496055 ±   0.037593

====== KL divergence statistics ======
Mean    KLD:   0.054951 ±   0.000537
Maximum KLD:  15.502616
99.9%   KLD:   1.802184
99.0%   KLD:   0.562983
95.0%   KLD:   0.204760
90.0%   KLD:   0.123784
Median  KLD:   0.020266
10.0%   KLD:   0.000203
 5.0%   KLD:   0.000033
 1.0%   KLD:   0.000001
 0.1%   KLD:  -0.000016
Minimum KLD:  -0.000123

====== Token probability statistics ======
Mean    Δp: -0.170 ± 0.024 %
Maximum Δp: 95.594%
99.9%   Δp: 48.834%
99.0%   Δp: 20.796%
95.0%   Δp:  7.865%
90.0%   Δp:  3.660%
75.0%   Δp:  0.311%
Median  Δp: -0.000%
25.0%   Δp: -0.399%
10.0%   Δp: -4.154%
 5.0%   Δp: -8.658%
 1.0%   Δp: -23.673%
 0.1%   Δp: -54.309%
Minimum Δp: -97.584%
RMS Δp    :  6.780 ± 0.067 %
Same top p: 89.988 ± 0.105 %
Same sampled p: 51.994 ± 0.122 %

------------------------------
# llama-perplexity: version: 0.4.4-dev (build 11430, commit 9d76dc1da-dirty) | built with GNU 15.3.0 for Linux x86_64
# model: /home/crusaderky/.cache/huggingface/hub/models--bartowski--Ling-3.0-tiny-GGUF/snapshots/ea072726af0d2e8ba325b2f90fc0efa762105a91/Ling-3.0-tiny-Q6_K.gguf size=6839076160 mtime=2026-08-21T23:43:12+00:00 sha256/1048576B=01be6a34ed40f674dcac10bc80b57d7f57954b522781a884a9194fbfb37b72dc
llama-perplexity --kl-divergence-base /tmp/logits.dat --ctx-size 32768 -f sample-data/wiki.test.head-2.4k.raw -fa on --hf-repo bartowski/Ling-3.0-tiny-GGUF:Q6_K --cache-type-k q4_1 --cache-type-v q4_1 --kl-divergence
0.00.952.622 W load: special_eos_id is not in special_eog_ids - the tokenizer config may be incorrect
0.07.699.834 I cmn          init: llama threadpool init, n_threads = 16
0.07.762.919 I 
0.07.762.994 I system_info: n_threads = 16 (n_threads_batch = 16) / 32 | CUDA : ARCHS = 750,800,860,890,900,1000,1030,1200,1210 | USE_GRAPHS = 1 | FA_ALL_QUANTS = 1 | CPU : SSE3 = 1 | SSSE3 = 1 | AVX = 1 | AVX2 = 1 | F16C = 1 | FMA = 1 | BMI2 = 1 | LLAMAFILE = 1 | OPENMP = 1 | REPACK = 1 | 
0.07.862.375 I kl_divergence: computing over 5 chunks, n_ctx=32768, batch_size=512, n_seq=1
0.16.243.387 I kl_divergence: 8.38 seconds per pass - ETA 0.68 minutes

chunk             PPL               ln(PPL(Q)/PPL(base))          KL Divergence              Δp RMS            Same top p        Same sampled p
   1      23.2869 ±    0.6351      -0.00362 ±    0.00210       0.01884 ±    0.00041     3.993 ±  0.115 %    94.091 ±  0.184 %    52.289 ±  0.270 %
   2      23.9612 ±    0.4690      -0.00450 ±    0.00148       0.01844 ±    0.00030     3.931 ±  0.078 %    94.125 ±  0.130 %    51.672 ±  0.192 %
   3      24.8794 ±    0.3988      -0.00157 ±    0.00124       0.01923 ±    0.00026     4.008 ±  0.067 %    93.788 ±  0.109 %    51.340 ±  0.156 %
   4      22.4486 ±    0.3082       0.00116 ±    0.00109       0.01955 ±    0.00024     4.058 ±  0.057 %    93.956 ±  0.093 %    52.286 ±  0.136 %
   5      22.5224 ±    0.2775       0.00238 ±    0.00100       0.02009 ±    0.00021     4.144 ±  0.050 %    93.905 ±  0.084 %    52.561 ±  0.121 %

====== Perplexity statistics ======
Mean PPL(Q)                   :  22.522360 ±   0.277451
Mean PPL(base)                :  22.468784 ±   0.276246
Cor(ln(PPL(Q)), ln(PPL(base))):  99.67%
Mean ln(PPL(Q)/PPL(base))     :   0.002382 ±   0.001001
Mean PPL(Q)/PPL(base)         :   1.002384 ±   0.001003
Mean PPL(Q)-PPL(base)         :   0.053576 ±   0.022540

====== KL divergence statistics ======
Mean    KLD:   0.020088 ±   0.000209
Maximum KLD:   4.760078
99.9%   KLD:   0.656158
99.0%   KLD:   0.197341
95.0%   KLD:   0.074987
90.0%   KLD:   0.045431
Median  KLD:   0.007471
10.0%   KLD:   0.000074
 5.0%   KLD:   0.000011
 1.0%   KLD:  -0.000000
 0.1%   KLD:  -0.000021
Minimum KLD:  -0.000270

====== Token probability statistics ======
Mean    Δp: -0.014 ± 0.014 %
Maximum Δp: 87.101%
99.9%   Δp: 30.081%
99.0%   Δp: 12.789%
95.0%   Δp:  4.920%
90.0%   Δp:  2.326%
75.0%   Δp:  0.213%
Median  Δp: -0.000%
25.0%   Δp: -0.212%
10.0%   Δp: -2.308%
 5.0%   Δp: -4.918%
 1.0%   Δp: -13.472%
 0.1%   Δp: -32.429%
Minimum Δp: -71.356%
RMS Δp    :  4.144 ± 0.050 %
Same top p: 93.905 ± 0.084 %
Same sampled p: 52.561 ± 0.121 %

------------------------------
# llama-perplexity: version: 0.4.4-dev (build 11430, commit 9d76dc1da-dirty) | built with GNU 15.3.0 for Linux x86_64
# model: /home/crusaderky/.cache/huggingface/hub/models--bartowski--Ling-3.0-tiny-GGUF/snapshots/ea072726af0d2e8ba325b2f90fc0efa762105a91/Ling-3.0-tiny-Q6_K.gguf size=6839076160 mtime=2026-08-21T23:43:12+00:00 sha256/1048576B=01be6a34ed40f674dcac10bc80b57d7f57954b522781a884a9194fbfb37b72dc
llama-perplexity --kl-divergence-base /tmp/logits.dat --ctx-size 32768 -f sample-data/wiki.test.head-2.4k.raw -fa on --hf-repo bartowski/Ling-3.0-tiny-GGUF:Q6_K --cache-type-k q3_1 --cache-type-v q3_1 --kl-divergence
0.00.894.867 W load: special_eos_id is not in special_eog_ids - the tokenizer config may be incorrect
0.02.354.078 I cmn          init: llama threadpool init, n_threads = 16
0.02.419.896 I 
0.02.419.972 I system_info: n_threads = 16 (n_threads_batch = 16) / 32 | CUDA : ARCHS = 750,800,860,890,900,1000,1030,1200,1210 | USE_GRAPHS = 1 | FA_ALL_QUANTS = 1 | CPU : SSE3 = 1 | SSSE3 = 1 | AVX = 1 | AVX2 = 1 | F16C = 1 | FMA = 1 | BMI2 = 1 | LLAMAFILE = 1 | OPENMP = 1 | REPACK = 1 | 
0.02.510.159 I kl_divergence: computing over 5 chunks, n_ctx=32768, batch_size=512, n_seq=1
0.10.867.813 I kl_divergence: 8.36 seconds per pass - ETA 0.68 minutes

chunk             PPL               ln(PPL(Q)/PPL(base))          KL Divergence              Δp RMS            Same top p        Same sampled p
   1      23.4322 ±    0.6347       0.00260 ±    0.00348       0.04852 ±    0.00096     6.438 ±  0.137 %    90.551 ±  0.229 %    51.404 ±  0.270 %
   2      24.0503 ±    0.4693      -0.00079 ±    0.00247       0.04877 ±    0.00067     6.347 ±  0.096 %    90.524 ±  0.162 %    51.019 ±  0.192 %
   3      25.2361 ±    0.4038       0.01267 ±    0.00207       0.05192 ±    0.00057     6.475 ±  0.081 %    90.043 ±  0.135 %    50.617 ±  0.157 %
   4      22.6272 ±    0.3097       0.00909 ±    0.00179       0.05184 ±    0.00050     6.572 ±  0.070 %    90.116 ±  0.117 %    51.558 ±  0.136 %
   5      22.7483 ±    0.2797       0.01236 ±    0.00163       0.05318 ±    0.00046     6.675 ±  0.063 %    90.106 ±  0.104 %    51.833 ±  0.122 %

====== Perplexity statistics ======
Mean PPL(Q)                   :  22.748334 ±   0.279664
Mean PPL(base)                :  22.468784 ±   0.276246
Cor(ln(PPL(Q)), ln(PPL(base))):  99.12%
Mean ln(PPL(Q)/PPL(base))     :   0.012365 ±   0.001628
Mean PPL(Q)/PPL(base)         :   1.012442 ±   0.001649
Mean PPL(Q)-PPL(base)         :   0.279550 ±   0.036975

====== KL divergence statistics ======
Mean    KLD:   0.053179 ±   0.000462
Maximum KLD:   9.663839
99.9%   KLD:   1.585130
99.0%   KLD:   0.530064
95.0%   KLD:   0.200026
90.0%   KLD:   0.120731
Median  KLD:   0.020587
10.0%   KLD:   0.000217
 5.0%   KLD:   0.000035
 1.0%   KLD:   0.000002
 0.1%   KLD:  -0.000013
Minimum KLD:  -0.000137

====== Token probability statistics ======
Mean    Δp: -0.301 ± 0.023 %
Maximum Δp: 93.152%
99.9%   Δp: 45.100%
99.0%   Δp: 19.503%
95.0%   Δp:  7.483%
90.0%   Δp:  3.500%
75.0%   Δp:  0.253%
Median  Δp: -0.001%
25.0%   Δp: -0.476%
10.0%   Δp: -4.328%
 5.0%   Δp: -9.025%
 1.0%   Δp: -24.540%
 0.1%   Δp: -53.295%
Minimum Δp: -91.213%
RMS Δp    :  6.675 ± 0.063 %
Same top p: 90.106 ± 0.104 %
Same sampled p: 51.833 ± 0.122 %

------------------------------
# llama-perplexity: version: 0.4.4-dev (build 11430, commit 9d76dc1da-dirty) | built with GNU 15.3.0 for Linux x86_64
# model: /home/crusaderky/.cache/huggingface/hub/models--bartowski--Ling-3.0-tiny-GGUF/snapshots/ea072726af0d2e8ba325b2f90fc0efa762105a91/Ling-3.0-tiny-Q5_K_L.gguf size=5865441472 mtime=2026-08-21T23:45:37+00:00 sha256/1048576B=01be6a34ed40f674dcac10bc80b57d7f57954b522781a884a9194fbfb37b72dc
llama-perplexity --kl-divergence-base /tmp/logits.dat --ctx-size 32768 -f sample-data/wiki.test.head-2.4k.raw -fa on --hf-repo bartowski/Ling-3.0-tiny-GGUF:Q5_K_L --cache-type-k q8_0 --cache-type-v q8_0 --kl-divergence
0.00.933.438 W load: special_eos_id is not in special_eog_ids - the tokenizer config may be incorrect
0.05.596.301 I cmn          init: llama threadpool init, n_threads = 16
0.05.668.965 I 
0.05.669.034 I system_info: n_threads = 16 (n_threads_batch = 16) / 32 | CUDA : ARCHS = 750,800,860,890,900,1000,1030,1200,1210 | USE_GRAPHS = 1 | FA_ALL_QUANTS = 1 | CPU : SSE3 = 1 | SSSE3 = 1 | AVX = 1 | AVX2 = 1 | F16C = 1 | FMA = 1 | BMI2 = 1 | LLAMAFILE = 1 | OPENMP = 1 | REPACK = 1 | 
0.05.770.226 I kl_divergence: computing over 5 chunks, n_ctx=32768, batch_size=512, n_seq=1
0.13.999.658 I kl_divergence: 8.23 seconds per pass - ETA 0.68 minutes

chunk             PPL               ln(PPL(Q)/PPL(base))          KL Divergence              Δp RMS            Same top p        Same sampled p
   1      23.0589 ±    0.6230      -0.01346 ±    0.00219       0.01982 ±    0.00035     4.070 ±  0.090 %    93.603 ±  0.191 %    51.893 ±  0.270 %
   2      23.9619 ±    0.4665      -0.00447 ±    0.00154       0.02021 ±    0.00028     4.110 ±  0.068 %    93.557 ±  0.136 %    51.380 ±  0.192 %
   3      24.9153 ±    0.3978      -0.00012 ±    0.00131       0.02122 ±    0.00024     4.198 ±  0.059 %    93.453 ±  0.112 %    51.079 ±  0.156 %
   4      22.5099 ±    0.3079       0.00389 ±    0.00115       0.02152 ±    0.00022     4.268 ±  0.051 %    93.524 ±  0.096 %    52.053 ±  0.136 %
   5      22.5479 ±    0.2768       0.00351 ±    0.00106       0.02244 ±    0.00023     4.366 ±  0.046 %    93.414 ±  0.087 %    52.325 ±  0.121 %

====== Perplexity statistics ======
Mean PPL(Q)                   :  22.547861 ±   0.276753
Mean PPL(base)                :  22.468784 ±   0.276246
Cor(ln(PPL(Q)), ln(PPL(base))):  99.63%
Mean ln(PPL(Q)/PPL(base))     :   0.003513 ±   0.001055
Mean PPL(Q)/PPL(base)         :   1.003519 ±   0.001059
Mean PPL(Q)-PPL(base)         :   0.079077 ±   0.023751

====== KL divergence statistics ======
Mean    KLD:   0.022443 ±   0.000228
Maximum KLD:   8.841195
99.9%   KLD:   0.673286
99.0%   KLD:   0.218434
95.0%   KLD:   0.082243
90.0%   KLD:   0.050296
Median  KLD:   0.008806
10.0%   KLD:   0.000092
 5.0%   KLD:   0.000016
 1.0%   KLD:   0.000000
 0.1%   KLD:  -0.000017
Minimum KLD:  -0.000177

====== Token probability statistics ======
Mean    Δp: -0.210 ± 0.015 %
Maximum Δp: 84.384%
99.9%   Δp: 31.121%
99.0%   Δp: 12.600%
95.0%   Δp:  4.752%
90.0%   Δp:  2.162%
75.0%   Δp:  0.156%
Median  Δp: -0.000%
25.0%   Δp: -0.331%
10.0%   Δp: -2.890%
 5.0%   Δp: -5.798%
 1.0%   Δp: -15.084%
 0.1%   Δp: -34.843%
Minimum Δp: -74.520%
RMS Δp    :  4.366 ± 0.046 %
Same top p: 93.414 ± 0.087 %
Same sampled p: 52.325 ± 0.121 %

------------------------------
# llama-perplexity: version: 0.4.4-dev (build 11430, commit 9d76dc1da-dirty) | built with GNU 15.3.0 for Linux x86_64
# model: /home/crusaderky/.cache/huggingface/hub/models--bartowski--Ling-3.0-tiny-GGUF/snapshots/ea072726af0d2e8ba325b2f90fc0efa762105a91/Ling-3.0-tiny-Q5_K_L.gguf size=5865441472 mtime=2026-08-21T23:45:37+00:00 sha256/1048576B=01be6a34ed40f674dcac10bc80b57d7f57954b522781a884a9194fbfb37b72dc
llama-perplexity --kl-divergence-base /tmp/logits.dat --ctx-size 32768 -f sample-data/wiki.test.head-2.4k.raw -fa on --hf-repo bartowski/Ling-3.0-tiny-GGUF:Q5_K_L --cache-type-k q6_0 --cache-type-v q6_0 --kl-divergence
0.00.944.599 W load: special_eos_id is not in special_eog_ids - the tokenizer config may be incorrect
0.02.224.111 I cmn          init: llama threadpool init, n_threads = 16
0.02.290.984 I 
0.02.291.052 I system_info: n_threads = 16 (n_threads_batch = 16) / 32 | CUDA : ARCHS = 750,800,860,890,900,1000,1030,1200,1210 | USE_GRAPHS = 1 | FA_ALL_QUANTS = 1 | CPU : SSE3 = 1 | SSSE3 = 1 | AVX = 1 | AVX2 = 1 | F16C = 1 | FMA = 1 | BMI2 = 1 | LLAMAFILE = 1 | OPENMP = 1 | REPACK = 1 | 
0.02.381.670 I kl_divergence: computing over 5 chunks, n_ctx=32768, batch_size=512, n_seq=1
0.10.626.616 I kl_divergence: 8.24 seconds per pass - ETA 0.68 minutes

chunk             PPL               ln(PPL(Q)/PPL(base))          KL Divergence              Δp RMS            Same top p        Same sampled p
   1      23.1291 ±    0.6256      -0.01042 ±    0.00224       0.02063 ±    0.00038     4.167 ±  0.095 %    93.591 ±  0.191 %    51.904 ±  0.270 %
   2      23.9245 ±    0.4657      -0.00603 ±    0.00157       0.02065 ±    0.00029     4.176 ±  0.072 %    93.563 ±  0.136 %    51.387 ±  0.192 %
   3      24.8819 ±    0.3970      -0.00147 ±    0.00134       0.02167 ±    0.00025     4.235 ±  0.061 %    93.418 ±  0.112 %    51.057 ±  0.156 %
   4      22.5059 ±    0.3077       0.00371 ±    0.00117       0.02177 ±    0.00022     4.273 ±  0.052 %    93.452 ±  0.097 %    52.045 ±  0.136 %
   5      22.5696 ±    0.2771       0.00448 ±    0.00107       0.02271 ±    0.00020     4.376 ±  0.048 %    93.348 ±  0.087 %    52.331 ±  0.121 %

====== Perplexity statistics ======
Mean PPL(Q)                   :  22.569576 ±   0.277093
Mean PPL(base)                :  22.468784 ±   0.276246
Cor(ln(PPL(Q)), ln(PPL(base))):  99.62%
Mean ln(PPL(Q)/PPL(base))     :   0.004476 ±   0.001071
Mean PPL(Q)/PPL(base)         :   1.004486 ±   0.001076
Mean PPL(Q)-PPL(base)         :   0.100791 ±   0.024140

====== KL divergence statistics ======
Mean    KLD:   0.022713 ±   0.000203
Maximum KLD:   3.620580
99.9%   KLD:   0.676734
99.0%   KLD:   0.217490
95.0%   KLD:   0.083541
90.0%   KLD:   0.051295
Median  KLD:   0.008988
10.0%   KLD:   0.000095
 5.0%   KLD:   0.000016
 1.0%   KLD:   0.000001
 0.1%   KLD:  -0.000012
Minimum KLD:  -0.000229

====== Token probability statistics ======
Mean    Δp: -0.214 ± 0.015 %
Maximum Δp: 82.706%
99.9%   Δp: 29.729%
99.0%   Δp: 12.788%
95.0%   Δp:  4.850%
90.0%   Δp:  2.155%
75.0%   Δp:  0.152%
Median  Δp: -0.000%
25.0%   Δp: -0.343%
10.0%   Δp: -2.907%
 5.0%   Δp: -5.929%
 1.0%   Δp: -15.217%
 0.1%   Δp: -34.356%
Minimum Δp: -82.610%
RMS Δp    :  4.376 ± 0.048 %
Same top p: 93.348 ± 0.087 %
Same sampled p: 52.331 ± 0.121 %

------------------------------
# llama-perplexity: version: 0.4.4-dev (build 11430, commit 9d76dc1da-dirty) | built with GNU 15.3.0 for Linux x86_64
# model: /home/crusaderky/.cache/huggingface/hub/models--bartowski--Ling-3.0-tiny-GGUF/snapshots/ea072726af0d2e8ba325b2f90fc0efa762105a91/Ling-3.0-tiny-Q5_K_L.gguf size=5865441472 mtime=2026-08-21T23:45:37+00:00 sha256/1048576B=01be6a34ed40f674dcac10bc80b57d7f57954b522781a884a9194fbfb37b72dc
llama-perplexity --kl-divergence-base /tmp/logits.dat --ctx-size 32768 -f sample-data/wiki.test.head-2.4k.raw -fa on --hf-repo bartowski/Ling-3.0-tiny-GGUF:Q5_K_L --cache-type-k q5_1 --cache-type-v q5_1 --kl-divergence
0.00.936.148 W load: special_eos_id is not in special_eog_ids - the tokenizer config may be incorrect
0.02.208.081 I cmn          init: llama threadpool init, n_threads = 16
0.02.273.626 I 
0.02.273.687 I system_info: n_threads = 16 (n_threads_batch = 16) / 32 | CUDA : ARCHS = 750,800,860,890,900,1000,1030,1200,1210 | USE_GRAPHS = 1 | FA_ALL_QUANTS = 1 | CPU : SSE3 = 1 | SSSE3 = 1 | AVX = 1 | AVX2 = 1 | F16C = 1 | FMA = 1 | BMI2 = 1 | LLAMAFILE = 1 | OPENMP = 1 | REPACK = 1 | 
0.02.360.890 I kl_divergence: computing over 5 chunks, n_ctx=32768, batch_size=512, n_seq=1
0.10.578.308 I kl_divergence: 8.22 seconds per pass - ETA 0.68 minutes

chunk             PPL               ln(PPL(Q)/PPL(base))          KL Divergence              Δp RMS            Same top p        Same sampled p
   1      23.3598 ±    0.6323      -0.00050 ±    0.00229       0.02192 ±    0.00045     4.261 ±  0.104 %    93.383 ±  0.194 %    51.864 ±  0.270 %
   2      24.1835 ±    0.4712       0.00474 ±    0.00162       0.02214 ±    0.00032     4.358 ±  0.078 %    93.328 ±  0.138 %    51.331 ±  0.192 %
   3      25.1236 ±    0.4015       0.00820 ±    0.00138       0.02309 ±    0.00027     4.377 ±  0.064 %    93.149 ±  0.114 %    51.045 ±  0.157 %
   4      22.7150 ±    0.3110       0.01296 ±    0.00121       0.02352 ±    0.00024     4.502 ±  0.056 %    93.138 ±  0.099 %    52.006 ±  0.136 %
   5      22.6846 ±    0.2786       0.00956 ±    0.00111       0.02428 ±    0.00022     4.598 ±  0.050 %    93.078 ±  0.089 %    52.278 ±  0.121 %

====== Perplexity statistics ======
Mean PPL(Q)                   :  22.684633 ±   0.278634
Mean PPL(base)                :  22.468784 ±   0.276246
Cor(ln(PPL(Q)), ln(PPL(base))):  99.59%
Mean ln(PPL(Q)/PPL(base))     :   0.009561 ±   0.001110
Mean PPL(Q)/PPL(base)         :   1.009607 ±   0.001121
Mean PPL(Q)-PPL(base)         :   0.215848 ±   0.025172

====== KL divergence statistics ======
Mean    KLD:   0.024282 ±   0.000218
Maximum KLD:   4.180766
99.9%   KLD:   0.753987
99.0%   KLD:   0.230186
95.0%   KLD:   0.089322
90.0%   KLD:   0.055252
Median  KLD:   0.009671
10.0%   KLD:   0.000104
 5.0%   KLD:   0.000019
 1.0%   KLD:   0.000001
 0.1%   KLD:  -0.000012
Minimum KLD:  -0.000205

====== Token probability statistics ======
Mean    Δp: -0.288 ± 0.016 %
Maximum Δp: 84.068%
99.9%   Δp: 32.586%
99.0%   Δp: 13.298%
95.0%   Δp:  4.776%
90.0%   Δp:  2.125%
75.0%   Δp:  0.137%
Median  Δp: -0.001%
25.0%   Δp: -0.385%
10.0%   Δp: -3.199%
 5.0%   Δp: -6.292%
 1.0%   Δp: -16.117%
 0.1%   Δp: -37.954%
Minimum Δp: -81.261%
RMS Δp    :  4.598 ± 0.050 %
Same top p: 93.078 ± 0.089 %
Same sampled p: 52.278 ± 0.121 %

------------------------------
# llama-perplexity: version: 0.4.4-dev (build 11430, commit 9d76dc1da-dirty) | built with GNU 15.3.0 for Linux x86_64
# model: /home/crusaderky/.cache/huggingface/hub/models--bartowski--Ling-3.0-tiny-GGUF/snapshots/ea072726af0d2e8ba325b2f90fc0efa762105a91/Ling-3.0-tiny-Q5_K_L.gguf size=5865441472 mtime=2026-08-21T23:45:37+00:00 sha256/1048576B=01be6a34ed40f674dcac10bc80b57d7f57954b522781a884a9194fbfb37b72dc
llama-perplexity --kl-divergence-base /tmp/logits.dat --ctx-size 32768 -f sample-data/wiki.test.head-2.4k.raw -fa on --hf-repo bartowski/Ling-3.0-tiny-GGUF:Q5_K_L --cache-type-k q5_0 --cache-type-v q5_0 --kl-divergence
0.00.919.074 W load: special_eos_id is not in special_eog_ids - the tokenizer config may be incorrect
0.02.207.151 I cmn          init: llama threadpool init, n_threads = 16
0.02.273.303 I 
0.02.273.374 I system_info: n_threads = 16 (n_threads_batch = 16) / 32 | CUDA : ARCHS = 750,800,860,890,900,1000,1030,1200,1210 | USE_GRAPHS = 1 | FA_ALL_QUANTS = 1 | CPU : SSE3 = 1 | SSSE3 = 1 | AVX = 1 | AVX2 = 1 | F16C = 1 | FMA = 1 | BMI2 = 1 | LLAMAFILE = 1 | OPENMP = 1 | REPACK = 1 | 
0.02.363.617 I kl_divergence: computing over 5 chunks, n_ctx=32768, batch_size=512, n_seq=1
0.10.586.675 I kl_divergence: 8.22 seconds per pass - ETA 0.68 minutes

chunk             PPL               ln(PPL(Q)/PPL(base))          KL Divergence              Δp RMS            Same top p        Same sampled p
   1      23.2690 ±    0.6297      -0.00439 ±    0.00230       0.02214 ±    0.00043     4.412 ±  0.114 %    93.121 ±  0.198 %    51.796 ±  0.270 %
   2      24.1230 ±    0.4703       0.00223 ±    0.00164       0.02288 ±    0.00034     4.506 ±  0.086 %    93.100 ±  0.140 %    51.320 ±  0.192 %
   3      24.9943 ±    0.3992       0.00304 ±    0.00140       0.02400 ±    0.00030     4.567 ±  0.071 %    92.930 ±  0.116 %    50.992 ±  0.156 %
   4      22.5277 ±    0.3082       0.00468 ±    0.00121       0.02430 ±    0.00028     4.616 ±  0.061 %    93.084 ±  0.099 %    51.983 ±  0.136 %
   5      22.5882 ±    0.2774       0.00530 ±    0.00112       0.02539 ±    0.00027     4.714 ±  0.055 %    93.033 ±  0.089 %    52.271 ±  0.121 %

====== Perplexity statistics ======
Mean PPL(Q)                   :  22.588244 ±   0.277418
Mean PPL(base)                :  22.468784 ±   0.276246
Cor(ln(PPL(Q)), ln(PPL(base))):  99.59%
Mean ln(PPL(Q)/PPL(base))     :   0.005303 ±   0.001116
Mean PPL(Q)/PPL(base)         :   1.005317 ±   0.001122
Mean PPL(Q)-PPL(base)         :   0.119460 ±   0.025164

====== KL divergence statistics ======
Mean    KLD:   0.025386 ±   0.000275
Maximum KLD:   8.707696
99.9%   KLD:   0.819883
99.0%   KLD:   0.241498
95.0%   KLD:   0.091346
90.0%   KLD:   0.056590
Median  KLD:   0.009873
10.0%   KLD:   0.000101
 5.0%   KLD:   0.000017
 1.0%   KLD:   0.000001
 0.1%   KLD:  -0.000012
Minimum KLD:  -0.000199

====== Token probability statistics ======
Mean    Δp: -0.214 ± 0.016 %
Maximum Δp: 85.705%
99.9%   Δp: 33.899%
99.0%   Δp: 13.860%
95.0%   Δp:  5.037%
90.0%   Δp:  2.264%
75.0%   Δp:  0.160%
Median  Δp: -0.001%
25.0%   Δp: -0.358%
10.0%   Δp: -3.077%
 5.0%   Δp: -6.138%
 1.0%   Δp: -15.941%
 0.1%   Δp: -37.835%
Minimum Δp: -82.065%
RMS Δp    :  4.714 ± 0.055 %
Same top p: 93.033 ± 0.089 %
Same sampled p: 52.271 ± 0.121 %

------------------------------
# llama-perplexity: version: 0.4.4-dev (build 11430, commit 9d76dc1da-dirty) | built with GNU 15.3.0 for Linux x86_64
# model: /home/crusaderky/.cache/huggingface/hub/models--bartowski--Ling-3.0-tiny-GGUF/snapshots/ea072726af0d2e8ba325b2f90fc0efa762105a91/Ling-3.0-tiny-Q5_K_L.gguf size=5865441472 mtime=2026-08-21T23:45:37+00:00 sha256/1048576B=01be6a34ed40f674dcac10bc80b57d7f57954b522781a884a9194fbfb37b72dc
llama-perplexity --kl-divergence-base /tmp/logits.dat --ctx-size 32768 -f sample-data/wiki.test.head-2.4k.raw -fa on --hf-repo bartowski/Ling-3.0-tiny-GGUF:Q5_K_L --cache-type-k q4_1 --cache-type-v q4_1 --kl-divergence
0.00.959.009 W load: special_eos_id is not in special_eog_ids - the tokenizer config may be incorrect
0.02.261.619 I cmn          init: llama threadpool init, n_threads = 16
0.02.324.917 I 
0.02.325.003 I system_info: n_threads = 16 (n_threads_batch = 16) / 32 | CUDA : ARCHS = 750,800,860,890,900,1000,1030,1200,1210 | USE_GRAPHS = 1 | FA_ALL_QUANTS = 1 | CPU : SSE3 = 1 | SSSE3 = 1 | AVX = 1 | AVX2 = 1 | F16C = 1 | FMA = 1 | BMI2 = 1 | LLAMAFILE = 1 | OPENMP = 1 | REPACK = 1 | 
0.02.412.265 I kl_divergence: computing over 5 chunks, n_ctx=32768, batch_size=512, n_seq=1
0.10.730.755 I kl_divergence: 8.32 seconds per pass - ETA 0.68 minutes

chunk             PPL               ln(PPL(Q)/PPL(base))          KL Divergence              Δp RMS            Same top p        Same sampled p
   1      23.2037 ±    0.6267      -0.00720 ±    0.00261       0.02774 ±    0.00048     4.707 ±  0.102 %    92.498 ±  0.206 %    51.667 ±  0.270 %
   2      24.1763 ±    0.4708       0.00444 ±    0.00182       0.02774 ±    0.00035     4.764 ±  0.075 %    92.507 ±  0.145 %    51.181 ±  0.192 %
   3      25.1673 ±    0.4016       0.00994 ±    0.00155       0.02938 ±    0.00030     4.936 ±  0.065 %    92.201 ±  0.121 %    50.784 ±  0.157 %
   4      22.6974 ±    0.3102       0.01219 ±    0.00134       0.02941 ±    0.00027     4.949 ±  0.055 %    92.341 ±  0.104 %    51.765 ±  0.136 %
   5      22.7776 ±    0.2794       0.01365 ±    0.00123       0.03043 ±    0.00025     5.070 ±  0.050 %    92.298 ±  0.093 %    52.037 ±  0.122 %

====== Perplexity statistics ======
Mean PPL(Q)                   :  22.777579 ±   0.279426
Mean PPL(base)                :  22.468784 ±   0.276246
Cor(ln(PPL(Q)), ln(PPL(base))):  99.50%
Mean ln(PPL(Q)/PPL(base))     :   0.013650 ±   0.001229
Mean PPL(Q)/PPL(base)         :   1.013743 ±   0.001246
Mean PPL(Q)-PPL(base)         :   0.308795 ±   0.027987

====== KL divergence statistics ======
Mean    KLD:   0.030428 ±   0.000248
Maximum KLD:   3.155797
99.9%   KLD:   0.838930
99.0%   KLD:   0.291775
95.0%   KLD:   0.112233
90.0%   KLD:   0.069675
Median  KLD:   0.012457
10.0%   KLD:   0.000141
 5.0%   KLD:   0.000025
 1.0%   KLD:   0.000001
 0.1%   KLD:  -0.000008
Minimum KLD:  -0.000114

====== Token probability statistics ======
Mean    Δp: -0.417 ± 0.018 %
Maximum Δp: 83.875%
99.9%   Δp: 34.379%
99.0%   Δp: 14.159%
95.0%   Δp:  5.195%
90.0%   Δp:  2.254%
75.0%   Δp:  0.128%
Median  Δp: -0.002%
25.0%   Δp: -0.499%
10.0%   Δp: -3.739%
 5.0%   Δp: -7.377%
 1.0%   Δp: -18.728%
 0.1%   Δp: -40.575%
Minimum Δp: -83.451%
RMS Δp    :  5.070 ± 0.050 %
Same top p: 92.298 ± 0.093 %
Same sampled p: 52.037 ± 0.122 %

------------------------------
# llama-perplexity: version: 0.4.4-dev (build 11430, commit 9d76dc1da-dirty) | built with GNU 15.3.0 for Linux x86_64
# model: /home/crusaderky/.cache/huggingface/hub/models--bartowski--Ling-3.0-tiny-GGUF/snapshots/ea072726af0d2e8ba325b2f90fc0efa762105a91/Ling-3.0-tiny-Q5_K_L.gguf size=5865441472 mtime=2026-08-21T23:45:37+00:00 sha256/1048576B=01be6a34ed40f674dcac10bc80b57d7f57954b522781a884a9194fbfb37b72dc
llama-perplexity --kl-divergence-base /tmp/logits.dat --ctx-size 32768 -f sample-data/wiki.test.head-2.4k.raw -fa on --hf-repo bartowski/Ling-3.0-tiny-GGUF:Q5_K_L --cache-type-k q4_0 --cache-type-v q4_0 --kl-divergence
0.00.913.789 W load: special_eos_id is not in special_eog_ids - the tokenizer config may be incorrect
0.02.193.141 I cmn          init: llama threadpool init, n_threads = 16
0.02.257.259 I 
0.02.257.336 I system_info: n_threads = 16 (n_threads_batch = 16) / 32 | CUDA : ARCHS = 750,800,860,890,900,1000,1030,1200,1210 | USE_GRAPHS = 1 | FA_ALL_QUANTS = 1 | CPU : SSE3 = 1 | SSSE3 = 1 | AVX = 1 | AVX2 = 1 | F16C = 1 | FMA = 1 | BMI2 = 1 | LLAMAFILE = 1 | OPENMP = 1 | REPACK = 1 | 
0.02.344.507 I kl_divergence: computing over 5 chunks, n_ctx=32768, batch_size=512, n_seq=1
0.10.558.087 I kl_divergence: 8.21 seconds per pass - ETA 0.68 minutes

chunk             PPL               ln(PPL(Q)/PPL(base))          KL Divergence              Δp RMS            Same top p        Same sampled p
   1      22.8704 ±    0.6149      -0.02167 ±    0.00274       0.03002 ±    0.00057     5.094 ±  0.120 %    92.358 ±  0.208 %    51.492 ±  0.270 %
   2      23.9265 ±    0.4642      -0.00595 ±    0.00190       0.03031 ±    0.00042     5.063 ±  0.082 %    92.285 ±  0.147 %    51.006 ±  0.192 %
   3      24.9721 ±    0.3976       0.00215 ±    0.00161       0.03159 ±    0.00036     5.130 ±  0.070 %    92.051 ±  0.122 %    50.696 ±  0.157 %
   4      22.5674 ±    0.3079       0.00644 ±    0.00140       0.03168 ±    0.00032     5.213 ±  0.061 %    92.187 ±  0.105 %    51.698 ±  0.136 %
   5      22.5966 ±    0.2767       0.00567 ±    0.00127       0.03272 ±    0.00032     5.275 ±  0.055 %    92.105 ±  0.094 %    51.974 ±  0.122 %

====== Perplexity statistics ======
Mean PPL(Q)                   :  22.596609 ±   0.276698
Mean PPL(base)                :  22.468784 ±   0.276246
Cor(ln(PPL(Q)), ln(PPL(base))):  99.47%
Mean ln(PPL(Q)/PPL(base))     :   0.005673 ±   0.001270
Mean PPL(Q)/PPL(base)         :   1.005689 ±   0.001277
Mean PPL(Q)-PPL(base)         :   0.127825 ±   0.028595

====== KL divergence statistics ======
Mean    KLD:   0.032716 ±   0.000320
Maximum KLD:  10.864341
99.9%   KLD:   0.913577
99.0%   KLD:   0.303933
95.0%   KLD:   0.119660
90.0%   KLD:   0.074391
Median  KLD:   0.013177
10.0%   KLD:   0.000151
 5.0%   KLD:   0.000027
 1.0%   KLD:   0.000001
 0.1%   KLD:  -0.000009
Minimum KLD:  -0.000136

====== Token probability statistics ======
Mean    Δp: -0.383 ± 0.018 %
Maximum Δp: 94.508%
99.9%   Δp: 34.714%
99.0%   Δp: 15.217%
95.0%   Δp:  5.384%
90.0%   Δp:  2.363%
75.0%   Δp:  0.152%
Median  Δp: -0.001%
25.0%   Δp: -0.487%
10.0%   Δp: -3.853%
 5.0%   Δp: -7.461%
 1.0%   Δp: -19.004%
 0.1%   Δp: -41.660%
Minimum Δp: -81.403%
RMS Δp    :  5.275 ± 0.055 %
Same top p: 92.105 ± 0.094 %
Same sampled p: 51.974 ± 0.122 %

------------------------------
# llama-perplexity: version: 0.4.4-dev (build 11430, commit 9d76dc1da-dirty) | built with GNU 15.3.0 for Linux x86_64
# model: /home/crusaderky/.cache/huggingface/hub/models--bartowski--Ling-3.0-tiny-GGUF/snapshots/ea072726af0d2e8ba325b2f90fc0efa762105a91/Ling-3.0-tiny-Q5_K_L.gguf size=5865441472 mtime=2026-08-21T23:45:37+00:00 sha256/1048576B=01be6a34ed40f674dcac10bc80b57d7f57954b522781a884a9194fbfb37b72dc
llama-perplexity --kl-divergence-base /tmp/logits.dat --ctx-size 32768 -f sample-data/wiki.test.head-2.4k.raw -fa on --hf-repo bartowski/Ling-3.0-tiny-GGUF:Q5_K_L --cache-type-k q3_1 --cache-type-v q3_1 --kl-divergence
0.00.912.289 W load: special_eos_id is not in special_eog_ids - the tokenizer config may be incorrect
0.02.188.255 I cmn          init: llama threadpool init, n_threads = 16
0.02.253.830 I 
0.02.253.906 I system_info: n_threads = 16 (n_threads_batch = 16) / 32 | CUDA : ARCHS = 750,800,860,890,900,1000,1030,1200,1210 | USE_GRAPHS = 1 | FA_ALL_QUANTS = 1 | CPU : SSE3 = 1 | SSSE3 = 1 | AVX = 1 | AVX2 = 1 | F16C = 1 | FMA = 1 | BMI2 = 1 | LLAMAFILE = 1 | OPENMP = 1 | REPACK = 1 | 
0.02.343.955 I kl_divergence: computing over 5 chunks, n_ctx=32768, batch_size=512, n_seq=1
0.10.563.202 I kl_divergence: 8.22 seconds per pass - ETA 0.68 minutes

chunk             PPL               ln(PPL(Q)/PPL(base))          KL Divergence              Δp RMS            Same top p        Same sampled p
   1      23.0096 ±    0.6149      -0.01560 ±    0.00375       0.05861 ±    0.00114     7.188 ±  0.158 %    88.946 ±  0.245 %    50.771 ±  0.271 %
   2      24.0621 ±    0.4660      -0.00030 ±    0.00266       0.05895 ±    0.00082     7.098 ±  0.111 %    89.098 ±  0.172 %    50.468 ±  0.192 %
   3      25.3048 ±    0.4029       0.01539 ±    0.00223       0.06158 ±    0.00068     7.126 ±  0.089 %    88.789 ±  0.142 %    50.176 ±  0.157 %
   4      22.7605 ±    0.3104       0.01496 ±    0.00194       0.06150 ±    0.00059     7.169 ±  0.076 %    88.958 ±  0.122 %    51.168 ±  0.136 %
   5      22.8285 ±    0.2798       0.01588 ±    0.00176       0.06330 ±    0.00056     7.269 ±  0.068 %    88.875 ±  0.110 %    51.499 ±  0.122 %

====== Perplexity statistics ======
Mean PPL(Q)                   :  22.828485 ±   0.279813
Mean PPL(base)                :  22.468784 ±   0.276246
Cor(ln(PPL(Q)), ln(PPL(base))):  98.97%
Mean ln(PPL(Q)/PPL(base))     :   0.015882 ±   0.001760
Mean PPL(Q)/PPL(base)         :   1.016009 ±   0.001788
Mean PPL(Q)-PPL(base)         :   0.359701 ±   0.040009

====== KL divergence statistics ======
Mean    KLD:   0.063297 ±   0.000557
Maximum KLD:  14.032168
99.9%   KLD:   1.934674
99.0%   KLD:   0.610474
95.0%   KLD:   0.233704
90.0%   KLD:   0.143769
Median  KLD:   0.024855
10.0%   KLD:   0.000284
 5.0%   KLD:   0.000049
 1.0%   KLD:   0.000003
 0.1%   KLD:  -0.000007
Minimum KLD:  -0.000233

====== Token probability statistics ======
Mean    Δp: -0.505 ± 0.025 %
Maximum Δp: 94.585%
99.9%   Δp: 47.942%
99.0%   Δp: 21.072%
95.0%   Δp:  7.701%
90.0%   Δp:  3.456%
75.0%   Δp:  0.216%
Median  Δp: -0.002%
25.0%   Δp: -0.655%
10.0%   Δp: -5.259%
 5.0%   Δp: -10.407%
 1.0%   Δp: -26.849%
 0.1%   Δp: -57.979%
Minimum Δp: -98.450%
RMS Δp    :  7.269 ± 0.068 %
Same top p: 88.875 ± 0.110 %
Same sampled p: 51.499 ± 0.122 %

------------------------------
# llama-perplexity: version: 0.4.4-dev (build 11430, commit 9d76dc1da-dirty) | built with GNU 15.3.0 for Linux x86_64
# model: /home/crusaderky/.cache/huggingface/hub/models--bartowski--Ling-3.0-tiny-GGUF/snapshots/ea072726af0d2e8ba325b2f90fc0efa762105a91/Ling-3.0-tiny-Q5_K_L.gguf size=5865441472 mtime=2026-08-21T23:45:37+00:00 sha256/1048576B=01be6a34ed40f674dcac10bc80b57d7f57954b522781a884a9194fbfb37b72dc
llama-perplexity --kl-divergence-base /tmp/logits.dat --ctx-size 32768 -f sample-data/wiki.test.head-2.4k.raw -fa on --hf-repo bartowski/Ling-3.0-tiny-GGUF:Q5_K_L --cache-type-k q3_0 --cache-type-v q3_0 --kl-divergence
0.00.926.267 W load: special_eos_id is not in special_eog_ids - the tokenizer config may be incorrect
0.02.207.125 I cmn          init: llama threadpool init, n_threads = 16
0.02.272.343 I 
0.02.272.418 I system_info: n_threads = 16 (n_threads_batch = 16) / 32 | CUDA : ARCHS = 750,800,860,890,900,1000,1030,1200,1210 | USE_GRAPHS = 1 | FA_ALL_QUANTS = 1 | CPU : SSE3 = 1 | SSSE3 = 1 | AVX = 1 | AVX2 = 1 | F16C = 1 | FMA = 1 | BMI2 = 1 | LLAMAFILE = 1 | OPENMP = 1 | REPACK = 1 | 
0.02.361.867 I kl_divergence: computing over 5 chunks, n_ctx=32768, batch_size=512, n_seq=1
0.10.674.976 I kl_divergence: 8.31 seconds per pass - ETA 0.68 minutes

chunk             PPL               ln(PPL(Q)/PPL(base))          KL Divergence              Δp RMS            Same top p        Same sampled p
   1      23.5158 ±    0.6350       0.00616 ±    0.00383       0.05811 ±    0.00097     6.914 ±  0.131 %    89.538 ±  0.239 %    50.975 ±  0.271 %
   2      24.3339 ±    0.4734       0.01093 ±    0.00265       0.05739 ±    0.00073     6.849 ±  0.098 %    89.398 ±  0.170 %    50.557 ±  0.192 %
   3      25.5880 ±    0.4096       0.02652 ±    0.00221       0.05985 ±    0.00062     6.908 ±  0.082 %    89.098 ±  0.141 %    50.323 ±  0.157 %
   4      23.0717 ±    0.3165       0.02854 ±    0.00194       0.06113 ±    0.00056     7.083 ±  0.074 %    89.263 ±  0.121 %    51.318 ±  0.136 %
   5      23.0276 ±    0.2834       0.02457 ±    0.00177       0.06307 ±    0.00054     7.229 ±  0.066 %    89.201 ±  0.108 %    51.612 ±  0.122 %

====== Perplexity statistics ======
Mean PPL(Q)                   :  23.027597 ±   0.283390
Mean PPL(base)                :  22.468784 ±   0.276246
Cor(ln(PPL(Q)), ln(PPL(base))):  98.97%
Mean ln(PPL(Q)/PPL(base))     :   0.024566 ±   0.001766
Mean PPL(Q)/PPL(base)         :   1.024871 ±   0.001810
Mean PPL(Q)-PPL(base)         :   0.558813 ±   0.040806

====== KL divergence statistics ======
Mean    KLD:   0.063071 ±   0.000545
Maximum KLD:  15.194892
99.9%   KLD:   1.889927
99.0%   KLD:   0.616456
95.0%   KLD:   0.236160
90.0%   KLD:   0.144919
Median  KLD:   0.024550
10.0%   KLD:   0.000262
 5.0%   KLD:   0.000047
 1.0%   KLD:   0.000003
 0.1%   KLD:  -0.000011
Minimum KLD:  -0.000165

====== Token probability statistics ======
Mean    Δp: -0.464 ± 0.025 %
Maximum Δp: 97.173%
99.9%   Δp: 47.187%
99.0%   Δp: 21.063%
95.0%   Δp:  7.866%
90.0%   Δp:  3.531%
75.0%   Δp:  0.246%
Median  Δp: -0.001%
25.0%   Δp: -0.600%
10.0%   Δp: -5.054%
 5.0%   Δp: -10.243%
 1.0%   Δp: -26.747%
 0.1%   Δp: -59.160%
Minimum Δp: -99.206%
RMS Δp    :  7.229 ± 0.066 %
Same top p: 89.201 ± 0.108 %
Same sampled p: 51.612 ± 0.122 %

------------------------------
# llama-perplexity: version: 0.4.4-dev (build 11430, commit 9d76dc1da-dirty) | built with GNU 15.3.0 for Linux x86_64
# model: /home/crusaderky/.cache/huggingface/hub/models--bartowski--Ling-3.0-tiny-GGUF/snapshots/ea072726af0d2e8ba325b2f90fc0efa762105a91/Ling-3.0-tiny-Q5_K_M.gguf size=5716431040 mtime=2026-08-21T23:48:27+00:00 sha256/1048576B=01be6a34ed40f674dcac10bc80b57d7f57954b522781a884a9194fbfb37b72dc
llama-perplexity --kl-divergence-base /tmp/logits.dat --ctx-size 32768 -f sample-data/wiki.test.head-2.4k.raw -fa on --hf-repo bartowski/Ling-3.0-tiny-GGUF:Q5_K_M --cache-type-k q4_1 --cache-type-v q4_1 --kl-divergence
0.00.941.976 W load: special_eos_id is not in special_eog_ids - the tokenizer config may be incorrect
0.06.595.230 I cmn          init: llama threadpool init, n_threads = 16
0.06.662.206 I 
0.06.662.286 I system_info: n_threads = 16 (n_threads_batch = 16) / 32 | CUDA : ARCHS = 750,800,860,890,900,1000,1030,1200,1210 | USE_GRAPHS = 1 | FA_ALL_QUANTS = 1 | CPU : SSE3 = 1 | SSSE3 = 1 | AVX = 1 | AVX2 = 1 | F16C = 1 | FMA = 1 | BMI2 = 1 | LLAMAFILE = 1 | OPENMP = 1 | REPACK = 1 | 
0.06.763.655 I kl_divergence: computing over 5 chunks, n_ctx=32768, batch_size=512, n_seq=1
0.15.063.606 I kl_divergence: 8.30 seconds per pass - ETA 0.68 minutes

chunk             PPL               ln(PPL(Q)/PPL(base))          KL Divergence              Δp RMS            Same top p        Same sampled p
   1      23.3680 ±    0.6319      -0.00015 ±    0.00264       0.02926 ±    0.00057     4.848 ±  0.104 %    92.468 ±  0.206 %    51.615 ±  0.270 %
   2      24.1890 ±    0.4709       0.00496 ±    0.00186       0.02965 ±    0.00044     4.924 ±  0.083 %    92.428 ±  0.146 %    51.101 ±  0.192 %
   3      25.1829 ±    0.4013       0.01056 ±    0.00158       0.03150 ±    0.00036     5.049 ±  0.067 %    91.984 ±  0.122 %    50.686 ±  0.157 %
   4      22.7032 ±    0.3100       0.01244 ±    0.00139       0.03173 ±    0.00032     5.158 ±  0.061 %    92.109 ±  0.105 %    51.683 ±  0.136 %
   5      22.7668 ±    0.2792       0.01318 ±    0.00126       0.03255 ±    0.00029     5.239 ±  0.054 %    92.064 ±  0.094 %    52.006 ±  0.122 %

====== Perplexity statistics ======
Mean PPL(Q)                   :  22.766777 ±   0.279197
Mean PPL(base)                :  22.468784 ±   0.276246
Cor(ln(PPL(Q)), ln(PPL(base))):  99.47%
Mean ln(PPL(Q)/PPL(base))     :   0.013175 ±   0.001262
Mean PPL(Q)/PPL(base)         :   1.013263 ±   0.001279
Mean PPL(Q)-PPL(base)         :   0.297993 ±   0.028688

====== KL divergence statistics ======
Mean    KLD:   0.032555 ±   0.000293
Maximum KLD:   4.981050
99.9%   KLD:   0.948358
99.0%   KLD:   0.312233
95.0%   KLD:   0.118486
90.0%   KLD:   0.073613
Median  KLD:   0.013099
10.0%   KLD:   0.000151
 5.0%   KLD:   0.000027
 1.0%   KLD:   0.000001
 0.1%   KLD:  -0.000008
Minimum KLD:  -0.000185

====== Token probability statistics ======
Mean    Δp: -0.415 ± 0.018 %
Maximum Δp: 81.446%
99.9%   Δp: 35.693%
99.0%   Δp: 14.724%
95.0%   Δp:  5.371%
90.0%   Δp:  2.370%
75.0%   Δp:  0.136%
Median  Δp: -0.002%
25.0%   Δp: -0.499%
10.0%   Δp: -3.836%
 5.0%   Δp: -7.524%
 1.0%   Δp: -19.020%
 0.1%   Δp: -40.456%
Minimum Δp: -81.906%
RMS Δp    :  5.239 ± 0.054 %
Same top p: 92.064 ± 0.094 %
Same sampled p: 52.006 ± 0.122 %

------------------------------
# llama-perplexity: version: 0.4.4-dev (build 11430, commit 9d76dc1da-dirty) | built with GNU 15.3.0 for Linux x86_64
# model: /home/crusaderky/.cache/huggingface/hub/models--bartowski--Ling-3.0-tiny-GGUF/snapshots/ea072726af0d2e8ba325b2f90fc0efa762105a91/Ling-3.0-tiny-Q5_K_M.gguf size=5716431040 mtime=2026-08-21T23:48:27+00:00 sha256/1048576B=01be6a34ed40f674dcac10bc80b57d7f57954b522781a884a9194fbfb37b72dc
llama-perplexity --kl-divergence-base /tmp/logits.dat --ctx-size 32768 -f sample-data/wiki.test.head-2.4k.raw -fa on --hf-repo bartowski/Ling-3.0-tiny-GGUF:Q5_K_M --cache-type-k q3_1 --cache-type-v q3_1 --kl-divergence
0.00.930.986 W load: special_eos_id is not in special_eog_ids - the tokenizer config may be incorrect
0.02.214.453 I cmn          init: llama threadpool init, n_threads = 16
0.02.284.315 I 
0.02.284.387 I system_info: n_threads = 16 (n_threads_batch = 16) / 32 | CUDA : ARCHS = 750,800,860,890,900,1000,1030,1200,1210 | USE_GRAPHS = 1 | FA_ALL_QUANTS = 1 | CPU : SSE3 = 1 | SSSE3 = 1 | AVX = 1 | AVX2 = 1 | F16C = 1 | FMA = 1 | BMI2 = 1 | LLAMAFILE = 1 | OPENMP = 1 | REPACK = 1 | 
0.02.377.064 I kl_divergence: computing over 5 chunks, n_ctx=32768, batch_size=512, n_seq=1
0.11.007.239 I kl_divergence: 8.63 seconds per pass - ETA 0.72 minutes

chunk             PPL               ln(PPL(Q)/PPL(base))          KL Divergence              Δp RMS            Same top p        Same sampled p
   1      23.1884 ±    0.6239      -0.00786 ±    0.00373       0.05738 ±    0.00102     7.028 ±  0.149 %    89.721 ±  0.237 %    51.056 ±  0.271 %
   2      24.0954 ±    0.4671       0.00109 ±    0.00264       0.05883 ±    0.00076     7.060 ±  0.108 %    89.385 ±  0.170 %    50.494 ±  0.192 %
   3      25.3287 ±    0.4029       0.01633 ±    0.00223       0.06257 ±    0.00064     7.180 ±  0.088 %    88.830 ±  0.142 %    50.069 ±  0.157 %
   4      22.7771 ±    0.3102       0.01569 ±    0.00194       0.06238 ±    0.00058     7.240 ±  0.077 %    89.106 ±  0.122 %    51.049 ±  0.136 %
   5      22.8693 ±    0.2798       0.01767 ±    0.00177       0.06436 ±    0.00057     7.338 ±  0.068 %    88.991 ±  0.109 %    51.339 ±  0.122 %

====== Perplexity statistics ======
Mean PPL(Q)                   :  22.869290 ±   0.279752
Mean PPL(base)                :  22.468784 ±   0.276246
Cor(ln(PPL(Q)), ln(PPL(base))):  98.96%
Mean ln(PPL(Q)/PPL(base))     :   0.017668 ±   0.001769
Mean PPL(Q)/PPL(base)         :   1.017825 ±   0.001800
Mean PPL(Q)-PPL(base)         :   0.400506 ±   0.040224

====== KL divergence statistics ======
Mean    KLD:   0.064365 ±   0.000570
Maximum KLD:  16.453148
99.9%   KLD:   1.983097
99.0%   KLD:   0.610201
95.0%   KLD:   0.238126
90.0%   KLD:   0.147554
Median  KLD:   0.025634
10.0%   KLD:   0.000303
 5.0%   KLD:   0.000051
 1.0%   KLD:   0.000004
 0.1%   KLD:  -0.000005
Minimum KLD:  -0.000214

====== Token probability statistics ======
Mean    Δp: -0.655 ± 0.026 %
Maximum Δp: 97.796%
99.9%   Δp: 47.682%
99.0%   Δp: 20.134%
95.0%   Δp:  7.482%
90.0%   Δp:  3.332%
75.0%   Δp:  0.178%
Median  Δp: -0.003%
25.0%   Δp: -0.756%
10.0%   Δp: -5.546%
 5.0%   Δp: -10.919%
 1.0%   Δp: -27.716%
 0.1%   Δp: -59.150%
Minimum Δp: -95.728%
RMS Δp    :  7.338 ± 0.068 %
Same top p: 88.991 ± 0.109 %
Same sampled p: 51.339 ± 0.122 %

------------------------------
# llama-perplexity: version: 0.4.4-dev (build 11430, commit 9d76dc1da-dirty) | built with GNU 15.3.0 for Linux x86_64
# model: /home/crusaderky/.cache/huggingface/hub/models--bartowski--Ling-3.0-tiny-GGUF/snapshots/ea072726af0d2e8ba325b2f90fc0efa762105a91/Ling-3.0-tiny-Q5_K_S.gguf size=5548822720 mtime=2026-08-21T23:50:40+00:00 sha256/1048576B=01be6a34ed40f674dcac10bc80b57d7f57954b522781a884a9194fbfb37b72dc
llama-perplexity --kl-divergence-base /tmp/logits.dat --ctx-size 32768 -f sample-data/wiki.test.head-2.4k.raw -fa on --hf-repo bartowski/Ling-3.0-tiny-GGUF:Q5_K_S --cache-type-k q8_0 --cache-type-v q8_0 --kl-divergence
0.00.951.308 W load: special_eos_id is not in special_eog_ids - the tokenizer config may be incorrect
0.06.307.842 I cmn          init: llama threadpool init, n_threads = 16
0.06.411.597 I 
0.06.411.669 I system_info: n_threads = 16 (n_threads_batch = 16) / 32 | CUDA : ARCHS = 750,800,860,890,900,1000,1030,1200,1210 | USE_GRAPHS = 1 | FA_ALL_QUANTS = 1 | CPU : SSE3 = 1 | SSSE3 = 1 | AVX = 1 | AVX2 = 1 | F16C = 1 | FMA = 1 | BMI2 = 1 | LLAMAFILE = 1 | OPENMP = 1 | REPACK = 1 | 
0.06.502.399 I kl_divergence: computing over 5 chunks, n_ctx=32768, batch_size=512, n_seq=1
0.15.549.662 I kl_divergence: 9.05 seconds per pass - ETA 0.75 minutes

chunk             PPL               ln(PPL(Q)/PPL(base))          KL Divergence              Δp RMS            Same top p        Same sampled p
   1      23.4054 ±    0.6342       0.00145 ±    0.00265       0.02943 ±    0.00048     4.875 ±  0.100 %    92.315 ±  0.208 %    51.684 ±  0.270 %
   2      24.4931 ±    0.4783       0.01745 ±    0.00192       0.03100 ±    0.00038     5.023 ±  0.078 %    92.202 ±  0.148 %    51.127 ±  0.192 %
   3      25.5491 ±    0.4092       0.02500 ±    0.00164       0.03304 ±    0.00033     5.231 ±  0.069 %    91.778 ±  0.124 %    50.797 ±  0.157 %
   4      22.9823 ±    0.3150       0.02466 ±    0.00142       0.03323 ±    0.00031     5.292 ±  0.062 %    91.889 ±  0.107 %    51.756 ±  0.136 %
   5      23.0459 ±    0.2834       0.02536 ±    0.00130       0.03452 ±    0.00028     5.421 ±  0.055 %    91.853 ±  0.096 %    51.998 ±  0.122 %

====== Perplexity statistics ======
Mean PPL(Q)                   :  23.045931 ±   0.283440
Mean PPL(base)                :  22.468784 ±   0.276246
Cor(ln(PPL(Q)), ln(PPL(base))):  99.44%
Mean ln(PPL(Q)/PPL(base))     :   0.025362 ±   0.001300
Mean PPL(Q)/PPL(base)         :   1.025687 ±   0.001333
Mean PPL(Q)-PPL(base)         :   0.577147 ±   0.030441

====== KL divergence statistics ======
Mean    KLD:   0.034524 ±   0.000283
Maximum KLD:   5.346448
99.9%   KLD:   0.960392
99.0%   KLD:   0.318832
95.0%   KLD:   0.125708
90.0%   KLD:   0.079213
Median  KLD:   0.014738
10.0%   KLD:   0.000156
 5.0%   KLD:   0.000027
 1.0%   KLD:   0.000002
 0.1%   KLD:  -0.000011
Minimum KLD:  -0.000170

====== Token probability statistics ======
Mean    Δp: -0.483 ± 0.019 %
Maximum Δp: 93.602%
99.9%   Δp: 34.974%
99.0%   Δp: 15.176%
95.0%   Δp:  5.413%
90.0%   Δp:  2.364%
75.0%   Δp:  0.127%
Median  Δp: -0.002%
25.0%   Δp: -0.549%
10.0%   Δp: -4.129%
 5.0%   Δp: -8.039%
 1.0%   Δp: -19.762%
 0.1%   Δp: -43.372%
Minimum Δp: -91.037%
RMS Δp    :  5.421 ± 0.055 %
Same top p: 91.853 ± 0.096 %
Same sampled p: 51.998 ± 0.122 %

------------------------------
# llama-perplexity: version: 0.4.4-dev (build 11430, commit 9d76dc1da-dirty) | built with GNU 15.3.0 for Linux x86_64
# model: /home/crusaderky/.cache/huggingface/hub/models--bartowski--Ling-3.0-tiny-GGUF/snapshots/ea072726af0d2e8ba325b2f90fc0efa762105a91/Ling-3.0-tiny-Q5_K_S.gguf size=5548822720 mtime=2026-08-21T23:50:40+00:00 sha256/1048576B=01be6a34ed40f674dcac10bc80b57d7f57954b522781a884a9194fbfb37b72dc
llama-perplexity --kl-divergence-base /tmp/logits.dat --ctx-size 32768 -f sample-data/wiki.test.head-2.4k.raw -fa on --hf-repo bartowski/Ling-3.0-tiny-GGUF:Q5_K_S --cache-type-k q6_0 --cache-type-v q6_0 --kl-divergence
0.00.983.122 W load: special_eos_id is not in special_eog_ids - the tokenizer config may be incorrect
0.02.305.667 I cmn          init: llama threadpool init, n_threads = 16
0.02.372.769 I 
0.02.372.863 I system_info: n_threads = 16 (n_threads_batch = 16) / 32 | CUDA : ARCHS = 750,800,860,890,900,1000,1030,1200,1210 | USE_GRAPHS = 1 | FA_ALL_QUANTS = 1 | CPU : SSE3 = 1 | SSSE3 = 1 | AVX = 1 | AVX2 = 1 | F16C = 1 | FMA = 1 | BMI2 = 1 | LLAMAFILE = 1 | OPENMP = 1 | REPACK = 1 | 
0.02.465.082 I kl_divergence: computing over 5 chunks, n_ctx=32768, batch_size=512, n_seq=1
0.11.154.706 I kl_divergence: 8.69 seconds per pass - ETA 0.72 minutes

chunk             PPL               ln(PPL(Q)/PPL(base))          KL Divergence              Δp RMS            Same top p        Same sampled p
   1      23.7457 ±    0.6453       0.01589 ±    0.00276       0.03129 ±    0.00054     4.984 ±  0.106 %    92.260 ±  0.209 %    51.692 ±  0.270 %
   2      24.5864 ±    0.4805       0.02126 ±    0.00196       0.03227 ±    0.00040     5.118 ±  0.078 %    92.102 ±  0.149 %    51.106 ±  0.192 %
   3      25.5683 ±    0.4093       0.02574 ±    0.00166       0.03400 ±    0.00034     5.297 ±  0.066 %    91.687 ±  0.125 %    50.743 ±  0.157 %
   4      23.0225 ±    0.3157       0.02641 ±    0.00144       0.03413 ±    0.00030     5.344 ±  0.059 %    91.786 ±  0.107 %    51.730 ±  0.136 %
   5      23.0712 ±    0.2838       0.02646 ±    0.00131       0.03521 ±    0.00028     5.473 ±  0.054 %    91.781 ±  0.096 %    51.995 ±  0.122 %

====== Perplexity statistics ======
Mean PPL(Q)                   :  23.071225 ±   0.283850
Mean PPL(base)                :  22.468784 ±   0.276246
Cor(ln(PPL(Q)), ln(PPL(base))):  99.43%
Mean ln(PPL(Q)/PPL(base))     :   0.026459 ±   0.001311
Mean PPL(Q)/PPL(base)         :   1.026812 ±   0.001346
Mean PPL(Q)-PPL(base)         :   0.602441 ±   0.030799

====== KL divergence statistics ======
Mean    KLD:   0.035207 ±   0.000276
Maximum KLD:   3.278327
99.9%   KLD:   0.951370
99.0%   KLD:   0.327967
95.0%   KLD:   0.129247
90.0%   KLD:   0.080951
Median  KLD:   0.014954
10.0%   KLD:   0.000154
 5.0%   KLD:   0.000026
 1.0%   KLD:   0.000001
 0.1%   KLD:  -0.000011
Minimum KLD:  -0.000162

====== Token probability statistics ======
Mean    Δp: -0.475 ± 0.019 %
Maximum Δp: 83.630%
99.9%   Δp: 36.310%
99.0%   Δp: 15.126%
95.0%   Δp:  5.545%
90.0%   Δp:  2.402%
75.0%   Δp:  0.132%
Median  Δp: -0.002%
25.0%   Δp: -0.555%
10.0%   Δp: -4.147%
 5.0%   Δp: -8.126%
 1.0%   Δp: -19.837%
 0.1%   Δp: -43.263%
Minimum Δp: -87.382%
RMS Δp    :  5.473 ± 0.054 %
Same top p: 91.781 ± 0.096 %
Same sampled p: 51.995 ± 0.122 %

------------------------------
# llama-perplexity: version: 0.4.4-dev (build 11430, commit 9d76dc1da-dirty) | built with GNU 15.3.0 for Linux x86_64
# model: /home/crusaderky/.cache/huggingface/hub/models--bartowski--Ling-3.0-tiny-GGUF/snapshots/ea072726af0d2e8ba325b2f90fc0efa762105a91/Ling-3.0-tiny-Q5_K_S.gguf size=5548822720 mtime=2026-08-21T23:50:40+00:00 sha256/1048576B=01be6a34ed40f674dcac10bc80b57d7f57954b522781a884a9194fbfb37b72dc
llama-perplexity --kl-divergence-base /tmp/logits.dat --ctx-size 32768 -f sample-data/wiki.test.head-2.4k.raw -fa on --hf-repo bartowski/Ling-3.0-tiny-GGUF:Q5_K_S --cache-type-k q5_1 --cache-type-v q5_1 --kl-divergence
0.00.915.712 W load: special_eos_id is not in special_eog_ids - the tokenizer config may be incorrect
0.02.130.472 I cmn          init: llama threadpool init, n_threads = 16
0.02.193.879 I 
0.02.193.953 I system_info: n_threads = 16 (n_threads_batch = 16) / 32 | CUDA : ARCHS = 750,800,860,890,900,1000,1030,1200,1210 | USE_GRAPHS = 1 | FA_ALL_QUANTS = 1 | CPU : SSE3 = 1 | SSSE3 = 1 | AVX = 1 | AVX2 = 1 | F16C = 1 | FMA = 1 | BMI2 = 1 | LLAMAFILE = 1 | OPENMP = 1 | REPACK = 1 | 
0.02.281.934 I kl_divergence: computing over 5 chunks, n_ctx=32768, batch_size=512, n_seq=1
0.11.307.255 I kl_divergence: 9.03 seconds per pass - ETA 0.75 minutes

chunk             PPL               ln(PPL(Q)/PPL(base))          KL Divergence              Δp RMS            Same top p        Same sampled p
   1      23.6717 ±    0.6429       0.01277 ±    0.00281       0.03227 ±    0.00057     5.225 ±  0.111 %    92.053 ±  0.211 %    51.692 ±  0.270 %
   2      24.6066 ±    0.4802       0.02208 ±    0.00200       0.03372 ±    0.00042     5.324 ±  0.080 %    91.815 ±  0.151 %    51.041 ±  0.192 %
   3      25.5307 ±    0.4083       0.02427 ±    0.00168       0.03470 ±    0.00034     5.384 ±  0.066 %    91.505 ±  0.126 %    50.734 ±  0.157 %
   4      22.9719 ±    0.3145       0.02421 ±    0.00145       0.03466 ±    0.00030     5.399 ±  0.057 %    91.622 ±  0.108 %    51.694 ±  0.136 %
   5      23.0532 ±    0.2833       0.02568 ±    0.00132       0.03588 ±    0.00027     5.528 ±  0.052 %    91.531 ±  0.097 %    51.945 ±  0.122 %

====== Perplexity statistics ======
Mean PPL(Q)                   :  23.053246 ±   0.283346
Mean PPL(base)                :  22.468784 ±   0.276246
Cor(ln(PPL(Q)), ln(PPL(base))):  99.42%
Mean ln(PPL(Q)/PPL(base))     :   0.025680 ±   0.001325
Mean PPL(Q)/PPL(base)         :   1.026012 ±   0.001359
Mean PPL(Q)-PPL(base)         :   0.584462 ±   0.030975

====== KL divergence statistics ======
Mean    KLD:   0.035882 ±   0.000273
Maximum KLD:   3.348784
99.9%   KLD:   0.911403
99.0%   KLD:   0.318813
95.0%   KLD:   0.132446
90.0%   KLD:   0.083086
Median  KLD:   0.015564
10.0%   KLD:   0.000165
 5.0%   KLD:   0.000028
 1.0%   KLD:   0.000002
 0.1%   KLD:  -0.000011
Minimum KLD:  -0.000180

====== Token probability statistics ======
Mean    Δp: -0.519 ± 0.019 %
Maximum Δp: 77.787%
99.9%   Δp: 35.096%
99.0%   Δp: 15.688%
95.0%   Δp:  5.513%
90.0%   Δp:  2.346%
75.0%   Δp:  0.124%
Median  Δp: -0.003%
25.0%   Δp: -0.594%
10.0%   Δp: -4.344%
 5.0%   Δp: -8.352%
 1.0%   Δp: -20.590%
 0.1%   Δp: -43.965%
Minimum Δp: -92.692%
RMS Δp    :  5.528 ± 0.052 %
Same top p: 91.531 ± 0.097 %
Same sampled p: 51.945 ± 0.122 %

------------------------------
# llama-perplexity: version: 0.4.4-dev (build 11430, commit 9d76dc1da-dirty) | built with GNU 15.3.0 for Linux x86_64
# model: /home/crusaderky/.cache/huggingface/hub/models--bartowski--Ling-3.0-tiny-GGUF/snapshots/ea072726af0d2e8ba325b2f90fc0efa762105a91/Ling-3.0-tiny-Q5_K_S.gguf size=5548822720 mtime=2026-08-21T23:50:40+00:00 sha256/1048576B=01be6a34ed40f674dcac10bc80b57d7f57954b522781a884a9194fbfb37b72dc
llama-perplexity --kl-divergence-base /tmp/logits.dat --ctx-size 32768 -f sample-data/wiki.test.head-2.4k.raw -fa on --hf-repo bartowski/Ling-3.0-tiny-GGUF:Q5_K_S --cache-type-k q5_0 --cache-type-v q5_0 --kl-divergence
0.00.899.127 W load: special_eos_id is not in special_eog_ids - the tokenizer config may be incorrect
0.02.126.894 I cmn          init: llama threadpool init, n_threads = 16
0.02.189.788 I 
0.02.189.853 I system_info: n_threads = 16 (n_threads_batch = 16) / 32 | CUDA : ARCHS = 750,800,860,890,900,1000,1030,1200,1210 | USE_GRAPHS = 1 | FA_ALL_QUANTS = 1 | CPU : SSE3 = 1 | SSSE3 = 1 | AVX = 1 | AVX2 = 1 | F16C = 1 | FMA = 1 | BMI2 = 1 | LLAMAFILE = 1 | OPENMP = 1 | REPACK = 1 | 
0.02.276.608 I kl_divergence: computing over 5 chunks, n_ctx=32768, batch_size=512, n_seq=1
0.10.680.026 I kl_divergence: 8.40 seconds per pass - ETA 0.70 minutes

chunk             PPL               ln(PPL(Q)/PPL(base))          KL Divergence              Δp RMS            Same top p        Same sampled p
   1      23.6247 ±    0.6420       0.01078 ±    0.00279       0.03268 ±    0.00063     5.235 ±  0.122 %    92.059 ±  0.211 %    51.666 ±  0.270 %
   2      24.5590 ±    0.4799       0.02014 ±    0.00199       0.03363 ±    0.00045     5.280 ±  0.083 %    91.802 ±  0.152 %    51.106 ±  0.192 %
   3      25.4647 ±    0.4073       0.02169 ±    0.00169       0.03515 ±    0.00038     5.405 ±  0.071 %    91.426 ±  0.126 %    50.720 ±  0.157 %
   4      22.9316 ±    0.3140       0.02245 ±    0.00146       0.03544 ±    0.00034     5.473 ±  0.063 %    91.581 ±  0.108 %    51.674 ±  0.136 %
   5      23.0279 ±    0.2830       0.02458 ±    0.00135       0.03721 ±    0.00031     5.639 ±  0.057 %    91.524 ±  0.097 %    51.905 ±  0.122 %

====== Perplexity statistics ======
Mean PPL(Q)                   :  23.027896 ±   0.282977
Mean PPL(base)                :  22.468784 ±   0.276246
Cor(ln(PPL(Q)), ln(PPL(base))):  99.40%
Mean ln(PPL(Q)/PPL(base))     :   0.024579 ±   0.001349
Mean PPL(Q)/PPL(base)         :   1.024884 ±   0.001383
Mean PPL(Q)-PPL(base)         :   0.559112 ±   0.031419

====== KL divergence statistics ======
Mean    KLD:   0.037213 ±   0.000311
Maximum KLD:   4.387741
99.9%   KLD:   1.030346
99.0%   KLD:   0.345021
95.0%   KLD:   0.135924
90.0%   KLD:   0.084853
Median  KLD:   0.015660
10.0%   KLD:   0.000165
 5.0%   KLD:   0.000029
 1.0%   KLD:   0.000002
 0.1%   KLD:  -0.000012
Minimum KLD:  -0.000181

====== Token probability statistics ======
Mean    Δp: -0.523 ± 0.020 %
Maximum Δp: 87.020%
99.9%   Δp: 37.596%
99.0%   Δp: 15.485%
95.0%   Δp:  5.508%
90.0%   Δp:  2.425%
75.0%   Δp:  0.132%
Median  Δp: -0.003%
25.0%   Δp: -0.590%
10.0%   Δp: -4.357%
 5.0%   Δp: -8.408%
 1.0%   Δp: -20.563%
 0.1%   Δp: -44.387%
Minimum Δp: -92.389%
RMS Δp    :  5.639 ± 0.057 %
Same top p: 91.524 ± 0.097 %
Same sampled p: 51.905 ± 0.122 %

------------------------------
# llama-perplexity: version: 0.4.4-dev (build 11430, commit 9d76dc1da-dirty) | built with GNU 15.3.0 for Linux x86_64
# model: /home/crusaderky/.cache/huggingface/hub/models--bartowski--Ling-3.0-tiny-GGUF/snapshots/ea072726af0d2e8ba325b2f90fc0efa762105a91/Ling-3.0-tiny-Q5_K_S.gguf size=5548822720 mtime=2026-08-21T23:50:40+00:00 sha256/1048576B=01be6a34ed40f674dcac10bc80b57d7f57954b522781a884a9194fbfb37b72dc
llama-perplexity --kl-divergence-base /tmp/logits.dat --ctx-size 32768 -f sample-data/wiki.test.head-2.4k.raw -fa on --hf-repo bartowski/Ling-3.0-tiny-GGUF:Q5_K_S --cache-type-k q4_1 --cache-type-v q4_1 --kl-divergence
0.00.945.229 W load: special_eos_id is not in special_eog_ids - the tokenizer config may be incorrect
0.02.177.459 I cmn          init: llama threadpool init, n_threads = 16
0.02.242.805 I 
0.02.242.884 I system_info: n_threads = 16 (n_threads_batch = 16) / 32 | CUDA : ARCHS = 750,800,860,890,900,1000,1030,1200,1210 | USE_GRAPHS = 1 | FA_ALL_QUANTS = 1 | CPU : SSE3 = 1 | SSSE3 = 1 | AVX = 1 | AVX2 = 1 | F16C = 1 | FMA = 1 | BMI2 = 1 | LLAMAFILE = 1 | OPENMP = 1 | REPACK = 1 | 
0.02.332.251 I kl_divergence: computing over 5 chunks, n_ctx=32768, batch_size=512, n_seq=1
0.10.638.216 I kl_divergence: 8.31 seconds per pass - ETA 0.68 minutes

chunk             PPL               ln(PPL(Q)/PPL(base))          KL Divergence              Δp RMS            Same top p        Same sampled p
   1      23.6337 ±    0.6415       0.01116 ±    0.00301       0.03682 ±    0.00063     5.542 ±  0.124 %    91.552 ±  0.217 %    51.570 ±  0.270 %
   2      24.7172 ±    0.4826       0.02656 ±    0.00216       0.03908 ±    0.00046     5.623 ±  0.083 %    91.155 ±  0.157 %    50.897 ±  0.192 %
   3      25.6447 ±    0.4102       0.02873 ±    0.00183       0.04135 ±    0.00040     5.819 ±  0.072 %    90.761 ±  0.131 %    50.539 ±  0.157 %
   4      23.1029 ±    0.3165       0.02989 ±    0.00159       0.04151 ±    0.00037     5.902 ±  0.064 %    90.879 ±  0.112 %    51.504 ±  0.136 %
   5      23.1964 ±    0.2852       0.03187 ±    0.00145       0.04290 ±    0.00033     6.036 ±  0.057 %    90.832 ±  0.101 %    51.760 ±  0.122 %

====== Perplexity statistics ======
Mean PPL(Q)                   :  23.196389 ±   0.285170
Mean PPL(base)                :  22.468784 ±   0.276246
Cor(ln(PPL(Q)), ln(PPL(base))):  99.31%
Mean ln(PPL(Q)/PPL(base))     :   0.031870 ±   0.001445
Mean PPL(Q)/PPL(base)         :   1.032383 ±   0.001492
Mean PPL(Q)-PPL(base)         :   0.727605 ±   0.034181

====== KL divergence statistics ======
Mean    KLD:   0.042897 ±   0.000334
Maximum KLD:   4.229841
99.9%   KLD:   1.176079
99.0%   KLD:   0.390667
95.0%   KLD:   0.158742
90.0%   KLD:   0.098936
Median  KLD:   0.018233
10.0%   KLD:   0.000199
 5.0%   KLD:   0.000035
 1.0%   KLD:   0.000002
 0.1%   KLD:  -0.000010
Minimum KLD:  -0.000200

====== Token probability statistics ======
Mean    Δp: -0.629 ± 0.021 %
Maximum Δp: 81.828%
99.9%   Δp: 38.800%
99.0%   Δp: 16.361%
95.0%   Δp:  5.827%
90.0%   Δp:  2.509%
75.0%   Δp:  0.122%
Median  Δp: -0.004%
25.0%   Δp: -0.675%
10.0%   Δp: -4.764%
 5.0%   Δp: -9.322%
 1.0%   Δp: -22.865%
 0.1%   Δp: -47.188%
Minimum Δp: -94.404%
RMS Δp    :  6.036 ± 0.057 %
Same top p: 90.832 ± 0.101 %
Same sampled p: 51.760 ± 0.122 %

------------------------------
# llama-perplexity: version: 0.4.4-dev (build 11430, commit 9d76dc1da-dirty) | built with GNU 15.3.0 for Linux x86_64
# model: /home/crusaderky/.cache/huggingface/hub/models--bartowski--Ling-3.0-tiny-GGUF/snapshots/ea072726af0d2e8ba325b2f90fc0efa762105a91/Ling-3.0-tiny-Q5_K_S.gguf size=5548822720 mtime=2026-08-21T23:50:40+00:00 sha256/1048576B=01be6a34ed40f674dcac10bc80b57d7f57954b522781a884a9194fbfb37b72dc
llama-perplexity --kl-divergence-base /tmp/logits.dat --ctx-size 32768 -f sample-data/wiki.test.head-2.4k.raw -fa on --hf-repo bartowski/Ling-3.0-tiny-GGUF:Q5_K_S --cache-type-k q4_0 --cache-type-v q4_0 --kl-divergence
0.00.936.858 W load: special_eos_id is not in special_eog_ids - the tokenizer config may be incorrect
0.02.140.610 I cmn          init: llama threadpool init, n_threads = 16
0.02.207.510 I 
0.02.207.578 I system_info: n_threads = 16 (n_threads_batch = 16) / 32 | CUDA : ARCHS = 750,800,860,890,900,1000,1030,1200,1210 | USE_GRAPHS = 1 | FA_ALL_QUANTS = 1 | CPU : SSE3 = 1 | SSSE3 = 1 | AVX = 1 | AVX2 = 1 | F16C = 1 | FMA = 1 | BMI2 = 1 | LLAMAFILE = 1 | OPENMP = 1 | REPACK = 1 | 
0.02.299.428 I kl_divergence: computing over 5 chunks, n_ctx=32768, batch_size=512, n_seq=1
0.10.600.690 I kl_divergence: 8.30 seconds per pass - ETA 0.68 minutes

chunk             PPL               ln(PPL(Q)/PPL(base))          KL Divergence              Δp RMS            Same top p        Same sampled p
   1      23.8210 ±    0.6456       0.01906 ±    0.00313       0.04093 ±    0.00064     5.829 ±  0.116 %    90.905 ±  0.225 %    51.314 ±  0.271 %
   2      24.7227 ±    0.4824       0.02679 ±    0.00221       0.04145 ±    0.00049     5.794 ±  0.083 %    90.786 ±  0.160 %    50.811 ±  0.192 %
   3      25.5549 ±    0.4078       0.02522 ±    0.00185       0.04325 ±    0.00042     5.948 ±  0.071 %    90.490 ±  0.132 %    50.430 ±  0.157 %
   4      23.0568 ±    0.3154       0.02790 ±    0.00160       0.04343 ±    0.00039     6.042 ±  0.066 %    90.649 ±  0.114 %    51.448 ±  0.136 %
   5      23.1733 ±    0.2847       0.03087 ±    0.00147       0.04545 ±    0.00039     6.193 ±  0.059 %    90.556 ±  0.102 %    51.687 ±  0.122 %

====== Perplexity statistics ======
Mean PPL(Q)                   :  23.173281 ±   0.284669
Mean PPL(base)                :  22.468784 ±   0.276246
Cor(ln(PPL(Q)), ln(PPL(base))):  99.28%
Mean ln(PPL(Q)/PPL(base))     :   0.030873 ±   0.001474
Mean PPL(Q)/PPL(base)         :   1.031354 ±   0.001520
Mean PPL(Q)-PPL(base)         :   0.704497 ±   0.034677

====== KL divergence statistics ======
Mean    KLD:   0.045450 ±   0.000392
Maximum KLD:   9.897537
99.9%   KLD:   1.303526
99.0%   KLD:   0.417767
95.0%   KLD:   0.165493
90.0%   KLD:   0.104303
Median  KLD:   0.019131
10.0%   KLD:   0.000213
 5.0%   KLD:   0.000037
 1.0%   KLD:   0.000002
 0.1%   KLD:  -0.000009
Minimum KLD:  -0.000137

====== Token probability statistics ======
Mean    Δp: -0.665 ± 0.022 %
Maximum Δp: 88.607%
99.9%   Δp: 38.864%
99.0%   Δp: 16.793%
95.0%   Δp:  5.929%
90.0%   Δp:  2.480%
75.0%   Δp:  0.124%
Median  Δp: -0.004%
25.0%   Δp: -0.718%
10.0%   Δp: -4.931%
 5.0%   Δp: -9.534%
 1.0%   Δp: -23.493%
 0.1%   Δp: -49.109%
Minimum Δp: -92.128%
RMS Δp    :  6.193 ± 0.059 %
Same top p: 90.556 ± 0.102 %
Same sampled p: 51.687 ± 0.122 %

------------------------------
# llama-perplexity: version: 0.4.4-dev (build 11430, commit 9d76dc1da-dirty) | built with GNU 15.3.0 for Linux x86_64
# model: /home/crusaderky/.cache/huggingface/hub/models--bartowski--Ling-3.0-tiny-GGUF/snapshots/ea072726af0d2e8ba325b2f90fc0efa762105a91/Ling-3.0-tiny-Q5_K_S.gguf size=5548822720 mtime=2026-08-21T23:50:40+00:00 sha256/1048576B=01be6a34ed40f674dcac10bc80b57d7f57954b522781a884a9194fbfb37b72dc
llama-perplexity --kl-divergence-base /tmp/logits.dat --ctx-size 32768 -f sample-data/wiki.test.head-2.4k.raw -fa on --hf-repo bartowski/Ling-3.0-tiny-GGUF:Q5_K_S --cache-type-k q3_1 --cache-type-v q3_1 --kl-divergence
0.00.941.694 W load: special_eos_id is not in special_eog_ids - the tokenizer config may be incorrect
0.02.180.316 I cmn          init: llama threadpool init, n_threads = 16
0.02.248.349 I 
0.02.248.422 I system_info: n_threads = 16 (n_threads_batch = 16) / 32 | CUDA : ARCHS = 750,800,860,890,900,1000,1030,1200,1210 | USE_GRAPHS = 1 | FA_ALL_QUANTS = 1 | CPU : SSE3 = 1 | SSSE3 = 1 | AVX = 1 | AVX2 = 1 | F16C = 1 | FMA = 1 | BMI2 = 1 | LLAMAFILE = 1 | OPENMP = 1 | REPACK = 1 | 
0.02.343.758 I kl_divergence: computing over 5 chunks, n_ctx=32768, batch_size=512, n_seq=1
0.10.646.276 I kl_divergence: 8.30 seconds per pass - ETA 0.68 minutes

chunk             PPL               ln(PPL(Q)/PPL(base))          KL Divergence              Δp RMS            Same top p        Same sampled p
   1      23.6720 ±    0.6388       0.01278 ±    0.00411       0.06702 ±    0.00118     7.587 ±  0.155 %    88.616 ±  0.248 %    50.783 ±  0.271 %
   2      24.5460 ±    0.4772       0.01961 ±    0.00290       0.06868 ±    0.00087     7.646 ±  0.114 %    88.415 ±  0.177 %    50.293 ±  0.193 %
   3      25.6568 ±    0.4084       0.02920 ±    0.00244       0.07314 ±    0.00073     7.759 ±  0.092 %    87.886 ±  0.147 %    49.837 ±  0.157 %
   4      23.0526 ±    0.3142       0.02771 ±    0.00210       0.07206 ±    0.00063     7.765 ±  0.079 %    88.210 ±  0.126 %    50.835 ±  0.136 %
   5      23.0774 ±    0.2823       0.02673 ±    0.00190       0.07414 ±    0.00061     7.868 ±  0.070 %    88.156 ±  0.113 %    51.105 ±  0.122 %

====== Perplexity statistics ======
Mean PPL(Q)                   :  23.077369 ±   0.282342
Mean PPL(base)                :  22.468784 ±   0.276246
Cor(ln(PPL(Q)), ln(PPL(base))):  98.80%
Mean ln(PPL(Q)/PPL(base))     :   0.026725 ±   0.001902
Mean PPL(Q)/PPL(base)         :   1.027086 ±   0.001953
Mean PPL(Q)-PPL(base)         :   0.608585 ±   0.043711

====== KL divergence statistics ======
Mean    KLD:   0.074142 ±   0.000610
Maximum KLD:  12.797094
99.9%   KLD:   2.059139
99.0%   KLD:   0.689262
95.0%   KLD:   0.276537
90.0%   KLD:   0.170285
Median  KLD:   0.030625
10.0%   KLD:   0.000345
 5.0%   KLD:   0.000061
 1.0%   KLD:   0.000004
 0.1%   KLD:  -0.000004
Minimum KLD:  -0.000167

====== Token probability statistics ======
Mean    Δp: -0.805 ± 0.027 %
Maximum Δp: 95.343%
99.9%   Δp: 48.865%
99.0%   Δp: 21.599%
95.0%   Δp:  7.686%
90.0%   Δp:  3.402%
75.0%   Δp:  0.174%
Median  Δp: -0.005%
25.0%   Δp: -0.870%
10.0%   Δp: -6.195%
 5.0%   Δp: -12.186%
 1.0%   Δp: -29.927%
 0.1%   Δp: -63.331%
Minimum Δp: -95.566%
RMS Δp    :  7.868 ± 0.070 %
Same top p: 88.156 ± 0.113 %
Same sampled p: 51.105 ± 0.122 %

------------------------------
# llama-perplexity: version: 0.4.4-dev (build 11430, commit 9d76dc1da-dirty) | built with GNU 15.3.0 for Linux x86_64
# model: /home/crusaderky/.cache/huggingface/hub/models--bartowski--Ling-3.0-tiny-GGUF/snapshots/ea072726af0d2e8ba325b2f90fc0efa762105a91/Ling-3.0-tiny-Q5_K_S.gguf size=5548822720 mtime=2026-08-21T23:50:40+00:00 sha256/1048576B=01be6a34ed40f674dcac10bc80b57d7f57954b522781a884a9194fbfb37b72dc
llama-perplexity --kl-divergence-base /tmp/logits.dat --ctx-size 32768 -f sample-data/wiki.test.head-2.4k.raw -fa on --hf-repo bartowski/Ling-3.0-tiny-GGUF:Q5_K_S --cache-type-k q3_0 --cache-type-v q3_0 --kl-divergence
0.00.950.163 W load: special_eos_id is not in special_eog_ids - the tokenizer config may be incorrect
0.02.189.875 I cmn          init: llama threadpool init, n_threads = 16
0.02.255.241 I 
0.02.255.311 I system_info: n_threads = 16 (n_threads_batch = 16) / 32 | CUDA : ARCHS = 750,800,860,890,900,1000,1030,1200,1210 | USE_GRAPHS = 1 | FA_ALL_QUANTS = 1 | CPU : SSE3 = 1 | SSSE3 = 1 | AVX = 1 | AVX2 = 1 | F16C = 1 | FMA = 1 | BMI2 = 1 | LLAMAFILE = 1 | OPENMP = 1 | REPACK = 1 | 
0.02.345.552 I kl_divergence: computing over 5 chunks, n_ctx=32768, batch_size=512, n_seq=1
0.10.662.854 I kl_divergence: 8.32 seconds per pass - ETA 0.68 minutes

chunk             PPL               ln(PPL(Q)/PPL(base))          KL Divergence              Δp RMS            Same top p        Same sampled p
   1      24.0133 ±    0.6504       0.02709 ±    0.00401       0.06757 ±    0.00114     7.372 ±  0.147 %    88.604 ±  0.248 %    50.804 ±  0.271 %
   2      24.9221 ±    0.4856       0.03482 ±    0.00286       0.06903 ±    0.00083     7.485 ±  0.106 %    88.393 ±  0.177 %    50.257 ±  0.193 %
   3      26.1077 ±    0.4183       0.04662 ±    0.00237       0.07144 ±    0.00070     7.594 ±  0.088 %    87.931 ±  0.147 %    50.013 ±  0.157 %
   4      23.5097 ±    0.3228       0.04735 ±    0.00207       0.07219 ±    0.00063     7.764 ±  0.079 %    88.184 ±  0.126 %    50.987 ±  0.136 %
   5      23.5812 ±    0.2906       0.04832 ±    0.00189       0.07465 ±    0.00060     7.933 ±  0.070 %    88.128 ±  0.113 %    51.222 ±  0.122 %

====== Perplexity statistics ======
Mean PPL(Q)                   :  23.581204 ±   0.290586
Mean PPL(base)                :  22.468784 ±   0.276246
Cor(ln(PPL(Q)), ln(PPL(base))):  98.82%
Mean ln(PPL(Q)/PPL(base))     :   0.048323 ±   0.001889
Mean PPL(Q)/PPL(base)         :   1.049510 ±   0.001982
Mean PPL(Q)-PPL(base)         :   1.112420 ±   0.045776

====== KL divergence statistics ======
Mean    KLD:   0.074649 ±   0.000600
Maximum KLD:  14.238123
99.9%   KLD:   2.006054
99.0%   KLD:   0.719064
95.0%   KLD:   0.278769
90.0%   KLD:   0.171984
Median  KLD:   0.030597
10.0%   KLD:   0.000343
 5.0%   KLD:   0.000059
 1.0%   KLD:   0.000004
 0.1%   KLD:  -0.000006
Minimum KLD:  -0.000153

====== Token probability statistics ======
Mean    Δp: -0.829 ± 0.028 %
Maximum Δp: 87.008%
99.9%   Δp: 49.386%
99.0%   Δp: 21.491%
95.0%   Δp:  7.699%
90.0%   Δp:  3.319%
75.0%   Δp:  0.173%
Median  Δp: -0.005%
25.0%   Δp: -0.842%
10.0%   Δp: -6.145%
 5.0%   Δp: -12.222%
 1.0%   Δp: -30.476%
 0.1%   Δp: -63.689%
Minimum Δp: -96.672%
RMS Δp    :  7.933 ± 0.070 %
Same top p: 88.128 ± 0.113 %
Same sampled p: 51.222 ± 0.122 %

------------------------------
# llama-perplexity: version: 0.4.4-dev (build 11430, commit 9d76dc1da-dirty) | built with GNU 15.3.0 for Linux x86_64
# model: /home/crusaderky/.cache/huggingface/hub/models--bartowski--Ling-3.0-tiny-GGUF/snapshots/ea072726af0d2e8ba325b2f90fc0efa762105a91/Ling-3.0-tiny-Q4_K_L.gguf size=5096544448 mtime=2026-08-21T23:53:09+00:00 sha256/1048576B=01be6a34ed40f674dcac10bc80b57d7f57954b522781a884a9194fbfb37b72dc
llama-perplexity --kl-divergence-base /tmp/logits.dat --ctx-size 32768 -f sample-data/wiki.test.head-2.4k.raw -fa on --hf-repo bartowski/Ling-3.0-tiny-GGUF:Q4_K_L --cache-type-k q8_0 --cache-type-v q8_0 --kl-divergence
0.00.946.106 W load: special_eos_id is not in special_eog_ids - the tokenizer config may be incorrect
0.05.017.084 I cmn          init: llama threadpool init, n_threads = 16
0.05.083.376 I 
0.05.083.445 I system_info: n_threads = 16 (n_threads_batch = 16) / 32 | CUDA : ARCHS = 750,800,860,890,900,1000,1030,1200,1210 | USE_GRAPHS = 1 | FA_ALL_QUANTS = 1 | CPU : SSE3 = 1 | SSSE3 = 1 | AVX = 1 | AVX2 = 1 | F16C = 1 | FMA = 1 | BMI2 = 1 | LLAMAFILE = 1 | OPENMP = 1 | REPACK = 1 | 
0.05.182.468 I kl_divergence: computing over 5 chunks, n_ctx=32768, batch_size=512, n_seq=1
0.13.438.118 I kl_divergence: 8.26 seconds per pass - ETA 0.68 minutes

chunk             PPL               ln(PPL(Q)/PPL(base))          KL Divergence              Δp RMS            Same top p        Same sampled p
   1      23.9931 ±    0.6484       0.02625 ±    0.00337       0.04877 ±    0.00080     6.212 ±  0.128 %    90.447 ±  0.230 %    50.932 ±  0.271 %
   2      25.0013 ±    0.4875       0.03799 ±    0.00240       0.05017 ±    0.00065     6.357 ±  0.092 %    90.045 ±  0.165 %    50.523 ±  0.193 %
   3      25.9014 ±    0.4138       0.03869 ±    0.00201       0.05185 ±    0.00052     6.428 ±  0.075 %    89.737 ±  0.137 %    50.229 ±  0.157 %
   4      23.3441 ±    0.3192       0.04028 ±    0.00175       0.05281 ±    0.00046     6.607 ±  0.068 %    89.796 ±  0.118 %    51.138 ±  0.136 %
   5      23.2900 ±    0.2854       0.03590 ±    0.00160       0.05479 ±    0.00042     6.757 ±  0.060 %    89.667 ±  0.106 %    51.367 ±  0.122 %

====== Perplexity statistics ======
Mean PPL(Q)                   :  23.289969 ±   0.285411
Mean PPL(base)                :  22.468784 ±   0.276246
Cor(ln(PPL(Q)), ln(PPL(base))):  99.15%
Mean ln(PPL(Q)/PPL(base))     :   0.035896 ±   0.001600
Mean PPL(Q)/PPL(base)         :   1.036548 ±   0.001658
Mean PPL(Q)-PPL(base)         :   0.821184 ±   0.037715

====== KL divergence statistics ======
Mean    KLD:   0.054787 ±   0.000422
Maximum KLD:   7.208492
99.9%   KLD:   1.414444
99.0%   KLD:   0.484469
95.0%   KLD:   0.199435
90.0%   KLD:   0.126920
Median  KLD:   0.024159
10.0%   KLD:   0.000286
 5.0%   KLD:   0.000049
 1.0%   KLD:   0.000003
 0.1%   KLD:  -0.000005
Minimum KLD:  -0.000186

====== Token probability statistics ======
Mean    Δp: -0.883 ± 0.023 %
Maximum Δp: 92.814%
99.9%   Δp: 40.544%
99.0%   Δp: 17.731%
95.0%   Δp:  6.193%
90.0%   Δp:  2.527%
75.0%   Δp:  0.106%
Median  Δp: -0.007%
25.0%   Δp: -0.889%
10.0%   Δp: -5.956%
 5.0%   Δp: -11.110%
 1.0%   Δp: -25.983%
 0.1%   Δp: -52.622%
Minimum Δp: -97.293%
RMS Δp    :  6.757 ± 0.060 %
Same top p: 89.667 ± 0.106 %
Same sampled p: 51.367 ± 0.122 %

------------------------------
# llama-perplexity: version: 0.4.4-dev (build 11430, commit 9d76dc1da-dirty) | built with GNU 15.3.0 for Linux x86_64
# model: /home/crusaderky/.cache/huggingface/hub/models--bartowski--Ling-3.0-tiny-GGUF/snapshots/ea072726af0d2e8ba325b2f90fc0efa762105a91/Ling-3.0-tiny-Q4_K_L.gguf size=5096544448 mtime=2026-08-21T23:53:09+00:00 sha256/1048576B=01be6a34ed40f674dcac10bc80b57d7f57954b522781a884a9194fbfb37b72dc
llama-perplexity --kl-divergence-base /tmp/logits.dat --ctx-size 32768 -f sample-data/wiki.test.head-2.4k.raw -fa on --hf-repo bartowski/Ling-3.0-tiny-GGUF:Q4_K_L --cache-type-k q6_0 --cache-type-v q6_0 --kl-divergence
0.00.921.475 W load: special_eos_id is not in special_eog_ids - the tokenizer config may be incorrect
0.02.041.736 I cmn          init: llama threadpool init, n_threads = 16
0.02.107.327 I 
0.02.107.396 I system_info: n_threads = 16 (n_threads_batch = 16) / 32 | CUDA : ARCHS = 750,800,860,890,900,1000,1030,1200,1210 | USE_GRAPHS = 1 | FA_ALL_QUANTS = 1 | CPU : SSE3 = 1 | SSSE3 = 1 | AVX = 1 | AVX2 = 1 | F16C = 1 | FMA = 1 | BMI2 = 1 | LLAMAFILE = 1 | OPENMP = 1 | REPACK = 1 | 
0.02.196.919 I kl_divergence: computing over 5 chunks, n_ctx=32768, batch_size=512, n_seq=1
0.10.388.529 I kl_divergence: 8.19 seconds per pass - ETA 0.67 minutes

chunk             PPL               ln(PPL(Q)/PPL(base))          KL Divergence              Δp RMS            Same top p        Same sampled p
   1      24.0681 ±    0.6501       0.02937 ±    0.00340       0.04960 ±    0.00083     6.284 ±  0.129 %    90.344 ±  0.231 %    50.923 ±  0.271 %
   2      24.9489 ±    0.4859       0.03589 ±    0.00239       0.05008 ±    0.00064     6.361 ±  0.093 %    90.081 ±  0.165 %    50.500 ±  0.193 %
   3      25.8662 ±    0.4131       0.03733 ±    0.00200       0.05183 ±    0.00052     6.453 ±  0.076 %    89.760 ±  0.137 %    50.248 ±  0.157 %
   4      23.3125 ±    0.3187       0.03892 ±    0.00174       0.05246 ±    0.00045     6.577 ±  0.067 %    89.836 ±  0.118 %    51.176 ±  0.136 %
   5      23.3244 ±    0.2859       0.03737 ±    0.00160       0.05488 ±    0.00043     6.746 ±  0.060 %    89.681 ±  0.106 %    51.397 ±  0.122 %

====== Perplexity statistics ======
Mean PPL(Q)                   :  23.324406 ±   0.285906
Mean PPL(base)                :  22.468784 ±   0.276246
Cor(ln(PPL(Q)), ln(PPL(base))):  99.15%
Mean ln(PPL(Q)/PPL(base))     :   0.037373 ±   0.001597
Mean PPL(Q)/PPL(base)         :   1.038080 ±   0.001658
Mean PPL(Q)-PPL(base)         :   0.855622 ±   0.037801

====== KL divergence statistics ======
Mean    KLD:   0.054877 ±   0.000431
Maximum KLD:   7.400835
99.9%   KLD:   1.481949
99.0%   KLD:   0.493048
95.0%   KLD:   0.198500
90.0%   KLD:   0.126382
Median  KLD:   0.024319
10.0%   KLD:   0.000278
 5.0%   KLD:   0.000048
 1.0%   KLD:   0.000003
 0.1%   KLD:  -0.000004
Minimum KLD:  -0.000146

====== Token probability statistics ======
Mean    Δp: -0.868 ± 0.023 %
Maximum Δp: 91.101%
99.9%   Δp: 39.692%
99.0%   Δp: 17.956%
95.0%   Δp:  6.213%
90.0%   Δp:  2.565%
75.0%   Δp:  0.104%
Median  Δp: -0.007%
25.0%   Δp: -0.909%
10.0%   Δp: -5.957%
 5.0%   Δp: -11.046%
 1.0%   Δp: -25.772%
 0.1%   Δp: -51.906%
Minimum Δp: -93.069%
RMS Δp    :  6.746 ± 0.060 %
Same top p: 89.681 ± 0.106 %
Same sampled p: 51.397 ± 0.122 %

------------------------------
# llama-perplexity: version: 0.4.4-dev (build 11430, commit 9d76dc1da-dirty) | built with GNU 15.3.0 for Linux x86_64
# model: /home/crusaderky/.cache/huggingface/hub/models--bartowski--Ling-3.0-tiny-GGUF/snapshots/ea072726af0d2e8ba325b2f90fc0efa762105a91/Ling-3.0-tiny-Q4_K_L.gguf size=5096544448 mtime=2026-08-21T23:53:09+00:00 sha256/1048576B=01be6a34ed40f674dcac10bc80b57d7f57954b522781a884a9194fbfb37b72dc
llama-perplexity --kl-divergence-base /tmp/logits.dat --ctx-size 32768 -f sample-data/wiki.test.head-2.4k.raw -fa on --hf-repo bartowski/Ling-3.0-tiny-GGUF:Q4_K_L --cache-type-k q5_1 --cache-type-v q5_1 --kl-divergence
0.00.935.420 W load: special_eos_id is not in special_eog_ids - the tokenizer config may be incorrect
0.02.051.345 I cmn          init: llama threadpool init, n_threads = 16
0.02.116.238 I 
0.02.116.309 I system_info: n_threads = 16 (n_threads_batch = 16) / 32 | CUDA : ARCHS = 750,800,860,890,900,1000,1030,1200,1210 | USE_GRAPHS = 1 | FA_ALL_QUANTS = 1 | CPU : SSE3 = 1 | SSSE3 = 1 | AVX = 1 | AVX2 = 1 | F16C = 1 | FMA = 1 | BMI2 = 1 | LLAMAFILE = 1 | OPENMP = 1 | REPACK = 1 | 
0.02.205.746 I kl_divergence: computing over 5 chunks, n_ctx=32768, batch_size=512, n_seq=1
0.10.401.890 I kl_divergence: 8.20 seconds per pass - ETA 0.67 minutes

chunk             PPL               ln(PPL(Q)/PPL(base))          KL Divergence              Δp RMS            Same top p        Same sampled p
   1      24.0171 ±    0.6498       0.02725 ±    0.00344       0.05000 ±    0.00084     6.236 ±  0.127 %    90.215 ±  0.232 %    50.989 ±  0.271 %
   2      24.8944 ±    0.4852       0.03371 ±    0.00241       0.05015 ±    0.00061     6.316 ±  0.089 %    89.950 ±  0.166 %    50.553 ±  0.193 %
   3      25.7904 ±    0.4116       0.03439 ±    0.00202       0.05228 ±    0.00051     6.417 ±  0.075 %    89.682 ±  0.137 %    50.239 ±  0.157 %
   4      23.3224 ±    0.3188       0.03935 ±    0.00178       0.05404 ±    0.00047     6.647 ±  0.067 %    89.689 ±  0.119 %    51.116 ±  0.136 %
   5      23.3077 ±    0.2857       0.03666 ±    0.00163       0.05633 ±    0.00046     6.804 ±  0.061 %    89.567 ±  0.107 %    51.363 ±  0.122 %

====== Perplexity statistics ======
Mean PPL(Q)                   :  23.307697 ±   0.285706
Mean PPL(base)                :  22.468784 ±   0.276246
Cor(ln(PPL(Q)), ln(PPL(base))):  99.11%
Mean ln(PPL(Q)/PPL(base))     :   0.036657 ±   0.001634
Mean PPL(Q)/PPL(base)         :   1.037337 ±   0.001695
Mean PPL(Q)-PPL(base)         :   0.838913 ±   0.038563

====== KL divergence statistics ======
Mean    KLD:   0.056332 ±   0.000462
Maximum KLD:   9.522311
99.9%   KLD:   1.518143
99.0%   KLD:   0.495591
95.0%   KLD:   0.203160
90.0%   KLD:   0.128949
Median  KLD:   0.024809
10.0%   KLD:   0.000288
 5.0%   KLD:   0.000050
 1.0%   KLD:   0.000003
 0.1%   KLD:  -0.000005
Minimum KLD:  -0.000219

====== Token probability statistics ======
Mean    Δp: -0.860 ± 0.024 %
Maximum Δp: 96.454%
99.9%   Δp: 40.756%
99.0%   Δp: 18.202%
95.0%   Δp:  6.372%
90.0%   Δp:  2.619%
75.0%   Δp:  0.110%
Median  Δp: -0.007%
25.0%   Δp: -0.911%
10.0%   Δp: -5.908%
 5.0%   Δp: -11.227%
 1.0%   Δp: -25.629%
 0.1%   Δp: -51.179%
Minimum Δp: -98.665%
RMS Δp    :  6.804 ± 0.061 %
Same top p: 89.567 ± 0.107 %
Same sampled p: 51.363 ± 0.122 %

------------------------------
# llama-perplexity: version: 0.4.4-dev (build 11430, commit 9d76dc1da-dirty) | built with GNU 15.3.0 for Linux x86_64
# model: /home/crusaderky/.cache/huggingface/hub/models--bartowski--Ling-3.0-tiny-GGUF/snapshots/ea072726af0d2e8ba325b2f90fc0efa762105a91/Ling-3.0-tiny-Q4_K_L.gguf size=5096544448 mtime=2026-08-21T23:53:09+00:00 sha256/1048576B=01be6a34ed40f674dcac10bc80b57d7f57954b522781a884a9194fbfb37b72dc
llama-perplexity --kl-divergence-base /tmp/logits.dat --ctx-size 32768 -f sample-data/wiki.test.head-2.4k.raw -fa on --hf-repo bartowski/Ling-3.0-tiny-GGUF:Q4_K_L --cache-type-k q5_0 --cache-type-v q5_0 --kl-divergence
0.00.933.699 W load: special_eos_id is not in special_eog_ids - the tokenizer config may be incorrect
0.02.055.877 I cmn          init: llama threadpool init, n_threads = 16
0.02.121.442 I 
0.02.121.517 I system_info: n_threads = 16 (n_threads_batch = 16) / 32 | CUDA : ARCHS = 750,800,860,890,900,1000,1030,1200,1210 | USE_GRAPHS = 1 | FA_ALL_QUANTS = 1 | CPU : SSE3 = 1 | SSSE3 = 1 | AVX = 1 | AVX2 = 1 | F16C = 1 | FMA = 1 | BMI2 = 1 | LLAMAFILE = 1 | OPENMP = 1 | REPACK = 1 | 
0.02.212.501 I kl_divergence: computing over 5 chunks, n_ctx=32768, batch_size=512, n_seq=1
0.10.419.629 I kl_divergence: 8.21 seconds per pass - ETA 0.68 minutes

chunk             PPL               ln(PPL(Q)/PPL(base))          KL Divergence              Δp RMS            Same top p        Same sampled p
   1      23.7418 ±    0.6406       0.01572 ±    0.00346       0.05118 ±    0.00087     6.421 ±  0.131 %    90.093 ±  0.233 %    50.929 ±  0.271 %
   2      24.7897 ±    0.4827       0.02949 ±    0.00244       0.05162 ±    0.00064     6.497 ±  0.094 %    89.843 ±  0.167 %    50.494 ±  0.193 %
   3      25.7093 ±    0.4103       0.03125 ±    0.00203       0.05310 ±    0.00051     6.579 ±  0.077 %    89.524 ±  0.138 %    50.224 ±  0.157 %
   4      23.2106 ±    0.3172       0.03454 ±    0.00177       0.05408 ±    0.00046     6.748 ±  0.069 %    89.579 ±  0.119 %    51.143 ±  0.136 %
   5      23.2451 ±    0.2849       0.03397 ±    0.00163       0.05651 ±    0.00043     6.905 ±  0.061 %    89.451 ±  0.107 %    51.379 ±  0.122 %

====== Perplexity statistics ======
Mean PPL(Q)                   :  23.245064 ±   0.284918
Mean PPL(base)                :  22.468784 ±   0.276246
Cor(ln(PPL(Q)), ln(PPL(base))):  99.12%
Mean ln(PPL(Q)/PPL(base))     :   0.033966 ±   0.001626
Mean PPL(Q)/PPL(base)         :   1.034549 ±   0.001682
Mean PPL(Q)-PPL(base)         :   0.776280 ±   0.038142

====== KL divergence statistics ======
Mean    KLD:   0.056506 ±   0.000433
Maximum KLD:   8.372170
99.9%   KLD:   1.483121
99.0%   KLD:   0.514756
95.0%   KLD:   0.204530
90.0%   KLD:   0.129634
Median  KLD:   0.025091
10.0%   KLD:   0.000288
 5.0%   KLD:   0.000050
 1.0%   KLD:   0.000003
 0.1%   KLD:  -0.000005
Minimum KLD:  -0.000264

====== Token probability statistics ======
Mean    Δp: -0.833 ± 0.024 %
Maximum Δp: 94.910%
99.9%   Δp: 42.812%
99.0%   Δp: 18.659%
95.0%   Δp:  6.546%
90.0%   Δp:  2.671%
75.0%   Δp:  0.122%
Median  Δp: -0.006%
25.0%   Δp: -0.886%
10.0%   Δp: -5.941%
 5.0%   Δp: -11.141%
 1.0%   Δp: -25.958%
 0.1%   Δp: -53.110%
Minimum Δp: -93.519%
RMS Δp    :  6.905 ± 0.061 %
Same top p: 89.451 ± 0.107 %
Same sampled p: 51.379 ± 0.122 %

------------------------------
# llama-perplexity: version: 0.4.4-dev (build 11430, commit 9d76dc1da-dirty) | built with GNU 15.3.0 for Linux x86_64
# model: /home/crusaderky/.cache/huggingface/hub/models--bartowski--Ling-3.0-tiny-GGUF/snapshots/ea072726af0d2e8ba325b2f90fc0efa762105a91/Ling-3.0-tiny-Q4_K_L.gguf size=5096544448 mtime=2026-08-21T23:53:09+00:00 sha256/1048576B=01be6a34ed40f674dcac10bc80b57d7f57954b522781a884a9194fbfb37b72dc
llama-perplexity --kl-divergence-base /tmp/logits.dat --ctx-size 32768 -f sample-data/wiki.test.head-2.4k.raw -fa on --hf-repo bartowski/Ling-3.0-tiny-GGUF:Q4_K_L --cache-type-k q4_1 --cache-type-v q4_1 --kl-divergence
0.00.936.287 W load: special_eos_id is not in special_eog_ids - the tokenizer config may be incorrect
0.02.074.479 I cmn          init: llama threadpool init, n_threads = 16
0.02.141.254 I 
0.02.141.325 I system_info: n_threads = 16 (n_threads_batch = 16) / 32 | CUDA : ARCHS = 750,800,860,890,900,1000,1030,1200,1210 | USE_GRAPHS = 1 | FA_ALL_QUANTS = 1 | CPU : SSE3 = 1 | SSSE3 = 1 | AVX = 1 | AVX2 = 1 | F16C = 1 | FMA = 1 | BMI2 = 1 | LLAMAFILE = 1 | OPENMP = 1 | REPACK = 1 | 
0.02.231.119 I kl_divergence: computing over 5 chunks, n_ctx=32768, batch_size=512, n_seq=1
0.10.668.583 I kl_divergence: 8.44 seconds per pass - ETA 0.70 minutes

chunk             PPL               ln(PPL(Q)/PPL(base))          KL Divergence              Δp RMS            Same top p        Same sampled p
   1      23.9738 ±    0.6472       0.02545 ±    0.00360       0.05501 ±    0.00094     6.655 ±  0.133 %    89.849 ±  0.236 %    50.800 ±  0.271 %
   2      24.9996 ±    0.4869       0.03792 ±    0.00255       0.05664 ±    0.00074     6.765 ±  0.098 %    89.514 ±  0.169 %    50.364 ±  0.193 %
   3      25.9741 ±    0.4145       0.04149 ±    0.00215       0.05910 ±    0.00059     6.900 ±  0.080 %    89.052 ±  0.141 %    50.030 ±  0.157 %
   4      23.4486 ±    0.3204       0.04475 ±    0.00187       0.06010 ±    0.00052     7.087 ±  0.071 %    89.137 ±  0.122 %    50.916 ±  0.136 %
   5      23.3712 ±    0.2863       0.03938 ±    0.00171       0.06186 ±    0.00048     7.201 ±  0.063 %    89.015 ±  0.109 %    51.175 ±  0.122 %

====== Perplexity statistics ======
Mean PPL(Q)                   :  23.371171 ±   0.286251
Mean PPL(base)                :  22.468784 ±   0.276246
Cor(ln(PPL(Q)), ln(PPL(base))):  99.03%
Mean ln(PPL(Q)/PPL(base))     :   0.039376 ±   0.001706
Mean PPL(Q)/PPL(base)         :   1.040162 ±   0.001775
Mean PPL(Q)-PPL(base)         :   0.902387 ±   0.040343

====== KL divergence statistics ======
Mean    KLD:   0.061856 ±   0.000477
Maximum KLD:   8.215891
99.9%   KLD:   1.588974
99.0%   KLD:   0.558953
95.0%   KLD:   0.223585
90.0%   KLD:   0.142312
Median  KLD:   0.027501
10.0%   KLD:   0.000335
 5.0%   KLD:   0.000057
 1.0%   KLD:   0.000004
 0.1%   KLD:  -0.000004
Minimum KLD:  -0.000185

====== Token probability statistics ======
Mean    Δp: -0.996 ± 0.025 %
Maximum Δp: 97.885%
99.9%   Δp: 44.599%
99.0%   Δp: 18.712%
95.0%   Δp:  6.543%
90.0%   Δp:  2.645%
75.0%   Δp:  0.104%
Median  Δp: -0.009%
25.0%   Δp: -1.009%
10.0%   Δp: -6.520%
 5.0%   Δp: -12.008%
 1.0%   Δp: -27.460%
 0.1%   Δp: -55.460%
Minimum Δp: -95.935%
RMS Δp    :  7.201 ± 0.063 %
Same top p: 89.015 ± 0.109 %
Same sampled p: 51.175 ± 0.122 %

------------------------------
# llama-perplexity: version: 0.4.4-dev (build 11430, commit 9d76dc1da-dirty) | built with GNU 15.3.0 for Linux x86_64
# model: /home/crusaderky/.cache/huggingface/hub/models--bartowski--Ling-3.0-tiny-GGUF/snapshots/ea072726af0d2e8ba325b2f90fc0efa762105a91/Ling-3.0-tiny-Q4_K_L.gguf size=5096544448 mtime=2026-08-21T23:53:09+00:00 sha256/1048576B=01be6a34ed40f674dcac10bc80b57d7f57954b522781a884a9194fbfb37b72dc
llama-perplexity --kl-divergence-base /tmp/logits.dat --ctx-size 32768 -f sample-data/wiki.test.head-2.4k.raw -fa on --hf-repo bartowski/Ling-3.0-tiny-GGUF:Q4_K_L --cache-type-k q4_0 --cache-type-v q4_0 --kl-divergence
0.00.924.455 W load: special_eos_id is not in special_eog_ids - the tokenizer config may be incorrect
0.02.044.240 I cmn          init: llama threadpool init, n_threads = 16
0.02.108.683 I 
0.02.108.757 I system_info: n_threads = 16 (n_threads_batch = 16) / 32 | CUDA : ARCHS = 750,800,860,890,900,1000,1030,1200,1210 | USE_GRAPHS = 1 | FA_ALL_QUANTS = 1 | CPU : SSE3 = 1 | SSSE3 = 1 | AVX = 1 | AVX2 = 1 | F16C = 1 | FMA = 1 | BMI2 = 1 | LLAMAFILE = 1 | OPENMP = 1 | REPACK = 1 | 
0.02.196.329 I kl_divergence: computing over 5 chunks, n_ctx=32768, batch_size=512, n_seq=1
0.10.377.071 I kl_divergence: 8.18 seconds per pass - ETA 0.67 minutes

chunk             PPL               ln(PPL(Q)/PPL(base))          KL Divergence              Δp RMS            Same top p        Same sampled p
   1      23.7822 ±    0.6403       0.01743 ±    0.00366       0.05685 ±    0.00094     6.674 ±  0.130 %    89.855 ±  0.236 %    50.735 ±  0.271 %
   2      24.8817 ±    0.4844       0.03320 ±    0.00257       0.05773 ±    0.00071     6.800 ±  0.093 %    89.452 ±  0.170 %    50.342 ±  0.193 %
   3      25.7834 ±    0.4110       0.03412 ±    0.00214       0.05920 ±    0.00059     6.891 ±  0.077 %    89.117 ±  0.140 %    50.055 ±  0.157 %
   4      23.3153 ±    0.3183       0.03904 ±    0.00188       0.06057 ±    0.00051     7.086 ±  0.068 %    89.126 ±  0.122 %    50.929 ±  0.136 %
   5      23.3162 ±    0.2853       0.03702 ±    0.00172       0.06328 ±    0.00049     7.268 ±  0.062 %    88.975 ±  0.109 %    51.135 ±  0.122 %

====== Perplexity statistics ======
Mean PPL(Q)                   :  23.316215 ±   0.285299
Mean PPL(base)                :  22.468784 ±   0.276246
Cor(ln(PPL(Q)), ln(PPL(base))):  99.02%
Mean ln(PPL(Q)/PPL(base))     :   0.037022 ±   0.001716
Mean PPL(Q)/PPL(base)         :   1.037716 ±   0.001781
Mean PPL(Q)-PPL(base)         :   0.847431 ±   0.040292

====== KL divergence statistics ======
Mean    KLD:   0.063282 ±   0.000492
Maximum KLD:   8.193310
99.9%   KLD:   1.605810
99.0%   KLD:   0.574470
95.0%   KLD:   0.228888
90.0%   KLD:   0.145587
Median  KLD:   0.028363
10.0%   KLD:   0.000339
 5.0%   KLD:   0.000058
 1.0%   KLD:   0.000004
 0.1%   KLD:  -0.000003
Minimum KLD:  -0.000081

====== Token probability statistics ======
Mean    Δp: -0.993 ± 0.025 %
Maximum Δp: 96.937%
99.9%   Δp: 42.493%
99.0%   Δp: 18.950%
95.0%   Δp:  6.634%
90.0%   Δp:  2.715%
75.0%   Δp:  0.111%
Median  Δp: -0.008%
25.0%   Δp: -0.985%
10.0%   Δp: -6.659%
 5.0%   Δp: -12.089%
 1.0%   Δp: -28.023%
 0.1%   Δp: -55.678%
Minimum Δp: -95.352%
RMS Δp    :  7.268 ± 0.062 %
Same top p: 88.975 ± 0.109 %
Same sampled p: 51.135 ± 0.122 %

------------------------------
# llama-perplexity: version: 0.4.4-dev (build 11430, commit 9d76dc1da-dirty) | built with GNU 15.3.0 for Linux x86_64
# model: /home/crusaderky/.cache/huggingface/hub/models--bartowski--Ling-3.0-tiny-GGUF/snapshots/ea072726af0d2e8ba325b2f90fc0efa762105a91/Ling-3.0-tiny-Q4_K_L.gguf size=5096544448 mtime=2026-08-21T23:53:09+00:00 sha256/1048576B=01be6a34ed40f674dcac10bc80b57d7f57954b522781a884a9194fbfb37b72dc
llama-perplexity --kl-divergence-base /tmp/logits.dat --ctx-size 32768 -f sample-data/wiki.test.head-2.4k.raw -fa on --hf-repo bartowski/Ling-3.0-tiny-GGUF:Q4_K_L --cache-type-k q3_1 --cache-type-v q3_1 --kl-divergence
0.00.973.997 W load: special_eos_id is not in special_eog_ids - the tokenizer config may be incorrect
0.02.108.697 I cmn          init: llama threadpool init, n_threads = 16
0.02.173.185 I 
0.02.173.256 I system_info: n_threads = 16 (n_threads_batch = 16) / 32 | CUDA : ARCHS = 750,800,860,890,900,1000,1030,1200,1210 | USE_GRAPHS = 1 | FA_ALL_QUANTS = 1 | CPU : SSE3 = 1 | SSSE3 = 1 | AVX = 1 | AVX2 = 1 | F16C = 1 | FMA = 1 | BMI2 = 1 | LLAMAFILE = 1 | OPENMP = 1 | REPACK = 1 | 
0.02.260.975 I kl_divergence: computing over 5 chunks, n_ctx=32768, batch_size=512, n_seq=1
0.10.439.128 I kl_divergence: 8.18 seconds per pass - ETA 0.67 minutes

chunk             PPL               ln(PPL(Q)/PPL(base))          KL Divergence              Δp RMS            Same top p        Same sampled p
   1      24.4435 ±    0.6594       0.04485 ±    0.00448       0.08376 ±    0.00130     8.380 ±  0.148 %    87.371 ±  0.260 %    50.134 ±  0.271 %
   2      25.0668 ±    0.4869       0.04061 ±    0.00312       0.08302 ±    0.00096     8.240 ±  0.107 %    87.301 ±  0.184 %    49.765 ±  0.193 %
   3      26.2113 ±    0.4178       0.05058 ±    0.00263       0.08742 ±    0.00080     8.370 ±  0.087 %    86.763 ±  0.153 %    49.424 ±  0.157 %
   4      23.6274 ±    0.3223       0.05234 ±    0.00227       0.08797 ±    0.00071     8.523 ±  0.077 %    86.860 ±  0.132 %    50.323 ±  0.137 %
   5      23.5404 ±    0.2879       0.04659 ±    0.00206       0.09029 ±    0.00070     8.614 ±  0.070 %    86.871 ±  0.118 %    50.616 ±  0.122 %

====== Perplexity statistics ======
Mean PPL(Q)                   :  23.540404 ±   0.287909
Mean PPL(base)                :  22.468784 ±   0.276246
Cor(ln(PPL(Q)), ln(PPL(base))):  98.59%
Mean ln(PPL(Q)/PPL(base))     :   0.046591 ±   0.002061
Mean PPL(Q)/PPL(base)         :   1.047694 ±   0.002159
Mean PPL(Q)-PPL(base)         :   1.071620 ±   0.048792

====== KL divergence statistics ======
Mean    KLD:   0.090293 ±   0.000699
Maximum KLD:  15.250881
99.9%   KLD:   2.228583
99.0%   KLD:   0.823256
95.0%   KLD:   0.333770
90.0%   KLD:   0.208948
Median  KLD:   0.039258
10.0%   KLD:   0.000507
 5.0%   KLD:   0.000088
 1.0%   KLD:   0.000006
 0.1%   KLD:  -0.000002
Minimum KLD:  -0.000125

====== Token probability statistics ======
Mean    Δp: -1.182 ± 0.030 %
Maximum Δp: 88.856%
99.9%   Δp: 52.809%
99.0%   Δp: 22.416%
95.0%   Δp:  7.937%
90.0%   Δp:  3.200%
75.0%   Δp:  0.127%
Median  Δp: -0.012%
25.0%   Δp: -1.250%
10.0%   Δp: -7.727%
 5.0%   Δp: -14.459%
 1.0%   Δp: -33.670%
 0.1%   Δp: -65.047%
Minimum Δp: -97.862%
RMS Δp    :  8.614 ± 0.070 %
Same top p: 86.871 ± 0.118 %
Same sampled p: 50.616 ± 0.122 %

------------------------------
# llama-perplexity: version: 0.4.4-dev (build 11430, commit 9d76dc1da-dirty) | built with GNU 15.3.0 for Linux x86_64
# model: /home/crusaderky/.cache/huggingface/hub/models--bartowski--Ling-3.0-tiny-GGUF/snapshots/ea072726af0d2e8ba325b2f90fc0efa762105a91/Ling-3.0-tiny-Q4_K_L.gguf size=5096544448 mtime=2026-08-21T23:53:09+00:00 sha256/1048576B=01be6a34ed40f674dcac10bc80b57d7f57954b522781a884a9194fbfb37b72dc
llama-perplexity --kl-divergence-base /tmp/logits.dat --ctx-size 32768 -f sample-data/wiki.test.head-2.4k.raw -fa on --hf-repo bartowski/Ling-3.0-tiny-GGUF:Q4_K_L --cache-type-k q3_0 --cache-type-v q3_0 --kl-divergence
0.00.934.055 W load: special_eos_id is not in special_eog_ids - the tokenizer config may be incorrect
0.02.073.981 I cmn          init: llama threadpool init, n_threads = 16
0.02.138.289 I 
0.02.138.361 I system_info: n_threads = 16 (n_threads_batch = 16) / 32 | CUDA : ARCHS = 750,800,860,890,900,1000,1030,1200,1210 | USE_GRAPHS = 1 | FA_ALL_QUANTS = 1 | CPU : SSE3 = 1 | SSSE3 = 1 | AVX = 1 | AVX2 = 1 | F16C = 1 | FMA = 1 | BMI2 = 1 | LLAMAFILE = 1 | OPENMP = 1 | REPACK = 1 | 
0.02.228.272 I kl_divergence: computing over 5 chunks, n_ctx=32768, batch_size=512, n_seq=1
0.10.425.699 I kl_divergence: 8.20 seconds per pass - ETA 0.67 minutes

chunk             PPL               ln(PPL(Q)/PPL(base))          KL Divergence              Δp RMS            Same top p        Same sampled p
   1      24.2152 ±    0.6532       0.03547 ±    0.00441       0.08322 ±    0.00128     8.225 ±  0.142 %    87.377 ±  0.259 %    50.084 ±  0.271 %
   2      25.2396 ±    0.4920       0.04748 ±    0.00312       0.08424 ±    0.00099     8.276 ±  0.104 %    87.334 ±  0.184 %    49.795 ±  0.193 %
   3      26.3925 ±    0.4224       0.05747 ±    0.00258       0.08718 ±    0.00084     8.374 ±  0.086 %    86.852 ±  0.152 %    49.532 ±  0.157 %
   4      23.8373 ±    0.3266       0.06119 ±    0.00226       0.08885 ±    0.00074     8.620 ±  0.078 %    86.866 ±  0.132 %    50.444 ±  0.137 %
   5      23.7942 ±    0.2924       0.05731 ±    0.00207       0.09148 ±    0.00068     8.719 ±  0.069 %    86.773 ±  0.118 %    50.699 ±  0.122 %

====== Perplexity statistics ======
Mean PPL(Q)                   :  23.794164 ±   0.292403
Mean PPL(base)                :  22.468784 ±   0.276246
Cor(ln(PPL(Q)), ln(PPL(base))):  98.58%
Mean ln(PPL(Q)/PPL(base))     :   0.057313 ±   0.002069
Mean PPL(Q)/PPL(base)         :   1.058988 ±   0.002191
Mean PPL(Q)-PPL(base)         :   1.325380 ±   0.050487

====== KL divergence statistics ======
Mean    KLD:   0.091484 ±   0.000682
Maximum KLD:  10.733589
99.9%   KLD:   2.302969
99.0%   KLD:   0.850358
95.0%   KLD:   0.341015
90.0%   KLD:   0.213842
Median  KLD:   0.039487
10.0%   KLD:   0.000462
 5.0%   KLD:   0.000080
 1.0%   KLD:   0.000005
 0.1%   KLD:  -0.000002
Minimum KLD:  -0.000287

====== Token probability statistics ======
Mean    Δp: -1.146 ± 0.030 %
Maximum Δp: 91.667%
99.9%   Δp: 53.958%
99.0%   Δp: 23.448%
95.0%   Δp:  8.124%
90.0%   Δp:  3.372%
75.0%   Δp:  0.143%
Median  Δp: -0.009%
25.0%   Δp: -1.144%
10.0%   Δp: -7.712%
 5.0%   Δp: -14.507%
 1.0%   Δp: -34.667%
 0.1%   Δp: -65.227%
Minimum Δp: -99.601%
RMS Δp    :  8.719 ± 0.069 %
Same top p: 86.773 ± 0.118 %
Same sampled p: 50.699 ± 0.122 %

------------------------------
# llama-perplexity: version: 0.4.4-dev (build 11430, commit 9d76dc1da-dirty) | built with GNU 15.3.0 for Linux x86_64
# model: /home/crusaderky/.cache/huggingface/hub/models--bartowski--Ling-3.0-tiny-GGUF/snapshots/ea072726af0d2e8ba325b2f90fc0efa762105a91/Ling-3.0-tiny-Q4_K_M.gguf size=4917354688 mtime=2026-08-21T23:55:26+00:00 sha256/1048576B=01be6a34ed40f674dcac10bc80b57d7f57954b522781a884a9194fbfb37b72dc
llama-perplexity --kl-divergence-base /tmp/logits.dat --ctx-size 32768 -f sample-data/wiki.test.head-2.4k.raw -fa on --hf-repo bartowski/Ling-3.0-tiny-GGUF:Q4_K_M --cache-type-k q4_1 --cache-type-v q4_1 --kl-divergence
0.00.956.774 W load: special_eos_id is not in special_eog_ids - the tokenizer config may be incorrect
0.06.602.291 I cmn          init: llama threadpool init, n_threads = 16
0.06.670.351 I 
0.06.670.418 I system_info: n_threads = 16 (n_threads_batch = 16) / 32 | CUDA : ARCHS = 750,800,860,890,900,1000,1030,1200,1210 | USE_GRAPHS = 1 | FA_ALL_QUANTS = 1 | CPU : SSE3 = 1 | SSSE3 = 1 | AVX = 1 | AVX2 = 1 | F16C = 1 | FMA = 1 | BMI2 = 1 | LLAMAFILE = 1 | OPENMP = 1 | REPACK = 1 | 
0.06.763.925 I kl_divergence: computing over 5 chunks, n_ctx=32768, batch_size=512, n_seq=1
0.15.053.701 I kl_divergence: 8.29 seconds per pass - ETA 0.68 minutes

chunk             PPL               ln(PPL(Q)/PPL(base))          KL Divergence              Δp RMS            Same top p        Same sampled p
   1      24.1029 ±    0.6517       0.03082 ±    0.00371       0.05802 ±    0.00099     6.880 ±  0.137 %    89.599 ±  0.239 %    50.776 ±  0.271 %
   2      25.2245 ±    0.4919       0.04688 ±    0.00266       0.06044 ±    0.00073     7.037 ±  0.096 %    89.019 ±  0.173 %    50.283 ±  0.193 %
   3      26.2434 ±    0.4194       0.05181 ±    0.00224       0.06331 ±    0.00060     7.154 ±  0.081 %    88.687 ±  0.143 %    49.961 ±  0.157 %
   4      23.6424 ±    0.3234       0.05297 ±    0.00195       0.06383 ±    0.00053     7.328 ±  0.071 %    88.816 ±  0.123 %    50.870 ±  0.136 %
   5      23.5861 ±    0.2895       0.04853 ±    0.00177       0.06587 ±    0.00050     7.446 ±  0.064 %    88.668 ±  0.111 %    51.160 ±  0.122 %

====== Perplexity statistics ======
Mean PPL(Q)                   :  23.586115 ±   0.289503
Mean PPL(base)                :  22.468784 ±   0.276246
Cor(ln(PPL(Q)), ln(PPL(base))):  98.96%
Mean ln(PPL(Q)/PPL(base))     :   0.048531 ±   0.001771
Mean PPL(Q)/PPL(base)         :   1.049728 ±   0.001859
Mean PPL(Q)-PPL(base)         :   1.117331 ±   0.042863

====== KL divergence statistics ======
Mean    KLD:   0.065868 ±   0.000497
Maximum KLD:   6.173507
99.9%   KLD:   1.680804
99.0%   KLD:   0.605796
95.0%   KLD:   0.243468
90.0%   KLD:   0.151884
Median  KLD:   0.029239
10.0%   KLD:   0.000336
 5.0%   KLD:   0.000058
 1.0%   KLD:   0.000004
 0.1%   KLD:  -0.000003
Minimum KLD:  -0.000116

====== Token probability statistics ======
Mean    Δp: -1.016 ± 0.026 %
Maximum Δp: 97.231%
99.9%   Δp: 45.333%
99.0%   Δp: 19.292%
95.0%   Δp:  6.794%
90.0%   Δp:  2.726%
75.0%   Δp:  0.102%
Median  Δp: -0.009%
25.0%   Δp: -1.014%
10.0%   Δp: -6.700%
 5.0%   Δp: -12.400%
 1.0%   Δp: -29.009%
 0.1%   Δp: -58.072%
Minimum Δp: -98.927%
RMS Δp    :  7.446 ± 0.064 %
Same top p: 88.668 ± 0.111 %
Same sampled p: 51.160 ± 0.122 %

------------------------------
# llama-perplexity: version: 0.4.4-dev (build 11430, commit 9d76dc1da-dirty) | built with GNU 15.3.0 for Linux x86_64
# model: /home/crusaderky/.cache/huggingface/hub/models--bartowski--Ling-3.0-tiny-GGUF/snapshots/ea072726af0d2e8ba325b2f90fc0efa762105a91/Ling-3.0-tiny-Q4_K_M.gguf size=4917354688 mtime=2026-08-21T23:55:26+00:00 sha256/1048576B=01be6a34ed40f674dcac10bc80b57d7f57954b522781a884a9194fbfb37b72dc
llama-perplexity --kl-divergence-base /tmp/logits.dat --ctx-size 32768 -f sample-data/wiki.test.head-2.4k.raw -fa on --hf-repo bartowski/Ling-3.0-tiny-GGUF:Q4_K_M --cache-type-k q3_1 --cache-type-v q3_1 --kl-divergence
0.00.948.520 W load: special_eos_id is not in special_eog_ids - the tokenizer config may be incorrect
0.02.043.684 I cmn          init: llama threadpool init, n_threads = 16
0.02.110.283 I 
0.02.110.362 I system_info: n_threads = 16 (n_threads_batch = 16) / 32 | CUDA : ARCHS = 750,800,860,890,900,1000,1030,1200,1210 | USE_GRAPHS = 1 | FA_ALL_QUANTS = 1 | CPU : SSE3 = 1 | SSSE3 = 1 | AVX = 1 | AVX2 = 1 | F16C = 1 | FMA = 1 | BMI2 = 1 | LLAMAFILE = 1 | OPENMP = 1 | REPACK = 1 | 
0.02.209.366 I kl_divergence: computing over 5 chunks, n_ctx=32768, batch_size=512, n_seq=1
0.10.547.076 I kl_divergence: 8.34 seconds per pass - ETA 0.68 minutes

chunk             PPL               ln(PPL(Q)/PPL(base))          KL Divergence              Δp RMS            Same top p        Same sampled p
   1      24.2650 ±    0.6530       0.03752 ±    0.00451       0.08429 ±    0.00129     8.300 ±  0.142 %    87.115 ±  0.262 %    50.067 ±  0.271 %
   2      25.3229 ±    0.4917       0.05077 ±    0.00324       0.08782 ±    0.00099     8.491 ±  0.106 %    86.712 ±  0.188 %    49.590 ±  0.193 %
   3      26.4141 ±    0.4205       0.05829 ±    0.00273       0.09376 ±    0.00086     8.733 ±  0.091 %    86.097 ±  0.156 %    49.223 ±  0.157 %
   4      23.7965 ±    0.3245       0.05948 ±    0.00235       0.09340 ±    0.00075     8.849 ±  0.080 %    86.321 ±  0.134 %    50.151 ±  0.137 %
   5      23.7653 ±    0.2907       0.05610 ±    0.00213       0.09604 ±    0.00072     8.938 ±  0.072 %    86.347 ±  0.120 %    50.437 ±  0.122 %

====== Perplexity statistics ======
Mean PPL(Q)                   :  23.765285 ±   0.290750
Mean PPL(base)                :  22.468784 ±   0.276246
Cor(ln(PPL(Q)), ln(PPL(base))):  98.50%
Mean ln(PPL(Q)/PPL(base))     :   0.056099 ±   0.002127
Mean PPL(Q)/PPL(base)         :   1.057702 ±   0.002249
Mean PPL(Q)-PPL(base)         :   1.296501 ±   0.051217

====== KL divergence statistics ======
Mean    KLD:   0.096037 ±   0.000724
Maximum KLD:  11.459956
99.9%   KLD:   2.430842
99.0%   KLD:   0.883929
95.0%   KLD:   0.357145
90.0%   KLD:   0.223354
Median  KLD:   0.041624
10.0%   KLD:   0.000531
 5.0%   KLD:   0.000095
 1.0%   KLD:   0.000007
 0.1%   KLD:  -0.000003
Minimum KLD:  -0.000168

====== Token probability statistics ======
Mean    Δp: -1.356 ± 0.031 %
Maximum Δp: 92.296%
99.9%   Δp: 52.918%
99.0%   Δp: 22.912%
95.0%   Δp:  7.853%
90.0%   Δp:  3.157%
75.0%   Δp:  0.111%
Median  Δp: -0.014%
25.0%   Δp: -1.355%
10.0%   Δp: -8.295%
 5.0%   Δp: -15.354%
 1.0%   Δp: -35.750%
 0.1%   Δp: -66.584%
Minimum Δp: -97.164%
RMS Δp    :  8.938 ± 0.072 %
Same top p: 86.347 ± 0.120 %
Same sampled p: 50.437 ± 0.122 %

------------------------------
# llama-perplexity: version: 0.4.4-dev (build 11430, commit 9d76dc1da-dirty) | built with GNU 15.3.0 for Linux x86_64
# model: /home/crusaderky/.cache/huggingface/hub/models--bartowski--Ling-3.0-tiny-GGUF/snapshots/ea072726af0d2e8ba325b2f90fc0efa762105a91/Ling-3.0-tiny-Q4_K_S.gguf size=4752449728 mtime=2026-08-21T23:57:54+00:00 sha256/1048576B=01be6a34ed40f674dcac10bc80b57d7f57954b522781a884a9194fbfb37b72dc
llama-perplexity --kl-divergence-base /tmp/logits.dat --ctx-size 32768 -f sample-data/wiki.test.head-2.4k.raw -fa on --hf-repo bartowski/Ling-3.0-tiny-GGUF:Q4_K_S --cache-type-k q8_0 --cache-type-v q8_0 --kl-divergence
0.00.916.444 W load: special_eos_id is not in special_eog_ids - the tokenizer config may be incorrect
0.04.663.639 I cmn          init: llama threadpool init, n_threads = 16
0.04.726.976 I 
0.04.727.040 I system_info: n_threads = 16 (n_threads_batch = 16) / 32 | CUDA : ARCHS = 750,800,860,890,900,1000,1030,1200,1210 | USE_GRAPHS = 1 | FA_ALL_QUANTS = 1 | CPU : SSE3 = 1 | SSSE3 = 1 | AVX = 1 | AVX2 = 1 | F16C = 1 | FMA = 1 | BMI2 = 1 | LLAMAFILE = 1 | OPENMP = 1 | REPACK = 1 | 
0.04.822.768 I kl_divergence: computing over 5 chunks, n_ctx=32768, batch_size=512, n_seq=1
0.13.695.947 I kl_divergence: 8.87 seconds per pass - ETA 0.73 minutes

chunk             PPL               ln(PPL(Q)/PPL(base))          KL Divergence              Δp RMS            Same top p        Same sampled p
   1      24.2180 ±    0.6582       0.03558 ±    0.00417       0.07310 ±    0.00117     7.689 ±  0.147 %    87.908 ±  0.255 %    50.781 ±  0.272 %
   2      25.2262 ±    0.4936       0.04695 ±    0.00292       0.07320 ±    0.00086     7.624 ±  0.102 %    87.795 ±  0.181 %    50.366 ±  0.193 %
   3      26.2242 ±    0.4209       0.05107 ±    0.00244       0.07570 ±    0.00071     7.732 ±  0.085 %    87.430 ±  0.150 %    50.095 ±  0.157 %
   4      23.4662 ±    0.3225       0.04550 ±    0.00212       0.07555 ±    0.00062     7.845 ±  0.075 %    87.759 ±  0.128 %    51.085 ±  0.137 %
   5      23.4825 ±    0.2896       0.04413 ±    0.00193       0.07856 ±    0.00058     7.997 ±  0.067 %    87.648 ±  0.115 %    51.328 ±  0.122 %

====== Perplexity statistics ======
Mean PPL(Q)                   :  23.482505 ±   0.289609
Mean PPL(base)                :  22.468784 ±   0.276246
Cor(ln(PPL(Q)), ln(PPL(base))):  98.77%
Mean ln(PPL(Q)/PPL(base))     :   0.044129 ±   0.001932
Mean PPL(Q)/PPL(base)         :   1.045117 ±   0.002019
Mean PPL(Q)-PPL(base)         :   1.013721 ±   0.046339

====== KL divergence statistics ======
Mean    KLD:   0.078562 ±   0.000584
Maximum KLD:   8.762719
99.9%   KLD:   2.013231
99.0%   KLD:   0.712044
95.0%   KLD:   0.285974
90.0%   KLD:   0.180822
Median  KLD:   0.035328
10.0%   KLD:   0.000325
 5.0%   KLD:   0.000054
 1.0%   KLD:   0.000003
 0.1%   KLD:  -0.000009
Minimum KLD:  -0.000087

====== Token probability statistics ======
Mean    Δp: -0.679 ± 0.028 %
Maximum Δp: 96.607%
99.9%   Δp: 53.047%
99.0%   Δp: 23.513%
95.0%   Δp:  8.610%
90.0%   Δp:  3.739%
75.0%   Δp:  0.222%
Median  Δp: -0.002%
25.0%   Δp: -0.805%
10.0%   Δp: -6.605%
 5.0%   Δp: -12.572%
 1.0%   Δp: -29.147%
 0.1%   Δp: -59.067%
Minimum Δp: -96.772%
RMS Δp    :  7.997 ± 0.067 %
Same top p: 87.648 ± 0.115 %
Same sampled p: 51.328 ± 0.122 %

------------------------------
# llama-perplexity: version: 0.4.4-dev (build 11430, commit 9d76dc1da-dirty) | built with GNU 15.3.0 for Linux x86_64
# model: /home/crusaderky/.cache/huggingface/hub/models--bartowski--Ling-3.0-tiny-GGUF/snapshots/ea072726af0d2e8ba325b2f90fc0efa762105a91/Ling-3.0-tiny-Q4_K_S.gguf size=4752449728 mtime=2026-08-21T23:57:54+00:00 sha256/1048576B=01be6a34ed40f674dcac10bc80b57d7f57954b522781a884a9194fbfb37b72dc
llama-perplexity --kl-divergence-base /tmp/logits.dat --ctx-size 32768 -f sample-data/wiki.test.head-2.4k.raw -fa on --hf-repo bartowski/Ling-3.0-tiny-GGUF:Q4_K_S --cache-type-k q6_0 --cache-type-v q6_0 --kl-divergence
0.00.950.430 W load: special_eos_id is not in special_eog_ids - the tokenizer config may be incorrect
0.02.006.890 I cmn          init: llama threadpool init, n_threads = 16
0.02.074.993 I 
0.02.075.063 I system_info: n_threads = 16 (n_threads_batch = 16) / 32 | CUDA : ARCHS = 750,800,860,890,900,1000,1030,1200,1210 | USE_GRAPHS = 1 | FA_ALL_QUANTS = 1 | CPU : SSE3 = 1 | SSSE3 = 1 | AVX = 1 | AVX2 = 1 | F16C = 1 | FMA = 1 | BMI2 = 1 | LLAMAFILE = 1 | OPENMP = 1 | REPACK = 1 | 
0.02.167.860 I kl_divergence: computing over 5 chunks, n_ctx=32768, batch_size=512, n_seq=1
0.10.376.634 I kl_divergence: 8.21 seconds per pass - ETA 0.68 minutes

chunk             PPL               ln(PPL(Q)/PPL(base))          KL Divergence              Δp RMS            Same top p        Same sampled p
   1      24.2582 ±    0.6598       0.03724 ±    0.00418       0.07399 ±    0.00115     7.770 ±  0.147 %    87.804 ±  0.256 %    50.781 ±  0.272 %
   2      25.2253 ±    0.4946       0.04691 ±    0.00292       0.07360 ±    0.00088     7.589 ±  0.102 %    87.856 ±  0.180 %    50.464 ±  0.193 %
   3      26.1416 ±    0.4198       0.04792 ±    0.00243       0.07556 ±    0.00072     7.669 ±  0.084 %    87.463 ±  0.149 %    50.161 ±  0.157 %
   4      23.4434 ±    0.3225       0.04453 ±    0.00212       0.07570 ±    0.00063     7.790 ±  0.074 %    87.713 ±  0.128 %    51.150 ±  0.137 %
   5      23.4713 ±    0.2896       0.04365 ±    0.00193       0.07893 ±    0.00059     7.977 ±  0.066 %    87.590 ±  0.115 %    51.357 ±  0.122 %

====== Perplexity statistics ======
Mean PPL(Q)                   :  23.471295 ±   0.289607
Mean PPL(base)                :  22.468784 ±   0.276246
Cor(ln(PPL(Q)), ln(PPL(base))):  98.77%
Mean ln(PPL(Q)/PPL(base))     :   0.043651 ±   0.001933
Mean PPL(Q)/PPL(base)         :   1.044618 ±   0.002019
Mean PPL(Q)-PPL(base)         :   1.002510 ±   0.046351

====== KL divergence statistics ======
Mean    KLD:   0.078925 ±   0.000592
Maximum KLD:   9.411796
99.9%   KLD:   2.026629
99.0%   KLD:   0.715793
95.0%   KLD:   0.287113
90.0%   KLD:   0.180650
Median  KLD:   0.035378
10.0%   KLD:   0.000321
 5.0%   KLD:   0.000055
 1.0%   KLD:   0.000003
 0.1%   KLD:  -0.000009
Minimum KLD:  -0.000202

====== Token probability statistics ======
Mean    Δp: -0.650 ± 0.028 %
Maximum Δp: 96.289%
99.9%   Δp: 52.950%
99.0%   Δp: 23.251%
95.0%   Δp:  8.701%
90.0%   Δp:  3.794%
75.0%   Δp:  0.235%
Median  Δp: -0.002%
25.0%   Δp: -0.786%
10.0%   Δp: -6.493%
 5.0%   Δp: -12.473%
 1.0%   Δp: -28.922%
 0.1%   Δp: -58.871%
Minimum Δp: -98.832%
RMS Δp    :  7.977 ± 0.066 %
Same top p: 87.590 ± 0.115 %
Same sampled p: 51.357 ± 0.122 %

------------------------------
# llama-perplexity: version: 0.4.4-dev (build 11430, commit 9d76dc1da-dirty) | built with GNU 15.3.0 for Linux x86_64
# model: /home/crusaderky/.cache/huggingface/hub/models--bartowski--Ling-3.0-tiny-GGUF/snapshots/ea072726af0d2e8ba325b2f90fc0efa762105a91/Ling-3.0-tiny-Q4_K_S.gguf size=4752449728 mtime=2026-08-21T23:57:54+00:00 sha256/1048576B=01be6a34ed40f674dcac10bc80b57d7f57954b522781a884a9194fbfb37b72dc
llama-perplexity --kl-divergence-base /tmp/logits.dat --ctx-size 32768 -f sample-data/wiki.test.head-2.4k.raw -fa on --hf-repo bartowski/Ling-3.0-tiny-GGUF:Q4_K_S --cache-type-k q5_1 --cache-type-v q5_1 --kl-divergence
0.00.925.998 W load: special_eos_id is not in special_eog_ids - the tokenizer config may be incorrect
0.01.966.919 I cmn          init: llama threadpool init, n_threads = 16
0.02.032.627 I 
0.02.032.705 I system_info: n_threads = 16 (n_threads_batch = 16) / 32 | CUDA : ARCHS = 750,800,860,890,900,1000,1030,1200,1210 | USE_GRAPHS = 1 | FA_ALL_QUANTS = 1 | CPU : SSE3 = 1 | SSSE3 = 1 | AVX = 1 | AVX2 = 1 | F16C = 1 | FMA = 1 | BMI2 = 1 | LLAMAFILE = 1 | OPENMP = 1 | REPACK = 1 | 
0.02.123.349 I kl_divergence: computing over 5 chunks, n_ctx=32768, batch_size=512, n_seq=1
0.10.324.462 I kl_divergence: 8.20 seconds per pass - ETA 0.68 minutes

chunk             PPL               ln(PPL(Q)/PPL(base))          KL Divergence              Δp RMS            Same top p        Same sampled p
   1      24.1750 ±    0.6552       0.03381 ±    0.00421       0.07339 ±    0.00116     7.627 ±  0.142 %    87.994 ±  0.254 %    50.650 ±  0.272 %
   2      25.2159 ±    0.4926       0.04654 ±    0.00296       0.07470 ±    0.00090     7.648 ±  0.100 %    87.823 ±  0.181 %    50.270 ±  0.193 %
   3      26.1269 ±    0.4183       0.04736 ±    0.00247       0.07682 ±    0.00073     7.763 ±  0.084 %    87.408 ±  0.150 %    50.005 ±  0.157 %
   4      23.4111 ±    0.3210       0.04315 ±    0.00214       0.07676 ±    0.00064     7.862 ±  0.073 %    87.685 ±  0.128 %    50.999 ±  0.137 %
   5      23.4522 ±    0.2889       0.04284 ±    0.00194       0.07950 ±    0.00060     7.999 ±  0.066 %    87.559 ±  0.115 %    51.299 ±  0.122 %

====== Perplexity statistics ======
Mean PPL(Q)                   :  23.452227 ±   0.288944
Mean PPL(base)                :  22.468784 ±   0.276246
Cor(ln(PPL(Q)), ln(PPL(base))):  98.75%
Mean ln(PPL(Q)/PPL(base))     :   0.042838 ±   0.001944
Mean PPL(Q)/PPL(base)         :   1.043769 ±   0.002029
Mean PPL(Q)-PPL(base)         :   0.983443 ±   0.046388

====== KL divergence statistics ======
Mean    KLD:   0.079496 ±   0.000600
Maximum KLD:   9.099466
99.9%   KLD:   2.079649
99.0%   KLD:   0.718783
95.0%   KLD:   0.287434
90.0%   KLD:   0.182552
Median  KLD:   0.035876
10.0%   KLD:   0.000343
 5.0%   KLD:   0.000056
 1.0%   KLD:   0.000003
 0.1%   KLD:  -0.000007
Minimum KLD:  -0.000129

====== Token probability statistics ======
Mean    Δp: -0.695 ± 0.028 %
Maximum Δp: 93.615%
99.9%   Δp: 52.214%
99.0%   Δp: 23.395%
95.0%   Δp:  8.613%
90.0%   Δp:  3.729%
75.0%   Δp:  0.214%
Median  Δp: -0.002%
25.0%   Δp: -0.807%
10.0%   Δp: -6.643%
 5.0%   Δp: -12.707%
 1.0%   Δp: -29.548%
 0.1%   Δp: -58.204%
Minimum Δp: -97.545%
RMS Δp    :  7.999 ± 0.066 %
Same top p: 87.559 ± 0.115 %
Same sampled p: 51.299 ± 0.122 %

------------------------------
# llama-perplexity: version: 0.4.4-dev (build 11430, commit 9d76dc1da-dirty) | built with GNU 15.3.0 for Linux x86_64
# model: /home/crusaderky/.cache/huggingface/hub/models--bartowski--Ling-3.0-tiny-GGUF/snapshots/ea072726af0d2e8ba325b2f90fc0efa762105a91/Ling-3.0-tiny-Q4_K_S.gguf size=4752449728 mtime=2026-08-21T23:57:54+00:00 sha256/1048576B=01be6a34ed40f674dcac10bc80b57d7f57954b522781a884a9194fbfb37b72dc
llama-perplexity --kl-divergence-base /tmp/logits.dat --ctx-size 32768 -f sample-data/wiki.test.head-2.4k.raw -fa on --hf-repo bartowski/Ling-3.0-tiny-GGUF:Q4_K_S --cache-type-k q5_0 --cache-type-v q5_0 --kl-divergence
0.00.920.877 W load: special_eos_id is not in special_eog_ids - the tokenizer config may be incorrect
0.01.982.519 I cmn          init: llama threadpool init, n_threads = 16
0.02.048.486 I 
0.02.048.559 I system_info: n_threads = 16 (n_threads_batch = 16) / 32 | CUDA : ARCHS = 750,800,860,890,900,1000,1030,1200,1210 | USE_GRAPHS = 1 | FA_ALL_QUANTS = 1 | CPU : SSE3 = 1 | SSSE3 = 1 | AVX = 1 | AVX2 = 1 | F16C = 1 | FMA = 1 | BMI2 = 1 | LLAMAFILE = 1 | OPENMP = 1 | REPACK = 1 | 
0.02.138.994 I kl_divergence: computing over 5 chunks, n_ctx=32768, batch_size=512, n_seq=1
0.10.330.810 I kl_divergence: 8.19 seconds per pass - ETA 0.67 minutes

chunk             PPL               ln(PPL(Q)/PPL(base))          KL Divergence              Δp RMS            Same top p        Same sampled p
   1      24.2721 ±    0.6595       0.03782 ±    0.00424       0.07395 ±    0.00122     7.718 ±  0.149 %    87.963 ±  0.254 %    50.714 ±  0.272 %
   2      25.2262 ±    0.4938       0.04695 ±    0.00296       0.07460 ±    0.00090     7.703 ±  0.105 %    87.814 ±  0.181 %    50.351 ±  0.193 %
   3      26.1290 ±    0.4191       0.04744 ±    0.00246       0.07699 ±    0.00074     7.814 ±  0.087 %    87.383 ±  0.150 %    50.059 ±  0.157 %
   4      23.4195 ±    0.3217       0.04350 ±    0.00214       0.07718 ±    0.00064     7.921 ±  0.075 %    87.572 ±  0.129 %    51.037 ±  0.137 %
   5      23.4965 ±    0.2899       0.04472 ±    0.00195       0.08043 ±    0.00061     8.076 ±  0.067 %    87.430 ±  0.116 %    51.310 ±  0.122 %

====== Perplexity statistics ======
Mean PPL(Q)                   :  23.496496 ±   0.289885
Mean PPL(base)                :  22.468784 ±   0.276246
Cor(ln(PPL(Q)), ln(PPL(base))):  98.74%
Mean ln(PPL(Q)/PPL(base))     :   0.044724 ±   0.001955
Mean PPL(Q)/PPL(base)         :   1.045740 ±   0.002044
Mean PPL(Q)-PPL(base)         :   1.027711 ±   0.046924

====== KL divergence statistics ======
Mean    KLD:   0.080426 ±   0.000608
Maximum KLD:   9.082585
99.9%   KLD:   2.027811
99.0%   KLD:   0.722790
95.0%   KLD:   0.290731
90.0%   KLD:   0.184870
Median  KLD:   0.035891
10.0%   KLD:   0.000329
 5.0%   KLD:   0.000055
 1.0%   KLD:   0.000003
 0.1%   KLD:  -0.000007
Minimum KLD:  -0.000158

====== Token probability statistics ======
Mean    Δp: -0.679 ± 0.028 %
Maximum Δp: 95.777%
99.9%   Δp: 53.228%
99.0%   Δp: 23.716%
95.0%   Δp:  8.612%
90.0%   Δp:  3.823%
75.0%   Δp:  0.231%
Median  Δp: -0.002%
25.0%   Δp: -0.794%
10.0%   Δp: -6.607%
 5.0%   Δp: -12.571%
 1.0%   Δp: -29.431%
 0.1%   Δp: -59.121%
Minimum Δp: -97.260%
RMS Δp    :  8.076 ± 0.067 %
Same top p: 87.430 ± 0.116 %
Same sampled p: 51.310 ± 0.122 %

------------------------------
# llama-perplexity: version: 0.4.4-dev (build 11430, commit 9d76dc1da-dirty) | built with GNU 15.3.0 for Linux x86_64
# model: /home/crusaderky/.cache/huggingface/hub/models--bartowski--Ling-3.0-tiny-GGUF/snapshots/ea072726af0d2e8ba325b2f90fc0efa762105a91/Ling-3.0-tiny-Q4_K_S.gguf size=4752449728 mtime=2026-08-21T23:57:54+00:00 sha256/1048576B=01be6a34ed40f674dcac10bc80b57d7f57954b522781a884a9194fbfb37b72dc
llama-perplexity --kl-divergence-base /tmp/logits.dat --ctx-size 32768 -f sample-data/wiki.test.head-2.4k.raw -fa on --hf-repo bartowski/Ling-3.0-tiny-GGUF:Q4_K_S --cache-type-k q4_1 --cache-type-v q4_1 --kl-divergence
0.00.957.309 W load: special_eos_id is not in special_eog_ids - the tokenizer config may be incorrect
0.02.026.426 I cmn          init: llama threadpool init, n_threads = 16
0.02.092.847 I 
0.02.092.926 I system_info: n_threads = 16 (n_threads_batch = 16) / 32 | CUDA : ARCHS = 750,800,860,890,900,1000,1030,1200,1210 | USE_GRAPHS = 1 | FA_ALL_QUANTS = 1 | CPU : SSE3 = 1 | SSSE3 = 1 | AVX = 1 | AVX2 = 1 | F16C = 1 | FMA = 1 | BMI2 = 1 | LLAMAFILE = 1 | OPENMP = 1 | REPACK = 1 | 
0.02.186.532 I kl_divergence: computing over 5 chunks, n_ctx=32768, batch_size=512, n_seq=1
0.10.341.895 I kl_divergence: 8.16 seconds per pass - ETA 0.67 minutes

chunk             PPL               ln(PPL(Q)/PPL(base))          KL Divergence              Δp RMS            Same top p        Same sampled p
   1      24.4920 ±    0.6668       0.04683 ±    0.00436       0.07967 ±    0.00120     7.979 ±  0.140 %    87.310 ±  0.260 %    50.658 ±  0.272 %
   2      25.5113 ±    0.5002       0.05819 ±    0.00308       0.08036 ±    0.00093     7.987 ±  0.102 %    87.222 ±  0.184 %    50.244 ±  0.193 %
   3      26.4696 ±    0.4250       0.06039 ±    0.00255       0.08295 ±    0.00076     8.077 ±  0.086 %    86.818 ±  0.153 %    49.918 ±  0.157 %
   4      23.7014 ±    0.3261       0.05547 ±    0.00222       0.08294 ±    0.00067     8.194 ±  0.077 %    87.119 ±  0.131 %    50.950 ±  0.137 %
   5      23.7040 ±    0.2928       0.05352 ±    0.00202       0.08573 ±    0.00063     8.343 ±  0.069 %    87.027 ±  0.117 %    51.216 ±  0.122 %

====== Perplexity statistics ======
Mean PPL(Q)                   :  23.704027 ±   0.292781
Mean PPL(base)                :  22.468784 ±   0.276246
Cor(ln(PPL(Q)), ln(PPL(base))):  98.66%
Mean ln(PPL(Q)/PPL(base))     :   0.053518 ±   0.002020
Mean PPL(Q)/PPL(base)         :   1.054976 ±   0.002131
Mean PPL(Q)-PPL(base)         :   1.235243 ±   0.049455

====== KL divergence statistics ======
Mean    KLD:   0.085733 ±   0.000626
Maximum KLD:   7.324417
99.9%   KLD:   2.156163
99.0%   KLD:   0.771208
95.0%   KLD:   0.312376
90.0%   KLD:   0.198315
Median  KLD:   0.038602
10.0%   KLD:   0.000370
 5.0%   KLD:   0.000058
 1.0%   KLD:   0.000003
 0.1%   KLD:  -0.000008
Minimum KLD:  -0.000208

====== Token probability statistics ======
Mean    Δp: -0.766 ± 0.029 %
Maximum Δp: 90.989%
99.9%   Δp: 54.285%
99.0%   Δp: 23.788%
95.0%   Δp:  8.859%
90.0%   Δp:  3.815%
75.0%   Δp:  0.212%
Median  Δp: -0.003%
25.0%   Δp: -0.875%
10.0%   Δp: -6.868%
 5.0%   Δp: -13.254%
 1.0%   Δp: -30.829%
 0.1%   Δp: -61.520%
Minimum Δp: -95.535%
RMS Δp    :  8.343 ± 0.069 %
Same top p: 87.027 ± 0.117 %
Same sampled p: 51.216 ± 0.122 %

------------------------------
# llama-perplexity: version: 0.4.4-dev (build 11430, commit 9d76dc1da-dirty) | built with GNU 15.3.0 for Linux x86_64
# model: /home/crusaderky/.cache/huggingface/hub/models--bartowski--Ling-3.0-tiny-GGUF/snapshots/ea072726af0d2e8ba325b2f90fc0efa762105a91/Ling-3.0-tiny-Q4_K_S.gguf size=4752449728 mtime=2026-08-21T23:57:54+00:00 sha256/1048576B=01be6a34ed40f674dcac10bc80b57d7f57954b522781a884a9194fbfb37b72dc
llama-perplexity --kl-divergence-base /tmp/logits.dat --ctx-size 32768 -f sample-data/wiki.test.head-2.4k.raw -fa on --hf-repo bartowski/Ling-3.0-tiny-GGUF:Q4_K_S --cache-type-k q4_0 --cache-type-v q4_0 --kl-divergence
0.00.926.940 W load: special_eos_id is not in special_eog_ids - the tokenizer config may be incorrect
0.01.973.707 I cmn          init: llama threadpool init, n_threads = 16
0.02.040.106 I 
0.02.040.184 I system_info: n_threads = 16 (n_threads_batch = 16) / 32 | CUDA : ARCHS = 750,800,860,890,900,1000,1030,1200,1210 | USE_GRAPHS = 1 | FA_ALL_QUANTS = 1 | CPU : SSE3 = 1 | SSSE3 = 1 | AVX = 1 | AVX2 = 1 | F16C = 1 | FMA = 1 | BMI2 = 1 | LLAMAFILE = 1 | OPENMP = 1 | REPACK = 1 | 
0.02.130.568 I kl_divergence: computing over 5 chunks, n_ctx=32768, batch_size=512, n_seq=1
0.10.312.876 I kl_divergence: 8.18 seconds per pass - ETA 0.67 minutes

chunk             PPL               ln(PPL(Q)/PPL(base))          KL Divergence              Δp RMS            Same top p        Same sampled p
   1      24.0201 ±    0.6511       0.02738 ±    0.00436       0.07853 ±    0.00122     7.914 ±  0.145 %    87.402 ±  0.259 %    50.613 ±  0.272 %
   2      24.9625 ±    0.4876       0.03644 ±    0.00307       0.07896 ±    0.00092     7.824 ±  0.101 %    87.316 ±  0.184 %    50.246 ±  0.193 %
   3      25.8591 ±    0.4134       0.03705 ±    0.00254       0.08133 ±    0.00075     7.930 ±  0.085 %    86.999 ±  0.152 %    49.904 ±  0.157 %
   4      23.2454 ±    0.3186       0.03604 ±    0.00221       0.08226 ±    0.00067     8.131 ±  0.075 %    87.205 ±  0.130 %    50.918 ±  0.137 %
   5      23.3200 ±    0.2869       0.03718 ±    0.00202       0.08598 ±    0.00064     8.321 ±  0.067 %    87.072 ±  0.117 %    51.139 ±  0.122 %

====== Perplexity statistics ======
Mean PPL(Q)                   :  23.319984 ±   0.286901
Mean PPL(base)                :  22.468784 ±   0.276246
Cor(ln(PPL(Q)), ln(PPL(base))):  98.65%
Mean ln(PPL(Q)/PPL(base))     :   0.037184 ±   0.002023
Mean PPL(Q)/PPL(base)         :   1.037884 ±   0.002100
Mean PPL(Q)-PPL(base)         :   0.851199 ±   0.047517

====== KL divergence statistics ======
Mean    KLD:   0.085981 ±   0.000642
Maximum KLD:   8.215589
99.9%   KLD:   2.195107
99.0%   KLD:   0.764071
95.0%   KLD:   0.312006
90.0%   KLD:   0.198166
Median  KLD:   0.038822
10.0%   KLD:   0.000364
 5.0%   KLD:   0.000061
 1.0%   KLD:   0.000004
 0.1%   KLD:  -0.000008
Minimum KLD:  -0.000210

====== Token probability statistics ======
Mean    Δp: -0.716 ± 0.029 %
Maximum Δp: 96.341%
99.9%   Δp: 52.811%
99.0%   Δp: 24.685%
95.0%   Δp:  8.945%
90.0%   Δp:  3.919%
75.0%   Δp:  0.239%
Median  Δp: -0.002%
25.0%   Δp: -0.838%
10.0%   Δp: -6.849%
 5.0%   Δp: -13.266%
 1.0%   Δp: -30.601%
 0.1%   Δp: -59.917%
Minimum Δp: -97.097%
RMS Δp    :  8.321 ± 0.067 %
Same top p: 87.072 ± 0.117 %
Same sampled p: 51.139 ± 0.122 %

------------------------------
# llama-perplexity: version: 0.4.4-dev (build 11430, commit 9d76dc1da-dirty) | built with GNU 15.3.0 for Linux x86_64
# model: /home/crusaderky/.cache/huggingface/hub/models--bartowski--Ling-3.0-tiny-GGUF/snapshots/ea072726af0d2e8ba325b2f90fc0efa762105a91/Ling-3.0-tiny-Q4_K_S.gguf size=4752449728 mtime=2026-08-21T23:57:54+00:00 sha256/1048576B=01be6a34ed40f674dcac10bc80b57d7f57954b522781a884a9194fbfb37b72dc
llama-perplexity --kl-divergence-base /tmp/logits.dat --ctx-size 32768 -f sample-data/wiki.test.head-2.4k.raw -fa on --hf-repo bartowski/Ling-3.0-tiny-GGUF:Q4_K_S --cache-type-k q3_1 --cache-type-v q3_1 --kl-divergence
0.00.958.668 W load: special_eos_id is not in special_eog_ids - the tokenizer config may be incorrect
0.02.014.139 I cmn          init: llama threadpool init, n_threads = 16
0.02.080.123 I 
0.02.080.190 I system_info: n_threads = 16 (n_threads_batch = 16) / 32 | CUDA : ARCHS = 750,800,860,890,900,1000,1030,1200,1210 | USE_GRAPHS = 1 | FA_ALL_QUANTS = 1 | CPU : SSE3 = 1 | SSSE3 = 1 | AVX = 1 | AVX2 = 1 | F16C = 1 | FMA = 1 | BMI2 = 1 | LLAMAFILE = 1 | OPENMP = 1 | REPACK = 1 | 
0.02.172.201 I kl_divergence: computing over 5 chunks, n_ctx=32768, batch_size=512, n_seq=1
0.10.368.443 I kl_divergence: 8.20 seconds per pass - ETA 0.67 minutes

chunk             PPL               ln(PPL(Q)/PPL(base))          KL Divergence              Δp RMS            Same top p        Same sampled p
   1      24.3282 ±    0.6575       0.04012 ±    0.00501       0.10430 ±    0.00157     9.105 ±  0.159 %    85.644 ±  0.274 %    50.001 ±  0.272 %
   2      25.2498 ±    0.4912       0.04788 ±    0.00354       0.10489 ±    0.00117     9.149 ±  0.115 %    85.500 ±  0.195 %    49.586 ±  0.193 %
   3      26.3316 ±    0.4202       0.05516 ±    0.00294       0.10860 ±    0.00096     9.221 ±  0.094 %    84.964 ±  0.161 %    49.280 ±  0.157 %
   4      23.4285 ±    0.3201       0.04389 ±    0.00254       0.10817 ±    0.00087     9.313 ±  0.083 %    85.296 ±  0.138 %    50.352 ±  0.137 %
   5      23.4803 ±    0.2881       0.04403 ±    0.00232       0.11218 ±    0.00082     9.469 ±  0.074 %    85.209 ±  0.124 %    50.596 ±  0.122 %

====== Perplexity statistics ======
Mean PPL(Q)                   :  23.480262 ±   0.288056
Mean PPL(base)                :  22.468784 ±   0.276246
Cor(ln(PPL(Q)), ln(PPL(base))):  98.21%
Mean ln(PPL(Q)/PPL(base))     :   0.044033 ±   0.002322
Mean PPL(Q)/PPL(base)         :   1.045017 ±   0.002426
Mean PPL(Q)-PPL(base)         :   1.011477 ±   0.054620

====== KL divergence statistics ======
Mean    KLD:   0.112182 ±   0.000820
Maximum KLD:  12.114471
99.9%   KLD:   2.644086
99.0%   KLD:   1.017347
95.0%   KLD:   0.417838
90.0%   KLD:   0.260295
Median  KLD:   0.049872
10.0%   KLD:   0.000530
 5.0%   KLD:   0.000089
 1.0%   KLD:   0.000006
 0.1%   KLD:  -0.000006
Minimum KLD:  -0.000183

====== Token probability statistics ======
Mean    Δp: -0.970 ± 0.033 %
Maximum Δp: 99.364%
99.9%   Δp: 57.769%
99.0%   Δp: 27.207%
95.0%   Δp:  9.996%
90.0%   Δp:  4.249%
75.0%   Δp:  0.228%
Median  Δp: -0.005%
25.0%   Δp: -1.087%
10.0%   Δp: -7.934%
 5.0%   Δp: -15.378%
 1.0%   Δp: -36.201%
 0.1%   Δp: -69.889%
Minimum Δp: -98.755%
RMS Δp    :  9.469 ± 0.074 %
Same top p: 85.209 ± 0.124 %
Same sampled p: 50.596 ± 0.122 %

------------------------------
# llama-perplexity: version: 0.4.4-dev (build 11430, commit 9d76dc1da-dirty) | built with GNU 15.3.0 for Linux x86_64
# model: /home/crusaderky/.cache/huggingface/hub/models--bartowski--Ling-3.0-tiny-GGUF/snapshots/ea072726af0d2e8ba325b2f90fc0efa762105a91/Ling-3.0-tiny-Q4_K_S.gguf size=4752449728 mtime=2026-08-21T23:57:54+00:00 sha256/1048576B=01be6a34ed40f674dcac10bc80b57d7f57954b522781a884a9194fbfb37b72dc
llama-perplexity --kl-divergence-base /tmp/logits.dat --ctx-size 32768 -f sample-data/wiki.test.head-2.4k.raw -fa on --hf-repo bartowski/Ling-3.0-tiny-GGUF:Q4_K_S --cache-type-k q3_0 --cache-type-v q3_0 --kl-divergence
0.00.896.275 W load: special_eos_id is not in special_eog_ids - the tokenizer config may be incorrect
0.01.927.531 I cmn          init: llama threadpool init, n_threads = 16
0.01.991.207 I 
0.01.991.268 I system_info: n_threads = 16 (n_threads_batch = 16) / 32 | CUDA : ARCHS = 750,800,860,890,900,1000,1030,1200,1210 | USE_GRAPHS = 1 | FA_ALL_QUANTS = 1 | CPU : SSE3 = 1 | SSSE3 = 1 | AVX = 1 | AVX2 = 1 | F16C = 1 | FMA = 1 | BMI2 = 1 | LLAMAFILE = 1 | OPENMP = 1 | REPACK = 1 | 
0.02.078.830 I kl_divergence: computing over 5 chunks, n_ctx=32768, batch_size=512, n_seq=1
0.10.327.606 I kl_divergence: 8.25 seconds per pass - ETA 0.68 minutes

chunk             PPL               ln(PPL(Q)/PPL(base))          KL Divergence              Δp RMS            Same top p        Same sampled p
   1      24.3175 ±    0.6592       0.03968 ±    0.00497       0.10239 ±    0.00159     9.076 ±  0.161 %    85.717 ±  0.273 %    50.155 ±  0.272 %
   2      25.5498 ±    0.4997       0.05969 ±    0.00352       0.10466 ±    0.00121     9.030 ±  0.113 %    85.586 ±  0.194 %    49.761 ±  0.193 %
   3      26.8458 ±    0.4320       0.07450 ±    0.00292       0.10880 ±    0.00100     9.136 ±  0.093 %    85.066 ±  0.161 %    49.499 ±  0.157 %
   4      24.1049 ±    0.3322       0.07235 ±    0.00254       0.11018 ±    0.00090     9.337 ±  0.082 %    85.200 ±  0.139 %    50.444 ±  0.137 %
   5      24.1247 ±    0.2987       0.07111 ±    0.00233       0.11425 ±    0.00087     9.499 ±  0.074 %    85.158 ±  0.124 %    50.718 ±  0.122 %

====== Perplexity statistics ======
Mean PPL(Q)                   :  24.124745 ±   0.298663
Mean PPL(base)                :  22.468784 ±   0.276246
Cor(ln(PPL(Q)), ln(PPL(base))):  98.22%
Mean ln(PPL(Q)/PPL(base))     :   0.071111 ±   0.002330
Mean PPL(Q)/PPL(base)         :   1.073701 ±   0.002502
Mean PPL(Q)-PPL(base)         :   1.655961 ±   0.058670

====== KL divergence statistics ======
Mean    KLD:   0.114252 ±   0.000874
Maximum KLD:  15.315512
99.9%   KLD:   3.053835
99.0%   KLD:   1.041961
95.0%   KLD:   0.422340
90.0%   KLD:   0.264003
Median  KLD:   0.050248
10.0%   KLD:   0.000493
 5.0%   KLD:   0.000081
 1.0%   KLD:   0.000005
 0.1%   KLD:  -0.000008
Minimum KLD:  -0.000152

====== Token probability statistics ======
Mean    Δp: -0.965 ± 0.033 %
Maximum Δp: 98.086%
99.9%   Δp: 60.382%
99.0%   Δp: 26.829%
95.0%   Δp:  9.965%
90.0%   Δp:  4.267%
75.0%   Δp:  0.229%
Median  Δp: -0.004%
25.0%   Δp: -1.043%
10.0%   Δp: -7.948%
 5.0%   Δp: -15.486%
 1.0%   Δp: -36.832%
 0.1%   Δp: -69.429%
Minimum Δp: -97.897%
RMS Δp    :  9.499 ± 0.074 %
Same top p: 85.158 ± 0.124 %
Same sampled p: 50.718 ± 0.122 %

------------------------------
# llama-perplexity: version: 0.4.4-dev (build 11430, commit 9d76dc1da-dirty) | built with GNU 15.3.0 for Linux x86_64
# model: /home/crusaderky/.cache/huggingface/hub/models--bartowski--Ling-3.0-tiny-GGUF/snapshots/ea072726af0d2e8ba325b2f90fc0efa762105a91/Ling-3.0-tiny-IQ4_XS.gguf size=4385795776 mtime=2026-08-22T00:00:13+00:00 sha256/1048576B=01be6a34ed40f674dcac10bc80b57d7f57954b522781a884a9194fbfb37b72dc
llama-perplexity --kl-divergence-base /tmp/logits.dat --ctx-size 32768 -f sample-data/wiki.test.head-2.4k.raw -fa on --hf-repo bartowski/Ling-3.0-tiny-GGUF:IQ4_XS --cache-type-k q4_1 --cache-type-v q4_1 --kl-divergence
0.00.950.258 W load: special_eos_id is not in special_eog_ids - the tokenizer config may be incorrect
0.04.400.735 I cmn          init: llama threadpool init, n_threads = 16
0.04.466.948 I 
0.04.467.016 I system_info: n_threads = 16 (n_threads_batch = 16) / 32 | CUDA : ARCHS = 750,800,860,890,900,1000,1030,1200,1210 | USE_GRAPHS = 1 | FA_ALL_QUANTS = 1 | CPU : SSE3 = 1 | SSSE3 = 1 | AVX = 1 | AVX2 = 1 | F16C = 1 | FMA = 1 | BMI2 = 1 | LLAMAFILE = 1 | OPENMP = 1 | REPACK = 1 | 
0.04.563.326 I kl_divergence: computing over 5 chunks, n_ctx=32768, batch_size=512, n_seq=1
0.12.629.973 I kl_divergence: 8.07 seconds per pass - ETA 0.67 minutes

chunk             PPL               ln(PPL(Q)/PPL(base))          KL Divergence              Δp RMS            Same top p        Same sampled p
   1      24.2766 ±    0.6642       0.03800 ±    0.00439       0.08259 ±    0.00129     8.337 ±  0.155 %    87.096 ±  0.262 %    51.057 ±  0.272 %
   2      25.2717 ±    0.4957       0.04875 ±    0.00305       0.08321 ±    0.00096     8.268 ±  0.109 %    86.941 ±  0.186 %    50.244 ±  0.193 %
   3      26.3310 ±    0.4235       0.05514 ±    0.00259       0.08732 ±    0.00083     8.401 ±  0.091 %    86.582 ±  0.154 %    49.869 ±  0.157 %
   4      23.7966 ±    0.3277       0.05948 ±    0.00230       0.08986 ±    0.00075     8.677 ±  0.081 %    86.620 ±  0.133 %    50.719 ±  0.137 %
   5      23.7826 ±    0.2940       0.05683 ±    0.00209       0.09242 ±    0.00068     8.776 ±  0.072 %    86.615 ±  0.119 %    51.042 ±  0.122 %

====== Perplexity statistics ======
Mean PPL(Q)                   :  23.782647 ±   0.294039
Mean PPL(base)                :  22.468784 ±   0.276246
Cor(ln(PPL(Q)), ln(PPL(base))):  98.57%
Mean ln(PPL(Q)/PPL(base))     :   0.056829 ±   0.002088
Mean PPL(Q)/PPL(base)         :   1.058475 ±   0.002210
Mean PPL(Q)-PPL(base)         :   1.313863 ±   0.051421

====== KL divergence statistics ======
Mean    KLD:   0.092423 ±   0.000679
Maximum KLD:  10.806045
99.9%   KLD:   2.263312
99.0%   KLD:   0.818435
95.0%   KLD:   0.339087
90.0%   KLD:   0.213919
Median  KLD:   0.041845
10.0%   KLD:   0.000446
 5.0%   KLD:   0.000075
 1.0%   KLD:   0.000004
 0.1%   KLD:  -0.000009
Minimum KLD:  -0.000217

====== Token probability statistics ======
Mean    Δp: -0.787 ± 0.031 %
Maximum Δp: 99.424%
99.9%   Δp: 53.725%
99.0%   Δp: 24.900%
95.0%   Δp:  9.350%
90.0%   Δp:  4.204%
75.0%   Δp:  0.234%
Median  Δp: -0.004%
25.0%   Δp: -0.894%
10.0%   Δp: -6.914%
 5.0%   Δp: -13.648%
 1.0%   Δp: -34.016%
 0.1%   Δp: -65.845%
Minimum Δp: -99.888%
RMS Δp    :  8.776 ± 0.072 %
Same top p: 86.615 ± 0.119 %
Same sampled p: 51.042 ± 0.122 %

------------------------------
# llama-perplexity: version: 0.4.4-dev (build 11430, commit 9d76dc1da-dirty) | built with GNU 15.3.0 for Linux x86_64
# model: /home/crusaderky/.cache/huggingface/hub/models--bartowski--Ling-3.0-tiny-GGUF/snapshots/ea072726af0d2e8ba325b2f90fc0efa762105a91/Ling-3.0-tiny-IQ4_XS.gguf size=4385795776 mtime=2026-08-22T00:00:13+00:00 sha256/1048576B=01be6a34ed40f674dcac10bc80b57d7f57954b522781a884a9194fbfb37b72dc
llama-perplexity --kl-divergence-base /tmp/logits.dat --ctx-size 32768 -f sample-data/wiki.test.head-2.4k.raw -fa on --hf-repo bartowski/Ling-3.0-tiny-GGUF:IQ4_XS --cache-type-k q3_1 --cache-type-v q3_1 --kl-divergence
0.00.941.563 W load: special_eos_id is not in special_eog_ids - the tokenizer config may be incorrect
0.01.968.293 I cmn          init: llama threadpool init, n_threads = 16
0.02.034.802 I 
0.02.034.875 I system_info: n_threads = 16 (n_threads_batch = 16) / 32 | CUDA : ARCHS = 750,800,860,890,900,1000,1030,1200,1210 | USE_GRAPHS = 1 | FA_ALL_QUANTS = 1 | CPU : SSE3 = 1 | SSSE3 = 1 | AVX = 1 | AVX2 = 1 | F16C = 1 | FMA = 1 | BMI2 = 1 | LLAMAFILE = 1 | OPENMP = 1 | REPACK = 1 | 
0.02.126.284 I kl_divergence: computing over 5 chunks, n_ctx=32768, batch_size=512, n_seq=1
0.10.703.953 I kl_divergence: 8.58 seconds per pass - ETA 0.70 minutes

chunk             PPL               ln(PPL(Q)/PPL(base))          KL Divergence              Δp RMS            Same top p        Same sampled p
   1      24.7795 ±    0.6767       0.05850 ±    0.00509       0.10859 ±    0.00170     9.363 ±  0.163 %    85.430 ±  0.276 %    50.373 ±  0.272 %
   2      25.4179 ±    0.4966       0.05452 ±    0.00352       0.11021 ±    0.00123     9.275 ±  0.115 %    85.299 ±  0.196 %    49.582 ±  0.193 %
   3      26.5218 ±    0.4249       0.06236 ±    0.00296       0.11386 ±    0.00103     9.489 ±  0.097 %    84.844 ±  0.162 %    49.169 ±  0.157 %
   4      23.9336 ±    0.3283       0.06522 ±    0.00260       0.11623 ±    0.00091     9.804 ±  0.086 %    84.954 ±  0.140 %    50.045 ±  0.137 %
   5      23.9097 ±    0.2943       0.06216 ±    0.00235       0.11915 ±    0.00084     9.883 ±  0.076 %    84.933 ±  0.125 %    50.362 ±  0.122 %

====== Perplexity statistics ======
Mean PPL(Q)                   :  23.909665 ±   0.294340
Mean PPL(base)                :  22.468784 ±   0.276246
Cor(ln(PPL(Q)), ln(PPL(base))):  98.17%
Mean ln(PPL(Q)/PPL(base))     :   0.062156 ±   0.002355
Mean PPL(Q)/PPL(base)         :   1.064128 ±   0.002506
Mean PPL(Q)-PPL(base)         :   1.440881 ±   0.057503

====== KL divergence statistics ======
Mean    KLD:   0.119149 ±   0.000845
Maximum KLD:  14.741086
99.9%   KLD:   2.769466
99.0%   KLD:   1.069068
95.0%   KLD:   0.440154
90.0%   KLD:   0.277918
Median  KLD:   0.053713
10.0%   KLD:   0.000663
 5.0%   KLD:   0.000105
 1.0%   KLD:   0.000007
 0.1%   KLD:  -0.000004
Minimum KLD:  -0.000141

====== Token probability statistics ======
Mean    Δp: -1.133 ± 0.034 %
Maximum Δp: 99.456%
99.9%   Δp: 59.888%
99.0%   Δp: 26.279%
95.0%   Δp: 10.079%
90.0%   Δp:  4.428%
75.0%   Δp:  0.210%
Median  Δp: -0.008%
25.0%   Δp: -1.189%
10.0%   Δp: -8.341%
 5.0%   Δp: -16.190%
 1.0%   Δp: -39.550%
 0.1%   Δp: -71.941%
Minimum Δp: -99.253%
RMS Δp    :  9.883 ± 0.076 %
Same top p: 84.933 ± 0.125 %
Same sampled p: 50.362 ± 0.122 %

------------------------------
# llama-perplexity: version: 0.4.4-dev (build 11430, commit 9d76dc1da-dirty) | built with GNU 15.3.0 for Linux x86_64
# model: /home/crusaderky/.cache/huggingface/hub/models--bartowski--Ling-3.0-tiny-GGUF/snapshots/ea072726af0d2e8ba325b2f90fc0efa762105a91/Ling-3.0-tiny-Q3_K_XL.gguf size=4125490240 mtime=2026-08-22T00:02:13+00:00 sha256/1048576B=01be6a34ed40f674dcac10bc80b57d7f57954b522781a884a9194fbfb37b72dc
llama-perplexity --kl-divergence-base /tmp/logits.dat --ctx-size 32768 -f sample-data/wiki.test.head-2.4k.raw -fa on --hf-repo bartowski/Ling-3.0-tiny-GGUF:Q3_K_XL --cache-type-k q8_0 --cache-type-v q8_0 --kl-divergence
0.01.006.104 W load: special_eos_id is not in special_eog_ids - the tokenizer config may be incorrect
0.04.423.372 I cmn          init: llama threadpool init, n_threads = 16
0.04.493.347 I 
0.04.493.427 I system_info: n_threads = 16 (n_threads_batch = 16) / 32 | CUDA : ARCHS = 750,800,860,890,900,1000,1030,1200,1210 | USE_GRAPHS = 1 | FA_ALL_QUANTS = 1 | CPU : SSE3 = 1 | SSSE3 = 1 | AVX = 1 | AVX2 = 1 | F16C = 1 | FMA = 1 | BMI2 = 1 | LLAMAFILE = 1 | OPENMP = 1 | REPACK = 1 | 
0.04.590.166 I kl_divergence: computing over 5 chunks, n_ctx=32768, batch_size=512, n_seq=1
0.13.132.045 I kl_divergence: 8.54 seconds per pass - ETA 0.70 minutes

chunk             PPL               ln(PPL(Q)/PPL(base))          KL Divergence              Δp RMS            Same top p        Same sampled p
   1      24.2473 ±    0.6574       0.03679 ±    0.00653       0.18270 ±    0.00249    11.625 ±  0.184 %    81.383 ±  0.304 %    49.060 ±  0.274 %
   2      25.2270 ±    0.4897       0.04698 ±    0.00473       0.19345 ±    0.00189    11.907 ±  0.130 %    80.861 ±  0.217 %    48.231 ±  0.195 %
   3      26.7050 ±    0.4249       0.06924 ±    0.00398       0.20294 ±    0.00157    12.145 ±  0.106 %    80.195 ±  0.180 %    47.660 ±  0.159 %
   4      24.5266 ±    0.3358       0.08969 ±    0.00349       0.20782 ±    0.00142    12.511 ±  0.094 %    80.349 ±  0.155 %    48.583 ±  0.138 %
   5      24.4528 ±    0.3001       0.08462 ±    0.00316       0.21184 ±    0.00130    12.622 ±  0.084 %    80.310 ±  0.139 %    48.835 ±  0.124 %

====== Perplexity statistics ======
Mean PPL(Q)                   :  24.452788 ±   0.300081
Mean PPL(base)                :  22.468784 ±   0.276246
Cor(ln(PPL(Q)), ln(PPL(base))):  96.70%
Mean ln(PPL(Q)/PPL(base))     :   0.084617 ±   0.003157
Mean PPL(Q)/PPL(base)         :   1.088300 ±   0.003435
Mean PPL(Q)-PPL(base)         :   1.984004 ±   0.077731

====== KL divergence statistics ======
Mean    KLD:   0.211841 ±   0.001301
Maximum KLD:  16.396898
99.9%   KLD:   4.007145
99.0%   KLD:   1.717124
95.0%   KLD:   0.776508
90.0%   KLD:   0.505656
Median  KLD:   0.104300
10.0%   KLD:   0.001204
 5.0%   KLD:   0.000212
 1.0%   KLD:   0.000016
 0.1%   KLD:   0.000000
Minimum KLD:  -0.000154

====== Token probability statistics ======
Mean    Δp: -1.637 ± 0.044 %
Maximum Δp: 98.303%
99.9%   Δp: 68.968%
99.0%   Δp: 35.850%
95.0%   Δp: 13.194%
90.0%   Δp:  5.687%
75.0%   Δp:  0.270%
Median  Δp: -0.012%
25.0%   Δp: -1.790%
10.0%   Δp: -12.013%
 5.0%   Δp: -22.581%
 1.0%   Δp: -50.107%
 0.1%   Δp: -83.734%
Minimum Δp: -99.889%
RMS Δp    : 12.622 ± 0.084 %
Same top p: 80.310 ± 0.139 %
Same sampled p: 48.835 ± 0.124 %

------------------------------
# llama-perplexity: version: 0.4.4-dev (build 11430, commit 9d76dc1da-dirty) | built with GNU 15.3.0 for Linux x86_64
# model: /home/crusaderky/.cache/huggingface/hub/models--bartowski--Ling-3.0-tiny-GGUF/snapshots/ea072726af0d2e8ba325b2f90fc0efa762105a91/Ling-3.0-tiny-Q3_K_XL.gguf size=4125490240 mtime=2026-08-22T00:02:13+00:00 sha256/1048576B=01be6a34ed40f674dcac10bc80b57d7f57954b522781a884a9194fbfb37b72dc
llama-perplexity --kl-divergence-base /tmp/logits.dat --ctx-size 32768 -f sample-data/wiki.test.head-2.4k.raw -fa on --hf-repo bartowski/Ling-3.0-tiny-GGUF:Q3_K_XL --cache-type-k q6_0 --cache-type-v q6_0 --kl-divergence
0.00.915.326 W load: special_eos_id is not in special_eog_ids - the tokenizer config may be incorrect
0.01.829.709 I cmn          init: llama threadpool init, n_threads = 16
0.01.897.388 I 
0.01.897.458 I system_info: n_threads = 16 (n_threads_batch = 16) / 32 | CUDA : ARCHS = 750,800,860,890,900,1000,1030,1200,1210 | USE_GRAPHS = 1 | FA_ALL_QUANTS = 1 | CPU : SSE3 = 1 | SSSE3 = 1 | AVX = 1 | AVX2 = 1 | F16C = 1 | FMA = 1 | BMI2 = 1 | LLAMAFILE = 1 | OPENMP = 1 | REPACK = 1 | 
0.01.993.426 I kl_divergence: computing over 5 chunks, n_ctx=32768, batch_size=512, n_seq=1
0.10.437.837 I kl_divergence: 8.44 seconds per pass - ETA 0.70 minutes

chunk             PPL               ln(PPL(Q)/PPL(base))          KL Divergence              Δp RMS            Same top p        Same sampled p
   1      24.3387 ±    0.6597       0.04055 ±    0.00652       0.18262 ±    0.00250    11.622 ±  0.186 %    81.426 ±  0.304 %    49.029 ±  0.274 %
   2      25.2665 ±    0.4904       0.04854 ±    0.00473       0.19347 ±    0.00189    11.893 ±  0.130 %    80.843 ±  0.217 %    48.231 ±  0.195 %
   3      26.6523 ±    0.4237       0.06727 ±    0.00397       0.20263 ±    0.00156    12.125 ±  0.106 %    80.252 ±  0.180 %    47.641 ±  0.159 %
   4      24.4595 ±    0.3346       0.08696 ±    0.00349       0.20768 ±    0.00141    12.511 ±  0.094 %    80.320 ±  0.155 %    48.565 ±  0.138 %
   5      24.3633 ±    0.2986       0.08095 ±    0.00316       0.21152 ±    0.00130    12.608 ±  0.084 %    80.273 ±  0.139 %    48.804 ±  0.124 %

====== Perplexity statistics ======
Mean PPL(Q)                   :  24.363314 ±   0.298591
Mean PPL(base)                :  22.468784 ±   0.276246
Cor(ln(PPL(Q)), ln(PPL(base))):  96.69%
Mean ln(PPL(Q)/PPL(base))     :   0.080951 ±   0.003156
Mean PPL(Q)/PPL(base)         :   1.084318 ±   0.003422
Mean PPL(Q)-PPL(base)         :   1.894529 ±   0.077149

====== KL divergence statistics ======
Mean    KLD:   0.211523 ±   0.001296
Maximum KLD:  15.949884
99.9%   KLD:   3.946663
99.0%   KLD:   1.740361
95.0%   KLD:   0.775877
90.0%   KLD:   0.506671
Median  KLD:   0.104174
10.0%   KLD:   0.001207
 5.0%   KLD:   0.000215
 1.0%   KLD:   0.000016
 0.1%   KLD:   0.000000
Minimum KLD:  -0.000135

====== Token probability statistics ======
Mean    Δp: -1.651 ± 0.044 %
Maximum Δp: 97.982%
99.9%   Δp: 68.245%
99.0%   Δp: 35.172%
95.0%   Δp: 13.148%
90.0%   Δp:  5.713%
75.0%   Δp:  0.267%
Median  Δp: -0.013%
25.0%   Δp: -1.820%
10.0%   Δp: -12.016%
 5.0%   Δp: -22.412%
 1.0%   Δp: -50.246%
 0.1%   Δp: -83.966%
Minimum Δp: -99.481%
RMS Δp    : 12.608 ± 0.084 %
Same top p: 80.273 ± 0.139 %
Same sampled p: 48.804 ± 0.124 %

------------------------------
# llama-perplexity: version: 0.4.4-dev (build 11430, commit 9d76dc1da-dirty) | built with GNU 15.3.0 for Linux x86_64
# model: /home/crusaderky/.cache/huggingface/hub/models--bartowski--Ling-3.0-tiny-GGUF/snapshots/ea072726af0d2e8ba325b2f90fc0efa762105a91/Ling-3.0-tiny-Q3_K_XL.gguf size=4125490240 mtime=2026-08-22T00:02:13+00:00 sha256/1048576B=01be6a34ed40f674dcac10bc80b57d7f57954b522781a884a9194fbfb37b72dc
llama-perplexity --kl-divergence-base /tmp/logits.dat --ctx-size 32768 -f sample-data/wiki.test.head-2.4k.raw -fa on --hf-repo bartowski/Ling-3.0-tiny-GGUF:Q3_K_XL --cache-type-k q5_1 --cache-type-v q5_1 --kl-divergence
0.00.941.539 W load: special_eos_id is not in special_eog_ids - the tokenizer config may be incorrect
0.01.874.047 I cmn          init: llama threadpool init, n_threads = 16
0.01.940.501 I 
0.01.940.572 I system_info: n_threads = 16 (n_threads_batch = 16) / 32 | CUDA : ARCHS = 750,800,860,890,900,1000,1030,1200,1210 | USE_GRAPHS = 1 | FA_ALL_QUANTS = 1 | CPU : SSE3 = 1 | SSSE3 = 1 | AVX = 1 | AVX2 = 1 | F16C = 1 | FMA = 1 | BMI2 = 1 | LLAMAFILE = 1 | OPENMP = 1 | REPACK = 1 | 
0.02.030.645 I kl_divergence: computing over 5 chunks, n_ctx=32768, batch_size=512, n_seq=1
0.10.424.949 I kl_divergence: 8.39 seconds per pass - ETA 0.68 minutes

chunk             PPL               ln(PPL(Q)/PPL(base))          KL Divergence              Δp RMS            Same top p        Same sampled p
   1      24.1598 ±    0.6540       0.03318 ±    0.00654       0.18428 ±    0.00252    11.659 ±  0.186 %    81.359 ±  0.304 %    48.970 ±  0.274 %
   2      25.2272 ±    0.4896       0.04699 ±    0.00473       0.19409 ±    0.00187    11.929 ±  0.130 %    80.822 ±  0.218 %    48.198 ±  0.195 %
   3      26.6800 ±    0.4241       0.06830 ±    0.00398       0.20415 ±    0.00157    12.167 ±  0.106 %    80.270 ±  0.180 %    47.607 ±  0.159 %
   4      24.5214 ±    0.3353       0.08948 ±    0.00350       0.20973 ±    0.00143    12.583 ±  0.095 %    80.356 ±  0.155 %    48.505 ±  0.138 %
   5      24.4051 ±    0.2990       0.08266 ±    0.00317       0.21349 ±    0.00130    12.698 ±  0.084 %    80.311 ±  0.139 %    48.756 ±  0.124 %

====== Perplexity statistics ======
Mean PPL(Q)                   :  24.405078 ±   0.299044
Mean PPL(base)                :  22.468784 ±   0.276246
Cor(ln(PPL(Q)), ln(PPL(base))):  96.67%
Mean ln(PPL(Q)/PPL(base))     :   0.082664 ±   0.003166
Mean PPL(Q)/PPL(base)         :   1.086177 ±   0.003439
Mean PPL(Q)-PPL(base)         :   1.936294 ±   0.077560

====== KL divergence statistics ======
Mean    KLD:   0.213494 ±   0.001304
Maximum KLD:  16.550280
99.9%   KLD:   3.900960
99.0%   KLD:   1.737945
95.0%   KLD:   0.787695
90.0%   KLD:   0.513453
Median  KLD:   0.104744
10.0%   KLD:   0.001234
 5.0%   KLD:   0.000220
 1.0%   KLD:   0.000017
 0.1%   KLD:   0.000000
Minimum KLD:  -0.000148

====== Token probability statistics ======
Mean    Δp: -1.683 ± 0.044 %
Maximum Δp: 97.891%
99.9%   Δp: 70.209%
99.0%   Δp: 35.351%
95.0%   Δp: 13.209%
90.0%   Δp:  5.645%
75.0%   Δp:  0.264%
Median  Δp: -0.013%
25.0%   Δp: -1.806%
10.0%   Δp: -12.171%
 5.0%   Δp: -22.514%
 1.0%   Δp: -50.503%
 0.1%   Δp: -83.517%
Minimum Δp: -99.901%
RMS Δp    : 12.698 ± 0.084 %
Same top p: 80.311 ± 0.139 %
Same sampled p: 48.756 ± 0.124 %

------------------------------
# llama-perplexity: version: 0.4.4-dev (build 11430, commit 9d76dc1da-dirty) | built with GNU 15.3.0 for Linux x86_64
# model: /home/crusaderky/.cache/huggingface/hub/models--bartowski--Ling-3.0-tiny-GGUF/snapshots/ea072726af0d2e8ba325b2f90fc0efa762105a91/Ling-3.0-tiny-Q3_K_XL.gguf size=4125490240 mtime=2026-08-22T00:02:13+00:00 sha256/1048576B=01be6a34ed40f674dcac10bc80b57d7f57954b522781a884a9194fbfb37b72dc
llama-perplexity --kl-divergence-base /tmp/logits.dat --ctx-size 32768 -f sample-data/wiki.test.head-2.4k.raw -fa on --hf-repo bartowski/Ling-3.0-tiny-GGUF:Q3_K_XL --cache-type-k q5_0 --cache-type-v q5_0 --kl-divergence
0.00.931.871 W load: special_eos_id is not in special_eog_ids - the tokenizer config may be incorrect
0.01.865.874 I cmn          init: llama threadpool init, n_threads = 16
0.01.933.031 I 
0.01.933.104 I system_info: n_threads = 16 (n_threads_batch = 16) / 32 | CUDA : ARCHS = 750,800,860,890,900,1000,1030,1200,1210 | USE_GRAPHS = 1 | FA_ALL_QUANTS = 1 | CPU : SSE3 = 1 | SSSE3 = 1 | AVX = 1 | AVX2 = 1 | F16C = 1 | FMA = 1 | BMI2 = 1 | LLAMAFILE = 1 | OPENMP = 1 | REPACK = 1 | 
0.02.027.942 I kl_divergence: computing over 5 chunks, n_ctx=32768, batch_size=512, n_seq=1
0.10.409.085 I kl_divergence: 8.38 seconds per pass - ETA 0.68 minutes

chunk             PPL               ln(PPL(Q)/PPL(base))          KL Divergence              Δp RMS            Same top p        Same sampled p
   1      24.2941 ±    0.6587       0.03872 ±    0.00653       0.18299 ±    0.00251    11.563 ±  0.184 %    81.536 ±  0.303 %    49.055 ±  0.274 %
   2      25.3689 ±    0.4928       0.05259 ±    0.00476       0.19470 ±    0.00189    11.887 ±  0.129 %    80.877 ±  0.217 %    48.207 ±  0.195 %
   3      26.7617 ±    0.4259       0.07136 ±    0.00398       0.20354 ±    0.00156    12.126 ±  0.106 %    80.236 ±  0.180 %    47.643 ±  0.159 %
   4      24.5843 ±    0.3367       0.09204 ±    0.00351       0.20875 ±    0.00141    12.513 ±  0.094 %    80.368 ±  0.155 %    48.564 ±  0.138 %
   5      24.4590 ±    0.3000       0.08487 ±    0.00317       0.21291 ±    0.00130    12.647 ±  0.084 %    80.289 ±  0.139 %    48.774 ±  0.124 %

====== Perplexity statistics ======
Mean PPL(Q)                   :  24.458982 ±   0.299953
Mean PPL(base)                :  22.468784 ±   0.276246
Cor(ln(PPL(Q)), ln(PPL(base))):  96.67%
Mean ln(PPL(Q)/PPL(base))     :   0.084871 ±   0.003171
Mean PPL(Q)/PPL(base)         :   1.088576 ±   0.003452
Mean PPL(Q)-PPL(base)         :   1.990198 ±   0.078019

====== KL divergence statistics ======
Mean    KLD:   0.212909 ±   0.001295
Maximum KLD:  16.199051
99.9%   KLD:   3.868960
99.0%   KLD:   1.733228
95.0%   KLD:   0.785275
90.0%   KLD:   0.509956
Median  KLD:   0.104985
10.0%   KLD:   0.001218
 5.0%   KLD:   0.000215
 1.0%   KLD:   0.000016
 0.1%   KLD:   0.000000
Minimum KLD:  -0.000164

====== Token probability statistics ======
Mean    Δp: -1.686 ± 0.044 %
Maximum Δp: 97.963%
99.9%   Δp: 69.329%
99.0%   Δp: 35.617%
95.0%   Δp: 13.044%
90.0%   Δp:  5.653%
75.0%   Δp:  0.268%
Median  Δp: -0.013%
25.0%   Δp: -1.828%
10.0%   Δp: -12.107%
 5.0%   Δp: -22.554%
 1.0%   Δp: -50.388%
 0.1%   Δp: -83.034%
Minimum Δp: -99.598%
RMS Δp    : 12.647 ± 0.084 %
Same top p: 80.289 ± 0.139 %
Same sampled p: 48.774 ± 0.124 %

------------------------------
# llama-perplexity: version: 0.4.4-dev (build 11430, commit 9d76dc1da-dirty) | built with GNU 15.3.0 for Linux x86_64
# model: /home/crusaderky/.cache/huggingface/hub/models--bartowski--Ling-3.0-tiny-GGUF/snapshots/ea072726af0d2e8ba325b2f90fc0efa762105a91/Ling-3.0-tiny-Q3_K_XL.gguf size=4125490240 mtime=2026-08-22T00:02:13+00:00 sha256/1048576B=01be6a34ed40f674dcac10bc80b57d7f57954b522781a884a9194fbfb37b72dc
llama-perplexity --kl-divergence-base /tmp/logits.dat --ctx-size 32768 -f sample-data/wiki.test.head-2.4k.raw -fa on --hf-repo bartowski/Ling-3.0-tiny-GGUF:Q3_K_XL --cache-type-k q4_1 --cache-type-v q4_1 --kl-divergence
0.00.948.851 W load: special_eos_id is not in special_eog_ids - the tokenizer config may be incorrect
0.01.903.968 I cmn          init: llama threadpool init, n_threads = 16
0.01.972.297 I 
0.01.972.370 I system_info: n_threads = 16 (n_threads_batch = 16) / 32 | CUDA : ARCHS = 750,800,860,890,900,1000,1030,1200,1210 | USE_GRAPHS = 1 | FA_ALL_QUANTS = 1 | CPU : SSE3 = 1 | SSSE3 = 1 | AVX = 1 | AVX2 = 1 | F16C = 1 | FMA = 1 | BMI2 = 1 | LLAMAFILE = 1 | OPENMP = 1 | REPACK = 1 | 
0.02.063.836 I kl_divergence: computing over 5 chunks, n_ctx=32768, batch_size=512, n_seq=1
0.10.415.863 I kl_divergence: 8.35 seconds per pass - ETA 0.68 minutes

chunk             PPL               ln(PPL(Q)/PPL(base))          KL Divergence              Δp RMS            Same top p        Same sampled p
   1      24.2538 ±    0.6565       0.03706 ±    0.00661       0.18735 ±    0.00255    11.846 ±  0.188 %    81.084 ±  0.306 %    48.884 ±  0.274 %
   2      25.2085 ±    0.4893       0.04625 ±    0.00478       0.19823 ±    0.00192    12.054 ±  0.131 %    80.510 ±  0.219 %    48.168 ±  0.195 %
   3      26.7086 ±    0.4246       0.06938 ±    0.00402       0.20835 ±    0.00160    12.320 ±  0.108 %    79.934 ±  0.181 %    47.555 ±  0.159 %
   4      24.4522 ±    0.3342       0.08666 ±    0.00352       0.21265 ±    0.00144    12.678 ±  0.095 %    80.081 ±  0.156 %    48.448 ±  0.138 %
   5      24.3249 ±    0.2978       0.07937 ±    0.00318       0.21620 ±    0.00132    12.765 ±  0.085 %    80.038 ±  0.140 %    48.700 ±  0.124 %

====== Perplexity statistics ======
Mean PPL(Q)                   :  24.324930 ±   0.297829
Mean PPL(base)                :  22.468784 ±   0.276246
Cor(ln(PPL(Q)), ln(PPL(base))):  96.63%
Mean ln(PPL(Q)/PPL(base))     :   0.079375 ±   0.003184
Mean PPL(Q)/PPL(base)         :   1.082610 ±   0.003447
Mean PPL(Q)-PPL(base)         :   1.856146 ±   0.077485

====== KL divergence statistics ======
Mean    KLD:   0.216197 ±   0.001317
Maximum KLD:  17.075689
99.9%   KLD:   3.853564
99.0%   KLD:   1.766107
95.0%   KLD:   0.793332
90.0%   KLD:   0.518084
Median  KLD:   0.106529
10.0%   KLD:   0.001256
 5.0%   KLD:   0.000230
 1.0%   KLD:   0.000018
 0.1%   KLD:   0.000001
Minimum KLD:  -0.000184

====== Token probability statistics ======
Mean    Δp: -1.685 ± 0.044 %
Maximum Δp: 97.514%
99.9%   Δp: 70.503%
99.0%   Δp: 36.328%
95.0%   Δp: 13.243%
90.0%   Δp:  5.621%
75.0%   Δp:  0.262%
Median  Δp: -0.014%
25.0%   Δp: -1.852%
10.0%   Δp: -12.259%
 5.0%   Δp: -22.783%
 1.0%   Δp: -50.288%
 0.1%   Δp: -84.703%
Minimum Δp: -99.638%
RMS Δp    : 12.765 ± 0.085 %
Same top p: 80.038 ± 0.140 %
Same sampled p: 48.700 ± 0.124 %

------------------------------
# llama-perplexity: version: 0.4.4-dev (build 11430, commit 9d76dc1da-dirty) | built with GNU 15.3.0 for Linux x86_64
# model: /home/crusaderky/.cache/huggingface/hub/models--bartowski--Ling-3.0-tiny-GGUF/snapshots/ea072726af0d2e8ba325b2f90fc0efa762105a91/Ling-3.0-tiny-Q3_K_XL.gguf size=4125490240 mtime=2026-08-22T00:02:13+00:00 sha256/1048576B=01be6a34ed40f674dcac10bc80b57d7f57954b522781a884a9194fbfb37b72dc
llama-perplexity --kl-divergence-base /tmp/logits.dat --ctx-size 32768 -f sample-data/wiki.test.head-2.4k.raw -fa on --hf-repo bartowski/Ling-3.0-tiny-GGUF:Q3_K_XL --cache-type-k q4_0 --cache-type-v q4_0 --kl-divergence
0.00.921.327 W load: special_eos_id is not in special_eog_ids - the tokenizer config may be incorrect
0.01.835.999 I cmn          init: llama threadpool init, n_threads = 16
0.01.901.797 I 
0.01.901.874 I system_info: n_threads = 16 (n_threads_batch = 16) / 32 | CUDA : ARCHS = 750,800,860,890,900,1000,1030,1200,1210 | USE_GRAPHS = 1 | FA_ALL_QUANTS = 1 | CPU : SSE3 = 1 | SSSE3 = 1 | AVX = 1 | AVX2 = 1 | F16C = 1 | FMA = 1 | BMI2 = 1 | LLAMAFILE = 1 | OPENMP = 1 | REPACK = 1 | 
0.01.991.084 I kl_divergence: computing over 5 chunks, n_ctx=32768, batch_size=512, n_seq=1
0.10.315.755 I kl_divergence: 8.32 seconds per pass - ETA 0.68 minutes

chunk             PPL               ln(PPL(Q)/PPL(base))          KL Divergence              Δp RMS            Same top p        Same sampled p
   1      24.3450 ±    0.6578       0.04081 ±    0.00660       0.18932 ±    0.00255    11.939 ±  0.186 %    81.145 ±  0.306 %    48.651 ±  0.274 %
   2      25.3842 ±    0.4919       0.05319 ±    0.00478       0.20024 ±    0.00193    12.159 ±  0.131 %    80.696 ±  0.218 %    47.949 ±  0.195 %
   3      26.8881 ±    0.4272       0.07608 ±    0.00404       0.21045 ±    0.00162    12.394 ±  0.107 %    80.028 ±  0.180 %    47.385 ±  0.159 %
   4      24.6675 ±    0.3372       0.09542 ±    0.00355       0.21568 ±    0.00146    12.759 ±  0.095 %    80.117 ±  0.156 %    48.312 ±  0.138 %
   5      24.6025 ±    0.3015       0.09072 ±    0.00321       0.22018 ±    0.00135    12.887 ±  0.085 %    80.034 ±  0.140 %    48.589 ±  0.124 %

====== Perplexity statistics ======
Mean PPL(Q)                   :  24.602503 ±   0.301537
Mean PPL(base)                :  22.468784 ±   0.276246
Cor(ln(PPL(Q)), ln(PPL(base))):  96.58%
Mean ln(PPL(Q)/PPL(base))     :   0.090721 ±   0.003213
Mean PPL(Q)/PPL(base)         :   1.094964 ±   0.003518
Mean PPL(Q)-PPL(base)         :   2.133719 ±   0.079651

====== KL divergence statistics ======
Mean    KLD:   0.220180 ±   0.001346
Maximum KLD:  14.855714
99.9%   KLD:   3.972944
99.0%   KLD:   1.796351
95.0%   KLD:   0.810323
90.0%   KLD:   0.524601
Median  KLD:   0.108413
10.0%   KLD:   0.001269
 5.0%   KLD:   0.000231
 1.0%   KLD:   0.000018
 0.1%   KLD:   0.000001
Minimum KLD:  -0.000171

====== Token probability statistics ======
Mean    Δp: -1.827 ± 0.045 %
Maximum Δp: 98.118%
99.9%   Δp: 69.735%
99.0%   Δp: 35.646%
95.0%   Δp: 12.983%
90.0%   Δp:  5.526%
75.0%   Δp:  0.243%
Median  Δp: -0.016%
25.0%   Δp: -1.940%
10.0%   Δp: -12.654%
 5.0%   Δp: -23.417%
 1.0%   Δp: -52.038%
 0.1%   Δp: -83.366%
Minimum Δp: -99.438%
RMS Δp    : 12.887 ± 0.085 %
Same top p: 80.034 ± 0.140 %
Same sampled p: 48.589 ± 0.124 %

------------------------------
# llama-perplexity: version: 0.4.4-dev (build 11430, commit 9d76dc1da-dirty) | built with GNU 15.3.0 for Linux x86_64
# model: /home/crusaderky/.cache/huggingface/hub/models--bartowski--Ling-3.0-tiny-GGUF/snapshots/ea072726af0d2e8ba325b2f90fc0efa762105a91/Ling-3.0-tiny-Q3_K_XL.gguf size=4125490240 mtime=2026-08-22T00:02:13+00:00 sha256/1048576B=01be6a34ed40f674dcac10bc80b57d7f57954b522781a884a9194fbfb37b72dc
llama-perplexity --kl-divergence-base /tmp/logits.dat --ctx-size 32768 -f sample-data/wiki.test.head-2.4k.raw -fa on --hf-repo bartowski/Ling-3.0-tiny-GGUF:Q3_K_XL --cache-type-k q3_1 --cache-type-v q3_1 --kl-divergence
0.00.975.188 W load: special_eos_id is not in special_eog_ids - the tokenizer config may be incorrect
0.01.910.096 I cmn          init: llama threadpool init, n_threads = 16
0.01.976.082 I 
0.01.976.158 I system_info: n_threads = 16 (n_threads_batch = 16) / 32 | CUDA : ARCHS = 750,800,860,890,900,1000,1030,1200,1210 | USE_GRAPHS = 1 | FA_ALL_QUANTS = 1 | CPU : SSE3 = 1 | SSSE3 = 1 | AVX = 1 | AVX2 = 1 | F16C = 1 | FMA = 1 | BMI2 = 1 | LLAMAFILE = 1 | OPENMP = 1 | REPACK = 1 | 
0.02.065.915 I kl_divergence: computing over 5 chunks, n_ctx=32768, batch_size=512, n_seq=1
0.10.412.895 I kl_divergence: 8.35 seconds per pass - ETA 0.68 minutes

chunk             PPL               ln(PPL(Q)/PPL(base))          KL Divergence              Δp RMS            Same top p        Same sampled p
   1      24.4252 ±    0.6586       0.04410 ±    0.00698       0.20896 ±    0.00274    12.552 ±  0.194 %    80.333 ±  0.311 %    48.330 ±  0.274 %
   2      25.3644 ±    0.4910       0.05241 ±    0.00506       0.22120 ±    0.00210    12.747 ±  0.135 %    79.708 ±  0.222 %    47.686 ±  0.195 %
   3      27.0092 ±    0.4287       0.08057 ±    0.00425       0.23200 ±    0.00175    12.998 ±  0.110 %    78.999 ±  0.184 %    47.028 ±  0.159 %
   4      24.7355 ±    0.3375       0.09817 ±    0.00373       0.23785 ±    0.00160    13.385 ±  0.098 %    79.140 ±  0.159 %    47.913 ±  0.138 %
   5      24.5490 ±    0.2998       0.08854 ±    0.00337       0.24219 ±    0.00147    13.484 ±  0.087 %    79.073 ±  0.142 %    48.145 ±  0.124 %

====== Perplexity statistics ======
Mean PPL(Q)                   :  24.548969 ±   0.299838
Mean PPL(base)                :  22.468784 ±   0.276246
Cor(ln(PPL(Q)), ln(PPL(base))):  96.22%
Mean ln(PPL(Q)/PPL(base))     :   0.088543 ±   0.003372
Mean PPL(Q)/PPL(base)         :   1.092581 ±   0.003685
Mean PPL(Q)-PPL(base)         :   2.080185 ±   0.082622

====== KL divergence statistics ======
Mean    KLD:   0.242195 ±   0.001467
Maximum KLD:  15.319606
99.9%   KLD:   4.483115
99.0%   KLD:   1.999572
95.0%   KLD:   0.885674
90.0%   KLD:   0.576230
Median  KLD:   0.118838
10.0%   KLD:   0.001538
 5.0%   KLD:   0.000276
 1.0%   KLD:   0.000023
 0.1%   KLD:   0.000001
Minimum KLD:  -0.000096

====== Token probability statistics ======
Mean    Δp: -2.006 ± 0.047 %
Maximum Δp: 98.121%
99.9%   Δp: 72.850%
99.0%   Δp: 36.448%
95.0%   Δp: 13.452%
90.0%   Δp:  5.728%
75.0%   Δp:  0.245%
Median  Δp: -0.020%
25.0%   Δp: -2.153%
10.0%   Δp: -13.444%
 5.0%   Δp: -24.739%
 1.0%   Δp: -54.728%
 0.1%   Δp: -87.460%
Minimum Δp: -99.905%
RMS Δp    : 13.484 ± 0.087 %
Same top p: 79.073 ± 0.142 %
Same sampled p: 48.145 ± 0.124 %

------------------------------
# llama-perplexity: version: 0.4.4-dev (build 11430, commit 9d76dc1da-dirty) | built with GNU 15.3.0 for Linux x86_64
# model: /home/crusaderky/.cache/huggingface/hub/models--bartowski--Ling-3.0-tiny-GGUF/snapshots/ea072726af0d2e8ba325b2f90fc0efa762105a91/Ling-3.0-tiny-Q3_K_XL.gguf size=4125490240 mtime=2026-08-22T00:02:13+00:00 sha256/1048576B=01be6a34ed40f674dcac10bc80b57d7f57954b522781a884a9194fbfb37b72dc
llama-perplexity --kl-divergence-base /tmp/logits.dat --ctx-size 32768 -f sample-data/wiki.test.head-2.4k.raw -fa on --hf-repo bartowski/Ling-3.0-tiny-GGUF:Q3_K_XL --cache-type-k q3_0 --cache-type-v q3_0 --kl-divergence
0.00.932.177 W load: special_eos_id is not in special_eog_ids - the tokenizer config may be incorrect
0.01.867.695 I cmn          init: llama threadpool init, n_threads = 16
0.01.933.118 I 
0.01.933.194 I system_info: n_threads = 16 (n_threads_batch = 16) / 32 | CUDA : ARCHS = 750,800,860,890,900,1000,1030,1200,1210 | USE_GRAPHS = 1 | FA_ALL_QUANTS = 1 | CPU : SSE3 = 1 | SSSE3 = 1 | AVX = 1 | AVX2 = 1 | F16C = 1 | FMA = 1 | BMI2 = 1 | LLAMAFILE = 1 | OPENMP = 1 | REPACK = 1 | 
0.02.025.732 I kl_divergence: computing over 5 chunks, n_ctx=32768, batch_size=512, n_seq=1
0.10.396.872 I kl_divergence: 8.37 seconds per pass - ETA 0.68 minutes

chunk             PPL               ln(PPL(Q)/PPL(base))          KL Divergence              Δp RMS            Same top p        Same sampled p
   1      24.5389 ±    0.6632       0.04875 ±    0.00708       0.21223 ±    0.00292    12.619 ±  0.198 %    80.052 ±  0.312 %    48.413 ±  0.274 %
   2      25.6085 ±    0.4969       0.06199 ±    0.00508       0.22337 ±    0.00214    12.799 ±  0.136 %    79.546 ±  0.223 %    47.672 ±  0.195 %
   3      27.2467 ±    0.4341       0.08932 ±    0.00429       0.23496 ±    0.00180    13.022 ±  0.111 %    78.907 ±  0.184 %    47.119 ±  0.159 %
   4      24.9536 ±    0.3421       0.10695 ±    0.00375       0.23930 ±    0.00162    13.347 ±  0.098 %    79.097 ±  0.159 %    48.042 ±  0.138 %
   5      24.8722 ±    0.3055       0.10162 ±    0.00339       0.24350 ±    0.00148    13.464 ±  0.087 %    79.045 ±  0.142 %    48.273 ±  0.124 %

====== Perplexity statistics ======
Mean PPL(Q)                   :  24.872227 ±   0.305473
Mean PPL(base)                :  22.468784 ±   0.276246
Cor(ln(PPL(Q)), ln(PPL(base))):  96.19%
Mean ln(PPL(Q)/PPL(base))     :   0.101625 ±   0.003390
Mean PPL(Q)/PPL(base)         :   1.106968 ±   0.003753
Mean PPL(Q)-PPL(base)         :   2.403443 ±   0.085313

====== KL divergence statistics ======
Mean    KLD:   0.243503 ±   0.001482
Maximum KLD:  16.007385
99.9%   KLD:   4.439147
99.0%   KLD:   1.982174
95.0%   KLD:   0.901397
90.0%   KLD:   0.583693
Median  KLD:   0.119187
10.0%   KLD:   0.001459
 5.0%   KLD:   0.000257
 1.0%   KLD:   0.000021
 0.1%   KLD:   0.000001
Minimum KLD:  -0.000118

====== Token probability statistics ======
Mean    Δp: -1.931 ± 0.047 %
Maximum Δp: 98.457%
99.9%   Δp: 70.738%
99.0%   Δp: 36.507%
95.0%   Δp: 13.656%
90.0%   Δp:  5.838%
75.0%   Δp:  0.251%
Median  Δp: -0.017%
25.0%   Δp: -2.027%
10.0%   Δp: -13.158%
 5.0%   Δp: -24.590%
 1.0%   Δp: -54.650%
 0.1%   Δp: -87.347%
Minimum Δp: -99.595%
RMS Δp    : 13.464 ± 0.087 %
Same top p: 79.045 ± 0.142 %
Same sampled p: 48.273 ± 0.124 %

------------------------------
# llama-perplexity: version: 0.4.4-dev (build 11430, commit 9d76dc1da-dirty) | built with GNU 15.3.0 for Linux x86_64
# model: <unresolved>
llama-perplexity --kl-divergence-base /tmp/logits.dat --ctx-size 32768 -f sample-data/wiki.test.head-2.4k.raw -fa on --hf-repo bartowski/Ling-3.0-tiny-GGUF:Q3_K_M --cache-type-k f16 --cache-type-v f16 --kl-divergence
4.42.827.501 W load: special_eos_id is not in special_eog_ids - the tokenizer config may be incorrect
4.43.684.294 I cmn          init: llama threadpool init, n_threads = 16
4.43.746.452 I 
4.43.746.520 I system_info: n_threads = 16 (n_threads_batch = 16) / 32 | CUDA : ARCHS = 750,800,860,890,900,1000,1030,1200,1210 | USE_GRAPHS = 1 | FA_ALL_QUANTS = 1 | CPU : SSE3 = 1 | SSSE3 = 1 | AVX = 1 | AVX2 = 1 | F16C = 1 | FMA = 1 | BMI2 = 1 | LLAMAFILE = 1 | OPENMP = 1 | REPACK = 1 | 
4.43.842.202 I kl_divergence: computing over 5 chunks, n_ctx=32768, batch_size=512, n_seq=1
4.52.491.967 I kl_divergence: 8.65 seconds per pass - ETA 0.72 minutes

chunk             PPL               ln(PPL(Q)/PPL(base))          KL Divergence              Δp RMS            Same top p        Same sampled p
   1      24.2669 ±    0.6648       0.03760 ±    0.00589       0.14449 ±    0.00211    10.519 ±  0.177 %    83.880 ±  0.287 %    50.274 ±  0.273 %
   2      25.2033 ±    0.4930       0.04604 ±    0.00417       0.14770 ±    0.00157    10.592 ±  0.125 %    83.513 ±  0.205 %    49.435 ±  0.194 %
   3      26.4427 ±    0.4250       0.05937 ±    0.00354       0.15643 ±    0.00134    10.734 ±  0.102 %    82.663 ±  0.171 %    49.107 ±  0.158 %
   4      24.0039 ±    0.3315       0.06815 ±    0.00309       0.15889 ±    0.00122    11.008 ±  0.091 %    82.860 ±  0.147 %    50.102 ±  0.138 %
   5      23.9001 ±    0.2959       0.06175 ±    0.00280       0.16391 ±    0.00113    11.147 ±  0.081 %    82.752 ±  0.132 %    50.356 ±  0.123 %

====== Perplexity statistics ======
Mean PPL(Q)                   :  23.900082 ±   0.295869
Mean PPL(base)                :  22.468784 ±   0.276246
Cor(ln(PPL(Q)), ln(PPL(base))):  97.42%
Mean ln(PPL(Q)/PPL(base))     :   0.061755 ±   0.002801
Mean PPL(Q)/PPL(base)         :   1.063702 ±   0.002980
Mean PPL(Q)-PPL(base)         :   1.431298 ±   0.067785

====== KL divergence statistics ======
Mean    KLD:   0.163912 ±   0.001133
Maximum KLD:  16.409777
99.9%   KLD:   3.809255
99.0%   KLD:   1.429131
95.0%   KLD:   0.613903
90.0%   KLD:   0.387919
Median  KLD:   0.073421
10.0%   KLD:   0.000678
 5.0%   KLD:   0.000117
 1.0%   KLD:   0.000008
 0.1%   KLD:  -0.000005
Minimum KLD:  -0.000133

====== Token probability statistics ======
Mean    Δp: -0.750 ± 0.039 %
Maximum Δp: 99.003%
99.9%   Δp: 70.125%
99.0%   Δp: 34.606%
95.0%   Δp: 13.064%
90.0%   Δp:  5.781%
75.0%   Δp:  0.411%
Median  Δp: -0.002%
25.0%   Δp: -1.013%
10.0%   Δp: -8.878%
 5.0%   Δp: -17.385%
 1.0%   Δp: -41.731%
 0.1%   Δp: -75.809%
Minimum Δp: -98.091%
RMS Δp    : 11.147 ± 0.081 %
Same top p: 82.752 ± 0.132 %
Same sampled p: 50.356 ± 0.123 %

# llama-perplexity: version: 0.4.4-dev (build 11430, commit 9d76dc1da-dirty) | built with GNU 15.3.0 for Linux x86_64
# model: /home/crusaderky/.cache/huggingface/hub/models--bartowski--Ling-3.0-tiny-GGUF/snapshots/ea072726af0d2e8ba325b2f90fc0efa762105a91/Ling-3.0-tiny-Q3_K_M.gguf size=3785849920 mtime=2026-08-22T17:19:47+00:00 sha256/1048576B=01be6a34ed40f674dcac10bc80b57d7f57954b522781a884a9194fbfb37b72dc
------------------------------
# llama-perplexity: version: 0.4.4-dev (build 11430, commit 9d76dc1da-dirty) | built with GNU 15.3.0 for Linux x86_64
# model: /home/crusaderky/.cache/huggingface/hub/models--bartowski--Ling-3.0-tiny-GGUF/snapshots/ea072726af0d2e8ba325b2f90fc0efa762105a91/Ling-3.0-tiny-Q3_K_M.gguf size=3785849920 mtime=2026-08-22T17:19:47+00:00 sha256/1048576B=01be6a34ed40f674dcac10bc80b57d7f57954b522781a884a9194fbfb37b72dc
llama-perplexity --kl-divergence-base /tmp/logits.dat --ctx-size 32768 -f sample-data/wiki.test.head-2.4k.raw -fa on --hf-repo bartowski/Ling-3.0-tiny-GGUF:Q3_K_M --cache-type-k q8_0 --cache-type-v q8_0 --kl-divergence
0.00.947.805 W load: special_eos_id is not in special_eog_ids - the tokenizer config may be incorrect
0.01.842.817 I cmn          init: llama threadpool init, n_threads = 16
0.01.908.725 I 
0.01.908.794 I system_info: n_threads = 16 (n_threads_batch = 16) / 32 | CUDA : ARCHS = 750,800,860,890,900,1000,1030,1200,1210 | USE_GRAPHS = 1 | FA_ALL_QUANTS = 1 | CPU : SSE3 = 1 | SSSE3 = 1 | AVX = 1 | AVX2 = 1 | F16C = 1 | FMA = 1 | BMI2 = 1 | LLAMAFILE = 1 | OPENMP = 1 | REPACK = 1 | 
0.01.999.528 I kl_divergence: computing over 5 chunks, n_ctx=32768, batch_size=512, n_seq=1
0.10.508.382 I kl_divergence: 8.51 seconds per pass - ETA 0.70 minutes

chunk             PPL               ln(PPL(Q)/PPL(base))          KL Divergence              Δp RMS            Same top p        Same sampled p
   1      24.3385 ±    0.6671       0.04055 ±    0.00591       0.14477 ±    0.00211    10.472 ±  0.177 %    84.112 ±  0.286 %    50.255 ±  0.273 %
   2      25.2676 ±    0.4951       0.04859 ±    0.00418       0.14792 ±    0.00158    10.561 ±  0.125 %    83.532 ±  0.205 %    49.459 ±  0.194 %
   3      26.4703 ±    0.4257       0.06042 ±    0.00354       0.15678 ±    0.00134    10.722 ±  0.103 %    82.588 ±  0.171 %    49.091 ±  0.158 %
   4      23.9831 ±    0.3311       0.06728 ±    0.00309       0.15904 ±    0.00122    11.004 ±  0.090 %    82.746 ±  0.148 %    50.065 ±  0.138 %
   5      23.8750 ±    0.2955       0.06071 ±    0.00280       0.16328 ±    0.00112    11.117 ±  0.081 %    82.695 ±  0.132 %    50.330 ±  0.123 %

====== Perplexity statistics ======
Mean PPL(Q)                   :  23.875035 ±   0.295495
Mean PPL(base)                :  22.468784 ±   0.276246
Cor(ln(PPL(Q)), ln(PPL(base))):  97.43%
Mean ln(PPL(Q)/PPL(base))     :   0.060706 ±   0.002796
Mean PPL(Q)/PPL(base)         :   1.062587 ±   0.002971
Mean PPL(Q)-PPL(base)         :   1.406251 ±   0.067540

====== KL divergence statistics ======
Mean    KLD:   0.163283 ±   0.001123
Maximum KLD:  16.596916
99.9%   KLD:   3.759635
99.0%   KLD:   1.433418
95.0%   KLD:   0.611206
90.0%   KLD:   0.383273
Median  KLD:   0.073369
10.0%   KLD:   0.000683
 5.0%   KLD:   0.000119
 1.0%   KLD:   0.000008
 0.1%   KLD:  -0.000004
Minimum KLD:  -0.000122

====== Token probability statistics ======
Mean    Δp: -0.756 ± 0.039 %
Maximum Δp: 98.890%
99.9%   Δp: 69.971%
99.0%   Δp: 34.348%
95.0%   Δp: 12.971%
90.0%   Δp:  5.798%
75.0%   Δp:  0.395%
Median  Δp: -0.002%
25.0%   Δp: -1.052%
10.0%   Δp: -8.899%
 5.0%   Δp: -17.300%
 1.0%   Δp: -41.643%
 0.1%   Δp: -75.732%
Minimum Δp: -98.153%
RMS Δp    : 11.117 ± 0.081 %
Same top p: 82.695 ± 0.132 %
Same sampled p: 50.330 ± 0.123 %

------------------------------
# llama-perplexity: version: 0.4.4-dev (build 11430, commit 9d76dc1da-dirty) | built with GNU 15.3.0 for Linux x86_64
# model: /home/crusaderky/.cache/huggingface/hub/models--bartowski--Ling-3.0-tiny-GGUF/snapshots/ea072726af0d2e8ba325b2f90fc0efa762105a91/Ling-3.0-tiny-Q3_K_M.gguf size=3785849920 mtime=2026-08-22T17:19:47+00:00 sha256/1048576B=01be6a34ed40f674dcac10bc80b57d7f57954b522781a884a9194fbfb37b72dc
llama-perplexity --kl-divergence-base /tmp/logits.dat --ctx-size 32768 -f sample-data/wiki.test.head-2.4k.raw -fa on --hf-repo bartowski/Ling-3.0-tiny-GGUF:Q3_K_M --cache-type-k q6_0 --cache-type-v q6_0 --kl-divergence
0.00.912.975 W load: special_eos_id is not in special_eog_ids - the tokenizer config may be incorrect
0.01.777.748 I cmn          init: llama threadpool init, n_threads = 16
0.01.842.238 I 
0.01.842.308 I system_info: n_threads = 16 (n_threads_batch = 16) / 32 | CUDA : ARCHS = 750,800,860,890,900,1000,1030,1200,1210 | USE_GRAPHS = 1 | FA_ALL_QUANTS = 1 | CPU : SSE3 = 1 | SSSE3 = 1 | AVX = 1 | AVX2 = 1 | F16C = 1 | FMA = 1 | BMI2 = 1 | LLAMAFILE = 1 | OPENMP = 1 | REPACK = 1 | 
0.01.931.089 I kl_divergence: computing over 5 chunks, n_ctx=32768, batch_size=512, n_seq=1
0.10.445.732 I kl_divergence: 8.51 seconds per pass - ETA 0.70 minutes

chunk             PPL               ln(PPL(Q)/PPL(base))          KL Divergence              Δp RMS            Same top p        Same sampled p
   1      24.3560 ±    0.6675       0.04127 ±    0.00594       0.14585 ±    0.00212    10.549 ±  0.176 %    83.727 ±  0.288 %    50.242 ±  0.273 %
   2      25.3141 ±    0.4960       0.05043 ±    0.00420       0.14875 ±    0.00156    10.606 ±  0.124 %    83.382 ±  0.206 %    49.460 ±  0.194 %
   3      26.5351 ±    0.4272       0.06286 ±    0.00355       0.15803 ±    0.00134    10.766 ±  0.103 %    82.482 ±  0.171 %    49.115 ±  0.158 %
   4      24.0622 ±    0.3327       0.07058 ±    0.00310       0.16008 ±    0.00122    11.033 ±  0.090 %    82.720 ±  0.148 %    50.105 ±  0.138 %
   5      23.9167 ±    0.2962       0.06245 ±    0.00281       0.16464 ±    0.00112    11.155 ±  0.081 %    82.671 ±  0.132 %    50.343 ±  0.123 %

====== Perplexity statistics ======
Mean PPL(Q)                   :  23.916652 ±   0.296228
Mean PPL(base)                :  22.468784 ±   0.276246
Cor(ln(PPL(Q)), ln(PPL(base))):  97.42%
Mean ln(PPL(Q)/PPL(base))     :   0.062448 ±   0.002807
Mean PPL(Q)/PPL(base)         :   1.064439 ±   0.002988
Mean PPL(Q)-PPL(base)         :   1.447867 ±   0.068034

====== KL divergence statistics ======
Mean    KLD:   0.164641 ±   0.001121
Maximum KLD:  15.155868
99.9%   KLD:   3.820649
99.0%   KLD:   1.441890
95.0%   KLD:   0.618407
90.0%   KLD:   0.390011
Median  KLD:   0.074109
10.0%   KLD:   0.000687
 5.0%   KLD:   0.000119
 1.0%   KLD:   0.000009
 0.1%   KLD:  -0.000005
Minimum KLD:  -0.000133

====== Token probability statistics ======
Mean    Δp: -0.743 ± 0.039 %
Maximum Δp: 97.796%
99.9%   Δp: 71.752%
99.0%   Δp: 34.661%
95.0%   Δp: 13.057%
90.0%   Δp:  5.845%
75.0%   Δp:  0.405%
Median  Δp: -0.002%
25.0%   Δp: -1.024%
10.0%   Δp: -8.841%
 5.0%   Δp: -17.298%
 1.0%   Δp: -41.869%
 0.1%   Δp: -75.404%
Minimum Δp: -98.963%
RMS Δp    : 11.155 ± 0.081 %
Same top p: 82.671 ± 0.132 %
Same sampled p: 50.343 ± 0.123 %

------------------------------
# llama-perplexity: version: 0.4.4-dev (build 11430, commit 9d76dc1da-dirty) | built with GNU 15.3.0 for Linux x86_64
# model: /home/crusaderky/.cache/huggingface/hub/models--bartowski--Ling-3.0-tiny-GGUF/snapshots/ea072726af0d2e8ba325b2f90fc0efa762105a91/Ling-3.0-tiny-Q3_K_M.gguf size=3785849920 mtime=2026-08-22T17:19:47+00:00 sha256/1048576B=01be6a34ed40f674dcac10bc80b57d7f57954b522781a884a9194fbfb37b72dc
llama-perplexity --kl-divergence-base /tmp/logits.dat --ctx-size 32768 -f sample-data/wiki.test.head-2.4k.raw -fa on --hf-repo bartowski/Ling-3.0-tiny-GGUF:Q3_K_M --cache-type-k q5_1 --cache-type-v q5_1 --kl-divergence
0.01.022.803 W load: special_eos_id is not in special_eog_ids - the tokenizer config may be incorrect
0.01.910.498 I cmn          init: llama threadpool init, n_threads = 16
0.01.977.722 I 
0.01.977.794 I system_info: n_threads = 16 (n_threads_batch = 16) / 32 | CUDA : ARCHS = 750,800,860,890,900,1000,1030,1200,1210 | USE_GRAPHS = 1 | FA_ALL_QUANTS = 1 | CPU : SSE3 = 1 | SSSE3 = 1 | AVX = 1 | AVX2 = 1 | F16C = 1 | FMA = 1 | BMI2 = 1 | LLAMAFILE = 1 | OPENMP = 1 | REPACK = 1 | 
0.02.068.657 I kl_divergence: computing over 5 chunks, n_ctx=32768, batch_size=512, n_seq=1
0.10.682.520 I kl_divergence: 8.61 seconds per pass - ETA 0.72 minutes

chunk             PPL               ln(PPL(Q)/PPL(base))          KL Divergence              Δp RMS            Same top p        Same sampled p
   1      24.3469 ±    0.6671       0.04089 ±    0.00597       0.14656 ±    0.00216    10.639 ±  0.179 %    83.593 ±  0.289 %    50.213 ±  0.273 %
   2      25.3727 ±    0.4976       0.05274 ±    0.00422       0.14947 ±    0.00157    10.664 ±  0.125 %    83.355 ±  0.206 %    49.459 ±  0.194 %
   3      26.5189 ±    0.4267       0.06225 ±    0.00356       0.15806 ±    0.00134    10.802 ±  0.102 %    82.580 ±  0.171 %    49.110 ±  0.158 %
   4      24.0580 ±    0.3322       0.07040 ±    0.00311       0.16043 ±    0.00122    11.080 ±  0.090 %    82.760 ±  0.148 %    50.050 ±  0.138 %
   5      23.9423 ±    0.2963       0.06352 ±    0.00281       0.16502 ±    0.00112    11.208 ±  0.081 %    82.698 ±  0.132 %    50.309 ±  0.123 %

====== Perplexity statistics ======
Mean PPL(Q)                   :  23.942262 ±   0.296341
Mean PPL(base)                :  22.468784 ±   0.276246
Cor(ln(PPL(Q)), ln(PPL(base))):  97.40%
Mean ln(PPL(Q)/PPL(base))     :   0.063518 ±   0.002815
Mean PPL(Q)/PPL(base)         :   1.065579 ±   0.003000
Mean PPL(Q)-PPL(base)         :   1.473478 ±   0.068285

====== KL divergence statistics ======
Mean    KLD:   0.165017 ±   0.001124
Maximum KLD:  15.802030
99.9%   KLD:   3.754804
99.0%   KLD:   1.447474
95.0%   KLD:   0.619590
90.0%   KLD:   0.389073
Median  KLD:   0.074558
10.0%   KLD:   0.000705
 5.0%   KLD:   0.000121
 1.0%   KLD:   0.000009
 0.1%   KLD:  -0.000003
Minimum KLD:  -0.000097

====== Token probability statistics ======
Mean    Δp: -0.790 ± 0.039 %
Maximum Δp: 99.008%
99.9%   Δp: 69.564%
99.0%   Δp: 34.673%
95.0%   Δp: 13.101%
90.0%   Δp:  5.805%
75.0%   Δp:  0.389%
Median  Δp: -0.002%
25.0%   Δp: -1.049%
10.0%   Δp: -9.058%
 5.0%   Δp: -17.651%
 1.0%   Δp: -42.271%
 0.1%   Δp: -76.633%
Minimum Δp: -98.478%
RMS Δp    : 11.208 ± 0.081 %
Same top p: 82.698 ± 0.132 %
Same sampled p: 50.309 ± 0.123 %

------------------------------
# llama-perplexity: version: 0.4.4-dev (build 11430, commit 9d76dc1da-dirty) | built with GNU 15.3.0 for Linux x86_64
# model: /home/crusaderky/.cache/huggingface/hub/models--bartowski--Ling-3.0-tiny-GGUF/snapshots/ea072726af0d2e8ba325b2f90fc0efa762105a91/Ling-3.0-tiny-Q3_K_M.gguf size=3785849920 mtime=2026-08-22T17:19:47+00:00 sha256/1048576B=01be6a34ed40f674dcac10bc80b57d7f57954b522781a884a9194fbfb37b72dc
llama-perplexity --kl-divergence-base /tmp/logits.dat --ctx-size 32768 -f sample-data/wiki.test.head-2.4k.raw -fa on --hf-repo bartowski/Ling-3.0-tiny-GGUF:Q3_K_M --cache-type-k q5_0 --cache-type-v q5_0 --kl-divergence
0.00.943.431 W load: special_eos_id is not in special_eog_ids - the tokenizer config may be incorrect
0.01.829.062 I cmn          init: llama threadpool init, n_threads = 16
0.01.899.577 I 
0.01.899.649 I system_info: n_threads = 16 (n_threads_batch = 16) / 32 | CUDA : ARCHS = 750,800,860,890,900,1000,1030,1200,1210 | USE_GRAPHS = 1 | FA_ALL_QUANTS = 1 | CPU : SSE3 = 1 | SSSE3 = 1 | AVX = 1 | AVX2 = 1 | F16C = 1 | FMA = 1 | BMI2 = 1 | LLAMAFILE = 1 | OPENMP = 1 | REPACK = 1 | 
0.01.993.117 I kl_divergence: computing over 5 chunks, n_ctx=32768, batch_size=512, n_seq=1
0.10.626.767 I kl_divergence: 8.63 seconds per pass - ETA 0.72 minutes

chunk             PPL               ln(PPL(Q)/PPL(base))          KL Divergence              Δp RMS            Same top p        Same sampled p
   1      24.2611 ±    0.6648       0.03736 ±    0.00593       0.14546 ±    0.00215    10.514 ±  0.176 %    83.916 ±  0.287 %    50.285 ±  0.273 %
   2      25.2142 ±    0.4935       0.04647 ±    0.00419       0.14900 ±    0.00158    10.601 ±  0.126 %    83.523 ±  0.205 %    49.449 ±  0.194 %
   3      26.4809 ±    0.4261       0.06082 ±    0.00356       0.15827 ±    0.00135    10.767 ±  0.103 %    82.584 ±  0.171 %    49.126 ±  0.158 %
   4      24.0140 ±    0.3319       0.06857 ±    0.00311       0.16067 ±    0.00124    11.039 ±  0.091 %    82.769 ±  0.148 %    50.111 ±  0.138 %
   5      23.8943 ±    0.2959       0.06151 ±    0.00282       0.16515 ±    0.00113    11.165 ±  0.081 %    82.664 ±  0.132 %    50.351 ±  0.123 %

====== Perplexity statistics ======
Mean PPL(Q)                   :  23.894263 ±   0.295930
Mean PPL(base)                :  22.468784 ±   0.276246
Cor(ln(PPL(Q)), ln(PPL(base))):  97.40%
Mean ln(PPL(Q)/PPL(base))     :   0.061511 ±   0.002817
Mean PPL(Q)/PPL(base)         :   1.063443 ±   0.002995
Mean PPL(Q)-PPL(base)         :   1.425479 ±   0.068136

====== KL divergence statistics ======
Mean    KLD:   0.165146 ±   0.001131
Maximum KLD:  17.304422
99.9%   KLD:   3.791848
99.0%   KLD:   1.465458
95.0%   KLD:   0.613028
90.0%   KLD:   0.388912
Median  KLD:   0.074467
10.0%   KLD:   0.000700
 5.0%   KLD:   0.000117
 1.0%   KLD:   0.000008
 0.1%   KLD:  -0.000003
Minimum KLD:  -0.000151

====== Token probability statistics ======
Mean    Δp: -0.739 ± 0.039 %
Maximum Δp: 97.916%
99.9%   Δp: 70.525%
99.0%   Δp: 34.843%
95.0%   Δp: 13.201%
90.0%   Δp:  5.874%
75.0%   Δp:  0.416%
Median  Δp: -0.002%
25.0%   Δp: -1.026%
10.0%   Δp: -8.926%
 5.0%   Δp: -17.393%
 1.0%   Δp: -41.625%
 0.1%   Δp: -76.510%
Minimum Δp: -99.367%
RMS Δp    : 11.165 ± 0.081 %
Same top p: 82.664 ± 0.132 %
Same sampled p: 50.351 ± 0.123 %

------------------------------
# llama-perplexity: version: 0.4.4-dev (build 11430, commit 9d76dc1da-dirty) | built with GNU 15.3.0 for Linux x86_64
# model: /home/crusaderky/.cache/huggingface/hub/models--bartowski--Ling-3.0-tiny-GGUF/snapshots/ea072726af0d2e8ba325b2f90fc0efa762105a91/Ling-3.0-tiny-Q3_K_M.gguf size=3785849920 mtime=2026-08-22T17:19:47+00:00 sha256/1048576B=01be6a34ed40f674dcac10bc80b57d7f57954b522781a884a9194fbfb37b72dc
llama-perplexity --kl-divergence-base /tmp/logits.dat --ctx-size 32768 -f sample-data/wiki.test.head-2.4k.raw -fa on --hf-repo bartowski/Ling-3.0-tiny-GGUF:Q3_K_M --cache-type-k q4_1 --cache-type-v q4_1 --kl-divergence
0.00.967.205 W load: special_eos_id is not in special_eog_ids - the tokenizer config may be incorrect
0.01.847.331 I cmn          init: llama threadpool init, n_threads = 16
0.01.915.415 I 
0.01.915.483 I system_info: n_threads = 16 (n_threads_batch = 16) / 32 | CUDA : ARCHS = 750,800,860,890,900,1000,1030,1200,1210 | USE_GRAPHS = 1 | FA_ALL_QUANTS = 1 | CPU : SSE3 = 1 | SSSE3 = 1 | AVX = 1 | AVX2 = 1 | F16C = 1 | FMA = 1 | BMI2 = 1 | LLAMAFILE = 1 | OPENMP = 1 | REPACK = 1 | 
0.02.008.516 I kl_divergence: computing over 5 chunks, n_ctx=32768, batch_size=512, n_seq=1
0.10.675.109 I kl_divergence: 8.67 seconds per pass - ETA 0.72 minutes

chunk             PPL               ln(PPL(Q)/PPL(base))          KL Divergence              Δp RMS            Same top p        Same sampled p
   1      24.2754 ±    0.6669       0.03795 ±    0.00602       0.15127 ±    0.00218    10.705 ±  0.180 %    83.288 ±  0.291 %    50.299 ±  0.273 %
   2      25.3112 ±    0.4970       0.05031 ±    0.00426       0.15406 ±    0.00162    10.717 ±  0.125 %    83.089 ±  0.207 %    49.502 ±  0.194 %
   3      26.5223 ±    0.4268       0.06238 ±    0.00359       0.16203 ±    0.00137    10.869 ±  0.103 %    82.254 ±  0.172 %    49.065 ±  0.158 %
   4      24.1004 ±    0.3331       0.07216 ±    0.00315       0.16539 ±    0.00125    11.218 ±  0.091 %    82.402 ±  0.149 %    50.013 ±  0.138 %
   5      23.9053 ±    0.2960       0.06197 ±    0.00285       0.16985 ±    0.00115    11.323 ±  0.082 %    82.354 ±  0.133 %    50.278 ±  0.123 %

====== Perplexity statistics ======
Mean PPL(Q)                   :  23.905320 ±   0.296018
Mean PPL(base)                :  22.468784 ±   0.276246
Cor(ln(PPL(Q)), ln(PPL(base))):  97.33%
Mean ln(PPL(Q)/PPL(base))     :   0.061974 ±   0.002851
Mean PPL(Q)/PPL(base)         :   1.063935 ±   0.003033
Mean PPL(Q)-PPL(base)         :   1.436536 ±   0.068933

====== KL divergence statistics ======
Mean    KLD:   0.169854 ±   0.001153
Maximum KLD:  15.914355
99.9%   KLD:   3.733258
99.0%   KLD:   1.514388
95.0%   KLD:   0.636716
90.0%   KLD:   0.401047
Median  KLD:   0.076357
10.0%   KLD:   0.000719
 5.0%   KLD:   0.000125
 1.0%   KLD:   0.000009
 0.1%   KLD:  -0.000004
Minimum KLD:  -0.000057

====== Token probability statistics ======
Mean    Δp: -0.744 ± 0.039 %
Maximum Δp: 98.240%
99.9%   Δp: 72.617%
99.0%   Δp: 35.155%
95.0%   Δp: 13.256%
90.0%   Δp:  6.012%
75.0%   Δp:  0.414%
Median  Δp: -0.002%
25.0%   Δp: -1.032%
10.0%   Δp: -9.036%
 5.0%   Δp: -17.674%
 1.0%   Δp: -42.570%
 0.1%   Δp: -76.474%
Minimum Δp: -98.211%
RMS Δp    : 11.323 ± 0.082 %
Same top p: 82.354 ± 0.133 %
Same sampled p: 50.278 ± 0.123 %

------------------------------
# llama-perplexity: version: 0.4.4-dev (build 11430, commit 9d76dc1da-dirty) | built with GNU 15.3.0 for Linux x86_64
# model: /home/crusaderky/.cache/huggingface/hub/models--bartowski--Ling-3.0-tiny-GGUF/snapshots/ea072726af0d2e8ba325b2f90fc0efa762105a91/Ling-3.0-tiny-Q3_K_M.gguf size=3785849920 mtime=2026-08-22T17:19:47+00:00 sha256/1048576B=01be6a34ed40f674dcac10bc80b57d7f57954b522781a884a9194fbfb37b72dc
llama-perplexity --kl-divergence-base /tmp/logits.dat --ctx-size 32768 -f sample-data/wiki.test.head-2.4k.raw -fa on --hf-repo bartowski/Ling-3.0-tiny-GGUF:Q3_K_M --cache-type-k q4_0 --cache-type-v q4_0 --kl-divergence
0.00.944.442 W load: special_eos_id is not in special_eog_ids - the tokenizer config may be incorrect
0.01.821.608 I cmn          init: llama threadpool init, n_threads = 16
0.01.886.981 I 
0.01.887.056 I system_info: n_threads = 16 (n_threads_batch = 16) / 32 | CUDA : ARCHS = 750,800,860,890,900,1000,1030,1200,1210 | USE_GRAPHS = 1 | FA_ALL_QUANTS = 1 | CPU : SSE3 = 1 | SSSE3 = 1 | AVX = 1 | AVX2 = 1 | F16C = 1 | FMA = 1 | BMI2 = 1 | LLAMAFILE = 1 | OPENMP = 1 | REPACK = 1 | 
0.01.977.290 I kl_divergence: computing over 5 chunks, n_ctx=32768, batch_size=512, n_seq=1
0.10.502.796 I kl_divergence: 8.53 seconds per pass - ETA 0.70 minutes

chunk             PPL               ln(PPL(Q)/PPL(base))          KL Divergence              Δp RMS            Same top p        Same sampled p
   1      24.4767 ±    0.6723       0.04621 ±    0.00617       0.15571 ±    0.00230    10.942 ±  0.183 %    83.440 ±  0.290 %    50.184 ±  0.273 %
   2      25.4904 ±    0.5002       0.05737 ±    0.00432       0.15716 ±    0.00167    10.967 ±  0.129 %    83.001 ±  0.208 %    49.349 ±  0.194 %
   3      26.6153 ±    0.4281       0.06588 ±    0.00366       0.16531 ±    0.00142    11.073 ±  0.105 %    82.169 ±  0.173 %    48.946 ±  0.158 %
   4      24.1599 ±    0.3336       0.07463 ±    0.00319       0.16685 ±    0.00128    11.276 ±  0.092 %    82.358 ±  0.149 %    49.910 ±  0.138 %
   5      24.0285 ±    0.2975       0.06711 ±    0.00288       0.17196 ±    0.00117    11.430 ±  0.082 %    82.240 ±  0.134 %    50.178 ±  0.123 %

====== Perplexity statistics ======
Mean PPL(Q)                   :  24.028490 ±   0.297481
Mean PPL(base)                :  22.468784 ±   0.276246
Cor(ln(PPL(Q)), ln(PPL(base))):  97.28%
Mean ln(PPL(Q)/PPL(base))     :   0.067113 ±   0.002878
Mean PPL(Q)/PPL(base)         :   1.069417 ±   0.003077
Mean PPL(Q)-PPL(base)         :   1.559706 ±   0.070124

====== KL divergence statistics ======
Mean    KLD:   0.171955 ±   0.001175
Maximum KLD:  16.401308
99.9%   KLD:   3.800126
99.0%   KLD:   1.523762
95.0%   KLD:   0.645493
90.0%   KLD:   0.407311
Median  KLD:   0.077031
10.0%   KLD:   0.000732
 5.0%   KLD:   0.000127
 1.0%   KLD:   0.000008
 0.1%   KLD:  -0.000003
Minimum KLD:  -0.000061

====== Token probability statistics ======
Mean    Δp: -0.845 ± 0.040 %
Maximum Δp: 99.593%
99.9%   Δp: 72.585%
99.0%   Δp: 34.870%
95.0%   Δp: 13.334%
90.0%   Δp:  5.759%
75.0%   Δp:  0.405%
Median  Δp: -0.002%
25.0%   Δp: -1.079%
10.0%   Δp: -9.297%
 5.0%   Δp: -18.067%
 1.0%   Δp: -43.122%
 0.1%   Δp: -76.828%
Minimum Δp: -98.082%
RMS Δp    : 11.430 ± 0.082 %
Same top p: 82.240 ± 0.134 %
Same sampled p: 50.178 ± 0.123 %

------------------------------
# llama-perplexity: version: 0.4.4-dev (build 11430, commit 9d76dc1da-dirty) | built with GNU 15.3.0 for Linux x86_64
# model: /home/crusaderky/.cache/huggingface/hub/models--bartowski--Ling-3.0-tiny-GGUF/snapshots/ea072726af0d2e8ba325b2f90fc0efa762105a91/Ling-3.0-tiny-Q3_K_M.gguf size=3785849920 mtime=2026-08-22T17:19:47+00:00 sha256/1048576B=01be6a34ed40f674dcac10bc80b57d7f57954b522781a884a9194fbfb37b72dc
llama-perplexity --kl-divergence-base /tmp/logits.dat --ctx-size 32768 -f sample-data/wiki.test.head-2.4k.raw -fa on --hf-repo bartowski/Ling-3.0-tiny-GGUF:Q3_K_M --cache-type-k q3_1 --cache-type-v q3_1 --kl-divergence
0.00.940.633 W load: special_eos_id is not in special_eog_ids - the tokenizer config may be incorrect
0.01.813.474 I cmn          init: llama threadpool init, n_threads = 16
0.01.876.867 I 
0.01.876.941 I system_info: n_threads = 16 (n_threads_batch = 16) / 32 | CUDA : ARCHS = 750,800,860,890,900,1000,1030,1200,1210 | USE_GRAPHS = 1 | FA_ALL_QUANTS = 1 | CPU : SSE3 = 1 | SSSE3 = 1 | AVX = 1 | AVX2 = 1 | F16C = 1 | FMA = 1 | BMI2 = 1 | LLAMAFILE = 1 | OPENMP = 1 | REPACK = 1 | 
0.01.965.387 I kl_divergence: computing over 5 chunks, n_ctx=32768, batch_size=512, n_seq=1
0.10.449.515 I kl_divergence: 8.48 seconds per pass - ETA 0.70 minutes

chunk             PPL               ln(PPL(Q)/PPL(base))          KL Divergence              Δp RMS            Same top p        Same sampled p
   1      24.5053 ±    0.6690       0.04737 ±    0.00651       0.17344 ±    0.00251    11.673 ±  0.186 %    82.042 ±  0.300 %    49.528 ±  0.274 %
   2      25.4394 ±    0.4964       0.05536 ±    0.00457       0.17542 ±    0.00181    11.603 ±  0.131 %    81.929 ±  0.213 %    48.783 ±  0.194 %
   3      26.8429 ±    0.4301       0.07439 ±    0.00386       0.18494 ±    0.00154    11.768 ±  0.108 %    81.117 ±  0.177 %    48.353 ±  0.158 %
   4      24.2551 ±    0.3336       0.07856 ±    0.00334       0.18616 ±    0.00140    11.955 ±  0.094 %    81.461 ±  0.152 %    49.377 ±  0.138 %
   5      23.9598 ±    0.2953       0.06425 ±    0.00302       0.19056 ±    0.00129    12.026 ±  0.084 %    81.481 ±  0.136 %    49.701 ±  0.123 %

====== Perplexity statistics ======
Mean PPL(Q)                   :  23.959807 ±   0.295277
Mean PPL(base)                :  22.468784 ±   0.276246
Cor(ln(PPL(Q)), ln(PPL(base))):  96.99%
Mean ln(PPL(Q)/PPL(base))     :   0.064251 ±   0.003018
Mean PPL(Q)/PPL(base)         :   1.066360 ±   0.003218
Mean PPL(Q)-PPL(base)         :   1.491023 ±   0.072562

====== KL divergence statistics ======
Mean    KLD:   0.190563 ±   0.001288
Maximum KLD:  17.635115
99.9%   KLD:   4.165702
99.0%   KLD:   1.679563
95.0%   KLD:   0.708138
90.0%   KLD:   0.451368
Median  KLD:   0.086446
10.0%   KLD:   0.000913
 5.0%   KLD:   0.000159
 1.0%   KLD:   0.000012
 0.1%   KLD:  -0.000002
Minimum KLD:  -0.000081

====== Token probability statistics ======
Mean    Δp: -1.066 ± 0.042 %
Maximum Δp: 99.162%
99.9%   Δp: 71.961%
99.0%   Δp: 36.883%
95.0%   Δp: 13.612%
90.0%   Δp:  5.903%
75.0%   Δp:  0.365%
Median  Δp: -0.004%
25.0%   Δp: -1.302%
10.0%   Δp: -10.172%
 5.0%   Δp: -19.481%
 1.0%   Δp: -46.656%
 0.1%   Δp: -79.915%
Minimum Δp: -98.452%
RMS Δp    : 12.026 ± 0.084 %
Same top p: 81.481 ± 0.136 %
Same sampled p: 49.701 ± 0.123 %

------------------------------
# llama-perplexity: version: 0.4.4-dev (build 11430, commit 9d76dc1da-dirty) | built with GNU 15.3.0 for Linux x86_64
# model: /home/crusaderky/.cache/huggingface/hub/models--bartowski--Ling-3.0-tiny-GGUF/snapshots/ea072726af0d2e8ba325b2f90fc0efa762105a91/Ling-3.0-tiny-Q3_K_M.gguf size=3785849920 mtime=2026-08-22T17:19:47+00:00 sha256/1048576B=01be6a34ed40f674dcac10bc80b57d7f57954b522781a884a9194fbfb37b72dc
llama-perplexity --kl-divergence-base /tmp/logits.dat --ctx-size 32768 -f sample-data/wiki.test.head-2.4k.raw -fa on --hf-repo bartowski/Ling-3.0-tiny-GGUF:Q3_K_M --cache-type-k q3_0 --cache-type-v q3_0 --kl-divergence
0.00.935.312 W load: special_eos_id is not in special_eog_ids - the tokenizer config may be incorrect
0.01.869.988 I cmn          init: llama threadpool init, n_threads = 16
0.01.938.068 I 
0.01.938.156 I system_info: n_threads = 16 (n_threads_batch = 16) / 32 | CUDA : ARCHS = 750,800,860,890,900,1000,1030,1200,1210 | USE_GRAPHS = 1 | FA_ALL_QUANTS = 1 | CPU : SSE3 = 1 | SSSE3 = 1 | AVX = 1 | AVX2 = 1 | F16C = 1 | FMA = 1 | BMI2 = 1 | LLAMAFILE = 1 | OPENMP = 1 | REPACK = 1 | 
0.02.032.097 I kl_divergence: computing over 5 chunks, n_ctx=32768, batch_size=512, n_seq=1
0.10.600.837 I kl_divergence: 8.57 seconds per pass - ETA 0.70 minutes

chunk             PPL               ln(PPL(Q)/PPL(base))          KL Divergence              Δp RMS            Same top p        Same sampled p
   1      24.8159 ±    0.6794       0.05997 ±    0.00645       0.17648 ±    0.00259    11.779 ±  0.189 %    82.036 ±  0.300 %    49.463 ±  0.274 %
   2      25.7522 ±    0.5047       0.06758 ±    0.00455       0.17820 ±    0.00187    11.694 ±  0.133 %    81.887 ±  0.213 %    48.859 ±  0.194 %
   3      27.3454 ±    0.4414       0.09294 ±    0.00386       0.18740 ±    0.00156    11.826 ±  0.108 %    81.139 ±  0.176 %    48.524 ±  0.158 %
   4      24.7256 ±    0.3427       0.09777 ±    0.00337       0.18980 ±    0.00142    12.080 ±  0.095 %    81.304 ±  0.152 %    49.501 ±  0.138 %
   5      24.5469 ±    0.3050       0.08846 ±    0.00305       0.19471 ±    0.00130    12.178 ±  0.085 %    81.246 ±  0.136 %    49.801 ±  0.123 %

====== Perplexity statistics ======
Mean PPL(Q)                   :  24.546866 ±   0.304990
Mean PPL(base)                :  22.468784 ±   0.276246
Cor(ln(PPL(Q)), ln(PPL(base))):  96.97%
Mean ln(PPL(Q)/PPL(base))     :   0.088457 ±   0.003046
Mean PPL(Q)/PPL(base)         :   1.092487 ±   0.003328
Mean PPL(Q)-PPL(base)         :   2.078081 ±   0.077032

====== KL divergence statistics ======
Mean    KLD:   0.194712 ±   0.001305
Maximum KLD:  17.654854
99.9%   KLD:   4.153689
99.0%   KLD:   1.725205
95.0%   KLD:   0.737297
90.0%   KLD:   0.460528
Median  KLD:   0.087364
10.0%   KLD:   0.000883
 5.0%   KLD:   0.000151
 1.0%   KLD:   0.000011
 0.1%   KLD:  -0.000002
Minimum KLD:  -0.000094

====== Token probability statistics ======
Mean    Δp: -1.063 ± 0.042 %
Maximum Δp: 97.131%
99.9%   Δp: 72.047%
99.0%   Δp: 36.617%
95.0%   Δp: 13.730%
90.0%   Δp:  6.161%
75.0%   Δp:  0.374%
Median  Δp: -0.004%
25.0%   Δp: -1.250%
10.0%   Δp: -10.144%
 5.0%   Δp: -19.767%
 1.0%   Δp: -47.919%
 0.1%   Δp: -81.731%
Minimum Δp: -98.494%
RMS Δp    : 12.178 ± 0.085 %
Same top p: 81.246 ± 0.136 %
Same sampled p: 49.801 ± 0.123 %

------------------------------
# llama-perplexity: version: 0.4.4-dev (build 11430, commit 9d76dc1da-dirty) | built with GNU 15.3.0 for Linux x86_64
# model: <unresolved>
llama-perplexity --kl-divergence-base /tmp/logits.dat --ctx-size 32768 -f sample-data/wiki.test.head-2.4k.raw -fa on --hf-repo bartowski/Ling-3.0-tiny-GGUF:Q3_K_S --cache-type-k f16 --cache-type-v f16 --kl-divergence
5.41.608.091 W load: special_eos_id is not in special_eog_ids - the tokenizer config may be incorrect
5.42.463.808 I cmn          init: llama threadpool init, n_threads = 16
5.42.528.365 I 
5.42.528.438 I system_info: n_threads = 16 (n_threads_batch = 16) / 32 | CUDA : ARCHS = 750,800,860,890,900,1000,1030,1200,1210 | USE_GRAPHS = 1 | FA_ALL_QUANTS = 1 | CPU : SSE3 = 1 | SSSE3 = 1 | AVX = 1 | AVX2 = 1 | F16C = 1 | FMA = 1 | BMI2 = 1 | LLAMAFILE = 1 | OPENMP = 1 | REPACK = 1 | 
5.42.651.101 I kl_divergence: computing over 5 chunks, n_ctx=32768, batch_size=512, n_seq=1
5.51.200.130 I kl_divergence: 8.55 seconds per pass - ETA 0.70 minutes

chunk             PPL               ln(PPL(Q)/PPL(base))          KL Divergence              Δp RMS            Same top p        Same sampled p
   1      23.8404 ±    0.6483       0.01987 ±    0.00606       0.15442 ±    0.00229    10.780 ±  0.181 %    83.477 ±  0.290 %    49.946 ±  0.273 %
   2      24.8398 ±    0.4835       0.03151 ±    0.00429       0.15727 ±    0.00170    10.900 ±  0.129 %    83.150 ±  0.207 %    49.196 ±  0.194 %
   3      25.9737 ±    0.4149       0.04148 ±    0.00362       0.16580 ±    0.00143    11.023 ±  0.105 %    82.317 ±  0.172 %    48.810 ±  0.158 %
   4      23.7091 ±    0.3256       0.05579 ±    0.00318       0.16956 ±    0.00131    11.327 ±  0.092 %    82.373 ±  0.149 %    49.801 ±  0.138 %
   5      23.6741 ±    0.2915       0.05226 ±    0.00287       0.17351 ±    0.00119    11.422 ±  0.082 %    82.388 ±  0.133 %    50.049 ±  0.123 %

====== Perplexity statistics ======
Mean PPL(Q)                   :  23.674144 ±   0.291542
Mean PPL(base)                :  22.468784 ±   0.276246
Cor(ln(PPL(Q)), ln(PPL(base))):  97.27%
Mean ln(PPL(Q)/PPL(base))     :   0.052256 ±   0.002873
Mean PPL(Q)/PPL(base)         :   1.053646 ±   0.003027
Mean PPL(Q)-PPL(base)         :   1.205359 ±   0.067996

====== KL divergence statistics ======
Mean    KLD:   0.173506 ±   0.001190
Maximum KLD:  16.811018
99.9%   KLD:   3.849768
99.0%   KLD:   1.566962
95.0%   KLD:   0.644068
90.0%   KLD:   0.408859
Median  KLD:   0.078173
10.0%   KLD:   0.000757
 5.0%   KLD:   0.000144
 1.0%   KLD:   0.000011
 0.1%   KLD:  -0.000002
Minimum KLD:  -0.000083

====== Token probability statistics ======
Mean    Δp: -0.842 ± 0.040 %
Maximum Δp: 98.757%
99.9%   Δp: 72.919%
99.0%   Δp: 34.896%
95.0%   Δp: 13.245%
90.0%   Δp:  5.874%
75.0%   Δp:  0.395%
Median  Δp: -0.003%
25.0%   Δp: -1.103%
10.0%   Δp: -9.444%
 5.0%   Δp: -17.901%
 1.0%   Δp: -43.156%
 0.1%   Δp: -77.348%
Minimum Δp: -98.616%
RMS Δp    : 11.422 ± 0.082 %
Same top p: 82.388 ± 0.133 %
Same sampled p: 50.049 ± 0.123 %

# llama-perplexity: version: 0.4.4-dev (build 11430, commit 9d76dc1da-dirty) | built with GNU 15.3.0 for Linux x86_64
# model: /home/crusaderky/.cache/huggingface/hub/models--bartowski--Ling-3.0-tiny-GGUF/snapshots/ea072726af0d2e8ba325b2f90fc0efa762105a91/Ling-3.0-tiny-Q3_K_S.gguf size=3636962368 mtime=2026-08-22T17:32:05+00:00 sha256/1048576B=01be6a34ed40f674dcac10bc80b57d7f57954b522781a884a9194fbfb37b72dc
------------------------------
# llama-perplexity: version: 0.4.4-dev (build 11430, commit 9d76dc1da-dirty) | built with GNU 15.3.0 for Linux x86_64
# model: /home/crusaderky/.cache/huggingface/hub/models--bartowski--Ling-3.0-tiny-GGUF/snapshots/ea072726af0d2e8ba325b2f90fc0efa762105a91/Ling-3.0-tiny-Q3_K_S.gguf size=3636962368 mtime=2026-08-22T17:32:05+00:00 sha256/1048576B=01be6a34ed40f674dcac10bc80b57d7f57954b522781a884a9194fbfb37b72dc
llama-perplexity --kl-divergence-base /tmp/logits.dat --ctx-size 32768 -f sample-data/wiki.test.head-2.4k.raw -fa on --hf-repo bartowski/Ling-3.0-tiny-GGUF:Q3_K_S --cache-type-k q8_0 --cache-type-v q8_0 --kl-divergence
0.00.941.987 W load: special_eos_id is not in special_eog_ids - the tokenizer config may be incorrect
0.01.939.036 I cmn          init: llama threadpool init, n_threads = 16
0.02.002.365 I 
0.02.002.432 I system_info: n_threads = 16 (n_threads_batch = 16) / 32 | CUDA : ARCHS = 750,800,860,890,900,1000,1030,1200,1210 | USE_GRAPHS = 1 | FA_ALL_QUANTS = 1 | CPU : SSE3 = 1 | SSSE3 = 1 | AVX = 1 | AVX2 = 1 | F16C = 1 | FMA = 1 | BMI2 = 1 | LLAMAFILE = 1 | OPENMP = 1 | REPACK = 1 | 
0.02.088.923 I kl_divergence: computing over 5 chunks, n_ctx=32768, batch_size=512, n_seq=1
0.10.497.300 I kl_divergence: 8.41 seconds per pass - ETA 0.70 minutes

chunk             PPL               ln(PPL(Q)/PPL(base))          KL Divergence              Δp RMS            Same top p        Same sampled p
   1      23.9230 ±    0.6509       0.02333 ±    0.00609       0.15453 ±    0.00228    10.797 ±  0.182 %    83.483 ±  0.290 %    49.946 ±  0.273 %
   2      24.9589 ±    0.4867       0.03629 ±    0.00432       0.15717 ±    0.00167    10.897 ±  0.129 %    83.086 ±  0.207 %    49.244 ±  0.194 %
   3      26.0489 ±    0.4167       0.04437 ±    0.00364       0.16575 ±    0.00141    11.031 ±  0.106 %    82.228 ±  0.172 %    48.852 ±  0.158 %
   4      23.7568 ±    0.3267       0.05780 ±    0.00319       0.16933 ±    0.00129    11.336 ±  0.093 %    82.332 ±  0.149 %    49.831 ±  0.138 %
   5      23.6844 ±    0.2919       0.05269 ±    0.00288       0.17327 ±    0.00117    11.436 ±  0.082 %    82.328 ±  0.133 %    50.066 ±  0.123 %

====== Perplexity statistics ======
Mean PPL(Q)                   :  23.684390 ±   0.291902
Mean PPL(base)                :  22.468784 ±   0.276246
Cor(ln(PPL(Q)), ln(PPL(base))):  97.26%
Mean ln(PPL(Q)/PPL(base))     :   0.052689 ±   0.002881
Mean PPL(Q)/PPL(base)         :   1.054102 ±   0.003037
Mean PPL(Q)-PPL(base)         :   1.215606 ±   0.068271

====== KL divergence statistics ======
Mean    KLD:   0.173265 ±   0.001173
Maximum KLD:  16.296185
99.9%   KLD:   3.802401
99.0%   KLD:   1.552143
95.0%   KLD:   0.650667
90.0%   KLD:   0.410779
Median  KLD:   0.078163
10.0%   KLD:   0.000755
 5.0%   KLD:   0.000137
 1.0%   KLD:   0.000011
 0.1%   KLD:  -0.000001
Minimum KLD:  -0.000079

====== Token probability statistics ======
Mean    Δp: -0.832 ± 0.040 %
Maximum Δp: 99.238%
99.9%   Δp: 71.937%
99.0%   Δp: 35.175%
95.0%   Δp: 13.331%
90.0%   Δp:  5.911%
75.0%   Δp:  0.402%
Median  Δp: -0.002%
25.0%   Δp: -1.095%
10.0%   Δp: -9.415%
 5.0%   Δp: -17.933%
 1.0%   Δp: -43.170%
 0.1%   Δp: -78.322%
Minimum Δp: -98.512%
RMS Δp    : 11.436 ± 0.082 %
Same top p: 82.328 ± 0.133 %
Same sampled p: 50.066 ± 0.123 %

------------------------------
# llama-perplexity: version: 0.4.4-dev (build 11430, commit 9d76dc1da-dirty) | built with GNU 15.3.0 for Linux x86_64
# model: /home/crusaderky/.cache/huggingface/hub/models--bartowski--Ling-3.0-tiny-GGUF/snapshots/ea072726af0d2e8ba325b2f90fc0efa762105a91/Ling-3.0-tiny-Q3_K_S.gguf size=3636962368 mtime=2026-08-22T17:32:05+00:00 sha256/1048576B=01be6a34ed40f674dcac10bc80b57d7f57954b522781a884a9194fbfb37b72dc
llama-perplexity --kl-divergence-base /tmp/logits.dat --ctx-size 32768 -f sample-data/wiki.test.head-2.4k.raw -fa on --hf-repo bartowski/Ling-3.0-tiny-GGUF:Q3_K_S --cache-type-k q6_0 --cache-type-v q6_0 --kl-divergence
0.00.907.827 W load: special_eos_id is not in special_eog_ids - the tokenizer config may be incorrect
0.01.738.327 I cmn          init: llama threadpool init, n_threads = 16
0.01.803.809 I 
0.01.803.881 I system_info: n_threads = 16 (n_threads_batch = 16) / 32 | CUDA : ARCHS = 750,800,860,890,900,1000,1030,1200,1210 | USE_GRAPHS = 1 | FA_ALL_QUANTS = 1 | CPU : SSE3 = 1 | SSSE3 = 1 | AVX = 1 | AVX2 = 1 | F16C = 1 | FMA = 1 | BMI2 = 1 | LLAMAFILE = 1 | OPENMP = 1 | REPACK = 1 | 
0.01.894.585 I kl_divergence: computing over 5 chunks, n_ctx=32768, batch_size=512, n_seq=1
0.10.451.404 I kl_divergence: 8.56 seconds per pass - ETA 0.70 minutes

chunk             PPL               ln(PPL(Q)/PPL(base))          KL Divergence              Δp RMS            Same top p        Same sampled p
   1      23.9663 ±    0.6518       0.02514 ±    0.00606       0.15438 ±    0.00225    10.757 ±  0.180 %    83.397 ±  0.291 %    49.884 ±  0.273 %
   2      24.8495 ±    0.4837       0.03190 ±    0.00429       0.15698 ±    0.00168    10.906 ±  0.129 %    83.071 ±  0.207 %    49.187 ±  0.194 %
   3      25.9277 ±    0.4141       0.03970 ±    0.00362       0.16554 ±    0.00142    11.028 ±  0.105 %    82.236 ±  0.172 %    48.811 ±  0.158 %
   4      23.6246 ±    0.3244       0.05223 ±    0.00318       0.16922 ±    0.00130    11.325 ±  0.092 %    82.346 ±  0.149 %    49.821 ±  0.138 %
   5      23.5814 ±    0.2903       0.04833 ±    0.00287       0.17331 ±    0.00118    11.417 ±  0.082 %    82.333 ±  0.133 %    50.060 ±  0.123 %

====== Perplexity statistics ======
Mean PPL(Q)                   :  23.581384 ±   0.290337
Mean PPL(base)                :  22.468784 ±   0.276246
Cor(ln(PPL(Q)), ln(PPL(base))):  97.27%
Mean ln(PPL(Q)/PPL(base))     :   0.048331 ±   0.002874
Mean PPL(Q)/PPL(base)         :   1.049518 ±   0.003017
Mean PPL(Q)-PPL(base)         :   1.112600 ±   0.067643

====== KL divergence statistics ======
Mean    KLD:   0.173312 ±   0.001177
Maximum KLD:  16.591312
99.9%   KLD:   3.881778
99.0%   KLD:   1.558075
95.0%   KLD:   0.646443
90.0%   KLD:   0.408661
Median  KLD:   0.079020
10.0%   KLD:   0.000771
 5.0%   KLD:   0.000141
 1.0%   KLD:   0.000011
 0.1%   KLD:  -0.000001
Minimum KLD:  -0.000089

====== Token probability statistics ======
Mean    Δp: -0.799 ± 0.040 %
Maximum Δp: 97.925%
99.9%   Δp: 72.776%
99.0%   Δp: 35.636%
95.0%   Δp: 13.353%
90.0%   Δp:  5.991%
75.0%   Δp:  0.412%
Median  Δp: -0.002%
25.0%   Δp: -1.073%
10.0%   Δp: -9.443%
 5.0%   Δp: -17.870%
 1.0%   Δp: -42.947%
 0.1%   Δp: -77.130%
Minimum Δp: -98.868%
RMS Δp    : 11.417 ± 0.082 %
Same top p: 82.333 ± 0.133 %
Same sampled p: 50.060 ± 0.123 %

------------------------------
# llama-perplexity: version: 0.4.4-dev (build 11430, commit 9d76dc1da-dirty) | built with GNU 15.3.0 for Linux x86_64
# model: /home/crusaderky/.cache/huggingface/hub/models--bartowski--Ling-3.0-tiny-GGUF/snapshots/ea072726af0d2e8ba325b2f90fc0efa762105a91/Ling-3.0-tiny-Q3_K_S.gguf size=3636962368 mtime=2026-08-22T17:32:05+00:00 sha256/1048576B=01be6a34ed40f674dcac10bc80b57d7f57954b522781a884a9194fbfb37b72dc
llama-perplexity --kl-divergence-base /tmp/logits.dat --ctx-size 32768 -f sample-data/wiki.test.head-2.4k.raw -fa on --hf-repo bartowski/Ling-3.0-tiny-GGUF:Q3_K_S --cache-type-k q5_1 --cache-type-v q5_1 --kl-divergence
0.00.934.676 W load: special_eos_id is not in special_eog_ids - the tokenizer config may be incorrect
0.01.788.449 I cmn          init: llama threadpool init, n_threads = 16
0.01.858.256 I 
0.01.858.330 I system_info: n_threads = 16 (n_threads_batch = 16) / 32 | CUDA : ARCHS = 750,800,860,890,900,1000,1030,1200,1210 | USE_GRAPHS = 1 | FA_ALL_QUANTS = 1 | CPU : SSE3 = 1 | SSSE3 = 1 | AVX = 1 | AVX2 = 1 | F16C = 1 | FMA = 1 | BMI2 = 1 | LLAMAFILE = 1 | OPENMP = 1 | REPACK = 1 | 
0.01.953.259 I kl_divergence: computing over 5 chunks, n_ctx=32768, batch_size=512, n_seq=1
0.10.480.787 I kl_divergence: 8.53 seconds per pass - ETA 0.70 minutes

chunk             PPL               ln(PPL(Q)/PPL(base))          KL Divergence              Δp RMS            Same top p        Same sampled p
   1      23.8119 ±    0.6470       0.01867 ±    0.00612       0.15616 ±    0.00224    10.838 ±  0.181 %    83.141 ±  0.293 %    49.854 ±  0.273 %
   2      24.9498 ±    0.4861       0.03593 ±    0.00434       0.15890 ±    0.00167    10.969 ±  0.131 %    82.894 ±  0.208 %    49.162 ±  0.194 %
   3      26.0347 ±    0.4162       0.04382 ±    0.00366       0.16746 ±    0.00141    11.088 ±  0.106 %    82.069 ±  0.173 %    48.789 ±  0.158 %
   4      23.6849 ±    0.3254       0.05477 ±    0.00320       0.17054 ±    0.00129    11.369 ±  0.093 %    82.225 ±  0.149 %    49.785 ±  0.138 %
   5      23.6323 ±    0.2912       0.05049 ±    0.00289       0.17461 ±    0.00118    11.464 ±  0.082 %    82.230 ±  0.134 %    50.046 ±  0.123 %

====== Perplexity statistics ======
Mean PPL(Q)                   :  23.632281 ±   0.291174
Mean PPL(base)                :  22.468784 ±   0.276246
Cor(ln(PPL(Q)), ln(PPL(base))):  97.24%
Mean ln(PPL(Q)/PPL(base))     :   0.050487 ±   0.002891
Mean PPL(Q)/PPL(base)         :   1.051783 ±   0.003040
Mean PPL(Q)-PPL(base)         :   1.163497 ±   0.068260

====== KL divergence statistics ======
Mean    KLD:   0.174611 ±   0.001177
Maximum KLD:  16.389389
99.9%   KLD:   3.716719
99.0%   KLD:   1.568821
95.0%   KLD:   0.649965
90.0%   KLD:   0.413204
Median  KLD:   0.078904
10.0%   KLD:   0.000772
 5.0%   KLD:   0.000141
 1.0%   KLD:   0.000011
 0.1%   KLD:  -0.000001
Minimum KLD:  -0.000093

====== Token probability statistics ======
Mean    Δp: -0.810 ± 0.040 %
Maximum Δp: 99.094%
99.9%   Δp: 72.462%
99.0%   Δp: 35.296%
95.0%   Δp: 13.427%
90.0%   Δp:  6.063%
75.0%   Δp:  0.410%
Median  Δp: -0.002%
25.0%   Δp: -1.082%
10.0%   Δp: -9.393%
 5.0%   Δp: -17.864%
 1.0%   Δp: -42.934%
 0.1%   Δp: -78.257%
Minimum Δp: -98.966%
RMS Δp    : 11.464 ± 0.082 %
Same top p: 82.230 ± 0.134 %
Same sampled p: 50.046 ± 0.123 %

------------------------------
# llama-perplexity: version: 0.4.4-dev (build 11430, commit 9d76dc1da-dirty) | built with GNU 15.3.0 for Linux x86_64
# model: /home/crusaderky/.cache/huggingface/hub/models--bartowski--Ling-3.0-tiny-GGUF/snapshots/ea072726af0d2e8ba325b2f90fc0efa762105a91/Ling-3.0-tiny-Q3_K_S.gguf size=3636962368 mtime=2026-08-22T17:32:05+00:00 sha256/1048576B=01be6a34ed40f674dcac10bc80b57d7f57954b522781a884a9194fbfb37b72dc
llama-perplexity --kl-divergence-base /tmp/logits.dat --ctx-size 32768 -f sample-data/wiki.test.head-2.4k.raw -fa on --hf-repo bartowski/Ling-3.0-tiny-GGUF:Q3_K_S --cache-type-k q5_0 --cache-type-v q5_0 --kl-divergence
0.00.939.295 W load: special_eos_id is not in special_eog_ids - the tokenizer config may be incorrect
0.01.769.103 I cmn          init: llama threadpool init, n_threads = 16
0.01.835.726 I 
0.01.835.796 I system_info: n_threads = 16 (n_threads_batch = 16) / 32 | CUDA : ARCHS = 750,800,860,890,900,1000,1030,1200,1210 | USE_GRAPHS = 1 | FA_ALL_QUANTS = 1 | CPU : SSE3 = 1 | SSSE3 = 1 | AVX = 1 | AVX2 = 1 | F16C = 1 | FMA = 1 | BMI2 = 1 | LLAMAFILE = 1 | OPENMP = 1 | REPACK = 1 | 
0.01.928.410 I kl_divergence: computing over 5 chunks, n_ctx=32768, batch_size=512, n_seq=1
0.10.481.246 I kl_divergence: 8.55 seconds per pass - ETA 0.70 minutes

chunk             PPL               ln(PPL(Q)/PPL(base))          KL Divergence              Δp RMS            Same top p        Same sampled p
   1      23.8403 ±    0.6496       0.01987 ±    0.00612       0.15622 ±    0.00228    10.850 ±  0.181 %    83.428 ±  0.291 %    50.030 ±  0.273 %
   2      24.8755 ±    0.4849       0.03295 ±    0.00433       0.15869 ±    0.00169    10.941 ±  0.130 %    83.129 ±  0.207 %    49.241 ±  0.194 %
   3      25.9745 ±    0.4153       0.04151 ±    0.00364       0.16691 ±    0.00142    11.065 ±  0.106 %    82.219 ±  0.172 %    48.855 ±  0.158 %
   4      23.7116 ±    0.3260       0.05590 ±    0.00319       0.17074 ±    0.00130    11.379 ±  0.092 %    82.256 ±  0.149 %    49.825 ±  0.138 %
   5      23.6583 ±    0.2916       0.05159 ±    0.00289       0.17509 ±    0.00119    11.483 ±  0.082 %    82.210 ±  0.134 %    50.061 ±  0.123 %

====== Perplexity statistics ======
Mean PPL(Q)                   :  23.658276 ±   0.291601
Mean PPL(base)                :  22.468784 ±   0.276246
Cor(ln(PPL(Q)), ln(PPL(base))):  97.25%
Mean ln(PPL(Q)/PPL(base))     :   0.051586 ±   0.002889
Mean PPL(Q)/PPL(base)         :   1.052940 ±   0.003042
Mean PPL(Q)-PPL(base)         :   1.189491 ±   0.068358

====== KL divergence statistics ======
Mean    KLD:   0.175089 ±   0.001188
Maximum KLD:  16.938431
99.9%   KLD:   3.814780
99.0%   KLD:   1.563938
95.0%   KLD:   0.656557
90.0%   KLD:   0.412138
Median  KLD:   0.078863
10.0%   KLD:   0.000787
 5.0%   KLD:   0.000141
 1.0%   KLD:   0.000011
 0.1%   KLD:  -0.000002
Minimum KLD:  -0.000081

====== Token probability statistics ======
Mean    Δp: -0.801 ± 0.040 %
Maximum Δp: 98.231%
99.9%   Δp: 73.487%
99.0%   Δp: 35.201%
95.0%   Δp: 13.434%
90.0%   Δp:  6.021%
75.0%   Δp:  0.408%
Median  Δp: -0.002%
25.0%   Δp: -1.080%
10.0%   Δp: -9.307%
 5.0%   Δp: -17.962%
 1.0%   Δp: -43.146%
 0.1%   Δp: -77.056%
Minimum Δp: -98.606%
RMS Δp    : 11.483 ± 0.082 %
Same top p: 82.210 ± 0.134 %
Same sampled p: 50.061 ± 0.123 %

------------------------------
# llama-perplexity: version: 0.4.4-dev (build 11430, commit 9d76dc1da-dirty) | built with GNU 15.3.0 for Linux x86_64
# model: /home/crusaderky/.cache/huggingface/hub/models--bartowski--Ling-3.0-tiny-GGUF/snapshots/ea072726af0d2e8ba325b2f90fc0efa762105a91/Ling-3.0-tiny-Q3_K_S.gguf size=3636962368 mtime=2026-08-22T17:32:05+00:00 sha256/1048576B=01be6a34ed40f674dcac10bc80b57d7f57954b522781a884a9194fbfb37b72dc
llama-perplexity --kl-divergence-base /tmp/logits.dat --ctx-size 32768 -f sample-data/wiki.test.head-2.4k.raw -fa on --hf-repo bartowski/Ling-3.0-tiny-GGUF:Q3_K_S --cache-type-k q4_1 --cache-type-v q4_1 --kl-divergence
0.00.916.696 W load: special_eos_id is not in special_eog_ids - the tokenizer config may be incorrect
0.01.767.353 I cmn          init: llama threadpool init, n_threads = 16
0.01.832.300 I 
0.01.832.369 I system_info: n_threads = 16 (n_threads_batch = 16) / 32 | CUDA : ARCHS = 750,800,860,890,900,1000,1030,1200,1210 | USE_GRAPHS = 1 | FA_ALL_QUANTS = 1 | CPU : SSE3 = 1 | SSSE3 = 1 | AVX = 1 | AVX2 = 1 | F16C = 1 | FMA = 1 | BMI2 = 1 | LLAMAFILE = 1 | OPENMP = 1 | REPACK = 1 | 
0.01.922.457 I kl_divergence: computing over 5 chunks, n_ctx=32768, batch_size=512, n_seq=1
0.10.461.656 I kl_divergence: 8.54 seconds per pass - ETA 0.70 minutes

chunk             PPL               ln(PPL(Q)/PPL(base))          KL Divergence              Δp RMS            Same top p        Same sampled p
   1      23.8292 ±    0.6489       0.01940 ±    0.00624       0.16045 ±    0.00239    10.849 ±  0.180 %    83.074 ±  0.293 %    49.935 ±  0.273 %
   2      25.1029 ±    0.4896       0.04205 ±    0.00440       0.16348 ±    0.00174    11.074 ±  0.130 %    82.610 ±  0.209 %    49.098 ±  0.194 %
   3      26.1670 ±    0.4181       0.04889 ±    0.00370       0.17194 ±    0.00145    11.223 ±  0.106 %    81.741 ±  0.174 %    48.650 ±  0.158 %
   4      23.7858 ±    0.3266       0.05902 ±    0.00323       0.17505 ±    0.00132    11.496 ±  0.093 %    81.888 ±  0.150 %    49.636 ±  0.138 %
   5      23.6656 ±    0.2911       0.05189 ±    0.00292       0.17879 ±    0.00120    11.579 ±  0.082 %    81.931 ±  0.134 %    49.881 ±  0.123 %

====== Perplexity statistics ======
Mean PPL(Q)                   :  23.665575 ±   0.291108
Mean PPL(base)                :  22.468784 ±   0.276246
Cor(ln(PPL(Q)), ln(PPL(base))):  97.18%
Mean ln(PPL(Q)/PPL(base))     :   0.051894 ±   0.002922
Mean PPL(Q)/PPL(base)         :   1.053265 ±   0.003077
Mean PPL(Q)-PPL(base)         :   1.196791 ±   0.068994

====== KL divergence statistics ======
Mean    KLD:   0.178788 ±   0.001204
Maximum KLD:  17.765835
99.9%   KLD:   3.864409
99.0%   KLD:   1.608996
95.0%   KLD:   0.667704
90.0%   KLD:   0.423835
Median  KLD:   0.081194
10.0%   KLD:   0.000810
 5.0%   KLD:   0.000147
 1.0%   KLD:   0.000012
 0.1%   KLD:  -0.000001
Minimum KLD:  -0.000085

====== Token probability statistics ======
Mean    Δp: -0.907 ± 0.040 %
Maximum Δp: 97.779%
99.9%   Δp: 73.285%
99.0%   Δp: 35.212%
95.0%   Δp: 13.317%
90.0%   Δp:  5.909%
75.0%   Δp:  0.383%
Median  Δp: -0.003%
25.0%   Δp: -1.172%
10.0%   Δp: -9.587%
 5.0%   Δp: -18.338%
 1.0%   Δp: -44.102%
 0.1%   Δp: -78.050%
Minimum Δp: -98.496%
RMS Δp    : 11.579 ± 0.082 %
Same top p: 81.931 ± 0.134 %
Same sampled p: 49.881 ± 0.123 %

------------------------------
# llama-perplexity: version: 0.4.4-dev (build 11430, commit 9d76dc1da-dirty) | built with GNU 15.3.0 for Linux x86_64
# model: /home/crusaderky/.cache/huggingface/hub/models--bartowski--Ling-3.0-tiny-GGUF/snapshots/ea072726af0d2e8ba325b2f90fc0efa762105a91/Ling-3.0-tiny-Q3_K_S.gguf size=3636962368 mtime=2026-08-22T17:32:05+00:00 sha256/1048576B=01be6a34ed40f674dcac10bc80b57d7f57954b522781a884a9194fbfb37b72dc
llama-perplexity --kl-divergence-base /tmp/logits.dat --ctx-size 32768 -f sample-data/wiki.test.head-2.4k.raw -fa on --hf-repo bartowski/Ling-3.0-tiny-GGUF:Q3_K_S --cache-type-k q4_0 --cache-type-v q4_0 --kl-divergence
0.00.936.114 W load: special_eos_id is not in special_eog_ids - the tokenizer config may be incorrect
0.01.843.623 I cmn          init: llama threadpool init, n_threads = 16
0.01.910.395 I 
0.01.910.463 I system_info: n_threads = 16 (n_threads_batch = 16) / 32 | CUDA : ARCHS = 750,800,860,890,900,1000,1030,1200,1210 | USE_GRAPHS = 1 | FA_ALL_QUANTS = 1 | CPU : SSE3 = 1 | SSSE3 = 1 | AVX = 1 | AVX2 = 1 | F16C = 1 | FMA = 1 | BMI2 = 1 | LLAMAFILE = 1 | OPENMP = 1 | REPACK = 1 | 
0.02.001.822 I kl_divergence: computing over 5 chunks, n_ctx=32768, batch_size=512, n_seq=1
0.10.516.382 I kl_divergence: 8.51 seconds per pass - ETA 0.70 minutes

chunk             PPL               ln(PPL(Q)/PPL(base))          KL Divergence              Δp RMS            Same top p        Same sampled p
   1      23.8800 ±    0.6488       0.02153 ±    0.00626       0.16354 ±    0.00246    11.106 ±  0.187 %    82.964 ±  0.294 %    49.756 ±  0.274 %
   2      24.9598 ±    0.4853       0.03633 ±    0.00441       0.16402 ±    0.00175    11.193 ±  0.132 %    82.769 ±  0.209 %    49.005 ±  0.194 %
   3      26.1301 ±    0.4170       0.04748 ±    0.00371       0.17269 ±    0.00147    11.285 ±  0.107 %    81.914 ±  0.174 %    48.628 ±  0.158 %
   4      23.7554 ±    0.3257       0.05775 ±    0.00325       0.17563 ±    0.00134    11.519 ±  0.094 %    82.065 ±  0.150 %    49.610 ±  0.138 %
   5      23.6179 ±    0.2903       0.04988 ±    0.00293       0.17967 ±    0.00122    11.602 ±  0.083 %    82.000 ±  0.134 %    49.865 ±  0.123 %

====== Perplexity statistics ======
Mean PPL(Q)                   :  23.617866 ±   0.290254
Mean PPL(base)                :  22.468784 ±   0.276246
Cor(ln(PPL(Q)), ln(PPL(base))):  97.15%
Mean ln(PPL(Q)/PPL(base))     :   0.049876 ±   0.002934
Mean PPL(Q)/PPL(base)         :   1.051141 ±   0.003084
Mean PPL(Q)-PPL(base)         :   1.149082 ±   0.069022

====== KL divergence statistics ======
Mean    KLD:   0.179669 ±   0.001218
Maximum KLD:  17.666208
99.9%   KLD:   4.183684
99.0%   KLD:   1.611702
95.0%   KLD:   0.665547
90.0%   KLD:   0.425266
Median  KLD:   0.081580
10.0%   KLD:   0.000809
 5.0%   KLD:   0.000151
 1.0%   KLD:   0.000012
 0.1%   KLD:  -0.000001
Minimum KLD:  -0.000069

====== Token probability statistics ======
Mean    Δp: -0.932 ± 0.040 %
Maximum Δp: 98.933%
99.9%   Δp: 72.589%
99.0%   Δp: 35.056%
95.0%   Δp: 13.254%
90.0%   Δp:  5.957%
75.0%   Δp:  0.391%
Median  Δp: -0.003%
25.0%   Δp: -1.172%
10.0%   Δp: -9.744%
 5.0%   Δp: -18.615%
 1.0%   Δp: -44.286%
 0.1%   Δp: -79.888%
Minimum Δp: -99.389%
RMS Δp    : 11.602 ± 0.083 %
Same top p: 82.000 ± 0.134 %
Same sampled p: 49.865 ± 0.123 %

------------------------------
# llama-perplexity: version: 0.4.4-dev (build 11430, commit 9d76dc1da-dirty) | built with GNU 15.3.0 for Linux x86_64
# model: /home/crusaderky/.cache/huggingface/hub/models--bartowski--Ling-3.0-tiny-GGUF/snapshots/ea072726af0d2e8ba325b2f90fc0efa762105a91/Ling-3.0-tiny-Q3_K_S.gguf size=3636962368 mtime=2026-08-22T17:32:05+00:00 sha256/1048576B=01be6a34ed40f674dcac10bc80b57d7f57954b522781a884a9194fbfb37b72dc
llama-perplexity --kl-divergence-base /tmp/logits.dat --ctx-size 32768 -f sample-data/wiki.test.head-2.4k.raw -fa on --hf-repo bartowski/Ling-3.0-tiny-GGUF:Q3_K_S --cache-type-k q3_1 --cache-type-v q3_1 --kl-divergence
0.00.953.840 W load: special_eos_id is not in special_eog_ids - the tokenizer config may be incorrect
0.01.798.256 I cmn          init: llama threadpool init, n_threads = 16
0.01.864.287 I 
0.01.864.361 I system_info: n_threads = 16 (n_threads_batch = 16) / 32 | CUDA : ARCHS = 750,800,860,890,900,1000,1030,1200,1210 | USE_GRAPHS = 1 | FA_ALL_QUANTS = 1 | CPU : SSE3 = 1 | SSSE3 = 1 | AVX = 1 | AVX2 = 1 | F16C = 1 | FMA = 1 | BMI2 = 1 | LLAMAFILE = 1 | OPENMP = 1 | REPACK = 1 | 
0.01.954.765 I kl_divergence: computing over 5 chunks, n_ctx=32768, batch_size=512, n_seq=1
0.10.431.637 I kl_divergence: 8.48 seconds per pass - ETA 0.70 minutes

chunk             PPL               ln(PPL(Q)/PPL(base))          KL Divergence              Δp RMS            Same top p        Same sampled p
   1      23.7753 ±    0.6412       0.01713 ±    0.00656       0.18104 ±    0.00256    11.636 ±  0.184 %    81.847 ±  0.301 %    49.122 ±  0.274 %
   2      24.8480 ±    0.4810       0.03184 ±    0.00463       0.18317 ±    0.00189    11.704 ±  0.130 %    81.643 ±  0.214 %    48.484 ±  0.194 %
   3      26.1611 ±    0.4160       0.04866 ±    0.00391       0.19191 ±    0.00159    11.843 ±  0.107 %    80.999 ±  0.177 %    48.079 ±  0.158 %
   4      23.8023 ±    0.3256       0.05972 ±    0.00339       0.19439 ±    0.00144    12.100 ±  0.094 %    81.122 ±  0.153 %    49.125 ±  0.138 %
   5      23.6342 ±    0.2898       0.05057 ±    0.00307       0.19865 ±    0.00133    12.181 ±  0.084 %    81.141 ±  0.137 %    49.429 ±  0.123 %

====== Perplexity statistics ======
Mean PPL(Q)                   :  23.634180 ±   0.289828
Mean PPL(base)                :  22.468784 ±   0.276246
Cor(ln(PPL(Q)), ln(PPL(base))):  96.87%
Mean ln(PPL(Q)/PPL(base))     :   0.050567 ±   0.003071
Mean PPL(Q)/PPL(base)         :   1.051867 ±   0.003230
Mean PPL(Q)-PPL(base)         :   1.165396 ±   0.072058

====== KL divergence statistics ======
Mean    KLD:   0.198649 ±   0.001332
Maximum KLD:  17.363831
99.9%   KLD:   4.201342
99.0%   KLD:   1.730425
95.0%   KLD:   0.740878
90.0%   KLD:   0.473096
Median  KLD:   0.089924
10.0%   KLD:   0.000985
 5.0%   KLD:   0.000177
 1.0%   KLD:   0.000015
 0.1%   KLD:  -0.000000
Minimum KLD:  -0.000072

====== Token probability statistics ======
Mean    Δp: -1.079 ± 0.042 %
Maximum Δp: 98.628%
99.9%   Δp: 73.667%
99.0%   Δp: 37.114%
95.0%   Δp: 13.949%
90.0%   Δp:  6.040%
75.0%   Δp:  0.369%
Median  Δp: -0.005%
25.0%   Δp: -1.357%
10.0%   Δp: -10.517%
 5.0%   Δp: -20.057%
 1.0%   Δp: -46.838%
 0.1%   Δp: -80.938%
Minimum Δp: -99.922%
RMS Δp    : 12.181 ± 0.084 %
Same top p: 81.141 ± 0.137 %
Same sampled p: 49.429 ± 0.123 %

------------------------------
# llama-perplexity: version: 0.4.4-dev (build 11430, commit 9d76dc1da-dirty) | built with GNU 15.3.0 for Linux x86_64
# model: /home/crusaderky/.cache/huggingface/hub/models--bartowski--Ling-3.0-tiny-GGUF/snapshots/ea072726af0d2e8ba325b2f90fc0efa762105a91/Ling-3.0-tiny-Q3_K_S.gguf size=3636962368 mtime=2026-08-22T17:32:05+00:00 sha256/1048576B=01be6a34ed40f674dcac10bc80b57d7f57954b522781a884a9194fbfb37b72dc
llama-perplexity --kl-divergence-base /tmp/logits.dat --ctx-size 32768 -f sample-data/wiki.test.head-2.4k.raw -fa on --hf-repo bartowski/Ling-3.0-tiny-GGUF:Q3_K_S --cache-type-k q3_0 --cache-type-v q3_0 --kl-divergence
0.00.922.406 W load: special_eos_id is not in special_eog_ids - the tokenizer config may be incorrect
0.01.782.997 I cmn          init: llama threadpool init, n_threads = 16
0.01.848.637 I 
0.01.848.705 I system_info: n_threads = 16 (n_threads_batch = 16) / 32 | CUDA : ARCHS = 750,800,860,890,900,1000,1030,1200,1210 | USE_GRAPHS = 1 | FA_ALL_QUANTS = 1 | CPU : SSE3 = 1 | SSSE3 = 1 | AVX = 1 | AVX2 = 1 | F16C = 1 | FMA = 1 | BMI2 = 1 | LLAMAFILE = 1 | OPENMP = 1 | REPACK = 1 | 
0.01.939.018 I kl_divergence: computing over 5 chunks, n_ctx=32768, batch_size=512, n_seq=1
0.10.305.541 I kl_divergence: 8.37 seconds per pass - ETA 0.68 minutes

chunk             PPL               ln(PPL(Q)/PPL(base))          KL Divergence              Δp RMS            Same top p        Same sampled p
   1      24.4376 ±    0.6647       0.04461 ±    0.00652       0.18413 ±    0.00274    11.778 ±  0.189 %    81.646 ±  0.302 %    49.236 ±  0.274 %
   2      25.4426 ±    0.4974       0.05549 ±    0.00463       0.18593 ±    0.00194    11.859 ±  0.134 %    81.447 ±  0.215 %    48.718 ±  0.194 %
   3      26.8059 ±    0.4305       0.07302 ±    0.00391       0.19540 ±    0.00162    12.036 ±  0.110 %    80.683 ±  0.178 %    48.323 ±  0.158 %
   4      24.3408 ±    0.3357       0.08209 ±    0.00342       0.19893 ±    0.00147    12.295 ±  0.096 %    80.823 ±  0.154 %    49.278 ±  0.138 %
   5      24.2347 ±    0.2995       0.07566 ±    0.00310       0.20351 ±    0.00135    12.371 ±  0.085 %    80.819 ±  0.138 %    49.526 ±  0.123 %

====== Perplexity statistics ======
Mean PPL(Q)                   :  24.234687 ±   0.299544
Mean PPL(base)                :  22.468784 ±   0.276246
Cor(ln(PPL(Q)), ln(PPL(base))):  96.83%
Mean ln(PPL(Q)/PPL(base))     :   0.075658 ±   0.003103
Mean PPL(Q)/PPL(base)         :   1.078594 ±   0.003347
Mean PPL(Q)-PPL(base)         :   1.765903 ±   0.076056

====== KL divergence statistics ======
Mean    KLD:   0.203510 ±   0.001349
Maximum KLD:  14.602431
99.9%   KLD:   4.174051
99.0%   KLD:   1.812070
95.0%   KLD:   0.761777
90.0%   KLD:   0.482833
Median  KLD:   0.092390
10.0%   KLD:   0.000949
 5.0%   KLD:   0.000172
 1.0%   KLD:   0.000013
 0.1%   KLD:  -0.000001
Minimum KLD:  -0.000100

====== Token probability statistics ======
Mean    Δp: -1.120 ± 0.043 %
Maximum Δp: 99.188%
99.9%   Δp: 73.615%
99.0%   Δp: 37.196%
95.0%   Δp: 13.837%
90.0%   Δp:  6.169%
75.0%   Δp:  0.384%
Median  Δp: -0.005%
25.0%   Δp: -1.307%
10.0%   Δp: -10.551%
 5.0%   Δp: -20.235%
 1.0%   Δp: -48.164%
 0.1%   Δp: -84.184%
Minimum Δp: -99.552%
RMS Δp    : 12.371 ± 0.085 %
Same top p: 80.819 ± 0.138 %
Same sampled p: 49.526 ± 0.123 %

------------------------------
# llama-perplexity: version: 0.4.4-dev (build 11430, commit 9d76dc1da-dirty) | built with GNU 15.3.0 for Linux x86_64
# model: <unresolved>
llama-perplexity --kl-divergence-base /tmp/logits.dat --ctx-size 32768 -f sample-data/wiki.test.head-2.4k.raw -fa on --hf-repo bartowski/Ling-3.0-tiny-GGUF:IQ3_XS --cache-type-k f16 --cache-type-v f16 --kl-divergence
5.18.880.631 W load: special_eos_id is not in special_eog_ids - the tokenizer config may be incorrect
5.19.755.957 I cmn          init: llama threadpool init, n_threads = 16
5.19.818.199 I 
5.19.818.268 I system_info: n_threads = 16 (n_threads_batch = 16) / 32 | CUDA : ARCHS = 750,800,860,890,900,1000,1030,1200,1210 | USE_GRAPHS = 1 | FA_ALL_QUANTS = 1 | CPU : SSE3 = 1 | SSSE3 = 1 | AVX = 1 | AVX2 = 1 | F16C = 1 | FMA = 1 | BMI2 = 1 | LLAMAFILE = 1 | OPENMP = 1 | REPACK = 1 | 
5.19.913.082 I kl_divergence: computing over 5 chunks, n_ctx=32768, batch_size=512, n_seq=1
5.28.025.703 I kl_divergence: 8.11 seconds per pass - ETA 0.67 minutes

chunk             PPL               ln(PPL(Q)/PPL(base))          KL Divergence              Δp RMS            Same top p        Same sampled p
   1      24.2192 ±    0.6519       0.03563 ±    0.00634       0.17284 ±    0.00239    11.583 ±  0.180 %    81.285 ±  0.305 %    49.118 ±  0.273 %
   2      25.6909 ±    0.5015       0.06520 ±    0.00459       0.18008 ±    0.00179    11.684 ±  0.128 %    81.231 ±  0.216 %    48.626 ±  0.194 %
   3      26.4067 ±    0.4239       0.05801 ±    0.00381       0.18870 ±    0.00152    11.910 ±  0.107 %    80.710 ±  0.178 %    48.435 ±  0.158 %
   4      23.7975 ±    0.3283       0.05952 ±    0.00334       0.19190 ±    0.00137    12.135 ±  0.094 %    81.005 ±  0.153 %    49.535 ±  0.137 %
   5      23.8734 ±    0.2953       0.06064 ±    0.00304       0.19718 ±    0.00128    12.340 ±  0.084 %    80.845 ±  0.137 %    49.724 ±  0.123 %

====== Perplexity statistics ======
Mean PPL(Q)                   :  23.873439 ±   0.295303
Mean PPL(base)                :  22.468784 ±   0.276246
Cor(ln(PPL(Q)), ln(PPL(base))):  96.96%
Mean ln(PPL(Q)/PPL(base))     :   0.060640 ±   0.003044
Mean PPL(Q)/PPL(base)         :   1.062516 ±   0.003234
Mean PPL(Q)-PPL(base)         :   1.404655 ±   0.073000

====== KL divergence statistics ======
Mean    KLD:   0.197183 ±   0.001275
Maximum KLD:  18.017668
99.9%   KLD:   4.005928
99.0%   KLD:   1.679999
95.0%   KLD:   0.730733
90.0%   KLD:   0.472674
Median  KLD:   0.091999
10.0%   KLD:   0.000950
 5.0%   KLD:   0.000146
 1.0%   KLD:   0.000010
 0.1%   KLD:  -0.000000
Minimum KLD:  -0.000174

====== Token probability statistics ======
Mean    Δp: -1.029 ± 0.043 %
Maximum Δp: 98.124%
99.9%   Δp: 73.240%
99.0%   Δp: 37.187%
95.0%   Δp: 14.370%
90.0%   Δp:  6.570%
75.0%   Δp:  0.436%
Median  Δp: -0.002%
25.0%   Δp: -1.274%
10.0%   Δp: -10.479%
 5.0%   Δp: -20.391%
 1.0%   Δp: -47.286%
 0.1%   Δp: -82.189%
Minimum Δp: -99.799%
RMS Δp    : 12.340 ± 0.084 %
Same top p: 80.845 ± 0.137 %
Same sampled p: 49.724 ± 0.123 %

# llama-perplexity: version: 0.4.4-dev (build 11430, commit 9d76dc1da-dirty) | built with GNU 15.3.0 for Linux x86_64
# model: /home/crusaderky/.cache/huggingface/hub/models--bartowski--Ling-3.0-tiny-GGUF/snapshots/ea072726af0d2e8ba325b2f90fc0efa762105a91/Ling-3.0-tiny-IQ3_XS.gguf size=3777807424 mtime=2026-08-22T17:44:00+00:00 sha256/1048576B=01be6a34ed40f674dcac10bc80b57d7f57954b522781a884a9194fbfb37b72dc
------------------------------
# llama-perplexity: version: 0.4.4-dev (build 11430, commit 9d76dc1da-dirty) | built with GNU 15.3.0 for Linux x86_64
# model: /home/crusaderky/.cache/huggingface/hub/models--bartowski--Ling-3.0-tiny-GGUF/snapshots/ea072726af0d2e8ba325b2f90fc0efa762105a91/Ling-3.0-tiny-IQ3_XS.gguf size=3777807424 mtime=2026-08-22T17:44:00+00:00 sha256/1048576B=01be6a34ed40f674dcac10bc80b57d7f57954b522781a884a9194fbfb37b72dc
llama-perplexity --kl-divergence-base /tmp/logits.dat --ctx-size 32768 -f sample-data/wiki.test.head-2.4k.raw -fa on --hf-repo bartowski/Ling-3.0-tiny-GGUF:IQ3_XS --cache-type-k q8_0 --cache-type-v q8_0 --kl-divergence
0.00.930.509 W load: special_eos_id is not in special_eog_ids - the tokenizer config may be incorrect
0.01.807.374 I cmn          init: llama threadpool init, n_threads = 16
0.01.870.796 I 
0.01.870.866 I system_info: n_threads = 16 (n_threads_batch = 16) / 32 | CUDA : ARCHS = 750,800,860,890,900,1000,1030,1200,1210 | USE_GRAPHS = 1 | FA_ALL_QUANTS = 1 | CPU : SSE3 = 1 | SSSE3 = 1 | AVX = 1 | AVX2 = 1 | F16C = 1 | FMA = 1 | BMI2 = 1 | LLAMAFILE = 1 | OPENMP = 1 | REPACK = 1 | 
0.01.955.415 I kl_divergence: computing over 5 chunks, n_ctx=32768, batch_size=512, n_seq=1
0.10.113.242 I kl_divergence: 8.16 seconds per pass - ETA 0.67 minutes

chunk             PPL               ln(PPL(Q)/PPL(base))          KL Divergence              Δp RMS            Same top p        Same sampled p
   1      24.2951 ±    0.6543       0.03876 ±    0.00637       0.17268 ±    0.00237    11.530 ±  0.175 %    81.151 ±  0.306 %    49.108 ±  0.273 %
   2      25.6369 ±    0.4999       0.06310 ±    0.00461       0.18021 ±    0.00180    11.674 ±  0.127 %    81.011 ±  0.217 %    48.570 ±  0.194 %
   3      26.4338 ±    0.4240       0.05904 ±    0.00382       0.18841 ±    0.00152    11.917 ±  0.106 %    80.559 ±  0.179 %    48.387 ±  0.158 %
   4      23.8189 ±    0.3284       0.06041 ±    0.00335       0.19123 ±    0.00136    12.131 ±  0.094 %    80.896 ±  0.154 %    49.506 ±  0.137 %
   5      23.9019 ±    0.2954       0.06183 ±    0.00305       0.19640 ±    0.00127    12.322 ±  0.084 %    80.811 ±  0.138 %    49.692 ±  0.123 %

====== Perplexity statistics ======
Mean PPL(Q)                   :  23.901887 ±   0.295437
Mean PPL(base)                :  22.468784 ±   0.276246
Cor(ln(PPL(Q)), ln(PPL(base))):  96.95%
Mean ln(PPL(Q)/PPL(base))     :   0.061830 ±   0.003047
Mean PPL(Q)/PPL(base)         :   1.063782 ±   0.003241
Mean PPL(Q)-PPL(base)         :   1.433102 ±   0.073157

====== KL divergence statistics ======
Mean    KLD:   0.196404 ±   0.001267
Maximum KLD:  17.546848
99.9%   KLD:   3.956674
99.0%   KLD:   1.654845
95.0%   KLD:   0.728116
90.0%   KLD:   0.471493
Median  KLD:   0.092306
10.0%   KLD:   0.000955
 5.0%   KLD:   0.000146
 1.0%   KLD:   0.000010
 0.1%   KLD:  -0.000001
Minimum KLD:  -0.000202

====== Token probability statistics ======
Mean    Δp: -1.092 ± 0.043 %
Maximum Δp: 98.065%
99.9%   Δp: 73.590%
99.0%   Δp: 36.718%
95.0%   Δp: 14.206%
90.0%   Δp:  6.374%
75.0%   Δp:  0.438%
Median  Δp: -0.002%
25.0%   Δp: -1.298%
10.0%   Δp: -10.541%
 5.0%   Δp: -20.496%
 1.0%   Δp: -47.830%
 0.1%   Δp: -81.808%
Minimum Δp: -99.724%
RMS Δp    : 12.322 ± 0.084 %
Same top p: 80.811 ± 0.138 %
Same sampled p: 49.692 ± 0.123 %

------------------------------
# llama-perplexity: version: 0.4.4-dev (build 11430, commit 9d76dc1da-dirty) | built with GNU 15.3.0 for Linux x86_64
# model: /home/crusaderky/.cache/huggingface/hub/models--bartowski--Ling-3.0-tiny-GGUF/snapshots/ea072726af0d2e8ba325b2f90fc0efa762105a91/Ling-3.0-tiny-IQ3_XS.gguf size=3777807424 mtime=2026-08-22T17:44:00+00:00 sha256/1048576B=01be6a34ed40f674dcac10bc80b57d7f57954b522781a884a9194fbfb37b72dc
llama-perplexity --kl-divergence-base /tmp/logits.dat --ctx-size 32768 -f sample-data/wiki.test.head-2.4k.raw -fa on --hf-repo bartowski/Ling-3.0-tiny-GGUF:IQ3_XS --cache-type-k q6_0 --cache-type-v q6_0 --kl-divergence
0.00.920.081 W load: special_eos_id is not in special_eog_ids - the tokenizer config may be incorrect
0.01.798.164 I cmn          init: llama threadpool init, n_threads = 16
0.01.862.209 I 
0.01.862.283 I system_info: n_threads = 16 (n_threads_batch = 16) / 32 | CUDA : ARCHS = 750,800,860,890,900,1000,1030,1200,1210 | USE_GRAPHS = 1 | FA_ALL_QUANTS = 1 | CPU : SSE3 = 1 | SSSE3 = 1 | AVX = 1 | AVX2 = 1 | F16C = 1 | FMA = 1 | BMI2 = 1 | LLAMAFILE = 1 | OPENMP = 1 | REPACK = 1 | 
0.01.953.187 I kl_divergence: computing over 5 chunks, n_ctx=32768, batch_size=512, n_seq=1
0.10.115.002 I kl_divergence: 8.16 seconds per pass - ETA 0.67 minutes

chunk             PPL               ln(PPL(Q)/PPL(base))          KL Divergence              Δp RMS            Same top p        Same sampled p
   1      24.2790 ±    0.6545       0.03810 ±    0.00638       0.17467 ±    0.00240    11.730 ±  0.179 %    81.017 ±  0.306 %    49.130 ±  0.273 %
   2      25.7528 ±    0.5037       0.06761 ±    0.00462       0.18194 ±    0.00181    11.782 ±  0.128 %    80.996 ±  0.217 %    48.665 ±  0.194 %
   3      26.4241 ±    0.4244       0.05867 ±    0.00382       0.18942 ±    0.00152    11.951 ±  0.106 %    80.594 ±  0.178 %    48.450 ±  0.158 %
   4      23.7922 ±    0.3283       0.05929 ±    0.00335       0.19172 ±    0.00136    12.129 ±  0.094 %    80.997 ±  0.153 %    49.547 ±  0.137 %
   5      23.8401 ±    0.2949       0.05924 ±    0.00304       0.19648 ±    0.00126    12.297 ±  0.084 %    80.901 ±  0.137 %    49.737 ±  0.123 %

====== Perplexity statistics ======
Mean PPL(Q)                   :  23.840053 ±   0.294887
Mean PPL(base)                :  22.468784 ±   0.276246
Cor(ln(PPL(Q)), ln(PPL(base))):  96.96%
Mean ln(PPL(Q)/PPL(base))     :   0.059240 ±   0.003040
Mean PPL(Q)/PPL(base)         :   1.061030 ±   0.003226
Mean PPL(Q)-PPL(base)         :   1.371269 ±   0.072770

====== KL divergence statistics ======
Mean    KLD:   0.196484 ±   0.001261
Maximum KLD:  16.500679
99.9%   KLD:   4.062300
99.0%   KLD:   1.661322
95.0%   KLD:   0.724013
90.0%   KLD:   0.471115
Median  KLD:   0.092099
10.0%   KLD:   0.000946
 5.0%   KLD:   0.000147
 1.0%   KLD:   0.000010
 0.1%   KLD:  -0.000001
Minimum KLD:  -0.000172

====== Token probability statistics ======
Mean    Δp: -1.021 ± 0.043 %
Maximum Δp: 98.025%
99.9%   Δp: 72.627%
99.0%   Δp: 37.321%
95.0%   Δp: 14.306%
90.0%   Δp:  6.518%
75.0%   Δp:  0.452%
Median  Δp: -0.002%
25.0%   Δp: -1.263%
10.0%   Δp: -10.404%
 5.0%   Δp: -20.307%
 1.0%   Δp: -47.159%
 0.1%   Δp: -81.336%
Minimum Δp: -99.542%
RMS Δp    : 12.297 ± 0.084 %
Same top p: 80.901 ± 0.137 %
Same sampled p: 49.737 ± 0.123 %

------------------------------
# llama-perplexity: version: 0.4.4-dev (build 11430, commit 9d76dc1da-dirty) | built with GNU 15.3.0 for Linux x86_64
# model: /home/crusaderky/.cache/huggingface/hub/models--bartowski--Ling-3.0-tiny-GGUF/snapshots/ea072726af0d2e8ba325b2f90fc0efa762105a91/Ling-3.0-tiny-IQ3_XS.gguf size=3777807424 mtime=2026-08-22T17:44:00+00:00 sha256/1048576B=01be6a34ed40f674dcac10bc80b57d7f57954b522781a884a9194fbfb37b72dc
llama-perplexity --kl-divergence-base /tmp/logits.dat --ctx-size 32768 -f sample-data/wiki.test.head-2.4k.raw -fa on --hf-repo bartowski/Ling-3.0-tiny-GGUF:IQ3_XS --cache-type-k q5_1 --cache-type-v q5_1 --kl-divergence
0.00.939.598 W load: special_eos_id is not in special_eog_ids - the tokenizer config may be incorrect
0.01.820.343 I cmn          init: llama threadpool init, n_threads = 16
0.01.885.693 I 
0.01.885.767 I system_info: n_threads = 16 (n_threads_batch = 16) / 32 | CUDA : ARCHS = 750,800,860,890,900,1000,1030,1200,1210 | USE_GRAPHS = 1 | FA_ALL_QUANTS = 1 | CPU : SSE3 = 1 | SSSE3 = 1 | AVX = 1 | AVX2 = 1 | F16C = 1 | FMA = 1 | BMI2 = 1 | LLAMAFILE = 1 | OPENMP = 1 | REPACK = 1 | 
0.01.978.147 I kl_divergence: computing over 5 chunks, n_ctx=32768, batch_size=512, n_seq=1
0.10.164.017 I kl_divergence: 8.19 seconds per pass - ETA 0.67 minutes

chunk             PPL               ln(PPL(Q)/PPL(base))          KL Divergence              Δp RMS            Same top p        Same sampled p
   1      24.2059 ±    0.6516       0.03508 ±    0.00636       0.17255 ±    0.00240    11.589 ±  0.176 %    81.420 ±  0.304 %    49.132 ±  0.273 %
   2      25.6866 ±    0.5015       0.06503 ±    0.00461       0.18116 ±    0.00182    11.693 ±  0.127 %    81.176 ±  0.216 %    48.622 ±  0.194 %
   3      26.4769 ±    0.4250       0.06066 ±    0.00382       0.18946 ±    0.00152    11.918 ±  0.106 %    80.616 ±  0.178 %    48.415 ±  0.158 %
   4      23.8006 ±    0.3282       0.05964 ±    0.00334       0.19208 ±    0.00136    12.115 ±  0.093 %    81.006 ±  0.153 %    49.513 ±  0.137 %
   5      23.8670 ±    0.2950       0.06037 ±    0.00304       0.19705 ±    0.00126    12.298 ±  0.083 %    80.880 ±  0.137 %    49.692 ±  0.123 %

====== Perplexity statistics ======
Mean PPL(Q)                   :  23.867026 ±   0.294955
Mean PPL(base)                :  22.468784 ±   0.276246
Cor(ln(PPL(Q)), ln(PPL(base))):  96.96%
Mean ln(PPL(Q)/PPL(base))     :   0.060371 ±   0.003039
Mean PPL(Q)/PPL(base)         :   1.062230 ±   0.003228
Mean PPL(Q)-PPL(base)         :   1.398242 ±   0.072795

====== KL divergence statistics ======
Mean    KLD:   0.197050 ±   0.001263
Maximum KLD:  16.927639
99.9%   KLD:   3.919088
99.0%   KLD:   1.667600
95.0%   KLD:   0.730430
90.0%   KLD:   0.471144
Median  KLD:   0.092354
10.0%   KLD:   0.000962
 5.0%   KLD:   0.000149
 1.0%   KLD:   0.000010
 0.1%   KLD:  -0.000001
Minimum KLD:  -0.000160

====== Token probability statistics ======
Mean    Δp: -1.078 ± 0.043 %
Maximum Δp: 98.158%
99.9%   Δp: 73.205%
99.0%   Δp: 36.776%
95.0%   Δp: 14.140%
90.0%   Δp:  6.349%
75.0%   Δp:  0.438%
Median  Δp: -0.002%
25.0%   Δp: -1.320%
10.0%   Δp: -10.586%
 5.0%   Δp: -20.459%
 1.0%   Δp: -46.922%
 0.1%   Δp: -81.177%
Minimum Δp: -99.495%
RMS Δp    : 12.298 ± 0.083 %
Same top p: 80.880 ± 0.137 %
Same sampled p: 49.692 ± 0.123 %

------------------------------
# llama-perplexity: version: 0.4.4-dev (build 11430, commit 9d76dc1da-dirty) | built with GNU 15.3.0 for Linux x86_64
# model: /home/crusaderky/.cache/huggingface/hub/models--bartowski--Ling-3.0-tiny-GGUF/snapshots/ea072726af0d2e8ba325b2f90fc0efa762105a91/Ling-3.0-tiny-IQ3_XS.gguf size=3777807424 mtime=2026-08-22T17:44:00+00:00 sha256/1048576B=01be6a34ed40f674dcac10bc80b57d7f57954b522781a884a9194fbfb37b72dc
llama-perplexity --kl-divergence-base /tmp/logits.dat --ctx-size 32768 -f sample-data/wiki.test.head-2.4k.raw -fa on --hf-repo bartowski/Ling-3.0-tiny-GGUF:IQ3_XS --cache-type-k q5_0 --cache-type-v q5_0 --kl-divergence
0.00.918.205 W load: special_eos_id is not in special_eog_ids - the tokenizer config may be incorrect
0.01.798.841 I cmn          init: llama threadpool init, n_threads = 16
0.01.864.178 I 
0.01.864.245 I system_info: n_threads = 16 (n_threads_batch = 16) / 32 | CUDA : ARCHS = 750,800,860,890,900,1000,1030,1200,1210 | USE_GRAPHS = 1 | FA_ALL_QUANTS = 1 | CPU : SSE3 = 1 | SSSE3 = 1 | AVX = 1 | AVX2 = 1 | F16C = 1 | FMA = 1 | BMI2 = 1 | LLAMAFILE = 1 | OPENMP = 1 | REPACK = 1 | 
0.01.954.524 I kl_divergence: computing over 5 chunks, n_ctx=32768, batch_size=512, n_seq=1
0.10.156.168 I kl_divergence: 8.20 seconds per pass - ETA 0.68 minutes

chunk             PPL               ln(PPL(Q)/PPL(base))          KL Divergence              Δp RMS            Same top p        Same sampled p
   1      24.1485 ±    0.6483       0.03271 ±    0.00635       0.17349 ±    0.00234    11.615 ±  0.174 %    80.889 ±  0.307 %    48.994 ±  0.273 %
   2      25.6911 ±    0.5014       0.06521 ±    0.00463       0.18220 ±    0.00181    11.745 ±  0.126 %    80.898 ±  0.217 %    48.573 ±  0.194 %
   3      26.4361 ±    0.4239       0.05912 ±    0.00383       0.18976 ±    0.00152    11.963 ±  0.106 %    80.494 ±  0.179 %    48.344 ±  0.158 %
   4      23.7835 ±    0.3276       0.05893 ±    0.00335       0.19201 ±    0.00136    12.134 ±  0.093 %    80.849 ±  0.154 %    49.449 ±  0.137 %
   5      23.8794 ±    0.2949       0.06089 ±    0.00305       0.19763 ±    0.00127    12.344 ±  0.083 %    80.732 ±  0.138 %    49.633 ±  0.123 %

====== Perplexity statistics ======
Mean PPL(Q)                   :  23.879418 ±   0.294890
Mean PPL(base)                :  22.468784 ±   0.276246
Cor(ln(PPL(Q)), ln(PPL(base))):  96.93%
Mean ln(PPL(Q)/PPL(base))     :   0.060890 ±   0.003053
Mean PPL(Q)/PPL(base)         :   1.062782 ±   0.003244
Mean PPL(Q)-PPL(base)         :   1.410633 ±   0.073117

====== KL divergence statistics ======
Mean    KLD:   0.197630 ±   0.001273
Maximum KLD:  17.690697
99.9%   KLD:   4.020659
99.0%   KLD:   1.658054
95.0%   KLD:   0.733530
90.0%   KLD:   0.474693
Median  KLD:   0.093030
10.0%   KLD:   0.000955
 5.0%   KLD:   0.000146
 1.0%   KLD:   0.000010
 0.1%   KLD:  -0.000001
Minimum KLD:  -0.000179

====== Token probability statistics ======
Mean    Δp: -1.120 ± 0.043 %
Maximum Δp: 98.171%
99.9%   Δp: 71.934%
99.0%   Δp: 36.695%
95.0%   Δp: 14.235%
90.0%   Δp:  6.295%
75.0%   Δp:  0.416%
Median  Δp: -0.003%
25.0%   Δp: -1.357%
10.0%   Δp: -10.728%
 5.0%   Δp: -20.597%
 1.0%   Δp: -47.534%
 0.1%   Δp: -81.390%
Minimum Δp: -99.779%
RMS Δp    : 12.344 ± 0.083 %
Same top p: 80.732 ± 0.138 %
Same sampled p: 49.633 ± 0.123 %

------------------------------
# llama-perplexity: version: 0.4.4-dev (build 11430, commit 9d76dc1da-dirty) | built with GNU 15.3.0 for Linux x86_64
# model: /home/crusaderky/.cache/huggingface/hub/models--bartowski--Ling-3.0-tiny-GGUF/snapshots/ea072726af0d2e8ba325b2f90fc0efa762105a91/Ling-3.0-tiny-IQ3_XS.gguf size=3777807424 mtime=2026-08-22T17:44:00+00:00 sha256/1048576B=01be6a34ed40f674dcac10bc80b57d7f57954b522781a884a9194fbfb37b72dc
llama-perplexity --kl-divergence-base /tmp/logits.dat --ctx-size 32768 -f sample-data/wiki.test.head-2.4k.raw -fa on --hf-repo bartowski/Ling-3.0-tiny-GGUF:IQ3_XS --cache-type-k q4_1 --cache-type-v q4_1 --kl-divergence
0.00.941.985 W load: special_eos_id is not in special_eog_ids - the tokenizer config may be incorrect
0.01.816.954 I cmn          init: llama threadpool init, n_threads = 16
0.01.883.810 I 
0.01.883.879 I system_info: n_threads = 16 (n_threads_batch = 16) / 32 | CUDA : ARCHS = 750,800,860,890,900,1000,1030,1200,1210 | USE_GRAPHS = 1 | FA_ALL_QUANTS = 1 | CPU : SSE3 = 1 | SSSE3 = 1 | AVX = 1 | AVX2 = 1 | F16C = 1 | FMA = 1 | BMI2 = 1 | LLAMAFILE = 1 | OPENMP = 1 | REPACK = 1 | 
0.01.975.083 I kl_divergence: computing over 5 chunks, n_ctx=32768, batch_size=512, n_seq=1
0.10.177.466 I kl_divergence: 8.20 seconds per pass - ETA 0.68 minutes

chunk             PPL               ln(PPL(Q)/PPL(base))          KL Divergence              Δp RMS            Same top p        Same sampled p
   1      24.1289 ±    0.6485       0.03190 ±    0.00642       0.17727 ±    0.00246    11.744 ±  0.183 %    81.072 ±  0.306 %    49.139 ±  0.274 %
   2      25.4790 ±    0.4959       0.05692 ±    0.00463       0.18376 ±    0.00183    11.834 ±  0.130 %    80.837 ±  0.217 %    48.549 ±  0.194 %
   3      26.3367 ±    0.4215       0.05536 ±    0.00385       0.19217 ±    0.00156    12.041 ±  0.109 %    80.370 ±  0.179 %    48.306 ±  0.158 %
   4      23.7486 ±    0.3268       0.05746 ±    0.00338       0.19506 ±    0.00139    12.262 ±  0.095 %    80.719 ±  0.154 %    49.413 ±  0.137 %
   5      23.8450 ±    0.2942       0.05945 ±    0.00307       0.20033 ±    0.00129    12.459 ±  0.085 %    80.586 ±  0.138 %    49.586 ±  0.123 %

====== Perplexity statistics ======
Mean PPL(Q)                   :  23.844956 ±   0.294199
Mean PPL(base)                :  22.468784 ±   0.276246
Cor(ln(PPL(Q)), ln(PPL(base))):  96.89%
Mean ln(PPL(Q)/PPL(base))     :   0.059446 ±   0.003070
Mean PPL(Q)/PPL(base)         :   1.061248 ±   0.003258
Mean PPL(Q)-PPL(base)         :   1.376172 ±   0.073278

====== KL divergence statistics ======
Mean    KLD:   0.200325 ±   0.001291
Maximum KLD:  17.211422
99.9%   KLD:   4.080559
99.0%   KLD:   1.718529
95.0%   KLD:   0.738985
90.0%   KLD:   0.476545
Median  KLD:   0.094131
10.0%   KLD:   0.000975
 5.0%   KLD:   0.000153
 1.0%   KLD:   0.000011
 0.1%   KLD:  -0.000001
Minimum KLD:  -0.000167

====== Token probability statistics ======
Mean    Δp: -1.126 ± 0.043 %
Maximum Δp: 98.177%
99.9%   Δp: 75.361%
99.0%   Δp: 37.040%
95.0%   Δp: 14.203%
90.0%   Δp:  6.387%
75.0%   Δp:  0.422%
Median  Δp: -0.003%
25.0%   Δp: -1.343%
10.0%   Δp: -10.796%
 5.0%   Δp: -20.696%
 1.0%   Δp: -48.082%
 0.1%   Δp: -83.048%
Minimum Δp: -99.644%
RMS Δp    : 12.459 ± 0.085 %
Same top p: 80.586 ± 0.138 %
Same sampled p: 49.586 ± 0.123 %

------------------------------
# llama-perplexity: version: 0.4.4-dev (build 11430, commit 9d76dc1da-dirty) | built with GNU 15.3.0 for Linux x86_64
# model: /home/crusaderky/.cache/huggingface/hub/models--bartowski--Ling-3.0-tiny-GGUF/snapshots/ea072726af0d2e8ba325b2f90fc0efa762105a91/Ling-3.0-tiny-IQ3_XS.gguf size=3777807424 mtime=2026-08-22T17:44:00+00:00 sha256/1048576B=01be6a34ed40f674dcac10bc80b57d7f57954b522781a884a9194fbfb37b72dc
llama-perplexity --kl-divergence-base /tmp/logits.dat --ctx-size 32768 -f sample-data/wiki.test.head-2.4k.raw -fa on --hf-repo bartowski/Ling-3.0-tiny-GGUF:IQ3_XS --cache-type-k q4_0 --cache-type-v q4_0 --kl-divergence
0.00.924.810 W load: special_eos_id is not in special_eog_ids - the tokenizer config may be incorrect
0.01.817.966 I cmn          init: llama threadpool init, n_threads = 16
0.01.883.709 I 
0.01.883.787 I system_info: n_threads = 16 (n_threads_batch = 16) / 32 | CUDA : ARCHS = 750,800,860,890,900,1000,1030,1200,1210 | USE_GRAPHS = 1 | FA_ALL_QUANTS = 1 | CPU : SSE3 = 1 | SSSE3 = 1 | AVX = 1 | AVX2 = 1 | F16C = 1 | FMA = 1 | BMI2 = 1 | LLAMAFILE = 1 | OPENMP = 1 | REPACK = 1 | 
0.01.975.417 I kl_divergence: computing over 5 chunks, n_ctx=32768, batch_size=512, n_seq=1
0.10.175.280 I kl_divergence: 8.20 seconds per pass - ETA 0.67 minutes

chunk             PPL               ln(PPL(Q)/PPL(base))          KL Divergence              Δp RMS            Same top p        Same sampled p
   1      24.5674 ±    0.6616       0.04991 ±    0.00650       0.18212 ±    0.00241    11.945 ±  0.177 %    80.577 ±  0.309 %    48.864 ±  0.273 %
   2      26.1198 ±    0.5099       0.08176 ±    0.00471       0.19048 ±    0.00187    12.080 ±  0.129 %    80.492 ±  0.219 %    48.310 ±  0.194 %
   3      26.7274 ±    0.4288       0.07008 ±    0.00389       0.19719 ±    0.00157    12.188 ±  0.107 %    80.295 ±  0.179 %    48.180 ±  0.158 %
   4      24.0429 ±    0.3314       0.06977 ±    0.00339       0.19889 ±    0.00140    12.378 ±  0.094 %    80.730 ±  0.154 %    49.288 ±  0.137 %
   5      24.1020 ±    0.2978       0.07017 ±    0.00309       0.20426 ±    0.00130    12.563 ±  0.084 %    80.607 ±  0.138 %    49.452 ±  0.123 %

====== Perplexity statistics ======
Mean PPL(Q)                   :  24.102021 ±   0.297774
Mean PPL(base)                :  22.468784 ±   0.276246
Cor(ln(PPL(Q)), ln(PPL(base))):  96.86%
Mean ln(PPL(Q)/PPL(base))     :   0.070169 ±   0.003090
Mean PPL(Q)/PPL(base)         :   1.072689 ±   0.003314
Mean PPL(Q)-PPL(base)         :   1.633237 ±   0.075040

====== KL divergence statistics ======
Mean    KLD:   0.204263 ±   0.001305
Maximum KLD:  15.956807
99.9%   KLD:   4.115492
99.0%   KLD:   1.728376
95.0%   KLD:   0.755955
90.0%   KLD:   0.488825
Median  KLD:   0.096160
10.0%   KLD:   0.000999
 5.0%   KLD:   0.000158
 1.0%   KLD:   0.000011
 0.1%   KLD:  -0.000001
Minimum KLD:  -0.000185

====== Token probability statistics ======
Mean    Δp: -1.265 ± 0.044 %
Maximum Δp: 98.328%
99.9%   Δp: 73.101%
99.0%   Δp: 37.141%
95.0%   Δp: 14.044%
90.0%   Δp:  6.216%
75.0%   Δp:  0.381%
Median  Δp: -0.003%
25.0%   Δp: -1.466%
10.0%   Δp: -11.013%
 5.0%   Δp: -21.413%
 1.0%   Δp: -48.476%
 0.1%   Δp: -81.740%
Minimum Δp: -99.977%
RMS Δp    : 12.563 ± 0.084 %
Same top p: 80.607 ± 0.138 %
Same sampled p: 49.452 ± 0.123 %

------------------------------
# llama-perplexity: version: 0.4.4-dev (build 11430, commit 9d76dc1da-dirty) | built with GNU 15.3.0 for Linux x86_64
# model: /home/crusaderky/.cache/huggingface/hub/models--bartowski--Ling-3.0-tiny-GGUF/snapshots/ea072726af0d2e8ba325b2f90fc0efa762105a91/Ling-3.0-tiny-IQ3_XS.gguf size=3777807424 mtime=2026-08-22T17:44:00+00:00 sha256/1048576B=01be6a34ed40f674dcac10bc80b57d7f57954b522781a884a9194fbfb37b72dc
llama-perplexity --kl-divergence-base /tmp/logits.dat --ctx-size 32768 -f sample-data/wiki.test.head-2.4k.raw -fa on --hf-repo bartowski/Ling-3.0-tiny-GGUF:IQ3_XS --cache-type-k q3_1 --cache-type-v q3_1 --kl-divergence
0.00.943.281 W load: special_eos_id is not in special_eog_ids - the tokenizer config may be incorrect
0.01.815.392 I cmn          init: llama threadpool init, n_threads = 16
0.01.881.796 I 
0.01.881.878 I system_info: n_threads = 16 (n_threads_batch = 16) / 32 | CUDA : ARCHS = 750,800,860,890,900,1000,1030,1200,1210 | USE_GRAPHS = 1 | FA_ALL_QUANTS = 1 | CPU : SSE3 = 1 | SSSE3 = 1 | AVX = 1 | AVX2 = 1 | F16C = 1 | FMA = 1 | BMI2 = 1 | LLAMAFILE = 1 | OPENMP = 1 | REPACK = 1 | 
0.01.973.900 I kl_divergence: computing over 5 chunks, n_ctx=32768, batch_size=512, n_seq=1
0.10.180.957 I kl_divergence: 8.21 seconds per pass - ETA 0.68 minutes

chunk             PPL               ln(PPL(Q)/PPL(base))          KL Divergence              Δp RMS            Same top p        Same sampled p
   1      24.2579 ±    0.6493       0.03723 ±    0.00681       0.19713 ±    0.00272    12.309 ±  0.186 %    80.138 ±  0.312 %    48.467 ±  0.273 %
   2      25.8322 ±    0.5023       0.07069 ±    0.00492       0.20571 ±    0.00208    12.498 ±  0.135 %    79.906 ±  0.221 %    48.034 ±  0.194 %
   3      26.7111 ±    0.4273       0.06947 ±    0.00406       0.21257 ±    0.00172    12.608 ±  0.112 %    79.540 ±  0.182 %    47.862 ±  0.158 %
   4      23.9335 ±    0.3289       0.06521 ±    0.00354       0.21455 ±    0.00151    12.786 ±  0.097 %    79.988 ±  0.156 %    48.985 ±  0.138 %
   5      23.8715 ±    0.2937       0.06056 ±    0.00323       0.22143 ±    0.00140    13.026 ±  0.087 %    79.860 ±  0.140 %    49.129 ±  0.123 %

====== Perplexity statistics ======
Mean PPL(Q)                   :  23.871451 ±   0.293674
Mean PPL(base)                :  22.468784 ±   0.276246
Cor(ln(PPL(Q)), ln(PPL(base))):  96.56%
Mean ln(PPL(Q)/PPL(base))     :   0.060556 ±   0.003226
Mean PPL(Q)/PPL(base)         :   1.062427 ±   0.003428
Mean PPL(Q)-PPL(base)         :   1.402667 ±   0.076727

====== KL divergence statistics ======
Mean    KLD:   0.221428 ±   0.001402
Maximum KLD:  10.607328
99.9%   KLD:   4.332165
99.0%   KLD:   1.899808
95.0%   KLD:   0.827135
90.0%   KLD:   0.528644
Median  KLD:   0.103719
10.0%   KLD:   0.001173
 5.0%   KLD:   0.000179
 1.0%   KLD:   0.000012
 0.1%   KLD:   0.000000
Minimum KLD:  -0.000122

====== Token probability statistics ======
Mean    Δp: -1.327 ± 0.045 %
Maximum Δp: 98.304%
99.9%   Δp: 72.795%
99.0%   Δp: 38.202%
95.0%   Δp: 14.728%
90.0%   Δp:  6.545%
75.0%   Δp:  0.420%
Median  Δp: -0.004%
25.0%   Δp: -1.529%
10.0%   Δp: -11.511%
 5.0%   Δp: -22.193%
 1.0%   Δp: -51.126%
 0.1%   Δp: -86.158%
Minimum Δp: -99.939%
RMS Δp    : 13.026 ± 0.087 %
Same top p: 79.860 ± 0.140 %
Same sampled p: 49.129 ± 0.123 %

------------------------------
# llama-perplexity: version: 0.4.4-dev (build 11430, commit 9d76dc1da-dirty) | built with GNU 15.3.0 for Linux x86_64
# model: /home/crusaderky/.cache/huggingface/hub/models--bartowski--Ling-3.0-tiny-GGUF/snapshots/ea072726af0d2e8ba325b2f90fc0efa762105a91/Ling-3.0-tiny-IQ3_XS.gguf size=3777807424 mtime=2026-08-22T17:44:00+00:00 sha256/1048576B=01be6a34ed40f674dcac10bc80b57d7f57954b522781a884a9194fbfb37b72dc
llama-perplexity --kl-divergence-base /tmp/logits.dat --ctx-size 32768 -f sample-data/wiki.test.head-2.4k.raw -fa on --hf-repo bartowski/Ling-3.0-tiny-GGUF:IQ3_XS --cache-type-k q3_0 --cache-type-v q3_0 --kl-divergence
0.00.915.785 W load: special_eos_id is not in special_eog_ids - the tokenizer config may be incorrect
0.01.797.342 I cmn          init: llama threadpool init, n_threads = 16
0.01.862.628 I 
0.01.862.700 I system_info: n_threads = 16 (n_threads_batch = 16) / 32 | CUDA : ARCHS = 750,800,860,890,900,1000,1030,1200,1210 | USE_GRAPHS = 1 | FA_ALL_QUANTS = 1 | CPU : SSE3 = 1 | SSSE3 = 1 | AVX = 1 | AVX2 = 1 | F16C = 1 | FMA = 1 | BMI2 = 1 | LLAMAFILE = 1 | OPENMP = 1 | REPACK = 1 | 
0.01.954.073 I kl_divergence: computing over 5 chunks, n_ctx=32768, batch_size=512, n_seq=1
0.10.198.464 I kl_divergence: 8.24 seconds per pass - ETA 0.68 minutes

chunk             PPL               ln(PPL(Q)/PPL(base))          KL Divergence              Δp RMS            Same top p        Same sampled p
   1      25.0941 ±    0.6777       0.07112 ±    0.00692       0.20736 ±    0.00290    12.575 ±  0.187 %    79.735 ±  0.314 %    48.501 ±  0.274 %
   2      26.1401 ±    0.5093       0.08253 ±    0.00492       0.21178 ±    0.00212    12.656 ±  0.135 %    79.863 ±  0.222 %    47.939 ±  0.194 %
   3      27.1464 ±    0.4361       0.08564 ±    0.00410       0.21954 ±    0.00177    12.828 ±  0.112 %    79.383 ±  0.182 %    47.840 ±  0.158 %
   4      24.3392 ±    0.3361       0.08202 ±    0.00359       0.22159 ±    0.00156    12.977 ±  0.097 %    79.819 ±  0.157 %    48.978 ±  0.138 %
   5      24.4001 ±    0.3022       0.08246 ±    0.00328       0.22783 ±    0.00144    13.191 ±  0.087 %    79.603 ±  0.141 %    49.174 ±  0.123 %

====== Perplexity statistics ======
Mean PPL(Q)                   :  24.400091 ±   0.302196
Mean PPL(base)                :  22.468784 ±   0.276246
Cor(ln(PPL(Q)), ln(PPL(base))):  96.48%
Mean ln(PPL(Q)/PPL(base))     :   0.082460 ±   0.003276
Mean PPL(Q)/PPL(base)         :   1.085955 ±   0.003558
Mean PPL(Q)-PPL(base)         :   1.931307 ±   0.080948

====== KL divergence statistics ======
Mean    KLD:   0.227827 ±   0.001435
Maximum KLD:  15.026177
99.9%   KLD:   4.425624
99.0%   KLD:   1.950377
95.0%   KLD:   0.855460
90.0%   KLD:   0.547311
Median  KLD:   0.107561
10.0%   KLD:   0.001155
 5.0%   KLD:   0.000180
 1.0%   KLD:   0.000012
 0.1%   KLD:  -0.000000
Minimum KLD:  -0.000198

====== Token probability statistics ======
Mean    Δp: -1.373 ± 0.046 %
Maximum Δp: 98.377%
99.9%   Δp: 74.043%
99.0%   Δp: 38.410%
95.0%   Δp: 14.812%
90.0%   Δp:  6.604%
75.0%   Δp:  0.396%
Median  Δp: -0.004%
25.0%   Δp: -1.581%
10.0%   Δp: -11.748%
 5.0%   Δp: -22.530%
 1.0%   Δp: -52.183%
 0.1%   Δp: -85.686%
Minimum Δp: -99.881%
RMS Δp    : 13.191 ± 0.087 %
Same top p: 79.603 ± 0.141 %
Same sampled p: 49.174 ± 0.123 %

------------------------------
# llama-perplexity: version: 0.4.4-dev (build 11430, commit 9d76dc1da-dirty) | built with GNU 15.3.0 for Linux x86_64
# model: <unresolved>
llama-perplexity --kl-divergence-base /tmp/logits.dat --ctx-size 32768 -f sample-data/wiki.test.head-2.4k.raw -fa on --hf-repo bartowski/Ling-3.0-tiny-GGUF:IQ3_XXS --cache-type-k f16 --cache-type-v f16 --kl-divergence
4.56.317.778 W load: special_eos_id is not in special_eog_ids - the tokenizer config may be incorrect
4.57.118.831 I cmn          init: llama threadpool init, n_threads = 16
4.57.180.521 I 
4.57.180.591 I system_info: n_threads = 16 (n_threads_batch = 16) / 32 | CUDA : ARCHS = 750,800,860,890,900,1000,1030,1200,1210 | USE_GRAPHS = 1 | FA_ALL_QUANTS = 1 | CPU : SSE3 = 1 | SSSE3 = 1 | AVX = 1 | AVX2 = 1 | F16C = 1 | FMA = 1 | BMI2 = 1 | LLAMAFILE = 1 | OPENMP = 1 | REPACK = 1 | 
4.57.275.044 I kl_divergence: computing over 5 chunks, n_ctx=32768, batch_size=512, n_seq=1
5.05.375.101 I kl_divergence: 8.10 seconds per pass - ETA 0.67 minutes

chunk             PPL               ln(PPL(Q)/PPL(base))          KL Divergence              Δp RMS            Same top p        Same sampled p
   1      24.5278 ±    0.6523       0.04830 ±    0.00705       0.21178 ±    0.00290    12.812 ±  0.193 %    79.998 ±  0.313 %    47.628 ±  0.274 %
   2      25.0746 ±    0.4765       0.04092 ±    0.00498       0.21328 ±    0.00209    12.745 ±  0.137 %    79.924 ±  0.221 %    47.000 ±  0.195 %
   3      26.4874 ±    0.4148       0.06106 ±    0.00418       0.22201 ±    0.00176    12.964 ±  0.113 %    79.349 ±  0.183 %    46.686 ±  0.159 %
   4      23.7546 ±    0.3193       0.05771 ±    0.00363       0.22230 ±    0.00156    13.086 ±  0.098 %    79.644 ±  0.157 %    47.836 ±  0.138 %
   5      23.9369 ±    0.2888       0.06329 ±    0.00332       0.23064 ±    0.00145    13.293 ±  0.087 %    79.487 ±  0.141 %    47.941 ±  0.123 %

====== Perplexity statistics ======
Mean PPL(Q)                   :  23.936880 ±   0.288804
Mean PPL(base)                :  22.468784 ±   0.276246
Cor(ln(PPL(Q)), ln(PPL(base))):  96.30%
Mean ln(PPL(Q)/PPL(base))     :   0.063293 ±   0.003322
Mean PPL(Q)/PPL(base)         :   1.065339 ±   0.003539
Mean PPL(Q)-PPL(base)         :   1.468096 ±   0.077868

====== KL divergence statistics ======
Mean    KLD:   0.230640 ±   0.001447
Maximum KLD:  12.019049
99.9%   KLD:   4.656206
99.0%   KLD:   1.970353
95.0%   KLD:   0.849734
90.0%   KLD:   0.544865
Median  KLD:   0.109445
10.0%   KLD:   0.001455
 5.0%   KLD:   0.000261
 1.0%   KLD:   0.000022
 0.1%   KLD:   0.000002
Minimum KLD:  -0.000110

====== Token probability statistics ======
Mean    Δp: -2.167 ± 0.046 %
Maximum Δp: 95.095%
99.9%   Δp: 69.008%
99.0%   Δp: 34.333%
95.0%   Δp: 12.668%
90.0%   Δp:  5.312%
75.0%   Δp:  0.223%
Median  Δp: -0.018%
25.0%   Δp: -2.214%
10.0%   Δp: -13.478%
 5.0%   Δp: -25.029%
 1.0%   Δp: -53.922%
 0.1%   Δp: -87.073%
Minimum Δp: -99.802%
RMS Δp    : 13.293 ± 0.087 %
Same top p: 79.487 ± 0.141 %
Same sampled p: 47.941 ± 0.123 %

# llama-perplexity: version: 0.4.4-dev (build 11430, commit 9d76dc1da-dirty) | built with GNU 15.3.0 for Linux x86_64
# model: /home/crusaderky/.cache/huggingface/hub/models--bartowski--Ling-3.0-tiny-GGUF/snapshots/ea072726af0d2e8ba325b2f90fc0efa762105a91/Ling-3.0-tiny-IQ3_XXS.gguf size=3464425792 mtime=2026-08-22T17:55:18+00:00 sha256/1048576B=01be6a34ed40f674dcac10bc80b57d7f57954b522781a884a9194fbfb37b72dc
------------------------------
# llama-perplexity: version: 0.4.4-dev (build 11430, commit 9d76dc1da-dirty) | built with GNU 15.3.0 for Linux x86_64
# model: /home/crusaderky/.cache/huggingface/hub/models--bartowski--Ling-3.0-tiny-GGUF/snapshots/ea072726af0d2e8ba325b2f90fc0efa762105a91/Ling-3.0-tiny-IQ3_XXS.gguf size=3464425792 mtime=2026-08-22T17:55:18+00:00 sha256/1048576B=01be6a34ed40f674dcac10bc80b57d7f57954b522781a884a9194fbfb37b72dc
llama-perplexity --kl-divergence-base /tmp/logits.dat --ctx-size 32768 -f sample-data/wiki.test.head-2.4k.raw -fa on --hf-repo bartowski/Ling-3.0-tiny-GGUF:IQ3_XXS --cache-type-k q8_0 --cache-type-v q8_0 --kl-divergence
0.00.922.920 W load: special_eos_id is not in special_eog_ids - the tokenizer config may be incorrect
0.01.715.159 I cmn          init: llama threadpool init, n_threads = 16
0.01.781.679 I 
0.01.781.734 I system_info: n_threads = 16 (n_threads_batch = 16) / 32 | CUDA : ARCHS = 750,800,860,890,900,1000,1030,1200,1210 | USE_GRAPHS = 1 | FA_ALL_QUANTS = 1 | CPU : SSE3 = 1 | SSSE3 = 1 | AVX = 1 | AVX2 = 1 | F16C = 1 | FMA = 1 | BMI2 = 1 | LLAMAFILE = 1 | OPENMP = 1 | REPACK = 1 | 
0.01.876.717 I kl_divergence: computing over 5 chunks, n_ctx=32768, batch_size=512, n_seq=1
0.10.053.907 I kl_divergence: 8.18 seconds per pass - ETA 0.67 minutes

chunk             PPL               ln(PPL(Q)/PPL(base))          KL Divergence              Δp RMS            Same top p        Same sampled p
   1      24.3655 ±    0.6473       0.04165 ±    0.00704       0.21034 ±    0.00286    12.760 ±  0.192 %    80.016 ±  0.312 %    47.668 ±  0.274 %
   2      24.9681 ±    0.4744       0.03666 ±    0.00498       0.21283 ±    0.00208    12.694 ±  0.137 %    79.982 ±  0.221 %    47.050 ±  0.195 %
   3      26.4217 ±    0.4139       0.05858 ±    0.00418       0.22163 ±    0.00176    12.934 ±  0.113 %    79.403 ±  0.182 %    46.740 ±  0.159 %
   4      23.7063 ±    0.3187       0.05567 ±    0.00363       0.22229 ±    0.00156    13.061 ±  0.098 %    79.625 ±  0.157 %    47.885 ±  0.138 %
   5      23.8704 ±    0.2880       0.06051 ±    0.00332       0.23067 ±    0.00145    13.277 ±  0.087 %    79.460 ±  0.141 %    47.985 ±  0.123 %

====== Perplexity statistics ======
Mean PPL(Q)                   :  23.870386 ±   0.287958
Mean PPL(base)                :  22.468784 ±   0.276246
Cor(ln(PPL(Q)), ln(PPL(base))):  96.29%
Mean ln(PPL(Q)/PPL(base))     :   0.060512 ±   0.003324
Mean PPL(Q)/PPL(base)         :   1.062380 ±   0.003532
Mean PPL(Q)-PPL(base)         :   1.401602 ±   0.077686

====== KL divergence statistics ======
Mean    KLD:   0.230672 ±   0.001454
Maximum KLD:  13.835522
99.9%   KLD:   4.745905
99.0%   KLD:   1.985720
95.0%   KLD:   0.847726
90.0%   KLD:   0.545573
Median  KLD:   0.109623
10.0%   KLD:   0.001441
 5.0%   KLD:   0.000264
 1.0%   KLD:   0.000022
 0.1%   KLD:   0.000001
Minimum KLD:  -0.000156

====== Token probability statistics ======
Mean    Δp: -2.114 ± 0.046 %
Maximum Δp: 96.752%
99.9%   Δp: 68.358%
99.0%   Δp: 34.442%
95.0%   Δp: 12.744%
90.0%   Δp:  5.340%
75.0%   Δp:  0.232%
Median  Δp: -0.018%
25.0%   Δp: -2.194%
10.0%   Δp: -13.296%
 5.0%   Δp: -24.988%
 1.0%   Δp: -54.005%
 0.1%   Δp: -87.413%
Minimum Δp: -99.828%
RMS Δp    : 13.277 ± 0.087 %
Same top p: 79.460 ± 0.141 %
Same sampled p: 47.985 ± 0.123 %

------------------------------
# llama-perplexity: version: 0.4.4-dev (build 11430, commit 9d76dc1da-dirty) | built with GNU 15.3.0 for Linux x86_64
# model: /home/crusaderky/.cache/huggingface/hub/models--bartowski--Ling-3.0-tiny-GGUF/snapshots/ea072726af0d2e8ba325b2f90fc0efa762105a91/Ling-3.0-tiny-IQ3_XXS.gguf size=3464425792 mtime=2026-08-22T17:55:18+00:00 sha256/1048576B=01be6a34ed40f674dcac10bc80b57d7f57954b522781a884a9194fbfb37b72dc
llama-perplexity --kl-divergence-base /tmp/logits.dat --ctx-size 32768 -f sample-data/wiki.test.head-2.4k.raw -fa on --hf-repo bartowski/Ling-3.0-tiny-GGUF:IQ3_XXS --cache-type-k q6_0 --cache-type-v q6_0 --kl-divergence
0.00.944.936 W load: special_eos_id is not in special_eog_ids - the tokenizer config may be incorrect
0.01.759.270 I cmn          init: llama threadpool init, n_threads = 16
0.01.824.910 I 
0.01.824.979 I system_info: n_threads = 16 (n_threads_batch = 16) / 32 | CUDA : ARCHS = 750,800,860,890,900,1000,1030,1200,1210 | USE_GRAPHS = 1 | FA_ALL_QUANTS = 1 | CPU : SSE3 = 1 | SSSE3 = 1 | AVX = 1 | AVX2 = 1 | F16C = 1 | FMA = 1 | BMI2 = 1 | LLAMAFILE = 1 | OPENMP = 1 | REPACK = 1 | 
0.01.915.714 I kl_divergence: computing over 5 chunks, n_ctx=32768, batch_size=512, n_seq=1
0.10.027.387 I kl_divergence: 8.11 seconds per pass - ETA 0.67 minutes

chunk             PPL               ln(PPL(Q)/PPL(base))          KL Divergence              Δp RMS            Same top p        Same sampled p
   1      24.1557 ±    0.6407       0.03301 ±    0.00703       0.20876 ±    0.00282    12.731 ±  0.192 %    79.888 ±  0.313 %    47.713 ±  0.274 %
   2      24.8775 ±    0.4722       0.03303 ±    0.00497       0.21200 ±    0.00206    12.670 ±  0.136 %    79.933 ±  0.221 %    47.052 ±  0.195 %
   3      26.3145 ±    0.4118       0.05451 ±    0.00417       0.22125 ±    0.00175    12.913 ±  0.113 %    79.346 ±  0.183 %    46.716 ±  0.159 %
   4      23.6487 ±    0.3177       0.05324 ±    0.00363       0.22210 ±    0.00155    13.055 ±  0.098 %    79.627 ±  0.157 %    47.850 ±  0.138 %
   5      23.8162 ±    0.2871       0.05824 ±    0.00332       0.23066 ±    0.00145    13.270 ±  0.087 %    79.468 ±  0.141 %    47.950 ±  0.123 %

====== Perplexity statistics ======
Mean PPL(Q)                   :  23.816216 ±   0.287123
Mean PPL(base)                :  22.468784 ±   0.276246
Cor(ln(PPL(Q)), ln(PPL(base))):  96.30%
Mean ln(PPL(Q)/PPL(base))     :   0.058240 ±   0.003319
Mean PPL(Q)/PPL(base)         :   1.059969 ±   0.003518
Mean PPL(Q)-PPL(base)         :   1.347432 ±   0.077351

====== KL divergence statistics ======
Mean    KLD:   0.230655 ±   0.001448
Maximum KLD:  15.831067
99.9%   KLD:   4.488186
99.0%   KLD:   1.979445
95.0%   KLD:   0.857117
90.0%   KLD:   0.545903
Median  KLD:   0.109234
10.0%   KLD:   0.001459
 5.0%   KLD:   0.000265
 1.0%   KLD:   0.000023
 0.1%   KLD:   0.000001
Minimum KLD:  -0.000058

====== Token probability statistics ======
Mean    Δp: -2.123 ± 0.046 %
Maximum Δp: 97.170%
99.9%   Δp: 71.469%
99.0%   Δp: 34.692%
95.0%   Δp: 12.804%
90.0%   Δp:  5.263%
75.0%   Δp:  0.229%
Median  Δp: -0.018%
25.0%   Δp: -2.216%
10.0%   Δp: -13.349%
 5.0%   Δp: -24.806%
 1.0%   Δp: -53.908%
 0.1%   Δp: -86.683%
Minimum Δp: -99.851%
RMS Δp    : 13.270 ± 0.087 %
Same top p: 79.468 ± 0.141 %
Same sampled p: 47.950 ± 0.123 %

------------------------------
# llama-perplexity: version: 0.4.4-dev (build 11430, commit 9d76dc1da-dirty) | built with GNU 15.3.0 for Linux x86_64
# model: /home/crusaderky/.cache/huggingface/hub/models--bartowski--Ling-3.0-tiny-GGUF/snapshots/ea072726af0d2e8ba325b2f90fc0efa762105a91/Ling-3.0-tiny-IQ3_XXS.gguf size=3464425792 mtime=2026-08-22T17:55:18+00:00 sha256/1048576B=01be6a34ed40f674dcac10bc80b57d7f57954b522781a884a9194fbfb37b72dc
llama-perplexity --kl-divergence-base /tmp/logits.dat --ctx-size 32768 -f sample-data/wiki.test.head-2.4k.raw -fa on --hf-repo bartowski/Ling-3.0-tiny-GGUF:IQ3_XXS --cache-type-k q5_1 --cache-type-v q5_1 --kl-divergence
0.00.948.245 W load: special_eos_id is not in special_eog_ids - the tokenizer config may be incorrect
0.01.744.283 I cmn          init: llama threadpool init, n_threads = 16
0.01.805.975 I 
0.01.806.042 I system_info: n_threads = 16 (n_threads_batch = 16) / 32 | CUDA : ARCHS = 750,800,860,890,900,1000,1030,1200,1210 | USE_GRAPHS = 1 | FA_ALL_QUANTS = 1 | CPU : SSE3 = 1 | SSSE3 = 1 | AVX = 1 | AVX2 = 1 | F16C = 1 | FMA = 1 | BMI2 = 1 | LLAMAFILE = 1 | OPENMP = 1 | REPACK = 1 | 
0.01.894.413 I kl_divergence: computing over 5 chunks, n_ctx=32768, batch_size=512, n_seq=1
0.10.017.192 I kl_divergence: 8.12 seconds per pass - ETA 0.67 minutes

chunk             PPL               ln(PPL(Q)/PPL(base))          KL Divergence              Δp RMS            Same top p        Same sampled p
   1      24.2852 ±    0.6445       0.03836 ±    0.00704       0.21043 ±    0.00286    12.720 ±  0.190 %    80.089 ±  0.312 %    47.651 ±  0.274 %
   2      24.9776 ±    0.4743       0.03704 ±    0.00498       0.21280 ±    0.00206    12.715 ±  0.136 %    79.882 ±  0.221 %    47.006 ±  0.195 %
   3      26.4012 ±    0.4133       0.05780 ±    0.00418       0.22211 ±    0.00175    12.959 ±  0.113 %    79.245 ±  0.183 %    46.684 ±  0.158 %
   4      23.6847 ±    0.3180       0.05476 ±    0.00363       0.22278 ±    0.00155    13.089 ±  0.098 %    79.477 ±  0.158 %    47.797 ±  0.138 %
   5      23.8364 ±    0.2872       0.05909 ±    0.00332       0.23111 ±    0.00144    13.311 ±  0.087 %    79.335 ±  0.141 %    47.893 ±  0.123 %

====== Perplexity statistics ======
Mean PPL(Q)                   :  23.836390 ±   0.287160
Mean PPL(base)                :  22.468784 ±   0.276246
Cor(ln(PPL(Q)), ln(PPL(base))):  96.30%
Mean ln(PPL(Q)/PPL(base))     :   0.059086 ±   0.003318
Mean PPL(Q)/PPL(base)         :   1.060867 ±   0.003520
Mean PPL(Q)-PPL(base)         :   1.367605 ±   0.077346

====== KL divergence statistics ======
Mean    KLD:   0.231113 ±   0.001443
Maximum KLD:  13.612484
99.9%   KLD:   4.655822
99.0%   KLD:   1.988665
95.0%   KLD:   0.855791
90.0%   KLD:   0.549727
Median  KLD:   0.110549
10.0%   KLD:   0.001452
 5.0%   KLD:   0.000270
 1.0%   KLD:   0.000024
 0.1%   KLD:   0.000001
Minimum KLD:  -0.000083

====== Token probability statistics ======
Mean    Δp: -2.179 ± 0.046 %
Maximum Δp: 95.446%
99.9%   Δp: 67.888%
99.0%   Δp: 34.286%
95.0%   Δp: 12.636%
90.0%   Δp:  5.274%
75.0%   Δp:  0.223%
Median  Δp: -0.019%
25.0%   Δp: -2.232%
10.0%   Δp: -13.587%
 5.0%   Δp: -25.084%
 1.0%   Δp: -54.436%
 0.1%   Δp: -86.954%
Minimum Δp: -99.836%
RMS Δp    : 13.311 ± 0.087 %
Same top p: 79.335 ± 0.141 %
Same sampled p: 47.893 ± 0.123 %

------------------------------
# llama-perplexity: version: 0.4.4-dev (build 11430, commit 9d76dc1da-dirty) | built with GNU 15.3.0 for Linux x86_64
# model: /home/crusaderky/.cache/huggingface/hub/models--bartowski--Ling-3.0-tiny-GGUF/snapshots/ea072726af0d2e8ba325b2f90fc0efa762105a91/Ling-3.0-tiny-IQ3_XXS.gguf size=3464425792 mtime=2026-08-22T17:55:18+00:00 sha256/1048576B=01be6a34ed40f674dcac10bc80b57d7f57954b522781a884a9194fbfb37b72dc
llama-perplexity --kl-divergence-base /tmp/logits.dat --ctx-size 32768 -f sample-data/wiki.test.head-2.4k.raw -fa on --hf-repo bartowski/Ling-3.0-tiny-GGUF:IQ3_XXS --cache-type-k q5_0 --cache-type-v q5_0 --kl-divergence
0.00.916.652 W load: special_eos_id is not in special_eog_ids - the tokenizer config may be incorrect
0.01.761.950 I cmn          init: llama threadpool init, n_threads = 16
0.01.827.633 I 
0.01.827.694 I system_info: n_threads = 16 (n_threads_batch = 16) / 32 | CUDA : ARCHS = 750,800,860,890,900,1000,1030,1200,1210 | USE_GRAPHS = 1 | FA_ALL_QUANTS = 1 | CPU : SSE3 = 1 | SSSE3 = 1 | AVX = 1 | AVX2 = 1 | F16C = 1 | FMA = 1 | BMI2 = 1 | LLAMAFILE = 1 | OPENMP = 1 | REPACK = 1 | 
0.01.917.700 I kl_divergence: computing over 5 chunks, n_ctx=32768, batch_size=512, n_seq=1
0.10.046.997 I kl_divergence: 8.13 seconds per pass - ETA 0.67 minutes

chunk             PPL               ln(PPL(Q)/PPL(base))          KL Divergence              Δp RMS            Same top p        Same sampled p
   1      24.3704 ±    0.6467       0.04186 ±    0.00705       0.21128 ±    0.00286    12.833 ±  0.191 %    79.979 ±  0.313 %    47.632 ±  0.274 %
   2      24.8714 ±    0.4717       0.03278 ±    0.00497       0.21338 ±    0.00207    12.766 ±  0.136 %    79.979 ±  0.221 %    46.995 ±  0.195 %
   3      26.2803 ±    0.4108       0.05321 ±    0.00418       0.22260 ±    0.00176    13.006 ±  0.113 %    79.285 ±  0.183 %    46.660 ±  0.158 %
   4      23.6269 ±    0.3172       0.05232 ±    0.00363       0.22338 ±    0.00156    13.148 ±  0.098 %    79.593 ±  0.157 %    47.837 ±  0.138 %
   5      23.8220 ±    0.2872       0.05848 ±    0.00333       0.23174 ±    0.00145    13.349 ±  0.088 %    79.460 ±  0.141 %    47.940 ±  0.123 %

====== Perplexity statistics ======
Mean PPL(Q)                   :  23.822038 ±   0.287172
Mean PPL(base)                :  22.468784 ±   0.276246
Cor(ln(PPL(Q)), ln(PPL(base))):  96.29%
Mean ln(PPL(Q)/PPL(base))     :   0.058484 ±   0.003327
Mean PPL(Q)/PPL(base)         :   1.060228 ±   0.003527
Mean PPL(Q)-PPL(base)         :   1.353254 ±   0.077535

====== KL divergence statistics ======
Mean    KLD:   0.231744 ±   0.001452
Maximum KLD:  13.379008
99.9%   KLD:   4.617978
99.0%   KLD:   2.000477
95.0%   KLD:   0.849527
90.0%   KLD:   0.547310
Median  KLD:   0.110542
10.0%   KLD:   0.001436
 5.0%   KLD:   0.000258
 1.0%   KLD:   0.000023
 0.1%   KLD:   0.000001
Minimum KLD:  -0.000129

====== Token probability statistics ======
Mean    Δp: -2.137 ± 0.046 %
Maximum Δp: 97.452%
99.9%   Δp: 69.216%
99.0%   Δp: 34.639%
95.0%   Δp: 12.812%
90.0%   Δp:  5.416%
75.0%   Δp:  0.240%
Median  Δp: -0.017%
25.0%   Δp: -2.187%
10.0%   Δp: -13.401%
 5.0%   Δp: -25.057%
 1.0%   Δp: -54.329%
 0.1%   Δp: -87.561%
Minimum Δp: -99.841%
RMS Δp    : 13.349 ± 0.088 %
Same top p: 79.460 ± 0.141 %
Same sampled p: 47.940 ± 0.123 %

------------------------------
# llama-perplexity: version: 0.4.4-dev (build 11430, commit 9d76dc1da-dirty) | built with GNU 15.3.0 for Linux x86_64
# model: /home/crusaderky/.cache/huggingface/hub/models--bartowski--Ling-3.0-tiny-GGUF/snapshots/ea072726af0d2e8ba325b2f90fc0efa762105a91/Ling-3.0-tiny-IQ3_XXS.gguf size=3464425792 mtime=2026-08-22T17:55:18+00:00 sha256/1048576B=01be6a34ed40f674dcac10bc80b57d7f57954b522781a884a9194fbfb37b72dc
llama-perplexity --kl-divergence-base /tmp/logits.dat --ctx-size 32768 -f sample-data/wiki.test.head-2.4k.raw -fa on --hf-repo bartowski/Ling-3.0-tiny-GGUF:IQ3_XXS --cache-type-k q4_1 --cache-type-v q4_1 --kl-divergence
0.00.896.628 W load: special_eos_id is not in special_eog_ids - the tokenizer config may be incorrect
0.01.706.694 I cmn          init: llama threadpool init, n_threads = 16
0.01.770.766 I 
0.01.770.841 I system_info: n_threads = 16 (n_threads_batch = 16) / 32 | CUDA : ARCHS = 750,800,860,890,900,1000,1030,1200,1210 | USE_GRAPHS = 1 | FA_ALL_QUANTS = 1 | CPU : SSE3 = 1 | SSSE3 = 1 | AVX = 1 | AVX2 = 1 | F16C = 1 | FMA = 1 | BMI2 = 1 | LLAMAFILE = 1 | OPENMP = 1 | REPACK = 1 | 
0.01.859.921 I kl_divergence: computing over 5 chunks, n_ctx=32768, batch_size=512, n_seq=1
0.10.020.617 I kl_divergence: 8.16 seconds per pass - ETA 0.67 minutes

chunk             PPL               ln(PPL(Q)/PPL(base))          KL Divergence              Δp RMS            Same top p        Same sampled p
   1      24.2565 ±    0.6428       0.03717 ±    0.00710       0.21469 ±    0.00294    12.974 ±  0.197 %    79.723 ±  0.314 %    47.554 ±  0.274 %
   2      24.9810 ±    0.4738       0.03718 ±    0.00501       0.21688 ±    0.00210    12.865 ±  0.138 %    79.647 ±  0.222 %    46.893 ±  0.195 %
   3      26.4290 ±    0.4132       0.05886 ±    0.00421       0.22699 ±    0.00179    13.112 ±  0.114 %    79.045 ±  0.184 %    46.554 ±  0.159 %
   4      23.7807 ±    0.3192       0.05881 ±    0.00366       0.22767 ±    0.00159    13.291 ±  0.099 %    79.326 ±  0.158 %    47.689 ±  0.138 %
   5      23.9221 ±    0.2883       0.06268 ±    0.00335       0.23583 ±    0.00147    13.475 ±  0.088 %    79.191 ±  0.142 %    47.832 ±  0.123 %

====== Perplexity statistics ======
Mean PPL(Q)                   :  23.922089 ±   0.288319
Mean PPL(base)                :  22.468784 ±   0.276246
Cor(ln(PPL(Q)), ln(PPL(base))):  96.23%
Mean ln(PPL(Q)/PPL(base))     :   0.062675 ±   0.003350
Mean PPL(Q)/PPL(base)         :   1.064681 ±   0.003567
Mean PPL(Q)-PPL(base)         :   1.453305 ±   0.078397

====== KL divergence statistics ======
Mean    KLD:   0.235831 ±   0.001470
Maximum KLD:  12.744362
99.9%   KLD:   4.729702
99.0%   KLD:   2.014381
95.0%   KLD:   0.873886
90.0%   KLD:   0.558464
Median  KLD:   0.112423
10.0%   KLD:   0.001509
 5.0%   KLD:   0.000272
 1.0%   KLD:   0.000022
 0.1%   KLD:   0.000001
Minimum KLD:  -0.000084

====== Token probability statistics ======
Mean    Δp: -2.199 ± 0.046 %
Maximum Δp: 97.045%
99.9%   Δp: 71.531%
99.0%   Δp: 35.296%
95.0%   Δp: 12.874%
90.0%   Δp:  5.299%
75.0%   Δp:  0.221%
Median  Δp: -0.020%
25.0%   Δp: -2.247%
10.0%   Δp: -13.692%
 5.0%   Δp: -25.233%
 1.0%   Δp: -55.097%
 0.1%   Δp: -88.236%
Minimum Δp: -99.795%
RMS Δp    : 13.475 ± 0.088 %
Same top p: 79.191 ± 0.142 %
Same sampled p: 47.832 ± 0.123 %

------------------------------
# llama-perplexity: version: 0.4.4-dev (build 11430, commit 9d76dc1da-dirty) | built with GNU 15.3.0 for Linux x86_64
# model: /home/crusaderky/.cache/huggingface/hub/models--bartowski--Ling-3.0-tiny-GGUF/snapshots/ea072726af0d2e8ba325b2f90fc0efa762105a91/Ling-3.0-tiny-IQ3_XXS.gguf size=3464425792 mtime=2026-08-22T17:55:18+00:00 sha256/1048576B=01be6a34ed40f674dcac10bc80b57d7f57954b522781a884a9194fbfb37b72dc
llama-perplexity --kl-divergence-base /tmp/logits.dat --ctx-size 32768 -f sample-data/wiki.test.head-2.4k.raw -fa on --hf-repo bartowski/Ling-3.0-tiny-GGUF:IQ3_XXS --cache-type-k q4_0 --cache-type-v q4_0 --kl-divergence
0.00.928.146 W load: special_eos_id is not in special_eog_ids - the tokenizer config may be incorrect
0.01.730.603 I cmn          init: llama threadpool init, n_threads = 16
0.01.796.490 I 
0.01.796.563 I system_info: n_threads = 16 (n_threads_batch = 16) / 32 | CUDA : ARCHS = 750,800,860,890,900,1000,1030,1200,1210 | USE_GRAPHS = 1 | FA_ALL_QUANTS = 1 | CPU : SSE3 = 1 | SSSE3 = 1 | AVX = 1 | AVX2 = 1 | F16C = 1 | FMA = 1 | BMI2 = 1 | LLAMAFILE = 1 | OPENMP = 1 | REPACK = 1 | 
0.01.888.508 I kl_divergence: computing over 5 chunks, n_ctx=32768, batch_size=512, n_seq=1
0.10.032.769 I kl_divergence: 8.14 seconds per pass - ETA 0.67 minutes

chunk             PPL               ln(PPL(Q)/PPL(base))          KL Divergence              Δp RMS            Same top p        Same sampled p
   1      24.7041 ±    0.6572       0.05546 ±    0.00715       0.21929 ±    0.00297    13.026 ±  0.194 %    79.668 ±  0.314 %    47.490 ±  0.274 %
   2      25.2617 ±    0.4813       0.04835 ±    0.00504       0.21928 ±    0.00213    12.849 ±  0.136 %    79.674 ±  0.222 %    46.958 ±  0.195 %
   3      26.6428 ±    0.4180       0.06691 ±    0.00423       0.22798 ±    0.00179    13.093 ±  0.113 %    79.167 ±  0.183 %    46.617 ±  0.158 %
   4      23.8612 ±    0.3210       0.06219 ±    0.00368       0.22838 ±    0.00159    13.244 ±  0.098 %    79.462 ±  0.158 %    47.726 ±  0.138 %
   5      23.9827 ±    0.2896       0.06521 ±    0.00336       0.23616 ±    0.00147    13.430 ±  0.088 %    79.319 ±  0.142 %    47.865 ±  0.123 %

====== Perplexity statistics ======
Mean PPL(Q)                   :  23.982724 ±   0.289556
Mean PPL(base)                :  22.468784 ±   0.276246
Cor(ln(PPL(Q)), ln(PPL(base))):  96.21%
Mean ln(PPL(Q)/PPL(base))     :   0.065207 ±   0.003363
Mean PPL(Q)/PPL(base)         :   1.067380 ±   0.003590
Mean PPL(Q)-PPL(base)         :   1.513939 ±   0.079031

====== KL divergence statistics ======
Mean    KLD:   0.236158 ±   0.001469
Maximum KLD:  12.054503
99.9%   KLD:   4.763349
99.0%   KLD:   2.002008
95.0%   KLD:   0.871131
90.0%   KLD:   0.558936
Median  KLD:   0.113035
10.0%   KLD:   0.001502
 5.0%   KLD:   0.000274
 1.0%   KLD:   0.000022
 0.1%   KLD:   0.000001
Minimum KLD:  -0.000061

====== Token probability statistics ======
Mean    Δp: -2.180 ± 0.046 %
Maximum Δp: 97.687%
99.9%   Δp: 70.012%
99.0%   Δp: 35.153%
95.0%   Δp: 12.853%
90.0%   Δp:  5.294%
75.0%   Δp:  0.227%
Median  Δp: -0.019%
25.0%   Δp: -2.245%
10.0%   Δp: -13.608%
 5.0%   Δp: -25.227%
 1.0%   Δp: -54.804%
 0.1%   Δp: -87.199%
Minimum Δp: -99.627%
RMS Δp    : 13.430 ± 0.088 %
Same top p: 79.319 ± 0.142 %
Same sampled p: 47.865 ± 0.123 %

------------------------------
# llama-perplexity: version: 0.4.4-dev (build 11430, commit 9d76dc1da-dirty) | built with GNU 15.3.0 for Linux x86_64
# model: /home/crusaderky/.cache/huggingface/hub/models--bartowski--Ling-3.0-tiny-GGUF/snapshots/ea072726af0d2e8ba325b2f90fc0efa762105a91/Ling-3.0-tiny-IQ3_XXS.gguf size=3464425792 mtime=2026-08-22T17:55:18+00:00 sha256/1048576B=01be6a34ed40f674dcac10bc80b57d7f57954b522781a884a9194fbfb37b72dc
llama-perplexity --kl-divergence-base /tmp/logits.dat --ctx-size 32768 -f sample-data/wiki.test.head-2.4k.raw -fa on --hf-repo bartowski/Ling-3.0-tiny-GGUF:IQ3_XXS --cache-type-k q3_1 --cache-type-v q3_1 --kl-divergence
0.00.920.936 W load: special_eos_id is not in special_eog_ids - the tokenizer config may be incorrect
0.01.703.996 I cmn          init: llama threadpool init, n_threads = 16
0.01.766.849 I 
0.01.766.923 I system_info: n_threads = 16 (n_threads_batch = 16) / 32 | CUDA : ARCHS = 750,800,860,890,900,1000,1030,1200,1210 | USE_GRAPHS = 1 | FA_ALL_QUANTS = 1 | CPU : SSE3 = 1 | SSSE3 = 1 | AVX = 1 | AVX2 = 1 | F16C = 1 | FMA = 1 | BMI2 = 1 | LLAMAFILE = 1 | OPENMP = 1 | REPACK = 1 | 
0.01.854.597 I kl_divergence: computing over 5 chunks, n_ctx=32768, batch_size=512, n_seq=1
0.09.996.809 I kl_divergence: 8.14 seconds per pass - ETA 0.67 minutes

chunk             PPL               ln(PPL(Q)/PPL(base))          KL Divergence              Δp RMS            Same top p        Same sampled p
   1      24.7785 ±    0.6538       0.05846 ±    0.00761       0.24461 ±    0.00324    13.872 ±  0.201 %    78.557 ±  0.321 %    46.674 ±  0.274 %
   2      25.4965 ±    0.4838       0.05761 ±    0.00535       0.24587 ±    0.00235    13.707 ±  0.142 %    78.414 ±  0.227 %    46.341 ±  0.195 %
   3      26.9119 ±    0.4201       0.07696 ±    0.00448       0.25508 ±    0.00198    13.877 ±  0.117 %    77.859 ±  0.187 %    45.969 ±  0.158 %
   4      24.0708 ±    0.3224       0.07093 ±    0.00387       0.25318 ±    0.00173    13.970 ±  0.101 %    78.200 ±  0.161 %    47.130 ±  0.138 %
   5      24.2121 ±    0.2912       0.07472 ±    0.00354       0.26213 ±    0.00161    14.167 ±  0.090 %    78.127 ±  0.144 %    47.286 ±  0.123 %

====== Perplexity statistics ======
Mean PPL(Q)                   :  24.212084 ±   0.291201
Mean PPL(base)                :  22.468784 ±   0.276246
Cor(ln(PPL(Q)), ln(PPL(base))):  95.80%
Mean ln(PPL(Q)/PPL(base))     :   0.074725 ±   0.003535
Mean PPL(Q)/PPL(base)         :   1.077588 ±   0.003809
Mean PPL(Q)-PPL(base)         :   1.743300 ±   0.083567

====== KL divergence statistics ======
Mean    KLD:   0.262127 ±   0.001611
Maximum KLD:  12.987298
99.9%   KLD:   4.864518
99.0%   KLD:   2.219023
95.0%   KLD:   0.970045
90.0%   KLD:   0.623919
Median  KLD:   0.125328
10.0%   KLD:   0.001745
 5.0%   KLD:   0.000321
 1.0%   KLD:   0.000027
 0.1%   KLD:   0.000002
Minimum KLD:  -0.000164

====== Token probability statistics ======
Mean    Δp: -2.530 ± 0.049 %
Maximum Δp: 97.263%
99.9%   Δp: 71.934%
99.0%   Δp: 35.358%
95.0%   Δp: 13.107%
90.0%   Δp:  5.397%
75.0%   Δp:  0.211%
Median  Δp: -0.027%
25.0%   Δp: -2.610%
10.0%   Δp: -14.970%
 5.0%   Δp: -27.270%
 1.0%   Δp: -58.537%
 0.1%   Δp: -90.266%
Minimum Δp: -99.994%
RMS Δp    : 14.167 ± 0.090 %
Same top p: 78.127 ± 0.144 %
Same sampled p: 47.286 ± 0.123 %

------------------------------
# llama-perplexity: version: 0.4.4-dev (build 11430, commit 9d76dc1da-dirty) | built with GNU 15.3.0 for Linux x86_64
# model: /home/crusaderky/.cache/huggingface/hub/models--bartowski--Ling-3.0-tiny-GGUF/snapshots/ea072726af0d2e8ba325b2f90fc0efa762105a91/Ling-3.0-tiny-IQ3_XXS.gguf size=3464425792 mtime=2026-08-22T17:55:18+00:00 sha256/1048576B=01be6a34ed40f674dcac10bc80b57d7f57954b522781a884a9194fbfb37b72dc
llama-perplexity --kl-divergence-base /tmp/logits.dat --ctx-size 32768 -f sample-data/wiki.test.head-2.4k.raw -fa on --hf-repo bartowski/Ling-3.0-tiny-GGUF:IQ3_XXS --cache-type-k q3_0 --cache-type-v q3_0 --kl-divergence
0.00.928.826 W load: special_eos_id is not in special_eog_ids - the tokenizer config may be incorrect
0.01.731.312 I cmn          init: llama threadpool init, n_threads = 16
0.01.796.229 I 
0.01.796.301 I system_info: n_threads = 16 (n_threads_batch = 16) / 32 | CUDA : ARCHS = 750,800,860,890,900,1000,1030,1200,1210 | USE_GRAPHS = 1 | FA_ALL_QUANTS = 1 | CPU : SSE3 = 1 | SSSE3 = 1 | AVX = 1 | AVX2 = 1 | F16C = 1 | FMA = 1 | BMI2 = 1 | LLAMAFILE = 1 | OPENMP = 1 | REPACK = 1 | 
0.01.887.826 I kl_divergence: computing over 5 chunks, n_ctx=32768, batch_size=512, n_seq=1
0.10.064.140 I kl_divergence: 8.18 seconds per pass - ETA 0.67 minutes

chunk             PPL               ln(PPL(Q)/PPL(base))          KL Divergence              Δp RMS            Same top p        Same sampled p
   1      25.5631 ±    0.6805       0.08964 ±    0.00761       0.24668 ±    0.00333    13.935 ±  0.202 %    78.600 ±  0.320 %    46.790 ±  0.274 %
   2      26.0013 ±    0.4957       0.07721 ±    0.00535       0.24520 ±    0.00236    13.675 ±  0.141 %    78.694 ±  0.226 %    46.365 ±  0.195 %
   3      27.5897 ±    0.4341       0.10183 ±    0.00448       0.25466 ±    0.00197    13.888 ±  0.117 %    78.046 ±  0.187 %    46.081 ±  0.159 %
   4      24.6735 ±    0.3333       0.09566 ±    0.00388       0.25435 ±    0.00174    13.993 ±  0.102 %    78.330 ±  0.161 %    47.259 ±  0.138 %
   5      24.8861 ±    0.3019       0.10218 ±    0.00355       0.26303 ±    0.00161    14.175 ±  0.090 %    78.172 ±  0.144 %    47.376 ±  0.124 %

====== Perplexity statistics ======
Mean PPL(Q)                   :  24.886145 ±   0.301911
Mean PPL(base)                :  22.468784 ±   0.276246
Cor(ln(PPL(Q)), ln(PPL(base))):  95.79%
Mean ln(PPL(Q)/PPL(base))     :   0.102184 ±   0.003548
Mean PPL(Q)/PPL(base)         :   1.107588 ±   0.003929
Mean PPL(Q)-PPL(base)         :   2.417360 ±   0.087645

====== KL divergence statistics ======
Mean    KLD:   0.263034 ±   0.001607
Maximum KLD:  10.964746
99.9%   KLD:   4.974895
99.0%   KLD:   2.221984
95.0%   KLD:   0.982955
90.0%   KLD:   0.626110
Median  KLD:   0.124795
10.0%   KLD:   0.001773
 5.0%   KLD:   0.000319
 1.0%   KLD:   0.000026
 0.1%   KLD:   0.000002
Minimum KLD:  -0.000036

====== Token probability statistics ======
Mean    Δp: -2.576 ± 0.049 %
Maximum Δp: 97.392%
99.9%   Δp: 71.900%
99.0%   Δp: 34.943%
95.0%   Δp: 12.860%
90.0%   Δp:  5.302%
75.0%   Δp:  0.186%
Median  Δp: -0.029%
25.0%   Δp: -2.601%
10.0%   Δp: -14.968%
 5.0%   Δp: -27.610%
 1.0%   Δp: -58.617%
 0.1%   Δp: -89.771%
Minimum Δp: -99.899%
RMS Δp    : 14.175 ± 0.090 %
Same top p: 78.172 ± 0.144 %
Same sampled p: 47.376 ± 0.124 %

------------------------------
# llama-perplexity: version: 0.4.4-dev (build 11430, commit 9d76dc1da-dirty) | built with GNU 15.3.0 for Linux x86_64
# model: <unresolved>
llama-perplexity --kl-divergence-base /tmp/logits.dat --ctx-size 32768 -f sample-data/wiki.test.head-2.4k.raw -fa on --hf-repo noctrex/Ling-3.0-tiny-MXFP4_MOE-GGUF:MXFP4_MOE_BF16 --cache-type-k f16 --cache-type-v f16 --kl-divergence
6.59.461.570 W load: special_eos_id is not in special_eog_ids - the tokenizer config may be incorrect
7.00.662.528 I cmn          init: llama threadpool init, n_threads = 16
7.00.807.334 I 
7.00.807.394 I system_info: n_threads = 16 (n_threads_batch = 16) / 32 | CUDA : ARCHS = 750,800,860,890,900,1000,1030,1200,1210 | USE_GRAPHS = 1 | FA_ALL_QUANTS = 1 | CPU : SSE3 = 1 | SSSE3 = 1 | AVX = 1 | AVX2 = 1 | F16C = 1 | FMA = 1 | BMI2 = 1 | LLAMAFILE = 1 | OPENMP = 1 | REPACK = 1 | 
7.00.900.395 I kl_divergence: computing over 5 chunks, n_ctx=32768, batch_size=512, n_seq=1
7.08.845.890 I kl_divergence: 7.95 seconds per pass - ETA 0.65 minutes

chunk             PPL               ln(PPL(Q)/PPL(base))          KL Divergence              Δp RMS            Same top p        Same sampled p
   1      24.9121 ±    0.6831       0.06384 ±    0.00453       0.08614 ±    0.00136     8.566 ±  0.168 %    87.139 ±  0.262 %    50.880 ±  0.272 %
   2      25.8085 ±    0.5067       0.06977 ±    0.00327       0.08954 ±    0.00115     8.738 ±  0.119 %    86.852 ±  0.187 %    50.097 ±  0.194 %
   3      26.7391 ±    0.4298       0.07052 ±    0.00271       0.09128 ±    0.00091     8.675 ±  0.095 %    86.665 ±  0.153 %    49.781 ±  0.158 %
   4      24.1535 ±    0.3325       0.07436 ±    0.00236       0.09263 ±    0.00080     8.820 ±  0.083 %    86.764 ±  0.132 %    50.639 ±  0.137 %
   5      24.0884 ±    0.2973       0.06960 ±    0.00213       0.09432 ±    0.00073     8.850 ±  0.073 %    86.687 ±  0.119 %    50.936 ±  0.122 %

====== Perplexity statistics ======
Mean PPL(Q)                   :  24.088426 ±   0.297287
Mean PPL(base)                :  22.468784 ±   0.276246
Cor(ln(PPL(Q)), ln(PPL(base))):  98.51%
Mean ln(PPL(Q)/PPL(base))     :   0.069605 ±   0.002129
Mean PPL(Q)/PPL(base)         :   1.072084 ±   0.002283
Mean PPL(Q)-PPL(base)         :   1.619642 ±   0.053808

====== KL divergence statistics ======
Mean    KLD:   0.094324 ±   0.000730
Maximum KLD:  13.337337
99.9%   KLD:   2.469233
99.0%   KLD:   0.890391
95.0%   KLD:   0.350618
90.0%   KLD:   0.219789
Median  KLD:   0.040260
10.0%   KLD:   0.000418
 5.0%   KLD:   0.000076
 1.0%   KLD:   0.000005
 0.1%   KLD:  -0.000004
Minimum KLD:  -0.000258

====== Token probability statistics ======
Mean    Δp: -1.006 ± 0.031 %
Maximum Δp: 98.382%
99.9%   Δp: 54.560%
99.0%   Δp: 23.819%
95.0%   Δp:  8.627%
90.0%   Δp:  3.635%
75.0%   Δp:  0.174%
Median  Δp: -0.006%
25.0%   Δp: -1.013%
10.0%   Δp: -7.347%
 5.0%   Δp: -14.179%
 1.0%   Δp: -34.588%
 0.1%   Δp: -69.212%
Minimum Δp: -99.531%
RMS Δp    :  8.850 ± 0.073 %
Same top p: 86.687 ± 0.119 %
Same sampled p: 50.936 ± 0.122 %

# llama-perplexity: version: 0.4.4-dev (build 11430, commit 9d76dc1da-dirty) | built with GNU 15.3.0 for Linux x86_64
# model: /home/crusaderky/.cache/huggingface/hub/models--noctrex--Ling-3.0-tiny-MXFP4_MOE-GGUF/snapshots/2475d2c8129bcd26b2f199ec5b6a21b1db92528c/Ling-3.0-tiny-MXFP4_MOE_BF16.gguf size=5602763616 mtime=2026-08-22T18:08:36+00:00 sha256/1048576B=f726d0a68ddd69350fdb260e596b1d5e8c68021257cd9ad566d0eda0ecd2a47b
------------------------------
# llama-perplexity: version: 0.4.4-dev (build 11430, commit 9d76dc1da-dirty) | built with GNU 15.3.0 for Linux x86_64
# model: /home/crusaderky/.cache/huggingface/hub/models--noctrex--Ling-3.0-tiny-MXFP4_MOE-GGUF/snapshots/2475d2c8129bcd26b2f199ec5b6a21b1db92528c/Ling-3.0-tiny-MXFP4_MOE_BF16.gguf size=5602763616 mtime=2026-08-22T18:08:36+00:00 sha256/1048576B=f726d0a68ddd69350fdb260e596b1d5e8c68021257cd9ad566d0eda0ecd2a47b
llama-perplexity --kl-divergence-base /tmp/logits.dat --ctx-size 32768 -f sample-data/wiki.test.head-2.4k.raw -fa on --hf-repo noctrex/Ling-3.0-tiny-MXFP4_MOE-GGUF:MXFP4_MOE_BF16 --cache-type-k q8_0 --cache-type-v q8_0 --kl-divergence
0.00.980.167 W load: special_eos_id is not in special_eog_ids - the tokenizer config may be incorrect
0.02.200.960 I cmn          init: llama threadpool init, n_threads = 16
0.02.333.728 I 
0.02.333.803 I system_info: n_threads = 16 (n_threads_batch = 16) / 32 | CUDA : ARCHS = 750,800,860,890,900,1000,1030,1200,1210 | USE_GRAPHS = 1 | FA_ALL_QUANTS = 1 | CPU : SSE3 = 1 | SSSE3 = 1 | AVX = 1 | AVX2 = 1 | F16C = 1 | FMA = 1 | BMI2 = 1 | LLAMAFILE = 1 | OPENMP = 1 | REPACK = 1 | 
0.02.422.528 I kl_divergence: computing over 5 chunks, n_ctx=32768, batch_size=512, n_seq=1
0.10.417.596 I kl_divergence: 8.00 seconds per pass - ETA 0.65 minutes

chunk             PPL               ln(PPL(Q)/PPL(base))          KL Divergence              Δp RMS            Same top p        Same sampled p
   1      24.9647 ±    0.6852       0.06595 ±    0.00455       0.08664 ±    0.00141     8.573 ±  0.168 %    87.188 ±  0.261 %    50.901 ±  0.272 %
   2      25.7802 ±    0.5062       0.06867 ±    0.00328       0.08961 ±    0.00116     8.725 ±  0.120 %    86.874 ±  0.187 %    50.113 ±  0.194 %
   3      26.7364 ±    0.4300       0.07042 ±    0.00272       0.09139 ±    0.00092     8.666 ±  0.095 %    86.691 ±  0.153 %    49.815 ±  0.158 %
   4      24.1554 ±    0.3326       0.07444 ±    0.00237       0.09279 ±    0.00081     8.814 ±  0.083 %    86.793 ±  0.132 %    50.659 ±  0.137 %
   5      24.0937 ±    0.2975       0.06982 ±    0.00213       0.09434 ±    0.00074     8.829 ±  0.073 %    86.762 ±  0.118 %    50.952 ±  0.122 %

====== Perplexity statistics ======
Mean PPL(Q)                   :  24.093653 ±   0.297482
Mean PPL(base)                :  22.468784 ±   0.276246
Cor(ln(PPL(Q)), ln(PPL(base))):  98.50%
Mean ln(PPL(Q)/PPL(base))     :   0.069821 ±   0.002133
Mean PPL(Q)/PPL(base)         :   1.072317 ±   0.002288
Mean PPL(Q)-PPL(base)         :   1.624869 ±   0.053973

====== KL divergence statistics ======
Mean    KLD:   0.094341 ±   0.000736
Maximum KLD:  13.687999
99.9%   KLD:   2.518277
99.0%   KLD:   0.880546
95.0%   KLD:   0.350443
90.0%   KLD:   0.219424
Median  KLD:   0.040183
10.0%   KLD:   0.000412
 5.0%   KLD:   0.000077
 1.0%   KLD:   0.000005
 0.1%   KLD:  -0.000004
Minimum KLD:  -0.000241

====== Token probability statistics ======
Mean    Δp: -0.991 ± 0.031 %
Maximum Δp: 98.412%
99.9%   Δp: 53.990%
99.0%   Δp: 23.767%
95.0%   Δp:  8.610%
90.0%   Δp:  3.656%
75.0%   Δp:  0.176%
Median  Δp: -0.006%
25.0%   Δp: -1.016%
10.0%   Δp: -7.298%
 5.0%   Δp: -14.132%
 1.0%   Δp: -34.325%
 0.1%   Δp: -69.431%
Minimum Δp: -99.503%
RMS Δp    :  8.829 ± 0.073 %
Same top p: 86.762 ± 0.118 %
Same sampled p: 50.952 ± 0.122 %

------------------------------
# llama-perplexity: version: 0.4.4-dev (build 11430, commit 9d76dc1da-dirty) | built with GNU 15.3.0 for Linux x86_64
# model: /home/crusaderky/.cache/huggingface/hub/models--noctrex--Ling-3.0-tiny-MXFP4_MOE-GGUF/snapshots/2475d2c8129bcd26b2f199ec5b6a21b1db92528c/Ling-3.0-tiny-MXFP4_MOE_BF16.gguf size=5602763616 mtime=2026-08-22T18:08:36+00:00 sha256/1048576B=f726d0a68ddd69350fdb260e596b1d5e8c68021257cd9ad566d0eda0ecd2a47b
llama-perplexity --kl-divergence-base /tmp/logits.dat --ctx-size 32768 -f sample-data/wiki.test.head-2.4k.raw -fa on --hf-repo noctrex/Ling-3.0-tiny-MXFP4_MOE-GGUF:MXFP4_MOE_BF16 --cache-type-k q6_0 --cache-type-v q6_0 --kl-divergence
0.00.915.238 W load: special_eos_id is not in special_eog_ids - the tokenizer config may be incorrect
0.02.112.601 I cmn          init: llama threadpool init, n_threads = 16
0.02.239.692 I 
0.02.239.767 I system_info: n_threads = 16 (n_threads_batch = 16) / 32 | CUDA : ARCHS = 750,800,860,890,900,1000,1030,1200,1210 | USE_GRAPHS = 1 | FA_ALL_QUANTS = 1 | CPU : SSE3 = 1 | SSSE3 = 1 | AVX = 1 | AVX2 = 1 | F16C = 1 | FMA = 1 | BMI2 = 1 | LLAMAFILE = 1 | OPENMP = 1 | REPACK = 1 | 
0.02.324.708 I kl_divergence: computing over 5 chunks, n_ctx=32768, batch_size=512, n_seq=1
0.10.323.214 I kl_divergence: 8.00 seconds per pass - ETA 0.65 minutes

chunk             PPL               ln(PPL(Q)/PPL(base))          KL Divergence              Δp RMS            Same top p        Same sampled p
   1      24.9912 ±    0.6852       0.06701 ±    0.00454       0.08715 ±    0.00143     8.606 ±  0.170 %    87.060 ±  0.262 %    50.813 ±  0.272 %
   2      25.7976 ±    0.5063       0.06935 ±    0.00328       0.09015 ±    0.00118     8.751 ±  0.121 %    86.901 ±  0.186 %    50.068 ±  0.194 %
   3      26.7775 ±    0.4308       0.07195 ±    0.00272       0.09181 ±    0.00093     8.695 ±  0.095 %    86.657 ±  0.153 %    49.793 ±  0.158 %
   4      24.1917 ±    0.3333       0.07594 ±    0.00237       0.09323 ±    0.00081     8.845 ±  0.083 %    86.715 ±  0.133 %    50.653 ±  0.137 %
   5      24.0929 ±    0.2975       0.06979 ±    0.00214       0.09475 ±    0.00074     8.861 ±  0.073 %    86.642 ±  0.119 %    50.945 ±  0.123 %

====== Perplexity statistics ======
Mean PPL(Q)                   :  24.092890 ±   0.297540
Mean PPL(base)                :  22.468784 ±   0.276246
Cor(ln(PPL(Q)), ln(PPL(base))):  98.50%
Mean ln(PPL(Q)/PPL(base))     :   0.069790 ±   0.002136
Mean PPL(Q)/PPL(base)         :   1.072283 ±   0.002290
Mean PPL(Q)-PPL(base)         :   1.624106 ±   0.054052

====== KL divergence statistics ======
Mean    KLD:   0.094745 ±   0.000736
Maximum KLD:  13.503160
99.9%   KLD:   2.558104
99.0%   KLD:   0.886159
95.0%   KLD:   0.352019
90.0%   KLD:   0.219465
Median  KLD:   0.040334
10.0%   KLD:   0.000411
 5.0%   KLD:   0.000077
 1.0%   KLD:   0.000005
 0.1%   KLD:  -0.000004
Minimum KLD:  -0.000257

====== Token probability statistics ======
Mean    Δp: -0.981 ± 0.031 %
Maximum Δp: 97.652%
99.9%   Δp: 54.850%
99.0%   Δp: 24.092%
95.0%   Δp:  8.790%
90.0%   Δp:  3.696%
75.0%   Δp:  0.180%
Median  Δp: -0.006%
25.0%   Δp: -1.025%
10.0%   Δp: -7.290%
 5.0%   Δp: -14.025%
 1.0%   Δp: -34.808%
 0.1%   Δp: -68.657%
Minimum Δp: -99.584%
RMS Δp    :  8.861 ± 0.073 %
Same top p: 86.642 ± 0.119 %
Same sampled p: 50.945 ± 0.123 %

------------------------------
# llama-perplexity: version: 0.4.4-dev (build 11430, commit 9d76dc1da-dirty) | built with GNU 15.3.0 for Linux x86_64
# model: /home/crusaderky/.cache/huggingface/hub/models--noctrex--Ling-3.0-tiny-MXFP4_MOE-GGUF/snapshots/2475d2c8129bcd26b2f199ec5b6a21b1db92528c/Ling-3.0-tiny-MXFP4_MOE_BF16.gguf size=5602763616 mtime=2026-08-22T18:08:36+00:00 sha256/1048576B=f726d0a68ddd69350fdb260e596b1d5e8c68021257cd9ad566d0eda0ecd2a47b
llama-perplexity --kl-divergence-base /tmp/logits.dat --ctx-size 32768 -f sample-data/wiki.test.head-2.4k.raw -fa on --hf-repo noctrex/Ling-3.0-tiny-MXFP4_MOE-GGUF:MXFP4_MOE_BF16 --cache-type-k q5_1 --cache-type-v q5_1 --kl-divergence
0.00.961.176 W load: special_eos_id is not in special_eog_ids - the tokenizer config may be incorrect
0.02.195.588 I cmn          init: llama threadpool init, n_threads = 16
0.02.330.060 I 
0.02.330.133 I system_info: n_threads = 16 (n_threads_batch = 16) / 32 | CUDA : ARCHS = 750,800,860,890,900,1000,1030,1200,1210 | USE_GRAPHS = 1 | FA_ALL_QUANTS = 1 | CPU : SSE3 = 1 | SSSE3 = 1 | AVX = 1 | AVX2 = 1 | F16C = 1 | FMA = 1 | BMI2 = 1 | LLAMAFILE = 1 | OPENMP = 1 | REPACK = 1 | 
0.02.419.669 I kl_divergence: computing over 5 chunks, n_ctx=32768, batch_size=512, n_seq=1
0.10.385.480 I kl_divergence: 7.97 seconds per pass - ETA 0.65 minutes

chunk             PPL               ln(PPL(Q)/PPL(base))          KL Divergence              Δp RMS            Same top p        Same sampled p
   1      24.9732 ±    0.6835       0.06629 ±    0.00459       0.08825 ±    0.00140     8.604 ±  0.167 %    86.980 ±  0.263 %    50.720 ±  0.272 %
   2      25.8970 ±    0.5082       0.07319 ±    0.00331       0.09176 ±    0.00117     8.779 ±  0.119 %    86.736 ±  0.187 %    50.006 ±  0.194 %
   3      26.9041 ±    0.4330       0.07667 ±    0.00276       0.09404 ±    0.00095     8.818 ±  0.096 %    86.484 ±  0.154 %    49.738 ±  0.158 %
   4      24.2763 ±    0.3345       0.07944 ±    0.00240       0.09524 ±    0.00082     8.969 ±  0.084 %    86.578 ±  0.133 %    50.584 ±  0.137 %
   5      24.1866 ±    0.2988       0.07367 ±    0.00215       0.09627 ±    0.00073     8.959 ±  0.074 %    86.524 ±  0.119 %    50.905 ±  0.123 %

====== Perplexity statistics ======
Mean PPL(Q)                   :  24.186572 ±   0.298799
Mean PPL(base)                :  22.468784 ±   0.276246
Cor(ln(PPL(Q)), ln(PPL(base))):  98.47%
Mean ln(PPL(Q)/PPL(base))     :   0.073671 ±   0.002154
Mean PPL(Q)/PPL(base)         :   1.076452 ±   0.002319
Mean PPL(Q)-PPL(base)         :   1.717788 ±   0.055036

====== KL divergence statistics ======
Mean    KLD:   0.096272 ±   0.000732
Maximum KLD:  13.269993
99.9%   KLD:   2.569275
99.0%   KLD:   0.911720
95.0%   KLD:   0.357798
90.0%   KLD:   0.223339
Median  KLD:   0.040950
10.0%   KLD:   0.000426
 5.0%   KLD:   0.000077
 1.0%   KLD:   0.000005
 0.1%   KLD:  -0.000004
Minimum KLD:  -0.000226

====== Token probability statistics ======
Mean    Δp: -1.028 ± 0.031 %
Maximum Δp: 98.251%
99.9%   Δp: 54.500%
99.0%   Δp: 24.427%
95.0%   Δp:  8.716%
90.0%   Δp:  3.677%
75.0%   Δp:  0.177%
Median  Δp: -0.007%
25.0%   Δp: -1.060%
10.0%   Δp: -7.507%
 5.0%   Δp: -14.389%
 1.0%   Δp: -35.048%
 0.1%   Δp: -69.333%
Minimum Δp: -99.553%
RMS Δp    :  8.959 ± 0.074 %
Same top p: 86.524 ± 0.119 %
Same sampled p: 50.905 ± 0.123 %

------------------------------
# llama-perplexity: version: 0.4.4-dev (build 11430, commit 9d76dc1da-dirty) | built with GNU 15.3.0 for Linux x86_64
# model: /home/crusaderky/.cache/huggingface/hub/models--noctrex--Ling-3.0-tiny-MXFP4_MOE-GGUF/snapshots/2475d2c8129bcd26b2f199ec5b6a21b1db92528c/Ling-3.0-tiny-MXFP4_MOE_BF16.gguf size=5602763616 mtime=2026-08-22T18:08:36+00:00 sha256/1048576B=f726d0a68ddd69350fdb260e596b1d5e8c68021257cd9ad566d0eda0ecd2a47b
llama-perplexity --kl-divergence-base /tmp/logits.dat --ctx-size 32768 -f sample-data/wiki.test.head-2.4k.raw -fa on --hf-repo noctrex/Ling-3.0-tiny-MXFP4_MOE-GGUF:MXFP4_MOE_BF16 --cache-type-k q5_0 --cache-type-v q5_0 --kl-divergence
0.00.921.432 W load: special_eos_id is not in special_eog_ids - the tokenizer config may be incorrect
0.02.138.498 I cmn          init: llama threadpool init, n_threads = 16
0.02.266.567 I 
0.02.266.636 I system_info: n_threads = 16 (n_threads_batch = 16) / 32 | CUDA : ARCHS = 750,800,860,890,900,1000,1030,1200,1210 | USE_GRAPHS = 1 | FA_ALL_QUANTS = 1 | CPU : SSE3 = 1 | SSSE3 = 1 | AVX = 1 | AVX2 = 1 | F16C = 1 | FMA = 1 | BMI2 = 1 | LLAMAFILE = 1 | OPENMP = 1 | REPACK = 1 | 
0.02.353.633 I kl_divergence: computing over 5 chunks, n_ctx=32768, batch_size=512, n_seq=1
0.10.327.823 I kl_divergence: 7.97 seconds per pass - ETA 0.65 minutes

chunk             PPL               ln(PPL(Q)/PPL(base))          KL Divergence              Δp RMS            Same top p        Same sampled p
   1      24.9515 ±    0.6848       0.06542 ±    0.00456       0.08758 ±    0.00139     8.527 ±  0.167 %    87.145 ±  0.261 %    50.898 ±  0.272 %
   2      25.7506 ±    0.5058       0.06752 ±    0.00329       0.09039 ±    0.00116     8.684 ±  0.119 %    86.849 ±  0.187 %    50.140 ±  0.194 %
   3      26.6716 ±    0.4289       0.06799 ±    0.00273       0.09258 ±    0.00093     8.679 ±  0.096 %    86.565 ±  0.154 %    49.811 ±  0.158 %
   4      24.0883 ±    0.3317       0.07166 ±    0.00238       0.09377 ±    0.00081     8.826 ±  0.083 %    86.669 ±  0.133 %    50.673 ±  0.137 %
   5      24.0738 ±    0.2972       0.06900 ±    0.00215       0.09555 ±    0.00073     8.866 ±  0.073 %    86.609 ±  0.119 %    50.951 ±  0.122 %

====== Perplexity statistics ======
Mean PPL(Q)                   :  24.073793 ±   0.297233
Mean PPL(base)                :  22.468784 ±   0.276246
Cor(ln(PPL(Q)), ln(PPL(base))):  98.48%
Mean ln(PPL(Q)/PPL(base))     :   0.068997 ±   0.002147
Mean PPL(Q)/PPL(base)         :   1.071433 ±   0.002301
Mean PPL(Q)-PPL(base)         :   1.605009 ±   0.054158

====== KL divergence statistics ======
Mean    KLD:   0.095554 ±   0.000734
Maximum KLD:  13.623630
99.9%   KLD:   2.462785
99.0%   KLD:   0.894986
95.0%   KLD:   0.354530
90.0%   KLD:   0.222308
Median  KLD:   0.040600
10.0%   KLD:   0.000414
 5.0%   KLD:   0.000077
 1.0%   KLD:   0.000005
 0.1%   KLD:  -0.000003
Minimum KLD:  -0.000296

====== Token probability statistics ======
Mean    Δp: -0.970 ± 0.031 %
Maximum Δp: 97.166%
99.9%   Δp: 55.415%
99.0%   Δp: 24.326%
95.0%   Δp:  8.722%
90.0%   Δp:  3.696%
75.0%   Δp:  0.185%
Median  Δp: -0.006%
25.0%   Δp: -1.003%
10.0%   Δp: -7.303%
 5.0%   Δp: -14.126%
 1.0%   Δp: -34.519%
 0.1%   Δp: -68.962%
Minimum Δp: -99.282%
RMS Δp    :  8.866 ± 0.073 %
Same top p: 86.609 ± 0.119 %
Same sampled p: 50.951 ± 0.122 %

------------------------------
# llama-perplexity: version: 0.4.4-dev (build 11430, commit 9d76dc1da-dirty) | built with GNU 15.3.0 for Linux x86_64
# model: /home/crusaderky/.cache/huggingface/hub/models--noctrex--Ling-3.0-tiny-MXFP4_MOE-GGUF/snapshots/2475d2c8129bcd26b2f199ec5b6a21b1db92528c/Ling-3.0-tiny-MXFP4_MOE_BF16.gguf size=5602763616 mtime=2026-08-22T18:08:36+00:00 sha256/1048576B=f726d0a68ddd69350fdb260e596b1d5e8c68021257cd9ad566d0eda0ecd2a47b
llama-perplexity --kl-divergence-base /tmp/logits.dat --ctx-size 32768 -f sample-data/wiki.test.head-2.4k.raw -fa on --hf-repo noctrex/Ling-3.0-tiny-MXFP4_MOE-GGUF:MXFP4_MOE_BF16 --cache-type-k q4_1 --cache-type-v q4_1 --kl-divergence
0.00.965.964 W load: special_eos_id is not in special_eog_ids - the tokenizer config may be incorrect
0.02.192.524 I cmn          init: llama threadpool init, n_threads = 16
0.02.317.427 I 
0.02.317.511 I system_info: n_threads = 16 (n_threads_batch = 16) / 32 | CUDA : ARCHS = 750,800,860,890,900,1000,1030,1200,1210 | USE_GRAPHS = 1 | FA_ALL_QUANTS = 1 | CPU : SSE3 = 1 | SSSE3 = 1 | AVX = 1 | AVX2 = 1 | F16C = 1 | FMA = 1 | BMI2 = 1 | LLAMAFILE = 1 | OPENMP = 1 | REPACK = 1 | 
0.02.403.431 I kl_divergence: computing over 5 chunks, n_ctx=32768, batch_size=512, n_seq=1
0.10.380.854 I kl_divergence: 7.98 seconds per pass - ETA 0.65 minutes

chunk             PPL               ln(PPL(Q)/PPL(base))          KL Divergence              Δp RMS            Same top p        Same sampled p
   1      25.0589 ±    0.6887       0.06972 ±    0.00477       0.09459 ±    0.00151     8.924 ±  0.172 %    86.620 ±  0.266 %    50.771 ±  0.272 %
   2      25.9074 ±    0.5092       0.07359 ±    0.00340       0.09669 ±    0.00121     8.962 ±  0.120 %    86.401 ±  0.189 %    49.998 ±  0.194 %
   3      26.7980 ±    0.4304       0.07272 ±    0.00281       0.09893 ±    0.00097     8.964 ±  0.096 %    86.089 ±  0.156 %    49.587 ±  0.158 %
   4      24.2380 ±    0.3334       0.07786 ±    0.00245       0.10034 ±    0.00084     9.160 ±  0.084 %    86.187 ±  0.135 %    50.430 ±  0.137 %
   5      24.1781 ±    0.2983       0.07332 ±    0.00220       0.10170 ±    0.00077     9.167 ±  0.074 %    86.176 ±  0.121 %    50.752 ±  0.123 %

====== Perplexity statistics ======
Mean PPL(Q)                   :  24.178119 ±   0.298259
Mean PPL(base)                :  22.468784 ±   0.276246
Cor(ln(PPL(Q)), ln(PPL(base))):  98.40%
Mean ln(PPL(Q)/PPL(base))     :   0.073321 ±   0.002202
Mean PPL(Q)/PPL(base)         :   1.076076 ±   0.002370
Mean PPL(Q)-PPL(base)         :   1.709334 ±   0.055837

====== KL divergence statistics ======
Mean    KLD:   0.101699 ±   0.000770
Maximum KLD:  13.428215
99.9%   KLD:   2.556492
99.0%   KLD:   0.954760
95.0%   KLD:   0.377146
90.0%   KLD:   0.236289
Median  KLD:   0.043101
10.0%   KLD:   0.000456
 5.0%   KLD:   0.000083
 1.0%   KLD:   0.000006
 0.1%   KLD:  -0.000002
Minimum KLD:  -0.000155

====== Token probability statistics ======
Mean    Δp: -1.099 ± 0.032 %
Maximum Δp: 97.440%
99.9%   Δp: 56.212%
99.0%   Δp: 24.592%
95.0%   Δp:  8.876%
90.0%   Δp:  3.698%
75.0%   Δp:  0.171%
Median  Δp: -0.007%
25.0%   Δp: -1.116%
10.0%   Δp: -7.770%
 5.0%   Δp: -14.974%
 1.0%   Δp: -36.095%
 0.1%   Δp: -69.856%
Minimum Δp: -98.926%
RMS Δp    :  9.167 ± 0.074 %
Same top p: 86.176 ± 0.121 %
Same sampled p: 50.752 ± 0.123 %

------------------------------
# llama-perplexity: version: 0.4.4-dev (build 11430, commit 9d76dc1da-dirty) | built with GNU 15.3.0 for Linux x86_64
# model: /home/crusaderky/.cache/huggingface/hub/models--noctrex--Ling-3.0-tiny-MXFP4_MOE-GGUF/snapshots/2475d2c8129bcd26b2f199ec5b6a21b1db92528c/Ling-3.0-tiny-MXFP4_MOE_BF16.gguf size=5602763616 mtime=2026-08-22T18:08:36+00:00 sha256/1048576B=f726d0a68ddd69350fdb260e596b1d5e8c68021257cd9ad566d0eda0ecd2a47b
llama-perplexity --kl-divergence-base /tmp/logits.dat --ctx-size 32768 -f sample-data/wiki.test.head-2.4k.raw -fa on --hf-repo noctrex/Ling-3.0-tiny-MXFP4_MOE-GGUF:MXFP4_MOE_BF16 --cache-type-k q4_0 --cache-type-v q4_0 --kl-divergence
0.00.941.938 W load: special_eos_id is not in special_eog_ids - the tokenizer config may be incorrect
0.02.170.026 I cmn          init: llama threadpool init, n_threads = 16
0.02.299.671 I 
0.02.299.745 I system_info: n_threads = 16 (n_threads_batch = 16) / 32 | CUDA : ARCHS = 750,800,860,890,900,1000,1030,1200,1210 | USE_GRAPHS = 1 | FA_ALL_QUANTS = 1 | CPU : SSE3 = 1 | SSSE3 = 1 | AVX = 1 | AVX2 = 1 | F16C = 1 | FMA = 1 | BMI2 = 1 | LLAMAFILE = 1 | OPENMP = 1 | REPACK = 1 | 
0.02.388.381 I kl_divergence: computing over 5 chunks, n_ctx=32768, batch_size=512, n_seq=1
0.10.418.493 I kl_divergence: 8.03 seconds per pass - ETA 0.67 minutes

chunk             PPL               ln(PPL(Q)/PPL(base))          KL Divergence              Δp RMS            Same top p        Same sampled p
   1      24.7781 ±    0.6781       0.05845 ±    0.00476       0.09416 ±    0.00150     8.941 ±  0.171 %    86.681 ±  0.265 %    50.630 ±  0.272 %
   2      25.7382 ±    0.5052       0.06704 ±    0.00340       0.09642 ±    0.00121     8.968 ±  0.119 %    86.535 ±  0.189 %    49.951 ±  0.194 %
   3      26.8126 ±    0.4313       0.07327 ±    0.00283       0.09922 ±    0.00097     8.986 ±  0.096 %    86.183 ±  0.156 %    49.621 ±  0.158 %
   4      24.2440 ±    0.3339       0.07810 ±    0.00247       0.10062 ±    0.00084     9.144 ±  0.083 %    86.283 ±  0.134 %    50.472 ±  0.137 %
   5      24.1452 ±    0.2981       0.07196 ±    0.00221       0.10244 ±    0.00078     9.158 ±  0.074 %    86.203 ±  0.120 %    50.768 ±  0.123 %

====== Perplexity statistics ======
Mean PPL(Q)                   :  24.145169 ±   0.298064
Mean PPL(base)                :  22.468784 ±   0.276246
Cor(ln(PPL(Q)), ln(PPL(base))):  98.39%
Mean ln(PPL(Q)/PPL(base))     :   0.071957 ±   0.002215
Mean PPL(Q)/PPL(base)         :   1.074610 ±   0.002380
Mean PPL(Q)-PPL(base)         :   1.676385 ±   0.055995

====== KL divergence statistics ======
Mean    KLD:   0.102444 ±   0.000777
Maximum KLD:  13.295288
99.9%   KLD:   2.627748
99.0%   KLD:   0.942218
95.0%   KLD:   0.382208
90.0%   KLD:   0.239356
Median  KLD:   0.043763
10.0%   KLD:   0.000460
 5.0%   KLD:   0.000085
 1.0%   KLD:   0.000006
 0.1%   KLD:  -0.000003
Minimum KLD:  -0.000200

====== Token probability statistics ======
Mean    Δp: -1.064 ± 0.032 %
Maximum Δp: 97.680%
99.9%   Δp: 57.551%
99.0%   Δp: 24.839%
95.0%   Δp:  8.948%
90.0%   Δp:  3.765%
75.0%   Δp:  0.172%
Median  Δp: -0.007%
25.0%   Δp: -1.098%
10.0%   Δp: -7.701%
 5.0%   Δp: -14.859%
 1.0%   Δp: -35.583%
 0.1%   Δp: -68.654%
Minimum Δp: -99.475%
RMS Δp    :  9.158 ± 0.074 %
Same top p: 86.203 ± 0.120 %
Same sampled p: 50.768 ± 0.123 %

------------------------------
# llama-perplexity: version: 0.4.4-dev (build 11430, commit 9d76dc1da-dirty) | built with GNU 15.3.0 for Linux x86_64
# model: /home/crusaderky/.cache/huggingface/hub/models--noctrex--Ling-3.0-tiny-MXFP4_MOE-GGUF/snapshots/2475d2c8129bcd26b2f199ec5b6a21b1db92528c/Ling-3.0-tiny-MXFP4_MOE_BF16.gguf size=5602763616 mtime=2026-08-22T18:08:36+00:00 sha256/1048576B=f726d0a68ddd69350fdb260e596b1d5e8c68021257cd9ad566d0eda0ecd2a47b
llama-perplexity --kl-divergence-base /tmp/logits.dat --ctx-size 32768 -f sample-data/wiki.test.head-2.4k.raw -fa on --hf-repo noctrex/Ling-3.0-tiny-MXFP4_MOE-GGUF:MXFP4_MOE_BF16 --cache-type-k q3_1 --cache-type-v q3_1 --kl-divergence
0.00.912.377 W load: special_eos_id is not in special_eog_ids - the tokenizer config may be incorrect
0.02.121.373 I cmn          init: llama threadpool init, n_threads = 16
0.02.247.092 I 
0.02.247.166 I system_info: n_threads = 16 (n_threads_batch = 16) / 32 | CUDA : ARCHS = 750,800,860,890,900,1000,1030,1200,1210 | USE_GRAPHS = 1 | FA_ALL_QUANTS = 1 | CPU : SSE3 = 1 | SSSE3 = 1 | AVX = 1 | AVX2 = 1 | F16C = 1 | FMA = 1 | BMI2 = 1 | LLAMAFILE = 1 | OPENMP = 1 | REPACK = 1 | 
0.02.333.481 I kl_divergence: computing over 5 chunks, n_ctx=32768, batch_size=512, n_seq=1
0.10.328.851 I kl_divergence: 8.00 seconds per pass - ETA 0.65 minutes

chunk             PPL               ln(PPL(Q)/PPL(base))          KL Divergence              Δp RMS            Same top p        Same sampled p
   1      25.3414 ±    0.6927       0.08093 ±    0.00535       0.11894 ±    0.00190     9.906 ±  0.179 %    84.716 ±  0.281 %    50.026 ±  0.273 %
   2      26.1674 ±    0.5122       0.08358 ±    0.00383       0.12271 ±    0.00148    10.105 ±  0.127 %    84.676 ±  0.199 %    49.318 ±  0.194 %
   3      27.2265 ±    0.4366       0.08858 ±    0.00319       0.12682 ±    0.00119    10.157 ±  0.103 %    84.221 ±  0.164 %    48.959 ±  0.158 %
   4      24.3892 ±    0.3348       0.08408 ±    0.00275       0.12608 ±    0.00103    10.228 ±  0.089 %    84.458 ±  0.142 %    49.886 ±  0.137 %
   5      24.3769 ±    0.3002       0.08151 ±    0.00247       0.12807 ±    0.00095    10.229 ±  0.079 %    84.501 ±  0.126 %    50.202 ±  0.123 %

====== Perplexity statistics ======
Mean PPL(Q)                   :  24.376881 ±   0.300249
Mean PPL(base)                :  22.468784 ±   0.276246
Cor(ln(PPL(Q)), ln(PPL(base))):  97.98%
Mean ln(PPL(Q)/PPL(base))     :   0.081508 ±   0.002474
Mean PPL(Q)/PPL(base)         :   1.084922 ±   0.002684
Mean PPL(Q)-PPL(base)         :   1.908097 ±   0.062683

====== KL divergence statistics ======
Mean    KLD:   0.128071 ±   0.000949
Maximum KLD:  13.083178
99.9%   KLD:   3.064716
99.0%   KLD:   1.191590
95.0%   KLD:   0.476709
90.0%   KLD:   0.300579
Median  KLD:   0.054315
10.0%   KLD:   0.000630
 5.0%   KLD:   0.000115
 1.0%   KLD:   0.000009
 0.1%   KLD:  -0.000002
Minimum KLD:  -0.000169

====== Token probability statistics ======
Mean    Δp: -1.315 ± 0.035 %
Maximum Δp: 99.240%
99.9%   Δp: 61.625%
99.0%   Δp: 27.658%
95.0%   Δp:  9.662%
90.0%   Δp:  3.956%
75.0%   Δp:  0.173%
Median  Δp: -0.011%
25.0%   Δp: -1.338%
10.0%   Δp: -8.922%
 5.0%   Δp: -17.028%
 1.0%   Δp: -41.091%
 0.1%   Δp: -75.497%
Minimum Δp: -99.651%
RMS Δp    : 10.229 ± 0.079 %
Same top p: 84.501 ± 0.126 %
Same sampled p: 50.202 ± 0.123 %

------------------------------
# llama-perplexity: version: 0.4.4-dev (build 11430, commit 9d76dc1da-dirty) | built with GNU 15.3.0 for Linux x86_64
# model: /home/crusaderky/.cache/huggingface/hub/models--noctrex--Ling-3.0-tiny-MXFP4_MOE-GGUF/snapshots/2475d2c8129bcd26b2f199ec5b6a21b1db92528c/Ling-3.0-tiny-MXFP4_MOE_BF16.gguf size=5602763616 mtime=2026-08-22T18:08:36+00:00 sha256/1048576B=f726d0a68ddd69350fdb260e596b1d5e8c68021257cd9ad566d0eda0ecd2a47b
llama-perplexity --kl-divergence-base /tmp/logits.dat --ctx-size 32768 -f sample-data/wiki.test.head-2.4k.raw -fa on --hf-repo noctrex/Ling-3.0-tiny-MXFP4_MOE-GGUF:MXFP4_MOE_BF16 --cache-type-k q3_0 --cache-type-v q3_0 --kl-divergence
0.00.923.931 W load: special_eos_id is not in special_eog_ids - the tokenizer config may be incorrect
0.02.155.177 I cmn          init: llama threadpool init, n_threads = 16
0.02.284.560 I 
0.02.284.634 I system_info: n_threads = 16 (n_threads_batch = 16) / 32 | CUDA : ARCHS = 750,800,860,890,900,1000,1030,1200,1210 | USE_GRAPHS = 1 | FA_ALL_QUANTS = 1 | CPU : SSE3 = 1 | SSSE3 = 1 | AVX = 1 | AVX2 = 1 | F16C = 1 | FMA = 1 | BMI2 = 1 | LLAMAFILE = 1 | OPENMP = 1 | REPACK = 1 | 
0.02.373.573 I kl_divergence: computing over 5 chunks, n_ctx=32768, batch_size=512, n_seq=1
0.10.384.300 I kl_divergence: 8.01 seconds per pass - ETA 0.67 minutes

chunk             PPL               ln(PPL(Q)/PPL(base))          KL Divergence              Δp RMS            Same top p        Same sampled p
   1      25.4980 ±    0.6974       0.08709 ±    0.00543       0.12343 ±    0.00196    10.090 ±  0.181 %    84.832 ±  0.280 %    49.916 ±  0.273 %
   2      26.3364 ±    0.5171       0.09002 ±    0.00381       0.12364 ±    0.00148     9.988 ±  0.125 %    84.710 ±  0.199 %    49.360 ±  0.194 %
   3      27.6721 ±    0.4464       0.10482 ±    0.00318       0.12818 ±    0.00121    10.075 ±  0.101 %    84.321 ±  0.164 %    49.045 ±  0.158 %
   4      24.8300 ±    0.3427       0.10199 ±    0.00277       0.12920 ±    0.00107    10.209 ±  0.088 %    84.398 ±  0.142 %    49.924 ±  0.137 %
   5      24.7379 ±    0.3062       0.09621 ±    0.00250       0.13124 ±    0.00097    10.246 ±  0.078 %    84.337 ±  0.127 %    50.229 ±  0.123 %

====== Perplexity statistics ======
Mean PPL(Q)                   :  24.737865 ±   0.306166
Mean PPL(base)                :  22.468784 ±   0.276246
Cor(ln(PPL(Q)), ln(PPL(base))):  97.95%
Mean ln(PPL(Q)/PPL(base))     :   0.096208 ±   0.002499
Mean PPL(Q)/PPL(base)         :   1.100988 ±   0.002751
Mean PPL(Q)-PPL(base)         :   2.269081 ±   0.066052

====== KL divergence statistics ======
Mean    KLD:   0.131241 ±   0.000974
Maximum KLD:  14.264729
99.9%   KLD:   3.300144
99.0%   KLD:   1.211170
95.0%   KLD:   0.492652
90.0%   KLD:   0.308152
Median  KLD:   0.055514
10.0%   KLD:   0.000615
 5.0%   KLD:   0.000108
 1.0%   KLD:   0.000008
 0.1%   KLD:  -0.000002
Minimum KLD:  -0.000134

====== Token probability statistics ======
Mean    Δp: -1.377 ± 0.035 %
Maximum Δp: 98.152%
99.9%   Δp: 58.624%
99.0%   Δp: 27.163%
95.0%   Δp:  9.686%
90.0%   Δp:  3.998%
75.0%   Δp:  0.168%
Median  Δp: -0.010%
25.0%   Δp: -1.341%
10.0%   Δp: -9.141%
 5.0%   Δp: -17.387%
 1.0%   Δp: -41.390%
 0.1%   Δp: -74.685%
Minimum Δp: -99.724%
RMS Δp    : 10.246 ± 0.078 %
Same top p: 84.337 ± 0.127 %
Same sampled p: 50.229 ± 0.123 %

------------------------------
# llama-perplexity: version: 0.4.4-dev (build 11430, commit 9d76dc1da-dirty) | built with GNU 15.3.0 for Linux x86_64
# model: <unresolved>
llama-perplexity --kl-divergence-base /tmp/logits.dat --ctx-size 32768 -f sample-data/wiki.test.head-2.4k.raw -fa on --hf-repo noctrex/Ling-3.0-tiny-MXFP4_MOE-GGUF:MXFP4_MOE --cache-type-k f16 --cache-type-v f16 --kl-divergence
10.06.726.614 W load: special_eos_id is not in special_eog_ids - the tokenizer config may be incorrect
10.09.706.566 I cmn          init: llama threadpool init, n_threads = 16
10.09.775.136 I 
10.09.775.206 I system_info: n_threads = 16 (n_threads_batch = 16) / 32 | CUDA : ARCHS = 750,800,860,890,900,1000,1030,1200,1210 | USE_GRAPHS = 1 | FA_ALL_QUANTS = 1 | CPU : SSE3 = 1 | SSSE3 = 1 | AVX = 1 | AVX2 = 1 | F16C = 1 | FMA = 1 | BMI2 = 1 | LLAMAFILE = 1 | OPENMP = 1 | REPACK = 1 | 
10.09.868.845 I kl_divergence: computing over 5 chunks, n_ctx=32768, batch_size=512, n_seq=1
10.17.819.060 I kl_divergence: 7.95 seconds per pass - ETA 0.65 minutes

chunk             PPL               ln(PPL(Q)/PPL(base))          KL Divergence              Δp RMS            Same top p        Same sampled p
   1      25.0148 ±    0.6864       0.06795 ±    0.00455       0.08682 ±    0.00139     8.595 ±  0.169 %    87.298 ±  0.260 %    50.847 ±  0.272 %
   2      25.8920 ±    0.5088       0.07300 ±    0.00329       0.09066 ±    0.00117     8.758 ±  0.121 %    86.849 ±  0.187 %    50.103 ±  0.194 %
   3      26.8039 ±    0.4311       0.07294 ±    0.00273       0.09237 ±    0.00093     8.728 ±  0.096 %    86.655 ±  0.153 %    49.779 ±  0.158 %
   4      24.1689 ±    0.3329       0.07500 ±    0.00238       0.09335 ±    0.00081     8.826 ±  0.083 %    86.747 ±  0.132 %    50.652 ±  0.137 %
   5      24.0919 ±    0.2974       0.06975 ±    0.00214       0.09490 ±    0.00073     8.846 ±  0.073 %    86.679 ±  0.119 %    50.939 ±  0.123 %

====== Perplexity statistics ======
Mean PPL(Q)                   :  24.091943 ±   0.297437
Mean PPL(base)                :  22.468784 ±   0.276246
Cor(ln(PPL(Q)), ln(PPL(base))):  98.50%
Mean ln(PPL(Q)/PPL(base))     :   0.069751 ±   0.002137
Mean PPL(Q)/PPL(base)         :   1.072241 ±   0.002292
Mean PPL(Q)-PPL(base)         :   1.623159 ±   0.054040

====== KL divergence statistics ======
Mean    KLD:   0.094902 ±   0.000735
Maximum KLD:  13.409631
99.9%   KLD:   2.526332
99.0%   KLD:   0.895637
95.0%   KLD:   0.349753
90.0%   KLD:   0.219314
Median  KLD:   0.040541
10.0%   KLD:   0.000418
 5.0%   KLD:   0.000077
 1.0%   KLD:   0.000005
 0.1%   KLD:  -0.000004
Minimum KLD:  -0.000134

====== Token probability statistics ======
Mean    Δp: -0.983 ± 0.031 %
Maximum Δp: 97.794%
99.9%   Δp: 54.640%
99.0%   Δp: 23.928%
95.0%   Δp:  8.664%
90.0%   Δp:  3.631%
75.0%   Δp:  0.183%
Median  Δp: -0.006%
25.0%   Δp: -1.006%
10.0%   Δp: -7.270%
 5.0%   Δp: -13.982%
 1.0%   Δp: -34.292%
 0.1%   Δp: -68.601%
Minimum Δp: -99.592%
RMS Δp    :  8.846 ± 0.073 %
Same top p: 86.679 ± 0.119 %
Same sampled p: 50.939 ± 0.123 %

# llama-perplexity: version: 0.4.4-dev (build 11430, commit 9d76dc1da-dirty) | built with GNU 15.3.0 for Linux x86_64
# model: /home/crusaderky/.cache/huggingface/hub/models--noctrex--Ling-3.0-tiny-MXFP4_MOE-GGUF/snapshots/2475d2c8129bcd26b2f199ec5b6a21b1db92528c/Ling-3.0-tiny-MXFP4_MOE.gguf size=4876588896 mtime=2026-08-22T18:25:01+00:00 sha256/1048576B=f726d0a68ddd69350fdb260e596b1d5e8c68021257cd9ad566d0eda0ecd2a47b
------------------------------
# llama-perplexity: version: 0.4.4-dev (build 11430, commit 9d76dc1da-dirty) | built with GNU 15.3.0 for Linux x86_64
# model: /home/crusaderky/.cache/huggingface/hub/models--noctrex--Ling-3.0-tiny-MXFP4_MOE-GGUF/snapshots/2475d2c8129bcd26b2f199ec5b6a21b1db92528c/Ling-3.0-tiny-MXFP4_MOE.gguf size=4876588896 mtime=2026-08-22T18:25:01+00:00 sha256/1048576B=f726d0a68ddd69350fdb260e596b1d5e8c68021257cd9ad566d0eda0ecd2a47b
llama-perplexity --kl-divergence-base /tmp/logits.dat --ctx-size 32768 -f sample-data/wiki.test.head-2.4k.raw -fa on --hf-repo noctrex/Ling-3.0-tiny-MXFP4_MOE-GGUF:MXFP4_MOE --cache-type-k q8_0 --cache-type-v q8_0 --kl-divergence
0.00.923.681 W load: special_eos_id is not in special_eog_ids - the tokenizer config may be incorrect
0.01.991.685 I cmn          init: llama threadpool init, n_threads = 16
0.02.062.401 I 
0.02.062.468 I system_info: n_threads = 16 (n_threads_batch = 16) / 32 | CUDA : ARCHS = 750,800,860,890,900,1000,1030,1200,1210 | USE_GRAPHS = 1 | FA_ALL_QUANTS = 1 | CPU : SSE3 = 1 | SSSE3 = 1 | AVX = 1 | AVX2 = 1 | F16C = 1 | FMA = 1 | BMI2 = 1 | LLAMAFILE = 1 | OPENMP = 1 | REPACK = 1 | 
0.02.153.709 I kl_divergence: computing over 5 chunks, n_ctx=32768, batch_size=512, n_seq=1
0.10.119.122 I kl_divergence: 7.97 seconds per pass - ETA 0.65 minutes

chunk             PPL               ln(PPL(Q)/PPL(base))          KL Divergence              Δp RMS            Same top p        Same sampled p
   1      24.9776 ±    0.6851       0.06647 ±    0.00458       0.08684 ±    0.00141     8.606 ±  0.170 %    87.249 ±  0.261 %    50.826 ±  0.272 %
   2      25.8360 ±    0.5076       0.07083 ±    0.00329       0.09019 ±    0.00117     8.750 ±  0.121 %    86.907 ±  0.186 %    50.106 ±  0.194 %
   3      26.7535 ±    0.4302       0.07106 ±    0.00273       0.09219 ±    0.00094     8.731 ±  0.097 %    86.702 ±  0.153 %    49.783 ±  0.158 %
   4      24.1341 ±    0.3323       0.07356 ±    0.00237       0.09322 ±    0.00081     8.834 ±  0.083 %    86.834 ±  0.132 %    50.651 ±  0.137 %
   5      24.0689 ±    0.2971       0.06879 ±    0.00214       0.09483 ±    0.00074     8.853 ±  0.074 %    86.737 ±  0.119 %    50.943 ±  0.123 %

====== Perplexity statistics ======
Mean PPL(Q)                   :  24.068922 ±   0.297144
Mean PPL(base)                :  22.468784 ±   0.276246
Cor(ln(PPL(Q)), ln(PPL(base))):  98.50%
Mean ln(PPL(Q)/PPL(base))     :   0.068794 ±   0.002136
Mean PPL(Q)/PPL(base)         :   1.071216 ±   0.002288
Mean PPL(Q)-PPL(base)         :   1.600137 ±   0.053883

====== KL divergence statistics ======
Mean    KLD:   0.094833 ±   0.000738
Maximum KLD:  13.874111
99.9%   KLD:   2.472837
99.0%   KLD:   0.886270
95.0%   KLD:   0.350998
90.0%   KLD:   0.219122
Median  KLD:   0.040357
10.0%   KLD:   0.000418
 5.0%   KLD:   0.000076
 1.0%   KLD:   0.000005
 0.1%   KLD:  -0.000004
Minimum KLD:  -0.000277

====== Token probability statistics ======
Mean    Δp: -0.975 ± 0.031 %
Maximum Δp: 98.234%
99.9%   Δp: 55.406%
99.0%   Δp: 24.204%
95.0%   Δp:  8.604%
90.0%   Δp:  3.669%
75.0%   Δp:  0.180%
Median  Δp: -0.006%
25.0%   Δp: -1.008%
10.0%   Δp: -7.229%
 5.0%   Δp: -14.035%
 1.0%   Δp: -34.480%
 0.1%   Δp: -67.905%
Minimum Δp: -99.159%
RMS Δp    :  8.853 ± 0.074 %
Same top p: 86.737 ± 0.119 %
Same sampled p: 50.943 ± 0.123 %

------------------------------
# llama-perplexity: version: 0.4.4-dev (build 11430, commit 9d76dc1da-dirty) | built with GNU 15.3.0 for Linux x86_64
# model: /home/crusaderky/.cache/huggingface/hub/models--noctrex--Ling-3.0-tiny-MXFP4_MOE-GGUF/snapshots/2475d2c8129bcd26b2f199ec5b6a21b1db92528c/Ling-3.0-tiny-MXFP4_MOE.gguf size=4876588896 mtime=2026-08-22T18:25:01+00:00 sha256/1048576B=f726d0a68ddd69350fdb260e596b1d5e8c68021257cd9ad566d0eda0ecd2a47b
llama-perplexity --kl-divergence-base /tmp/logits.dat --ctx-size 32768 -f sample-data/wiki.test.head-2.4k.raw -fa on --hf-repo noctrex/Ling-3.0-tiny-MXFP4_MOE-GGUF:MXFP4_MOE --cache-type-k q6_0 --cache-type-v q6_0 --kl-divergence
0.00.927.534 W load: special_eos_id is not in special_eog_ids - the tokenizer config may be incorrect
0.02.008.379 I cmn          init: llama threadpool init, n_threads = 16
0.02.077.114 I 
0.02.077.189 I system_info: n_threads = 16 (n_threads_batch = 16) / 32 | CUDA : ARCHS = 750,800,860,890,900,1000,1030,1200,1210 | USE_GRAPHS = 1 | FA_ALL_QUANTS = 1 | CPU : SSE3 = 1 | SSSE3 = 1 | AVX = 1 | AVX2 = 1 | F16C = 1 | FMA = 1 | BMI2 = 1 | LLAMAFILE = 1 | OPENMP = 1 | REPACK = 1 | 
0.02.165.250 I kl_divergence: computing over 5 chunks, n_ctx=32768, batch_size=512, n_seq=1
0.10.127.200 I kl_divergence: 7.96 seconds per pass - ETA 0.65 minutes

chunk             PPL               ln(PPL(Q)/PPL(base))          KL Divergence              Δp RMS            Same top p        Same sampled p
   1      24.9588 ±    0.6844       0.06571 ±    0.00459       0.08716 ±    0.00141     8.589 ±  0.171 %    87.218 ±  0.261 %    50.838 ±  0.272 %
   2      25.8191 ±    0.5071       0.07018 ±    0.00330       0.09060 ±    0.00118     8.738 ±  0.121 %    86.938 ±  0.186 %    50.109 ±  0.194 %
   3      26.7433 ±    0.4298       0.07068 ±    0.00274       0.09276 ±    0.00093     8.731 ±  0.096 %    86.710 ±  0.153 %    49.756 ±  0.158 %
   4      24.1075 ±    0.3316       0.07246 ±    0.00238       0.09380 ±    0.00081     8.854 ±  0.083 %    86.829 ±  0.132 %    50.614 ±  0.137 %
   5      24.0366 ±    0.2965       0.06745 ±    0.00214       0.09533 ±    0.00074     8.867 ±  0.074 %    86.768 ±  0.118 %    50.904 ±  0.123 %

====== Perplexity statistics ======
Mean PPL(Q)                   :  24.036584 ±   0.296466
Mean PPL(base)                :  22.468784 ±   0.276246
Cor(ln(PPL(Q)), ln(PPL(base))):  98.49%
Mean ln(PPL(Q)/PPL(base))     :   0.067450 ±   0.002138
Mean PPL(Q)/PPL(base)         :   1.069777 ±   0.002287
Mean PPL(Q)-PPL(base)         :   1.567800 ±   0.053640

====== KL divergence statistics ======
Mean    KLD:   0.095333 ±   0.000739
Maximum KLD:  13.722896
99.9%   KLD:   2.517643
99.0%   KLD:   0.893775
95.0%   KLD:   0.354053
90.0%   KLD:   0.220319
Median  KLD:   0.040678
10.0%   KLD:   0.000422
 5.0%   KLD:   0.000076
 1.0%   KLD:   0.000005
 0.1%   KLD:  -0.000004
Minimum KLD:  -0.000255

====== Token probability statistics ======
Mean    Δp: -0.999 ± 0.031 %
Maximum Δp: 98.260%
99.9%   Δp: 55.254%
99.0%   Δp: 23.950%
95.0%   Δp:  8.665%
90.0%   Δp:  3.622%
75.0%   Δp:  0.180%
Median  Δp: -0.006%
25.0%   Δp: -1.031%
10.0%   Δp: -7.359%
 5.0%   Δp: -14.167%
 1.0%   Δp: -34.313%
 0.1%   Δp: -68.484%
Minimum Δp: -99.310%
RMS Δp    :  8.867 ± 0.074 %
Same top p: 86.768 ± 0.118 %
Same sampled p: 50.904 ± 0.123 %

------------------------------
# llama-perplexity: version: 0.4.4-dev (build 11430, commit 9d76dc1da-dirty) | built with GNU 15.3.0 for Linux x86_64
# model: /home/crusaderky/.cache/huggingface/hub/models--noctrex--Ling-3.0-tiny-MXFP4_MOE-GGUF/snapshots/2475d2c8129bcd26b2f199ec5b6a21b1db92528c/Ling-3.0-tiny-MXFP4_MOE.gguf size=4876588896 mtime=2026-08-22T18:25:01+00:00 sha256/1048576B=f726d0a68ddd69350fdb260e596b1d5e8c68021257cd9ad566d0eda0ecd2a47b
llama-perplexity --kl-divergence-base /tmp/logits.dat --ctx-size 32768 -f sample-data/wiki.test.head-2.4k.raw -fa on --hf-repo noctrex/Ling-3.0-tiny-MXFP4_MOE-GGUF:MXFP4_MOE --cache-type-k q5_1 --cache-type-v q5_1 --kl-divergence
0.00.931.348 W load: special_eos_id is not in special_eog_ids - the tokenizer config may be incorrect
0.01.987.104 I cmn          init: llama threadpool init, n_threads = 16
0.02.052.472 I 
0.02.052.543 I system_info: n_threads = 16 (n_threads_batch = 16) / 32 | CUDA : ARCHS = 750,800,860,890,900,1000,1030,1200,1210 | USE_GRAPHS = 1 | FA_ALL_QUANTS = 1 | CPU : SSE3 = 1 | SSSE3 = 1 | AVX = 1 | AVX2 = 1 | F16C = 1 | FMA = 1 | BMI2 = 1 | LLAMAFILE = 1 | OPENMP = 1 | REPACK = 1 | 
0.02.137.313 I kl_divergence: computing over 5 chunks, n_ctx=32768, batch_size=512, n_seq=1
0.10.150.110 I kl_divergence: 8.01 seconds per pass - ETA 0.67 minutes

chunk             PPL               ln(PPL(Q)/PPL(base))          KL Divergence              Δp RMS            Same top p        Same sampled p
   1      25.0171 ±    0.6847       0.06805 ±    0.00466       0.08926 ±    0.00143     8.733 ±  0.173 %    87.102 ±  0.262 %    50.668 ±  0.272 %
   2      25.8409 ±    0.5068       0.07102 ±    0.00334       0.09262 ±    0.00119     8.878 ±  0.122 %    86.800 ±  0.187 %    49.982 ±  0.194 %
   3      26.8615 ±    0.4320       0.07509 ±    0.00277       0.09466 ±    0.00094     8.876 ±  0.097 %    86.527 ±  0.154 %    49.699 ±  0.158 %
   4      24.2342 ±    0.3337       0.07770 ±    0.00241       0.09552 ±    0.00082     8.975 ±  0.084 %    86.657 ±  0.133 %    50.571 ±  0.137 %
   5      24.1382 ±    0.2980       0.07167 ±    0.00216       0.09661 ±    0.00074     8.962 ±  0.074 %    86.604 ±  0.119 %    50.883 ±  0.123 %

====== Perplexity statistics ======
Mean PPL(Q)                   :  24.138241 ±   0.297972
Mean PPL(base)                :  22.468784 ±   0.276246
Cor(ln(PPL(Q)), ln(PPL(base))):  98.46%
Mean ln(PPL(Q)/PPL(base))     :   0.071670 ±   0.002160
Mean PPL(Q)/PPL(base)         :   1.074301 ±   0.002321
Mean PPL(Q)-PPL(base)         :   1.669457 ±   0.054791

====== KL divergence statistics ======
Mean    KLD:   0.096607 ±   0.000735
Maximum KLD:  13.604446
99.9%   KLD:   2.589187
99.0%   KLD:   0.902583
95.0%   KLD:   0.358899
90.0%   KLD:   0.223925
Median  KLD:   0.041315
10.0%   KLD:   0.000425
 5.0%   KLD:   0.000078
 1.0%   KLD:   0.000005
 0.1%   KLD:  -0.000005
Minimum KLD:  -0.000318

====== Token probability statistics ======
Mean    Δp: -1.022 ± 0.031 %
Maximum Δp: 98.395%
99.9%   Δp: 55.812%
99.0%   Δp: 24.405%
95.0%   Δp:  8.729%
90.0%   Δp:  3.627%
75.0%   Δp:  0.176%
Median  Δp: -0.007%
25.0%   Δp: -1.056%
10.0%   Δp: -7.388%
 5.0%   Δp: -14.340%
 1.0%   Δp: -35.046%
 0.1%   Δp: -69.929%
Minimum Δp: -99.564%
RMS Δp    :  8.962 ± 0.074 %
Same top p: 86.604 ± 0.119 %
Same sampled p: 50.883 ± 0.123 %

------------------------------
# llama-perplexity: version: 0.4.4-dev (build 11430, commit 9d76dc1da-dirty) | built with GNU 15.3.0 for Linux x86_64
# model: /home/crusaderky/.cache/huggingface/hub/models--noctrex--Ling-3.0-tiny-MXFP4_MOE-GGUF/snapshots/2475d2c8129bcd26b2f199ec5b6a21b1db92528c/Ling-3.0-tiny-MXFP4_MOE.gguf size=4876588896 mtime=2026-08-22T18:25:01+00:00 sha256/1048576B=f726d0a68ddd69350fdb260e596b1d5e8c68021257cd9ad566d0eda0ecd2a47b
llama-perplexity --kl-divergence-base /tmp/logits.dat --ctx-size 32768 -f sample-data/wiki.test.head-2.4k.raw -fa on --hf-repo noctrex/Ling-3.0-tiny-MXFP4_MOE-GGUF:MXFP4_MOE --cache-type-k q5_0 --cache-type-v q5_0 --kl-divergence
0.00.927.576 W load: special_eos_id is not in special_eog_ids - the tokenizer config may be incorrect
0.02.018.202 I cmn          init: llama threadpool init, n_threads = 16
0.02.088.708 I 
0.02.088.784 I system_info: n_threads = 16 (n_threads_batch = 16) / 32 | CUDA : ARCHS = 750,800,860,890,900,1000,1030,1200,1210 | USE_GRAPHS = 1 | FA_ALL_QUANTS = 1 | CPU : SSE3 = 1 | SSSE3 = 1 | AVX = 1 | AVX2 = 1 | F16C = 1 | FMA = 1 | BMI2 = 1 | LLAMAFILE = 1 | OPENMP = 1 | REPACK = 1 | 
0.02.179.608 I kl_divergence: computing over 5 chunks, n_ctx=32768, batch_size=512, n_seq=1
0.10.171.953 I kl_divergence: 7.99 seconds per pass - ETA 0.65 minutes

chunk             PPL               ln(PPL(Q)/PPL(base))          KL Divergence              Δp RMS            Same top p        Same sampled p
   1      25.0165 ±    0.6866       0.06802 ±    0.00458       0.08818 ±    0.00141     8.698 ±  0.170 %    87.127 ±  0.262 %    50.845 ±  0.272 %
   2      25.7649 ±    0.5058       0.06808 ±    0.00331       0.09140 ±    0.00117     8.820 ±  0.121 %    86.767 ±  0.187 %    50.090 ±  0.194 %
   3      26.6408 ±    0.4277       0.06684 ±    0.00273       0.09325 ±    0.00093     8.782 ±  0.097 %    86.602 ±  0.154 %    49.717 ±  0.158 %
   4      24.0256 ±    0.3304       0.06906 ±    0.00238       0.09415 ±    0.00081     8.890 ±  0.084 %    86.742 ±  0.132 %    50.609 ±  0.137 %
   5      24.0464 ±    0.2966       0.06786 ±    0.00214       0.09592 ±    0.00073     8.906 ±  0.074 %    86.658 ±  0.119 %    50.892 ±  0.123 %

====== Perplexity statistics ======
Mean PPL(Q)                   :  24.046430 ±   0.296599
Mean PPL(base)                :  22.468784 ±   0.276246
Cor(ln(PPL(Q)), ln(PPL(base))):  98.48%
Mean ln(PPL(Q)/PPL(base))     :   0.067860 ±   0.002145
Mean PPL(Q)/PPL(base)         :   1.070215 ±   0.002296
Mean PPL(Q)-PPL(base)         :   1.577645 ±   0.053843

====== KL divergence statistics ======
Mean    KLD:   0.095918 ±   0.000729
Maximum KLD:  13.315623
99.9%   KLD:   2.463798
99.0%   KLD:   0.905235
95.0%   KLD:   0.352872
90.0%   KLD:   0.220940
Median  KLD:   0.041198
10.0%   KLD:   0.000425
 5.0%   KLD:   0.000080
 1.0%   KLD:   0.000005
 0.1%   KLD:  -0.000004
Minimum KLD:  -0.000311

====== Token probability statistics ======
Mean    Δp: -1.000 ± 0.031 %
Maximum Δp: 98.040%
99.9%   Δp: 54.908%
99.0%   Δp: 24.262%
95.0%   Δp:  8.776%
90.0%   Δp:  3.712%
75.0%   Δp:  0.181%
Median  Δp: -0.006%
25.0%   Δp: -1.039%
10.0%   Δp: -7.453%
 5.0%   Δp: -14.280%
 1.0%   Δp: -34.650%
 0.1%   Δp: -69.224%
Minimum Δp: -99.244%
RMS Δp    :  8.906 ± 0.074 %
Same top p: 86.658 ± 0.119 %
Same sampled p: 50.892 ± 0.123 %

------------------------------
# llama-perplexity: version: 0.4.4-dev (build 11430, commit 9d76dc1da-dirty) | built with GNU 15.3.0 for Linux x86_64
# model: /home/crusaderky/.cache/huggingface/hub/models--noctrex--Ling-3.0-tiny-MXFP4_MOE-GGUF/snapshots/2475d2c8129bcd26b2f199ec5b6a21b1db92528c/Ling-3.0-tiny-MXFP4_MOE.gguf size=4876588896 mtime=2026-08-22T18:25:01+00:00 sha256/1048576B=f726d0a68ddd69350fdb260e596b1d5e8c68021257cd9ad566d0eda0ecd2a47b
llama-perplexity --kl-divergence-base /tmp/logits.dat --ctx-size 32768 -f sample-data/wiki.test.head-2.4k.raw -fa on --hf-repo noctrex/Ling-3.0-tiny-MXFP4_MOE-GGUF:MXFP4_MOE --cache-type-k q4_1 --cache-type-v q4_1 --kl-divergence
0.00.937.942 W load: special_eos_id is not in special_eog_ids - the tokenizer config may be incorrect
0.02.021.611 I cmn          init: llama threadpool init, n_threads = 16
0.02.087.628 I 
0.02.087.695 I system_info: n_threads = 16 (n_threads_batch = 16) / 32 | CUDA : ARCHS = 750,800,860,890,900,1000,1030,1200,1210 | USE_GRAPHS = 1 | FA_ALL_QUANTS = 1 | CPU : SSE3 = 1 | SSSE3 = 1 | AVX = 1 | AVX2 = 1 | F16C = 1 | FMA = 1 | BMI2 = 1 | LLAMAFILE = 1 | OPENMP = 1 | REPACK = 1 | 
0.02.172.801 I kl_divergence: computing over 5 chunks, n_ctx=32768, batch_size=512, n_seq=1
0.10.151.873 I kl_divergence: 7.98 seconds per pass - ETA 0.65 minutes

chunk             PPL               ln(PPL(Q)/PPL(base))          KL Divergence              Δp RMS            Same top p        Same sampled p
   1      24.9234 ±    0.6831       0.06429 ±    0.00475       0.09399 ±    0.00150     8.989 ±  0.174 %    86.718 ±  0.265 %    50.728 ±  0.272 %
   2      25.7864 ±    0.5061       0.06891 ±    0.00341       0.09657 ±    0.00120     9.020 ±  0.120 %    86.501 ±  0.189 %    49.996 ±  0.194 %
   3      26.7884 ±    0.4306       0.07236 ±    0.00283       0.09899 ±    0.00097     8.995 ±  0.096 %    86.201 ±  0.156 %    49.649 ±  0.158 %
   4      24.1684 ±    0.3327       0.07498 ±    0.00245       0.09971 ±    0.00084     9.103 ±  0.083 %    86.333 ±  0.134 %    50.515 ±  0.137 %
   5      24.1443 ±    0.2981       0.07192 ±    0.00221       0.10144 ±    0.00077     9.122 ±  0.074 %    86.307 ±  0.120 %    50.831 ±  0.123 %

====== Perplexity statistics ======
Mean PPL(Q)                   :  24.144308 ±   0.298127
Mean PPL(base)                :  22.468784 ±   0.276246
Cor(ln(PPL(Q)), ln(PPL(base))):  98.39%
Mean ln(PPL(Q)/PPL(base))     :   0.071922 ±   0.002209
Mean PPL(Q)/PPL(base)         :   1.074571 ±   0.002374
Mean PPL(Q)-PPL(base)         :   1.675524 ±   0.055907

====== KL divergence statistics ======
Mean    KLD:   0.101441 ±   0.000766
Maximum KLD:  13.210148
99.9%   KLD:   2.552590
99.0%   KLD:   0.942206
95.0%   KLD:   0.375389
90.0%   KLD:   0.234687
Median  KLD:   0.043503
10.0%   KLD:   0.000444
 5.0%   KLD:   0.000080
 1.0%   KLD:   0.000006
 0.1%   KLD:  -0.000003
Minimum KLD:  -0.000178

====== Token probability statistics ======
Mean    Δp: -1.017 ± 0.032 %
Maximum Δp: 97.814%
99.9%   Δp: 55.549%
99.0%   Δp: 24.936%
95.0%   Δp:  9.028%
90.0%   Δp:  3.797%
75.0%   Δp:  0.187%
Median  Δp: -0.006%
25.0%   Δp: -1.046%
10.0%   Δp: -7.558%
 5.0%   Δp: -14.588%
 1.0%   Δp: -35.681%
 0.1%   Δp: -69.808%
Minimum Δp: -99.321%
RMS Δp    :  9.122 ± 0.074 %
Same top p: 86.307 ± 0.120 %
Same sampled p: 50.831 ± 0.123 %

------------------------------
# llama-perplexity: version: 0.4.4-dev (build 11430, commit 9d76dc1da-dirty) | built with GNU 15.3.0 for Linux x86_64
# model: /home/crusaderky/.cache/huggingface/hub/models--noctrex--Ling-3.0-tiny-MXFP4_MOE-GGUF/snapshots/2475d2c8129bcd26b2f199ec5b6a21b1db92528c/Ling-3.0-tiny-MXFP4_MOE.gguf size=4876588896 mtime=2026-08-22T18:25:01+00:00 sha256/1048576B=f726d0a68ddd69350fdb260e596b1d5e8c68021257cd9ad566d0eda0ecd2a47b
llama-perplexity --kl-divergence-base /tmp/logits.dat --ctx-size 32768 -f sample-data/wiki.test.head-2.4k.raw -fa on --hf-repo noctrex/Ling-3.0-tiny-MXFP4_MOE-GGUF:MXFP4_MOE --cache-type-k q4_0 --cache-type-v q4_0 --kl-divergence
0.00.954.264 W load: special_eos_id is not in special_eog_ids - the tokenizer config may be incorrect
0.02.030.320 I cmn          init: llama threadpool init, n_threads = 16
0.02.097.521 I 
0.02.097.594 I system_info: n_threads = 16 (n_threads_batch = 16) / 32 | CUDA : ARCHS = 750,800,860,890,900,1000,1030,1200,1210 | USE_GRAPHS = 1 | FA_ALL_QUANTS = 1 | CPU : SSE3 = 1 | SSSE3 = 1 | AVX = 1 | AVX2 = 1 | F16C = 1 | FMA = 1 | BMI2 = 1 | LLAMAFILE = 1 | OPENMP = 1 | REPACK = 1 | 
0.02.187.006 I kl_divergence: computing over 5 chunks, n_ctx=32768, batch_size=512, n_seq=1
0.10.179.328 I kl_divergence: 7.99 seconds per pass - ETA 0.65 minutes

chunk             PPL               ln(PPL(Q)/PPL(base))          KL Divergence              Δp RMS            Same top p        Same sampled p
   1      24.8931 ±    0.6814       0.06308 ±    0.00475       0.09505 ±    0.00152     9.064 ±  0.176 %    86.724 ±  0.265 %    50.604 ±  0.272 %
   2      25.7893 ±    0.5063       0.06902 ±    0.00342       0.09764 ±    0.00123     9.093 ±  0.122 %    86.544 ±  0.189 %    49.945 ±  0.194 %
   3      26.8199 ±    0.4313       0.07354 ±    0.00285       0.10033 ±    0.00099     9.065 ±  0.097 %    86.169 ±  0.156 %    49.593 ±  0.158 %
   4      24.2082 ±    0.3333       0.07663 ±    0.00248       0.10136 ±    0.00085     9.203 ±  0.084 %    86.263 ±  0.134 %    50.460 ±  0.137 %
   5      24.1021 ±    0.2974       0.07017 ±    0.00222       0.10279 ±    0.00078     9.211 ±  0.075 %    86.216 ±  0.120 %    50.768 ±  0.123 %

====== Perplexity statistics ======
Mean PPL(Q)                   :  24.102061 ±   0.297450
Mean PPL(base)                :  22.468784 ±   0.276246
Cor(ln(PPL(Q)), ln(PPL(base))):  98.38%
Mean ln(PPL(Q)/PPL(base))     :   0.070170 ±   0.002218
Mean PPL(Q)/PPL(base)         :   1.072691 ±   0.002380
Mean PPL(Q)-PPL(base)         :   1.633277 ±   0.055799

====== KL divergence statistics ======
Mean    KLD:   0.102790 ±   0.000781
Maximum KLD:  14.403082
99.9%   KLD:   2.586139
99.0%   KLD:   0.947223
95.0%   KLD:   0.383349
90.0%   KLD:   0.238431
Median  KLD:   0.043807
10.0%   KLD:   0.000455
 5.0%   KLD:   0.000083
 1.0%   KLD:   0.000006
 0.1%   KLD:  -0.000003
Minimum KLD:  -0.000166

====== Token probability statistics ======
Mean    Δp: -1.029 ± 0.032 %
Maximum Δp: 98.181%
99.9%   Δp: 57.918%
99.0%   Δp: 25.126%
95.0%   Δp:  9.097%
90.0%   Δp:  3.767%
75.0%   Δp:  0.185%
Median  Δp: -0.006%
25.0%   Δp: -1.068%
10.0%   Δp: -7.623%
 5.0%   Δp: -14.922%
 1.0%   Δp: -35.854%
 0.1%   Δp: -68.925%
Minimum Δp: -99.269%
RMS Δp    :  9.211 ± 0.075 %
Same top p: 86.216 ± 0.120 %
Same sampled p: 50.768 ± 0.123 %

------------------------------
# llama-perplexity: version: 0.4.4-dev (build 11430, commit 9d76dc1da-dirty) | built with GNU 15.3.0 for Linux x86_64
# model: /home/crusaderky/.cache/huggingface/hub/models--noctrex--Ling-3.0-tiny-MXFP4_MOE-GGUF/snapshots/2475d2c8129bcd26b2f199ec5b6a21b1db92528c/Ling-3.0-tiny-MXFP4_MOE.gguf size=4876588896 mtime=2026-08-22T18:25:01+00:00 sha256/1048576B=f726d0a68ddd69350fdb260e596b1d5e8c68021257cd9ad566d0eda0ecd2a47b
llama-perplexity --kl-divergence-base /tmp/logits.dat --ctx-size 32768 -f sample-data/wiki.test.head-2.4k.raw -fa on --hf-repo noctrex/Ling-3.0-tiny-MXFP4_MOE-GGUF:MXFP4_MOE --cache-type-k q3_1 --cache-type-v q3_1 --kl-divergence
0.00.953.651 W load: special_eos_id is not in special_eog_ids - the tokenizer config may be incorrect
0.02.019.865 I cmn          init: llama threadpool init, n_threads = 16
0.02.086.662 I 
0.02.086.736 I system_info: n_threads = 16 (n_threads_batch = 16) / 32 | CUDA : ARCHS = 750,800,860,890,900,1000,1030,1200,1210 | USE_GRAPHS = 1 | FA_ALL_QUANTS = 1 | CPU : SSE3 = 1 | SSSE3 = 1 | AVX = 1 | AVX2 = 1 | F16C = 1 | FMA = 1 | BMI2 = 1 | LLAMAFILE = 1 | OPENMP = 1 | REPACK = 1 | 
0.02.173.829 I kl_divergence: computing over 5 chunks, n_ctx=32768, batch_size=512, n_seq=1
0.10.196.303 I kl_divergence: 8.02 seconds per pass - ETA 0.67 minutes

chunk             PPL               ln(PPL(Q)/PPL(base))          KL Divergence              Δp RMS            Same top p        Same sampled p
   1      25.4481 ±    0.6962       0.08513 ±    0.00540       0.12062 ±    0.00191    10.062 ±  0.181 %    84.930 ±  0.280 %    50.023 ±  0.273 %
   2      26.2474 ±    0.5144       0.08663 ±    0.00387       0.12405 ±    0.00149    10.217 ±  0.130 %    84.774 ±  0.198 %    49.373 ±  0.194 %
   3      27.2005 ±    0.4360       0.08763 ±    0.00322       0.12778 ±    0.00120    10.250 ±  0.105 %    84.392 ±  0.164 %    48.952 ±  0.158 %
   4      24.3251 ±    0.3336       0.08144 ±    0.00277       0.12683 ±    0.00103    10.273 ±  0.090 %    84.649 ±  0.141 %    49.890 ±  0.137 %
   5      24.2834 ±    0.2989       0.07767 ±    0.00248       0.12790 ±    0.00094    10.220 ±  0.079 %    84.705 ±  0.126 %    50.225 ±  0.123 %

====== Perplexity statistics ======
Mean PPL(Q)                   :  24.283396 ±   0.298865
Mean PPL(base)                :  22.468784 ±   0.276246
Cor(ln(PPL(Q)), ln(PPL(base))):  97.97%
Mean ln(PPL(Q)/PPL(base))     :   0.077666 ±   0.002480
Mean PPL(Q)/PPL(base)         :   1.080761 ±   0.002680
Mean PPL(Q)-PPL(base)         :   1.814612 ±   0.062183

====== KL divergence statistics ======
Mean    KLD:   0.127896 ±   0.000941
Maximum KLD:  16.181559
99.9%   KLD:   3.087938
99.0%   KLD:   1.191369
95.0%   KLD:   0.478964
90.0%   KLD:   0.300598
Median  KLD:   0.054637
10.0%   KLD:   0.000615
 5.0%   KLD:   0.000110
 1.0%   KLD:   0.000009
 0.1%   KLD:  -0.000001
Minimum KLD:  -0.000141

====== Token probability statistics ======
Mean    Δp: -1.290 ± 0.035 %
Maximum Δp: 98.869%
99.9%   Δp: 62.994%
99.0%   Δp: 27.150%
95.0%   Δp:  9.746%
90.0%   Δp:  4.064%
75.0%   Δp:  0.182%
Median  Δp: -0.010%
25.0%   Δp: -1.301%
10.0%   Δp: -8.852%
 5.0%   Δp: -16.993%
 1.0%   Δp: -40.070%
 0.1%   Δp: -74.970%
Minimum Δp: -99.638%
RMS Δp    : 10.220 ± 0.079 %
Same top p: 84.705 ± 0.126 %
Same sampled p: 50.225 ± 0.123 %

------------------------------
# llama-perplexity: version: 0.4.4-dev (build 11430, commit 9d76dc1da-dirty) | built with GNU 15.3.0 for Linux x86_64
# model: /home/crusaderky/.cache/huggingface/hub/models--noctrex--Ling-3.0-tiny-MXFP4_MOE-GGUF/snapshots/2475d2c8129bcd26b2f199ec5b6a21b1db92528c/Ling-3.0-tiny-MXFP4_MOE.gguf size=4876588896 mtime=2026-08-22T18:25:01+00:00 sha256/1048576B=f726d0a68ddd69350fdb260e596b1d5e8c68021257cd9ad566d0eda0ecd2a47b
llama-perplexity --kl-divergence-base /tmp/logits.dat --ctx-size 32768 -f sample-data/wiki.test.head-2.4k.raw -fa on --hf-repo noctrex/Ling-3.0-tiny-MXFP4_MOE-GGUF:MXFP4_MOE --cache-type-k q3_0 --cache-type-v q3_0 --kl-divergence
0.00.930.675 W load: special_eos_id is not in special_eog_ids - the tokenizer config may be incorrect
0.02.015.068 I cmn          init: llama threadpool init, n_threads = 16
0.02.082.985 I 
0.02.083.055 I system_info: n_threads = 16 (n_threads_batch = 16) / 32 | CUDA : ARCHS = 750,800,860,890,900,1000,1030,1200,1210 | USE_GRAPHS = 1 | FA_ALL_QUANTS = 1 | CPU : SSE3 = 1 | SSSE3 = 1 | AVX = 1 | AVX2 = 1 | F16C = 1 | FMA = 1 | BMI2 = 1 | LLAMAFILE = 1 | OPENMP = 1 | REPACK = 1 | 
0.02.171.935 I kl_divergence: computing over 5 chunks, n_ctx=32768, batch_size=512, n_seq=1
0.10.184.100 I kl_divergence: 8.01 seconds per pass - ETA 0.67 minutes

chunk             PPL               ln(PPL(Q)/PPL(base))          KL Divergence              Δp RMS            Same top p        Same sampled p
   1      25.5143 ±    0.6979       0.08772 ±    0.00541       0.12216 ±    0.00183    10.132 ±  0.177 %    84.691 ±  0.281 %    49.886 ±  0.273 %
   2      26.1999 ±    0.5138       0.08482 ±    0.00378       0.12163 ±    0.00141     9.933 ±  0.123 %    84.823 ±  0.198 %    49.387 ±  0.194 %
   3      27.6132 ±    0.4455       0.10269 ±    0.00318       0.12764 ±    0.00118    10.102 ±  0.101 %    84.329 ±  0.164 %    49.072 ±  0.158 %
   4      24.8433 ±    0.3431       0.10252 ±    0.00278       0.12921 ±    0.00105    10.263 ±  0.088 %    84.379 ±  0.142 %    49.934 ±  0.137 %
   5      24.7291 ±    0.3062       0.09585 ±    0.00250       0.13094 ±    0.00095    10.268 ±  0.078 %    84.373 ±  0.127 %    50.246 ±  0.123 %

====== Perplexity statistics ======
Mean PPL(Q)                   :  24.729103 ±   0.306178
Mean PPL(base)                :  22.468784 ±   0.276246
Cor(ln(PPL(Q)), ln(PPL(base))):  97.95%
Mean ln(PPL(Q)/PPL(base))     :   0.095854 ±   0.002502
Mean PPL(Q)/PPL(base)         :   1.100598 ±   0.002754
Mean PPL(Q)-PPL(base)         :   2.260319 ±   0.066107

====== KL divergence statistics ======
Mean    KLD:   0.130937 ±   0.000949
Maximum KLD:  13.671171
99.9%   KLD:   3.270858
99.0%   KLD:   1.202506
95.0%   KLD:   0.493227
90.0%   KLD:   0.310038
Median  KLD:   0.055948
10.0%   KLD:   0.000623
 5.0%   KLD:   0.000109
 1.0%   KLD:   0.000008
 0.1%   KLD:  -0.000003
Minimum KLD:  -0.000296

====== Token probability statistics ======
Mean    Δp: -1.353 ± 0.036 %
Maximum Δp: 94.582%
99.9%   Δp: 60.517%
99.0%   Δp: 27.471%
95.0%   Δp:  9.739%
90.0%   Δp:  4.005%
75.0%   Δp:  0.171%
Median  Δp: -0.010%
25.0%   Δp: -1.346%
10.0%   Δp: -9.134%
 5.0%   Δp: -17.185%
 1.0%   Δp: -41.142%
 0.1%   Δp: -73.840%
Minimum Δp: -99.489%
RMS Δp    : 10.268 ± 0.078 %
Same top p: 84.373 ± 0.127 %
Same sampled p: 50.246 ± 0.123 %

------------------------------
