# llama-perplexity: version: 0.4.7-dev (build 11841, commit 6dc2680b4-dirty) | built with GNU 15.3.0 for Linux x86_64
# model: /home/crusaderky/.cache/huggingface/hub/models--NANI-Nithin--K2-Horizon-7B-GGUF/snapshots/8d64828ce5da51636fcdfa8e7d17503d045849b1/K2-Horizon-7B-BF16.gguf size=18010413440 mtime=2026-09-17T22:36:41+00:00 sha256/1048576B=44c3f6677a707c1c33d06230855db9a1a4d3e24b240545b60ac9288c707ea762
llama-perplexity --kl-divergence-base /tmp/logits.dat --ctx-size 32768 -f sample-data/wiki.test.head-2.4k.raw -fa on --hf-repo NANI-Nithin/K2-Horizon-7B-GGUF:BF16 --cache-type-k f16 --cache-type-v f16
0.01.594.256 W load: special_eos_id is not in special_eog_ids - the tokenizer config may be incorrect
0.05.754.236 I cmn          init: llama threadpool init, n_threads = 16
0.05.817.469 I 
0.05.817.544 I system_info: n_threads = 16 (n_threads_batch = 16) / 32 | CUDA : ARCHS = 750,800,860,890,900,1000,1030,1200,1210 | USE_GRAPHS = 1 | FA_ALL_QUANTS = 1 | CPU : SSE3 = 1 | SSSE3 = 1 | AVX = 1 | AVX2 = 1 | F16C = 1 | FMA = 1 | BMI2 = 1 | LLAMAFILE = 1 | OPENMP = 1 | REPACK = 1 | 
0.05.817.624 I perplexity: saving all logits to /tmp/logits.dat
0.05.817.627 I perplexity: tokenizing the input ..
0.06.129.740 I perplexity: tokenization took 312.105 ms
0.06.129.854 I perplexity: calculating perplexity over 4 chunks, n_ctx=32768, batch_size=2048, n_seq=1
0.31.629.423 I perplexity: 25.02 seconds per pass - ETA 1.67 minutes
[1]8.8357,[2]8.4618,[3]9.1285,[4]8.8870,
1.43.702.899 I Final estimate: PPL = 8.8870 +/- 0.08684

------------------------------
# llama-perplexity: version: 0.4.7-dev (build 11841, commit 6dc2680b4-dirty) | built with GNU 15.3.0 for Linux x86_64
# model: /home/crusaderky/.cache/huggingface/hub/models--NANI-Nithin--K2-Horizon-7B-GGUF/snapshots/8d64828ce5da51636fcdfa8e7d17503d045849b1/K2-Horizon-7B-BF16.gguf size=18010413440 mtime=2026-09-17T22:36:41+00:00 sha256/1048576B=44c3f6677a707c1c33d06230855db9a1a4d3e24b240545b60ac9288c707ea762
llama-perplexity --kl-divergence-base /tmp/logits.dat --ctx-size 32768 -f sample-data/wiki.test.head-2.4k.raw -fa on --hf-repo NANI-Nithin/K2-Horizon-7B-GGUF:BF16 --cache-type-k f16 --cache-type-v f16 --kl-divergence
0.01.569.054 W load: special_eos_id is not in special_eog_ids - the tokenizer config may be incorrect
0.05.700.747 I cmn          init: llama threadpool init, n_threads = 16
0.05.762.597 I 
0.05.762.682 I system_info: n_threads = 16 (n_threads_batch = 16) / 32 | CUDA : ARCHS = 750,800,860,890,900,1000,1030,1200,1210 | USE_GRAPHS = 1 | FA_ALL_QUANTS = 1 | CPU : SSE3 = 1 | SSSE3 = 1 | AVX = 1 | AVX2 = 1 | F16C = 1 | FMA = 1 | BMI2 = 1 | LLAMAFILE = 1 | OPENMP = 1 | REPACK = 1 | 
0.06.340.793 I kl_divergence: computing over 4 chunks, n_ctx=32768, batch_size=2048, n_seq=1
0.29.107.782 I kl_divergence: 22.77 seconds per pass - ETA 1.52 minutes

chunk             PPL               ln(PPL(Q)/PPL(base))          KL Divergence              Δp RMS            Same top p        Same sampled p
   1       8.8357 ±    0.1686       0.00019 ±    0.00019       0.00000 ±    0.00000     0.001 ±  0.000 %    100.000 ±  0.000 %    40.224 ±  0.259 %
   2       8.4618 ±    0.1155       0.00019 ±    0.00012      -0.00000 ±    0.00000     0.001 ±  0.000 %    99.997 ±  0.003 %    41.680 ±  0.188 %
   3       9.1285 ±    0.1036       0.00034 ±    0.00014      -0.00000 ±    0.00000     0.001 ±  0.000 %    99.998 ±  0.002 %    40.396 ±  0.151 %
   4       8.8870 ±    0.0868       0.00031 ±    0.00011      -0.00000 ±    0.00000     0.001 ±  0.000 %    99.998 ±  0.002 %    40.816 ±  0.131 %

====== Perplexity statistics ======
Mean PPL(Q)                   :   8.886975 ±   0.086835
Mean PPL(base)                :   8.884264 ±   0.086744
Cor(ln(PPL(Q)), ln(PPL(base))):  99.99%
Mean ln(PPL(Q)/PPL(base))     :   0.000305 ±   0.000110
Mean PPL(Q)/PPL(base)         :   1.000305 ±   0.000110
Mean PPL(Q)-PPL(base)         :   0.002712 ±   0.000980

====== KL divergence statistics ======
Mean    KLD:  -0.000000 ±   0.000000
Maximum KLD:   0.000063
99.9%   KLD:   0.000049
99.0%   KLD:   0.000035
95.0%   KLD:   0.000022
90.0%   KLD:   0.000016
Median  KLD:  -0.000000
10.0%   KLD:  -0.000016
 5.0%   KLD:  -0.000022
 1.0%   KLD:  -0.000035
 0.1%   KLD:  -0.000048
Minimum KLD:  -0.000061

====== Token probability statistics ======
Mean    Δp: -0.000 ± 0.000 %
Maximum Δp:  0.006%
99.9%   Δp:  0.004%
99.0%   Δp:  0.002%
95.0%   Δp:  0.001%
90.0%   Δp:  0.000%
75.0%   Δp:  0.000%
Median  Δp:  0.000%
25.0%   Δp:  0.000%
10.0%   Δp: -0.000%
 5.0%   Δp: -0.001%
 1.0%   Δp: -0.002%
 0.1%   Δp: -0.004%
Minimum Δp: -0.006%
RMS Δp    :  0.001 ± 0.000 %
Same top p: 99.998 ± 0.002 %
Same sampled p: 40.816 ± 0.131 %

------------------------------
# llama-perplexity: version: 0.4.7-dev (build 11841, commit 6dc2680b4-dirty) | built with GNU 15.3.0 for Linux x86_64
# model: /home/crusaderky/.cache/huggingface/hub/models--NANI-Nithin--K2-Horizon-7B-GGUF/snapshots/8d64828ce5da51636fcdfa8e7d17503d045849b1/K2-Horizon-7B-Q8_0.gguf size=9573964160 mtime=2026-09-17T22:42:22+00:00 sha256/1048576B=d7dce92bee664b7e7e3dde849c68ebe3ccef682636ca03eedb3da6ebc9ad4780
llama-perplexity --kl-divergence-base /tmp/logits.dat --ctx-size 32768 -f sample-data/wiki.test.head-2.4k.raw -fa on --hf-repo NANI-Nithin/K2-Horizon-7B-GGUF:Q8_0 --cache-type-k q8_0 --cache-type-v q8_0 --kl-divergence
0.01.624.796 W load: special_eos_id is not in special_eog_ids - the tokenizer config may be incorrect
0.03.959.566 I cmn          init: llama threadpool init, n_threads = 16
0.04.016.154 I 
0.04.016.219 I system_info: n_threads = 16 (n_threads_batch = 16) / 32 | CUDA : ARCHS = 750,800,860,890,900,1000,1030,1200,1210 | USE_GRAPHS = 1 | FA_ALL_QUANTS = 1 | CPU : SSE3 = 1 | SSSE3 = 1 | AVX = 1 | AVX2 = 1 | F16C = 1 | FMA = 1 | BMI2 = 1 | LLAMAFILE = 1 | OPENMP = 1 | REPACK = 1 | 
0.04.572.557 I kl_divergence: computing over 4 chunks, n_ctx=32768, batch_size=2048, n_seq=1
0.25.901.051 I kl_divergence: 21.33 seconds per pass - ETA 1.42 minutes

chunk             PPL               ln(PPL(Q)/PPL(base))          KL Divergence              Δp RMS            Same top p        Same sampled p
   1       8.8276 ±    0.1687      -0.00074 ±    0.00060       0.00212 ±    0.00009     1.184 ±  0.039 %    97.485 ±  0.122 %    40.256 ±  0.259 %
   2       8.2369 ±    0.1123      -0.02675 ±    0.00178       0.04268 ±    0.00095     5.377 ±  0.115 %    92.974 ±  0.141 %    41.677 ±  0.188 %
   3       8.9530 ±    0.1016      -0.01908 ±    0.00123       0.02992 ±    0.00065     4.499 ±  0.093 %    94.289 ±  0.105 %    40.402 ±  0.151 %
   4       8.7533 ±    0.0855      -0.01485 ±    0.00094       0.02336 ±    0.00049     3.988 ±  0.079 %    94.949 ±  0.086 %    40.831 ±  0.131 %

====== Perplexity statistics ======
Mean PPL(Q)                   :   8.753331 ±   0.085528
Mean PPL(base)                :   8.884264 ±   0.086744
Cor(ln(PPL(Q)), ln(PPL(base))):  99.54%
Mean ln(PPL(Q)/PPL(base))     :  -0.014847 ±   0.000940
Mean PPL(Q)/PPL(base)         :   0.985262 ±   0.000926
Mean PPL(Q)-PPL(base)         :  -0.130933 ±   0.008374

====== KL divergence statistics ======
Mean    KLD:   0.023363 ±   0.000493
Maximum KLD:   7.198743
99.9%   KLD:   1.654682
99.0%   KLD:   0.340552
95.0%   KLD:   0.098770
90.0%   KLD:   0.048105
Median  KLD:   0.002043
10.0%   KLD:   0.000143
 5.0%   KLD:   0.000032
 1.0%   KLD:   0.000001
 0.1%   KLD:  -0.000013
Minimum KLD:  -0.000089

====== Token probability statistics ======
Mean    Δp:  0.372 ± 0.016 %
Maximum Δp: 92.866%
99.9%   Δp: 44.756%
99.0%   Δp: 14.245%
95.0%   Δp:  4.026%
90.0%   Δp:  2.023%
75.0%   Δp:  0.501%
Median  Δp:  0.004%
25.0%   Δp: -0.228%
10.0%   Δp: -1.257%
 5.0%   Δp: -2.503%
 1.0%   Δp: -8.442%
 0.1%   Δp: -25.368%
Minimum Δp: -70.800%
RMS Δp    :  3.988 ± 0.079 %
Same top p: 94.949 ± 0.086 %
Same sampled p: 40.831 ± 0.131 %

------------------------------
# llama-perplexity: version: 0.4.7-dev (build 11841, commit 6dc2680b4-dirty) | built with GNU 15.3.0 for Linux x86_64
# model: /home/crusaderky/.cache/huggingface/hub/models--NANI-Nithin--K2-Horizon-7B-GGUF/snapshots/8d64828ce5da51636fcdfa8e7d17503d045849b1/K2-Horizon-7B-Q8_0.gguf size=9573964160 mtime=2026-09-17T22:42:22+00:00 sha256/1048576B=d7dce92bee664b7e7e3dde849c68ebe3ccef682636ca03eedb3da6ebc9ad4780
llama-perplexity --kl-divergence-base /tmp/logits.dat --ctx-size 32768 -f sample-data/wiki.test.head-2.4k.raw -fa on --hf-repo NANI-Nithin/K2-Horizon-7B-GGUF:Q8_0 --cache-type-k q8_0 --cache-type-v q8_0 --kv-tail-tokens 128 --kl-divergence
0.02.634.173 W load: special_eos_id is not in special_eog_ids - the tokenizer config may be incorrect
0.04.938.142 I cmn          init: llama threadpool init, n_threads = 16
0.04.999.181 I 
0.04.999.253 I system_info: n_threads = 16 (n_threads_batch = 16) / 32 | CUDA : ARCHS = 750,800,860,890,900,1000,1030,1200,1210 | USE_GRAPHS = 1 | FA_ALL_QUANTS = 1 | CPU : SSE3 = 1 | SSSE3 = 1 | AVX = 1 | AVX2 = 1 | F16C = 1 | FMA = 1 | BMI2 = 1 | LLAMAFILE = 1 | OPENMP = 1 | REPACK = 1 | 
0.05.534.817 I kl_divergence: computing over 4 chunks, n_ctx=32768, batch_size=2048, n_seq=1
0.27.880.859 I kl_divergence: 22.35 seconds per pass - ETA 1.48 minutes

chunk             PPL               ln(PPL(Q)/PPL(base))          KL Divergence              Δp RMS            Same top p        Same sampled p
   1       8.8320 ±    0.1689      -0.00023 ±    0.00059       0.00202 ±    0.00007     1.170 ±  0.038 %    97.552 ±  0.121 %    40.256 ±  0.259 %
   2       8.5574 ±    0.1172       0.01142 ±    0.00079       0.00787 ±    0.00015     2.264 ±  0.048 %    96.158 ±  0.106 %    41.536 ±  0.187 %
   3       9.1848 ±    0.1044       0.00648 ±    0.00061       0.00669 ±    0.00018     2.112 ±  0.059 %    96.466 ±  0.083 %    40.308 ±  0.151 %
   4       8.9251 ±    0.0874       0.00459 ±    0.00048       0.00558 ±    0.00013     1.943 ±  0.049 %    96.712 ±  0.070 %    40.762 ±  0.131 %

====== Perplexity statistics ======
Mean PPL(Q)                   :   8.925112 ±   0.087372
Mean PPL(base)                :   8.884264 ±   0.086744
Cor(ln(PPL(Q)), ln(PPL(base))):  99.88%
Mean ln(PPL(Q)/PPL(base))     :   0.004587 ±   0.000482
Mean PPL(Q)/PPL(base)         :   1.004598 ±   0.000484
Mean PPL(Q)-PPL(base)         :   0.040848 ±   0.004328

====== KL divergence statistics ======
Mean    KLD:   0.005579 ±   0.000133
Maximum KLD:   4.579825
99.9%   KLD:   0.290271
99.0%   KLD:   0.062564
95.0%   KLD:   0.019233
90.0%   KLD:   0.010257
Median  KLD:   0.001643
10.0%   KLD:   0.000098
 5.0%   KLD:   0.000022
 1.0%   KLD:   0.000001
 0.1%   KLD:  -0.000015
Minimum KLD:  -0.000086

====== Token probability statistics ======
Mean    Δp: -0.038 ± 0.008 %
Maximum Δp: 74.383%
99.9%   Δp: 12.826%
99.0%   Δp:  4.687%
95.0%   Δp:  2.038%
90.0%   Δp:  1.212%
75.0%   Δp:  0.296%
Median  Δp: -0.000%
25.0%   Δp: -0.264%
10.0%   Δp: -1.241%
 5.0%   Δp: -2.274%
 1.0%   Δp: -6.165%
 0.1%   Δp: -15.418%
Minimum Δp: -76.012%
RMS Δp    :  1.943 ± 0.049 %
Same top p: 96.712 ± 0.070 %
Same sampled p: 40.762 ± 0.131 %

------------------------------
# llama-perplexity: version: 0.4.7-dev (build 11841, commit 6dc2680b4-dirty) | built with GNU 15.3.0 for Linux x86_64
# model: /home/crusaderky/.cache/huggingface/hub/models--NANI-Nithin--K2-Horizon-7B-GGUF/snapshots/8d64828ce5da51636fcdfa8e7d17503d045849b1/K2-Horizon-7B-Q8_0.gguf size=9573964160 mtime=2026-09-17T22:42:22+00:00 sha256/1048576B=d7dce92bee664b7e7e3dde849c68ebe3ccef682636ca03eedb3da6ebc9ad4780
llama-perplexity --kl-divergence-base /tmp/logits.dat --ctx-size 32768 -f sample-data/wiki.test.head-2.4k.raw -fa on --hf-repo NANI-Nithin/K2-Horizon-7B-GGUF:Q8_0 --cache-type-k q8_0 --cache-type-v q6_0 --kl-divergence
0.01.536.234 W load: special_eos_id is not in special_eog_ids - the tokenizer config may be incorrect
0.03.853.467 I cmn          init: llama threadpool init, n_threads = 16
0.03.909.442 I 
0.03.909.515 I system_info: n_threads = 16 (n_threads_batch = 16) / 32 | CUDA : ARCHS = 750,800,860,890,900,1000,1030,1200,1210 | USE_GRAPHS = 1 | FA_ALL_QUANTS = 1 | CPU : SSE3 = 1 | SSSE3 = 1 | AVX = 1 | AVX2 = 1 | F16C = 1 | FMA = 1 | BMI2 = 1 | LLAMAFILE = 1 | OPENMP = 1 | REPACK = 1 | 
0.04.459.615 I kl_divergence: computing over 4 chunks, n_ctx=32768, batch_size=2048, n_seq=1
0.25.858.208 I kl_divergence: 21.40 seconds per pass - ETA 1.42 minutes

chunk             PPL               ln(PPL(Q)/PPL(base))          KL Divergence              Δp RMS            Same top p        Same sampled p
   1       8.8358 ±    0.1690       0.00020 ±    0.00061       0.00222 ±    0.00009     1.300 ±  0.078 %    97.540 ±  0.121 %    40.243 ±  0.259 %
   2       8.2440 ±    0.1125      -0.02589 ±    0.00181       0.04424 ±    0.00096     5.501 ±  0.115 %    92.819 ±  0.143 %    41.657 ±  0.188 %
   3       8.9571 ±    0.1016      -0.01861 ±    0.00124       0.03094 ±    0.00066     4.593 ±  0.093 %    94.197 ±  0.105 %    40.387 ±  0.151 %
   4       8.7596 ±    0.0856      -0.01414 ±    0.00095       0.02391 ±    0.00050     4.046 ±  0.080 %    94.944 ±  0.086 %    40.819 ±  0.131 %

====== Perplexity statistics ======
Mean PPL(Q)                   :   8.759568 ±   0.085611
Mean PPL(base)                :   8.884264 ±   0.086744
Cor(ln(PPL(Q)), ln(PPL(base))):  99.53%
Mean ln(PPL(Q)/PPL(base))     :  -0.014135 ±   0.000949
Mean PPL(Q)/PPL(base)         :   0.985964 ±   0.000936
Mean PPL(Q)-PPL(base)         :  -0.124696 ±   0.008451

====== KL divergence statistics ======
Mean    KLD:   0.023906 ±   0.000498
Maximum KLD:   7.023895
99.9%   KLD:   1.710157
99.0%   KLD:   0.360315
95.0%   KLD:   0.101847
90.0%   KLD:   0.049014
Median  KLD:   0.001978
10.0%   KLD:   0.000136
 5.0%   KLD:   0.000032
 1.0%   KLD:   0.000001
 0.1%   KLD:  -0.000015
Minimum KLD:  -0.000077

====== Token probability statistics ======
Mean    Δp:  0.358 ± 0.016 %
Maximum Δp: 93.877%
99.9%   Δp: 46.383%
99.0%   Δp: 14.285%
95.0%   Δp:  3.975%
90.0%   Δp:  1.946%
75.0%   Δp:  0.484%
Median  Δp:  0.003%
25.0%   Δp: -0.226%
10.0%   Δp: -1.250%
 5.0%   Δp: -2.512%
 1.0%   Δp: -8.749%
 0.1%   Δp: -27.235%
Minimum Δp: -70.579%
RMS Δp    :  4.046 ± 0.080 %
Same top p: 94.944 ± 0.086 %
Same sampled p: 40.819 ± 0.131 %

------------------------------
# llama-perplexity: version: 0.4.7-dev (build 11841, commit 6dc2680b4-dirty) | built with GNU 15.3.0 for Linux x86_64
# model: /home/crusaderky/.cache/huggingface/hub/models--NANI-Nithin--K2-Horizon-7B-GGUF/snapshots/8d64828ce5da51636fcdfa8e7d17503d045849b1/K2-Horizon-7B-Q8_0.gguf size=9573964160 mtime=2026-09-17T22:42:22+00:00 sha256/1048576B=d7dce92bee664b7e7e3dde849c68ebe3ccef682636ca03eedb3da6ebc9ad4780
llama-perplexity --kl-divergence-base /tmp/logits.dat --ctx-size 32768 -f sample-data/wiki.test.head-2.4k.raw -fa on --hf-repo NANI-Nithin/K2-Horizon-7B-GGUF:Q8_0 --cache-type-k q8_0 --cache-type-v q6_0 --kv-tail-tokens 128 --kl-divergence
0.02.491.890 W load: special_eos_id is not in special_eog_ids - the tokenizer config may be incorrect
0.04.814.330 I cmn          init: llama threadpool init, n_threads = 16
0.04.876.812 I 
0.04.876.877 I system_info: n_threads = 16 (n_threads_batch = 16) / 32 | CUDA : ARCHS = 750,800,860,890,900,1000,1030,1200,1210 | USE_GRAPHS = 1 | FA_ALL_QUANTS = 1 | CPU : SSE3 = 1 | SSSE3 = 1 | AVX = 1 | AVX2 = 1 | F16C = 1 | FMA = 1 | BMI2 = 1 | LLAMAFILE = 1 | OPENMP = 1 | REPACK = 1 | 
0.05.428.383 I kl_divergence: computing over 4 chunks, n_ctx=32768, batch_size=2048, n_seq=1
0.27.841.828 I kl_divergence: 22.41 seconds per pass - ETA 1.48 minutes

chunk             PPL               ln(PPL(Q)/PPL(base))          KL Divergence              Δp RMS            Same top p        Same sampled p
   1       8.8344 ±    0.1689       0.00004 ±    0.00059       0.00202 ±    0.00008     1.138 ±  0.035 %    97.601 ±  0.120 %    40.252 ±  0.259 %
   2       8.5679 ±    0.1173       0.01266 ±    0.00082       0.00837 ±    0.00017     2.329 ±  0.054 %    96.124 ±  0.107 %    41.527 ±  0.187 %
   3       9.1936 ±    0.1045       0.00745 ±    0.00062       0.00695 ±    0.00018     2.135 ±  0.055 %    96.505 ±  0.083 %    40.301 ±  0.151 %
   4       8.9321 ±    0.0874       0.00538 ±    0.00049       0.00578 ±    0.00014     1.967 ±  0.047 %    96.771 ±  0.069 %    40.757 ±  0.131 %

====== Perplexity statistics ======
Mean PPL(Q)                   :   8.932148 ±   0.087449
Mean PPL(base)                :   8.884264 ±   0.086744
Cor(ln(PPL(Q)), ln(PPL(base))):  99.88%
Mean ln(PPL(Q)/PPL(base))     :   0.005375 ±   0.000488
Mean PPL(Q)/PPL(base)         :   1.005390 ±   0.000491
Mean PPL(Q)-PPL(base)         :   0.047885 ±   0.004399

====== KL divergence statistics ======
Mean    KLD:   0.005777 ±   0.000137
Maximum KLD:   4.606538
99.9%   KLD:   0.293903
99.0%   KLD:   0.066925
95.0%   KLD:   0.020483
90.0%   KLD:   0.010792
Median  KLD:   0.001644
10.0%   KLD:   0.000097
 5.0%   KLD:   0.000023
 1.0%   KLD:   0.000001
 0.1%   KLD:  -0.000017
Minimum KLD:  -0.000106

====== Token probability statistics ======
Mean    Δp: -0.045 ± 0.008 %
Maximum Δp: 75.861%
99.9%   Δp: 13.451%
99.0%   Δp:  4.764%
95.0%   Δp:  2.046%
90.0%   Δp:  1.231%
75.0%   Δp:  0.288%
Median  Δp: -0.000%
25.0%   Δp: -0.274%
10.0%   Δp: -1.262%
 5.0%   Δp: -2.283%
 1.0%   Δp: -6.226%
 0.1%   Δp: -15.279%
Minimum Δp: -64.059%
RMS Δp    :  1.967 ± 0.047 %
Same top p: 96.771 ± 0.069 %
Same sampled p: 40.757 ± 0.131 %

------------------------------
# llama-perplexity: version: 0.4.7-dev (build 11841, commit 6dc2680b4-dirty) | built with GNU 15.3.0 for Linux x86_64
# model: /home/crusaderky/.cache/huggingface/hub/models--NANI-Nithin--K2-Horizon-7B-GGUF/snapshots/8d64828ce5da51636fcdfa8e7d17503d045849b1/K2-Horizon-7B-Q8_0.gguf size=9573964160 mtime=2026-09-17T22:42:22+00:00 sha256/1048576B=d7dce92bee664b7e7e3dde849c68ebe3ccef682636ca03eedb3da6ebc9ad4780
llama-perplexity --kl-divergence-base /tmp/logits.dat --ctx-size 32768 -f sample-data/wiki.test.head-2.4k.raw -fa on --hf-repo NANI-Nithin/K2-Horizon-7B-GGUF:Q8_0 --cache-type-k q8_0 --cache-type-v q5_1 --kl-divergence
0.01.548.698 W load: special_eos_id is not in special_eog_ids - the tokenizer config may be incorrect
0.03.861.239 I cmn          init: llama threadpool init, n_threads = 16
0.03.915.783 I 
0.03.915.853 I system_info: n_threads = 16 (n_threads_batch = 16) / 32 | CUDA : ARCHS = 750,800,860,890,900,1000,1030,1200,1210 | USE_GRAPHS = 1 | FA_ALL_QUANTS = 1 | CPU : SSE3 = 1 | SSSE3 = 1 | AVX = 1 | AVX2 = 1 | F16C = 1 | FMA = 1 | BMI2 = 1 | LLAMAFILE = 1 | OPENMP = 1 | REPACK = 1 | 
0.04.444.483 I kl_divergence: computing over 4 chunks, n_ctx=32768, batch_size=2048, n_seq=1
0.25.721.455 I kl_divergence: 21.28 seconds per pass - ETA 1.42 minutes

chunk             PPL               ln(PPL(Q)/PPL(base))          KL Divergence              Δp RMS            Same top p        Same sampled p
   1       8.8409 ±    0.1690       0.00077 ±    0.00064       0.00242 ±    0.00006     1.246 ±  0.034 %    97.345 ±  0.126 %    40.231 ±  0.259 %
   2       8.2925 ±    0.1132      -0.02002 ±    0.00142       0.02657 ±    0.00055     4.159 ±  0.092 %    93.902 ±  0.132 %    41.730 ±  0.188 %
   3       8.9939 ±    0.1021      -0.01451 ±    0.00100       0.01934 ±    0.00040     3.556 ±  0.076 %    94.905 ±  0.099 %    40.427 ±  0.151 %
   4       8.7828 ±    0.0858      -0.01148 ±    0.00078       0.01588 ±    0.00030     3.243 ±  0.064 %    95.234 ±  0.083 %    40.846 ±  0.131 %

====== Perplexity statistics ======
Mean PPL(Q)                   :   8.782817 ±   0.085821
Mean PPL(base)                :   8.884264 ±   0.086744
Cor(ln(PPL(Q)), ln(PPL(base))):  99.68%
Mean ln(PPL(Q)/PPL(base))     :  -0.011484 ±   0.000783
Mean PPL(Q)/PPL(base)         :   0.988581 ±   0.000774
Mean PPL(Q)-PPL(base)         :  -0.101447 ±   0.006977

====== KL divergence statistics ======
Mean    KLD:   0.015878 ±   0.000300
Maximum KLD:   4.818915
99.9%   KLD:   0.966263
99.0%   KLD:   0.218209
95.0%   KLD:   0.063556
90.0%   KLD:   0.032423
Median  KLD:   0.002473
10.0%   KLD:   0.000166
 5.0%   KLD:   0.000040
 1.0%   KLD:   0.000002
 0.1%   KLD:  -0.000014
Minimum KLD:  -0.000134

====== Token probability statistics ======
Mean    Δp:  0.291 ± 0.013 %
Maximum Δp: 91.353%
99.9%   Δp: 34.555%
99.0%   Δp: 11.425%
95.0%   Δp:  3.706%
90.0%   Δp:  1.981%
75.0%   Δp:  0.485%
Median  Δp:  0.002%
25.0%   Δp: -0.253%
10.0%   Δp: -1.338%
 5.0%   Δp: -2.507%
 1.0%   Δp: -7.150%
 0.1%   Δp: -19.675%
Minimum Δp: -69.851%
RMS Δp    :  3.243 ± 0.064 %
Same top p: 95.234 ± 0.083 %
Same sampled p: 40.846 ± 0.131 %

------------------------------
# llama-perplexity: version: 0.4.7-dev (build 11841, commit 6dc2680b4-dirty) | built with GNU 15.3.0 for Linux x86_64
# model: /home/crusaderky/.cache/huggingface/hub/models--NANI-Nithin--K2-Horizon-7B-GGUF/snapshots/8d64828ce5da51636fcdfa8e7d17503d045849b1/K2-Horizon-7B-Q8_0.gguf size=9573964160 mtime=2026-09-17T22:42:22+00:00 sha256/1048576B=d7dce92bee664b7e7e3dde849c68ebe3ccef682636ca03eedb3da6ebc9ad4780
llama-perplexity --kl-divergence-base /tmp/logits.dat --ctx-size 32768 -f sample-data/wiki.test.head-2.4k.raw -fa on --hf-repo NANI-Nithin/K2-Horizon-7B-GGUF:Q8_0 --cache-type-k q8_0 --cache-type-v q5_1 --kv-tail-tokens 128 --kl-divergence
0.02.461.818 W load: special_eos_id is not in special_eog_ids - the tokenizer config may be incorrect
0.04.780.495 I cmn          init: llama threadpool init, n_threads = 16
0.04.843.100 I 
0.04.843.170 I system_info: n_threads = 16 (n_threads_batch = 16) / 32 | CUDA : ARCHS = 750,800,860,890,900,1000,1030,1200,1210 | USE_GRAPHS = 1 | FA_ALL_QUANTS = 1 | CPU : SSE3 = 1 | SSSE3 = 1 | AVX = 1 | AVX2 = 1 | F16C = 1 | FMA = 1 | BMI2 = 1 | LLAMAFILE = 1 | OPENMP = 1 | REPACK = 1 | 
0.05.401.383 I kl_divergence: computing over 4 chunks, n_ctx=32768, batch_size=2048, n_seq=1
0.27.717.157 I kl_divergence: 22.32 seconds per pass - ETA 1.48 minutes

chunk             PPL               ln(PPL(Q)/PPL(base))          KL Divergence              Δp RMS            Same top p        Same sampled p
   1       8.8251 ±    0.1686      -0.00102 ±    0.00061       0.00217 ±    0.00009     1.181 ±  0.037 %    97.491 ±  0.122 %    40.244 ±  0.259 %
   2       8.5529 ±    0.1171       0.01090 ±    0.00081       0.00811 ±    0.00016     2.300 ±  0.049 %    96.219 ±  0.105 %    41.527 ±  0.187 %
   3       9.1801 ±    0.1044       0.00598 ±    0.00062       0.00684 ±    0.00017     2.122 ±  0.053 %    96.468 ±  0.083 %    40.300 ±  0.151 %
   4       8.9214 ±    0.0873       0.00417 ±    0.00049       0.00574 ±    0.00013     1.963 ±  0.044 %    96.692 ±  0.070 %    40.754 ±  0.131 %

====== Perplexity statistics ======
Mean PPL(Q)                   :   8.921405 ±   0.087309
Mean PPL(base)                :   8.884264 ±   0.086744
Cor(ln(PPL(Q)), ln(PPL(base))):  99.88%
Mean ln(PPL(Q)/PPL(base))     :   0.004172 ±   0.000488
Mean PPL(Q)/PPL(base)         :   1.004181 ±   0.000490
Mean PPL(Q)-PPL(base)         :   0.037142 ±   0.004376

====== KL divergence statistics ======
Mean    KLD:   0.005738 ±   0.000132
Maximum KLD:   4.791182
99.9%   KLD:   0.300782
99.0%   KLD:   0.064055
95.0%   KLD:   0.019931
90.0%   KLD:   0.010615
Median  KLD:   0.001719
10.0%   KLD:   0.000102
 5.0%   KLD:   0.000024
 1.0%   KLD:   0.000001
 0.1%   KLD:  -0.000016
Minimum KLD:  -0.000116

====== Token probability statistics ======
Mean    Δp: -0.040 ± 0.008 %
Maximum Δp: 75.201%
99.9%   Δp: 14.227%
99.0%   Δp:  4.741%
95.0%   Δp:  2.082%
90.0%   Δp:  1.242%
75.0%   Δp:  0.293%
Median  Δp: -0.000%
25.0%   Δp: -0.279%
10.0%   Δp: -1.285%
 5.0%   Δp: -2.317%
 1.0%   Δp: -6.187%
 0.1%   Δp: -14.861%
Minimum Δp: -44.467%
RMS Δp    :  1.963 ± 0.044 %
Same top p: 96.692 ± 0.070 %
Same sampled p: 40.754 ± 0.131 %

------------------------------
# llama-perplexity: version: 0.4.7-dev (build 11841, commit 6dc2680b4-dirty) | built with GNU 15.3.0 for Linux x86_64
# model: /home/crusaderky/.cache/huggingface/hub/models--NANI-Nithin--K2-Horizon-7B-GGUF/snapshots/8d64828ce5da51636fcdfa8e7d17503d045849b1/K2-Horizon-7B-Q8_0.gguf size=9573964160 mtime=2026-09-17T22:42:22+00:00 sha256/1048576B=d7dce92bee664b7e7e3dde849c68ebe3ccef682636ca03eedb3da6ebc9ad4780
llama-perplexity --kl-divergence-base /tmp/logits.dat --ctx-size 32768 -f sample-data/wiki.test.head-2.4k.raw -fa on --hf-repo NANI-Nithin/K2-Horizon-7B-GGUF:Q8_0 --cache-type-k q8_0 --cache-type-v q5_0 --kl-divergence
0.01.620.890 W load: special_eos_id is not in special_eog_ids - the tokenizer config may be incorrect
0.03.938.714 I cmn          init: llama threadpool init, n_threads = 16
0.03.994.166 I 
0.03.994.244 I system_info: n_threads = 16 (n_threads_batch = 16) / 32 | CUDA : ARCHS = 750,800,860,890,900,1000,1030,1200,1210 | USE_GRAPHS = 1 | FA_ALL_QUANTS = 1 | CPU : SSE3 = 1 | SSSE3 = 1 | AVX = 1 | AVX2 = 1 | F16C = 1 | FMA = 1 | BMI2 = 1 | LLAMAFILE = 1 | OPENMP = 1 | REPACK = 1 | 
0.04.546.148 I kl_divergence: computing over 4 chunks, n_ctx=32768, batch_size=2048, n_seq=1
0.25.834.296 I kl_divergence: 21.29 seconds per pass - ETA 1.42 minutes

chunk             PPL               ln(PPL(Q)/PPL(base))          KL Divergence              Δp RMS            Same top p        Same sampled p
   1       8.8382 ±    0.1688       0.00046 ±    0.00064       0.00257 ±    0.00009     1.276 ±  0.036 %    97.388 ±  0.125 %    40.250 ±  0.259 %
   2       8.3657 ±    0.1142      -0.01123 ±    0.00092       0.01127 ±    0.00022     2.690 ±  0.061 %    95.642 ±  0.113 %    41.760 ±  0.188 %
   3       9.0435 ±    0.1026      -0.00901 ±    0.00071       0.00947 ±    0.00023     2.482 ±  0.062 %    96.012 ±  0.088 %    40.450 ±  0.151 %
   4       8.8205 ±    0.0862      -0.00721 ±    0.00056       0.00804 ±    0.00018     2.311 ±  0.051 %    96.220 ±  0.074 %    40.862 ±  0.131 %

====== Perplexity statistics ======
Mean PPL(Q)                   :   8.820458 ±   0.086188
Mean PPL(base)                :   8.884264 ±   0.086744
Cor(ln(PPL(Q)), ln(PPL(base))):  99.83%
Mean ln(PPL(Q)/PPL(base))     :  -0.007208 ±   0.000564
Mean PPL(Q)/PPL(base)         :   0.992818 ±   0.000560
Mean PPL(Q)-PPL(base)         :  -0.063805 ±   0.005025

====== KL divergence statistics ======
Mean    KLD:   0.008039 ±   0.000176
Maximum KLD:   4.809400
99.9%   KLD:   0.401562
99.0%   KLD:   0.095441
95.0%   KLD:   0.028295
90.0%   KLD:   0.015035
Median  KLD:   0.002254
10.0%   KLD:   0.000136
 5.0%   KLD:   0.000031
 1.0%   KLD:   0.000002
 0.1%   KLD:  -0.000015
Minimum KLD:  -0.000109

====== Token probability statistics ======
Mean    Δp:  0.187 ± 0.009 %
Maximum Δp: 74.518%
99.9%   Δp: 21.703%
99.0%   Δp:  7.400%
95.0%   Δp:  2.917%
90.0%   Δp:  1.709%
75.0%   Δp:  0.438%
Median  Δp:  0.003%
25.0%   Δp: -0.229%
10.0%   Δp: -1.194%
 5.0%   Δp: -2.163%
 1.0%   Δp: -5.444%
 0.1%   Δp: -14.146%
Minimum Δp: -91.492%
RMS Δp    :  2.311 ± 0.051 %
Same top p: 96.220 ± 0.074 %
Same sampled p: 40.862 ± 0.131 %

------------------------------
# llama-perplexity: version: 0.4.7-dev (build 11841, commit 6dc2680b4-dirty) | built with GNU 15.3.0 for Linux x86_64
# model: /home/crusaderky/.cache/huggingface/hub/models--NANI-Nithin--K2-Horizon-7B-GGUF/snapshots/8d64828ce5da51636fcdfa8e7d17503d045849b1/K2-Horizon-7B-Q8_0.gguf size=9573964160 mtime=2026-09-17T22:42:22+00:00 sha256/1048576B=d7dce92bee664b7e7e3dde849c68ebe3ccef682636ca03eedb3da6ebc9ad4780
llama-perplexity --kl-divergence-base /tmp/logits.dat --ctx-size 32768 -f sample-data/wiki.test.head-2.4k.raw -fa on --hf-repo NANI-Nithin/K2-Horizon-7B-GGUF:Q8_0 --cache-type-k q8_0 --cache-type-v q5_0 --kv-tail-tokens 128 --kl-divergence
0.02.528.095 W load: special_eos_id is not in special_eog_ids - the tokenizer config may be incorrect
0.04.848.222 I cmn          init: llama threadpool init, n_threads = 16
0.04.908.801 I 
0.04.908.856 I system_info: n_threads = 16 (n_threads_batch = 16) / 32 | CUDA : ARCHS = 750,800,860,890,900,1000,1030,1200,1210 | USE_GRAPHS = 1 | FA_ALL_QUANTS = 1 | CPU : SSE3 = 1 | SSSE3 = 1 | AVX = 1 | AVX2 = 1 | F16C = 1 | FMA = 1 | BMI2 = 1 | LLAMAFILE = 1 | OPENMP = 1 | REPACK = 1 | 
0.05.449.054 I kl_divergence: computing over 4 chunks, n_ctx=32768, batch_size=2048, n_seq=1
0.27.717.040 I kl_divergence: 22.27 seconds per pass - ETA 1.48 minutes

chunk             PPL               ln(PPL(Q)/PPL(base))          KL Divergence              Δp RMS            Same top p        Same sampled p
   1       8.8350 ±    0.1689       0.00011 ±    0.00060       0.00210 ±    0.00008     1.131 ±  0.027 %    97.687 ±  0.117 %    40.254 ±  0.259 %
   2       8.5593 ±    0.1172       0.01164 ±    0.00080       0.00800 ±    0.00017     2.280 ±  0.047 %    96.240 ±  0.105 %    41.526 ±  0.187 %
   3       9.1824 ±    0.1044       0.00623 ±    0.00061       0.00674 ±    0.00017     2.109 ±  0.052 %    96.517 ±  0.083 %    40.297 ±  0.151 %
   4       8.9248 ±    0.0873       0.00456 ±    0.00048       0.00565 ±    0.00013     1.947 ±  0.044 %    96.733 ±  0.069 %    40.752 ±  0.131 %

====== Perplexity statistics ======
Mean PPL(Q)                   :   8.924849 ±   0.087344
Mean PPL(base)                :   8.884264 ±   0.086744
Cor(ln(PPL(Q)), ln(PPL(base))):  99.88%
Mean ln(PPL(Q)/PPL(base))     :   0.004558 ±   0.000485
Mean PPL(Q)/PPL(base)         :   1.004568 ±   0.000487
Mean PPL(Q)-PPL(base)         :   0.040586 ±   0.004352

====== KL divergence statistics ======
Mean    KLD:   0.005648 ±   0.000132
Maximum KLD:   4.712327
99.9%   KLD:   0.294476
99.0%   KLD:   0.064192
95.0%   KLD:   0.019553
90.0%   KLD:   0.010516
Median  KLD:   0.001712
10.0%   KLD:   0.000102
 5.0%   KLD:   0.000023
 1.0%   KLD:   0.000001
 0.1%   KLD:  -0.000016
Minimum KLD:  -0.000106

====== Token probability statistics ======
Mean    Δp: -0.046 ± 0.008 %
Maximum Δp: 74.750%
99.9%   Δp: 12.803%
99.0%   Δp:  4.748%
95.0%   Δp:  2.044%
90.0%   Δp:  1.230%
75.0%   Δp:  0.286%
Median  Δp: -0.000%
25.0%   Δp: -0.276%
10.0%   Δp: -1.285%
 5.0%   Δp: -2.315%
 1.0%   Δp: -6.127%
 0.1%   Δp: -15.716%
Minimum Δp: -47.728%
RMS Δp    :  1.947 ± 0.044 %
Same top p: 96.733 ± 0.069 %
Same sampled p: 40.752 ± 0.131 %

------------------------------
# llama-perplexity: version: 0.4.7-dev (build 11841, commit 6dc2680b4-dirty) | built with GNU 15.3.0 for Linux x86_64
# model: /home/crusaderky/.cache/huggingface/hub/models--NANI-Nithin--K2-Horizon-7B-GGUF/snapshots/8d64828ce5da51636fcdfa8e7d17503d045849b1/K2-Horizon-7B-Q8_0.gguf size=9573964160 mtime=2026-09-17T22:42:22+00:00 sha256/1048576B=d7dce92bee664b7e7e3dde849c68ebe3ccef682636ca03eedb3da6ebc9ad4780
llama-perplexity --kl-divergence-base /tmp/logits.dat --ctx-size 32768 -f sample-data/wiki.test.head-2.4k.raw -fa on --hf-repo NANI-Nithin/K2-Horizon-7B-GGUF:Q8_0 --cache-type-k q8_0 --cache-type-v q4_1 --kl-divergence
0.01.542.267 W load: special_eos_id is not in special_eog_ids - the tokenizer config may be incorrect
0.03.895.493 I cmn          init: llama threadpool init, n_threads = 16
0.03.949.920 I 
0.03.949.989 I system_info: n_threads = 16 (n_threads_batch = 16) / 32 | CUDA : ARCHS = 750,800,860,890,900,1000,1030,1200,1210 | USE_GRAPHS = 1 | FA_ALL_QUANTS = 1 | CPU : SSE3 = 1 | SSSE3 = 1 | AVX = 1 | AVX2 = 1 | F16C = 1 | FMA = 1 | BMI2 = 1 | LLAMAFILE = 1 | OPENMP = 1 | REPACK = 1 | 
0.04.507.911 I kl_divergence: computing over 4 chunks, n_ctx=32768, batch_size=2048, n_seq=1
0.25.759.781 I kl_divergence: 21.25 seconds per pass - ETA 1.42 minutes

chunk             PPL               ln(PPL(Q)/PPL(base))          KL Divergence              Δp RMS            Same top p        Same sampled p
   1       8.8298 ±    0.1687      -0.00049 ±    0.00079       0.00405 ±    0.00010     1.602 ±  0.057 %    96.692 ±  0.140 %    40.252 ±  0.259 %
   2       8.2378 ±    0.1124      -0.02664 ±    0.00182       0.04500 ±    0.00095     5.511 ±  0.114 %    92.361 ±  0.147 %    41.666 ±  0.188 %
   3       8.9498 ±    0.1015      -0.01943 ±    0.00128       0.03268 ±    0.00067     4.704 ±  0.094 %    93.503 ±  0.111 %    40.386 ±  0.151 %
   4       8.7578 ±    0.0856      -0.01433 ±    0.00099       0.02575 ±    0.00050     4.185 ±  0.080 %    94.229 ±  0.091 %    40.815 ±  0.131 %

====== Perplexity statistics ======
Mean PPL(Q)                   :   8.757843 ±   0.085600
Mean PPL(base)                :   8.884264 ±   0.086744
Cor(ln(PPL(Q)), ln(PPL(base))):  99.49%
Mean ln(PPL(Q)/PPL(base))     :  -0.014332 ±   0.000986
Mean PPL(Q)/PPL(base)         :   0.985770 ±   0.000972
Mean PPL(Q)-PPL(base)         :  -0.126421 ±   0.008772

====== KL divergence statistics ======
Mean    KLD:   0.025753 ±   0.000502
Maximum KLD:   7.525445
99.9%   KLD:   1.722627
99.0%   KLD:   0.357911
95.0%   KLD:   0.104520
90.0%   KLD:   0.051434
Median  KLD:   0.003561
10.0%   KLD:   0.000246
 5.0%   KLD:   0.000061
 1.0%   KLD:   0.000004
 0.1%   KLD:  -0.000013
Minimum KLD:  -0.000097

====== Token probability statistics ======
Mean    Δp:  0.376 ± 0.016 %
Maximum Δp: 97.098%
99.9%   Δp: 45.025%
99.0%   Δp: 14.581%
95.0%   Δp:  4.557%
90.0%   Δp:  2.380%
75.0%   Δp:  0.590%
Median  Δp:  0.005%
25.0%   Δp: -0.291%
10.0%   Δp: -1.548%
 5.0%   Δp: -2.986%
 1.0%   Δp: -9.124%
 0.1%   Δp: -25.714%
Minimum Δp: -91.373%
RMS Δp    :  4.185 ± 0.080 %
Same top p: 94.229 ± 0.091 %
Same sampled p: 40.815 ± 0.131 %

------------------------------
# llama-perplexity: version: 0.4.7-dev (build 11841, commit 6dc2680b4-dirty) | built with GNU 15.3.0 for Linux x86_64
# model: /home/crusaderky/.cache/huggingface/hub/models--NANI-Nithin--K2-Horizon-7B-GGUF/snapshots/8d64828ce5da51636fcdfa8e7d17503d045849b1/K2-Horizon-7B-Q8_0.gguf size=9573964160 mtime=2026-09-17T22:42:22+00:00 sha256/1048576B=d7dce92bee664b7e7e3dde849c68ebe3ccef682636ca03eedb3da6ebc9ad4780
llama-perplexity --kl-divergence-base /tmp/logits.dat --ctx-size 32768 -f sample-data/wiki.test.head-2.4k.raw -fa on --hf-repo NANI-Nithin/K2-Horizon-7B-GGUF:Q8_0 --cache-type-k q8_0 --cache-type-v q4_1 --kv-tail-tokens 128 --kl-divergence
0.02.361.310 W load: special_eos_id is not in special_eog_ids - the tokenizer config may be incorrect
0.04.685.446 I cmn          init: llama threadpool init, n_threads = 16
0.04.747.623 I 
0.04.747.693 I system_info: n_threads = 16 (n_threads_batch = 16) / 32 | CUDA : ARCHS = 750,800,860,890,900,1000,1030,1200,1210 | USE_GRAPHS = 1 | FA_ALL_QUANTS = 1 | CPU : SSE3 = 1 | SSSE3 = 1 | AVX = 1 | AVX2 = 1 | F16C = 1 | FMA = 1 | BMI2 = 1 | LLAMAFILE = 1 | OPENMP = 1 | REPACK = 1 | 
0.05.286.724 I kl_divergence: computing over 4 chunks, n_ctx=32768, batch_size=2048, n_seq=1
0.27.474.638 I kl_divergence: 22.19 seconds per pass - ETA 1.47 minutes

chunk             PPL               ln(PPL(Q)/PPL(base))          KL Divergence              Δp RMS            Same top p        Same sampled p
   1       8.8194 ±    0.1685      -0.00167 ±    0.00064       0.00245 ±    0.00009     1.239 ±  0.028 %    97.577 ±  0.120 %    40.262 ±  0.259 %
   2       8.5635 ±    0.1173       0.01213 ±    0.00085       0.00901 ±    0.00017     2.407 ±  0.048 %    96.151 ±  0.106 %    41.532 ±  0.187 %
   3       9.1868 ±    0.1045       0.00671 ±    0.00067       0.00774 ±    0.00021     2.241 ±  0.060 %    96.360 ±  0.084 %    40.302 ±  0.151 %
   4       8.9242 ±    0.0874       0.00449 ±    0.00053       0.00660 ±    0.00016     2.087 ±  0.050 %    96.535 ±  0.071 %    40.761 ±  0.131 %

====== Perplexity statistics ======
Mean PPL(Q)                   :   8.924212 ±   0.087356
Mean PPL(base)                :   8.884264 ±   0.086744
Cor(ln(PPL(Q)), ln(PPL(base))):  99.85%
Mean ln(PPL(Q)/PPL(base))     :   0.004486 ±   0.000532
Mean PPL(Q)/PPL(base)         :   1.004497 ±   0.000534
Mean PPL(Q)-PPL(base)         :   0.039949 ±   0.004767

====== KL divergence statistics ======
Mean    KLD:   0.006604 ±   0.000159
Maximum KLD:   4.799896
99.9%   KLD:   0.335617
99.0%   KLD:   0.074080
95.0%   KLD:   0.022520
90.0%   KLD:   0.011994
Median  KLD:   0.001969
10.0%   KLD:   0.000120
 5.0%   KLD:   0.000028
 1.0%   KLD:   0.000001
 0.1%   KLD:  -0.000014
Minimum KLD:  -0.000147

====== Token probability statistics ======
Mean    Δp: -0.029 ± 0.008 %
Maximum Δp: 75.629%
99.9%   Δp: 14.876%
99.0%   Δp:  5.121%
95.0%   Δp:  2.238%
90.0%   Δp:  1.333%
75.0%   Δp:  0.331%
Median  Δp:  0.000%
25.0%   Δp: -0.277%
10.0%   Δp: -1.311%
 5.0%   Δp: -2.402%
 1.0%   Δp: -6.590%
 0.1%   Δp: -16.998%
Minimum Δp: -91.197%
RMS Δp    :  2.087 ± 0.050 %
Same top p: 96.535 ± 0.071 %
Same sampled p: 40.761 ± 0.131 %

------------------------------
# llama-perplexity: version: 0.4.7-dev (build 11841, commit 6dc2680b4-dirty) | built with GNU 15.3.0 for Linux x86_64
# model: /home/crusaderky/.cache/huggingface/hub/models--NANI-Nithin--K2-Horizon-7B-GGUF/snapshots/8d64828ce5da51636fcdfa8e7d17503d045849b1/K2-Horizon-7B-Q8_0.gguf size=9573964160 mtime=2026-09-17T22:42:22+00:00 sha256/1048576B=d7dce92bee664b7e7e3dde849c68ebe3ccef682636ca03eedb3da6ebc9ad4780
llama-perplexity --kl-divergence-base /tmp/logits.dat --ctx-size 32768 -f sample-data/wiki.test.head-2.4k.raw -fa on --hf-repo NANI-Nithin/K2-Horizon-7B-GGUF:Q8_0 --cache-type-k q8_0 --cache-type-v q4_0 --kl-divergence
0.01.537.531 W load: special_eos_id is not in special_eog_ids - the tokenizer config may be incorrect
0.03.854.116 I cmn          init: llama threadpool init, n_threads = 16
0.03.909.088 I 
0.03.909.163 I system_info: n_threads = 16 (n_threads_batch = 16) / 32 | CUDA : ARCHS = 750,800,860,890,900,1000,1030,1200,1210 | USE_GRAPHS = 1 | FA_ALL_QUANTS = 1 | CPU : SSE3 = 1 | SSSE3 = 1 | AVX = 1 | AVX2 = 1 | F16C = 1 | FMA = 1 | BMI2 = 1 | LLAMAFILE = 1 | OPENMP = 1 | REPACK = 1 | 
0.04.465.651 I kl_divergence: computing over 4 chunks, n_ctx=32768, batch_size=2048, n_seq=1
0.25.682.559 I kl_divergence: 21.22 seconds per pass - ETA 1.40 minutes

chunk             PPL               ln(PPL(Q)/PPL(base))          KL Divergence              Δp RMS            Same top p        Same sampled p
   1       8.8361 ±    0.1688       0.00023 ±    0.00083       0.00437 ±    0.00010     1.645 ±  0.038 %    96.496 ±  0.144 %    40.196 ±  0.259 %
   2       8.2957 ±    0.1133      -0.01964 ±    0.00190       0.04996 ±    0.00104     5.724 ±  0.113 %    91.897 ±  0.151 %    41.557 ±  0.188 %
   3       8.9975 ±    0.1021      -0.01412 ±    0.00134       0.03618 ±    0.00073     4.867 ±  0.091 %    93.221 ±  0.113 %    40.297 ±  0.151 %
   4       8.8071 ±    0.0861      -0.00873 ±    0.00114       0.03446 ±    0.00056     4.787 ±  0.074 %    92.727 ±  0.101 %    40.665 ±  0.131 %

====== Perplexity statistics ======
Mean PPL(Q)                   :   8.807085 ±   0.086083
Mean PPL(base)                :   8.884264 ±   0.086744
Cor(ln(PPL(Q)), ln(PPL(base))):  99.32%
Mean ln(PPL(Q)/PPL(base))     :  -0.008725 ±   0.001135
Mean PPL(Q)/PPL(base)         :   0.991313 ±   0.001125
Mean PPL(Q)-PPL(base)         :  -0.077178 ±   0.010063

====== KL divergence statistics ======
Mean    KLD:   0.034463 ±   0.000560
Maximum KLD:   8.456665
99.9%   KLD:   1.914015
99.0%   KLD:   0.423549
95.0%   KLD:   0.134504
90.0%   KLD:   0.072398
Median  KLD:   0.005869
10.0%   KLD:   0.000397
 5.0%   KLD:   0.000102
 1.0%   KLD:   0.000007
 0.1%   KLD:  -0.000004
Minimum KLD:  -0.000054

====== Token probability statistics ======
Mean    Δp:  0.260 ± 0.019 %
Maximum Δp: 93.800%
99.9%   Δp: 48.426%
99.0%   Δp: 16.011%
95.0%   Δp:  5.645%
90.0%   Δp:  2.874%
75.0%   Δp:  0.624%
Median  Δp:  0.000%
25.0%   Δp: -0.472%
10.0%   Δp: -2.310%
 5.0%   Δp: -4.474%
 1.0%   Δp: -12.527%
 0.1%   Δp: -31.655%
Minimum Δp: -95.886%
RMS Δp    :  4.787 ± 0.074 %
Same top p: 92.727 ± 0.101 %
Same sampled p: 40.665 ± 0.131 %

------------------------------
# llama-perplexity: version: 0.4.7-dev (build 11841, commit 6dc2680b4-dirty) | built with GNU 15.3.0 for Linux x86_64
# model: /home/crusaderky/.cache/huggingface/hub/models--NANI-Nithin--K2-Horizon-7B-GGUF/snapshots/8d64828ce5da51636fcdfa8e7d17503d045849b1/K2-Horizon-7B-Q8_0.gguf size=9573964160 mtime=2026-09-17T22:42:22+00:00 sha256/1048576B=d7dce92bee664b7e7e3dde849c68ebe3ccef682636ca03eedb3da6ebc9ad4780
llama-perplexity --kl-divergence-base /tmp/logits.dat --ctx-size 32768 -f sample-data/wiki.test.head-2.4k.raw -fa on --hf-repo NANI-Nithin/K2-Horizon-7B-GGUF:Q8_0 --cache-type-k q8_0 --cache-type-v q4_0 --kv-tail-tokens 128 --kl-divergence
0.02.372.317 W load: special_eos_id is not in special_eog_ids - the tokenizer config may be incorrect
0.04.676.855 I cmn          init: llama threadpool init, n_threads = 16
0.04.738.134 I 
0.04.738.197 I system_info: n_threads = 16 (n_threads_batch = 16) / 32 | CUDA : ARCHS = 750,800,860,890,900,1000,1030,1200,1210 | USE_GRAPHS = 1 | FA_ALL_QUANTS = 1 | CPU : SSE3 = 1 | SSSE3 = 1 | AVX = 1 | AVX2 = 1 | F16C = 1 | FMA = 1 | BMI2 = 1 | LLAMAFILE = 1 | OPENMP = 1 | REPACK = 1 | 
0.05.279.574 I kl_divergence: computing over 4 chunks, n_ctx=32768, batch_size=2048, n_seq=1
0.27.509.393 I kl_divergence: 22.23 seconds per pass - ETA 1.47 minutes

chunk             PPL               ln(PPL(Q)/PPL(base))          KL Divergence              Δp RMS            Same top p        Same sampled p
   1       8.8320 ±    0.1687      -0.00023 ±    0.00059       0.00225 ±    0.00005     1.214 ±  0.034 %    97.552 ±  0.121 %    40.241 ±  0.259 %
   2       8.5490 ±    0.1170       0.01044 ±    0.00074       0.00711 ±    0.00014     2.149 ±  0.045 %    96.411 ±  0.103 %    41.552 ±  0.187 %
   3       9.1752 ±    0.1043       0.00545 ±    0.00059       0.00639 ±    0.00019     2.061 ±  0.064 %    96.509 ±  0.083 %    40.313 ±  0.151 %
   4       8.9196 ±    0.0873       0.00397 ±    0.00047       0.00545 ±    0.00014     1.914 ±  0.053 %    96.676 ±  0.070 %    40.765 ±  0.131 %

====== Perplexity statistics ======
Mean PPL(Q)                   :   8.919626 ±   0.087296
Mean PPL(base)                :   8.884264 ±   0.086744
Cor(ln(PPL(Q)), ln(PPL(base))):  99.88%
Mean ln(PPL(Q)/PPL(base))     :   0.003972 ±   0.000473
Mean PPL(Q)/PPL(base)         :   1.003980 ±   0.000475
Mean PPL(Q)-PPL(base)         :   0.035362 ±   0.004239

====== KL divergence statistics ======
Mean    KLD:   0.005450 ±   0.000144
Maximum KLD:   4.800589
99.9%   KLD:   0.254788
99.0%   KLD:   0.059435
95.0%   KLD:   0.017852
90.0%   KLD:   0.009824
Median  KLD:   0.001853
10.0%   KLD:   0.000111
 5.0%   KLD:   0.000026
 1.0%   KLD:   0.000001
 0.1%   KLD:  -0.000015
Minimum KLD:  -0.000076

====== Token probability statistics ======
Mean    Δp: -0.027 ± 0.007 %
Maximum Δp: 76.252%
99.9%   Δp: 13.116%
99.0%   Δp:  4.768%
95.0%   Δp:  2.134%
90.0%   Δp:  1.261%
75.0%   Δp:  0.297%
Median  Δp: -0.000%
25.0%   Δp: -0.284%
10.0%   Δp: -1.272%
 5.0%   Δp: -2.268%
 1.0%   Δp: -5.846%
 0.1%   Δp: -14.638%
Minimum Δp: -87.856%
RMS Δp    :  1.914 ± 0.053 %
Same top p: 96.676 ± 0.070 %
Same sampled p: 40.765 ± 0.131 %

------------------------------
# llama-perplexity: version: 0.4.7-dev (build 11841, commit 6dc2680b4-dirty) | built with GNU 15.3.0 for Linux x86_64
# model: /home/crusaderky/.cache/huggingface/hub/models--NANI-Nithin--K2-Horizon-7B-GGUF/snapshots/8d64828ce5da51636fcdfa8e7d17503d045849b1/K2-Horizon-7B-Q8_0.gguf size=9573964160 mtime=2026-09-17T22:42:22+00:00 sha256/1048576B=d7dce92bee664b7e7e3dde849c68ebe3ccef682636ca03eedb3da6ebc9ad4780
llama-perplexity --kl-divergence-base /tmp/logits.dat --ctx-size 32768 -f sample-data/wiki.test.head-2.4k.raw -fa on --hf-repo NANI-Nithin/K2-Horizon-7B-GGUF:Q8_0 --cache-type-k q8_0 --cache-type-v q3_1 --kl-divergence
0.01.510.887 W load: special_eos_id is not in special_eog_ids - the tokenizer config may be incorrect
0.03.841.156 I cmn          init: llama threadpool init, n_threads = 16
0.03.896.003 I 
0.03.896.073 I system_info: n_threads = 16 (n_threads_batch = 16) / 32 | CUDA : ARCHS = 750,800,860,890,900,1000,1030,1200,1210 | USE_GRAPHS = 1 | FA_ALL_QUANTS = 1 | CPU : SSE3 = 1 | SSSE3 = 1 | AVX = 1 | AVX2 = 1 | F16C = 1 | FMA = 1 | BMI2 = 1 | LLAMAFILE = 1 | OPENMP = 1 | REPACK = 1 | 
0.04.452.444 I kl_divergence: computing over 4 chunks, n_ctx=32768, batch_size=2048, n_seq=1
0.25.737.584 I kl_divergence: 21.29 seconds per pass - ETA 1.42 minutes

chunk             PPL               ln(PPL(Q)/PPL(base))          KL Divergence              Δp RMS            Same top p        Same sampled p
   1       8.8859 ±    0.1698       0.00585 ±    0.00126       0.01065 ±    0.00022     2.541 ±  0.057 %    94.616 ±  0.176 %    40.068 ±  0.259 %
   2       8.6195 ±    0.1194       0.01866 ±    0.00230       0.05764 ±    0.00125     5.581 ±  0.102 %    90.725 ±  0.160 %    41.357 ±  0.188 %
   3       9.2406 ±    0.1058       0.01255 ±    0.00163       0.04412 ±    0.00088     4.936 ±  0.085 %    91.866 ±  0.123 %    40.106 ±  0.151 %
   4       8.9863 ±    0.0884       0.01142 ±    0.00133       0.03995 ±    0.00067     4.797 ±  0.069 %    91.816 ±  0.107 %    40.519 ±  0.131 %

====== Perplexity statistics ======
Mean PPL(Q)                   :   8.986340 ±   0.088449
Mean PPL(base)                :   8.884264 ±   0.086744
Cor(ln(PPL(Q)), ln(PPL(base))):  99.08%
Mean ln(PPL(Q)/PPL(base))     :   0.011424 ±   0.001330
Mean PPL(Q)/PPL(base)         :   1.011490 ±   0.001345
Mean PPL(Q)-PPL(base)         :   0.102077 ±   0.011983

====== KL divergence statistics ======
Mean    KLD:   0.039948 ±   0.000672
Maximum KLD:  11.110881
99.9%   KLD:   2.418250
99.0%   KLD:   0.458064
95.0%   KLD:   0.137983
90.0%   KLD:   0.077794
Median  KLD:   0.010645
10.0%   KLD:   0.000683
 5.0%   KLD:   0.000181
 1.0%   KLD:   0.000018
 0.1%   KLD:   0.000001
Minimum KLD:  -0.000052

====== Token probability statistics ======
Mean    Δp:  0.000 ± 0.019 %
Maximum Δp: 94.757%
99.9%   Δp: 37.595%
99.0%   Δp: 14.564%
95.0%   Δp:  5.554%
90.0%   Δp:  3.070%
75.0%   Δp:  0.656%
Median  Δp: -0.001%
25.0%   Δp: -0.724%
10.0%   Δp: -3.082%
 5.0%   Δp: -5.461%
 1.0%   Δp: -13.836%
 0.1%   Δp: -36.738%
Minimum Δp: -95.115%
RMS Δp    :  4.797 ± 0.069 %
Same top p: 91.816 ± 0.107 %
Same sampled p: 40.519 ± 0.131 %

------------------------------
# llama-perplexity: version: 0.4.7-dev (build 11841, commit 6dc2680b4-dirty) | built with GNU 15.3.0 for Linux x86_64
# model: /home/crusaderky/.cache/huggingface/hub/models--NANI-Nithin--K2-Horizon-7B-GGUF/snapshots/8d64828ce5da51636fcdfa8e7d17503d045849b1/K2-Horizon-7B-Q8_0.gguf size=9573964160 mtime=2026-09-17T22:42:22+00:00 sha256/1048576B=d7dce92bee664b7e7e3dde849c68ebe3ccef682636ca03eedb3da6ebc9ad4780
llama-perplexity --kl-divergence-base /tmp/logits.dat --ctx-size 32768 -f sample-data/wiki.test.head-2.4k.raw -fa on --hf-repo NANI-Nithin/K2-Horizon-7B-GGUF:Q8_0 --cache-type-k q8_0 --cache-type-v q3_1 --kv-tail-tokens 128 --kl-divergence
0.02.366.675 W load: special_eos_id is not in special_eog_ids - the tokenizer config may be incorrect
0.04.652.248 I cmn          init: llama threadpool init, n_threads = 16
0.04.712.704 I 
0.04.712.767 I system_info: n_threads = 16 (n_threads_batch = 16) / 32 | CUDA : ARCHS = 750,800,860,890,900,1000,1030,1200,1210 | USE_GRAPHS = 1 | FA_ALL_QUANTS = 1 | CPU : SSE3 = 1 | SSSE3 = 1 | AVX = 1 | AVX2 = 1 | F16C = 1 | FMA = 1 | BMI2 = 1 | LLAMAFILE = 1 | OPENMP = 1 | REPACK = 1 | 
0.05.249.030 I kl_divergence: computing over 4 chunks, n_ctx=32768, batch_size=2048, n_seq=1
0.27.412.926 I kl_divergence: 22.16 seconds per pass - ETA 1.47 minutes

chunk             PPL               ln(PPL(Q)/PPL(base))          KL Divergence              Δp RMS            Same top p        Same sampled p
   1       8.8312 ±    0.1687      -0.00033 ±    0.00076       0.00375 ±    0.00013     1.591 ±  0.078 %    96.832 ±  0.137 %    40.230 ±  0.259 %
   2       8.6243 ±    0.1182       0.01921 ±    0.00114       0.01598 ±    0.00026     3.250 ±  0.062 %    94.644 ±  0.124 %    41.399 ±  0.187 %
   3       9.2330 ±    0.1050       0.01172 ±    0.00086       0.01320 ±    0.00028     2.951 ±  0.065 %    95.160 ±  0.097 %    40.201 ±  0.151 %
   4       8.9614 ±    0.0877       0.00864 ±    0.00068       0.01102 ±    0.00021     2.732 ±  0.055 %    95.546 ±  0.081 %    40.672 ±  0.131 %

====== Perplexity statistics ======
Mean PPL(Q)                   :   8.961384 ±   0.087739
Mean PPL(base)                :   8.884264 ±   0.086744
Cor(ln(PPL(Q)), ln(PPL(base))):  99.76%
Mean ln(PPL(Q)/PPL(base))     :   0.008643 ±   0.000680
Mean PPL(Q)/PPL(base)         :   1.008681 ±   0.000686
Mean PPL(Q)-PPL(base)         :   0.077121 ±   0.006145

====== KL divergence statistics ======
Mean    KLD:   0.011025 ±   0.000211
Maximum KLD:   5.166592
99.9%   KLD:   0.519253
99.0%   KLD:   0.133694
95.0%   KLD:   0.041031
90.0%   KLD:   0.021836
Median  KLD:   0.002973
10.0%   KLD:   0.000190
 5.0%   KLD:   0.000048
 1.0%   KLD:   0.000003
 0.1%   KLD:  -0.000009
Minimum KLD:  -0.000086

====== Token probability statistics ======
Mean    Δp: -0.112 ± 0.011 %
Maximum Δp: 77.529%
99.9%   Δp: 19.273%
99.0%   Δp:  6.421%
95.0%   Δp:  2.678%
90.0%   Δp:  1.533%
75.0%   Δp:  0.344%
Median  Δp: -0.000%
25.0%   Δp: -0.392%
10.0%   Δp: -1.763%
 5.0%   Δp: -3.187%
 1.0%   Δp: -8.755%
 0.1%   Δp: -23.757%
Minimum Δp: -92.599%
RMS Δp    :  2.732 ± 0.055 %
Same top p: 95.546 ± 0.081 %
Same sampled p: 40.672 ± 0.131 %

------------------------------
# llama-perplexity: version: 0.4.7-dev (build 11841, commit 6dc2680b4-dirty) | built with GNU 15.3.0 for Linux x86_64
# model: /home/crusaderky/.cache/huggingface/hub/models--NANI-Nithin--K2-Horizon-7B-GGUF/snapshots/8d64828ce5da51636fcdfa8e7d17503d045849b1/K2-Horizon-7B-Q8_0.gguf size=9573964160 mtime=2026-09-17T22:42:22+00:00 sha256/1048576B=d7dce92bee664b7e7e3dde849c68ebe3ccef682636ca03eedb3da6ebc9ad4780
llama-perplexity --kl-divergence-base /tmp/logits.dat --ctx-size 32768 -f sample-data/wiki.test.head-2.4k.raw -fa on --hf-repo NANI-Nithin/K2-Horizon-7B-GGUF:Q8_0 --cache-type-k q8_0 --cache-type-v q3_0 --kl-divergence
0.01.512.600 W load: special_eos_id is not in special_eog_ids - the tokenizer config may be incorrect
0.03.815.534 I cmn          init: llama threadpool init, n_threads = 16
0.03.870.244 I 
0.03.870.303 I system_info: n_threads = 16 (n_threads_batch = 16) / 32 | CUDA : ARCHS = 750,800,860,890,900,1000,1030,1200,1210 | USE_GRAPHS = 1 | FA_ALL_QUANTS = 1 | CPU : SSE3 = 1 | SSSE3 = 1 | AVX = 1 | AVX2 = 1 | F16C = 1 | FMA = 1 | BMI2 = 1 | LLAMAFILE = 1 | OPENMP = 1 | REPACK = 1 | 
0.04.414.318 I kl_divergence: computing over 4 chunks, n_ctx=32768, batch_size=2048, n_seq=1
0.25.592.304 I kl_divergence: 21.18 seconds per pass - ETA 1.40 minutes

chunk             PPL               ln(PPL(Q)/PPL(base))          KL Divergence              Δp RMS            Same top p        Same sampled p
   1       8.8743 ±    0.1693       0.00454 ±    0.00133       0.01214 ±    0.00029     2.803 ±  0.089 %    94.653 ±  0.176 %    39.959 ±  0.259 %
   2       8.3228 ±    0.1134      -0.01638 ±    0.00205       0.05635 ±    0.00108     6.143 ±  0.114 %    90.859 ±  0.159 %    41.325 ±  0.188 %
   3       9.0332 ±    0.1023      -0.01016 ±    0.00148       0.04357 ±    0.00076     5.386 ±  0.092 %    91.888 ±  0.123 %    40.055 ±  0.151 %
   4       8.8308 ±    0.0861      -0.00604 ±    0.00120       0.03827 ±    0.00058     5.045 ±  0.076 %    92.094 ±  0.105 %    40.473 ±  0.131 %

====== Perplexity statistics ======
Mean PPL(Q)                   :   8.830766 ±   0.086149
Mean PPL(base)                :   8.884264 ±   0.086744
Cor(ln(PPL(Q)), ln(PPL(base))):  99.25%
Mean ln(PPL(Q)/PPL(base))     :  -0.006040 ±   0.001199
Mean PPL(Q)/PPL(base)         :   0.993978 ±   0.001192
Mean PPL(Q)-PPL(base)         :  -0.053497 ±   0.010636

====== KL divergence statistics ======
Mean    KLD:   0.038270 ±   0.000580
Maximum KLD:   8.810183
99.9%   KLD:   2.059666
99.0%   KLD:   0.443633
95.0%   KLD:   0.138641
90.0%   KLD:   0.076755
Median  KLD:   0.010862
10.0%   KLD:   0.000757
 5.0%   KLD:   0.000196
 1.0%   KLD:   0.000019
 0.1%   KLD:   0.000000
Minimum KLD:  -0.000047

====== Token probability statistics ======
Mean    Δp:  0.079 ± 0.020 %
Maximum Δp: 97.424%
99.9%   Δp: 49.124%
99.0%   Δp: 15.948%
95.0%   Δp:  5.792%
90.0%   Δp:  3.078%
75.0%   Δp:  0.628%
Median  Δp: -0.002%
25.0%   Δp: -0.776%
10.0%   Δp: -3.085%
 5.0%   Δp: -5.358%
 1.0%   Δp: -13.220%
 0.1%   Δp: -35.099%
Minimum Δp: -94.779%
RMS Δp    :  5.045 ± 0.076 %
Same top p: 92.094 ± 0.105 %
Same sampled p: 40.473 ± 0.131 %

------------------------------
# llama-perplexity: version: 0.4.7-dev (build 11841, commit 6dc2680b4-dirty) | built with GNU 15.3.0 for Linux x86_64
# model: /home/crusaderky/.cache/huggingface/hub/models--NANI-Nithin--K2-Horizon-7B-GGUF/snapshots/8d64828ce5da51636fcdfa8e7d17503d045849b1/K2-Horizon-7B-Q8_0.gguf size=9573964160 mtime=2026-09-17T22:42:22+00:00 sha256/1048576B=d7dce92bee664b7e7e3dde849c68ebe3ccef682636ca03eedb3da6ebc9ad4780
llama-perplexity --kl-divergence-base /tmp/logits.dat --ctx-size 32768 -f sample-data/wiki.test.head-2.4k.raw -fa on --hf-repo NANI-Nithin/K2-Horizon-7B-GGUF:Q8_0 --cache-type-k q8_0 --cache-type-v q3_0 --kv-tail-tokens 128 --kl-divergence
0.02.502.917 W load: special_eos_id is not in special_eog_ids - the tokenizer config may be incorrect
0.04.820.385 I cmn          init: llama threadpool init, n_threads = 16
0.04.884.545 I 
0.04.884.614 I system_info: n_threads = 16 (n_threads_batch = 16) / 32 | CUDA : ARCHS = 750,800,860,890,900,1000,1030,1200,1210 | USE_GRAPHS = 1 | FA_ALL_QUANTS = 1 | CPU : SSE3 = 1 | SSSE3 = 1 | AVX = 1 | AVX2 = 1 | F16C = 1 | FMA = 1 | BMI2 = 1 | LLAMAFILE = 1 | OPENMP = 1 | REPACK = 1 | 
0.05.439.403 I kl_divergence: computing over 4 chunks, n_ctx=32768, batch_size=2048, n_seq=1
0.27.770.170 I kl_divergence: 22.33 seconds per pass - ETA 1.48 minutes

chunk             PPL               ln(PPL(Q)/PPL(base))          KL Divergence              Δp RMS            Same top p        Same sampled p
   1       8.8454 ±    0.1688       0.00128 ±    0.00075       0.00393 ±    0.00009     1.609 ±  0.040 %    96.765 ±  0.138 %    40.123 ±  0.259 %
   2       8.5112 ±    0.1162       0.00601 ±    0.00077       0.00790 ±    0.00014     2.342 ±  0.067 %    96.213 ±  0.105 %    41.474 ±  0.187 %
   3       9.1516 ±    0.1038       0.00287 ±    0.00067       0.00800 ±    0.00024     2.337 ±  0.074 %    96.195 ±  0.086 %    40.225 ±  0.151 %
   4       8.9045 ±    0.0869       0.00228 ±    0.00054       0.00714 ±    0.00018     2.208 ±  0.060 %    96.293 ±  0.074 %    40.667 ±  0.131 %

====== Perplexity statistics ======
Mean PPL(Q)                   :   8.904533 ±   0.086948
Mean PPL(base)                :   8.884264 ±   0.086744
Cor(ln(PPL(Q)), ln(PPL(base))):  99.84%
Mean ln(PPL(Q)/PPL(base))     :   0.002279 ±   0.000544
Mean PPL(Q)/PPL(base)         :   1.002281 ±   0.000546
Mean PPL(Q)-PPL(base)         :   0.020269 ±   0.004845

====== KL divergence statistics ======
Mean    KLD:   0.007143 ±   0.000181
Maximum KLD:   6.035443
99.9%   KLD:   0.306341
99.0%   KLD:   0.068249
95.0%   KLD:   0.021981
90.0%   KLD:   0.012954
Median  KLD:   0.002841
10.0%   KLD:   0.000193
 5.0%   KLD:   0.000053
 1.0%   KLD:   0.000005
 0.1%   KLD:  -0.000004
Minimum KLD:  -0.000095

====== Token probability statistics ======
Mean    Δp: -0.096 ± 0.009 %
Maximum Δp: 83.764%
99.9%   Δp: 14.249%
99.0%   Δp:  5.720%
95.0%   Δp:  2.362%
90.0%   Δp:  1.342%
75.0%   Δp:  0.278%
Median  Δp: -0.003%
25.0%   Δp: -0.427%
10.0%   Δp: -1.665%
 5.0%   Δp: -2.815%
 1.0%   Δp: -6.505%
 0.1%   Δp: -15.305%
Minimum Δp: -93.237%
RMS Δp    :  2.208 ± 0.060 %
Same top p: 96.293 ± 0.074 %
Same sampled p: 40.667 ± 0.131 %

------------------------------
# llama-perplexity: version: 0.4.7-dev (build 11841, commit 6dc2680b4-dirty) | built with GNU 15.3.0 for Linux x86_64
# model: /home/crusaderky/.cache/huggingface/hub/models--NANI-Nithin--K2-Horizon-7B-GGUF/snapshots/8d64828ce5da51636fcdfa8e7d17503d045849b1/K2-Horizon-7B-Q8_0.gguf size=9573964160 mtime=2026-09-17T22:42:22+00:00 sha256/1048576B=d7dce92bee664b7e7e3dde849c68ebe3ccef682636ca03eedb3da6ebc9ad4780
llama-perplexity --kl-divergence-base /tmp/logits.dat --ctx-size 32768 -f sample-data/wiki.test.head-2.4k.raw -fa on --hf-repo NANI-Nithin/K2-Horizon-7B-GGUF:Q8_0 --cache-type-k q6_0 --cache-type-v q6_0 --kl-divergence
0.01.493.507 W load: special_eos_id is not in special_eog_ids - the tokenizer config may be incorrect
0.03.803.879 I cmn          init: llama threadpool init, n_threads = 16
0.03.859.572 I 
0.03.859.640 I system_info: n_threads = 16 (n_threads_batch = 16) / 32 | CUDA : ARCHS = 750,800,860,890,900,1000,1030,1200,1210 | USE_GRAPHS = 1 | FA_ALL_QUANTS = 1 | CPU : SSE3 = 1 | SSSE3 = 1 | AVX = 1 | AVX2 = 1 | F16C = 1 | FMA = 1 | BMI2 = 1 | LLAMAFILE = 1 | OPENMP = 1 | REPACK = 1 | 
0.04.405.080 I kl_divergence: computing over 4 chunks, n_ctx=32768, batch_size=2048, n_seq=1
0.25.555.155 I kl_divergence: 21.15 seconds per pass - ETA 1.40 minutes

chunk             PPL               ln(PPL(Q)/PPL(base))          KL Divergence              Δp RMS            Same top p        Same sampled p
   1       8.8299 ±    0.1687      -0.00048 ±    0.00071       0.00334 ±    0.00011     1.574 ±  0.081 %    96.991 ±  0.133 %    40.231 ±  0.259 %
   2       8.6635 ±    0.1208       0.02375 ±    0.00248       0.06293 ±    0.00160     5.598 ±  0.109 %    91.635 ±  0.153 %    41.479 ±  0.188 %
   3       9.2674 ±    0.1066       0.01544 ±    0.00169       0.04376 ±    0.00108     4.698 ±  0.088 %    93.286 ±  0.113 %    40.260 ±  0.151 %
   4       8.9860 ±    0.0888       0.01139 ±    0.00128       0.03367 ±    0.00081     4.145 ±  0.075 %    94.209 ±  0.091 %    40.722 ±  0.131 %

====== Perplexity statistics ======
Mean PPL(Q)                   :   8.986048 ±   0.088750
Mean PPL(base)                :   8.884264 ±   0.086744
Cor(ln(PPL(Q)), ln(PPL(base))):  99.15%
Mean ln(PPL(Q)/PPL(base))     :   0.011392 ±   0.001284
Mean PPL(Q)/PPL(base)         :   1.011457 ±   0.001299
Mean PPL(Q)-PPL(base)         :   0.101784 ±   0.011601

====== KL divergence statistics ======
Mean    KLD:   0.033666 ±   0.000810
Maximum KLD:  12.506182
99.9%   KLD:   2.859398
99.0%   KLD:   0.490831
95.0%   KLD:   0.127023
90.0%   KLD:   0.062530
Median  KLD:   0.002659
10.0%   KLD:   0.000186
 5.0%   KLD:   0.000044
 1.0%   KLD:   0.000002
 0.1%   KLD:  -0.000014
Minimum KLD:  -0.000143

====== Token probability statistics ======
Mean    Δp:  0.142 ± 0.016 %
Maximum Δp: 83.143%
99.9%   Δp: 37.435%
99.0%   Δp: 13.058%
95.0%   Δp:  3.844%
90.0%   Δp:  2.006%
75.0%   Δp:  0.473%
Median  Δp:  0.001%
25.0%   Δp: -0.313%
10.0%   Δp: -1.574%
 5.0%   Δp: -3.130%
 1.0%   Δp: -11.286%
 0.1%   Δp: -35.948%
Minimum Δp: -98.660%
RMS Δp    :  4.145 ± 0.075 %
Same top p: 94.209 ± 0.091 %
Same sampled p: 40.722 ± 0.131 %

------------------------------
# llama-perplexity: version: 0.4.7-dev (build 11841, commit 6dc2680b4-dirty) | built with GNU 15.3.0 for Linux x86_64
# model: /home/crusaderky/.cache/huggingface/hub/models--NANI-Nithin--K2-Horizon-7B-GGUF/snapshots/8d64828ce5da51636fcdfa8e7d17503d045849b1/K2-Horizon-7B-Q8_0.gguf size=9573964160 mtime=2026-09-17T22:42:22+00:00 sha256/1048576B=d7dce92bee664b7e7e3dde849c68ebe3ccef682636ca03eedb3da6ebc9ad4780
llama-perplexity --kl-divergence-base /tmp/logits.dat --ctx-size 32768 -f sample-data/wiki.test.head-2.4k.raw -fa on --hf-repo NANI-Nithin/K2-Horizon-7B-GGUF:Q8_0 --cache-type-k q6_0 --cache-type-v q6_0 --kv-tail-tokens 128 --kl-divergence
0.02.453.177 W load: special_eos_id is not in special_eog_ids - the tokenizer config may be incorrect
0.04.769.461 I cmn          init: llama threadpool init, n_threads = 16
0.04.832.038 I 
0.04.832.096 I system_info: n_threads = 16 (n_threads_batch = 16) / 32 | CUDA : ARCHS = 750,800,860,890,900,1000,1030,1200,1210 | USE_GRAPHS = 1 | FA_ALL_QUANTS = 1 | CPU : SSE3 = 1 | SSSE3 = 1 | AVX = 1 | AVX2 = 1 | F16C = 1 | FMA = 1 | BMI2 = 1 | LLAMAFILE = 1 | OPENMP = 1 | REPACK = 1 | 
0.05.387.386 I kl_divergence: computing over 4 chunks, n_ctx=32768, batch_size=2048, n_seq=1
0.27.635.275 I kl_divergence: 22.25 seconds per pass - ETA 1.47 minutes

chunk             PPL               ln(PPL(Q)/PPL(base))          KL Divergence              Δp RMS            Same top p        Same sampled p
   1       8.8359 ±    0.1689       0.00021 ±    0.00058       0.00213 ±    0.00007     1.181 ±  0.039 %    97.595 ±  0.120 %    40.251 ±  0.259 %
   2       8.5658 ±    0.1173       0.01241 ±    0.00081       0.00833 ±    0.00017     2.310 ±  0.047 %    96.155 ±  0.106 %    41.522 ±  0.187 %
   3       9.1942 ±    0.1045       0.00751 ±    0.00061       0.00691 ±    0.00017     2.113 ±  0.052 %    96.443 ±  0.084 %    40.300 ±  0.151 %
   4       8.9339 ±    0.0875       0.00557 ±    0.00048       0.00578 ±    0.00013     1.954 ±  0.044 %    96.678 ±  0.070 %    40.755 ±  0.131 %

====== Perplexity statistics ======
Mean PPL(Q)                   :   8.933862 ±   0.087460
Mean PPL(base)                :   8.884264 ±   0.086744
Cor(ln(PPL(Q)), ln(PPL(base))):  99.88%
Mean ln(PPL(Q)/PPL(base))     :   0.005567 ±   0.000482
Mean PPL(Q)/PPL(base)         :   1.005583 ±   0.000484
Mean PPL(Q)-PPL(base)         :   0.049598 ±   0.004345

====== KL divergence statistics ======
Mean    KLD:   0.005777 ±   0.000130
Maximum KLD:   4.492628
99.9%   KLD:   0.284283
99.0%   KLD:   0.066378
95.0%   KLD:   0.020201
90.0%   KLD:   0.010694
Median  KLD:   0.001713
10.0%   KLD:   0.000103
 5.0%   KLD:   0.000024
 1.0%   KLD:   0.000001
 0.1%   KLD:  -0.000015
Minimum KLD:  -0.000134

====== Token probability statistics ======
Mean    Δp: -0.052 ± 0.008 %
Maximum Δp: 76.807%
99.9%   Δp: 13.376%
99.0%   Δp:  4.794%
95.0%   Δp:  2.075%
90.0%   Δp:  1.236%
75.0%   Δp:  0.287%
Median  Δp: -0.000%
25.0%   Δp: -0.281%
10.0%   Δp: -1.289%
 5.0%   Δp: -2.335%
 1.0%   Δp: -6.410%
 0.1%   Δp: -15.269%
Minimum Δp: -52.527%
RMS Δp    :  1.954 ± 0.044 %
Same top p: 96.678 ± 0.070 %
Same sampled p: 40.755 ± 0.131 %

------------------------------
# llama-perplexity: version: 0.4.7-dev (build 11841, commit 6dc2680b4-dirty) | built with GNU 15.3.0 for Linux x86_64
# model: /home/crusaderky/.cache/huggingface/hub/models--NANI-Nithin--K2-Horizon-7B-GGUF/snapshots/8d64828ce5da51636fcdfa8e7d17503d045849b1/K2-Horizon-7B-Q8_0.gguf size=9573964160 mtime=2026-09-17T22:42:22+00:00 sha256/1048576B=d7dce92bee664b7e7e3dde849c68ebe3ccef682636ca03eedb3da6ebc9ad4780
llama-perplexity --kl-divergence-base /tmp/logits.dat --ctx-size 32768 -f sample-data/wiki.test.head-2.4k.raw -fa on --hf-repo NANI-Nithin/K2-Horizon-7B-GGUF:Q8_0 --cache-type-k q6_0 --cache-type-v q5_1 --kl-divergence
0.01.531.677 W load: special_eos_id is not in special_eog_ids - the tokenizer config may be incorrect
0.03.858.924 I cmn          init: llama threadpool init, n_threads = 16
0.03.913.922 I 
0.03.913.992 I system_info: n_threads = 16 (n_threads_batch = 16) / 32 | CUDA : ARCHS = 750,800,860,890,900,1000,1030,1200,1210 | USE_GRAPHS = 1 | FA_ALL_QUANTS = 1 | CPU : SSE3 = 1 | SSSE3 = 1 | AVX = 1 | AVX2 = 1 | F16C = 1 | FMA = 1 | BMI2 = 1 | LLAMAFILE = 1 | OPENMP = 1 | REPACK = 1 | 
0.04.473.423 I kl_divergence: computing over 4 chunks, n_ctx=32768, batch_size=2048, n_seq=1
0.25.726.219 I kl_divergence: 21.25 seconds per pass - ETA 1.42 minutes

chunk             PPL               ln(PPL(Q)/PPL(base))          KL Divergence              Δp RMS            Same top p        Same sampled p
   1       8.8237 ±    0.1685      -0.00117 ±    0.00074       0.00372 ±    0.00013     1.620 ±  0.071 %    96.899 ±  0.135 %    40.222 ±  0.259 %
   2       8.2870 ±    0.1131      -0.02068 ±    0.00190       0.04901 ±    0.00103     5.729 ±  0.114 %    92.205 ±  0.148 %    41.574 ±  0.188 %
   3       8.9972 ±    0.1021      -0.01415 ±    0.00131       0.03478 ±    0.00071     4.829 ±  0.093 %    93.564 ±  0.111 %    40.316 ±  0.151 %
   4       8.8024 ±    0.0861      -0.00926 ±    0.00108       0.03096 ±    0.00054     4.579 ±  0.077 %    93.467 ±  0.097 %    40.717 ±  0.131 %

====== Perplexity statistics ======
Mean PPL(Q)                   :   8.802377 ±   0.086053
Mean PPL(base)                :   8.884264 ±   0.086744
Cor(ln(PPL(Q)), ln(PPL(base))):  99.39%
Mean ln(PPL(Q)/PPL(base))     :  -0.009260 ±   0.001082
Mean PPL(Q)/PPL(base)         :   0.990783 ±   0.001072
Mean PPL(Q)-PPL(base)         :  -0.081887 ±   0.009588

====== KL divergence statistics ======
Mean    KLD:   0.030955 ±   0.000539
Maximum KLD:   8.519922
99.9%   KLD:   1.939455
99.0%   KLD:   0.410520
95.0%   KLD:   0.122387
90.0%   KLD:   0.063536
Median  KLD:   0.004528
10.0%   KLD:   0.000304
 5.0%   KLD:   0.000077
 1.0%   KLD:   0.000005
 0.1%   KLD:  -0.000009
Minimum KLD:  -0.000090

====== Token probability statistics ======
Mean    Δp:  0.283 ± 0.018 %
Maximum Δp: 92.439%
99.9%   Δp: 47.653%
99.0%   Δp: 15.312%
95.0%   Δp:  5.149%
90.0%   Δp:  2.646%
75.0%   Δp:  0.591%
Median  Δp:  0.001%
25.0%   Δp: -0.405%
10.0%   Δp: -1.990%
 5.0%   Δp: -3.895%
 1.0%   Δp: -11.371%
 0.1%   Δp: -31.469%
Minimum Δp: -94.529%
RMS Δp    :  4.579 ± 0.077 %
Same top p: 93.467 ± 0.097 %
Same sampled p: 40.717 ± 0.131 %

------------------------------
# llama-perplexity: version: 0.4.7-dev (build 11841, commit 6dc2680b4-dirty) | built with GNU 15.3.0 for Linux x86_64
# model: /home/crusaderky/.cache/huggingface/hub/models--NANI-Nithin--K2-Horizon-7B-GGUF/snapshots/8d64828ce5da51636fcdfa8e7d17503d045849b1/K2-Horizon-7B-Q8_0.gguf size=9573964160 mtime=2026-09-17T22:42:22+00:00 sha256/1048576B=d7dce92bee664b7e7e3dde849c68ebe3ccef682636ca03eedb3da6ebc9ad4780
llama-perplexity --kl-divergence-base /tmp/logits.dat --ctx-size 32768 -f sample-data/wiki.test.head-2.4k.raw -fa on --hf-repo NANI-Nithin/K2-Horizon-7B-GGUF:Q8_0 --cache-type-k q6_0 --cache-type-v q5_1 --kv-tail-tokens 128 --kl-divergence
0.02.355.875 W load: special_eos_id is not in special_eog_ids - the tokenizer config may be incorrect
0.04.640.491 I cmn          init: llama threadpool init, n_threads = 16
0.04.701.856 I 
0.04.701.926 I system_info: n_threads = 16 (n_threads_batch = 16) / 32 | CUDA : ARCHS = 750,800,860,890,900,1000,1030,1200,1210 | USE_GRAPHS = 1 | FA_ALL_QUANTS = 1 | CPU : SSE3 = 1 | SSSE3 = 1 | AVX = 1 | AVX2 = 1 | F16C = 1 | FMA = 1 | BMI2 = 1 | LLAMAFILE = 1 | OPENMP = 1 | REPACK = 1 | 
0.05.240.205 I kl_divergence: computing over 4 chunks, n_ctx=32768, batch_size=2048, n_seq=1
0.27.464.206 I kl_divergence: 22.22 seconds per pass - ETA 1.47 minutes

chunk             PPL               ln(PPL(Q)/PPL(base))          KL Divergence              Δp RMS            Same top p        Same sampled p
   1       8.8344 ±    0.1689       0.00004 ±    0.00061       0.00230 ±    0.00010     1.216 ±  0.040 %    97.626 ±  0.119 %    40.240 ±  0.259 %
   2       8.5635 ±    0.1172       0.01214 ±    0.00082       0.00826 ±    0.00016     2.308 ±  0.047 %    96.228 ±  0.105 %    41.519 ±  0.187 %
   3       9.1898 ±    0.1045       0.00703 ±    0.00062       0.00687 ±    0.00015     2.115 ±  0.051 %    96.456 ±  0.083 %    40.295 ±  0.151 %
   4       8.9297 ±    0.0874       0.00511 ±    0.00049       0.00577 ±    0.00011     1.958 ±  0.042 %    96.654 ±  0.070 %    40.750 ±  0.131 %

====== Perplexity statistics ======
Mean PPL(Q)                   :   8.929738 ±   0.087398
Mean PPL(base)                :   8.884264 ±   0.086744
Cor(ln(PPL(Q)), ln(PPL(base))):  99.88%
Mean ln(PPL(Q)/PPL(base))     :   0.005106 ±   0.000488
Mean PPL(Q)/PPL(base)         :   1.005119 ±   0.000491
Mean PPL(Q)-PPL(base)         :   0.045475 ±   0.004392

====== KL divergence statistics ======
Mean    KLD:   0.005771 ±   0.000115
Maximum KLD:   2.987530
99.9%   KLD:   0.300320
99.0%   KLD:   0.066511
95.0%   KLD:   0.020095
90.0%   KLD:   0.010708
Median  KLD:   0.001775
10.0%   KLD:   0.000108
 5.0%   KLD:   0.000025
 1.0%   KLD:   0.000001
 0.1%   KLD:  -0.000013
Minimum KLD:  -0.000076

====== Token probability statistics ======
Mean    Δp: -0.051 ± 0.008 %
Maximum Δp: 74.453%
99.9%   Δp: 13.525%
99.0%   Δp:  4.794%
95.0%   Δp:  2.100%
90.0%   Δp:  1.248%
75.0%   Δp:  0.286%
Median  Δp: -0.000%
25.0%   Δp: -0.293%
10.0%   Δp: -1.309%
 5.0%   Δp: -2.327%
 1.0%   Δp: -6.168%
 0.1%   Δp: -15.056%
Minimum Δp: -49.049%
RMS Δp    :  1.958 ± 0.042 %
Same top p: 96.654 ± 0.070 %
Same sampled p: 40.750 ± 0.131 %

------------------------------
# llama-perplexity: version: 0.4.7-dev (build 11841, commit 6dc2680b4-dirty) | built with GNU 15.3.0 for Linux x86_64
# model: /home/crusaderky/.cache/huggingface/hub/models--NANI-Nithin--K2-Horizon-7B-GGUF/snapshots/8d64828ce5da51636fcdfa8e7d17503d045849b1/K2-Horizon-7B-Q8_0.gguf size=9573964160 mtime=2026-09-17T22:42:22+00:00 sha256/1048576B=d7dce92bee664b7e7e3dde849c68ebe3ccef682636ca03eedb3da6ebc9ad4780
llama-perplexity --kl-divergence-base /tmp/logits.dat --ctx-size 32768 -f sample-data/wiki.test.head-2.4k.raw -fa on --hf-repo NANI-Nithin/K2-Horizon-7B-GGUF:Q8_0 --cache-type-k q6_0 --cache-type-v q5_0 --kl-divergence
0.01.511.551 W load: special_eos_id is not in special_eog_ids - the tokenizer config may be incorrect
0.03.800.047 I cmn          init: llama threadpool init, n_threads = 16
0.03.854.683 I 
0.03.854.748 I system_info: n_threads = 16 (n_threads_batch = 16) / 32 | CUDA : ARCHS = 750,800,860,890,900,1000,1030,1200,1210 | USE_GRAPHS = 1 | FA_ALL_QUANTS = 1 | CPU : SSE3 = 1 | SSSE3 = 1 | AVX = 1 | AVX2 = 1 | F16C = 1 | FMA = 1 | BMI2 = 1 | LLAMAFILE = 1 | OPENMP = 1 | REPACK = 1 | 
0.04.394.323 I kl_divergence: computing over 4 chunks, n_ctx=32768, batch_size=2048, n_seq=1
0.25.700.145 I kl_divergence: 21.31 seconds per pass - ETA 1.42 minutes

chunk             PPL               ln(PPL(Q)/PPL(base))          KL Divergence              Δp RMS            Same top p        Same sampled p
   1       8.8268 ±    0.1686      -0.00083 ±    0.00079       0.00421 ±    0.00045     1.824 ±  0.167 %    96.911 ±  0.135 %    40.218 ±  0.259 %
   2       8.2707 ±    0.1129      -0.02265 ±    0.00189       0.04915 ±    0.00106     5.805 ±  0.118 %    92.266 ±  0.148 %    41.587 ±  0.188 %
   3       8.9802 ±    0.1019      -0.01604 ±    0.00132       0.03513 ±    0.00074     4.893 ±  0.096 %    93.662 ±  0.110 %    40.326 ±  0.151 %
   4       8.7803 ±    0.0858      -0.01177 ±    0.00102       0.02791 ±    0.00056     4.379 ±  0.082 %    94.253 ±  0.091 %    40.763 ±  0.131 %

====== Perplexity statistics ======
Mean PPL(Q)                   :   8.780331 ±   0.085810
Mean PPL(base)                :   8.884264 ±   0.086744
Cor(ln(PPL(Q)), ln(PPL(base))):  99.45%
Mean ln(PPL(Q)/PPL(base))     :  -0.011767 ±   0.001023
Mean PPL(Q)/PPL(base)         :   0.988301 ±   0.001011
Mean PPL(Q)-PPL(base)         :  -0.103933 ±   0.009083

====== KL divergence statistics ======
Mean    KLD:   0.027910 ±   0.000556
Maximum KLD:   8.664620
99.9%   KLD:   1.963589
99.0%   KLD:   0.392433
95.0%   KLD:   0.113040
90.0%   KLD:   0.055254
Median  KLD:   0.003402
10.0%   KLD:   0.000238
 5.0%   KLD:   0.000057
 1.0%   KLD:   0.000003
 0.1%   KLD:  -0.000012
Minimum KLD:  -0.000064

====== Token probability statistics ======
Mean    Δp:  0.324 ± 0.017 %
Maximum Δp: 92.987%
99.9%   Δp: 49.408%
99.0%   Δp: 14.842%
95.0%   Δp:  4.518%
90.0%   Δp:  2.319%
75.0%   Δp:  0.550%
Median  Δp:  0.002%
25.0%   Δp: -0.323%
10.0%   Δp: -1.634%
 5.0%   Δp: -3.183%
 1.0%   Δp: -10.321%
 0.1%   Δp: -28.723%
Minimum Δp: -93.201%
RMS Δp    :  4.379 ± 0.082 %
Same top p: 94.253 ± 0.091 %
Same sampled p: 40.763 ± 0.131 %

------------------------------
# llama-perplexity: version: 0.4.7-dev (build 11841, commit 6dc2680b4-dirty) | built with GNU 15.3.0 for Linux x86_64
# model: /home/crusaderky/.cache/huggingface/hub/models--NANI-Nithin--K2-Horizon-7B-GGUF/snapshots/8d64828ce5da51636fcdfa8e7d17503d045849b1/K2-Horizon-7B-Q8_0.gguf size=9573964160 mtime=2026-09-17T22:42:22+00:00 sha256/1048576B=d7dce92bee664b7e7e3dde849c68ebe3ccef682636ca03eedb3da6ebc9ad4780
llama-perplexity --kl-divergence-base /tmp/logits.dat --ctx-size 32768 -f sample-data/wiki.test.head-2.4k.raw -fa on --hf-repo NANI-Nithin/K2-Horizon-7B-GGUF:Q8_0 --cache-type-k q6_0 --cache-type-v q5_0 --kv-tail-tokens 128 --kl-divergence
0.02.418.236 W load: special_eos_id is not in special_eog_ids - the tokenizer config may be incorrect
0.04.738.663 I cmn          init: llama threadpool init, n_threads = 16
0.04.801.783 I 
0.04.801.853 I system_info: n_threads = 16 (n_threads_batch = 16) / 32 | CUDA : ARCHS = 750,800,860,890,900,1000,1030,1200,1210 | USE_GRAPHS = 1 | FA_ALL_QUANTS = 1 | CPU : SSE3 = 1 | SSSE3 = 1 | AVX = 1 | AVX2 = 1 | F16C = 1 | FMA = 1 | BMI2 = 1 | LLAMAFILE = 1 | OPENMP = 1 | REPACK = 1 | 
0.05.350.420 I kl_divergence: computing over 4 chunks, n_ctx=32768, batch_size=2048, n_seq=1
0.27.552.983 I kl_divergence: 22.20 seconds per pass - ETA 1.47 minutes

chunk             PPL               ln(PPL(Q)/PPL(base))          KL Divergence              Δp RMS            Same top p        Same sampled p
   1       8.8368 ±    0.1689       0.00031 ±    0.00059       0.00221 ±    0.00008     1.239 ±  0.054 %    97.619 ±  0.119 %    40.238 ±  0.259 %
   2       8.5630 ±    0.1172       0.01207 ±    0.00081       0.00826 ±    0.00017     2.359 ±  0.053 %    96.188 ±  0.106 %    41.517 ±  0.187 %
   3       9.1915 ±    0.1045       0.00722 ±    0.00062       0.00692 ±    0.00016     2.181 ±  0.061 %    96.511 ±  0.083 %    40.292 ±  0.151 %
   4       8.9300 ±    0.0874       0.00513 ±    0.00049       0.00582 ±    0.00012     2.016 ±  0.051 %    96.696 ±  0.070 %    40.746 ±  0.131 %

====== Perplexity statistics ======
Mean PPL(Q)                   :   8.929980 ±   0.087397
Mean PPL(base)                :   8.884264 ±   0.086744
Cor(ln(PPL(Q)), ln(PPL(base))):  99.87%
Mean ln(PPL(Q)/PPL(base))     :   0.005133 ±   0.000492
Mean PPL(Q)/PPL(base)         :   1.005146 ±   0.000494
Mean PPL(Q)-PPL(base)         :   0.045716 ±   0.004426

====== KL divergence statistics ======
Mean    KLD:   0.005816 ±   0.000122
Maximum KLD:   4.007603
99.9%   KLD:   0.333425
99.0%   KLD:   0.066382
95.0%   KLD:   0.020119
90.0%   KLD:   0.010523
Median  KLD:   0.001762
10.0%   KLD:   0.000107
 5.0%   KLD:   0.000025
 1.0%   KLD:   0.000001
 0.1%   KLD:  -0.000017
Minimum KLD:  -0.000100

====== Token probability statistics ======
Mean    Δp: -0.053 ± 0.008 %
Maximum Δp: 79.230%
99.9%   Δp: 13.145%
99.0%   Δp:  4.726%
95.0%   Δp:  2.095%
90.0%   Δp:  1.227%
75.0%   Δp:  0.286%
Median  Δp: -0.000%
25.0%   Δp: -0.284%
10.0%   Δp: -1.294%
 5.0%   Δp: -2.359%
 1.0%   Δp: -6.308%
 0.1%   Δp: -15.985%
Minimum Δp: -56.009%
RMS Δp    :  2.016 ± 0.051 %
Same top p: 96.696 ± 0.070 %
Same sampled p: 40.746 ± 0.131 %

------------------------------
# llama-perplexity: version: 0.4.7-dev (build 11841, commit 6dc2680b4-dirty) | built with GNU 15.3.0 for Linux x86_64
# model: /home/crusaderky/.cache/huggingface/hub/models--NANI-Nithin--K2-Horizon-7B-GGUF/snapshots/8d64828ce5da51636fcdfa8e7d17503d045849b1/K2-Horizon-7B-Q8_0.gguf size=9573964160 mtime=2026-09-17T22:42:22+00:00 sha256/1048576B=d7dce92bee664b7e7e3dde849c68ebe3ccef682636ca03eedb3da6ebc9ad4780
llama-perplexity --kl-divergence-base /tmp/logits.dat --ctx-size 32768 -f sample-data/wiki.test.head-2.4k.raw -fa on --hf-repo NANI-Nithin/K2-Horizon-7B-GGUF:Q8_0 --cache-type-k q6_0 --cache-type-v q4_1 --kl-divergence
0.01.497.270 W load: special_eos_id is not in special_eog_ids - the tokenizer config may be incorrect
0.03.820.486 I cmn          init: llama threadpool init, n_threads = 16
0.03.875.826 I 
0.03.875.903 I system_info: n_threads = 16 (n_threads_batch = 16) / 32 | CUDA : ARCHS = 750,800,860,890,900,1000,1030,1200,1210 | USE_GRAPHS = 1 | FA_ALL_QUANTS = 1 | CPU : SSE3 = 1 | SSSE3 = 1 | AVX = 1 | AVX2 = 1 | F16C = 1 | FMA = 1 | BMI2 = 1 | LLAMAFILE = 1 | OPENMP = 1 | REPACK = 1 | 
0.04.423.128 I kl_divergence: computing over 4 chunks, n_ctx=32768, batch_size=2048, n_seq=1
0.25.546.532 I kl_divergence: 21.12 seconds per pass - ETA 1.40 minutes

chunk             PPL               ln(PPL(Q)/PPL(base))          KL Divergence              Δp RMS            Same top p        Same sampled p
   1       8.8445 ±    0.1690       0.00118 ±    0.00093       0.00544 ±    0.00038     1.973 ±  0.121 %    96.271 ±  0.148 %    40.201 ±  0.259 %
   2       8.4706 ±    0.1169       0.00124 ±    0.00237       0.06427 ±    0.00145     6.380 ±  0.132 %    91.323 ±  0.156 %    41.437 ±  0.188 %
   3       9.1250 ±    0.1043      -0.00004 ±    0.00164       0.04598 ±    0.00099     5.420 ±  0.107 %    92.714 ±  0.117 %    40.222 ±  0.151 %
   4       8.8983 ±    0.0875       0.00158 ±    0.00128       0.03724 ±    0.00075     4.877 ±  0.090 %    93.232 ±  0.098 %    40.676 ±  0.131 %

====== Perplexity statistics ======
Mean PPL(Q)                   :   8.898308 ±   0.087517
Mean PPL(base)                :   8.884264 ±   0.086744
Cor(ln(PPL(Q)), ln(PPL(base))):  99.16%
Mean ln(PPL(Q)/PPL(base))     :   0.001580 ±   0.001275
Mean PPL(Q)/PPL(base)         :   1.001581 ±   0.001277
Mean PPL(Q)-PPL(base)         :   0.014045 ±   0.011347

====== KL divergence statistics ======
Mean    KLD:   0.037244 ±   0.000750
Maximum KLD:  10.334838
99.9%   KLD:   2.712870
99.0%   KLD:   0.521868
95.0%   KLD:   0.140548
90.0%   KLD:   0.070052
Median  KLD:   0.005085
10.0%   KLD:   0.000361
 5.0%   KLD:   0.000091
 1.0%   KLD:   0.000007
 0.1%   KLD:  -0.000004
Minimum KLD:  -0.000089

====== Token probability statistics ======
Mean    Δp:  0.214 ± 0.019 %
Maximum Δp: 90.370%
99.9%   Δp: 48.031%
99.0%   Δp: 15.331%
95.0%   Δp:  5.090%
90.0%   Δp:  2.593%
75.0%   Δp:  0.599%
Median  Δp:  0.001%
25.0%   Δp: -0.438%
10.0%   Δp: -2.093%
 5.0%   Δp: -3.988%
 1.0%   Δp: -12.039%
 0.1%   Δp: -38.621%
Minimum Δp: -99.970%
RMS Δp    :  4.877 ± 0.090 %
Same top p: 93.232 ± 0.098 %
Same sampled p: 40.676 ± 0.131 %

------------------------------
# llama-perplexity: version: 0.4.7-dev (build 11841, commit 6dc2680b4-dirty) | built with GNU 15.3.0 for Linux x86_64
# model: /home/crusaderky/.cache/huggingface/hub/models--NANI-Nithin--K2-Horizon-7B-GGUF/snapshots/8d64828ce5da51636fcdfa8e7d17503d045849b1/K2-Horizon-7B-Q8_0.gguf size=9573964160 mtime=2026-09-17T22:42:22+00:00 sha256/1048576B=d7dce92bee664b7e7e3dde849c68ebe3ccef682636ca03eedb3da6ebc9ad4780
llama-perplexity --kl-divergence-base /tmp/logits.dat --ctx-size 32768 -f sample-data/wiki.test.head-2.4k.raw -fa on --hf-repo NANI-Nithin/K2-Horizon-7B-GGUF:Q8_0 --cache-type-k q6_0 --cache-type-v q4_1 --kv-tail-tokens 128 --kl-divergence
0.02.381.608 W load: special_eos_id is not in special_eog_ids - the tokenizer config may be incorrect
0.04.672.043 I cmn          init: llama threadpool init, n_threads = 16
0.04.734.640 I 
0.04.734.704 I system_info: n_threads = 16 (n_threads_batch = 16) / 32 | CUDA : ARCHS = 750,800,860,890,900,1000,1030,1200,1210 | USE_GRAPHS = 1 | FA_ALL_QUANTS = 1 | CPU : SSE3 = 1 | SSSE3 = 1 | AVX = 1 | AVX2 = 1 | F16C = 1 | FMA = 1 | BMI2 = 1 | LLAMAFILE = 1 | OPENMP = 1 | REPACK = 1 | 
0.05.275.825 I kl_divergence: computing over 4 chunks, n_ctx=32768, batch_size=2048, n_seq=1
0.27.424.554 I kl_divergence: 22.15 seconds per pass - ETA 1.47 minutes

chunk             PPL               ln(PPL(Q)/PPL(base))          KL Divergence              Δp RMS            Same top p        Same sampled p
   1       8.8238 ±    0.1687      -0.00117 ±    0.00065       0.00264 ±    0.00012     1.346 ±  0.045 %    97.430 ±  0.124 %    40.261 ±  0.259 %
   2       8.5649 ±    0.1173       0.01230 ±    0.00086       0.00931 ±    0.00020     2.465 ±  0.051 %    96.008 ±  0.108 %    41.520 ±  0.187 %
   3       9.1907 ±    0.1045       0.00713 ±    0.00066       0.00786 ±    0.00021     2.264 ±  0.060 %    96.250 ±  0.086 %    40.300 ±  0.151 %
   4       8.9287 ±    0.0874       0.00499 ±    0.00052       0.00666 ±    0.00016     2.094 ±  0.050 %    96.467 ±  0.072 %    40.758 ±  0.131 %

====== Perplexity statistics ======
Mean PPL(Q)                   :   8.928739 ±   0.087417
Mean PPL(base)                :   8.884264 ±   0.086744
Cor(ln(PPL(Q)), ln(PPL(base))):  99.86%
Mean ln(PPL(Q)/PPL(base))     :   0.004994 ±   0.000522
Mean PPL(Q)/PPL(base)         :   1.005006 ±   0.000524
Mean PPL(Q)-PPL(base)         :   0.044476 ±   0.004688

====== KL divergence statistics ======
Mean    KLD:   0.006657 ±   0.000158
Maximum KLD:   4.699577
99.9%   KLD:   0.334109
99.0%   KLD:   0.074365
95.0%   KLD:   0.022604
90.0%   KLD:   0.012035
Median  KLD:   0.002016
10.0%   KLD:   0.000119
 5.0%   KLD:   0.000029
 1.0%   KLD:   0.000001
 0.1%   KLD:  -0.000013
Minimum KLD:  -0.000103

====== Token probability statistics ======
Mean    Δp: -0.037 ± 0.008 %
Maximum Δp: 76.184%
99.9%   Δp: 13.745%
99.0%   Δp:  5.108%
95.0%   Δp:  2.280%
90.0%   Δp:  1.354%
75.0%   Δp:  0.323%
Median  Δp:  0.000%
25.0%   Δp: -0.283%
10.0%   Δp: -1.336%
 5.0%   Δp: -2.436%
 1.0%   Δp: -6.606%
 0.1%   Δp: -16.989%
Minimum Δp: -91.497%
RMS Δp    :  2.094 ± 0.050 %
Same top p: 96.467 ± 0.072 %
Same sampled p: 40.758 ± 0.131 %

------------------------------
# llama-perplexity: version: 0.4.7-dev (build 11841, commit 6dc2680b4-dirty) | built with GNU 15.3.0 for Linux x86_64
# model: /home/crusaderky/.cache/huggingface/hub/models--NANI-Nithin--K2-Horizon-7B-GGUF/snapshots/8d64828ce5da51636fcdfa8e7d17503d045849b1/K2-Horizon-7B-Q8_0.gguf size=9573964160 mtime=2026-09-17T22:42:22+00:00 sha256/1048576B=d7dce92bee664b7e7e3dde849c68ebe3ccef682636ca03eedb3da6ebc9ad4780
llama-perplexity --kl-divergence-base /tmp/logits.dat --ctx-size 32768 -f sample-data/wiki.test.head-2.4k.raw -fa on --hf-repo NANI-Nithin/K2-Horizon-7B-GGUF:Q8_0 --cache-type-k q6_0 --cache-type-v q4_0 --kl-divergence
0.01.540.075 W load: special_eos_id is not in special_eog_ids - the tokenizer config may be incorrect
0.03.839.653 I cmn          init: llama threadpool init, n_threads = 16
0.03.892.565 I 
0.03.892.624 I system_info: n_threads = 16 (n_threads_batch = 16) / 32 | CUDA : ARCHS = 750,800,860,890,900,1000,1030,1200,1210 | USE_GRAPHS = 1 | FA_ALL_QUANTS = 1 | CPU : SSE3 = 1 | SSSE3 = 1 | AVX = 1 | AVX2 = 1 | F16C = 1 | FMA = 1 | BMI2 = 1 | LLAMAFILE = 1 | OPENMP = 1 | REPACK = 1 | 
0.04.435.715 I kl_divergence: computing over 4 chunks, n_ctx=32768, batch_size=2048, n_seq=1
0.25.656.684 I kl_divergence: 21.22 seconds per pass - ETA 1.40 minutes

chunk             PPL               ln(PPL(Q)/PPL(base))          KL Divergence              Δp RMS            Same top p        Same sampled p
   1       8.8346 ±    0.1687       0.00006 ±    0.00093       0.00574 ±    0.00037     1.950 ±  0.108 %    96.142 ±  0.150 %    40.176 ±  0.259 %
   2       8.3042 ±    0.1134      -0.01860 ±    0.00192       0.05066 ±    0.00105     5.847 ±  0.116 %    91.744 ±  0.152 %    41.520 ±  0.188 %
   3       9.0076 ±    0.1022      -0.01299 ±    0.00134       0.03686 ±    0.00073     4.966 ±  0.093 %    92.960 ±  0.115 %    40.267 ±  0.151 %
   4       8.7950 ±    0.0859      -0.01010 ±    0.00105       0.02966 ±    0.00055     4.459 ±  0.078 %    93.589 ±  0.096 %    40.709 ±  0.131 %

====== Perplexity statistics ======
Mean PPL(Q)                   :   8.795019 ±   0.085942
Mean PPL(base)                :   8.884264 ±   0.086744
Cor(ln(PPL(Q)), ln(PPL(base))):  99.43%
Mean ln(PPL(Q)/PPL(base))     :  -0.010096 ±   0.001046
Mean PPL(Q)/PPL(base)         :   0.989955 ±   0.001035
Mean PPL(Q)-PPL(base)         :  -0.089245 ±   0.009278

====== KL divergence statistics ======
Mean    KLD:   0.029662 ±   0.000551
Maximum KLD:   8.670860
99.9%   KLD:   1.933088
99.0%   KLD:   0.406067
95.0%   KLD:   0.118423
90.0%   KLD:   0.059286
Median  KLD:   0.004705
10.0%   KLD:   0.000329
 5.0%   KLD:   0.000082
 1.0%   KLD:   0.000006
 0.1%   KLD:  -0.000008
Minimum KLD:  -0.000082

====== Token probability statistics ======
Mean    Δp:  0.271 ± 0.017 %
Maximum Δp: 93.691%
99.9%   Δp: 46.632%
99.0%   Δp: 14.931%
95.0%   Δp:  4.823%
90.0%   Δp:  2.481%
75.0%   Δp:  0.575%
Median  Δp:  0.001%
25.0%   Δp: -0.408%
10.0%   Δp: -1.966%
 5.0%   Δp: -3.728%
 1.0%   Δp: -10.703%
 0.1%   Δp: -28.895%
Minimum Δp: -98.335%
RMS Δp    :  4.459 ± 0.078 %
Same top p: 93.589 ± 0.096 %
Same sampled p: 40.709 ± 0.131 %

------------------------------
# llama-perplexity: version: 0.4.7-dev (build 11841, commit 6dc2680b4-dirty) | built with GNU 15.3.0 for Linux x86_64
# model: /home/crusaderky/.cache/huggingface/hub/models--NANI-Nithin--K2-Horizon-7B-GGUF/snapshots/8d64828ce5da51636fcdfa8e7d17503d045849b1/K2-Horizon-7B-Q8_0.gguf size=9573964160 mtime=2026-09-17T22:42:22+00:00 sha256/1048576B=d7dce92bee664b7e7e3dde849c68ebe3ccef682636ca03eedb3da6ebc9ad4780
llama-perplexity --kl-divergence-base /tmp/logits.dat --ctx-size 32768 -f sample-data/wiki.test.head-2.4k.raw -fa on --hf-repo NANI-Nithin/K2-Horizon-7B-GGUF:Q8_0 --cache-type-k q6_0 --cache-type-v q4_0 --kv-tail-tokens 128 --kl-divergence
0.02.448.792 W load: special_eos_id is not in special_eog_ids - the tokenizer config may be incorrect
0.04.765.877 I cmn          init: llama threadpool init, n_threads = 16
0.04.827.784 I 
0.04.827.852 I system_info: n_threads = 16 (n_threads_batch = 16) / 32 | CUDA : ARCHS = 750,800,860,890,900,1000,1030,1200,1210 | USE_GRAPHS = 1 | FA_ALL_QUANTS = 1 | CPU : SSE3 = 1 | SSSE3 = 1 | AVX = 1 | AVX2 = 1 | F16C = 1 | FMA = 1 | BMI2 = 1 | LLAMAFILE = 1 | OPENMP = 1 | REPACK = 1 | 
0.05.375.770 I kl_divergence: computing over 4 chunks, n_ctx=32768, batch_size=2048, n_seq=1
0.27.526.038 I kl_divergence: 22.15 seconds per pass - ETA 1.47 minutes

chunk             PPL               ln(PPL(Q)/PPL(base))          KL Divergence              Δp RMS            Same top p        Same sampled p
   1       8.8283 ±    0.1686      -0.00065 ±    0.00060       0.00235 ±    0.00005     1.243 ±  0.036 %    97.528 ±  0.121 %    40.242 ±  0.259 %
   2       8.5476 ±    0.1170       0.01027 ±    0.00076       0.00753 ±    0.00021     2.208 ±  0.043 %    96.307 ±  0.104 %    41.541 ±  0.187 %
   3       9.1774 ±    0.1043       0.00568 ±    0.00059       0.00651 ±    0.00018     2.059 ±  0.045 %    96.488 ±  0.083 %    40.307 ±  0.151 %
   4       8.9190 ±    0.0873       0.00390 ±    0.00047       0.00555 ±    0.00014     1.911 ±  0.038 %    96.660 ±  0.070 %    40.761 ±  0.131 %

====== Perplexity statistics ======
Mean PPL(Q)                   :   8.918983 ±   0.087273
Mean PPL(base)                :   8.884264 ±   0.086744
Cor(ln(PPL(Q)), ln(PPL(base))):  99.88%
Mean ln(PPL(Q)/PPL(base))     :   0.003900 ±   0.000474
Mean PPL(Q)/PPL(base)         :   1.003908 ±   0.000475
Mean PPL(Q)-PPL(base)         :   0.034720 ±   0.004244

====== KL divergence statistics ======
Mean    KLD:   0.005553 ±   0.000138
Maximum KLD:   5.330722
99.9%   KLD:   0.257194
99.0%   KLD:   0.060677
95.0%   KLD:   0.018371
90.0%   KLD:   0.009978
Median  KLD:   0.001893
10.0%   KLD:   0.000113
 5.0%   KLD:   0.000027
 1.0%   KLD:   0.000001
 0.1%   KLD:  -0.000012
Minimum KLD:  -0.000105

====== Token probability statistics ======
Mean    Δp: -0.036 ± 0.007 %
Maximum Δp: 62.637%
99.9%   Δp: 13.052%
99.0%   Δp:  4.873%
95.0%   Δp:  2.140%
90.0%   Δp:  1.277%
75.0%   Δp:  0.302%
Median  Δp: -0.000%
25.0%   Δp: -0.284%
10.0%   Δp: -1.298%
 5.0%   Δp: -2.328%
 1.0%   Δp: -5.920%
 0.1%   Δp: -15.321%
Minimum Δp: -64.449%
RMS Δp    :  1.911 ± 0.038 %
Same top p: 96.660 ± 0.070 %
Same sampled p: 40.761 ± 0.131 %

------------------------------
# llama-perplexity: version: 0.4.7-dev (build 11841, commit 6dc2680b4-dirty) | built with GNU 15.3.0 for Linux x86_64
# model: /home/crusaderky/.cache/huggingface/hub/models--NANI-Nithin--K2-Horizon-7B-GGUF/snapshots/8d64828ce5da51636fcdfa8e7d17503d045849b1/K2-Horizon-7B-Q8_0.gguf size=9573964160 mtime=2026-09-17T22:42:22+00:00 sha256/1048576B=d7dce92bee664b7e7e3dde849c68ebe3ccef682636ca03eedb3da6ebc9ad4780
llama-perplexity --kl-divergence-base /tmp/logits.dat --ctx-size 32768 -f sample-data/wiki.test.head-2.4k.raw -fa on --hf-repo NANI-Nithin/K2-Horizon-7B-GGUF:Q8_0 --cache-type-k q6_0 --cache-type-v q3_1 --kl-divergence
0.01.542.084 W load: special_eos_id is not in special_eog_ids - the tokenizer config may be incorrect
0.03.852.988 I cmn          init: llama threadpool init, n_threads = 16
0.03.906.264 I 
0.03.906.334 I system_info: n_threads = 16 (n_threads_batch = 16) / 32 | CUDA : ARCHS = 750,800,860,890,900,1000,1030,1200,1210 | USE_GRAPHS = 1 | FA_ALL_QUANTS = 1 | CPU : SSE3 = 1 | SSSE3 = 1 | AVX = 1 | AVX2 = 1 | F16C = 1 | FMA = 1 | BMI2 = 1 | LLAMAFILE = 1 | OPENMP = 1 | REPACK = 1 | 
0.04.446.133 I kl_divergence: computing over 4 chunks, n_ctx=32768, batch_size=2048, n_seq=1
0.25.695.138 I kl_divergence: 21.25 seconds per pass - ETA 1.40 minutes

chunk             PPL               ln(PPL(Q)/PPL(base))          KL Divergence              Δp RMS            Same top p        Same sampled p
   1       8.8722 ±    0.1695       0.00430 ±    0.00132       0.01192 ±    0.00055     2.873 ±  0.122 %    94.726 ±  0.175 %    40.054 ±  0.259 %
   2       8.3403 ±    0.1139      -0.01428 ±    0.00203       0.05537 ±    0.00109     6.066 ±  0.115 %    90.844 ±  0.159 %    41.405 ±  0.188 %
   3       9.0491 ±    0.1027      -0.00839 ±    0.00148       0.04291 ±    0.00078     5.341 ±  0.095 %    91.864 ±  0.123 %    40.131 ±  0.151 %
   4       8.8408 ±    0.0864      -0.00491 ±    0.00120       0.03764 ±    0.00060     5.028 ±  0.078 %    92.050 ±  0.106 %    40.545 ±  0.131 %

====== Perplexity statistics ======
Mean PPL(Q)                   :   8.840789 ±   0.086403
Mean PPL(base)                :   8.884264 ±   0.086744
Cor(ln(PPL(Q)), ln(PPL(base))):  99.24%
Mean ln(PPL(Q)/PPL(base))     :  -0.004905 ±   0.001202
Mean PPL(Q)/PPL(base)         :   0.995107 ±   0.001196
Mean PPL(Q)-PPL(base)         :  -0.043475 ±   0.010658

====== KL divergence statistics ======
Mean    KLD:   0.037641 ±   0.000596
Maximum KLD:   9.017912
99.9%   KLD:   2.021302
99.0%   KLD:   0.430845
95.0%   KLD:   0.136693
90.0%   KLD:   0.075613
Median  KLD:   0.010450
10.0%   KLD:   0.000703
 5.0%   KLD:   0.000178
 1.0%   KLD:   0.000017
 0.1%   KLD:   0.000000
Minimum KLD:  -0.000045

====== Token probability statistics ======
Mean    Δp:  0.143 ± 0.020 %
Maximum Δp: 97.499%
99.9%   Δp: 48.022%
99.0%   Δp: 16.115%
95.0%   Δp:  5.864%
90.0%   Δp:  3.151%
75.0%   Δp:  0.693%
Median  Δp: -0.000%
25.0%   Δp: -0.690%
10.0%   Δp: -2.983%
 5.0%   Δp: -5.314%
 1.0%   Δp: -12.974%
 0.1%   Δp: -33.557%
Minimum Δp: -99.833%
RMS Δp    :  5.028 ± 0.078 %
Same top p: 92.050 ± 0.106 %
Same sampled p: 40.545 ± 0.131 %

------------------------------
# llama-perplexity: version: 0.4.7-dev (build 11841, commit 6dc2680b4-dirty) | built with GNU 15.3.0 for Linux x86_64
# model: /home/crusaderky/.cache/huggingface/hub/models--NANI-Nithin--K2-Horizon-7B-GGUF/snapshots/8d64828ce5da51636fcdfa8e7d17503d045849b1/K2-Horizon-7B-Q8_0.gguf size=9573964160 mtime=2026-09-17T22:42:22+00:00 sha256/1048576B=d7dce92bee664b7e7e3dde849c68ebe3ccef682636ca03eedb3da6ebc9ad4780
llama-perplexity --kl-divergence-base /tmp/logits.dat --ctx-size 32768 -f sample-data/wiki.test.head-2.4k.raw -fa on --hf-repo NANI-Nithin/K2-Horizon-7B-GGUF:Q8_0 --cache-type-k q6_0 --cache-type-v q3_1 --kv-tail-tokens 128 --kl-divergence
0.02.393.709 W load: special_eos_id is not in special_eog_ids - the tokenizer config may be incorrect
0.04.679.235 I cmn          init: llama threadpool init, n_threads = 16
0.04.740.279 I 
0.04.740.341 I system_info: n_threads = 16 (n_threads_batch = 16) / 32 | CUDA : ARCHS = 750,800,860,890,900,1000,1030,1200,1210 | USE_GRAPHS = 1 | FA_ALL_QUANTS = 1 | CPU : SSE3 = 1 | SSSE3 = 1 | AVX = 1 | AVX2 = 1 | F16C = 1 | FMA = 1 | BMI2 = 1 | LLAMAFILE = 1 | OPENMP = 1 | REPACK = 1 | 
0.05.278.231 I kl_divergence: computing over 4 chunks, n_ctx=32768, batch_size=2048, n_seq=1
0.27.522.510 I kl_divergence: 22.24 seconds per pass - ETA 1.47 minutes

chunk             PPL               ln(PPL(Q)/PPL(base))          KL Divergence              Δp RMS            Same top p        Same sampled p
   1       8.8360 ±    0.1688       0.00022 ±    0.00075       0.00369 ±    0.00009     1.555 ±  0.052 %    96.844 ±  0.137 %    40.233 ±  0.259 %
   2       8.6301 ±    0.1183       0.01989 ±    0.00115       0.01616 ±    0.00027     3.279 ±  0.062 %    94.671 ±  0.124 %    41.394 ±  0.187 %
   3       9.2381 ±    0.1051       0.01227 ±    0.00087       0.01327 ±    0.00027     2.959 ±  0.063 %    95.233 ±  0.096 %    40.196 ±  0.151 %
   4       8.9681 ±    0.0878       0.00939 ±    0.00068       0.01103 ±    0.00020     2.720 ±  0.053 %    95.582 ±  0.080 %    40.669 ±  0.131 %

====== Perplexity statistics ======
Mean PPL(Q)                   :   8.968051 ±   0.087828
Mean PPL(base)                :   8.884264 ±   0.086744
Cor(ln(PPL(Q)), ln(PPL(base))):  99.76%
Mean ln(PPL(Q)/PPL(base))     :   0.009387 ±   0.000681
Mean PPL(Q)/PPL(base)         :   1.009431 ±   0.000688
Mean PPL(Q)-PPL(base)         :   0.083788 ±   0.006172

====== KL divergence statistics ======
Mean    KLD:   0.011027 ±   0.000204
Maximum KLD:   5.083131
99.9%   KLD:   0.526406
99.0%   KLD:   0.132974
95.0%   KLD:   0.041252
90.0%   KLD:   0.021794
Median  KLD:   0.003030
10.0%   KLD:   0.000192
 5.0%   KLD:   0.000049
 1.0%   KLD:   0.000003
 0.1%   KLD:  -0.000009
Minimum KLD:  -0.000072

====== Token probability statistics ======
Mean    Δp: -0.117 ± 0.011 %
Maximum Δp: 77.798%
99.9%   Δp: 18.619%
99.0%   Δp:  6.502%
95.0%   Δp:  2.699%
90.0%   Δp:  1.547%
75.0%   Δp:  0.348%
Median  Δp: -0.000%
25.0%   Δp: -0.397%
10.0%   Δp: -1.785%
 5.0%   Δp: -3.241%
 1.0%   Δp: -8.905%
 0.1%   Δp: -23.176%
Minimum Δp: -92.952%
RMS Δp    :  2.720 ± 0.053 %
Same top p: 95.582 ± 0.080 %
Same sampled p: 40.669 ± 0.131 %

------------------------------
# llama-perplexity: version: 0.4.7-dev (build 11841, commit 6dc2680b4-dirty) | built with GNU 15.3.0 for Linux x86_64
# model: /home/crusaderky/.cache/huggingface/hub/models--NANI-Nithin--K2-Horizon-7B-GGUF/snapshots/8d64828ce5da51636fcdfa8e7d17503d045849b1/K2-Horizon-7B-Q8_0.gguf size=9573964160 mtime=2026-09-17T22:42:22+00:00 sha256/1048576B=d7dce92bee664b7e7e3dde849c68ebe3ccef682636ca03eedb3da6ebc9ad4780
llama-perplexity --kl-divergence-base /tmp/logits.dat --ctx-size 32768 -f sample-data/wiki.test.head-2.4k.raw -fa on --hf-repo NANI-Nithin/K2-Horizon-7B-GGUF:Q8_0 --cache-type-k q6_0 --cache-type-v q3_0 --kl-divergence
0.01.510.443 W load: special_eos_id is not in special_eog_ids - the tokenizer config may be incorrect
0.03.839.007 I cmn          init: llama threadpool init, n_threads = 16
0.03.893.539 I 
0.03.893.612 I system_info: n_threads = 16 (n_threads_batch = 16) / 32 | CUDA : ARCHS = 750,800,860,890,900,1000,1030,1200,1210 | USE_GRAPHS = 1 | FA_ALL_QUANTS = 1 | CPU : SSE3 = 1 | SSSE3 = 1 | AVX = 1 | AVX2 = 1 | F16C = 1 | FMA = 1 | BMI2 = 1 | LLAMAFILE = 1 | OPENMP = 1 | REPACK = 1 | 
0.04.445.872 I kl_divergence: computing over 4 chunks, n_ctx=32768, batch_size=2048, n_seq=1
0.25.786.790 I kl_divergence: 21.34 seconds per pass - ETA 1.42 minutes

chunk             PPL               ln(PPL(Q)/PPL(base))          KL Divergence              Δp RMS            Same top p        Same sampled p
   1       8.8869 ±    0.1694       0.00596 ±    0.00141       0.01340 ±    0.00057     2.975 ±  0.117 %    94.329 ±  0.181 %    39.931 ±  0.259 %
   2       8.3440 ±    0.1136      -0.01383 ±    0.00206       0.05687 ±    0.00108     6.124 ±  0.111 %    90.591 ±  0.161 %    41.291 ±  0.188 %
   3       9.0442 ±    0.1024      -0.00893 ±    0.00150       0.04436 ±    0.00076     5.364 ±  0.088 %    91.648 ±  0.125 %    40.017 ±  0.151 %
   4       9.0823 ±    0.0890       0.02205 ±    0.00171       0.07273 ±    0.00082     6.946 ±  0.080 %    89.028 ±  0.122 %    39.916 ±  0.131 %

====== Perplexity statistics ======
Mean PPL(Q)                   :   9.082339 ±   0.089043
Mean PPL(base)                :   8.884264 ±   0.086744
Cor(ln(PPL(Q)), ln(PPL(base))):  98.47%
Mean ln(PPL(Q)/PPL(base))     :   0.022050 ±   0.001712
Mean PPL(Q)/PPL(base)         :   1.022295 ±   0.001750
Mean PPL(Q)-PPL(base)         :   0.198076 ±   0.015546

====== KL divergence statistics ======
Mean    KLD:   0.072732 ±   0.000823
Maximum KLD:   9.848557
99.9%   KLD:   2.788410
99.0%   KLD:   0.798859
95.0%   KLD:   0.291508
90.0%   KLD:   0.172358
Median  KLD:   0.016639
10.0%   KLD:   0.001110
 5.0%   KLD:   0.000298
 1.0%   KLD:   0.000029
 0.1%   KLD:   0.000002
Minimum KLD:  -0.000027

====== Token probability statistics ======
Mean    Δp: -0.382 ± 0.027 %
Maximum Δp: 93.772%
99.9%   Δp: 52.678%
99.0%   Δp: 20.064%
95.0%   Δp:  7.323%
90.0%   Δp:  3.626%
75.0%   Δp:  0.657%
Median  Δp: -0.010%
25.0%   Δp: -1.167%
10.0%   Δp: -4.786%
 5.0%   Δp: -9.077%
 1.0%   Δp: -23.655%
 0.1%   Δp: -58.208%
Minimum Δp: -99.753%
RMS Δp    :  6.946 ± 0.080 %
Same top p: 89.028 ± 0.122 %
Same sampled p: 39.916 ± 0.131 %

------------------------------
# llama-perplexity: version: 0.4.7-dev (build 11841, commit 6dc2680b4-dirty) | built with GNU 15.3.0 for Linux x86_64
# model: /home/crusaderky/.cache/huggingface/hub/models--NANI-Nithin--K2-Horizon-7B-GGUF/snapshots/8d64828ce5da51636fcdfa8e7d17503d045849b1/K2-Horizon-7B-Q8_0.gguf size=9573964160 mtime=2026-09-17T22:42:22+00:00 sha256/1048576B=d7dce92bee664b7e7e3dde849c68ebe3ccef682636ca03eedb3da6ebc9ad4780
llama-perplexity --kl-divergence-base /tmp/logits.dat --ctx-size 32768 -f sample-data/wiki.test.head-2.4k.raw -fa on --hf-repo NANI-Nithin/K2-Horizon-7B-GGUF:Q8_0 --cache-type-k q6_0 --cache-type-v q3_0 --kv-tail-tokens 128 --kl-divergence
0.02.398.957 W load: special_eos_id is not in special_eog_ids - the tokenizer config may be incorrect
0.04.697.552 I cmn          init: llama threadpool init, n_threads = 16
0.04.758.904 I 
0.04.758.976 I system_info: n_threads = 16 (n_threads_batch = 16) / 32 | CUDA : ARCHS = 750,800,860,890,900,1000,1030,1200,1210 | USE_GRAPHS = 1 | FA_ALL_QUANTS = 1 | CPU : SSE3 = 1 | SSSE3 = 1 | AVX = 1 | AVX2 = 1 | F16C = 1 | FMA = 1 | BMI2 = 1 | LLAMAFILE = 1 | OPENMP = 1 | REPACK = 1 | 
0.05.301.096 I kl_divergence: computing over 4 chunks, n_ctx=32768, batch_size=2048, n_seq=1
0.27.612.492 I kl_divergence: 22.31 seconds per pass - ETA 1.48 minutes

chunk             PPL               ln(PPL(Q)/PPL(base))          KL Divergence              Δp RMS            Same top p        Same sampled p
   1       8.8494 ±    0.1689       0.00173 ±    0.00076       0.00405 ±    0.00011     1.693 ±  0.075 %    96.832 ±  0.137 %    40.129 ±  0.259 %
   2       8.5105 ±    0.1161       0.00592 ±    0.00079       0.00810 ±    0.00014     2.392 ±  0.070 %    96.139 ±  0.106 %    41.474 ±  0.187 %
   3       9.1527 ±    0.1038       0.00299 ±    0.00064       0.00772 ±    0.00019     2.313 ±  0.071 %    96.207 ±  0.086 %    40.227 ±  0.151 %
   4       8.9040 ±    0.0869       0.00222 ±    0.00053       0.00696 ±    0.00015     2.195 ±  0.057 %    96.325 ±  0.073 %    40.672 ±  0.131 %

====== Perplexity statistics ======
Mean PPL(Q)                   :   8.904010 ±   0.086939
Mean PPL(base)                :   8.884264 ±   0.086744
Cor(ln(PPL(Q)), ln(PPL(base))):  99.85%
Mean ln(PPL(Q)/PPL(base))     :   0.002220 ±   0.000528
Mean PPL(Q)/PPL(base)         :   1.002223 ±   0.000529
Mean PPL(Q)-PPL(base)         :   0.019746 ±   0.004697

====== KL divergence statistics ======
Mean    KLD:   0.006956 ±   0.000147
Maximum KLD:   4.799540
99.9%   KLD:   0.277529
99.0%   KLD:   0.066709
95.0%   KLD:   0.021908
90.0%   KLD:   0.013013
Median  KLD:   0.002824
10.0%   KLD:   0.000194
 5.0%   KLD:   0.000051
 1.0%   KLD:   0.000004
 0.1%   KLD:  -0.000006
Minimum KLD:  -0.000174

====== Token probability statistics ======
Mean    Δp: -0.093 ± 0.009 %
Maximum Δp: 71.992%
99.9%   Δp: 14.596%
99.0%   Δp:  5.718%
95.0%   Δp:  2.373%
90.0%   Δp:  1.349%
75.0%   Δp:  0.277%
Median  Δp: -0.002%
25.0%   Δp: -0.426%
10.0%   Δp: -1.648%
 5.0%   Δp: -2.795%
 1.0%   Δp: -6.424%
 0.1%   Δp: -15.962%
Minimum Δp: -92.114%
RMS Δp    :  2.195 ± 0.057 %
Same top p: 96.325 ± 0.073 %
Same sampled p: 40.672 ± 0.131 %

------------------------------
# llama-perplexity: version: 0.4.7-dev (build 11841, commit 6dc2680b4-dirty) | built with GNU 15.3.0 for Linux x86_64
# model: /home/crusaderky/.cache/huggingface/hub/models--NANI-Nithin--K2-Horizon-7B-GGUF/snapshots/8d64828ce5da51636fcdfa8e7d17503d045849b1/K2-Horizon-7B-Q8_0.gguf size=9573964160 mtime=2026-09-17T22:42:22+00:00 sha256/1048576B=d7dce92bee664b7e7e3dde849c68ebe3ccef682636ca03eedb3da6ebc9ad4780
llama-perplexity --kl-divergence-base /tmp/logits.dat --ctx-size 32768 -f sample-data/wiki.test.head-2.4k.raw -fa on --hf-repo NANI-Nithin/K2-Horizon-7B-GGUF:Q8_0 --cache-type-k q5_1 --cache-type-v q5_1 --kl-divergence
0.01.494.881 W load: special_eos_id is not in special_eog_ids - the tokenizer config may be incorrect
0.03.777.971 I cmn          init: llama threadpool init, n_threads = 16
0.03.830.754 I 
0.03.830.826 I system_info: n_threads = 16 (n_threads_batch = 16) / 32 | CUDA : ARCHS = 750,800,860,890,900,1000,1030,1200,1210 | USE_GRAPHS = 1 | FA_ALL_QUANTS = 1 | CPU : SSE3 = 1 | SSSE3 = 1 | AVX = 1 | AVX2 = 1 | F16C = 1 | FMA = 1 | BMI2 = 1 | LLAMAFILE = 1 | OPENMP = 1 | REPACK = 1 | 
0.04.363.877 I kl_divergence: computing over 4 chunks, n_ctx=32768, batch_size=2048, n_seq=1
0.25.524.189 I kl_divergence: 21.16 seconds per pass - ETA 1.40 minutes

chunk             PPL               ln(PPL(Q)/PPL(base))          KL Divergence              Δp RMS            Same top p        Same sampled p
   1       8.8387 ±    0.1689       0.00052 ±    0.00107       0.00681 ±    0.00028     2.194 ±  0.122 %    95.935 ±  0.154 %    40.165 ±  0.259 %
   2       8.3098 ±    0.1135      -0.01794 ±    0.00198       0.05153 ±    0.00104     5.837 ±  0.113 %    91.717 ±  0.152 %    41.505 ±  0.188 %
   3       9.0133 ±    0.1023      -0.01236 ±    0.00140       0.03795 ±    0.00072     4.989 ±  0.092 %    92.930 ±  0.116 %    40.245 ±  0.151 %
   4       8.8045 ±    0.0861      -0.00902 ±    0.00110       0.03093 ±    0.00055     4.530 ±  0.077 %    93.452 ±  0.097 %    40.691 ±  0.131 %

====== Perplexity statistics ======
Mean PPL(Q)                   :   8.804464 ±   0.086084
Mean PPL(base)                :   8.884264 ±   0.086744
Cor(ln(PPL(Q)), ln(PPL(base))):  99.37%
Mean ln(PPL(Q)/PPL(base))     :  -0.009023 ±   0.001100
Mean PPL(Q)/PPL(base)         :   0.991018 ±   0.001090
Mean PPL(Q)-PPL(base)         :  -0.079800 ±   0.009751

====== KL divergence statistics ======
Mean    KLD:   0.030933 ±   0.000548
Maximum KLD:   8.715102
99.9%   KLD:   1.829958
99.0%   KLD:   0.418316
95.0%   KLD:   0.121546
90.0%   KLD:   0.061324
Median  KLD:   0.005302
10.0%   KLD:   0.000369
 5.0%   KLD:   0.000096
 1.0%   KLD:   0.000008
 0.1%   KLD:  -0.000003
Minimum KLD:  -0.000074

====== Token probability statistics ======
Mean    Δp:  0.262 ± 0.018 %
Maximum Δp: 93.209%
99.9%   Δp: 46.692%
99.0%   Δp: 14.993%
95.0%   Δp:  4.989%
90.0%   Δp:  2.632%
75.0%   Δp:  0.611%
Median  Δp:  0.001%
25.0%   Δp: -0.443%
10.0%   Δp: -2.093%
 5.0%   Δp: -3.870%
 1.0%   Δp: -11.007%
 0.1%   Δp: -31.549%
Minimum Δp: -93.209%
RMS Δp    :  4.530 ± 0.077 %
Same top p: 93.452 ± 0.097 %
Same sampled p: 40.691 ± 0.131 %

------------------------------
# llama-perplexity: version: 0.4.7-dev (build 11841, commit 6dc2680b4-dirty) | built with GNU 15.3.0 for Linux x86_64
# model: /home/crusaderky/.cache/huggingface/hub/models--NANI-Nithin--K2-Horizon-7B-GGUF/snapshots/8d64828ce5da51636fcdfa8e7d17503d045849b1/K2-Horizon-7B-Q8_0.gguf size=9573964160 mtime=2026-09-17T22:42:22+00:00 sha256/1048576B=d7dce92bee664b7e7e3dde849c68ebe3ccef682636ca03eedb3da6ebc9ad4780
llama-perplexity --kl-divergence-base /tmp/logits.dat --ctx-size 32768 -f sample-data/wiki.test.head-2.4k.raw -fa on --hf-repo NANI-Nithin/K2-Horizon-7B-GGUF:Q8_0 --cache-type-k q5_1 --cache-type-v q5_1 --kv-tail-tokens 128 --kl-divergence
0.02.456.637 W load: special_eos_id is not in special_eog_ids - the tokenizer config may be incorrect
0.04.740.786 I cmn          init: llama threadpool init, n_threads = 16
0.04.801.052 I 
0.04.801.128 I system_info: n_threads = 16 (n_threads_batch = 16) / 32 | CUDA : ARCHS = 750,800,860,890,900,1000,1030,1200,1210 | USE_GRAPHS = 1 | FA_ALL_QUANTS = 1 | CPU : SSE3 = 1 | SSSE3 = 1 | AVX = 1 | AVX2 = 1 | F16C = 1 | FMA = 1 | BMI2 = 1 | LLAMAFILE = 1 | OPENMP = 1 | REPACK = 1 | 
0.05.340.969 I kl_divergence: computing over 4 chunks, n_ctx=32768, batch_size=2048, n_seq=1
0.27.552.866 I kl_divergence: 22.21 seconds per pass - ETA 1.47 minutes

chunk             PPL               ln(PPL(Q)/PPL(base))          KL Divergence              Δp RMS            Same top p        Same sampled p
   1       8.8247 ±    0.1686      -0.00106 ±    0.00076       0.00347 ±    0.00041     1.638 ±  0.157 %    96.972 ±  0.134 %    40.234 ±  0.259 %
   2       8.5469 ±    0.1169       0.01020 ±    0.00086       0.00931 ±    0.00025     2.516 ±  0.066 %    95.834 ±  0.110 %    41.510 ±  0.187 %
   3       9.1739 ±    0.1042       0.00531 ±    0.00066       0.00804 ±    0.00023     2.306 ±  0.059 %    96.059 ±  0.088 %    40.283 ±  0.151 %
   4       8.9191 ±    0.0873       0.00391 ±    0.00053       0.00683 ±    0.00018     2.152 ±  0.050 %    96.283 ±  0.074 %    40.738 ±  0.131 %

====== Perplexity statistics ======
Mean PPL(Q)                   :   8.919064 ±   0.087254
Mean PPL(base)                :   8.884264 ±   0.086744
Cor(ln(PPL(Q)), ln(PPL(base))):  99.86%
Mean ln(PPL(Q)/PPL(base))     :   0.003909 ±   0.000526
Mean PPL(Q)/PPL(base)         :   1.003917 ±   0.000528
Mean PPL(Q)-PPL(base)         :   0.034801 ±   0.004704

====== KL divergence statistics ======
Mean    KLD:   0.006831 ±   0.000177
Maximum KLD:   6.555131
99.9%   KLD:   0.309292
99.0%   KLD:   0.075041
95.0%   KLD:   0.023260
90.0%   KLD:   0.012697
Median  KLD:   0.002162
10.0%   KLD:   0.000137
 5.0%   KLD:   0.000034
 1.0%   KLD:   0.000002
 0.1%   KLD:  -0.000012
Minimum KLD:  -0.000122

====== Token probability statistics ======
Mean    Δp: -0.043 ± 0.008 %
Maximum Δp: 86.988%
99.9%   Δp: 15.243%
99.0%   Δp:  5.377%
95.0%   Δp:  2.315%
90.0%   Δp:  1.352%
75.0%   Δp:  0.316%
Median  Δp: -0.000%
25.0%   Δp: -0.318%
10.0%   Δp: -1.411%
 5.0%   Δp: -2.563%
 1.0%   Δp: -6.568%
 0.1%   Δp: -16.750%
Minimum Δp: -58.542%
RMS Δp    :  2.152 ± 0.050 %
Same top p: 96.283 ± 0.074 %
Same sampled p: 40.738 ± 0.131 %

------------------------------
# llama-perplexity: version: 0.4.7-dev (build 11841, commit 6dc2680b4-dirty) | built with GNU 15.3.0 for Linux x86_64
# model: /home/crusaderky/.cache/huggingface/hub/models--NANI-Nithin--K2-Horizon-7B-GGUF/snapshots/8d64828ce5da51636fcdfa8e7d17503d045849b1/K2-Horizon-7B-Q8_0.gguf size=9573964160 mtime=2026-09-17T22:42:22+00:00 sha256/1048576B=d7dce92bee664b7e7e3dde849c68ebe3ccef682636ca03eedb3da6ebc9ad4780
llama-perplexity --kl-divergence-base /tmp/logits.dat --ctx-size 32768 -f sample-data/wiki.test.head-2.4k.raw -fa on --hf-repo NANI-Nithin/K2-Horizon-7B-GGUF:Q8_0 --cache-type-k q5_1 --cache-type-v q5_0 --kl-divergence
0.01.586.150 W load: special_eos_id is not in special_eog_ids - the tokenizer config may be incorrect
0.03.922.093 I cmn          init: llama threadpool init, n_threads = 16
0.03.977.390 I 
0.03.977.457 I system_info: n_threads = 16 (n_threads_batch = 16) / 32 | CUDA : ARCHS = 750,800,860,890,900,1000,1030,1200,1210 | USE_GRAPHS = 1 | FA_ALL_QUANTS = 1 | CPU : SSE3 = 1 | SSSE3 = 1 | AVX = 1 | AVX2 = 1 | F16C = 1 | FMA = 1 | BMI2 = 1 | LLAMAFILE = 1 | OPENMP = 1 | REPACK = 1 | 
0.04.542.071 I kl_divergence: computing over 4 chunks, n_ctx=32768, batch_size=2048, n_seq=1
0.25.681.255 I kl_divergence: 21.14 seconds per pass - ETA 1.40 minutes

chunk             PPL               ln(PPL(Q)/PPL(base))          KL Divergence              Δp RMS            Same top p        Same sampled p
   1       8.8399 ±    0.1688       0.00066 ±    0.00103       0.00690 ±    0.00030     2.043 ±  0.061 %    95.801 ±  0.157 %    40.176 ±  0.259 %
   2       8.3048 ±    0.1134      -0.01854 ±    0.00198       0.05194 ±    0.00105     5.862 ±  0.114 %    91.638 ±  0.153 %    41.532 ±  0.188 %
   3       9.0070 ±    0.1022      -0.01306 ±    0.00140       0.03824 ±    0.00073     5.014 ±  0.092 %    92.836 ±  0.116 %    40.270 ±  0.151 %
   4       8.8051 ±    0.0861      -0.00895 ±    0.00110       0.03095 ±    0.00055     4.541 ±  0.077 %    93.403 ±  0.097 %    40.710 ±  0.131 %

====== Perplexity statistics ======
Mean PPL(Q)                   :   8.805078 ±   0.086098
Mean PPL(base)                :   8.884264 ±   0.086744
Cor(ln(PPL(Q)), ln(PPL(base))):  99.37%
Mean ln(PPL(Q)/PPL(base))     :  -0.008953 ±   0.001095
Mean PPL(Q)/PPL(base)         :   0.991087 ±   0.001086
Mean PPL(Q)-PPL(base)         :  -0.079185 ±   0.009708

====== KL divergence statistics ======
Mean    KLD:   0.030950 ±   0.000550
Maximum KLD:   8.974310
99.9%   KLD:   1.913846
99.0%   KLD:   0.415524
95.0%   KLD:   0.122410
90.0%   KLD:   0.061760
Median  KLD:   0.005315
10.0%   KLD:   0.000371
 5.0%   KLD:   0.000089
 1.0%   KLD:   0.000007
 0.1%   KLD:  -0.000004
Minimum KLD:  -0.000054

====== Token probability statistics ======
Mean    Δp:  0.267 ± 0.018 %
Maximum Δp: 93.610%
99.9%   Δp: 47.253%
99.0%   Δp: 15.168%
95.0%   Δp:  4.979%
90.0%   Δp:  2.609%
75.0%   Δp:  0.623%
Median  Δp:  0.001%
25.0%   Δp: -0.429%
10.0%   Δp: -2.047%
 5.0%   Δp: -3.862%
 1.0%   Δp: -11.165%
 0.1%   Δp: -31.899%
Minimum Δp: -92.950%
RMS Δp    :  4.541 ± 0.077 %
Same top p: 93.403 ± 0.097 %
Same sampled p: 40.710 ± 0.131 %

------------------------------
# llama-perplexity: version: 0.4.7-dev (build 11841, commit 6dc2680b4-dirty) | built with GNU 15.3.0 for Linux x86_64
# model: /home/crusaderky/.cache/huggingface/hub/models--NANI-Nithin--K2-Horizon-7B-GGUF/snapshots/8d64828ce5da51636fcdfa8e7d17503d045849b1/K2-Horizon-7B-Q8_0.gguf size=9573964160 mtime=2026-09-17T22:42:22+00:00 sha256/1048576B=d7dce92bee664b7e7e3dde849c68ebe3ccef682636ca03eedb3da6ebc9ad4780
llama-perplexity --kl-divergence-base /tmp/logits.dat --ctx-size 32768 -f sample-data/wiki.test.head-2.4k.raw -fa on --hf-repo NANI-Nithin/K2-Horizon-7B-GGUF:Q8_0 --cache-type-k q5_1 --cache-type-v q5_0 --kv-tail-tokens 128 --kl-divergence
0.02.448.323 W load: special_eos_id is not in special_eog_ids - the tokenizer config may be incorrect
0.04.770.086 I cmn          init: llama threadpool init, n_threads = 16
0.04.832.572 I 
0.04.832.642 I system_info: n_threads = 16 (n_threads_batch = 16) / 32 | CUDA : ARCHS = 750,800,860,890,900,1000,1030,1200,1210 | USE_GRAPHS = 1 | FA_ALL_QUANTS = 1 | CPU : SSE3 = 1 | SSSE3 = 1 | AVX = 1 | AVX2 = 1 | F16C = 1 | FMA = 1 | BMI2 = 1 | LLAMAFILE = 1 | OPENMP = 1 | REPACK = 1 | 
0.05.389.980 I kl_divergence: computing over 4 chunks, n_ctx=32768, batch_size=2048, n_seq=1
0.27.621.017 I kl_divergence: 22.23 seconds per pass - ETA 1.47 minutes

chunk             PPL               ln(PPL(Q)/PPL(base))          KL Divergence              Δp RMS            Same top p        Same sampled p
   1       8.8288 ±    0.1688      -0.00060 ±    0.00076       0.00336 ±    0.00037     1.607 ±  0.153 %    97.149 ±  0.130 %    40.240 ±  0.259 %
   2       8.5548 ±    0.1171       0.01112 ±    0.00087       0.00941 ±    0.00024     2.551 ±  0.067 %    95.904 ±  0.109 %    41.496 ±  0.187 %
   3       9.1802 ±    0.1043       0.00599 ±    0.00067       0.00816 ±    0.00023     2.340 ±  0.059 %    96.159 ±  0.087 %    40.272 ±  0.151 %
   4       8.9246 ±    0.0873       0.00453 ±    0.00053       0.00686 ±    0.00018     2.160 ±  0.049 %    96.403 ±  0.073 %    40.731 ±  0.131 %

====== Perplexity statistics ======
Mean PPL(Q)                   :   8.924606 ±   0.087339
Mean PPL(base)                :   8.884264 ±   0.086744
Cor(ln(PPL(Q)), ln(PPL(base))):  99.85%
Mean ln(PPL(Q)/PPL(base))     :   0.004531 ±   0.000533
Mean PPL(Q)/PPL(base)         :   1.004541 ±   0.000535
Mean PPL(Q)-PPL(base)         :   0.040342 ±   0.004775

====== KL divergence statistics ======
Mean    KLD:   0.006859 ±   0.000175
Maximum KLD:   5.909665
99.9%   KLD:   0.341090
99.0%   KLD:   0.075227
95.0%   KLD:   0.022948
90.0%   KLD:   0.012532
Median  KLD:   0.002150
10.0%   KLD:   0.000134
 5.0%   KLD:   0.000032
 1.0%   KLD:   0.000002
 0.1%   KLD:  -0.000014
Minimum KLD:  -0.000101

====== Token probability statistics ======
Mean    Δp: -0.052 ± 0.008 %
Maximum Δp: 86.232%
99.9%   Δp: 14.626%
99.0%   Δp:  5.407%
95.0%   Δp:  2.277%
90.0%   Δp:  1.327%
75.0%   Δp:  0.308%
Median  Δp: -0.000%
25.0%   Δp: -0.316%
10.0%   Δp: -1.417%
 5.0%   Δp: -2.520%
 1.0%   Δp: -6.706%
 0.1%   Δp: -18.043%
Minimum Δp: -48.460%
RMS Δp    :  2.160 ± 0.049 %
Same top p: 96.403 ± 0.073 %
Same sampled p: 40.731 ± 0.131 %

------------------------------
# llama-perplexity: version: 0.4.7-dev (build 11841, commit 6dc2680b4-dirty) | built with GNU 15.3.0 for Linux x86_64
# model: /home/crusaderky/.cache/huggingface/hub/models--NANI-Nithin--K2-Horizon-7B-GGUF/snapshots/8d64828ce5da51636fcdfa8e7d17503d045849b1/K2-Horizon-7B-Q8_0.gguf size=9573964160 mtime=2026-09-17T22:42:22+00:00 sha256/1048576B=d7dce92bee664b7e7e3dde849c68ebe3ccef682636ca03eedb3da6ebc9ad4780
llama-perplexity --kl-divergence-base /tmp/logits.dat --ctx-size 32768 -f sample-data/wiki.test.head-2.4k.raw -fa on --hf-repo NANI-Nithin/K2-Horizon-7B-GGUF:Q8_0 --cache-type-k q5_1 --cache-type-v q4_1 --kl-divergence
0.01.557.930 W load: special_eos_id is not in special_eog_ids - the tokenizer config may be incorrect
0.03.897.509 I cmn          init: llama threadpool init, n_threads = 16
0.03.953.241 I 
0.03.953.315 I system_info: n_threads = 16 (n_threads_batch = 16) / 32 | CUDA : ARCHS = 750,800,860,890,900,1000,1030,1200,1210 | USE_GRAPHS = 1 | FA_ALL_QUANTS = 1 | CPU : SSE3 = 1 | SSSE3 = 1 | AVX = 1 | AVX2 = 1 | F16C = 1 | FMA = 1 | BMI2 = 1 | LLAMAFILE = 1 | OPENMP = 1 | REPACK = 1 | 
0.04.512.249 I kl_divergence: computing over 4 chunks, n_ctx=32768, batch_size=2048, n_seq=1
0.25.713.387 I kl_divergence: 21.20 seconds per pass - ETA 1.40 minutes

chunk             PPL               ln(PPL(Q)/PPL(base))          KL Divergence              Δp RMS            Same top p        Same sampled p
   1       8.8335 ±    0.1686      -0.00007 ±    0.00114       0.00776 ±    0.00018     2.271 ±  0.075 %    95.691 ±  0.159 %    40.158 ±  0.259 %
   2       8.3026 ±    0.1134      -0.01880 ±    0.00199       0.05226 ±    0.00105     5.880 ±  0.111 %    91.555 ±  0.154 %    41.510 ±  0.188 %
   3       8.9962 ±    0.1021      -0.01425 ±    0.00143       0.03966 ±    0.00074     5.121 ±  0.091 %    92.523 ±  0.119 %    40.246 ±  0.151 %
   4       8.8046 ±    0.0861      -0.00901 ±    0.00115       0.03385 ±    0.00056     4.735 ±  0.075 %    92.822 ±  0.101 %    40.678 ±  0.131 %

====== Perplexity statistics ======
Mean PPL(Q)                   :   8.804553 ±   0.086107
Mean PPL(base)                :   8.884264 ±   0.086744
Cor(ln(PPL(Q)), ln(PPL(base))):  99.31%
Mean ln(PPL(Q)/PPL(base))     :  -0.009013 ±   0.001150
Mean PPL(Q)/PPL(base)         :   0.991028 ±   0.001140
Mean PPL(Q)-PPL(base)         :  -0.079710 ±   0.010191

====== KL divergence statistics ======
Mean    KLD:   0.033847 ±   0.000560
Maximum KLD:   8.574018
99.9%   KLD:   1.947132
99.0%   KLD:   0.420151
95.0%   KLD:   0.127682
90.0%   KLD:   0.067127
Median  KLD:   0.007287
10.0%   KLD:   0.000492
 5.0%   KLD:   0.000128
 1.0%   KLD:   0.000010
 0.1%   KLD:  -0.000004
Minimum KLD:  -0.000120

====== Token probability statistics ======
Mean    Δp:  0.266 ± 0.018 %
Maximum Δp: 94.230%
99.9%   Δp: 47.545%
99.0%   Δp: 15.643%
95.0%   Δp:  5.478%
90.0%   Δp:  2.954%
75.0%   Δp:  0.695%
Median  Δp:  0.001%
25.0%   Δp: -0.491%
10.0%   Δp: -2.370%
 5.0%   Δp: -4.408%
 1.0%   Δp: -12.044%
 0.1%   Δp: -31.936%
Minimum Δp: -92.955%
RMS Δp    :  4.735 ± 0.075 %
Same top p: 92.822 ± 0.101 %
Same sampled p: 40.678 ± 0.131 %

------------------------------
# llama-perplexity: version: 0.4.7-dev (build 11841, commit 6dc2680b4-dirty) | built with GNU 15.3.0 for Linux x86_64
# model: /home/crusaderky/.cache/huggingface/hub/models--NANI-Nithin--K2-Horizon-7B-GGUF/snapshots/8d64828ce5da51636fcdfa8e7d17503d045849b1/K2-Horizon-7B-Q8_0.gguf size=9573964160 mtime=2026-09-17T22:42:22+00:00 sha256/1048576B=d7dce92bee664b7e7e3dde849c68ebe3ccef682636ca03eedb3da6ebc9ad4780
llama-perplexity --kl-divergence-base /tmp/logits.dat --ctx-size 32768 -f sample-data/wiki.test.head-2.4k.raw -fa on --hf-repo NANI-Nithin/K2-Horizon-7B-GGUF:Q8_0 --cache-type-k q5_1 --cache-type-v q4_1 --kv-tail-tokens 128 --kl-divergence
0.02.587.576 W load: special_eos_id is not in special_eog_ids - the tokenizer config may be incorrect
0.04.891.098 I cmn          init: llama threadpool init, n_threads = 16
0.04.952.902 I 
0.04.952.968 I system_info: n_threads = 16 (n_threads_batch = 16) / 32 | CUDA : ARCHS = 750,800,860,890,900,1000,1030,1200,1210 | USE_GRAPHS = 1 | FA_ALL_QUANTS = 1 | CPU : SSE3 = 1 | SSSE3 = 1 | AVX = 1 | AVX2 = 1 | F16C = 1 | FMA = 1 | BMI2 = 1 | LLAMAFILE = 1 | OPENMP = 1 | REPACK = 1 | 
0.05.487.214 I kl_divergence: computing over 4 chunks, n_ctx=32768, batch_size=2048, n_seq=1
0.27.679.771 I kl_divergence: 22.19 seconds per pass - ETA 1.47 minutes

chunk             PPL               ln(PPL(Q)/PPL(base))          KL Divergence              Δp RMS            Same top p        Same sampled p
   1       8.8161 ±    0.1684      -0.00204 ±    0.00082       0.00427 ±    0.00060     1.737 ±  0.161 %    97.046 ±  0.132 %    40.255 ±  0.259 %
   2       8.5568 ±    0.1171       0.01135 ±    0.00091       0.01044 ±    0.00035     2.637 ±  0.069 %    95.758 ±  0.111 %    41.516 ±  0.187 %
   3       9.1813 ±    0.1043       0.00611 ±    0.00070       0.00917 ±    0.00030     2.500 ±  0.073 %    95.994 ±  0.088 %    40.282 ±  0.151 %
   4       8.9222 ±    0.0873       0.00426 ±    0.00056       0.00781 ±    0.00023     2.322 ±  0.060 %    96.219 ±  0.075 %    40.744 ±  0.131 %

====== Perplexity statistics ======
Mean PPL(Q)                   :   8.922188 ±   0.087329
Mean PPL(base)                :   8.884264 ±   0.086744
Cor(ln(PPL(Q)), ln(PPL(base))):  99.84%
Mean ln(PPL(Q)/PPL(base))     :   0.004260 ±   0.000560
Mean PPL(Q)/PPL(base)         :   1.004269 ±   0.000563
Mean PPL(Q)-PPL(base)         :   0.037924 ±   0.005020

====== KL divergence statistics ======
Mean    KLD:   0.007809 ±   0.000228
Maximum KLD:   9.657093
99.9%   KLD:   0.394738
99.0%   KLD:   0.084197
95.0%   KLD:   0.025487
90.0%   KLD:   0.013891
Median  KLD:   0.002410
10.0%   KLD:   0.000149
 5.0%   KLD:   0.000036
 1.0%   KLD:   0.000002
 0.1%   KLD:  -0.000011
Minimum KLD:  -0.000120

====== Token probability statistics ======
Mean    Δp: -0.029 ± 0.009 %
Maximum Δp: 93.085%
99.9%   Δp: 15.044%
99.0%   Δp:  5.727%
95.0%   Δp:  2.443%
90.0%   Δp:  1.454%
75.0%   Δp:  0.354%
Median  Δp:  0.000%
25.0%   Δp: -0.309%
10.0%   Δp: -1.437%
 5.0%   Δp: -2.658%
 1.0%   Δp: -6.922%
 0.1%   Δp: -19.402%
Minimum Δp: -91.141%
RMS Δp    :  2.322 ± 0.060 %
Same top p: 96.219 ± 0.075 %
Same sampled p: 40.744 ± 0.131 %

------------------------------
# llama-perplexity: version: 0.4.7-dev (build 11841, commit 6dc2680b4-dirty) | built with GNU 15.3.0 for Linux x86_64
# model: /home/crusaderky/.cache/huggingface/hub/models--NANI-Nithin--K2-Horizon-7B-GGUF/snapshots/8d64828ce5da51636fcdfa8e7d17503d045849b1/K2-Horizon-7B-Q8_0.gguf size=9573964160 mtime=2026-09-17T22:42:22+00:00 sha256/1048576B=d7dce92bee664b7e7e3dde849c68ebe3ccef682636ca03eedb3da6ebc9ad4780
llama-perplexity --kl-divergence-base /tmp/logits.dat --ctx-size 32768 -f sample-data/wiki.test.head-2.4k.raw -fa on --hf-repo NANI-Nithin/K2-Horizon-7B-GGUF:Q8_0 --cache-type-k q5_1 --cache-type-v q4_0 --kl-divergence
0.01.559.555 W load: special_eos_id is not in special_eog_ids - the tokenizer config may be incorrect
0.03.900.861 I cmn          init: llama threadpool init, n_threads = 16
0.03.955.457 I 
0.03.955.531 I system_info: n_threads = 16 (n_threads_batch = 16) / 32 | CUDA : ARCHS = 750,800,860,890,900,1000,1030,1200,1210 | USE_GRAPHS = 1 | FA_ALL_QUANTS = 1 | CPU : SSE3 = 1 | SSSE3 = 1 | AVX = 1 | AVX2 = 1 | F16C = 1 | FMA = 1 | BMI2 = 1 | LLAMAFILE = 1 | OPENMP = 1 | REPACK = 1 | 
0.04.519.206 I kl_divergence: computing over 4 chunks, n_ctx=32768, batch_size=2048, n_seq=1
0.25.685.841 I kl_divergence: 21.17 seconds per pass - ETA 1.40 minutes

chunk             PPL               ln(PPL(Q)/PPL(base))          KL Divergence              Δp RMS            Same top p        Same sampled p
   1       8.8247 ±    0.1683      -0.00106 ±    0.00113       0.00827 ±    0.00026     2.329 ±  0.095 %    95.361 ±  0.164 %    40.139 ±  0.259 %
   2       8.2944 ±    0.1131      -0.01979 ±    0.00197       0.05236 ±    0.00104     5.912 ±  0.112 %    91.378 ±  0.155 %    41.501 ±  0.188 %
   3       8.9904 ±    0.1019      -0.01490 ±    0.00141       0.03952 ±    0.00072     5.104 ±  0.089 %    92.417 ±  0.119 %    40.229 ±  0.151 %
   4       8.7880 ±    0.0858      -0.01089 ±    0.00110       0.03181 ±    0.00055     4.600 ±  0.075 %    93.153 ±  0.099 %    40.675 ±  0.131 %

====== Perplexity statistics ======
Mean PPL(Q)                   :   8.788049 ±   0.085829
Mean PPL(base)                :   8.884264 ±   0.086744
Cor(ln(PPL(Q)), ln(PPL(base))):  99.37%
Mean ln(PPL(Q)/PPL(base))     :  -0.010889 ±   0.001096
Mean PPL(Q)/PPL(base)         :   0.989170 ±   0.001085
Mean PPL(Q)-PPL(base)         :  -0.096214 ±   0.009731

====== KL divergence statistics ======
Mean    KLD:   0.031811 ±   0.000547
Maximum KLD:   8.578559
99.9%   KLD:   1.812213
99.0%   KLD:   0.417440
95.0%   KLD:   0.122999
90.0%   KLD:   0.063182
Median  KLD:   0.006228
10.0%   KLD:   0.000423
 5.0%   KLD:   0.000111
 1.0%   KLD:   0.000009
 0.1%   KLD:  -0.000005
Minimum KLD:  -0.000068

====== Token probability statistics ======
Mean    Δp:  0.263 ± 0.018 %
Maximum Δp: 93.926%
99.9%   Δp: 48.231%
99.0%   Δp: 15.480%
95.0%   Δp:  5.150%
90.0%   Δp:  2.737%
75.0%   Δp:  0.639%
Median  Δp:  0.001%
25.0%   Δp: -0.461%
10.0%   Δp: -2.235%
 5.0%   Δp: -4.080%
 1.0%   Δp: -11.126%
 0.1%   Δp: -30.826%
Minimum Δp: -79.277%
RMS Δp    :  4.600 ± 0.075 %
Same top p: 93.153 ± 0.099 %
Same sampled p: 40.675 ± 0.131 %

------------------------------
# llama-perplexity: version: 0.4.7-dev (build 11841, commit 6dc2680b4-dirty) | built with GNU 15.3.0 for Linux x86_64
# model: /home/crusaderky/.cache/huggingface/hub/models--NANI-Nithin--K2-Horizon-7B-GGUF/snapshots/8d64828ce5da51636fcdfa8e7d17503d045849b1/K2-Horizon-7B-Q8_0.gguf size=9573964160 mtime=2026-09-17T22:42:22+00:00 sha256/1048576B=d7dce92bee664b7e7e3dde849c68ebe3ccef682636ca03eedb3da6ebc9ad4780
llama-perplexity --kl-divergence-base /tmp/logits.dat --ctx-size 32768 -f sample-data/wiki.test.head-2.4k.raw -fa on --hf-repo NANI-Nithin/K2-Horizon-7B-GGUF:Q8_0 --cache-type-k q5_1 --cache-type-v q4_0 --kv-tail-tokens 128 --kl-divergence
0.02.385.375 W load: special_eos_id is not in special_eog_ids - the tokenizer config may be incorrect
0.04.640.418 I cmn          init: llama threadpool init, n_threads = 16
0.04.699.569 I 
0.04.699.638 I system_info: n_threads = 16 (n_threads_batch = 16) / 32 | CUDA : ARCHS = 750,800,860,890,900,1000,1030,1200,1210 | USE_GRAPHS = 1 | FA_ALL_QUANTS = 1 | CPU : SSE3 = 1 | SSSE3 = 1 | AVX = 1 | AVX2 = 1 | F16C = 1 | FMA = 1 | BMI2 = 1 | LLAMAFILE = 1 | OPENMP = 1 | REPACK = 1 | 
0.05.236.138 I kl_divergence: computing over 4 chunks, n_ctx=32768, batch_size=2048, n_seq=1
0.27.435.698 I kl_divergence: 22.20 seconds per pass - ETA 1.47 minutes

chunk             PPL               ln(PPL(Q)/PPL(base))          KL Divergence              Δp RMS            Same top p        Same sampled p
   1       8.8211 ±    0.1685      -0.00147 ±    0.00074       0.00323 ±    0.00014     1.445 ±  0.052 %    97.137 ±  0.130 %    40.250 ±  0.259 %
   2       8.5409 ±    0.1168       0.00950 ±    0.00081       0.00823 ±    0.00016     2.333 ±  0.045 %    96.097 ±  0.107 %    41.545 ±  0.187 %
   3       9.1701 ±    0.1042       0.00488 ±    0.00064       0.00753 ±    0.00020     2.244 ±  0.058 %    96.212 ±  0.086 %    40.302 ±  0.151 %
   4       8.9152 ±    0.0872       0.00348 ±    0.00052       0.00646 ±    0.00015     2.091 ±  0.048 %    96.414 ±  0.073 %    40.751 ±  0.131 %

====== Perplexity statistics ======
Mean PPL(Q)                   :   8.915200 ±   0.087220
Mean PPL(base)                :   8.884264 ±   0.086744
Cor(ln(PPL(Q)), ln(PPL(base))):  99.86%
Mean ln(PPL(Q)/PPL(base))     :   0.003476 ±   0.000516
Mean PPL(Q)/PPL(base)         :   1.003482 ±   0.000517
Mean PPL(Q)-PPL(base)         :   0.030936 ±   0.004610

====== KL divergence statistics ======
Mean    KLD:   0.006457 ±   0.000154
Maximum KLD:   4.722028
99.9%   KLD:   0.286069
99.0%   KLD:   0.069043
95.0%   KLD:   0.021001
90.0%   KLD:   0.011727
Median  KLD:   0.002227
10.0%   KLD:   0.000138
 5.0%   KLD:   0.000035
 1.0%   KLD:   0.000002
 0.1%   KLD:  -0.000009
Minimum KLD:  -0.000118

====== Token probability statistics ======
Mean    Δp: -0.027 ± 0.008 %
Maximum Δp: 78.933%
99.9%   Δp: 14.623%
99.0%   Δp:  5.347%
95.0%   Δp:  2.361%
90.0%   Δp:  1.368%
75.0%   Δp:  0.316%
Median  Δp: -0.000%
25.0%   Δp: -0.314%
10.0%   Δp: -1.392%
 5.0%   Δp: -2.463%
 1.0%   Δp: -6.224%
 0.1%   Δp: -16.589%
Minimum Δp: -78.433%
RMS Δp    :  2.091 ± 0.048 %
Same top p: 96.414 ± 0.073 %
Same sampled p: 40.751 ± 0.131 %

------------------------------
# llama-perplexity: version: 0.4.7-dev (build 11841, commit 6dc2680b4-dirty) | built with GNU 15.3.0 for Linux x86_64
# model: /home/crusaderky/.cache/huggingface/hub/models--NANI-Nithin--K2-Horizon-7B-GGUF/snapshots/8d64828ce5da51636fcdfa8e7d17503d045849b1/K2-Horizon-7B-Q8_0.gguf size=9573964160 mtime=2026-09-17T22:42:22+00:00 sha256/1048576B=d7dce92bee664b7e7e3dde849c68ebe3ccef682636ca03eedb3da6ebc9ad4780
llama-perplexity --kl-divergence-base /tmp/logits.dat --ctx-size 32768 -f sample-data/wiki.test.head-2.4k.raw -fa on --hf-repo NANI-Nithin/K2-Horizon-7B-GGUF:Q8_0 --cache-type-k q5_1 --cache-type-v q3_1 --kl-divergence
0.01.542.070 W load: special_eos_id is not in special_eog_ids - the tokenizer config may be incorrect
0.03.859.693 I cmn          init: llama threadpool init, n_threads = 16
0.03.913.659 I 
0.03.913.730 I system_info: n_threads = 16 (n_threads_batch = 16) / 32 | CUDA : ARCHS = 750,800,860,890,900,1000,1030,1200,1210 | USE_GRAPHS = 1 | FA_ALL_QUANTS = 1 | CPU : SSE3 = 1 | SSSE3 = 1 | AVX = 1 | AVX2 = 1 | F16C = 1 | FMA = 1 | BMI2 = 1 | LLAMAFILE = 1 | OPENMP = 1 | REPACK = 1 | 
0.04.457.679 I kl_divergence: computing over 4 chunks, n_ctx=32768, batch_size=2048, n_seq=1
0.25.693.889 I kl_divergence: 21.24 seconds per pass - ETA 1.40 minutes

chunk             PPL               ln(PPL(Q)/PPL(base))          KL Divergence              Δp RMS            Same top p        Same sampled p
   1       8.8753 ±    0.1696       0.00466 ±    0.00147       0.01465 ±    0.00057     3.109 ±  0.119 %    94.201 ±  0.183 %    40.015 ±  0.259 %
   2       8.3533 ±    0.1141      -0.01271 ±    0.00210       0.05745 ±    0.00108     6.172 ±  0.114 %    90.637 ±  0.161 %    41.363 ±  0.188 %
   3       9.0473 ±    0.1027      -0.00859 ±    0.00153       0.04547 ±    0.00077     5.464 ±  0.091 %    91.564 ±  0.125 %    40.091 ±  0.151 %
   4       8.8649 ±    0.0867      -0.00219 ±    0.00125       0.04066 ±    0.00059     5.145 ±  0.075 %    91.674 ±  0.108 %    40.487 ±  0.131 %

====== Perplexity statistics ======
Mean PPL(Q)                   :   8.864865 ±   0.086703
Mean PPL(base)                :   8.884264 ±   0.086744
Cor(ln(PPL(Q)), ln(PPL(base))):  99.18%
Mean ln(PPL(Q)/PPL(base))     :  -0.002186 ±   0.001254
Mean PPL(Q)/PPL(base)         :   0.997816 ±   0.001252
Mean PPL(Q)-PPL(base)         :  -0.019399 ±   0.011131

====== KL divergence statistics ======
Mean    KLD:   0.040657 ±   0.000586
Maximum KLD:   9.030556
99.9%   KLD:   2.148286
99.0%   KLD:   0.457106
95.0%   KLD:   0.146044
90.0%   KLD:   0.083285
Median  KLD:   0.012270
10.0%   KLD:   0.000806
 5.0%   KLD:   0.000203
 1.0%   KLD:   0.000021
 0.1%   KLD:   0.000001
Minimum KLD:  -0.000040

====== Token probability statistics ======
Mean    Δp:  0.073 ± 0.020 %
Maximum Δp: 93.562%
99.9%   Δp: 47.764%
99.0%   Δp: 16.234%
95.0%   Δp:  5.910%
90.0%   Δp:  3.237%
75.0%   Δp:  0.726%
Median  Δp: -0.000%
25.0%   Δp: -0.749%
10.0%   Δp: -3.306%
 5.0%   Δp: -5.850%
 1.0%   Δp: -13.983%
 0.1%   Δp: -35.651%
Minimum Δp: -95.198%
RMS Δp    :  5.145 ± 0.075 %
Same top p: 91.674 ± 0.108 %
Same sampled p: 40.487 ± 0.131 %

------------------------------
# llama-perplexity: version: 0.4.7-dev (build 11841, commit 6dc2680b4-dirty) | built with GNU 15.3.0 for Linux x86_64
# model: /home/crusaderky/.cache/huggingface/hub/models--NANI-Nithin--K2-Horizon-7B-GGUF/snapshots/8d64828ce5da51636fcdfa8e7d17503d045849b1/K2-Horizon-7B-Q8_0.gguf size=9573964160 mtime=2026-09-17T22:42:22+00:00 sha256/1048576B=d7dce92bee664b7e7e3dde849c68ebe3ccef682636ca03eedb3da6ebc9ad4780
llama-perplexity --kl-divergence-base /tmp/logits.dat --ctx-size 32768 -f sample-data/wiki.test.head-2.4k.raw -fa on --hf-repo NANI-Nithin/K2-Horizon-7B-GGUF:Q8_0 --cache-type-k q5_1 --cache-type-v q3_1 --kv-tail-tokens 128 --kl-divergence
0.02.422.570 W load: special_eos_id is not in special_eog_ids - the tokenizer config may be incorrect
0.04.714.991 I cmn          init: llama threadpool init, n_threads = 16
0.04.776.657 I 
0.04.776.718 I system_info: n_threads = 16 (n_threads_batch = 16) / 32 | CUDA : ARCHS = 750,800,860,890,900,1000,1030,1200,1210 | USE_GRAPHS = 1 | FA_ALL_QUANTS = 1 | CPU : SSE3 = 1 | SSSE3 = 1 | AVX = 1 | AVX2 = 1 | F16C = 1 | FMA = 1 | BMI2 = 1 | LLAMAFILE = 1 | OPENMP = 1 | REPACK = 1 | 
0.05.322.033 I kl_divergence: computing over 4 chunks, n_ctx=32768, batch_size=2048, n_seq=1
0.27.561.429 I kl_divergence: 22.24 seconds per pass - ETA 1.47 minutes

chunk             PPL               ln(PPL(Q)/PPL(base))          KL Divergence              Δp RMS            Same top p        Same sampled p
   1       8.8278 ±    0.1686      -0.00071 ±    0.00092       0.00550 ±    0.00059     1.949 ±  0.154 %    96.399 ±  0.146 %    40.205 ±  0.259 %
   2       8.6389 ±    0.1184       0.02090 ±    0.00120       0.01794 ±    0.00040     3.481 ±  0.074 %    94.317 ±  0.128 %    41.368 ±  0.187 %
   3       9.2444 ±    0.1051       0.01295 ±    0.00090       0.01479 ±    0.00034     3.154 ±  0.069 %    94.875 ±  0.099 %    40.172 ±  0.151 %
   4       8.9719 ±    0.0879       0.00982 ±    0.00071       0.01240 ±    0.00026     2.914 ±  0.059 %    95.218 ±  0.083 %    40.648 ±  0.131 %

====== Perplexity statistics ======
Mean PPL(Q)                   :   8.971913 ±   0.087852
Mean PPL(base)                :   8.884264 ±   0.086744
Cor(ln(PPL(Q)), ln(PPL(base))):  99.74%
Mean ln(PPL(Q)/PPL(base))     :   0.009817 ±   0.000709
Mean PPL(Q)/PPL(base)         :   1.009866 ±   0.000716
Mean PPL(Q)-PPL(base)         :   0.087649 ±   0.006424

====== KL divergence statistics ======
Mean    KLD:   0.012398 ±   0.000257
Maximum KLD:   9.216009
99.9%   KLD:   0.596856
99.0%   KLD:   0.146309
95.0%   KLD:   0.045213
90.0%   KLD:   0.024108
Median  KLD:   0.003486
10.0%   KLD:   0.000228
 5.0%   KLD:   0.000057
 1.0%   KLD:   0.000004
 0.1%   KLD:  -0.000006
Minimum KLD:  -0.000081

====== Token probability statistics ======
Mean    Δp: -0.136 ± 0.011 %
Maximum Δp: 92.625%
99.9%   Δp: 19.738%
99.0%   Δp:  6.944%
95.0%   Δp:  2.834%
90.0%   Δp:  1.615%
75.0%   Δp:  0.358%
Median  Δp: -0.001%
25.0%   Δp: -0.441%
10.0%   Δp: -1.918%
 5.0%   Δp: -3.453%
 1.0%   Δp: -9.422%
 0.1%   Δp: -25.280%
Minimum Δp: -91.874%
RMS Δp    :  2.914 ± 0.059 %
Same top p: 95.218 ± 0.083 %
Same sampled p: 40.648 ± 0.131 %

------------------------------
# llama-perplexity: version: 0.4.7-dev (build 11841, commit 6dc2680b4-dirty) | built with GNU 15.3.0 for Linux x86_64
# model: /home/crusaderky/.cache/huggingface/hub/models--NANI-Nithin--K2-Horizon-7B-GGUF/snapshots/8d64828ce5da51636fcdfa8e7d17503d045849b1/K2-Horizon-7B-Q8_0.gguf size=9573964160 mtime=2026-09-17T22:42:22+00:00 sha256/1048576B=d7dce92bee664b7e7e3dde849c68ebe3ccef682636ca03eedb3da6ebc9ad4780
llama-perplexity --kl-divergence-base /tmp/logits.dat --ctx-size 32768 -f sample-data/wiki.test.head-2.4k.raw -fa on --hf-repo NANI-Nithin/K2-Horizon-7B-GGUF:Q8_0 --cache-type-k q5_1 --cache-type-v q3_0 --kl-divergence
0.01.542.950 W load: special_eos_id is not in special_eog_ids - the tokenizer config may be incorrect
0.03.873.091 I cmn          init: llama threadpool init, n_threads = 16
0.03.926.946 I 
0.03.927.016 I system_info: n_threads = 16 (n_threads_batch = 16) / 32 | CUDA : ARCHS = 750,800,860,890,900,1000,1030,1200,1210 | USE_GRAPHS = 1 | FA_ALL_QUANTS = 1 | CPU : SSE3 = 1 | SSSE3 = 1 | AVX = 1 | AVX2 = 1 | F16C = 1 | FMA = 1 | BMI2 = 1 | LLAMAFILE = 1 | OPENMP = 1 | REPACK = 1 | 
0.04.489.317 I kl_divergence: computing over 4 chunks, n_ctx=32768, batch_size=2048, n_seq=1
0.25.811.679 I kl_divergence: 21.32 seconds per pass - ETA 1.42 minutes

chunk             PPL               ln(PPL(Q)/PPL(base))          KL Divergence              Δp RMS            Same top p        Same sampled p
   1       8.8813 ±    0.1691       0.00532 ±    0.00155       0.01550 ±    0.00046     3.205 ±  0.102 %    93.524 ±  0.192 %    39.893 ±  0.259 %
   2       8.3363 ±    0.1135      -0.01476 ±    0.00214       0.05849 ±    0.00110     6.241 ±  0.114 %    90.151 ±  0.165 %    41.264 ±  0.188 %
   3       9.0357 ±    0.1022      -0.00988 ±    0.00157       0.04652 ±    0.00079     5.531 ±  0.092 %    91.166 ±  0.128 %    39.989 ±  0.151 %
   4       8.8417 ±    0.0862      -0.00481 ±    0.00124       0.03911 ±    0.00060     5.086 ±  0.076 %    91.812 ±  0.107 %    40.420 ±  0.131 %

====== Perplexity statistics ======
Mean PPL(Q)                   :   8.841658 ±   0.086207
Mean PPL(base)                :   8.884264 ±   0.086744
Cor(ln(PPL(Q)), ln(PPL(base))):  99.19%
Mean ln(PPL(Q)/PPL(base))     :  -0.004807 ±   0.001244
Mean PPL(Q)/PPL(base)         :   0.995204 ±   0.001238
Mean PPL(Q)-PPL(base)         :  -0.042605 ±   0.011034

====== KL divergence statistics ======
Mean    KLD:   0.039108 ±   0.000596
Maximum KLD:   8.632565
99.9%   KLD:   2.075849
99.0%   KLD:   0.433244
95.0%   KLD:   0.139191
90.0%   KLD:   0.076950
Median  KLD:   0.011668
10.0%   KLD:   0.000831
 5.0%   KLD:   0.000211
 1.0%   KLD:   0.000023
 0.1%   KLD:   0.000001
Minimum KLD:  -0.000053

====== Token probability statistics ======
Mean    Δp:  0.018 ± 0.020 %
Maximum Δp: 96.507%
99.9%   Δp: 48.584%
99.0%   Δp: 16.141%
95.0%   Δp:  5.750%
90.0%   Δp:  3.056%
75.0%   Δp:  0.619%
Median  Δp: -0.002%
25.0%   Δp: -0.830%
10.0%   Δp: -3.270%
 5.0%   Δp: -5.697%
 1.0%   Δp: -13.837%
 0.1%   Δp: -35.094%
Minimum Δp: -98.418%
RMS Δp    :  5.086 ± 0.076 %
Same top p: 91.812 ± 0.107 %
Same sampled p: 40.420 ± 0.131 %

------------------------------
# llama-perplexity: version: 0.4.7-dev (build 11841, commit 6dc2680b4-dirty) | built with GNU 15.3.0 for Linux x86_64
# model: /home/crusaderky/.cache/huggingface/hub/models--NANI-Nithin--K2-Horizon-7B-GGUF/snapshots/8d64828ce5da51636fcdfa8e7d17503d045849b1/K2-Horizon-7B-Q8_0.gguf size=9573964160 mtime=2026-09-17T22:42:22+00:00 sha256/1048576B=d7dce92bee664b7e7e3dde849c68ebe3ccef682636ca03eedb3da6ebc9ad4780
llama-perplexity --kl-divergence-base /tmp/logits.dat --ctx-size 32768 -f sample-data/wiki.test.head-2.4k.raw -fa on --hf-repo NANI-Nithin/K2-Horizon-7B-GGUF:Q8_0 --cache-type-k q5_1 --cache-type-v q3_0 --kv-tail-tokens 128 --kl-divergence
0.02.412.504 W load: special_eos_id is not in special_eog_ids - the tokenizer config may be incorrect
0.04.702.513 I cmn          init: llama threadpool init, n_threads = 16
0.04.763.541 I 
0.04.763.605 I system_info: n_threads = 16 (n_threads_batch = 16) / 32 | CUDA : ARCHS = 750,800,860,890,900,1000,1030,1200,1210 | USE_GRAPHS = 1 | FA_ALL_QUANTS = 1 | CPU : SSE3 = 1 | SSSE3 = 1 | AVX = 1 | AVX2 = 1 | F16C = 1 | FMA = 1 | BMI2 = 1 | LLAMAFILE = 1 | OPENMP = 1 | REPACK = 1 | 
0.05.304.611 I kl_divergence: computing over 4 chunks, n_ctx=32768, batch_size=2048, n_seq=1
0.27.512.215 I kl_divergence: 22.21 seconds per pass - ETA 1.47 minutes

chunk             PPL               ln(PPL(Q)/PPL(base))          KL Divergence              Δp RMS            Same top p        Same sampled p
   1       8.8354 ±    0.1685       0.00015 ±    0.00090       0.00510 ±    0.00040     1.985 ±  0.149 %    96.667 ±  0.140 %    40.101 ±  0.259 %
   2       8.4947 ±    0.1158       0.00407 ±    0.00083       0.00906 ±    0.00024     2.552 ±  0.078 %    95.959 ±  0.109 %    41.457 ±  0.187 %
   3       9.1357 ±    0.1035       0.00113 ±    0.00070       0.00897 ±    0.00027     2.535 ±  0.081 %    95.943 ±  0.089 %    40.211 ±  0.151 %
   4       8.8951 ±    0.0868       0.00121 ±    0.00057       0.00797 ±    0.00021     2.387 ±  0.066 %    96.046 ±  0.076 %    40.659 ±  0.131 %

====== Perplexity statistics ======
Mean PPL(Q)                   :   8.895062 ±   0.086829
Mean PPL(base)                :   8.884264 ±   0.086744
Cor(ln(PPL(Q)), ln(PPL(base))):  99.83%
Mean ln(PPL(Q)/PPL(base))     :   0.001215 ±   0.000569
Mean PPL(Q)/PPL(base)         :   1.001215 ±   0.000570
Mean PPL(Q)-PPL(base)         :   0.010798 ±   0.005062

====== KL divergence statistics ======
Mean    KLD:   0.007973 ±   0.000206
Maximum KLD:   5.428524
99.9%   KLD:   0.334260
99.0%   KLD:   0.074933
95.0%   KLD:   0.024803
90.0%   KLD:   0.014383
Median  KLD:   0.003134
10.0%   KLD:   0.000212
 5.0%   KLD:   0.000056
 1.0%   KLD:   0.000005
 0.1%   KLD:  -0.000006
Minimum KLD:  -0.000063

====== Token probability statistics ======
Mean    Δp: -0.087 ± 0.009 %
Maximum Δp: 87.989%
99.9%   Δp: 16.425%
99.0%   Δp:  6.144%
95.0%   Δp:  2.499%
90.0%   Δp:  1.429%
75.0%   Δp:  0.302%
Median  Δp: -0.002%
25.0%   Δp: -0.438%
10.0%   Δp: -1.741%
 5.0%   Δp: -2.910%
 1.0%   Δp: -6.707%
 0.1%   Δp: -17.048%
Minimum Δp: -93.016%
RMS Δp    :  2.387 ± 0.066 %
Same top p: 96.046 ± 0.076 %
Same sampled p: 40.659 ± 0.131 %

------------------------------
# llama-perplexity: version: 0.4.7-dev (build 11841, commit 6dc2680b4-dirty) | built with GNU 15.3.0 for Linux x86_64
# model: /home/crusaderky/.cache/huggingface/hub/models--NANI-Nithin--K2-Horizon-7B-GGUF/snapshots/8d64828ce5da51636fcdfa8e7d17503d045849b1/K2-Horizon-7B-Q8_0.gguf size=9573964160 mtime=2026-09-17T22:42:22+00:00 sha256/1048576B=d7dce92bee664b7e7e3dde849c68ebe3ccef682636ca03eedb3da6ebc9ad4780
llama-perplexity --kl-divergence-base /tmp/logits.dat --ctx-size 32768 -f sample-data/wiki.test.head-2.4k.raw -fa on --hf-repo NANI-Nithin/K2-Horizon-7B-GGUF:Q8_0 --cache-type-k q5_0 --cache-type-v q5_0 --kl-divergence
0.01.510.826 W load: special_eos_id is not in special_eog_ids - the tokenizer config may be incorrect
0.03.831.971 I cmn          init: llama threadpool init, n_threads = 16
0.03.886.357 I 
0.03.886.430 I system_info: n_threads = 16 (n_threads_batch = 16) / 32 | CUDA : ARCHS = 750,800,860,890,900,1000,1030,1200,1210 | USE_GRAPHS = 1 | FA_ALL_QUANTS = 1 | CPU : SSE3 = 1 | SSSE3 = 1 | AVX = 1 | AVX2 = 1 | F16C = 1 | FMA = 1 | BMI2 = 1 | LLAMAFILE = 1 | OPENMP = 1 | REPACK = 1 | 
0.04.435.418 I kl_divergence: computing over 4 chunks, n_ctx=32768, batch_size=2048, n_seq=1
0.25.677.942 I kl_divergence: 21.24 seconds per pass - ETA 1.40 minutes

chunk             PPL               ln(PPL(Q)/PPL(base))          KL Divergence              Δp RMS            Same top p        Same sampled p
   1       8.8502 ±    0.1691       0.00182 ±    0.00106       0.00745 ±    0.00027     2.216 ±  0.080 %    95.788 ±  0.157 %    40.185 ±  0.259 %
   2       8.5462 ±    0.1184       0.01011 ±    0.00267       0.07058 ±    0.00174     6.527 ±  0.134 %    90.887 ±  0.159 %    41.361 ±  0.188 %
   3       9.3925 ±    0.1080       0.02885 ±    0.00220       0.07917 ±    0.00132     6.924 ±  0.103 %    89.127 ±  0.140 %    39.694 ±  0.151 %
   4       9.0861 ±    0.0897       0.02246 ±    0.00168       0.06148 ±    0.00099     6.115 ±  0.088 %    90.695 ±  0.113 %    40.268 ±  0.131 %

====== Perplexity statistics ======
Mean PPL(Q)                   :   9.086058 ±   0.089740
Mean PPL(base)                :   8.884264 ±   0.086744
Cor(ln(PPL(Q)), ln(PPL(base))):  98.55%
Mean ln(PPL(Q)/PPL(base))     :   0.022460 ±   0.001676
Mean PPL(Q)/PPL(base)         :   1.022714 ±   0.001714
Mean PPL(Q)-PPL(base)         :   0.201794 ±   0.015317

====== KL divergence statistics ======
Mean    KLD:   0.061482 ±   0.000995
Maximum KLD:  20.735859
99.9%   KLD:   3.284132
99.0%   KLD:   0.790785
95.0%   KLD:   0.230922
90.0%   KLD:   0.130108
Median  KLD:   0.009983
10.0%   KLD:   0.000585
 5.0%   KLD:   0.000147
 1.0%   KLD:   0.000011
 0.1%   KLD:  -0.000002
Minimum KLD:  -0.000095

====== Token probability statistics ======
Mean    Δp: -0.163 ± 0.024 %
Maximum Δp: 97.089%
99.9%   Δp: 49.849%
99.0%   Δp: 17.229%
95.0%   Δp:  6.135%
90.0%   Δp:  3.122%
75.0%   Δp:  0.636%
Median  Δp: -0.002%
25.0%   Δp: -0.793%
10.0%   Δp: -3.635%
 5.0%   Δp: -6.887%
 1.0%   Δp: -18.962%
 0.1%   Δp: -55.205%
Minimum Δp: -99.973%
RMS Δp    :  6.115 ± 0.088 %
Same top p: 90.695 ± 0.113 %
Same sampled p: 40.268 ± 0.131 %

------------------------------
# llama-perplexity: version: 0.4.7-dev (build 11841, commit 6dc2680b4-dirty) | built with GNU 15.3.0 for Linux x86_64
# model: /home/crusaderky/.cache/huggingface/hub/models--NANI-Nithin--K2-Horizon-7B-GGUF/snapshots/8d64828ce5da51636fcdfa8e7d17503d045849b1/K2-Horizon-7B-Q8_0.gguf size=9573964160 mtime=2026-09-17T22:42:22+00:00 sha256/1048576B=d7dce92bee664b7e7e3dde849c68ebe3ccef682636ca03eedb3da6ebc9ad4780
llama-perplexity --kl-divergence-base /tmp/logits.dat --ctx-size 32768 -f sample-data/wiki.test.head-2.4k.raw -fa on --hf-repo NANI-Nithin/K2-Horizon-7B-GGUF:Q8_0 --cache-type-k q5_0 --cache-type-v q5_0 --kv-tail-tokens 128 --kl-divergence
0.02.448.743 W load: special_eos_id is not in special_eog_ids - the tokenizer config may be incorrect
0.04.774.051 I cmn          init: llama threadpool init, n_threads = 16
0.04.834.616 I 
0.04.834.685 I system_info: n_threads = 16 (n_threads_batch = 16) / 32 | CUDA : ARCHS = 750,800,860,890,900,1000,1030,1200,1210 | USE_GRAPHS = 1 | FA_ALL_QUANTS = 1 | CPU : SSE3 = 1 | SSSE3 = 1 | AVX = 1 | AVX2 = 1 | F16C = 1 | FMA = 1 | BMI2 = 1 | LLAMAFILE = 1 | OPENMP = 1 | REPACK = 1 | 
0.05.389.649 I kl_divergence: computing over 4 chunks, n_ctx=32768, batch_size=2048, n_seq=1
0.27.749.753 I kl_divergence: 22.36 seconds per pass - ETA 1.48 minutes

chunk             PPL               ln(PPL(Q)/PPL(base))          KL Divergence              Δp RMS            Same top p        Same sampled p
   1       8.8424 ±    0.1690       0.00094 ±    0.00074       0.00332 ±    0.00029     1.619 ±  0.138 %    96.991 ±  0.133 %    40.228 ±  0.259 %
   2       8.5543 ±    0.1171       0.01106 ±    0.00080       0.00793 ±    0.00020     2.336 ±  0.065 %    96.087 ±  0.107 %    41.544 ±  0.187 %
   3       9.1831 ±    0.1044       0.00631 ±    0.00062       0.00698 ±    0.00018     2.192 ±  0.061 %    96.309 ±  0.085 %    40.311 ±  0.151 %
   4       8.9263 ±    0.0874       0.00472 ±    0.00050       0.00603 ±    0.00014     2.053 ±  0.051 %    96.495 ±  0.072 %    40.759 ±  0.131 %

====== Perplexity statistics ======
Mean PPL(Q)                   :   8.926263 ±   0.087387
Mean PPL(base)                :   8.884264 ±   0.086744
Cor(ln(PPL(Q)), ln(PPL(base))):  99.87%
Mean ln(PPL(Q)/PPL(base))     :   0.004716 ±   0.000498
Mean PPL(Q)/PPL(base)         :   1.004727 ±   0.000500
Mean PPL(Q)-PPL(base)         :   0.041999 ±   0.004474

====== KL divergence statistics ======
Mean    KLD:   0.006032 ±   0.000135
Maximum KLD:   4.523876
99.9%   KLD:   0.321374
99.0%   KLD:   0.062305
95.0%   KLD:   0.019241
90.0%   KLD:   0.010803
Median  KLD:   0.002113
10.0%   KLD:   0.000133
 5.0%   KLD:   0.000034
 1.0%   KLD:   0.000002
 0.1%   KLD:  -0.000011
Minimum KLD:  -0.000055

====== Token probability statistics ======
Mean    Δp: -0.035 ± 0.008 %
Maximum Δp: 80.787%
99.9%   Δp: 14.033%
99.0%   Δp:  5.175%
95.0%   Δp:  2.237%
90.0%   Δp:  1.298%
75.0%   Δp:  0.302%
Median  Δp: -0.000%
25.0%   Δp: -0.305%
10.0%   Δp: -1.360%
 5.0%   Δp: -2.376%
 1.0%   Δp: -6.088%
 0.1%   Δp: -15.908%
Minimum Δp: -52.708%
RMS Δp    :  2.053 ± 0.051 %
Same top p: 96.495 ± 0.072 %
Same sampled p: 40.759 ± 0.131 %

------------------------------
# llama-perplexity: version: 0.4.7-dev (build 11841, commit 6dc2680b4-dirty) | built with GNU 15.3.0 for Linux x86_64
# model: /home/crusaderky/.cache/huggingface/hub/models--NANI-Nithin--K2-Horizon-7B-GGUF/snapshots/8d64828ce5da51636fcdfa8e7d17503d045849b1/K2-Horizon-7B-Q8_0.gguf size=9573964160 mtime=2026-09-17T22:42:22+00:00 sha256/1048576B=d7dce92bee664b7e7e3dde849c68ebe3ccef682636ca03eedb3da6ebc9ad4780
llama-perplexity --kl-divergence-base /tmp/logits.dat --ctx-size 32768 -f sample-data/wiki.test.head-2.4k.raw -fa on --hf-repo NANI-Nithin/K2-Horizon-7B-GGUF:Q8_0 --cache-type-k q5_0 --cache-type-v q4_1 --kl-divergence
0.01.520.628 W load: special_eos_id is not in special_eog_ids - the tokenizer config may be incorrect
0.03.814.019 I cmn          init: llama threadpool init, n_threads = 16
0.03.867.706 I 
0.03.867.770 I system_info: n_threads = 16 (n_threads_batch = 16) / 32 | CUDA : ARCHS = 750,800,860,890,900,1000,1030,1200,1210 | USE_GRAPHS = 1 | FA_ALL_QUANTS = 1 | CPU : SSE3 = 1 | SSSE3 = 1 | AVX = 1 | AVX2 = 1 | F16C = 1 | FMA = 1 | BMI2 = 1 | LLAMAFILE = 1 | OPENMP = 1 | REPACK = 1 | 
0.04.401.334 I kl_divergence: computing over 4 chunks, n_ctx=32768, batch_size=2048, n_seq=1
0.25.762.569 I kl_divergence: 21.36 seconds per pass - ETA 1.42 minutes

chunk             PPL               ln(PPL(Q)/PPL(base))          KL Divergence              Δp RMS            Same top p        Same sampled p
   1       8.8551 ±    0.1691       0.00238 ±    0.00114       0.00830 ±    0.00022     2.395 ±  0.090 %    95.526 ±  0.162 %    40.162 ±  0.259 %
   2       8.6113 ±    0.1179       0.01770 ±    0.00131       0.02069 ±    0.00031     3.909 ±  0.080 %    93.634 ±  0.135 %    41.294 ±  0.187 %
   3       9.1950 ±    0.1044       0.00760 ±    0.00115       0.02447 ±    0.00041     4.095 ±  0.078 %    93.058 ±  0.115 %    40.062 ±  0.151 %
   4       8.9470 ±    0.0875       0.00703 ±    0.00092       0.02096 ±    0.00032     3.792 ±  0.064 %    93.504 ±  0.096 %    40.538 ±  0.131 %

====== Perplexity statistics ======
Mean PPL(Q)                   :   8.946983 ±   0.087480
Mean PPL(base)                :   8.884264 ±   0.086744
Cor(ln(PPL(Q)), ln(PPL(base))):  99.56%
Mean ln(PPL(Q)/PPL(base))     :   0.007035 ±   0.000918
Mean PPL(Q)/PPL(base)         :   1.007060 ±   0.000925
Mean PPL(Q)-PPL(base)         :   0.062719 ±   0.008220

====== KL divergence statistics ======
Mean    KLD:   0.020958 ±   0.000315
Maximum KLD:   7.809311
99.9%   KLD:   0.853646
99.0%   KLD:   0.208031
95.0%   KLD:   0.071918
90.0%   KLD:   0.042562
Median  KLD:   0.007688
10.0%   KLD:   0.000470
 5.0%   KLD:   0.000115
 1.0%   KLD:   0.000011
 0.1%   KLD:  -0.000002
Minimum KLD:  -0.000056

====== Token probability statistics ======
Mean    Δp: -0.146 ± 0.015 %
Maximum Δp: 97.616%
99.9%   Δp: 28.106%
99.0%   Δp:  9.984%
95.0%   Δp:  4.029%
90.0%   Δp:  2.315%
75.0%   Δp:  0.490%
Median  Δp: -0.002%
25.0%   Δp: -0.658%
10.0%   Δp: -2.745%
 5.0%   Δp: -4.772%
 1.0%   Δp: -11.611%
 0.1%   Δp: -30.053%
Minimum Δp: -88.585%
RMS Δp    :  3.792 ± 0.064 %
Same top p: 93.504 ± 0.096 %
Same sampled p: 40.538 ± 0.131 %

------------------------------
# llama-perplexity: version: 0.4.7-dev (build 11841, commit 6dc2680b4-dirty) | built with GNU 15.3.0 for Linux x86_64
# model: /home/crusaderky/.cache/huggingface/hub/models--NANI-Nithin--K2-Horizon-7B-GGUF/snapshots/8d64828ce5da51636fcdfa8e7d17503d045849b1/K2-Horizon-7B-Q8_0.gguf size=9573964160 mtime=2026-09-17T22:42:22+00:00 sha256/1048576B=d7dce92bee664b7e7e3dde849c68ebe3ccef682636ca03eedb3da6ebc9ad4780
llama-perplexity --kl-divergence-base /tmp/logits.dat --ctx-size 32768 -f sample-data/wiki.test.head-2.4k.raw -fa on --hf-repo NANI-Nithin/K2-Horizon-7B-GGUF:Q8_0 --cache-type-k q5_0 --cache-type-v q4_1 --kv-tail-tokens 128 --kl-divergence
0.02.459.547 W load: special_eos_id is not in special_eog_ids - the tokenizer config may be incorrect
0.04.741.845 I cmn          init: llama threadpool init, n_threads = 16
0.04.802.687 I 
0.04.802.752 I system_info: n_threads = 16 (n_threads_batch = 16) / 32 | CUDA : ARCHS = 750,800,860,890,900,1000,1030,1200,1210 | USE_GRAPHS = 1 | FA_ALL_QUANTS = 1 | CPU : SSE3 = 1 | SSSE3 = 1 | AVX = 1 | AVX2 = 1 | F16C = 1 | FMA = 1 | BMI2 = 1 | LLAMAFILE = 1 | OPENMP = 1 | REPACK = 1 | 
0.05.344.326 I kl_divergence: computing over 4 chunks, n_ctx=32768, batch_size=2048, n_seq=1
0.27.524.958 I kl_divergence: 22.18 seconds per pass - ETA 1.47 minutes

chunk             PPL               ln(PPL(Q)/PPL(base))          KL Divergence              Δp RMS            Same top p        Same sampled p
   1       8.8364 ±    0.1689       0.00026 ±    0.00078       0.00391 ±    0.00043     1.743 ±  0.164 %    97.027 ±  0.133 %    40.242 ±  0.259 %
   2       8.5594 ±    0.1172       0.01166 ±    0.00087       0.00954 ±    0.00029     2.530 ±  0.075 %    95.971 ±  0.109 %    41.545 ±  0.187 %
   3       9.1880 ±    0.1045       0.00684 ±    0.00066       0.00826 ±    0.00024     2.383 ±  0.073 %    96.148 ±  0.087 %    40.310 ±  0.151 %
   4       8.9268 ±    0.0874       0.00478 ±    0.00053       0.00716 ±    0.00018     2.229 ±  0.060 %    96.296 ±  0.074 %    40.762 ±  0.131 %

====== Perplexity statistics ======
Mean PPL(Q)                   :   8.926790 ±   0.087412
Mean PPL(base)                :   8.884264 ±   0.086744
Cor(ln(PPL(Q)), ln(PPL(base))):  99.85%
Mean ln(PPL(Q)/PPL(base))     :   0.004775 ±   0.000532
Mean PPL(Q)/PPL(base)         :   1.004787 ±   0.000534
Mean PPL(Q)-PPL(base)         :   0.042527 ±   0.004776

====== KL divergence statistics ======
Mean    KLD:   0.007163 ±   0.000180
Maximum KLD:   6.805166
99.9%   KLD:   0.374947
99.0%   KLD:   0.077225
95.0%   KLD:   0.022202
90.0%   KLD:   0.012532
Median  KLD:   0.002397
10.0%   KLD:   0.000151
 5.0%   KLD:   0.000039
 1.0%   KLD:   0.000002
 0.1%   KLD:  -0.000010
Minimum KLD:  -0.000097

====== Token probability statistics ======
Mean    Δp: -0.022 ± 0.009 %
Maximum Δp: 89.756%
99.9%   Δp: 15.506%
99.0%   Δp:  5.428%
95.0%   Δp:  2.412%
90.0%   Δp:  1.429%
75.0%   Δp:  0.346%
Median  Δp: -0.000%
25.0%   Δp: -0.312%
10.0%   Δp: -1.423%
 5.0%   Δp: -2.518%
 1.0%   Δp: -6.544%
 0.1%   Δp: -17.595%
Minimum Δp: -89.808%
RMS Δp    :  2.229 ± 0.060 %
Same top p: 96.296 ± 0.074 %
Same sampled p: 40.762 ± 0.131 %

------------------------------
# llama-perplexity: version: 0.4.7-dev (build 11841, commit 6dc2680b4-dirty) | built with GNU 15.3.0 for Linux x86_64
# model: /home/crusaderky/.cache/huggingface/hub/models--NANI-Nithin--K2-Horizon-7B-GGUF/snapshots/8d64828ce5da51636fcdfa8e7d17503d045849b1/K2-Horizon-7B-Q8_0.gguf size=9573964160 mtime=2026-09-17T22:42:22+00:00 sha256/1048576B=d7dce92bee664b7e7e3dde849c68ebe3ccef682636ca03eedb3da6ebc9ad4780
llama-perplexity --kl-divergence-base /tmp/logits.dat --ctx-size 32768 -f sample-data/wiki.test.head-2.4k.raw -fa on --hf-repo NANI-Nithin/K2-Horizon-7B-GGUF:Q8_0 --cache-type-k q5_0 --cache-type-v q4_0 --kl-divergence
0.01.540.422 W load: special_eos_id is not in special_eog_ids - the tokenizer config may be incorrect
0.03.850.709 I cmn          init: llama threadpool init, n_threads = 16
0.03.904.994 I 
0.03.905.064 I system_info: n_threads = 16 (n_threads_batch = 16) / 32 | CUDA : ARCHS = 750,800,860,890,900,1000,1030,1200,1210 | USE_GRAPHS = 1 | FA_ALL_QUANTS = 1 | CPU : SSE3 = 1 | SSSE3 = 1 | AVX = 1 | AVX2 = 1 | F16C = 1 | FMA = 1 | BMI2 = 1 | LLAMAFILE = 1 | OPENMP = 1 | REPACK = 1 | 
0.04.450.380 I kl_divergence: computing over 4 chunks, n_ctx=32768, batch_size=2048, n_seq=1
0.25.670.669 I kl_divergence: 21.22 seconds per pass - ETA 1.40 minutes

chunk             PPL               ln(PPL(Q)/PPL(base))          KL Divergence              Δp RMS            Same top p        Same sampled p
   1       8.8499 ±    0.1690       0.00179 ±    0.00117       0.00869 ±    0.00020     2.421 ±  0.077 %    95.416 ±  0.163 %    40.130 ±  0.259 %
   2       8.3270 ±    0.1138      -0.01587 ±    0.00198       0.05291 ±    0.00104     5.839 ±  0.110 %    91.290 ±  0.156 %    41.485 ±  0.188 %
   3       9.0288 ±    0.1025      -0.01064 ±    0.00142       0.03987 ±    0.00074     5.073 ±  0.090 %    92.370 ±  0.120 %    40.220 ±  0.151 %
   4       9.4395 ±    0.0935       0.06062 ±    0.00215       0.10868 ±    0.00118     8.649 ±  0.094 %    87.811 ±  0.128 %    39.421 ±  0.131 %

====== Perplexity statistics ======
Mean PPL(Q)                   :   9.439505 ±   0.093458
Mean PPL(base)                :   8.884264 ±   0.086744
Cor(ln(PPL(Q)), ln(PPL(base))):  97.62%
Mean ln(PPL(Q)/PPL(base))     :   0.060622 ±   0.002151
Mean PPL(Q)/PPL(base)         :   1.062497 ±   0.002285
Mean PPL(Q)-PPL(base)         :   0.555241 ±   0.020769

====== KL divergence statistics ======
Mean    KLD:   0.108681 ±   0.001184
Maximum KLD:   8.847289
99.9%   KLD:   3.654688
99.0%   KLD:   1.383450
95.0%   KLD:   0.499810
90.0%   KLD:   0.284719
Median  KLD:   0.012666
10.0%   KLD:   0.000821
 5.0%   KLD:   0.000217
 1.0%   KLD:   0.000018
 0.1%   KLD:  -0.000000
Minimum KLD:  -0.000070

====== Token probability statistics ======
Mean    Δp: -0.876 ± 0.034 %
Maximum Δp: 92.695%
99.9%   Δp: 54.607%
99.0%   Δp: 20.660%
95.0%   Δp:  7.250%
90.0%   Δp:  3.465%
75.0%   Δp:  0.631%
Median  Δp: -0.007%
25.0%   Δp: -1.076%
10.0%   Δp: -5.528%
 5.0%   Δp: -12.121%
 1.0%   Δp: -36.009%
 0.1%   Δp: -75.629%
Minimum Δp: -99.610%
RMS Δp    :  8.649 ± 0.094 %
Same top p: 87.811 ± 0.128 %
Same sampled p: 39.421 ± 0.131 %

------------------------------
# llama-perplexity: version: 0.4.7-dev (build 11841, commit 6dc2680b4-dirty) | built with GNU 15.3.0 for Linux x86_64
# model: /home/crusaderky/.cache/huggingface/hub/models--NANI-Nithin--K2-Horizon-7B-GGUF/snapshots/8d64828ce5da51636fcdfa8e7d17503d045849b1/K2-Horizon-7B-Q8_0.gguf size=9573964160 mtime=2026-09-17T22:42:22+00:00 sha256/1048576B=d7dce92bee664b7e7e3dde849c68ebe3ccef682636ca03eedb3da6ebc9ad4780
llama-perplexity --kl-divergence-base /tmp/logits.dat --ctx-size 32768 -f sample-data/wiki.test.head-2.4k.raw -fa on --hf-repo NANI-Nithin/K2-Horizon-7B-GGUF:Q8_0 --cache-type-k q5_0 --cache-type-v q4_0 --kv-tail-tokens 128 --kl-divergence
0.02.428.121 W load: special_eos_id is not in special_eog_ids - the tokenizer config may be incorrect
0.04.725.235 I cmn          init: llama threadpool init, n_threads = 16
0.04.786.034 I 
0.04.786.100 I system_info: n_threads = 16 (n_threads_batch = 16) / 32 | CUDA : ARCHS = 750,800,860,890,900,1000,1030,1200,1210 | USE_GRAPHS = 1 | FA_ALL_QUANTS = 1 | CPU : SSE3 = 1 | SSSE3 = 1 | AVX = 1 | AVX2 = 1 | F16C = 1 | FMA = 1 | BMI2 = 1 | LLAMAFILE = 1 | OPENMP = 1 | REPACK = 1 | 
0.05.323.180 I kl_divergence: computing over 4 chunks, n_ctx=32768, batch_size=2048, n_seq=1
0.27.687.978 I kl_divergence: 22.36 seconds per pass - ETA 1.48 minutes

chunk             PPL               ln(PPL(Q)/PPL(base))          KL Divergence              Δp RMS            Same top p        Same sampled p
   1       8.8440 ±    0.1689       0.00112 ±    0.00069       0.00306 ±    0.00008     1.418 ±  0.037 %    96.997 ±  0.133 %    40.214 ±  0.259 %
   2       8.5383 ±    0.1168       0.00919 ±    0.00076       0.00728 ±    0.00017     2.183 ±  0.045 %    96.222 ±  0.105 %    41.569 ±  0.187 %
   3       9.1730 ±    0.1042       0.00520 ±    0.00061       0.00672 ±    0.00018     2.099 ±  0.053 %    96.317 ±  0.085 %    40.323 ±  0.151 %
   4       8.9177 ±    0.0873       0.00375 ±    0.00049       0.00590 ±    0.00014     1.981 ±  0.044 %    96.440 ±  0.072 %    40.765 ±  0.131 %

====== Perplexity statistics ======
Mean PPL(Q)                   :   8.917658 ±   0.087253
Mean PPL(base)                :   8.884264 ±   0.086744
Cor(ln(PPL(Q)), ln(PPL(base))):  99.88%
Mean ln(PPL(Q)/PPL(base))     :   0.003752 ±   0.000488
Mean PPL(Q)/PPL(base)         :   1.003759 ±   0.000490
Mean PPL(Q)-PPL(base)         :   0.033395 ±   0.004370

====== KL divergence statistics ======
Mean    KLD:   0.005905 ±   0.000138
Maximum KLD:   4.462463
99.9%   KLD:   0.277411
99.0%   KLD:   0.059452
95.0%   KLD:   0.018096
90.0%   KLD:   0.010663
Median  KLD:   0.002253
10.0%   KLD:   0.000141
 5.0%   KLD:   0.000036
 1.0%   KLD:   0.000002
 0.1%   KLD:  -0.000011
Minimum KLD:  -0.000124

====== Token probability statistics ======
Mean    Δp: -0.027 ± 0.008 %
Maximum Δp: 77.819%
99.9%   Δp: 13.668%
99.0%   Δp:  5.097%
95.0%   Δp:  2.263%
90.0%   Δp:  1.354%
75.0%   Δp:  0.306%
Median  Δp: -0.000%
25.0%   Δp: -0.309%
10.0%   Δp: -1.377%
 5.0%   Δp: -2.410%
 1.0%   Δp: -5.867%
 0.1%   Δp: -15.535%
Minimum Δp: -45.100%
RMS Δp    :  1.981 ± 0.044 %
Same top p: 96.440 ± 0.072 %
Same sampled p: 40.765 ± 0.131 %

------------------------------
# llama-perplexity: version: 0.4.7-dev (build 11841, commit 6dc2680b4-dirty) | built with GNU 15.3.0 for Linux x86_64
# model: /home/crusaderky/.cache/huggingface/hub/models--NANI-Nithin--K2-Horizon-7B-GGUF/snapshots/8d64828ce5da51636fcdfa8e7d17503d045849b1/K2-Horizon-7B-Q8_0.gguf size=9573964160 mtime=2026-09-17T22:42:22+00:00 sha256/1048576B=d7dce92bee664b7e7e3dde849c68ebe3ccef682636ca03eedb3da6ebc9ad4780
llama-perplexity --kl-divergence-base /tmp/logits.dat --ctx-size 32768 -f sample-data/wiki.test.head-2.4k.raw -fa on --hf-repo NANI-Nithin/K2-Horizon-7B-GGUF:Q8_0 --cache-type-k q5_0 --cache-type-v q3_1 --kl-divergence
0.01.548.629 W load: special_eos_id is not in special_eog_ids - the tokenizer config may be incorrect
0.03.886.078 I cmn          init: llama threadpool init, n_threads = 16
0.03.940.711 I 
0.03.940.783 I system_info: n_threads = 16 (n_threads_batch = 16) / 32 | CUDA : ARCHS = 750,800,860,890,900,1000,1030,1200,1210 | USE_GRAPHS = 1 | FA_ALL_QUANTS = 1 | CPU : SSE3 = 1 | SSSE3 = 1 | AVX = 1 | AVX2 = 1 | F16C = 1 | FMA = 1 | BMI2 = 1 | LLAMAFILE = 1 | OPENMP = 1 | REPACK = 1 | 
0.04.483.582 I kl_divergence: computing over 4 chunks, n_ctx=32768, batch_size=2048, n_seq=1
0.25.810.693 I kl_divergence: 21.33 seconds per pass - ETA 1.42 minutes

chunk             PPL               ln(PPL(Q)/PPL(base))          KL Divergence              Δp RMS            Same top p        Same sampled p
   1       8.8830 ±    0.1698       0.00552 ±    0.00151       0.01471 ±    0.00036     3.185 ±  0.107 %    93.829 ±  0.188 %    40.008 ±  0.259 %
   2       8.3591 ±    0.1142      -0.01202 ±    0.00208       0.05761 ±    0.00108     6.202 ±  0.114 %    90.322 ±  0.163 %    41.353 ±  0.188 %
   3       9.0662 ±    0.1029      -0.00651 ±    0.00151       0.04553 ±    0.00077     5.481 ±  0.093 %    91.286 ±  0.127 %    40.092 ±  0.151 %
   4       8.9752 ±    0.0879       0.01018 ±    0.00141       0.05174 ±    0.00064     5.833 ±  0.075 %    90.283 ±  0.116 %    40.280 ±  0.131 %

====== Perplexity statistics ======
Mean PPL(Q)                   :   8.975184 ±   0.087929
Mean PPL(base)                :   8.884264 ±   0.086744
Cor(ln(PPL(Q)), ln(PPL(base))):  98.96%
Mean ln(PPL(Q)/PPL(base))     :   0.010182 ±   0.001408
Mean PPL(Q)/PPL(base)         :   1.010234 ±   0.001422
Mean PPL(Q)-PPL(base)         :   0.090920 ±   0.012624

====== KL divergence statistics ======
Mean    KLD:   0.051742 ±   0.000645
Maximum KLD:   9.240879
99.9%   KLD:   2.275011
99.0%   KLD:   0.547602
95.0%   KLD:   0.190712
90.0%   KLD:   0.111589
Median  KLD:   0.015561
10.0%   KLD:   0.000997
 5.0%   KLD:   0.000270
 1.0%   KLD:   0.000027
 0.1%   KLD:   0.000002
Minimum KLD:  -0.000028

====== Token probability statistics ======
Mean    Δp: -0.130 ± 0.023 %
Maximum Δp: 97.503%
99.9%   Δp: 49.171%
99.0%   Δp: 17.181%
95.0%   Δp:  6.595%
90.0%   Δp:  3.541%
75.0%   Δp:  0.715%
Median  Δp: -0.004%
25.0%   Δp: -0.948%
10.0%   Δp: -3.976%
 5.0%   Δp: -7.423%
 1.0%   Δp: -17.573%
 0.1%   Δp: -45.106%
Minimum Δp: -99.064%
RMS Δp    :  5.833 ± 0.075 %
Same top p: 90.283 ± 0.116 %
Same sampled p: 40.280 ± 0.131 %

------------------------------
# llama-perplexity: version: 0.4.7-dev (build 11841, commit 6dc2680b4-dirty) | built with GNU 15.3.0 for Linux x86_64
# model: /home/crusaderky/.cache/huggingface/hub/models--NANI-Nithin--K2-Horizon-7B-GGUF/snapshots/8d64828ce5da51636fcdfa8e7d17503d045849b1/K2-Horizon-7B-Q8_0.gguf size=9573964160 mtime=2026-09-17T22:42:22+00:00 sha256/1048576B=d7dce92bee664b7e7e3dde849c68ebe3ccef682636ca03eedb3da6ebc9ad4780
llama-perplexity --kl-divergence-base /tmp/logits.dat --ctx-size 32768 -f sample-data/wiki.test.head-2.4k.raw -fa on --hf-repo NANI-Nithin/K2-Horizon-7B-GGUF:Q8_0 --cache-type-k q5_0 --cache-type-v q3_1 --kv-tail-tokens 128 --kl-divergence
0.02.383.694 W load: special_eos_id is not in special_eog_ids - the tokenizer config may be incorrect
0.04.734.188 I cmn          init: llama threadpool init, n_threads = 16
0.04.795.195 I 
0.04.795.263 I system_info: n_threads = 16 (n_threads_batch = 16) / 32 | CUDA : ARCHS = 750,800,860,890,900,1000,1030,1200,1210 | USE_GRAPHS = 1 | FA_ALL_QUANTS = 1 | CPU : SSE3 = 1 | SSSE3 = 1 | AVX = 1 | AVX2 = 1 | F16C = 1 | FMA = 1 | BMI2 = 1 | LLAMAFILE = 1 | OPENMP = 1 | REPACK = 1 | 
0.05.330.753 I kl_divergence: computing over 4 chunks, n_ctx=32768, batch_size=2048, n_seq=1
0.27.683.660 I kl_divergence: 22.35 seconds per pass - ETA 1.48 minutes

chunk             PPL               ln(PPL(Q)/PPL(base))          KL Divergence              Δp RMS            Same top p        Same sampled p
   1       8.8354 ±    0.1688       0.00015 ±    0.00088       0.00493 ±    0.00040     1.883 ±  0.142 %    96.655 ±  0.140 %    40.202 ±  0.259 %
   2       8.6152 ±    0.1181       0.01816 ±    0.00114       0.01591 ±    0.00033     3.211 ±  0.070 %    94.806 ±  0.123 %    41.409 ±  0.187 %
   3       9.2279 ±    0.1050       0.01117 ±    0.00085       0.01309 ±    0.00027     2.931 ±  0.065 %    95.219 ±  0.096 %    40.203 ±  0.151 %
   4       8.9568 ±    0.0877       0.00813 ±    0.00067       0.01110 ±    0.00020     2.713 ±  0.056 %    95.523 ±  0.081 %    40.674 ±  0.131 %

====== Perplexity statistics ======
Mean PPL(Q)                   :   8.956820 ±   0.087708
Mean PPL(base)                :   8.884264 ±   0.086744
Cor(ln(PPL(Q)), ln(PPL(base))):  99.76%
Mean ln(PPL(Q)/PPL(base))     :   0.008134 ±   0.000672
Mean PPL(Q)/PPL(base)         :   1.008167 ±   0.000677
Mean PPL(Q)-PPL(base)         :   0.072556 ±   0.006063

====== KL divergence statistics ======
Mean    KLD:   0.011105 ±   0.000204
Maximum KLD:   5.950381
99.9%   KLD:   0.569107
99.0%   KLD:   0.124985
95.0%   KLD:   0.038545
90.0%   KLD:   0.021075
Median  KLD:   0.003363
10.0%   KLD:   0.000216
 5.0%   KLD:   0.000058
 1.0%   KLD:   0.000004
 0.1%   KLD:  -0.000009
Minimum KLD:  -0.000086

====== Token probability statistics ======
Mean    Δp: -0.096 ± 0.011 %
Maximum Δp: 85.479%
99.9%   Δp: 20.607%
99.0%   Δp:  6.661%
95.0%   Δp:  2.782%
90.0%   Δp:  1.604%
75.0%   Δp:  0.362%
Median  Δp: -0.001%
25.0%   Δp: -0.419%
10.0%   Δp: -1.813%
 5.0%   Δp: -3.261%
 1.0%   Δp: -8.542%
 0.1%   Δp: -21.176%
Minimum Δp: -83.203%
RMS Δp    :  2.713 ± 0.056 %
Same top p: 95.523 ± 0.081 %
Same sampled p: 40.674 ± 0.131 %

------------------------------
# llama-perplexity: version: 0.4.7-dev (build 11841, commit 6dc2680b4-dirty) | built with GNU 15.3.0 for Linux x86_64
# model: /home/crusaderky/.cache/huggingface/hub/models--NANI-Nithin--K2-Horizon-7B-GGUF/snapshots/8d64828ce5da51636fcdfa8e7d17503d045849b1/K2-Horizon-7B-Q8_0.gguf size=9573964160 mtime=2026-09-17T22:42:22+00:00 sha256/1048576B=d7dce92bee664b7e7e3dde849c68ebe3ccef682636ca03eedb3da6ebc9ad4780
llama-perplexity --kl-divergence-base /tmp/logits.dat --ctx-size 32768 -f sample-data/wiki.test.head-2.4k.raw -fa on --hf-repo NANI-Nithin/K2-Horizon-7B-GGUF:Q8_0 --cache-type-k q5_0 --cache-type-v q3_0 --kl-divergence
0.01.512.577 W load: special_eos_id is not in special_eog_ids - the tokenizer config may be incorrect
0.03.798.479 I cmn          init: llama threadpool init, n_threads = 16
0.03.851.533 I 
0.03.851.601 I system_info: n_threads = 16 (n_threads_batch = 16) / 32 | CUDA : ARCHS = 750,800,860,890,900,1000,1030,1200,1210 | USE_GRAPHS = 1 | FA_ALL_QUANTS = 1 | CPU : SSE3 = 1 | SSSE3 = 1 | AVX = 1 | AVX2 = 1 | F16C = 1 | FMA = 1 | BMI2 = 1 | LLAMAFILE = 1 | OPENMP = 1 | REPACK = 1 | 
0.04.392.854 I kl_divergence: computing over 4 chunks, n_ctx=32768, batch_size=2048, n_seq=1
0.25.634.886 I kl_divergence: 21.24 seconds per pass - ETA 1.40 minutes

chunk             PPL               ln(PPL(Q)/PPL(base))          KL Divergence              Δp RMS            Same top p        Same sampled p
   1       8.9213 ±    0.1700       0.00983 ±    0.00159       0.01602 ±    0.00038     3.170 ±  0.064 %    93.786 ±  0.189 %    39.870 ±  0.259 %
   2       8.3700 ±    0.1140      -0.01072 ±    0.00210       0.05847 ±    0.00110     6.174 ±  0.108 %    90.350 ±  0.163 %    41.245 ±  0.187 %
   3       9.0373 ±    0.1022      -0.00970 ±    0.00164       0.05332 ±    0.00085     5.861 ±  0.090 %    90.364 ±  0.133 %    39.911 ±  0.151 %
   4       8.8525 ±    0.0863      -0.00358 ±    0.00131       0.04564 ±    0.00065     5.444 ±  0.075 %    90.917 ±  0.112 %    40.348 ±  0.131 %

====== Perplexity statistics ======
Mean PPL(Q)                   :   8.852543 ±   0.086286
Mean PPL(base)                :   8.884264 ±   0.086744
Cor(ln(PPL(Q)), ln(PPL(base))):  99.10%
Mean ln(PPL(Q)/PPL(base))     :  -0.003577 ±   0.001312
Mean PPL(Q)/PPL(base)         :   0.996430 ±   0.001307
Mean PPL(Q)-PPL(base)         :  -0.031721 ±   0.011641

====== KL divergence statistics ======
Mean    KLD:   0.045637 ±   0.000647
Maximum KLD:  10.443975
99.9%   KLD:   2.174277
99.0%   KLD:   0.479035
95.0%   KLD:   0.159590
90.0%   KLD:   0.092422
Median  KLD:   0.015417
10.0%   KLD:   0.001009
 5.0%   KLD:   0.000264
 1.0%   KLD:   0.000026
 0.1%   KLD:   0.000002
Minimum KLD:  -0.000042

====== Token probability statistics ======
Mean    Δp: -0.022 ± 0.021 %
Maximum Δp: 97.675%
99.9%   Δp: 51.432%
99.0%   Δp: 16.916%
95.0%   Δp:  6.317%
90.0%   Δp:  3.422%
75.0%   Δp:  0.691%
Median  Δp: -0.004%
25.0%   Δp: -0.992%
10.0%   Δp: -3.800%
 5.0%   Δp: -6.431%
 1.0%   Δp: -15.252%
 0.1%   Δp: -36.351%
Minimum Δp: -97.368%
RMS Δp    :  5.444 ± 0.075 %
Same top p: 90.917 ± 0.112 %
Same sampled p: 40.348 ± 0.131 %

------------------------------
# llama-perplexity: version: 0.4.7-dev (build 11841, commit 6dc2680b4-dirty) | built with GNU 15.3.0 for Linux x86_64
# model: /home/crusaderky/.cache/huggingface/hub/models--NANI-Nithin--K2-Horizon-7B-GGUF/snapshots/8d64828ce5da51636fcdfa8e7d17503d045849b1/K2-Horizon-7B-Q8_0.gguf size=9573964160 mtime=2026-09-17T22:42:22+00:00 sha256/1048576B=d7dce92bee664b7e7e3dde849c68ebe3ccef682636ca03eedb3da6ebc9ad4780
llama-perplexity --kl-divergence-base /tmp/logits.dat --ctx-size 32768 -f sample-data/wiki.test.head-2.4k.raw -fa on --hf-repo NANI-Nithin/K2-Horizon-7B-GGUF:Q8_0 --cache-type-k q5_0 --cache-type-v q3_0 --kv-tail-tokens 128 --kl-divergence
0.02.450.157 W load: special_eos_id is not in special_eog_ids - the tokenizer config may be incorrect
0.04.763.239 I cmn          init: llama threadpool init, n_threads = 16
0.04.823.414 I 
0.04.823.477 I system_info: n_threads = 16 (n_threads_batch = 16) / 32 | CUDA : ARCHS = 750,800,860,890,900,1000,1030,1200,1210 | USE_GRAPHS = 1 | FA_ALL_QUANTS = 1 | CPU : SSE3 = 1 | SSSE3 = 1 | AVX = 1 | AVX2 = 1 | F16C = 1 | FMA = 1 | BMI2 = 1 | LLAMAFILE = 1 | OPENMP = 1 | REPACK = 1 | 
0.05.364.520 I kl_divergence: computing over 4 chunks, n_ctx=32768, batch_size=2048, n_seq=1
0.27.722.609 I kl_divergence: 22.36 seconds per pass - ETA 1.48 minutes

chunk             PPL               ln(PPL(Q)/PPL(base))          KL Divergence              Δp RMS            Same top p        Same sampled p
   1       8.8493 ±    0.1689       0.00173 ±    0.00086       0.00492 ±    0.00025     1.813 ±  0.050 %    96.582 ±  0.142 %    40.134 ±  0.259 %
   2       8.4994 ±    0.1160       0.00463 ±    0.00080       0.00830 ±    0.00018     2.358 ±  0.052 %    96.121 ±  0.107 %    41.508 ±  0.187 %
   3       9.1478 ±    0.1038       0.00246 ±    0.00068       0.00834 ±    0.00024     2.388 ±  0.073 %    96.146 ±  0.087 %    40.242 ±  0.151 %
   4       8.9022 ±    0.0870       0.00202 ±    0.00055       0.00760 ±    0.00019     2.285 ±  0.058 %    96.177 ±  0.075 %    40.676 ±  0.131 %

====== Perplexity statistics ======
Mean PPL(Q)                   :   8.902204 ±   0.086959
Mean PPL(base)                :   8.884264 ±   0.086744
Cor(ln(PPL(Q)), ln(PPL(base))):  99.84%
Mean ln(PPL(Q)/PPL(base))     :   0.002017 ±   0.000555
Mean PPL(Q)/PPL(base)         :   1.002019 ±   0.000556
Mean PPL(Q)-PPL(base)         :   0.017940 ±   0.004937

====== KL divergence statistics ======
Mean    KLD:   0.007598 ±   0.000185
Maximum KLD:   5.989323
99.9%   KLD:   0.342494
99.0%   KLD:   0.066904
95.0%   KLD:   0.022984
90.0%   KLD:   0.013894
Median  KLD:   0.003143
10.0%   KLD:   0.000210
 5.0%   KLD:   0.000056
 1.0%   KLD:   0.000005
 0.1%   KLD:  -0.000003
Minimum KLD:  -0.000079

====== Token probability statistics ======
Mean    Δp: -0.079 ± 0.009 %
Maximum Δp: 88.135%
99.9%   Δp: 15.896%
99.0%   Δp:  6.057%
95.0%   Δp:  2.505%
90.0%   Δp:  1.436%
75.0%   Δp:  0.292%
Median  Δp: -0.002%
25.0%   Δp: -0.437%
10.0%   Δp: -1.712%
 5.0%   Δp: -2.862%
 1.0%   Δp: -6.442%
 0.1%   Δp: -16.000%
Minimum Δp: -92.774%
RMS Δp    :  2.285 ± 0.058 %
Same top p: 96.177 ± 0.075 %
Same sampled p: 40.676 ± 0.131 %

------------------------------
# llama-perplexity: version: 0.4.7-dev (build 11841, commit 6dc2680b4-dirty) | built with GNU 15.3.0 for Linux x86_64
# model: /home/crusaderky/.cache/huggingface/hub/models--NANI-Nithin--K2-Horizon-7B-GGUF/snapshots/8d64828ce5da51636fcdfa8e7d17503d045849b1/K2-Horizon-7B-Q8_0.gguf size=9573964160 mtime=2026-09-17T22:42:22+00:00 sha256/1048576B=d7dce92bee664b7e7e3dde849c68ebe3ccef682636ca03eedb3da6ebc9ad4780
llama-perplexity --kl-divergence-base /tmp/logits.dat --ctx-size 32768 -f sample-data/wiki.test.head-2.4k.raw -fa on --hf-repo NANI-Nithin/K2-Horizon-7B-GGUF:Q8_0 --cache-type-k q4_0 --cache-type-v q4_0 --kl-divergence
0.01.501.999 W load: special_eos_id is not in special_eog_ids - the tokenizer config may be incorrect
0.03.780.554 I cmn          init: llama threadpool init, n_threads = 16
0.03.834.721 I 
0.03.834.784 I system_info: n_threads = 16 (n_threads_batch = 16) / 32 | CUDA : ARCHS = 750,800,860,890,900,1000,1030,1200,1210 | USE_GRAPHS = 1 | FA_ALL_QUANTS = 1 | CPU : SSE3 = 1 | SSSE3 = 1 | AVX = 1 | AVX2 = 1 | F16C = 1 | FMA = 1 | BMI2 = 1 | LLAMAFILE = 1 | OPENMP = 1 | REPACK = 1 | 
0.04.373.240 I kl_divergence: computing over 4 chunks, n_ctx=32768, batch_size=2048, n_seq=1
0.25.454.823 I kl_divergence: 21.08 seconds per pass - ETA 1.40 minutes

chunk             PPL               ln(PPL(Q)/PPL(base))          KL Divergence              Δp RMS            Same top p        Same sampled p
   1       8.9540 ±    0.1714       0.01349 ±    0.00193       0.02349 ±    0.00087     3.826 ±  0.110 %    92.761 ±  0.202 %    39.836 ±  0.259 %
   2       8.3933 ±    0.1147      -0.00794 ±    0.00214       0.06157 ±    0.00108     6.395 ±  0.105 %    89.779 ±  0.167 %    41.277 ±  0.188 %
   3       9.1083 ±    0.1035      -0.00188 ±    0.00161       0.05169 ±    0.00079     5.810 ±  0.084 %    90.449 ±  0.133 %    39.996 ±  0.151 %
   4       8.9314 ±    0.0875       0.00529 ±    0.00137       0.04818 ±    0.00062     5.592 ±  0.070 %    90.522 ±  0.114 %    40.364 ±  0.131 %

====== Perplexity statistics ======
Mean PPL(Q)                   :   8.931383 ±   0.087540
Mean PPL(base)                :   8.884264 ±   0.086744
Cor(ln(PPL(Q)), ln(PPL(base))):  99.02%
Mean ln(PPL(Q)/PPL(base))     :   0.005290 ±   0.001371
Mean PPL(Q)/PPL(base)         :   1.005304 ±   0.001378
Mean PPL(Q)-PPL(base)         :   0.047119 ±   0.012236

====== KL divergence statistics ======
Mean    KLD:   0.048181 ±   0.000616
Maximum KLD:   8.984950
99.9%   KLD:   2.114532
99.0%   KLD:   0.526566
95.0%   KLD:   0.169814
90.0%   KLD:   0.098259
Median  KLD:   0.016792
10.0%   KLD:   0.001097
 5.0%   KLD:   0.000289
 1.0%   KLD:   0.000027
 0.1%   KLD:   0.000001
Minimum KLD:  -0.000072

====== Token probability statistics ======
Mean    Δp: -0.022 ± 0.022 %
Maximum Δp: 93.626%
99.9%   Δp: 48.987%
99.0%   Δp: 17.285%
95.0%   Δp:  6.637%
90.0%   Δp:  3.621%
75.0%   Δp:  0.781%
Median  Δp: -0.002%
25.0%   Δp: -0.939%
10.0%   Δp: -3.913%
 5.0%   Δp: -6.826%
 1.0%   Δp: -16.149%
 0.1%   Δp: -41.617%
Minimum Δp: -81.254%
RMS Δp    :  5.592 ± 0.070 %
Same top p: 90.522 ± 0.114 %
Same sampled p: 40.364 ± 0.131 %

------------------------------
# llama-perplexity: version: 0.4.7-dev (build 11841, commit 6dc2680b4-dirty) | built with GNU 15.3.0 for Linux x86_64
# model: /home/crusaderky/.cache/huggingface/hub/models--NANI-Nithin--K2-Horizon-7B-GGUF/snapshots/8d64828ce5da51636fcdfa8e7d17503d045849b1/K2-Horizon-7B-Q8_0.gguf size=9573964160 mtime=2026-09-17T22:42:22+00:00 sha256/1048576B=d7dce92bee664b7e7e3dde849c68ebe3ccef682636ca03eedb3da6ebc9ad4780
llama-perplexity --kl-divergence-base /tmp/logits.dat --ctx-size 32768 -f sample-data/wiki.test.head-2.4k.raw -fa on --hf-repo NANI-Nithin/K2-Horizon-7B-GGUF:Q8_0 --cache-type-k q4_0 --cache-type-v q4_0 --kv-tail-tokens 128 --kl-divergence
0.02.426.332 W load: special_eos_id is not in special_eog_ids - the tokenizer config may be incorrect
0.04.752.410 I cmn          init: llama threadpool init, n_threads = 16
0.04.814.759 I 
0.04.814.817 I system_info: n_threads = 16 (n_threads_batch = 16) / 32 | CUDA : ARCHS = 750,800,860,890,900,1000,1030,1200,1210 | USE_GRAPHS = 1 | FA_ALL_QUANTS = 1 | CPU : SSE3 = 1 | SSSE3 = 1 | AVX = 1 | AVX2 = 1 | F16C = 1 | FMA = 1 | BMI2 = 1 | LLAMAFILE = 1 | OPENMP = 1 | REPACK = 1 | 
0.05.374.001 I kl_divergence: computing over 4 chunks, n_ctx=32768, batch_size=2048, n_seq=1
0.27.544.143 I kl_divergence: 22.17 seconds per pass - ETA 1.47 minutes

chunk             PPL               ln(PPL(Q)/PPL(base))          KL Divergence              Δp RMS            Same top p        Same sampled p
   1       8.8477 ±    0.1690       0.00154 ±    0.00096       0.00655 ±    0.00026     2.135 ±  0.089 %    95.984 ±  0.153 %    40.188 ±  0.259 %
   2       8.6074 ±    0.1178       0.01725 ±    0.00114       0.01706 ±    0.00027     3.425 ±  0.062 %    94.265 ±  0.128 %    41.349 ±  0.187 %
   3       9.2291 ±    0.1049       0.01130 ±    0.00090       0.01539 ±    0.00029     3.242 ±  0.065 %    94.539 ±  0.102 %    40.150 ±  0.151 %
   4       8.9620 ±    0.0877       0.00871 ±    0.00072       0.01319 ±    0.00022     3.015 ±  0.054 %    94.856 ±  0.086 %    40.627 ±  0.131 %

====== Perplexity statistics ======
Mean PPL(Q)                   :   8.962010 ±   0.087741
Mean PPL(base)                :   8.884264 ±   0.086744
Cor(ln(PPL(Q)), ln(PPL(base))):  99.73%
Mean ln(PPL(Q)/PPL(base))     :   0.008713 ±   0.000723
Mean PPL(Q)/PPL(base)         :   1.008751 ±   0.000729
Mean PPL(Q)-PPL(base)         :   0.077747 ±   0.006525

====== KL divergence statistics ======
Mean    KLD:   0.013193 ±   0.000224
Maximum KLD:   4.389455
99.9%   KLD:   0.601374
99.0%   KLD:   0.146144
95.0%   KLD:   0.045966
90.0%   KLD:   0.025948
Median  KLD:   0.004332
10.0%   KLD:   0.000285
 5.0%   KLD:   0.000074
 1.0%   KLD:   0.000006
 0.1%   KLD:  -0.000005
Minimum KLD:  -0.000082

====== Token probability statistics ======
Mean    Δp: -0.130 ± 0.012 %
Maximum Δp: 80.796%
99.9%   Δp: 21.743%
99.0%   Δp:  7.551%
95.0%   Δp:  3.164%
90.0%   Δp:  1.781%
75.0%   Δp:  0.392%
Median  Δp: -0.001%
25.0%   Δp: -0.482%
10.0%   Δp: -2.040%
 5.0%   Δp: -3.729%
 1.0%   Δp: -9.720%
 0.1%   Δp: -25.839%
Minimum Δp: -91.965%
RMS Δp    :  3.015 ± 0.054 %
Same top p: 94.856 ± 0.086 %
Same sampled p: 40.627 ± 0.131 %

------------------------------
# llama-perplexity: version: 0.4.7-dev (build 11841, commit 6dc2680b4-dirty) | built with GNU 15.3.0 for Linux x86_64
# model: /home/crusaderky/.cache/huggingface/hub/models--NANI-Nithin--K2-Horizon-7B-GGUF/snapshots/8d64828ce5da51636fcdfa8e7d17503d045849b1/K2-Horizon-7B-Q8_0.gguf size=9573964160 mtime=2026-09-17T22:42:22+00:00 sha256/1048576B=d7dce92bee664b7e7e3dde849c68ebe3ccef682636ca03eedb3da6ebc9ad4780
llama-perplexity --kl-divergence-base /tmp/logits.dat --ctx-size 32768 -f sample-data/wiki.test.head-2.4k.raw -fa on --hf-repo NANI-Nithin/K2-Horizon-7B-GGUF:Q8_0 --cache-type-k q4_0 --cache-type-v q3_1 --kl-divergence
0.01.542.519 W load: special_eos_id is not in special_eog_ids - the tokenizer config may be incorrect
0.03.826.203 I cmn          init: llama threadpool init, n_threads = 16
0.03.879.675 I 
0.03.879.741 I system_info: n_threads = 16 (n_threads_batch = 16) / 32 | CUDA : ARCHS = 750,800,860,890,900,1000,1030,1200,1210 | USE_GRAPHS = 1 | FA_ALL_QUANTS = 1 | CPU : SSE3 = 1 | SSSE3 = 1 | AVX = 1 | AVX2 = 1 | F16C = 1 | FMA = 1 | BMI2 = 1 | LLAMAFILE = 1 | OPENMP = 1 | REPACK = 1 | 
0.04.420.601 I kl_divergence: computing over 4 chunks, n_ctx=32768, batch_size=2048, n_seq=1
0.25.541.756 I kl_divergence: 21.12 seconds per pass - ETA 1.40 minutes

chunk             PPL               ln(PPL(Q)/PPL(base))          KL Divergence              Δp RMS            Same top p        Same sampled p
   1       9.8344 ±    0.1966       0.10727 ±    0.00486       0.12335 ±    0.00273     8.035 ±  0.174 %    84.936 ±  0.279 %    39.078 ±  0.259 %
   2       8.8310 ±    0.1234       0.04290 ±    0.00312       0.11339 ±    0.00170     8.171 ±  0.117 %    85.726 ±  0.193 %    40.805 ±  0.188 %
   3       9.4199 ±    0.1084       0.03177 ±    0.00224       0.08855 ±    0.00120     7.235 ±  0.095 %    87.469 ±  0.149 %    39.632 ±  0.151 %
   4       9.1737 ±    0.0908       0.03206 ±    0.00179       0.07677 ±    0.00092     6.783 ±  0.079 %    88.107 ±  0.126 %    40.070 ±  0.131 %

====== Perplexity statistics ======
Mean PPL(Q)                   :   9.173738 ±   0.090763
Mean PPL(base)                :   8.884264 ±   0.086744
Cor(ln(PPL(Q)), ln(PPL(base))):  98.35%
Mean ln(PPL(Q)/PPL(base))     :   0.032063 ±   0.001790
Mean PPL(Q)/PPL(base)         :   1.032583 ±   0.001849
Mean PPL(Q)-PPL(base)         :   0.289474 ±   0.016613

====== KL divergence statistics ======
Mean    KLD:   0.076774 ±   0.000919
Maximum KLD:  16.523811
99.9%   KLD:   3.189496
99.0%   KLD:   0.818687
95.0%   KLD:   0.264582
90.0%   KLD:   0.155883
Median  KLD:   0.028419
10.0%   KLD:   0.001706
 5.0%   KLD:   0.000430
 1.0%   KLD:   0.000047
 0.1%   KLD:   0.000004
Minimum KLD:  -0.000015

====== Token probability statistics ======
Mean    Δp: -0.308 ± 0.026 %
Maximum Δp: 97.465%
99.9%   Δp: 49.550%
99.0%   Δp: 19.461%
95.0%   Δp:  7.734%
90.0%   Δp:  4.295%
75.0%   Δp:  0.862%
Median  Δp: -0.011%
25.0%   Δp: -1.345%
10.0%   Δp: -5.230%
 5.0%   Δp: -8.984%
 1.0%   Δp: -21.700%
 0.1%   Δp: -54.713%
Minimum Δp: -99.981%
RMS Δp    :  6.783 ± 0.079 %
Same top p: 88.107 ± 0.126 %
Same sampled p: 40.070 ± 0.131 %

------------------------------
# llama-perplexity: version: 0.4.7-dev (build 11841, commit 6dc2680b4-dirty) | built with GNU 15.3.0 for Linux x86_64
# model: /home/crusaderky/.cache/huggingface/hub/models--NANI-Nithin--K2-Horizon-7B-GGUF/snapshots/8d64828ce5da51636fcdfa8e7d17503d045849b1/K2-Horizon-7B-Q8_0.gguf size=9573964160 mtime=2026-09-17T22:42:22+00:00 sha256/1048576B=d7dce92bee664b7e7e3dde849c68ebe3ccef682636ca03eedb3da6ebc9ad4780
llama-perplexity --kl-divergence-base /tmp/logits.dat --ctx-size 32768 -f sample-data/wiki.test.head-2.4k.raw -fa on --hf-repo NANI-Nithin/K2-Horizon-7B-GGUF:Q8_0 --cache-type-k q4_0 --cache-type-v q3_1 --kv-tail-tokens 128 --kl-divergence
0.02.399.856 W load: special_eos_id is not in special_eog_ids - the tokenizer config may be incorrect
0.04.704.470 I cmn          init: llama threadpool init, n_threads = 16
0.04.764.754 I 
0.04.764.821 I system_info: n_threads = 16 (n_threads_batch = 16) / 32 | CUDA : ARCHS = 750,800,860,890,900,1000,1030,1200,1210 | USE_GRAPHS = 1 | FA_ALL_QUANTS = 1 | CPU : SSE3 = 1 | SSSE3 = 1 | AVX = 1 | AVX2 = 1 | F16C = 1 | FMA = 1 | BMI2 = 1 | LLAMAFILE = 1 | OPENMP = 1 | REPACK = 1 | 
0.05.303.583 I kl_divergence: computing over 4 chunks, n_ctx=32768, batch_size=2048, n_seq=1
0.27.438.655 I kl_divergence: 22.14 seconds per pass - ETA 1.47 minutes

chunk             PPL               ln(PPL(Q)/PPL(base))          KL Divergence              Δp RMS            Same top p        Same sampled p
   1       8.8533 ±    0.1691       0.00218 ±    0.00110       0.00802 ±    0.00029     2.268 ±  0.075 %    95.672 ±  0.159 %    40.173 ±  0.259 %
   2       8.7181 ±    0.1196       0.03003 ±    0.00154       0.02931 ±    0.00045     4.480 ±  0.078 %    92.721 ±  0.144 %    41.123 ±  0.187 %
   3       9.3111 ±    0.1060       0.02015 ±    0.00114       0.02414 ±    0.00039     4.038 ±  0.068 %    93.424 ±  0.112 %    39.992 ±  0.151 %
   4       9.0253 ±    0.0885       0.01575 ±    0.00090       0.02004 ±    0.00030     3.690 ±  0.057 %    93.951 ±  0.093 %    40.506 ±  0.131 %

====== Perplexity statistics ======
Mean PPL(Q)                   :   9.025324 ±   0.088458
Mean PPL(base)                :   8.884264 ±   0.086744
Cor(ln(PPL(Q)), ln(PPL(base))):  99.58%
Mean ln(PPL(Q)/PPL(base))     :   0.015753 ±   0.000901
Mean PPL(Q)/PPL(base)         :   1.015878 ±   0.000915
Mean PPL(Q)-PPL(base)         :   0.141061 ±   0.008238

====== KL divergence statistics ======
Mean    KLD:   0.020042 ±   0.000298
Maximum KLD:   5.023995
99.9%   KLD:   0.876055
99.0%   KLD:   0.232927
95.0%   KLD:   0.077076
90.0%   KLD:   0.042290
Median  KLD:   0.005495
10.0%   KLD:   0.000375
 5.0%   KLD:   0.000096
 1.0%   KLD:   0.000008
 0.1%   KLD:  -0.000005
Minimum KLD:  -0.000064

====== Token probability statistics ======
Mean    Δp: -0.247 ± 0.014 %
Maximum Δp: 81.383%
99.9%   Δp: 26.725%
99.0%   Δp:  8.656%
95.0%   Δp:  3.534%
90.0%   Δp:  1.981%
75.0%   Δp:  0.414%
Median  Δp: -0.003%
25.0%   Δp: -0.609%
10.0%   Δp: -2.527%
 5.0%   Δp: -4.654%
 1.0%   Δp: -12.938%
 0.1%   Δp: -34.288%
Minimum Δp: -92.926%
RMS Δp    :  3.690 ± 0.057 %
Same top p: 93.951 ± 0.093 %
Same sampled p: 40.506 ± 0.131 %

------------------------------
# llama-perplexity: version: 0.4.7-dev (build 11841, commit 6dc2680b4-dirty) | built with GNU 15.3.0 for Linux x86_64
# model: /home/crusaderky/.cache/huggingface/hub/models--NANI-Nithin--K2-Horizon-7B-GGUF/snapshots/8d64828ce5da51636fcdfa8e7d17503d045849b1/K2-Horizon-7B-Q8_0.gguf size=9573964160 mtime=2026-09-17T22:42:22+00:00 sha256/1048576B=d7dce92bee664b7e7e3dde849c68ebe3ccef682636ca03eedb3da6ebc9ad4780
llama-perplexity --kl-divergence-base /tmp/logits.dat --ctx-size 32768 -f sample-data/wiki.test.head-2.4k.raw -fa on --hf-repo NANI-Nithin/K2-Horizon-7B-GGUF:Q8_0 --cache-type-k q4_0 --cache-type-v q3_0 --kl-divergence
0.01.541.215 W load: special_eos_id is not in special_eog_ids - the tokenizer config may be incorrect
0.03.865.801 I cmn          init: llama threadpool init, n_threads = 16
0.03.920.898 I 
0.03.920.972 I system_info: n_threads = 16 (n_threads_batch = 16) / 32 | CUDA : ARCHS = 750,800,860,890,900,1000,1030,1200,1210 | USE_GRAPHS = 1 | FA_ALL_QUANTS = 1 | CPU : SSE3 = 1 | SSSE3 = 1 | AVX = 1 | AVX2 = 1 | F16C = 1 | FMA = 1 | BMI2 = 1 | LLAMAFILE = 1 | OPENMP = 1 | REPACK = 1 | 
0.04.479.112 I kl_divergence: computing over 4 chunks, n_ctx=32768, batch_size=2048, n_seq=1
0.25.658.978 I kl_divergence: 21.18 seconds per pass - ETA 1.40 minutes

chunk             PPL               ln(PPL(Q)/PPL(base))          KL Divergence              Δp RMS            Same top p        Same sampled p
   1       8.9875 ±    0.1714       0.01722 ±    0.00216       0.03007 ±    0.00082     4.481 ±  0.130 %    91.625 ±  0.216 %    39.619 ±  0.259 %
   2       8.4344 ±    0.1150      -0.00305 ±    0.00222       0.06726 ±    0.00110     6.655 ±  0.108 %    89.095 ±  0.172 %    41.025 ±  0.187 %
   3       9.1404 ±    0.1035       0.00164 ±    0.00169       0.05813 ±    0.00082     6.127 ±  0.087 %    89.623 ±  0.138 %    39.744 ±  0.151 %
   4       8.9798 ±    0.0878       0.01070 ±    0.00143       0.05497 ±    0.00065     5.988 ±  0.074 %    89.712 ±  0.119 %    40.114 ±  0.131 %

====== Perplexity statistics ======
Mean PPL(Q)                   :   8.979819 ±   0.087754
Mean PPL(base)                :   8.884264 ±   0.086744
Cor(ln(PPL(Q)), ln(PPL(base))):  98.93%
Mean ln(PPL(Q)/PPL(base))     :   0.010698 ±   0.001431
Mean PPL(Q)/PPL(base)         :   1.010756 ±   0.001447
Mean PPL(Q)-PPL(base)         :   0.095555 ±   0.012824

====== KL divergence statistics ======
Mean    KLD:   0.054974 ±   0.000650
Maximum KLD:   8.207227
99.9%   KLD:   2.143001
99.0%   KLD:   0.565119
95.0%   KLD:   0.186762
90.0%   KLD:   0.111480
Median  KLD:   0.021562
10.0%   KLD:   0.001401
 5.0%   KLD:   0.000353
 1.0%   KLD:   0.000037
 0.1%   KLD:   0.000003
Minimum KLD:  -0.000032

====== Token probability statistics ======
Mean    Δp: -0.280 ± 0.023 %
Maximum Δp: 97.434%
99.9%   Δp: 48.917%
99.0%   Δp: 17.369%
95.0%   Δp:  6.687%
90.0%   Δp:  3.630%
75.0%   Δp:  0.673%
Median  Δp: -0.015%
25.0%   Δp: -1.280%
10.0%   Δp: -4.683%
 5.0%   Δp: -7.841%
 1.0%   Δp: -17.826%
 0.1%   Δp: -46.569%
Minimum Δp: -95.233%
RMS Δp    :  5.988 ± 0.074 %
Same top p: 89.712 ± 0.119 %
Same sampled p: 40.114 ± 0.131 %

------------------------------
# llama-perplexity: version: 0.4.7-dev (build 11841, commit 6dc2680b4-dirty) | built with GNU 15.3.0 for Linux x86_64
# model: /home/crusaderky/.cache/huggingface/hub/models--NANI-Nithin--K2-Horizon-7B-GGUF/snapshots/8d64828ce5da51636fcdfa8e7d17503d045849b1/K2-Horizon-7B-Q8_0.gguf size=9573964160 mtime=2026-09-17T22:42:22+00:00 sha256/1048576B=d7dce92bee664b7e7e3dde849c68ebe3ccef682636ca03eedb3da6ebc9ad4780
llama-perplexity --kl-divergence-base /tmp/logits.dat --ctx-size 32768 -f sample-data/wiki.test.head-2.4k.raw -fa on --hf-repo NANI-Nithin/K2-Horizon-7B-GGUF:Q8_0 --cache-type-k q4_0 --cache-type-v q3_0 --kv-tail-tokens 128 --kl-divergence
0.02.405.856 W load: special_eos_id is not in special_eog_ids - the tokenizer config may be incorrect
0.04.719.042 I cmn          init: llama threadpool init, n_threads = 16
0.04.781.817 I 
0.04.781.888 I system_info: n_threads = 16 (n_threads_batch = 16) / 32 | CUDA : ARCHS = 750,800,860,890,900,1000,1030,1200,1210 | USE_GRAPHS = 1 | FA_ALL_QUANTS = 1 | CPU : SSE3 = 1 | SSSE3 = 1 | AVX = 1 | AVX2 = 1 | F16C = 1 | FMA = 1 | BMI2 = 1 | LLAMAFILE = 1 | OPENMP = 1 | REPACK = 1 | 
0.05.332.139 I kl_divergence: computing over 4 chunks, n_ctx=32768, batch_size=2048, n_seq=1
0.27.440.665 I kl_divergence: 22.11 seconds per pass - ETA 1.47 minutes

chunk             PPL               ln(PPL(Q)/PPL(base))          KL Divergence              Δp RMS            Same top p        Same sampled p
   1       8.8529 ±    0.1690       0.00212 ±    0.00108       0.00806 ±    0.00031     2.416 ±  0.100 %    95.721 ±  0.158 %    40.079 ±  0.259 %
   2       8.5550 ±    0.1167       0.01114 ±    0.00111       0.01585 ±    0.00026     3.328 ±  0.067 %    94.455 ±  0.126 %    41.321 ±  0.187 %
   3       9.1883 ±    0.1042       0.00687 ±    0.00089       0.01501 ±    0.00029     3.218 ±  0.068 %    94.588 ±  0.102 %    40.109 ±  0.151 %
   4       8.9382 ±    0.0873       0.00605 ±    0.00073       0.01324 ±    0.00022     3.020 ±  0.056 %    94.848 ±  0.086 %    40.571 ±  0.131 %

====== Perplexity statistics ======
Mean PPL(Q)                   :   8.938213 ±   0.087325
Mean PPL(base)                :   8.884264 ±   0.086744
Cor(ln(PPL(Q)), ln(PPL(base))):  99.72%
Mean ln(PPL(Q)/PPL(base))     :   0.006054 ±   0.000725
Mean PPL(Q)/PPL(base)         :   1.006073 ±   0.000730
Mean PPL(Q)-PPL(base)         :   0.053950 ±   0.006488

====== KL divergence statistics ======
Mean    KLD:   0.013244 ±   0.000224
Maximum KLD:   4.649426
99.9%   KLD:   0.544956
99.0%   KLD:   0.133393
95.0%   KLD:   0.043592
90.0%   KLD:   0.025940
Median  KLD:   0.004998
10.0%   KLD:   0.000344
 5.0%   KLD:   0.000094
 1.0%   KLD:   0.000009
 0.1%   KLD:  -0.000003
Minimum KLD:  -0.000078

====== Token probability statistics ======
Mean    Δp: -0.158 ± 0.012 %
Maximum Δp: 81.193%
99.9%   Δp: 21.886%
99.0%   Δp:  7.674%
95.0%   Δp:  3.165%
90.0%   Δp:  1.754%
75.0%   Δp:  0.354%
Median  Δp: -0.004%
25.0%   Δp: -0.583%
10.0%   Δp: -2.231%
 5.0%   Δp: -3.901%
 1.0%   Δp: -9.103%
 0.1%   Δp: -22.610%
Minimum Δp: -92.716%
RMS Δp    :  3.020 ± 0.056 %
Same top p: 94.848 ± 0.086 %
Same sampled p: 40.571 ± 0.131 %

------------------------------
# llama-perplexity: version: 0.4.7-dev (build 11841, commit 6dc2680b4-dirty) | built with GNU 15.3.0 for Linux x86_64
# model: /home/crusaderky/.cache/huggingface/hub/models--NANI-Nithin--K2-Horizon-7B-GGUF/snapshots/8d64828ce5da51636fcdfa8e7d17503d045849b1/K2-Horizon-7B-Q8_0.gguf size=9573964160 mtime=2026-09-17T22:42:22+00:00 sha256/1048576B=d7dce92bee664b7e7e3dde849c68ebe3ccef682636ca03eedb3da6ebc9ad4780
llama-perplexity --kl-divergence-base /tmp/logits.dat --ctx-size 32768 -f sample-data/wiki.test.head-2.4k.raw -fa on --hf-repo NANI-Nithin/K2-Horizon-7B-GGUF:Q8_0 --cache-type-k q3_0 --cache-type-v q3_0 --kl-divergence
0.01.537.469 W load: special_eos_id is not in special_eog_ids - the tokenizer config may be incorrect
0.03.849.199 I cmn          init: llama threadpool init, n_threads = 16
0.03.902.419 I 
0.03.902.492 I system_info: n_threads = 16 (n_threads_batch = 16) / 32 | CUDA : ARCHS = 750,800,860,890,900,1000,1030,1200,1210 | USE_GRAPHS = 1 | FA_ALL_QUANTS = 1 | CPU : SSE3 = 1 | SSSE3 = 1 | AVX = 1 | AVX2 = 1 | F16C = 1 | FMA = 1 | BMI2 = 1 | LLAMAFILE = 1 | OPENMP = 1 | REPACK = 1 | 
0.04.445.577 I kl_divergence: computing over 4 chunks, n_ctx=32768, batch_size=2048, n_seq=1
0.25.870.711 I kl_divergence: 21.43 seconds per pass - ETA 1.42 minutes

chunk             PPL               ln(PPL(Q)/PPL(base))          KL Divergence              Δp RMS            Same top p        Same sampled p
   1       9.6294 ±    0.1860       0.08621 ±    0.00394       0.09811 ±    0.00173     8.124 ±  0.154 %    85.271 ±  0.277 %    38.194 ±  0.257 %
   2       9.2435 ±    0.1287       0.08855 ±    0.00342       0.13793 ±    0.00172     9.280 ±  0.115 %    83.764 ±  0.204 %    39.574 ±  0.186 %
   3      10.0636 ±    0.1165       0.09786 ±    0.00284       0.14196 ±    0.00147     9.405 ±  0.098 %    83.473 ±  0.168 %    38.164 ±  0.150 %
   4       9.8753 ±    0.0987       0.10576 ±    0.00247       0.14573 ±    0.00125     9.667 ±  0.085 %    83.085 ±  0.146 %    38.521 ±  0.130 %

====== Perplexity statistics ======
Mean PPL(Q)                   :   9.875332 ±   0.098661
Mean PPL(base)                :   8.884264 ±   0.086744
Cor(ln(PPL(Q)), ln(PPL(base))):  96.89%
Mean ln(PPL(Q)/PPL(base))     :   0.105758 ±   0.002472
Mean PPL(Q)/PPL(base)         :   1.111553 ±   0.002748
Mean PPL(Q)-PPL(base)         :   0.991068 ±   0.025958

====== KL divergence statistics ======
Mean    KLD:   0.145734 ±   0.001247
Maximum KLD:  11.106471
99.9%   KLD:   4.240921
99.0%   KLD:   1.348987
95.0%   KLD:   0.489074
90.0%   KLD:   0.305891
Median  KLD:   0.070093
10.0%   KLD:   0.004922
 5.0%   KLD:   0.001288
 1.0%   KLD:   0.000179
 0.1%   KLD:   0.000027
Minimum KLD:  -0.000000

====== Token probability statistics ======
Mean    Δp: -1.824 ± 0.037 %
Maximum Δp: 97.092%
99.9%   Δp: 50.159%
99.0%   Δp: 21.276%
95.0%   Δp:  8.951%
90.0%   Δp:  4.733%
75.0%   Δp:  0.573%
Median  Δp: -0.193%
25.0%   Δp: -3.269%
10.0%   Δp: -10.022%
 5.0%   Δp: -16.477%
 1.0%   Δp: -37.711%
 0.1%   Δp: -77.917%
Minimum Δp: -99.883%
RMS Δp    :  9.667 ± 0.085 %
Same top p: 83.085 ± 0.146 %
Same sampled p: 38.521 ± 0.130 %

------------------------------
# llama-perplexity: version: 0.4.7-dev (build 11841, commit 6dc2680b4-dirty) | built with GNU 15.3.0 for Linux x86_64
# model: /home/crusaderky/.cache/huggingface/hub/models--NANI-Nithin--K2-Horizon-7B-GGUF/snapshots/8d64828ce5da51636fcdfa8e7d17503d045849b1/K2-Horizon-7B-Q8_0.gguf size=9573964160 mtime=2026-09-17T22:42:22+00:00 sha256/1048576B=d7dce92bee664b7e7e3dde849c68ebe3ccef682636ca03eedb3da6ebc9ad4780
llama-perplexity --kl-divergence-base /tmp/logits.dat --ctx-size 32768 -f sample-data/wiki.test.head-2.4k.raw -fa on --hf-repo NANI-Nithin/K2-Horizon-7B-GGUF:Q8_0 --cache-type-k q3_0 --cache-type-v q3_0 --kv-tail-tokens 128 --kl-divergence
0.02.411.623 W load: special_eos_id is not in special_eog_ids - the tokenizer config may be incorrect
0.04.703.363 I cmn          init: llama threadpool init, n_threads = 16
0.04.763.307 I 
0.04.763.372 I system_info: n_threads = 16 (n_threads_batch = 16) / 32 | CUDA : ARCHS = 750,800,860,890,900,1000,1030,1200,1210 | USE_GRAPHS = 1 | FA_ALL_QUANTS = 1 | CPU : SSE3 = 1 | SSSE3 = 1 | AVX = 1 | AVX2 = 1 | F16C = 1 | FMA = 1 | BMI2 = 1 | LLAMAFILE = 1 | OPENMP = 1 | REPACK = 1 | 
0.05.304.721 I kl_divergence: computing over 4 chunks, n_ctx=32768, batch_size=2048, n_seq=1
0.27.543.495 I kl_divergence: 22.24 seconds per pass - ETA 1.47 minutes

chunk             PPL               ln(PPL(Q)/PPL(base))          KL Divergence              Δp RMS            Same top p        Same sampled p
   1       9.0841 ±    0.1745       0.02791 ±    0.00224       0.03293 ±    0.00083     4.720 ±  0.142 %    90.942 ±  0.224 %    39.666 ±  0.259 %
   2       8.8021 ±    0.1210       0.03962 ±    0.00210       0.05367 ±    0.00086     6.195 ±  0.112 %    89.797 ±  0.167 %    40.752 ±  0.187 %
   3       9.5109 ±    0.1088       0.04138 ±    0.00173       0.05535 ±    0.00078     6.132 ±  0.093 %    89.636 ±  0.137 %    39.480 ±  0.150 %
   4       9.2288 ±    0.0909       0.03805 ±    0.00143       0.05108 ±    0.00061     5.907 ±  0.077 %    89.936 ±  0.118 %    39.967 ±  0.131 %

====== Perplexity statistics ======
Mean PPL(Q)                   :   9.228814 ±   0.090857
Mean PPL(base)                :   8.884264 ±   0.086744
Cor(ln(PPL(Q)), ln(PPL(base))):  98.93%
Mean ln(PPL(Q)/PPL(base))     :   0.038049 ±   0.001434
Mean PPL(Q)/PPL(base)         :   1.038782 ±   0.001489
Mean PPL(Q)-PPL(base)         :   0.344550 ±   0.013597

====== KL divergence statistics ======
Mean    KLD:   0.051081 ±   0.000610
Maximum KLD:   7.139372
99.9%   KLD:   2.160269
99.0%   KLD:   0.547989
95.0%   KLD:   0.173213
90.0%   KLD:   0.103288
Median  KLD:   0.019697
10.0%   KLD:   0.001357
 5.0%   KLD:   0.000362
 1.0%   KLD:   0.000041
 0.1%   KLD:   0.000004
Minimum KLD:  -0.000045

====== Token probability statistics ======
Mean    Δp: -0.658 ± 0.023 %
Maximum Δp: 91.316%
99.9%   Δp: 37.143%
99.0%   Δp: 13.974%
95.0%   Δp:  5.693%
90.0%   Δp:  3.078%
75.0%   Δp:  0.514%
Median  Δp: -0.031%
25.0%   Δp: -1.358%
10.0%   Δp: -4.898%
 5.0%   Δp: -8.303%
 1.0%   Δp: -20.553%
 0.1%   Δp: -56.142%
Minimum Δp: -97.858%
RMS Δp    :  5.907 ± 0.077 %
Same top p: 89.936 ± 0.118 %
Same sampled p: 39.967 ± 0.131 %

------------------------------
# llama-perplexity: version: 0.4.7-dev (build 11841, commit 6dc2680b4-dirty) | built with GNU 15.3.0 for Linux x86_64
# model: /home/crusaderky/.cache/huggingface/hub/models--NANI-Nithin--K2-Horizon-7B-GGUF/snapshots/8d64828ce5da51636fcdfa8e7d17503d045849b1/K2-Horizon-7B-Q8_0.gguf size=9573964160 mtime=2026-09-17T22:42:22+00:00 sha256/1048576B=d7dce92bee664b7e7e3dde849c68ebe3ccef682636ca03eedb3da6ebc9ad4780
llama-perplexity --kl-divergence-base /tmp/logits.dat --ctx-size 32768 -f sample-data/wiki.test.head-2.4k.raw -fa on --hf-repo NANI-Nithin/K2-Horizon-7B-GGUF:Q8_0 --cache-type-k kvarn6 --cache-type-v kvarn6 --kl-divergence
0.02.470.984 W load: special_eos_id is not in special_eog_ids - the tokenizer config may be incorrect
0.04.780.182 I cmn          init: llama threadpool init, n_threads = 16
0.04.862.797 I 
0.04.862.859 I system_info: n_threads = 16 (n_threads_batch = 16) / 32 | CUDA : ARCHS = 750,800,860,890,900,1000,1030,1200,1210 | USE_GRAPHS = 1 | FA_ALL_QUANTS = 1 | CPU : SSE3 = 1 | SSSE3 = 1 | AVX = 1 | AVX2 = 1 | F16C = 1 | FMA = 1 | BMI2 = 1 | LLAMAFILE = 1 | OPENMP = 1 | REPACK = 1 | 
0.05.409.535 I kl_divergence: computing over 4 chunks, n_ctx=32768, batch_size=2048, n_seq=1
0.30.342.225 I kl_divergence: 24.93 seconds per pass - ETA 1.65 minutes

chunk             PPL               ln(PPL(Q)/PPL(base))          KL Divergence              Δp RMS            Same top p        Same sampled p
   1       8.8357 ±    0.1685       0.00019 ±    0.00058       0.00201 ±    0.00007     1.127 ±  0.038 %    97.662 ±  0.118 %    40.169 ±  0.259 %
   2       8.4385 ±    0.1151      -0.00256 ±    0.00058       0.00427 ±    0.00009     1.718 ±  0.061 %    97.049 ±  0.093 %    41.642 ±  0.188 %
   3       9.0999 ±    0.1031      -0.00279 ±    0.00049       0.00415 ±    0.00013     1.681 ±  0.057 %    97.052 ±  0.076 %    40.349 ±  0.151 %
   4       8.8669 ±    0.0866      -0.00196 ±    0.00039       0.00363 ±    0.00010     1.583 ±  0.046 %    97.212 ±  0.064 %    40.771 ±  0.131 %

====== Perplexity statistics ======
Mean PPL(Q)                   :   8.866902 ±   0.086554
Mean PPL(base)                :   8.884264 ±   0.086744
Cor(ln(PPL(Q)), ln(PPL(base))):  99.92%
Mean ln(PPL(Q)/PPL(base))     :  -0.001956 ±   0.000392
Mean PPL(Q)/PPL(base)         :   0.998046 ±   0.000392
Mean PPL(Q)-PPL(base)         :  -0.017362 ±   0.003487

====== KL divergence statistics ======
Mean    KLD:   0.003630 ±   0.000099
Maximum KLD:   4.180069
99.9%   KLD:   0.193909
99.0%   KLD:   0.034685
95.0%   KLD:   0.010371
90.0%   KLD:   0.006226
Median  KLD:   0.001430
10.0%   KLD:   0.000083
 5.0%   KLD:   0.000019
 1.0%   KLD:   0.000001
 0.1%   KLD:  -0.000015
Minimum KLD:  -0.000096

====== Token probability statistics ======
Mean    Δp:  0.008 ± 0.006 %
Maximum Δp: 62.305%
99.9%   Δp: 11.668%
99.0%   Δp:  4.318%
95.0%   Δp:  1.857%
90.0%   Δp:  1.074%
75.0%   Δp:  0.232%
Median  Δp: -0.000%
25.0%   Δp: -0.259%
10.0%   Δp: -1.091%
 5.0%   Δp: -1.835%
 1.0%   Δp: -3.898%
 0.1%   Δp: -10.646%
Minimum Δp: -69.989%
RMS Δp    :  1.583 ± 0.046 %
Same top p: 97.212 ± 0.064 %
Same sampled p: 40.771 ± 0.131 %

------------------------------
# llama-perplexity: version: 0.4.7-dev (build 11841, commit 6dc2680b4-dirty) | built with GNU 15.3.0 for Linux x86_64
# model: /home/crusaderky/.cache/huggingface/hub/models--NANI-Nithin--K2-Horizon-7B-GGUF/snapshots/8d64828ce5da51636fcdfa8e7d17503d045849b1/K2-Horizon-7B-Q8_0.gguf size=9573964160 mtime=2026-09-17T22:42:22+00:00 sha256/1048576B=d7dce92bee664b7e7e3dde849c68ebe3ccef682636ca03eedb3da6ebc9ad4780
llama-perplexity --kl-divergence-base /tmp/logits.dat --ctx-size 32768 -f sample-data/wiki.test.head-2.4k.raw -fa on --hf-repo NANI-Nithin/K2-Horizon-7B-GGUF:Q8_0 --cache-type-k kvarn5 --cache-type-v kvarn5 --kl-divergence
0.02.464.237 W load: special_eos_id is not in special_eog_ids - the tokenizer config may be incorrect
0.04.762.140 I cmn          init: llama threadpool init, n_threads = 16
0.04.832.149 I 
0.04.832.216 I system_info: n_threads = 16 (n_threads_batch = 16) / 32 | CUDA : ARCHS = 750,800,860,890,900,1000,1030,1200,1210 | USE_GRAPHS = 1 | FA_ALL_QUANTS = 1 | CPU : SSE3 = 1 | SSSE3 = 1 | AVX = 1 | AVX2 = 1 | F16C = 1 | FMA = 1 | BMI2 = 1 | LLAMAFILE = 1 | OPENMP = 1 | REPACK = 1 | 
0.05.372.465 I kl_divergence: computing over 4 chunks, n_ctx=32768, batch_size=2048, n_seq=1
0.30.177.676 I kl_divergence: 24.81 seconds per pass - ETA 1.65 minutes

chunk             PPL               ln(PPL(Q)/PPL(base))          KL Divergence              Δp RMS            Same top p        Same sampled p
   1       8.8391 ±    0.1686       0.00057 ±    0.00061       0.00227 ±    0.00008     1.207 ±  0.053 %    97.497 ±  0.122 %    40.162 ±  0.259 %
   2       8.4372 ±    0.1151      -0.00272 ±    0.00060       0.00458 ±    0.00010     1.798 ±  0.062 %    96.863 ±  0.096 %    41.638 ±  0.188 %
   3       9.1034 ±    0.1032      -0.00241 ±    0.00050       0.00448 ±    0.00015     1.792 ±  0.071 %    96.903 ±  0.078 %    40.342 ±  0.151 %
   4       8.8702 ±    0.0866      -0.00159 ±    0.00041       0.00394 ±    0.00012     1.699 ±  0.058 %    97.059 ±  0.066 %    40.763 ±  0.131 %

====== Perplexity statistics ======
Mean PPL(Q)                   :   8.870180 ±   0.086603
Mean PPL(base)                :   8.884264 ±   0.086744
Cor(ln(PPL(Q)), ln(PPL(base))):  99.91%
Mean ln(PPL(Q)/PPL(base))     :  -0.001586 ±   0.000408
Mean PPL(Q)/PPL(base)         :   0.998415 ±   0.000408
Mean PPL(Q)-PPL(base)         :  -0.014084 ±   0.003629

====== KL divergence statistics ======
Mean    KLD:   0.003937 ±   0.000115
Maximum KLD:   4.523584
99.9%   KLD:   0.217479
99.0%   KLD:   0.036336
95.0%   KLD:   0.011185
90.0%   KLD:   0.006733
Median  KLD:   0.001562
10.0%   KLD:   0.000090
 5.0%   KLD:   0.000023
 1.0%   KLD:   0.000001
 0.1%   KLD:  -0.000013
Minimum KLD:  -0.000107

====== Token probability statistics ======
Mean    Δp:  0.005 ± 0.007 %
Maximum Δp: 62.663%
99.9%   Δp: 12.312%
99.0%   Δp:  4.467%
95.0%   Δp:  1.945%
90.0%   Δp:  1.129%
75.0%   Δp:  0.249%
Median  Δp: -0.000%
25.0%   Δp: -0.275%
10.0%   Δp: -1.145%
 5.0%   Δp: -1.898%
 1.0%   Δp: -4.157%
 0.1%   Δp: -11.520%
Minimum Δp: -91.626%
RMS Δp    :  1.699 ± 0.058 %
Same top p: 97.059 ± 0.066 %
Same sampled p: 40.763 ± 0.131 %

------------------------------
# llama-perplexity: version: 0.4.7-dev (build 11841, commit 6dc2680b4-dirty) | built with GNU 15.3.0 for Linux x86_64
# model: /home/crusaderky/.cache/huggingface/hub/models--NANI-Nithin--K2-Horizon-7B-GGUF/snapshots/8d64828ce5da51636fcdfa8e7d17503d045849b1/K2-Horizon-7B-Q8_0.gguf size=9573964160 mtime=2026-09-17T22:42:22+00:00 sha256/1048576B=d7dce92bee664b7e7e3dde849c68ebe3ccef682636ca03eedb3da6ebc9ad4780
llama-perplexity --kl-divergence-base /tmp/logits.dat --ctx-size 32768 -f sample-data/wiki.test.head-2.4k.raw -fa on --hf-repo NANI-Nithin/K2-Horizon-7B-GGUF:Q8_0 --cache-type-k kvarn4 --cache-type-v kvarn4 --kl-divergence
0.02.453.710 W load: special_eos_id is not in special_eog_ids - the tokenizer config may be incorrect
0.04.738.413 I cmn          init: llama threadpool init, n_threads = 16
0.04.808.606 I 
0.04.808.666 I system_info: n_threads = 16 (n_threads_batch = 16) / 32 | CUDA : ARCHS = 750,800,860,890,900,1000,1030,1200,1210 | USE_GRAPHS = 1 | FA_ALL_QUANTS = 1 | CPU : SSE3 = 1 | SSSE3 = 1 | AVX = 1 | AVX2 = 1 | F16C = 1 | FMA = 1 | BMI2 = 1 | LLAMAFILE = 1 | OPENMP = 1 | REPACK = 1 | 
0.05.347.540 I kl_divergence: computing over 4 chunks, n_ctx=32768, batch_size=2048, n_seq=1
0.30.245.832 I kl_divergence: 24.90 seconds per pass - ETA 1.65 minutes

chunk             PPL               ln(PPL(Q)/PPL(base))          KL Divergence              Δp RMS            Same top p        Same sampled p
   1       8.8481 ±    0.1687       0.00158 ±    0.00073       0.00332 ±    0.00011     1.525 ±  0.057 %    97.101 ±  0.131 %    40.132 ±  0.259 %
   2       8.4510 ±    0.1153      -0.00108 ±    0.00064       0.00527 ±    0.00011     1.906 ±  0.056 %    96.719 ±  0.098 %    41.613 ±  0.188 %
   3       9.1191 ±    0.1034      -0.00069 ±    0.00053       0.00522 ±    0.00015     1.862 ±  0.065 %    96.755 ±  0.080 %    40.321 ±  0.151 %
   4       8.8843 ±    0.0867       0.00001 ±    0.00044       0.00472 ±    0.00011     1.781 ±  0.053 %    96.823 ±  0.069 %    40.741 ±  0.131 %

====== Perplexity statistics ======
Mean PPL(Q)                   :   8.884338 ±   0.086730
Mean PPL(base)                :   8.884264 ±   0.086744
Cor(ln(PPL(Q)), ln(PPL(base))):  99.90%
Mean ln(PPL(Q)/PPL(base))     :   0.000008 ±   0.000442
Mean PPL(Q)/PPL(base)         :   1.000008 ±   0.000442
Mean PPL(Q)-PPL(base)         :   0.000074 ±   0.003925

====== KL divergence statistics ======
Mean    KLD:   0.004716 ±   0.000112
Maximum KLD:   3.784696
99.9%   KLD:   0.217191
99.0%   KLD:   0.041585
95.0%   KLD:   0.013619
90.0%   KLD:   0.008498
Median  KLD:   0.002064
10.0%   KLD:   0.000125
 5.0%   KLD:   0.000031
 1.0%   KLD:   0.000002
 0.1%   KLD:  -0.000010
Minimum KLD:  -0.000080

====== Token probability statistics ======
Mean    Δp: -0.031 ± 0.007 %
Maximum Δp: 69.452%
99.9%   Δp: 12.505%
99.0%   Δp:  4.851%
95.0%   Δp:  2.120%
90.0%   Δp:  1.204%
75.0%   Δp:  0.262%
Median  Δp: -0.001%
25.0%   Δp: -0.334%
10.0%   Δp: -1.337%
 5.0%   Δp: -2.251%
 1.0%   Δp: -4.831%
 0.1%   Δp: -11.155%
Minimum Δp: -89.408%
RMS Δp    :  1.781 ± 0.053 %
Same top p: 96.823 ± 0.069 %
Same sampled p: 40.741 ± 0.131 %

------------------------------
# llama-perplexity: version: 0.4.7-dev (build 11841, commit 6dc2680b4-dirty) | built with GNU 15.3.0 for Linux x86_64
# model: /home/crusaderky/.cache/huggingface/hub/models--NANI-Nithin--K2-Horizon-7B-GGUF/snapshots/8d64828ce5da51636fcdfa8e7d17503d045849b1/K2-Horizon-7B-Q8_0.gguf size=9573964160 mtime=2026-09-17T22:42:22+00:00 sha256/1048576B=d7dce92bee664b7e7e3dde849c68ebe3ccef682636ca03eedb3da6ebc9ad4780
llama-perplexity --kl-divergence-base /tmp/logits.dat --ctx-size 32768 -f sample-data/wiki.test.head-2.4k.raw -fa on --hf-repo NANI-Nithin/K2-Horizon-7B-GGUF:Q8_0 --cache-type-k kvarn3 --cache-type-v kvarn3 --kl-divergence
0.02.413.256 W load: special_eos_id is not in special_eog_ids - the tokenizer config may be incorrect
0.04.708.810 I cmn          init: llama threadpool init, n_threads = 16
0.04.779.923 I 
0.04.779.994 I system_info: n_threads = 16 (n_threads_batch = 16) / 32 | CUDA : ARCHS = 750,800,860,890,900,1000,1030,1200,1210 | USE_GRAPHS = 1 | FA_ALL_QUANTS = 1 | CPU : SSE3 = 1 | SSSE3 = 1 | AVX = 1 | AVX2 = 1 | F16C = 1 | FMA = 1 | BMI2 = 1 | LLAMAFILE = 1 | OPENMP = 1 | REPACK = 1 | 
0.05.333.528 I kl_divergence: computing over 4 chunks, n_ctx=32768, batch_size=2048, n_seq=1
0.29.954.209 I kl_divergence: 24.62 seconds per pass - ETA 1.63 minutes

chunk             PPL               ln(PPL(Q)/PPL(base))          KL Divergence              Δp RMS            Same top p        Same sampled p
   1       8.8773 ±    0.1692       0.00488 ±    0.00115       0.00882 ±    0.00024     2.354 ±  0.080 %    95.355 ±  0.164 %    40.005 ±  0.259 %
   2       8.4808 ±    0.1157       0.00243 ±    0.00091       0.01069 ±    0.00016     2.617 ±  0.051 %    95.053 ±  0.120 %    41.498 ±  0.187 %
   3       9.1455 ±    0.1037       0.00220 ±    0.00076       0.01112 ±    0.00022     2.680 ±  0.060 %    95.038 ±  0.098 %    40.207 ±  0.151 %
   4       8.9067 ±    0.0869       0.00252 ±    0.00065       0.01047 ±    0.00017     2.636 ±  0.050 %    95.097 ±  0.084 %    40.632 ±  0.131 %

====== Perplexity statistics ======
Mean PPL(Q)                   :   8.906713 ±   0.086930
Mean PPL(base)                :   8.884264 ±   0.086744
Cor(ln(PPL(Q)), ln(PPL(base))):  99.78%
Mean ln(PPL(Q)/PPL(base))     :   0.002524 ±   0.000653
Mean PPL(Q)/PPL(base)         :   1.002527 ±   0.000655
Mean PPL(Q)-PPL(base)         :   0.022449 ±   0.005814

====== KL divergence statistics ======
Mean    KLD:   0.010474 ±   0.000172
Maximum KLD:   3.605361
99.9%   KLD:   0.417941
99.0%   KLD:   0.091170
95.0%   KLD:   0.032730
90.0%   KLD:   0.020672
Median  KLD:   0.004619
10.0%   KLD:   0.000296
 5.0%   KLD:   0.000077
 1.0%   KLD:   0.000007
 0.1%   KLD:  -0.000002
Minimum KLD:  -0.000044

====== Token probability statistics ======
Mean    Δp: -0.098 ± 0.010 %
Maximum Δp: 79.627%
99.9%   Δp: 19.308%
99.0%   Δp:  7.176%
95.0%   Δp:  2.968%
90.0%   Δp:  1.697%
75.0%   Δp:  0.345%
Median  Δp: -0.004%
25.0%   Δp: -0.520%
10.0%   Δp: -2.013%
 5.0%   Δp: -3.395%
 1.0%   Δp: -7.709%
 0.1%   Δp: -19.508%
Minimum Δp: -65.519%
RMS Δp    :  2.636 ± 0.050 %
Same top p: 95.097 ± 0.084 %
Same sampled p: 40.632 ± 0.131 %

------------------------------
# llama-perplexity: version: 0.4.7-dev (build 11841, commit 6dc2680b4-dirty) | built with GNU 15.3.0 for Linux x86_64
# model: /home/crusaderky/.cache/huggingface/hub/models--NANI-Nithin--K2-Horizon-7B-GGUF/snapshots/8d64828ce5da51636fcdfa8e7d17503d045849b1/K2-Horizon-7B-Q8_0.gguf size=9573964160 mtime=2026-09-17T22:42:22+00:00 sha256/1048576B=d7dce92bee664b7e7e3dde849c68ebe3ccef682636ca03eedb3da6ebc9ad4780
llama-perplexity --kl-divergence-base /tmp/logits.dat --ctx-size 32768 -f sample-data/wiki.test.head-2.4k.raw -fa on --hf-repo NANI-Nithin/K2-Horizon-7B-GGUF:Q8_0 --cache-type-k f16 --cache-type-v f16 --kl-divergence
0.01.536.573 W load: special_eos_id is not in special_eog_ids - the tokenizer config may be incorrect
0.03.837.393 I cmn          init: llama threadpool init, n_threads = 16
0.03.891.023 I 
0.03.891.101 I system_info: n_threads = 16 (n_threads_batch = 16) / 32 | CUDA : ARCHS = 750,800,860,890,900,1000,1030,1200,1210 | USE_GRAPHS = 1 | FA_ALL_QUANTS = 1 | CPU : SSE3 = 1 | SSSE3 = 1 | AVX = 1 | AVX2 = 1 | F16C = 1 | FMA = 1 | BMI2 = 1 | LLAMAFILE = 1 | OPENMP = 1 | REPACK = 1 | 
0.04.457.876 I kl_divergence: computing over 4 chunks, n_ctx=32768, batch_size=2048, n_seq=1
0.25.484.092 I kl_divergence: 21.03 seconds per pass - ETA 1.40 minutes

chunk             PPL               ln(PPL(Q)/PPL(base))          KL Divergence              Δp RMS            Same top p        Same sampled p
   1       8.8364 ±    0.1686       0.00026 ±    0.00056       0.00187 ±    0.00006     1.101 ±  0.040 %    97.656 ±  0.118 %    40.173 ±  0.259 %
   2       8.4267 ±    0.1149      -0.00397 ±    0.00061       0.00482 ±    0.00011     1.819 ±  0.061 %    96.872 ±  0.096 %    41.654 ±  0.188 %
   3       9.0926 ±    0.1030      -0.00360 ±    0.00050       0.00451 ±    0.00014     1.768 ±  0.069 %    96.934 ±  0.078 %    40.355 ±  0.151 %
   4       8.8585 ±    0.0865      -0.00291 ±    0.00040       0.00389 ±    0.00010     1.656 ±  0.056 %    97.091 ±  0.066 %    40.775 ±  0.131 %

====== Perplexity statistics ======
Mean PPL(Q)                   :   8.858470 ±   0.086454
Mean PPL(base)                :   8.884264 ±   0.086744
Cor(ln(PPL(Q)), ln(PPL(base))):  99.92%
Mean ln(PPL(Q)/PPL(base))     :  -0.002908 ±   0.000402
Mean PPL(Q)/PPL(base)         :   0.997097 ±   0.000401
Mean PPL(Q)-PPL(base)         :  -0.025794 ±   0.003579

====== KL divergence statistics ======
Mean    KLD:   0.003892 ±   0.000105
Maximum KLD:   4.091340
99.9%   KLD:   0.226731
99.0%   KLD:   0.038758
95.0%   KLD:   0.011455
90.0%   KLD:   0.006713
Median  KLD:   0.001426
10.0%   KLD:   0.000084
 5.0%   KLD:   0.000020
 1.0%   KLD:   0.000001
 0.1%   KLD:  -0.000016
Minimum KLD:  -0.000085

====== Token probability statistics ======
Mean    Δp:  0.025 ± 0.006 %
Maximum Δp: 59.486%
99.9%   Δp: 12.578%
99.0%   Δp:  4.484%
95.0%   Δp:  1.911%
90.0%   Δp:  1.127%
75.0%   Δp:  0.255%
Median  Δp: -0.000%
25.0%   Δp: -0.247%
10.0%   Δp: -1.079%
 5.0%   Δp: -1.853%
 1.0%   Δp: -3.961%
 0.1%   Δp: -10.863%
Minimum Δp: -87.617%
RMS Δp    :  1.656 ± 0.056 %
Same top p: 97.091 ± 0.066 %
Same sampled p: 40.775 ± 0.131 %

------------------------------
